efficiency,dark count rate,jitter,entropy production,entropy rate,machine_efficiency,L first gap,d_l,e_max,e_s,rateB,k,Tb_indep_flag,Td_indep_flag,Td_eq_Tb_flag,Max_TV_flag,first_gap_flag,epsilon,scew_flag_TC,scew_factor_TC,TC,TV,g_ml,g_sl,rateD,e_C_factor,rateM,Tb,Td,e_l,e_C,TH
0.7232361301804726,5.342176739593579e-06,3771.565042118266,-11.85891909542078,0.0101590671728193,0.7026428245627392,0.0002428833987867,3,1,0.1,0.7,1,False,False,False,False,True,1e-06,True,2,0.0500244863929216,-7.496102186509212,1.5150301485922997,1.2320952912056782,1.951698368968233,0.423198195501831,1.9802865550793047,0.0500244863929216,0.0500244863929216,0.9,0.3808783759516479,0.170925619530847
0.7200162890925722,3.220736859894515e-07,734592.4229088743,-12.502008482972348,0.0006245370459035,0.6470209060386274,7.086394736806392e-07,3,1,0.1,0.7,1,False,False,False,False,True,1e-06,True,2,0.0507468201856341,-7.718347452291928,0.6845533564166392,0.183203605260477,1.9294047551193807,0.545545114024955,0.9124540907440872,0.0507468201856341,0.0507468201856341,0.9,0.4909906026224594,0.1455210097356882
0.7226181907649292,0.0001124142032787,4621.935965853655,-10.75197983543034,0.1467344382735158,0.8022073109143509,0.0001103866773295,3,1,0.1,0.7,1,False,False,False,False,True,1e-06,True,2,0.0525405799404338,-5.842729738214684,1.0060913907089268,0.1340860342967661,1.9657844721756992,0.2465605665700131,0.8963633406474896,0.0525405799404338,0.0525405799404338,0.9,0.2219045099130118,0.2756894398868469
0.7235085187316026,0.0003199322301471,1686.3322096406837,-9.250137406552602,0.3170338818469124,0.8243293787149678,0.0003043368212483,3,1,0.1,0.7,1,False,False,False,False,True,1e-06,True,2,0.0553313824512924,-7.351018523779233,1.9967045497862823,0.1600853932961318,1.9997899142400355,0.2131073158630861,0.8386176436016667,0.0553313824512924,0.0553313824512924,0.9,0.1917965842767775,0.3265045896170165
0.7209854005340322,7.287545619570026e-08,1007958.8100460342,-11.869770350952953,0.0001566137278285,0.6139136263560385,5.636291172887336e-07,3,1,0.1,0.7,1,False,False,False,False,True,1e-06,True,2,0.0503572455751669,-7.602907016726881,0.80835134546301,0.3505524667473333,1.9327652684182697,0.6288936375881177,0.86626373970981,0.0503572455751669,0.0503572455751669,0.9,0.566004273829306,0.1318182914612355
0.7235447087075163,9.770953934751618e-07,27872.055018851348,-14.45846299956511,0.0016372199535856,0.6517905354352309,3.126980240068539e-05,3,1,0.1,0.7,1,False,False,False,False,True,1e-06,True,2,0.0520919138479545,-1.7438966263674605,0.784353607129917,1.022405225222559,1.9982568548843471,0.534235226862037,1.494968785822664,0.0520919138479545,0.0520919138479545,0.9,0.4808117041758332,0.1584593890274817
0.7219344836549854,0.000126081544405,194.39251794012017,-9.587263651074323,0.1737811750330831,0.7678880872929309,0.0044087240952441,3,1,0.1,0.7,1,False,False,False,False,True,1e-06,True,2,0.052452472070565,-1.344546001064879,1.928112133674001,1.1351918778712993,1.9506276103245288,0.3022731001405988,1.539052649333,0.052452472070565,0.052452472070565,0.9,0.2720457901265389,0.2594658260958569
0.7219059291088286,3.7114396866350173e-08,841593.9793107013,-9.06724782417868,7.10226123675265e-05,0.5649149072796371,8.755335261786507e-07,3,1,0.1,0.7,1,False,False,False,False,True,1e-06,True,2,0.0532515102533652,-1.5898525997880029,1.6360850408339764,0.7986335378269515,1.9713987181572428,0.7701781049034925,1.217793172078225,0.0532515102533652,0.0532515102533652,0.9,0.6931602944131432,0.1279581523970981
0.7234755299591359,3.5912739481097286e-06,10596.49427789419,-10.018509040456786,0.0062636776449545,0.6911110124064893,6.233233180978012e-05,3,1,0.1,0.7,1,False,False,False,False,True,1e-06,True,2,0.0510785318625794,-2.83326245223188,1.3250169961403384,0.6105543160917568,1.954353356839782,0.4469455442736199,0.8928428114053194,0.0510785318625794,0.0510785318625794,0.9,0.4022509898462579,0.1723125669380754
0.7224129775144632,6.951966019136872e-06,2277.149187630093,-9.98302818314246,0.0122931134059798,0.751123535084099,0.0004386384694918,3,1,0.1,0.7,1,False,False,False,False,True,1e-06,True,2,0.0501061851543918,-3.970841449695315,1.901376876073977,1.9219973707739555,1.9303683003259136,0.3313389253447311,0.1976315973917947,0.0501061851543918,0.0501061851543918,0.9,0.298205032810258,0.209300427080883
0.7259709153333043,7.30639621984535e-08,288120.21222963696,-13.600631609430003,0.0001615106223377,0.6114412314344723,3.0768327885191023e-06,3,1,0.1,0.7,1,False,False,False,False,True,1e-06,True,2,0.0500157105007635,-5.764086565609602,0.9342346072286088,1.1023170070158526,1.9901885965126007,0.6354801550656783,1.1275497027385188,0.0500157105007635,0.0500157105007635,0.9,0.5719321395591105,0.1305030420845589
0.72484883145955,0.0008963744505939,18.03300538472844,-9.13621864959479,1.1312915805920492,0.8904545628369442,0.0553595138060386,3,1,0.1,0.7,1,False,False,False,False,True,1e-06,True,2,0.0517599897847526,-6.437360978163726,1.7921994804301826,1.843207833412804,1.9661578512192688,0.123021928052173,1.1077692889923718,0.0517599897847526,0.0517599897847526,0.9,0.1107197352469557,0.5055393296564163
0.7203270485570897,1.487458324362759e-06,81762.60423420346,-10.36324816093676,0.0022276515940499,0.6330509143302405,6.807534423331576e-06,3,1,0.1,0.7,1,False,False,False,False,True,1e-06,True,2,0.0537290350318996,-1.4606657207461602,1.846878769043692,0.3190280005055417,1.959171172044731,0.5796517742304925,1.6628269778038105,0.0537290350318996,0.0537290350318996,0.9,0.5216865968074433,0.1563422247692175
0.7224412002558793,0.0001376659385205,297.7495297548579,-14.066463444882343,0.1834387887838544,0.840697660669503,0.0022809456400471,3,1,0.1,0.7,1,False,False,False,False,True,1e-06,True,2,0.0517822693398944,-7.860992130260219,0.5059505395414429,0.5933226587004307,1.9811206264554024,0.1894882628835126,0.9982784502150256,0.0517822693398944,0.0517822693398944,0.9,0.1705394365951614,0.3367635774475935
0.7217079141018944,2.300570039085376e-06,12709.68174678744,-19.722794026523097,0.0039417732405914,0.7117945399107839,6.649591193319464e-05,3,1,0.1,0.7,1,False,False,False,False,True,1e-06,True,2,0.0508970927159019,-5.185217856157917,0.3828620116149979,0.8605253601943899,1.997110085534026,0.4048997905004156,0.5029791359404266,0.0508970927159019,0.0508970927159019,0.9,0.364409811450374,0.1809876322627382
0.7261834410219357,1.8707971660773574e-08,11272725.713383924,-10.396816505187592,4.139677327814549e-05,0.5803489675560325,4.602121664730328e-08,3,1,0.1,0.7,1,False,False,False,False,True,1e-06,True,2,0.0513256868239144,-0.7851476531332313,0.6588400697779524,0.1935703810655263,1.9951181533629592,0.7231011958394677,0.1869862193043684,0.0513256868239144,0.0513256868239144,0.9,0.650791076255521,0.1344613925006164
0.7249849862894278,1.6205641367485093e-05,1132.3152166443765,-9.96453073248396,0.0276999931959252,0.7475117836952443,0.0008048191130262,3,1,0.1,0.7,1,False,False,False,False,True,1e-06,True,2,0.0504550998507324,-9.159498737485118,1.407237576568252,1.339258353168471,1.9617650720372968,0.33777155332135,0.770998291683639,0.0504550998507324,0.0504550998507324,0.9,0.303994397989215,0.2031444563245574
0.7239184889285013,7.110589392039408e-05,242.393217744114,-11.395556213293853,0.1174265846457415,0.7598211642827581,0.0041254740453037,3,1,0.1,0.7,1,False,False,False,False,True,1e-06,True,2,0.0506351169165971,-0.9924085870668976,1.5043469633260915,1.8365115332144424,1.9634358783963752,0.316099165181798,1.152713049913148,0.0506351169165971,0.0506351169165971,0.9,0.2844892486636182,0.2514020701742115
0.7202756902890305,2.8332257590098817e-06,5471.986168353883,-11.265530754271325,0.005346754768454,0.7130996283695007,0.0001827489932848,3,1,0.1,0.7,1,False,False,False,False,True,1e-06,True,2,0.05,-3.0735065335826715,1.3008554998827415,1.8295613548621907,1.917704814307008,0.4023285950751311,0.3038978096067781,0.05,0.05,0.9,0.362095735567618,0.1816203005778074
0.7200126901889385,0.0005226623221572,42.29340439394218,-16.76497925410993,0.7659919997727406,0.9082126484838254,0.0231842961802553,3,1,0.1,0.7,1,False,False,False,False,True,1e-06,True,2,0.050024379847602,-1.2251470630830568,0.4617382631766237,1.15795598762415,1.9561368334293647,0.1010637229831633,1.3863808392041417,0.050024379847602,0.050024379847602,0.9,0.090957350684847,0.9144585506937692
0.7216331819547832,0.0007307766146338,48.27974614605864,-8.913441209549724,0.9432646120511594,0.9045664498616452,0.0136618877654687,3,1,0.1,0.7,1,False,False,False,False,True,1e-06,True,2,0.0514102796089583,-5.249936605848137,1.6148906417752955,0.6708052804159432,1.9265572471525008,0.1055019784925157,0.591745136594302,0.0514102796089583,0.0514102796089583,0.9,0.0949517806432642,0.5938199420556233
0.7224599838999632,3.599170952416286e-05,1361.5655067708874,-13.268622004160434,0.0508366510992754,0.7750865651391996,0.0004743262738586,3,1,0.1,0.7,1,False,False,False,False,True,1e-06,True,2,0.0520456779584178,-4.739964426535266,0.6376813165765469,0.5255567013895143,1.9779325915267485,0.290178471640013,1.5003220478503398,0.0520456779584178,0.0520456779584178,0.9,0.2611606244760117,0.2405036708099627
0.7208102160708392,1.3890277108950848e-06,23739.403243310862,-12.056700879561753,0.0024736795336644,0.6466330115419958,3.0308852568246536e-05,3,1,0.1,0.7,1,False,False,False,False,True,1e-06,True,2,0.0515883236466449,-0.8013582415815339,0.8896835732647278,0.7086834618309475,1.946177031546712,0.546472237189602,1.066512548924283,0.0515883236466449,0.0515883236466449,0.9,0.4918250134706418,0.1654854814907567
0.7220421249545628,4.898581322958023e-06,11549.57999164932,-16.401917076795225,0.0083859087572581,0.7628081651514621,5.136997667939321e-05,3,1,0.1,0.7,1,False,False,False,False,True,1e-06,True,2,0.0502279951370222,-8.334267742566102,0.2720956634859027,0.4049614894835753,1.9657110765010224,0.310945589840981,0.1408040149265883,0.0502279951370222,0.0502279951370222,0.9,0.2798510308568829,0.2159464938856385
0.7222612148991203,3.0631270043208565e-08,5605268.498829672,-11.49175219131972,7.152428850760352e-05,0.5836099688096023,9.428547373206161e-08,3,1,0.1,0.7,1,False,False,False,False,True,1e-06,True,2,0.0502221903092147,-9.34484302299226,1.6860629635155464,0.2186030282730131,1.9463585113105044,0.7134731300764352,1.8744780668748584,0.0502221903092147,0.0502221903092147,0.9,0.6421258170687917,0.1215287648843845
0.725611921763227,3.462806663557717e-05,1693.2861110349668,-11.545331337687264,0.0504655164611416,0.8066964196009232,0.0003427823556018,3,1,0.1,0.7,1,False,False,False,False,True,1e-06,True,2,0.0512742792833508,-2.0315443511606155,0.5694218672663054,0.4208608086512718,1.9841233562635787,0.2396236994515299,0.1326625817101962,0.0512742792833508,0.0512742792833508,0.9,0.2156613295063769,0.2964802577399091
0.7275385738611643,5.867155231145279e-07,40465.06611184545,-12.124903898224453,0.0011843874513741,0.647339588932746,2.0415272052859244e-05,3,1,0.1,0.7,1,False,False,False,False,True,1e-06,True,2,0.0502108935619462,-8.235297244069423,1.3869466315882308,0.9749880518909912,1.999938478786505,0.5447842478608133,1.9899198409545584,0.0502108935619462,0.0502108935619462,0.9,0.4903058230747319,0.1439889337620086
0.7209873190043986,1.3015456157257873e-08,1437172.3965188724,-8.256518941559992,3.093594929593368e-05,0.570887337555529,5.955508791188256e-07,3,1,0.1,0.7,1,False,False,False,False,True,1e-06,True,2,0.051122231925773,-8.913819511405924,1.6492130050946698,1.1762447386971495,1.933708787895324,0.7516591001683094,0.9028067270481708,0.051122231925773,0.051122231925773,0.9,0.6764931901514785,0.1200507432941301
0.722082759239718,2.266371396755775e-05,882.5201786298649,-16.54260934101437,0.0397293990079689,0.7203453024263072,0.0011331169045357,3,1,0.1,0.7,1,False,False,False,False,True,1e-06,True,2,0.0505563708633004,-0.8310762046838818,1.1314912313479972,1.985116626631196,1.9786776658815857,0.388223115541594,1.7738142669805002,0.0505563708633004,0.0505563708633004,0.9,0.3494008039874346,0.2143723756093901
0.7226635105362051,0.00066270885604,102.34670512890898,-9.950396099185816,0.9352455767821484,0.8660349745612754,0.0056270627880546,3,1,0.1,0.7,1,False,False,False,False,True,1e-06,True,2,0.050917927948214,-9.391360844299752,1.9513627244017868,0.4000190260077714,1.9422677887940336,0.1546877774844945,1.7701732041627292,0.050917927948214,0.050917927948214,0.9,0.1392189997360451,0.3938895095901871
0.7230994793683233,2.991317502224631e-08,5309699.333971318,-9.321673672480138,6.090017644767902e-05,0.5848805871039928,1.0017905930211202e-07,3,1,0.1,0.7,1,False,False,False,False,True,1e-06,True,2,0.0519771675937581,-7.339774846855818,1.3427156062046888,0.2466977330946162,1.967040586817931,0.709750711596448,0.668869907049587,0.0519771675937581,0.0519771675937581,0.9,0.6387756404368032,0.1264720402223142
0.7250755231945157,4.051571762976274e-05,486.5138129940447,-10.891014208307473,0.0674330448919141,0.7558150860108145,0.0019236958085218,3,1,0.1,0.7,1,False,False,False,False,True,1e-06,True,2,0.0506002232920613,-4.541662685475977,1.7104872567135216,1.355329527876416,1.9707096728498088,0.3230749405625011,1.782546458187816,0.0506002232920613,0.0506002232920613,0.9,0.2907674465062509,0.2146222401809238
0.7221725401164216,0.0010758985536717,56.17120583322707,-8.891115052971422,1.0530870871462177,0.8673949962282096,0.0109756858657295,3,1,0.1,0.7,1,False,False,False,False,True,1e-06,True,2,0.054899176085545,-4.822073485834789,1.859752416995394,0.523079250618489,1.9747005029679816,0.1528772985184506,1.6112985491987937,0.054899176085545,0.054899176085545,0.9,0.1375895686666056,0.4473176446254325
0.7245066876570925,2.392866882382132e-09,5137976.607546759,-11.999505974745116,8.47975099588301e-06,0.5453148600659005,1.9462914575985802e-07,3,1,0.1,0.7,1,False,False,False,False,True,1e-06,True,2,0.0501156436888927,-5.465811192492311,1.5229350072118153,1.6370750398577447,1.9974265280986363,0.833802951709681,1.7588512102266964,0.0501156436888927,0.0501156436888927,0.9,0.7504226565387129,0.111446063313968
0.7266347557914343,7.759512605383914e-05,200.32975263233124,-9.436653245357702,0.1307121022200555,0.7920542476660859,0.0049444383010862,3,1,0.1,0.7,1,False,False,False,False,True,1e-06,True,2,0.05,-1.9552239694005067,1.760086818984315,1.739141817767127,1.9694531121869865,0.2625397855597131,0.6845077887825955,0.05,0.05,0.9,0.2362858070037418,0.2663953967458111
0.7246180593742139,1.6325399633634696e-07,280761.148879495,-10.188709726100331,0.0002787501069147,0.5942581823006566,2.36727107718033e-06,3,1,0.1,0.7,1,False,False,False,False,True,1e-06,True,2,0.0531165270820983,-2.932020606694442,1.846380026631904,0.6038420922506192,1.9970829597049464,0.6827702668367531,1.7105958594297284,0.0531165270820983,0.0531165270820983,0.9,0.6144932401530778,0.1344803137918021
0.7259434967888171,0.00018145461902,95.76685113503189,-11.568116140157692,0.2944100159046171,0.7853348670330488,0.0104411725787545,3,1,0.1,0.7,1,False,False,False,False,True,1e-06,True,2,0.0504479868335777,-0.7817033042633188,1.4171347128416918,1.686868787695292,1.9827736384946413,0.273342165206473,1.1839795055760367,0.0504479868335777,0.0504479868335777,0.9,0.2460079486858257,0.3076419788220293
0.7281368198350471,6.017078709362876e-07,33181.815505881474,-9.468701842045569,0.0011646480862885,0.66495956348312,2.4950695884107564e-05,3,1,0.1,0.7,1,False,False,False,False,True,1e-06,True,2,0.0503738694187354,-4.340263279845443,1.2545758093920312,1.1223817526608726,1.99153397921601,0.5038508428420925,0.4288775813911128,0.0503738694187354,0.0503738694187354,0.9,0.4534657585578832,0.1538966116582597
0.7271290616244743,2.282327700656845e-07,97117.60105115104,-10.97204437974842,0.0004553759739283,0.6221554779722408,8.907532419671191e-06,3,1,0.1,0.7,1,False,False,False,False,True,1e-06,True,2,0.0507883166615235,-7.222627952265345,1.4999597460907004,1.1177807438324157,1.996765414655833,0.6073152699052788,1.6175561255455435,0.0507883166615235,0.0507883166615235,0.9,0.546583742914751,0.1359904870634058
0.7200812522693242,0.0003248796721594,255.8841796918224,-12.129229729618762,0.4747991874724559,0.8687575874846466,0.002194528920681,3,1,0.1,0.7,1,False,False,False,False,True,1e-06,True,2,0.0505485702196323,-7.161927617726089,0.7743899487650426,0.3314305540828783,1.926410697097591,0.1510690834889229,1.7773583530157395,0.0505485702196323,0.0505485702196323,0.9,0.1359621751400306,0.4040305594523697
0.7228281787085213,8.423863498326954e-08,1299338.839027054,-8.825363440140944,0.000203859451803,0.5211639670165584,4.2485619504471833e-07,3,1,0.1,0.7,1,False,False,False,False,True,1e-06,True,2,0.0508212593484139,-0.1765051002861604,1.972598124278624,0.3206766312466498,1.9463948171943783,0.918781925244321,0.6789602842718391,0.0508212593484139,0.0508212593484139,0.9,0.8269037327198889,0.154576751944801
0.7242030070768176,0.0003047284567417,72.56188926393659,-13.969455298526368,0.4671214902242105,0.8640736641130572,0.011779947324387,3,1,0.1,0.7,1,False,False,False,False,True,1e-06,True,2,0.0500535079673825,-2.758243402167487,0.700990379185575,0.9884653189017972,1.9759533253753137,0.1573087359704066,0.8213715704195704,0.0500535079673825,0.0500535079673825,0.9,0.141577862373366,0.4162589024095666
0.7234441833254975,3.746475039949927e-06,8028.696243859337,-10.900156441152404,0.0065593913425367,0.6801413685226043,9.335796714349842e-05,3,1,0.1,0.7,1,False,False,False,False,True,1e-06,True,2,0.0511968566477343,-4.29138833419186,1.8205758071147689,0.7958984288854837,1.9620172723429965,0.4702825710663493,1.963794527025248,0.0511968566477343,0.0511968566477343,0.9,0.4232543139597143,0.1642270023103238
0.7221925378472811,3.5227929855934955e-06,7566.480141204058,-13.890431951029896,0.0058444324433307,0.6939071859852936,0.0001131469846167,3,1,0.1,0.7,1,False,False,False,False,True,1e-06,True,2,0.0515361484348154,-3.789911543552269,0.8613340229174051,0.9887667068733484,1.9728739264115056,0.4411149217025021,1.904840574494285,0.0515361484348154,0.0515361484348154,0.9,0.3970034295322519,0.1737230772254558
0.7203772181867837,0.0001164167639202,185.68635740675097,-9.307319568843573,0.1226794651466836,0.816845059061962,0.0053188498652698,3,1,0.1,0.7,1,False,False,False,False,True,1e-06,True,2,0.054776609801063,-4.884639475349752,1.5906199588746197,1.7972826185526136,1.957586822305308,0.2242223771890927,0.2885683269856283,0.054776609801063,0.054776609801063,0.9,0.2018001394701834,0.3148175169571625
0.7205502034611482,1.033494244055421e-06,26189.678285332087,-8.582113865647182,0.0014801507956095,0.6533171456985232,3.0964022735820886e-05,3,1,0.1,0.7,1,False,False,False,False,True,1e-06,True,2,0.0539093060994848,-7.204174450995235,1.313072214455569,1.047113670799826,1.9482870961749508,0.5306501698050575,0.5882792939387519,0.0539093060994848,0.0539093060994848,0.9,0.4775851528245518,0.1577245354044237
0.721390158653738,7.213374298191008e-05,431.05073296207945,-7.940894676932008,0.0718514054500718,0.7598285779578454,0.0019035987329245,3,1,0.1,0.7,1,False,False,False,False,True,1e-06,True,2,0.0563203180797309,-2.6154475900864487,1.657192337745517,1.125452671294863,1.975740308439372,0.3160863239543474,0.6166503298787581,0.0563203180797309,0.0563203180797309,0.9,0.2844776915589126,0.2516440173430715
0.7229647187199764,4.963888878586042e-08,550393.3051661957,-7.848667752883204,0.0001007611625657,0.5985087022398077,1.3499886803159291e-06,3,1,0.1,0.7,1,False,False,False,False,True,1e-06,True,2,0.051395608257396,-6.478953751949328,1.7938151235123934,0.8804736008182679,1.946409183088604,0.6708194822526149,0.5885203620145286,0.051395608257396,0.051395608257396,0.9,0.6037375340273534,0.1295436658480203
0.7202125918568265,8.880370554534078e-07,18890.18148021353,-9.742012722039888,0.0016525479151518,0.6741385958788318,5.148184263279576e-05,3,1,0.1,0.7,1,False,False,False,False,True,1e-06,True,2,0.0507330419893809,-2.97165965272034,1.4320412523886057,1.637895089958056,1.9165354065035929,0.4833744961544045,0.3443246416623148,0.0507330419893809,0.0507330419893809,0.9,0.4350370465389641,0.1613891162543968
0.7227087002083095,1.8738167491561325e-07,233548.3219807153,-14.046887314149114,0.0003767626561689,0.6376378625186617,2.751026905159549e-06,3,1,0.1,0.7,1,False,False,False,False,True,1e-06,True,2,0.050505363844457,-6.679851969899417,0.6236219022577573,0.5167550892955385,1.9630075535648464,0.5682883009017254,1.2073620911619452,0.050505363844457,0.050505363844457,0.9,0.511459470811553,0.1412575240075222
0.7209835012794238,3.414091239968208e-07,86919.0724252988,-10.58380479823325,0.0006715064640156,0.6195948177647378,8.585981820940111e-06,3,1,0.1,0.7,1,False,False,False,False,True,1e-06,True,2,0.0510479919453426,-2.0995488308785646,1.7976577714003013,0.7872123331134047,1.9347356171726569,0.6139579791961777,1.816716458171377,0.0510479919453426,0.0510479919453426,0.9,0.5525621812765599,0.1397271703905371
0.7200893030592999,1.6524684114845718e-10,17640737.55298632,-10.387650929390372,3.102712703735296e-06,0.5281611515539093,4.6067481849281015e-08,3,1,0.1,0.7,1,False,False,False,False,True,1e-06,True,2,0.05,-1.352173794308463,1.1527917013651925,0.981697996143288,1.9886828241809584,0.8933615186537067,0.8902110631071828,0.05,0.05,0.9,0.804025366788336,0.110543953811551
0.7200011628692635,0.0016655004281352,10.245396552024692,-24.29426913305003,5.91654727719167,0.3782175450202137,0.0969006957359308,3,1,0.1,0.7,1,False,False,False,False,True,1e-06,True,2,0.05,-0.030946598588283,0.8286882138731225,1.9703125527054897,1.9633887859934005,1.6439809923322184,0.8871449425583575,0.05,0.05,0.9,1.4795828930989965,4.672245486436761
0.7278511303050319,1.210874156288506e-07,133272.0742740183,-10.438233876589813,0.0002630893033781,0.6174341531742926,7.503447407514816e-06,3,1,0.1,0.7,1,False,False,False,False,True,1e-06,True,2,0.0500286589194026,-4.5544475088242,1.5361041304496472,1.7692075838819898,1.9935273919455816,0.6196059043039602,0.952795227776134,0.0500286589194026,0.0500286589194026,0.9,0.5576453138735642,0.1331315666046419
0.7247815077773773,2.274879020495952e-05,868.922442156584,-11.325304726134105,0.0391665083668059,0.7005285010029231,0.0011172508852804,3,1,0.1,0.7,1,False,False,False,False,True,1e-06,True,2,0.0510361970573598,-0.578824305076802,1.4347754873944556,1.4475244052541296,1.976501189948214,0.4274936688062423,1.445653984123933,0.0510361970573598,0.0510361970573598,0.9,0.3847443019256181,0.2147044887772357
0.7255517615758112,0.0001221056258234,163.97128905909904,-10.237049933698303,0.1586111376724829,0.7851540290512917,0.0060984667608844,3,1,0.1,0.7,1,False,False,False,False,True,1e-06,True,2,0.0527876392801174,-5.048557126476021,1.7371268413060288,1.8537084102261765,1.997683667047028,0.273635443491653,1.4124939364209772,0.0527876392801174,0.0527876392801174,0.9,0.2462718991424877,0.2554614590228825
0.7237841904507275,4.948416067923062e-05,449.2852606700145,-14.513976941277187,0.0818821800611575,0.805735710977723,0.0019008682562495,3,1,0.1,0.7,1,False,False,False,False,True,1e-06,True,2,0.05,-6.89576338860058,0.6392123569587435,0.9880016087747432,1.9735265795149608,0.2411017488433597,0.4976415546654263,0.05,0.05,0.9,0.2169915739590237,0.265361741742474
0.723868196070006,0.0004819072001591,60.54365016666399,-11.454693680123786,0.5539908916926368,0.8528706974531032,0.0130900517714422,3,1,0.1,0.7,1,False,False,False,False,True,1e-06,True,2,0.0532157634926073,-2.2238677706749543,0.8931216455480572,0.898452462149504,1.994887441992706,0.1725106783317374,1.0151673954611893,0.0532157634926073,0.0532157634926073,0.9,0.1552596104985636,0.4199455053173097
0.7210950182477228,0.000395955724883,147.05032406787524,-9.51098547451128,0.578946640743647,0.8802184032044541,0.0039864024338834,3,1,0.1,0.7,1,False,False,False,False,True,1e-06,True,2,0.0504229921247361,-3.8811043740935913,1.5259543361175532,0.4503302465467576,1.916205358987823,0.1360816774103772,0.4791868374181032,0.0504229921247361,0.0504229921247361,0.9,0.1224735096693395,0.4653891438976345
0.7269338586816169,3.5146367601608475e-06,58753.51605262169,-10.03951555397033,0.0064803762726059,0.7115891367409872,8.888766429996752e-06,3,1,0.1,0.7,1,False,False,False,False,True,1e-06,True,2,0.0501710663366669,-8.788899278084767,1.255281520125199,0.2073417987872635,1.9791308615332093,0.4053053206797226,0.5334528809543981,0.0501710663366669,0.0501710663366669,0.9,0.3647747886117503,0.176441992245398
0.7237003930421699,0.0005627225725291,47.29109109390833,-9.37648872385328,0.5934104077626502,0.8587799974129832,0.0172965591618518,3,1,0.1,0.7,1,False,False,False,False,True,1e-06,True,2,0.0541324074326069,-3.55319321466502,1.27025027562316,1.0514323298253363,1.9842788832441824,0.164442584844119,0.811148349152552,0.0541324074326069,0.0541324074326069,0.9,0.1479983263597071,0.4224585640194791
0.7221649052839206,1.0281852269098325e-05,1709.6495913754773,-14.887534416246924,0.0185155286889171,0.7423867714668668,0.0005849150003393,3,1,0.1,0.7,1,False,False,False,False,True,1e-06,True,2,0.05,-9.163950039909844,1.022491993013526,1.7926854834800998,1.9608768963937324,0.3470067604035027,0.6507239468793801,0.05,0.05,0.9,0.3123060843631525,0.1971899285831767
0.7252000704798682,8.073730574825683e-05,283.61749074357493,-10.198565494167893,0.0940108052525718,0.8279012949693316,0.0030513547240723,3,1,0.1,0.7,1,False,False,False,False,True,1e-06,True,2,0.0534084299765997,-6.814218713254365,1.1828704429942016,1.293508938737365,1.996945060305896,0.2078734579549648,0.1804581760814479,0.0534084299765997,0.0534084299765997,0.9,0.1870861121594683,0.3224956146792965
0.7229899751615568,0.0009777020843467,17.78428398821266,-10.664218731713282,1.2247344128851911,0.9074225444149008,0.0561269670009767,3,1,0.1,0.7,1,False,False,False,False,True,1e-06,True,2,0.0516453852955708,-9.033893075698217,1.2670599305243653,1.5823068127876063,1.9594887871420383,0.1020224328290105,1.1100220507586038,0.0516453852955708,0.0516453852955708,0.9,0.0918201895461095,0.5909768650291162
0.7226746594351965,1.1539990450728573e-08,6404982.398914819,-8.759245589417471,2.855148895023854e-05,0.5866255420508759,8.873926590213648e-08,3,1,0.1,0.7,1,False,False,False,False,True,1e-06,True,2,0.0501540815997616,-8.8725303055242,1.7430597728162105,0.3881636073391862,1.9428075352848813,0.7046649494734641,0.3645974086160974,0.0501540815997616,0.0501540815997616,0.9,0.6341984545261178,0.1223096012742904
0.7267852656148464,1.3005007626093974e-08,1453859.8486283,-7.843141542174895,3.4093484030107784e-05,0.5041522101344578,5.705965337553395e-07,3,1,0.1,0.7,1,False,False,False,False,True,1e-06,True,2,0.0515224317032794,-0.1888057766123871,1.4067269847883197,1.164033433386654,1.998518197470936,0.9835279502856874,0.3367797675342566,0.0515224317032794,0.0515224317032794,0.9,0.8851751552571187,0.1438082384083956
0.7247258481808297,1.3274081585393e-06,535761.7107258636,-9.711640053974168,0.0022734795111283,0.6674923194442768,9.480553899418016e-07,3,1,0.1,0.7,1,False,False,False,False,True,1e-06,True,2,0.051623991976754,-4.756914074290881,1.8401508981641288,0.120735385122436,1.973469595309444,0.4981445791504442,0.6885057386085117,0.051623991976754,0.051623991976754,0.9,0.4483301212353998,0.1587142354578822
0.7228564879415594,1.5115474643759683e-08,1938310.422333537,-16.578314881264717,3.661071163048438e-05,0.5880342999579578,3.772912643885914e-07,3,1,0.1,0.7,1,False,False,False,False,True,1e-06,True,2,0.0500632634004973,-2.127826330721346,0.4990001950358468,0.687765386108443,1.9765908819412383,0.7005810716679218,0.961797382670771,0.0500632634004973,0.0500632634004973,0.9,0.6305229645011297,0.125745865175041
0.7220729292243396,2.792552888188273e-05,653.2368033951036,-12.25259780932902,0.0405534714789862,0.7702490133925162,0.0015308352275252,3,1,0.1,0.7,1,False,False,False,False,True,1e-06,True,2,0.051833152626276,-7.825472205319544,1.2251069748646657,1.976828348624619,1.96600687758379,0.2982814422514598,0.4378829316128065,0.051833152626276,0.051833152626276,0.9,0.2684532980263138,0.2307293714217244
0.7221231931188399,1.029315276941138e-07,354398.126907906,-12.235549473215942,0.0001987302744074,0.6014425615523804,1.9711839937493228e-06,3,1,0.1,0.7,1,False,False,False,False,True,1e-06,True,2,0.051674368237933,-2.99307218337794,1.071580542891265,0.6539727373959029,1.9640408874808035,0.6626691623201809,1.7821586647308705,0.051674368237933,0.051674368237933,0.9,0.5964022460881628,0.1331217523338771
0.7201327226834816,9.902605896361882e-07,24753.75416002884,-11.88884464225008,0.001649769072528,0.6507925099391566,3.6034531871666685e-05,3,1,0.1,0.7,1,False,False,False,False,True,1e-06,True,2,0.0522439384847828,-4.735874857260444,1.1467930603063847,1.1374541260391142,1.9479304835008115,0.5365880595237509,1.404646973966169,0.0522439384847828,0.0522439384847828,0.9,0.4829292535713758,0.1527474349954798
0.7200619046572503,5.524797975466671e-07,34060.02539350877,-14.722674407912711,0.0010962960957759,0.6436949107461665,2.935993111275541e-05,3,1,0.1,0.7,1,False,False,False,False,True,1e-06,True,2,0.0505227411004715,-3.7823312184686273,1.2794470359015817,1.912106277916389,1.9437607451376893,0.5535310025067735,1.6059969989746228,0.0505227411004715,0.0505227411004715,0.9,0.4981779022560961,0.1453026739409993
0.7225683070816356,0.0007573470125526,23.01005838214017,-9.392419108323113,1.0044683360421347,0.8503029697397642,0.0434131361597018,3,1,0.1,0.7,1,False,False,False,False,True,1e-06,True,2,0.0517586342849203,-1.7489722257080036,1.956148600253176,1.763649022462669,1.946262437905908,0.1760514023678533,1.632293368845929,0.0517586342849203,0.0517586342849203,0.9,0.158446262131068,0.4156205597739025
0.7237009660936516,2.2959567704878609e-07,113847.81458768656,-9.301642847068782,0.0004723013766469,0.626715210024409,6.642655071538711e-06,3,1,0.1,0.7,1,False,False,False,False,True,1e-06,True,2,0.0504562424259308,-7.031261438910668,1.8123612477534927,0.8601871834423183,1.9484791857770043,0.5956210795666704,1.1352030840795249,0.0504562424259308,0.0504562424259308,0.9,0.5360589716100034,0.1368165782356453
0.720482405936714,9.71053400432478e-06,1966.5356042406584,-14.306348152436108,0.0178695240681973,0.724488136504001,0.0005085083398837,3,1,0.1,0.7,1,False,False,False,False,True,1e-06,True,2,0.050058833160962,-4.422512041766118,1.138512683543567,1.5660653968267797,1.939851748423739,0.3802848516270734,1.6735419243690968,0.050058833160962,0.050058833160962,0.9,0.342256366464366,0.1872679180335915
0.7257794213584189,4.2469667649139103e-08,2900602.674708717,-10.958726179979768,8.95365203665784e-05,0.5807931414883166,1.8772663534172805e-07,3,1,0.1,0.7,1,False,False,False,False,True,1e-06,True,2,0.051300089718397,-4.962898435455198,1.8988962795228124,0.281300231193089,1.9936312129530485,0.7217834174787967,1.7522717642279444,0.051300089718397,0.051300089718397,0.9,0.6496050757309171,0.1241521593400616
0.7235728073074719,0.0005339803852907,42.81764246942903,-9.614976683702444,0.6297832048290536,0.8673039414011209,0.0194920633800776,3,1,0.1,0.7,1,False,False,False,False,True,1e-06,True,2,0.0527809492283635,-2.44121089152644,1.2290729514557612,1.1139986240432609,1.968052340072291,0.1529983345682827,0.6249864450546331,0.0527809492283635,0.0527809492283635,0.9,0.1376985011114544,0.4632173220644107
0.7277028617747898,1.0450130743229956e-07,149373.22544079617,-9.71859488186334,0.0002125041584418,0.632388010758584,6.694640192986581e-06,3,1,0.1,0.7,1,False,False,False,False,True,1e-06,True,2,0.0504922160316695,-8.714564204825145,1.6602215185329507,1.9598567332836847,1.9914686812677391,0.5813076512953579,0.2869289838344169,0.0504922160316695,0.0504922160316695,0.9,0.5231768861658221,0.1387347248080082
0.7256385134124484,3.863087799182973e-05,864.1742336807531,-8.528495576581749,0.0493742078105911,0.7681692604194073,0.0008423692088881,3,1,0.1,0.7,1,False,False,False,False,True,1e-06,True,2,0.0532301181516315,-4.260321353485792,1.6927914671602509,0.8596891903097216,1.987558131532688,0.3017964288938315,0.4452041458027297,0.0532301181516315,0.0532301181516315,0.9,0.2716167860044484,0.2395239870286275
0.7238096568778187,2.737300713514657e-05,4369.2366030786425,-11.444519982066252,0.048808641484343,0.7475764139241561,0.0001238853366578,3,1,0.1,0.7,1,False,False,False,False,True,1e-06,True,2,0.0500367058174659,-2.1761249648599144,1.360656912168506,0.2696555530744461,1.9542489322862848,0.3376558989479478,1.3559631768989415,0.0500367058174659,0.0500367058174659,0.9,0.303890309053153,0.2127101700785176
0.7256042744158822,4.959489123875991e-06,5233.687710597906,-10.260280539235191,0.0076843975645124,0.7087833915107487,0.0001494220821955,3,1,0.1,0.7,1,False,False,False,False,True,1e-06,True,2,0.0520144799499451,-6.998784694481001,1.036525591286918,0.931470014276938,1.988033951566129,0.4108682736887113,0.5876811269190271,0.0520144799499451,0.0520144799499451,0.9,0.3697814463198402,0.1819012608412949
0.7217434066401162,1.0490662324881564e-05,3570.6152975722125,-10.03543800258555,0.0129664784400191,0.7052620000587345,0.0002056780159686,3,1,0.1,0.7,1,False,False,False,False,True,1e-06,True,2,0.0546267399809463,-8.85622333019579,1.1957428291348815,0.7807744188081026,1.980005775945976,0.4179127755596068,1.0589949251948123,0.0546267399809463,0.0546267399809463,0.9,0.3761214980036461,0.188116498672891
0.7201926792596917,3.5600193546497085e-05,3625.645141681409,-10.30135286367858,0.0375439911086738,0.7342867853962064,0.0001542071788866,3,1,0.1,0.7,1,False,False,False,False,True,1e-06,True,2,0.0560306622924152,-6.765240643536616,1.1396032658423878,0.3298891631112878,1.9854074135223727,0.3618657177119427,1.2282907491700303,0.0560306622924152,0.0560306622924152,0.9,0.3256791459407485,0.2158082068179528
0.7201955388142531,3.7357850744768814e-06,6076.27134056341,-15.64797176441825,0.0060040697902651,0.6940492127620067,0.0001645746074863,3,1,0.1,0.7,1,False,False,False,False,True,1e-06,True,2,0.0518742510422065,-9.981130113696477,0.9558136344387655,1.5881766015964425,1.971687390764549,0.4408200191171536,1.4405965900272877,0.0518742510422065,0.0518742510422065,0.9,0.3967380172054383,0.1715738056566956
0.7217663134061216,0.0008592066342038,49.07295423726092,-9.729761812035036,0.8083085029707717,0.8442933824029838,0.0143270630801845,3,1,0.1,0.7,1,False,False,False,False,True,1e-06,True,2,0.0556802717033672,-1.477649861073326,1.2227194818731364,0.7140714244193136,1.989593947346124,0.184422406763218,1.3672072101713484,0.0556802717033672,0.0556802717033672,0.9,0.1659801660868962,0.4494249509467222
0.7206643992398762,0.0007726597991024,27.180766750870937,-9.65931750351312,0.9507356541729048,0.9011373701563978,0.030493339320929,3,1,0.1,0.7,1,False,False,False,False,True,1e-06,True,2,0.0519585919921377,-0.7754741582379037,1.6305029866095944,1.1995898565442056,1.9268036211645527,0.1097087226850262,0.2478811802352114,0.0519585919921377,0.0519585919921377,0.9,0.0987378504165236,1.350124136356189
0.7210357823934631,8.234439235962296e-05,767.3536506137737,-11.3172832873431,0.1301842382159908,0.8156589318365107,0.000746368384455,3,1,0.1,0.7,1,False,False,False,False,True,1e-06,True,2,0.0503983636912513,-1.9423069045899304,0.6803739456910171,0.3829762150949033,1.9268112739103904,0.2260026353765697,0.3668084901507711,0.0503983636912513,0.0503983636912513,0.9,0.2034023718389127,0.3088577710525666
0.7226501563701606,2.516578267976424e-07,96174.80558342174,-9.687538259692577,0.0005291385929164,0.632519523614833,8.028463671537163e-06,3,1,0.1,0.7,1,False,False,False,False,True,1e-06,True,2,0.0501460594414031,-8.908854836423254,1.5759053557646747,0.8913131748541482,1.9361731134850129,0.5809788673162617,1.1155737180880927,0.0501460594414031,0.0501460594414031,0.9,0.5228809805846355,0.1377941242589332
0.722822954599972,1.83222947113843e-05,2262.953101090686,-8.776660705591702,0.0275540620892989,0.7433081821648422,0.0002949925283712,3,1,0.1,0.7,1,False,False,False,False,True,1e-06,True,2,0.0518731219135399,-1.621541561436004,1.8402515406449884,0.6817821447427562,1.9468184329299485,0.3453370001761016,0.3857532510676582,0.0518731219135399,0.0518731219135399,0.9,0.3108033001584914,0.2227142152215468
0.724592869345639,1.386577039872697e-06,22448.89730908301,-10.719875799126246,0.0020139603349768,0.6912570704200786,3.192914520538515e-05,3,1,0.1,0.7,1,False,False,False,False,True,1e-06,True,2,0.0530162032358235,-2.7968385492177905,0.7627255671975876,0.7974994299952107,1.9914298208430865,0.4466398143201596,0.1459890609183283,0.0530162032358235,0.0530162032358235,0.9,0.4019758328881437,0.1793271220161109
0.7262814587958525,0.0003990620578951,109.96531142674424,-9.121471479515767,0.456041797133165,0.8482152797702478,0.0059643992884356,3,1,0.1,0.7,1,False,False,False,False,True,1e-06,True,2,0.0533384099806206,-5.903721054814269,1.5710477843182804,0.6354382937313473,1.999189362429243,0.178945986767493,0.7976041863930542,0.0533384099806206,0.0533384099806206,0.9,0.1610513880907437,0.3700937673447784
0.7212666614238137,4.5173122008701446e-08,465503.1101190394,-18.576212940232665,0.0001003573460327,0.6053563002490451,2.1482133559119274e-06,3,1,0.1,0.7,1,False,False,False,False,True,1e-06,True,2,0.0501963799721813,-5.82684271749004,0.7202435214768316,1.3624105889101883,1.972577941061108,0.651919703468185,1.132492005752861,0.0501963799721813,0.0501963799721813,0.9,0.5867277331213665,0.1288974684998347
0.7220057820023005,3.8393887056870354e-07,101986.31537862784,-9.036204495790892,0.0007888117854962,0.6527303475055344,6.222338653293611e-06,3,1,0.1,0.7,1,False,False,False,False,True,1e-06,True,2,0.0500596768773717,-2.786518783463311,1.3623990581522665,0.5737882598536095,1.924024704380612,0.5320262093245497,0.4413077240853884,0.0500596768773717,0.0500596768773717,0.9,0.4788235883920947,0.1491898795141568
0.7224954889928545,4.9069280863893056e-08,708782.3223919781,-17.41869453466092,0.0001033536662155,0.6373573227482016,1.0019736170110091e-06,3,1,0.1,0.7,1,False,False,False,False,True,1e-06,True,2,0.0501835912995992,-9.416469491909886,0.2906713880063959,0.6284217176647219,1.9765038851439205,0.5689786000859467,1.2823106839338143,0.0501835912995992,0.0501835912995992,0.9,0.512080740077352,0.1396914477724326
0.7235863707543401,4.922753147066754e-07,193191.64126868965,-12.949615205225026,0.0007825819505648,0.6453671217569545,2.944895986478993e-06,3,1,0.1,0.7,1,False,False,False,False,True,1e-06,True,2,0.0528206180438114,-6.8200310021835815,0.6616354832080106,0.3441537634789555,1.997089132883476,0.5495056476964445,1.547751819266019,0.0528206180438114,0.0528206180438114,0.9,0.4945550829268,0.1510737901638436
0.7248709609624402,0.0001510119508902,1140.1387761467606,-10.48527602325624,0.1816882202161505,0.7883221408675557,0.0004677330009832,3,1,0.1,0.7,1,False,False,False,False,True,1e-06,True,2,0.0535963881218554,-1.0283331155486302,0.8699624330025066,0.2514501170996965,1.9999885538442048,0.268516952853171,0.6604400256873577,0.0535963881218554,0.0535963881218554,0.9,0.2416652575678539,0.3141810642213387
0.7239990994085982,5.302981361917661e-07,150099.99775252902,-12.941965418803427,0.0010503363755259,0.6638579428372515,3.752232572889496e-06,3,1,0.1,0.7,1,False,False,False,False,True,1e-06,True,2,0.0501937532602589,-7.004911408935928,0.6442443572237287,0.3336787474984086,1.965225437348132,0.5063463664019995,0.8068097036793851,0.0501937532602589,0.0501937532602589,0.9,0.4557117297617995,0.1514665008979988
0.7217911441236035,0.0001117679402017,262.44990744144417,-10.438206276106484,0.1732509540182797,0.7959316518669509,0.0027940742900863,3,1,0.1,0.7,1,False,False,False,False,True,1e-06,True,2,0.0508404553990344,-9.396492910547714,1.713758178252608,0.7734791646956304,1.936436710089937,0.256389286258918,1.4876991100902617,0.0508404553990344,0.0508404553990344,0.9,0.2307503576330262,0.2545052679944115
0.7266888164004078,4.37610708753881e-08,7004356.782010361,-13.617241588380628,9.806497367819744e-05,0.6063390013917621,7.358120111473706e-08,3,1,0.1,0.7,1,False,False,False,False,True,1e-06,True,2,0.0500548635470102,-3.279513992845205,0.6490264159175283,0.1567550519339247,1.9972725525299453,0.6492424167085524,1.5636308217417216,0.0500548635470102,0.0500548635470102,0.9,0.5843181750376972,0.1302133597926319
0.7254812236986611,1.0642820898623776e-08,35776171.9726287,-11.53337874088204,2.621615212181325e-05,0.561744519397016,1.4305836666434685e-08,3,1,0.1,0.7,1,False,False,False,False,True,1e-06,True,2,0.051067388767889,-5.04775863699849,1.405410315367042,0.1404501152110324,1.999739839917968,0.7801686807259166,1.7302561058572696,0.051067388767889,0.051067388767889,0.9,0.7021518126533249,0.1180551253879216
0.7212003930364383,1.0270269527475909e-06,141926.95300463375,-13.569754103656534,0.0020115687799475,0.6835014256795039,3.759408163098193e-06,3,1,0.1,0.7,1,False,False,False,False,True,1e-06,True,2,0.0500349136035927,-6.806943501521134,0.5883560819049308,0.2321482342948413,1.938401690405871,0.4630547390678059,1.101107962009305,0.0500349136035927,0.0500349136035927,0.9,0.4167492651610253,0.1606389021864755
0.7214902809760593,8.859971087141466e-08,232396.3086223763,-7.924728973922838,0.0001410084986051,0.5856647193503505,4.245779432172874e-06,3,1,0.1,0.7,1,False,False,False,False,True,1e-06,True,2,0.0546124096486026,-1.999579901268964,1.650034705943776,1.7131472915863573,1.971089602177048,0.7074615679586291,0.5787011640779463,0.0546124096486026,0.0546124096486026,0.9,0.6367154111627662,0.1371001129837366
0.7203622393229806,1.1904503810902224e-05,5619.545291512211,-15.50751057969454,0.0190348040336127,0.80147382677082,0.000105032670137,3,1,0.1,0.7,1,False,False,False,False,True,1e-06,True,2,0.0504341499923266,-6.851389960996697,0.2351884868970526,0.380213297443275,1.948894947713376,0.2477013803795095,1.200534628967928,0.0504341499923266,0.0504341499923266,0.9,0.2229312423415585,0.2618236656541394
0.7255004375939489,7.229898478549354e-05,303.30100055341813,-10.00039209522006,0.1146763150930523,0.7742756079542322,0.0028265785570149,3,1,0.1,0.7,1,False,False,False,False,True,1e-06,True,2,0.0508428528712763,-5.668295262641742,1.998674841447815,1.140280729483008,1.9714608759319847,0.2915297727667929,1.6097573819460251,0.0508428528712763,0.0508428528712763,0.9,0.2623767954901136,0.232393258225587
0.7250256994774721,1.2527344442491475e-05,18629.49058682199,-12.134700157167124,0.021443059735793,0.7370972528526234,2.797283753492168e-05,3,1,0.1,0.7,1,False,False,False,False,True,1e-06,True,2,0.0505658698459796,-7.155330466764205,0.943475984937678,0.1880704839021438,1.9764481689984044,0.3566730796104893,1.29655459015336,0.0505658698459796,0.0505658698459796,0.9,0.3210057716494404,0.1962246512363354
0.7215784064523347,7.011804205135408e-07,56912.63481113599,-14.519060596967224,0.0013512081682083,0.6774187195434223,1.1712060430925693e-05,3,1,0.1,0.7,1,False,False,False,False,True,1e-06,True,2,0.0502780558115884,-3.9797352210194417,0.5258320064258523,0.5590478348965172,1.9517969576524143,0.4761918605880811,1.7727987978883717,0.0502780558115884,0.0502780558115884,0.9,0.428572674529273,0.16010941861423
0.7228058515238958,8.879843765165627e-05,244.1998811257972,-10.942442096657016,0.1185395715366345,0.7823385565927667,0.0039835278223678,3,1,0.1,0.7,1,False,False,False,False,True,1e-06,True,2,0.0525645041804557,-6.455291165848482,1.3636098135065402,1.4511139761513856,1.971951083238617,0.2782189904524074,1.2524418659745828,0.0525645041804557,0.0525645041804557,0.9,0.2503970914071667,0.248777803036183
0.7242326209995048,0.0001255781376148,158.73238274921547,-11.860187148073951,0.1825016654034764,0.8051693632003417,0.0062208093990318,3,1,0.1,0.7,1,False,False,False,False,True,1e-06,True,2,0.0513317007816271,-5.842810182824391,1.2256163914207412,1.4545316972413211,1.9780637645025028,0.241974726938512,1.1735265859918542,0.0513317007816271,0.0513317007816271,0.9,0.2177772542446608,0.2733945366302009
0.7205377708288808,1.570465418558001e-07,171596.18820788385,-13.548405908802168,0.0003380196220221,0.6286536320663513,4.4965937427332525e-06,3,1,0.1,0.7,1,False,False,False,False,True,1e-06,True,2,0.05,-9.09956342260635,0.919799578427129,0.7973454761668357,1.9331538869675224,0.5907010617485068,1.842501071687892,0.05,0.05,0.9,0.5316309555736561,0.1359094290129598
0.7201265491577736,0.0008149725717604,85.57744458739387,-9.5238272966681,0.8998368669531851,0.8088898120897926,0.007023983890507,3,1,0.1,0.7,1,False,False,False,False,True,1e-06,True,2,0.0543505915795175,-0.719838540087677,1.9034844940018592,0.4639751458691816,1.9547739527645944,0.2362623252930683,1.5282198023873954,0.0543505915795175,0.0543505915795175,0.9,0.2126360927637615,0.4179661113203178
0.7263620258397104,2.275125851245708e-05,1236.890386033791,-11.661339301843132,0.0392529831387486,0.7572434945214656,0.0005834770772279,3,1,0.1,0.7,1,False,False,False,False,True,1e-06,True,2,0.0501991716076831,-3.1178937215015825,0.9406303359158552,0.7414348711002682,1.982911017680035,0.3205791891707734,0.8368190661986249,0.0501991716076831,0.0501991716076831,0.9,0.2885212702536961,0.2177227846793094
0.7243355070830452,1.2900860036192126e-07,3445728.794197103,-11.023423449516825,0.0002862404445619,0.6043634621693309,1.4797439719293148e-07,3,1,0.1,0.7,1,False,False,False,False,True,1e-06,True,2,0.0500767302005581,-0.7657535447384216,0.9507927995542216,0.1309174509862692,1.9587656012123529,0.6546334492335996,0.7739557333665688,0.0500767302005581,0.0500767302005581,0.9,0.5891701043102396,0.14061995414453
0.7203598935733327,0.0002876223501751,162.17922210971585,-12.95946024900557,0.2971071836193631,0.8729696525242269,0.0042547339259269,3,1,0.1,0.7,1,False,False,False,False,True,1e-06,True,2,0.0541732654147913,-9.010317897060196,0.4906952281484864,0.6198552461996826,1.9876830197685,0.1455151930063773,1.5535150561971451,0.0541732654147913,0.0541732654147913,0.9,0.1309636737057396,0.4448389812679863
0.720759698214789,0.0008036108611359,21.18398665902256,-11.740338478229514,1.0704461650378394,0.8638689698504821,0.0471355110248427,3,1,0.1,0.7,1,False,False,False,False,True,1e-06,True,2,0.0515444175295175,-0.8925242088212837,1.2213335391207725,1.80040214956907,1.944877605186256,0.1575829609588585,0.7091537068744437,0.0515444175295175,0.0515444175295175,0.9,0.1418246648629727,0.5976754098208968
0.7251988909268617,0.0004931022740818,48.9694322589579,-9.191578201620382,0.7087266542995475,0.8730215927654438,0.0153656530381853,3,1,0.1,0.7,1,False,False,False,False,True,1e-06,True,2,0.0506250453005883,-6.1284072267214125,1.6726721421210375,0.9002003133593995,1.957452347751883,0.1454470408141115,0.8479533808925334,0.0506250453005883,0.0506250453005883,0.9,0.1309023367327004,0.4226974470812842
0.7271042933860813,3.7702027466094746e-05,1867.7917036556769,-13.24952770114696,0.0636873764650237,0.7869546880018742,0.0003083359134146,3,1,0.1,0.7,1,False,False,False,False,True,1e-06,True,2,0.05,-9.80888674001175,0.7218778152333152,0.3653635391123283,1.99817793771044,0.2707211930321692,1.5496649256685686,0.05,0.05,0.9,0.2436490737289523,0.239195680980132
0.7222220677555279,9.917294184022332e-07,34218.61565094212,-15.553947594369742,0.0017317424237628,0.7387126173762707,2.1189281571065946e-05,3,1,0.1,0.7,1,False,False,False,False,True,1e-06,True,2,0.0503637960296073,-7.851851293530886,0.2056788994294989,0.6678436272036561,1.967420397729124,0.3537064028387104,1.9142794215956545,0.0503637960296073,0.0503637960296073,0.9,0.3183357625548394,0.1963125111556407
0.720751878674797,5.35231302209288e-08,1718792.3527725933,-15.6517568752481,9.133544508005478e-05,0.626153605914856,3.328813900695596e-07,3,1,0.1,0.7,1,False,False,False,False,True,1e-06,True,2,0.0529660976751817,-2.341033193928532,0.2214319735982595,0.3390874365986189,1.9924620970954927,0.5970522097991069,1.1674890789257335,0.0529660976751817,0.0529660976751817,0.9,0.5373469888191962,0.1472591058308513
0.7253514084621806,8.665633593108454e-07,56151.34603208435,-14.156690135889288,0.0016405598197351,0.6771976356077622,1.1135058492018438e-05,3,1,0.1,0.7,1,False,False,False,False,True,1e-06,True,2,0.0504080070747802,-7.33302431987245,0.5913097449338511,0.4791519689334064,1.9896528695161448,0.4766737912522883,1.2683009271204553,0.0504080070747802,0.0504080070747802,0.9,0.4290064121270595,0.1584423866135617
0.7259136514181834,3.732329937333645e-06,5142.541549814315,-10.355229019217196,0.0061806368634578,0.7295712703242356,0.0001706199195278,3,1,0.1,0.7,1,False,False,False,False,True,1e-06,True,2,0.0510146541212241,-6.442913924536153,1.2253275460866446,1.3235624738626024,1.9784247954481469,0.3706680082887319,0.1954177461602974,0.0510146541212241,0.0510146541212241,0.9,0.3336012074598587,0.1927612477953504
0.7222612981356561,0.0002379006576827,85.05956309973679,-18.36549790366083,0.3733211853358505,0.8455119809573148,0.0117543195746653,3,1,0.1,0.7,1,False,False,False,False,True,1e-06,True,2,0.0500192241978167,-3.533158995356347,0.8409898731191964,1.8708140276898453,1.99117857619486,0.1827153517893018,1.3809791414140276,0.0500192241978167,0.0500192241978167,0.9,0.1644438166103716,0.3509676782618451
0.7228875793155219,0.0003933144250036,47.85182618367159,-9.08235279427726,0.5819522748579904,0.8347782306315732,0.0184361308097943,3,1,0.1,0.7,1,False,False,False,False,True,1e-06,True,2,0.0508224365789336,-1.332232605167059,1.7798050859821395,1.2891840875986995,1.9364609428841453,0.1979229492405714,0.9273690067781344,0.0508224365789336,0.0508224365789336,0.9,0.1781306543165143,0.381045248827061
0.7244341512159461,1.982431347760549e-06,8036.836589229028,-8.607667940839619,0.0038161818749348,0.6889861381333351,0.0001215334185692,3,1,0.1,0.7,1,False,False,False,False,True,1e-06,True,2,0.0501124390530758,-7.707341410147805,1.8638024590048392,1.7034050846583269,1.9461146647613707,0.4514080104852218,0.7007736320101379,0.0501124390530758,0.0501124390530758,0.9,0.4062672094366996,0.1634807779960496
0.721949703104039,1.6060742539306303e-05,1266.435888587937,-13.628302651301782,0.0255254056385103,0.7356019784851426,0.0007896171014329,3,1,0.1,0.7,1,False,False,False,False,True,1e-06,True,2,0.0513675656269051,-6.276431603477146,1.132123141409184,1.6314285192187463,1.968563198773516,0.359430818904734,1.2306728801585003,0.0513675656269051,0.0513675656269051,0.9,0.3234877370142606,0.1988080393090121
0.7223172424067533,2.150724804424193e-05,1044.96729198643,-9.26697910410516,0.0329072297686223,0.736305484707387,0.0008233645442655,3,1,0.1,0.7,1,False,False,False,False,True,1e-06,True,2,0.0517932695276261,-4.831783053269922,1.729925563249402,1.17498436393696,1.9450698390951813,0.3581319449187684,1.1242982516999027,0.0517932695276261,0.0517932695276261,0.9,0.3223187504268916,0.2024741824591518
0.7206163043759785,0.0001680303949203,111.8342249327476,-9.662668240326518,0.2733172993487026,0.8250645816303508,0.0076878111856141,3,1,0.1,0.7,1,False,False,False,False,True,1e-06,True,2,0.0500179581590781,-4.1379722015952485,1.5390399995797093,1.1750038161843732,1.9099751174720985,0.2120263337737414,0.8788404935549494,0.0500179581590781,0.0500179581590781,0.9,0.1908237003963673,0.3032082230646587
0.7250018666266792,0.0003760656676404,55.186999578444215,-9.661984391387625,0.5865451089582557,0.856509348460759,0.0146357322250729,3,1,0.1,0.7,1,False,False,False,False,True,1e-06,True,2,0.05,-7.749494859936853,1.6801430715751606,1.0213439013048438,1.952993955828712,0.1675295801465673,1.124647487221606,0.05,0.05,0.9,0.1507766221319106,0.3624122678912807
0.7237673628948602,1.263457253458949e-06,38162.19700198632,-13.42647867762746,0.0024476118770357,0.6834001488615266,1.6251561692366187e-05,3,1,0.1,0.7,1,False,False,False,False,True,1e-06,True,2,0.0501086420196931,-8.24430586174843,0.7156430402309288,0.4712944782432159,1.9653610910941408,0.4632715571775859,1.295657396694072,0.0501086420196931,0.0501086420196931,0.9,0.4169444014598273,0.1603752822873081
0.7233821632708843,1.5693972616918267e-09,173326582.90273544,-8.967364866601205,6.362519585106919e-06,0.5593520671070973,2.94683612227158e-09,3,1,0.1,0.7,1,False,False,False,False,True,1e-06,True,2,0.0502014240625626,-7.04486240409285,1.626904086740995,0.1472763220100019,1.9941675445584683,0.7877827915643216,0.3234788270560142,0.0502014240625626,0.0502014240625626,0.9,0.7090045124078895,0.1149663189884594
0.7212626528877814,0.0032314651025709,7.279303141896739,-8.316840688114628,4.286795631857393,0.8280841516146202,0.1017901930582634,3,1,0.1,0.7,1,False,False,False,False,True,1e-06,True,2,0.0520692581828086,-0.3050653355316015,1.971003258712584,0.8489175489701541,1.9289984815553889,0.2076067366464794,1.6572954423451352,0.0520692581828086,0.0520692581828086,0.9,0.1868460629818314,1.7029160342705434
0.7204498014810846,9.00798598099128e-08,1129459.446279939,-11.387381132491884,0.000139555484745,0.5918525508406325,5.007111870857251e-07,3,1,0.1,0.7,1,False,False,False,False,True,1e-06,True,2,0.0548182003716315,-7.715075743608146,0.7850363143910959,0.3434968315105615,1.9883287842394424,0.6896100195558148,1.0278683185778226,0.0548182003716315,0.0548182003716315,0.9,0.6206490176002334,0.1357080511601868
0.7224276157512253,9.958687935835247e-09,3278877.784676044,-8.469873018038909,2.4247894509385346e-05,0.5638810622678586,2.059250161717114e-07,3,1,0.1,0.7,1,False,False,False,False,True,1e-06,True,2,0.0516267291107182,-9.153311865591707,1.9689897650284287,0.6645209162278349,1.9639841576440296,0.7734236294053322,0.865893043916512,0.0516267291107182,0.0516267291107182,0.9,0.696081266464799,0.1192472521121068
0.7203218377101237,1.2169854077003028e-08,3596424.815708862,-10.347408703332162,3.136682564260751e-05,0.4940065165119836,1.734107037798449e-07,3,1,0.1,0.7,1,False,False,False,False,True,1e-06,True,2,0.0536487023139401,-0.2290059684163381,1.174657240492521,0.5012287977131756,1.9892625091832496,1.0242647952514246,1.2598977175823014,0.0536487023139401,0.0536487023139401,0.9,0.9218383157262822,0.1374678217706095
0.7271725645287341,1.51744266599182e-05,3447.517906781082,-10.67324507072813,0.0264685255037329,0.7475969626828641,0.0001738739257657,3,1,0.1,0.7,1,False,False,False,False,True,1e-06,True,2,0.0502166530174031,-9.918412094531508,1.179589709940824,0.4557688488139566,1.985382320654742,0.3376191315857537,0.8199154325115836,0.0502166530174031,0.0502166530174031,0.9,0.3038572184271784,0.2019831961424883
0.7244046852367879,3.5233091815028325e-08,491193.4576748693,-10.210825460000423,7.551523214942437e-05,0.5847607339874817,2.035857741703273e-06,3,1,0.1,0.7,1,False,False,False,False,True,1e-06,True,2,0.0511373391045758,-4.3266693860475405,1.5187495979619643,1.6932347399031944,1.9731800007986315,0.7101011437293383,1.0589304751908857,0.0511373391045758,0.0511373391045758,0.9,0.6390910293564045,0.1252359600296526
0.7283670386062328,0.0003191235222077,50.07897118699511,-9.696066642173282,0.472353594534873,0.8456515428855728,0.0199628612514936,3,1,0.1,0.7,1,False,False,False,False,True,1e-06,True,2,0.0506042426918559,-3.2803266740353143,1.7126814881110723,1.7608844654389668,1.9946682360068564,0.1825201626047437,0.8575460852701658,0.0506042426918559,0.0506042426918559,0.9,0.1642681463442694,0.358125899496488
0.7211868176122995,1.6941208423136517e-05,1945.9845328472973,-10.581925732343024,0.0210312987959453,0.7131269915554755,0.0004111868133214,3,1,0.1,0.7,1,False,False,False,False,True,1e-06,True,2,0.0544450336830503,-9.009230951385346,1.392802450899847,0.9225731966731064,1.9772478675986949,0.4022747867372063,1.6493396343127673,0.0544450336830503,0.0544450336830503,0.9,0.3620473080634857,0.1926825375850981
0.721309122540358,2.6104877412819588e-06,11550.867859271622,-11.213239526707776,0.0033082806132796,0.6484923634707543,7.842048654866556e-05,3,1,0.1,0.7,1,False,False,False,False,True,1e-06,True,2,0.0553407393427831,-2.5481882493597494,1.308321423812487,1.1955663897719009,1.99833134668524,0.5420382048108695,1.832014450074666,0.0553407393427831,0.0553407393427831,0.9,0.4878343843297825,0.1640095487914658
0.7265268640298097,0.0002674357943967,364.3786320194917,-9.931866729611045,0.382630490501866,0.8429417170768759,0.0015210325079902,3,1,0.1,0.7,1,False,False,False,False,True,1e-06,True,2,0.0510074354463896,-0.7798620679470663,1.4653768029932026,0.3553101901141569,1.979893452765158,0.1863216397306392,0.2399699647551932,0.0510074354463896,0.0510074354463896,0.9,0.1676894757575753,0.5004404848823996
0.7254447344526915,1.3538150372585925e-06,43734.026483227,-10.116153822928837,0.0023207228175618,0.708606684083776,1.3436660127591145e-05,3,1,0.1,0.7,1,False,False,False,False,True,1e-06,True,2,0.0509797264046162,-5.609795805693576,1.1056838922036338,0.4585836769958276,1.971028105935788,0.4112201062469424,0.1357491566654178,0.0509797264046162,0.0509797264046162,0.9,0.3700980956222481,0.1789052574786259
0.7247266408914459,0.0005228112733522,37.43584630573157,-10.725255024620113,0.6488120672820699,0.8323380789539667,0.0266994502094463,3,1,0.1,0.7,1,False,False,False,False,True,1e-06,True,2,0.0526466767265933,-2.126303132904144,1.687910362189492,1.8997335840700544,1.9915115209029053,0.2014348799910019,1.771585260997815,0.0526466767265933,0.0526466767265933,0.9,0.1812913919919017,0.3580104573618438
0.7250165386751947,1.4508539817890177e-07,132479.12367497175,-10.182032659736128,0.0002703106808021,0.6044462175335097,7.548359111449127e-06,3,1,0.1,0.7,1,False,False,False,False,True,1e-06,True,2,0.0519261690126739,-7.514540090135027,1.7432045424764588,1.7624770929326194,1.9856277255018795,0.6544069116365367,1.5448958780738624,0.0519261690126739,0.0519261690126739,0.9,0.588966220472883,0.1326755752366336
0.7225540826673439,2.158711470980405e-08,1916545.507331867,-10.695281247463615,5.0595891645917696e-05,0.5912602812262088,3.172114429952137e-07,3,1,0.1,0.7,1,False,False,False,False,True,1e-06,True,2,0.0502049948186235,-1.0291968934980424,0.7041608342649585,0.4913622893952694,1.942917480490164,0.6913025138879784,0.2349902982728214,0.0502049948186235,0.0502049948186235,0.9,0.6221722624991806,0.1321540195532319
0.7202677128036593,7.892310480744118e-06,2500.3254711496666,-15.751114200496312,0.0143379538823166,0.7241528860216214,0.0003999478660485,3,1,0.1,0.7,1,False,False,False,False,True,1e-06,True,2,0.0501814272122161,-4.245368545192592,0.9291546949075172,1.5349947566063071,1.948570716587766,0.3809238619400358,1.171838433877493,0.0501814272122161,0.0501814272122161,0.9,0.3428314757460322,0.1877433134536196
0.7220207212695477,3.9432007780021806e-08,1712828.0070841357,-20.125534186149928,8.403721315804835e-05,0.6359514879218404,3.434467280081551e-07,3,1,0.1,0.7,1,False,False,False,False,True,1e-06,True,2,0.0501295393364305,-5.442137653771218,0.2029681101151821,0.3644928776151462,1.9825485064547552,0.5724469853318465,0.5364335687691525,0.0501295393364305,0.0501295393364305,0.9,0.5152022867986619,0.1399521634504952
0.7206982611851604,3.878155176572605e-07,47150.21474070407,-11.169706256783646,0.0008230396690499,0.6271869444516228,2.03980321815955e-05,3,1,0.1,0.7,1,False,False,False,False,True,1e-06,True,2,0.0501386082139531,-1.1411826929640512,1.3611094185219998,1.401416480142228,1.9246845019530792,0.5944209439409555,1.2239491280444132,0.0501386082139531,0.0501386082139531,0.9,0.5349788495468599,0.1452210413809354
0.7289587913658303,1.9687623437139785e-07,127022.43906751368,-8.470262099888208,0.0004097210323951,0.6441212514619796,5.863154770162928e-06,3,1,0.1,0.7,1,False,False,False,False,True,1e-06,True,2,0.05,-7.929054141188295,1.7187436841261583,0.914059222835486,1.9917065751057603,0.5525027279107351,0.3859242435143987,0.05,0.05,0.9,0.4972524551196616,0.1421193526036926
0.7234444274213584,1.0140842862092002e-07,865913.7144592479,-9.34486983674798,0.0002008748065145,0.5929075707947351,6.61145639612031e-07,3,1,0.1,0.7,1,False,False,False,False,True,1e-06,True,2,0.0515574464433532,-0.3988098623966678,1.613131578595516,0.4146478233649646,1.958241629777774,0.6866035268525865,0.1357622701829414,0.0515574464433532,0.0515574464433532,0.9,0.6179431741673279,0.1560255325059139
0.7234826819219801,5.235944628585798e-06,43089.66165690078,-8.910445487212204,0.0066099651188426,0.7106959066021801,1.242975162660811e-05,3,1,0.1,0.7,1,False,False,False,False,True,1e-06,True,2,0.0542868209243686,-6.944052096303301,1.9826006187338288,0.2768971521901886,1.984363745832865,0.4070715628305443,0.282150923182724,0.0542868209243686,0.0542868209243686,0.9,0.3663644065474899,0.1913205042445448
0.7203983974622682,1.4748392836291955e-05,5695.674281273763,-11.177764249192196,0.0241945164778454,0.7468878719401019,9.83646715404989e-05,3,1,0.1,0.7,1,False,False,False,False,True,1e-06,True,2,0.0509343344016642,-4.552794031450206,0.8354859153257891,0.3347873136262183,1.927093369178832,0.338889058945915,0.6789778673696486,0.0509343344016642,0.0509343344016642,0.9,0.3050001530513235,0.208102216671484
0.7263480698399085,2.142081645585546e-05,5163.753874306297,-12.011589169675004,0.0332641273941805,0.7583528457374479,0.0001060017041956,3,1,0.1,0.7,1,False,False,False,False,True,1e-06,True,2,0.051247480331818,-6.692176438980371,0.7515053679530699,0.2915274614472111,1.9971449895260536,0.3186473890363877,0.8427214899759096,0.051247480331818,0.051247480331818,0.9,0.2867826501327489,0.2172978221446574
0.7231905675096676,3.063835365248139e-07,56076.970458151554,-11.917991638221933,0.0005899784657408,0.654656415663742,1.7832632398800625e-05,3,1,0.1,0.7,1,False,False,False,False,True,1e-06,True,2,0.0506559765476414,-7.292922984812819,1.0856913546655358,1.633108899743688,1.959227173433254,0.5275188267820177,0.3204843045087742,0.0506559765476414,0.0506559765476414,0.9,0.4747669441038159,0.1486399986714011
0.7217163427031854,2.450235932413779e-09,4637458.376112716,-7.413718026015019,8.507108856878596e-06,0.5548131189324454,2.042641455392657e-07,3,1,0.1,0.7,1,False,False,False,False,True,1e-06,True,2,0.0500876303542068,-9.699964553924056,1.9013696617338367,1.5815339569940727,1.9422772496795933,0.802408713629861,0.7039505505993991,0.0500876303542068,0.0500876303542068,0.9,0.7221678422668749,0.1132379368421167
0.7261580584210277,5.979068099207718e-07,37790.17100381552,-12.8532416156018,0.0011828172060598,0.6674354618625096,2.1458701098265134e-05,3,1,0.1,0.7,1,False,False,False,False,True,1e-06,True,2,0.0501184135175183,-5.085254840503755,0.760984422115385,0.9420432794943048,1.987629550037648,0.4982722032920662,0.519964150697467,0.0501184135175183,0.0501184135175183,0.9,0.4484449829628596,0.1537438134957661
0.7235330937155241,2.912430355861145e-07,59383.81324431798,-11.52527716049751,0.0005918295376366,0.6290607435927795,1.6839605689951593e-05,3,1,0.1,0.7,1,False,False,False,False,True,1e-06,True,2,0.0505156695195554,-4.134713038738118,1.5377917335760822,1.860569403097124,1.9603259263100503,0.5896716019643199,1.3070621029411635,0.0505156695195554,0.0505156695195554,0.9,0.5307044417678879,0.1390644186711818
0.7223837850009057,5.861578487919028e-06,5358.158659018406,-11.28731637145471,0.0111273560169267,0.706729567358398,0.0001311996143411,3,1,0.1,0.7,1,False,False,False,False,True,1e-06,True,2,0.05,-8.924550579636684,1.5634277062701083,0.6809439475156676,1.9392174057626832,0.4149683927018698,1.6927603387615713,0.05,0.05,0.9,0.3734715534316828,0.1728244215591408
0.7277698138359593,0.0001583431061111,113.83321938940298,-10.597431504648238,0.2587677690170491,0.80944307261873,0.0083376210480825,3,1,0.1,0.7,1,False,False,False,False,True,1e-06,True,2,0.0500569496352444,-9.26945338030767,1.82877952414568,1.4363432791099304,1.989627445857075,0.2354173305415728,1.7556924913287977,0.0500569496352444,0.0500569496352444,0.9,0.2118755974874155,0.2688548645279941
0.7245665996768244,8.496198498274153e-08,211340.2148259717,-10.426189490588982,0.0001748946839675,0.60865912767067,4.633976757470891e-06,3,1,0.1,0.7,1,False,False,False,False,True,1e-06,True,2,0.0508442979876079,-8.127140568476493,1.3587909382422083,1.5174627713947193,1.969305291721583,0.6429557276615336,0.8807886391114602,0.0508442979876079,0.0508442979876079,0.9,0.5786601548953803,0.1311999072780615
0.723253011154504,4.109893539762648e-09,3309187.223676017,-9.651554780914449,1.258539126972196e-05,0.5475649590387275,2.9664808522153616e-07,3,1,0.1,0.7,1,False,False,False,False,True,1e-06,True,2,0.0510746512887658,-7.493044737850713,1.802361866471332,1.5657712766308156,1.9811199561291573,0.8262673377703728,1.5944042293246654,0.0510746512887658,0.0510746512887658,0.9,0.7436406039933355,0.1138273798650501
0.7212702432257234,2.705971608719131e-07,70441.38517759548,-8.10418472889977,0.0005234539013841,0.6465344915666965,1.257375069728191e-05,3,1,0.1,0.7,1,False,False,False,False,True,1e-06,True,2,0.050803623929173,-6.155897454496793,1.8382942635434047,1.3743624348472172,1.9192995194783475,0.5467078911393857,0.3707157432956237,0.050803623929173,0.050803623929173,0.9,0.4920371020254471,0.1459330088176555
0.7263654083371094,0.0001710917891482,218.03427281138127,-11.722843703397515,0.2484196520607843,0.7969259524305122,0.003144643971241,3,1,0.1,0.7,1,False,False,False,False,True,1e-06,True,2,0.0514217457398528,-1.6971964360494385,1.246028744584498,0.6407614097638559,1.9992810009040376,0.2548217271004168,1.912349560166681,0.0514217457398528,0.0514217457398528,0.9,0.2293395543903751,0.2873867254679843
0.7234163766917997,3.2094288043069547e-09,5182301.4191802135,-12.87639756531623,1.0337495721222844e-05,0.552399656949031,1.6660533526106394e-07,3,1,0.1,0.7,1,False,False,False,False,True,1e-06,True,2,0.0502535779895084,-8.79844892703937,1.1802538012384614,1.049148362244083,1.987273402220582,0.8102835282757396,1.873877713911112,0.0502535779895084,0.0502535779895084,0.9,0.7292551754481656,0.1130703494160112
0.7227261902282077,0.0005146307326019,32.906921749977805,-12.018916008077197,0.78176857239476,0.8457601968175052,0.0265935568357987,3,1,0.1,0.7,1,False,False,False,False,True,1e-06,True,2,0.0504001461419939,-0.4107348195651124,0.8841254016719765,1.263439168534588,1.949031129847919,0.18236824547062,0.215840783418606,0.0504001461419939,0.0504001461419939,0.9,0.1641314209235581,0.998835945900414
0.724323978251482,7.374948641423615e-05,391.5365554503198,-10.960778094087468,0.1083541452478767,0.7709976566442417,0.001980929781462,3,1,0.1,0.7,1,False,False,False,False,True,1e-06,True,2,0.0516834550709206,-8.345267034701557,1.7101670104805544,0.8627063455829383,1.9762497333715048,0.2970208033478186,1.9900908114703373,0.0516834550709206,0.0516834550709206,0.9,0.2673187230130368,0.2304956721435418
0.7245788396883923,0.0010152117387798,39.15979994451179,-10.69758670025928,1.0791694330312358,0.9067187644487464,0.0173144344031462,3,1,0.1,0.7,1,False,False,False,False,True,1e-06,True,2,0.0533920491543343,-4.4313127610676375,0.8964762246625556,0.6448949148042711,1.997377455442484,0.1028778042417214,1.9182461415326348,0.0533920491543343,0.0533920491543343,0.9,0.0925900238175493,0.6483051690735641
0.7238466033776527,7.42723099244356e-06,2584.355944291394,-15.801848074631442,0.0135511004020768,0.7181328598350497,0.0003869435408203,3,1,0.1,0.7,1,False,False,False,False,True,1e-06,True,2,0.050173276043841,-9.97434705787597,1.169419297805966,1.8948540169592984,1.9858735706313624,0.392499989806473,1.8102493210785329,0.050173276043841,0.050173276043841,0.9,0.3532499908258257,0.1803141662155454
0.7231955548671919,0.000381903465777,38.940157814885424,-10.933608591885202,0.5439293291118396,0.9083353996938768,0.0256658048202233,3,1,0.1,0.7,1,False,False,False,False,True,1e-06,True,2,0.0503250853781636,-9.84422208358043,1.3615056277881965,1.7830934388621251,1.945523487685629,0.100914926729725,0.2904616420974798,0.0503250853781636,0.0503250853781636,0.9,0.0908234340567525,0.5783092762925223
0.7233785067094698,8.306158615400139e-09,48094404.38684573,-10.428497311690254,2.0965348500422348e-05,0.5609145100126803,1.0614673216809413e-08,3,1,0.1,0.7,1,False,False,False,False,True,1e-06,True,2,0.0516075969056683,-7.666261468772654,1.2868297533777175,0.1351134075396235,1.9855055712761835,0.7828028730748887,1.0446456207979526,0.0516075969056683,0.0516075969056683,0.9,0.7045225857673999,0.1185537936295804
0.7256999679405487,2.5398017208550552e-08,17505056.595673837,-11.982608678300013,5.990061969944868e-05,0.5829205363626419,2.915452051918177e-08,3,1,0.1,0.7,1,False,False,False,False,True,1e-06,True,2,0.0501486986769751,-5.058523248963944,1.286552163673938,0.1304553826527227,1.982977571478353,0.7154996909868484,1.7513926176259114,0.0501486986769751,0.0501486986769751,0.9,0.6439497218881636,0.1219271337388642
0.7244151685198942,0.0016803766081749,14.27067404962254,-7.982592280368231,1.4719751783350887,0.8955885068449665,0.0623793056557573,3,1,0.1,0.7,1,False,False,False,False,True,1e-06,True,2,0.0558053449205178,-2.440133798492351,1.7354849093337672,1.3243654243304317,1.9965553221545405,0.1165842263014971,1.106094095547041,0.0558053449205178,0.0558053449205178,0.9,0.1049258036713474,0.6649068129310142
0.7207244941291209,3.8205095219469805e-06,5213.122398384582,-10.177545546942277,0.0074919267527412,0.6865369496172252,0.0001679058665474,3,1,0.1,0.7,1,False,False,False,False,True,1e-06,True,2,0.05,-1.969078816878497,1.693395824055867,1.1674566015744108,1.916923504052168,0.4565858408022238,1.438271360990263,0.05,0.05,0.9,0.4109272567220015,0.1689017417472581
0.7201882709498318,0.0005996692926555,70.62983761019328,-8.8131392213176,0.5333716119645273,0.8638462022661249,0.0104672138145178,3,1,0.1,0.7,1,False,False,False,False,True,1e-06,True,2,0.0561203906811495,-0.8083295764947032,1.986769080362437,0.9126619407268232,1.964951225175438,0.1576134702875387,0.2111775474807597,0.0561203906811495,0.0561203906811495,0.9,0.1418521232587848,0.7366908944705598
0.7239374144784132,0.0005841733131231,27.467836064091504,-9.988398750860002,0.8690296691285875,0.858983806132862,0.0363783172376017,3,1,0.1,0.7,1,False,False,False,False,True,1e-06,True,2,0.0504513500539306,-5.7304482213215815,1.9273967415249893,1.7900008939066272,1.950290776946952,0.1641663007618172,1.849077238748403,0.0504513500539306,0.0504513500539306,0.9,0.1477496706856355,0.3780440505645855
0.728740903376365,7.528793161284808e-05,1856.496279832492,-9.93506568424422,0.1197872922649167,0.8054088230610894,0.000289273436492,3,1,0.1,0.7,1,False,False,False,False,True,1e-06,True,2,0.0503667685510174,-3.6189306998214086,1.6837727005189125,0.2773638768702107,1.998266390489032,0.2416054696288707,0.4901123006987861,0.0503667685510174,0.0503667685510174,0.9,0.2174449226659836,0.2746551705446239
0.7214734622418727,6.58773145004389e-06,11591.953341877408,-11.192367689085852,0.0114206266383645,0.7613354674138632,4.783733325605933e-05,3,1,0.1,0.7,1,False,False,False,False,True,1e-06,True,2,0.0501725391832834,-3.497793058205032,0.6491500212631887,0.3380444116332076,1.927226962036158,0.3134814320378936,0.1302117045755928,0.0501725391832834,0.0501725391832834,0.9,0.2821332888341042,0.2203024559088614
0.727206981944895,8.141932144938128e-06,2305.6196510750688,-11.991091435384805,0.0142493057979595,0.7252799862517877,0.0004107687200995,3,1,0.1,0.7,1,False,False,False,False,True,1e-06,True,2,0.0504769437500757,-2.4682381856868085,1.0361163254999877,1.351663796380488,1.9987535866732484,0.3787778774483386,0.6070547829307387,0.0504769437500757,0.0504769437500757,0.9,0.3409000897035047,0.1942260528497691
0.7256698501252223,0.0001659339591685,101.59545100461408,-10.05578792147677,0.2295418345131609,0.8244309555547067,0.0098421848083226,3,1,0.1,0.7,1,False,False,False,False,True,1e-06,True,2,0.0515943125904917,-6.022263195416446,1.642061100331884,1.9858176705940065,1.9815743796535927,0.2129578508210722,0.6664494343869294,0.0515943125904917,0.0515943125904917,0.9,0.1916620657389649,0.3061869295375545
0.7203224497151333,2.3609019997730696e-08,913586.6038841616,-22.299639633167413,5.443406336940869e-05,0.6048506701687334,1.0945869795292948e-06,3,1,0.1,0.7,1,False,False,False,False,True,1e-06,True,2,0.0500099194505742,-3.2529134079695368,0.4905202505686991,1.561544792461391,1.982620820765777,0.653300639843935,1.8955830803425144,0.0500099194505742,0.0500099194505742,0.9,0.5879705758595416,0.129609600647693
0.7239161374026029,6.707597548962177e-07,276111.47709655564,-11.353251001664502,0.0012061873706044,0.6901547897885755,1.8915239990145551e-06,3,1,0.1,0.7,1,False,False,False,False,True,1e-06,True,2,0.050785663912564,-6.221933739467007,0.5494057094244937,0.2082079719389088,1.9603663590041709,0.4489503149088391,0.1533730412831725,0.050785663912564,0.050785663912564,0.9,0.4040552834179551,0.166941729967607
0.7270932331432972,2.577667965518889e-05,859.400355763052,-10.392430335851008,0.0455251616205228,0.7547567190784154,0.0009383183807251,3,1,0.1,0.7,1,False,False,False,False,True,1e-06,True,2,0.05,-5.922323879365409,1.513026023691202,0.989066602521236,1.9809408693513064,0.3249302387410813,1.1652598474305895,0.05,0.05,0.9,0.2924372148669731,0.2093178705491377
0.7265781810023723,1.0071115574657041e-07,254982.48976091013,-13.586279511349836,0.0002198589599683,0.6163113267319253,3.1043393718153004e-06,3,1,0.1,0.7,1,False,False,False,False,True,1e-06,True,2,0.0500137716364963,-5.68877719258175,0.971463052210965,0.8577709669932175,1.9957691194547136,0.6225565824055775,1.8650858471971408,0.0500137716364963,0.0500137716364963,0.9,0.5603009241650198,0.1322170278502531
0.7276277839846524,2.180666437231457e-05,892.8139638098495,-9.760420031475098,0.039234893300528,0.7064719522192738,0.0010180476566687,3,1,0.1,0.7,1,False,False,False,False,True,1e-06,True,2,0.0504773607307056,-0.7255326708470378,1.989960807343436,1.336016016171175,1.989190700306224,0.4154843612101693,1.5504891011074868,0.0504773607307056,0.0504773607307056,0.9,0.3739359250891523,0.2065554575036395
0.7219559930654061,2.680053748190031e-07,76968.85572250612,-12.2398047606843,0.0005709207484573,0.63270344374539,1.1677354650652257e-05,3,1,0.1,0.7,1,False,False,False,False,True,1e-06,True,2,0.05,-8.032550653789114,1.3028255328057694,1.1590606505252723,1.9410279998602824,0.5805192936525505,1.745608711516733,0.05,0.05,0.9,0.5224673642872955,0.1376052670886783
0.721787873325163,5.430751599365417e-05,3345.5435151068355,-19.95585653242312,0.0812847341254127,0.8854272383955206,0.0001584691228166,3,1,0.1,0.7,1,False,False,False,False,True,1e-06,True,2,0.050028847554338,-2.8485073869727824,0.1235765232221584,0.20205538352276,1.9882330097200032,0.129398279876838,0.3284151914388381,0.050028847554338,0.050028847554338,0.9,0.1164584518891542,0.5052304183643173
0.728105958296748,1.90390766301235e-07,644966.3343076747,-10.082139816290631,0.0003947132329846,0.642630279243568,8.297312278658327e-07,3,1,0.1,0.7,1,False,False,False,False,True,1e-06,True,2,0.050065780914706,-4.642402559571498,0.9325444260313176,0.2656214539308977,1.9912490357019623,0.5561047032783569,0.3932027361419894,0.050065780914706,0.050065780914706,0.9,0.5004942329505212,0.1428657699448457
0.7232444699621932,1.0268153207168832e-05,2560.3376318119813,-11.035392422481063,0.0149875185681008,0.7068306688523016,0.0003312848048312,3,1,0.1,0.7,1,False,False,False,False,True,1e-06,True,2,0.0527064647162269,-2.968550732808337,1.2340410231831924,1.0536716152480807,1.9789703606737667,0.4147660027595075,1.3124869712376648,0.0527064647162269,0.0527064647162269,0.9,0.3732894024835567,0.1878217585230813
0.725810736526925,1.552421193760771e-06,50405.13452230894,-11.768894425411151,0.0027644573314214,0.6993704460993353,1.1108168178632227e-05,3,1,0.1,0.7,1,False,False,False,False,True,1e-06,True,2,0.0507055860419967,-7.299908006483447,0.5899595137218001,0.3422997673541819,1.982253158452784,0.4298573889951947,0.3293400523524504,0.0507055860419967,0.0507055860419967,0.9,0.3868716500956753,0.1714348885693138
0.7214769611844705,2.3291200487716585e-05,8303.726196625283,-12.9003941348162,0.0375789428754181,0.7737839811595474,6.32096188683917e-05,3,1,0.1,0.7,1,False,False,False,False,True,1e-06,True,2,0.0507101347559774,-5.714984827810173,0.5532780336409029,0.2031544245043799,1.9454237196665616,0.2923503514526866,0.6781205417908047,0.0507101347559774,0.0507101347559774,0.9,0.2631153163074179,0.2311835622818628
0.723730154258809,0.0003308080923731,75.0973539366965,-13.72931820383462,0.5012751006123944,0.8783696200241314,0.0105564746214785,3,1,0.1,0.7,1,False,False,False,False,True,1e-06,True,2,0.0500124275681394,-7.383461224023426,0.6700128065156813,0.8456859005264546,1.9686348535344853,0.1384728902310248,1.1220238536317588,0.0500124275681394,0.0500124275681394,0.9,0.1246256012079223,0.4323317309182161
0.7249169981945155,5.56677047690204e-05,591.9242314626924,-8.211542447126956,0.066988001904308,0.770649111430595,0.0012806471673552,3,1,0.1,0.7,1,False,False,False,False,True,1e-06,True,2,0.0538794902662545,-2.7429089460219016,1.9740269082011224,0.955316649684604,1.985155571854404,0.2976074132410914,0.4837986369404415,0.0538794902662545,0.0538794902662545,0.9,0.2678466719169823,0.2515231131996496
0.7239013066525973,0.0002966614192223,202.66748291444569,-10.291986851823744,0.4596797142481099,0.8442738002835241,0.0028860455960401,3,1,0.1,0.7,1,False,False,False,False,True,1e-06,True,2,0.0502176204800296,-5.998068434537769,1.605529195200133,0.420693818901025,1.948981166727014,0.1844498783027259,1.0951117107732578,0.0502176204800296,0.0502176204800296,0.9,0.1660048904724533,0.3378070881942557
0.7226922328063551,0.0003361435897088,64.02331293871485,-10.058876382906972,0.4675693841897569,0.8300623457136863,0.0138772156290349,3,1,0.1,0.7,1,False,False,False,False,True,1e-06,True,2,0.0515075240858196,-6.410966809082471,1.800306420973133,1.2073336203292242,1.9499780608006263,0.2047287835231239,1.7638016710400468,0.0515075240858196,0.0515075240858196,0.9,0.1842559051708115,0.315477030568407
0.722466375810928,3.087915381662532e-05,874.3142761208989,-12.411307509486456,0.0532235765627411,0.7653218915084009,0.0008649745402084,3,1,0.1,0.7,1,False,False,False,False,True,1e-06,True,2,0.0501481359809271,-4.984712816019288,0.9920613040813836,0.7894143403936106,1.947680601489434,0.3066397434797839,1.326943232116807,0.0501481359809271,0.0501481359809271,0.9,0.2759757691318055,0.2209376543706273
0.7224626966042872,1.742934939991097e-07,158085.11170229656,-11.863670704226845,0.0003630865786048,0.6191284331773189,4.765112824684826e-06,3,1,0.1,0.7,1,False,False,False,False,True,1e-06,True,2,0.0504700687824842,-2.6525965591113376,1.1155550134602834,0.7905157527795716,1.9493440270352904,0.6151737610693759,1.3864565619875695,0.0504700687824842,0.0504700687824842,0.9,0.5536563849624384,0.1367413034334337
0.7255565776165347,1.8267833047931336e-08,1916205.9341309508,-9.58400191486212,4.171821364988644e-05,0.5715271214327956,3.50392446160328e-07,3,1,0.1,0.7,1,False,False,False,False,True,1e-06,True,2,0.0511198594467111,-5.581196881954382,1.7896004523255291,0.6359974870811792,1.985949923797813,0.7496982426538918,1.207232664537588,0.0511198594467111,0.0511198594467111,0.9,0.6747284183885027,0.1207827477372988
0.7205625736829552,2.4865361928275984e-06,11396.818284865212,-9.711095173318103,0.0028559783599183,0.6442436130901589,8.607928056373883e-05,3,1,0.1,0.7,1,False,False,False,False,True,1e-06,True,2,0.0566567831125831,-9.94230621011432,1.6022079495259771,1.5281928512260707,1.9963549677642525,0.5522078600103323,1.590540754596004,0.0566567831125831,0.0566567831125831,0.9,0.4969870740092991,0.160917853244883
0.7228759656927751,1.1205519720847006e-08,4948804.915984153,-10.43599845171517,2.7083453661372027e-05,0.583771548757694,1.166121902242535e-07,3,1,0.1,0.7,1,False,False,False,False,True,1e-06,True,2,0.0506511887254435,-5.350014829698079,0.7631253984839784,0.3983769221000205,1.9560509451839752,0.7129988642441873,0.3844411243848529,0.0506511887254435,0.0506511887254435,0.9,0.6416989778197686,0.1233284419167462
0.7269552528158981,8.98115286377396e-06,1923.1688662961608,-9.831271319085255,0.014847736356292,0.7589827269630737,0.0005018635287429,3,1,0.1,0.7,1,False,False,False,False,True,1e-06,True,2,0.0506136156588648,-6.460705091496841,1.8896055806694128,1.7528238994231988,1.9805750868448904,0.3175530410307381,0.1962863886350632,0.0506136156588648,0.0506136156588648,0.9,0.2857977369276643,0.2153117162882457
0.7251627586920913,2.3648557274275257e-08,1989091.443309864,-11.319106100600877,5.566726276599663e-05,0.5888407854303984,3.059303542525846e-07,3,1,0.1,0.7,1,False,False,False,False,True,1e-06,True,2,0.050101211895279,-5.548585740942348,1.0022023985605912,0.4651064275525491,1.972870083385528,0.698251929456746,0.975770249381599,0.050101211895279,0.050101211895279,0.9,0.6284267365110714,0.1234499660046513
0.7207492416828674,8.843533050112978e-06,3053.954994120605,-10.745653199000431,0.010119359312336,0.7210928891731586,0.0002904608545179,3,1,0.1,0.7,1,False,False,False,False,True,1e-06,True,2,0.0552705907012697,-8.691552137218435,0.9010063805324336,1.2161787034756724,1.9848992101018907,0.3867838873666475,0.3249294581578774,0.0552705907012697,0.0552705907012697,0.9,0.3481054986299827,0.201481003487185
0.72273466988682,3.5543959774251615e-08,550089.4876734065,-9.902212136370546,7.201885350181137e-05,0.5890160433924175,1.659841647360608e-06,3,1,0.1,0.7,1,False,False,False,False,True,1e-06,True,2,0.0517963860528982,-9.878592344706162,1.2395669642020342,1.3017234570181324,1.962275806339248,0.697746625440853,0.7326114632143909,0.0517963860528982,0.0517963860528982,0.9,0.6279719628967677,0.1269844286990586
0.7218635384477347,9.921958579253849e-08,259892.8333149312,-15.610852474699817,0.000215634190458,0.6077841080062693,3.146762126138384e-06,3,1,0.1,0.7,1,False,False,False,False,True,1e-06,True,2,0.050259531005762,-0.998888730831352,0.6552882581869043,0.8773777662338188,1.960565793797244,0.6453210717870317,1.2899672845626242,0.050259531005762,0.050259531005762,0.9,0.5807889646083285,0.1389786275965661
0.7248104250619177,2.7492368614070985e-08,2344019.7783305706,-11.7134086024231,6.443500291189624e-05,0.5854156874655567,2.476599279808327e-07,3,1,0.1,0.7,1,False,False,False,False,True,1e-06,True,2,0.0501497859424613,-6.726777053441866,1.2998270541845591,0.3841983215340793,1.9721334916818185,0.7081879105927369,1.6240592942413965,0.0501497859424613,0.0501497859424613,0.9,0.6373691195334632,0.1222509846389668
0.7252898646616941,2.179731400943927e-05,1774.7893243147485,-11.660431696130283,0.0377213037391276,0.7438224864129417,0.000372496139385,3,1,0.1,0.7,1,False,False,False,False,True,1e-06,True,2,0.0503624573043643,-9.27902310169085,1.453130929048144,0.5830737032938742,1.9747698127579507,0.3444067882680792,1.8065341199848208,0.0503624573043643,0.0503624573043643,0.9,0.3099661094412713,0.1997397595051488
0.7223974275785369,8.19633651332208e-09,1884957.8606059395,-12.587169118555936,2.1724396780499445e-05,0.5631293251072984,5.305158520725389e-07,3,1,0.1,0.7,1,False,False,False,False,True,1e-06,True,2,0.050264244998089,-3.7759479164410825,1.3674644008091668,1.7582631352771012,1.9625883570283027,0.7757910224431313,1.3005485538225836,0.050264244998089,0.050264244998089,0.9,0.6982119201988182,0.1170638876659186
0.7228156405757741,1.608883319256845e-07,309482.7907375758,-16.029850916607703,0.0002837192627819,0.6392659314658222,2.055577289264848e-06,3,1,0.1,0.7,1,False,False,False,False,True,1e-06,True,2,0.0518775231774425,-9.783384207191524,0.3849951629282667,0.4977716943441578,1.994751464447372,0.5642942174425326,0.4489941813158248,0.0518775231774425,0.0518775231774425,0.9,0.5078647956982794,0.1451751854885249
0.7255550605042024,0.0009725523787291,279.61576207096886,-10.29826968310487,1.1437254157037329,0.8844088318173575,0.0018519342667378,3,1,0.1,0.7,1,False,False,False,False,True,1e-06,True,2,0.0525590951930769,-2.6028894686894377,1.129824140093141,0.189483044650157,1.9926796387947388,0.1306987945214386,1.903659114030731,0.0525590951930769,0.0525590951930769,0.9,0.1176289150692948,0.5377843624436969
0.7211085240054992,1.2168328843548092e-06,16880.42788339712,-9.961944534158704,0.0017462320982828,0.6675012752780781,5.924020429497899e-05,3,1,0.1,0.7,1,False,False,False,False,True,1e-06,True,2,0.0536063890548793,-7.523262465831076,1.3218677283525504,1.7199145052872158,1.961073898269209,0.498124478613774,0.3830103490771337,0.0536063890548793,0.0536063890548793,0.9,0.4483120307523967,0.1635625199298257
0.7259832512633333,1.2293722310328281e-08,7622418.278397287,-8.79878000189494,2.9514370115018703e-05,0.5733910967006312,7.272583977653472e-08,3,1,0.1,0.7,1,False,False,False,False,True,1e-06,True,2,0.0508527417241059,-2.1002314115123664,1.793996876243805,0.3389011629176249,1.9874684803996048,0.7440103373668224,0.4819546239408779,0.0508527417241059,0.0508527417241059,0.9,0.6696093036301402,0.123212039243615
0.7211777157829741,4.402748380218544e-07,53058.576670800016,-10.52421738811108,0.0009469007309048,0.6028835536583846,1.5580086399661256e-05,3,1,0.1,0.7,1,False,False,False,False,True,1e-06,True,2,0.0504007533744704,-0.5528649115854645,1.8601255401545536,0.9957011907102308,1.9292736617708857,0.6586951060977784,1.9189920025224605,0.0504007533744704,0.0504007533744704,0.9,0.5928255954880005,0.1473034974898741
0.7258177792910153,7.486612162432329e-06,3653.359994015066,-9.11885344902335,0.0128545345909729,0.7181966316313406,0.0002030552312487,3,1,0.1,0.7,1,False,False,False,False,True,1e-06,True,2,0.0508143933528815,-7.090216606433319,1.7504739942258662,0.8536527621364747,1.9694772596040235,0.3923763436881623,0.8227487896605356,0.0508143933528815,0.0508143933528815,0.9,0.3531387093193461,0.1836734481646456
0.7236687971878892,2.257623510416132e-05,845.7835651235139,-9.5809738939834,0.0389412297830202,0.7743199086898337,0.0009879190931239,3,1,0.1,0.7,1,False,False,False,False,True,1e-06,True,2,0.0500323710545017,-8.969705112372484,1.3613861704374777,1.14976255494546,1.9401215232230584,0.2914558811900134,0.4319021894528688,0.0500323710545017,0.0500323710545017,0.9,0.2623102930710121,0.226021626262064
0.7223269620844399,2.291412524975415e-06,41196.392476859335,-12.947739045801068,0.0032986338149854,0.6810544532982251,1.3916674026322918e-05,3,1,0.1,0.7,1,False,False,False,False,True,1e-06,True,2,0.05327703613688,-2.7710918106008204,0.6108749925652719,0.354032487215389,1.990529415944717,0.4683113738661844,1.7015971973773167,0.05327703613688,0.05327703613688,0.9,0.4214802364795659,0.1741924459103444
0.7232293111044829,1.92483262412794e-05,1291.975782070979,-9.39427086682031,0.0288881342738665,0.7370025002241505,0.0006278000323982,3,1,0.1,0.7,1,False,False,False,False,True,1e-06,True,2,0.0519726899703789,-7.185289357377302,1.5618995010827734,1.023080413378095,1.9569648027582696,0.3568475001046292,0.9894059029356472,0.0519726899703789,0.0519726899703789,0.9,0.3211627500941663,0.2017051819179348
0.725051908179324,1.29758843716272e-06,22398.852372428668,-9.041867658373484,0.0025435360745998,0.6675459112317594,3.150653339143145e-05,3,1,0.1,0.7,1,False,False,False,False,True,1e-06,True,2,0.05024119232943,-1.6865482622885644,1.5787223484178512,0.7564418817724499,1.956471460220656,0.4980243054066414,0.6887188884678808,0.05024119232943,0.05024119232943,0.9,0.4482218748659773,0.1607366726551455
0.7262344932726695,7.2190880158516445e-06,5956.606841837454,-12.04055251097792,0.012510056224889,0.7127675063405825,0.0001085785563857,3,1,0.1,0.7,1,False,False,False,False,True,1e-06,True,2,0.0507682827080876,-7.418661778723479,1.175577555051285,0.5464363450734695,1.991743562842964,0.4029820258419145,1.6934159903586556,0.0507682827080876,0.0507682827080876,0.9,0.3626838232577231,0.1798031528396614
0.7203774400481456,0.0002263598508461,377.7746942764911,-10.154093803519515,0.3160255903203908,0.8200515551703065,0.0014947587739006,3,1,0.1,0.7,1,False,False,False,False,True,1e-06,True,2,0.0516297408002789,-2.5952048960584104,1.451768988755927,0.3565206117812098,1.928511907014427,0.2194355265777433,0.9959713607559064,0.0516297408002789,0.0516297408002789,0.9,0.1974919739199689,0.3155194337264349
0.7209284287528995,7.852110274471842e-05,685.290107243894,-9.616730174278947,0.1159598323808606,0.8013583271103825,0.0008805099527112,3,1,0.1,0.7,1,False,False,False,False,True,1e-06,True,2,0.0512879160738601,-4.855265430445015,1.336868127921777,0.4808012596225867,1.9258123988081384,0.247881211400023,0.5674666796714696,0.0512879160738601,0.0512879160738601,0.9,0.2230930902600207,0.2696856828576797
0.7261950959338607,0.0003869151918924,77.34087810851702,-11.902930366214528,0.555843485092879,0.892540779318366,0.0087846858133467,3,1,0.1,0.7,1,False,False,False,False,True,1e-06,True,2,0.050366537999524,-4.52480158699471,0.6900136274441281,0.6634921365386535,1.9833645343331263,0.12039698708635,0.4628313963554478,0.050366537999524,0.050366537999524,0.9,0.108357288377715,0.5164519153530484
0.7231773544192229,0.0010218232949404,34.28941473167793,-10.209112971762284,1.6542708345461177,0.8125002967345623,0.0189029179774164,3,1,0.1,0.7,1,False,False,False,False,True,1e-06,True,2,0.0501778547263335,-0.4008102432539555,1.5437394615787257,0.5893710736505565,1.9412701399845151,0.2307687812779869,1.3717614142673402,0.0501778547263335,0.0501778547263335,0.9,0.2076919031501882,0.5849466138779399
0.7223545881099951,4.974544366849963e-09,8712602.881381566,-8.207590359081426,1.4324810431627749e-05,0.5603815114756348,6.868651103367698e-08,3,1,0.1,0.7,1,False,False,False,False,True,1e-06,True,2,0.0521115039262796,-8.94374498277951,1.658481623280411,0.4778673700136305,1.9881930983915983,0.7844985595023146,0.477594079050149,0.0521115039262796,0.0521115039262796,0.9,0.7060487035520832,0.119425004258724
0.7236831882994412,4.647183875307467e-05,388.98274560422806,-11.20272597563527,0.0682920513235886,0.802370295359614,0.0024892869607564,3,1,0.1,0.7,1,False,False,False,False,True,1e-06,True,2,0.0512703498877118,-9.354744948451478,1.128991794399745,1.5429934906625526,1.9651544271751675,0.2463073543267329,0.3090479965838923,0.0512703498877118,0.0512703498877118,0.9,0.2216766188940596,0.2653302999564324
0.720131963617371,0.0018527904755568,20.222014384574173,-8.576131873021206,1.5141268725335926,0.8488205200459022,0.0377390604751812,3,1,0.1,0.7,1,False,False,False,False,True,1e-06,True,2,0.0573777243426744,-1.0470685053019118,1.7400670164684564,0.8746391181578327,1.983274503735488,0.1781053548822339,1.955447000052438,0.0573777243426744,0.0573777243426744,0.9,0.1602948193940105,0.5482012609738098
0.7268263367798554,3.5557358049632425e-08,467449.636876792,-11.353052592472473,8.217960438559898e-05,0.5933783317772001,2.1381635837955755e-06,3,1,0.1,0.7,1,False,False,False,False,True,1e-06,True,2,0.0500260549420268,-2.4898321807181247,1.2481936501032704,1.5534186961397058,1.9895454120801657,0.6852654477708108,0.7775524763510543,0.0500260549420268,0.0500260549420268,0.9,0.6167389029937297,0.1267446856406629
0.7208817879638983,1.3565289472188184e-06,14316.902519189212,-12.668280410070684,0.0026530455111641,0.6676434848476009,6.919670307064874e-05,3,1,0.1,0.7,1,False,False,False,False,True,1e-06,True,2,0.0502901733409261,-7.75501934687769,1.361993063878338,1.439533027740993,1.9362285823182053,0.497805374717712,1.9001237100222543,0.0502901733409261,0.0502901733409261,0.9,0.4480248372459408,0.1533111051752885
0.7219691044115469,3.0216468450810183e-09,27137707.68173649,-10.75147553226981,9.970487970764012e-06,0.5485944428574321,2.012619427019939e-08,3,1,0.1,0.7,1,False,False,False,False,True,1e-06,True,2,0.0500263866816936,-5.302708442269225,1.774207783050127,0.2868342838496956,1.9603636794131,0.8228401928232406,1.4438213596600098,0.0500263866816936,0.0500263866816936,0.9,0.7405561735409165,0.1121089593118013
0.720489847718909,1.070297416052492e-05,4213.717607095991,-14.11784358982284,0.0168715738507324,0.7412856841379954,0.0001561829831585,3,1,0.1,0.7,1,False,False,False,False,True,1e-06,True,2,0.0513925411669243,-1.919383836322116,0.5080636749233612,0.5412553798097642,1.954212195711737,0.3490075707624797,1.61259027959933,0.0513925411669243,0.0513925411669243,0.9,0.3141068136862317,0.2151521908889282
0.7210520944071782,4.012266627411388e-05,522.1685948289307,-13.438408509617432,0.0679718343259706,0.7897381597148897,0.0016782699244969,3,1,0.1,0.7,1,False,False,False,False,True,1e-06,True,2,0.0500143384422883,-6.42490334065392,0.7829542907819056,1.0623266933341209,1.938913385766915,0.2662424725190166,0.6476776294742042,0.0500143384422883,0.0500143384422883,0.9,0.239618225267115,0.2450312005767855
0.7230786941288458,2.799704863942548e-05,612.7903846795776,-11.183534783911924,0.0480574812241768,0.7495399036136373,0.0016318761447144,3,1,0.1,0.7,1,False,False,False,False,True,1e-06,True,2,0.0503990691835886,-6.442801489015051,1.6879469781279404,1.8497435101478577,1.9506547171086748,0.3341517845532431,1.5297707507205065,0.0503990691835886,0.0503990691835886,0.9,0.3007366060979188,0.2060495928937631
0.7244067698949687,2.872534412789939e-07,65943.43617665353,-8.741102724423834,0.0006020838854171,0.6236308047071988,1.3306290807010736e-05,3,1,0.1,0.7,1,False,False,False,False,True,1e-06,True,2,0.050299456544618,-1.277625395334237,1.6645951760103386,1.2572412844817416,1.9506921692219288,0.603512835562237,0.90585267054363,0.050299456544618,0.050299456544618,0.9,0.5431615520060133,0.1429704425545072
0.7216273164675912,9.55419989878665e-06,2061.9006958571363,-14.281995594487896,0.0161828908333004,0.7189736676151937,0.0004849893013391,3,1,0.1,0.7,1,False,False,False,False,True,1e-06,True,2,0.050951077255392,-3.759705979786344,1.14337154877243,1.7276033176152052,1.9639503632237016,0.3908715228986889,1.287766699881768,0.050951077255392,0.050951077255392,0.9,0.35178437060882,0.1878153003658579
0.7232375338320127,2.63232900765438e-05,778.921412427041,-9.663195919431146,0.0490700200990114,0.6905349284057829,0.0010835403946513,3,1,0.1,0.7,1,False,False,False,False,True,1e-06,True,2,0.050413974665261,-0.3637387929144449,1.4296989789096937,1.113762166517861,1.942863531791356,0.4481526695668673,0.8834273819377547,0.050413974665261,0.050413974665261,0.9,0.4033374026101806,0.2358467401752605
0.7222961306799599,1.2813526353890824e-05,1725.034015754403,-14.649068435983228,0.0229964392980349,0.7450774588486104,0.0005237406584761,3,1,0.1,0.7,1,False,False,False,False,True,1e-06,True,2,0.05,-6.7833936728890265,0.8201705576726684,1.093791530673826,1.9587334544067048,0.3421423344967765,1.3728447977907166,0.05,0.05,0.9,0.3079281010470989,0.2004565449429772
0.7209727580905619,0.000568121450579,59.17850583754235,-15.301862598442469,0.9830743640124276,0.7294454475254191,0.0118334423254976,3,1,0.1,0.7,1,False,False,False,False,True,1e-06,True,2,0.050590606122984,-0.1716016177825743,0.4529034789591539,0.6348707647768188,1.9552148014852109,0.3709044362294863,0.9521290979491398,0.050590606122984,0.050590606122984,0.9,0.3338139926065377,0.9114829441060602
0.7254155454357364,0.0001196888770791,166.7332435438359,-8.718008445312638,0.1566094442210522,0.8001966786477128,0.0056064434947522,3,1,0.1,0.7,1,False,False,False,False,True,1e-06,True,2,0.0525234629900333,-5.225337398166802,1.7960885767508972,1.5249765905425126,1.978479651638224,0.2496927651461181,0.7753132147421008,0.0525234629900333,0.0525234629900333,0.9,0.2247234886315063,0.273902089631179
0.7239947257641965,0.0002145822247006,95.47128030289298,-8.819878986321756,0.269326394720702,0.7212069824190795,0.0104734637081836,3,1,0.1,0.7,1,False,False,False,False,True,1e-06,True,2,0.0541657266358107,-0.3203913520576193,1.7549950552431297,1.906169772178768,1.987277097345568,0.3865645014220331,0.7563620672873963,0.0541657266358107,0.0541657266358107,0.9,0.3479080512798298,0.3453016662405285
0.7266870289777678,3.026393883321625e-07,1250446.9744529226,-13.26528186137978,0.0006085199720855,0.6480819428924496,4.102316556045827e-07,3,1,0.1,0.7,1,False,False,False,False,True,1e-06,True,2,0.0502626699466513,-8.23269172811072,0.7345541451992477,0.1438677029998017,1.9968627372513528,0.5430147544875383,1.9043980342456976,0.0502626699466513,0.0502626699466513,0.9,0.4887132790387845,0.144449001524941
0.7237274857134657,9.908134589068214e-07,72509.02512919494,-8.312644006289327,0.0018987358217025,0.5316034726459261,8.050050317822912e-06,3,1,0.1,0.7,1,False,False,False,False,True,1e-06,True,2,0.0529259824614081,-0.1398026330022066,1.2194522439656303,0.4296920048086495,1.971426446766961,0.881101331078115,0.4718148928113839,0.0529259824614081,0.0529259824614081,0.9,0.7929911979703035,0.1981178184660508
0.7233826358066199,0.0001988696928435,122.81903525300568,-10.935439874357936,0.2711911102574966,0.8227624325052829,0.0067512269023596,3,1,0.1,0.7,1,False,False,False,False,True,1e-06,True,2,0.0517892509401546,-6.298941686265229,1.1750209667291671,1.0117290947387636,1.9667094365814763,0.2154176716054413,1.138051965561378,0.0517892509401546,0.0517892509401546,0.9,0.1938759044448972,0.3037975603941341
0.7238261935305078,2.3948611728131254e-07,77995.68628255292,-9.469399058516537,0.0005431273499367,0.5798992124604967,1.1923577962712251e-05,3,1,0.1,0.7,1,False,False,False,False,True,1e-06,True,2,0.0502530127522349,-0.389298776257581,1.9207157850957592,1.3826759667411688,1.949693245398712,0.7244375893476849,1.607758997153712,0.0502530127522349,0.0502530127522349,0.9,0.6519938304129164,0.1455579901415435
0.7202489676677819,5.521247065690887e-06,3231.5076821535613,-9.352706294883651,0.0102406325250811,0.7018614930478354,0.000295252589884,3,1,0.1,0.7,1,False,False,False,False,True,1e-06,True,2,0.050344423461162,-7.264262074492874,1.981612703115712,1.5015343040089302,1.910996028947844,0.424782538870308,1.4189238837340723,0.050344423461162,0.050344423461162,0.9,0.3823042849832772,0.1716632585915183
0.7247529831544984,1.7652902059276207e-08,1039670.4919273726,-10.312717892458329,4.3876510940765694e-05,0.564810409517851,8.860134103500677e-07,3,1,0.1,0.7,1,False,False,False,False,True,1e-06,True,2,0.0501451785641523,-1.7000954383871267,1.904770014569828,1.31115760710539,1.9674512302393024,0.7705056124118668,1.960803126663304,0.0501451785641523,0.0501451785641523,0.9,0.6934550511706801,0.1198125633535116
0.7245856049033422,1.1092050630550418e-05,3350.8920906840835,-16.275537215996337,0.0171763030124914,0.8241443152764241,0.0002102650628023,3,1,0.1,0.7,1,False,False,False,False,True,1e-06,True,2,0.0504048643033256,-1.4283472460116575,0.1383406113896385,0.6193067047821043,1.999444212183334,0.2133797218083008,1.4592342186889349,0.0504048643033256,0.0504048643033256,0.9,0.1920417496274707,0.3434217120976767
0.7241548633676489,1.7658114188338828e-06,10121.620039139909,-9.828220238540789,0.0033268755969088,0.6546465653855981,9.87984125293781e-05,3,1,0.1,0.7,1,False,False,False,False,True,1e-06,True,2,0.0508433380410099,-1.3343513964517122,1.8585261915353577,1.707526713179336,1.9593976606866004,0.5275418109174416,1.4979456474277002,0.0508433380410099,0.0508433380410099,0.9,0.4747876298256974,0.1586825318216723
0.7239468051874365,0.0007124471178115,36.3915749696488,-9.835993707265375,0.9750153650943024,0.6939150088456523,0.0240234703308052,3,1,0.1,0.7,1,False,False,False,False,True,1e-06,True,2,0.0536184571849486,-0.1994956388310438,1.810642469390984,1.1501511477866295,1.989470448428423,0.4410986752736895,1.979588187155738,0.0536184571849486,0.0536184571849486,0.9,0.3969888077463205,0.44838457510877
0.7232799813973003,2.058464386828768e-08,3511138.898967854,-10.313184561506798,4.32576914404723e-05,0.5623045270877347,1.653247027911695e-07,3,1,0.1,0.7,1,False,False,False,False,True,1e-06,True,2,0.0526936330582615,-6.948020545877849,1.86260079944092,0.3912618952742593,1.992168799469863,0.7783957834719206,1.6145081864239326,0.0526936330582615,0.0526936330582615,0.9,0.7005562051247286,0.1215732999261982
0.7267697837395417,1.4134266887596633e-07,653110.1247866496,-12.413516260543066,0.0002992517225847,0.6259192348456522,8.487879438315583e-07,3,1,0.1,0.7,1,False,False,False,False,True,1e-06,True,2,0.0501436639476259,-6.7743594616560285,0.8726560154416734,0.3093781290104712,1.991757482292282,0.597650214802224,1.1982310489629786,0.0501436639476259,0.0501436639476259,0.9,0.5378851933220017,0.1357260057158889
0.722468589820032,1.098556835941541e-07,194689.66881729203,-15.165071664052965,0.0002142851145732,0.6144654510559266,5.136379382749809e-06,3,1,0.1,0.7,1,False,False,False,False,True,1e-06,True,2,0.0512737110343517,-7.58640755429106,0.8885789670499771,1.385945264554126,1.9812066565098407,0.6274307990490797,0.9944949022356372,0.0512737110343517,0.0512737110343517,0.9,0.5646877191441718,0.1344420138216938
0.7252971484895719,0.000944719877659,53.90543739580091,-9.634059054329182,1.3964735222469886,0.832905099654714,0.0114233540329956,3,1,0.1,0.7,1,False,False,False,False,True,1e-06,True,2,0.0508165438538905,-0.3444447991802555,1.965135577188812,0.5483447086971288,1.964614483605888,0.2006169735478342,0.3670676209568169,0.0508165438538905,0.0508165438538905,0.9,0.1805552761930508,1.1493067282770884
0.7219279725538632,0.0001309889253916,500.67456406637314,-10.643301031797334,0.1396406990746209,0.7745199223072636,0.0012520256934216,3,1,0.1,0.7,1,False,False,False,False,True,1e-06,True,2,0.0552219752632253,-6.724732000202087,1.4501706221980175,0.506196799567264,1.9960802990925453,0.2911223729675541,1.9939732829282653,0.0552219752632253,0.0552219752632253,0.9,0.2620101356707988,0.252017166720215
0.7251992184050107,0.0001805885107116,166.25880803514465,-10.401464959016437,0.3133522601898132,0.7681148026284949,0.0042066070428445,3,1,0.1,0.7,1,False,False,False,False,True,1e-06,True,2,0.0500246446071519,-0.5294880927483412,1.565359206436143,0.7050817579447435,1.9617123683230475,0.301888723636092,1.1694644374588914,0.0500246446071519,0.0500246446071519,0.9,0.2716998512724828,0.3139968996679931
0.7222427416080425,1.0287395229896549e-06,36636.64085450469,-9.437182395793895,0.0019887961473503,0.6631758898759402,1.8200913169432417e-05,3,1,0.1,0.7,1,False,False,False,False,True,1e-06,True,2,0.0504837102495155,-6.479549821241919,1.9936871964979976,0.6315439550079218,1.934057019342073,0.507895590394683,0.9675097924388516,0.0504837102495155,0.0504837102495155,0.9,0.4571060313552147,0.1522165596056681
0.7226730704813562,1.0586765471176613e-07,334922.3520069701,-7.685281072833692,0.0001613092544744,0.5986853115038169,2.14075131261344e-06,3,1,0.1,0.7,1,False,False,False,False,True,1e-06,True,2,0.0547616097119788,-9.798969779288845,1.480838972061281,0.8113778110108121,1.9818164892369448,0.6703265986067615,0.4981479768258543,0.0547616097119788,0.0547616097119788,0.9,0.6032939387460854,0.1376027256725865
0.7221596433127068,0.0001691964788205,812.7784568528596,-10.029219060711252,0.1811560817426794,0.8725845181130087,0.0006917113348969,3,1,0.1,0.7,1,False,False,False,False,True,1e-06,True,2,0.053797008210545,-2.2728415141979506,1.9097872440811767,0.3880222805754401,1.9678521823995752,0.1460207913870981,0.105327454548124,0.053797008210545,0.053797008210545,0.9,0.1314187122483882,0.5038973117384876
0.7230358535903418,1.576515046382954e-07,280081.22937067423,-9.121463582564347,0.0002726799895858,0.6055249365241204,2.363157767613854e-06,3,1,0.1,0.7,1,False,False,False,False,True,1e-06,True,2,0.0527832681673718,-8.273949394200915,1.814699854206144,0.6168747949178722,1.9689114053074743,0.651459650432028,1.074659597761844,0.0527832681673718,0.0527832681673718,0.9,0.5863136853888252,0.13512961317437
0.7222594495377732,0.001988241777358,13.471036565399912,-7.225782061987506,1.4452057627691566,0.9060032049559936,0.0663099362305128,3,1,0.1,0.7,1,False,False,False,False,True,1e-06,True,2,0.0580163521694186,-7.188114747521455,1.92349265538984,1.3614808062182795,1.991430152780869,0.1037488548934792,1.1785379982444115,0.0580163521694186,0.0580163521694186,0.9,0.0933739694041313,0.6692832183536108
0.7224070879742724,1.2015910506876142e-08,35665737.7074541,-14.637469116317778,2.775448212445296e-05,0.584339186730559,1.4310002735413721e-08,3,1,0.1,0.7,1,False,False,False,False,True,1e-06,True,2,0.0513015455853429,-3.7069017406733673,0.4154715753865461,0.1273266184268452,1.982505302337341,0.7113348252324276,0.7100088449251091,0.0513015455853429,0.0513015455853429,0.9,0.6402013427091849,0.1258705460265125
0.7232549459614928,2.6876383430442257e-08,603357.1110982522,-14.480355233588377,5.950742995243914e-05,0.6121109385677391,1.6573932423209038e-06,3,1,0.1,0.7,1,False,False,False,False,True,1e-06,True,2,0.0503052370339572,-2.5786740691228065,0.8804981660487876,1.8370837715994253,1.9721428565336407,0.6336907854315944,0.1485852846503109,0.0503052370339572,0.0503052370339572,0.9,0.570321706888435,0.1338090682306851
0.7221552656752035,2.318204470257177e-06,11477.725024742827,-12.976651018225075,0.0042120152510948,0.709746521655296,6.4319845845042e-05,3,1,0.1,0.7,1,False,False,False,False,True,1e-06,True,2,0.050388344822586,-4.126744468093843,0.6125758058982971,0.7691178422296991,1.9496092690550173,0.4089537172619947,0.3269179660407694,0.050388344822586,0.050388344822586,0.9,0.3680583455357952,0.1789439306095332
0.7237257898291944,1.8615344502792465e-07,132432.66087777782,-13.849602660551744,0.0004572626851705,0.4968552929807368,6.516934632549515e-06,3,1,0.1,0.7,1,False,False,False,False,True,1e-06,True,2,0.0510310805603875,-0.1231333347181919,1.0102768138159608,1.0255694533891038,1.9793069778513936,1.012658442261518,1.9145276647939728,0.0510310805603875,0.0510310805603875,0.9,0.9113925980353664,0.1716893218111677
0.7233073174244278,0.0001736059044999,242.47606184411464,-9.40759926469516,0.216142669772956,0.8478945810358084,0.0026518111494682,3,1,0.1,0.7,1,False,False,False,False,True,1e-06,True,2,0.0524532197917217,-7.417452869225006,1.2201147129019043,0.616957092730628,1.9587020130057744,0.1793918989060831,0.3191342058721823,0.0524532197917217,0.0524532197917217,0.9,0.1614527090154748,0.3589994966036808
0.7216833155524649,2.674818018058493e-05,1052.0999819704548,-8.949053511581756,0.0290028211383787,0.7002706191728348,0.0008920003546874,3,1,0.1,0.7,1,False,False,False,False,True,1e-06,True,2,0.0562732104521515,-1.8080424240026751,1.859903353883397,1.4303396575871612,1.992556588144499,0.4280193579750749,1.57654760344583,0.0562732104521515,0.0562732104521515,0.9,0.3852174221775675,0.202469488324589
0.721566853051388,6.579336553381431e-06,2902.5791883788324,-12.5994256697119,0.0116318982957028,0.7049457806821151,0.0003445211433902,3,1,0.1,0.7,1,False,False,False,False,True,1e-06,True,2,0.0507361524531158,-3.562719228024421,1.329436595601572,1.610616193359971,1.9486381476992307,0.4185488124099225,1.5150491669001198,0.0507361524531158,0.0507361524531158,0.9,0.3766939311689302,0.1780120987384837
0.7218021174336926,2.6460792322902346e-06,9533.009640125652,-9.110614383064744,0.0028405140842562,0.688774529856937,0.0001046498249271,3,1,0.1,0.7,1,False,False,False,False,True,1e-06,True,2,0.0566486732684979,-2.741331956697532,1.920765451396114,1.9990488780649125,1.997009750102788,0.4518539183028538,0.1388198985332574,0.0566486732684979,0.0566486732684979,0.9,0.4066685264725684,0.1907412935424185
0.7235252574437634,9.18275985181124e-08,218447.89257721635,-16.874274397901267,0.0001933087631788,0.6174353885300573,4.577750729095561e-06,3,1,0.1,0.7,1,False,False,False,False,True,1e-06,True,2,0.0504002592060895,-5.6975112040459,0.8262968707466362,1.470581616206826,1.989560016211726,0.6196026638199718,0.836162996744741,0.0504002592060895,0.0504002592060895,0.9,0.5576423974379746,0.1336512569808469
0.7246739838518077,9.762457419799285e-08,6823836.968453163,-13.291387286751512,0.0001996566837101,0.6231393984177371,7.43585679092127e-08,3,1,0.1,0.7,1,False,False,False,False,True,1e-06,True,2,0.0506150342053874,-9.555815556236798,0.6778994747063374,0.107830382410978,1.981144166943796,0.6047773620785007,1.835881446681738,0.0506150342053874,0.0506150342053874,0.9,0.5442996258706507,0.135493731138815
0.7222650195094656,5.015600072246966e-05,1348.7936209780055,-9.728714825142864,0.0703615354303652,0.768928662620162,0.0004410872416637,3,1,0.1,0.7,1,False,False,False,False,True,1e-06,True,2,0.0522427247670631,-9.83674854537136,1.7858418453652052,0.4459786752250662,1.952809946212013,0.3005107607673916,0.9103421813569328,0.0522427247670631,0.0522427247670631,0.9,0.2704596846906524,0.230156758193882
0.7244401360748979,8.634944881443596e-07,23185.478063466373,-16.667953224646432,0.0017167549074408,0.6657836046823741,4.3130445492590993e-05,3,1,0.1,0.7,1,False,False,False,False,True,1e-06,True,2,0.0500793489233998,-8.754270602805418,0.9778638061843796,1.643808214260688,1.993842069885639,0.501989524775202,1.8037985919125727,0.0500793489233998,0.0500793489233998,0.9,0.4517905722976817,0.1515683291782431
0.7264845733490132,1.335677036910979e-06,25644.92213693416,-9.771784072408115,0.0022336332040451,0.6539645736023763,2.8045307222110497e-05,3,1,0.1,0.7,1,False,False,False,False,True,1e-06,True,2,0.0520711158926347,-6.952602302020371,1.9323259174133824,0.7543715346471715,1.9972708881572776,0.529134819171444,1.4048363081766004,0.0520711158926347,0.0520711158926347,0.9,0.4762213372542996,0.1526396283018053
0.720950803192283,1.2690804056984096e-05,3431.051899930779,-8.690852833173262,0.0146682654353328,0.7153223517459559,0.0001992243653214,3,1,0.1,0.7,1,False,False,False,False,True,1e-06,True,2,0.0552735539246308,-4.454711642665798,1.2450282596598938,0.6986733398731467,1.966877931565946,0.3979711350542926,0.56288938247322,0.0552735539246308,0.0552735539246308,0.9,0.3581740215488633,0.2004102649682355
0.7216521191522102,6.843762844196238e-08,272617.31312854035,-16.863360165559307,0.0001454768695575,0.6088379537418791,3.668145603899818e-06,3,1,0.1,0.7,1,False,False,False,False,True,1e-06,True,2,0.0505225727910918,-3.899903800506724,0.9741558721385382,1.83762840493008,1.973155447163365,0.6424731635964283,0.7053995526099487,0.0505225727910918,0.0505225727910918,0.9,0.5782258472367855,0.1318181932590559
0.7209057294328081,0.0002444720741288,87.52739741776827,-10.899404392502486,0.3044215505257243,0.8195482432511716,0.01142390945971,3,1,0.1,0.7,1,False,False,False,False,True,1e-06,True,2,0.0528348700962273,-7.608571858323223,1.396068167180354,1.536567343503156,1.9557174983148,0.2201844226191872,1.3618855243341648,0.0528348700962273,0.0528348700962273,0.9,0.1981659803572684,0.3023269336283046
0.7238610194982862,0.0005159279073767,147.04955985174374,-10.49987157675852,0.7789120711099781,0.8745845933322828,0.0038033197561375,3,1,0.1,0.7,1,False,False,False,False,True,1e-06,True,2,0.0501212976502327,-3.940901531497504,1.1859861380715744,0.3487879001724478,1.94782207627556,0.1433999725399551,1.056659140127614,0.0501212976502327,0.0501212976502327,0.9,0.1290599752859596,0.4385363239146977
0.7266901384115978,0.0004308903089665,69.56162131433098,-10.084427146815026,0.6495941790185948,0.8766560948893591,0.0097031519765693,3,1,0.1,0.7,1,False,False,False,False,True,1e-06,True,2,0.0500779763184093,-7.107569798015323,1.2295618731124125,0.6756377462113042,1.9728299138241847,0.1406981663958063,0.7869483351601467,0.0500779763184093,0.0500779763184093,0.9,0.1266283497562257,0.4274060003098619
0.7228488599449148,1.0769326568943127e-06,23248.91090731948,-9.3428890462284,0.0022019327046876,0.6522267552557061,3.132439981868176e-05,3,1,0.1,0.7,1,False,False,False,False,True,1e-06,True,2,0.050084401040984,-0.6545993389840312,1.1776277558569863,0.8179193790750959,1.9338553116594528,0.5332091054865563,0.4492787634803785,0.050084401040984,0.050084401040984,0.9,0.4798881949379007,0.1681415993606567
0.7227498876205225,1.3254024044365817e-05,2230.0538733385984,-11.199072940680438,0.0187185183037969,0.7611873575971632,0.0003250057364444,3,1,0.1,0.7,1,False,False,False,False,True,1e-06,True,2,0.0522631113712115,-7.385267143267849,0.7168376258318415,0.7878895340814271,1.9663431261688369,0.3137370057704264,0.2287551059566864,0.0522631113712115,0.0522631113712115,0.9,0.2823633051933837,0.223895873800423
0.7212364040236131,6.351481704384246e-05,269.48263945882786,-13.90947598262164,0.1055780346468818,0.7946206092855767,0.0037107686550097,3,1,0.1,0.7,1,False,False,False,False,True,1e-06,True,2,0.0501297845514539,-8.051322861343955,1.2057689270881116,1.961475125418093,1.947950650920271,0.2584621998403423,0.8557760336064661,0.0501297845514539,0.0501297845514539,0.9,0.2326159798563081,0.250108861573443
0.7251094548105663,0.0008812807653299,16.96726097161693,-10.013133026577044,1.308548059408292,0.8969177504866014,0.0588302626420748,3,1,0.1,0.7,1,False,False,False,False,True,1e-06,True,2,0.0500192539797185,-9.586135730374073,1.616630763885832,1.66503466857337,1.9571339303706643,0.1149294341175362,1.4973616510344536,0.0500192539797185,0.0500192539797185,0.9,0.1034364907057826,0.5083141536894596
0.7255720180655224,5.164733201078402e-06,9429.104505119323,-9.130187374694,0.0088023149230794,0.7245495060649,6.765830884911742e-05,3,1,0.1,0.7,1,False,False,False,False,True,1e-06,True,2,0.0508040996990801,-3.2725055017060427,1.996324597933816,0.6039995627490501,1.966432983254884,0.3801679410853497,0.3103650284602678,0.0508040996990801,0.0508040996990801,0.9,0.3421511469768147,0.1922924889167765
0.7217084470740867,4.693506738119172e-05,803.2516145396536,-10.380708134273643,0.080001611819855,0.7875647205124902,0.000795621584071,3,1,0.1,0.7,1,False,False,False,False,True,1e-06,True,2,0.05,-4.726138398624201,1.1312046748532427,0.5611944118263553,1.9249884802178767,0.2697369167949427,0.6750086949632887,0.05,0.05,0.9,0.2427632251154484,0.2449740286549217
0.7218089971157987,1.957422831610639e-07,1832715.9611335543,-11.090639434407068,0.0003329453425151,0.6080362771386546,2.8167518640695896e-07,3,1,0.1,0.7,1,False,False,False,False,True,1e-06,True,2,0.0528876184391342,-6.328820716914587,1.2951956567260785,0.1646244474091801,1.9691557643423128,0.6446387125220218,1.5704608473126451,0.0528876184391342,0.0528876184391342,0.9,0.5801748412698196,0.1367019867498911
0.7234354850397521,5.285988698859877e-07,65028.44838463504,-8.126429337156134,0.0008489283820202,0.6527276888610015,1.1193473843356426e-05,3,1,0.1,0.7,1,False,False,False,False,True,1e-06,True,2,0.0526262876169468,-3.893110456993333,1.9007477360538432,0.8648946196045106,1.9597870956357004,0.5320324494659979,0.3100224846246502,0.0526262876169468,0.0526262876169468,0.9,0.4788292045193981,0.1554925793715515
0.7240123817140507,6.087129678044864e-05,453.1498001367426,-14.63380295131139,0.0981316799673665,0.8076500884767095,0.0017258520183025,3,1,0.1,0.7,1,False,False,False,False,True,1e-06,True,2,0.0502299142986515,-8.321075680061124,0.626302045417801,0.8065896698855404,1.979618963002258,0.2381599584618104,1.2699573904150632,0.0502299142986515,0.0502299142986515,0.9,0.2143439626156294,0.2679292333173019
0.725502798596195,1.0989948914480088e-06,326769.0389625327,-9.731935617212756,0.0015876328187962,0.6894723973073676,1.575868088589905e-06,3,1,0.1,0.7,1,False,False,False,False,True,1e-06,True,2,0.0531096269175445,-5.05050667306012,1.037229912611738,0.1780068455019924,1.994450216224268,0.4503843865328794,0.1345914391573461,0.0531096269175445,0.0531096269175445,0.9,0.4053459478795914,0.1751190218716479
0.7232678215985845,2.6108707498291005e-08,2045819.6937059069,-15.478159095355114,4.929806161418472e-05,0.6636429901315626,3.03185246974637e-07,3,1,0.1,0.7,1,False,False,False,False,True,1e-06,True,2,0.0513020448620179,-2.7999430655585567,0.1001601838729182,0.454310654881818,1.9947697567584413,0.5068342691328013,1.641251075690055,0.0513020448620179,0.0513020448620179,0.9,0.4561508422195212,0.1582432382085978
0.7214236249486683,0.0002071553639247,123.67687753372915,-11.208617145398252,0.3043057119112585,0.7636802118494329,0.0066536383126342,3,1,0.1,0.7,1,False,False,False,False,True,1e-06,True,2,0.0518255025827132,-0.5360120598543734,1.23425622519661,0.9735675615959362,1.9499360054372297,0.3094486206186522,1.4234446398099485,0.0518255025827132,0.0518255025827132,0.9,0.278503758556787,0.3189621083326757
0.720252278966261,1.7222374919351369e-07,104808.9188184197,-12.268385237666788,0.0003566913126605,0.6176274599609894,9.541172747255356e-06,3,1,0.1,0.7,1,False,False,False,False,True,1e-06,True,2,0.0505823808765324,-8.712433654801625,1.5146332662058255,1.80191014358816,1.9323624766871408,0.6190989954740063,1.6771814148127888,0.0505823808765324,0.0505823808765324,0.9,0.5571890959266057,0.1335378878919944
0.7248159243763758,2.209857107228729e-09,6174208.0464276215,-8.624659794378989,8.306394617665327e-06,0.5385639984659805,1.350322531950389e-07,3,1,0.1,0.7,1,False,False,False,False,True,1e-06,True,2,0.0505981714050887,-1.868270767104308,1.883096041189677,1.0938510384257172,1.9961529666020228,0.8567895419083925,1.2433508025461757,0.0505981714050887,0.0505981714050887,0.9,0.7711105877175533,0.1132329785137465
0.7254823367248646,0.0001737899516539,108.27802020180032,-10.307680461944924,0.2224607018546859,0.8432458797150134,0.0087711234100922,3,1,0.1,0.7,1,False,False,False,False,True,1e-06,True,2,0.0521723997804812,-3.422284447863727,1.294083758401897,1.5564275692519978,1.986585001772512,0.1858937280997611,0.3175227432895735,0.0521723997804812,0.0521723997804812,0.9,0.167304355289785,0.3625628375029892
0.7219924226358166,8.417626070166755e-08,745861.3072131489,-10.868420206367992,0.0001490546618509,0.5950090371861542,8.077139391290991e-07,3,1,0.1,0.7,1,False,False,False,False,True,1e-06,True,2,0.0529152491397091,-7.937069897505266,1.099265946089975,0.4459341697989939,1.9718888924392328,0.6806467423235805,1.2123075526541855,0.0529152491397091,0.0529152491397091,0.9,0.6125820680912224,0.1319502881474371
0.7267758817827519,2.0625143069426225e-07,156998.86541704863,-10.310654510465184,0.0004072539080575,0.618321875728836,4.512202137473319e-06,3,1,0.1,0.7,1,False,False,False,False,True,1e-06,True,2,0.050980098620789,-5.904828491985292,1.6546948922058051,0.7170967172012038,1.9917262657453487,0.617280641771355,1.423425564840083,0.050980098620789,0.050980098620789,0.9,0.5555525775942195,0.1354629611047599
0.7253206308813231,2.0491729809154923e-08,1039008.092640382,-9.245694854794229,4.81368683553134e-05,0.5905827975875902,7.477242527311881e-07,3,1,0.1,0.7,1,False,False,False,False,True,1e-06,True,2,0.0501878898910367,-7.980657101616439,1.2209801665209024,0.9407900276073096,1.9659252483812268,0.6932426817794136,0.5861406783471135,0.0501878898910367,0.0501878898910367,0.9,0.6239184136014723,0.1237059227624029
0.7207433020030859,1.461695365321231e-07,355735.26727312634,-9.56526411603179,0.000226715343756,0.5826812755012302,1.842830970343888e-06,3,1,0.1,0.7,1,False,False,False,False,True,1e-06,True,2,0.0546975534377056,-2.348764807358542,1.83716645051392,0.5839755723895471,1.9757762260912248,0.716204110282739,1.5351526910861946,0.0546975534377056,0.0546975534377056,0.9,0.6445836992544651,0.1354740305107494
0.7231300935524517,2.48312823245064e-07,199485.73121229568,-17.359691735113213,0.000462611817223,0.718973659593473,3.1630929990229897e-06,3,1,0.1,0.7,1,False,False,False,False,True,1e-06,True,2,0.05,-8.33287752428862,0.1210730022715233,0.4648219880029881,1.980442777217099,0.3908715384168963,1.1374689541052108,0.05,0.05,0.9,0.3517843845752067,0.1806931125914483
0.7276453401060725,7.615951171184917e-07,22674.75647297784,-11.96035934815755,0.0015575292164041,0.650946432690717,4.4101906877941845e-05,3,1,0.1,0.7,1,False,False,False,False,True,1e-06,True,2,0.0500192861731457,-8.374098736962198,1.7365652852589937,1.885135996694417,1.998767720595392,0.5362247180101353,1.987805422996625,0.0500192861731457,0.0500192861731457,0.9,0.4826022462091217,0.1449139624331186
0.7271811375849964,9.263889910493572e-06,5032.509714581192,-9.195602275520477,0.0143476310166757,0.7220853565113157,0.0001272261686752,3,1,0.1,0.7,1,False,False,False,False,True,1e-06,True,2,0.0518047265287611,-7.673597777011689,1.789666825539378,0.5860830667937004,1.9951673675370267,0.3848778277839638,0.69406906155564,0.0518047265287611,0.0518047265287611,0.9,0.3463900450055674,0.1897332283704735
0.7232156472649055,2.220217422420265e-05,6262.047273008829,-11.66406721319984,0.0388966868855438,0.7625982758539475,8.456519472857182e-05,3,1,0.1,0.7,1,False,False,False,False,True,1e-06,True,2,0.0500225433157288,-0.988277481396489,0.5867159030152536,0.2358922625181438,1.9463484666161608,0.3113064003196351,0.2866099301440854,0.0500225433157288,0.0500225433157288,0.9,0.2801757602876716,0.251619749726412
0.7247668418180567,3.468028737968506e-07,58222.72625567272,-11.74862714532262,0.0006399341046751,0.6291613441270297,1.7175423820233548e-05,3,1,0.1,0.7,1,False,False,False,False,True,1e-06,True,2,0.0514921834045794,-7.687205727896186,1.381756177227651,1.5346191396470308,1.9860069071931008,0.5894174194498774,1.4622675629834825,0.0514921834045794,0.0514921834045794,0.9,0.5304756775048897,0.1404494692542843
0.7202326833244203,1.4840594510706022e-05,2108.710921898167,-12.18569685437344,0.0258860533003664,0.7409897988464226,0.0003387001267759,3,1,0.1,0.7,1,False,False,False,False,True,1e-06,True,2,0.0503875238452939,-9.892396823254316,1.058673686560504,0.689846579641328,1.9267724677783984,0.3495462441680116,1.495114222490836,0.0503875238452939,0.0503875238452939,0.9,0.3145916197512104,0.1974154849857685
0.724789479003291,1.360668567679943e-06,46202.62257758884,-14.590658049725464,0.0024604359885992,0.7251016951217655,1.284302081375942e-05,3,1,0.1,0.7,1,False,False,False,False,True,1e-06,True,2,0.0501743395212329,-8.172687992669609,0.3108577147036566,0.3976348887658542,1.9840996021846125,0.3791168972954492,1.8458812306171268,0.0501743395212329,0.0501743395212329,0.9,0.3412052075659043,0.1855239414112669
0.7280616520563975,0.0006780112193851,143.73701181529063,-9.724476609999144,0.902613382955459,0.9062913657442238,0.0038030539724007,3,1,0.1,0.7,1,False,False,False,False,True,1e-06,True,2,0.0509750341636126,-1.7458741421306048,1.311916085503512,0.3336509275891713,1.9927804576928383,0.1033979113094882,0.383277178247027,0.0509750341636126,0.0509750341636126,0.9,0.0930581201785393,0.7580239850665579
0.7204906377910993,5.180405405931797e-06,9661.587316463034,-9.013537382425508,0.005293202810768,0.67157455445419,7.15256505292351e-05,3,1,0.1,0.7,1,False,False,False,False,True,1e-06,True,2,0.0575859271411373,-5.199499078830904,1.106643174607265,0.6955534027122985,1.998412291898708,0.4890379532213394,0.7543297397219003,0.0575859271411373,0.0575859271411373,0.9,0.4401341578992055,0.1794023603593842
0.7237145676340149,3.885607083596246e-08,498179.88238909823,-7.036219741238242,8.300365084958181e-05,0.4945276760068308,1.8799228063482808e-06,3,1,0.1,0.7,1,False,False,False,False,True,1e-06,True,2,0.0535817652788426,-0.168175451311237,1.649948013266492,1.545712630504624,1.9836121760513448,1.022131517642679,0.4975623118277917,0.0535817652788426,0.0535817652788426,0.9,0.9199183658784112,0.1540092380790935
0.7204954601633777,0.0007730961932493,23.94384270731389,-12.031615243437903,0.9654296895596708,0.882419205947365,0.0417142646510565,3,1,0.1,0.7,1,False,False,False,False,True,1e-06,True,2,0.0519930423006415,-2.143985755115807,1.1256557120767283,1.6841452783940385,1.9511542862787608,0.1332482263080394,0.8672408120198549,0.0519930423006415,0.0519930423006415,0.9,0.1199234036772354,0.5405718502000562
0.7249759954389933,1.7863409065226114e-06,22027.095865088635,-8.894408214681572,0.0033590664400131,0.6936008254329682,3.0019099421983702e-05,3,1,0.1,0.7,1,False,False,False,False,True,1e-06,True,2,0.0502704826360539,-3.279436588293895,1.9577279219196289,0.6644573380911007,1.954506712637388,0.4417514560709575,0.3762916390788043,0.0502704826360539,0.0502704826360539,0.9,0.3975763104638618,0.1699665213762927
0.7200298508129701,7.359070657422293e-07,84195.28494796244,-7.928318897563571,0.0009089962617026,0.6374909743655478,7.471344238751268e-06,3,1,0.1,0.7,1,False,False,False,False,True,1e-06,True,2,0.0560338893475249,-9.945844495581865,1.4438327940852194,0.5656999709215116,1.9648994365241657,0.5686496596994698,0.4584997146284557,0.0560338893475249,0.0560338893475249,0.9,0.5117846937295228,0.1561191492072125
0.7238336042174469,9.753365576600383e-07,19345.022976449185,-7.859484193123055,0.0015594037627637,0.6528714867318955,5.089799093392704e-05,3,1,0.1,0.7,1,False,False,False,False,True,1e-06,True,2,0.0526419068839299,-2.232857815466205,1.9448210184220247,1.7962877943760474,1.962532992796654,0.5316950124529705,0.5324772107407474,0.0526419068839299,0.0526419068839299,0.9,0.4785255112076734,0.1586859532322085
0.7236854249087763,4.092029971206092e-05,429.4585384314834,-8.120008336439547,0.0760587547004929,0.6040635661401872,0.0023236420956315,3,1,0.1,0.7,1,False,False,False,False,True,1e-06,True,2,0.0518381677206593,-0.1349091394468828,1.8535291083070191,1.8514197411209803,1.9555518423654008,0.655454915762833,0.4276385075189713,0.0518381677206593,0.0518381677206593,0.9,0.5899094241865497,0.3164182330158306
0.7281621916593457,1.127726635545192e-05,1707.4063644671514,-10.238439801913374,0.0205240298900572,0.7292615644490136,0.0004866168081715,3,1,0.1,0.7,1,False,False,False,False,True,1e-06,True,2,0.0500361663227835,-0.6341276370738829,1.2493579332275548,1.1696045343802273,1.9899562870557952,0.3712501093562229,0.2056342271505442,0.0500361663227835,0.0500361663227835,0.9,0.3341250984206007,0.2346959695081733
0.7235315688530651,1.5560840378385954e-07,2271627.428653925,-10.496966744458772,0.0003115356834028,0.6065363602220373,2.2649121452754215e-07,3,1,0.1,0.7,1,False,False,False,False,True,1e-06,True,2,0.0511104526920748,-1.6482187629463283,1.5315243937341454,0.158553009444278,1.9613539232657324,0.6487057752546372,1.1322066165861917,0.0511104526920748,0.0511104526920748,0.9,0.5838351977291736,0.1364199574741582
0.720173842183114,0.0002560482277149,69.06716789361725,-10.568898771565063,0.3369897555328105,0.869722838223688,0.0140070594639496,3,1,0.1,0.7,1,False,False,False,False,True,1e-06,True,2,0.0516233954147805,-8.665658439787553,1.2428933713383938,1.5655588744305888,1.928223719881757,0.1497915842274403,0.3449403972339715,0.0516233954147805,0.0516233954147805,0.9,0.1348124258046963,0.412670182217441
0.7254941950346683,8.272604482384954e-09,1965872.97843634,-9.160369473995914,2.0124684812021267e-05,0.5822857663312037,4.731414739606225e-07,3,1,0.1,0.7,1,False,False,False,False,True,1e-06,True,2,0.0515596747156289,-2.4879276903698475,1.875674825648272,1.5664776815084065,1.995339793160644,0.717369817058521,0.1536889178411183,0.0515596747156289,0.0515596747156289,0.9,0.6456328353526689,0.1271047925326503
0.7224156110875769,0.0003663093882735,58.39071604762509,-8.679216522411844,0.4967829291926098,0.8635727390884342,0.0141456716239787,3,1,0.1,0.7,1,False,False,False,False,True,1e-06,True,2,0.0513756657138854,-8.481854975576095,1.8235060845091708,1.151217176397815,1.9332310175657093,0.1579800458448643,0.6521704803687878,0.0513756657138854,0.0513756657138854,0.9,0.1421820412603778,0.3915932886536534
0.7286489522136099,6.617229074411371e-05,319.77795523170704,-9.1782237050401,0.1096120501405161,0.7918564962822466,0.0025294891363612,3,1,0.1,0.7,1,False,False,False,False,True,1e-06,True,2,0.0501443947853499,-4.847797382328235,1.7881481987402963,1.0768103296954954,1.9897940627708712,0.2628550813120605,0.7727323596956981,0.0501443947853499,0.0501443947853499,0.9,0.2365695731808544,0.2507812340115637
0.7233655384575584,1.0442440919634996e-08,4353696.69437812,-13.24457282640063,2.672671767964702e-05,0.575986061268137,1.4106071534192409e-07,3,1,0.1,0.7,1,False,False,False,False,True,1e-06,True,2,0.0500061215975376,-4.462694539191202,0.8212378490264899,0.4582769093231481,1.967048258710783,0.7361531246056893,1.5464437725151643,0.0500061215975376,0.0500061215975376,0.9,0.6625378121451203,0.119757986863767
0.7222025834275826,0.0019950024595463,9.984652848080096,-8.376660325567084,1.996025616881551,0.8743951073340471,0.0956417144399216,3,1,0.1,0.7,1,False,False,False,False,True,1e-06,True,2,0.0545618543603826,-0.7593928973982784,1.7499320964083702,1.5376339473045022,1.9637292358562524,0.1436477533010345,1.027024878223448,0.0545618543603826,0.0545618543603826,0.9,0.129282977970931,0.8690932248196255
0.724196618467846,2.2549757827266608e-08,811249.5255492621,-9.963252992866757,5.1160127079834114e-05,0.5750154570054535,1.1636269790399362e-06,3,1,0.1,0.7,1,False,False,False,False,True,1e-06,True,2,0.0509320991476401,-5.20005069405674,1.6276014418322355,1.4067433797255526,1.9689557404903548,0.7390836851721639,1.4232504351797144,0.0509320991476401,0.0509320991476401,0.9,0.6651753166549476,0.1214541353590657
0.7229104016752071,5.836083451602652e-05,648.0234560453631,-14.710363383141482,0.0903634589052658,0.861219762287883,0.0010461510613826,3,1,0.1,0.7,1,False,False,False,False,True,1e-06,True,2,0.05,-5.206500379412016,0.2977760797476699,0.5785586441095862,1.9660391349119144,0.1611438146094543,1.8139463242183216,0.05,0.05,0.9,0.1450294331485089,0.3831135284873546
0.7243146746055317,1.3512785844628576e-08,3610868.257734783,-9.655609079231777,3.2594525754012354e-05,0.5975691954635336,1.6254917127484493e-07,3,1,0.1,0.7,1,False,False,False,False,True,1e-06,True,2,0.0500388532651582,-8.5864086486235,0.9424181148634972,0.4455595933915766,1.95653831059817,0.6734463683729569,0.2384515248763319,0.0500388532651582,0.0500388532651582,0.9,0.6061017315356613,0.1254268924727659
0.722844341167706,0.0008147605501739,20.32108299859198,-13.18216438023224,1.2011998387819436,0.8983489730203481,0.0491203056705073,3,1,0.1,0.7,1,False,False,False,False,True,1e-06,True,2,0.0500703725659265,-7.098162978536314,1.200969975110887,1.925463861461434,1.9600792264793188,0.1131531621145955,1.9672362992713088,0.0500703725659265,0.0500703725659265,0.9,0.1018378459031359,0.5253197794060801
0.7230370401469955,1.0418864897251545e-07,541660.6920219074,-11.811741417027337,0.0001982761019235,0.6046964741153729,1.1295179681525374e-06,3,1,0.1,0.7,1,False,False,False,False,True,1e-06,True,2,0.0517636083126771,-8.283594456399658,1.1059303747414002,0.4607353929294658,1.9719289883830509,0.6537222272759695,1.6270252416047837,0.0517636083126771,0.0517636083126771,0.9,0.5883500045483726,0.1322102858806272
0.7213731206051622,1.579952383719186e-07,194840.2977890823,-11.759809940283285,0.0003341733872369,0.6258174371352686,3.603254896167591e-06,3,1,0.1,0.7,1,False,False,False,False,True,1e-06,True,2,0.0502259702866507,-4.698672431503463,0.965566247916498,0.6762367447866925,1.9344976486934564,0.5979100943201316,1.0351711577927367,0.0502259702866507,0.0502259702866507,0.9,0.5381190848881185,0.1366719278585055
0.7228658130713841,3.50915509153826e-08,541332.5483319372,-16.04619827918432,7.937021151526703e-05,0.5877816312868004,1.8472933211481347e-06,3,1,0.1,0.7,1,False,False,False,False,True,1e-06,True,2,0.0504066971840187,-2.5078187193049617,1.0528530488731238,1.6759063609783853,1.9795481853532464,0.701312097505924,1.4043523217803442,0.0504066971840187,0.0504066971840187,0.9,0.6311808877553317,0.1258895738691185
0.7225722179192323,1.206958398768888e-09,45593899.28889351,-12.768582769328573,5.535281391895406e-06,0.5473545386329953,1.2001135143823233e-08,3,1,0.1,0.7,1,False,False,False,False,True,1e-06,True,2,0.05,-2.810592692391176,0.7435952386712062,0.2854439230530942,1.9904568077116167,0.8269694127273993,1.0420685253771422,0.05,0.05,0.9,0.7442724714546594,0.1128902334463369
0.7279676525374077,0.000131939494882,121.81668738793678,-9.459035733237874,0.2088020378014428,0.8268067309785316,0.0078773071817257,3,1,0.1,0.7,1,False,False,False,False,True,1e-06,True,2,0.0501712255738093,-9.771727045314544,1.6987031372723056,1.6193858505499004,1.984037814125232,0.2094724952426221,0.6383433846484616,0.0501712255738093,0.0501712255738093,0.9,0.1885252457183599,0.2969622239773203
0.7207498311327126,2.1555442158879562e-07,831237.1702400416,-9.409502191275951,0.0003534295202264,0.6120620807317618,6.429159575637397e-07,3,1,0.1,0.7,1,False,False,False,False,True,1e-06,True,2,0.053253708359459,-5.796635967751673,1.6051502474987258,0.2525756597986533,1.9525552814279448,0.6338211947461796,0.876173700270426,0.053253708359459,0.053253708359459,0.9,0.5704390752715617,0.1392927868472707
0.722173410603233,1.1353362902104873e-05,1787.2486201435845,-17.375668110827522,0.0198044852246986,0.7349554502115245,0.000559519044023,3,1,0.1,0.7,1,False,False,False,False,True,1e-06,True,2,0.0503941766234389,-4.627265046397112,0.907678191506216,1.7336521658968922,1.9831490422883449,0.3606266879335257,1.11408849400484,0.0503941766234389,0.0503941766234389,0.9,0.3245640191401731,0.196055495841109
0.7251384080531561,4.560646900331413e-07,47242.320912489165,-9.892085767559644,0.000679153497055,0.6714691163778982,2.0615955134262644e-05,3,1,0.1,0.7,1,False,False,False,False,True,1e-06,True,2,0.0531214289261109,-5.290182578955879,1.9908372797402447,1.8040673900983248,1.9927935307218616,0.48927177082141,0.1038135467208451,0.0531214289261109,0.0531214289261109,0.9,0.440344593739269,0.1650819057809789
0.7233822639051486,5.255363510557924e-06,16175.329259220907,-9.495146413883951,0.0073773491390619,0.6916556734570748,3.579768043520471e-05,3,1,0.1,0.7,1,False,False,False,False,True,1e-06,True,2,0.0533934537280308,-8.186818941229571,1.6246495130936998,0.4013165606216679,1.9777274193194747,0.4458061118789644,0.892158118227692,0.0533934537280308,0.0533934537280308,0.9,0.401225500691068,0.1757326491523796
0.7233619344463875,0.0001776622364651,445.2138895630524,-11.160910741040652,0.2938589834636577,0.8088560815976825,0.0012654441105137,3,1,0.1,0.7,1,False,False,False,False,True,1e-06,True,2,0.05,-2.110170049294529,1.505808040970491,0.3444144693880313,1.9473052474914048,0.2363138792561996,1.4642591667968827,0.05,0.05,0.9,0.2126824913305797,0.2907344264992394
0.7265476471075589,0.000171833682621,216.5153903574357,-9.524481750274097,0.2498317128221089,0.8213322877602097,0.0031038148652975,3,1,0.1,0.7,1,False,False,False,False,True,1e-06,True,2,0.0511126398475847,-8.682643607057164,1.945848113679006,0.6669977355067304,1.9809116123795525,0.217534017476679,0.8834133875550575,0.0511126398475847,0.0511126398475847,0.9,0.1957806157290111,0.2940334710942805
0.7212355117902973,0.0006014354752736,33.75792351838687,-10.18644005241821,0.8300559819710057,0.7735105305682816,0.0290272436241408,3,1,0.1,0.7,1,False,False,False,False,True,1e-06,True,2,0.0523621197964515,-0.407183733020112,1.6512163523545682,1.5020769532869134,1.9474414100731248,0.2928072217262787,1.6017063048303453,0.0523621197964515,0.0523621197964515,0.9,0.2635264995536509,0.4122376375008517
0.7244696969650474,1.5861420500748488e-07,362633.9528835776,-10.783247540857689,0.0003267763979437,0.6125310329479675,1.6583287309659425e-06,3,1,0.1,0.7,1,False,False,False,False,True,1e-06,True,2,0.0506842197815179,-5.0164566108756246,1.766792026156471,0.4450168433461989,1.9676028706991773,0.6325703453541539,1.552654337442044,0.0506842197815179,0.0506842197815179,0.9,0.5693133108187385,0.132931684226816
0.7256651811957667,4.783292494059483e-07,61900.699044705616,-9.28726750165474,0.0009655560814123,0.6644777616709872,1.0995442606856336e-05,3,1,0.1,0.7,1,False,False,False,False,True,1e-06,True,2,0.05,-3.783629607851595,1.21346815447209,0.7075285404694122,1.9606353676108987,0.5049412601638653,0.3573696044675016,0.05,0.05,0.9,0.4544471341474788,0.1530262713177554
0.7243024202029644,2.389395605206841e-05,1995.7210152679545,-10.249348133436383,0.0406008475551554,0.7451010734936755,0.0003097841753387,3,1,0.1,0.7,1,False,False,False,False,True,1e-06,True,2,0.050554090495038,-2.172922654479112,1.469408228135435,0.5041992331229033,1.9576647407047711,0.3420997976974302,0.9332477984923934,0.050554090495038,0.050554090495038,0.9,0.3078898179276872,0.2128021704367674
0.7212869388780041,5.783928670481008e-06,4277.175165716433,-9.94880795129582,0.0075012358537554,0.6772447403137634,0.0002287165065024,3,1,0.1,0.7,1,False,False,False,False,True,1e-06,True,2,0.0545565732858607,-5.804200924244609,1.6354986664963298,1.5207716365087234,1.975581138891273,0.4765710835003401,1.5629966016435843,0.0545565732858607,0.0545565732858607,0.9,0.4289139751503061,0.1724348418840396
0.7221050755253324,3.4984254383449495e-05,1624.9122461168297,-12.477139497246228,0.0597933185532031,0.771895022663672,0.0003680573388516,3,1,0.1,0.7,1,False,False,False,False,True,1e-06,True,2,0.0501505245100484,-9.80311500027601,0.983646126433462,0.4220086657907943,1.9442273275077937,0.2955129527188534,1.6922552999581346,0.0501505245100484,0.0501505245100484,0.9,0.2659616574469681,0.2237303215508548
0.724367387376005,0.0004137561690161,118.26270031595774,-9.805596438491664,0.4760906430767174,0.8289597654284833,0.0054787627171207,3,1,0.1,0.7,1,False,False,False,False,True,1e-06,True,2,0.0535381716763861,-4.6616572134997005,1.738732301116379,0.5827880485933632,1.9896728986305003,0.2063311655217757,1.4913188300774165,0.0535381716763861,0.0535381716763861,0.9,0.1856980489695981,0.3314650637539666
0.723857123837068,9.10969599682028e-05,482.92992306082857,-7.802066778516986,0.1299864726915675,0.6068444131208763,0.0014123605567111,3,1,0.1,0.7,1,False,False,False,False,True,1e-06,True,2,0.0547125352638411,-0.1420295921857253,1.6241432117112402,0.7113937157228862,1.9874922460501283,0.6478688414666375,0.5761748072975846,0.0547125352638411,0.0547125352638411,0.9,0.5830819573199737,0.3432675722670022
0.7260584434027146,1.721666239701111e-05,21539.548937318603,-9.97317454978024,0.0240787264943109,0.7824661698031679,2.391827989775828e-05,3,1,0.1,0.7,1,False,False,False,False,True,1e-06,True,2,0.0520356922542412,-9.39127831113502,1.3648559409635812,0.1808392781436507,1.9876075934414177,0.2780105244058711,0.1493897142167907,0.0520356922542412,0.0520356922542412,0.9,0.250209471965284,0.2440717970313526
0.7232022531042017,2.55328514820293e-08,585031.5005536177,-9.79120340030681,5.856250673566068e-05,0.5961653505007749,1.709309669977359e-06,3,1,0.1,0.7,1,False,False,False,False,True,1e-06,True,2,0.0502646239416391,-9.034043161756715,1.5254429153883171,1.8767498222196288,1.9477738152407085,0.6773869852717985,0.4949338986065441,0.0502646239416391,0.0502646239416391,0.9,0.6096482867446187,0.1254991521017182
0.7250276316855948,0.0010127354366535,18.37206040404609,-8.865250012853146,1.454737332339893,0.8948988957304518,0.0456485441303155,3,1,0.1,0.7,1,False,False,False,False,True,1e-06,True,2,0.0503843798519053,-3.2453605859170302,1.863052412621167,1.1340978321455968,1.95093651179897,0.1174446686335003,1.2809267500953847,0.0503843798519053,0.0503843798519053,0.9,0.1057002017701503,0.5524133279193378
0.7204533375846318,7.741233672589255e-07,62072.10803662189,-14.634643517369888,0.0011918530637878,0.6811654524203914,1.0746314047001297e-05,3,1,0.1,0.7,1,False,False,False,False,True,1e-06,True,2,0.0525760793854278,-5.413442142414487,0.3742873109159995,0.556120742469742,1.973662241930478,0.4680721056047262,1.6317125592251438,0.0525760793854278,0.0525760793854278,0.9,0.4212648950442536,0.1683948871425299
0.7276289232769001,0.000371542318614,95.26123524319704,-11.188527894821531,0.5702420058303166,0.8660487848974163,0.0068089811135783,3,1,0.1,0.7,1,False,False,False,False,True,1e-06,True,2,0.05,-4.737256798926353,0.9963400476122636,0.5826862400745698,1.9896386374308728,0.1546693644035887,0.9859159077814544,0.05,0.05,0.9,0.1392024279632298,0.4006076760582107
