efficiency,dark count rate,jitter,entropy production,entropy rate,machine_efficiency,d_l,e_max,e_s,TH,TC,g_sl,g_ml,e_C,e_C_factor,t_f,t_steps,rateM,rateD,rateB,Tb,Td,k,Tb_indep_flag,Td_indep_flag,Td_eq_Tb_flag,Max_TV_flag,epsilon,e_l,TV
0.1282589725176686,0.0049947689699265,3.766598509102051,0.1942412689817161,0.0009508747883256,0.7692307692307693,3,1,0.1,823760.7190944916,1.900967265181408,1,0.5873331120479734,0.27,0.3,1,10,1,0.5888959257727334,0.8,1.900967265181408,1.900967265181408,1,False,False,False,True,1e-05,0.9,-6.336620916180199
0.2749709131788149,0.0334023029988097,6.014867836713551,0.4452203800738368,-0.0003587935060287,0.7692307692307693,3,1,0.1,360367.7483463274,0.8316095647188438,1,1.3971131154090812,0.27,0.3,1,10,1,0.994704896356635,0.8,0.8316095647188438,0.8316095647188438,1,False,False,False,True,1e-05,0.9,-2.7720596027149704
0.2503511334196809,0.0151171314058973,6.850498554025047,0.341874433248871,-0.0014834141352344,0.7692307692307693,3,1,0.1,405293.8587102271,0.9352841672890162,1,0.5711979981441518,0.27,0.3,1,10,1,1.145533793616063,0.8,0.9352841672890162,0.9352841672890162,1,False,False,False,True,1e-05,0.9,-3.117645067102297
0.2437481409459009,0.0143395915000216,4.328815897003503,0.225751452104624,-0.0015286590877977,0.7692307692307693,3,1,0.1,577626.9373997143,1.3329719104664162,1,0.6741569191813965,0.27,0.3,1,10,1,1.20031163247835,0.8,1.3329719104664162,1.3329719104664162,1,False,False,False,True,1e-05,0.9,-4.443284133951737
0.1312306391889689,0.0136595741137077,4.382697511980038,0.2883039303814033,0.0048899263991557,0.7692307692307693,3,1,0.1,606048.4597960784,1.3985593831837748,1,1.4081189674376464,0.27,0.3,1,10,1,0.5515650587721928,0.8,1.3985593831837748,1.3985593831837748,1,False,False,False,True,1e-05,0.9,-4.661911229258689
0.1071235447987751,0.0036519219085252,3.9008075134662974,0.1938483169778591,0.0010791138549664,0.7692307692307693,3,1,0.1,858075.6988591998,1.9801548881796969,1,0.5447502607733786,0.27,0.3,1,10,1,0.510635309010739,0.8,1.9801548881796969,1.9801548881796969,1,False,False,False,True,1e-05,0.9,-6.600582299095263
0.2990641397537809,0.0298038921862529,3.897987003838625,0.1616844074341784,-0.0040983645535448,0.7692307692307693,3,1,0.1,742085.2629518148,1.712487328109686,1,1.9477896490946065,0.27,0.3,1,10,1,1.6327123358230762,0.8,1.712487328109686,1.712487328109686,1,False,False,False,True,1e-05,0.9,-5.708348176609891
0.3096711850258846,0.0354210067554336,4.759405373804435,0.2687685720813721,-0.005498690845173,0.7692307692307693,3,1,0.1,497692.7962597364,1.1485103524444822,1,1.579700707583113,0.27,0.3,1,10,1,1.4043929742028465,0.8,1.1485103524444822,1.1485103524444822,1,False,False,False,True,1e-05,0.9,-3.828406125160023
0.2442532505829759,0.0266711255414783,3.882007950769399,0.2331018842796188,-0.0014304855617256,0.7692307692307693,3,1,0.1,614519.5960066471,1.4181079635800264,1,1.7434208264959217,0.27,0.3,1,10,1,1.0115971754095223,0.8,1.4181079635800264,1.4181079635800264,1,False,False,False,True,1e-05,0.9,-4.727073815532208
0.8319357667680515,4.599457559236717e-06,11.446357616999297,7.823797754766755,2.1543721287609707,0.7692307692307693,3,1,0.1,8458.532102206975,0.0195194942717492,1,0.746715723071024,0.27,0.3,1,10,1,1.9902035245305043,0.8,0.0195194942717492,0.0195194942717492,1,False,False,False,True,1e-05,0.9,-0.0650656315556398
0.1891392025281928,0.0108227636190656,6.394539037872294,0.3450011330506051,0.0010479327693425,0.7692307692307693,3,1,0.1,443314.63031039335,1.0230235320375365,1,0.5560262269527172,0.27,0.3,1,10,1,0.8095387944755389,0.8,1.0230235320375365,1.0230235320375365,1,False,False,False,True,1e-05,0.9,-3.4101125409095228
0.6938122947010082,0.0129497432156112,19.747674818052666,1.9360326355748976,0.1474039052829074,0.7692307692307693,3,1,0.1,48863.96386460663,0.1127618659182561,1,0.5413416643000325,0.27,0.3,1,10,1,1.9862167705894629,0.8,0.1127618659182561,0.1127618659182561,1,False,False,False,True,1e-05,0.9,-0.3758766451230511
0.2182925990103794,0.0229471985282082,3.68259134131689,0.2142204010792951,-0.0002729641339793,0.7692307692307693,3,1,0.1,686293.0609076943,1.583737380119261,1,1.850126895446075,0.27,0.3,1,10,1,0.89666200122484,0.8,1.583737380119261,1.583737380119261,1,False,False,False,True,1e-05,0.9,-5.2791773916435405
0.3195530533950858,0.0385938211265642,5.337482295584121,0.3243488676147569,-0.0059904263912296,0.7692307692307693,3,1,0.1,431805.819504343,0.9964650034498248,1,1.6218293065249303,0.27,0.3,1,10,1,1.3478753235586067,0.8,0.9964650034498248,0.9964650034498248,1,False,False,False,True,1e-05,0.9,-3.321583226999532
0.2030166318511617,0.0229121299552198,4.732181982018908,0.3320648022486757,0.0023382911274969,0.7692307692307693,3,1,0.1,488574.1728085424,1.1274675856606626,1,1.3723097286789017,0.27,0.3,1,10,1,0.7811814897367972,0.8,1.1274675856606626,1.1274675856606626,1,False,False,False,True,1e-05,0.9,-3.758262867788398
0.2983674373051093,0.0267432612135781,3.862505425245703,0.1336019381460056,-0.0034899825298964,0.7692307692307693,3,1,0.1,859316.9364674904,1.983019254014036,1,1.935448890784756,0.27,0.3,1,10,1,1.8145268870932207,0.8,1.983019254014036,1.983019254014036,1,False,False,False,True,1e-05,0.9,-6.610130280688589
0.2743693624722799,0.0320763617545426,4.331290961347103,0.2613110600828421,-0.0030700099728013,0.7692307692307693,3,1,0.1,538633.8380585834,1.2429887348836215,1,1.8005126723010103,0.27,0.3,1,10,1,1.143871468349111,0.8,1.2429887348836215,1.2429887348836215,1,False,False,False,True,1e-05,0.9,-4.143337215903236
0.2783709522826096,0.0151673851704832,4.187578064008993,0.1338304678486452,-0.0021160706840123,0.7692307692307693,3,1,0.1,832331.5955420929,1.9207460130805685,1,0.8906543624219453,0.27,0.3,1,10,1,1.959981580490077,0.8,1.9207460130805685,1.9207460130805685,1,False,False,False,True,1e-05,0.9,-6.402550735135665
0.2410312902112967,0.0135197265175307,4.611157772108698,0.2392994630200355,-0.0013961160276346,0.7692307692307693,3,1,0.1,549593.7764330386,1.2682806474260333,1,0.6264304052388557,0.27,0.3,1,10,1,1.1758383053894697,0.8,1.2682806474260333,1.2682806474260333,1,False,False,False,True,1e-05,0.9,-4.227644434108359
0.1627963273361209,0.0139170112510943,3.534986383725385,0.2110773072917218,0.0015570894699295,0.7692307692307693,3,1,0.1,752169.4834201899,1.735758373446949,1,1.285604342728003,0.27,0.3,1,10,1,0.6819187922232485,0.8,1.735758373446949,1.735758373446949,1,False,False,False,True,1e-05,0.9,-5.785919103435613
0.3157554188564432,0.0314968618258377,4.572269210878917,0.169520785377992,-0.0051217833662932,0.7692307692307693,3,1,0.1,686894.8649016884,1.585126144684121,1,1.7512543228108617,0.27,0.3,1,10,1,1.927902155041206,0.8,1.585126144684121,1.585126144684121,1,False,False,False,True,1e-05,0.9,-5.283806653151893
0.3294594476237508,0.0376912641702704,5.744162998180525,0.336064073166091,-0.0067390213178574,0.7692307692307693,3,1,0.1,410840.2104794315,0.9480833126010836,1,1.3640933409264158,0.27,0.3,1,10,1,1.4487761814098945,0.8,0.9480833126010836,0.9480833126010836,1,False,False,False,True,1e-05,0.9,-3.160309311447366
0.3457608400939079,0.0297760508254038,9.494659416940191,1.5310543732265636,0.0424533857665092,0.7692307692307693,3,1,0.1,123858.3356469614,0.2858240701770353,1,1.0763838545489708,0.27,0.3,1,10,1,0.938276399787364,0.8,0.2858240701770353,0.2858240701770353,1,False,False,False,True,1e-05,0.9,-0.952756428059124
0.3629448064898795,0.0271386806197476,14.534286672794329,1.035221493167166,0.0057927807891991,0.7692307692307693,3,1,0.1,165110.17477056608,0.3810196700528397,1,0.7181475612702526,0.27,0.3,1,10,1,1.196695546934397,0.8,0.3810196700528397,0.3810196700528397,1,False,False,False,True,1e-05,0.9,-1.270078267498468
0.2947792099701214,0.0347180113394916,4.58602379013112,0.2717603218150745,-0.0044216552746342,0.7692307692307693,3,1,0.1,507395.3471926392,1.1709006306823853,1,1.734537810577962,0.27,0.3,1,10,1,1.263183657989202,0.8,1.1709006306823853,1.1709006306823853,1,False,False,False,True,1e-05,0.9,-3.9030411322956406
0.1791995304170071,0.0198683455728903,4.4508734843620985,0.3033190440405268,0.0031261996800957,0.7692307692307693,3,1,0.1,544065.3226054345,1.255522804632199,1,1.4602636819735342,0.27,0.3,1,10,1,0.7041067921046542,0.8,1.255522804632199,1.255522804632199,1,False,False,False,True,1e-05,0.9,-4.185117866200817
0.2633834791325554,0.0244040664779257,3.2979702211296726,0.1612334339540486,-0.002341214294766,0.7692307692307693,3,1,0.1,795197.8412638813,1.835053590881949,1,1.7480639073465325,0.27,0.3,1,10,1,1.255284988769353,0.8,1.835053590881949,1.835053590881949,1,False,False,False,True,1e-05,0.9,-6.11690647139286
0.3082746924246201,0.0308734709884074,8.16619468685596,1.7420770691299263,0.07318986704971,0.7692307692307693,3,1,0.1,117411.87134263144,0.270947762855199,1,1.7726453037937642,0.27,0.3,1,10,1,0.7992123263016049,0.8,0.270947762855199,0.270947762855199,1,False,False,False,True,1e-05,0.9,-0.9031682411094252
0.3247710696577008,0.0298325354134154,6.459811275627958,0.2952909635144585,-0.0063914506275155,0.7692307692307693,3,1,0.1,430542.3479720655,0.9935493290807946,1,0.950438123405209,0.27,0.3,1,10,1,1.7432202447458849,0.8,0.9935493290807946,0.9935493290807946,1,False,False,False,True,1e-05,0.9,-3.311864215246952
0.517635705476653,0.0571803667416592,10.824607766815651,0.8755109127929844,-0.0110205509470333,0.7692307692307693,3,1,0.1,180580.66417344005,0.4167204424330544,1,1.991125916852143,0.27,0.3,1,10,1,1.754659747137694,0.8,0.4167204424330544,0.4167204424330544,1,False,False,False,True,1e-05,0.9,-1.389082032124929
0.2782608169070054,0.0266896476205735,3.581819856767408,0.1782859786868521,-0.0031607993716888,0.7692307692307693,3,1,0.1,710051.0334501888,1.638562922340242,1,1.5957295028173153,0.27,0.3,1,10,1,1.3654208713633964,0.8,1.638562922340242,1.638562922340242,1,False,False,False,True,1e-05,0.9,-5.461931026564885
0.2829116090382593,0.0229304563734558,6.762672877944937,0.3623043237491056,-0.0032238771876927,0.7692307692307693,3,1,0.1,384960.5202597222,0.8883615477734577,1,0.7484834353330932,0.27,0.3,1,10,1,1.2730551549294378,0.8,0.8883615477734577,0.8883615477734577,1,False,False,False,True,1e-05,0.9,-2.961234771296452
0.385888716557983,0.0443204706918576,8.101373727023287,0.504949283269833,-0.009443294669824,0.7692307692307693,3,1,0.1,294933.69671156845,0.6806094170968461,1,1.3232465306918813,0.27,0.3,1,10,1,1.536446408198406,0.8,0.6806094170968461,0.6806094170968461,1,False,False,False,True,1e-05,0.9,-2.268720743970057
0.359986641778276,0.0455549225666302,6.136550789532324,0.3175481256061038,-0.0095546361176029,0.7692307692307693,3,1,0.1,420003.7474657653,0.9692297249476504,1,1.9643412832256195,0.27,0.3,1,10,1,1.6732060787637089,0.8,0.9692297249476504,0.9692297249476504,1,False,False,False,True,1e-05,0.9,-3.230798057483
0.5200841242717426,0.0529576057423823,10.115454626776865,1.0980391218919885,0.001387898953151,0.7692307692307693,3,1,0.1,147128.15346862783,0.3395231127777127,1,1.849729682756112,0.27,0.3,1,10,1,1.598899439959064,0.8,0.3395231127777127,0.3395231127777127,1,False,False,False,True,1e-05,0.9,-1.131755026696135
0.5946561111015943,0.0003920577121815,6.131640854631272,11.203986932073674,1.7307196654636403,0.7692307692307693,3,1,0.1,14895.311364771534,0.0343734517232707,1,1.524832232787458,0.27,0.3,1,10,1,1.0867913864106435,0.8,0.0343734517232707,0.0343734517232707,1,False,False,False,True,1e-05,0.9,-0.1145793181926265
0.6391420666264217,3.798395988996194e-07,6.368268253241662,21.97889965588495,3.640108243006493,0.7692307692307693,3,1,0.1,6781.535359253501,0.0156495404875815,1,1.2983029573978755,0.27,0.3,1,10,1,1.1903565362588917,0.8,0.0156495404875815,0.0156495404875815,1,False,False,False,True,1e-05,0.9,-0.0521656566099546
0.1580665671096007,0.0149024173339246,12.104532467425637,1.1222900839953422,0.0315469949093314,0.7692307692307693,3,1,0.1,182597.4782287452,0.4213745821703298,1,0.7964599002288757,0.27,0.3,1,10,1,0.5649081841273544,0.8,0.4213745821703298,0.4213745821703298,1,False,False,False,True,1e-05,0.9,-1.4045959863871718
0.3941228536041319,0.041286165308042,8.663143537670999,1.2755726277823145,0.0260660032119449,0.7692307692307693,3,1,0.1,143650.41460173123,0.3314976418012348,1,1.668967324916456,0.27,0.3,1,10,1,1.0688053745065544,0.8,0.3314976418012348,0.3314976418012348,1,False,False,False,True,1e-05,0.9,-1.105003189258843
0.2775529408595721,0.0220498923505699,4.077045657262154,0.2007552736004925,-0.0031276888910907,0.7692307692307693,3,1,0.1,620000.1673663764,1.430755309452106,1,0.9954221082759308,0.27,0.3,1,10,1,1.4599342008782226,0.8,1.430755309452106,1.430755309452106,1,False,False,False,True,1e-05,0.9,-4.769232056684002
0.2914000737149357,0.0256125508990157,3.628456889496046,0.1346879397906448,-0.0031820800809211,0.7692307692307693,3,1,0.1,865561.7977066324,1.997430328092984,1,1.841434930114876,0.27,0.3,1,10,1,1.691879813759872,0.8,1.997430328092984,1.997430328092984,1,False,False,False,True,1e-05,0.9,-6.658167674654214
0.5172911640573449,3.5434600061114294e-11,7.047058708388557,46.4401174545141,5.662335177453363,0.7692307692307693,3,1,0.1,3983.261626187984,0.0091920502939474,1,1.0466031119178576,0.27,0.3,1,10,1,0.9259123982001328,0.8,0.0091920502939474,0.0091920502939474,1,False,False,False,True,1e-05,0.9,-0.030640474048168
0.2168002028363337,0.0264306471890702,7.386933016250826,0.6338002885498916,0.010571868479375,0.7692307692307693,3,1,0.1,289884.70331007306,0.6689580103807237,1,1.2427972744840767,0.27,0.3,1,10,1,0.7389014109157699,0.8,0.6689580103807237,0.6689580103807237,1,False,False,False,True,1e-05,0.9,-2.229882333202758
0.1501402653832343,0.0124244889690324,8.766316112593307,0.5285113297872475,0.0074323744125248,0.7692307692307693,3,1,0.1,336850.07217996905,0.7773385470352003,1,0.6800646351711355,0.27,0.3,1,10,1,0.6120540479032488,0.8,0.7773385470352003,0.7773385470352003,1,False,False,False,True,1e-05,0.9,-2.591154401402236
0.1570524990981571,0.0195282658674754,4.931034887315296,0.3393766452989783,0.0059654822809437,0.7692307692307693,3,1,0.1,512910.6201371008,1.1836280563585806,1,1.8173515422816724,0.27,0.3,1,10,1,0.6169868455810835,0.8,1.1836280563585806,1.1836280563585806,1,False,False,False,True,1e-05,0.9,-3.945466308797148
0.1681779736556517,0.0160383598110271,6.08914864107042,0.410901201173978,0.0049375499216042,0.7692307692307693,3,1,0.1,416201.2776499129,0.9604548823388778,1,0.8889932460647475,0.27,0.3,1,10,1,0.6696557656994819,0.8,0.9604548823388778,0.9604548823388778,1,False,False,False,True,1e-05,0.9,-3.201548289625671
0.2034237410640351,0.0222271585548537,5.041403160176336,0.3570801199123703,0.0025905038880644,0.7692307692307693,3,1,0.1,457323.610424873,1.0553516244097036,1,1.2063681406784446,0.27,0.3,1,10,1,0.7822352785925258,0.8,1.0553516244097036,1.0553516244097036,1,False,False,False,True,1e-05,0.9,-3.517873926419826
0.2659664727610349,0.0299469834427479,8.593699354427317,0.7688810581904676,0.0098598132763254,0.7692307692307693,3,1,0.1,237630.48414018645,0.5483725566120886,1,1.1212866297972397,0.27,0.3,1,10,1,0.8588397349283869,0.8,0.5483725566120886,0.5483725566120886,1,False,False,False,True,1e-05,0.9,-1.827926801125516
0.2523537301917091,0.0262147026143911,6.029107510185445,0.4101438252693432,-0.0001345285933014,0.7692307692307693,3,1,0.1,381388.4770258023,0.8801184534973878,1,1.0157543046456112,0.27,0.3,1,10,1,0.9726035138190796,0.8,0.8801184534973878,0.8801184534973878,1,False,False,False,True,1e-05,0.9,-2.933757515606409
0.2189051076140271,0.0158820003049713,7.650546311729563,0.4246248219094918,0.0009867635102885,0.7692307692307693,3,1,0.1,365309.1437712945,0.8430126708956037,1,0.6353985113553411,0.27,0.3,1,10,1,0.8973264268727087,0.8,0.8430126708956037,0.8430126708956037,1,False,False,False,True,1e-05,0.9,-2.8100703367410422
0.187850044752825,0.0204938559836498,9.520750108011654,0.8553629515587424,0.0201145791775967,0.7692307692307693,3,1,0.1,228926.39262033737,0.5282863924267689,1,0.970274916595292,0.27,0.3,1,10,1,0.6466612356693829,0.8,0.5282863924267689,0.5282863924267689,1,False,False,False,True,1e-05,0.9,-1.7609722509689774
0.2206898569654749,0.0160723590284233,5.379848091567157,0.313929145986293,-0.0002202947684967,0.7692307692307693,3,1,0.1,467403.0540966072,1.0786116464229203,1,0.7143576388205125,0.27,0.3,1,10,1,0.9465319897566228,0.8,1.0786116464229203,1.0786116464229203,1,False,False,False,True,1e-05,0.9,-3.595408108464616
0.2926422228868581,0.036775789712142,8.006559573890076,0.7870860778059179,0.0103911883773747,0.7692307692307693,3,1,0.1,233169.8392820288,0.5380788637262123,1,1.6033574250227869,0.27,0.3,1,10,1,0.8956451599206371,0.8,0.5380788637262123,0.5380788637262123,1,False,False,False,True,1e-05,0.9,-1.793614148382832
0.2018985494467317,0.0205316487016594,7.475882383768692,0.5260809070017854,0.0058596424250302,0.7692307692307693,3,1,0.1,329638.61027099844,0.7606968782792412,1,0.8961055402295401,0.27,0.3,1,10,1,0.7526950349847019,0.8,0.7606968782792412,0.7606968782792412,1,False,False,False,True,1e-05,0.9,-2.5356816174934136
0.201674790986761,0.0280492293272039,7.25927591115612,0.6503087125246009,0.0153273524379091,0.7692307692307693,3,1,0.1,291392.00705118314,0.6724363688432635,1,1.818188718357184,0.27,0.3,1,10,1,0.6773191779142005,0.8,0.6724363688432635,0.6724363688432635,1,False,False,False,True,1e-05,0.9,-2.241476977356507
0.4123439236161989,8.228781658306055e-17,12.032404564264905,80.16105264364634,6.221575334131372,0.7692307692307692,3,1,0.1,24967.2528654294,0.0057616679764877,1,0.6216101293168236,0.27,0.3,1,10,1,0.7492265820983325,0.8,0.0057616679764877,0.0057616679764877,1,False,False,False,True,1e-06,0.9,-0.0192055791271858
0.5107025935755738,-8.525913026272246e-17,8.073827815616793,100.28113627420647,11.257254240332315,0.7692307692307692,3,1,0.1,18055.4869974163,0.0041666466785205,1,0.870523717235101,0.27,0.3,1,10,1,0.9137819356350174,0.8,0.0041666466785205,0.0041666466785205,1,False,False,False,True,1e-06,0.9,-0.0138888361505573
0.7492008242192687,1.0578860583007798e-11,6.397533022985776,31.71245892179925,7.323652224870974,0.7692307692307692,3,1,0.1,36853.32019346934,0.0085046038484096,1,1.8125359503763483,0.27,0.3,1,10,1,1.5458988151854969,0.8,0.0085046038484096,0.0085046038484096,1,False,False,False,True,1e-06,0.9,-0.0283487078433783
0.6729684358342202,2.674941360756299e-16,6.374790350961104,96.77579576220973,17.465282883500368,0.7692307692307693,3,1,0.1,14268.254943010152,0.0032926709243619,1,1.3344729011744738,0.27,0.3,1,10,1,1.2830615935175862,0.8,0.0032926709243619,0.0032926709243619,1,False,False,False,True,1e-06,0.9,-0.0109755807234429
0.6135863797235698,6.39324277164997e-14,6.64958690771187,50.5698776616971,7.695601670867362,0.7692307692307692,3,1,0.1,30635.188158324563,0.0070696517353934,1,1.1525352271289622,0.27,0.3,1,10,1,1.1270849114856356,0.8,0.0070696517353934,0.0070696517353934,1,False,False,False,True,1e-06,0.9,-0.0235655293501505
0.7658986167868266,1.1220010070467952e-14,7.899090029407271,34.4034073259692,7.6699780197393395,0.7692307692307692,3,1,0.1,28716.35627456298,0.0066268448207218,1,0.9988461750365412,0.27,0.3,1,10,1,1.6178142118228094,0.8,0.0066268448207218,0.0066268448207218,1,False,False,False,True,1e-06,0.9,-0.0220895048252222
0.7871016220830684,-9.452938500959968e-17,11.94877840782003,51.329350953704704,11.014331356943307,0.7692307692307692,3,1,0.1,14908.495266665586,0.0034404185437682,1,0.6597722477017327,0.27,0.3,1,10,1,1.7197852543239711,0.8,0.0034404185437682,0.0034404185437682,1,False,False,False,True,1e-06,0.9,-0.0114680732806225
0.7953198475854164,1.3701105303929577e-11,7.006337028577738,26.25408898613264,6.875179923009759,0.7692307692307692,3,1,0.1,37251.38948638699,0.0085964659004876,1,1.4569187612443115,0.27,0.3,1,10,1,1.7631044355771786,0.8,0.0085964659004876,0.0085964659004876,1,False,False,False,True,1e-06,0.9,-0.028654914989845
0.311475187057766,3.951612045852008e-13,9.295065591067011,72.43435383641469,5.684765823402482,0.7692307692307692,3,1,0.1,33869.405943597165,0.0078160089403524,1,0.8036165227217056,0.27,0.3,1,10,1,0.6015848950603067,0.8,0.0078160089403524,0.0078160089403524,1,False,False,False,True,1e-06,0.9,-0.0260533891878713
0.7078748028420806,2.1335103127086238e-16,6.26883023426664,103.81745657600088,21.010228749242383,0.7692307692307692,3,1,0.1,12428.808404075206,0.0028681836866129,1,1.565024139659947,0.27,0.3,1,10,1,1.3923188762104592,0.8,0.0028681836866129,0.0028681836866129,1,False,False,False,True,1e-06,0.9,-0.0095606218493221
0.5566781070236484,1.7377855657523765e-13,6.845698529452041,54.15940916500087,7.208481551560298,0.7692307692307692,3,1,0.1,31899.856428989173,0.0073614979673459,1,1.0895759608610829,0.27,0.3,1,10,1,1.0022763318492625,0.8,0.0073614979673459,0.0073614979673459,1,False,False,False,True,1e-06,0.9,-0.0245383510961463
0.4888091905363574,6.265412421614388e-14,7.636307597772914,61.70923626646239,6.868046574003055,0.7692307692307692,3,1,0.1,30973.065632706595,0.007147623383881,1,0.9379799133837318,0.27,0.3,1,10,1,0.8746275564505293,0.8,0.007147623383881,0.007147623383881,1,False,False,False,True,1e-06,0.9,-0.0238254351050147
0.4758158190079536,-8.284313557304113e-17,7.137192713307679,120.01210389943856,13.575866791698854,0.7692307692307692,3,1,0.1,16574.070817226744,0.0038247817486809,1,1.0413805166057413,0.27,0.3,1,10,1,0.8521626131053149,0.8,0.0038247817486809,0.0038247817486809,1,False,False,False,True,1e-06,0.9,-0.0127492852448755
0.3541230583082754,5.130023124243173e-17,6.9950226723283535,180.9746625728696,17.692783684423485,0.7692307692307692,3,1,0.1,13463.644842005931,0.0031069918566344,1,1.1815971710020392,0.27,0.3,1,10,1,0.6622884886093658,0.8,0.0031069918566344,0.0031069918566344,1,False,False,False,True,1e-06,0.9,-0.0103566498787545
0.6316806179464376,1.4780360549812098e-17,8.935345798790248,70.65598514014717,9.784217948144056,0.7692307692307692,3,1,0.1,19214.29409004401,0.0044340634328,1,0.7777216623438172,0.27,0.3,1,10,1,1.171335976898962,0.8,0.0044340634328,0.0044340634328,1,False,False,False,True,1e-06,0.9,-0.0147802262228781
0.5255615373526157,8.481746085551698e-17,9.435858721074572,81.59508579823387,8.708332312131704,0.7692307692307692,3,1,0.1,20797.33287610415,0.0047993797105318,1,0.7407732160927754,0.27,0.3,1,10,1,0.9413840499252766,0.8,0.0047993797105318,0.0047993797105318,1,False,False,False,True,1e-06,0.9,-0.0159979483663717
0.6824714373157744,2.64919762945591e-14,6.238177174459983,46.38646372860104,8.730106994052301,0.7692307692307692,3,1,0.1,29510.89321428748,0.006810199316286,1,1.487716702130343,0.27,0.3,1,10,1,1.3112812000809142,0.8,0.006810199316286,0.006810199316286,1,False,False,False,True,1e-06,0.9,-0.0227006870882845
0.7718069052305523,2.419561595589173e-16,11.361775380525316,139.5804179099231,28.33137771573286,0.7692307692307692,3,1,0.1,5924.412807154519,0.0013671708192109,1,0.6762547486537362,0.27,0.3,1,10,1,1.6449324731629922,0.8,0.0013671708192109,0.0013671708192109,1,False,False,False,True,1e-06,0.9,-0.0045572406212726
0.610074709466249,5.73073289598929e-11,7.096766700269162,37.77519819455198,5.516114379967913,0.7692307692307692,3,1,0.1,40439.63700332601,0.0093322145916557,1,1.023591845251838,0.27,0.3,1,10,1,1.1187828552794357,0.8,0.0093322145916557,0.0093322145916557,1,False,False,False,True,1e-06,0.9,-0.0311074130795678
0.5077983120631093,1.174387838589351e-12,6.197194536297474,58.01231135753325,7.833645547406301,0.7692307692307692,3,1,0.1,34229.464027218906,0.0078990991838821,1,1.7549236814192315,0.27,0.3,1,10,1,0.9084877393839428,0.8,0.0078990991838821,0.0078990991838821,1,False,False,False,True,1e-06,0.9,-0.0263303569432711
0.6750413784994614,5.321338116534867e-13,12.524110678772397,32.63914282994351,4.400451432511847,0.7692307692307692,3,1,0.1,33591.67183462689,0.0077519165172472,1,0.5911452318058915,0.27,0.3,1,10,1,1.2891283492217078,0.8,0.0077519165172472,0.0077519165172472,1,False,False,False,True,1e-06,0.9,-0.025839747563879
0.4903297945245174,-4.3153346537300064e-17,9.29998261719735,95.01010956401998,9.581960413958443,0.7692307692307692,3,1,0.1,19201.695906075336,0.004431156162706,1,0.7559055260533438,0.27,0.3,1,10,1,0.8772926932284354,0.8,0.004431156162706,0.004431156162706,1,False,False,False,True,1e-06,0.9,-0.0147705353128739
0.5672350563729487,-2.5731024262874015e-17,6.164773400839003,118.81959290374418,17.370997251261645,0.7692307692307692,3,1,0.1,14822.21958923514,0.0034205087922519,1,1.48456683263735,0.27,0.3,1,10,1,1.0240012541642018,0.8,0.0034205087922519,0.0034205087922519,1,False,False,False,True,1e-06,0.9,-0.011401707375869
0.6207071224520277,1.556890800300795e-11,6.092428543289436,42.14999645036061,6.977987913413528,0.7692307692307692,3,1,0.1,37813.52540148551,0.0087261894441449,1,1.6324512642139113,0.27,0.3,1,10,1,1.1441975518849807,0.8,0.0087261894441449,0.0087261894441449,1,False,False,False,True,1e-06,0.9,-0.0290873272344479
0.6634673606918517,2.868173702643092e-13,9.016807073146108,38.40178313093534,5.772918979245702,0.7692307692307692,3,1,0.1,32532.19924725141,0.0075074230885768,1,0.7766486935183585,0.27,0.3,1,10,1,1.2558598581253164,0.8,0.0075074230885768,0.0075074230885768,1,False,False,False,True,1e-06,0.9,-0.025024768653333
0.5508849781086425,-8.159766499364132e-18,6.419328321008638,73.84135813224856,10.112946155671828,0.7692307692307692,3,1,0.1,24174.562624258702,0.0055787396433563,1,1.2635234119608263,0.27,0.3,1,10,1,0.9905962229119653,0.8,0.0055787396433563,0.0055787396433563,1,False,False,False,True,1e-06,0.9,-0.0185958174069865
0.7094092458259518,1.2370693524399334e-10,8.471757583060583,26.914823629490147,4.776800099660914,0.7692307692307692,3,1,0.1,41861.6036589221,0.009660360415926,1,0.8490088305827572,0.27,0.3,1,10,1,1.39750226485752,0.8,0.009660360415926,0.009660360415926,1,False,False,False,True,1e-06,0.9,-0.0322012335876215
0.3971230770543925,5.049189744761917e-11,6.564627160282793,56.97766367251547,6.1653839373920665,0.7692307692307692,3,1,0.1,40787.67493683364,0.0094125309582148,1,1.37191429578467,0.27,0.3,1,10,1,0.7259274618179525,0.8,0.0094125309582148,0.0094125309582148,1,False,False,False,True,1e-06,0.9,-0.0313751345691525
0.7994827794434474,7.519458703594276e-11,6.876274502738613,24.608180986521315,6.629863820554313,0.7692307692307692,3,1,0.1,40112.94933888925,0.0092568252053884,1,1.6891812566996178,0.27,0.3,1,10,1,1.7859681623335573,0.8,0.0092568252053884,0.0092568252053884,1,False,False,False,True,1e-06,0.9,-0.0308561148740453
0.577970076060002,9.723593414528528e-17,8.119782274929666,131.91960622048217,16.830790307036715,0.7692307692307692,3,1,0.1,11951.893885565709,0.0027581266002739,1,0.8567505913751148,0.27,0.3,1,10,1,1.0467092148763006,0.8,0.0027581266002739,0.0027581266002739,1,False,False,False,True,1e-06,0.9,-0.0091937645280017
0.8189546544320383,-1.873947359998673e-16,7.191834857977032,39.96414169876222,11.523191572756186,0.7692307692307692,3,1,0.1,22893.541840490914,0.005283119756781,1,1.631056642567547,0.27,0.3,1,10,1,1.9023097734143168,0.8,0.005283119756781,0.005283119756781,1,False,False,False,True,1e-06,0.9,-0.0176104167996692
0.8088082510081196,1.0460471533879375e-11,8.96832980252245,22.02083573805494,5.6921433279624845,0.7692307692307692,3,1,0.1,37101.67993116409,0.0085619175765444,1,0.9264008857924096,0.27,0.3,1,10,1,1.839641537703256,0.8,0.0085619175765444,0.0085619175765444,1,False,False,False,True,1e-06,0.9,-0.0285397537948734
0.775710554375117,6.503723654330287e-12,6.689386106373201,29.29528276417884,7.23305080207988,0.7692307692307692,3,1,0.1,36103.683206092384,0.0083316108698189,1,1.565048612041862,0.27,0.3,1,10,1,1.6633759772580985,0.8,0.0083316108698189,0.0083316108698189,1,False,False,False,True,1e-06,0.9,-0.0277720640047661
0.5674378265736018,7.634713616982532e-12,6.129230727677562,48.66336109079919,7.3712725664376,0.7692307692307692,3,1,0.1,36771.09095750919,0.0084856278888246,1,1.8529206566627152,0.27,0.3,1,10,1,1.0244242863235975,0.8,0.0084856278888246,0.0084856278888246,1,False,False,False,True,1e-06,0.9,-0.0282854545815084
0.8249756119435201,1.3624013357053168e-16,9.02300676467357,38.04552181350011,10.626222398656129,0.7692307692307692,3,1,0.1,20389.0858176844,0.0047051689457262,1,0.9688942432384172,0.27,0.3,1,10,1,1.94185261655927,0.8,0.0047051689457262,0.0047051689457262,1,False,False,False,True,1e-06,0.9,-0.0156839121696506
0.7586784821769553,-1.0324062340243224e-16,13.959601617493,44.76304732850815,7.945553550242631,0.7692307692307692,3,1,0.1,17836.156446895355,0.0041160319872535,1,0.5675136525837221,0.27,0.3,1,10,1,1.585900195797191,0.8,0.0041160319872535,0.0041160319872535,1,False,False,False,True,1e-06,0.9,-0.0137201203442851
0.5464788806330512,2.7337586961154974e-13,6.317041675644329,55.98543419754942,7.701441331283994,0.7692307692307692,3,1,0.1,32365.589668009343,0.0074689747618988,1,1.335398469939105,0.27,0.3,1,10,1,0.981822379069414,0.8,0.0074689747618988,0.0074689747618988,1,False,False,False,True,1e-06,0.9,-0.0248966074362452
0.8114643490474921,-8.540288554511366e-17,7.024601524672538,87.5065333640362,24.63910533341894,0.7692307692307693,3,1,0.1,10836.560331942284,0.002500742190849,1,1.7203222903630269,0.27,0.3,1,10,1,1.855594058370808,0.8,0.002500742190849,0.002500742190849,1,False,False,False,True,1e-06,0.9,-0.0083358156386374
0.4029358313432425,-3.984945585725273e-17,11.276253277002034,80.58532787274184,6.393738107245204,0.7692307692307692,3,1,0.1,25527.045289046488,0.0058908507148345,1,0.6553561819831193,0.27,0.3,1,10,1,0.7347717213976472,0.8,0.0058908507148345,0.0058908507148345,1,False,False,False,True,1e-06,0.9,-0.0196361886856174
0.5501400589291634,2.205880300306377e-11,6.5855185009831,45.68609732940195,6.143858552041351,0.7692307692307692,3,1,0.1,38779.97024160822,0.0089492149525513,1,1.1821275084499243,0.27,0.3,1,10,1,0.9891062984681306,0.8,0.0089492149525513,0.0089492149525513,1,False,False,False,True,1e-06,0.9,-0.0298307463392208
0.6834688413443238,2.8268324050288733e-13,6.172786251951671,43.74685262790915,8.55019338190165,0.7692307692307692,3,1,0.1,32025.61243927191,0.0073905185559206,1,1.961134937027449,0.27,0.3,1,10,1,1.314304878415837,0.8,0.0073905185559206,0.0073905185559206,1,False,False,False,True,1e-06,0.9,-0.0246350864881305
0.816081672478012,6.903379837258946e-17,8.143624089437731,70.72277664913544,19.38471547775144,0.7692307692307693,3,1,0.1,11940.82736525574,0.0027555727907524,1,1.105410106678855,0.27,0.3,1,10,1,1.8840798345416687,0.8,0.0027555727907524,0.0027555727907524,1,False,False,False,True,1e-06,0.9,-0.0091852518210842
0.7999148438111157,6.995660545410363e-17,6.845516216221598,46.88105012038904,12.70886950139569,0.7692307692307692,3,1,0.1,21184.28123816645,0.0048886753966584,1,1.7900189857245907,0.27,0.3,1,10,1,1.788378483730818,0.8,0.0048886753966584,0.0048886753966584,1,False,False,False,True,1e-06,0.9,-0.0162956009511126
0.7716159410856104,4.754083797772809e-15,6.77462148658986,38.03996591959739,9.175276487317328,0.7692307692307692,3,1,0.1,27774.803980206954,0.0064095637398622,1,1.4324570725661017,0.27,0.3,1,10,1,1.6440411952622342,0.8,0.0064095637398622,0.0064095637398622,1,False,False,False,True,1e-06,0.9,-0.0213652338314198
0.648143062122534,2.1817809349863988e-17,6.183962196203248,178.15446821800074,30.83707877089132,0.7692307692307692,3,1,0.1,8332.739948029393,0.0019229380653732,1,1.474081525129686,0.27,0.3,1,10,1,1.2139404206345037,0.8,0.0019229380653732,0.0019229380653732,1,False,False,False,True,1e-06,0.9,-0.0064097999610377
0.7200797805080686,7.402066454066289e-18,12.265851729283677,38.75078049844402,6.168217804975758,0.7692307692307692,3,1,0.1,24743.509821067662,0.005710035017404,1,0.6104369359671332,0.27,0.3,1,10,1,1.434558181456603,0.8,0.005710035017404,0.005710035017404,1,False,False,False,True,1e-06,0.9,-0.0190334690914636
0.6338496875242201,-8.336818827121492e-17,6.107770685646103,63.42816674105989,10.767211672443391,0.7692307692307693,3,1,0.1,24372.420832586824,0.0056243991816774,1,1.595975029805813,0.27,0.3,1,10,1,1.1768156336351028,0.8,0.0056243991816774,0.0056243991816774,1,False,False,False,True,1e-06,0.9,-0.0187480160202554
0.6063013050818457,3.0162778981901744e-11,6.093949497221772,42.5358448300141,6.941059918734549,0.7692307692307692,3,1,0.1,38936.20774892828,0.0089852697265532,1,1.8248539194625983,0.27,0.3,1,10,1,1.109959819326987,0.8,0.0089852697265532,0.0089852697265532,1,False,False,False,True,1e-06,0.9,-0.0299509290394099
0.7978778473393227,2.0393408884056668e-18,15.31184627657308,86.54404276738788,18.13892832014352,0.7692307692307692,3,1,0.1,7564.126709647012,0.0017455659564887,1,0.5505976675143855,0.27,0.3,1,10,1,1.777076974010685,0.8,0.0017455659564887,0.0017455659564887,1,False,False,False,True,1e-06,0.9,-0.005818559006849
0.833010885703396,-2.651816939716841e-17,8.476062348256859,71.76045854662642,21.14934534891617,0.7692307692307692,3,1,0.1,10982.740709042337,0.0025344760910558,1,1.1140022467667017,0.27,0.3,1,10,1,1.9976815161604256,0.8,0.0025344760910558,0.0025344760910558,1,False,False,False,True,1e-06,0.9,-0.0084482620851064
0.6954953227407566,-1.323688882280909e-16,6.335965257483609,51.71833963211664,9.988522033750568,0.7692307692307692,3,1,0.1,25445.912563531936,0.0058721277967506,1,1.4198447303154096,0.27,0.3,1,10,1,1.3517460724597123,0.8,0.0058721277967506,0.0058721277967506,1,False,False,False,True,1e-06,0.9,-0.0195737788962614
0.7318917087987932,4.736678180229352e-13,7.990007332179643,32.910182123896384,6.443550143802848,0.7692307692307692,3,1,0.1,32881.39898021895,0.0075880075615934,1,0.9315307366711584,0.27,0.3,1,10,1,1.477791910270959,0.8,0.0075880075615934,0.0075880075615934,1,False,False,False,True,1e-06,0.9,-0.0252933838320033
0.8232843567404882,6.226259022417857e-17,7.193711385961664,34.584064346244794,10.192637923823392,0.7692307692307692,3,1,0.1,26331.25062459416,0.0060764363754989,1,1.7626483625256233,0.27,0.3,1,10,1,1.930556104263468,0.8,0.0060764363754989,0.0060764363754989,1,False,False,False,True,1e-06,0.9,-0.0202548081731177
0.7618237290427101,1.602862329440581e-11,8.429330521607719,25.60389592059021,5.498276767907085,0.7692307692307692,3,1,0.1,37912.66076881386,0.0087490668134734,1,0.90643485826809,0.27,0.3,1,10,1,1.5996427271442908,0.8,0.0087490668134734,0.0087490668134734,1,False,False,False,True,1e-06,0.9,-0.0291635852084675
0.7898344159592232,2.2596956750540783e-10,10.867638607960682,18.337234285541825,4.105651858767768,0.7692307692307692,3,1,0.1,43145.94526676295,0.0099567466430791,1,0.7206083018366469,0.27,0.3,1,10,1,1.733932643272555,0.8,0.0099567466430791,0.0099567466430791,1,False,False,False,True,1e-06,0.9,-0.0331891886660859
0.7845428389491418,-9.567305690903831e-17,6.665846631131976,47.53628400820366,12.275250484272334,0.7692307692307693,3,1,0.1,22100.11101964594,0.0051000205189118,1,1.8615481986667624,0.27,0.3,1,10,1,1.7067615805692378,0.8,0.0051000205189118,0.0051000205189118,1,False,False,False,True,1e-06,0.9,-0.0170000853964411
0.6298360962825761,7.321019017406576e-17,6.725945433797986,113.83173493088688,17.87699818487633,0.7692307692307693,3,1,0.1,13078.38730055852,0.0030180863584007,1,1.1305625680823623,0.27,0.3,1,10,1,1.1667068119881137,0.8,0.0030180863584007,0.0030180863584007,1,False,False,False,True,1e-06,0.9,-0.0100602979216236
0.3925358447639248,1.6578280788320315e-11,9.163740825230496,55.321556827726766,4.840112417184373,0.7692307692307692,3,1,0.1,39268.34188240701,0.0090619159872555,1,0.7893293747776886,0.27,0.3,1,10,1,0.7189924430709098,0.8,0.0090619159872555,0.0090619159872555,1,False,False,False,True,1e-06,0.9,-0.0302064168305719
0.6560918629497433,2.138185327087396e-14,6.135594846229259,50.09052893133843,8.927988175618665,0.7692307692307692,3,1,0.1,29318.926070362675,0.0067658992496873,1,1.5797839541256506,0.27,0.3,1,10,1,1.2353957229066497,0.8,0.0067658992496873,0.0067658992496873,1,False,False,False,True,1e-06,0.9,-0.0225530200519551
0.4248926143663498,4.3704105236676404e-17,6.403023942282528,155.78423178634858,17.91577336737681,0.7692307692307692,3,1,0.1,14415.10086598198,0.0033265584117756,1,1.5008931914301724,0.27,0.3,1,10,1,0.7687942245162946,0.8,0.0033265584117756,0.0033265584117756,1,False,False,False,True,1e-06,0.9,-0.0110885391277801
0.7246256755385974,2.245119792962409e-12,6.273866597665277,36.14782972641012,7.779197802169048,0.7692307692307692,3,1,0.1,34623.2132819459,0.0079899643059575,1,1.7936723062644295,0.27,0.3,1,10,1,1.4509088516813446,0.8,0.0079899643059575,0.0079899643059575,1,False,False,False,True,1e-06,0.9,-0.0266332409864061
0.3433618035634609,1.933068081048427e-15,6.602376149455927,91.48702779286,9.51091000980266,0.7692307692307692,3,1,0.1,27672.4255951535,0.0063859379819815,1,1.615162244450011,0.27,0.3,1,10,1,0.6467819826394925,0.8,0.0063859379819815,0.0063859379819815,1,False,False,False,True,1e-06,0.9,-0.0212864812263985
0.7654652130150735,6.107701593706648e-13,8.703232661994948,28.52374680436185,6.150127893511614,0.7692307692307692,3,1,0.1,33191.79945218017,0.0076596383680752,1,0.8764026018320425,0.27,0.3,1,10,1,1.6158613344482446,0.8,0.0076596383680752,0.0076596383680752,1,False,False,False,True,1e-06,0.9,-0.025532153425712
0.6983433811240974,1.016037379837713e-12,6.31800005851948,38.89689918168839,7.5917865682805346,0.7692307692307692,3,1,0.1,33676.41116716415,0.0077714717294293,1,1.4482052145400472,0.27,0.3,1,10,1,1.3608901624174317,0.8,0.0077714717294293,0.0077714717294293,1,False,False,False,True,1e-06,0.9,-0.0259049316696701
0.7982439634914879,-1.379003787728146e-18,6.807321323398678,162.74880222270684,44.21223917875475,0.7692307692307692,3,1,0.1,6208.335817362251,0.0014326914482589,1,1.9901180133712628,0.27,0.3,1,10,1,1.7790966674982978,0.8,0.0014326914482589,0.0014326914482589,1,False,False,False,True,1e-06,0.9,-0.0047756429365014
0.6660103083515981,-6.552812882343082e-17,6.447205723658459,125.23798169455404,22.034169091887943,0.7692307692307692,3,1,0.1,11141.21036218622,0.0025710459743345,1,1.2780537516975188,0.27,0.3,1,10,1,1.2630453306430416,0.8,0.0025710459743345,0.0025710459743345,1,False,False,False,True,1e-06,0.9,-0.0085701618179349
0.2656357300200174,5.577120535978432e-18,6.855041583710651,145.64334597635604,13.7921636628108,0.7692307692307692,3,1,0.1,19205.0250919065,0.0044319244356888,1,1.6596384098997217,0.27,0.3,1,10,1,0.537938304197871,0.8,0.0044319244356888,0.0044319244356888,1,False,False,False,True,1e-06,0.9,-0.0147730962253777
0.8275656915594298,1.3914963608145252e-16,7.388127328929189,63.19626127131839,18.7899702406272,0.7692307692307692,3,1,0.1,13925.793219486572,0.0032136413755781,1,1.5776466023348443,0.27,0.3,1,10,1,1.95945093251514,0.8,0.0032136413755781,0.0032136413755781,1,False,False,False,True,1e-06,0.9,-0.0107121486307317
0.4862452224856835,8.04807670142071e-14,6.232155885324459,66.10858924437093,8.514156718766534,0.7692307692307693,3,1,0.1,31017.5882211024,0.0071578978148796,1,1.6384057608368714,0.27,0.3,1,10,1,0.870151213901202,0.8,0.0071578978148796,0.0071578978148796,1,False,False,False,True,1e-06,0.9,-0.0238596832425916
0.5059607857270281,6.706066007447675e-14,6.256118324483005,65.10413741856033,8.888710252511085,0.7692307692307692,3,1,0.1,30735.12819561381,0.0070927147975516,1,1.9351456703081835,0.27,0.3,1,10,1,0.9051544929702604,0.8,0.0070927147975516,0.0070927147975516,1,False,False,False,True,1e-06,0.9,-0.0236424063008882
0.8310519193892815,-8.263043351587362e-17,13.610415345348844,22.515389936517035,5.936595295937439,0.7692307692307692,3,1,0.1,26746.1592001911,0.0061721844136751,1,0.6361222022217163,0.27,0.3,1,10,1,1.9837294501199787,0.8,0.0061721844136751,0.0061721844136751,1,False,False,False,True,1e-06,0.9,-0.0205739686195317
0.7615445470815366,-1.2732121967865568e-16,6.511155328906621,65.47380692675634,15.565744945379194,0.7692307692307692,3,1,0.1,17049.432469442836,0.0039344804809824,1,1.6736473861780994,0.27,0.3,1,10,1,1.5984130653279724,0.8,0.0039344804809824,0.0039344804809824,1,False,False,False,True,1e-06,0.9,-0.0131149480515432
0.6477466183410528,3.742175566979694e-13,7.151181377619654,42.801912235771695,6.819604748074887,0.7692307692307692,3,1,0.1,32678.12543049906,0.0075410983285179,1,1.021640248684319,0.27,0.3,1,10,1,1.2128860056001454,0.8,0.0075410983285179,0.0075410983285179,1,False,False,False,True,1e-06,0.9,-0.0251370195653874
0.820745042432158,2.9517632375504256e-17,7.394717910706298,59.55198901069511,17.131263707933336,0.7692307692307692,3,1,0.1,14945.20624371245,0.0034488902996049,1,1.4554473294602703,0.27,0.3,1,10,1,1.9138748689892355,0.8,0.0034488902996049,0.0034488902996049,1,False,False,False,True,1e-06,0.9,-0.0114963124949843
0.4418265742154413,1.4651889449446382e-14,8.518095203056559,68.4856474912341,6.684128587516634,0.7692307692307693,3,1,0.1,29624.87578896543,0.0068365029595396,1,0.8367073075835056,0.27,0.3,1,10,1,0.7957677455736144,0.8,0.0068365029595396,0.0068365029595396,1,False,False,False,True,1e-06,0.9,-0.0227883659868087
0.6229671167087532,2.492508885488685e-10,6.522659207444377,35.38083504106236,5.55991631173429,0.7692307692307692,3,1,0.1,43211.87240467408,0.0099719605851416,1,1.206950052401128,0.27,0.3,1,10,1,1.14970902735643,0.8,0.0099719605851416,0.0099719605851416,1,False,False,False,True,1e-06,0.9,-0.0332399018570073
0.4477599630511863,1.0332461948318181e-13,6.34079728775266,69.87359671423329,8.601954894360277,0.7692307692307692,3,1,0.1,31366.79451992018,0.0072384838046967,1,1.8096544326117827,0.27,0.3,1,10,1,0.8053852615477981,0.8,0.0072384838046967,0.0072384838046967,1,False,False,False,True,1e-06,0.9,-0.0241283034772683
0.5855473791382463,2.193957848792757e-14,6.122592279369234,57.88089622690845,8.835771213613972,0.7692307692307692,3,1,0.1,29466.55556955404,0.0067999675633177,1,1.547007112789686,0.27,0.3,1,10,1,1.0631353747815584,0.8,0.0067999675633177,0.0067999675633177,1,False,False,False,True,1e-06,0.9,-0.0226665812109511
0.7865693500510099,4.1579251647243273e-16,8.44368947019934,155.8220163435155,37.03411956784843,0.7692307692307692,3,1,0.1,5783.140531208471,0.0013345695571076,1,0.94926073168719,0.27,0.3,1,10,1,1.7170585710326636,0.8,0.0013345695571076,0.0013345695571076,1,False,False,False,True,1e-06,0.9,-0.004448569638924
0.6369529139778464,2.978037301899904e-13,14.096661178858705,35.848668939535514,4.066456549250399,0.7692307692307692,3,1,0.1,33044.69304421561,0.0076256907687153,1,0.5401670855823828,0.27,0.3,1,10,1,1.1847239831718115,0.8,0.0076256907687153,0.0076256907687153,1,False,False,False,True,1e-06,0.9,-0.0254189946480204
0.7131541215647933,1.7879466476202993e-12,7.202095817209561,34.33951945523928,6.574509737533623,0.7692307692307692,3,1,0.1,34565.472118346406,0.0079766394351756,1,1.062690940394346,0.27,0.3,1,10,1,1.410302853776825,0.8,0.0079766394351756,0.0079766394351756,1,False,False,False,True,1e-06,0.9,-0.0265888247060502
0.5135121374296157,4.4550275973610194e-11,6.180418606459814,49.09295648095964,6.653567254297177,0.7692307692307692,3,1,0.1,39963.84596730294,0.0092224167701567,1,1.688007883223991,0.27,0.3,1,10,1,0.9189340528758752,0.8,0.0092224167701567,0.0092224167701567,1,False,False,False,True,1e-06,0.9,-0.0307414199752451
0.7994559152458492,-8.402714713214894e-17,7.443523709008427,94.25637149203004,24.58760950570407,0.7692307692307692,3,1,0.1,9871.164218056772,0.0022779586955307,1,1.239233117923053,0.27,0.3,1,10,1,1.7858185314933908,0.8,0.0022779586955307,0.0022779586955307,1,False,False,False,True,1e-06,0.9,-0.0075932032449649
0.5490579296391269,1.5916820284114557e-13,6.146718436738318,58.51518539738591,8.552355737646081,0.7692307692307692,3,1,0.1,31624.919202502868,0.0072980509798079,1,1.8321850939581947,0.27,0.3,1,10,1,0.9869467024705456,0.8,0.0072980509798079,0.0072980509798079,1,False,False,False,True,1e-06,0.9,-0.0243268609261964
0.3853114877100695,1.415897543510664e-17,6.6138019779611374,130.52708002528271,13.844134235171836,0.7692307692307692,3,1,0.1,18092.97646387452,0.0041752980855118,1,1.355325041794521,0.27,0.3,1,10,1,0.7081470066823775,0.8,0.0041752980855118,0.0041752980855118,1,False,False,False,True,1e-06,0.9,-0.0139176742026997
0.5210120685548711,-6.926159330938771e-17,7.958192882425952,69.22484511530669,7.973579691654739,0.7692307692307692,3,1,0.1,25727.42496035816,0.0059370921302272,1,0.883244160620965,0.27,0.3,1,10,1,0.9328387956671824,0.8,0.0059370921302272,0.0059370921302272,1,False,False,False,True,1e-06,0.9,-0.0197903268910645
0.4467611583171316,1.5947371397280438e-12,8.598952928110451,56.926082337302745,5.569818990181023,0.7692307692307693,3,1,0.1,35267.47185310748,0.0081386392105459,1,0.8269171304233945,0.27,0.3,1,10,1,0.8037599568785998,0.8,0.0081386392105459,0.0081386392105459,1,False,False,False,True,1e-06,0.9,-0.0271288244972839
0.805427243676352,4.0591965517318725e-14,11.773901110537166,23.8168732649352,5.632933930126206,0.7692307692307692,3,1,0.1,30206.1683415435,0.0069706472623517,1,0.6868640491430649,0.27,0.3,1,10,1,1.819772658721135,0.8,0.0069706472623517,0.0069706472623517,1,False,False,False,True,1e-06,0.9,-0.0232355141099966
0.7193722316358261,1.949681499688929e-16,6.258530141135067,65.0792083652657,13.897215512530352,0.7692307692307692,3,1,0.1,19609.424859467574,0.0045252473652305,1,1.9081909748685533,0.27,0.3,1,10,1,1.4320444781411563,0.8,0.0045252473652305,0.0045252473652305,1,False,False,False,True,1e-06,0.9,-0.0150841729682598
0.7333327469197013,6.801266569137574e-15,7.802780421224767,38.44551207700887,7.6316115774313555,0.7692307692307692,3,1,0.1,28307.125690026955,0.0065324070880102,1,0.9638071713059544,0.27,0.3,1,10,1,1.4832374735199911,0.8,0.0065324070880102,0.0065324070880102,1,False,False,False,True,1e-06,0.9,-0.0217747120680579
0.5804653765456249,5.628667389669457e-12,7.131872044568956,44.448650523668064,6.071160777338197,0.7692307692307692,3,1,0.1,36572.42962230255,0.008439783010972,1,1.0143780974806806,0.27,0.3,1,10,1,1.052081174285601,0.8,0.008439783010972,0.008439783010972,1,False,False,False,True,1e-06,0.9,-0.0281326381691834
0.7643880522648848,-1.8063112074638674e-16,6.701710784181181,92.2455490611541,21.75117134620756,0.7692307692307693,3,1,0.1,11733.04826294217,0.0027076238152344,1,1.4395360290322945,0.27,0.3,1,10,1,1.6110287242945307,0.8,0.0027076238152344,0.0027076238152344,1,False,False,False,True,1e-06,0.9,-0.0090254217428608
0.6848534615274326,2.4999912569828915e-16,6.202156570448743,112.43426793866271,21.42834338607489,0.7692307692307692,3,1,0.1,12168.095321421482,0.0028080191892382,1,1.55593531856323,0.27,0.3,1,10,1,1.318522515893583,0.8,0.0028080191892382,0.0028080191892382,1,False,False,False,True,1e-06,0.9,-0.0093600733241915
0.4860166922696016,6.687194599963138e-12,7.621964673364541,51.68542434378927,5.73189276979515,0.7692307692307692,3,1,0.1,37185.63739482245,0.0085812923554515,1,0.9411832414235628,0.27,0.3,1,10,1,0.869753287045042,0.8,0.0085812923554515,0.0085812923554515,1,False,False,False,True,1e-06,0.9,-0.0286043364558129
0.6615474625769546,1.1269626625851432e-16,6.130443032478311,79.41513890118341,14.698778688625218,0.7692307692307692,3,1,0.1,18553.037242607752,0.0042814658514999,1,1.915695007450092,0.27,0.3,1,10,1,1.2504795975144998,0.8,0.0042814658514999,0.0042814658514999,1,False,False,False,True,1e-06,0.9,-0.0142715671098861
0.7115087403456709,2.7361726409115645e-10,6.40882357297768,29.28682656920435,5.894688183011728,0.7692307692307692,3,1,0.1,43011.47593452087,0.0099257152887667,1,1.4082982182593091,0.27,0.3,1,10,1,1.404652137342432,0.8,0.0099257152887667,0.0099257152887667,1,False,False,False,True,1e-06,0.9,-0.03308575071494
0.2873623465711075,1.0416217771394744e-11,6.806101008494432,70.44526544056944,6.706692731882073,0.7692307692307692,3,1,0.1,38469.21247644572,0.0088775016942145,1,1.495371048653913,0.27,0.3,1,10,1,0.5679701890728098,0.8,0.0088775016942145,0.0088775016942145,1,False,False,False,True,1e-06,0.9,-0.0295917019057208
0.5291493471110775,1.1976932698200168e-16,13.621779328379883,104.752798277495,9.311725567939057,0.7692307692307692,3,1,0.1,14872.0986656622,0.0034320193370992,1,0.5553381770525954,0.27,0.3,1,10,1,0.9481838138120836,0.8,0.0034320193370992,0.0034320193370992,1,False,False,False,True,1e-06,0.9,-0.0114400758970618
0.7560523167279233,1.3230949340670792e-16,6.501508772222586,80.42410145597835,18.71890354428445,0.7692307692307692,3,1,0.1,14040.66344738685,0.0032401498630488,1,1.606084330963265,0.27,0.3,1,10,1,1.5746084174179786,0.8,0.0032401498630488,0.0032401498630488,1,False,False,False,True,1e-06,0.9,-0.0108005103439957
0.6749676842099873,2.668868298128785e-17,14.796912783028022,131.459382182714,16.380010467111642,0.7692307692307692,3,1,0.1,7951.945445167448,0.0018350624982562,1,0.525318961998617,0.27,0.3,1,10,1,1.2889118384229945,0.8,0.0018350624982562,0.0018350624982562,1,False,False,False,True,1e-06,0.9,-0.0061168811110624
0.2544715790253119,-2.799879314211342e-17,9.904964326401773,109.89979014148015,7.8221200037339536,0.7692307692307692,3,1,0.1,23927.16310309604,0.0055216475024525,1,0.7730894443215469,0.27,0.3,1,10,1,0.5225556330413678,0.8,0.0055216475024525,0.0055216475024525,1,False,False,False,True,1e-06,0.9,-0.0184055100803334
0.7824626003178676,-1.8135615311101496e-16,8.408458335301564,94.32463666448258,22.05628851319501,0.7692307692307692,3,1,0.1,9690.489646475937,0.0022362646050969,1,0.945807433802902,0.27,0.3,1,10,1,1.6963279633031971,0.8,0.0022362646050969,0.0022362646050969,1,False,False,False,True,1e-06,0.9,-0.0074542228045385
0.7369698472062058,1.0979097371053677e-13,6.335106248228659,39.43241624476554,8.844986829706167,0.7692307692307693,3,1,0.1,30865.18918634484,0.0071227288419751,1,1.9273381762481063,0.27,0.3,1,10,1,1.4971561012841468,0.8,0.0071227288419751,0.0071227288419751,1,False,False,False,True,1e-06,0.9,-0.0237424532156799
0.4015380699180179,3.4225363040168536e-11,6.975712669433076,56.42554281649071,5.83848050130351,0.7692307692307692,3,1,0.1,40163.87872852828,0.0092685781306891,1,1.138214248863676,0.27,0.3,1,10,1,0.7326391001523681,0.8,0.0092685781306891,0.0092685781306891,1,False,False,False,True,1e-06,0.9,-0.030895291330891
0.6840413047765826,1.0202625927719224e-14,6.159013585904079,48.382826115375735,9.29313820087238,0.7692307692307692,3,1,0.1,28549.48404491908,0.0065883358843268,1,1.6715419863037169,0.27,0.3,1,10,1,1.3160457923531002,0.8,0.0065883358843268,0.0065883358843268,1,False,False,False,True,1e-06,0.9,-0.0219611415755424
0.7109525270342322,2.4556466478830328e-15,6.608955203639806,45.437876106791,8.975076499084953,0.7692307692307692,3,1,0.1,27296.04502302665,0.0062990810145138,1,1.2707263955167611,0.27,0.3,1,10,1,1.402751385027928,0.8,0.0062990810145138,0.0062990810145138,1,False,False,False,True,1e-06,0.9,-0.0209969577119829
0.5780333238453337,2.1853528261221474e-11,6.137371609071826,44.85911187967839,6.72801277470083,0.7692307692307692,3,1,0.1,38532.995652605234,0.0088922208742214,1,1.5221717925082938,0.27,0.3,1,10,1,1.0468449306420649,0.8,0.0088922208742214,0.0088922208742214,1,False,False,False,True,1e-06,0.9,-0.029640765888141
0.7839797391379686,7.33050683839714e-12,6.763828901359396,28.41130008529732,7.214017561307527,0.7692307692307692,3,1,0.1,36265.66765481686,0.008368991858774,1,1.576458191873616,0.27,0.3,1,10,1,1.7039238035415694,0.8,0.008368991858774,0.008368991858774,1,False,False,False,True,1e-06,0.9,-0.0278966674258863
0.5346070916575546,1.6143801556194958e-16,15.286628267241904,102.93357548509248,8.682683572947841,0.7692307692307692,3,1,0.1,14611.04905726756,0.0033717771798498,1,0.5133037918314602,0.27,0.3,1,10,1,0.9586332108817384,0.8,0.0033717771798498,0.0033717771798498,1,False,False,False,True,1e-06,0.9,-0.0112392685054235
0.3789991067804726,1.3026476979125466e-10,6.497426741195336,56.59105373321878,6.213054567883575,0.7692307692307692,3,1,0.1,42678.64001932882,0.00984890707859,1,1.667367510083025,0.27,0.3,1,10,1,0.6987438118807234,0.8,0.00984890707859,0.00984890707859,1,False,False,False,True,1e-06,0.9,-0.0328297230916571
0.6128438959541951,-1.7650651146802858e-16,7.994872802666335,115.1825317367865,16.00794271688777,0.7692307692307692,3,1,0.1,12720.4716265518,0.0029354905169875,1,0.873037078124614,0.27,0.3,1,10,1,1.1253221581924713,0.8,0.0029354905169875,0.0029354905169875,1,False,False,False,True,1e-06,0.9,-0.0097849781749268
0.4845351042405936,8.603838394252422e-15,6.828979087798378,68.70383176620156,8.086913925454878,0.7692307692307692,3,1,0.1,28840.688712053085,0.006655536894063,1,1.1242496104635462,0.27,0.3,1,10,1,0.8671776373251787,0.8,0.006655536894063,0.006655536894063,1,False,False,False,True,1e-06,0.9,-0.0221851451653332
0.4449309333261054,1.9133519178863202e-18,7.89177234256177,101.23834894029932,10.338271405619931,0.7692307692307692,3,1,0.1,20256.96778266428,0.0046746801981565,1,0.9134306071648666,0.27,0.3,1,10,1,0.8007884142289292,0.8,0.0046746801981565,0.0046746801981565,1,False,False,False,True,1e-06,0.9,-0.0155822829094558
0.5038533418157115,1.330646075493214e-10,6.243047432120717,47.67934015257414,6.46676783107382,0.7692307692307692,3,1,0.1,42079.036970098015,0.0097105372827612,1,1.8925462208045647,0.27,0.3,1,10,1,0.9013470265301002,0.8,0.0097105372827612,0.0097105372827612,1,False,False,False,True,1e-06,0.9,-0.0323684899776616
0.6345400829490369,3.090327728535963e-17,8.443346187808217,100.6058615502894,14.390846335475832,0.7692307692307692,3,1,0.1,13621.19582035042,0.0031433497385368,1,0.824422420389655,0.27,0.3,1,10,1,1.1785680087475363,0.8,0.0031433497385368,0.0031433497385368,1,False,False,False,True,1e-06,0.9,-0.010477842939622
0.6951393966984735,-2.398653432569534e-16,6.2389974486355495,60.0656599097283,11.733759351974228,0.7692307692307692,3,1,0.1,22166.358509726204,0.0051153083873233,1,1.5410195065503225,0.27,0.3,1,10,1,1.3506110309577746,0.8,0.0051153083873233,0.0051153083873233,1,False,False,False,True,1e-06,0.9,-0.0170510450087724
0.8063845096654242,1.8044163440430683e-16,6.904168269789533,47.33553317723367,13.212923030577697,0.7692307692307692,3,1,0.1,20724.998869481875,0.0047826872637739,1,1.961759555786375,0.27,0.3,1,10,1,1.825349501621221,0.8,0.0047826872637739,0.0047826872637739,1,False,False,False,True,1e-06,0.9,-0.0159423068215374
0.7347965114526457,7.633540546330516e-11,6.3243797145765335,30.14120083834105,6.656678269594115,0.7692307692307692,3,1,0.1,40282.93926230993,0.0092960536108586,1,1.7551912041652893,0.27,0.3,1,10,1,1.488808776856285,0.8,0.0092960536108586,0.0092960536108586,1,False,False,False,True,1e-06,0.9,-0.0309868763563743
0.546641203326782,-1.965066992475284e-17,7.664703774866908,73.133759186426,9.004767195879634,0.7692307692307692,3,1,0.1,23363.46165876083,0.0053915626831145,1,0.9204480618222638,0.27,0.3,1,10,1,0.9821439639494834,0.8,0.0053915626831145,0.0053915626831145,1,False,False,False,True,1e-06,0.9,-0.0179718935822573
0.7635291195507397,4.245193034249225e-17,6.495492664006018,50.65738795749814,12.305460561156105,0.7692307692307692,3,1,0.1,22281.650477085845,0.0051419141996259,1,1.9765344998183687,0.27,0.3,1,10,1,1.607196439934494,0.8,0.0051419141996259,0.0051419141996259,1,False,False,False,True,1e-06,0.9,-0.017139731138467
0.2583757336651038,1.7711751442840345e-12,7.2500930662431635,76.96397788055823,6.680813854903648,0.7692307692307692,3,1,0.1,35928.441435940666,0.0082911705016278,1,1.204124020146871,0.27,0.3,1,10,1,0.5279330964762846,0.8,0.0082911705016278,0.0082911705016278,1,False,False,False,True,1e-06,0.9,-0.0276372626426611
0.6868176525609151,-1.9473987209219548e-16,10.108971432848612,43.48500893013348,6.683807328504873,0.7692307692307692,3,1,0.1,26010.314302635023,0.0060023742215538,1,0.7044496138234091,0.27,0.3,1,10,1,1.3245461066189534,0.8,0.0060023742215538,0.0060023742215538,1,False,False,False,True,1e-06,0.9,-0.0200079340797602
0.8061733321549307,-3.257986472214124e-17,6.9890136484586,50.40841750842924,13.874670142553205,0.7692307692307692,3,1,0.1,19047.74941308939,0.0043956300839201,1,1.6435698732743074,0.27,0.3,1,10,1,1.8241159572803989,0.8,0.0043956300839201,0.0043956300839201,1,False,False,False,True,1e-06,0.9,-0.0146521149318341
0.772380310876869,5.2370405942994e-13,7.978959377065363,29.3466444492702,6.691116946282952,0.7692307692307692,3,1,0.1,32891.94888290561,0.0075904421533382,1,0.997385366061065,0.27,0.3,1,10,1,1.6476147747963672,0.8,0.0075904421533382,0.0075904421533382,1,False,False,False,True,1e-06,0.9,-0.0253014991459346
0.3245303590977493,8.177022615831326e-14,7.19478876287135,79.91549736824528,7.419583363260143,0.7692307692307692,3,1,0.1,31626.903042373084,0.0072985087884186,1,1.1400460444526503,0.27,0.3,1,10,1,0.6199686677410088,0.8,0.0072985087884186,0.0072985087884186,1,False,False,False,True,1e-06,0.9,-0.0243283869564247
0.8205801309027477,2.1923426885071127e-16,10.11915896060527,49.73741638776207,13.234329344062512,0.7692307692307692,3,1,0.1,14824.809307826914,0.0034211064195956,1,0.8254915857409384,0.27,0.3,1,10,1,1.912802911900362,0.8,0.0034211064195956,0.0034211064195956,1,False,False,False,True,1e-06,0.9,-0.011403699469007
0.8157932640433079,1.6605418133766578e-11,7.042854603907437,25.211796570717446,7.254855006980358,0.7692307692307692,3,1,0.1,37425.80491252442,0.0086367155741849,1,1.870096386072759,0.27,0.3,1,10,1,1.8822716344028767,0.8,0.0086367155741849,0.0086367155741849,1,False,False,False,True,1e-06,0.9,-0.0287890807030017
0.7555524607169046,-1.6125794066356051e-16,9.962819555249824,113.83680733924402,22.535785887392816,0.7692307692307692,3,1,0.1,8103.235918982336,0.0018699756500443,1,0.7486503952425021,0.27,0.3,1,10,1,1.5724776113579404,0.8,0.0018699756500443,0.0018699756500443,1,False,False,False,True,1e-06,0.9,-0.0062332584000666
0.5254795500934748,2.3750615600623692e-14,6.177634907635065,64.44535846670048,8.801840906378649,0.7692307692307692,3,1,0.1,29651.762496369585,0.0068427075785725,1,1.5615603248718546,0.27,0.3,1,10,1,0.9412292964674942,0.8,0.0068427075785725,0.0068427075785725,1,False,False,False,True,1e-06,0.9,-0.0228090480709336
0.717941446873011,6.009884605925738e-11,6.260290742400165,32.20380206342235,6.866074891517748,0.7692307692307692,3,1,0.1,39845.8247548146,0.0091951811336286,1,1.9510506560954315,0.27,0.3,1,10,1,1.4269865174436762,0.8,0.0091951811336286,0.0091951811336286,1,False,False,False,True,1e-06,0.9,-0.030650634429366
0.4427805363159771,-3.1130822843042586e-17,6.373611028672371,181.9209787361501,22.330986659786944,0.7692307692307692,3,1,0.1,12155.258057578129,0.0028050567469845,1,1.8674067725700907,0.27,0.3,1,10,1,0.7973079886054,0.8,0.0028050567469845,0.0028050567469845,1,False,False,False,True,1e-06,0.9,-0.0093501985068044
0.6453955912652586,4.222300745777217e-18,7.148118715841584,60.02918694683641,9.509119654157631,0.7692307692307693,3,1,0.1,23432.2740957044,0.0054074424598836,1,1.021368774677449,0.27,0.3,1,10,1,1.2066628031596105,0.8,0.0054074424598836,0.0054074424598836,1,False,False,False,True,1e-06,0.9,-0.0180248262244203
0.7352681034299791,3.906830409021881e-12,9.76841836297827,27.562731779195136,5.0764463850437584,0.7692307692307692,3,1,0.1,35956.92146713928,0.0082977428092729,1,0.7481861441283555,0.27,0.3,1,10,1,1.4906123708048005,0.8,0.0082977428092729,0.0082977428092729,1,False,False,False,True,1e-06,0.9,-0.0276591703567192
0.7314619197675415,1.3847965724025594e-13,7.01145608306472,36.6054602134975,7.523221576622926,0.7692307692307692,3,1,0.1,31295.937182075148,0.0072221321281165,1,1.1489789408315283,0.27,0.3,1,10,1,1.4761752322664046,0.8,0.0072221321281165,0.0072221321281165,1,False,False,False,True,1e-06,0.9,-0.0240737978341623
0.7767290415316219,-2.9724087017064373e-17,6.593436758173372,45.29088646999007,11.44155853234559,0.7692307692307692,3,1,0.1,23879.14878079453,0.005510567286025,1,1.9359674660662016,0.27,0.3,1,10,1,1.6682596545797794,0.8,0.005510567286025,0.005510567286025,1,False,False,False,True,1e-06,0.9,-0.018368575988641
0.4221639496576313,9.09584465493356e-12,13.35732474351357,50.0734348007869,3.7200350493334073,0.7692307692307692,3,1,0.1,38582.66869026391,0.0089036838712747,1,0.5744283863134555,0.27,0.3,1,10,1,0.7645101383563221,0.8,0.0089036838712747,0.0089036838712747,1,False,False,False,True,1e-06,0.9,-0.0296789759165285
0.8318064991206837,4.220718512222139e-15,11.028149941175108,24.259923627480628,6.728651861818187,0.7692307692307692,3,1,0.1,27876.24765267443,0.0064329737942258,1,0.7753423040923813,0.27,0.3,1,10,1,1.9890767589696745,0.8,0.0064329737942258,0.0064329737942258,1,False,False,False,True,1e-06,0.9,-0.0214432674239987
0.7966396080568875,3.072122856004373e-16,11.71880791700635,63.12804846289409,14.289324315192385,0.7692307692307692,3,1,0.1,11804.172376516251,0.0027240370554266,1,0.6800266505851587,0.27,0.3,1,10,1,1.7702832329578542,0.8,0.0027240370554266,0.0027240370554266,1,False,False,False,True,1e-06,0.9,-0.0090801325982123
0.8206644526726343,1.8302679859747416e-12,7.314074793691087,26.24329551310784,7.575757004209237,0.7692307692307692,3,1,0.1,34225.74545868292,0.0078982410542397,1,1.5229584018043103,0.27,0.3,1,10,1,1.913350848611031,0.8,0.0078982410542397,0.0078982410542397,1,False,False,False,True,1e-06,0.9,-0.0263274965082694
0.6630817984029438,-1.2382189955558994e-16,6.118893580384786,85.8382303524885,15.876040237286372,0.7692307692307692,3,1,0.1,17061.917662704072,0.0039373616766098,1,1.8467969169024725,0.27,0.3,1,10,1,1.2547763077849052,0.8,0.0039373616766098,0.0039373616766098,1,False,False,False,True,1e-06,0.9,-0.0131245520465718
0.5979308768053332,-6.562136102400261e-17,6.835318600598602,62.53669161185349,9.059479921588814,0.7692307692307692,3,1,0.1,25381.867025794043,0.0058573480716875,1,1.0895545088971603,0.27,0.3,1,10,1,1.0907371931445309,0.8,0.0058573480716875,0.0058573480716875,1,False,False,False,True,1e-06,0.9,-0.0195245130967854
0.690345758371518,1.2889003037235485e-18,7.115459108928561,98.63224863547909,17.701606768208833,0.7692307692307692,3,1,0.1,12813.589753835857,0.0029569792936801,1,1.0585861404305843,0.27,0.3,1,10,1,1.3354874378745571,0.8,0.0029569792936801,0.0029569792936801,1,False,False,False,True,1e-06,0.9,-0.0098566075021982
0.6527377613247134,7.813789048646687e-15,7.181219193976135,48.402157942207054,7.79689420761402,0.7692307692307692,3,1,0.1,28518.034447467493,0.0065810782911008,1,1.0171798462632933,0.27,0.3,1,10,1,1.2262685271427165,0.8,0.0065810782911008,0.0065810782911008,1,False,False,False,True,1e-06,0.9,-0.0219369495739303
0.2804486638569843,1.2830366151152272e-12,6.872244527943065,78.45080882766123,7.726066510940437,0.7692307692307692,3,1,0.1,35158.72715548127,0.0081135443075831,1,1.874562355410612,0.27,0.3,1,10,1,0.5583940591890982,0.8,0.0081135443075831,0.0081135443075831,1,False,False,False,True,1e-06,0.9,-0.0270451747370916
0.7524399295859372,-5.22542952370545e-17,7.204527517767313,134.46103691594772,29.425473601177167,0.7692307692307692,3,1,0.1,7963.580315596142,0.0018377474660254,1,1.1365103659876905,0.27,0.3,1,10,1,1.5593392541632178,0.8,0.0018377474660254,0.0018377474660254,1,False,False,False,True,1e-06,0.9,-0.0061258310125762
0.6757562453706502,3.912155431385934e-15,6.179403039353496,50.54535129317632,9.42169919258166,0.7692307692307692,3,1,0.1,27686.510466128988,0.0063891883338558,1,1.5583956898338882,0.27,0.3,1,10,1,1.2912318133001943,0.8,0.0063891883338558,0.0063891883338558,1,False,False,False,True,1e-06,0.9,-0.0212973157434804
0.3856901094778576,1.1380519773751548e-10,8.38601274662727,52.042089399070136,4.734465012742814,0.7692307692307692,3,1,0.1,42918.72589626926,0.0099043114572111,1,0.870114962352309,0.27,0.3,1,10,1,0.7087131505050852,0.8,0.0099043114572111,0.0099043114572111,1,False,False,False,True,1e-06,0.9,-0.0330144045384086
0.8105005201255258,-6.814246746194882e-17,7.805817801104556,54.47809266782394,14.716390299330154,0.7692307692307692,3,1,0.1,16133.906265268786,0.0037232054146826,1,1.1722286830547026,0.27,0.3,1,10,1,1.8497695724520429,0.8,0.0037232054146826,0.0037232054146826,1,False,False,False,True,1e-06,0.9,-0.0124106971262936
0.5684174367595628,1.3271411197068046e-16,6.1615329223584725,187.87218285631403,28.70563335081312,0.7692307692307692,3,1,0.1,9531.35209597122,0.0021995405919727,1,1.952273747498044,0.27,0.3,1,10,1,1.026471142467881,0.8,0.0021995405919727,0.0021995405919727,1,False,False,False,True,1e-06,0.9,-0.0073318093050443
0.5340632680675108,5.990521889505789e-13,6.148491531844741,56.76190079895788,7.950846044303865,0.7692307692307692,3,1,0.1,33294.827758857995,0.0076834141068299,1,1.655307860485921,0.27,0.3,1,10,1,0.9575861882124928,0.8,0.0076834141068299,0.0076834141068299,1,False,False,False,True,1e-06,0.9,-0.0256114059674802
0.2991215577266632,6.312020063346393e-14,8.372521006267476,80.57310830577228,6.620449200704555,0.7692307692307692,3,1,0.1,31556.299399386306,0.0072822156570718,1,0.9097625038320154,0.27,0.3,1,10,1,0.5843156244080266,0.8,0.0072822156570718,0.0072822156570718,1,False,False,False,True,1e-06,0.9,-0.0242740764642915
0.6357345885406407,2.6768288191490766e-11,6.200610962257813,39.2843679438098,6.581454199679231,0.7692307692307692,3,1,0.1,38746.96221249968,0.0089415977221717,1,1.4356539982944634,0.27,0.3,1,10,1,1.1816094250726443,0.8,0.0089415977221717,0.0089415977221717,1,False,False,False,True,1e-06,0.9,-0.0298053555458981
0.7623217641058202,3.657172327227249e-16,6.488928172592655,49.50460245569902,11.98814254181751,0.7692307692307692,3,1,0.1,22896.134471580284,0.005283718055317,1,1.98934785784466,0.27,0.3,1,10,1,1.6018411468442992,0.8,0.005283718055317,0.005283718055317,1,False,False,False,True,1e-06,0.9,-0.0176124111301171
0.7008607656916442,-3.5766076331436426e-17,6.213332431879997,67.89932453319723,13.57398897717676,0.7692307692307692,3,1,0.1,19458.3182690298,0.0044903766483342,1,1.639482195497043,0.27,0.3,1,10,1,1.3690653503547432,0.8,0.0044903766483342,0.0044903766483342,1,False,False,False,True,1e-06,0.9,-0.0149679371290364
0.6704298928589082,-5.743106923506193e-17,8.218720019333814,79.77991158328165,12.721068948379555,0.7692307692307692,3,1,0.1,15836.772657070976,0.0036546361891788,1,0.8586944145051107,0.27,0.3,1,10,1,1.27569769848185,0.8,0.0036546361891788,0.0036546361891788,1,False,False,False,True,1e-06,0.9,-0.0121821328127167
0.2754673290270499,3.657932928234958e-14,6.918173420064315,88.79829593637747,8.18236401887113,0.7692307692307692,3,1,0.1,30825.19172407393,0.0071134986688278,1,1.3848923019293518,0.27,0.3,1,10,1,0.5515070337815096,0.8,0.0071134986688278,0.0071134986688278,1,False,False,False,True,1e-06,0.9,-0.0237116859410885
0.830936697795626,1.3531054971382345e-12,8.802686676793307,22.76431340758331,6.58685933763509,0.7692307692307692,3,1,0.1,34000.164640393086,0.0078461839928583,1,1.031625479469612,0.27,0.3,1,10,1,1.9829158746207696,0.8,0.0078461839928583,0.0078461839928583,1,False,False,False,True,1e-06,0.9,-0.0261539727968078
0.4327199644244196,5.3757335059290714e-17,6.353136096224237,94.16999139111522,11.18683213290223,0.7692307692307692,3,1,0.1,23725.950616142345,0.0054752138980648,1,1.6744547446126674,0.27,0.3,1,10,1,0.7811774714097731,0.8,0.0054752138980648,0.0054752138980648,1,False,False,False,True,1e-06,0.9,-0.0182507312442625
0.3663692954076024,5.1265423381799567e-11,6.737276708486779,58.94220112317363,6.021258660520483,0.7692307692307692,3,1,0.1,41007.8368584756,0.0094633375052901,1,1.2990469560400757,0.27,0.3,1,10,1,0.6801213704262612,0.8,0.0094633375052901,0.0094633375052901,1,False,False,False,True,1e-06,0.9,-0.0315444898954255
0.6001875753485106,4.934703991707938e-17,15.384057512619846,138.83550644597648,13.608373136117944,0.7692307692307692,3,1,0.1,9226.832833800248,0.0021292669862396,1,0.5087592385064638,0.27,0.3,1,10,1,1.0958733123658524,0.8,0.0021292669862396,0.0021292669862396,1,False,False,False,True,1e-06,0.9,-0.0070975637183554
0.8029373689710005,2.0624477867557512e-16,7.428457475270181,35.71297531586328,9.464391871159194,0.7692307692307692,3,1,0.1,25860.028839341423,0.0059676929949245,1,1.2673878004924446,0.27,0.3,1,10,1,1.805442619958708,0.8,0.0059676929949245,0.0059676929949245,1,False,False,False,True,1e-06,0.9,-0.0198923298753919
0.7754094783552036,1.0855956369542924e-11,6.581959359877841,29.481051799708275,7.413777955650481,0.7692307692307692,3,1,0.1,36822.13962235584,0.0084974083380364,1,1.9268684644806664,0.27,0.3,1,10,1,1.6619380622817257,0.8,0.0084974083380364,0.0084974083380364,1,False,False,False,True,1e-06,0.9,-0.0283247227848159
0.4874617197460091,2.2444435430759758e-11,6.395107768746318,51.69968319398421,6.40903760010465,0.7692307692307692,3,1,0.1,38940.11965890854,0.0089861724728667,1,1.3403262601135393,0.27,0.3,1,10,1,0.8722723339224643,0.8,0.0089861724728667,0.0089861724728667,1,False,False,False,True,1e-06,0.9,-0.0299539381967973
0.7181239678127181,-3.849343814641264e-17,7.827938825525383,140.589952553499,26.470174854493614,0.7692307692307692,3,1,0.1,8059.690754214112,0.0018599267757436,1,0.9427784589639424,0.27,0.3,1,10,1,1.4276298818162785,0.8,0.0018599267757436,0.0018599267757436,1,False,False,False,True,1e-06,0.9,-0.0061997621189015
0.6993620389804012,3.436293309862364e-18,6.301896739892533,52.605848410580506,10.318959721164502,0.7692307692307692,3,1,0.1,24886.33184480195,0.0057429939126667,1,1.470722189605022,0.27,0.3,1,10,1,1.3641876467508374,0.8,0.0057429939126667,0.0057429939126667,1,False,False,False,True,1e-06,0.9,-0.0191433321855356
0.813237983176254,1.0165382944549088e-14,7.206660050596474,32.4551601329755,9.100137021279265,0.7692307692307692,3,1,0.1,28409.88249746933,0.006556120174376,1,1.5066793293649705,0.27,0.3,1,10,1,1.866420703291373,0.8,0.006556120174376,0.006556120174376,1,False,False,False,True,1e-06,0.9,-0.0218537557683207
0.8326000762755116,-2.1444679399109598e-16,9.064039577171917,37.06446853078412,10.749921176408762,0.7692307692307692,3,1,0.1,20418.560505866204,0.0047119707890928,1,0.9924115298431012,0.27,0.3,1,10,1,1.9947367491574024,0.8,0.0047119707890928,0.0047119707890928,1,False,False,False,True,1e-06,0.9,-0.0157065850035453
0.785554075080114,1.3113940909853561e-16,6.744172368340638,55.88396868432688,14.3145404515031,0.7692307692307692,3,1,0.1,18438.123523129,0.0042549473272532,1,1.6343982719979395,0.27,0.3,1,10,1,1.7118832300603652,0.8,0.0042549473272532,0.0042549473272532,1,False,False,False,True,1e-06,0.9,-0.0141831719406685
0.6994963832878514,-1.057663773640725e-16,7.304615425413472,67.46218999327694,12.306270287189712,0.7692307692307692,3,1,0.1,18120.39547573674,0.0041816255434403,1,1.0229455481420096,0.27,0.3,1,10,1,1.3646236023285758,0.8,0.0041816255434403,0.0041816255434403,1,False,False,False,True,1e-06,0.9,-0.0139387657502196
0.4692332405781667,4.14952677889325e-17,6.267058962452268,80.06544207665026,10.061173316575852,0.7692307692307692,3,1,0.1,26357.9889430468,0.0060826067502092,1,1.6681784383480318,0.27,0.3,1,10,1,0.8409835877276188,0.8,0.0060826067502092,0.0060826067502092,1,False,False,False,True,1e-06,0.9,-0.0202753761093867
0.3858597231943338,-2.9119659525480905e-17,6.532428720133301,96.63651051007488,10.919730160352715,0.7692307692307692,3,1,0.1,24870.17103696105,0.005739264500411,1,1.8722688007070325,0.27,0.3,1,10,1,0.7089668478219993,0.8,0.005739264500411,0.005739264500411,1,False,False,False,True,1e-06,0.9,-0.0191309007989185
0.3373453597393102,4.1159990167458415e-11,13.716198085756467,53.052627087879976,3.444611500534678,0.7692307692307693,3,1,0.1,41803.498300946696,0.0096469515021238,1,0.5762294030224017,0.27,0.3,1,10,1,0.6381734651325018,0.8,0.0096469515021238,0.0096469515021238,1,False,False,False,True,1e-06,0.9,-0.0321565371635846
0.3614615572377137,5.848070425019158e-11,7.431699674158086,57.29350265773922,5.422310755799435,0.7692307692307692,3,1,0.1,41476.07548190432,0.0095713924628483,1,1.0403074883841037,0.27,0.3,1,10,1,0.6729495809583876,0.8,0.0095713924628483,0.0095713924628483,1,False,False,False,True,1e-06,0.9,-0.0319046734474692
0.8239451028831141,-1.4456886995990492e-17,7.166548954238059,38.96934928432819,11.569795650430278,0.7692307692307693,3,1,0.1,23538.634890818503,0.00543198723609,1,1.901176291893858,0.27,0.3,1,10,1,1.9349514697039087,0.8,0.00543198723609,0.00543198723609,1,False,False,False,True,1e-06,0.9,-0.0181066422269244
0.6907907204192636,-5.609806167104762e-19,6.190584559383445,105.6636024599679,20.55361946416297,0.7692307692307692,3,1,0.1,12812.756707057351,0.0029567870527735,1,1.61934103830566,0.27,0.3,1,10,1,1.3368786311060357,0.8,0.0029567870527735,0.0029567870527735,1,False,False,False,True,1e-06,0.9,-0.0098559666985354
0.6112736713694871,4.78859358823505e-13,7.349393020448513,45.54700162028189,6.55804966569986,0.7692307692307692,3,1,0.1,33090.92069606216,0.0076363586774898,1,0.9717432270543463,0.27,0.3,1,10,1,1.1216073855635094,0.8,0.0076363586774898,0.0076363586774898,1,False,False,False,True,1e-06,0.9,-0.025454554379495
0.7949641915541585,-1.8235636288135024e-19,10.745842734102508,51.54539373308585,11.868962758808632,0.7692307692307692,3,1,0.1,15153.816767730394,0.0034970311413554,1,0.7343486063672449,0.27,0.3,1,10,1,1.7611807072397416,0.8,0.0034970311413554,0.0034970311413554,1,False,False,False,True,1e-06,0.9,-0.0116567821279552
0.2645080945008905,8.880670001161023e-18,7.263407394097897,121.59582595949595,10.593834476893976,0.7692307692307692,3,1,0.1,22545.32997681152,0.005202763253207,1,1.1892881314326842,0.27,0.3,1,10,1,0.5363836462586153,0.8,0.005202763253207,0.005202763253207,1,False,False,False,True,1e-06,0.9,-0.0173425615199011
0.545727715888747,6.023987113239765e-14,7.959283392513052,54.95616694228046,6.62980269205714,0.7692307692307692,3,1,0.1,30851.808585949475,0.0071196410149152,1,0.8791629201365414,0.27,0.3,1,10,1,0.9803358363169786,0.8,0.0071196410149152,0.0071196410149152,1,False,False,False,True,1e-06,0.9,-0.0237321604485209
0.378530219139607,7.396347196130285e-14,6.521399691079508,76.97118168037709,8.285758563316715,0.7692307692307692,3,1,0.1,31226.242939144933,0.0072060488570548,1,1.510946788605395,0.27,0.3,1,10,1,0.6980479623328929,0.8,0.0072060488570548,0.0072060488570548,1,False,False,False,True,1e-06,0.9,-0.0240201868770123
0.5378852877370858,6.427410303152312e-13,6.219588786181296,56.86045068981183,8.232941836013518,0.7692307692307692,3,1,0.1,33329.828933031626,0.0076914912929981,1,1.985803600954488,0.27,0.3,1,10,1,0.9649724816737296,0.8,0.0076914912929981,0.0076914912929981,1,False,False,False,True,1e-06,0.9,-0.025638329948298
0.8183461157825154,1.701711835462528e-16,7.147493734986048,188.823791400059,54.454416645304015,0.7692307692307692,3,1,0.1,4882.327775060451,0.0011266898983124,1,1.687583683453523,0.27,0.3,1,10,1,1.8984150226038987,0.8,0.0011266898983124,0.0011266898983124,1,False,False,False,True,1e-06,0.9,-0.0037556367500079
0.6752798834885402,7.430184844950111e-15,12.925172732393332,37.64107637478171,5.005734182621977,0.7692307692307692,3,1,0.1,28840.6388038666,0.0066555253755634,1,0.5776676130650146,0.27,0.3,1,10,1,1.2898294911666888,0.8,0.0066555253755634,0.0066555253755634,1,False,False,False,True,1e-06,0.9,-0.0221851067702961
0.6022633438667391,1.8257733267518558e-16,6.875621569080383,83.4015215978665,12.15947806113548,0.7692307692307692,3,1,0.1,18820.086347868924,0.0043430925066491,1,1.078404258653411,0.27,0.3,1,10,1,1.1006276017761765,0.8,0.0043430925066491,0.0043430925066491,1,False,False,False,True,1e-06,0.9,-0.0144769894991387
0.7730881733027428,2.798505278051477e-16,12.017001647027428,166.32336217212205,33.319450585670296,0.7692307692307692,3,1,0.1,4833.176906464274,0.0011153474015797,1,0.6458987146205925,0.27,0.3,1,10,1,1.6509386779496866,0.8,0.0011153474015797,0.0011153474015797,1,False,False,False,True,1e-06,0.9,-0.003717828389757
0.4305966759205705,8.87479881261599e-18,6.36487657176585,113.89977019516184,13.561946267593887,0.7692307692307692,3,1,0.1,19711.43123145243,0.0045487872733991,1,1.729846125464905,0.27,0.3,1,10,1,0.7778042840452344,0.8,0.0045487872733991,0.0045487872733991,1,False,False,False,True,1e-06,0.9,-0.015162639407288
0.4779078790222132,6.202499587200017e-17,6.379796000383813,99.24181531011727,12.168910275074095,0.7692307692307692,3,1,0.1,20656.331706783123,0.0047668410119328,1,1.3701473798011647,0.27,0.3,1,10,1,0.8557433229320657,0.8,0.0047668410119328,0.0047668410119328,1,False,False,False,True,1e-06,0.9,-0.0158894859292462
0.4446873999147914,3.3275145419934176e-12,7.394382680540258,57.524793713311,6.086862896258479,0.7692307692307692,3,1,0.1,36188.750756890746,0.0083512418233981,1,0.9990295134014588,0.27,0.3,1,10,1,0.8003936632329003,0.8,0.0083512418233981,0.0083512418233981,1,False,False,False,True,1e-06,0.9,-0.027837500582133
0.6734291680761146,1.0016368059269776e-16,6.20208775700191,150.09685195649408,27.68745751305106,0.7692307692307692,3,1,0.1,9342.430475220355,0.0021559433383524,1,1.5097505526086044,0.27,0.3,1,10,1,1.2844058018736797,0.8,0.0021559433383524,0.0021559433383524,1,False,False,False,True,1e-06,0.9,-0.007186484980986
0.720303243671146,-3.395250241349267e-17,6.541982372832803,118.864854841221,24.310946955118453,0.7692307692307692,3,1,0.1,10257.505361702775,0.0023671142551036,1,1.3372599721557965,0.27,0.3,1,10,1,1.4353538013827,0.8,0.0023671142551036,0.0023671142551036,1,False,False,False,True,1e-06,0.9,-0.0078903887407263
0.2413207836203454,1.4927790258182848e-11,11.786410795269962,64.85789330208961,4.119832165797416,0.7692307692307692,3,1,0.1,40213.91423507497,0.0092801247729885,1,0.666325891230156,0.27,0.3,1,10,1,0.5044443517560588,0.8,0.0092801247729885,0.0092801247729885,1,False,False,False,True,1e-06,0.9,-0.0309337801770443
0.5791012583914215,2.259984839263983e-11,7.144754240257059,41.93187469372607,5.705996497755919,0.7692307692307692,3,1,0.1,38857.97208505028,0.0089672153596947,1,1.011609306785588,0.27,0.3,1,10,1,1.049139972980806,0.8,0.0089672153596947,0.0089672153596947,1,False,False,False,True,1e-06,0.9,-0.029890747756367
0.766220825020255,1.2906995464869855e-16,7.151124062875963,44.43673951195476,10.266322008282962,0.7692307692307693,3,1,0.1,23330.7142927903,0.0053840056055509,1,1.197718893747368,0.27,0.3,1,10,1,1.6192692116305447,0.8,0.0053840056055509,0.0053840056055509,1,False,False,False,True,1e-06,0.9,-0.0179467032985219
0.8231911242520724,2.131352556095841e-10,7.422988719951881,20.94756900318919,6.088301631737838,0.7692307692307692,3,1,0.1,42158.08899244421,0.0097287800392527,1,1.4680687167631392,0.27,0.3,1,10,1,1.9299377581467727,0.8,0.0097287800392527,0.0097287800392527,1,False,False,False,True,1e-06,0.9,-0.0324292992267758
0.7878033564760651,2.2008853096214408e-11,8.633993651872556,23.14380009860305,5.4940959879373725,0.7692307692307692,3,1,0.1,38369.80962039981,0.0088545625957986,1,0.9235726309216624,0.27,0.3,1,10,1,1.7233942992378464,0.8,0.0088545625957986,0.0088545625957986,1,False,False,False,True,1e-06,0.9,-0.0295152381678708
0.7051833144218573,1.634104270007461e-16,15.105717540312114,88.71585448278772,12.184336526891608,0.7692307692307692,3,1,0.1,10616.24521429718,0.0024499002917338,1,0.5221015751232622,0.27,0.3,1,10,1,1.3833114689808526,0.8,0.0024499002917338,0.0024499002917338,1,False,False,False,True,1e-06,0.9,-0.0081663424721137
0.4117792724314261,2.788180749542377e-12,9.975716957491787,56.970142815986215,4.892419307873166,0.7692307692307692,3,1,0.1,36361.290647515816,0.0083910586809848,1,0.7243730204491563,0.27,0.3,1,10,1,0.7483539795735208,0.8,0.0083910586809848,0.0083910586809848,1,False,False,False,True,1e-06,0.9,-0.0279702235734782
0.4683037413807912,-2.406206262234072e-17,6.269718561464792,165.0039175577243,20.641736534695603,0.7692307692307692,3,1,0.1,12795.707442941435,0.0029528526108545,1,1.6395353676928237,0.27,0.3,1,10,1,0.8394155401423465,0.8,0.0029528526108545,0.0029528526108545,1,False,False,False,True,1e-06,0.9,-0.0098428518790237
0.3019473429986614,9.794352861366384e-13,7.280142894456669,74.62038077320064,6.716160856163103,0.7692307692307692,3,1,0.1,34881.55438861208,0.0080495814243213,1,1.1356938854116772,0.27,0.3,1,10,1,0.5882561922320666,0.8,0.0080495814243213,0.0080495814243213,1,False,False,False,True,1e-06,0.9,-0.0268319649130091
0.7494272308602608,4.2182280953676096e-17,7.567836301220515,54.28061886741158,11.539435093118334,0.7692307692307692,3,1,0.1,19434.598560197777,0.0044849028751563,1,1.0344911830118544,0.27,0.3,1,10,1,1.5468307320188854,0.8,0.0044849028751563,0.0044849028751563,1,False,False,False,True,1e-06,0.9,-0.0149496912001972
0.7553032392164967,-1.3516436723983618e-16,13.322602889240116,44.94757992335041,7.999811347844188,0.7692307692307692,3,1,0.1,18315.635238516625,0.0042266808282536,1,0.5860509014703464,0.27,0.3,1,10,1,1.571417397274464,0.8,0.0042266808282536,0.0042266808282536,1,False,False,False,True,1e-06,0.9,-0.0140889501831149
0.8297263351880535,-7.906092111101987e-17,13.059729681168328,45.52470416685297,12.020212721982642,0.7692307692307693,3,1,0.1,13610.684082621638,0.0031409239545397,1,0.6570939989270501,0.27,0.3,1,10,1,1.9744161242752687,0.8,0.0031409239545397,0.0031409239545397,1,False,False,False,True,1e-06,0.9,-0.010469756984879
0.4071901253294189,7.100454320692452e-13,6.922538734085987,66.14081755195946,6.928149632791987,0.7692307692307692,3,1,0.1,34023.177443598295,0.0078514946351737,1,1.1520874985281393,0.27,0.3,1,10,1,0.7412861699129183,0.8,0.0078514946351737,0.0078514946351737,1,False,False,False,True,1e-06,0.9,-0.0261716749555611
0.8235863427603446,3.8567813444632094e-11,7.314934482805355,22.98207460812707,6.727726680567658,0.7692307692307692,3,1,0.1,38887.281580482086,0.0089739790826185,1,1.5764965771888622,0.27,0.3,1,10,1,1.9325621084199984,0.8,0.0089739790826185,0.0089739790826185,1,False,False,False,True,1e-06,0.9,-0.0299132935219921
0.6626062958731452,1.0320952908530662e-14,7.147531605967778,46.959599286682334,7.780974484662692,0.7692307692307692,3,1,0.1,28757.17510936118,0.006636264542518,1,1.0298461881158385,0.27,0.3,1,10,1,1.2534421229059876,0.8,0.006636264542518,0.006636264542518,1,False,False,False,True,1e-06,0.9,-0.0221209039292753
0.8037299209121337,2.011829719778164e-10,8.037238467507946,20.79144326178968,5.404148817717933,0.7692307692307692,3,1,0.1,42325.76416412232,0.0097674742703104,1,1.077294394342659,0.27,0.3,1,10,1,1.80997682503072,0.8,0.0097674742703104,0.0097674742703104,1,False,False,False,True,1e-06,0.9,-0.0325582801259491
0.7732458779314183,5.871603667778634e-12,6.567243711964329,30.52292977326059,7.638301344716343,0.7692307692307692,3,1,0.1,35883.2267514074,0.0082807363529575,1,1.972200021480204,0.27,0.3,1,10,1,1.6516811217400271,0.8,0.0082807363529575,0.0082807363529575,1,False,False,False,True,1e-06,0.9,-0.0276024821123129
0.6101222462716814,1.958913168200456e-15,10.09045274620532,50.28309708125162,6.240122306342346,0.7692307692307692,3,1,0.1,27532.64127235244,0.0063536800936862,1,0.6946749257432552,0.27,0.3,1,10,1,1.1188946470985934,0.8,0.0063536800936862,0.0063536800936862,1,False,False,False,True,1e-06,0.9,-0.0211789548245543
0.734830450205427,-9.205615094087072e-17,14.582618849331457,32.71202119258852,5.136163331071877,0.7692307692307692,3,1,0.1,26245.396160495224,0.0060566238266353,1,0.541724052243152,0.27,0.3,1,10,1,1.4889384325756,0.8,0.0060566238266353,0.0060566238266353,1,False,False,False,True,1e-06,0.9,-0.0201887662775306
0.7629726624297742,1.06815196699124e-11,7.578453504154848,27.36888253850889,6.117781084956614,0.7692307692307692,3,1,0.1,37112.61833158331,0.0085644418191475,1,1.0607101121547444,0.27,0.3,1,10,1,1.6047236865245007,0.8,0.0085644418191475,0.0085644418191475,1,False,False,False,True,1e-06,0.9,-0.0285481679452978
0.505203398032971,6.722221979290015e-11,8.566194928987397,43.63166362454628,4.707956179211552,0.7692307692307692,3,1,0.1,41373.58962706094,0.0095477419058289,1,0.8169200448910162,0.27,0.3,1,10,1,0.9037842550193956,0.8,0.0095477419058289,0.0095477419058289,1,False,False,False,True,1e-06,0.9,-0.0318258381785693
0.4447415572951353,0.0190819415110731,23.77837124570245,1.408060078733255,0.0142757968127058,0.7692307692307692,3,1,0.1,1096265.3042745583,0.2529840479770473,1,0.5110406524176286,0.27,0.3,1,10,1,1.4580055597875772,0.8,0.2529840479770473,0.2529840479770473,1,False,False,False,True,1e-06,0.9,-0.843281003203651
0.2141451490000178,0.0121006642056919,3.007895235295406,0.1565687850992924,-0.0005947288622033,0.7692307692307692,3,1,0.1,8560803.484921219,1.9755680592694875,1,0.8628601715576083,0.27,0.3,1,10,1,1.010354401561826,0.8,1.9755680592694875,1.9755680592694875,1,False,False,False,True,1e-06,0.9,-6.585233449458489
0.2609646010004609,0.0136564560542179,3.911666183814029,0.1705802014086607,-0.0018401009077593,0.7692307692307692,3,1,0.1,6994685.381589819,1.6141565509093228,1,0.7106172278451739,0.27,0.3,1,10,1,1.5123886341219503,0.8,1.6141565509093228,1.6141565509093228,1,False,False,False,True,1e-06,0.9,-5.380527216886246
0.1420548220229094,0.0119291196767297,14.445844143949584,1.0596498621673798,0.0258160982009681,0.7692307692307692,3,1,0.1,1897909.8067054872,0.4379787481244352,1,0.6656399152638159,0.27,0.3,1,10,1,0.5441765080862435,0.8,0.4379787481244352,0.4379787481244352,1,False,False,False,True,1e-06,0.9,-1.4599306203439444
0.237098690169506,0.0312381753837133,5.327972461867962,0.3692730906807074,0.0014464174652828,0.7692307692307692,3,1,0.1,4363004.716508934,1.0068462353132035,1,1.9867923366864229,0.27,0.3,1,10,1,0.870994295373118,0.8,1.0068462353132035,1.0068462353132035,1,False,False,False,True,1e-06,0.9,-3.3561574738647963
0.1531207730378659,0.0099350806717078,3.343459755912374,0.1868712747555385,0.0010671225727428,0.7692307692307692,3,1,0.1,8372253.986583772,1.9320566803885488,1,0.9647601114774944,0.27,0.3,1,10,1,0.6672433022927197,0.8,1.9320566803885488,1.9320566803885488,1,False,False,False,True,1e-06,0.9,-6.44019537481743
0.2776088526714052,0.0181965005204596,3.7954384056449433,0.146271269455419,-0.0024607424243716,0.7692307692307692,3,1,0.1,7910921.405372666,1.8255954215809227,1,1.0063792860984608,0.27,0.3,1,10,1,1.715840072046394,0.8,1.8255954215809227,1.8255954215809227,1,False,False,False,True,1e-06,0.9,-6.0853241572544805
0.2517182688501067,0.0268740957097051,4.096689418123758,0.2580964567047937,-0.0017298035326881,0.7692307692307692,3,1,0.1,5563061.2473547645,1.2837820810159162,1,1.4417503729816996,0.27,0.3,1,10,1,1.0434039539168805,0.8,1.2837820810159162,1.2837820810159162,1,False,False,False,True,1e-06,0.9,-4.279277882659991
0.6353187347470567,0.0267181079221858,8.416605608665115,2.373128173913054,0.2016989128475826,0.7692307692307692,3,1,0.1,570408.4097565887,0.1316325783060641,1,1.1983052875860327,0.27,0.3,1,10,1,1.5908771678932556,0.8,0.1316325783060641,0.1316325783060641,1,False,False,False,True,1e-06,0.9,-0.4387756997954746
0.1389176050810422,0.0122557900723887,3.576933081881528,0.2043467996610242,0.0023308931871879,0.7692307692307692,3,1,0.1,8099847.571279592,1.869193724413542,1,1.5113355081331954,0.27,0.3,1,10,1,0.5923990622101609,0.8,1.869193724413542,1.869193724413542,1,False,False,False,True,1e-06,0.9,-6.230651978690887
0.301676762624854,0.0287979390552649,4.409598554040668,0.20973433067292,-0.0046684961877102,0.7692307692307692,3,1,0.1,5893255.116738412,1.359980589911724,1,1.2738049882863662,0.27,0.3,1,10,1,1.6081325394568675,0.8,1.359980589911724,1.359980589911724,1,False,False,False,True,1e-06,0.9,-4.533273166307713
0.1823469492394644,0.0204942721781241,9.03531241154896,0.801462236080289,0.0189229384944983,0.7692307692307692,3,1,0.1,2433680.9509761664,0.561618119400476,1,1.0089126834775777,0.27,0.3,1,10,1,0.6357358553181603,0.8,0.561618119400476,0.561618119400476,1,False,False,False,True,1e-06,0.9,-1.872062270061985
0.3602302572496327,0.030135111959161,11.131361465803243,1.274242818433888,0.0210667581208734,0.7692307692307692,3,1,0.1,1416690.5603123312,0.3269282639043553,1,0.9134459819967462,0.27,0.3,1,10,1,1.0506532699199609,0.8,0.3269282639043553,0.3269282639043553,1,False,False,False,True,1e-06,0.9,-1.0897619694420642
0.4773504317983838,0.0283065005024392,7.193227021678139,2.677159357065843,0.1856958466369877,0.7692307692307692,3,1,0.1,673682.3924761283,0.1554650120344129,1,1.6920420744584548,0.27,0.3,1,10,1,1.078290934057376,0.8,0.1554650120344129,0.1554650120344129,1,False,False,False,True,1e-06,0.9,-0.5182172249980834
0.309727964120842,0.0242345775288722,7.520509290920947,0.3489480882525504,-0.004945498998582,0.7692307692307692,3,1,0.1,3783356.535252109,0.8730814043076413,1,0.728490073332053,0.27,0.3,1,10,1,1.555005304356308,0.8,0.8730814043076413,0.8730814043076413,1,False,False,False,True,1e-06,0.9,-2.910274257963485
0.2145412979619561,0.0158287452722649,3.581228186194416,0.209736550218408,-0.0005028590391218,0.7692307692307692,3,1,0.1,6737490.60689083,1.5548039697652691,1,0.9388252417137156,0.27,0.3,1,10,1,0.94764842057044,0.8,1.5548039697652691,1.5548039697652691,1,False,False,False,True,1e-06,0.9,-5.182685081897462
0.3645009229401835,0.0463319387878144,7.309218292441804,0.5192742069732204,-0.0066991451040403,0.7692307692307693,3,1,0.1,3002018.470004,0.6927728004526843,1,1.7735888219342626,0.27,0.3,1,10,1,1.3042882918062553,0.8,0.6927728004526843,0.6927728004526843,1,False,False,False,True,1e-06,0.9,-2.309244977418283
0.2629141626137346,0.007396186481548,4.431668544072649,0.1403765830526223,-0.0010746498025199,0.7692307692307692,3,1,0.1,7859080.622006654,1.813632176001073,1,0.5076797768984843,0.27,0.3,1,10,1,1.9261931621583253,0.8,1.813632176001073,1.813632176001073,1,False,False,False,True,1e-06,0.9,-6.0454466321108296
0.2795887523709964,0.0144765938182687,4.577147291409002,0.1476964019716845,-0.0022160044049867,0.7692307692307692,3,1,0.1,7544163.155047984,1.740958987192415,1,0.7847162077191105,0.27,0.3,1,10,1,1.999016241037688,0.8,1.740958987192415,1.740958987192415,1,False,False,False,True,1e-06,0.9,-5.803202427171341
0.1672125570462198,0.0138179890858676,4.25325360175452,0.2690035204584666,0.0019649698686998,0.7692307692307692,3,1,0.1,5951099.608338927,1.3733293053757345,1,0.9536774867940944,0.27,0.3,1,10,1,0.6979215421723428,0.8,1.3733293053757345,1.3733293053757345,1,False,False,False,True,1e-06,0.9,-4.577768929016798
0.3293208354218774,0.0117102068274666,13.520781562303544,2.9622030707741067,0.1297948083491525,0.7692307692307693,3,1,0.1,653131.503944219,0.1507225040058482,1,0.6306525911626129,0.27,0.3,1,10,1,0.7966805374246269,0.8,0.1507225040058482,0.1507225040058482,1,False,False,False,True,1e-06,0.9,-0.5024088490945074
0.2493929215398811,0.0250978794890897,4.056714693572424,0.2537222738487375,-0.0016946114294525,0.7692307692307692,3,1,0.1,5608238.998258213,1.2942077055361425,1,1.2809440465374804,0.27,0.3,1,10,1,1.0526856748753948,0.8,1.2942077055361425,1.2942077055361425,1,False,False,False,True,1e-06,0.9,-4.31402999914616
0.3305981064228558,0.0143774052412179,6.947360195744333,4.256281433771365,0.33972410845523,0.7692307692307692,3,1,0.1,531341.9954484799,0.1226172609332516,1,1.5481749418799151,0.27,0.3,1,10,1,0.716835541524146,0.8,0.1226172609332516,0.1226172609332516,1,False,False,False,True,1e-06,0.9,-0.408724611835042
0.2273042812061613,0.0247535347087941,4.490732083817354,0.3043005526110784,0.0002347681942681,0.7692307692307692,3,1,0.1,5053698.610167469,1.166236974690699,1,1.3342625790011386,0.27,0.3,1,10,1,0.8943703778643203,0.8,1.166236974690699,1.166236974690699,1,False,False,False,True,1e-06,0.9,-3.887460469758913
0.3149185923570003,0.0315018710578045,5.603790081900207,0.2976707672774051,-0.0057919084396269,0.7692307692307692,3,1,0.1,4434617.243949073,1.0233721868811272,1,1.0874844793201877,0.27,0.3,1,10,1,1.5206768179073489,0.8,1.0233721868811272,1.0233721868811272,1,False,False,False,True,1e-06,0.9,-3.411244034177713
0.2650528744405497,0.0214180339624163,4.089491122513733,0.2217784170896809,-0.0026207172870171,0.7692307692307693,3,1,0.1,5868289.108234394,1.3542192095888526,1,0.9591522870265424,0.27,0.3,1,10,1,1.286288775537578,0.8,1.3542192095888526,1.3542192095888526,1,False,False,False,True,1e-06,0.9,-4.514068546026874
0.1508650040640365,0.0134388142698844,3.509289031628132,0.1997694403898942,0.0019147202078585,0.7692307692307692,3,1,0.1,8106643.923758974,1.8707621115480928,1,1.553988915074655,0.27,0.3,1,10,1,0.6350253062027931,0.8,1.8707621115480928,1.8707621115480928,1,False,False,False,True,1e-06,0.9,-6.235879941034013
0.2218543994058942,0.0188170914279059,4.405916287505724,0.2744337311178199,-0.0003635623203967,0.7692307692307692,3,1,0.1,5343910.950306216,1.2332089861177342,1,0.9247485111005376,0.27,0.3,1,10,1,0.9381438726194422,0.8,1.2332089861177342,1.2332089861177342,1,False,False,False,True,1e-06,0.9,-4.110700731089068
0.1930880156600138,0.0226293706313034,4.46049749704348,0.2980231512736333,0.0024836891932651,0.7692307692307692,3,1,0.1,5441570.225756958,1.2557457193285977,1,1.7106715739210896,0.27,0.3,1,10,1,0.7492432653758532,0.8,1.2557457193285977,1.2557457193285977,1,False,False,False,True,1e-06,0.9,-4.185823250247722
0.3102009634018962,0.0317714070932704,4.282661029956679,0.1780150459537403,-0.0049537015060982,0.7692307692307692,3,1,0.1,6720546.344148598,1.5508937592489578,1,1.7871831695470073,0.27,0.3,1,10,1,1.741476737375519,0.8,1.5508937592489578,1.5508937592489578,1,False,False,False,True,1e-06,0.9,-5.169651033809056
0.3039287388928433,0.0269820296067899,5.26616790520626,0.2540583599926009,-0.0049255989632269,0.7692307692307692,3,1,0.1,4958602.852253682,1.1442918214551463,1,0.9792966002271803,0.27,0.3,1,10,1,1.6075927033104398,0.8,1.1442918214551463,1.1442918214551463,1,False,False,False,True,1e-06,0.9,-3.814309885823226
0.2997666970917625,0.0247110602275755,4.274614277382197,0.1471177056657117,-0.0036640089510998,0.7692307692307692,3,1,0.1,7731699.034519966,1.784236454305118,1,1.3893817365651002,0.27,0.3,1,10,1,1.9519234780410544,0.8,1.784236454305118,1.784236454305118,1,False,False,False,True,1e-06,0.9,-5.947460795138574
0.2493260716943676,0.0231159164809986,11.341017184242297,0.8895983626987988,0.0123737163647774,0.7692307692307692,3,1,0.1,2072394.0230110537,0.4782442962809374,1,0.809101946673549,0.27,0.3,1,10,1,0.8304627541222049,0.8,0.4782442962809374,0.4782442962809374,1,False,False,False,True,1e-06,0.9,-1.5941492484174458
0.3908870202594483,0.0498741037620703,7.46303204787618,0.4526662380012911,-0.0108094136811034,0.7692307692307692,3,1,0.1,3221007.6848794334,0.7433087223946236,1,1.8924653646631744,0.27,0.3,1,10,1,1.564190310415012,0.8,0.7433087223946236,0.7433087223946236,1,False,False,False,True,1e-06,0.9,-2.4776982190111534
0.5947555407258116,0.0336740461667212,10.144240936792544,1.8395042779177064,0.0836105930985887,0.7692307692307692,3,1,0.1,770650.6507793461,0.1778422800266867,1,1.0770759223964104,0.27,0.3,1,10,1,1.6637774217550296,0.8,0.1778422800266867,0.1778422800266867,1,False,False,False,True,1e-06,0.9,-0.5928081928965557
0.2049836994718515,0.0223384712028619,9.086682604588516,1.3188530983284763,0.0469698853330774,0.7692307692307692,3,1,0.1,1599766.7850524269,0.3691765811964796,1,1.2130067617174578,0.27,0.3,1,10,1,0.6277885682993417,0.8,0.3691765811964796,0.3691765811964796,1,False,False,False,True,1e-06,0.9,-1.2305898345768695
0.7584415562215645,0.0148774311301105,7.506709798788809,3.0463909909585243,0.5697771110367178,0.7692307692307692,3,1,0.1,356478.57688927924,0.0822642047155951,1,1.6882273186248882,0.27,0.3,1,10,1,1.8600371708288788,0.8,0.0822642047155951,0.0822642047155951,1,False,False,False,True,1e-06,0.9,-0.2742142899326663
0.1922823914112449,0.016438621473744,3.15727085031826,0.1708092937983899,0.0002474364646995,0.7692307692307692,3,1,0.1,8648072.15208607,1.9957069621925403,1,1.6034088846988344,0.27,0.3,1,10,1,0.8126181510745617,0.8,1.9957069621925403,1.9957069621925403,1,False,False,False,True,1e-06,0.9,-6.652363192998341
0.2849367168270588,0.0198959419753461,4.165319261063158,0.1621865426814856,-0.0029850238564884,0.7692307692307692,3,1,0.1,7154054.934361482,1.6509341031927407,1,0.9911656775041132,0.27,0.3,1,10,1,1.7733079997688015,0.8,1.6509341031927407,1.6509341031927407,1,False,False,False,True,1e-06,0.9,-5.503119180422813
0.3826364912878329,0.0484428153494489,7.407048201472158,0.4808161678968203,-0.0094203349688051,0.7692307692307692,3,1,0.1,3113585.610308314,0.7185190376610232,1,1.802837858149758,0.27,0.3,1,10,1,1.4612908854966684,0.8,0.7185190376610232,0.7185190376610232,1,False,False,False,True,1e-06,0.9,-2.395065853933536
0.386261933868652,0.049265250150925,7.5458798775099964,0.4954677780274515,-0.0094627480906321,0.7692307692307692,3,1,0.1,3045504.4590253546,0.7028080185344839,1,1.8754198819612875,0.27,0.3,1,10,1,1.4522912773929162,0.8,0.7028080185344839,0.7028080185344839,1,False,False,False,True,1e-06,0.9,-2.342695737808341
0.3495242190716929,0.0419689179520545,5.791869176799349,0.2863930720325237,-0.0086596339943103,0.7692307692307692,3,1,0.1,4524078.296989245,1.0440170245516136,1,1.722790460283785,0.27,0.3,1,10,1,1.7283773225347083,0.8,1.0440170245516136,1.0440170245516136,1,False,False,False,True,1e-06,0.9,-3.480060228562127
0.2623587765598354,0.0343608520180982,5.425930145267732,0.3749856669186432,-0.0004657789042134,0.7692307692307693,3,1,0.1,4191696.486029466,0.9673136062297268,1,1.93409706311856,0.27,0.3,1,10,1,0.9656028177608516,0.8,0.9673136062297268,0.9673136062297268,1,False,False,False,True,1e-06,0.9,-3.22438191181111
0.197767847700201,0.0110298634215946,3.3865060655849657,0.1862994898407673,-0.0001715599068308,0.7692307692307692,3,1,0.1,7549552.4269601,1.742202663860544,1,0.7610695222191324,0.27,0.3,1,10,1,0.898571795242986,0.8,1.742202663860544,1.742202663860544,1,False,False,False,True,1e-06,0.9,-5.807348020210693
0.5545515706040687,0.0437068922148217,11.779018709305433,1.3025216507244008,0.0130830737478356,0.7692307692307692,3,1,0.1,1166045.5353488051,0.2690871621835921,1,1.1624248345014208,0.27,0.3,1,10,1,1.7834336699420366,0.8,0.2690871621835921,0.2690871621835921,1,False,False,False,True,1e-06,0.9,-0.8969581042358477
0.1660691500408893,0.0160122390228632,5.59083004255921,0.3799603365564405,0.0045082278270244,0.7692307692307692,3,1,0.1,4472178.648695561,1.0320401946804494,1,0.9423723557629988,0.27,0.3,1,10,1,0.6650313353826831,0.8,1.0320401946804494,1.0320401946804494,1,False,False,False,True,1e-06,0.9,-3.440137422402147
0.2675243649189576,0.0237956251582044,3.559696698337874,0.1880077911894261,-0.0026605120880274,0.7692307692307692,3,1,0.1,6846055.984093355,1.5798574932941487,1,1.2915931170980028,0.27,0.3,1,10,1,1.29172839462807,0.8,1.5798574932941487,1.5798574932941487,1,False,False,False,True,1e-06,0.9,-5.266196910505473
0.2410082127898886,0.0105601763007132,4.547460730198042,0.2206034372160602,-0.0012209151646836,0.7692307692307692,3,1,0.1,5760297.780486831,1.3292981583697696,1,0.5327675440396081,0.27,0.3,1,10,1,1.2430955806272932,0.8,1.3292981583697696,1.3292981583697696,1,False,False,False,True,1e-06,0.9,-4.430998292226426
0.1435456889678168,0.0177290351446095,6.53284403182488,0.5249124281669708,0.0129017679985522,0.7692307692307692,3,1,0.1,3606953.7876447793,0.8323731185256914,1,1.2607969610724754,0.27,0.3,1,10,1,0.5547816223930822,0.8,0.8323731185256914,0.8323731185256914,1,False,False,False,True,1e-06,0.9,-2.7745798363293663
0.2410407218878444,0.0323984613348159,7.1336131487701,0.6227661069157748,0.0095716824008839,0.7692307692307692,3,1,0.1,2917792.058520454,0.6733359556260713,1,1.7305522069033548,0.27,0.3,1,10,1,0.7902124236055155,0.8,0.6733359556260713,0.6733359556260713,1,False,False,False,True,1e-06,0.9,-2.244455429873423
0.5072498720696801,0.047681350500244,10.007684612620924,1.1900593642130362,0.0080099452873917,0.7692307692307692,3,1,0.1,1367974.205492071,0.3156860394445102,1,1.4664256154998967,0.27,0.3,1,10,1,1.5281864605785456,0.8,0.3156860394445102,0.3156860394445102,1,False,False,False,True,1e-06,0.9,-1.0522878504351654
0.5503534242203034,0.0339209144609021,13.365472555876693,1.487638744744565,0.0290170018386303,0.7692307692307692,3,1,0.1,986434.787390491,0.2276385694295874,1,0.8704865244566462,0.27,0.3,1,10,1,1.725262888444993,0.8,0.2276385694295874,0.2276385694295874,1,False,False,False,True,1e-06,0.9,-0.7587959902271894
0.2807587091632225,0.0162206307117691,4.130542778263679,0.1286665990612688,-0.0022042600320519,0.7692307692307692,3,1,0.1,8634189.740232727,1.9925033325966497,1,0.9808360749610968,0.27,0.3,1,10,1,1.9830678202030207,0.8,1.9925033325966497,1.9925033325966497,1,False,False,False,True,1e-06,0.9,-6.641684416999941
0.2050862188390694,0.0275957068473495,8.333621601641191,0.9689082723300344,0.032235517127256,0.7692307692307692,3,1,0.1,2102211.483535738,0.4851252418545783,1,1.8579322536021208,0.27,0.3,1,10,1,0.6430283813555874,0.8,0.4851252418545783,0.4851252418545783,1,False,False,False,True,1e-06,0.9,-1.6170857565994006
0.2719325972217972,0.012495496357352,4.143751174267826,0.1318494317488478,-0.001714492445909,0.7692307692307692,3,1,0.1,8425163.29890739,1.944266509150356,1,0.7684186138798572,0.27,0.3,1,10,1,1.9344302519582384,0.8,1.944266509150356,1.944266509150356,1,False,False,False,True,1e-06,0.9,-6.480894844722882
0.2051844738307935,0.0212718632092763,4.01300733640227,0.2609367767785996,0.0008167259433566,0.7692307692307692,3,1,0.1,5913140.7009434085,1.3645695664856836,1,1.411417433312868,0.27,0.3,1,10,1,0.8224059142268064,0.8,1.3645695664856836,1.3645695664856836,1,False,False,False,True,1e-06,0.9,-4.548569770184167
0.236821984637138,0.014382751905919,3.500105256241417,0.1833784307358533,-0.0012736110775761,0.7692307692307692,3,1,0.1,7075456.837601442,1.6327960987232737,1,0.8007206077191324,0.27,0.3,1,10,1,1.1638859374490464,0.8,1.6327960987232737,1.6327960987232737,1,False,False,False,True,1e-06,0.9,-5.442659105064574
0.2042834884265729,0.0182545633640761,3.2850468506440373,0.1874862838467661,-2.522414330748252e-05,0.7692307692307692,3,1,0.1,7799340.593263644,1.7998460296408303,1,1.5035078506805992,0.27,0.3,1,10,1,0.8607840869294923,0.8,1.7998460296408303,1.7998460296408303,1,False,False,False,True,1e-06,0.9,-5.9994927649562
0.177582528595694,0.0191164505421033,4.465806872798949,0.30520228020067,0.0030997095619968,0.7692307692307692,3,1,0.1,5406466.087620457,1.2476447726192028,1,1.3535844163867512,0.27,0.3,1,10,1,0.7014237631938267,0.8,1.2476447726192028,1.2476447726192028,1,False,False,False,True,1e-06,0.9,-4.158820067546585
0.2938250920650807,0.0216602097884045,4.698869721557832,0.182363998302787,-0.0036510914068871,0.7692307692307692,3,1,0.1,6385417.928485758,1.473556510040321,1,0.9611863947831084,0.27,0.3,1,10,1,1.8489952849228195,0.8,1.473556510040321,1.473556510040321,1,False,False,False,True,1e-06,0.9,-4.91185994532277
0.2689945740251025,0.0219142074447119,3.540010344344457,0.1764283500269055,-0.002608821979727,0.7692307692307692,3,1,0.1,7100381.517764019,1.6385479424713418,1,1.1689536049546392,0.27,0.3,1,10,1,1.3707362644853214,0.8,1.6385479424713418,1.6385479424713418,1,False,False,False,True,1e-06,0.9,-5.461831936730948
0.2349571321273445,0.0031127386359216,8.298943211825797,8.059243834585997,0.5977344408579842,0.7692307692307693,3,1,0.1,327008.8391696241,0.0754635027925459,1,0.9581346888827332,0.27,0.3,1,10,1,0.5202596090457318,0.8,0.0754635027925459,0.0754635027925459,1,False,False,False,True,1e-06,0.9,-0.2515452608534957
0.2611685992515722,0.0253138207344574,3.4030589242043976,0.1742281466454021,-0.002339767866351,0.7692307692307692,3,1,0.1,7513325.800068875,1.733842681390768,1,1.776720751609056,0.27,0.3,1,10,1,1.2057870655113894,0.8,1.733842681390768,1.733842681390768,1,False,False,False,True,1e-06,0.9,-5.779481384111497
0.4498528529915677,0.0406223338413805,8.279759192675892,1.6822831626956969,0.0585827178799225,0.7692307692307692,3,1,0.1,1062750.1043621418,0.2452497788353556,1,1.9017932865994072,0.27,0.3,1,10,1,1.1434591344245923,0.8,0.2452497788353556,0.2452497788353556,1,False,False,False,True,1e-06,0.9,-0.8175000802837816
0.2753392711055559,0.0152225386847941,4.35788930864189,0.1680520742700984,-0.0023431091255379,0.7692307692307692,3,1,0.1,6870762.546873106,1.5855590020633106,1,0.7527622362639752,0.27,0.3,1,10,1,1.7540202905181614,0.8,1.5855590020633106,1.5855590020633106,1,False,False,False,True,1e-06,0.9,-5.285201958741042
0.2951797556138572,0.0227160341756016,4.258385126732037,0.1464153719636845,-0.0033549380922652,0.7692307692307692,3,1,0.1,7751102.788716649,1.7887142395891416,1,1.2467939399559382,0.27,0.3,1,10,1,1.944534491242793,0.8,1.7887142395891416,1.7887142395891416,1,False,False,False,True,1e-06,0.9,-5.96238676101127
0.2819881695208779,0.0351621838759561,6.793889393838208,0.5436787529563661,0.0018198485194589,0.7692307692307692,3,1,0.1,3101589.40884949,0.7157506862726355,1,1.451025447319013,0.27,0.3,1,10,1,0.9598869182007106,0.8,0.7157506862726355,0.7157506862726355,1,False,False,False,True,1e-06,0.9,-2.3858380067444056
0.2456471277516971,0.0225772077767271,3.519495775770946,0.2037146954917762,-0.0016804656549179,0.7692307692307693,3,1,0.1,6712731.808392701,1.5490904064380342,1,1.3204035990593368,0.27,0.3,1,10,1,1.08834138667484,0.8,1.5490904064380342,1.5490904064380342,1,False,False,False,True,1e-06,0.9,-5.163639851761468
0.416063940506826,0.0404532179448528,11.24598134523484,0.6805082977394576,-0.0086745737577178,0.7692307692307692,3,1,0.1,2284290.530848626,0.5271434415955369,1,0.998300130693852,0.27,0.3,1,10,1,1.606040986372394,0.8,0.5271434415955369,0.5271434415955369,1,False,False,False,True,1e-06,0.9,-1.7571465624632618
0.2939736590240368,0.0282822569366406,4.21368020328707,0.2136220442310683,-0.0042455670542696,0.7692307692307692,3,1,0.1,5908003.537373452,1.3633840681725682,1,1.284344628176202,0.27,0.3,1,10,1,1.489921959698289,0.8,1.3633840681725682,1.3633840681725682,1,False,False,False,True,1e-06,0.9,-4.544618105188787
0.2972287322811318,0.0259982888548102,4.024699322369593,0.159250848507312,-0.0037988030101138,0.7692307692307692,3,1,0.1,7357579.484572199,1.697901260129927,1,1.4239432154542038,0.27,0.3,1,10,1,1.7633117614310074,0.8,1.697901260129927,1.697901260129927,1,False,False,False,True,1e-06,0.9,-5.659676526770624
0.1994645992926207,0.0123057128245106,7.105964006463342,0.3806504089820424,0.0010960321922751,0.7692307692307692,3,1,0.1,4036816.923775156,0.9315722047654864,1,0.5688882953705007,0.27,0.3,1,10,1,0.8412415744933202,0.8,0.9315722047654864,0.9315722047654864,1,False,False,False,True,1e-06,0.9,-3.105243787792304
0.3122065719635599,0.036110249721747,7.110987720846629,0.5229790875759229,-0.0021669536770021,0.7692307692307692,3,1,0.1,3067589.4743603724,0.7079045553749138,1,1.2345953661731794,0.27,0.3,1,10,1,1.1176522760415255,0.8,0.7079045553749138,0.7079045553749138,1,False,False,False,True,1e-06,0.9,-2.359684210931564
0.4253840698402656,0.0476414790324375,9.307766722173138,0.7680777692617081,-0.0058923322913529,0.7692307692307692,3,1,0.1,2136427.259109696,0.4930211821205738,1,1.458199204542598,0.27,0.3,1,10,1,1.4059466260642255,0.8,0.4930211821205738,0.4930211821205738,1,False,False,False,True,1e-06,0.9,-1.643405583805853
0.3226286476916332,0.0303370308841411,9.12616606896974,0.5481266615866932,-0.0035719969429789,0.7692307692307692,3,1,0.1,2821044.9802168417,0.6510097290937014,1,0.8528227147798698,0.27,0.3,1,10,1,1.2557221477791314,0.8,0.6510097290937014,0.6510097290937014,1,False,False,False,True,1e-06,0.9,-2.1700346003447684
0.5660295651263387,0.0004000006495369,6.112997913086123,11.910931464171904,1.779731219810774,0.7692307692307692,3,1,0.1,149862.51291999,0.0345836222445978,1,1.7604730218624849,0.27,0.3,1,10,1,1.0246106992950272,0.8,0.0345836222445978,0.0345836222445978,1,False,False,False,True,1e-06,0.9,-0.1152788560940669
0.2731055653400094,0.0191795171657377,7.459453508848782,3.05252495314287,0.2010789220240695,0.7692307692307692,3,1,0.1,746711.9082314018,0.1723179603725883,1,1.7220973620945743,0.27,0.3,1,10,1,0.6616857028877836,0.8,0.1723179603725883,0.1723179603725883,1,False,False,False,True,1e-06,0.9,-0.5743937756351625
0.1547668402959561,0.017570700719073,9.41592464288616,0.8944003455590837,0.0262922038839966,0.7692307692307692,3,1,0.1,2272848.8798771338,0.5245030631815037,1,1.0111085107247968,0.27,0.3,1,10,1,0.5569697728554137,0.8,0.5245030631815037,0.5245030631815037,1,False,False,False,True,1e-06,0.9,-1.7483452922818896
0.2512676810104012,0.0173434526900841,3.05358118782005,0.145201059651684,-0.0016284320874612,0.7692307692307692,3,1,0.1,8598186.094140278,1.98419480706406,1,1.1248360084535882,0.27,0.3,1,10,1,1.2833207286393546,0.8,1.98419480706406,1.98419480706406,1,False,False,False,True,1e-06,0.9,-6.613989304196222
0.2747882415549429,0.0175474620665606,3.774599798692497,0.1496849442580976,-0.0023661265935401,0.7692307692307692,3,1,0.1,7777103.183059351,1.7947143242914818,1,0.9569094962871358,0.27,0.3,1,10,1,1.67397776878696,0.8,1.7947143242914818,1.7947143242914818,1,False,False,False,True,1e-06,0.9,-5.982387063352687
0.2905263982052435,0.0284540214585003,8.116190295704042,1.823214740664548,0.0806485149508455,0.7692307692307692,3,1,0.1,1144251.8244482176,0.2640578492974575,1,1.667414941666356,0.27,0.3,1,10,1,0.757616561241609,0.8,0.2640578492974575,0.2640578492974575,1,False,False,False,True,1e-06,0.9,-0.8801937111843561
0.1211361823309717,0.0095929286973933,4.36726055195362,0.2695465352474628,0.0035338487482075,0.7692307692307692,3,1,0.1,6388904.494017899,1.4743611013315585,1,0.9455657119296336,0.27,0.3,1,10,1,0.5351206458183095,0.8,1.4743611013315585,1.4743611013315585,1,False,False,False,True,1e-06,0.9,-4.914541918975532
0.3234613584740889,0.035110589824156,4.797000568324491,0.2073523791529204,-0.0062004753096525,0.7692307692307692,3,1,0.1,5860878.030655538,1.3525089624727618,1,1.717285510401935,0.27,0.3,1,10,1,1.7904223014249965,0.8,1.3525089624727618,1.3525089624727618,1,False,False,False,True,1e-06,0.9,-4.508367716605748
0.1840864773593802,0.0253707712206987,6.070600934645437,0.4660633654355136,0.009030389290824,0.7692307692307692,3,1,0.1,3851141.4844047376,0.8887240693335752,1,1.9133934442804703,0.27,0.3,1,10,1,0.6669219899038885,0.8,0.8887240693335752,0.8887240693335752,1,False,False,False,True,1e-06,0.9,-2.962416526858815
0.3365522276581023,0.0318469541591123,6.868112097138956,0.2873342441027616,-0.0072926636477081,0.7692307692307692,3,1,0.1,4335488.572477831,1.0004963625206476,1,1.008691145136717,0.27,0.3,1,10,1,1.9255252084826069,0.8,1.0004963625206476,1.0004963625206476,1,False,False,False,True,1e-06,0.9,-3.3349912100567
0.2638078990089774,0.0204030859920262,4.478987948472467,0.2430557934352361,-0.0025579166591992,0.7692307692307692,3,1,0.1,5406363.7024261,1.2476211453906336,1,0.8534002886998202,0.27,0.3,1,10,1,1.272278645366826,0.8,1.2476211453906336,1.2476211453906336,1,False,False,False,True,1e-06,0.9,-4.158741310039264
0.1699328394280385,0.0109617866625529,4.438758198587756,0.2615264647858803,0.0011948218661263,0.7692307692307692,3,1,0.1,5924570.34716742,1.3672071744880976,1,0.7233422707374682,0.27,0.3,1,10,1,0.7320987754504739,0.8,1.3672071744880976,1.3672071744880976,1,False,False,False,True,1e-06,0.9,-4.557361805650907
0.2951639043290537,0.0236743109146535,4.111249794397756,0.1483506773119936,-0.003438385975088,0.7692307692307692,3,1,0.1,7727091.958889806,1.7831732845310162,1,1.314850376038659,0.27,0.3,1,10,1,1.871759652227378,0.8,1.7831732845310162,1.7831732845310162,1,False,False,False,True,1e-06,0.9,-5.943916892347669
0.2872279422797021,0.0265911787001081,3.5727005542523123,0.1517408271357058,-0.0032979933264668,0.7692307692307692,3,1,0.1,7948502.4472316,1.834267961162502,1,1.7820875113682808,0.27,0.3,1,10,1,1.5412992616068872,0.8,1.834267961162502,1.834267961162502,1,False,False,False,True,1e-06,0.9,-6.114232651434876
0.1119194140650147,0.0046921298016302,3.9924557639347498,0.2075868163254125,0.0013836639404471,0.7692307692307692,3,1,0.1,8012720.995463771,1.8490876112764103,1,0.6078524278195463,0.27,0.3,1,10,1,0.5246258073722431,0.8,1.8490876112764103,1.8490876112764103,1,False,False,False,True,1e-06,0.9,-6.163631534546739
0.5485510267262281,0.0440570951243729,11.481327231867606,1.296399550699986,0.0128442353737172,0.7692307692307692,3,1,0.1,1182854.2032803553,0.2729660816495437,1,1.1882874320089898,0.27,0.3,1,10,1,1.7437942269023488,0.8,0.2729660816495437,0.2729660816495437,1,False,False,False,True,1e-06,0.9,-0.9098878487187512
0.4368397002377537,0.041166351307357,10.335195510889104,1.076689044862575,0.0055874309067755,0.7692307692307692,3,1,0.1,1575690.0882597517,0.3636204259565535,1,1.1565887319195451,0.27,0.3,1,10,1,1.330906879974345,0.8,0.3636204259565535,0.3636204259565535,1,False,False,False,True,1e-06,0.9,-1.2120692985899315
0.2629527503836598,0.0084367052134221,4.163191444472328,0.1319611091439281,-0.0011527848882967,0.7692307692307692,3,1,0.1,8382209.30101971,1.9343540583244228,1,0.5789977986897691,0.27,0.3,1,10,1,1.9010107974973875,0.8,1.9343540583244228,1.9343540583244228,1,False,False,False,True,1e-06,0.9,-6.44785330892827
0.2797535419586018,0.0203385009122221,4.174379138478883,0.1884569146949015,-0.0030473556484448,0.7692307692307692,3,1,0.1,6409451.064961826,1.4791026130631375,1,0.926408998240782,0.27,0.3,1,10,1,1.5780959546935045,0.8,1.4791026130631375,1.4791026130631375,1,False,False,False,True,1e-06,0.9,-4.930346973885835
0.3031484957512109,0.0220182224795922,5.923157053156574,0.2324836968851859,-0.0044302610663259,0.7692307692307692,3,1,0.1,5114609.539850809,1.1802933289297453,1,0.800627661661973,0.27,0.3,1,10,1,1.8766334114079968,0.8,1.1802933289297453,1.1802933289297453,1,False,False,False,True,1e-06,0.9,-3.934315030743581
0.2054231333279086,0.0071462917075927,3.2783625724208534,0.1630888640693133,-0.0003531227310494,0.7692307692307692,3,1,0.1,8115798.647789312,1.8728747382907969,1,0.5491440295089721,0.27,0.3,1,10,1,1.0069715119453213,0.8,1.8728747382907969,1.8728747382907969,1,False,False,False,True,1e-06,0.9,-6.242922037218451
0.3079377508458745,0.0281960401523492,4.748014991115717,0.2027835998760785,-0.0049319524604343,0.7692307692307692,3,1,0.1,5919296.089893783,1.3659900391899285,1,1.2058821167977132,0.27,0.3,1,10,1,1.7848571869749863,0.8,1.3659900391899285,1.3659900391899285,1,False,False,False,True,1e-06,0.9,-4.5533046839332245
0.2369624180349372,0.0146965285227102,3.624982831397602,0.192676231170765,-0.001302340038453,0.7692307692307692,3,1,0.1,6782833.226364525,1.565267640903155,1,0.79058038231011,0.27,0.3,1,10,1,1.1534065683276655,0.8,1.565267640903155,1.565267640903155,1,False,False,False,True,1e-06,0.9,-5.21756402056932
0.4413274442806428,0.0444205479720026,9.8974118546316,1.0022866023125527,0.0020583678876381,0.7692307692307692,3,1,0.1,1685874.7983581345,0.38904764133569,1,1.3017470740707795,0.27,0.3,1,10,1,1.355521428506675,0.8,0.38904764133569,0.38904764133569,1,False,False,False,True,1e-06,0.9,-1.2968267679444376
0.2753123765584326,0.0283659689737162,3.7040724681580928,0.1952848942753873,-0.0031558698855242,0.7692307692307692,3,1,0.1,6690072.680361177,1.5438613825528251,1,1.7370045807633447,0.27,0.3,1,10,1,1.2765054030683534,0.8,1.5438613825528251,1.5438613825528251,1,False,False,False,True,1e-06,0.9,-5.146209754714026
0.452079071874195,0.0002711873281971,6.393499334733707,14.536303579791074,1.7163056693133198,0.7692307692307692,3,1,0.1,147119.51565474411,0.0339506235099843,1,1.4102715718918226,0.27,0.3,1,10,1,0.8143148230194419,0.8,0.0339506235099843,0.0339506235099843,1,False,False,False,True,1e-06,0.9,-0.1131688582020262
0.3113124523368208,0.0295115765012893,4.554719544179802,0.1743329954753802,-0.0048577300471719,0.7692307692307693,3,1,0.1,6702630.107911648,1.5467592470650136,1,1.4970159598068604,0.27,0.3,1,10,1,1.8995163564213788,0.8,1.5467592470650136,1.5467592470650136,1,False,False,False,True,1e-06,0.9,-5.155869312747535
0.4067325131339874,0.0449227569599304,9.11318641206142,0.8972067780308538,0.0014895396717148,0.7692307692307693,3,1,0.1,1916601.326343143,0.4422921713939388,1,1.4636875218703658,0.27,0.3,1,10,1,1.2414190642353176,0.8,0.4422921713939388,0.4422921713939388,1,False,False,False,True,1e-06,0.9,-1.4743087122870338
0.2487371679369683,0.0268746514299102,8.307752881601775,1.688936623021758,0.0762032183310899,0.7692307692307692,3,1,0.1,1266002.4578373898,0.292154121154565,1,1.823813772196447,0.27,0.3,1,10,1,0.6812001024191086,0.8,0.292154121154565,0.292154121154565,1,False,False,False,True,1e-06,0.9,-0.9738480443622872
0.149522501763512,0.0173194853507395,6.259568750664884,0.4771533292381514,0.0098359305259329,0.7692307692307692,3,1,0.1,3851426.42216814,0.8887898240745149,1,1.148573181368819,0.27,0.3,1,10,1,0.5827272923965257,0.8,0.8887898240745149,0.8887898240745149,1,False,False,False,True,1e-06,0.9,-2.9626357095477966
0.3610558464062334,0.0461521042161546,7.400713636151449,0.5429576655476188,-0.0057067425821644,0.7692307692307692,3,1,0.1,2920767.64642429,0.6740226290432529,1,1.8081826931498968,0.27,0.3,1,10,1,1.258858650287125,0.8,0.6740226290432529,0.6740226290432529,1,False,False,False,True,1e-06,0.9,-2.24674434355294
0.2949111734467171,0.0284251815567068,3.758264801396892,0.1505599496009403,-0.0036984790336849,0.7692307692307692,3,1,0.1,7912224.465305409,1.8258961274834349,1,1.9939780197215649,0.27,0.3,1,10,1,1.6258485006756789,0.8,1.8258961274834349,1.8258961274834349,1,False,False,False,True,1e-06,0.9,-6.086326511265208
0.2732115958957106,0.019496371635343,13.8322714599751,0.7084843190923448,0.002164989772436,0.7692307692307692,3,1,0.1,2335671.7908965936,0.5390006435375942,1,0.5979908814760255,0.27,0.3,1,10,1,1.023978677027538,0.8,0.5390006435375942,0.5390006435375942,1,False,False,False,True,1e-06,0.9,-1.7966706084607926
0.2760536856079391,0.0208858188378961,4.390195146114263,0.2177760057776679,-0.0030812432930363,0.7692307692307692,3,1,0.1,5757924.981207495,1.328750590121166,1,0.8816736668438487,0.27,0.3,1,10,1,1.4458178708781722,0.8,1.328750590121166,1.328750590121166,1,False,False,False,True,1e-06,0.9,-4.429173062905854
0.5764920922206184,0.0180138325960521,6.63194129082372,3.618501716304317,0.4035313333308156,0.7692307692307692,3,1,0.1,444737.6755574345,0.1026316686718867,1,1.5895638995532515,0.27,0.3,1,10,1,1.2110866038714196,0.8,0.1026316686718867,0.1026316686718867,1,False,False,False,True,1e-06,0.9,-0.3421059043451848
0.3017479782744068,0.0239665490753783,7.069840881627554,0.3603149549587218,-0.004089274450316,0.7096649406346865,3,1,0.1,5.67749496034125,0.8736286221580354,1,0.8450066369787417,0.27,0.3,1,10,1,1.3854545661640554,0.8,0.8736286221580354,0.8736286221580354,1,False,False,,,,0.9,-4.54335778727083
0.3003426026564065,0.0178695654557883,8.36573692036058,0.3429940875627301,-0.0037224346339993,0.7133173834325979,3,1,0.1,5.9399635136540585,0.862351967249016,1,0.6199499172744922,0.27,0.3,1,10,1,1.5744093338936065,0.8,0.862351967249016,0.862351967249016,1,False,False,,,,0.9,-4.347070950814527
0.558766119544111,0.0267353807856493,22.23965424017225,1.2580855611680393,0.0054145437382023,0.6996881425200943,3,1,0.1,1.5287867433941695,0.2708852259846517,1,0.9789505557921154,0.27,0.3,1,10,1,1.941454009659432,0.8,0.2708852259846517,0.2708852259846517,1,False,False,,,,0.9,-1.5394072502983835
0.4610028892320805,0.0317366908185333,16.46311745698851,1.062153786549506,-5.266091998877505e-05,0.7530512490290662,3,1,0.1,7.789538528548739,0.3464849327372602,1,0.7947979530043037,0.27,0.3,1,10,1,1.609391540800181,0.8,0.3464849327372602,0.3464849327372602,1,False,False,,,,0.9,-1.2887023088947114
0.3312154196204567,0.0290264811652574,7.249246015489926,0.3137156649242902,-0.0066413180161594,0.7558964756226403,3,1,0.1,25.380195943857466,0.934340210321682,1,0.8991686701826349,0.27,0.3,1,10,1,1.8088353162253563,0.8,0.934340210321682,0.934340210321682,1,False,False,,,,0.9,-3.40713610729311
0.2576423606877663,0.0180764826898886,8.753405975452413,0.4612444146974529,-0.0004118985611503,0.6852260947480021,3,1,0.1,3.616133488440951,0.7589315367179849,1,0.7330190307562667,0.27,0.3,1,10,1,1.0372500113871728,0.8,0.7589315367179849,0.7589315367179849,1,False,False,,,,0.9,-4.957473590415383
0.4491056287477843,0.030936518193975,16.333928521022624,0.8436639174765826,-0.0051489503302198,0.6891464746753979,3,1,0.1,2.1398420728635563,0.4304079513815198,1,0.997164597196067,0.27,0.3,1,10,1,1.6345853867125997,0.8,0.4304079513815198,0.4304079513815198,1,False,False,,,,0.9,-2.7035342189153786
0.3180521997114132,0.0210197580664948,14.44107372551425,1.3814340309036144,0.0243807051629145,0.7363507696581423,3,1,0.1,3.523734703210064,0.3108391857770821,1,0.8155645830083444,0.27,0.3,1,10,1,0.9285477876822102,0.8,0.3108391857770821,0.3108391857770821,1,False,False,,,,0.9,-1.3046715863874585
0.325115187520037,0.022768458169744,8.646551697915394,0.3080472262682027,-0.0056429422440258,0.749361636993362,3,1,0.1,16.823949172514507,0.9140042643497936,1,0.7053490306939645,0.27,0.3,1,10,1,1.9967168242716395,0.8,0.9140042643497936,0.9140042643497936,1,False,False,,,,0.9,-3.4889560516476115
0.3069301050624614,0.0256522190713161,6.751434871858033,0.34812273797443,-0.0045441145413926,0.7129957404873029,3,1,0.1,6.1498425589795245,0.8975541401344155,1,0.906687591837297,0.27,0.3,1,10,1,1.421321115640163,0.8,0.8975541401344155,0.8975541401344155,1,False,False,,,,0.9,-4.536842303832358
0.5245957393984177,0.0311108130092194,19.75493668377709,1.1315888551276505,-0.0001292160383672,0.7276253589983325,3,1,0.1,2.8074656134337497,0.3094745653052331,1,0.8759151460172458,0.27,0.3,1,10,1,1.906143199279964,0.8,0.3094745653052331,0.3094745653052331,1,False,False,,,,0.9,-1.3887928398441731
0.2652152149374192,0.0180024979536213,6.428136747684391,0.3294187829667968,-0.0022680579129347,0.748422136574675,3,1,0.1,16.835200107900192,0.9565394549971132,1,0.667823063325854,0.27,0.3,1,10,1,1.2274691436001728,0.8,0.9565394549971132,0.9565394549971132,1,False,False,,,,0.9,-3.675781277958905
0.5207998749276939,0.0301049946304374,19.80353457204024,1.2113864321194558,0.0038744961326979,0.7537830820590292,3,1,0.1,6.703160345403248,0.2849842197544086,1,0.7419880768792126,0.27,0.3,1,10,1,1.8899940603504928,0.8,0.2849842197544086,0.2849842197544086,1,False,False,,,,0.9,-1.0545614131800036
0.3124435891963606,0.0225789740437427,12.954203063690697,0.6913902471338026,0.0001115902161626,0.7004691397719536,3,1,0.1,3.0957296416874502,0.5429528302375911,1,0.7775293855129122,0.27,0.3,1,10,1,1.1347883294995778,0.8,0.5429528302375911,0.5429528302375911,1,False,False,,,,0.9,-3.0635729792677804
0.4182937230250079,0.0166759656925561,11.52875179553141,2.6760368381722417,0.117902236905194,0.7457005069988236,3,1,0.1,2.4847182294734784,0.1590049358723236,1,0.971107087603602,0.27,0.3,1,10,1,0.9719034568864428,0.8,0.1590049358723236,0.1590049358723236,1,False,False,,,,0.9,-0.6230483797545023
0.2487238443927716,0.0141230181316049,6.630426193734959,0.3264057764274803,-0.0014599572951944,0.7681606599374589,3,1,0.1,321.14696569935006,0.9664138041830448,1,0.5517770471550363,0.27,0.3,1,10,1,1.1582772401459849,0.8,0.9664138041830448,0.9664138041830448,1,False,False,,,,0.9,-3.2441585309057057
0.3117187469628306,0.0246330141466239,6.963456032434432,0.3273617491613012,-0.0049452580189861,0.7213721625649692,3,1,0.1,7.31644829363,0.9195256945828562,1,0.8385482684392684,0.27,0.3,1,10,1,1.5637329195190492,0.8,0.9195256945828562,0.9195256945828562,1,False,False,,,,0.9,-4.336883566377535
0.1434538878318123,0.012080828547166,13.34870207562784,1.1395998650693573,0.030768197889358,0.7158762261857723,3,1,0.1,3.06026130203852,0.4254723992380248,1,0.8917718080300256,0.27,0.3,1,10,1,0.5193084414750155,0.8,0.4254723992380248,0.4254723992380248,1,False,False,,,,0.9,-2.0992527583376246
0.2522782737541942,0.0217051303073497,7.025201618815048,0.4296162568177584,-6.735881851655784e-05,0.7037564431677981,3,1,0.1,4.953818636947689,0.8310540841284582,1,0.9139310914623184,0.27,0.3,1,10,1,0.9836901984564091,0.8,0.8310540841284582,0.8310540841284582,1,False,False,,,,0.9,-4.552030089656728
0.3590506818615346,0.020181902721346,19.178687268914125,0.7250798711586619,-0.0029885892158921,0.7185164682937464,3,1,0.1,3.6748532892126415,0.4874429522959584,1,0.5925596686740162,0.27,0.3,1,10,1,1.4690807365041725,0.8,0.4874429522959584,0.4874429522959584,1,False,False,,,,0.9,-2.353091542585579
0.3226316846788589,0.0268013225601004,7.476266231046617,0.3556350315437406,-0.0055871547550553,0.7232414663488125,3,1,0.1,7.12006112198673,0.862171231945374,1,0.8732611428897512,0.27,0.3,1,10,1,1.5752495943318956,0.8,0.862171231945374,0.862171231945374,1,False,False,,,,0.9,-4.005688731362025
0.2718264882656502,0.0132864722363771,7.539442336056116,0.3259651347094489,-0.0021547465452721,0.6878818612506816,3,1,0.1,4.5029507451061255,0.9184552660759056,1,0.5518547849744204,0.27,0.3,1,10,1,1.3592118854606705,0.8,0.9184552660759056,0.9184552660759056,1,False,False,,,,0.9,-5.841743369143204
0.3478185270191846,0.0153289088342996,22.23391672161119,0.6664920917138895,-0.002761035739097,0.6784646244323896,3,1,0.1,2.2533084429142414,0.5063685694192187,1,0.5249140403823787,0.27,0.3,1,10,1,1.5241215564323527,0.8,0.5063685694192187,0.5063685694192187,1,False,False,,,,0.9,-3.548622157339436
0.3212993230821736,0.020669338053261,13.98960505975553,0.6097625214870666,-0.0025077266363804,0.7217483127700094,3,1,0.1,4.600611381556851,0.5739622062929024,1,0.6335489357463919,0.27,0.3,1,10,1,1.3119544864503547,0.8,0.5739622062929024,0.5739622062929024,1,False,False,,,,0.9,-2.6988454835264646
0.2309685460914661,0.0221393872636706,7.189506629280921,0.4767068930997451,0.0022824611434595,0.7568137088714869,3,1,0.1,23.08182251869133,0.7923581619539631,1,0.8847480669245786,0.27,0.3,1,10,1,0.8737526146652737,0.8,0.7923581619539631,0.7923581619539631,1,False,False,,,,0.9,-2.871172519014534
0.7030593725213431,0.0099129465377707,19.09883586592963,2.426127041667597,0.1662092001136929,0.7362336657555005,3,1,0.1,1.1618439406118477,0.1028373573593001,1,0.9161131882700208,0.27,0.3,1,10,1,1.7996790977089887,0.8,0.1028373573593001,0.1028373573593001,1,False,False,,,,0.9,-0.4320144727249868
0.1566221525425189,0.0076671299701369,23.832405566999505,0.9589179870813672,0.0116367137864355,0.6895599416608881,3,1,0.1,2.270782934839222,0.4546414974809953,1,0.5169503100255742,0.27,0.3,1,10,1,0.6101388094711429,0.8,0.4546414974809953,0.4546414974809953,1,False,False,,,,0.9,-2.844166527518623
0.3928849453118916,0.0344241269268669,11.603128720242768,0.4856994644818518,-0.0096539153186058,0.7313160407828457,3,1,0.1,6.520646524181419,0.658494332777198,1,0.9319872064327686,0.27,0.3,1,10,1,1.918527489130954,0.8,0.658494332777198,0.658494332777198,1,False,False,,,,0.9,-2.871636678042617
0.1888859021650571,0.0152657461847403,9.593716680884476,0.577050021491357,0.006304786784042,0.7131661969886872,3,1,0.1,4.807044920489125,0.6996162592558821,1,0.7652565196421768,0.27,0.3,1,10,1,0.7167476452869461,0.8,0.6996162592558821,0.6996162592558821,1,False,False,,,,0.9,-3.5312368892459096
0.3925059962309695,0.0191914679054616,21.63951691408846,1.176878898775803,0.0067867583030393,0.6963385712148692,3,1,0.1,1.7826524414367309,0.3295670798162438,1,0.7172438037398787,0.27,0.3,1,10,1,1.256040581853386,0.8,0.3295670798162438,0.3295670798162438,1,False,False,,,,0.9,-1.9319497634886496
0.2710060569420784,0.0152980759311452,7.204048363510191,0.3281209954415723,-0.0023902824671065,0.7527298140232693,3,1,0.1,20.42784278694484,0.9262580061542092,1,0.5593979023945311,0.27,0.3,1,10,1,1.3359017448468802,0.8,0.9262580061542092,0.9262580061542092,1,False,False,,,,0.9,-3.452837373910677
0.3103118171639852,0.0237325265271002,7.363395868566167,0.3577622026554689,-0.0044284930246026,0.6765248103425663,3,1,0.1,3.781732503557047,0.8657629695399781,1,0.8761912442186901,0.27,0.3,1,10,1,1.4564829985014267,0.8,0.8657629695399781,0.8657629695399781,1,False,False,,,,0.9,-6.195218022627232
0.1360209166431724,0.0088946668820729,9.104798639506235,0.4863267974532544,0.0056242833428403,0.7595651130363579,3,1,0.1,31.009485649615844,0.8320338604608546,1,0.5683137230624511,0.27,0.3,1,10,1,0.5813612457274024,0.8,0.8320338604608546,0.8320338604608546,1,False,False,,,,0.9,-2.9586804489463407
0.3208354313323579,0.0228501938830365,8.19929599127977,0.3326707871754347,-0.0052719936044867,0.7187153462967847,3,1,0.1,6.648567908844796,0.8786726466093331,1,0.7440469876428044,0.27,0.3,1,10,1,1.7529572124077957,0.8,0.8786726466093331,0.8786726466093331,1,False,False,,,,0.9,-4.234807389068606
0.3279873725018617,0.027480734248027,7.182035020238514,0.3085982634073232,-0.0061957245327209,0.7310830116541138,3,1,0.1,9.299510987452273,0.9445771566425386,1,0.904829421491347,0.27,0.3,1,10,1,1.7894004163481538,0.8,0.9445771566425386,0.9445771566425386,1,False,False,,,,0.9,-4.12661010061566
0.3354620285250024,0.0297321875055033,8.058655211343163,0.417902190575408,-0.0058337548065137,0.7055905352752129,3,1,0.1,4.734806088750236,0.7740204893797369,1,0.991926070711508,0.27,0.3,1,10,1,1.4751915239530755,0.8,0.7740204893797369,0.7740204893797369,1,False,False,,,,0.9,-4.171092974466363
0.4174087157998742,0.0176356597743973,30.46329222329712,0.8120374481393458,-0.0039799624263398,0.6772189226668931,3,1,0.1,1.857046135190864,0.422345637697274,1,0.5704421855738847,0.27,0.3,1,10,1,1.851679547623577,0.8,0.422345637697274,0.422345637697274,1,False,False,,,,0.9,-2.999616217615369
0.1239940636382062,0.0121784249189973,8.20966743803937,0.5718758252125885,0.0125199267177824,0.736983586570796,3,1,0.1,8.884201585703428,0.7693219865120634,1,0.899662893190001,0.27,0.3,1,10,1,0.5114904614936501,0.8,0.7693219865120634,0.7693219865120634,1,False,False,,,,0.9,-3.213757867730205
0.1824581004171952,0.01398829995758,13.993666097243052,1.1611888992758703,0.0265816711317375,0.6918565547469914,3,1,0.1,2.09895340982995,0.4093972545690409,1,0.9577985268631156,0.27,0.3,1,10,1,0.6031070509621519,0.8,0.4093972545690409,0.4093972545690409,1,False,False,,,,0.9,-2.5044764383907925
0.3194797619144985,0.0180911683261102,11.645009382884036,0.434322441216103,-0.0040308643120871,0.6884680456230822,3,1,0.1,3.499424669068501,0.7091866121082051,1,0.6038517394157277,0.27,0.3,1,10,1,1.5847852220617562,0.8,0.7091866121082051,0.7091866121082051,1,False,False,,,,0.9,-4.484567402367707
0.2564982486845604,0.0122999838246746,6.774429616366925,0.3106747044087593,-0.0016259198972543,0.7090387770406396,3,1,0.1,6.293623163504189,0.9777644859362454,1,0.5349325621111141,0.27,0.3,1,10,1,1.2505456716705186,0.8,0.9777644859362454,0.9777644859362454,1,False,False,,,,0.9,-5.112509424785327
0.2963682432619469,0.0143172079910147,8.594377453625663,0.3160021457119055,-0.003167129255458,0.701965096502557,3,1,0.1,5.212733899711624,0.8962004952816567,1,0.5390481558717382,0.27,0.3,1,10,1,1.692627137950497,0.8,0.8962004952816567,0.8962004952816567,1,False,False,,,,0.9,-4.988526807388442
0.2564289164483321,0.0221343759091058,9.996527465275484,0.6372664667393718,0.0037652104550691,0.7150319639530575,3,1,0.1,4.3722514452575005,0.6167684607996116,1,0.8728385716993867,0.27,0.3,1,10,1,0.9090479911287253,0.8,0.6167684607996116,0.6167684607996116,1,False,False,,,,0.9,-3.064611702940173
0.1832479730668341,0.0154143016410546,9.954435690494355,0.6342454839608551,0.0087687469742104,0.6873924401420873,3,1,0.1,3.223975201695404,0.6611053314935191,1,0.8711008209348889,0.27,0.3,1,10,1,0.6754472518282734,0.8,0.6611053314935191,0.6611053314935191,1,False,False,,,,0.9,-4.225431475144468
0.2453441049005078,0.0199786433320506,9.220824123048844,0.5459969113908776,0.0021047859955629,0.7102336536279451,3,1,0.1,4.536277401043119,0.6919058316540735,1,0.8068898319623632,0.27,0.3,1,10,1,0.9177595642684652,0.8,0.6919058316540735,0.6919058316540735,1,False,False,,,,0.9,-3.5807197236979142
0.2919999194378339,0.0243702456722433,5.985461720263451,0.326180607588643,-0.0036070672954069,0.6889867140258806,3,1,0.1,4.79391930327497,0.9659640702031408,1,0.9837535033868594,0.27,0.3,1,10,1,1.3096007176437563,0.8,0.9659640702031408,0.9659640702031408,1,False,False,,,,0.9,-6.077097216222932
0.2832298709424182,0.02280107564481,6.403941893028379,0.3447802367789644,-0.0032213501701212,0.7406675866500473,3,1,0.1,11.989588251987836,0.9245458255545992,1,0.806292218674781,0.27,0.3,1,10,1,1.2780523920888962,0.8,0.9245458255545992,0.9245458255545992,1,False,False,,,,0.9,-3.7579905827216
0.3113162593795956,0.026670260253743,7.432795898236352,0.3960811048926924,-0.0044632005758704,0.7155688425462912,3,1,0.1,5.854775259450617,0.8183341927104798,1,0.9077380684512216,0.27,0.3,1,10,1,1.3637096626715397,0.8,0.8183341927104798,0.8183341927104798,1,False,False,,,,0.9,-4.04796238491074
0.3881464137106882,0.0161127079569278,29.910744512991386,0.9374722460092368,-0.0008474281591922,0.7129803251799809,3,1,0.1,2.639845330597282,0.3853761352538949,1,0.5091444930744993,0.27,0.3,1,10,1,1.5250655878814248,0.8,0.3853761352538949,0.3853761352538949,1,False,False,,,,0.9,-1.9482042895164096
0.29840733605075,0.0281795923144069,10.048417724987448,0.7210362819026381,0.0032314646188962,0.7441602559635114,3,1,0.1,8.085589031236982,0.5500511926007572,1,0.9458080157926616,0.27,0.3,1,10,1,1.009856212477774,0.8,0.5500511926007572,0.5500511926007572,1,False,False,,,,0.9,-2.1794564369348075
0.3122534378103637,0.0258867021082502,6.443537913150857,0.3161793983545046,-0.0049634975332114,0.6990555420752569,3,1,0.1,5.345290294386192,0.9549171244606844,1,0.9574089182705648,0.27,0.3,1,10,1,1.52847717536025,0.8,0.9549171244606844,0.9549171244606844,1,False,False,,,,0.9,-5.458307198325737
0.3222866758669753,0.0244887210891004,13.312817143760764,0.7868818094852906,0.0016652051155176,0.7251572114061089,3,1,0.1,4.2328541942555775,0.4925446311997421,1,0.7867719867955356,0.27,0.3,1,10,1,1.120410719176826,0.8,0.4925446311997421,0.4925446311997421,1,False,False,,,,0.9,-2.2537303148259973
0.2658125330015901,0.0178932411297255,6.277932245386967,0.3264865254951524,-0.0021340213884193,0.6866829932424675,3,1,0.1,4.686129070899,0.9683365713161616,1,0.7492910499044181,0.27,0.3,1,10,1,1.2060409067113531,0.8,0.9683365713161616,0.9683365713161616,1,False,False,,,,0.9,-6.23314656790844
0.2786479286881247,0.0247338030793842,8.863950979614076,0.5542784253942389,0.0004627858473491,0.7125597330941026,3,1,0.1,4.581210361984708,0.6733898771639895,1,0.926612085630598,0.27,0.3,1,10,1,1.020331707864326,0.8,0.6733898771639895,0.6733898771639895,1,False,False,,,,0.9,-3.41636122012602
0.2030911692912977,0.01618908189068,13.628960897085266,1.1485062785721387,0.0248747578524394,0.7274873632782158,3,1,0.1,3.6286521100874767,0.4012438884042629,1,0.8402823520423619,0.27,0.3,1,10,1,0.6658290094491912,0.8,0.4012438884042629,0.4012438884042629,1,False,False,,,,0.9,-1.802562310795933
0.2871010202942243,0.02333745231014,8.891512706056764,0.5111552713452564,-0.0009704597219878,0.6758337914970391,3,1,0.1,3.046216078133046,0.7019322718479895,1,0.9231871862789396,0.27,0.3,1,10,1,1.0898555719536445,0.8,0.7019322718479895,0.7019322718479895,1,False,False,,,,0.9,-5.060770326910992
0.2609678131320584,0.0213154117049115,7.450418258102578,0.4344910390204521,-0.0006943707637455,0.7014358612464237,3,1,0.1,4.668161163910165,0.8083004875967156,1,0.8552141836808218,0.27,0.3,1,10,1,1.035750362260054,0.8,0.8083004875967156,0.8083004875967156,1,False,False,,,,0.9,-4.520854441633079
0.33341441546488,0.02431201295583,10.263613859490988,0.471200452003407,-0.0047595742075943,0.6766918075672662,3,1,0.1,3.0306895412071224,0.6927285243597541,1,0.8174401092656502,0.27,0.3,1,10,1,1.4667197468301516,0.8,0.6927285243597541,0.6927285243597541,1,False,False,,,,0.9,-4.948056695389024
0.3559135712617365,0.0275119888211324,10.837418972253644,0.4371792408998719,-0.0070957932518131,0.7243655125182414,3,1,0.1,6.010777001348253,0.7111912686283558,1,0.7830561270014209,0.27,0.3,1,10,1,1.794165056118543,0.8,0.7111912686283558,0.7111912686283558,1,False,False,,,,0.9,-3.2747163323988264
0.3864051707686831,0.0330490839376308,11.866037858630342,0.6223160587960949,-0.0068338916317937,0.7346990117329723,3,1,0.1,6.09614290545642,0.5634294069609104,1,0.9042584047493352,0.27,0.3,1,10,1,1.548681298839527,0.8,0.5634294069609104,0.5634294069609104,1,False,False,,,,0.9,-2.394481962545962
0.3093823323379292,0.015850505949635,22.144650499662816,1.1066123152407674,0.008318024452151,0.7168695506254542,3,1,0.1,2.667543661694352,0.3644756191936718,1,0.5949878223808327,0.27,0.3,1,10,1,1.0279044680133014,0.8,0.3644756191936718,0.3644756191936718,1,False,False,,,,0.9,-1.7835274767678246
0.2223486691482095,0.0148348000541104,15.984508401424996,0.8922337483250684,0.0103345458392957,0.7011703446395918,3,1,0.1,2.7307125995017376,0.4745063368815905,1,0.6933243137933007,0.27,0.3,1,10,1,0.7743885996688988,0.8,0.4745063368815905,0.4745063368815905,1,False,False,,,,0.9,-2.6603337941035354
0.5922878845473295,0.0161962917361574,25.68010422504399,1.7070842247030436,0.0320862123083281,0.6984140882354893,3,1,0.1,1.0282764553771824,0.1852142157792018,1,0.8976355671620102,0.27,0.3,1,10,1,1.7743437435267726,0.8,0.1852142157792018,0.1852142157792018,1,False,False,,,,0.9,-1.0649680576673577
0.2288017863077697,0.0144920870720152,6.933791628322288,0.3715381712174313,-8.256702946711217e-05,0.6887268898618144,3,1,0.1,4.546837536498561,0.9188213658719916,1,0.6772941315379271,0.27,0.3,1,10,1,0.9637486722091032,0.8,0.9188213658719916,0.9188213658719916,1,False,False,,,,0.9,-5.795351362832895
0.3316786908406016,0.0287097187857956,7.941639377915592,0.4006466875972936,-0.005752969410733,0.7061582544053829,3,1,0.1,4.905114329556515,0.7953328798040734,1,0.9554691984674122,0.27,0.3,1,10,1,1.5000927238216737,0.8,0.7953328798040734,0.7953328798040734,1,False,False,,,,0.9,-4.26453130092179
0.2557296153934209,0.0238874472962262,6.795446442930788,0.4296511574192646,-0.0004330212348162,0.7609297008399968,3,1,0.1,35.970149053445944,0.8305734977127457,1,0.8703586277595257,0.27,0.3,1,10,1,1.0062001106856049,0.8,0.8305734977127457,0.8305734977127457,1,False,False,,,,0.9,-2.9262386284619293
0.2570831344505163,0.0136582044161806,17.112640611954646,0.7033712498524174,0.0023125731923439,0.6931786856119648,3,1,0.1,2.7967521493980887,0.5371444218509132,1,0.5567542982516905,0.27,0.3,1,10,1,0.9758572338504814,0.8,0.5371444218509132,0.5371444218509132,1,False,False,,,,0.9,-3.244449604008649
0.1935081931507681,0.011415242544072,13.958083416070732,0.6334520117671022,0.0046904361311468,0.7479553420394978,3,1,0.1,10.652862008283604,0.618425933455149,1,0.5126903024267397,0.27,0.3,1,10,1,0.7642506780847501,0.8,0.618425933455149,0.618425933455149,1,False,False,,,,0.9,-2.3844011714563536
0.1669426519607403,0.0146842692625553,7.915278851508579,0.5148299279355922,0.0070994900704234,0.6990311502202159,3,1,0.1,4.462251837734953,0.7974158613576567,1,0.8983081800210009,0.27,0.3,1,10,1,0.6443447310445582,0.8,0.7974158613576567,0.7974158613576567,1,False,False,,,,0.9,-4.559053547079492
0.307925653892161,0.0231489474637747,13.52259298579668,1.0105933904884523,0.0105751048709848,0.7098632797572084,3,1,0.1,2.7063773064719108,0.415173638729642,1,0.9164107797901936,0.27,0.3,1,10,1,0.9560427373798852,0.8,0.415173638729642,0.415173638729642,1,False,False,,,,0.9,-2.155447004081412
0.3869829966006592,0.0260411023905591,16.647236881209068,0.7319531715015183,-0.0047368961846092,0.7302769995040554,3,1,0.1,4.692738487155355,0.4861637581291663,1,0.7003104394517239,0.27,0.3,1,10,1,1.558628914679737,0.8,0.4861637581291663,0.4861637581291663,1,False,False,,,,0.9,-2.137165901035753
0.2920599193747158,0.018721736323707,6.983786210904832,0.3139283248633979,-0.0035062151930293,0.7057305789401154,3,1,0.1,5.7924265311364005,0.9450138758705062,1,0.6919858104112208,0.27,0.3,1,10,1,1.4952718134043332,0.8,0.9450138758705062,0.9450138758705062,1,False,False,,,,0.9,-5.08625779766473
0.2929206857306543,0.0243493580660133,8.17617028602557,0.4438937633347713,-0.0030136573901176,0.7562001306082824,3,1,0.1,21.15333797968164,0.7613436946857157,1,0.7598963745992393,0.27,0.3,1,10,1,1.233359345902159,0.8,0.7613436946857157,0.7613436946857157,1,False,False,,,,0.9,-2.770478586988632
0.2568751620479425,0.0233326321095336,6.8550360164310336,0.4306169694755216,-0.0002818581373102,0.7214357817299836,3,1,0.1,6.615824375983081,0.8304412278320121,1,0.9411734531673812,0.27,0.3,1,10,1,0.9970573311037428,0.8,0.8304412278320121,0.8304412278320121,1,False,False,,,,0.9,-3.9147091238271328
0.2102523404609268,0.0175605703985111,6.792148282488522,0.4181557434411515,0.0019519278484892,0.7462693111301416,3,1,0.1,14.131011626327414,0.8831639030950353,1,0.7842515311512048,0.27,0.3,1,10,1,0.8339154885883664,0.8,0.8831639030950353,0.8831639030950353,1,False,False,,,,0.9,-3.446477074839569
0.4856359652258744,0.0225354071728297,20.654510861952392,1.3692069381529182,0.0123584274068956,0.723051685677386,3,1,0.1,2.155535736134349,0.26202134894769,1,0.7462939264221433,0.27,0.3,1,10,1,1.543720880423871,0.8,0.26202134894769,0.26202134894769,1,False,False,,,,0.9,-1.2192153924431732
0.2575244780242997,0.0165164192540557,8.137215977596078,0.4054587165379308,-0.0012512391390687,0.7182239593099203,3,1,0.1,6.157256986270243,0.8210884017421457,1,0.6335674413018724,0.27,0.3,1,10,1,1.1108290647446468,0.8,0.8210884017421457,0.8210884017421457,1,False,False,,,,0.9,-3.973272434750762
0.3110268827900551,0.0203262197359674,9.67278675379427,0.4213465529987295,-0.0038798215078002,0.6850574013193509,3,1,0.1,3.56383667809121,0.7492877689146754,1,0.6982703112838777,0.27,0.3,1,10,1,1.4488676611082407,0.8,0.7492877689146754,0.7492877689146754,1,False,False,,,,0.9,-4.902857550957512
0.2976669184125745,0.0159074184855932,7.810965804116996,0.3007335856911825,-0.0034345528891056,0.6924198170597057,3,1,0.1,4.8561683772032325,0.9410114990676232,1,0.6046625050482319,0.27,0.3,1,10,1,1.6958952152299502,0.8,0.9410114990676232,0.9410114990676232,1,False,False,,,,0.9,-5.725431851504431
0.3285985769417249,0.030701067405787,8.020920377324325,0.4426242017911169,-0.0054928799143959,0.7516585778245217,3,1,0.1,15.587528255737642,0.7514770680392144,1,0.9160582960543496,0.27,0.3,1,10,1,1.4028649895518357,0.8,0.7514770680392144,0.7514770680392144,1,False,False,,,,0.9,-2.822418389531732
0.346401124954133,0.018437835519161,17.199709779454267,0.5362358507824037,-0.0047394191463444,0.7510273345391761,3,1,0.1,11.84438159719383,0.5909809463654924,1,0.504971555216431,0.27,0.3,1,10,1,1.7463265270150885,0.8,0.5909809463654924,0.5909809463654924,1,False,False,,,,0.9,-2.2295011555783217
0.4095652227023354,0.0228284509397502,22.49477916736647,0.9494499575090988,-0.0017608346533708,0.7519212616935841,3,1,0.1,8.090545068539141,0.3843648039133549,1,0.580908906362823,0.27,0.3,1,10,1,1.5774822347328312,0.8,0.3843648039133549,0.3843648039133549,1,False,False,,,,0.9,-1.4409475991968002
0.188245734606131,0.0158057204295722,6.032793275897195,0.3849137267172005,0.0029100843819198,0.695261181444788,3,1,0.1,5.247549122680356,0.9830311271310584,1,0.9308926333022388,0.27,0.3,1,10,1,0.74259600836607,0.8,0.9830311271310584,0.9830311271310584,1,False,False,,,,0.9,-5.821300210625092
0.4084858826580695,0.0054334804056333,33.546038420768035,2.929453390006022,0.0633156497485689,0.7112298442965285,3,1,0.1,0.905997104485856,0.1360445140379029,1,0.6020562646734359,0.27,0.3,1,10,1,0.9500667914983209,0.8,0.1360445140379029,0.1360445140379029,1,False,False,,,,0.9,-0.6980650835992943
0.4551724355800878,0.0245906140150812,24.064720982551727,0.8718473308838267,-0.0052097912474021,0.6921722313708937,3,1,0.1,2.075592733244004,0.4033619350011589,1,0.7317738134133547,0.27,0.3,1,10,1,1.8716289028934832,0.8,0.4033619350011589,0.4033619350011589,1,False,False,,,,0.9,-2.4600497057816373
0.219201426871862,0.0117380406902928,9.112270638917607,0.4349130164116823,0.000691214205047,0.6952507261973442,3,1,0.1,4.298401084977373,0.8053281562227222,1,0.5539746833665743,0.27,0.3,1,10,1,0.9141927515350868,0.8,0.8053281562227222,0.8053281562227222,1,False,False,,,,0.9,-4.769451882546385
0.2612528248709209,0.0123940796105039,6.965560465422734,0.3104583837400359,-0.0018178851122148,0.7328240666128043,3,1,0.1,9.947840851212074,0.9667271573647456,1,0.5110734201522336,0.27,0.3,1,10,1,1.3043080338281097,0.8,0.9667271573647456,0.9667271573647456,1,False,False,,,,0.9,-4.16738936054263
0.1513772105893631,0.0114812745881474,12.658818024644432,0.7296880101872152,0.0118569709046349,0.7089655968511811,3,1,0.1,3.826778500232857,0.5951827922454273,1,0.7016960000118007,0.27,0.3,1,10,1,0.5905128158290933,0.8,0.5951827922454273,0.5951827922454273,1,False,False,,,,0.9,-3.1140487946669086
0.4437629144695139,0.0117605296274973,43.64035560629349,1.2802436872806564,0.0046892289930661,0.6855168203241907,3,1,0.1,1.3209999861167223,0.2763918432118825,1,0.5042683385329749,0.27,0.3,1,10,1,1.5578914925237255,0.8,0.2763918432118825,0.2763918432118825,1,False,False,,,,0.9,-1.800134849720033
0.1687296673609974,0.0139161717938833,12.814111283251894,0.9337743840696968,0.0195904792380769,0.6887830866714885,3,1,0.1,2.4452912763271226,0.4938351123802433,1,0.9234621522019612,0.27,0.3,1,10,1,0.5931777741551799,0.8,0.4938351123802433,0.4938351123802433,1,False,False,,,,0.9,-3.1130754381587407
0.3288967014162204,0.0221339888816118,11.429377908853018,0.4871043760995338,-0.0044195690067068,0.7013656112638502,3,1,0.1,3.855727909958161,0.6682534527496622,1,0.6962631377194679,0.27,0.3,1,10,1,1.483643065999089,0.8,0.6682534527496622,0.6682534527496622,1,False,False,,,,0.9,-3.7399482002320408
0.2650089890430884,0.0171524262147859,9.577415027368584,0.4593191846407383,-0.001207018939937,0.7407467069207123,3,1,0.1,9.614464783674087,0.7394257514460505,1,0.5979404899633709,0.27,0.3,1,10,1,1.123916227057142,0.8,0.7394257514460505,0.7394257514460505,1,False,False,,,,0.9,-3.003785212915708
0.2999182103611884,0.0151865282539863,15.90573802244614,0.581989599919999,-0.0016843103114523,0.718699502238182,3,1,0.1,4.42130769724717,0.5844888610863217,1,0.5086879882314026,0.27,0.3,1,10,1,1.2821247190262486,0.8,0.5844888610863217,0.5844888610863217,1,False,False,,,,0.9,-2.8173396573154275
0.2932162599986692,0.0030123666097579,40.58300819495291,3.807393079181538,0.0617228131961928,0.682802676284803,3,1,0.1,0.6137857304875131,0.1321030509047173,1,0.7956735268537305,0.27,0.3,1,10,1,0.6821378177630841,0.8,0.1321030509047173,0.1321030509047173,1,False,False,,,,0.9,-0.8845712167441526
0.3292419456579839,0.0279344081678448,8.366319709493283,0.441183121646534,-0.0048810557623345,0.6817726629193166,3,1,0.1,3.441567454257506,0.7485108094080467,1,0.9944703114623936,0.27,0.3,1,10,1,1.3877591726325813,0.8,0.7485108094080467,0.7485108094080467,1,False,False,,,,0.9,-5.065853014794869
0.3269731835316634,0.0240345477564078,8.88225046488348,0.3929398826273603,-0.0052031497634315,0.684590339953915,3,1,0.1,3.722076862720225,0.7864056238728732,1,0.8099239133749123,0.27,0.3,1,10,1,1.580108738464712,0.8,0.7864056238728732,0.7864056238728732,1,False,False,,,,0.9,-5.1702171127949725
0.3572702734889509,0.0279511169437312,11.065822128439478,0.4952749932530438,-0.0064547097811385,0.7134979654407717,3,1,0.1,4.555965422725611,0.6594562099300985,1,0.8188667225015098,0.27,0.3,1,10,1,1.6157373967782207,0.8,0.6594562099300985,0.6594562099300985,1,False,False,,,,0.9,-3.319220435171542
0.162748783829535,0.0076096266320189,7.977894930681107,0.3961774591429164,0.0021228314474254,0.7003455000879589,3,1,0.1,5.345638406931813,0.9390854517577688,1,0.5079768362874338,0.27,0.3,1,10,1,0.6921491395958234,0.8,0.9390854517577688,0.9390854517577688,1,False,False,,,,0.9,-5.304705767839601
0.4265829393190605,0.0266321535751843,19.022999930503826,0.7886736767466196,-0.0055375160744628,0.6973278811385145,3,1,0.1,2.459419069177087,0.4491197321934798,1,0.7797294808082167,0.27,0.3,1,10,1,1.711165501067505,0.8,0.4491197321934798,0.4491197321934798,1,False,False,,,,0.9,-2.60856002267138
0.2983763078569089,0.0273613243614147,6.124528343153445,0.3462912272003866,-0.0041342305206549,0.734184207993274,3,1,0.1,9.881459441723052,0.9262113458362384,1,0.9833239157144702,0.27,0.3,1,10,1,1.315174909403991,0.8,0.9262113458362384,0.9262113458362384,1,False,False,,,,0.9,-3.9516254900794
0.3717570849357846,0.0374658419876557,9.123913894168194,0.5056973598481204,-0.0082940502730117,0.7673133868437103,3,1,0.1,124.1870354290007,0.6687431385736048,1,0.9990037428929868,0.27,0.3,1,10,1,1.572295814305214,0.8,0.6687431385736048,0.6687431385736048,1,False,False,,,,0.9,-2.2575092270161434
0.1322763033985242,0.0097227623062924,13.37326964622478,0.7129788193327863,0.01171862888389,0.7665280151821506,3,1,0.1,79.95671110502401,0.6062060850815697,1,0.5720858332051248,0.27,0.3,1,10,1,0.5522360999755943,0.8,0.6062060850815697,0.6062060850815697,1,False,False,,,,0.9,-2.0570778576470987
0.187822898235419,0.0152277083215929,12.514749737194364,0.8685721874853828,0.0155361421562263,0.679732061413869,3,1,0.1,2.3238260078231234,0.515794869113251,1,0.9300129295358665,0.27,0.3,1,10,1,0.6478734486107313,0.8,0.515794869113251,0.515794869113251,1,False,False,,,,0.9,-3.5663440155281902
0.2844529746901428,0.0158998313576685,8.390011119254508,0.3612445131378433,-0.0027598231715712,0.7052655816156297,3,1,0.1,5.144611570053021,0.8449278098244293,1,0.5866331967668004,0.27,0.3,1,10,1,1.392066166090384,0.8,0.8449278098244293,0.8449278098244293,1,False,False,,,,0.9,-4.566309604849968
0.5508417171801593,0.0233531475079844,20.489670828968706,1.451925039530504,0.0166505956611673,0.7016913142126883,3,1,0.1,1.37297013899792,0.2369196968285926,1,0.9835312490682502,0.27,0.3,1,10,1,1.7146544261458936,0.8,0.2369196968285926,0.2369196968285926,1,False,False,,,,0.9,-1.3220373887720989
0.3087506350260016,0.021478504200763,7.238709512569973,0.3121626012575536,-0.0045064149625353,0.6972640823523996,3,1,0.1,5.12305254343754,0.93627989109316,1,0.7698617853865901,0.27,0.3,1,10,1,1.6414351145887736,0.8,0.93627989109316,0.93627989109316,1,False,False,,,,0.9,-5.441296796482625
0.241327177618749,0.0137682142923075,19.21816243953148,0.8680502614006655,0.0064870078194883,0.7288160404081699,3,1,0.1,4.33317197788653,0.4647770296538584,1,0.5473510055849737,0.27,0.3,1,10,1,0.8750376083061467,0.8,0.4647770296538584,0.4647770296538584,1,False,False,,,,0.9,-2.066430274934788
0.3396853065769011,0.0186825294684739,17.365593078531074,1.3487355935507597,0.0180698519656659,0.6959369500900113,3,1,0.1,1.685417877094914,0.3131359335877815,1,0.8594832327538122,0.27,0.3,1,10,1,0.9852110336053732,0.8,0.3131359335877815,0.3131359335877815,1,False,False,,,,0.9,-1.84256018642483
0.3056824436100372,0.0256870591275256,6.296683347300109,0.3277261747408708,-0.004442047204947,0.688164166028477,3,1,0.1,4.6444153447841225,0.9443819317567488,1,0.9950598281918576,0.27,0.3,1,10,1,1.416720189176005,0.8,0.9443819317567488,0.9443819317567488,1,False,False,,,,0.9,-5.989837489443897
0.4432515081805595,0.0158069689031219,25.212733475833108,1.4827419526399928,0.0149068734698595,0.6854806553194234,3,1,0.1,1.2137481242728556,0.2540489601472746,1,0.748406497931815,0.27,0.3,1,10,1,1.310647641283368,0.8,0.2540489601472746,0.2540489601472746,1,False,False,,,,0.9,-1.655221297143246
0.2820670465254459,0.0208479420441326,8.147150661296605,0.4278877785903172,-0.0021436485926112,0.6845790373637703,3,1,0.1,3.715887807688019,0.7851909022574892,1,0.7933474726397505,0.27,0.3,1,10,1,1.177621038733277,0.8,0.7851909022574892,0.7851909022574892,1,False,False,,,,0.9,-5.162825023271268
0.3250565015578842,0.020302929305691,10.604493614998594,0.4060949724256324,-0.0047778616593649,0.7011615412363068,3,1,0.1,4.297106165890501,0.7467805894775299,1,0.6502722389909223,0.27,0.3,1,10,1,1.669118732003756,0.8,0.7467805894775299,0.7467805894775299,1,False,False,,,,0.9,-4.187182219453952
0.2144469507260252,0.020363695896437,8.191948059582678,0.5469474571217153,0.0049001523210671,0.7598122566140156,3,1,0.1,27.60218740749106,0.721940465317268,1,0.8350167940104372,0.27,0.3,1,10,1,0.7979387117250618,0.8,0.721940465317268,0.721940465317268,1,False,False,,,,0.9,-2.562877498191283
0.2996067749057827,0.0163163463130585,13.63042662937668,0.540371509646293,-0.0019734050764415,0.6833101315512369,3,1,0.1,2.913479857337,0.6238012716818611,1,0.5837462527415782,0.27,0.3,1,10,1,1.277073361142385,0.8,0.6238012716818611,0.6238012716818611,1,False,False,,,,0.9,-4.1552418853184
0.1726898137251397,0.0082092509068795,25.58645182965712,1.2500356527738246,0.0185104125330199,0.6821070828248684,3,1,0.1,1.679747448945144,0.3640964770635537,1,0.5907213159791265,0.27,0.3,1,10,1,0.6168214390387811,0.8,0.3640964770635537,0.3640964770635537,1,False,False,,,,0.9,-2.4556260751169274
0.2580658002852914,0.0216131659349393,8.92028602547652,0.5410750617110388,0.0014897604846421,0.6939401824275858,3,1,0.1,3.646689684800184,0.6940893913172684,1,0.8907081753404531,0.27,0.3,1,10,1,0.9523702098361138,0.8,0.6940893913172684,0.6940893913172684,1,False,False,,,,0.9,-4.162052480745914
0.2915605968611842,0.0133369805941072,8.59030662334444,0.3181047051735055,-0.0028674297792219,0.7056214904305198,3,1,0.1,5.468561470822592,0.893574274642582,1,0.5120877638836612,0.27,0.3,1,10,1,1.6424555332519952,0.8,0.893574274642582,0.893574274642582,1,False,False,,,,0.9,-4.814035430347728
0.3679419881829595,0.0273113751021986,12.99901504535735,0.6492851912712246,-0.0042958160800057,0.6903240562827039,3,1,0.1,2.7594638226303125,0.5477495877222334,1,0.8729522476749509,0.27,0.3,1,10,1,1.4175931640399495,0.8,0.5477495877222334,0.5477495877222334,1,False,False,,,,0.9,-3.4010937783237143
0.3573087067205216,0.0208822239225266,17.95113555108813,0.9878956736066514,0.004112524788384,0.680915909427112,3,1,0.1,1.8182920664204352,0.3988790220343908,1,0.8023686086594637,0.27,0.3,1,10,1,1.164968825906599,0.8,0.3988790220343908,0.3988790220343908,1,False,False,,,,0.9,-2.723822751986856
0.2372000724952236,0.0153027127872581,14.48635288252545,0.6908953703797676,0.0037514965001409,0.74847204069425,3,1,0.1,9.888103326955711,0.5605142703581968,1,0.5633014483116818,0.27,0.3,1,10,1,0.8992483313080973,0.8,0.5605142703581968,0.5605142703581968,1,False,False,,,,0.9,-2.153174097571374
0.2801680936839482,0.0212313658968785,8.747498025129454,0.4644362744762272,-0.0017295351031411,0.7128029436562467,3,1,0.1,5.064616345779035,0.7415024788436577,1,0.7540389061961532,0.27,0.3,1,10,1,1.1443676925825683,0.8,0.7415024788436577,0.7415024788436577,1,False,False,,,,0.9,-3.754174801837803
0.2082746901658146,0.017279803593406,6.11061901669557,0.3816873842319087,0.0016409662744827,0.7155267772003765,3,1,0.1,6.849875068495338,0.9581153678593404,1,0.8680144001101753,0.27,0.3,1,10,1,0.8278742375031889,0.8,0.9581153678593404,0.9581153678593404,1,False,False,,,,0.9,-4.74106554477436
0.2677957389514477,0.0241423693485595,9.801391084080826,0.6231710760237953,0.0022241938657988,0.7631658511527643,3,1,0.1,36.48336230797458,0.6175593061524592,1,0.7869664287699043,0.27,0.3,1,10,1,0.9757527411013364,0.8,0.6175593061524592,0.6175593061524592,1,False,False,,,,0.9,-2.1431794969228264
0.4563579256755987,0.0128358195025302,40.65151713576899,1.2704899707456476,0.0045330005737911,0.6792191056024519,3,1,0.1,1.245927464142958,0.277939839285661,1,0.5503115793125277,0.27,0.3,1,10,1,1.598060046991643,0.8,0.277939839285661,0.277939839285661,1,False,False,,,,0.9,-1.9322184996166647
0.4370139411297354,0.013041049854696,18.9157581154914,2.274402552787181,0.0607747939187296,0.7191482224136619,3,1,0.1,1.3248448766045595,0.1736966161415763,1,0.7985016274835302,0.27,0.3,1,10,1,1.0801393652106843,0.8,0.1736966161415763,0.1736966161415763,1,False,False,,,,0.9,-0.8341775078682598
0.3141258906485951,0.0231834507244681,7.09203631241558,0.3075737893377665,-0.0049378374858481,0.699001785277039,3,1,0.1,5.303854433302668,0.94817071701453,1,0.8265800452343137,0.27,0.3,1,10,1,1.6787276054593745,0.8,0.94817071701453,0.94817071701453,1,False,False,,,,0.9,-5.422428038978065
0.1962249561956174,0.0130369438553359,7.904642666668782,0.4290841217789297,0.0020419769406268,0.7427281948558021,3,1,0.1,11.92884038657568,0.8560650039752868,1,0.6153975560808395,0.27,0.3,1,10,1,0.8031070839353502,0.8,0.8560650039752868,0.8560650039752868,1,False,False,,,,0.9,-3.427482085777071
0.5221594140425262,0.0105684686970052,12.148939570114596,3.4300814675669766,0.2214485186391693,0.753874651643328,3,1,0.1,2.533248048671699,0.1070769081903653,1,0.8226662806866014,0.27,0.3,1,10,1,1.1145987700935254,0.8,0.1070769081903653,0.1070769081903653,1,False,False,,,,0.9,-0.3959769634646406
0.1216377808672732,0.0080876496828075,16.076798245506712,0.7933154584939274,0.0132046964045865,0.7453690191320467,3,1,0.1,8.571432918603252,0.5559703698464038,1,0.5458520245809868,0.27,0.3,1,10,1,0.5186025103784363,0.8,0.5559703698464038,0.5559703698464038,1,False,False,,,,0.9,-2.183737602558661
0.1292177897206683,0.0110291528418169,9.641390442283685,0.5947236394429547,0.0108005472286697,0.7500716262470106,3,1,0.1,13.810580827406378,0.7242418376772158,1,0.7146489249246493,0.27,0.3,1,10,1,0.5380672194686736,0.8,0.7242418376772158,0.7242418376772158,1,False,False,,,,0.9,-2.7507251496482086
0.312510703829328,0.0270513073342519,6.864767815318593,0.3600188830268007,-0.0048230543103387,0.7103184071956501,3,1,0.1,5.753701456921172,0.8764388297310644,1,0.9547828482082344,0.27,0.3,1,10,1,1.4202776806246105,0.8,0.8764388297310644,0.8764388297310644,1,False,False,,,,0.9,-4.532403930270906
0.3274117590937093,0.0242820919226576,8.506439411774497,0.3550480758900252,-0.0056309568012195,0.7102995913702246,3,1,0.1,5.509326082759722,0.8394601279608254,1,0.7827904174774312,0.27,0.3,1,10,1,1.7196274519127095,0.8,0.8394601279608254,0.8394601279608254,1,False,False,,,,0.9,-4.341874702302281
0.1155637072083441,0.0067674611402792,9.18941427818926,0.4803331874094453,0.0058569307335012,0.6802041498901679,3,1,0.1,3.916867574517117,0.8653450080059983,1,0.6026803141961344,0.27,0.3,1,10,1,0.5118779599146034,0.8,0.8653450080059983,0.8653450080059983,1,False,False,,,,0.9,-5.953504434733928
0.2583009673423627,0.0162638994104848,8.94634497185287,0.4358285506212478,-0.000992883353621,0.7105961987951511,3,1,0.1,5.113452026789032,0.7755392541597131,1,0.6243226312443757,0.27,0.3,1,10,1,1.0948129192313345,0.8,0.7755392541597131,0.7755392541597131,1,False,False,,,,0.9,-4.001059619556028
0.2308062254707757,0.020743201906692,11.257633500249655,0.8266210028143416,0.0116787677903531,0.73700317356392,3,1,0.1,5.971950738475231,0.516837938478127,1,0.8635617481962097,0.27,0.3,1,10,1,0.7795334350264593,0.8,0.516837938478127,0.516837938478127,1,False,False,,,,0.9,-2.158717017135375
0.2085581569984053,0.0113909175118746,19.62350782603624,0.8778498305035127,0.0084901684686257,0.6859489361017689,3,1,0.1,2.2809697360748267,0.4750584116537861,1,0.5867070156983643,0.27,0.3,1,10,1,0.757995660581873,0.8,0.4750584116537861,0.4750584116537861,1,False,False,,,,0.9,-3.080579272845953
0.4036506524313587,0.0089762429575115,28.887147389747643,2.1845708239310047,0.0370815801775405,0.6827031457158186,3,1,0.1,0.8637595043949715,0.1860933216038129,1,0.7637648640481565,0.27,0.3,1,10,1,1.020215010138474,0.8,0.1860933216038129,0.1860933216038129,1,False,False,,,,0.9,-1.247374857415565
0.3006030160713494,0.0187184669438297,7.253660651084508,0.2936979232584515,-0.0039800774500844,0.7322254613363804,3,1,0.1,9.83631617504954,0.9707709005306232,1,0.6555264644574899,0.27,0.3,1,10,1,1.7002191590200546,0.8,0.9707709005306232,0.9707709005306232,1,False,False,,,,0.9,-4.20401415774402
0.338464788192828,0.0304380332940304,7.335580958794079,0.3269164844782238,-0.006986134594114,0.7293377184867845,3,1,0.1,8.568979276905182,0.9079235827199956,1,0.9913053532016718,0.27,0.3,1,10,1,1.7789066419989463,0.8,0.9079235827199956,0.9079235827199956,1,False,False,,,,0.9,-4.020354659914712
0.2784027371385686,0.0215476843821263,9.26413184497751,0.5158374138334778,-0.000526009383333,0.6778018361067834,3,1,0.1,3.0809364485986404,0.696795006748593,1,0.8504090229861863,0.27,0.3,1,10,1,1.0661065679876007,0.8,0.696795006748593,0.696795006748593,1,False,False,,,,0.9,-4.917894593444706
0.2570299956344378,0.0181484768776246,13.90909002210765,1.3683797204853425,0.0292290763591874,0.7185056707482425,3,1,0.1,2.521636257562897,0.334543103771023,1,0.9181714757079728,0.27,0.3,1,10,1,0.7611379030018284,0.8,0.334543103771023,0.334543103771023,1,False,False,,,,0.9,-1.6151229770134652
0.2644209633012072,0.0214634124754069,7.586119087099615,0.4344856559476692,-0.0010527112288132,0.72046680558048,3,1,0.1,6.264999966505033,0.8012498374057468,1,0.806548573571306,0.27,0.3,1,10,1,1.065616684735255,0.8,0.8012498374057468,0.8012498374057468,1,False,False,,,,0.9,-3.806866857127811
0.4223993863864334,0.031316258551619,15.919883908770556,0.6199448222876,-0.0090155875809384,0.7067131615245232,3,1,0.1,3.35406230423016,0.5394694483265338,1,0.8586998139100115,0.27,0.3,1,10,1,1.9357193734834648,0.8,0.5394694483265338,0.5394694483265338,1,False,False,,,,0.9,-2.8785280039473946
0.2973076748280086,0.0223241791936146,11.219464890346485,0.5993395732522352,-0.0006363365137412,0.7037670296322397,3,1,0.1,3.635655638460999,0.6098289584547951,1,0.7752465632016496,0.27,0.3,1,10,1,1.1228394701667672,0.8,0.6098289584547951,0.6098289584547951,1,False,False,,,,0.9,-3.3399717488645155
0.2412687393471767,0.0169244857699863,8.910071904744646,0.4791806355064225,0.000783207263467,0.6788544339270721,3,1,0.1,3.3625923126279456,0.7527953009670862,1,0.7371925091528981,0.27,0.3,1,10,1,0.9492335952828412,0.8,0.7527953009670862,0.7527953009670862,1,False,False,,,,0.9,-5.253701645926408
0.2774643152039564,0.0150771222848583,11.0740733277308,0.4664674156677093,-0.0016476379016748,0.6944231661399755,3,1,0.1,3.7373120481227895,0.7072397105172511,1,0.5634526686966836,0.27,0.3,1,10,1,1.213970766319353,0.8,0.7072397105172511,0.7072397105172511,1,False,False,,,,0.9,-4.2214766089279365
0.3231599331248833,0.0218677162704505,14.141031516285851,0.7299229592119261,0.0002635325922488,0.6794891097766259,3,1,0.1,2.3220338532469973,0.516628557926063,1,0.795787539375526,0.27,0.3,1,10,1,1.1546960209003674,0.8,0.516628557926063,0.516628557926063,1,False,False,,,,0.9,-3.581301037760721
0.2851842954565718,0.0171918015398894,8.688608740857864,0.392698552807863,-0.0026264200968268,0.6814067123582923,3,1,0.1,3.68745315615681,0.8049501101117849,1,0.6481279033088487,0.27,0.3,1,10,1,1.3120168180112866,0.8,0.8049501101117849,0.8049501101117849,1,False,False,,,,0.9,-5.468635089692371
0.2944248157193941,0.0253484915411866,6.239234728280543,0.342629788705651,-0.0038253200032121,0.7202015793542319,3,1,0.1,7.226326347866156,0.9288755526189556,1,0.9317827079581866,0.27,0.3,1,10,1,1.3148528409198992,0.8,0.9288755526189556,0.9288755526189556,1,False,False,,,,0.9,-4.42276085107465
0.2866790198443465,0.0267346570787241,6.340155302062261,0.3804949570045431,-0.0029998997654401,0.7338599055472311,3,1,0.1,9.315421355511663,0.8808236726437602,1,0.9809698510723844,0.27,0.3,1,10,1,1.1871336450423688,0.8,0.8808236726437602,0.8808236726437602,1,False,False,,,,0.9,-3.767243299812423
0.374629406306843,0.0396974505194863,8.205073289808716,0.4832188372310697,-0.0076344753035945,0.7020842087578302,3,1,0.1,4.109843822170978,0.7054503014690888,1,1.583184373002383,0.27,0.3,1,10,1,1.453086399342458,0.8,0.7054503014690888,0.7054503014690888,1,False,False,,,,0.9,-3.922529779097216
0.2978354022988598,0.0329302756592543,5.581961919635352,0.3317321321186281,-0.0037389119634909,0.6917194685684835,3,1,0.1,5.111891152052386,0.9986462868130344,1,1.872433823158139,0.27,0.3,1,10,1,1.188749580196775,0.8,0.9986462868130344,0.9986462868130344,1,False,False,,,,0.9,-6.1172914267316845
0.1846255649207028,0.0103493368468669,11.827963790216508,0.5517801192000152,0.0037608963964691,0.7014971473676979,3,1,0.1,4.03974185963309,0.6989151315153446,1,0.5474034533035796,0.27,0.3,1,10,1,0.7404229300987443,0.8,0.6989151315153446,0.6989151315153446,1,False,False,,,,0.9,-3.906886910999596
0.5029174224282743,0.0226398688020868,22.085763680006803,1.3985639562434058,0.0145577397479617,0.7577747283314908,3,1,0.1,7.667597138477111,0.2431914133958978,1,0.6012801768440827,0.27,0.3,1,10,1,1.6912568335822666,0.8,0.2431914133958978,0.2431914133958978,1,False,False,,,,0.9,-0.8754245343392917
0.6441659577561345,0.0293620521713436,12.46115030317113,1.8672899658868567,0.0850119443056649,0.744062380471347,3,1,0.1,2.433595288808319,0.1661766075291049,1,1.378052199130657,0.27,0.3,1,10,1,1.8445679497600016,0.8,0.1661766075291049,0.1661766075291049,1,False,False,,,,0.9,-0.6589056458116112
0.2622872169013475,0.0130861146666379,6.635873639407817,0.3028695264081271,-0.0019088787378356,0.7152392419290536,3,1,0.1,7.047990151887035,0.9907050876027572,1,0.55094098702018,0.27,0.3,1,10,1,1.305496893123448,0.8,0.9907050876027572,0.9907050876027572,1,False,False,,,,0.9,-4.914112589823649
0.2136356310852891,0.026662444849334,6.02430982034792,0.4487541407038768,0.0052455504964654,0.7435694290825376,3,1,0.1,12.71979416285416,0.8849380926388288,1,1.687970132812753,0.27,0.3,1,10,1,0.7625709536953696,0.8,0.8849380926388288,0.8849380926388288,1,False,False,,,,0.9,-3.521443840485688
0.497433789255408,0.0273593160344178,20.10087756596405,1.0789456088394118,-0.0004092892419626,0.6845041461547935,3,1,0.1,1.5860331247586894,0.3354016960944971,1,0.9840249956218108,0.27,0.3,1,10,1,1.7053861259804124,0.8,0.3354016960944971,0.3354016960944971,1,False,False,,,,0.9,-2.20703214761631
0.3746095782622051,0.0401642347645439,8.431607948787896,0.5023926569988324,-0.0070110453776755,0.6904420709988165,3,1,0.1,3.481734025067336,0.6901958602587328,1,1.8353566299025843,0.27,0.3,1,10,1,1.392829251539656,0.8,0.6901958602587328,0.6901958602587328,1,False,False,,,,0.9,-4.280638992817458
0.4180031597443984,0.0391007717850392,10.855661382680593,0.665052680435314,-0.0072766485680969,0.7032463544668244,3,1,0.1,3.2083872821211554,0.5420517820542109,1,1.3750839068775222,0.27,0.3,1,10,1,1.5010833049666714,0.8,0.5420517820542109,0.5420517820542109,1,False,False,,,,0.9,-2.982630567173995
0.387630714495627,0.0363666148708892,9.61720884621033,0.4686685660989585,-0.0090297597656287,0.6975284704349194,3,1,0.1,3.801367624798617,0.6924291862786383,1,1.196716658071141,0.27,0.3,1,10,1,1.7183065526342836,0.8,0.6924291862786383,0.6924291862786383,1,False,False,,,,0.9,-4.014241760905049
0.5077541178331427,0.0511924094508977,12.604761562082611,0.7293507404211554,-0.0140398942583388,0.728216279682279,3,1,0.1,4.428831772287664,0.4816743071446704,1,1.918555473843248,0.27,0.3,1,10,1,1.918100508567164,0.8,0.4816743071446704,0.4816743071446704,1,False,False,,,,0.9,-2.1515913769879766
0.310992069652604,0.0285245344208266,6.742581516053991,0.3734570546695137,-0.0047291214503657,0.7271889627612844,3,1,0.1,7.758508729884649,0.8636743654505533,1,0.98510230640623,0.27,0.3,1,10,1,1.3635142817879444,0.8,0.8636743654505533,0.8636743654505533,1,False,False,,,,0.9,-3.889089202419697
0.4317944162097174,0.0459854504278142,10.000779118561454,0.5209281884523812,-0.0122247302579484,0.716903571790826,3,1,0.1,4.689078501343586,0.6402991718225794,1,1.6582576400618916,0.27,0.3,1,10,1,1.803150892419383,0.8,0.6402991718225794,0.6402991718225794,1,False,False,,,,0.9,-3.132361836567505
0.3447098628765395,0.0369978611372466,6.200288721457011,0.3164516682966656,-0.0074168147678479,0.6990805414664146,3,1,0.1,5.407981048177319,0.9658055299255808,1,1.6720231528844909,0.27,0.3,1,10,1,1.596325219432297,0.8,0.9658055299255808,0.9658055299255808,1,False,False,,,,0.9,-5.519275045950904
0.1947022636777022,0.0164618114530492,7.087865620921144,0.439802317427572,0.0032180384959549,0.7581194440628707,3,1,0.1,28.073476699314163,0.8640516206745399,1,0.7600551936228175,0.27,0.3,1,10,1,0.7705095968296979,0.8,0.8640516206745399,0.8640516206745399,1,False,False,,,,0.9,-3.103017922755427
0.3732182925969195,0.0411900309442456,7.544744359350107,0.346775072858796,-0.0101935479298113,0.7541661618332405,3,1,0.1,21.03543305164906,0.8726370219085997,1,1.343964977957577,0.27,0.3,1,10,1,1.9095358874930413,0.8,0.8726370219085997,0.8726370219085997,1,False,False,,,,0.9,-3.2205251378363933
0.3437660767177168,0.0372465590543739,6.442131246144603,0.336562305335126,-0.0070408281648393,0.6777095751306963,3,1,0.1,4.109946149909063,0.9303429707074694,1,1.929292489974917,0.27,0.3,1,10,1,1.497757895323298,0.8,0.9303429707074694,0.9303429707074694,1,False,False,,,,0.9,-6.572755459468823
0.1990202330003724,0.0162931201320569,7.18939113986385,0.4463046684627177,0.0032934889931452,0.6843916712209264,3,1,0.1,4.044832042928219,0.85637502873656,1,0.8805262785852592,0.27,0.3,1,10,1,0.7683898452683292,0.8,0.85637502873656,0.85637502873656,1,False,False,,,,0.9,-5.641638395703202
0.326904941475568,0.0356050846044089,5.7905591230704,0.3197660112474049,-0.0060408951748551,0.6989380754716819,3,1,0.1,5.504683842191225,0.984879734635902,1,1.7418739970946977,0.27,0.3,1,10,1,1.4153291311337863,0.8,0.984879734635902,0.984879734635902,1,False,False,,,,0.9,-5.63566699263002
0.327735023553018,0.0208801577246106,10.47830523250877,0.3626885224381589,-0.0054256294996379,0.7621108178951119,3,1,0.1,40.27778565994636,0.7991226444738303,1,0.5989974917444195,0.27,0.3,1,10,1,1.9160263469502825,0.8,0.7991226444738303,0.7991226444738303,1,False,False,,,,0.9,-2.793043272304619
0.2926686114302792,0.031232848203476,5.894489635796429,0.3755428070623011,-0.0028908829506948,0.7015960877927524,3,1,0.1,5.283169569456407,0.9128294258619792,1,1.4932456221283932,0.27,0.3,1,10,1,1.133299436980747,0.8,0.9128294258619792,0.9128294258619792,1,False,False,,,,0.9,-5.098080546318419
0.3566849347817505,0.038284920443574,6.685898378544933,0.3304343382955018,-0.0081983571722172,0.6914445016743257,3,1,0.1,4.715364068191845,0.924104742627307,1,1.7314978503597238,0.27,0.3,1,10,1,1.6638935525310374,0.8,0.924104742627307,0.924104742627307,1,False,False,,,,0.9,-5.675767272470081
0.3696500082231652,0.0439596169302939,7.188112294408247,0.4366242071265416,-0.0087098546437844,0.7488913782935203,3,1,0.1,13.82633256403794,0.7683971263357539,1,1.6434878383129718,0.27,0.3,1,10,1,1.4825745445139369,0.8,0.7683971263357539,0.7683971263357539,1,False,False,,,,0.9,-2.942950169038713
0.2562154123922258,0.0227706446100206,8.21799469298814,0.5183300863149166,0.0013460560656318,0.7095664793262653,3,1,0.1,4.689238268003093,0.7226536643678766,1,0.9226028242933966,0.27,0.3,1,10,1,0.9485232681493234,0.8,0.7226536643678766,0.7226536643678766,1,False,False,,,,0.9,-3.7613973541243295
0.5354465861348385,0.0467891576666854,11.680344951437872,1.1298108617441522,0.0016519494539235,0.748294630650604,3,1,0.1,5.661929800790397,0.323609094528366,1,1.6172463596731594,0.27,0.3,1,10,1,1.6888370445360712,0.8,0.323609094528366,0.323609094528366,1,False,False,,,,0.9,-1.244691941303742
0.1325631313507897,0.0116486820055587,8.725790428425173,0.562239460208422,0.0102914701115064,0.7170568201717819,3,1,0.1,5.621341175715432,0.765517539399957,1,0.8241295750014475,0.27,0.3,1,10,1,0.5417455890919053,0.8,0.765517539399957,0.765517539399957,1,False,False,,,,0.9,-3.740187202482005
0.3300886835635297,0.0341264951214853,6.24859528880322,0.3495580140385483,-0.0059000059169539,0.6852645261250185,3,1,0.1,4.356149812641553,0.9138705365371552,1,1.5410324858006097,0.27,0.3,1,10,1,1.4062390267659512,0.8,0.9138705365371552,0.9138705365371552,1,False,False,,,,0.9,-5.967238378786769
0.2406731414667855,0.0185383432857691,12.922537585721823,0.8613078453965585,0.0107164228493401,0.6820151951427234,3,1,0.1,2.2869862171133275,0.4961812826174275,1,0.9107264915053446,0.27,0.3,1,10,1,0.7939326431611055,0.8,0.4961812826174275,0.4961812826174275,1,False,False,,,,0.9,-3.3496567397353907
0.3175768856836573,0.02101463758962,7.8574854780463,0.2869121552164791,-0.0049293036289523,0.7042163240303373,3,1,0.1,5.817928069449088,0.9697772587425606,1,0.7420693509987617,0.27,0.3,1,10,1,1.9379891849429915,0.8,0.9697772587425606,0.9697772587425606,1,False,False,,,,0.9,-5.290119712657136
0.4645676689449699,0.0411415817048037,12.329585880324254,0.9258981568284786,-0.0018154315872878,0.7019852078239641,3,1,0.1,2.399020451616765,0.4123402489919482,1,1.987586745777664,0.27,0.3,1,10,1,1.422983547768487,0.8,0.4123402489919482,0.4123402489919482,1,False,False,,,,0.9,-2.294795204969766
0.2785027200714906,0.0178877316143141,13.3053768985101,0.6347637474698298,0.0007236382666666,0.691593414834875,3,1,0.1,2.976339446052992,0.5822962168075653,1,0.6693938463426956,0.27,0.3,1,10,1,1.0563452974420702,0.8,0.5822962168075653,0.5822962168075653,1,False,False,,,,0.9,-3.571256759501068
0.3873433711081725,0.0374784018322067,9.716121619771506,0.5923414552989643,-0.0065916819709703,0.7060729206491699,3,1,0.1,3.7011504658031984,0.6008588007426946,1,1.3059306353789508,0.27,0.3,1,10,1,1.4283579712249697,0.8,0.6008588007426946,0.6008588007426946,1,False,False,,,,0.9,-3.224194624739148
0.4671907995125609,0.0408533081023243,11.871354867700711,0.99316605572701,0.0003818470351801,0.7159513503522504,3,1,0.1,2.788795822127549,0.3872250604490431,1,1.7259757612913993,0.27,0.3,1,10,1,1.414068497327972,0.8,0.3872250604490431,0.3872250604490431,1,False,False,,,,0.9,-1.90934851184495
0.5162561448929612,0.0449222046012841,14.068298068692284,0.8196995859698963,-0.0103955751512957,0.6979112145439371,3,1,0.1,2.400023833789411,0.4350648830248303,1,1.930953939494652,0.27,0.3,1,10,1,1.8335246324387453,0.8,0.4350648830248303,0.4350648830248303,1,False,False,,,,0.9,-2.5132665851774085
0.4125490537647989,0.0406629528990866,10.802198909838156,0.5835123811500406,-0.0102131800478561,0.75568880735194,3,1,0.1,15.7658108403044,0.5892558448258074,1,1.0640000430835672,0.27,0.3,1,10,1,1.7169233629374008,0.8,0.5892558448258074,0.5892558448258074,1,False,False,,,,0.9,-2.1518479852603285
0.2844804539041782,0.0306698903865428,5.402410927552408,0.3495995466838273,-0.002962319302295,0.7435159364732474,3,1,0.1,13.884721747344548,0.9679221866108254,1,1.2950793088669317,0.27,0.3,1,10,1,1.139481506929927,0.8,0.9679221866108254,0.9679221866108254,1,False,False,,,,0.9,-3.853161501364628
0.6149032922912033,0.0103784039081549,42.77179810735842,1.6793962233099753,0.0280867665542662,0.6968509399429784,3,1,0.1,0.9065037748460888,0.1665280006686867,1,0.643996740057459,0.27,0.3,1,10,1,1.9787436024926084,0.8,0.1665280006686867,0.1665280006686867,1,False,False,,,,0.9,-0.9715328410945574
0.4673031709468832,0.0485312365322581,10.502207937242131,0.8342463257337285,-0.0074372982924492,0.7559713426447525,3,1,0.1,12.208729350532003,0.446975380838811,1,1.5231299285671691,0.27,0.3,1,10,1,1.558371713914912,0.8,0.446975380838811,0.446975380838811,1,False,False,,,,0.9,-1.629084019807614
0.149634997145439,0.0110100054108703,7.932469677458747,0.4621038092602384,0.005385536736601,0.7226345622037917,3,1,0.1,7.079384294844322,0.8678117053167607,1,0.6962092478600217,0.27,0.3,1,10,1,0.6169751062643388,0.8,0.8678117053167607,0.8678117053167607,1,False,False,,,,0.9,-4.0515608720766725
0.3568265626076031,0.0314816492338744,8.39983322518789,0.3618616850436327,-0.0077531672490017,0.6880322518942078,3,1,0.1,4.078462456007905,0.830504215869505,1,1.0746274899849784,0.27,0.3,1,10,1,1.831251885963029,0.8,0.830504215869505,0.830504215869505,1,False,False,,,,0.9,-5.274455367026031
0.38379490767331,0.039527644234928,8.46228800524395,0.388434038428942,-0.0101365656545306,0.7156621521618263,3,1,0.1,5.694457129608916,0.7946461963899296,1,1.3429106770390538,0.27,0.3,1,10,1,1.87590008592266,0.8,0.7946461963899296,0.7946461963899296,1,False,False,,,,0.9,-3.927730574183624
0.3680911860190718,0.0397605944389923,8.707902900611034,0.5822489225400602,-0.0046876812750559,0.7061921708615511,3,1,0.1,3.880431309757148,0.6288782770697436,1,1.7438086071427985,0.27,0.3,1,10,1,1.267579763782531,0.8,0.6288782770697436,0.6288782770697436,1,False,False,,,,0.9,-3.3710039275511754
0.3117284910094112,0.0312229126377312,7.047365213449505,0.4424874058913082,-0.0034395837260414,0.7005274039792638,3,1,0.1,4.481978723314107,0.7854806148663989,1,1.2550515629766352,0.27,0.3,1,10,1,1.1948207400211035,0.8,0.7854806148663989,0.7854806148663989,1,False,False,,,,0.9,-4.429664132415072
0.5258308499502555,0.0493808977656948,12.744684026493012,0.9006643766219468,-0.0091258130999992,0.7294718806881189,3,1,0.1,3.8071629187106746,0.4021073283056824,1,1.986232630664656,0.27,0.3,1,10,1,1.783228364163923,0.8,0.4021073283056824,0.4021073283056824,1,False,False,,,,0.9,-1.7787089674097416
0.3823738136586364,0.0340470087101828,10.503619852274849,0.5633807839875039,-0.0070812279558934,0.7061356574523798,3,1,0.1,3.7734917264565326,0.6120475823038924,1,1.0679407027368628,0.27,0.3,1,10,1,1.5275012293329069,0.8,0.6120475823038924,0.6120475823038924,1,False,False,,,,0.9,-3.282418766041104
0.2085203289194086,0.0248598151555802,8.803611331898292,0.751827378200753,0.0171748751958638,0.7119038270098238,3,1,0.1,3.994105480308244,0.593343033932512,1,1.849502431733786,0.27,0.3,1,10,1,0.6762268687454758,0.8,0.593343033932512,0.593343033932512,1,False,False,,,,0.9,-3.0270792337924703
0.3544161308685574,0.0364605470507729,8.347896429841422,0.5259309467994652,-0.0048235156617634,0.6876099080606721,3,1,0.1,3.310652140478924,0.6772739640871812,1,1.5782429375068474,0.27,0.3,1,10,1,1.2781199531696297,0.8,0.6772739640871812,0.6772739640871812,1,False,False,,,,0.9,-4.319402416771039
0.5293107794527424,0.0190957266152185,14.841172123451264,2.1413407937143063,0.0677456926721509,0.7144142072790988,3,1,0.1,1.2233897274712189,0.1743926203678457,1,1.3001431888453503,0.27,0.3,1,10,1,1.3060269002478435,0.8,0.1743926203678457,0.1743926203678457,1,False,False,,,,0.9,-0.8710228019406294
0.3167436587961311,0.03619752971986,6.02832584925931,0.3691392238977815,-0.0048151176409517,0.7137991328387638,3,1,0.1,6.300463223357084,0.9074188184693108,1,1.7660000222733967,0.27,0.3,1,10,1,1.2485971333646766,0.8,0.9074188184693108,0.9074188184693108,1,False,False,,,,0.9,-4.555701864514091
0.352205218836835,0.0362123734632463,6.630412038238374,0.3117777885532775,-0.0079815682676992,0.6986623798356157,3,1,0.1,5.3238034105815695,0.9558918972349356,1,1.4847824443881743,0.27,0.3,1,10,1,1.754742591281017,0.8,0.9558918972349356,0.9558918972349356,1,False,False,,,,0.9,-5.483716585554896
0.3032020476139956,0.0275739020811877,6.475470093491825,0.3605345289628652,-0.0043745022327546,0.7367845253120929,3,1,0.1,10.23496153276128,0.8915046647897636,1,0.9514835288204077,0.27,0.3,1,10,1,1.3394911858970806,0.8,0.8915046647897636,0.8915046647897636,1,False,False,,,,0.9,-3.729719050398359
0.2603525615253316,0.0255737635660342,9.305919227724056,0.6989006570039002,0.0066406093911898,0.7228244615498609,3,1,0.1,4.80585089146667,0.5868722831011475,1,1.0690474669655414,0.27,0.3,1,10,1,0.8683766423896502,0.8,0.5868722831011475,0.5868722831011475,1,False,False,,,,0.9,-2.7357633915678825
0.3323721109606687,0.0177129561346136,20.20428815143269,0.7847057155065279,-0.0005547025429364,0.7213212673100221,3,1,0.1,3.711234703571644,0.4668875934013569,1,0.5564899476894548,0.27,0.3,1,10,1,1.284258237482768,0.8,0.4668875934013569,0.4668875934013569,1,False,False,,,,0.9,-2.2029514098886978
0.2478196020240992,0.0204641205310015,7.948009679081874,0.4679837276760062,0.0004453212263176,0.7334381045913918,3,1,0.1,8.08232191587901,0.7728716537879843,1,0.7818579207675509,0.27,0.3,1,10,1,0.9704773130684872,0.8,0.7728716537879843,0.7728716537879843,1,False,False,,,,0.9,-3.316155729969619
0.3897645025212878,0.0263330588912961,13.355123791883228,1.4933011648885703,0.030151145309222,0.6929033323957172,3,1,0.1,1.5091741652742103,0.2907926536114979,1,1.935838332481059,0.27,0.3,1,10,1,1.0044952738240536,0.8,0.2907926536114979,0.2907926536114979,1,False,False,,,,0.9,-1.7610808711293764
0.1265509324391006,0.0133280676877952,6.139145954921943,0.4391317646973953,0.0092834851862173,0.729969226330619,3,1,0.1,9.333720796946784,0.974176233229922,1,1.159225205380709,0.27,0.3,1,10,1,0.5210223959635754,0.8,0.974176233229922,0.974176233229922,1,False,False,,,,0.9,-4.292663369692505
0.3291326458057344,0.0228979277865783,13.833981029144878,1.162246573437655,0.0152971435382068,0.6822730273192256,3,1,0.1,1.713559855025254,0.3708005192890793,1,1.153394505692647,0.27,0.3,1,10,1,0.9451297510981808,0.8,0.3708005192890793,0.3708005192890793,1,False,False,,,,0.9,-2.4965419560714253
0.1694271626614571,0.0155149407125599,9.353178037903245,2.154436026240824,0.1118014942911549,0.7497654375825179,3,1,0.1,4.746441453872846,0.2527723590238148,1,1.8436396591756448,0.27,0.3,1,10,1,0.5067206194759941,0.8,0.2527723590238148,0.2527723590238148,1,False,False,,,,0.9,-0.9621307997733268
0.3920682314413022,0.0213761261375666,20.67326268167158,0.8769805146425801,-0.001465115235413,0.6877205474368864,3,1,0.1,2.054405792102292,0.4197713714691147,1,0.7016663559920631,0.27,0.3,1,10,1,1.4456529539624434,0.8,0.4197713714691147,0.4197713714691147,1,False,False,,,,0.9,-2.6741998984152886
0.4057363865573383,0.033049369653515,12.289738016825233,0.9057697336205828,0.0017429434997679,0.6812354247807777,3,1,0.1,1.9894584946920129,0.4350347864335173,1,1.4919704247289831,0.27,0.3,1,10,1,1.2320304316482198,0.8,0.4350347864335173,0.4350347864335173,1,False,False,,,,0.9,-2.960809356409918
0.3059780057413114,0.0327357143439774,5.442417590186916,0.3276904324794095,-0.004855888167833,0.7534550515933593,3,1,0.1,22.671146503631142,0.9838508765515566,1,1.2582110668626827,0.27,0.3,1,10,1,1.3144531018016343,0.8,0.9838508765515566,0.9838508765515566,1,False,False,,,,0.9,-3.648995677238137
0.3414383306361897,0.0273948567768277,9.895867311772871,0.4546909308908025,-0.0060638943531377,0.7346079836178827,3,1,0.1,7.645199089752401,0.7083689623101257,1,0.7873102175597306,0.27,0.3,1,10,1,1.577468752081683,0.8,0.7083689623101257,0.7083689623101257,1,False,False,,,,0.9,-3.0125256537423866
0.3545965891909974,0.0397636350192835,7.623139539900527,0.4910521662441515,-0.0058777353421417,0.7184435553143205,3,1,0.1,5.390581053853917,0.7159764247175783,1,1.6464075547623422,0.27,0.3,1,10,1,1.3071376792818443,0.8,0.7159764247175783,0.7159764247175783,1,False,False,,,,0.9,-3.458387725852802
0.5943494738334133,0.0173410702349623,28.77267821486153,1.559532568038223,0.0253553775687255,0.7157087595445932,3,1,0.1,1.3881511215933828,0.1935568744866587,1,0.7141280317701924,0.27,0.3,1,10,1,1.983878812262072,0.8,0.1935568744866587,0.1935568744866587,1,False,False,,,,0.9,-0.9563299851265548
0.408107674996604,0.0427271245113724,9.276319815272815,0.4030400714036449,-0.0115142357347478,0.6793216884051037,3,1,0.1,3.4349690052607724,0.7654998177945234,1,1.82308675100422,0.27,0.3,1,10,1,1.9589106024401923,0.8,0.7654998177945234,0.7654998177945234,1,False,False,,,,0.9,-5.315914079159178
0.4517969724491325,0.032802798133382,12.7851940644401,1.2328581567870371,0.0123925479165673,0.70298017748042,3,1,0.1,1.909070308086781,0.3237165919865402,1,1.5955509017294238,0.27,0.3,1,10,1,1.2622247413606908,0.8,0.3237165919865402,0.3237165919865402,1,False,False,,,,0.9,-1.7855040620777771
0.3091396443064302,0.0200812499529389,7.551308840575692,0.302993422852521,-0.0044210350039544,0.7017991362340092,3,1,0.1,5.47796947686907,0.9439092361707496,1,0.7154785941550967,0.27,0.3,1,10,1,1.737157357449118,0.8,0.9439092361707496,0.9439092361707496,1,False,False,,,,0.9,-5.2619782721203965
0.4380249999244383,0.0394586191531222,11.855806119443232,0.7739804069920353,-0.004938710917006,0.6836041956046515,3,1,0.1,2.2598686547243205,0.4823917876457386,1,1.8205352084805888,0.27,0.3,1,10,1,1.425509238424976,0.8,0.4823917876457386,0.4823917876457386,1,False,False,,,,0.9,-3.203602189761412
0.3811473556329748,0.0344458248814809,9.852428444466453,0.4159057525662414,-0.0092426619821172,0.6999415480987786,3,1,0.1,4.2029278277434,0.7422598113878013,1,1.085314055686255,0.27,0.3,1,10,1,1.9122250152679048,0.8,0.7422598113878013,0.7422598113878013,1,False,False,,,,0.9,-4.208389624644999
0.1926871480856639,0.0095889684159355,13.995148874101885,2.5777064692030005,0.090324049195682,0.7186696118773173,3,1,0.1,1.5808227919655,0.2090967198738103,1,1.0661669914994376,0.27,0.3,1,10,1,0.5443817281213786,0.8,0.2090967198738103,0.2090967198738103,1,False,False,,,,0.9,-1.0081302118675843
0.180429628138786,0.0212510448559056,5.83460610457591,0.4007898391618725,0.0060030943867375,0.7049931384466045,3,1,0.1,6.062502023980041,0.9995423410639392,1,1.8666169019733696,0.27,0.3,1,10,1,0.6729935955839159,0.8,0.9995423410639392,0.9995423410639392,1,False,False,,,,0.9,-5.414962622210732
0.2885425184606803,0.0223139419832144,3.6250794891908416,0.1292289689920011,-0.0027376630774515,0.7168158190360577,3,1,0.1,15.015155576602188,2.053522319661241,1,1.732348530958101,0.27,0.3,1,10,1,1.720471432091553,0.8,2.053522319661241,2.053522319661241,1,False,False,,,,0.9,-10.053192796324138
0.2225879327426791,0.0074628045955777,2.3124570243388973,0.0817404776722643,-0.0003906027741371,0.7207088379860513,3,1,0.1,27.16203239442101,3.4577746980620936,1,0.9388586175806576,0.27,0.3,1,10,1,1.1851388279730992,0.8,3.4577746980620936,3.4577746980620936,1,False,False,,,,0.9,-16.39620166734061
0.1549219119117973,0.0033371993163079,2.112652601294584,0.0611582750411947,4.432966587723141e-05,0.7623594397518346,3,1,0.1,281.82943664077646,5.398337022442052,1,0.8408475163106539,0.27,0.3,1,10,1,0.729228673229514,0.8,5.398337022442052,5.398337022442052,1,False,False,,,,0.9,-18.83633000584522
0.1239424457688356,0.00423072175133,2.417712186514496,0.0646222397864342,0.0002553521832154,0.7619505383564906,3,1,0.1,276.2731466998925,5.603381854494785,1,1.5660711823696591,0.27,0.3,1,10,1,0.5702431746746685,0.8,5.603381854494785,5.603381854494785,1,False,False,,,,0.9,-19.60577806479788
0.2404794943425226,0.0079641350632427,2.260299508637495,0.0487438264523114,-0.0003425303660421,0.7612684185062434,3,1,0.1,246.06930822281504,5.452817721006148,1,1.5059947580084507,0.27,0.3,1,10,1,1.3934882148331411,0.8,5.452817721006148,5.452817721006148,1,False,False,,,,0.9,-19.16711235589774
0.2315338147376966,0.0041351560837316,2.327517243105937,0.0522843850163417,-0.0002022942180247,0.7581427589735791,3,1,0.1,163.35168723508926,5.017298942868834,1,0.7456949471491678,0.27,0.3,1,10,1,1.4732090662168096,0.8,5.017298942868834,5.017298942868834,1,False,False,,,,0.9,-18.01545506246768
0.2438778792376532,0.0080762408030216,2.621857840515005,0.0793241063858507,-0.0005853526264212,0.7351531404114761,3,1,0.1,36.50491217571712,3.331736885389843,1,0.9113860126950072,0.27,0.3,1,10,1,1.5008994993520417,0.8,3.331736885389843,3.331736885389843,1,False,False,False,,,0.9,-14.11081612257978
0.2646735200000816,0.0103743362891304,3.3484481608038794,0.0820925620452602,-0.0009481342735491,0.7424204820788808,3,1,0.1,42.14105125709014,3.05796476108295,1,1.0402345110225373,0.27,0.3,1,10,1,1.924272976124848,0.8,3.05796476108295,3.05796476108295,1,False,False,False,,,0.9,-12.270904554361898
0.2980905024373455,0.0250972556525741,4.536675754441448,0.2048454612904177,-0.0041432646285547,0.731513237821029,3,1,0.1,13.608452850634473,1.3675030107867352,1,1.1552025820900813,0.27,0.3,1,10,1,1.651027505237748,0.8,1.3675030107867352,1.3675030107867352,1,False,False,False,,,0.9,-5.954531411570832
0.2618456696000627,0.0190635370743021,3.3256255450962846,0.1594401832817554,-0.0019700108252488,0.6792086007628785,3,1,0.1,8.10886283645771,1.809100070533608,1,1.375453179623867,0.27,0.3,1,10,1,1.305791941005092,0.8,1.809100070533608,1.809100070533608,1,False,False,False,,,0.9,-12.578140431180902
0.1927381050273754,0.0053241830823918,1.990477015949655,0.053629560508323,-9.022863529262022e-05,0.7648868459589021,3,1,0.1,463.4809908275583,5.633751094873917,1,1.156739985550206,0.27,0.3,1,10,1,0.9372670288467596,0.8,5.633751094873917,5.633751094873917,1,False,False,False,,,0.9,-19.327339463880342
0.2443554720059714,0.0041675319539629,2.793839060532175,0.0504135415201099,-0.0002347917728824,0.751552532655057,3,1,0.1,102.51020297806802,4.971077764133653,1,0.7636570245137853,0.27,0.3,1,10,1,1.8071755292558025,0.8,4.971077764133653,4.971077764133653,1,False,False,False,,,0.9,-18.684430191696908
0.2575436415054365,0.0183959389005549,3.135566466981792,0.1448452929726363,-0.0017289240326898,0.6874646510630283,3,1,0.1,9.69358068549518,1.9861961561299888,1,1.4703232538636943,0.27,0.3,1,10,1,1.284753014767399,0.8,1.9861961561299888,1.9861961561299888,1,False,False,False,,,0.9,-12.685566742742312
0.2740942851886511,0.0215693246708441,5.116073075280666,0.2790010579166148,-0.0028624714981085,0.7087422138097046,3,1,0.1,7.087955178465505,1.1061397999395473,1,0.9205948392609408,0.27,0.3,1,10,1,1.273049635794696,0.8,1.1061397999395473,1.1061397999395473,1,False,False,False,,,0.9,-5.798635370818598
0.1481592804847176,0.0109137801840138,3.3745772673563508,0.1754361125897339,0.0013627465610317,0.6925944574992142,3,1,0.1,10.864677224480715,2.101031244132756,1,1.6198168764156322,0.27,0.3,1,10,1,0.6316845767845364,0.8,2.101031244132756,2.101031244132756,1,False,False,False,,,0.9,-12.761930451970382
0.2182289364387662,0.0116135314751379,2.378730545675096,0.0782990877122038,-0.0004244903640748,0.7689653699357457,3,1,0.1,5060.321546932964,3.781277540338487,1,1.8453887404898195,0.27,0.3,1,10,1,1.04856945915196,0.8,3.781277540338487,3.781277540338487,1,False,False,False,,,0.9,-12.626273149302431
0.28785592290045,0.0271788873029144,4.78461439430052,0.270976955334176,-0.0037878707229921,0.7312361004973492,3,1,0.1,11.284243384749256,1.141822907174835,1,1.1754218672509291,0.27,0.3,1,10,1,1.3134347226251553,0.8,1.141822907174835,1.141822907174835,1,False,False,False,,,0.9,-4.982452680527837
0.2806693115701938,0.0167987377919853,5.278780817199903,0.2290863356735038,-0.0029386144453111,0.7434294271644419,3,1,0.1,17.44098696621899,1.219770355624639,1,0.6943054011562859,0.27,0.3,1,10,1,1.6072145025655071,0.8,1.219770355624639,1.219770355624639,1,False,False,False,,,0.9,-4.858789214356738
0.3181256805440509,0.0328884267654079,4.786595464878616,0.2207258749619783,-0.0057799905613654,0.7502543837939547,3,1,0.1,24.846203665516025,1.2908807242384783,1,1.5356176830745791,0.27,0.3,1,10,1,1.6939773056698917,0.8,1.2908807242384783,1.2908807242384783,1,False,False,False,,,0.9,-4.896532477294381
0.3819531215896859,0.0382255667082181,8.429495776999913,0.3986627754285304,-0.0094781188356709,0.6897199562721338,3,1,0.1,3.9148855926133153,0.7824082804047658,1,1.4182934894725991,0.27,0.3,1,10,1,1.7868190264298924,0.8,0.7824082804047658,0.7824082804047658,1,False,False,False,,,0.9,-4.886945153957942
0.165113142285846,0.0197152414862467,5.184649099566424,0.3473783152900259,0.005507174527301,0.7323438989694657,3,1,0.1,11.645546169564891,1.145844779059615,1,1.9047708254668485,0.27,0.3,1,10,1,0.6396556960047599,0.8,1.145844779059615,1.145844779059615,1,False,False,False,,,0.9,-4.957692297082395
0.3219865466724479,0.0167201722916082,12.187143801472445,0.4152555690401044,-0.0040692004649981,0.6801558448270688,3,1,0.1,3.253694005285864,0.7191751290576889,1,0.570838232036112,0.27,0.3,1,10,1,1.7025470256336082,0.8,0.7191751290576889,0.7191751290576889,1,False,False,False,,,0.9,-4.950385098460252
0.3272082231005879,0.0329632442413952,5.361813204934415,0.2378933210691191,-0.0064025237758449,0.7391490676429129,3,1,0.1,14.717928832177568,1.1926391025213112,1,1.400304170300225,0.27,0.3,1,10,1,1.7975271278252802,0.8,1.1926391025213112,1.1926391025213112,1,False,False,False,,,0.9,-4.90239466466354
0.2941629932955871,0.028904140739093,5.264439788980294,0.3090729622806033,-0.0039506035859293,0.7183778398703314,3,1,0.1,7.763716706538469,1.0324147962577173,1,1.2325209894371625,0.27,0.3,1,10,1,1.2753901559950431,0.8,1.0324147962577173,1.0324147962577173,1,False,False,False,,,0.9,-4.989574816923791
0.1957126605084278,0.0173878935406862,4.097829960905616,0.2621154824028795,0.0008970460176786,0.7586717774252875,3,1,0.1,46.23825128391948,1.3535035972345473,1,1.0841697977774942,0.27,0.3,1,10,1,0.8045479293706861,0.8,1.3535035972345473,1.3535035972345473,1,False,False,False,,,0.9,-4.842427167308665
0.2152288265757506,0.0204142505750839,3.8060539096713337,0.2397468707339062,-7.928394384549931e-05,0.7664341486699108,3,1,0.1,182.03893169704816,1.427891131875551,1,1.26302002365492,0.27,0.3,1,10,1,0.8897625878942567,0.8,1.427891131875551,1.427891131875551,1,False,False,False,,,0.9,-4.848373894893653
0.2077681165447996,0.0240915973876852,5.229522057509692,0.3576896310871501,0.0029078179989487,0.7258253919388522,3,1,0.1,9.244021602112166,1.060355258909071,1,1.716203799635965,0.27,0.3,1,10,1,0.7770946773060545,0.8,1.060355258909071,1.060355258909071,1,False,False,False,,,0.9,-4.826268139189047
0.3346488118091607,0.0256137690638894,10.07697408674521,0.4936114582339209,-0.0045313145217047,0.6757548416854298,3,1,0.1,2.93977326045284,0.6779064273043907,1,0.8776407536137476,0.27,0.3,1,10,1,1.402862019834098,0.8,0.6779064273043907,0.6779064273043907,1,False,False,False,,,0.9,-4.891761217715187
0.4001860203589316,0.035324953358037,11.015035140612923,0.4562645871296159,-0.0099050034664786,0.6807321661926798,3,1,0.1,3.130523379328097,0.6880031344428391,1,1.1532766157512295,0.27,0.3,1,10,1,1.9496014367471508,0.8,0.6880031344428391,0.6880031344428391,1,False,False,False,,,0.9,-4.707217156822634
0.1720840847108513,0.0197630208488448,8.741442466764322,0.6733192097668239,0.0163957172146546,0.6772251020764098,3,1,0.1,2.92634616775024,0.6654959591343345,1,1.8886694423430188,0.27,0.3,1,10,1,0.5973853561646064,0.8,0.6654959591343345,0.6654959591343345,1,False,False,False,,,0.9,-4.72622250588968
0.1777075480049574,0.008643322219581,12.742706367901231,0.552903739189211,0.0035242566997748,0.6801055982266808,3,1,0.1,3.150476829193188,0.6967067207750006,1,0.5077374275751501,0.27,0.3,1,10,1,0.7205927980742022,0.8,0.6967067207750006,0.6967067207750006,1,False,False,False,,,0.9,-4.798265002596648
0.2747649414174817,0.0164775330648363,11.300256439460307,0.5120702775304469,-0.0009314586871295,0.6780095704530786,3,1,0.1,2.988756934015753,0.674598223898595,1,0.6358337850518073,0.27,0.3,1,10,1,1.1271568446294489,0.8,0.674598223898595,0.674598223898595,1,False,False,False,,,0.9,-4.750637553099339
0.4325249985910322,0.0448634094813514,10.482952865217896,0.4601405225130974,-0.0126791921082761,0.678656738105784,3,1,0.1,3.076539446136155,0.6900803099390312,1,1.9770359289679773,0.27,0.3,1,10,1,1.9722337269465349,0.8,0.6900803099390312,0.6900803099390312,1,False,False,False,,,0.9,-4.826170007943824
0.4181277807971942,0.0424144873814529,9.889538938260564,0.4927226236436546,-0.0107216166612548,0.6761847911488356,3,1,0.1,2.909307470243616,0.6681769135696662,1,1.8445577012082344,0.27,0.3,1,10,1,1.734211297126066,0.8,0.6681769135696662,0.6681769135696662,1,False,False,False,,,0.9,-4.799021791226776
0.4029116876091113,0.0348410406560469,11.35976897999089,0.4733756868786004,-0.009755568960619,0.6757464110790063,3,1,0.1,2.9016713385335624,0.6691730467646336,1,1.1437809669951229,0.27,0.3,1,10,1,1.925209587836156,0.8,0.6691730467646336,0.6691730467646336,1,False,False,False,,,0.9,-4.829185615079432
0.2385159340807354,0.0249408013210071,8.137738906709123,0.5968474081187126,0.006713582171729,0.6771579885550119,3,1,0.1,3.0159408051552137,0.6863101569556189,1,1.5023448199457732,0.27,0.3,1,10,1,0.7984869585647698,0.8,0.6863101569556189,0.6863101569556189,1,False,False,False,,,0.9,-4.877570405401046
0.370820029764347,0.0260901157164649,12.762787221403832,0.4752922614235932,-0.0070686203937075,0.6759104055541422,3,1,0.1,2.859208160114788,0.6583670438619842,1,0.8083445091036418,0.27,0.3,1,10,1,1.8470824501818093,0.8,0.6583670438619842,0.6583670438619842,1,False,False,False,,,0.9,-4.742711657975702
0.2247343022872636,0.0206151408802678,8.6532591639464,0.5873724631365304,0.0057924185740792,0.6806511744400113,3,1,0.1,3.123933244796364,0.6871087072710882,1,1.0616575873933876,0.27,0.3,1,10,1,0.7910198541523161,0.8,0.6871087072710882,0.6871087072710882,1,False,False,False,,,0.9,-4.70509312897694
0.3241546009983915,0.0287025330045478,8.637427367336125,0.5053910007255169,-0.0033379084881341,0.6767045520109106,3,1,0.1,3.0389962734436144,0.6945433133005229,1,1.0985914674193706,0.27,0.3,1,10,1,1.234174503419098,0.8,0.6945433133005229,0.6945433133005229,1,False,False,False,,,0.9,-4.960334814443524
0.3444033363506823,0.0344952097460815,8.286887072057873,0.5199671141470628,-0.0041170576232877,0.6793559317854453,3,1,0.1,3.079232735908396,0.6859922252357226,1,1.501916893535643,0.27,0.3,1,10,1,1.2443067321314083,0.8,0.6859922252357226,0.6859922252357226,1,False,False,False,,,0.9,-4.762054812809749
0.3451832838345592,0.0305965955991616,8.828783520383961,0.4873096328107841,-0.0051896533096588,0.6762745200726228,3,1,0.1,3.040509066055208,0.6977196097796952,1,1.122162824360858,0.27,0.3,1,10,1,1.3756559941650537,0.8,0.6977196097796952,0.6977196097796952,1,False,False,False,,,0.9,-5.006319387869248
0.1878728716359251,0.0206683412874839,8.30726101038193,0.632663796654777,0.0126741422948353,0.6766528122806907,3,1,0.1,3.01307304592332,0.6889563822776343,1,1.6407656810163638,0.27,0.3,1,10,1,0.6461833119832827,0.8,0.6889563822776343,0.6889563822776343,1,False,False,False,,,0.9,-4.923191894298538
0.3128913951889684,0.0313088184299676,8.099260903530672,0.5388417510651513,-0.0011823739206295,0.6795725638680475,3,1,0.1,3.094789701957346,0.687995087932928,1,1.4327563096016356,0.27,0.3,1,10,1,1.0904631716451156,0.8,0.687995087932928,0.687995087932928,1,False,False,False,,,0.9,-4.765013091889154
0.3547485806662521,0.0338242139422482,8.5321977243863,0.4978479880206234,-0.0055319835377228,0.6761364099359094,3,1,0.1,3.01616590381095,0.6930345820178592,1,1.341813151703943,0.27,0.3,1,10,1,1.357919836232525,0.8,0.6930345820178592,0.6930345820178592,1,False,False,False,,,0.9,-4.980176231974483
0.3834375620215125,0.040289016543026,8.926958884908512,0.5086264486506613,-0.0074328529110668,0.6758299179657031,3,1,0.1,2.9423417610328526,0.6780213919340228,1,1.990071886575516,0.27,0.3,1,10,1,1.4279462240517788,0.8,0.6780213919340228,0.6780213919340228,1,False,False,False,,,0.9,-4.888584905424491
0.404604300754519,0.0389714595764901,9.810206886159524,0.4679183286137839,-0.0100985321446875,0.6788339618492994,3,1,0.1,3.079787825352162,0.6896202221935134,1,1.4433652269604966,0.27,0.3,1,10,1,1.7863776184454048,0.8,0.6896202221935134,0.6896202221935134,1,False,False,False,,,0.9,-4.813856328461656
0.4209055841931135,0.0427620017987335,10.007222389773196,0.4992258297175425,-0.0108292456121718,0.6762929698429282,3,1,0.1,2.88296326588766,0.6614517652537905,1,1.8854179695133573,0.27,0.3,1,10,1,1.7343130812608278,0.8,0.6614517652537905,0.6614517652537905,1,False,False,False,,,0.9,-4.745136786292216
0.3842522287161205,0.031553544082925,11.087244887677244,0.4845508586583448,-0.008135021706954,0.6759680828534931,3,1,0.1,2.8839256817231926,0.6636989843251632,1,1.0219953659283232,0.27,0.3,1,10,1,1.762971858578003,0.8,0.6636989843251632,0.6636989843251632,1,False,False,False,,,0.9,-4.778117568604163
0.5908820623862032,0.0117802719304923,10.872297825098528,3.704513299943078,0.291252234496328,0.7692307692307693,3,1,0.1,1.4279518024446969,0.0992486482717874,1,1.8951827796970688,0.27,0.3,1,10,1,1.237375932270179,0.8,0.0992486482717874,0.0992486482717874,1,False,False,False,False,1e-06,0.9,-0.4734139440609404
0.3612492441803325,0.0304046047060568,9.674953916154347,0.4141552504194556,-0.0077114888585172,0.7692307692307693,3,1,0.1,4.61447717028351,0.7473199273844935,1,0.9304526826199522,0.27,0.3,1,10,1,1.795023936009008,0.8,0.7473199273844935,0.7473199273844935,1,False,False,False,False,1e-06,0.9,-8.353350660663239
0.2153097818846798,0.0129869665526794,18.50524123714043,0.986413424166921,0.0122049989933459,0.7692307692307692,3,1,0.1,2.2768874407640007,0.4366946500178087,1,0.6610302173775233,0.27,0.3,1,10,1,0.7460163520424281,0.8,0.4366946500178087,0.4366946500178087,1,False,False,False,False,1e-06,0.9,-8.618906846760943
0.2517169528362853,0.0002720867772487,119.90584616113712,8.374442028179041,0.0482927907114855,0.7692307692307693,3,1,0.1,0.3398845824248335,0.0758139106984097,1,1.1895947159813711,0.27,0.3,1,10,1,0.5413004138826581,0.8,0.0758139106984097,0.0758139106984097,1,False,False,False,False,1e-06,0.9,-7.562600536508466
0.4837891206966226,0.0183676546370032,24.964589762278905,1.387795496805503,0.0110543906314268,0.7692307692307693,3,1,0.1,1.30286904454429,0.2599520396157841,1,0.7725228050346454,0.27,0.3,1,10,1,1.5129395940768016,0.8,0.2599520396157841,0.2599520396157841,1,False,False,False,False,1e-06,0.9,-6.399544046785892
0.3515505275261124,0.0170550208907794,20.28677663608403,0.6394908020077488,-0.0034737637056285,0.7692307692307692,3,1,0.1,2.82625260069945,0.5234692216900089,1,0.540301052591194,0.27,0.3,1,10,1,1.574045539349434,0.8,0.5234692216900089,0.5234692216900089,1,False,False,False,False,1e-06,0.9,-8.839657324204868
0.4891159801606347,0.0342674339322111,13.773981529915153,1.1619575920258252,0.0056805375261819,0.7692307692307693,3,1,0.1,1.9428822699988184,0.327556604384094,1,1.4432622825689767,0.27,0.3,1,10,1,1.458086481939237,0.8,0.327556604384094,0.327556604384094,1,False,False,False,False,1e-06,0.9,-4.0524673994525005
0.5315255532506646,0.0227884490154514,28.40871643097812,1.1606358924235136,0.0006596889521173,0.7692307692307693,3,1,0.1,1.4351038698214145,0.2952904758049873,1,0.8043430113256531,0.27,0.3,1,10,1,1.9931052257239168,0.8,0.2952904758049873,0.2952904758049873,1,False,False,False,False,1e-06,0.9,-9.083393945015452
0.3611499543859439,0.0402232013655973,7.644645028691172,0.4814297248440382,-0.0067589020087073,0.7692307692307693,3,1,0.1,5.911282838894071,0.7199392782314151,1,1.5699624872684013,0.27,0.3,1,10,1,1.36717359571848,0.8,0.7199392782314151,0.7199392782314151,1,False,False,False,False,1e-06,0.9,-5.081729803053222
0.5816376294102147,0.0243861319280654,18.920376637811696,1.5487474636764114,0.0257221899946883,0.7692307692307693,3,1,0.1,1.4176952395958615,0.2149538692194116,1,1.06863359581732,0.27,0.3,1,10,1,1.7838375254155765,0.8,0.2149538692194116,0.2149538692194116,1,False,False,False,False,1e-06,0.9,-2.089135005870664
0.5389661598479193,3.0550975025466365e-08,30490.104518805874,15.473949304244446,0.0005467208906733,0.7692307692307692,3,1,0.1,0.1274151422224546,0.0288227548176894,1,1.8582815668042072,0.27,0.3,1,10,1,0.9679166606827014,0.8,0.0288227548176894,0.0288227548176894,1,False,False,False,False,1e-06,0.9,-4.864428017307461
0.3963316133627976,0.0415354992421115,8.833345391099781,0.4026453473991922,-0.0109610140886303,0.7692307692307693,3,1,0.1,4.987413966586924,0.7712877296725513,1,1.4735312356229715,0.27,0.3,1,10,1,1.912544147439723,0.8,0.7712877296725513,0.7712877296725513,1,False,False,False,False,1e-06,0.9,-7.794002822693306
0.4580600541147498,0.0282433571272204,16.625184010650482,1.0896895169861234,0.00251904152806,0.7692307692307692,3,1,0.1,1.8318378441417795,0.3467714370497134,1,1.022008723953829,0.27,0.3,1,10,1,1.4605357095652691,0.8,0.3467714370497134,0.3467714370497134,1,False,False,False,False,1e-06,0.9,-6.432797841444742
0.3873658093527292,0.0433053729811774,8.235754621819304,0.439088084162202,-0.0106812195918042,0.7692307692307692,3,1,0.1,92.48481700756548,0.7396546158202681,1,1.2647138186431133,0.27,0.3,1,10,1,1.7377737471274028,0.8,0.7396546158202681,0.7396546158202681,1,False,False,False,False,1e-06,0.9,-2.5540282355204047
0.3605148739850868,0.0351721397109921,9.677879059684487,0.6778728194634387,-0.002374949404779,0.7692307692307692,3,1,0.1,4.544026622561489,0.5579886393712632,1,1.2113271455414325,0.27,0.3,1,10,1,1.2251760197830637,0.8,0.5579886393712632,0.5579886393712632,1,False,False,False,False,1e-06,0.9,-3.97526618513501
0.2623408449970186,0.0253026612755174,5.71989039167656,0.3662611555838138,-0.0013215932737265,0.7692307692307693,3,1,0.1,7.002967965746357,0.944740870177988,1,1.109093335493896,0.27,0.3,1,10,1,1.0395656795626484,0.8,0.944740870177988,0.944740870177988,1,False,False,False,False,1e-06,0.9,-7.580822055696649
0.508501762858099,0.0341222056368182,14.894762799348022,1.1381608714698166,0.0034857301801082,0.7692307692307693,3,1,0.1,1.6277751635034317,0.3294250961660223,1,1.6278551114621849,0.27,0.3,1,10,1,1.535296732794327,0.8,0.3294250961660223,0.3294250961660223,1,False,False,False,False,1e-06,0.9,-8.925277426442918
0.242093842208134,0.0089200227512489,18.41372383448344,2.8757800390943284,0.0857845301661389,0.7692307692307692,3,1,0.1,0.8806294285901485,0.1897220100911468,1,1.9961208588167856,0.27,0.3,1,10,1,0.6074519282935807,0.8,0.1897220100911468,0.1897220100911468,1,False,False,False,False,1e-06,0.9,-9.519813915225244
0.2541182584363594,0.014905070184349,17.3051062609616,0.8042683033361061,0.0048976387275767,0.7692307692307693,3,1,0.1,2.6918465287154096,0.4936843498667847,1,0.6165370235159385,0.27,0.3,1,10,1,0.9144070063317948,0.8,0.4936843498667847,0.4936843498667847,1,False,False,False,False,1e-06,0.9,-8.016940156013323
0.328732645993648,0.0362807092498242,6.152313120432887,0.3602429092393379,-0.0058423613522931,0.7692307692307692,3,1,0.1,5.647338796951337,0.9055336880314389,1,1.6607970058905572,0.27,0.3,1,10,1,1.351658530627116,0.8,0.9055336880314389,0.9055336880314389,1,False,False,False,False,1e-06,0.9,-9.891253259188757
0.2418510735429735,0.0118697654287713,20.090001915723203,0.7723362434149046,0.0037533938056426,0.7692307692307693,3,1,0.1,3.1623324517697613,0.5018638794028324,1,0.5033345515075678,0.27,0.3,1,10,1,0.9124043047894782,0.8,0.5018638794028324,0.5018638794028324,1,False,False,False,False,1e-06,0.9,-5.356683375419965
0.2641089327825413,0.0276767585719881,5.631686598568342,0.3760537206203178,-0.0011126104999693,0.7692307692307693,3,1,0.1,8.731541337845416,0.9368090364819012,1,1.247876961136817,0.27,0.3,1,10,1,1.0179036957421563,0.8,0.9368090364819012,0.9368090364819012,1,False,False,False,False,1e-06,0.9,-5.835990761621298
0.2142157284714376,0.0140418127039268,14.371105558246567,1.6399523062188006,0.0441581079001492,0.7692307692307693,3,1,0.1,2.1723130203443874,0.2965462691732889,1,0.9243898346734528,0.27,0.3,1,10,1,0.6407904694012977,0.8,0.2965462691732889,0.2965462691732889,1,False,False,False,False,1e-06,0.9,-2.420100050090249
0.4359462755217234,0.0203643806398832,27.62080362398105,0.9886080355275796,-0.0018506112354149,0.7692307692307693,3,1,0.1,2.6968599231728967,0.3621477003833473,1,0.5887879891681308,0.27,0.3,1,10,1,1.7118081049589864,0.8,0.3621477003833473,0.3621477003833473,1,False,False,False,False,1e-06,0.9,-2.8872594830413787
0.4565733235682043,0.0285929027413338,16.45130841192377,1.0618558740943085,0.0016860841205752,0.7692307692307692,3,1,0.1,1.7963937820407936,0.3559663865322132,1,1.04876688465711,0.27,0.3,1,10,1,1.4612121264471267,0.8,0.3559663865322132,0.3559663865322132,1,False,False,False,False,1e-06,0.9,-8.396013929542104
0.3056007880155403,0.0273198054537383,7.182318763754943,0.3941966797834148,-0.0043834674627736,0.7692307692307693,3,1,0.1,20.83397140576887,0.8279037731033264,1,0.8611938944219811,0.27,0.3,1,10,1,1.339037977892266,0.8,0.8279037731033264,0.8279037731033264,1,False,False,False,False,1e-06,0.9,-3.3337460084447663
0.3758587658820183,0.0381393503831636,8.44113642294807,0.4605946933379344,-0.0084288567666038,0.7692307692307692,3,1,0.1,4.975372267963655,0.7179964079215257,1,1.2984327202125414,0.27,0.3,1,10,1,1.5780997848688452,0.8,0.7179964079215257,0.7179964079215257,1,False,False,False,False,1e-06,0.9,-6.388045370791186
0.659957941534724,1.5536019241469704e-06,3282.319264271057,8.885670409337955,0.0038026852336346,0.7692307692307693,3,1,0.1,0.169086786059939,0.0369697690889012,1,1.4785389928276,0.27,0.3,1,10,1,1.253249956078702,0.8,0.0369697690889012,0.0369697690889012,1,False,False,False,False,1e-06,0.9,-2.345332607584199
0.142937237013943,0.0140891283241882,7.691129830546112,0.5427812403277076,0.010671717683772,0.7692307692307692,3,1,0.1,4.93831043080793,0.7949645593112686,1,1.029660874949796,0.27,0.3,1,10,1,0.5602854861111536,0.8,0.7949645593112686,0.7949645593112686,1,False,False,False,False,1e-06,0.9,-8.762139019617882
0.285160002696504,0.0236803175574389,8.056529027492836,0.4476443724135616,-0.0023607968189742,0.7692307692307693,3,1,0.1,11.638108728617654,0.7648485964599844,1,0.7785966364942563,0.27,0.3,1,10,1,1.1754416374867895,0.8,0.7648485964599844,0.7648485964599844,1,False,False,False,False,1e-06,0.9,-3.5646494621321025
0.4448450938184154,0.0449645577843898,9.303579019898825,1.1498174408111623,0.0114050033728964,0.7692307692307692,3,1,0.1,42.71201154507019,0.3470158197369151,1,1.5645468316995863,0.27,0.3,1,10,1,1.2720429009200125,0.8,0.3470158197369151,0.3470158197369151,1,False,False,False,False,1e-06,0.9,-1.1989293592055963
0.3834004395736853,0.0081060039404105,20.266931513774512,3.423646633262063,0.0993709651046016,0.7692307692307693,3,1,0.1,0.7531926712250238,0.1422120738257406,1,1.7057912557679655,0.27,0.3,1,10,1,0.83263685111622,0.8,0.1422120738257406,0.1422120738257406,1,False,False,False,False,1e-06,0.9,-2.607293144737123
0.7379858492415499,0.0044501264626989,51.6992492818994,2.431547761477719,0.0658770700880522,0.7692307692307692,3,1,0.1,0.4763021682745665,0.1050376884899991,1,1.7915336192525346,0.27,0.3,1,10,1,1.9734130025967616,0.8,0.1050376884899991,0.1050376884899991,1,False,False,False,False,1e-06,0.9,-7.88905660506243
0.4694358024166962,0.0160506723908428,25.63258648959047,1.5036865252355176,0.015418752366507,0.7692307692307693,3,1,0.1,1.1617304426724924,0.2442532763120581,1,0.7700724471580698,0.27,0.3,1,10,1,1.3933265288465502,0.8,0.2442532763120581,0.2442532763120581,1,False,False,False,False,1e-06,0.9,-9.1564254347323
0.1941815037613002,0.0133077736527989,16.0403486351555,1.1550193450567532,0.0222484941128435,0.769230769230769,3,1,0.1,2.0710899995572163,0.4001167733194415,1,0.818805250135156,0.27,0.3,1,10,1,0.6457731708727545,0.8,0.4001167733194415,0.4001167733194415,1,False,False,False,False,1e-06,0.9,-8.190523888263764
0.2541046219698546,0.0177112260569001,7.883928971777638,0.4154177544165425,-0.0009009293778201,0.7692307692307693,3,1,0.1,5.892828299070017,0.8198560256661884,1,0.6886330561838128,0.27,0.3,1,10,1,1.0635787217961816,0.8,0.8198560256661884,0.8198560256661884,1,False,False,False,False,1e-06,0.9,-6.881802577226965
0.6115163471762465,5.251814313164471e-06,1558.4590885297891,9.264725846331572,0.0073920271411145,0.7692307692307693,3,1,0.1,0.1884243049399304,0.0409160947202158,1,1.849037091247912,0.27,0.3,1,10,1,1.131362994993791,0.8,0.0409160947202158,0.0409160947202158,1,False,False,False,False,1e-06,0.9,-2.310772046034068
0.4683198036615124,0.0270942485663067,20.60501889891958,0.9777405119432356,-0.0029936375018829,0.7692307692307692,3,1,0.1,2.0912444886968244,0.3694641529899415,1,0.8314669212885906,0.27,0.3,1,10,1,1.7214678019969774,0.8,0.3694641529899415,0.3694641529899415,1,False,False,False,False,1e-06,0.9,-5.25355373873591
0.4587923260895565,0.046061882521986,11.424912237267874,0.6211031316796432,-0.0124411085571963,0.7692307692307693,3,1,0.1,4.385104310664541,0.5552547690213221,1,1.5361881534212969,0.27,0.3,1,10,1,1.8251929138192675,0.8,0.5552547690213221,0.5552547690213221,1,False,False,False,False,1e-06,0.9,-4.10114485061764
0.3229525637987037,0.0307066497678733,6.050270131146271,0.3094418660537977,-0.005933108700564,0.7692307692307692,3,1,0.1,7.39951832528211,0.9804905872279736,1,1.1473219838277893,0.27,0.3,1,10,1,1.555603782335885,0.8,0.9804905872279736,0.9804905872279736,1,False,False,False,False,1e-06,0.9,-7.675647425500943
0.2484882193097391,0.0227688752723378,10.48095999789224,0.7963088053112499,0.0103904449210063,0.7692307692307693,3,1,0.1,3.112581919108272,0.534829432427484,1,1.0763205302138577,0.27,0.3,1,10,1,0.8073694275606045,0.8,0.534829432427484,0.534829432427484,1,False,False,False,False,1e-06,0.9,-6.979983867318753
0.3011135946330466,0.0330853482393428,8.63029850130095,0.6423182285351391,0.0033675711315325,0.7692307692307692,3,1,0.1,3.4270912548381625,0.6199737180013659,1,1.7899382342895,0.27,0.3,1,10,1,0.964916849173677,0.8,0.6199737180013659,0.6199737180013659,1,False,False,False,False,1e-06,0.9,-9.563790735451091
0.5596481758908798,4.3409485578563255e-08,30531.827848738547,11.074043618350473,0.0005503051264105,0.7692307692307692,3,1,0.1,0.138947099343994,0.0299748918675554,1,0.5858100592191553,0.27,0.3,1,10,1,1.0101112383767563,0.8,0.0299748918675554,0.0299748918675554,1,False,False,False,False,1e-06,0.9,-1.5330424374088132
0.8098332755087586,9.821422595961651e-16,2427745496900.3257,20.46366099944859,2.2133420407226365e-11,0.7692307692307692,3,1,0.1,0.042962479282327,0.0098587324233272,1,1.555706328428183,0.27,0.3,1,10,1,1.8509505801558856,0.8,0.0098587324233272,0.0098587324233272,1,False,False,False,False,1e-06,0.9,-5.850891351708725
0.3731056020502978,0.0420088878154707,7.257466625048062,0.3712428527395532,-0.0094094576504629,0.7692307692307692,3,1,0.1,5.482014174043724,0.8460625174596507,1,1.8163826025010423,0.27,0.3,1,10,1,1.6666956786300182,0.8,0.8460625174596507,0.8460625174596507,1,False,False,False,False,1e-06,0.9,-8.514652194342272
0.5591357738121367,0.0253993184813889,16.36889661060219,1.6955869924249358,0.0351401175138968,0.7692307692307692,3,1,0.1,1.1483190112282462,0.2153595057918939,1,1.9731285589728804,0.27,0.3,1,10,1,1.4952544777869028,0.8,0.2153595057918939,0.2153595057918939,1,False,False,False,False,1e-06,0.9,-3.832446214668667
0.3623086237310394,0.0405183862662501,8.338735732298247,0.5869761956420305,-0.004295556329199,0.7692307692307693,3,1,0.1,5.530505273354869,0.6296764690497488,1,1.6418594030870062,0.27,0.3,1,10,1,1.2422383253733311,0.8,0.6296764690497488,0.6296764690497488,1,False,False,False,False,1e-06,0.9,-4.14292686290048
0.3352274827345585,0.0378723722221974,6.399538864938088,0.3852090415410401,-0.0061555036217529,0.7692307692307693,3,1,0.1,6.670514246975491,0.8606599715220015,1,1.6366240806886956,0.27,0.3,1,10,1,1.3501805860402183,0.8,0.8606599715220015,0.8606599715220015,1,False,False,False,False,1e-06,0.9,-6.50693483529361
0.6037594398821579,0.0107623981469885,22.83872689214244,2.602685609727614,0.0845859870858375,0.7692307692307692,3,1,0.1,0.7104070461349724,0.1338639244084288,1,1.9077461697735087,0.27,0.3,1,10,1,1.417082358623247,0.8,0.1338639244084288,0.1338639244084288,1,False,False,False,False,1e-06,0.9,-2.432232171406649
0.4914360824235562,0.0202845680829755,24.03996023735438,1.3380780844717146,0.0093669143346548,0.7692307692307692,3,1,0.1,1.5589401715326563,0.266207262556913,1,0.7514997016940465,0.27,0.3,1,10,1,1.592253792288914,0.8,0.266207262556913,0.266207262556913,1,False,False,False,False,1e-06,0.9,-3.412484898484317
0.1875520466073227,0.0178050323175695,10.21942630942402,0.783109041157543,0.0152956343622228,0.7692307692307692,3,1,0.1,3.1334023361135013,0.5694652682152128,1,1.0702213227454238,0.27,0.3,1,10,1,0.6459084138707591,0.8,0.5694652682152128,0.5694652682152128,1,False,False,False,False,1e-06,0.9,-8.934512621375134
0.3660183522426253,0.0238975028020989,14.472206999453496,0.4907870130996292,-0.0067102384124204,0.7692307692307692,3,1,0.1,4.54535923519625,0.6354403743027388,1,0.6678030353180281,0.27,0.3,1,10,1,1.9031168057800625,0.8,0.6354403743027388,0.6354403743027388,1,False,False,False,False,1e-06,0.9,-5.3732375527926965
0.3432011493774484,0.0306393839052172,8.38107819506679,0.4190903814900772,-0.0065544218587623,0.7692307692307693,3,1,0.1,6.122732923551843,0.7645111551962737,1,0.955904679758049,0.27,0.3,1,10,1,1.5571396192880038,0.8,0.7645111551962737,0.7645111551962737,1,False,False,False,False,1e-06,0.9,-5.55296016544085
0.1289098277730276,0.0099386276604647,13.84358430827517,0.8415153866988838,0.0171080164426749,0.7692307692307692,3,1,0.1,3.107823234867756,0.5424374486577821,1,0.7353610719624954,0.27,0.3,1,10,1,0.51591304046256,0.8,0.5424374486577821,0.5424374486577821,1,False,False,False,False,1e-06,0.9,-7.4206022377405185
0.2478122852283631,0.0126440289571232,6.834383602876578,0.3240251217249844,-0.0013621258135348,0.7692307692307692,3,1,0.1,46.24488810135784,0.9630809225175282,1,0.512436162403925,0.27,0.3,1,10,1,1.1708380669059493,0.8,0.9630809225175282,0.9630809225175282,1,False,False,False,False,1e-06,0.9,-3.528717371052924
0.1402503030549028,0.0171690160615292,6.181649833889711,0.4332773055487272,0.0100892748018074,0.7692307692307692,3,1,0.1,6.392721443119028,0.9817038939827172,1,1.9312268256811864,0.27,0.3,1,10,1,0.549848200848655,0.8,0.9817038939827172,0.9817038939827172,1,False,False,False,False,1e-06,0.9,-9.781399822199168
0.2217652436513879,0.0121896780995939,10.970661239981776,0.5027443309434877,0.0013288454545299,0.7692307692307692,3,1,0.1,4.413689509807718,0.7172145323406154,1,0.5438956371478803,0.27,0.3,1,10,1,0.9013844789374836,0.8,0.7172145323406154,0.7172145323406154,1,False,False,False,False,1e-06,0.9,-8.08102196842017
0.4920310571328815,0.0026838590668743,47.758731735332304,3.88787946787865,0.0633429194829536,0.7692307692307693,3,1,0.1,0.4782099670040055,0.1063766610831177,1,1.1263757517882296,0.27,0.3,1,10,1,1.016177477141848,0.8,0.1063766610831177,0.1063766610831177,1,False,False,False,False,1e-06,0.9,-9.833196948713391
0.2439397828327089,0.0183124370519105,11.628721830169477,1.7211189870799235,0.0553004399528374,0.7692307692307692,3,1,0.1,2.057058164142978,0.2882075523107276,1,1.416626257460981,0.27,0.3,1,10,1,0.6711203071307419,0.8,0.2882075523107276,0.2882075523107276,1,False,False,False,False,1e-06,0.9,-2.445310335344732
0.304491659829411,0.0184234761771209,12.052879210392051,0.5077180803190723,-0.0027040494592316,0.7692307692307692,3,1,0.1,3.812503503900506,0.6555637687832316,1,0.6165247485299509,0.27,0.3,1,10,1,1.3228622292218966,0.8,0.6555637687832316,0.6555637687832316,1,False,False,False,False,1e-06,0.9,-8.573528442383058
0.346334339294251,0.026483672209242,12.153389417746206,0.6466561208194718,-0.0028649288421263,0.7692307692307693,3,1,0.1,3.0236209378956493,0.5601530443146335,1,0.866884488257941,0.27,0.3,1,10,1,1.296834465935239,0.8,0.5601530443146335,0.5601530443146335,1,False,False,False,False,1e-06,0.9,-9.46791777985973
0.3504239934471063,0.026280952039913,11.625855690880844,0.488659547752758,-0.0062833253451432,0.7692307692307692,3,1,0.1,9.574212017962203,0.6603885785935534,1,0.710900194372859,0.27,0.3,1,10,1,1.6561214983209858,0.8,0.6603885785935534,0.6603885785935534,1,False,False,False,False,1e-06,0.9,-3.13975107371724
0.3959905322823774,0.0410725211755168,8.842872358108979,0.4108484517589525,-0.0107095429719964,0.7692307692307693,3,1,0.1,4.474761556486106,0.7613171634594526,1,1.4865345604111475,0.27,0.3,1,10,1,1.869498831635581,0.8,0.7613171634594526,0.7613171634594526,1,False,False,False,False,1e-06,0.9,-9.658510766731554
0.1502473770071542,0.0120839836079686,13.555700379590675,1.209505372449087,0.0327077906117687,0.7692307692307692,3,1,0.1,2.1420181378739467,0.4075203834064101,1,1.004198562305089,0.27,0.3,1,10,1,0.5226011767495454,0.8,0.4075203834064101,0.4075203834064101,1,False,False,False,False,1e-06,0.9,-7.73663237562765
0.402770668991604,0.0420416767014278,9.514606538876286,0.5926226641535907,-0.0075114860647745,0.7692307692307693,3,1,0.1,3.497219564986739,0.6026214043270051,1,1.7683680053621027,0.27,0.3,1,10,1,1.4355761847626032,0.8,0.6026214043270051,0.6026214043270051,1,False,False,False,False,1e-06,0.9,-7.930143279184609
0.4224940918484667,0.0439506985756879,10.078882083288113,0.7220356362811244,-0.0073738541446864,0.7692307692307693,3,1,0.1,17.628784389360643,0.5117916818152214,1,1.2550536291977905,0.27,0.3,1,10,1,1.4837004731275467,0.8,0.5117916818152214,0.5117916818152214,1,False,False,False,False,1e-06,0.9,-1.9514747577646887
0.4326110745497086,1.1130673411733972e-05,936.0467431964686,11.371861104726255,0.0106526847989503,0.7692307692307693,3,1,0.1,0.2063771102432972,0.0465767261761528,1,1.6073253200169992,0.27,0.3,1,10,1,0.788875863698252,0.8,0.0465767261761528,0.0465767261761528,1,False,False,False,False,1e-06,0.9,-7.050350151482383
0.3091659041981884,0.0324395001277625,9.418889149067798,0.7666860991975243,0.0066028269744724,0.7692307692307692,3,1,0.1,3.281786088406081,0.5386569162901443,1,1.6507791139938268,0.27,0.3,1,10,1,0.9482212145920388,0.8,0.5386569162901443,0.5386569162901443,1,False,False,False,False,1e-06,0.9,-6.218324755648389
0.3485170632959767,0.0143885769338785,20.36644945401092,1.6777353742120054,0.0272821855754284,0.7692307692307692,3,1,0.1,1.2204734954024754,0.2552524063219856,1,0.8533815445307331,0.27,0.3,1,10,1,0.9509575190731056,0.8,0.2552524063219856,0.2552524063219856,1,False,False,False,False,1e-06,0.9,-9.078787643689475
0.363712611412628,0.0105045845970748,36.02678159494279,1.4611684993591778,0.0120377364248006,0.7692307692307692,3,1,0.1,1.4073172908084206,0.2646995332032664,1,0.5145722150202052,0.27,0.3,1,10,1,1.1324630591874052,0.8,0.2646995332032664,0.2646995332032664,1,False,False,False,False,1e-06,0.9,-4.77060180206956
0.5185964931089376,0.0321301986220982,17.051051746425205,1.0935045318776102,-6.76213016631216e-05,0.7692307692307692,3,1,0.1,1.6300740278984749,0.3325903189896703,1,1.2699531214433142,0.27,0.3,1,10,1,1.6981371543898471,0.8,0.3325903189896703,0.3325903189896703,1,False,False,False,False,1e-06,0.9,-9.569302183841248
0.2801618205022582,0.029893659650118,5.547404557089378,0.3621647858140457,-0.0024106748961281,0.7692307692307693,3,1,0.1,9.219887083054816,0.9478866866285554,1,1.314690058585717,0.27,0.3,1,10,1,1.1007749562600009,0.8,0.9478866866285554,0.9478866866285554,1,False,False,False,False,1e-06,0.9,-5.69820152461222
0.3973757961123946,0.0435025271565403,8.43612690088403,0.4029093381034877,-0.0111261835414031,0.7692307692307693,3,1,0.1,5.213617205454804,0.7779627686382435,1,1.66784322813641,0.27,0.3,1,10,1,1.847004752617654,0.8,0.7779627686382435,0.7779627686382435,1,False,False,False,False,1e-06,0.9,-7.338074529281122
0.53952261234668,0.0001616218410983,232.3943423363644,7.02036016549802,0.0310439561036134,0.7692307692307692,3,1,0.1,0.2731490401781104,0.0615985685005449,1,1.8709618162352128,0.27,0.3,1,10,1,1.0029578931360823,0.8,0.0615985685005449,0.0615985685005449,1,False,False,False,False,1e-06,0.9,-9.014161159358808
0.1920327348565454,0.0035475645348648,32.23827461537483,3.296691199937104,0.0626657528978844,0.7692307692307693,3,1,0.1,0.7810944986628124,0.1633352206848929,1,0.7527128252601736,0.27,0.3,1,10,1,0.5320069443300578,0.8,0.1633352206848929,0.1633352206848929,1,False,False,False,False,1e-06,0.9,-5.801063023257219
0.4686530887264199,0.02447062375948,14.523685791667807,1.6100409108376097,0.0294374212262155,0.7692307692307692,3,1,0.1,1.445331683514281,0.2455929175651321,1,1.2940828669912274,0.27,0.3,1,10,1,1.242559542531963,0.8,0.2455929175651321,0.2455929175651321,1,False,False,False,False,1e-06,0.9,-3.104760108919552
0.4636277951837647,0.0408020742036692,12.969725124373351,0.7012505587827326,-0.0102044193467878,0.7692307692307692,3,1,0.1,2.929709491408225,0.5018938827071934,1,1.3504368498759989,0.27,0.3,1,10,1,1.7735123833371618,0.8,0.5018938827071934,0.5018938827071934,1,False,False,False,False,1e-06,0.9,-6.493257133452749
0.5785023954846877,0.0383931110445348,17.436611874104575,1.0921574390021465,-0.0026742818658704,0.7692307692307692,3,1,0.1,1.638643901175772,0.3202540566562415,1,1.8411140793706453,0.27,0.3,1,10,1,1.973930998621488,0.8,0.3202540566562415,0.3202540566562415,1,False,False,False,False,1e-06,0.9,-6.972656910363318
0.4679949806851921,0.0347662012259424,16.88034110404832,0.7976812630202789,-0.008628047871651,0.7692307692307692,3,1,0.1,3.3130141698223143,0.4426547111271152,1,0.946551934661904,0.27,0.3,1,10,1,1.8808851223520864,0.8,0.4426547111271152,0.4426547111271152,1,False,False,False,False,1e-06,0.9,-3.5046251001490987
0.256118230507143,0.0174585732227426,6.08072655111542,0.3224137878094912,-0.0018227894496016,0.7692307692307693,3,1,0.1,11.751801137245929,0.9894606878019312,1,0.6911775011910095,0.27,0.3,1,10,1,1.160797224457948,0.8,0.9894606878019312,0.9894606878019312,1,False,False,False,False,1e-06,0.9,-5.192805470614577
0.6673039113922405,0.0153313246450998,22.791162987673644,2.008437455751712,0.0648709442728829,0.7692307692307692,3,1,0.1,0.8268848717573052,0.1496671249633931,1,1.5847646040124312,0.27,0.3,1,10,1,1.866341231469624,0.8,0.1496671249633931,0.1496671249633931,1,False,False,False,False,1e-06,0.9,-2.3133018227146307
0.3837705307202887,0.0401890599541887,8.511888714085341,0.4859011124746756,-0.0086350309657872,0.7692307692307693,3,1,0.1,4.940772235929317,0.6937876783653717,1,1.4227169516405649,0.27,0.3,1,10,1,1.5450230318992582,0.8,0.6937876783653717,0.6937876783653717,1,False,False,False,False,1e-06,0.9,-5.906947235823486
0.3284071572851668,0.0246180865570793,9.147821584153894,0.4075466703435464,-0.0053391323412632,0.7692307692307692,3,1,0.1,4.752069168251528,0.7662562717667256,1,0.7826894308973573,0.27,0.3,1,10,1,1.5732834896755183,0.8,0.7662562717667256,0.7662562717667256,1,False,False,False,False,1e-06,0.9,-8.47824902968462
0.2897830584492291,0.0279387983829232,6.902594928684031,0.4347845762193937,-0.0022070710198529,0.7692307692307693,3,1,0.1,5.472073391792527,0.8054702404739514,1,1.0878573061896155,0.27,0.3,1,10,1,1.12115468136908,0.8,0.8054702404739514,0.8054702404739514,1,False,False,False,False,1e-06,0.9,-7.4138148132409505
0.3852729784587341,0.0412688766068816,8.200615069950665,0.4303155403468506,-0.0098290701530363,0.7692307692307692,3,1,0.1,6.06209463237192,0.7506448062436739,1,1.4382654791382992,0.27,0.3,1,10,1,1.689418487504919,0.8,0.7506448062436739,0.7506448062436739,1,False,False,False,False,1e-06,0.9,-5.399303606158498
0.3005574366835911,0.0212874104151326,6.991690417734442,0.3215039707494647,-0.0041016091042585,0.7692307692307692,3,1,0.1,6.128715119647962,0.9303389053442328,1,0.757019422497942,0.27,0.3,1,10,1,1.519490510765929,0.8,0.9303389053442328,0.9303389053442328,1,False,False,False,False,1e-06,0.9,-9.062330114748542
0.1642427978935312,0.0103676604435064,6.968377626925933,0.3895298635102684,0.002845616877561,0.7692307692307692,3,1,0.1,6.857647333020157,0.9715853431501862,1,0.6421347719356922,0.27,0.3,1,10,1,0.6853592703809042,0.8,0.9715853431501862,0.9715853431501862,1,False,False,False,False,1e-06,0.9,-8.388958288118335
0.5124029801076819,0.0103196865419194,35.40858777289788,1.7972063664028577,0.0244259718459326,0.7692307692307692,3,1,0.1,0.893320167873611,0.1885129293773382,1,0.6753086546423344,0.27,0.3,1,10,1,1.451616761439413,0.8,0.1885129293773382,0.1885129293773382,1,False,False,False,False,1e-06,0.9,-7.344438183251686
0.286634770904593,0.0208657488808856,12.737581771810811,0.6828246734332443,0.0014371665651991,0.7692307692307693,3,1,0.1,4.1733589015770685,0.5564159828736522,1,0.7190062349759772,0.27,0.3,1,10,1,1.0483552573543615,0.8,0.5564159828736522,0.5564159828736522,1,False,False,False,False,1e-06,0.9,-4.39241349705452
0.1989511211031121,0.0176030086031907,6.024279970621969,0.3902592083110924,0.0025184355413116,0.7692307692307692,3,1,0.1,8.878746900899054,0.9599651021744888,1,0.9110182766238748,0.27,0.3,1,10,1,0.7822090597428433,0.8,0.9599651021744888,0.9599651021744888,1,False,False,False,False,1e-06,0.9,-6.020676120054247
0.7250653474189657,0.0001355145041795,354.5031942616636,3.6363465039476446,0.0221711610460715,0.7692307692307692,3,1,0.1,0.2805980359795995,0.0594744494784862,1,0.7494716861613808,0.27,0.3,1,10,1,1.5590034916522344,0.8,0.0594744494784862,0.0594744494784862,1,False,False,False,False,1e-06,0.9,-2.431782318780016
0.7269301612321467,0.0039433083048006,54.76119383740772,2.410006327015392,0.0613368833784065,0.7692307692307692,3,1,0.1,0.4779820224613613,0.1040026517886592,1,1.3075321714811274,0.27,0.3,1,10,1,1.920943097446581,0.8,0.1040026517886592,0.1040026517886592,1,False,False,False,False,1e-06,0.9,-6.068908604497889
0.2911806207911354,0.0329228424227882,5.9410754090161975,0.3883443097990366,-0.0025244797970471,0.7692307692307692,3,1,0.1,6.239320168864629,0.8996333449499451,1,1.6449289974106265,0.27,0.3,1,10,1,1.0979278353153528,0.8,0.8996333449499451,0.8996333449499451,1,False,False,False,False,1e-06,0.9,-7.992764713692778
0.3497589023514346,0.0314305551764564,8.455493699682117,0.3397728476112925,-0.0079671538644741,0.7692307692307692,3,1,0.1,26.18341242563925,0.8656608432998488,1,0.9095471277429826,0.27,0.3,1,10,1,1.9662047459569352,0.8,0.8656608432998488,0.8656608432998488,1,False,False,False,False,1e-06,0.9,-3.3680660363196546
0.1843871364841851,0.0130105465767312,9.900213055264254,0.5421601440799162,0.0048716501332138,0.7692307692307693,3,1,0.1,4.184943097918881,0.7272500227726942,1,0.6802120488041596,0.27,0.3,1,10,1,0.7211281734183574,0.8,0.7272500227726942,0.7272500227726942,1,False,False,False,False,1e-06,0.9,-9.815908465838763
0.2440532659639486,0.0213005067019285,10.00697788092286,1.8202241583785104,0.0730885122574532,0.7692307692307692,3,1,0.1,3.2042608289253374,0.275887779204349,1,1.7724816299499275,0.27,0.3,1,10,1,0.6614713404924939,0.8,0.275887779204349,0.275887779204349,1,False,False,False,False,1e-06,0.9,-1.4669449026287502
0.3208297605973199,0.0286997104089452,7.1807351657362455,0.3843291122215022,-0.0051421313674274,0.7692307692307692,3,1,0.1,5.074391379421415,0.8351956922625428,1,1.0113955920499718,0.27,0.3,1,10,1,1.4137871890093094,0.8,0.8351956922625428,0.8351956922625428,1,False,False,False,False,1e-06,0.9,-9.707899400891993
0.7075522773086665,0.0028505566747987,67.00174548797084,2.447544520841434,0.053489154993611,0.7692307692307692,3,1,0.1,0.4657231818648274,0.0997151317302357,1,0.9455179302164556,0.27,0.3,1,10,1,1.801459723704249,0.8,0.0997151317302357,0.0997151317302357,1,False,False,False,False,1e-06,0.9,-4.6037815139766245
0.3231107808866931,0.0221794524872885,13.293133809503894,1.3800854168335068,0.026432629914562,0.7692307692307692,3,1,0.1,1.6108276654785394,0.3257004409265128,1,1.3490263284689106,0.27,0.3,1,10,1,0.8767855315807849,0.8,0.3257004409265128,0.3257004409265128,1,False,False,False,False,1e-06,0.9,-8.76783447708342
0.5280365661507205,0.011734882918014,21.99411980562756,2.5638856726719017,0.06982692101355,0.7692307692307693,3,1,0.1,0.7311210970406896,0.1532221224971009,1,1.964527281836719,0.27,0.3,1,10,1,1.2082795203842218,0.8,0.1532221224971009,0.1532221224971009,1,False,False,False,False,1e-06,0.9,-5.560170632794993
0.3709040363591911,0.016779484988951,24.33187666913383,0.6830550160673687,-0.0038583006369431,0.7692307692307692,3,1,0.1,2.985917454735641,0.4893562318231291,1,0.5108086020985332,0.27,0.3,1,10,1,1.7099848801014106,0.8,0.4893562318231291,0.4893562318231291,1,False,False,False,False,1e-06,0.9,-5.628308992179473
0.3303677429729409,0.0238189497004602,9.807972734488668,0.4120654671724048,-0.0054602040786701,0.7692307692307692,3,1,0.1,6.149697674923629,0.7512491400874207,1,0.7192664548859146,0.27,0.3,1,10,1,1.6351523084042734,0.8,0.7512491400874207,0.7512491400874207,1,False,False,False,False,1e-06,0.9,-5.320779298758918
0.2954344919942793,0.028397483179117,9.517197663866575,0.7052092244955898,0.004404751053171,0.7692307692307692,3,1,0.1,3.0644322571932334,0.571644959471699,1,1.2648148579081138,0.27,0.3,1,10,1,0.9556692445948336,0.8,0.571644959471699,0.571644959471699,1,False,False,False,False,1e-06,0.9,-9.94242026127203
0.6054986649925242,0.0010322604296981,93.08783034534122,3.969107932721741,0.0479525380421713,0.7692307692307692,3,1,0.1,0.3777856995559465,0.0833964283730171,1,1.0136819806265414,0.27,0.3,1,10,1,1.2450362500968195,0.8,0.0833964283730171,0.0833964283730171,1,False,False,False,False,1e-06,0.9,-6.403194679225453
0.4651094223565546,0.0256300899876347,12.82476008361516,1.9085659313333525,0.0557576258539373,0.7692307692307693,3,1,0.1,1.4963095635225014,0.216198174048838,1,1.9976391271452263,0.27,0.3,1,10,1,1.1397317481975306,0.8,0.216198174048838,0.216198174048838,1,False,False,False,False,1e-06,0.9,-1.9274819165594683
0.6782823530616577,0.0034108880892723,51.119285468159326,2.887800258646021,0.0643240472213847,0.7692307692307693,3,1,0.1,0.4605714265029591,0.1015383417700498,1,1.4777302168202686,0.27,0.3,1,10,1,1.5940669049269256,0.8,0.1015383417700498,0.1015383417700498,1,False,False,False,False,1e-06,0.9,-7.577578392722291
0.3911382593776692,0.0288586190673752,13.201784393867817,1.2422257487915938,0.01428878843651,0.7692307692307692,3,1,0.1,30.45916428930083,0.3204437766446329,1,0.8022687671210993,0.27,0.3,1,10,1,1.1901012365651145,0.8,0.3204437766446329,0.3204437766446329,1,False,False,False,False,1e-06,0.9,-1.1191671504938228
0.2947342070808171,0.0247822385201803,11.381617916610065,1.2823804045300873,0.0284618965183744,0.7692307692307693,3,1,0.1,2.280153666391386,0.3566696680204825,1,1.456420123390151,0.27,0.3,1,10,1,0.8172488173687189,0.8,0.3566696680204825,0.3566696680204825,1,False,False,False,False,1e-06,0.9,-3.69034459373043
0.3403834921686798,0.020425211665707,14.352547654668497,1.5646513209297406,0.0318710575972001,0.7692307692307693,3,1,0.1,2.5583134090667463,0.2749694227969709,1,0.8739634963821664,0.27,0.3,1,10,1,0.945299680026946,0.8,0.2749694227969709,0.2749694227969709,1,False,False,False,False,1e-06,0.9,-1.7156098048557291
0.349786560538968,0.036609388805631,7.259506394624302,0.4183356130201289,-0.0069757654499073,0.7692307692307693,3,1,0.1,6.051243939812543,0.7886647593317233,1,1.3209866792251266,0.27,0.3,1,10,1,1.4533000651668568,0.8,0.7886647593317233,0.7886647593317233,1,False,False,False,False,1e-06,0.9,-6.04018290740027
0.5578718834009376,0.0247653333518821,24.93222389554853,1.2408012504017054,0.0041110117665313,0.7692307692307693,3,1,0.1,1.3873480275336152,0.2731116788481,1,0.9326870958162914,0.27,0.3,1,10,1,1.9871159984269,0.8,0.2731116788481,0.2731116788481,1,False,False,False,False,1e-06,0.9,-6.195319581845803
0.188793563216863,0.0189148262484469,10.553512337916963,0.9925085763754776,0.0265138438432845,0.7692307692307693,3,1,0.1,2.54696605939585,0.4790861411358936,1,1.4686528664607563,0.27,0.3,1,10,1,0.606422339321893,0.8,0.4790861411358936,0.4790861411358936,1,False,False,False,False,1e-06,0.9,-8.636996360273985
0.4322140642851922,0.0466583768667288,9.970058740355524,0.5804690430924632,-0.0107546665474751,0.7692307692307693,3,1,0.1,4.151244055781159,0.5994284163038092,1,1.9319794048802263,0.27,0.3,1,10,1,1.6200280757382193,0.8,0.5994284163038092,0.5994284163038092,1,False,False,False,False,1e-06,0.9,-5.338525558173062
0.2866668470249965,0.0048298937799301,25.15644732277361,3.9747997435812494,0.0928983618852371,0.7692307692307693,3,1,0.1,0.6542855384660422,0.1387266839864696,1,1.5384646288621506,0.27,0.3,1,10,1,0.6507032669951892,0.8,0.1387266839864696,0.1387266839864696,1,False,False,False,False,1e-06,0.9,-5.69393516886368
0.3250626204072299,0.0358680387851501,5.7030611478129405,0.3221479026215865,-0.0059904466799213,0.7692307692307692,3,1,0.1,6.7765165213297065,0.9832001450723707,1,1.6689539614329136,0.27,0.3,1,10,1,1.400932252308701,0.8,0.9832001450723707,0.9832001450723707,1,False,False,False,False,1e-06,0.9,-8.827130646697166
0.518567791821897,0.0386475948221186,13.78227185578179,1.149775745615855,0.0024394253927546,0.7692307692307693,3,1,0.1,4.255816449084272,0.3155908162156857,1,1.1331678687822633,0.27,0.3,1,10,1,1.6987255841907898,0.8,0.3155908162156857,0.3155908162156857,1,False,False,False,False,1e-06,0.9,-1.5500662829935958
0.2898740459179994,0.028938538433787,9.896909567067562,0.886289896864887,0.0121069287595622,0.7692307692307692,3,1,0.1,3.563267714620714,0.4849386894971009,1,1.3633291291372125,0.27,0.3,1,10,1,0.8761151035150994,0.8,0.4849386894971009,0.4849386894971009,1,False,False,False,False,1e-06,0.9,-3.940090990460425
0.1460170828089741,0.0123596035789432,12.740344288853782,1.2454859052188254,0.0369097305302323,0.7692307692307692,3,1,0.1,2.1940291415484743,0.4024739142629106,1,1.1053969215250037,0.27,0.3,1,10,1,0.5057297394305418,0.8,0.4024739142629106,0.4024739142629106,1,False,False,False,False,1e-06,0.9,-6.5413892604198605
0.5329466506507734,9.268503594520925e-13,5715336.433560644,26.918564966655826,4.928471404771748e-06,0.7692307692307692,3,1,0.1,0.0812142833287183,0.0165742894481039,1,1.5949820658973135,0.27,0.3,1,10,1,0.9554454073393296,0.8,0.0165742894481039,0.0165742894481039,1,False,False,False,False,1e-06,0.9,-0.4777175978228793
0.4633376778918813,0.0333711846698473,14.949154553887286,0.9572593093823776,-0.0024797492895584,0.7692307692307693,3,1,0.1,2.3686379178653887,0.3889290144518698,1,1.096873056777607,0.27,0.3,1,10,1,1.5540967681232736,0.8,0.3889290144518698,0.3889290144518698,1,False,False,False,False,1e-06,0.9,-4.4941729813679
0.4954931605696355,0.0222042213537541,17.40112461570549,1.5608499635994058,0.0228247931314807,0.7692307692307692,3,1,0.1,1.2099055436632042,0.2429893559450448,1,1.1924009025962865,0.27,0.3,1,10,1,1.362867713257104,0.8,0.2429893559450448,0.2429893559450448,1,False,False,False,False,1e-06,0.9,-6.243836563195145
0.1517217287994271,0.0176301928129231,6.14687419514664,0.4450320957699605,0.0091435715810358,0.7692307692307693,3,1,0.1,6.148840683928153,0.9478091999918676,1,1.6094777451511082,0.27,0.3,1,10,1,0.5817655572200399,0.8,0.9478091999918676,0.9478091999918676,1,False,False,False,False,1e-06,0.9,-9.514980304559533
0.167615878912218,0.0216937471228284,7.020061370107044,0.5427552221569846,0.0128530462339764,0.7692307692307693,3,1,0.1,7.272477114543798,0.7967429448833417,1,1.890789255300478,0.27,0.3,1,10,1,0.6063998816677727,0.8,0.7967429448833417,0.7967429448833417,1,False,False,False,False,1e-06,0.9,-5.05620382046512
0.2941420745594975,0.0323583359749449,8.99323417596196,0.806326053523656,0.0096976244615864,0.7692307692307692,3,1,0.1,5.111496157620282,0.5241991720793948,1,1.5134110205566813,0.27,0.3,1,10,1,0.8986946692059584,0.8,0.5241991720793948,0.5241991720793948,1,False,False,False,False,1e-06,0.9,-3.1449222341077787
0.5321878660941028,0.0184351339579446,18.076178384189102,1.9905338413529008,0.047304757675536,0.7692307692307693,3,1,0.1,0.9302620791188804,0.1910076189223048,1,1.768892104344199,0.27,0.3,1,10,1,1.3245230893499729,0.8,0.1910076189223048,0.1910076189223048,1,False,False,False,False,1e-06,0.9,-5.774928228795067
0.379520811396508,0.0353669145926411,9.329906904720415,0.4116998308736021,-0.0092295275212297,0.7692307692307692,3,1,0.1,4.373473293938514,0.753534787741423,1,1.139373304996908,0.27,0.3,1,10,1,1.861514649334412,0.8,0.753534787741423,0.753534787741423,1,False,False,False,False,1e-06,0.9,-9.913058648613973
0.2450395454525442,0.019280088461867,6.801709181937278,0.3932984542671145,-0.0005016518682088,0.7692307692307693,3,1,0.1,8.344263057662122,0.8801127021993405,1,0.7741872946415411,0.27,0.3,1,10,1,1.0053836463507784,0.8,0.8801127021993405,0.8801127021993405,1,False,False,False,False,1e-06,0.9,-5.40336753325351
0.6838302085958807,0.0067650014261702,29.28841234579243,2.710692890052472,0.1002041698398523,0.7692307692307692,3,1,0.1,0.6118606827532462,0.1078391048031117,1,1.6127541114233246,0.27,0.3,1,10,1,1.6576702748369248,0.8,0.1078391048031117,0.1078391048031117,1,False,False,False,False,1e-06,0.9,-1.5214782554232755
0.3696943132665607,0.021591775731206,16.426219742737384,1.2751013221288598,0.0143537126073982,0.7692307692307692,3,1,0.1,1.8801086183726967,0.3218398514132488,1,0.8867558505893316,0.27,0.3,1,10,1,1.0853865312141535,0.8,0.3218398514132488,0.3218398514132488,1,False,False,False,False,1e-06,0.9,-4.154700928438705
0.4776337761311717,2.957462295728128e-07,12752.442707056418,10.514240062958258,0.0011270753671934,0.7692307692307693,3,1,0.1,0.1595131216707687,0.0362979454330397,1,0.5080103917357434,0.27,0.3,1,10,1,0.8596724775861857,0.8,0.0362979454330397,0.0362979454330397,1,False,False,False,False,1e-06,0.9,-8.685769545577939
0.6206955806382796,5.075512848182134e-09,89262.11101911015,14.526613581023026,0.0002084591835057,0.7692307692307693,3,1,0.1,0.114032036189555,0.0256618114365149,1,1.8292742789271856,0.27,0.3,1,10,1,1.14469187532488,0.8,0.0256618114365149,0.0256618114365149,1,False,False,False,False,1e-06,0.9,-3.445684984212796
0.8019646455585755,1.2442058381910452e-07,19917.583217341813,6.456579389337027,0.0008380061680691,0.7692307692307693,3,1,0.1,0.136162714887363,0.0310716287887497,1,1.3970833105616307,0.27,0.3,1,10,1,1.8064811689806304,0.8,0.0310716287887497,0.0310716287887497,1,False,False,False,False,1e-06,0.9,-9.284232621092658
0.7473332379159326,-7.850438395150103e-18,129365590538.26231,23.35221904941673,3.4807061985072987e-10,0.7692307692307692,3,1,0.1,0.048003288338967,0.0108499419511393,1,1.5211624474810177,0.27,0.3,1,10,1,1.5382615755441085,0.8,0.0108499419511393,0.0108499419511393,1,False,False,False,False,1e-06,0.9,-1.7592023060912094
0.7583835046615015,0.0055347562586074,20.11841673254503,3.011106008718944,0.2505091194542668,0.7692307692307693,3,1,0.1,0.8131017393227208,0.0789118144342404,1,1.451244814204383,0.27,0.3,1,10,1,1.848652670957246,0.8,0.0789118144342404,0.0789118144342404,1,False,False,False,False,1e-06,0.9,-0.4539478549749063
0.2422614985232275,0.0002740421056613,119.2029982022082,8.018937611974259,0.0497894859701677,0.7692307692307692,3,1,0.1,0.3651871687171772,0.0759190145519065,1,0.8668223970872168,0.27,0.3,1,10,1,0.531346146753602,0.8,0.0759190145519065,0.0759190145519065,1,False,False,False,False,1e-06,0.9,-2.552577850482121
0.719826174878923,0.0025786537313504,65.20141308137826,2.6821422971354583,0.0595117896318113,0.7692307692307693,3,1,0.1,0.436328018226027,0.0944376300156288,1,1.2328273575514972,0.27,0.3,1,10,1,1.7826518631313628,0.8,0.0944376300156288,0.0944376300156288,1,False,False,False,False,1e-06,0.9,-5.068682286001167
0.503063996752962,1.2984886651186213e-08,57676.19063251297,14.827526041717316,0.0002910036102191,0.7692307692307692,3,1,0.1,0.1237869616031182,0.0282668462471352,1,0.8289995823560428,0.27,0.3,1,10,1,0.9007391038045984,0.8,0.0282668462471352,0.0282668462471352,1,False,False,False,False,1e-06,0.9,-8.99067745524291
0.7730253047116337,-3.582660985319772e-16,70397632436.61449,17.09822011052653,6.32974941853177e-10,0.7692307692307692,3,1,0.1,0.0498944399190174,0.0114606771976913,1,0.8913932817774304,0.27,0.3,1,10,1,1.6506053916970038,0.8,0.0114606771976913,0.0114606771976913,1,False,False,False,False,1e-06,0.9,-8.233416017106396
0.7310204657526705,0.0033794446299688,38.4468759887058,3.053583311701195,0.1187220020982261,0.7692307692307692,3,1,0.1,0.5222891041744995,0.0848221038182043,1,1.5741030509101068,0.27,0.3,1,10,1,1.737271586667702,0.8,0.0848221038182043,0.0848221038182043,1,False,False,False,False,1e-06,0.9,-0.9544070007219628
0.7067336554951649,0.0005022086167101,165.3087401365744,3.477326077092036,0.0348063810034375,0.7692307692307692,3,1,0.1,0.322537048921289,0.0725629659083675,1,0.991832774557564,0.27,0.3,1,10,1,1.5532714921972195,0.8,0.0725629659083675,0.0725629659083675,1,False,False,False,False,1e-06,0.9,-9.634314384892264
0.5689464776894363,-3.336818275806052e-16,17335098858.29041,34.4459395789032,2.23243531065078e-09,0.7692307692307692,3,1,0.1,0.0521812654373508,0.011986542439948,1,1.5527464410700136,0.27,0.3,1,10,1,1.027575558958005,0.8,0.011986542439948,0.011986542439948,1,False,False,False,False,1e-06,0.9,-8.702297854671665
0.3343752105631788,2.715493768969221e-05,520.7187959262907,10.507106639630903,0.0169488094510144,0.7692307692307692,3,1,0.1,0.2461271474712376,0.0532000553596426,1,0.8784982402519557,0.27,0.3,1,10,1,0.6455715466812403,0.8,0.0532000553596426,0.0532000553596426,1,False,False,False,False,1e-06,0.9,-2.799011452690559
0.6479544116182004,0.0014865234804562,112.11754929139012,2.5466703447106,0.0346138235839567,0.7692307692307692,3,1,0.1,0.4481518286926728,0.0964564485386658,1,0.5841207773153465,0.27,0.3,1,10,1,1.5351757667676322,0.8,0.0964564485386658,0.0964564485386658,1,False,False,False,False,1e-06,0.9,-4.775336218257987
0.5194710267437704,3.4570132086882386e-06,2004.217745526964,10.898852893686254,0.0054962125682339,0.7692307692307693,3,1,0.1,0.1821661602439488,0.0412110618531683,1,1.4193481039239746,0.27,0.3,1,10,1,0.9365387475812396,0.8,0.0412110618531683,0.0412110618531683,1,False,False,False,False,1e-06,0.9,-6.980461754643571
0.5818437987224325,0.001101431214704,82.27046686504416,4.353297683195027,0.0537041473687373,0.7692307692307692,3,1,0.1,0.3786321324291098,0.083474006831379,1,1.2160172168626064,0.27,0.3,1,10,1,1.1688240149121014,0.8,0.083474006831379,0.083474006831379,1,False,False,False,False,1e-06,0.9,-6.229697842791883
0.3694404214351635,3.5299420387122996e-10,322991.4133248256,25.86945222520202,6.612952611894899e-05,0.7692307692307693,3,1,0.1,0.1016880100935904,0.023031799405273,1,1.7465360571554085,0.27,0.3,1,10,1,0.6847020662851574,0.8,0.023031799405273,0.023031799405273,1,False,False,False,False,1e-06,0.9,-4.144767095912289
0.7768066604538326,0.0008863269316746,127.02738385431098,2.9111704155090026,0.046514460646611,0.7692307692307693,3,1,0.1,0.3395039829716237,0.0756593641445902,1,1.5163925241899925,0.27,0.3,1,10,1,1.9435584664819257,0.8,0.0756593641445902,0.0756593641445902,1,False,False,False,False,1e-06,0.9,-7.351602000821138
0.8017015352618366,0.0003219913944984,232.41773496697493,3.235123302630592,0.0333893112383593,0.7692307692307693,3,1,0.1,0.2845971956011989,0.0642566295308642,1,1.879946322756656,0.27,0.3,1,10,1,1.991461273318444,0.8,0.0642566295308642,0.0642566295308642,1,False,False,False,False,1e-06,0.9,-9.908890453390494
0.7501216250312077,1.1403234093986e-05,1982.959035590388,3.46143370509599,0.0055989932134461,0.7692307692307693,3,1,0.1,0.2144962328962481,0.0474521113110047,1,0.5205744682274709,0.27,0.3,1,10,1,1.6077227285357898,0.8,0.0474521113110047,0.0474521113110047,1,False,False,False,False,1e-06,0.9,-3.8248103676984098
0.5705626318062978,2.576615088169504e-05,609.4114453056435,8.157751041005968,0.0149374633539044,0.7692307692307692,3,1,0.1,0.2251255560839042,0.0485241330907258,1,1.293371528636465,0.27,0.3,1,10,1,1.048622942882993,0.8,0.0485241330907258,0.0485241330907258,1,False,False,False,False,1e-06,0.9,-2.4513694379444537
0.57759044222094,0.0022316128123083,53.9143277836603,3.8938886933391386,0.0668112446866859,0.7692307692307693,3,1,0.1,0.4360700668024923,0.094918858835013,1,1.4065186354071602,0.27,0.3,1,10,1,1.191515249409628,0.8,0.094918858835013,0.094918858835013,1,False,False,False,False,1e-06,0.9,-5.573453618539947
0.3328019276821569,1.1822304148835178e-05,815.489924937986,12.113701214358992,0.0117018230367036,0.7692307692307692,3,1,0.1,0.2174781203758032,0.0486439800826176,1,1.1114392238278494,0.27,0.3,1,10,1,0.6389137702388821,0.8,0.0486439800826176,0.0486439800826176,1,False,False,False,False,1e-06,0.9,-5.272990929309408
0.7681990809269273,1.0902365838945363e-05,1421.7860246975365,5.215822290588214,0.0077649848679024,0.7692307692307692,3,1,0.1,0.1951336689938397,0.0442037584032465,1,1.4398128364099172,0.27,0.3,1,10,1,1.662920281742959,0.8,0.0442037584032465,0.0442037584032465,1,False,False,False,False,1e-06,0.9,-8.022249851537923
0.7526166392012712,0.001605221639578,88.42506843574301,2.671072113801253,0.0550267553117942,0.7692307692307693,3,1,0.1,0.3956214989008366,0.0844455956102645,1,1.1701216186242784,0.27,0.3,1,10,1,1.896883997109968,0.8,0.0844455956102645,0.0844455956102645,1,False,False,False,False,1e-06,0.9,-3.750739341848157
0.7919703457826339,0.00034942931871,185.55241763666407,2.6730300190301266,0.0442449997291585,0.7692307692307693,3,1,0.1,0.3420480706795016,0.0615762466499677,1,0.7670154399296195,0.27,0.3,1,10,1,1.9399310981140256,0.8,0.0615762466499677,0.0615762466499677,1,False,False,False,False,1e-06,0.9,-0.9333816011595992
0.7707208405950366,4.1313082155872923e-13,26470701.52428531,12.499362407634097,1.11412928087267e-06,0.7692307692307692,3,1,0.1,0.0745216002995568,0.0169785446353725,1,1.0692110850344,0.27,0.3,1,10,1,1.6399031130074233,0.8,0.0169785446353725,0.0169785446353725,1,False,False,False,False,1e-06,0.9,-4.449341119201251
0.7149476596216979,0.000406502860267,132.25358381392823,3.959283440890255,0.0527148099364845,0.7692307692307692,3,1,0.1,0.3421187531392514,0.0627888491467625,1,0.991399419700528,0.27,0.3,1,10,1,1.5249479105661492,0.8,0.0627888491467625,0.0627888491467625,1,False,False,False,False,1e-06,0.9,-1.0224235122961929
0.5546362916747609,3.844355182462326e-07,9026.208147640857,10.349997614375631,0.0014880820546194,0.7692307692307693,3,1,0.1,0.1554127829359956,0.0354064702957854,1,0.7711037024533155,0.27,0.3,1,10,1,1.002470503522983,0.8,0.0354064702957854,0.0354064702957854,1,False,False,False,False,1e-06,0.9,-9.24151988796052
0.385817810092741,7.841438478649835e-08,15355.928335046883,17.72976440430019,0.0009626952774941,0.7692307692307692,3,1,0.1,0.1393980374051458,0.0316348488438257,1,1.252983622654193,0.27,0.3,1,10,1,0.7098221327287233,0.8,0.0316348488438257,0.0316348488438257,1,False,False,False,False,1e-06,0.9,-6.353244152653887
0.3667732480476588,7.275698700713529e-09,47240.85559354855,21.49135140255855,0.0003753241029367,0.7692307692307692,3,1,0.1,0.1235403933752898,0.0265605981170563,1,1.148618581447575,0.27,0.3,1,10,1,0.6809769348926189,0.8,0.0265605981170563,0.0265605981170563,1,False,False,False,False,1e-06,0.9,-1.2952490164422097
0.2296288220522599,0.0002561897976086,120.19007979710469,9.122099322985871,0.0536966171838996,0.7692307692307692,3,1,0.1,0.3315561967556172,0.0745974011239761,1,1.9031190414907424,0.27,0.3,1,10,1,0.5058814675763054,0.8,0.0745974011239761,0.0745974011239761,1,False,False,False,False,1e-06,0.9,-9.932076741196958
0.6482176303715598,0.0014049817827087,93.78447812345362,3.082511067548497,0.0434821693840947,0.7692307692307693,3,1,0.1,0.4066067617161957,0.0902612299945766,1,0.8274498288979129,0.27,0.3,1,10,1,1.4454207536932613,0.8,0.0902612299945766,0.0902612299945766,1,False,False,False,False,1e-06,0.9,-7.905521508385377
0.43029290351695,6.055033732005811e-07,4900.164107572631,14.980938630283667,0.0027184953330495,0.7692307692307692,3,1,0.1,0.1595611403729913,0.0359843791674342,1,1.719440246857654,0.27,0.3,1,10,1,0.7794924654773143,0.8,0.0359843791674342,0.0359843791674342,1,False,False,False,False,1e-06,0.9,-5.274158660095764
0.3115126888323798,-2.499658396897913e-16,183488450232.57657,56.12647542524949,2.4280074923818016e-10,0.7692307692307693,3,1,0.1,0.0476499461166119,0.0108160480292674,1,1.018957099825094,0.27,0.3,1,10,1,0.6016161802125648,0.8,0.0108160480292674,0.0108160480292674,1,False,False,False,False,1e-06,0.9,-2.201354137359876
0.5542772111173923,0.0006562602724466,105.40116488220752,5.260283071415409,0.04874861459694,0.7692307692307692,3,1,0.1,0.3404876178689572,0.0763100134057168,1,1.4799122597815353,0.27,0.3,1,10,1,1.0714815978972072,0.8,0.0763100134057168,0.0763100134057168,1,False,False,False,False,1e-06,0.9,-8.82781155955565
0.4027905786663918,0.0009246807533214,80.49997946316412,5.343333149906759,0.0547046214371932,0.7692307692307693,3,1,0.1,0.4137625049346447,0.0881182850477836,1,0.8720310468272627,0.27,0.3,1,10,1,0.8043475700017859,0.8,0.0881182850477836,0.0881182850477836,1,False,False,False,False,1e-06,0.9,-3.8078449098868328
0.663273513787712,2.4114627524207104e-10,585355.1917908274,14.254766239770856,3.5546956343971545e-05,0.7692307692307692,3,1,0.1,0.0971360154889034,0.0222369566718746,1,1.246804270148666,0.27,0.3,1,10,1,1.2555258318758962,0.8,0.0222369566718746,0.0222369566718746,1,False,False,False,False,1e-06,0.9,-9.279946451908344
0.4749739641857201,1.3667957368413437e-12,10711127.651002808,23.94298220166102,2.4558709036124087e-06,0.7692307692307693,3,1,0.1,0.0799326662330344,0.018238739224754,1,0.7997524478988969,0.27,0.3,1,10,1,0.8533690125725292,0.8,0.018238739224754,0.018238739224754,1,False,False,False,False,1e-06,0.9,-5.410767248013745
0.7599839833459224,9.73737700494126e-05,507.47856157357495,3.186260511357731,0.0165248153586665,0.7692307692307692,3,1,0.1,0.2617729124048188,0.0583958361796013,1,0.7329363701840165,0.27,0.3,1,10,1,1.7189077048892587,0.8,0.0583958361796013,0.0583958361796013,1,False,False,False,False,1e-06,0.9,-5.840570763358343
0.3781605403680246,4.509275006236454e-05,79.30072177635127,14.872902211128524,0.1509963029921997,0.7692307692307692,3,1,0.1,0.374507889712133,0.0384324498948122,1,1.4033938804537902,0.27,0.3,1,10,1,0.7001552989016766,0.8,0.0384324498948122,0.0384324498948122,1,False,False,False,False,1e-06,0.9,-0.2306974468346627
0.5407664121575968,0.0003026882813541,161.54159021009082,6.404037919624307,0.040290004799749,0.7692307692307693,3,1,0.1,0.2993339775123205,0.0668827851937327,1,1.911453201022804,0.27,0.3,1,10,1,1.0160678158755396,0.8,0.0668827851937327,0.0668827851937327,1,False,False,False,False,1e-06,0.9,-7.018328230466738
0.6497316057206277,2.097264941943256e-12,11024588.82517941,14.248093333842696,2.481877200358156e-06,0.7692307692307692,3,1,0.1,0.0815189974317613,0.0184046001579999,1,0.6070844153827522,0.27,0.3,1,10,1,1.218219556485602,0.8,0.0184046001579999,0.0184046001579999,1,False,False,False,False,1e-06,0.9,-2.832302569236361
0.646141498543411,3.26636218160495e-05,468.7987364454036,7.332417384967111,0.0207801893169477,0.7692307692307693,3,1,0.1,0.2348281616986538,0.0465751964177885,1,1.5856316110195467,0.27,0.3,1,10,1,1.2289810805121328,0.8,0.0465751964177885,0.0465751964177885,1,False,False,False,False,1e-06,0.9,-1.1046870730811076
0.4771701351809769,0.0007286597700986,76.59620292385036,6.363086243418007,0.0723440875114213,0.7692307692307693,3,1,0.1,0.3743904876137024,0.0740306564693234,1,1.6536258746932295,0.27,0.3,1,10,1,0.90205289581238,0.8,0.0740306564693234,0.0740306564693234,1,False,False,False,False,1e-06,0.9,-1.7239453054159313
0.7789151824633267,6.860519775622681e-10,365721.9885266806,9.03155046983532,5.973508858798272e-05,0.7692307692307693,3,1,0.1,0.1022953936209187,0.0230796828191088,1,1.1226862448050814,0.27,0.3,1,10,1,1.6794649188247333,0.8,0.0230796828191088,0.0230796828191088,1,False,False,False,False,1e-06,0.9,-3.4464823236375324
0.2371847643091552,1.83622989946501e-07,8565.639646235017,17.966853206955843,0.0016928404506717,0.7692307692307692,3,1,0.1,0.1579989321364956,0.0353228711636959,1,0.7709333571854202,0.27,0.3,1,10,1,0.5000207482548084,0.8,0.0353228711636959,0.0353228711636959,1,False,False,False,False,1e-06,0.9,-3.771064396643709
0.5388234289223675,2.5487997824923e-06,2277.167089585045,10.371769002828444,0.005054534883722,0.7692307692307692,3,1,0.1,0.1826674290488456,0.0394823008473489,1,1.0395874430520546,0.27,0.3,1,10,1,0.9731966554376116,0.8,0.0394823008473489,0.0394823008473489,1,False,False,False,False,1e-06,0.9,-2.076486319713968
0.7648407562037952,1.1688165698544231e-05,1349.426453716606,5.525914944674492,0.008427360484089,0.7692307692307692,3,1,0.1,0.1950178631408323,0.0441463207096841,1,1.9403039312281736,0.27,0.3,1,10,1,1.6451520127230503,0.8,0.0441463207096841,0.0441463207096841,1,False,False,False,False,1e-06,0.9,-7.720380882925255
0.6707163511008943,7.938698736661193e-05,378.1063835408783,5.363756425725479,0.0214179847659278,0.7692307692307692,3,1,0.1,0.2554634709122581,0.0545631362311008,1,1.054573266035884,0.27,0.3,1,10,1,1.325965103067413,0.8,0.0545631362311008,0.0545631362311008,1,False,False,False,False,1e-06,0.9,-2.442434846673751
0.679133061690882,0.0015970213362771,74.71975993685976,3.6023067553327683,0.0614674252681867,0.7692307692307693,3,1,0.1,0.3842952612165556,0.0848112771552452,1,1.9154034340828523,0.27,0.3,1,10,1,1.48181966708054,0.8,0.0848112771552452,0.0848112771552452,1,False,False,False,False,1e-06,0.9,-6.474593249160525
0.3510504137727084,0.0038810679500363,17.63779973393839,5.718107902029069,0.2172679419242978,0.7692307692307693,3,1,0.1,0.8395795919220207,0.0936443375769138,1,1.2992115619121605,0.27,0.3,1,10,1,0.7138646831047754,0.8,0.0936443375769138,0.0936443375769138,1,False,False,False,False,1e-06,0.9,-0.604150507944194
0.4422387048871761,0.0020105108624012,48.05330362495874,5.034612852560106,0.0806627986153359,0.7692307692307692,3,1,0.1,0.4490186078701978,0.0956965775573963,1,1.723908205869383,0.27,0.3,1,10,1,0.8738878938968194,0.8,0.0956965775573963,0.0956965775573963,1,False,False,False,False,1e-06,0.9,-4.171787618390066
0.7841359451961981,-5.062835545044946e-16,4996395325161.277,14.353174850936492,1.1316238102565178e-11,0.7692307692307692,3,1,0.1,0.0432556764849262,0.0099194251262046,1,0.505409462187032,0.27,0.3,1,10,1,1.6925756189061778,0.8,0.0099194251262046,0.0099194251262046,1,False,False,False,False,1e-06,0.9,-5.26789394386503
0.543878897801762,5.4501400839863655e-08,20751.709580501192,14.350783444720802,0.0007393464509935,0.7692307692307692,3,1,0.1,0.1336529547094649,0.029824859704884,1,1.3716979195459027,0.27,0.3,1,10,1,0.9778377720536487,0.8,0.029824859704884,0.029824859704884,1,False,False,False,False,1e-06,0.9,-3.011691295475691
0.6549070942886326,6.39037163616132e-16,119787096961898.22,163.56978807978606,4.84517627288089e-13,0.7692307692307692,3,1,0.1,0.0380282839676949,0.0087376553864074,1,0.6959362454685424,0.27,0.3,1,10,1,1.3479706521674326,0.8,0.0087376553864074,0.0087376553864074,1,False,False,False,False,1e-06,0.9,-6.708190080328847
0.7112525269667227,2.526387054285582e-09,157602.16312744882,11.523475933889111,0.0001219041575384,0.7692307692307692,3,1,0.1,0.1084994919707713,0.0248214131878082,1,1.543998935374865,0.27,0.3,1,10,1,1.404447259703575,0.8,0.0248214131878082,0.0248214131878082,1,False,False,False,False,1e-06,0.9,-9.549684236000138
0.5384482565515917,0.0011208488207862,78.02679810928267,5.0188318806837655,0.0605677992829227,0.7692307692307693,3,1,0.1,0.372592415929783,0.0833559859866887,1,1.8818996554098155,0.27,0.3,1,10,1,1.0495642940874164,0.8,0.0833559859866887,0.0833559859866887,1,False,False,False,False,1e-06,0.9,-9.094678369504182
0.7931596867617615,2.1548972875774515e-06,3950.630890389904,4.573399536205903,0.0034471758855824,0.7692307692307692,3,1,0.1,0.1748576574433785,0.0383818822410569,1,0.8652087700959384,0.27,0.3,1,10,1,1.7755493334415535,0.8,0.0383818822410569,0.0383818822410569,1,False,False,False,False,1e-06,0.9,-2.6207568499682354
0.3450219544988706,0.0004974514984108,68.74280953288685,8.210919756793352,0.0889851113141513,0.7692307692307692,3,1,0.1,0.3975686051608539,0.069754636884783,1,1.3360481942024292,0.27,0.3,1,10,1,0.6741359765122921,0.8,0.069754636884783,0.069754636884783,1,False,False,False,False,1e-06,0.9,-0.9700135259085698
0.3070729455830163,1.9145896818406527e-06,2956.404542756679,12.803888572178852,0.0040468633033819,0.7692307692307692,3,1,0.1,0.1896910665222387,0.0429572169905041,1,0.652059787366035,0.27,0.3,1,10,1,0.6004244236926091,0.8,0.0429572169905041,0.0429572169905041,1,False,False,False,False,1e-06,0.9,-7.666111579313418
0.2901596291656185,0.0001464967963064,168.52286794991005,9.411400494737933,0.0403990879686585,0.7692307692307692,3,1,0.1,0.3060301954532773,0.0656893964571067,1,1.2294066650696442,0.27,0.3,1,10,1,0.5890461836623525,0.8,0.0656893964571067,0.0656893964571067,1,False,False,False,False,1e-06,0.9,-3.1347934261227506
0.741458463461162,0.0034861293972685,57.77261013183276,2.549528438387725,0.0653342006188866,0.7692307692307692,3,1,0.1,0.4497686625031449,0.0987912334592723,1,1.732641940035038,0.27,0.3,1,10,1,1.9346224110324088,0.8,0.0987912334592723,0.0987912334592723,1,False,False,False,False,1e-06,0.9,-6.833779356180372
0.2654304933952632,1.222366083668706e-05,683.4227557818303,13.971804242375155,0.0151321684939485,0.7692307692307692,3,1,0.1,0.2203053557500034,0.0487114186699743,1,1.8345021930470489,0.27,0.3,1,10,1,0.5424922416136668,0.8,0.0487114186699743,0.0487114186699743,1,False,False,False,False,1e-06,0.9,-3.87868008094741
0.7742694001950818,1.1170859660180436e-05,1657.6066180929895,3.862385105092305,0.0068809155436473,0.7692307692307693,3,1,0.1,0.2066736238561782,0.0452777168698015,1,0.722404639341742,0.27,0.3,1,10,1,1.7064007203361076,0.8,0.0452777168698015,0.0452777168698015,1,False,False,False,False,1e-06,0.9,-2.979161190043932
0.3599241218739288,7.876410286544635e-13,14531843.177783787,26.41301757776339,2.066135277712228e-06,0.7692307692307693,3,1,0.1,0.081619307223871,0.0180917053521945,1,0.505306044632569,0.27,0.3,1,10,1,0.670721242240438,0.8,0.0180917053521945,0.0180917053521945,1,False,False,False,False,1e-06,0.9,-1.527695354819798
0.7500577504483523,8.340352430146691e-16,1048808737329.1886,18.64404245987873,4.720789039439671e-11,0.7692307692307693,3,1,0.1,0.0450017068941309,0.0103362141576719,1,0.7406717797822209,0.27,0.3,1,10,1,1.550976615313604,0.8,0.0103362141576719,0.0103362141576719,1,False,False,False,False,1e-06,0.9,-7.332814407545504
0.7022255721425584,-2.867795423464955e-17,1098583165.2592084,22.808571355545784,3.3554190537497765e-08,0.7692307692307692,3,1,0.1,0.0595898131090083,0.0128658184741163,1,1.5203020380104866,0.27,0.3,1,10,1,1.3735337161093035,0.8,0.0128658184741163,0.0128658184741163,1,False,False,False,False,1e-06,0.9,-0.6658720614100861
0.8115556024598423,1.7532276613771106e-06,4714.404775676645,4.618436448309361,0.00296417734997,0.7692307692307692,3,1,0.1,0.1674368161459308,0.0379103773650119,1,1.056424678671719,0.27,0.3,1,10,1,1.880812973675559,0.8,0.0379103773650119,0.0379103773650119,1,False,False,False,False,1e-06,0.9,-6.698922785521328
0.5960366050250614,0.0001421904783682,289.92754779508266,5.53934196415164,0.0236349014175743,0.7692307692307692,3,1,0.1,0.2749586413978606,0.0620408742146875,1,0.9552607294520372,0.27,0.3,1,10,1,1.1420835484286829,0.8,0.0620408742146875,0.0620408742146875,1,False,False,False,False,1e-06,0.9,-9.29903744798955
0.3465326945019147,0.019641127418152,15.458609924436828,1.4662134410618743,0.0247404908150749,0.7692307692307692,3,1,0.1,1.3651981753262117,0.2989943372573906,1,1.158171564641859,0.27,0.3,1,10,1,0.9376926463618692,0.8,0.2989943372573906,0.2989943372573906,1,False,False,False,False,1e-06,0.9,-19.56151621723998
0.1860965449673638,0.0137153336084742,3.588496479710112,0.2130927652732788,0.0005560354776727,0.7692307692307692,3,1,0.1,17.129673208996973,1.6272082121655551,1,1.046774299679492,0.27,0.3,1,10,1,0.7907118962363076,0.8,1.6272082121655551,1.6272082121655551,1,False,False,False,False,1e-06,0.9,-9.218871006332256
0.2624067245715601,0.0149023078100305,3.4424204464961283,0.1470532774117123,-0.0017716060924184,0.7692307692307693,3,1,0.1,13.621623063606146,1.864753832699893,1,0.9398722368389072,0.27,0.3,1,10,1,1.4938711912750329,0.8,1.864753832699893,1.864753832699893,1,False,False,False,False,1e-06,0.9,-15.280555748527894
0.4937079389816355,0.0104493222215973,23.797793981138057,2.413798834975737,0.0530685244921906,0.7692307692307693,3,1,0.1,0.7354526678456446,0.1636092646032352,1,1.2429419622757976,0.27,0.3,1,10,1,1.1609456716238102,0.8,0.1636092646032352,0.1636092646032352,1,False,False,False,False,1e-06,0.9,-15.147351522372508
0.4646595268157313,4.1020388564714534e-08,24527.84620765284,16.90002088382036,0.0006394690840022,0.7692307692307692,3,1,0.1,0.1308566305978404,0.0298971064870686,1,1.5562348385851883,0.27,0.3,1,10,1,0.834107192897492,0.8,0.0298971064870686,0.0298971064870686,1,False,False,False,False,1e-06,0.9,-10.012097629858545
0.3185196510486584,0.0344551883654491,4.620271003733791,0.2078912493367846,-0.0058398281092325,0.7692307692307692,3,1,0.1,83.77029626042494,1.3629075443015812,1,1.755232300844536,0.27,0.3,1,10,1,1.7022597646800146,0.8,1.3629075443015812,1.3629075443015812,1,False,False,False,False,1e-06,0.9,-4.887608979228029
0.3338122579361714,0.0177212218795665,17.039976301159857,0.612550127843114,-0.0029489139852674,0.7692307692307693,3,1,0.1,2.827059194284289,0.5534032511914897,1,0.5793478420369308,0.27,0.3,1,10,1,1.4359002965122505,0.8,0.5534032511914897,0.5534032511914897,1,False,False,False,False,1e-06,0.9,-12.156817272159888
0.2867468849635118,0.0269906049265806,7.961231972158804,0.5160319445309106,-0.0003391208456081,0.7692307692307693,3,1,0.1,3.74074369100019,0.7148268659489642,1,1.1098719827055463,0.27,0.3,1,10,1,1.040648601644853,0.8,0.7148268659489642,0.7148268659489642,1,False,False,False,False,1e-06,0.9,-13.858560714321976
0.5976686967673853,0.0188517124111911,20.110112196518447,1.9129261002142857,0.0463117869021185,0.7692307692307693,3,1,0.1,0.8801667322478033,0.1813005018119078,1,1.9593710932274653,0.27,0.3,1,10,1,1.5770970961601896,0.8,0.1813005018119078,0.1813005018119078,1,False,False,False,False,1e-06,0.9,-5.626876948293065
0.5086210116124169,0.0262019791567782,16.168736796585762,1.5528493039326328,0.0250513333202924,0.7692307692307692,3,1,0.1,1.1718659228519044,0.2492504057045428,1,1.9991952162730169,0.27,0.3,1,10,1,1.3460399656592628,0.8,0.2492504057045428,0.2492504057045428,1,False,False,False,False,1e-06,0.9,-10.608172100067687
0.2575037363832299,0.0208605020470114,3.207271474279634,0.1554534204918639,-0.0019168985233867,0.7692307692307693,3,1,0.1,16.29497355080005,1.8910799604305644,1,1.5715281916769832,0.27,0.3,1,10,1,1.2401718837671016,0.8,1.8910799604305644,1.8910799604305644,1,False,False,False,False,1e-06,0.9,-12.68065043656122
0.1436191967276085,0.0050350171693579,3.836979003335737,0.1985688141503366,0.0006706345542463,0.7692307692307693,3,1,0.1,17.699523196243405,1.798557679811783,1,0.5515662421824489,0.27,0.3,1,10,1,0.6520425157971537,0.8,1.798557679811783,1.798557679811783,1,False,False,False,False,1e-06,0.9,-10.712141485219076
0.2864561581130211,0.0320214719783955,5.133678485285135,0.3179992845538979,-0.0032207800130991,0.7692307692307692,3,1,0.1,8.2319724371137,1.046543585685468,1,1.6852702052492852,0.27,0.3,1,10,1,1.149544714555729,0.8,1.046543585685468,1.046543585685468,1,False,False,False,False,1e-06,0.9,-7.767770197823701
0.2187381147775393,0.0155107440316778,3.1281181852775,0.1702292631567869,-0.0006411106795963,0.7692307692307692,3,1,0.1,14.03326148454157,1.8657270350299984,1,1.204928340751683,0.27,0.3,1,10,1,0.9761539010329452,0.8,1.8657270350299984,1.8657270350299984,1,False,False,False,False,1e-06,0.9,-14.671754987113085
0.4898346557571125,0.0291617299370977,15.79944475606714,1.222246249115826,0.0075097083311023,0.7692307692307692,3,1,0.1,1.4705378868824146,0.3108155957474954,1,1.3486240576017887,0.27,0.3,1,10,1,1.44740921746046,0.8,0.3108155957474954,0.3108155957474954,1,False,False,False,False,1e-06,0.9,-12.319478747280275
0.5369992454597283,0.0154680687345452,29.082644420336816,1.5560714169962615,0.0179402791905619,0.7692307692307693,3,1,0.1,1.0642368540099585,0.2159130042305683,1,0.7701566622586501,0.27,0.3,1,10,1,1.6570871759579655,0.8,0.2159130042305683,0.2159130042305683,1,False,False,False,False,1e-06,0.9,-5.955361778711698
0.3972712630466562,0.0407582608639227,8.986808536147956,0.4139708897935583,-0.0106964191735316,0.7692307692307692,3,1,0.1,4.185741714925981,0.7555328450880694,1,1.48222672391568,0.27,0.3,1,10,1,1.8769266993934808,0.8,0.7555328450880694,0.7555328450880694,1,False,False,False,False,1e-06,0.9,-11.561684186788169
0.1476342633416668,0.0152741122414549,6.034482267128529,0.4238906486105933,0.007605352530664,0.7692307692307692,3,1,0.1,5.135238229888653,0.9827026560023474,1,1.3171961404633856,0.27,0.3,1,10,1,0.579503088490626,0.8,0.9827026560023474,0.9827026560023474,1,False,False,False,False,1e-06,0.9,-19.183647475616155
0.3082590473709899,0.0087203915879626,20.28588072440724,2.914371421522998,0.0743404399518721,0.7692307692307693,3,1,0.1,0.7857392847995535,0.1759738642611784,1,1.612589928487778,0.27,0.3,1,10,1,0.7226365029637953,0.8,0.1759738642611784,0.1759738642611784,1,False,False,False,False,1e-06,0.9,-19.87842313023257
0.172262728619792,0.0113394146467386,7.765648286437663,0.4316986034201067,0.0032927848856911,0.7692307692307693,3,1,0.1,4.738765751054991,0.8848739470462674,1,0.6699757218347349,0.27,0.3,1,10,1,0.7026288705770617,0.8,0.8848739470462674,0.8848739470462674,1,False,False,False,False,1e-06,0.9,-15.456355935360207
0.5099923480245118,0.0005184073210551,125.21177649471592,5.390111130393393,0.0407258857051137,0.7692307692307692,3,1,0.1,0.3377584620223621,0.0768510351957347,1,1.0581347172055884,0.27,0.3,1,10,1,0.9819688712578069,0.8,0.0768510351957347,0.0768510351957347,1,False,False,False,False,1e-06,0.9,-18.264296370038405
0.169943065740005,0.0151132678388409,3.899546218138705,0.2365620939497971,0.0018058782098455,0.7692307692307692,3,1,0.1,9.993135028554477,1.557731763379322,1,1.471942468209145,0.27,0.3,1,10,1,0.6945233383062543,0.8,1.557731763379322,1.557731763379322,1,False,False,False,False,1e-06,0.9,-16.0004074368794
0.2972129840858466,0.0263677564384026,3.920900358474544,0.1563315099245637,-0.0036798747822445,0.7692307692307692,3,1,0.1,18.170977131036096,1.7390710584929618,1,1.7104842048482896,0.27,0.3,1,10,1,1.6945607927545452,0.8,1.7390710584929618,1.7390710584929618,1,False,False,False,False,1e-06,0.9,-9.904595791644484
0.1684954333655965,0.0149546873778295,11.952146994161147,1.173612251445968,0.0332116761925854,0.7692307692307692,3,1,0.1,2.3853708626164867,0.4178821069266573,1,1.168398839182319,0.27,0.3,1,10,1,0.5573115048857351,0.8,0.4178821069266573,0.4178821069266573,1,False,False,False,False,1e-06,0.9,-5.783114779899222
0.345417249412864,0.0244204582399673,10.916613878122504,0.4244561219227685,-0.006164008413034,0.7692307692307693,3,1,0.1,4.404878433418054,0.7229448782652734,1,0.7379777991727754,0.27,0.3,1,10,1,1.7646449867795888,0.8,0.7229448782652734,0.7229448782652734,1,False,False,False,False,1e-06,0.9,-8.344315201038679
0.3049834803357958,0.0262608804839478,9.45850388824549,0.5739468851566717,-0.0008770704476954,0.7692307692307693,3,1,0.1,3.243049504484352,0.6423209759012822,1,0.9882161109676298,0.27,0.3,1,10,1,1.108687047619505,0.8,0.6423209759012822,0.6423209759012822,1,False,False,False,False,1e-06,0.9,-15.105984327126055
0.1983416711476543,0.0106365522225464,5.226978093709024,0.2876375312076627,0.0002961604873284,0.7692307692307692,3,1,0.1,6.484546657525844,1.178630913473059,1,0.634364633409964,0.27,0.3,1,10,1,0.8639729312431463,0.8,1.178630913473059,1.178630913473059,1,False,False,False,False,1e-06,0.9,-18.49933841481692
0.1850298344984389,0.0154799628300975,3.350262708022897,0.1875851941343655,0.0006073930498804,0.7692307692307693,3,1,0.1,19.49414436405213,1.857755069318253,1,1.5418546641983597,0.27,0.3,1,10,1,0.7733591043235306,0.8,1.857755069318253,1.857755069318253,1,False,False,False,False,1e-06,0.9,-10.548686160876034
0.28831009675772,0.0185259561423602,4.526979605240381,0.1652619391170217,-0.0029554281667311,0.7692307692307693,3,1,0.1,14.341329239516766,1.595612918883496,1,0.9559209664526732,0.27,0.3,1,10,1,1.8783261343408844,0.8,1.595612918883496,1.595612918883496,1,False,False,False,False,1e-06,0.9,-10.270270589767934
0.2735369455345963,0.0192408002368214,3.403960372552758,0.1427428442715866,-0.0022861233803665,0.7692307692307692,3,1,0.1,15.88083962754006,1.920068768435354,1,1.268518870839516,0.27,0.3,1,10,1,1.5313362751929902,0.8,1.920068768435354,1.920068768435354,1,False,False,False,False,1e-06,0.9,-13.443615406422554
0.2590943535950268,0.0136304620433158,3.515731171357774,0.1522444178674985,-0.0016393371392106,0.7692307692307692,3,1,0.1,11.949554605031704,1.8063414737859,1,0.8502929696875565,0.27,0.3,1,10,1,1.473455757621832,0.8,1.8063414737859,1.8063414737859,1,False,False,False,False,1e-06,0.9,-17.454782423087707
0.1663768844319029,0.0135310048266005,3.77383154058654,0.231953510806439,0.0015362667432759,0.7692307692307692,3,1,0.1,220.05522886023573,1.5728646463349891,1,1.066858458022605,0.27,0.3,1,10,1,0.6990380308842441,0.8,1.5728646463349891,1.5728646463349891,1,False,False,False,False,1e-06,0.9,-5.410459738703906
0.2966475914024722,0.0268906247130842,4.2427407240767,0.2030951655075655,-0.0040528242843441,0.7692307692307693,3,1,0.1,9.12133846323126,1.4081154284216073,1,1.4443354743271382,0.27,0.3,1,10,1,1.5284552438953112,0.8,1.4081154284216073,1.4081154284216073,1,False,False,False,False,1e-06,0.9,-14.178811508120404
0.1994361572149609,0.0166941112820778,7.561092716870028,0.4730185489642997,0.0038564103861887,0.7692307692307693,3,1,0.1,4.286358554899312,0.8182102469559751,1,0.8738105613178895,0.27,0.3,1,10,1,0.7626113520348345,0.8,0.8182102469559751,0.8182102469559751,1,False,False,False,False,1e-06,0.9,-15.781287375431264
0.395131160085521,0.0081964880008236,17.34119842225001,3.5885576685100373,0.1233358831246165,0.7692307692307693,3,1,0.1,0.9043535420358032,0.1312310523975072,1,1.2310455041820032,0.27,0.3,1,10,1,0.8522505419671449,0.8,0.1312310523975072,0.1312310523975072,1,False,False,False,False,1e-06,0.9,-1.1784762287485575
0.3113969807043641,0.0349784641110489,7.67456018251775,0.5075937804920163,-0.0013612034034195,0.7692307692307693,3,1,0.1,3.623856915419704,0.728342472021735,1,1.93883637675042,0.27,0.3,1,10,1,1.0742127491991629,0.8,0.728342472021735,0.728342472021735,1,False,False,False,False,1e-06,0.9,-18.81101772339791
0.3918492719202685,0.0408836809654621,9.21094493351045,0.5068696651353811,-0.0098063710152552,0.7692307692307693,3,1,0.1,17.995567754733525,0.6634260693419742,1,1.1454489325839436,0.27,0.3,1,10,1,1.6607123186459178,0.8,0.6634260693419742,0.6634260693419742,1,False,False,False,False,1e-06,0.9,-2.631869300950388
0.23437264962543,0.0139336370765284,3.046495484599387,0.1526670947681158,-0.0010581786429273,0.7692307692307692,3,1,0.1,14.451248040637733,1.946846541453956,1,1.0006814524774947,0.27,0.3,1,10,1,1.1438904067233049,0.8,1.946846541453956,1.946846541453956,1,False,False,False,False,1e-06,0.9,-15.591448642278197
0.2922273648819068,0.0201121906896199,4.282082479745892,0.1481962359980571,-0.0029884587107553,0.7692307692307692,3,1,0.1,11.379681648652031,1.76137413638996,1,1.1938952878730422,0.27,0.3,1,10,1,1.9174773279452084,0.8,1.76137413638996,1.76137413638996,1,False,False,False,False,1e-06,0.9,-17.83075695339948
0.2611494209603401,0.0229521359934445,8.580593620890362,0.540014041187967,0.001496629514417,0.7692307692307693,3,1,0.1,3.937327195511001,0.6982403229141024,1,0.941799188723762,0.27,0.3,1,10,1,0.9541054231241196,0.8,0.6982403229141024,0.6982403229141024,1,False,False,False,False,1e-06,0.9,-10.052445966001498
0.4065209460625047,0.0239481629204171,14.520267512657252,1.4923444846948897,0.0255406865166295,0.7692307692307693,3,1,0.1,1.3061212476127837,0.2850969485938204,1,1.618803253672879,0.27,0.3,1,10,1,1.0575369881357537,0.8,0.2850969485938204,0.2850969485938204,1,False,False,False,False,1e-06,0.9,-17.556114737805572
0.3069539441905748,0.0299704805151566,4.414860490779213,0.2016277571352364,-0.0046945121751168,0.7692307692307693,3,1,0.1,8.644912349575028,1.4081098088355286,1,1.7727971557414448,0.27,0.3,1,10,1,1.5920127441538936,0.8,1.4081098088355286,1.4081098088355286,1,False,False,False,False,1e-06,0.9,-15.9555538046128
0.4578143823496777,0.0395508086705597,12.658934762790608,0.7259102222520946,-0.0084153030540696,0.7692307692307693,3,1,0.1,2.351102680548488,0.4937250478144286,1,1.512305740743224,0.27,0.3,1,10,1,1.6421458952333463,0.8,0.4937250478144286,0.4937250478144286,1,False,False,False,False,1e-06,0.9,-18.2836734282954
0.4106047357416511,0.0105679224588985,24.87173665036276,2.141611295140286,0.0391712616406444,0.7692307692307692,3,1,0.1,0.8905380758979389,0.1920410506702669,1,0.8657779919446686,0.27,0.3,1,10,1,1.0300289698964518,0.8,0.1920410506702669,0.1920410506702669,1,False,False,False,False,1e-06,0.9,-9.768066710847627
0.2685025769972496,0.0233926449422822,3.3390037097891216,0.1483160394132079,-0.0023479107960575,0.7692307692307693,3,1,0.1,18.73960881227707,1.9402236320455823,1,1.9555706970963864,0.27,0.3,1,10,1,1.327184249359863,0.8,1.9402236320455823,1.9402236320455823,1,False,False,False,False,1e-06,0.9,-11.73026410816336
0.2685560457740966,0.0140189826913738,5.512016537872946,0.2509608381379326,-0.0022451827413468,0.7692307692307692,3,1,0.1,7.080063037231748,1.1455509617520263,1,0.6231701952971401,0.27,0.3,1,10,1,1.4342571713125087,0.8,1.1455509617520263,1.1455509617520263,1,False,False,False,False,1e-06,0.9,-12.776526503796545
0.3572860810481079,0.0374807136504261,6.784549073025003,0.3270277654743985,-0.0082742205173451,0.7692307692307692,3,1,0.1,4.8932434912445,0.9245703422705236,1,1.58447003964847,0.27,0.3,1,10,1,1.7195827631961764,0.8,0.9245703422705236,0.9245703422705236,1,False,False,False,False,1e-06,0.9,-17.006054048954674
0.1380593093650413,0.0082243744407293,8.17112174252522,0.4373388088358614,0.0043476972376945,0.7692307692307693,3,1,0.1,5.351148636086651,0.9096262303509302,1,0.6019851707472302,0.27,0.3,1,10,1,0.5894821133644799,0.8,0.9096262303509302,0.9096262303509302,1,False,False,False,False,1e-06,0.9,-11.511812088391029
0.1617567548366751,0.0152377724353562,5.464516761962005,0.3685319232502214,0.0045051645229448,0.7692307692307693,3,1,0.1,13.104778433948704,1.0679492879798376,1,1.013248018699109,0.27,0.3,1,10,1,0.6481099799334695,0.8,1.0679492879798376,1.0679492879798376,1,False,False,False,False,1e-06,0.9,-5.503221183776674
0.3109859745429106,0.0293800054175195,7.8436417002426735,0.485870840405414,-0.0027646926621628,0.7692307692307692,3,1,0.1,3.9488483776746777,0.7285963583426306,1,1.126487086047761,0.27,0.3,1,10,1,1.1741932657158696,0.8,0.7285963583426306,0.7285963583426306,1,False,False,False,False,1e-06,0.9,-12.115233555901034
0.264311042099759,0.0244445445575215,4.2645463515097575,0.2521045779722045,-0.0025809964977377,0.7692307692307693,3,1,0.1,65.72123493251193,1.2495453463719874,1,1.100449573668592,0.27,0.3,1,10,1,1.18278201441474,0.8,1.2495453463719874,1.2495453463719874,1,False,False,False,False,1e-06,0.9,-4.539124358294284
0.566127407064834,0.0357599480175494,16.865052867274272,1.16349164719404,0.0018146375505115,0.7692307692307692,3,1,0.1,1.504317734472166,0.3059624239570279,1,1.8644482575224848,0.27,0.3,1,10,1,1.812394444576635,0.8,0.3059624239570279,0.3059624239570279,1,False,False,False,False,1e-06,0.9,-8.59598173505738
0.2724173308107787,0.0220475781297415,4.746245053631671,0.2596336824641795,-0.0029172698318651,0.7692307692307692,3,1,0.1,13.870831614796048,1.1767116319422366,1,0.9300153633277856,0.27,0.3,1,10,1,1.2881894229649964,0.8,1.1767116319422366,1.1767116319422366,1,False,False,False,False,1e-06,0.9,-6.202476836569806
0.2996101145730314,0.0233212206395437,4.391539935064864,0.1646656065983072,-0.0036591971678255,0.7692307692307693,3,1,0.1,9.727261044903583,1.6157396720568291,1,1.3190701561988978,0.27,0.3,1,10,1,1.8567977960627435,0.8,1.6157396720568291,1.6157396720568291,1,False,False,False,False,1e-06,0.9,-19.2202517152842
0.2821426523816883,0.0157553727659916,4.244387312147032,0.1386864119128805,-0.0022553798272795,0.7692307692307693,3,1,0.1,12.480239795082436,1.8569624152806403,1,0.9723652099982452,0.27,0.3,1,10,1,1.9467998154235056,0.8,1.8569624152806403,1.8569624152806403,1,False,False,False,False,1e-06,0.9,-17.424792346487244
0.3465866923350464,0.0169874412531021,22.268965346806176,0.7504771752151804,-0.0020078933282373,0.7692307692307693,3,1,0.1,4.389828207593447,0.4713055856486694,1,0.5093370408803967,0.27,0.3,1,10,1,1.4295313849728453,0.8,0.4713055856486694,0.4713055856486694,1,False,False,False,False,1e-06,0.9,-2.937801954090709
0.3424976747903438,0.0373854026535838,5.79451780614462,0.2726542375556286,-0.0075872240870478,0.7692307692307692,3,1,0.1,8.594223558421128,1.075545423140062,1,1.695191777023454,0.27,0.3,1,10,1,1.733756410280887,0.8,1.075545423140062,1.075545423140062,1,False,False,False,False,1e-06,0.9,-7.833070643188929
0.4155613929885305,0.0439300232752081,9.46234919855513,0.4922538351900609,-0.0108940231999775,0.7692307692307692,3,1,0.1,3.6022198623058315,0.673330413383133,1,1.818499068913984,0.27,0.3,1,10,1,1.708066068464276,0.8,0.673330413383133,0.673330413383133,1,False,False,False,False,1e-06,0.9,-11.812245356679016
0.5715897575943928,0.0088125989354296,40.34681393216573,1.8810689833470813,0.0291515979951851,0.7692307692307693,3,1,0.1,0.746472988654778,0.1658540622968438,1,0.7293789101811522,0.27,0.3,1,10,1,1.61400240409869,0.8,0.1658540622968438,0.1658540622968438,1,False,False,False,False,1e-06,0.9,-14.859732295701766
0.215991742672951,0.0160852355883153,3.0551895657453443,0.1650322924381817,-0.0005676826888521,0.7692307692307693,3,1,0.1,24.369135383505707,1.939071800571936,1,1.2946805262887808,0.27,0.3,1,10,1,0.955613108648653,0.8,1.939071800571936,1.939071800571936,1,False,False,False,False,1e-06,0.9,-9.865140578880467
0.2631918461400035,0.0264333110340164,4.0946101688161765,0.2264073839933361,-0.0023360650865804,0.7692307692307693,3,1,0.1,7.991720162674692,1.3961263405987443,1,1.880867080980148,0.27,0.3,1,10,1,1.130532526453551,0.8,1.3961263405987443,1.3961263405987443,1,False,False,False,False,1e-06,0.9,-19.15271896924439
0.2738300914197679,0.0238832979559993,3.731468166960072,0.1909777392037386,-0.0027843700011702,0.7692307692307692,3,1,0.1,9.132276219093496,1.545251166184578,1,1.4994812018229642,0.27,0.3,1,10,1,1.313285271252834,0.8,1.545251166184578,1.545251166184578,1,False,False,False,False,1e-06,0.9,-19.30839142807782
0.1858361915541998,0.0144074852749866,3.458996719912053,0.2036114791922917,0.0005783977323199,0.7692307692307693,3,1,0.1,18.40155669704125,1.7073641902466383,1,1.1865047476152668,0.27,0.3,1,10,1,0.7840994321923886,0.8,1.7073641902466383,1.7073641902466383,1,False,False,False,False,1e-06,0.9,-9.518076957400428
0.2269013216706977,0.0176119602494268,3.388445694064584,0.1933842555474952,-0.000902900074189,0.7692307692307693,3,1,0.1,19.868059156868608,1.6483998154259918,1,1.150340984069454,0.27,0.3,1,10,1,1.0066263203834684,0.8,1.6483998154259918,1.6483998154259918,1,False,False,False,False,1e-06,0.9,-8.579049722756702
0.2545458519415878,0.0147388777780197,3.412791206923872,0.1577620659584913,-0.001659166936861,0.7692307692307693,3,1,0.1,28.124316922449417,1.7852068659061124,1,0.8691094847764278,0.27,0.3,1,10,1,1.3791182094881578,0.8,1.7852068659061124,1.7852068659061124,1,False,False,False,False,1e-06,0.9,-8.208535765060162
0.2431043270141077,0.0096426837763612,16.28482132940514,2.704707211098641,0.0813784356439699,0.7692307692307693,3,1,0.1,1.0264391299856392,0.1970804584050695,1,1.393131399069348,0.27,0.3,1,10,1,0.6203778179656617,0.8,0.1970804584050695,0.1970804584050695,1,False,False,False,False,1e-06,0.9,-3.910733944695796
0.2245163613896339,0.0223087906951985,3.603775764624906,0.2133544949727625,-0.0006026289076124,0.7692307692307692,3,1,0.1,74.45928711379698,1.5653057045396004,1,1.6142113879659632,0.27,0.3,1,10,1,0.9347222938221668,0.8,1.5653057045396004,1.5653057045396004,1,False,False,False,False,1e-06,0.9,-5.740638610232978
0.2441526031461492,0.0190840740726656,10.917838674389454,0.64302714170432,0.0041517828576508,0.7692307692307692,3,1,0.1,3.2593577143959176,0.6119369638956815,1,0.8092059646174656,0.27,0.3,1,10,1,0.8777266444589111,0.8,0.6119369638956815,0.6119369638956815,1,False,False,False,False,1e-06,0.9,-10.941519265986814
0.3558794333210399,0.0410957660196285,6.354134030496349,0.314749066481032,-0.0085844062710251,0.7692307692307692,3,1,0.1,7.166167572544923,0.9670818884142012,1,1.9598542318612888,0.27,0.3,1,10,1,1.6637823145552937,0.8,0.9670818884142012,0.9670818884142012,1,False,False,False,False,1e-06,0.9,-7.763758330169324
0.128047170159409,0.0156877327207274,6.933992430912334,0.5077535199832708,0.0138266690017497,0.7692307692307692,3,1,0.1,4.8975310377274415,0.8722689875678918,1,1.866268354822212,0.27,0.3,1,10,1,0.5064362961247773,0.8,0.8722689875678918,0.8722689875678918,1,False,False,False,False,1e-06,0.9,-12.740357239268324
0.1830143683997417,0.0142162565988135,3.4185691242342195,0.1960913174670002,0.0006563072488872,0.7692307692307693,3,1,0.1,11.50485375320349,1.7814227293587004,1,1.345959339318621,0.27,0.3,1,10,1,0.7675889276474107,0.8,1.7814227293587004,1.7814227293587004,1,False,False,False,False,1e-06,0.9,-18.047630556793912
0.1171555474594426,0.0088582480742384,4.851914126171057,0.2981540608396594,0.00395560800303,0.7692307692307693,3,1,0.1,56.33317573159629,1.3465899214262846,1,0.8431749781315272,0.27,0.3,1,10,1,0.5224416970404924,0.8,1.3465899214262846,1.3465899214262846,1,False,False,False,False,1e-06,0.9,-5.00731102734354
0.1727112531833924,0.0143990392263057,3.429819092352969,0.1788314559844148,0.0009194204475352,0.7692307692307692,3,1,0.1,13.297526697838563,1.983281745486781,1,1.8675057530088213,0.27,0.3,1,10,1,0.7222647308001509,0.8,1.983281745486781,1.983281745486781,1,False,False,False,False,1e-06,0.9,-18.69092582771436
0.2493075816846608,0.0225433643242132,3.3471063947304045,0.1646078889914442,-0.0017166848962228,0.7692307692307693,3,1,0.1,18.32417621538135,1.8526612581360768,1,1.9541660564222665,0.27,0.3,1,10,1,1.1309082430878474,0.8,1.8526612581360768,1.8526612581360768,1,False,False,False,False,1e-06,0.9,-10.990859162195918
0.3884640417103616,0.0390642684951981,8.703106244276706,0.4084318916512567,-0.0099036555727601,0.7692307692307693,3,1,0.1,3.876855182006665,0.7662426498601017,1,1.4428797195315568,0.27,0.3,1,10,1,1.814050369852532,0.8,0.7662426498601017,0.7662426498601017,1,False,False,False,False,1e-06,0.9,-17.79436947334662
0.3517367282768754,0.0390632569790395,7.804109474833228,0.4829436566745391,-0.0054966300861458,0.7692307692307693,3,1,0.1,3.8887589425622,0.7260408635468888,1,1.8899784194068336,0.27,0.3,1,10,1,1.285333738149787,0.8,0.7260408635468888,0.7260408635468888,1,False,False,False,False,1e-06,0.9,-12.673789587037348
0.3729510958024167,0.0305902247909521,10.981066012023163,0.5225024775372425,-0.0069625788851311,0.7692307692307692,3,1,0.1,3.3363909959506453,0.6375871113415765,1,0.954298657085548,0.27,0.3,1,10,1,1.600459380236894,0.8,0.6375871113415765,0.6375871113415765,1,False,False,False,False,1e-06,0.9,-12.363788283102693
0.5840489444281349,0.009769168614205,40.50876682917369,1.7720443556708931,0.0261341018451891,0.7692307692307692,3,1,0.1,0.7774479396167314,0.1723510840578191,1,0.7293994424467571,0.27,0.3,1,10,1,1.7333744205942008,0.8,0.1723510840578191,0.1723510840578191,1,False,False,False,False,1e-06,0.9,-14.599520056051388
0.258982477636028,0.0194797096071231,3.593175924867308,0.1877547085761201,-0.0020876996913332,0.7692307692307693,3,1,0.1,11.122156135560104,1.5764953655447922,1,1.1293368509737576,0.27,0.3,1,10,1,1.2597392631586062,0.8,1.5764953655447922,1.5764953655447922,1,False,False,False,False,1e-06,0.9,-13.621805911931958
0.3155421268773208,0.0371623101353657,6.345308250656062,0.4124781787101167,-0.0040782707125602,0.7692307692307693,3,1,0.1,7.393857661630329,0.8433142058236269,1,1.7544033826509855,0.27,0.3,1,10,1,1.1843975685400847,0.8,0.8433142058236269,0.8433142058236269,1,False,False,False,False,1e-06,0.9,-5.558097517279803
0.2661126438552023,0.0118360009326226,4.763711160178229,0.2013028249144295,-0.0018676737359931,0.7692307692307693,3,1,0.1,8.054419871378107,1.3618744372555376,1,0.610605032685801,0.27,0.3,1,10,1,1.5630954291305037,0.8,1.3618744372555376,1.3618744372555376,1,False,False,False,False,1e-06,0.9,-16.98295721456914
0.2967587799716573,0.0139902833134204,10.447171051855332,0.3820449795643345,-0.0029299962454691,0.7692307692307692,3,1,0.1,4.256549321100684,0.7784588156166462,1,0.5116661899287881,0.27,0.3,1,10,1,1.5392469548408254,0.8,0.7784588156166462,0.7784588156166462,1,False,False,False,False,1e-06,0.9,-12.505450246555704
0.2026957384767165,0.0089922706446087,4.694924839716975,0.2494260095566786,-0.0001270168891165,0.7692307692307692,3,1,0.1,9.037806433239426,1.3036399945772237,1,0.562711486340782,0.27,0.3,1,10,1,0.92107801615868,0.8,1.3036399945772237,1.3036399945772237,1,False,False,False,False,1e-06,0.9,-11.58954432821936
0.3948732080625625,0.0459423700241094,7.937151513741319,0.3881723254519617,-0.0114209867832796,0.7692307692307693,3,1,0.1,7.340163752931195,0.8069360109662187,1,1.852132238030204,0.27,0.3,1,10,1,1.8210124587371488,0.8,0.8069360109662187,0.8069360109662187,1,False,False,False,False,1e-06,0.9,-5.136926692271517
0.1189507038622382,0.0055314112567571,4.210602387804496,0.2276263365277899,0.0016226665827156,0.7692307692307692,3,1,0.1,12.116272439572628,1.6826182944161212,1,0.6680526339792237,0.27,0.3,1,10,1,0.5448237935600303,0.8,1.6826182944161212,1.6826182944161212,1,False,False,False,False,1e-06,0.9,-14.084540409887833
0.3095140401901164,0.027172198371038,4.443153263086433,0.1454690668227889,-0.0040329084465158,0.7692307692307693,3,1,0.1,11.62179476488827,1.7947989064691108,1,1.9878544447112787,0.27,0.3,1,10,1,1.9768443832335003,0.8,1.7947989064691108,1.7947989064691108,1,False,False,False,False,1e-06,0.9,-18.08617638866369
0.2275323330640837,0.0164036135527254,10.407007216066315,0.5668526720118854,0.0030371895209955,0.7692307692307692,3,1,0.1,3.5967857096392666,0.6738062649129309,1,0.7191826440836016,0.27,0.3,1,10,1,0.8616705064636727,0.8,0.6738062649129309,0.6738062649129309,1,False,False,False,False,1e-06,0.9,-11.933456895196088
0.4491743447493885,0.044365936019099,11.485035434909594,0.556036268142711,-0.0126533957848166,0.7692307692307692,3,1,0.1,3.556817005629171,0.599584917241395,1,1.5469718007218431,0.27,0.3,1,10,1,1.9164896851284936,0.8,0.599584917241395,0.599584917241395,1,False,False,False,False,1e-06,0.9,-7.415602294502113
0.1868458959406776,0.0156864373114591,4.947317766445385,0.316818987939296,0.0019105957574579,0.7692307692307692,3,1,0.1,7.752530336604157,1.160736338045757,1,0.9882958703033806,0.27,0.3,1,10,1,0.754646841302547,0.8,1.160736338045757,1.160736338045757,1,False,False,False,False,1e-06,0.9,-11.016923561772252
0.2832575017838661,0.0245638486863554,3.7574037571098207,0.177865485763481,-0.0031483920446056,0.7692307692307692,3,1,0.1,9.800614242441332,1.6067965281203984,1,1.562835883346007,0.27,0.3,1,10,1,1.4382225717804076,0.8,1.6067965281203984,1.6067965281203984,1,False,False,False,False,1e-06,0.9,-18.497228390889752
0.1654166468469977,0.0174569964601946,5.418508404031472,0.371837351411899,0.0053759204980652,0.7692307692307692,3,1,0.1,5.873370250865215,1.0758604582953912,1,1.4823581193400854,0.27,0.3,1,10,1,0.639459897147128,0.8,1.0758604582953912,1.0758604582953912,1,False,False,False,False,1e-06,0.9,-17.388711012824942
0.2541538337308869,0.0089259475826348,4.223603824956438,0.1763003308727924,-0.0012499216237029,0.7692307692307692,3,1,0.1,16.71802082513634,1.542054131051761,1,0.5296219419977476,0.27,0.3,1,10,1,1.518326368782546,0.8,1.542054131051761,1.542054131051761,1,False,False,False,False,1e-06,0.9,-8.562721583074378
0.2687456510608054,0.0107767542318332,17.19505980402021,2.5268871834661595,0.0711540202684345,0.7692307692307693,3,1,0.1,0.9445000637561952,0.2058398370046973,1,1.6676432731647897,0.27,0.3,1,10,1,0.6688764207263053,0.8,0.2058398370046973,0.2058398370046973,1,False,False,False,False,1e-06,0.9,-12.337408870226362
0.226882089970076,0.0156549753780345,3.2675728368934136,0.1793809505962187,-0.0009294088904849,0.7692307692307693,3,1,0.1,18.831777031158264,1.7373988114682664,1,1.0366367325447206,0.27,0.3,1,10,1,1.0403607642069836,0.8,1.7373988114682664,1.7373988114682664,1,False,False,False,False,1e-06,0.9,-9.648814660947378
0.2469627336662198,0.0189185283975482,4.628050624567187,0.2688064207784543,-0.0014923254041499,0.7692307692307693,3,1,0.1,6.464425938503847,1.193540513111173,1,0.9461814716268168,0.27,0.3,1,10,1,1.085896348360886,0.8,1.193540513111173,1.193540513111173,1,False,False,False,False,1e-06,0.9,-19.89954728991158
0.3092690744203447,0.0193487497815341,13.579823491423996,1.6848342060977175,0.042016140094584,0.7692307692307693,3,1,0.1,1.4066521811779646,0.2793436049415511,1,1.5387069359233694,0.27,0.3,1,10,1,0.8037576036446219,0.8,0.2793436049415511,0.2793436049415511,1,False,False,False,False,1e-06,0.9,-6.6770804147445855
0.4706875853140716,0.0350616944908148,16.552848700112335,0.754443225049462,-0.0092835664177628,0.7692307692307692,3,1,0.1,2.480829504809946,0.4628166062855252,1,1.054725438117654,0.27,0.3,1,10,1,1.9069186773794653,0.8,0.4628166062855252,0.4628166062855252,1,False,False,False,False,1e-06,0.9,-8.052395886163339
0.4042158777116845,0.0390342790450099,10.667619247193771,0.7696697749277164,-0.0022873215876397,0.7692307692307693,3,1,0.1,2.778943170378793,0.498490113362264,1,1.7511804850833257,0.27,0.3,1,10,1,1.278073516820063,0.8,0.498490113362264,0.498490113362264,1,False,False,False,False,1e-06,0.9,-7.461928403991331
0.2494182996298801,0.0146024706643512,3.45381952291346,0.1696406451813795,-0.0015297876330355,0.7692307692307693,3,1,0.1,10.516586775386129,1.7024840933215728,1,0.8972015441966359,0.27,0.3,1,10,1,1.281220876037639,0.8,1.7024840933215728,1.7024840933215728,1,False,False,False,False,1e-06,0.9,-19.01182290985384
0.4382071890352214,0.0418499071207755,11.19788746459137,0.6743096472212817,-0.0081574054276044,0.7692307692307692,3,1,0.1,2.642789030720788,0.5335024498847738,1,1.79676668306514,0.27,0.3,1,10,1,1.535908711605834,0.8,0.5335024498847738,0.5335024498847738,1,False,False,False,False,1e-06,0.9,-14.201091585146717
0.2199455588670292,0.0222092585473954,7.84557158956255,0.5657602659153529,0.0062354728297076,0.7692307692307692,3,1,0.1,4.703563106025021,0.7165069606352196,1,1.1157602560528863,0.27,0.3,1,10,1,0.7759691129068015,0.8,0.7165069606352196,0.7165069606352196,1,False,False,False,False,1e-06,0.9,-7.026827062657473
0.4595523141686865,0.042480251745391,10.564798713926214,1.0837773067015537,0.0051855249457091,0.7692307692307693,3,1,0.1,5.657554244037655,0.3600947386497959,1,1.5069622235262727,0.27,0.3,1,10,1,1.3602369110916417,0.8,0.3600947386497959,0.3600947386497959,1,False,False,False,False,1e-06,0.9,-1.6574599779409134
0.2533563160573852,0.0136699391678143,15.668718741916903,1.819397021001187,0.0449182791105774,0.7692307692307693,3,1,0.1,1.2390173037426635,0.2703290194101732,1,1.213475066611598,0.27,0.3,1,10,1,0.6893756542012232,0.8,0.2703290194101732,0.2703290194101732,1,False,False,False,False,1e-06,0.9,-16.517958140183957
0.2154749288039181,0.0066429606181365,3.2822764344601376,0.1575948591339242,-0.0004578259142135,0.7692307692307692,3,1,0.1,12.161062624490231,1.877270360575527,1,0.5451479350263518,0.27,0.3,1,10,1,1.0953587837848082,0.8,1.877270360575527,1.877270360575527,1,False,False,False,False,1e-06,0.9,-18.900753473933268
0.3136573871167482,0.0215518449677773,8.703810706383093,0.3821665432217637,-0.0044188969446044,0.7692307692307693,3,1,0.1,4.095881451083879,0.8045627975459511,1,0.7356144281266982,0.27,0.3,1,10,1,1.526595736719841,0.8,0.8045627975459511,0.8045627975459511,1,False,False,False,False,1e-06,0.9,-18.024084657997232
0.1780068959795555,0.0158951274186288,3.589069510343473,0.1937474033029331,0.0009985159341009,0.7692307692307692,3,1,0.1,13.33032111628849,1.8339407306560167,1,1.9060984086005832,0.27,0.3,1,10,1,0.7364943103427031,0.8,1.8339407306560167,1.8339407306560167,1,False,False,False,False,1e-06,0.9,-15.137722438301935
0.1334172155001874,0.0141434670395179,6.810322740002262,0.4945687368912377,0.010859371119159,0.7692307692307692,3,1,0.1,4.836360530742745,0.878546581824083,1,1.266012007254254,0.27,0.3,1,10,1,0.5300030364488145,0.8,0.878546581824083,0.878546581824083,1,False,False,False,False,1e-06,0.9,-13.759718254017814
0.6189652051628285,0.0079869069539927,31.386514527018583,2.601335033811828,0.0662875818297659,0.7692307692307693,3,1,0.1,0.5822362779668074,0.1306184659330296,1,1.9901566760073968,0.27,0.3,1,10,1,1.4644233220289722,0.8,0.1306184659330296,0.1306184659330296,1,False,False,False,False,1e-06,0.9,-15.6262011261064
0.3458089856782481,0.0375577449690842,6.448938275108144,0.3453858154403269,-0.0072367505173985,0.7692307692307692,3,1,0.1,4.778994200683005,0.9114047127937822,1,1.7437755361663696,0.27,0.3,1,10,1,1.5090002502525486,0.8,0.9114047127937822,0.9114047127937822,1,False,False,False,False,1e-06,0.9,-17.501348079371482
0.2308436472264947,0.010862745029031,3.7056581987336528,0.1872568325933836,-0.0009734797377891,0.7692307692307692,3,1,0.1,52.10160506426746,1.584807797098209,1,0.6341268552276493,0.27,0.3,1,10,1,1.161456030187208,0.8,1.584807797098209,1.584807797098209,1,False,False,False,False,1e-06,0.9,-6.0847179105805775
0.2540274900917084,0.0176335128232736,3.534145253151577,0.1821633586937612,-0.001847208177706,0.7692307692307693,3,1,0.1,12.231707930671789,1.615964777787258,1,1.0238731353691086,0.27,0.3,1,10,1,1.255253626501029,0.8,1.615964777787258,1.615964777787258,1,False,False,False,False,1e-06,0.9,-12.599780890615015
0.3540559718743695,0.0226303061719682,14.590163976649151,0.5850370866126892,-0.0046580854614468,0.7692307692307693,3,1,0.1,3.172056375804796,0.5757290948523414,1,0.6871079052426904,0.27,0.3,1,10,1,1.5373812721462987,0.8,0.5757290948523414,0.5757290948523414,1,False,False,False,False,1e-06,0.9,-8.988794265681797
0.3300222185204969,0.0271488472216234,11.627746891379148,1.3482475283912427,0.029788656168584,0.7692307692307693,3,1,0.1,2.061243552560266,0.3341174477700828,1,1.7725042231817394,0.27,0.3,1,10,1,0.8819092182441355,0.8,0.3341174477700828,0.3341174477700828,1,False,False,False,False,1e-06,0.9,-3.742506244636101
0.3027867666982077,0.0272833673005466,4.112987087766651,0.1585889978395814,-0.003965988635345,0.7692307692307692,3,1,0.1,13.1954045049132,1.7026451980800703,1,1.8231699756376831,0.27,0.3,1,10,1,1.7552772184036889,0.8,1.7026451980800703,1.7026451980800703,1,False,False,False,False,1e-06,0.9,-12.873777331177353
0.3177834657660679,0.0140370756507064,23.96256316863563,0.8063141007075678,0.0003909269755163,0.7692307692307693,3,1,0.1,2.431204233243759,0.4551048107730369,1,0.5111351106380746,0.27,0.3,1,10,1,1.224193792043487,0.8,0.4551048107730369,0.4551048107730369,1,False,False,False,False,1e-06,0.9,-8.033781914947422
0.1377127896249757,0.0124455713564738,9.734685524347336,0.661412808051038,0.0136180822924023,0.7692307692307693,3,1,0.1,3.3327775286258534,0.6731112886108566,1,0.9325502984412618,0.27,0.3,1,10,1,0.5383605178800299,0.8,0.6731112886108566,0.6731112886108566,1,False,False,False,False,1e-06,0.9,-17.97704658502392
0.1872214612752326,0.0106921003410464,8.444165518439254,0.4321396986526447,0.0021408725145826,0.7692307692307693,3,1,0.1,4.657419676717634,0.8531346739666067,1,0.5844054878849705,0.27,0.3,1,10,1,0.7708921611754163,0.8,0.8531346739666067,0.8531346739666067,1,False,False,False,False,1e-06,0.9,-13.789327834795928
0.5510223997633458,0.0258789576296476,18.78700781433451,1.3853944192260526,0.0128330719285675,0.7692307692307692,3,1,0.1,1.180261446854198,0.2580760350758156,1,1.3676634970236137,0.27,0.3,1,10,1,1.6512903743993437,0.8,0.2580760350758156,0.2580760350758156,1,False,False,False,False,1e-06,0.9,-16.394184147321948
0.2859004398245539,0.021829908488277,3.9719889643645017,0.1720236639326782,-0.0031492601640593,0.7692307692307693,3,1,0.1,14.03529630977838,1.5996519593649954,1,1.17309208794706,0.27,0.3,1,10,1,1.6199623297785908,0.8,1.5996519593649954,1.5996519593649954,1,False,False,False,False,1e-06,0.9,-10.535501475316808
0.3124909087759742,0.0315036282803512,4.627756822872746,0.2146817085160653,-0.0051558681372264,0.7692307692307692,3,1,0.1,8.32784524305623,1.333533039282906,1,1.796986472617281,0.27,0.3,1,10,1,1.5996827557949262,0.8,1.333533039282906,1.333533039282906,1,False,False,False,False,1e-06,0.9,-14.52148091882519
0.3798182611385589,0.0245928524179381,14.13093544690208,1.4809088619972253,0.0285386164941078,0.7692307692307692,3,1,0.1,1.3613594831699416,0.2956336326030076,1,1.9238669510645183,0.27,0.3,1,10,1,0.9804632192361088,0.8,0.2956336326030076,0.2956336326030076,1,False,False,False,False,1e-06,0.9,-16.710745769012313
0.3625815969707672,0.0267883525037614,11.75403170674199,0.4848828157207688,-0.0066548242205716,0.7692307692307693,3,1,0.1,3.3890450037479187,0.6601632795720942,1,0.8149664623058324,0.27,0.3,1,10,1,1.7061449344031323,0.8,0.6601632795720942,0.6601632795720942,1,False,False,False,False,1e-06,0.9,-14.115492705485265
0.3163422526028709,0.0339736996675582,4.876518128474884,0.2461455526379914,-0.0056577226472157,0.7692307692307693,3,1,0.1,9.628860127642616,1.2053001033795387,1,1.7758105677895115,0.27,0.3,1,10,1,1.5187620636460746,0.8,1.2053001033795387,1.2053001033795387,1,False,False,False,False,1e-06,0.9,-8.780411502682552
0.168119349022551,0.0127417778810045,4.118825561640271,0.2529549945566595,0.0016185348734585,0.7692307692307692,3,1,0.1,9.261467326333053,1.445903989905569,1,1.0233845584683268,0.27,0.3,1,10,1,0.7018013001063362,0.8,1.445903989905569,1.445903989905569,1,False,False,False,False,1e-06,0.9,-14.899548152511642
0.3309839393005128,0.0358055286788564,7.41788036793951,0.4814843539508694,-0.0039032496237001,0.7692307692307692,3,1,0.1,4.180669289564721,0.738535960493355,1,1.5948200722446308,0.27,0.3,1,10,1,1.203488353199409,0.8,0.738535960493355,0.738535960493355,1,False,False,False,False,1e-06,0.9,-10.498239425327366
0.2861049118114434,0.0196137919851782,3.91097926992414,0.1355906494975731,-0.002649169748476,0.7692307692307692,3,1,0.1,27.72498374429541,1.9294560006686816,1,1.2091663354135176,0.27,0.3,1,10,1,1.8513109286283795,0.8,1.9294560006686816,1.9294560006686816,1,False,False,False,False,1e-06,0.9,-9.208516640472926
0.3627307955787424,0.0368768774145416,7.493843134939267,0.384931187351523,-0.0081445654885702,0.7692307692307692,3,1,0.1,4.295311024384861,0.8197013588185167,1,1.420169645686952,0.27,0.3,1,10,1,1.6253922966220653,0.8,0.8197013588185167,0.8197013588185167,1,False,False,False,False,1e-06,0.9,-15.789971985093697
0.1730929366836333,0.0156980863539047,9.844098999217463,0.680541236773086,0.0118786641889405,0.7692307692307692,3,1,0.1,3.262319136703237,0.638171197221696,1,0.9612675609183916,0.27,0.3,1,10,1,0.6304234001767374,0.8,0.638171197221696,0.638171197221696,1,False,False,False,False,1e-06,0.9,-13.96574517715915
0.298909869798425,0.0275580860796092,7.4820310859645,0.4569831426575642,-0.0024023706736902,0.7692307692307692,3,1,0.1,3.810364866471108,0.7668435597864961,1,1.095357580471736,0.27,0.3,1,10,1,1.1481043250129148,0.8,0.7668435597864961,0.7668435597864961,1,False,False,False,False,1e-06,0.9,-19.98424976759768
0.1263549828172892,0.0084768065628776,3.6584243229255575,0.206334777833829,0.0020100506076735,0.7692307692307693,3,1,0.1,15.271007527459998,1.862494983334158,1,1.0639837079494967,0.27,0.3,1,10,1,0.5584804282843328,0.8,1.862494983334158,1.862494983334158,1,False,False,False,False,1e-06,0.9,-13.167315248533106
0.6289375790875261,0.0196662586619119,22.94003487867765,1.6830796534883754,0.032122437425465,0.7692307692307692,3,1,0.1,0.896361819634335,0.1915467516325822,1,1.5203910079584484,0.27,0.3,1,10,1,1.8682136718201032,0.8,0.1915467516325822,0.1915467516325822,1,False,False,False,False,1e-06,0.9,-8.62886672575254
0.2962019664511399,0.0291631042263665,4.227242019210837,0.2101827175373179,-0.0041532270635811,0.7692307692307692,3,1,0.1,9.379780031292029,1.392418481535038,1,1.7190716425968418,0.27,0.3,1,10,1,1.441565043242535,0.8,1.392418481535038,1.392418481535038,1,False,False,False,False,1e-06,0.9,-13.011266584041143
0.1624589438427434,0.0123910769379071,7.117896575864772,0.4298076946507074,0.0044513907381757,0.7692307692307693,3,1,0.1,5.353966154769793,0.9143630273676896,1,0.7758660071523928,0.27,0.3,1,10,1,0.6571538070973884,0.8,0.9143630273676896,0.9143630273676896,1,False,False,False,False,1e-06,0.9,-11.725170524298152
0.2683553884749796,0.0148137090470512,6.500595744909987,0.3017745672030516,-0.0022690252171316,0.769230769230769,3,1,0.1,7.457747838752545,0.9938624553894416,1,0.597452185866045,0.27,0.3,1,10,1,1.3378460039932702,0.8,0.9938624553894416,0.9938624553894416,1,False,False,False,False,1e-06,0.9,-7.84084502762207
0.2011133276332376,0.0112583520232154,3.9482224041881935,0.2222073152597566,-9.534528656754818e-05,0.7692307692307692,3,1,0.1,8.828853732153908,1.480138133868229,1,0.7520981975107319,0.27,0.3,1,10,1,0.8953847018296115,0.8,1.480138133868229,1.480138133868229,1,False,False,False,False,1e-06,0.9,-18.037744860557176
0.2773291333985154,0.0265551170538271,4.806050601221799,0.2858529099399663,-0.0029084186409806,0.7692307692307692,3,1,0.1,6.228929452319016,1.1229066337478273,1,1.3200669716460185,0.27,0.3,1,10,1,1.1831765936399867,0.8,1.1229066337478273,1.1229066337478273,1,False,False,False,False,1e-06,0.9,-17.105655612071157
0.3830503242028418,0.0336511785502593,11.102916845975916,0.7531616208413574,-0.0017736360689974,0.7692307692307693,3,1,0.1,2.592151534594189,0.5067627010865581,1,1.2944783384941163,0.27,0.3,1,10,1,1.2576561312513688,0.8,0.5067627010865581,0.5067627010865581,1,False,False,False,False,1e-06,0.9,-11.0522681385653
0.2500938202298156,0.018326345637041,3.105066684990621,0.1525546402024487,-0.0015917818951191,0.7692307692307692,3,1,0.1,14.91734436019096,1.92953496124755,1,1.344651294956846,0.27,0.3,1,10,1,1.2126929235790171,0.8,1.92953496124755,1.92953496124755,1,False,False,False,False,1e-06,0.9,-14.634646362890638
0.3280674473556328,0.0329179363182834,5.281902204518569,0.2324963627549419,-0.0062309452224342,0.7692307692307692,3,1,0.1,7.2671865981925405,1.2172785207089298,1,1.6294022868943754,0.27,0.3,1,10,1,1.7687615092790805,0.8,1.2172785207089298,1.2172785207089298,1,False,False,False,False,1e-06,0.9,-14.800536051024014
0.4411631598445032,0.0428937926795656,11.180720863349835,0.7795400975438608,-0.0053456010341397,0.7692307692307692,3,1,0.1,2.9690315525295987,0.4810803708277237,1,1.900079514399266,0.27,0.3,1,10,1,1.4264896465624848,0.8,0.4810803708277237,0.4810803708277237,1,False,False,False,False,1e-06,0.9,-5.383776740499066
0.3389199722951234,0.0010075210923495,74.92339406136274,5.421695939493146,0.0539910424478189,0.7692307692307692,3,1,0.1,0.422353726214271,0.0953944068932077,1,0.9092857554191685,0.27,0.3,1,10,1,0.7042046679079783,0.8,0.0953944068932077,0.0953944068932077,1,False,False,False,False,1e-06,0.9,-14.958917802328928
0.5762120569205027,0.0170166139100031,20.70601620226058,1.902850687721867,0.0416569744433997,0.7692307692307692,3,1,0.1,0.8819305918291024,0.1835278815844301,1,1.4136478886052666,0.27,0.3,1,10,1,1.524318411292152,0.8,0.1835278815844301,0.1835278815844301,1,False,False,False,False,1e-06,0.9,-6.2270334260517135
0.5411888779535565,0.0362477557850932,16.443513239754797,1.0545812836088873,-0.0024481378951706,0.7692307692307693,3,1,0.1,1.629556493975224,0.3414788643479599,1,1.6269324730930186,0.27,0.3,1,10,1,1.7836353273836614,0.8,0.3414788643479599,0.3414788643479599,1,False,False,False,False,1e-06,0.9,-12.381048520390872
0.2457711019868755,0.0199874654571998,3.688480442922721,0.2102874977452198,-0.0015964572418144,0.7692307692307693,3,1,0.1,11.338878461185644,1.4859835916886317,1,1.1763529458380508,0.27,0.3,1,10,1,1.1049312370350817,0.8,1.4859835916886317,1.4859835916886317,1,False,False,False,False,1e-06,0.9,-11.46306605026628
0.2943142565419389,0.0232630235686678,3.962708968450626,0.1354612943847473,-0.0031630782766149,0.7692307692307693,3,1,0.1,64.922142493635,1.9347158583240736,1,1.4710971439110514,0.27,0.3,1,10,1,1.8833066414442536,0.8,1.9347158583240736,1.9347158583240736,1,False,False,False,False,1e-06,0.9,-7.40534792295117
0.26308506891341,0.0095319853479562,5.001076485599857,0.203590416557187,-0.0015440550273441,0.7692307692307693,3,1,0.1,7.8492327741997565,1.333867191253011,1,0.518433513371398,0.27,0.3,1,10,1,1.5820977038373247,0.8,1.333867191253011,1.333867191253011,1,False,False,False,False,1e-06,0.9,-16.86663044676748
0.4299173460187783,0.017891963265737,32.35528339086805,0.8465436149843192,-0.0040342519796856,0.7692307692307692,3,1,0.1,1.88786782611479,0.4061356871383079,1,0.5679458861695592,0.27,0.3,1,10,1,1.9126079751768064,0.8,0.4061356871383079,0.4061356871383079,1,False,False,False,False,1e-06,0.9,-19.97528669679012
0.3115996909710892,0.0229536036268649,6.674689823053633,0.2813982453323921,-0.004861145562264,0.7692307692307693,3,1,0.1,6.717083825479897,1.0140256694742584,1,0.8305129916157532,0.27,0.3,1,10,1,1.7452099874472635,0.8,1.0140256694742584,1.0140256694742584,1,False,False,False,False,1e-06,0.9,-9.773820906838871
0.3104942494561916,0.0307133241019823,5.620527055766444,0.317299696928801,-0.0048451018261795,0.7692307692307692,3,1,0.1,5.259071145673927,0.9940586736060026,1,1.352129923953776,0.27,0.3,1,10,1,1.3590336628000554,0.8,0.9940586736060026,0.9940586736060026,1,False,False,False,False,1e-06,0.9,-18.314645699903828
0.4168140028909153,0.0434638983980716,9.850446842141382,0.6508834801072549,-0.0075433335601747,0.7692307692307692,3,1,0.1,4.158279520978061,0.5588030124387957,1,1.6752105472333882,0.27,0.3,1,10,1,1.4505813410711352,0.8,0.5588030124387957,0.5588030124387957,1,False,False,False,False,1e-06,0.9,-4.459656436964558
0.13293003365131,0.0176801733575938,6.498828625113876,0.528983916256858,0.0152957793103133,0.7692307692307693,3,1,0.1,44.24033566029003,0.8422346638349516,1,1.5838197618779704,0.27,0.3,1,10,1,0.5191400421194701,0.8,0.8422346638349516,0.8422346638349516,1,False,False,False,False,1e-06,0.9,-3.059878920347081
0.3182488703790869,0.0312029762016375,5.056365624493123,0.2403931885308485,-0.0056305783335007,0.7692307692307693,3,1,0.1,8.27132536787841,1.2006302323793812,1,1.4450525982032905,0.27,0.3,1,10,1,1.6439833133610202,0.8,1.2006302323793812,1.2006302323793812,1,False,False,False,False,1e-06,0.9,-10.78757038842278
0.3438526573282714,0.0242824786681374,11.366021779134856,0.4867248787951856,-0.0053061817128628,0.7692307692307692,3,1,0.1,3.256954992124644,0.6657435427298202,1,0.769527837546041,0.27,0.3,1,10,1,1.5596805791963226,0.8,0.6657435427298202,0.6657435427298202,1,False,False,False,False,1e-06,0.9,-19.42571986404529
0.4549383504417834,0.0350893316641703,13.545803284833427,0.8981048220379902,-0.00282807265183,0.7692307692307692,3,1,0.1,2.002169344103243,0.4190663787282009,1,1.3923581583564506,0.27,0.3,1,10,1,1.470065467616764,0.8,0.4190663787282009,0.4190663787282009,1,False,False,False,False,1e-06,0.9,-15.019228546930444
0.3019434191954397,0.0328730876576972,4.869299783060121,0.2779955832232166,-0.0046535417976248,0.7692307692307692,3,1,0.1,10.13410377082399,1.127421574835043,1,1.6430174310408348,0.27,0.3,1,10,1,1.3201612396434934,0.8,1.127421574835043,1.127421574835043,1,False,False,False,False,1e-06,0.9,-7.256147579140681
0.3595729138702167,0.0319127019973079,11.139146246311228,0.8790954072824202,0.0037045040097942,0.7692307692307692,3,1,0.1,3.6664596718106486,0.4561715873401538,1,1.1328623069308732,0.27,0.3,1,10,1,1.1254264011881918,0.8,0.4561715873401538,0.4561715873401538,1,False,False,False,False,1e-06,0.9,-3.299439280578408
0.4646258157327042,0.0173629081469875,27.14378777624986,1.3083702040585174,0.0075703945977553,0.7692307692307693,3,1,0.1,1.2702820454877637,0.2788194313005476,1,0.7303667005566499,0.27,0.3,1,10,1,1.4936904233065678,0.8,0.2788194313005476,0.2788194313005476,1,False,False,False,False,1e-06,0.9,-19.022106641323617
0.2042247444237468,0.0071225495190749,25.995203933375976,2.04805196206516,0.039817466392198,0.7692307692307692,3,1,0.1,1.1944467154149483,0.2367086754512543,1,0.678550791582161,0.27,0.3,1,10,1,0.6160663809571296,0.8,0.2367086754512543,0.2367086754512543,1,False,False,False,False,1e-06,0.9,-5.586259887202731
0.2073823312352109,0.0184558740085464,3.5056364130573674,0.1891789556272344,-6.026357254162077e-05,0.7692307692307692,3,1,0.1,11.356565265518697,1.777171798715072,1,1.8647511050597592,0.27,0.3,1,10,1,0.8663873439025992,0.8,1.777171798715072,1.777171798715072,1,False,False,False,False,1e-06,0.9,-18.40389978061031
0.1907234294673588,0.0124197393110549,3.209815547036488,0.1794936215225063,0.000102901151392,0.7692307692307693,3,1,0.1,24.00899269891832,1.8637431818352104,1,1.0042082978431148,0.27,0.3,1,10,1,0.8350457644364565,0.8,1.8637431818352104,1.8637431818352104,1,False,False,False,False,1e-06,0.9,-9.361542310242797
0.3043293071790063,0.0263709437522753,4.483323259247093,0.1782774325920643,-0.0043077654501748,0.7692307692307692,3,1,0.1,21.676341233236307,1.518863687527676,1,1.3268152498305137,0.27,0.3,1,10,1,1.8261167894095047,0.8,1.518863687527676,1.518863687527676,1,False,False,False,False,1e-06,0.9,-7.270461105064639
0.5908224951500994,0.0276943039793456,19.825315436717368,1.370953761974427,0.0123858983684101,0.7692307692307692,3,1,0.1,1.2545075646299386,0.247302313743061,1,1.3563431681174596,0.27,0.3,1,10,1,1.8992227197758544,0.8,0.247302313743061,0.247302313743061,1,False,False,False,False,1e-06,0.9,-5.655246073829714
0.2700425200488193,0.0145987408297979,3.648594294636061,0.1365643826484253,-0.0018569461355077,0.7692307692307693,3,1,0.1,15.724939859908387,1.939108090214406,1,0.9329644938089988,0.27,0.3,1,10,1,1.6883061677276727,0.8,1.939108090214406,1.939108090214406,1,False,False,False,False,1e-06,0.9,-13.881354296426554
0.2097686101982805,0.0184280763473016,3.502503285410393,0.1991831851597698,-0.0001016713956189,0.7692307692307692,3,1,0.1,11.995344795701763,1.6898044135319643,1,1.6069995274898077,0.27,0.3,1,10,1,0.876128119512391,0.8,1.6898044135319643,1.6898044135319643,1,False,False,False,False,1e-06,0.9,-14.459232603590925
0.2815876345604629,0.0234931274720104,3.5300276391611103,0.1505577556673998,-0.0028044438784586,0.7692307692307692,3,1,0.1,11.986344710809558,1.85005535998596,1,1.7543415179496458,0.27,0.3,1,10,1,1.4904903999315804,0.8,1.85005535998596,1.85005535998596,1,False,False,False,False,1e-06,0.9,-18.621780074013817
0.2409755879931355,0.017315702086497,10.241246614678364,0.5533940460435716,0.0020190317953765,0.7692307692307693,3,1,0.1,3.3815906725231093,0.6773354601344219,1,0.7333643814928645,0.27,0.3,1,10,1,0.915503160619496,0.8,0.6773354601344219,0.6773354601344219,1,False,False,False,False,1e-06,0.9,-17.100585353579003
0.2796863017904835,0.0275790323276669,4.641846996876601,0.2728922316287138,-0.0031139113893751,0.7692307692307693,3,1,0.1,6.79954960809347,1.166162806850299,1,1.4391317512929551,0.27,0.3,1,10,1,1.200831561695875,0.8,1.166162806850299,1.166162806850299,1,False,False,False,False,1e-06,0.9,-15.136647726637063
0.3251741049115374,0.0359094033337019,6.198853094071817,0.3625209145280669,-0.0054398455424654,0.7692307692307693,3,1,0.1,4.844308048554307,0.9062499874497516,1,1.7796995204706645,0.27,0.3,1,10,1,1.3138006859634512,0.8,0.9062499874497516,0.9062499874497516,1,False,False,False,False,1e-06,0.9,-15.95448303652564
0.2961387135479638,0.0249219727165656,3.86646887612624,0.1403882574582675,-0.0033187584587156,0.7692307692307692,3,1,0.1,15.64513240148036,1.8974904493106783,1,1.8178899462312488,0.27,0.3,1,10,1,1.7620055071127925,0.8,1.8974904493106783,1.8974904493106783,1,False,False,False,False,1e-06,0.9,-13.331444597408233
0.393047906049065,0.0250518709157663,17.124477109767998,0.804817588763604,-0.0029486052117397,0.7692307692307693,3,1,0.1,2.4232993847767483,0.4545361063897071,1,0.7821896028168784,0.27,0.3,1,10,1,1.460345822401721,0.8,0.4545361063897071,0.4545361063897071,1,False,False,False,False,1e-06,0.9,-8.093568820283856
0.1795838967870348,0.0193851718728447,9.423349401481,0.7902795900647834,0.0195332632522045,0.7692307692307692,3,1,0.1,2.8325714914706026,0.5814056325940947,1,1.5672199005327612,0.27,0.3,1,10,1,0.6040636539055126,0.8,0.5814056325940947,0.5814056325940947,1,False,False,False,False,1e-06,0.9,-17.530346029188788
0.1627493468597782,0.0150686548004438,11.7157169993607,1.253303194265,0.0405252799385981,0.7692307692307692,3,1,0.1,2.008654255324492,0.4032733523397784,1,1.5871112568582435,0.27,0.3,1,10,1,0.5282164620727887,0.8,0.4032733523397784,0.4032733523397784,1,False,False,False,False,1e-06,0.9,-10.33989325337054
0.2383276872284228,0.0160771991390857,4.069260083637596,0.2268509035568378,-0.0013180859206083,0.7692307692307693,3,1,0.1,12.40458944741322,1.371442415417808,1,0.8401951822673133,0.27,0.3,1,10,1,1.103658414776484,0.8,1.371442415417808,1.371442415417808,1,False,False,False,False,1e-06,0.9,-8.775942866129789
0.2019664024737153,0.0147212860962596,10.987143981530394,0.6040534633819332,0.0052513720163175,0.7692307692307693,3,1,0.1,4.351554562956652,0.6569133806668801,1,0.6873971421175105,0.27,0.3,1,10,1,0.7666846311818086,0.8,0.6569133806668801,0.6569133806668801,1,False,False,False,False,1e-06,0.9,-6.331622475471656
0.2755314277417981,0.0172365675088471,6.6576796503084,0.320142846781287,-0.0026313433646939,0.7692307692307692,3,1,0.1,5.465196193585205,0.954890466093672,1,0.6782782059299053,0.27,0.3,1,10,1,1.3266752414347378,0.8,0.954890466093672,0.954890466093672,1,False,False,False,False,1e-06,0.9,-13.105593496653425
0.2841023612405747,0.0165788850398104,5.234843667178562,0.2185619970131979,-0.0029402301814943,0.7692307692307693,3,1,0.1,7.350452622694178,1.2583520540582178,1,0.7425173925385191,0.27,0.3,1,10,1,1.6743349808810972,0.8,1.2583520540582178,1.2583520540582178,1,False,False,False,False,1e-06,0.9,-16.24769490941013
0.7131456726935929,0.0009561978866987,111.40176309235112,3.312618668107533,0.0449756642693315,0.7692307692307693,3,1,0.1,0.3496104656441202,0.0794781272746826,1,1.2860524987147095,0.27,0.3,1,10,1,1.6157697541621046,0.8,0.0794781272746826,0.0794781272746826,1,False,False,False,False,1e-06,0.9,-17.7938291000211
0.3587144873901416,0.0016771902223872,84.36915545763974,3.530763928622599,0.0352250047232187,0.7692307692307693,3,1,0.1,0.5386438577294549,0.1200343790448866,1,0.5257271933647966,0.27,0.3,1,10,1,0.8146970846380783,0.8,0.1200343790448866,0.1200343790448866,1,False,False,False,False,1e-06,0.9,-11.65291411418137
0.2500439500691239,0.0266790090200666,5.04487717051884,0.331512489130309,-0.0006239816049303,0.7692307692307692,3,1,0.1,7.414782810649735,1.0576422154317406,1,1.4883719443135877,0.27,0.3,1,10,1,0.9670319280358468,0.8,1.0576422154317406,1.0576422154317406,1,False,False,False,False,1e-06,0.9,-9.23153344218204
0.3128459839376539,0.028952532820544,4.558270071483085,0.1763172504294183,-0.0047009349805327,0.7692307692307692,3,1,0.1,8.959694053215895,1.5337116481776691,1,1.7914703706491408,0.27,0.3,1,10,1,1.8314240057361968,0.8,1.5337116481776691,1.5337116481776691,1,False,False,False,False,1e-06,0.9,-19.798187942434964
0.2721071699009006,0.0224783336293422,4.043318194210663,0.2163902251855449,-0.002774367748945,0.7692307692307693,3,1,0.1,8.372440885410427,1.3807384894729025,1,1.1826348982066417,0.27,0.3,1,10,1,1.3010231629490845,0.8,1.3807384894729025,1.3807384894729025,1,False,False,False,False,1e-06,0.9,-16.128068176521932
0.3884746727509198,0.0124059334158904,18.978539932001176,2.280867156135038,0.0559316541158237,0.7692307692307693,3,1,0.1,1.1611164155761329,0.1869186081366003,1,0.8816016138298659,0.27,0.3,1,10,1,0.9583929318478246,0.8,0.1869186081366003,0.1869186081366003,1,False,False,False,False,1e-06,0.9,-2.060307118116203
0.3150137330162472,0.0334513799405483,5.079604026556862,0.2633410903491668,-0.0054292663101714,0.7692307692307692,3,1,0.1,6.229674878363918,1.148146715592091,1,1.8414383660108995,0.27,0.3,1,10,1,1.4500535085268065,0.8,1.148146715592091,1.148146715592091,1,False,False,False,False,1e-06,0.9,-19.007062812598274
0.3255062537763953,0.0345908563910502,5.313565721251799,0.2716146956869112,-0.0062797323299115,0.7692307692307692,3,1,0.1,8.500480993516133,1.101525234011405,1,1.5893257394131093,0.27,0.3,1,10,1,1.56116106199225,0.8,1.101525234011405,1.101525234011405,1,False,False,False,False,1e-06,0.9,-8.374008913002404
0.403931312543144,0.0218234737285929,21.60721160708511,0.7606246103947408,-0.0045137677681348,0.7692307692307693,3,1,0.1,2.1663881468095108,0.4587882723410961,1,0.6731893059364562,0.27,0.3,1,10,1,1.6854720167580792,0.8,0.4587882723410961,0.4587882723410961,1,False,False,False,False,1e-06,0.9,-18.580708052140167
0.2080965996738536,0.0024754972150506,32.94995418875823,4.960515129268099,0.0945363246725902,0.7692307692307692,3,1,0.1,0.5565822209064114,0.125719975986881,1,1.7743016126421671,0.27,0.3,1,10,1,0.508117915464391,0.8,0.125719975986881,0.125719975986881,1,False,False,False,False,1e-06,0.9,-19.773801989298136
0.2866026731660758,0.0156889780255205,5.541650066262905,0.2172939661916272,-0.0029196038792659,0.7692307692307692,3,1,0.1,6.874888657398009,1.2460893191543485,1,0.705128000501417,0.27,0.3,1,10,1,1.7683006808589443,0.8,1.2460893191543485,1.2460893191543485,1,False,False,False,False,1e-06,0.9,-19.357622844457303
0.400213942307512,0.0398279730866675,9.476582968346166,0.5068489576145776,-0.0094352172110835,0.7692307692307693,3,1,0.1,3.851721021961585,0.6608399046633314,1,1.3924087581324982,0.27,0.3,1,10,1,1.6451016649303358,0.8,0.6608399046633314,0.6608399046633314,1,False,False,False,False,1e-06,0.9,-8.586913529444535
0.3083495660624057,0.0294490818176855,4.299178831657848,0.1703057218213657,-0.0044966122891336,0.7692307692307693,3,1,0.1,12.97902395069728,1.6007418836015472,1,1.9138979369312017,0.27,0.3,1,10,1,1.752946088991239,0.8,1.6007418836015472,1.6007418836015472,1,False,False,False,False,1e-06,0.9,-11.461122876129274
0.2567228965427672,0.0178852697617299,3.6663390478311455,0.1891875058906916,-0.0019771331545079,0.7692307692307693,3,1,0.1,11.913643395200271,1.5538639186843926,1,0.992489768088575,0.27,0.3,1,10,1,1.274930883624969,0.8,1.5538639186843926,1.5538639186843926,1,False,False,False,False,1e-06,0.9,-11.912064137375095
0.2030349313452218,0.0212200842854812,10.73806270810321,0.964873739293651,0.0255452828543195,0.7692307692307692,3,1,0.1,2.322555896786856,0.4866031319197052,1,1.9197952001939893,0.27,0.3,1,10,1,0.6347875595860101,0.8,0.4866031319197052,0.4866031319197052,1,False,False,False,False,1e-06,0.9,-17.60853028533076
0.1091913726433714,0.0039339386486693,4.78526006925798,0.2483210992036643,0.0015360126652064,0.7692307692307692,3,1,0.1,9.547016395058296,1.5650520538013155,1,0.5289763304537397,0.27,0.3,1,10,1,0.5125541726771887,0.8,1.5650520538013155,1.5650520538013155,1,False,False,False,False,1e-06,0.9,-18.011942974729347
0.2366005376181501,0.0271315499714892,5.621553649729092,0.3831824308869027,0.0014939213156856,0.7692307692307693,3,1,0.1,6.5321089734823286,0.9693542831176564,1,1.7077764904853956,0.27,0.3,1,10,1,0.8690886141090977,0.8,0.9693542831176564,0.9693542831176564,1,False,False,False,False,1e-06,0.9,-9.052437679862566
0.3502458209984059,0.0359441623890449,6.917585087753891,0.3486929999771027,-0.0078849354980407,0.7692307692307693,3,1,0.1,7.982341026046557,0.8837859398789293,1,1.25606150199085,0.27,0.3,1,10,1,1.666211282219735,0.8,0.8837859398789293,0.8837859398789293,1,False,False,False,False,1e-06,0.9,-5.662859772885305
0.3148794942868188,0.0207554403672915,10.49389391521876,0.4493040192305912,-0.0040154928467433,0.7692307692307692,3,1,0.1,5.01809118271496,0.7120060558071957,1,0.656931653948577,0.27,0.3,1,10,1,1.4573483627746429,0.8,0.7120060558071957,0.7120060558071957,1,False,False,False,False,1e-06,0.9,-6.162109794461788
0.5012918034168623,0.0296275818040575,15.284258001711644,1.3206988650722749,0.0126471474222293,0.7692307692307692,3,1,0.1,1.3840627789541415,0.2898052637724539,1,1.647260344209004,0.27,0.3,1,10,1,1.4142282242695217,0.8,0.2898052637724539,0.2898052637724539,1,False,False,False,False,1e-06,0.9,-10.425992275906916
0.4218613223327557,0.0237150210048006,14.749321553576046,1.5800700336233733,0.0293380269871648,0.7692307692307693,3,1,0.1,1.253277237567601,0.267658666438628,1,1.7315750213498158,0.27,0.3,1,10,1,1.0797648539457585,0.8,0.267658666438628,0.267658666438628,1,False,False,False,False,1e-06,0.9,-11.968874739517494
0.2130411857151662,0.0204566816382991,9.423766838945422,0.6926314889927667,0.0101064226682912,0.7692307692307692,3,1,0.1,3.772012791484039,0.6130709179828008,1,1.0463508699835753,0.27,0.3,1,10,1,0.731919331730122,0.8,0.6130709179828008,0.6130709179828008,1,False,False,False,False,1e-06,0.9,-6.911030699968716
0.1706265805441491,0.0057097059743861,3.5950262842979472,0.1854541296256804,0.0002138667243375,0.7692307692307693,3,1,0.1,12.062695850164593,1.8052993816092864,1,0.5511504670592722,0.27,0.3,1,10,1,0.78062430762818,0.8,1.8052993816092864,1.8052993816092864,1,False,False,False,False,1e-06,0.9,-17.121190727419293
0.3004643269998422,0.0239556644406024,4.439121922230486,0.1575523045090923,-0.003737850896617,0.7692307692307693,3,1,0.1,24.016165902626486,1.672897096842998,1,1.3004742922582029,0.27,0.3,1,10,1,1.9399082241563608,0.8,1.672897096842998,1.672897096842998,1,False,False,False,False,1e-06,0.9,-7.987257837218662
0.295069745564129,0.023111630685082,3.925941563972568,0.1382142434322445,-0.0031242964303488,0.7692307692307692,3,1,0.1,12.330983082462646,1.9063326311679407,1,1.6348693330828532,0.27,0.3,1,10,1,1.8199002531283623,0.8,1.9063326311679407,1.9063326311679407,1,False,False,False,False,1e-06,0.9,-19.251230254986226
0.3195416912393556,0.0319844691092635,4.9476613903069016,0.2289961225981063,-0.0056279460541854,0.7692307692307692,3,1,0.1,7.055913965807337,1.2511677038001512,1,1.6861379805267511,0.27,0.3,1,10,1,1.6504040720726607,0.8,1.2511677038001512,1.2511677038001512,1,False,False,False,False,1e-06,0.9,-18.007180997518127
0.2966048138941485,0.0293095304886275,4.303774734858171,0.2192718097577623,-0.0042186177759254,0.7692307692307692,3,1,0.1,9.278789758082294,1.345661900847826,1,1.6462936684267913,0.27,0.3,1,10,1,1.427117615016359,0.8,1.345661900847826,1.345661900847826,1,False,False,False,False,1e-06,0.9,-12.072317596616417
0.3248741122433107,0.0324909847640574,5.524310205641611,0.2775740278140531,-0.0061019818440279,0.7692307692307692,3,1,0.1,6.749321045717316,1.0723265166572735,1,1.4044355851003203,0.27,0.3,1,10,1,1.5877398342095352,0.8,1.0723265166572735,1.0723265166572735,1,False,False,False,False,1e-06,0.9,-11.473999700289024
0.2419629218998321,0.0200863886316494,9.893091923332214,0.6120570508604762,0.0040793342984664,0.7692307692307693,3,1,0.1,3.4046842693363053,0.6423574225450133,1,0.8729317950764481,0.27,0.3,1,10,1,0.8675329114135888,0.8,0.6423574225450133,0.6423574225450133,1,False,False,False,False,1e-06,0.9,-11.736700655755367
0.6256760680060096,5.5376351809098766e-05,471.5670841346504,6.601063079991531,0.0173778088039684,0.7692307692307692,3,1,0.1,0.2350227891870067,0.0537236461749371,1,1.5137328354926896,0.27,0.3,1,10,1,1.1894773152687594,0.8,0.0537236461749371,0.0537236461749371,1,False,False,False,False,1e-06,0.9,-18.95562705176609
0.2648828610166199,0.0205817292455452,4.974677708928282,0.2775470709967285,-0.0023867378045018,0.7692307692307692,3,1,0.1,7.376440206094373,1.1263187766003937,1,0.908306194270844,0.27,0.3,1,10,1,1.2075154337649483,0.8,1.1263187766003937,1.1263187766003937,1,False,False,False,False,1e-06,0.9,-11.096603751295586
0.2587165455694361,0.0199324717478297,3.4472320944652504,0.1774409231985172,-0.0020220143701726,0.7692307692307692,3,1,0.1,10.05266010574466,1.666812904891618,1,1.2789613135527036,0.27,0.3,1,10,1,1.2474867970928298,0.8,1.666812904891618,1.666812904891618,1,False,False,False,False,1e-06,0.9,-19.73741232018945
0.3732420072385337,0.0438686069907037,6.948039466267624,0.3228861032939752,-0.0101122801752187,0.7692307692307693,3,1,0.1,8.064333550010582,0.9325436087406777,1,1.9932422486257395,0.27,0.3,1,10,1,1.824016174015337,0.8,0.9325436087406777,0.9325436087406777,1,False,False,False,False,1e-06,0.9,-6.23064125707171
0.4443513129788385,0.009062884470414,24.798299857097355,2.5568767878150287,0.0538737795794296,0.7692307692307692,3,1,0.1,0.7311482263904139,0.1638133483964979,1,1.1241770723770368,0.27,0.3,1,10,1,1.031377804816174,0.8,0.1638133483964979,0.1638133483964979,1,False,False,False,False,1e-06,0.9,-18.752103118188725
0.2869946581366509,0.0180741631080589,5.729021901010221,0.2558396811548244,-0.0032625299381558,0.7692307692307693,3,1,0.1,5.95985247616535,1.114935326110713,1,0.749104027548884,0.27,0.3,1,10,1,1.563686686120275,0.8,1.114935326110713,1.114935326110713,1,False,False,False,False,1e-06,0.9,-19.627971934186288
0.3831922463799588,0.0217661222076241,18.911699698798213,0.5679948756207972,-0.0063348034158065,0.7692307692307693,3,1,0.1,2.962422276487154,0.5613550972723667,1,0.6298465282752967,0.27,0.3,1,10,1,1.950678918841946,0.8,0.5613550972723667,0.5613550972723667,1,False,False,False,False,1e-06,0.9,-10.461235203991087
0.1980123457467911,0.0119925372576607,4.347076733756175,0.2500549157882611,0.0001653662679911,0.7692307692307693,3,1,0.1,10.649680584316512,1.347744417660445,1,0.7390997803538735,0.27,0.3,1,10,1,0.8643199567369382,0.8,1.347744417660445,1.347744417660445,1,False,False,False,False,1e-06,0.9,-9.947799511922229
0.2993991967496903,0.0266944110692458,4.024403375005131,0.1619101353073425,-0.0038022274599771,0.7692307692307694,3,1,0.1,10.916920940260583,1.685091009837992,1,1.807731471291575,0.27,0.3,1,10,1,1.6821132137063433,0.8,1.685091009837992,1.685091009837992,1,False,False,False,False,1e-06,0.9,-16.963317945470752
0.3808823551465539,0.0404426898418219,8.237844352537124,0.4633119016372035,-0.0084846747184585,0.7692307692307692,3,1,0.1,3.977875200038833,0.7213920285345603,1,1.6434760930890135,0.27,0.3,1,10,1,1.525977732903588,0.8,0.7213920285345603,0.7213920285345603,1,False,False,False,False,1e-06,0.9,-11.229014432945728
0.4081635633816066,0.013352702081076,17.843700261825724,2.391234863109622,0.061022778712582,0.7692307692307692,3,1,0.1,0.9017274019835084,0.1866104990835963,1,1.4858068465276824,0.27,0.3,1,10,1,0.9531997205410422,0.8,0.1866104990835963,0.1866104990835963,1,False,False,False,False,1e-06,0.9,-6.025940229586137
0.270470746510401,0.0117005143675704,4.450267580310394,0.1658453870318264,-0.0018036282705455,0.7692307692307692,3,1,0.1,9.790514988432223,1.5881205794705635,1,0.6694943199346588,0.27,0.3,1,10,1,1.7614951603856612,0.8,1.5881205794705635,1.5881205794705635,1,False,False,False,False,1e-06,0.9,-17.81865522526445
0.1927450377153138,0.019930936361199,4.543413937842952,0.2968817201546807,0.002136889159764,0.7692307692307693,3,1,0.1,9.085883029157705,1.249620874686827,1,1.54843465741765,0.27,0.3,1,10,1,0.7529595523483426,0.8,1.249620874686827,1.249620874686827,1,False,False,False,False,1e-06,0.9,-10.309946853896973
0.4485895780945495,0.0185141766458768,32.390654256033415,0.9666476626839272,-0.0026174999410355,0.7692307692307692,3,1,0.1,1.8252576944716987,0.3634987326358713,1,0.5930325479561143,0.27,0.3,1,10,1,1.8405864761240385,0.8,0.3634987326358713,0.3634987326358713,1,False,False,False,False,1e-06,0.9,-8.842970698233826
0.546905180316172,0.0286068310869963,17.12389533836835,1.3603038420009723,0.012552077195685,0.7692307692307693,3,1,0.1,1.2547485431021086,0.2673447862615578,1,1.603013768105463,0.27,0.3,1,10,1,1.606686293192841,0.8,0.2673447862615578,0.2673447862615578,1,False,False,False,False,1e-06,0.9,-11.616793259925268
0.2925046102378001,0.0262112406491336,3.7864443678272415,0.1561641105391052,-0.0034494751103457,0.7692307692307692,3,1,0.1,14.505797060583768,1.7652154679199494,1,1.8643671282309795,0.27,0.3,1,10,1,1.593239284221708,0.8,1.7652154679199494,1.7652154679199494,1,False,False,False,False,1e-06,0.9,-12.448404281694469
0.2891850115765015,0.026593953736122,6.352503671351317,0.380318514566164,-0.0028937594842589,0.7692307692307692,3,1,0.1,4.712962142350977,0.882441926827195,1,1.087059582356397,0.27,0.3,1,10,1,1.1778652046359035,0.8,0.882441926827195,0.882441926827195,1,False,False,False,False,1e-06,0.9,-15.593156882488156
0.2559785562060389,0.0206810235009309,3.381787620049211,0.1780665265755772,-0.0020534555904488,0.7692307692307693,3,1,0.1,101.28426834669312,1.6726658234931986,1,1.1864073748999704,0.27,0.3,1,10,1,1.23492560373604,0.8,1.6726658234931986,1.6726658234931986,1,False,False,False,False,1e-06,0.9,-6.005311598427067
0.4451156927729514,0.020389330005463,16.458945121458406,1.8327648727736296,0.0395052048923692,0.7692307692307692,3,1,0.1,1.043779476123536,0.2295225936028426,1,1.9193079512363884,0.27,0.3,1,10,1,1.0965629580737322,0.8,0.2295225936028426,0.2295225936028426,1,False,False,False,False,1e-06,0.9,-16.237177870970015
0.1733342492661139,0.0052598124348504,37.80464928972745,1.716236297973411,0.0236351532153291,0.7692307692307693,3,1,0.1,1.2360101480700136,0.2712692341632081,1,0.514838460029066,0.27,0.3,1,10,1,0.5928446646884206,0.8,0.2712692341632081,0.2712692341632081,1,False,False,False,False,1e-06,0.9,-18.47026867795961
0.4349600665033605,0.0434521966387955,10.644563236650368,0.5418245360218473,-0.0114449234702048,0.7692307692307693,3,1,0.1,3.191439064544388,0.6187100057647091,1,1.676256203330174,0.27,0.3,1,10,1,1.781778753491572,0.8,0.6187100057647091,0.6187100057647091,1,False,False,False,False,1e-06,0.9,-12.896557340962524
0.4203080221906237,9.207773501693678e-05,285.11936940297016,8.772664133236193,0.0258070500407024,0.7692307692307692,3,1,0.1,0.2627362838572435,0.0600230467237472,1,1.4821146117853043,0.27,0.3,1,10,1,0.7817815979009076,0.8,0.0600230467237472,0.0600230467237472,1,False,False,False,False,1e-06,0.9,-19.93898774263284
0.4464625553595178,0.0352830146551597,12.399805778393944,1.0852063482037304,0.0057564567610748,0.7692307692307692,3,1,0.1,2.202666477042336,0.3634549148048374,1,1.547218682808844,0.27,0.3,1,10,1,1.301168617163658,0.8,0.3634549148048374,0.3634549148048374,1,False,False,False,False,1e-06,0.9,-4.251373293030682
0.4404848577772609,0.0044817459999786,34.31264728882418,3.489003978906058,0.066983599559311,0.7692307692307692,3,1,0.1,0.5689648989217577,0.125891879061237,1,1.133894380891187,0.27,0.3,1,10,1,0.943087567464432,0.8,0.125891879061237,0.125891879061237,1,False,False,False,False,1e-06,0.9,-10.188874281055396
0.2898280214300586,0.0276223626304058,10.86623275723582,1.1240273890139791,0.0237520596196704,0.7692307692307693,3,1,0.1,2.50730043207567,0.402571809455776,1,1.7817439826761226,0.27,0.3,1,10,1,0.8165361978474913,0.8,0.402571809455776,0.402571809455776,1,False,False,False,False,1e-06,0.9,-4.410673742342377
0.3568593510141272,0.040006158174657,6.536112986193635,0.3267171445131423,-0.0084218289718656,0.7692307692307693,3,1,0.1,5.679281638788329,0.9377188618076302,1,1.8714894738226808,0.27,0.3,1,10,1,1.6482503963232664,0.8,0.9377188618076302,0.9377188618076302,1,False,False,False,False,1e-06,0.9,-10.986219349482202
0.3727826458888804,0.0306549364128905,11.011276248553695,0.5238203090946079,-0.0069949121546225,0.7692307692307692,3,1,0.1,3.521631753334429,0.6363294575060244,1,0.9420982322233028,0.27,0.3,1,10,1,1.6030985669999056,0.8,0.6363294575060244,0.6363294575060244,1,False,False,False,False,1e-06,0.9,-9.774517963593215
0.1821429880672701,0.0111781364217813,8.28264540371122,0.439528936484987,0.002695178395325,0.7692307692307692,3,1,0.1,4.357222733203088,0.8538333112073038,1,0.6278485186675766,0.27,0.3,1,10,1,0.7429543951207315,0.8,0.8538333112073038,0.8538333112073038,1,False,False,False,False,1e-06,0.9,-18.867408396555003
0.5910537504629936,0.0322882489245885,18.952132769229067,1.2473299177735284,0.0053391470231715,0.7692307692307692,3,1,0.1,1.2781958405270526,0.2777392523002024,1,1.832624701044922,0.27,0.3,1,10,1,1.913768365446561,0.8,0.2777392523002024,0.2777392523002024,1,False,False,False,False,1e-06,0.9,-15.850054870786774
0.2840120145830646,0.0244328282148514,3.604873413208737,0.1544128813085363,-0.0029814228169733,0.7692307692307692,3,1,0.1,11.97439721052748,1.8079245283204448,1,1.816603199025327,0.27,0.3,1,10,1,1.4959966759527357,0.8,1.8079245283204448,1.8079245283204448,1,False,False,False,False,1e-06,0.9,-17.430358531348784
0.3263742242994289,0.0011354766511168,81.03230836283097,4.713057817859753,0.0459587540145325,0.7692307692307692,3,1,0.1,0.4576416607708103,0.1037726621791223,1,0.6990231802882549,0.27,0.3,1,10,1,0.7062883808622222,0.8,0.1037726621791223,0.1037726621791223,1,False,False,False,False,1e-06,0.9,-19.88691361969344
0.2293230820763348,0.0128710747286703,3.532114517688479,0.1864070699588778,-0.0009999923439292,0.7692307692307692,3,1,0.1,26.94821744876748,1.6258069082359392,1,0.7637261548529068,0.27,0.3,1,10,1,1.109766129403693,0.8,1.6258069082359392,1.6258069082359392,1,False,False,False,False,1e-06,0.9,-7.337667491829405
0.4520443122959304,0.0369693717817537,12.78418546607272,0.8920654396010492,-0.0024335688165747,0.7692307692307692,3,1,0.1,2.082271366536555,0.425546671396769,1,1.5884307538821485,0.27,0.3,1,10,1,1.425813733747629,0.8,0.425546671396769,0.425546671396769,1,False,False,False,False,1e-06,0.9,-12.39813221982914
0.277834204286481,0.0105199016285023,18.46420092634489,2.304684188640851,0.0558590375842629,0.7692307692307692,3,1,0.1,0.9991813443613332,0.2146540420348592,1,1.1243847842183856,0.27,0.3,1,10,1,0.7111807115140796,0.8,0.2146540420348592,0.2146540420348592,1,False,False,False,False,1e-06,0.9,-10.359195047484157
0.1503640258882896,0.0162146170119493,10.07718665272853,0.9052752664289349,0.0276262719820002,0.7692307692307693,3,1,0.1,2.6336480747673305,0.5331074318242942,1,1.6109658853487243,0.27,0.3,1,10,1,0.5238591374245146,0.8,0.5331074318242942,0.5331074318242942,1,False,False,False,False,1e-06,0.9,-14.466238916607548
0.2164006839454182,0.0064062538434433,3.408306540999106,0.1638151055915612,-0.0004625860627658,0.7692307692307692,3,1,0.1,11.9550231895728,1.8030835450744227,1,0.5158558437075416,0.27,0.3,1,10,1,1.1036689990572024,0.8,1.8030835450744227,1.8030835450744227,1,False,False,False,False,1e-06,0.9,-17.34884044234507
0.1680762817790223,0.0141975120555587,4.378685592547424,0.2791593467936352,0.0022378534108541,0.7692307692307692,3,1,0.1,11.161940547319237,1.3369051925700022,1,1.0758716641949433,0.27,0.3,1,10,1,0.6898295626806255,0.8,1.3369051925700022,1.3369051925700022,1,False,False,False,False,1e-06,0.9,-9.265122387210804
0.6591393297028086,0.008898293621632,34.621208880236615,2.1223313519415035,0.0504699851204966,0.7692307692307693,3,1,0.1,0.619863696100649,0.1392965837211491,1,1.2684201717666057,0.27,0.3,1,10,1,1.7838981205155402,0.8,0.1392965837211491,0.1392965837211491,1,False,False,False,False,1e-06,0.9,-17.717043093618297
0.2079141368424329,0.0154996021650534,13.189209818949903,1.506748861347313,0.0430907869049678,0.7692307692307692,3,1,0.1,1.546266306746798,0.3335284644741758,1,1.5067648038311778,0.27,0.3,1,10,1,0.6076763932663491,0.8,0.3335284644741758,0.3335284644741758,1,False,False,False,False,1e-06,0.9,-17.024584233201004
0.1909779362783797,0.0183336939321646,3.613736432327366,0.2082904465178975,0.0007665093692408,0.7692307692307693,3,1,0.1,29.0777157079195,1.6897498815679632,1,1.747398421680777,0.27,0.3,1,10,1,0.782863525337072,0.8,1.6897498815679632,1.6897498815679632,1,False,False,False,False,1e-06,0.9,-7.528233161315219
0.4772787520700192,0.0187290676162889,26.504645313524875,1.2722440273283495,0.0061992614963841,0.7692307692307693,3,1,0.1,1.3326826618183112,0.2835676942739706,1,0.7470345381772904,0.27,0.3,1,10,1,1.570643667337892,0.8,0.2835676942739706,0.2835676942739706,1,False,False,False,False,1e-06,0.9,-12.125267856858724
0.3852836159646811,0.0416571582507056,7.932105078025753,0.3708145051423601,-0.0101814160796301,0.7692307692307693,3,1,0.1,4.21623550691491,0.8300490204829989,1,1.8032161369656312,0.27,0.3,1,10,1,1.8135828238425824,0.8,0.8300490204829989,0.8300490204829989,1,False,False,False,False,1e-06,0.9,-18.83504688659536
0.3108360463261234,0.0279234945800894,4.747936960980768,0.1754086500123576,-0.004728140099244,0.7692307692307693,3,1,0.1,51.66423469756784,1.5239771293793622,1,1.3758912360168496,0.27,0.3,1,10,1,1.9603442764183407,0.8,1.5239771293793622,1.5239771293793622,1,False,False,False,False,1e-06,0.9,-5.824421424925701
0.6613229552927805,0.0020214268715867,79.45884498080595,2.759887531193552,0.0458523018574723,0.7692307692307692,3,1,0.1,0.4388044322012176,0.096996959148647,1,0.8321734864294603,0.27,0.3,1,10,1,1.5489558954116314,0.8,0.096996959148647,0.096996959148647,1,False,False,False,False,1e-06,0.9,-7.675477946193354
0.2503315324400225,0.0213660846101823,3.0902767545483125,0.1509092574321897,-0.0017148857066026,0.7692307692307693,3,1,0.1,138.1290612109291,1.981167056521029,1,1.6528497519133418,0.27,0.3,1,10,1,1.17759480758446,0.8,1.981167056521029,1.981167056521029,1,False,False,False,False,1e-06,0.9,-7.041538968516143
0.357093310984272,0.0385061544005003,6.605982552774357,0.3140701124793478,-0.0085213138006595,0.7692307692307692,3,1,0.1,6.348486799773362,0.953745771499808,1,1.6000961472613946,0.27,0.3,1,10,1,1.760560569293569,0.8,0.953745771499808,0.953745771499808,1,False,False,False,False,1e-06,0.9,-9.109457162721856
0.2482052581018708,0.0168526453681668,15.257762397864305,1.170975770352708,0.0195673560145551,0.7692307692307692,3,1,0.1,1.9260167871562413,0.383562877222956,1,0.9013380454269926,0.27,0.3,1,10,1,0.7657090413144936,0.8,0.383562877222956,0.383562877222956,1,False,False,False,False,1e-06,0.9,-9.330779190100456
0.4032394508295553,0.0310390353717218,13.037648243099031,1.145279477407804,0.01226872802404,0.7692307692307692,3,1,0.1,1.6881226761120471,0.3621062888798062,1,1.8921248150770464,0.27,0.3,1,10,1,1.1109170104463346,0.8,0.3621062888798062,0.3621062888798062,1,False,False,False,False,1e-06,0.9,-17.12334293577464
0.2655499658323169,0.0125494363826985,19.47166602188532,0.7189096540075843,0.001742746876724,0.7692307692307692,3,1,0.1,2.6081560452756776,0.518213565938665,1,0.5137513102600951,0.27,0.3,1,10,1,1.0210076487098465,0.8,0.518213565938665,0.518213565938665,1,False,False,False,False,1e-06,0.9,-12.426147474021995
0.5108493858433798,0.0261379565297938,15.580785588236049,1.5455413814839143,0.0245047543766554,0.7692307692307692,3,1,0.1,1.244201228366752,0.2477091428016768,1,1.6597393372697709,0.27,0.3,1,10,1,1.3730678583275442,0.8,0.2477091428016768,0.2477091428016768,1,False,False,False,False,1e-06,0.9,-6.015010642419503
0.3494439974326553,0.0346539978306273,6.64740832853938,0.2676431562841043,-0.0078129688186075,0.769230769230769,3,1,0.1,5.928401490689151,1.05537944748161,1,1.4465668255032411,0.27,0.3,1,10,1,1.9930686113618767,0.8,1.05537944748161,1.05537944748161,1,False,False,False,False,1e-06,0.9,-15.390639595499405
0.3238158976540499,0.0272753320519747,6.2204676692530265,0.2504547430830208,-0.0057823809834389,0.7692307692307693,3,1,0.1,6.874584042793421,1.112056725206581,1,1.0668100675459835,0.27,0.3,1,10,1,1.907723548393894,0.8,1.112056725206581,1.112056725206581,1,False,False,False,False,1e-06,0.9,-12.396479964487636
0.235917680782658,0.0176031068005713,3.244520829578076,0.1748952831404887,-0.0011800772362062,0.7692307692307692,3,1,0.1,11.597362990874192,1.766447841795173,1,1.2618626135999222,0.27,0.3,1,10,1,1.0752712691325637,0.8,1.766447841795173,1.766447841795173,1,False,False,False,False,1e-06,0.9,-17.31964350739105
0.2873529010636694,0.019751865553714,4.433077697018096,0.1841107171555342,-0.0031537399138104,0.7692307692307693,3,1,0.1,10.14040733567693,1.4775578101096798,1,0.9786370421015044,0.27,0.3,1,10,1,1.7062751404875072,0.8,1.4775578101096798,1.4775578101096798,1,False,False,False,False,1e-06,0.9,-13.362238034176736
0.1618540819364122,0.0099157939116264,3.376358455936369,0.1883378063042252,0.0008336070970821,0.7692307692307692,3,1,0.1,13.34906179705206,1.8839665240681425,1,0.9810070195614942,0.27,0.3,1,10,1,0.701464271036589,0.8,1.8839665240681425,1.8839665240681425,1,False,False,False,False,1e-06,0.9,-16.167265990335306
0.2457516990631704,0.0185191396146711,3.6690063514781,0.2042744465911594,-0.0015743684484495,0.7692307692307692,3,1,0.1,9.20030725078727,1.5085007029521846,1,1.0989219195366275,0.27,0.3,1,10,1,1.129014685358329,0.8,1.5085007029521846,1.5085007029521846,1,False,False,False,False,1e-06,0.9,-17.369153040858823
0.567124750362091,4.812522220859988e-05,607.3970772098729,6.0975176882703,0.0133102571259939,0.7692307692307692,3,1,0.1,0.2461127193363134,0.0562201585724333,1,0.7289274341011946,0.27,0.3,1,10,1,1.062617846371441,0.8,0.0562201585724333,0.0562201585724333,1,False,False,False,False,1e-06,0.9,-18.507647651700097
0.7128114422738492,0.0019111076116084,99.90501368643042,2.2862915922036025,0.0396549674996038,0.7692307692307692,3,1,0.1,0.4331126257355491,0.0966869142680771,1,0.7482023360505206,0.27,0.3,1,10,1,1.8495419022658293,0.8,0.0966869142680771,0.0966869142680771,1,False,False,False,False,1e-06,0.9,-9.874630137588332
0.309455038091598,0.0297894790359135,4.454655302105693,0.1941807127491945,-0.0047542226160359,0.7692307692307692,3,1,0.1,8.553495093901828,1.4401776140388425,1,1.786359307006871,0.27,0.3,1,10,1,1.6612081192905817,0.8,1.4401776140388425,1.4401776140388425,1,False,False,False,False,1e-06,0.9,-17.75474076299835
0.4115969146883822,0.0427272221936637,9.480776344201,0.520028970226549,-0.0099994785222703,0.7692307692307692,3,1,0.1,3.580372147640126,0.6505710624641764,1,1.694857752596007,0.27,0.3,1,10,1,1.6299163131532133,0.8,0.6505710624641764,0.6505710624641764,1,False,False,False,False,1e-06,0.9,-10.19964981541148
0.3884293991570315,0.0135982670836965,18.40620741850552,2.1625701139136377,0.0483322753840481,0.7692307692307693,3,1,0.1,0.9402681644659948,0.2053764020303623,1,1.2604610119223576,0.27,0.3,1,10,1,0.9416964023321148,0.8,0.2053764020303623,0.2053764020303623,1,False,False,False,False,1e-06,0.9,-12.796187878902929
0.2337943625787072,0.0085238973567812,3.208516470059344,0.1445750093609698,-0.0007987355412308,0.7692307692307692,3,1,0.1,20.296803060808283,1.955141300906912,1,0.6256099139881648,0.27,0.3,1,10,1,1.2727213327676234,0.8,1.955141300906912,1.955141300906912,1,False,False,False,False,1e-06,0.9,-11.186670921611618
0.3258670443060204,0.0283412074817629,6.101180187684713,0.2553846094367457,-0.0059409923058215,0.7692307692307692,3,1,0.1,6.079298114145759,1.101762221937593,1,1.137745442750777,0.27,0.3,1,10,1,1.854568727156903,0.8,1.101762221937593,1.101762221937593,1,False,False,False,False,1e-06,0.9,-17.10846967684403
0.4253366269562581,0.0436772201947472,10.281946493256402,0.4545126835510777,-0.0123838662254438,0.7692307692307692,3,1,0.1,3.59359336311148,0.696620676464207,1,1.6542439467954009,0.27,0.3,1,10,1,1.989830809994412,0.8,0.696620676464207,0.696620676464207,1,False,False,False,False,1e-06,0.9,-14.514727458272526
0.1821448278467226,0.0154211912874154,8.43286675003558,0.5333349001888587,0.0063010923183217,0.7692307692307693,3,1,0.1,3.880489965666063,0.7591671152034778,1,0.8706261010647249,0.27,0.3,1,10,1,0.6909459115050848,0.8,0.7591671152034778,0.7591671152034778,1,False,False,False,False,1e-06,0.9,-16.622155930975453
0.2902649953276868,0.0296568238384657,4.3901164643990205,0.2319549491081752,-0.0038525321341797,0.7692307692307692,3,1,0.1,7.403747522048577,1.3099486577215531,1,1.851323823025266,0.27,0.3,1,10,1,1.3159911788577552,0.8,1.3099486577215531,1.3099486577215531,1,False,False,False,False,1e-06,0.9,-18.71612802829424
0.2974951259730619,0.0242279767810512,9.269377082314971,0.5254972990384028,-0.0015283961419794,0.7692307692307693,3,1,0.1,3.324756206916604,0.6801221011317459,1,0.8992895065273854,0.27,0.3,1,10,1,1.1355171036224518,0.8,0.6801221011317459,0.6801221011317459,1,False,False,False,False,1e-06,0.9,-19.96360463571417
0.2544096012687437,0.0110000332333321,4.330894088827777,0.1953066690961704,-0.0015070766454497,0.7692307692307693,3,1,0.1,11.428703138903389,1.4337946935321693,1,0.5953210678970974,0.27,0.3,1,10,1,1.4200644802518645,0.8,1.4337946935321693,1.4337946935321693,1,False,False,False,False,1e-06,0.9,-10.472707860222982
0.1906605729859131,0.014907117202725,12.761685202015697,1.4312030106223952,0.0411798533761747,0.7692307692307693,3,1,0.1,1.9750986340803045,0.3481491318974477,1,1.193339897032976,0.27,0.3,1,10,1,0.58733447307476,0.8,0.3481491318974477,0.3481491318974477,1,False,False,False,False,1e-06,0.9,-4.913891042064515
0.3164297536460212,0.0242687418527448,7.046071726206657,0.3130604851607177,-0.0051359284787231,0.7692307692307693,3,1,0.1,5.36533295656073,0.9396590364566212,1,0.8596662175682459,0.27,0.3,1,10,1,1.658949889315588,0.8,0.9396590364566212,0.9396590364566212,1,False,False,False,False,1e-06,0.9,-12.992327610166216
0.4401684160120899,0.0448625532218214,10.670633490694364,0.5533457167057089,-0.0119976860804512,0.7692307692307693,3,1,0.1,3.782172932171823,0.6089269999670555,1,1.6317427812869776,0.27,0.3,1,10,1,1.804021577798101,0.8,0.6089269999670555,0.6089269999670555,1,False,False,False,False,1e-06,0.9,-6.7135660594039805
0.1482841846300195,0.0182742931870682,9.445259423120126,0.9096435515337362,0.0321483567337565,0.7692307692307692,3,1,0.1,3.996345345960533,0.5319798577277534,1,1.9230486734282155,0.27,0.3,1,10,1,0.5179423401091726,0.8,0.5319798577277534,0.5319798577277534,1,False,False,False,False,1e-06,0.9,-4.190519216004226
0.2830382370956114,0.0278684162056076,4.822725760092662,0.284907905014437,-0.00325944845101,0.7692307692307692,3,1,0.1,6.454063873454915,1.1213134520144563,1,1.3928753893737462,0.27,0.3,1,10,1,1.2107019096472929,0.8,1.1213134520144563,1.1213134520144563,1,False,False,False,False,1e-06,0.9,-15.124037778749154
0.3112733517600416,0.0194562939917686,7.480417760810734,0.2709302196497034,-0.0044295024743398,0.7692307692307692,3,1,0.1,5.471298520239611,1.0144025135671246,1,0.7251981015803846,0.27,0.3,1,10,1,1.9356657685185987,0.8,1.0144025135671246,1.0144025135671246,1,False,False,False,False,1e-06,0.9,-17.200740115531804
0.2513818234425125,0.0256640091091221,4.554872476684138,0.2841005797182114,-0.001309792973926,0.7692307692307693,3,1,0.1,7.219756525017778,1.186889196131189,1,1.545811888324301,0.27,0.3,1,10,1,1.0114869092509808,0.8,1.186889196131189,1.186889196131189,1,False,False,False,False,1e-06,0.9,-13.755136247714422
0.6920974906203249,0.0050628937307388,45.62666687816578,2.4549323307596227,0.0596553544694308,0.7692307692307692,3,1,0.1,0.5060668361428133,0.1136777119756132,1,1.4016648749086993,0.27,0.3,1,10,1,1.7686571557675532,0.8,0.1136777119756132,0.1136777119756132,1,False,False,False,False,1e-06,0.9,-14.243169113594446
0.1765587428908537,0.018044659416622,4.161348263843753,0.268665612910707,0.0023587300077629,0.7692307692307693,3,1,0.1,24.98093778722861,1.3910497047734398,1,1.4932773847766925,0.27,0.3,1,10,1,0.7061973849445949,0.8,1.3910497047734398,1.3910497047734398,1,False,False,False,False,1e-06,0.9,-6.111543282349283
0.2668419403984222,0.020301657623968,9.2817358413055,0.507444991661378,-0.0002323667056198,0.7692307692307692,3,1,0.1,4.429810554657186,0.7069197900811125,1,0.7592234419088597,0.27,0.3,1,10,1,1.042731488547339,0.8,0.7069197900811125,0.7069197900811125,1,False,False,False,False,1e-06,0.9,-7.638834756006446
0.2598308361415912,1.4503163784178e-05,345.77859714695177,14.919109690123456,0.031281617655744,0.7692307692307693,3,1,0.1,0.2591731652225735,0.0441167261762721,1,1.1498118906393384,0.27,0.3,1,10,1,0.5334338389004815,0.8,0.0441167261762721,0.0441167261762721,1,False,False,False,False,1e-06,0.9,-0.5604782530880783
0.273769164128593,0.0213457022468479,3.3512038688395203,0.1459134491797669,-0.0023931532036961,0.7692307692307693,3,1,0.1,12.834132848705735,1.9170587214860724,1,1.568796615368313,0.27,0.3,1,10,1,1.4414987335876714,0.8,1.9170587214860724,1.9170587214860724,1,False,False,False,False,1e-06,0.9,-18.11681560408395
0.3360682029415657,0.0361343022175499,5.413935038905854,0.225516901130803,-0.00693513492364,0.7692307692307693,3,1,0.1,9.098783744540343,1.2438332671703096,1,1.9544775369082863,0.27,0.3,1,10,1,1.8493167033535056,0.8,1.2438332671703096,1.2438332671703096,1,False,False,False,False,1e-06,0.9,-10.17152818051217
0.2459442327931711,0.0267334494657444,4.575498203947825,0.2874554931196894,-0.0009050934000009,0.7692307692307693,3,1,0.1,9.315848989755462,1.1935224837040688,1,1.719682864735006,0.27,0.3,1,10,1,0.9719919081433992,0.8,1.1935224837040688,1.1935224837040688,1,False,False,False,False,1e-06,0.9,-8.943769813087314
0.2484066285015186,0.0167956122876387,4.273396034585191,0.2338012164763548,-0.0016635728291811,0.7692307692307693,3,1,0.1,7.536507391827977,1.3131000287974024,1,0.8622386777813162,0.27,0.3,1,10,1,1.1644124289225226,0.8,1.3131000287974024,1.3131000287974024,1,False,False,False,False,1e-06,0.9,-17.865664940956705
0.1799310917252402,0.0129990453361881,3.5051942467282924,0.2051428437065253,0.0006865463951882,0.7692307692307693,3,1,0.1,13.571701849672955,1.703920089424058,1,1.0954614015216653,0.27,0.3,1,10,1,0.7637954497393218,0.8,1.703920089424058,1.703920089424058,1,False,False,False,False,1e-06,0.9,-12.45686035826167
0.2781416238922474,0.0228157222888725,3.986589499710957,0.2026666018382837,-0.0030357961221635,0.7692307692307693,3,1,0.1,9.749508715836384,1.4375431778956989,1,1.1990916205493056,0.27,0.3,1,10,1,1.3903313025209294,0.8,1.4375431778956989,1.4375431778956989,1,False,False,False,False,1e-06,0.9,-13.271517836993322
0.1649912513475041,0.0108435510809672,4.1464311962849125,0.2461786274963862,0.0013319069083907,0.7692307692307692,3,1,0.1,8.839765570460585,1.4694379901420664,1,0.8735217958448359,0.27,0.3,1,10,1,0.7027644522187488,0.8,1.4694379901420664,1.4694379901420664,1,False,False,False,False,1e-06,0.9,-17.51406625678129
0.338750655552146,0.0264355317057828,12.253498961099794,1.370110813001308,0.029131107439289,0.7692307692307692,3,1,0.1,1.8056825514901784,0.3273570658210194,1,1.8317963164143247,0.27,0.3,1,10,1,0.8980857487287155,0.8,0.3273570658210194,0.3273570658210194,1,False,False,False,False,1e-06,0.9,-5.089547016832228
0.5685717779037879,0.0209833829963519,20.712232889570803,1.5892470904772285,0.0234944927515106,0.7692307692307693,3,1,0.1,1.0281814579439428,0.2181006385724753,1,1.2487959372161543,0.27,0.3,1,10,1,1.6490556400691427,0.8,0.2181006385724753,0.2181006385724753,1,False,False,False,False,1e-06,0.9,-8.99737467357334
0.2824847178587099,0.0333254192458405,6.574897304119214,0.4538011194391161,-0.0003385332330878,0.7692307692307693,3,1,0.1,5.854635321832312,0.8148251891769585,1,1.791147736184244,0.27,0.3,1,10,1,0.9990625825924504,0.8,0.8148251891769585,0.8148251891769585,1,False,False,False,False,1e-06,0.9,-6.843182009230942
0.1728070348497192,0.0048353410858847,3.382827033016562,0.1688274063680784,9.920227473504296e-05,0.7692307692307692,3,1,0.1,12.98675090920703,1.947568456498772,1,0.5102437001164027,0.27,0.3,1,10,1,0.803493086127444,0.8,1.947568456498772,1.947568456498772,1,False,False,False,False,1e-06,0.9,-18.54041988745301
0.4746043080162726,0.0070045014568079,28.09403148843361,2.9270838946940367,0.0629267061470985,0.7692307692307692,3,1,0.1,0.6325718101907334,0.1418107146976912,1,1.2567332564453244,0.27,0.3,1,10,1,1.0532983945087864,0.8,0.1418107146976912,0.1418107146976912,1,False,False,False,False,1e-06,0.9,-16.558112358133968
0.3277195661764064,0.0318443854588469,5.542721325754757,0.2529342898266266,-0.0062468142778784,0.7692307692307692,3,1,0.1,6.918779638163972,1.1348874279542311,1,1.3973604803045427,0.27,0.3,1,10,1,1.7374667144462927,0.8,1.1348874279542311,1.1348874279542311,1,False,False,False,False,1e-06,0.9,-13.080617299878725
0.7115331136233356,3.551861815957868e-05,656.608150295716,5.745835190953248,0.0142470052851683,0.7692307692307692,3,1,0.1,0.2205833248882984,0.0498611159299869,1,1.7325217551843777,0.27,0.3,1,10,1,1.4434821959448942,0.8,0.0498611159299869,0.0498611159299869,1,False,False,False,False,1e-06,0.9,-8.113722874973927
0.2920126541989902,0.0211377588364981,4.229870768104977,0.160856997596446,-0.0032043022268264,0.7692307692307692,3,1,0.1,11.412374703614466,1.6552653781979667,1,1.177405487750075,0.27,0.3,1,10,1,1.809993978590188,0.8,1.6552653781979667,1.6552653781979667,1,False,False,False,False,1e-06,0.9,-14.852576959968108
0.2494116993339467,0.0280904384315382,5.298443685281123,0.3370517934670498,-0.0002879399888522,0.7692307692307693,3,1,0.1,5.911903758197666,1.051608299623072,1,1.88655967525074,0.27,0.3,1,10,1,0.9448029919111736,0.8,1.051608299623072,1.051608299623072,1,False,False,False,False,1e-06,0.9,-15.294730097052923
0.2677359193237053,0.014018281888976,5.644023995214659,0.2540969040611824,-0.0022925128573106,0.7692307692307693,3,1,0.1,489.5438667537248,1.1308004537086482,1,0.5656272472474482,0.27,0.3,1,10,1,1.448679330409728,0.8,1.1308004537086482,1.1308004537086482,1,False,False,False,False,1e-06,0.9,-3.8074458322489377
0.5177994173048763,0.0341861509003394,14.46768271040406,1.288369664263767,0.0105119952909077,0.7692307692307693,3,1,0.1,4.86705824956812,0.2779534907254146,1,0.9607555607938244,0.27,0.3,1,10,1,1.6596959953043475,0.8,0.2779534907254146,0.2779534907254146,1,False,False,False,False,1e-06,0.9,-1.2312003950628778
0.2813914997614784,0.0222882280177184,8.237206143511736,0.4562097748758501,-0.0017114925008082,0.7692307692307692,3,1,0.1,4.049232093812773,0.7584183885276403,1,0.836910552179934,0.27,0.3,1,10,1,1.129776203327454,0.8,0.7584183885276403,0.7584183885276403,1,False,False,False,False,1e-06,0.9,-13.420746751390492
0.2718993049158176,0.0255240006534535,3.889421540232133,0.2082573275686949,-0.0027792000870004,0.7692307692307692,3,1,0.1,8.69874416560783,1.4593967568712087,1,1.644362732635417,0.27,0.3,1,10,1,1.238755870618454,0.8,1.4593967568712087,1.4593967568712087,1,False,False,False,False,1e-06,0.9,-17.81974450643856
0.4496686101244467,0.0350743473729147,11.316704358594796,1.3606839648129672,0.0219889379154801,0.7692307692307693,3,1,0.1,2.520079654151413,0.2978143661466424,1,1.7348973164573258,0.27,0.3,1,10,1,1.2110928500215676,0.8,0.2978143661466424,0.2978143661466424,1,False,False,False,False,1e-06,0.9,-2.034661669435096
0.5199147451905184,0.0300760520267679,19.231387267438706,1.0669505287560044,-0.0015887984099971,0.7692307692307692,3,1,0.1,1.546617263762572,0.3360803861460131,1,1.1348721173236034,0.27,0.3,1,10,1,1.7867411063730694,0.8,0.3360803861460131,0.3360803861460131,1,False,False,False,False,1e-06,0.9,-19.194044689440908
0.2760599902528053,0.0229093597799527,6.695883943969252,0.3851037034263986,-0.002145683766848,0.7692307692307692,3,1,0.1,4.449974026608057,0.8718154575537082,1,0.9238430692321412,0.27,0.3,1,10,1,1.1409165203505844,0.8,0.8718154575537082,0.8718154575537082,1,False,False,False,False,1e-06,0.9,-19.24076518000352
0.1153584026254602,0.0059595497051908,7.768210413269905,0.405856555533208,0.0040552422649426,0.7692307692307692,3,1,0.1,5.398531100893498,0.9975906348264252,1,0.5570806907018289,0.27,0.3,1,10,1,0.5192729277113232,0.8,0.9975906348264252,0.9975906348264252,1,False,False,False,False,1e-06,0.9,-16.68938904411424
0.1951258235256041,0.0072977580597557,3.276046797706697,0.1671777203797496,-0.0001850799641969,0.7692307692307693,3,1,0.1,22.938664081848195,1.8870689513187904,1,0.6016435155590876,0.27,0.3,1,10,1,0.9228936703302728,0.8,1.8870689513187904,1.8870689513187904,1,False,False,False,False,1e-06,0.9,-9.7748051337547
0.2719634082320398,0.0113935182479115,4.4433426698494,0.1463659407388251,-0.0017002291602704,0.7692307692307692,3,1,0.1,24.23490101231327,1.7564395536957895,1,0.6813688659149573,0.27,0.3,1,10,1,1.9248813137367864,0.8,1.7564395536957895,1.7564395536957895,1,False,False,False,False,1e-06,0.9,-8.535451112758146
0.3265107773733618,0.0236018690381659,11.42945017813214,0.5180273981439814,-0.0042759733729788,0.7692307692307692,3,1,0.1,9.20248785877796,0.6464891772019048,1,0.6728260853287497,0.27,0.3,1,10,1,1.4247658660751106,0.8,0.6464891772019048,0.6464891772019048,1,False,False,False,False,1e-06,0.9,-3.09809743234424
0.3073788758213447,0.0294708695373604,4.381541869819358,0.1924782261245858,-0.0046253879003754,0.7692307692307693,3,1,0.1,9.000178389951243,1.455180935039916,1,1.76827302288385,0.27,0.3,1,10,1,1.6427553497308531,0.8,1.455180935039916,1.455180935039916,1,False,False,False,False,1e-06,0.9,-16.20263698321454
0.3350715465633339,0.0096185839348584,20.18541703836269,2.647559768006006,0.0632891131032157,0.7692307692307692,3,1,0.1,0.8296025557674359,0.1828340652299981,1,1.2832803901979606,0.27,0.3,1,10,1,0.7925186904708601,0.8,0.1828340652299981,0.1828340652299981,1,False,False,False,False,1e-06,0.9,-13.547077441623737
0.3735245138589435,0.0323424582330814,11.558770805580812,0.9139967807169942,0.0051916968572008,0.7692307692307693,3,1,0.1,2.107141886805134,0.4448610689161427,1,1.5969398378280018,0.27,0.3,1,10,1,1.1033580258262514,0.8,0.4448610689161427,0.4448610689161427,1,False,False,False,False,1e-06,0.9,-17.416017670069103
0.3563317047510052,0.0404534100269666,7.325739917234591,0.428687786851377,-0.0070517788868948,0.7692307692307692,3,1,0.1,4.595451306559161,0.7848414802416446,1,1.924856407465133,0.27,0.3,1,10,1,1.3872153379044436,0.8,0.7848414802416446,0.7848414802416446,1,False,False,False,False,1e-06,0.9,-10.064983071690424
0.4102800316691667,0.0220875001407349,19.63602543585454,1.074829537459498,0.0034429878769628,0.7692307692307692,3,1,0.1,1.675541977042295,0.3568758567251525,1,0.821189016271532,0.27,0.3,1,10,1,1.333477095855118,0.8,0.3568758567251525,0.3568758567251525,1,False,False,False,False,1e-06,0.9,-15.44160719699492
0.2903586147815684,0.015094832877489,7.603413767380436,0.3048730331456012,-0.0030641219431667,0.7692307692307693,3,1,0.1,4.991327181432267,0.9406362753331482,1,0.5853516598825037,0.27,0.3,1,10,1,1.5944607244084166,0.8,0.9406362753331482,0.9406362753331482,1,False,False,False,False,1e-06,0.9,-17.099487814875232
0.4387213849539835,0.0352377669583369,13.641124221779936,0.7116073214216965,-0.0078572262678015,0.7692307692307692,3,1,0.1,2.5932292031899955,0.498412502062228,1,1.1265185027843727,0.27,0.3,1,10,1,1.6709380842037973,0.8,0.498412502062228,0.498412502062228,1,False,False,False,False,1e-06,0.9,-9.93980561259619
0.511885542974539,0.0394987416446258,14.819165690777828,0.9047409465932928,-0.0065940867178338,0.7692307692307694,3,1,0.1,1.9225121021733609,0.4008157379714689,1,1.689249537058114,0.27,0.3,1,10,1,1.7335355825258054,0.8,0.4008157379714689,0.4008157379714689,1,False,False,False,False,1e-06,0.9,-13.836042896385162
0.2767060253178494,0.0271888805205482,4.509397007022811,0.2664003918268451,-0.0030395405881322,0.7692307692307693,3,1,0.1,9.007157956949332,1.1910573603489745,1,1.3650019891529963,0.27,0.3,1,10,1,1.1998145306287058,0.8,1.1910573603489745,1.1910573603489745,1,False,False,False,False,1e-06,0.9,-9.29822717888117
0.2504413904679002,0.0093929297748528,4.528356510733171,0.2034240745435808,-0.0012788201793182,0.7692307692307693,3,1,0.1,8.562731905675069,1.3818331023577357,1,0.5323707249251213,0.27,0.3,1,10,1,1.3867111662685194,0.8,1.3818331023577357,1.3818331023577357,1,False,False,False,False,1e-06,0.9,-15.318108093058378
0.6362535504551027,9.729896459069398e-06,1829.917622532972,5.66796758591758,0.0055974853273871,0.7692307692307692,3,1,0.1,0.2076870119422512,0.0475461916282151,1,0.6036261877060848,0.27,0.3,1,10,1,1.2124919288043383,0.8,0.0475461916282151,0.0475461916282151,1,False,False,False,False,1e-06,0.9,-19.906536772481047
0.2973946680033378,0.0253950982143217,4.120545762429473,0.1755567099517336,-0.003799513678155,0.7692307692307693,3,1,0.1,10.037404546352338,1.5676927023415514,1,1.4701379662944578,0.27,0.3,1,10,1,1.663206862116015,0.8,1.5676927023415514,1.5676927023415514,1,False,False,False,False,1e-06,0.9,-16.168545755913758
0.2514286342039289,0.0189885974846948,4.743550565705188,0.2693778869474947,-0.0018074308226196,0.7692307692307692,3,1,0.1,11.657397873180532,1.1736401166163295,1,0.8546292702590894,0.27,0.3,1,10,1,1.1370066311666935,0.8,1.1736401166163295,1.1736401166163295,1,False,False,False,False,1e-06,0.9,-6.939730436736289
0.4114217618955199,0.0110913445076787,28.934456722548024,1.8083211834977129,0.0250519659751114,0.7692307692307693,3,1,0.1,1.0429828983985197,0.2149835461958257,1,0.6831498350281541,0.27,0.3,1,10,1,1.1271259768329775,0.8,0.2149835461958257,0.2149835461958257,1,False,False,False,False,1e-06,0.9,-6.710031754280683
0.6876152907524266,0.0022686926065307,61.33735828926711,3.2917391305084136,0.0676921978133319,0.7692307692307693,3,1,0.1,0.4163928753347635,0.09004880090997,1,1.8387058551717763,0.27,0.3,1,10,1,1.5502968669574233,0.8,0.09004880090997,0.09004880090997,1,False,False,False,False,1e-06,0.9,-4.773830832142576
0.4387568184999519,2.639110233332787e-13,18658196.72329685,31.643827816304626,1.5157721813815597e-06,0.7692307692307693,3,1,0.1,0.075139266095555,0.0167243928746222,1,1.567329372305822,0.27,0.3,1,10,1,0.7908306134503581,0.8,0.0167243928746222,0.0167243928746222,1,False,False,False,False,1e-06,0.9,-1.5706876063532036
0.3380355461669217,0.0361110724083504,5.654779716028857,0.2645795574336309,-0.0071323457291838,0.7692307692307693,3,1,0.1,7.04197324585899,1.1031390857819046,1,1.7316233579744127,0.27,0.3,1,10,1,1.7110062809140183,0.8,1.1031390857819046,1.1031390857819046,1,False,False,False,False,1e-06,0.9,-11.449002405321927
0.3153535115473773,0.036553935964942,5.487371160410538,0.316052367452629,-0.0053849923600806,0.7692307692307692,3,1,0.1,8.176453809371163,1.0168181960592462,1,1.904979442897776,0.27,0.3,1,10,1,1.317371157902231,0.8,1.0168181960592462,1.0168181960592462,1,False,False,False,False,1e-06,0.9,-7.350516524179884
0.2479847775826314,0.0265213343135823,8.136454402156899,0.6211612154376798,0.00667039557919,0.7692307692307693,3,1,0.1,3.8543512274214935,0.6600863506543619,1,1.39650811600277,0.27,0.3,1,10,1,0.8242357372219444,0.8,0.6600863506543619,0.6600863506543619,1,False,False,False,False,1e-06,0.9,-8.532070427712133
0.3126746134552131,0.0234190941668592,9.678585008938956,0.4834405583085265,-0.0033785736711962,0.7692307692307692,3,1,0.1,3.490096934541389,0.6977857496657381,1,0.80400186430661,0.27,0.3,1,10,1,1.3019833689609095,0.8,0.6977857496657381,0.6977857496657381,1,False,False,False,False,1e-06,0.9,-17.406772791247505
0.4513939087404167,0.0081207843098293,25.87224147833207,2.720539617590253,0.0586856064957328,0.7692307692307693,3,1,0.1,0.7004915793076302,0.1537289274025544,1,1.1253059535013414,0.27,0.3,1,10,1,1.0290156594720572,0.8,0.1537289274025544,0.1537289274025544,1,False,False,False,False,1e-06,0.9,-10.455067712994769
0.2817125338559344,0.0253227660219147,4.094132499147698,0.2169245063690338,-0.0033547657543996,0.7692307692307692,3,1,0.1,11.210171628435594,1.3701226665326338,1,1.302089789162309,0.27,0.3,1,10,1,1.355416209281879,0.8,1.3701226665326338,1.3701226665326338,1,False,False,False,False,1e-06,0.9,-9.709455531642616
0.3366528048036671,0.0306779065049444,11.121810708325148,0.929104771117656,0.0094914764475363,0.7692307692307693,3,1,0.1,2.199292744121818,0.4529312005717149,1,1.6821006374001202,0.27,0.3,1,10,1,0.9793248822375472,0.8,0.4529312005717149,0.4529312005717149,1,False,False,False,False,1e-06,0.9,-14.034470589754864
0.2534194939478901,0.0240593481945903,4.7168063616272535,0.2960271417280052,-0.0015404780517183,0.7692307692307693,3,1,0.1,9.149013272585806,1.1279814828700794,1,1.183060399469852,0.27,0.3,1,10,1,1.0467131968792196,0.8,1.1279814828700794,1.1279814828700794,1,False,False,False,False,1e-06,0.9,-8.072980582219941
0.2595276343565418,0.0104083027006549,4.077464834082901,0.1642510307024016,-0.0014580914109835,0.7692307692307692,3,1,0.1,19.21294521206584,1.6354674408429464,1,0.6085938323111947,0.27,0.3,1,10,1,1.5965196852044463,0.8,1.6354674408429464,1.6354674408429464,1,False,False,False,False,1e-06,0.9,-8.637735606221625
0.5426939236430207,0.0193911245044342,24.035221913929465,1.477232783556803,0.0154509699470194,0.7692307692307693,3,1,0.1,1.0847739695994965,0.2344073181420243,1,0.9598071631730588,0.27,0.3,1,10,1,1.664292832617584,0.8,0.2344073181420243,0.2344073181420243,1,False,False,False,False,1e-06,0.9,-12.282419002050448
0.7412075448492469,0.0008058164169492,216.14783966259955,1.9581689787762435,0.0240982555324675,0.7692307692307692,3,1,0.1,0.385253941007732,0.0870255973770774,1,0.5251352727846902,0.27,0.3,1,10,1,1.9874818862426364,0.8,0.0870255973770774,0.0870255973770774,1,False,False,False,False,1e-06,0.9,-13.724211373262769
0.2716108692970859,0.0219771966093883,3.3941979595290874,0.1588353839001063,-0.002537891517827,0.7692307692307693,3,1,0.1,39.652751865924,1.7890341358526032,1,1.3453009683198531,0.27,0.3,1,10,1,1.4101608040330589,0.8,1.7890341358526032,1.7890341358526032,1,False,False,False,False,1e-06,0.9,-7.41269852479366
0.336398427792982,0.0291413813625505,7.248558842484408,0.3215349606212298,-0.0065804402279921,0.7692307692307693,3,1,0.1,5.052751620771385,0.918451512345587,1,1.0280513480056948,0.27,0.3,1,10,1,1.757767085354236,0.8,0.918451512345587,0.918451512345587,1,False,False,False,False,1e-06,0.9,-14.41936585147598
0.1364043686903648,0.012175468281133,6.698444345593461,0.4413579335617991,0.0071586430633236,0.7692307692307692,3,1,0.1,6.527248622928542,0.940832719333424,1,0.9190587947497956,0.27,0.3,1,10,1,0.5608910483836709,0.8,0.940832719333424,0.940832719333424,1,False,False,False,False,1e-06,0.9,-8.354122530771939
0.3152132530563076,0.0324119846736444,8.14750990843703,0.5662724517217044,-0.0011420869382818,0.7692307692307692,3,1,0.1,4.807110787618558,0.6612298374157376,1,1.2555380546350858,0.27,0.3,1,10,1,1.100508370452329,0.8,0.6612298374157376,0.6612298374157376,1,False,False,False,False,1e-06,0.9,-5.456510078306863
0.1225082868542977,0.0065226146729334,4.147968221739445,0.2303451348587738,0.0018284319609777,0.7692307692307693,3,1,0.1,17.755064932198845,1.6624348261149413,1,0.7272919712778292,0.27,0.3,1,10,1,0.5547859756785405,0.8,1.6624348261149413,1.6624348261149413,1,False,False,False,False,1e-06,0.9,-9.32490848258691
0.2508351005677417,0.0231639897696708,3.827226324517516,0.2196843127537696,-0.0017386223320462,0.7692307692307693,3,1,0.1,8.932522652316543,1.4479218732024366,1,1.5269602452271027,0.27,0.3,1,10,1,1.0832803506202318,0.8,1.4479218732024366,1.4479218732024366,1,False,False,False,False,1e-06,0.9,-16.218520704379387
0.325456235851319,0.0008384227162003,70.50875224837192,6.834557940196032,0.0711525505443409,0.7692307692307692,3,1,0.1,0.3902769949219279,0.0857654710346614,1,1.8510983011838835,0.27,0.3,1,10,1,0.6586065296904254,0.8,0.0857654710346614,0.0857654710346614,1,False,False,False,False,1e-06,0.9,-5.990045342932096
0.2080685241519145,0.012523170426562,4.507936122299614,0.2567949147137972,-0.000115025775005,0.7692307692307692,3,1,0.1,7.320024248127224,1.2924444338872358,1,0.743212708353907,0.27,0.3,1,10,1,0.9123261312582638,0.8,1.2924444338872358,1.2924444338872358,1,False,False,False,False,1e-06,0.9,-18.340797501784664
0.3721451741817618,0.0179062474506868,23.456358606577968,0.8474788166794597,-0.0012669136923329,0.7692307692307692,3,1,0.1,2.0124997081966565,0.4290223724812524,1,0.6079503868389768,0.27,0.3,1,10,1,1.426042851886527,0.8,0.4290223724812524,0.4290223724812524,1,False,False,False,False,1e-06,0.9,-18.76123122013518
0.4141087664549373,0.0302257361187903,15.372061419323634,0.7482945246217976,-0.0058973923432063,0.7692307692307692,3,1,0.1,3.411027698751277,0.4783419674160762,1,0.8492221278644402,0.27,0.3,1,10,1,1.610445526878648,0.8,0.4783419674160762,0.4783419674160762,1,False,False,False,False,1e-06,0.9,-4.064221719310979
0.2515310418251441,0.0155771596044819,3.149028973630984,0.1479951272915595,-0.0015252149886244,0.7692307692307693,3,1,0.1,13.424655143930412,1.9306242668921807,1,1.0654291478807505,0.27,0.3,1,10,1,1.3012201276247182,0.8,1.9306242668921807,1.9306242668921807,1,False,False,False,False,1e-06,0.9,-17.078427277615162
0.2926773022676797,0.0245377757110296,5.061690629767595,0.2612781153801117,-0.0039534347180652,0.7692307692307693,3,1,0.1,7.587541421192655,1.1401440747056415,1,1.030591946686807,0.27,0.3,1,10,1,1.437720426509587,0.8,1.1401440747056415,1.1401440747056415,1,False,False,False,False,1e-06,0.9,-10.894297119255018
0.1835055509028444,0.0131202071607453,4.749417197313947,0.286858535067784,0.0011436220850604,0.7692307692307692,3,1,0.1,64.29578953791992,1.241077811697014,1,0.7629944450915467,0.27,0.3,1,10,1,0.7764200855945426,0.8,1.241077811697014,1.241077811697014,1,False,False,False,False,1e-06,0.9,-4.514543831447531
0.3751153344099658,0.0149268814274719,28.20654246099969,1.1478383537108416,0.0049591062996464,0.7692307692307693,3,1,0.1,1.5448715539360116,0.3339693317968131,1,0.6042069463698045,0.27,0.3,1,10,1,1.255145921386654,0.8,0.3339693317968131,0.3339693317968131,1,False,False,False,False,1e-06,0.9,-17.60806199820264
0.3424077003855662,0.0310726594458279,9.216523048902852,0.5483735017840745,-0.0040108552707623,0.7692307692307693,3,1,0.1,3.409000870514915,0.648051781657774,1,1.10666393924155,0.27,0.3,1,10,1,1.2827422255630734,0.8,0.648051781657774,0.648051781657774,1,False,False,False,False,1e-06,0.9,-12.257520886749278
0.2420414734223829,0.0211266477075098,3.728550208400854,0.2166411188562413,-0.0013667519573773,0.7692307692307693,3,1,0.1,9.38208495028357,1.4769735308320333,1,1.3682725691102766,0.27,0.3,1,10,1,1.0477389217479387,0.8,1.4769735308320333,1.4769735308320333,1,False,False,False,False,1e-06,0.9,-15.49040060144135
0.157859384115016,0.0103807994785863,4.2866105636232925,0.2549605038014552,0.0016314831785377,0.7692307692307693,3,1,0.1,9.500333303177884,1.4408303437435868,1,0.848878095379779,0.27,0.3,1,10,1,0.6740255703718119,0.8,1.4408303437435868,1.4408303437435868,1,False,False,False,False,1e-06,0.9,-14.010317983325542
0.2710936282356287,0.0172915020398842,3.905269615573903,0.1716863814783942,-0.0023961733707888,0.7692307692307693,3,1,0.1,40.4514140780527,1.6069579663098716,1,0.8799636284166699,0.27,0.3,1,10,1,1.552220969404861,0.8,1.6069579663098716,1.6069579663098716,1,False,False,False,False,1e-06,0.9,-6.470363397638728
0.165571371063205,0.0174957375240457,6.892475137994539,0.5029316020092643,0.0088831225661409,0.7692307692307692,3,1,0.1,5.139232432811073,0.8359872203944057,1,1.222989216378993,0.27,0.3,1,10,1,0.6210052500676619,0.8,0.8359872203944057,0.8359872203944057,1,False,False,False,False,1e-06,0.9,-9.442772732509855
0.1314544647122457,0.0117140874424572,3.873361975228218,0.2065838319294147,0.0026573408644753,0.7692307692307692,3,1,0.1,12.681331094095684,1.8719139356562025,1,1.9724531938428904,0.27,0.3,1,10,1,0.5645267490198541,0.8,1.8719139356562025,1.8719139356562025,1,False,False,False,False,1e-06,0.9,-17.315753341334087
0.2275335957245233,0.020695404434511,6.800293024604234,0.4431619778454821,0.0020963691422287,0.7692307692307692,3,1,0.1,4.289312914605219,0.8459918821365042,1,1.0252328413901732,0.27,0.3,1,10,1,0.8556718489230428,0.8,0.8459918821365042,0.8459918821365042,1,False,False,False,False,1e-06,0.9,-19.40448123175627
0.2791790338642273,0.0139782927206749,4.526434666690247,0.1473258396026408,-0.0021243244692807,0.7692307692307693,3,1,0.1,18.598394034495893,1.7450666076656192,1,0.8018381337450241,0.27,0.3,1,10,1,1.9764456565257205,0.8,1.7450666076656192,1.7450666076656192,1,False,False,False,False,1e-06,0.9,-9.802508812322536
0.274285490205484,0.0232792348775508,4.058264506741796,0.2177797764172034,-0.0028785205408371,0.7692307692307692,3,1,0.1,7.801522526710295,1.3751765073664155,1,1.2521112285924771,0.27,0.3,1,10,1,1.3005653066701015,0.8,1.3751765073664155,1.3751765073664155,1,False,False,False,False,1e-06,0.9,-19.41006085779493
0.2569304793745609,0.0218241037983087,4.178346068403148,0.2428277318834868,-0.002018035344622,0.7692307692307692,3,1,0.1,7.439650609152874,1.2980883691260865,1,1.1711621455950898,0.27,0.3,1,10,1,1.1367741493023198,0.8,1.2980883691260865,1.2980883691260865,1,False,False,False,False,1e-06,0.9,-17.740031876570963
0.4251934411649045,0.0313935511491808,16.12732424223185,0.6123546460274941,-0.0092422476234008,0.7692307692307693,3,1,0.1,3.116128557629381,0.5427404098865011,1,0.8733866966715755,0.27,0.3,1,10,1,1.9766593461660968,0.8,0.5427404098865011,0.5427404098865011,1,False,False,False,False,1e-06,0.9,-7.376474801583408
0.1946786227947802,0.0089446474732194,5.524676264186491,0.2906095130969488,0.0002794610815042,0.7692307692307693,3,1,0.1,12.725861072716825,1.1589972710179266,1,0.5261231534685532,0.27,0.3,1,10,1,0.8621127302635654,0.8,1.1589972710179266,1.1589972710179266,1,False,False,False,False,1e-06,0.9,-6.382017915373147
0.2953701954498414,0.0275371741967227,7.639078427802736,0.4775818057401928,-0.0017708458537197,0.7692307692307692,3,1,0.1,3.838691025224015,0.7474463604976994,1,1.102418430177116,0.27,0.3,1,10,1,1.1099901503244416,0.8,0.7474463604976994,0.7474463604976994,1,False,False,False,False,1e-06,0.9,-15.946550630177832
0.30079734493524,0.0329877853431811,5.505952514140775,0.3286489641601272,-0.004023199640169,0.7692307692307693,3,1,0.1,5.550789776250096,1.0005544362202716,1,1.757462360213509,0.27,0.3,1,10,1,1.216583656345021,0.8,1.0005544362202716,1.0005544362202716,1,False,False,False,False,1e-06,0.9,-15.236271683964098
0.3364767121786511,0.0323705320383434,6.145586742286997,0.2528390279186386,-0.0069207109326893,0.7692307692307692,3,1,0.1,8.3212346564588,1.1116756109710548,1,1.3027433636550216,0.27,0.3,1,10,1,1.9343197947384283,0.8,1.1116756109710548,1.1116756109710548,1,False,False,False,False,1e-06,0.9,-8.80002199142281
0.3557134822734078,0.0246216434656058,13.413045910700696,1.2631390726751144,0.0187265130670945,0.7692307692307693,3,1,0.1,1.6140876173502925,0.342131865387711,1,1.3625435337319578,0.27,0.3,1,10,1,0.9772849121410156,0.8,0.342131865387711,0.342131865387711,1,False,False,False,False,1e-06,0.9,-13.996521711370232
0.1539123398533047,0.0143799773878946,4.146278004319438,0.2574614747547344,0.002898987199063,0.7692307692307692,3,1,0.1,10.61014757218381,1.4877131783358446,1,1.495247943443514,0.27,0.3,1,10,1,0.6307370052973189,0.8,1.4877131783358446,1.4877131783358446,1,False,False,False,False,1e-06,0.9,-12.637822063449915
0.1855084202848849,0.0064047221674595,3.773359045192528,0.1959855850747278,2.102438236280544e-05,0.7692307692307692,3,1,0.1,13.256354870449982,1.6594723828168667,1,0.5308361205011041,0.27,0.3,1,10,1,0.8581677190175516,0.8,1.6594723828168667,1.6594723828168667,1,False,False,False,False,1e-06,0.9,-12.089825856568677
0.2303889285723475,0.0187723036896595,3.483680186169872,0.1986471117979988,-0.0009431534216754,0.7692307692307693,3,1,0.1,9.989836847899973,1.6145017202650531,1,1.333602626511285,0.27,0.3,1,10,1,1.0024787991990762,0.8,1.6145017202650531,1.6145017202650531,1,False,False,False,False,1e-06,0.9,-17.958612629690773
0.2421067341046655,0.0116701333306063,3.4916690025872086,0.167780394256439,-0.0011997861533941,0.7692307692307692,3,1,0.1,11.3179050843692,1.7119279945969896,1,0.737368770675083,0.27,0.3,1,10,1,1.2699012002539118,0.8,1.7119279945969896,1.7119279945969896,1,False,False,False,False,1e-06,0.9,-16.562113032171588
0.2998537313444146,0.0282850747789533,11.15164747063508,0.9639656716603692,0.0148445468718586,0.7692307692307693,3,1,0.1,2.1478015275414832,0.4529961152435207,1,1.8409679611199183,0.27,0.3,1,10,1,0.8660007097116259,0.8,0.4529961152435207,0.4529961152435207,1,False,False,False,False,1e-06,0.9,-17.547782959557228
0.2027465798070696,0.0210114225525105,7.247913952096186,0.5235731114288698,0.0068239684335834,0.7692307692307692,3,1,0.1,3.917109325872752,0.78011049496434,1,1.284022994923705,0.27,0.3,1,10,1,0.7226728684421299,0.8,0.78011049496434,0.78011049496434,1,False,False,False,False,1e-06,0.9,-18.981266832337724
0.4527463635447744,0.0363049140806968,13.932473184826232,0.7248135384764219,-0.0084055210094359,0.7692307692307692,3,1,0.1,2.404352537074592,0.4885933363699675,1,1.2036940522013124,0.27,0.3,1,10,1,1.7171699545768977,0.8,0.4885933363699675,0.4885933363699675,1,False,False,False,False,1e-06,0.9,-13.63857300609194
0.2442304208445693,0.0201335393532125,5.203676834786464,0.3139266843175307,-0.0010717881791365,0.7692307692307693,3,1,0.1,7.2962871383685135,1.0654687368615323,1,0.9323893342725892,0.27,0.3,1,10,1,1.0260624727377587,0.8,1.0654687368615323,1.0654687368615323,1,False,False,False,False,1e-06,0.9,-9.671796946372792
0.339150517494263,0.0276980957752444,9.436474605632904,0.44059312728654,-0.006064782706448,0.7692307692307692,3,1,0.1,7.586284068057665,0.7276145242851609,1,0.8088056839775966,0.27,0.3,1,10,1,1.5706070903058476,0.8,0.7276145242851609,0.7276145242851609,1,False,False,False,False,1e-06,0.9,-4.150336219286967
0.3205271956403236,0.0241603979969109,7.489238549212243,0.2987536136342791,-0.0055442130474604,0.7692307692307693,3,1,0.1,12.549467551271391,0.9558258694415782,1,0.7835158868875807,0.27,0.3,1,10,1,1.8497636761798515,0.8,0.9558258694415782,0.9558258694415782,1,False,False,False,False,1e-06,0.9,-4.755685051795586
0.2214718288463781,0.0256502784864276,4.988228126038915,0.3261989260422201,0.0013571951118029,0.7692307692307692,3,1,0.1,9.5162915726574,1.1213391064920175,1,1.8612877225203133,0.27,0.3,1,10,1,0.8391753667695254,0.8,1.1213391064920175,1.1213391064920175,1,False,False,False,False,1e-06,0.9,-7.637702181307084
0.2780423929459311,0.01058558983295,23.088209064229822,1.8153152986558103,0.0320295931215122,0.7692307692307692,3,1,0.1,1.1916837643426514,0.2500224681834955,1,0.7564039327480025,0.27,0.3,1,10,1,0.7821898489720349,0.8,0.2500224681834955,0.2500224681834955,1,False,False,False,False,1e-06,0.9,-9.174419383993689
0.3071659331034299,0.0266715786299321,4.364861911007076,0.1443837932061432,-0.0039280957313813,0.7692307692307693,3,1,0.1,16.142802822407898,1.8095574846463929,1,1.82193283159144,0.27,0.3,1,10,1,1.973492771648796,0.8,1.8095574846463929,1.8095574846463929,1,False,False,False,False,1e-06,0.9,-11.729497522436898
0.2488883871675638,0.0109219481449369,6.146352866328452,0.2856567691367292,-0.001354623541608,0.7692307692307693,3,1,0.1,6.820688811701979,1.0533509793418836,1,0.514344503468863,0.27,0.3,1,10,1,1.2290194739680609,0.8,1.0533509793418836,1.0533509793418836,1,False,False,False,False,1e-06,0.9,-10.614723067531129
0.2661992437614588,0.0159309518129938,6.249821264347415,0.3058572082464888,-0.0022030381020352,0.7692307692307692,3,1,0.1,5.398458961296333,0.9999825525577306,1,0.6656077249277321,0.27,0.3,1,10,1,1.2763963920302095,0.8,0.9999825525577306,0.9999825525577306,1,False,False,False,False,1e-06,0.9,-16.893098386751255
0.2740988333418243,0.0155071009015363,4.013626404003808,0.1551479073032406,-0.0022074007862327,0.7692307692307692,3,1,0.1,22.804718988917458,1.7165913444413918,1,0.8539810286429241,0.27,0.3,1,10,1,1.717394974747296,0.8,1.7165913444413918,1.7165913444413918,1,False,False,False,False,1e-06,0.9,-8.491905189633881
0.2913695546471032,0.0300434151480804,5.872340418417805,0.3701216119874282,-0.0029519595976761,0.7692307692307692,3,1,0.1,5.247800028516795,0.918211269698069,1,1.373285305963451,0.27,0.3,1,10,1,1.1471797400867771,0.8,0.918211269698069,0.918211269698069,1,False,False,False,False,1e-06,0.9,-12.658333695733642
0.49046622836688,0.0291023035324068,15.310928367486556,1.319505338172265,0.0130517668881627,0.7692307692307693,3,1,0.1,1.3454050522967118,0.2938294431764334,1,1.7052473036221836,0.27,0.3,1,10,1,1.3665128313349122,0.8,0.2938294431764334,0.2938294431764334,1,False,False,False,False,1e-06,0.9,-18.26527014468323
0.2215555574864409,0.0218786122669849,6.825898695243748,0.4688413983788406,0.0032518909950484,0.7692307692307693,3,1,0.1,7.57266430495321,0.8204178912245544,1,1.0221480348525356,0.27,0.3,1,10,1,0.8225257755390102,0.8,0.8204178912245544,0.8204178912245544,1,False,False,False,False,1e-06,0.9,-5.15471328121313
0.2483135890418402,0.0166533235329836,3.867163050827525,0.2068966294109989,-0.0016979306393775,0.7692307692307692,3,1,0.1,13.423552247949116,1.4538656573461368,1,0.8765094967636892,0.27,0.3,1,10,1,1.2006005724125222,0.8,1.4538656573461368,1.4538656573461368,1,False,False,False,False,1e-06,0.9,-9.132275807689862
0.3543082346235232,0.0218847116757239,13.63237560431119,1.6299639395864711,0.0368838072526452,0.7692307692307692,3,1,0.1,1.393873574603639,0.2769158458184992,1,1.6340750216372215,0.27,0.3,1,10,1,0.9068923228127715,0.8,0.2769158458184992,0.2769158458184992,1,False,False,False,False,1e-06,0.9,-6.635308703449873
0.5637318161599629,0.0005337530423623,119.1847927123597,5.563658187352671,0.0479040841457496,0.7692307692307693,3,1,0.1,0.3256913641584039,0.0726020690412238,1,1.8168507703551864,0.27,0.3,1,10,1,1.0815134917512763,0.8,0.0726020690412238,0.0726020690412238,1,False,False,False,False,1e-06,0.9,-7.1121389187653055
0.8034531258396922,1.033075439336638e-15,664088215.6556939,15.13302078704001,5.92270886293143e-08,0.7692307692307693,3,1,0.1,0.0615313988966131,0.0132512003582302,1,1.426817275522464,0.27,0.3,1,10,1,1.8084598774362768,0.8,0.0132512003582302,0.0132512003582302,1,False,False,False,False,1e-06,0.9,-0.6613609185290095
0.1997783472689775,0.0115760543006606,10.579729048822117,0.506664170896656,0.0024837424001457,0.7692307692307692,3,1,0.1,6.871088388735517,0.7347840177108035,1,0.5404683460819389,0.27,0.3,1,10,1,0.8090834158627811,0.8,0.7347840177108035,0.7347840177108035,1,False,False,False,False,1e-06,0.9,-4.5644450240488
0.2712573167062257,0.0130425194341073,4.325716934437118,0.1647661224298259,-0.0019733345842732,0.7692307692307692,3,1,0.1,17.40535158070216,1.608634686782513,1,0.7078976639950112,0.27,0.3,1,10,1,1.739141056181862,0.8,1.608634686782513,1.608634686782513,1,False,False,False,False,1e-06,0.9,-8.944233248708136
0.4366531357613281,0.0219110185455251,15.409068752570455,1.7155732153014285,0.0346234303547852,0.7692307692307692,3,1,0.1,1.1509713963639123,0.2448375398309704,1,1.7220737474827117,0.27,0.3,1,10,1,1.0976590997706823,0.8,0.2448375398309704,0.2448375398309704,1,False,False,False,False,1e-06,0.9,-10.436062688154356
0.2774854113625619,0.0269853529682915,4.246734598362571,0.2380498625853669,-0.0030840391221957,0.7692307692307692,3,1,0.1,7.504076792353477,1.302172892747191,1,1.5699240514939825,0.27,0.3,1,10,1,1.2304325267965712,0.8,1.302172892747191,1.302172892747191,1,False,False,False,False,1e-06,0.9,-17.499347301422482
0.2855575562091065,0.014924084568748,7.027527238192187,0.2910445297290082,-0.0028888775664261,0.7692307692307692,3,1,0.1,5.217684730501154,0.984285318214542,1,0.5969710706241653,0.27,0.3,1,10,1,1.5608490498934318,0.8,0.984285318214542,0.984285318214542,1,False,False,False,False,1e-06,0.9,-17.973644684008182
0.2975184637030107,0.0232376487370422,4.55350285636331,0.1860724287656146,-0.0038457498685641,0.7692307692307692,3,1,0.1,12.814323424793129,1.4609530153538643,1,1.1229968673583508,0.27,0.3,1,10,1,1.7751158845937849,0.8,1.4609530153538643,1.4609530153538643,1,False,False,False,False,1e-06,0.9,-9.624969236238485
0.2789019582509168,0.0092666520852807,19.271357784839413,2.578929567001142,0.0637240827797021,0.7692307692307692,3,1,0.1,0.8898500481829905,0.1970969887802168,1,1.249973695956001,0.27,0.3,1,10,1,0.6930504035389209,0.8,0.1970969887802168,0.1970969887802168,1,False,False,False,False,1e-06,0.9,-16.347089658143496
0.5277505555225351,0.0334030422563592,15.31701695286294,1.211028544132059,0.0057937419587844,0.7692307692307692,3,1,0.1,1.6477683567218488,0.3037814687832685,1,1.5003096295402654,0.27,0.3,1,10,1,1.6090750765092403,0.8,0.3037814687832685,0.3037814687832685,1,False,False,False,False,1e-06,0.9,-5.035090456656313
0.2399118411873142,0.0305923213650461,8.539242661513143,0.87963255299857,0.0215918155258598,0.7692307692307693,3,1,0.1,12.35829346358689,0.5121979492145172,1,1.856922741684515,0.27,0.3,1,10,1,0.7339417297673829,0.8,0.5121979492145172,0.5121979492145172,1,False,False,False,False,1e-06,0.9,-2.081085174880922
0.7578655397774291,0.00013726350271,334.86837029994626,4.091785702420252,0.0238045721462053,0.7692307692307693,3,1,0.1,0.2579363868010629,0.0582509261203109,1,1.4897471263775892,0.27,0.3,1,10,1,1.6815463552902912,0.8,0.0582509261203109,0.0582509261203109,1,False,False,False,False,1e-06,0.9,-9.08014968727562
0.251156829549154,0.0037430862175894,39.87947881101905,3.0695269484496066,0.0533972580383552,0.7692307692307693,3,1,0.1,0.9746825099727912,0.153658001623334,1,0.521472379337026,0.27,0.3,1,10,1,0.6586737867083636,0.8,0.153658001623334,0.153658001623334,1,False,False,False,False,1e-06,0.9,-1.6165009821945198
0.1593284779904553,0.0155644192637102,4.20570450537744,0.2513322087100709,0.0027452578996038,0.7692307692307693,3,1,0.1,9.095765055164632,1.5101229036951986,1,1.8040452508754432,0.27,0.3,1,10,1,0.6475186717328844,0.8,1.5101229036951986,1.5101229036951986,1,False,False,False,False,1e-06,0.9,-17.941831276030715
0.2290064447889663,0.0178193520554326,3.4145752658762145,0.1930952861545905,-0.00092485321442,0.7692307692307692,3,1,0.1,10.527524781487813,1.6495218258148872,1,1.2511545960655932,0.27,0.3,1,10,1,1.0088516887190595,0.8,1.6495218258148872,1.6495218258148872,1,False,False,False,False,1e-06,0.9,-17.127665979884394
0.280740651584475,0.0196245890434108,4.079225058512693,0.1716727202995273,-0.0029007447439481,0.7692307692307692,3,1,0.1,183.8477515091081,1.589161080645575,1,0.9542137173785996,0.27,0.3,1,10,1,1.6600583790500645,0.8,1.589161080645575,1.589161080645575,1,False,False,False,False,1e-06,0.9,-5.503341655529914
0.4230069835986006,0.0306989929693336,15.68849090857504,0.8004800796904968,-0.0053355816607167,0.7692307692307693,3,1,0.1,3.5045178266443213,0.4528704637045367,1,0.8553577992761925,0.27,0.3,1,10,1,1.5990687665728178,0.8,0.4528704637045367,0.4528704637045367,1,False,False,False,False,1e-06,0.9,-3.430633705592953
0.3293430620180619,0.0268417684680166,7.248572180376435,0.2885994076780881,-0.0061890173782396,0.7692307692307692,3,1,0.1,7.626489650130034,0.9837156418761812,1,0.91921847707533,0.27,0.3,1,10,1,1.9132924157066205,0.8,0.9837156418761812,0.9837156418761812,1,False,False,False,False,1e-06,0.9,-7.434519910147145
0.3577075421586163,0.0378124333291283,8.487786840331935,0.5393023616225228,-0.0046676808531172,0.7692307692307692,3,1,0.1,3.2542588250781663,0.6669736172738588,1,1.771917608242957,0.27,0.3,1,10,1,1.2612840733347834,0.8,0.6669736172738588,0.6669736172738588,1,False,False,False,False,1e-06,0.9,-19.87424341510969
0.2427829269421672,0.0157890375902546,3.390969934346554,0.1772126317024498,-0.0014072585306311,0.7692307692307692,3,1,0.1,11.695494895587023,1.6849469432857955,1,0.9836032139928312,0.27,0.3,1,10,1,1.1762486017789138,0.8,1.6849469432857955,1.6849469432857955,1,False,False,False,False,1e-06,0.9,-14.94919407119022
0.2315479282038254,0.0156317095459403,6.99187222020432,0.3799890561759613,-0.0001499893883919,0.7692307692307692,3,1,0.1,7.684934715031827,0.9021683762586428,1,0.6685774329579338,0.27,0.3,1,10,1,0.9737582668921296,0.8,0.9021683762586428,0.9021683762586428,1,False,False,False,False,1e-06,0.9,-6.121074052752753
0.6091500514257612,0.0072046443371661,62.76629167160085,1.6622977363254654,0.0203218088157431,0.7692307692307693,3,1,0.1,0.7428227119396156,0.1646579687009265,1,0.5710552783580138,0.27,0.3,1,10,1,1.984452173573178,0.8,0.1646579687009265,0.1646579687009265,1,False,False,False,False,1e-06,0.9,-13.912564984931272
0.2409975511680734,0.0163302682180804,13.759647905015518,1.5395663197078435,0.0390686116872252,0.7692307692307692,3,1,0.1,1.4919382792035905,0.3171097497070757,1,1.3327344576058366,0.27,0.3,1,10,1,0.6785899960131618,0.8,0.3171097497070757,0.3171097497070757,1,False,False,False,False,1e-06,0.9,-13.387779208892267
0.3941276745631089,0.0419056375150099,8.83314731115251,0.4914993079238071,-0.0089214488023664,0.7692307692307692,3,1,0.1,3.417367181444825,0.6875351690815151,1,1.8645268253704184,0.27,0.3,1,10,1,1.5359575247995738,0.8,0.6875351690815151,0.6875351690815151,1,False,False,False,False,1e-06,0.9,-17.879011004906822
0.3222011409947397,0.0326605304242148,4.885783589286892,0.2059058747301068,-0.0057596620528334,0.7692307692307693,3,1,0.1,10.191743487232989,1.3515020103525035,1,1.7865138065567885,0.27,0.3,1,10,1,1.785044983984081,0.8,1.3515020103525035,1.3515020103525035,1,False,False,False,False,1e-06,0.9,-10.590861875334037
0.2384431481477609,0.0107953278474493,6.499583327399305,0.3104707859533864,-0.0009482542193256,0.7692307692307692,3,1,0.1,5.437418264915711,1.0077901147624244,1,0.5241371497220626,0.27,0.3,1,10,1,1.1141423064001283,0.8,1.0077901147624244,1.0077901147624244,1,False,False,False,False,1e-06,0.9,-17.06572678958349
0.2202382535152325,0.0072533001780787,22.17290771311741,2.463702124443006,0.0563149930730114,0.7692307692307692,3,1,0.1,0.9966867462182144,0.2074626964915832,1,0.8791516238035786,0.27,0.3,1,10,1,0.6078940829563553,0.8,0.2074626964915832,0.2074626964915832,1,False,False,False,False,1e-06,0.9,-7.056090017214842
0.1131477354723977,0.0075727904643453,5.77423435972742,0.3424038349596115,0.0043489452081991,0.7692307692307692,3,1,0.1,6.481387799773825,1.1883862084993615,1,0.7657699472207018,0.27,0.3,1,10,1,0.5073413057637999,0.8,1.1883862084993615,1.1883862084993615,1,False,False,False,False,1e-06,0.9,-19.2793911835058
0.2997849561732545,0.0175910551929905,7.02333945015584,0.2589934725793206,-0.0038243539393861,0.7692307692307692,3,1,0.1,23.96455128543264,1.057568817195827,1,0.6313518647556252,0.27,0.3,1,10,1,1.8795291146103656,0.8,1.057568817195827,1.057568817195827,1,False,False,False,False,1e-06,0.9,-4.358766732144488
0.3571087738271765,0.042945966002396,6.980919967392449,0.4554362115054804,-0.0073965696985254,0.7692307692307692,3,1,0.1,33.14787115737349,0.7560741940420251,1,1.5373295649525025,0.27,0.3,1,10,1,1.3788073547509716,0.8,0.7560741940420251,0.7560741940420251,1,False,False,False,False,1e-06,0.9,-2.796668877609786
0.2454866697008362,0.0220971059599414,11.393863295126192,1.1074878738995215,0.0249029132729678,0.7692307692307692,3,1,0.1,2.114656145604916,0.4197785101845445,1,1.5155762685487086,0.27,0.3,1,10,1,0.7214435342874184,0.8,0.4197785101845445,0.4197785101845445,1,False,False,False,False,1e-06,0.9,-10.009465005548549
0.3382430029408782,0.0328737837436262,7.51436944269549,0.391901988993568,-0.0069268474749362,0.7692307692307692,3,1,0.1,47.44304829636276,0.8123648244020345,1,0.9631081537046896,0.27,0.3,1,10,1,1.5605345750798447,0.8,0.8123648244020345,0.8123648244020345,1,False,False,False,False,1e-06,0.9,-2.9249093836702933
0.3434337867535169,0.0331111968724676,7.603508185651095,0.4163078125396043,-0.0064265085598936,0.7692307692307692,3,1,0.1,4.901112952708802,0.7837316801358516,1,1.1560466411949322,0.27,0.3,1,10,1,1.4678451696003811,0.8,0.7837316801358516,0.7837316801358516,1,False,False,False,False,1e-06,0.9,-8.507873003866784
0.2754381132873176,0.0140791686653014,11.906559573675812,0.4813134803006875,-0.0014124241756834,0.7692307692307692,3,1,0.1,3.668719210644369,0.6878717854653099,1,0.5330534500968998,0.27,0.3,1,10,1,1.202186604127168,0.8,0.6878717854653099,0.6878717854653099,1,False,False,False,False,1e-06,0.9,-12.227825236779534
0.2526858342533968,0.0229837862283878,3.4987715609713543,0.1769340917914763,-0.0018506676780901,0.7692307692307693,3,1,0.1,11.49307206943196,1.7308904286314764,1,1.9150927083683515,0.27,0.3,1,10,1,1.136978370519787,0.8,1.7308904286314764,1.7308904286314764,1,False,False,False,False,1e-06,0.9,-16.608653611310068
0.2468839514816944,0.0209283640227323,11.889973805243804,1.2330561397539843,0.029701533647105,0.7692307692307692,3,1,0.1,1.941104336712416,0.3832978197469249,1,1.506462718488114,0.27,0.3,1,10,1,0.7114792208534766,0.8,0.3832978197469249,0.3832978197469249,1,False,False,False,False,1e-06,0.9,-8.852742158975595
0.2865267368889997,0.0158982036187516,5.086545944650615,0.1829499575854772,-0.0027805470599755,0.7692307692307693,3,1,0.1,10.47798102212594,1.4386034793072686,1,0.773127251329268,0.27,0.3,1,10,1,1.908852804476912,0.8,1.4386034793072686,1.4386034793072686,1,False,False,False,False,1e-06,0.9,-11.839101575747575
0.2843540332656823,0.0189411964218085,3.8137916290347618,0.1349729318381029,-0.0025039003096538,0.7692307692307692,3,1,0.1,14.044963841510022,1.944374044366124,1,1.2383194962721735,0.27,0.3,1,10,1,1.8021172378750905,0.8,1.944374044366124,1.944374044366124,1,False,False,False,False,1e-06,0.9,-16.199202903317158
0.2847324485648644,0.0357602971247703,5.402156579362723,0.3483559318313393,-0.00275776245287,0.7692307692307692,3,1,0.1,20.7154131200882,0.9922270662098474,1,1.9770631872725963,0.27,0.3,1,10,1,1.08808658480162,0.8,0.9922270662098474,0.9922270662098474,1,False,False,False,False,1e-06,0.9,-4.173710802988593
0.3977307736287255,0.0043468671526688,31.712401513959463,3.870589017581787,0.077658670025679,0.7692307692307693,3,1,0.1,0.565137599448308,0.1248049539677067,1,1.4092162538239497,0.27,0.3,1,10,1,0.8402771830602686,0.8,0.1248049539677067,0.1248049539677067,1,False,False,False,False,1e-06,0.9,-9.668748761132775
0.2543850329473518,0.0135046178269578,3.4070493572291074,0.1531597328673208,-0.0015253137624591,0.7692307692307693,3,1,0.1,12.012023123557563,1.821097082085677,1,0.8585935867366861,0.27,0.3,1,10,1,1.4001550500296818,0.8,1.821097082085677,1.821097082085677,1,False,False,False,False,1e-06,0.9,-17.69568132158043
0.2453560307055084,0.0136359941905387,6.888186479793197,0.3397844502463089,-0.0011698386668231,0.7692307692307692,3,1,0.1,7.786229120816627,0.9426455954245628,1,0.5769516886851492,0.27,0.3,1,10,1,1.1136864224860168,0.8,0.9426455954245628,0.9426455954245628,1,False,False,False,False,1e-06,0.9,-6.609744099556504
0.242598030537727,0.0102005492559446,6.308808474862562,0.2945099214742168,-0.0010963133435945,0.7692307692307693,3,1,0.1,5.667743719771498,1.0371328379584714,1,0.5022635822448845,0.27,0.3,1,10,1,1.1707457346909078,0.8,1.0371328379584714,1.0371328379584714,1,False,False,False,False,1e-06,0.9,-16.697048732254206
0.1163981171403333,0.0082039988841499,5.3935445854887245,0.3263492728023411,0.0042125015254579,0.7692307692307692,3,1,0.1,7.330191240384635,1.240081511220963,1,0.8235571481651462,0.27,0.3,1,10,1,0.5170149480895275,0.8,1.240081511220963,1.240081511220963,1,False,False,False,False,1e-06,0.9,-15.486860606052929
0.1794100731886819,0.0144616389842502,3.8716027998502174,0.2365809700161185,0.001205158297995,0.7692307692307693,3,1,0.1,8.908509542167648,1.5177281041207655,1,1.204603977364438,0.27,0.3,1,10,1,0.7412845051919238,0.8,1.5177281041207655,1.5177281041207655,1,False,False,False,False,1e-06,0.9,-19.328910648018628
0.421886107883891,0.0425163417424318,10.197704936252718,0.4731373296751778,-0.0117157837435781,0.7692307692307693,3,1,0.1,3.4721538893288453,0.6796741893325609,1,1.5755966283382263,0.27,0.3,1,10,1,1.8996554290406,0.8,0.6796741893325609,0.6796741893325609,1,False,False,False,False,1e-06,0.9,-14.929699186026626
0.7013262728788836,0.0024407880911485,71.92349946146531,2.5448656021910625,0.0520063484861506,0.7692307692307693,3,1,0.1,0.4515848424604295,0.0968296789330722,1,0.9167688103363528,0.27,0.3,1,10,1,1.739576935053997,0.8,0.0968296789330722,0.0968296789330722,1,False,False,False,False,1e-06,0.9,-4.556362098926588
0.3339243934649342,0.0303013261307537,10.700822716761843,0.8262867007917316,0.0052240610156472,0.7692307692307692,3,1,0.1,2.414454864972547,0.4941203726592101,1,1.4113284096496772,0.27,0.3,1,10,1,1.021190704477038,0.8,0.4941203726592101,0.4941203726592101,1,False,False,False,False,1e-06,0.9,-14.552716527942046
0.3008484428630328,0.0214269824587631,13.251131911598431,1.5052586921500826,0.0365018137447565,0.7692307692307693,3,1,0.1,1.4919498130022226,0.3114751582632142,1,1.8024772575961296,0.27,0.3,1,10,1,0.7962406768591958,0.8,0.3114751582632142,0.3114751582632142,1,False,False,False,False,1e-06,0.9,-10.891384682539858
0.6186595740354811,4.399576230950019e-07,7363.071333417113,10.73021002966158,0.0018320256376783,0.7692307692307692,3,1,0.1,0.1508621183878619,0.034467328071918,1,1.6306094846907997,0.27,0.3,1,10,1,1.1430951492649957,0.8,0.034467328071918,0.034467328071918,1,False,False,False,False,1e-06,0.9,-11.526734923351082
0.3361186304829743,0.0331884407494741,10.79677834865798,0.8796125719081057,0.008549128493406,0.7692307692307692,3,1,0.1,2.443956662944705,0.4745972469585336,1,1.9840106631473124,0.27,0.3,1,10,1,0.9829262122633112,0.8,0.4745972469585336,0.4745972469585336,1,False,False,False,False,1e-06,0.9,-9.980976994566271
0.4288138331886213,0.0228606051848448,19.192666093850573,1.158301567846332,0.0055142629258166,0.7692307692307693,3,1,0.1,1.6774832237867128,0.3305840608054512,1,0.8544419563644525,0.27,0.3,1,10,1,1.355403954436832,0.8,0.3305840608054512,0.3305840608054512,1,False,False,False,False,1e-06,0.9,-7.546356718894081
0.1124716372489634,0.0065772077867934,4.752384910410925,0.2723272859505575,0.0028074819183575,0.7692307692307693,3,1,0.1,8.51463596792357,1.4572513118637194,1,0.7586019023033894,0.27,0.3,1,10,1,0.5127818229755103,0.8,1.4572513118637194,1.4572513118637194,1,False,False,False,False,1e-06,0.9,-18.800969199951297
0.3928385532460392,1.201575642666128e-05,899.4250972230932,12.077746791887574,0.0116388045926924,0.7692307692307692,3,1,0.1,0.2082366347243176,0.0473294707742902,1,1.996995198706036,0.27,0.3,1,10,1,0.7265089126552493,0.8,0.0473294707742902,0.0473294707742902,1,False,False,False,False,1e-06,0.9,-10.455028571000174
0.4424827550046771,1.2159467483357872e-14,183368367.116082,28.13455455881303,1.765053320288922e-07,0.7692307692307693,3,1,0.1,0.0679662212832291,0.0156123692490157,1,0.6383438902110092,0.27,0.3,1,10,1,0.7968206037892922,0.8,0.0156123692490157,0.0156123692490157,1,False,False,False,False,1e-06,0.9,-11.31415835961031
0.3080892909452192,0.0238994921687667,6.15907559703507,0.2829864928970151,-0.0046878248222332,0.7692307692307693,3,1,0.1,5.492193425004173,1.029176425973212,1,0.9162287293177191,0.27,0.3,1,10,1,1.6179230537566345,0.8,1.029176425973212,1.029176425973212,1,False,False,False,False,1e-06,0.9,-18.24963743820466
0.2523315260742531,0.0088710734037749,3.712490972919044,0.1466780846671861,-0.0011180997960674,0.7692307692307692,3,1,0.1,107.12185992376118,1.8253323808892497,1,0.5749052543865456,0.27,0.3,1,10,1,1.5628688983973782,0.8,1.8253323808892497,1.8253323808892497,1,False,False,False,False,1e-06,0.9,-6.569528873777337
0.2157575549385914,0.0175188259908713,12.494367526034976,1.238085252674716,0.0304656559858544,0.7692307692307692,3,1,0.1,1.9209699182835325,0.3875284334334789,1,1.2603753292646585,0.27,0.3,1,10,1,0.6519146393979857,0.8,0.3875284334334789,0.3875284334334789,1,False,False,False,False,1e-06,0.9,-10.267438205821266
0.2717273465593988,0.023685301732341,3.957632126400742,0.2151830465100938,-0.0028564359851544,0.7692307692307692,3,1,0.1,14.561793567683011,1.396826849810189,1,1.210434965812334,0.27,0.3,1,10,1,1.2891460520016953,0.8,1.396826849810189,1.396826849810189,1,False,False,False,False,1e-06,0.9,-7.968268007791453
0.4494587556361572,0.0400169443742681,12.60488298582147,0.6073129972570702,-0.0110319536940938,0.7692307692307693,3,1,0.1,2.7085023336631746,0.5586445659415396,1,1.3714435332634962,0.27,0.3,1,10,1,1.85532702022386,0.8,0.5586445659415396,0.5586445659415396,1,False,False,False,False,1e-06,0.9,-17.530316883003547
0.3021488294967474,0.0156810364211725,13.10381494568798,2.303682174232803,0.0762474446540492,0.7692307692307692,3,1,0.1,1.373163230526636,0.2143706479330984,1,1.5113562901569173,0.27,0.3,1,10,1,0.746237966975206,0.8,0.2143706479330984,0.2143706479330984,1,False,False,False,False,1e-06,0.9,-2.208840982880602
0.279016634392118,0.0237796532288572,4.977915613460564,0.2795409417019068,-0.003087891113982,0.7692307692307692,3,1,0.1,6.0208000839672495,1.113906447924064,1,1.070321374028306,0.27,0.3,1,10,1,1.26217813168543,0.8,1.113906447924064,1.113906447924064,1,False,False,False,False,1e-06,0.9,-18.72508731280691
0.2400416057183556,0.0224561690453493,3.4491616341596067,0.181741204457415,-0.0013681323333271,0.7692307692307693,3,1,0.1,18.366583097590347,1.7376056504992583,1,1.8727418753715608,0.27,0.3,1,10,1,1.0467125703079576,0.8,1.7376056504992583,1.7376056504992583,1,False,False,False,False,1e-06,0.9,-9.816369983832518
0.3294590928809943,0.0324114520758316,5.36709285232717,0.2102433743580743,-0.0061845340739017,0.7692307692307693,3,1,0.1,8.667502694319525,1.3024978989973266,1,1.638497914424546,0.27,0.3,1,10,1,1.94381001215519,0.8,1.3024978989973266,1.3024978989973266,1,False,False,False,False,1e-06,0.9,-12.4469239159661
0.387331068226075,0.0356597943078561,10.297833001623928,0.6376059857449049,-0.0051199087633946,0.7692307692307692,3,1,0.1,2.7432469074064967,0.5704820478544862,1,1.3641025205577637,0.27,0.3,1,10,1,1.3645187996617565,0.8,0.5704820478544862,0.5704820478544862,1,False,False,False,False,1e-06,0.9,-19.238143086471624
0.2590466512732386,0.018676764913387,6.156144406500795,0.3360499234136948,-0.0017852461045885,0.7692307692307693,3,1,0.1,5.84202190098186,0.965216915465582,1,0.7739542725523674,0.27,0.3,1,10,1,1.1369388266338771,0.8,0.965216915465582,0.965216915465582,1,False,False,False,False,1e-06,0.9,-11.32691832372737
0.3036820409431884,0.0223799568589846,6.176952691142503,0.2706698493247372,-0.0044674637485597,0.7692307692307692,3,1,0.1,9.397705922721231,1.0572348385157402,1,0.8175827513503456,0.27,0.3,1,10,1,1.6776395114728366,0.8,1.0572348385157402,1.0572348385157402,1,False,False,False,False,1e-06,0.9,-6.876280364691729
0.2937082552559801,0.0296051703635432,4.252608004224411,0.2085661355379441,-0.0040111785226493,0.7692307692307692,3,1,0.1,8.11496574452172,1.413180460496273,1,1.9885331580039192,0.27,0.3,1,10,1,1.3971236644381266,0.8,1.413180460496273,1.413180460496273,1,False,False,False,False,1e-06,0.9,-19.197811407905665
0.3015617512293425,0.028328507103689,4.850776019106333,0.2548961810170837,-0.004533029472933,0.7692307692307692,3,1,0.1,7.457221636832692,1.1726198736922575,1,1.29464349571195,0.27,0.3,1,10,1,1.448157032418756,0.8,1.1726198736922575,1.1726198736922575,1,False,False,False,False,1e-06,0.9,-12.26847501958756
0.5142627170102516,6.4591723266238e-10,287254.17385369696,19.90316541768041,7.126321245625945e-05,0.7692307692307693,3,1,0.1,0.1024316774926245,0.0235134764330512,1,1.834199470067648,0.27,0.3,1,10,1,0.9204740425273364,0.8,0.0235134764330512,0.0235134764330512,1,False,False,False,False,1e-06,0.9,-14.868916357859163
0.4835845494672909,0.0422826835520301,13.59310355747844,0.7017912331284771,-0.0112992435291756,0.7692307692307693,3,1,0.1,2.434447178631782,0.4966507087992015,1,1.587297608488729,0.27,0.3,1,10,1,1.8599476466991496,0.8,0.4966507087992015,0.4966507087992015,1,False,False,False,False,1e-06,0.9,-14.276716919205583
0.1178328864672714,0.007053067191003,5.394703050508765,0.3110317434054916,0.0032544941104341,0.7692307692307692,3,1,0.1,7.190093992225008,1.2780387598098757,1,0.7148907514262677,0.27,0.3,1,10,1,0.528599859831715,0.8,1.2780387598098757,1.2780387598098757,1,False,False,False,False,1e-06,0.9,-18.54243395264614
0.2265140692534724,0.0265256517425653,6.614266108032693,0.4646147839944617,0.0045041967729264,0.7692307692307692,3,1,0.1,4.6430933791555065,0.8462157607931402,1,1.8420573319797284,0.27,0.3,1,10,1,0.7960760582809026,0.8,0.8462157607931402,0.8462157607931402,1,False,False,False,False,1e-06,0.9,-13.416738967118787
0.3349450770663487,0.0275711339233256,8.109843202847477,0.3758740960534944,-0.0060604110357803,0.7692307692307692,3,1,0.1,4.288309717483606,0.819501561154537,1,0.9289542209129632,0.27,0.3,1,10,1,1.6186090287660264,0.8,0.819501561154537,0.819501561154537,1,False,False,False,False,1e-06,0.9,-15.891572905506536
0.4039464586880257,0.0454258274119632,8.574850812100463,0.4124638159022323,-0.0115268967670827,0.7692307692307692,3,1,0.1,4.654382543460905,0.7665663768610642,1,1.9773315728416,0.27,0.3,1,10,1,1.816293331618655,0.8,0.7665663768610642,0.7665663768610642,1,False,False,False,False,1e-06,0.9,-8.924675546012137
0.2831171928634027,0.0247733316046138,3.764003831932472,0.1804919855469136,-0.0031982066318175,0.7692307692307692,3,1,0.1,11.639358822340617,1.5877812878589233,1,1.5062468960387103,0.27,0.3,1,10,1,1.4362065229753755,0.8,1.5877812878589233,1.5877812878589233,1,False,False,False,False,1e-06,0.9,-12.944498180944066
0.1628007881318428,0.0116867073112231,6.220919205918827,0.3694696493631402,0.003040943023563,0.7692307692307692,3,1,0.1,19.063129052734816,1.0284215080594086,1,0.6972719631665008,0.27,0.3,1,10,1,0.67866582778731,0.8,1.0284215080594086,1.0284215080594086,1,False,False,False,False,1e-06,0.9,-4.473978386385056
0.2327519514509701,0.0169126440196213,14.118856152385872,1.1851425544337146,0.0230129543676042,0.7692307692307693,3,1,0.1,1.920534106247472,0.3886714572920861,1,0.9972150041246908,0.27,0.3,1,10,1,0.7148287521953833,0.8,0.3886714572920861,0.3886714572920861,1,False,False,False,False,1e-06,0.9,-10.530185182438013
0.2908656953915631,0.0286005904905434,4.232045336428987,0.2186302385626234,-0.0038478116787929,0.7692307692307692,3,1,0.1,8.099591351206227,1.363336062210854,1,1.7176295679317888,0.27,0.3,1,10,1,1.3666533372864542,0.8,1.363336062210854,1.363336062210854,1,False,False,False,False,1e-06,0.9,-16.793588481672614
0.3909976916425107,0.0406984760786827,9.47668264075049,0.6716580963883779,-0.0046300932619209,0.7692307692307692,3,1,0.1,4.301608188962178,0.5566410917388465,1,1.5616136376337495,0.27,0.3,1,10,1,1.311222476157912,0.8,0.5566410917388465,0.5566410917388465,1,False,False,False,False,1e-06,0.9,-4.224143855656031
0.2854262289292416,0.0244079247384585,3.8715150141573145,0.1844858738082497,-0.0032958336702124,0.7692307692307693,3,1,0.1,9.843353094570777,1.5454494731916233,1,1.4284237779501183,0.27,0.3,1,10,1,1.4684231464132542,0.8,1.5454494731916233,1.5454494731916233,1,False,False,False,False,1e-06,0.9,-16.116173887061713
0.3018822670616506,0.0164381575932904,8.897204128273755,0.3396052557732423,-0.0036284388875357,0.7692307692307692,3,1,0.1,5.910028568360048,0.8549915918089764,1,0.5741407493861485,0.27,0.3,1,10,1,1.651067439519583,0.8,0.8549915918089764,0.8549915918089764,1,False,False,False,False,1e-06,0.9,-7.638512129220569
0.1971560566444982,0.0053544156959806,21.13878644614489,3.3957512016783835,0.0882188603625977,0.7692307692307692,3,1,0.1,0.7776149517358845,0.170950672873922,1,1.4561327591888864,0.27,0.3,1,10,1,0.5196875100532795,0.8,0.170950672873922,0.170950672873922,1,False,False,False,False,1e-06,0.9,-12.03172071375322
0.1588837009324174,0.0160322836369216,4.380183514174458,0.2629343809167866,0.00309207838393,0.7692307692307693,3,1,0.1,8.390386219927628,1.4540635994199145,1,1.8908946924473844,0.27,0.3,1,10,1,0.6423803909245202,0.8,1.4540635994199145,1.4540635994199145,1,False,False,False,False,1e-06,0.9,-19.463160926544184
0.3985775157762156,0.0373737714241728,10.625065265942,0.7124273387980117,-0.0036930275703997,0.7692307692307692,3,1,0.1,2.5776124878212747,0.5273022175145644,1,1.597726420515286,0.27,0.3,1,10,1,1.312009806883326,0.8,0.5273022175145644,0.5273022175145644,1,False,False,False,False,1e-06,0.9,-15.482029966846456
0.3216401484259943,0.0336319510374662,7.041569051197281,0.4460589644039116,-0.0039703332349316,0.7692307692307692,3,1,0.1,4.340227854404036,0.7804385747832528,1,1.4264739153453123,0.27,0.3,1,10,1,1.2151839356920109,0.8,0.7804385747832528,0.7804385747832528,1,False,False,False,False,1e-06,0.9,-11.781921186550184
0.2455185451392006,0.0156437918899194,13.266370477798482,1.8310730320780984,0.0539326957750503,0.7692307692307692,3,1,0.1,1.529632301973195,0.2726484295617751,1,1.3590686346403595,0.27,0.3,1,10,1,0.6681088547102652,0.8,0.2726484295617751,0.2726484295617751,1,False,False,False,False,1e-06,0.9,-3.992962118666277
0.2571287955955464,0.0109700136477125,3.5175412659620204,0.1387984843372431,-0.0013215272083105,0.7692307692307692,3,1,0.1,12.81402284347671,1.930959803076684,1,0.7454344676103657,0.27,0.3,1,10,1,1.5641827218982007,0.8,1.930959803076684,1.930959803076684,1,False,False,False,False,1e-06,0.9,-18.5488167206303
0.2610479832179169,0.0197130850262595,3.543291470843446,0.1819092322289831,-0.0021504841085121,0.7692307692307692,3,1,0.1,11.709345810915645,1.6142660403790567,1,1.1617039115089351,0.27,0.3,1,10,1,1.2840332723226484,0.8,1.6142660403790567,1.6142660403790567,1,False,False,False,False,1e-06,0.9,-13.365312946682794
0.5005278449698747,0.0401223199229641,13.646529026124064,0.9657086185529752,-0.0033518225973096,0.7692307692307692,3,1,0.1,2.086560170196746,0.3850459418616637,1,1.811780153960344,0.27,0.3,1,10,1,1.588223868614188,0.8,0.3850459418616637,0.3850459418616637,1,False,False,False,False,1e-06,0.9,-6.406444831195747
0.3857229934808036,0.035752021727924,9.8770273558302,0.4093034285734491,-0.0097759794597263,0.7692307692307692,3,1,0.1,4.50868763228164,0.7496092040721871,1,1.1234411841415293,0.27,0.3,1,10,1,1.9728639420811416,0.8,0.7496092040721871,0.7496092040721871,1,False,False,False,False,1e-06,0.9,-8.938444088018633
0.2886743387711737,0.016973566045704,5.759886681353804,0.2283355472858787,-0.0032524111690717,0.7692307692307692,3,1,0.1,25.48518862666784,1.1971654483858154,1,0.6739444992314696,0.27,0.3,1,10,1,1.769689909603642,0.8,1.1971654483858154,1.1971654483858154,1,False,False,False,False,1e-06,0.9,-5.010474168891893
0.3668699281843811,0.0375761594236403,7.878446004499167,0.433801922927885,-0.0077328863660505,0.7692307692307692,3,1,0.1,3.7793809930723454,0.7578749954800817,1,1.4967707987072414,0.27,0.3,1,10,1,1.5151935649313766,0.8,0.7578749954800817,0.7578749954800817,1,False,False,False,False,1e-06,0.9,-19.27823374733628
0.2783173279780858,0.0202649529226729,4.30384236480865,0.2084411640984252,-0.0029746792761738,0.7692307692307693,3,1,0.1,9.502005828996351,1.372535219370567,1,0.9701213264831337,0.27,0.3,1,10,1,1.4666193202015714,0.8,1.372535219370567,1.372535219370567,1,False,False,False,False,1e-06,0.9,-12.23085877897928
0.5435305033706642,0.01699112430518,32.87928784467775,1.3712289118416403,0.0090006398727484,0.7692307692307692,3,1,0.1,1.157989047236899,0.2415022808257481,1,0.727256583420204,0.27,0.3,1,10,1,1.8801021318115163,0.8,0.2415022808257481,0.2415022808257481,1,False,False,False,False,1e-06,0.9,-8.36201094748191
0.4279158377522962,0.0319136509484125,13.089249635717048,1.0618597429189305,0.0052799273805277,0.7692307692307693,3,1,0.1,2.011794003470805,0.3728707652627637,1,1.3354292543896575,0.27,0.3,1,10,1,1.267057588501293,0.8,0.3728707652627637,0.3728707652627637,1,False,False,False,False,1e-06,0.9,-6.313972928018774
0.5316827738675438,0.0349616625682513,18.13190877678325,1.044782072414458,-0.0039051271679097,0.7692307692307693,3,1,0.1,2.393588375343375,0.3379345312496648,1,1.0681074930050445,0.27,0.3,1,10,1,1.934781367914848,0.8,0.3379345312496648,0.3379345312496648,1,False,False,False,False,1e-06,0.9,-2.9016769234067894
0.1793099838016037,0.0162968296404417,3.76692594155634,0.2287530949522348,0.0013660228470009,0.7692307692307693,3,1,0.1,15.622194174294416,1.5809727759464474,1,1.461426911094858,0.27,0.3,1,10,1,0.7330993083052278,0.8,1.5809727759464474,1.5809727759464474,1,False,False,False,False,1e-06,0.9,-9.386001121715031
0.7841239910186161,0.0005943618245917,155.9267845575366,2.819864522320113,0.0427530005483998,0.7692307692307693,3,1,0.1,0.33247914137557,0.07006397417112,1,1.1019516410044217,0.27,0.3,1,10,1,1.9555945656452784,0.8,0.07006397417112,0.07006397417112,1,False,False,False,False,1e-06,0.9,-2.689752967942709
0.2938154154092287,0.0225532026493071,4.03203401836982,0.1464013654141555,-0.0032034913707965,0.7692307692307692,3,1,0.1,16.36142846778,1.8059269937096003,1,1.382655883257765,0.27,0.3,1,10,1,1.8324063624329303,0.8,1.8059269937096003,1.8059269937096003,1,False,False,False,False,1e-06,0.9,-11.538749076081531
0.1942927793128775,0.0070486914223619,3.750314392312756,0.19514769805418,-0.0001190754173202,0.7692307692307693,3,1,0.1,10.037043581308613,1.6380473384051213,1,0.5580422144833507,0.27,0.3,1,10,1,0.9060829444599998,0.8,1.6380473384051213,1.6380473384051213,1,False,False,False,False,1e-06,0.9,-18.648130107070312
0.2793686657414923,0.02828551753967,4.177129640356408,0.2391903840156081,-0.0033659513873937,0.7692307692307692,3,1,0.1,19.98074111755009,1.2958267777833397,1,1.4453840571602052,0.27,0.3,1,10,1,1.252226727412295,0.8,1.2958267777833397,1.2958267777833397,1,False,False,False,False,1e-06,0.9,-6.007818327371117
0.2943666856538841,0.029613118871992,4.247652257863775,0.2080156133824513,-0.0040455949090455,0.7692307692307692,3,1,0.1,8.254842653587133,1.4140858220742718,1,1.966078271872348,0.27,0.3,1,10,1,1.406394242249376,0.8,1.4140858220742718,1.4140858220742718,1,False,False,False,False,1e-06,0.9,-18.292276786166667
0.12116673960928,0.0104907657036012,4.430207611098602,0.2764176129066512,0.0041852715740148,0.7692307692307692,3,1,0.1,8.372425347509234,1.4612372490068186,1,1.2892789914087115,0.27,0.3,1,10,1,0.5236230932381947,0.8,1.4612372490068186,1.4612372490068186,1,False,False,False,False,1e-06,0.9,-19.98646696781924
0.370437974443093,0.0393039079396998,9.525567730565133,0.678142868974642,-0.0019565614922463,0.7692307692307692,3,1,0.1,3.3354934754816625,0.5638648059470485,1,1.8945370778449293,0.27,0.3,1,10,1,1.1913483278857522,0.8,0.5638648059470485,0.5638648059470485,1,False,False,False,False,1e-06,0.9,-7.027653807461924
0.2855671037692018,0.0205253251409653,3.6949916108166367,0.136309496788969,-0.0026477560041226,0.7692307692307693,3,1,0.1,14.12982118513814,1.9470714162311344,1,1.3878391167130064,0.27,0.3,1,10,1,1.7338824317517774,0.8,1.9470714162311344,1.9470714162311344,1,False,False,False,False,1e-06,0.9,-16.109919091600034
0.3931072619354216,1.171766434551415e-08,48418.57164668733,20.73545657263929,0.0003747866807698,0.7692307692307692,3,1,0.1,0.1217679674864988,0.0278917469557487,1,1.987796205736344,0.27,0.3,1,10,1,0.7202239057869448,0.8,0.0278917469557487,0.0278917469557487,1,False,False,False,False,1e-06,0.9,-12.52704084735068
0.1962455954138247,0.0086590738883559,3.50464477747218,0.1862516356266184,-0.000159854794457,0.7692307692307692,3,1,0.1,13.900104202888777,1.7219701674835637,1,0.6580443295196583,0.27,0.3,1,10,1,0.9069176600952285,0.8,1.7219701674835637,1.7219701674835637,1,False,False,False,False,1e-06,0.9,-12.392407973048332
0.3148601873775393,0.0277836526633806,5.858180958908945,0.2899947039406521,-0.0052476012542189,0.7692307692307692,3,1,0.1,5.550901609302532,1.0272014507442695,1,1.1030683526750744,0.27,0.3,1,10,1,1.5591616783730895,0.8,1.0272014507442695,1.0272014507442695,1,False,False,False,False,1e-06,0.9,-17.283254334441544
0.2062791487320436,0.0183650085240379,3.920941449732457,0.2473168826764702,0.000294833028022,0.7692307692307692,3,1,0.1,42.83483567939123,1.3999707172183555,1,1.1335029603415994,0.27,0.3,1,10,1,0.8547987789290546,0.8,1.3999707172183555,1.3999707172183555,1,False,False,False,False,1e-06,0.9,-5.43652388127262
0.3653797029845334,0.0414934099766502,6.705214731036594,0.2970457312291377,-0.0094878718818332,0.7692307692307693,3,1,0.1,8.663862053547623,0.9884054495867506,1,1.796933684134553,0.27,0.3,1,10,1,1.897601348247655,0.8,0.9884054495867506,0.9884054495867506,1,False,False,False,False,1e-06,0.9,-6.515905502403394
0.5152948172838095,0.0038442614976826,39.25647797668909,3.670231165237304,0.0708516050934247,0.7692307692307692,3,1,0.1,0.4973663724127906,0.1125822195718252,1,1.614530019700011,0.27,0.3,1,10,1,1.0725530862621515,0.8,0.1125822195718252,0.1125822195718252,1,False,False,False,False,1e-06,0.9,-19.62639129195323
0.419324155670102,0.0144409517654409,19.40176433093329,1.988938083037168,0.0392515864501718,0.7692307692307692,3,1,0.1,0.9529303729607126,0.2115273614295013,1,1.1451257201341272,0.27,0.3,1,10,1,1.0441962307686037,0.8,0.2115273614295013,0.2115273614295013,1,False,False,False,False,1e-06,0.9,-18.50370126317522
0.3850959405278253,0.0222182278878598,18.96344763817616,0.6371690576883184,-0.0056532295254899,0.7692307692307692,3,1,0.1,2.910032207635735,0.523730468617105,1,0.6438556790560113,0.27,0.3,1,10,1,1.7684617964593234,0.8,0.523730468617105,0.523730468617105,1,False,False,False,False,1e-06,0.9,-7.931266188265159
0.2090881610425231,0.0225794049752925,5.415187971054159,0.3723273093775631,0.0028383555242251,0.7692307692307693,3,1,0.1,6.265451116813662,1.0190105469625454,1,1.4962754445943216,0.27,0.3,1,10,1,0.7822434685944202,0.8,1.0190105469625454,1.0190105469625454,1,False,False,False,False,1e-06,0.9,-11.505337859377306
0.227815159627429,0.0235670443316754,5.068380473415214,0.3426569532304476,0.0007810727638011,0.7692307692307692,3,1,0.1,9.2702583247544,1.054701793891605,1,1.29127510521663,0.27,0.3,1,10,1,0.8781592622299648,0.8,1.054701793891605,1.054701793891605,1,False,False,False,False,1e-06,0.9,-6.934467833047835
0.6627128610338273,0.016740677073775,26.15137250759613,1.785903335399515,0.0404997659249013,0.7692307692307692,3,1,0.1,0.7838830510560914,0.1713992897185621,1,1.6999252492469543,0.27,0.3,1,10,1,1.9773431126886825,0.8,0.1713992897185621,0.1713992897185621,1,False,False,False,False,1e-06,0.9,-10.882776101857086
0.3764689575210603,0.0384708811258395,8.127894683758013,0.3583184558656752,-0.009747136379106,0.7692307692307692,3,1,0.1,5.575988533855442,0.8419991175093485,1,1.3516525730240216,0.27,0.3,1,10,1,1.920339365609056,0.8,0.8419991175093485,0.8419991175093485,1,False,False,False,False,1e-06,0.9,-8.120020824547034
0.2795047716969832,0.02069583932029,3.736501655420168,0.1660233867343405,-0.0027561304261764,0.7692307692307692,3,1,0.1,10.68755486087241,1.6706254843369162,1,1.2144540374382788,0.27,0.3,1,10,1,1.5361202089797197,0.8,1.6706254843369162,1.6706254843369162,1,False,False,False,False,1e-06,0.9,-17.26022916817043
0.2721942666730634,0.0211639592018302,6.521228463202286,0.3520759561073514,-0.0025977468233799,0.7692307692307693,3,1,0.1,33.80567222538355,0.9167528238679248,1,0.7366936445647583,0.27,0.3,1,10,1,1.216131387002549,0.8,0.9167528238679248,0.9167528238679248,1,False,False,False,False,1e-06,0.9,-3.462761130703925
0.2777407471215127,0.0192983920329467,4.804128654739302,0.2341513846696606,-0.0029872788764243,0.7692307692307693,3,1,0.1,9.224622959505249,1.237014173132356,1,0.8422651497383747,0.27,0.3,1,10,1,1.447761637831965,0.8,1.237014173132356,1.237014173132356,1,False,False,False,False,1e-06,0.9,-9.843267292332488
0.1502886218144415,0.0177343054336804,6.505549318396793,0.4663427801311112,0.0102051678617795,0.7692307692307693,3,1,0.1,4.930494340863612,0.9138395608418804,1,1.7791754733135037,0.27,0.3,1,10,1,0.5726565558812307,0.8,0.9138395608418804,0.9138395608418804,1,False,False,False,False,1e-06,0.9,-15.475096755282063
0.352157743324373,0.0367139594288678,6.980607300352804,0.3694847462220288,-0.007789237064496,0.7692307692307692,3,1,0.1,6.744658798057204,0.852826299211762,1,1.3229288628991616,0.27,0.3,1,10,1,1.5923318883080728,0.8,0.852826299211762,0.852826299211762,1,False,False,False,False,1e-06,0.9,-6.288263845662399
0.1499419725647801,0.014568957302756,11.024067964971511,0.996912685609889,0.0289694594448797,0.7692307692307693,3,1,0.1,2.3151120087343866,0.4896403187478404,1,1.346435092414249,0.27,0.3,1,10,1,0.5209587280749085,0.8,0.4896403187478404,0.4896403187478404,1,False,False,False,False,1e-06,0.9,-19.543947566114387
0.2816539737407067,0.0172460777377006,4.388197889122772,0.1749522271465794,-0.002700644810871,0.7692307692307692,3,1,0.1,11.43461513874862,1.535592442391489,1,0.8802246028654879,0.27,0.3,1,10,1,1.732469074601745,0.8,1.535592442391489,1.535592442391489,1,False,False,False,False,1e-06,0.9,-12.243729648548966
0.2995103520953731,0.0298029021738972,4.734037511888292,0.2564917704588385,-0.004371510084216,0.7692307692307692,3,1,0.1,6.517422368150551,1.1872029295991482,1,1.5494196970708112,0.27,0.3,1,10,1,1.369396958456456,0.8,1.1872029295991482,1.1872029295991482,1,False,False,False,False,1e-06,0.9,-18.786598384957163
0.1244501082406716,0.0060263089252194,8.490370300136156,0.424981487233759,0.0037586207353735,0.7692307692307693,3,1,0.1,5.331078251567922,0.940219835468586,1,0.5164825892744637,0.27,0.3,1,10,1,0.5502758557961969,0.8,0.940219835468586,0.940219835468586,1,False,False,False,False,1e-06,0.9,-13.294123261394464
0.4900766705781965,0.0342052501281158,17.922734981821183,0.8755725884663522,-0.0075477700182083,0.7692307692307693,3,1,0.1,2.556391409238494,0.405487240472294,1,0.9963139797658148,0.27,0.3,1,10,1,1.8962511627013785,0.8,0.405487240472294,0.405487240472294,1,False,False,False,False,1e-06,0.9,-4.322990917609724
0.4996325786853157,0.0405054288207529,15.450200378408889,0.7406798711690569,-0.0114051922211393,0.7692307692307692,3,1,0.1,2.232905979441474,0.4683507081959724,1,1.4339046426659203,0.27,0.3,1,10,1,1.981754598920948,0.8,0.4683507081959724,0.4683507081959724,1,False,False,False,False,1e-06,0.9,-17.139525214383454
0.2477485896088016,0.0180858455138184,3.949269764067492,0.2201278922075883,-0.0016759627161116,0.7692307692307692,3,1,0.1,9.47585779591403,1.3991470584553531,1,0.9698249979600886,0.27,0.3,1,10,1,1.1486879783530908,0.8,1.3991470584553531,1.3991470584553531,1,False,False,False,False,1e-06,0.9,-12.949073856945112
0.2617688210085949,0.0148638981390103,5.79557045256764,0.2819595343685298,-0.0020595922964045,0.7692307692307692,3,1,0.1,7.210814127332683,1.0669606713392397,1,0.6360863726278168,0.27,0.3,1,10,1,1.2902782122316043,0.8,1.0669606713392397,1.0669606713392397,1,False,False,False,False,1e-06,0.9,-9.912008528489196
0.2454296949256476,0.0210993530887403,11.93916512590271,1.3418497750187226,0.0368605237923806,0.7692307692307692,3,1,0.1,1.8987161798887544,0.3586532584424347,1,1.783606186951657,0.27,0.3,1,10,1,0.6932388014999509,0.8,0.3586532584424347,0.3586532584424347,1,False,False,False,False,1e-06,0.9,-6.588077912238941
0.4884124970313717,0.0416127987124392,14.7953994267053,0.7680305346036052,-0.0112562046524811,0.7692307692307692,3,1,0.1,3.969717229721033,0.4576992704536711,1,1.1709011919052152,0.27,0.3,1,10,1,1.94671477009958,0.8,0.4576992704536711,0.4576992704536711,1,False,False,False,False,1e-06,0.9,-3.049031763765335
0.2646232607102982,0.0222512465546932,10.346728268480726,0.6599798097731826,0.0039146574516378,0.7692307692307692,3,1,0.1,3.003048722273093,0.5991469344197748,1,0.9393978128906764,0.27,0.3,1,10,1,0.9173184440938498,0.8,0.5991469344197748,0.5991469344197748,1,False,False,False,False,1e-06,0.9,-14.7452411444434
0.3308722585052664,0.0328970737957742,6.055823845581401,0.2837731614671371,-0.0068989474396063,0.7692307692307693,3,1,0.1,42.34550050922584,1.03322051244431,1,1.131342234235575,0.27,0.3,1,10,1,1.7493756604043784,0.8,1.03322051244431,1.03322051244431,1,False,False,False,False,1e-06,0.9,-3.8512724227755406
0.6593365065055421,8.63266266530946e-05,267.6556627199314,6.621407918016246,0.0344749177801577,0.7692307692307693,3,1,0.1,0.2643701072524793,0.0506713537887205,1,1.980690658407056,0.27,0.3,1,10,1,1.2745247941652602,0.8,0.0506713537887205,0.0506713537887205,1,False,False,False,False,1e-06,0.9,-0.9968536867041492
0.2807097819995867,0.0241806909883401,3.8124462999730535,0.18878976063699,-0.0031389310550821,0.7692307692307692,3,1,0.1,12.058732489418816,1.530872627664858,1,1.371484958714743,0.27,0.3,1,10,1,1.4112323018514592,0.8,1.530872627664858,1.530872627664858,1,False,False,False,False,1e-06,0.9,-11.342887792797626
0.3476099891901251,0.0086891736609093,23.38312071065689,2.555091353923488,0.057672223835658,0.7692307692307694,3,1,0.1,0.9899397251007024,0.1743316706577458,1,0.7964032081750975,0.27,0.3,1,10,1,0.8521991176197232,0.8,0.1743316706577458,0.1743316706577458,1,False,False,False,False,1e-06,0.9,-2.453106139403104
0.2738471958346168,0.0285900080627407,4.847059727208565,0.3023017777949223,-0.0025942783309588,0.7692307692307692,3,1,0.1,8.630715861429938,1.094842492079283,1,1.4371541669041947,0.27,0.3,1,10,1,1.120452368344448,0.8,1.094842492079283,1.094842492079283,1,False,False,False,False,1e-06,0.9,-8.104568377482924
0.2100957919442093,0.0138771252433783,4.302000424072584,0.2496887138655715,-0.000238284181457,0.7692307692307693,3,1,0.1,39.527086201770445,1.3259878607201834,1,0.751021042453459,0.27,0.3,1,10,1,0.9254256904962784,0.8,1.3259878607201834,1.3259878607201834,1,False,False,False,False,1e-06,0.9,-5.171765303240699
0.242457537849087,0.0224780037411338,3.537032719555385,0.1866268725631443,-0.0014371530261283,0.7692307692307692,3,1,0.1,12.103847590433736,1.6896615300945452,1,1.884738383286377,0.27,0.3,1,10,1,1.055989011431855,0.8,1.6896615300945452,1.6896615300945452,1,False,False,False,False,1e-06,0.9,-14.255881130052725
0.2787537865543338,0.0176164727627373,14.219923304170903,1.5540762857112214,0.0355794082396059,0.7692307692307692,3,1,0.1,1.3945407693590617,0.3051036238797351,1,1.3386826370199476,0.27,0.3,1,10,1,0.7569314241047326,0.8,0.3051036238797351,0.3051036238797351,1,False,False,False,False,1e-06,0.9,-19.582513190632287
0.2528324208338798,0.0146606011480203,7.435406284183518,0.3623443919469263,-0.0013590402325031,0.7692307692307692,3,1,0.1,6.607338375293289,0.8898425668566654,1,0.5929539400922704,0.27,0.3,1,10,1,1.1362556165234614,0.8,0.8898425668566654,0.8898425668566654,1,False,False,False,False,1e-06,0.9,-7.123148715428783
0.2270621232067298,0.0184921209282715,4.505485265953633,0.2760812641813441,-0.0005227848621083,0.7692307692307693,3,1,0.1,9.987784805079508,1.216146098135515,1,0.969871329200697,0.27,0.3,1,10,1,0.9581168529872088,0.8,1.216146098135515,1.216146098135515,1,False,False,False,False,1e-06,0.9,-8.582077944936078
0.2632870378946242,0.0194531765650726,3.5017797503527586,0.1742972750420578,-0.0021834951776792,0.7692307692307693,3,1,0.1,11.629998794083548,1.6622358903290364,1,1.1681047632656438,0.27,0.3,1,10,1,1.3243356950822631,0.8,1.6622358903290364,1.6622358903290364,1,False,False,False,False,1e-06,0.9,-14.556060215304573
0.3311138172237777,0.0355109802133629,5.4055843969458754,0.2569417688074834,-0.0065847891757477,0.7692307692307693,3,1,0.1,6.390377818003812,1.1411962411799028,1,1.8985753946856057,0.27,0.3,1,10,1,1.6316882716973962,0.8,1.1411962411799028,1.1411962411799028,1,False,False,False,False,1e-06,0.9,-16.820520542804424
0.5838813009263902,2.31000653445357e-05,651.2181694963601,8.319829936727773,0.014552147174638,0.7692307692307692,3,1,0.1,0.2199134895007417,0.0475651076136877,1,1.585468990123727,0.27,0.3,1,10,1,1.0759053438910586,0.8,0.0475651076136877,0.0475651076136877,1,False,False,False,False,1e-06,0.9,-2.52698246729954
0.2225632928365254,0.0121149832311798,3.2049796093336256,0.1667195177250894,-0.0007848415559105,0.7692307692307692,3,1,0.1,24.23842241868728,1.8242139971187727,1,0.817051410628575,0.27,0.3,1,10,1,1.0699657714828965,0.8,1.8242139971187727,1.8242139971187727,1,False,False,False,False,1e-06,0.9,-9.023598272422843
0.6351389931716153,1.1976316089940271e-06,4548.280536654007,8.698685377746617,0.0026649169508597,0.7692307692307693,3,1,0.1,0.1646864084986515,0.0377471248909781,1,1.0612489266734544,0.27,0.3,1,10,1,1.1878893847564092,0.8,0.0377471248909781,0.0377471248909781,1,False,False,False,False,1e-06,0.9,-18.57537463554893
0.3041553079842055,0.027660326137227,11.300922532679444,1.0070711239276873,0.0157154270187763,0.7692307692307692,3,1,0.1,2.1017564903098127,0.4353895204064712,1,1.7140332445507558,0.27,0.3,1,10,1,0.871758302598655,0.8,0.4353895204064712,0.4353895204064712,1,False,False,False,False,1e-06,0.9,-14.182806232501347
0.7279029856117236,0.0035147818517681,62.04759108772344,2.3214483665401024,0.0556916157066481,0.7692307692307693,3,1,0.1,0.4725273723359025,0.1032561959381052,1,1.1009057586458184,0.27,0.3,1,10,1,1.9527021342910016,0.8,0.1032561959381052,0.1032561959381052,1,False,False,False,False,1e-06,0.9,-6.483768918802431
0.2433409755726829,0.0177451900155074,4.000924157199953,0.2260745687389815,-0.0015061576943048,0.7692307692307693,3,1,0.1,10.635255013674913,1.3780416662524428,1,0.9394577268123168,0.27,0.3,1,10,1,1.1150427572061206,0.8,1.3780416662524428,1.3780416662524428,1,False,False,False,False,1e-06,0.9,-10.475012900789988
0.291728422704599,0.0205275401802418,4.087488539712004,0.1333228144408298,-0.002826580215775,0.7692307692307692,3,1,0.1,17.338545023952197,1.9413456164707628,1,1.3296358116691054,0.27,0.3,1,10,1,1.9436117318107224,0.8,1.9413456164707628,1.9413456164707628,1,False,False,False,False,1e-06,0.9,-12.569993954642404
0.4454136718632757,0.0462172120711399,11.012164796985983,0.5165937364477258,-0.0134719582373318,0.7692307692307692,3,1,0.1,4.38351187807089,0.633573209889462,1,1.600071446101473,0.27,0.3,1,10,1,1.9858783371567093,0.8,0.633573209889462,0.633573209889462,1,False,False,False,False,1e-06,0.9,-5.651665182161329
0.1959452729646537,0.0159101052192736,3.2688886176605387,0.1801012600712408,0.000183566846314,0.7692307692307693,3,1,0.1,15.750485843903148,1.8842550754054344,1,1.5332853291510906,0.27,0.3,1,10,1,0.8266269027746648,0.8,1.8842550754054344,1.8842550754054344,1,False,False,False,False,1e-06,0.9,-13.041724505180678
0.470417679741396,0.0149452653839091,27.16812646323121,1.5762695339185684,0.0190103602434211,0.7692307692307692,3,1,0.1,1.464555303506121,0.2257606503074088,1,0.6364871286770193,0.27,0.3,1,10,1,1.412973212000239,0.8,0.2257606503074088,0.2257606503074088,1,False,False,False,False,1e-06,0.9,-2.266548309013501
0.2017342823678865,0.0164386164377019,3.483800887146524,0.2061409438921792,0.0001178277554878,0.7692307692307692,3,1,0.1,16.60394617172387,1.6475333848653142,1,1.2532508606241657,0.27,0.3,1,10,1,0.8507417075536592,0.8,1.6475333848653142,1.6475333848653142,1,False,False,False,False,1e-06,0.9,-9.634305710556708
0.1631314080597582,0.0119027303117576,3.4241436836690844,0.1950284683257273,0.0011264582455907,0.7692307692307692,3,1,0.1,13.046229200740248,1.847677753509088,1,1.2347267938402058,0.27,0.3,1,10,1,0.6910643030708117,0.8,1.847677753509088,1.847677753509088,1,False,False,False,False,1e-06,0.9,-15.94379514413488
0.5659739432959331,0.0375199392698428,17.289819080757134,1.0703775690226491,-0.0029731102273158,0.7692307692307692,3,1,0.1,1.5750421005944923,0.3304076405473715,1,1.8350639063563592,0.27,0.3,1,10,1,1.9032991346035404,0.8,0.3304076405473715,0.3304076405473715,1,False,False,False,False,1e-06,0.9,-12.107335623190984
0.4137768427857323,0.041079886644604,10.618256859088971,0.6674698917605085,-0.0060676002095752,0.7692307692307693,3,1,0.1,2.643777969038095,0.549322682777505,1,1.984778166988684,0.27,0.3,1,10,1,1.3926635695475718,0.8,0.549322682777505,0.549322682777505,1,False,False,False,False,1e-06,0.9,-18.38014766552792
0.4671213960140935,0.0309621924357734,12.715140997822536,1.463746264061619,0.0250767283307693,0.7692307692307692,3,1,0.1,1.761437278098091,0.2738952365674764,1,1.7423624799585349,0.27,0.3,1,10,1,1.2402558016835454,0.8,0.2738952365674764,0.2738952365674764,1,False,False,False,False,1e-06,0.9,-2.7989593592615414
0.3923119918315205,0.0248424446550657,17.00092171758226,0.7768569350955861,-0.0033781124965458,0.7692307692307692,3,1,0.1,2.224814460853995,0.4667799335074178,1,0.7962605604751327,0.27,0.3,1,10,1,1.4763828523309672,0.8,0.4667799335074178,0.4667799335074178,1,False,False,False,False,1e-06,0.9,-17.128343588244267
0.2843522170525883,0.0294305336970728,4.174947827384832,0.233565565519177,-0.0036663302664204,0.7692307692307692,3,1,0.1,20.114670622976604,1.3147809451218002,1,1.5575950760157384,0.27,0.3,1,10,1,1.2869176733309735,0.8,1.3147809451218002,1.3147809451218002,1,False,False,False,False,1e-06,0.9,-6.114508348974015
0.481099334504259,0.0001541799563899,75.31023836880954,10.525143834233743,0.1322448683925208,0.7692307692307693,3,1,0.1,0.3741750706993297,0.0465922485749542,1,1.8389627844622096,0.27,0.3,1,10,1,0.8707088291609058,0.8,0.0465922485749542,0.0465922485749542,1,False,False,False,False,1e-06,0.9,-0.3373216238769458
0.5834216272220829,0.0031082392584952,58.72230101061827,2.83194399220336,0.0463667055803752,0.7692307692307693,3,1,0.1,0.4981737882563828,0.1126609732742237,1,0.8220219528567064,0.27,0.3,1,10,1,1.333245420639973,0.8,0.1126609732742237,0.1126609732742237,1,False,False,False,False,1e-06,0.9,-18.75280949666765
0.1172791364373548,0.0089748242420995,3.84225963641016,0.2255843731391984,0.0028410493207699,0.7692307692307692,3,1,0.1,305.38302566266026,1.7504397786142891,1,1.0759737114774688,0.27,0.3,1,10,1,0.5241342076540003,0.8,1.7504397786142891,1.7504397786142891,1,False,False,False,False,1e-06,0.9,-5.98341805354015
0.3016408924955288,0.0262907312496686,4.811137038897073,0.2341176686104616,-0.0044121214257253,0.7692307692307692,3,1,0.1,7.014766530439768,1.234237772352216,1,1.2097121929384644,0.27,0.3,1,10,1,1.5525588052876302,0.8,1.234237772352216,1.234237772352216,1,False,False,False,False,1e-06,0.9,-17.31852097832251
0.1550808055407989,0.0134195820917305,3.8698165851200015,0.2323593034991041,0.0022112102251461,0.7692307692307693,3,1,0.1,10.967398955353206,1.6192257566038897,1,1.4372216983891686,0.27,0.3,1,10,1,0.6428947254339281,0.8,1.6192257566038897,1.6192257566038897,1,False,False,False,False,1e-06,0.9,-14.98338024099967
0.2717266379906801,0.0193895624870317,3.3466816169147817,0.1425875441142152,-0.0022496527779729,0.7692307692307693,3,1,0.1,20.067838820767847,1.9333722613038704,1,1.2736886928056157,0.27,0.3,1,10,1,1.5014555964316856,0.8,1.9333722613038704,1.9333722613038704,1,False,False,False,False,1e-06,0.9,-11.063290616588048
0.6240988297600136,0.0166358367744715,29.065849121071807,1.611160301059786,0.0255573996439702,0.7692307692307692,3,1,0.1,0.8899236918266328,0.1911911826957912,1,1.0434608325350807,0.27,0.3,1,10,1,1.9904800326280392,0.8,0.1911911826957912,0.1911911826957912,1,False,False,False,False,1e-06,0.9,-9.232705671035482
0.4900517071050951,0.0193559648509828,17.141939658355085,1.858027597442328,0.0385919301592259,0.7692307692307692,3,1,0.1,1.0120397377118282,0.2128966949419576,1,1.5301971023441727,0.27,0.3,1,10,1,1.2327124359280597,0.8,0.2128966949419576,0.2128966949419576,1,False,False,False,False,1e-06,0.9,-8.02570835860751
0.3209381456181326,0.0282285760165124,9.870885368040934,0.6268266586144441,-0.0005930170628844,0.7692307692307692,3,1,0.1,2.9157121026703487,0.6003471015435069,1,1.087174327368709,0.27,0.3,1,10,1,1.1191252584814873,0.8,0.6003471015435069,0.6003471015435069,1,False,False,False,False,1e-06,0.9,-18.5698574634062
0.1745300855558875,0.0163617533205441,3.957009774649492,0.2415440975202216,0.0018243798762735,0.7692307692307693,3,1,0.1,11.361572146013884,1.5233738446177851,1,1.5608319810499631,0.27,0.3,1,10,1,0.7075573666241418,0.8,1.5233738446177851,1.5233738446177851,1,False,False,False,False,1e-06,0.9,-12.11966655631996
0.3764542438368787,0.0336851692905812,10.182283308863976,0.5839760990156866,-0.0057849462756963,0.7692307692307693,3,1,0.1,2.967848105137977,0.6047089331407374,1,1.1838894712635757,0.27,0.3,1,10,1,1.4143266781261952,0.8,0.6047089331407374,0.6047089331407374,1,False,False,False,False,1e-06,0.9,-17.21803447248637
0.2212650662208029,0.0195050334927098,3.452249024529034,0.1867421789211423,-0.0005877832189071,0.7692307692307692,3,1,0.1,11.137449098053164,1.7509164070005698,1,1.7797356695226536,0.27,0.3,1,10,1,0.9390923429442845,0.8,1.7509164070005698,1.7509164070005698,1,False,False,False,False,1e-06,0.9,-18.3098100529458
0.2643438673765552,0.01313198376382,4.558693423546239,0.2033730107014136,-0.001960929307489,0.7692307692307692,3,1,0.1,8.73510372215418,1.371601173280438,1,0.6630726389606595,0.27,0.3,1,10,1,1.4884487045470711,0.8,1.371601173280438,1.371601173280438,1,False,False,False,False,1e-06,0.9,-14.306626497083538
0.3963222195340938,0.0334815797238464,11.640002071623508,0.4773447431263893,-0.0093738014208757,0.7692307692307692,3,1,0.1,3.336899829322697,0.664131715403735,1,1.0271028466569676,0.27,0.3,1,10,1,1.9199951363803047,0.8,0.664131715403735,0.664131715403735,1,False,False,False,False,1e-06,0.9,-16.094129470069515
0.3058255150955408,0.0256318140991182,4.372843698289738,0.1452914812512313,-0.0037975595368146,0.7692307692307692,3,1,0.1,12.462127600425733,1.796043757534533,1,1.7329690582664787,0.27,0.3,1,10,1,1.9718318914482944,0.8,1.796043757534533,1.796043757534533,1,False,False,False,False,1e-06,0.9,-15.94445300155634
0.2451055462315747,0.0231191860995226,5.939265178605191,0.3843142123046557,-0.0001407901772271,0.7692307692307692,3,1,0.1,9.718715418799782,0.9239100035642832,1,0.9930426384565756,0.27,0.3,1,10,1,0.9631533805144796,0.8,0.9239100035642832,0.9239100035642832,1,False,False,False,False,1e-06,0.9,-5.23712615574456
0.2745594232728238,0.0255881646875825,3.4977731375788204,0.1591957723256108,-0.0027684609622039,0.7692307692307693,3,1,0.1,24.12217920546072,1.8148260311720903,1,1.9919696787123808,0.27,0.3,1,10,1,1.3506863268240692,0.8,1.8148260311720903,1.8148260311720903,1,False,False,False,False,1e-06,0.9,-8.975630247943627
0.2225359354971242,0.0127117895571735,3.5661889798032766,0.1934375716194674,-0.0007768241212926,0.7692307692307693,3,1,0.1,10.951106258323655,1.6044997867051671,1,0.8099817108419048,0.27,0.3,1,10,1,1.0402524745733048,0.8,1.6044997867051671,1.6044997867051671,1,False,False,False,False,1e-06,0.9,-14.648861248697033
0.5367281788824987,0.0351713972166414,16.049573089626183,1.1309869416272555,0.0017788827489792,0.7692307692307692,3,1,0.1,1.4943598577747572,0.3240828218773643,1,1.898905212712317,0.27,0.3,1,10,1,1.6564378184294997,0.8,0.3240828218773643,0.3240828218773643,1,False,False,False,False,1e-06,0.9,-17.93671029031176
0.3351766402986605,0.0325906998170571,5.98798771578352,0.2585335619513305,-0.0068380646301448,0.7692307692307692,3,1,0.1,7.761946890572064,1.1002576402724928,1,1.330332186871006,0.27,0.3,1,10,1,1.854514562524133,0.8,1.1002576402724928,1.1002576402724928,1,False,False,False,False,1e-06,0.9,-9.507541993321832
0.1836095516620167,0.0190174176814949,4.435594785253982,0.268838174076511,0.0021540990428249,0.7692307692307692,3,1,0.1,7.797956594473793,1.3763200636387412,1,1.9185192246842568,0.27,0.3,1,10,1,0.7261817274780553,0.8,1.3763200636387412,1.3763200636387412,1,False,False,False,False,1e-06,0.9,-19.50754611332918
0.2201631922767287,0.0196021144110855,3.218729023721495,0.1613737689751887,-0.0006712807605983,0.7692307692307693,3,1,0.1,37.275267612323695,1.9946468015452643,1,1.9633558121942565,0.27,0.3,1,10,1,0.952452614331382,0.8,1.9946468015452643,1.9946468015452643,1,False,False,False,False,1e-06,0.9,-8.655993004562259
0.5935846971329108,9.756018679689453e-08,17074.281574726763,12.325215797297089,0.0008581523227356,0.7692307692307693,3,1,0.1,0.1366248513870638,0.0312169645072055,1,1.3910794231418662,0.27,0.3,1,10,1,1.0828704962887636,0.8,0.0312169645072055,0.0312169645072055,1,False,False,False,False,1e-06,0.9,-10.520465611242374
0.3410305102138532,0.0002933182204126,130.0705097199375,8.285865857495251,0.0488020423744618,0.7692307692307692,3,1,0.1,0.3206863162468015,0.0712602796110258,1,1.7966085951735788,0.27,0.3,1,10,1,0.6678468295787,0.8,0.0712602796110258,0.0712602796110258,1,False,False,False,False,1e-06,0.9,-6.405604921421686
0.3577237879444595,0.0311981389733867,10.456837035900394,0.6425342644799977,-0.0029923596462882,0.7692307692307692,3,1,0.1,2.765597372445077,0.5737274435717584,1,1.144100789685457,0.27,0.3,1,10,1,1.2614402486167826,0.8,0.5737274435717584,0.5737274435717584,1,False,False,False,False,1e-06,0.9,-18.92678280516007
0.2107490890721723,0.0060261312630438,3.227518496799909,0.1540633538051607,-0.0003785030745955,0.7692307692307693,3,1,0.1,40.5842461655916,1.9302530065916288,1,0.500947731623099,0.27,0.3,1,10,1,1.0699372038686057,0.8,1.9302530065916288,1.9302530065916288,1,False,False,False,False,1e-06,0.9,-8.10452197469327
0.3117377682098193,0.0289673448024816,4.458603229862592,0.1536493263520225,-0.0044139808428315,0.7692307692307692,3,1,0.1,15.83403126383901,1.7197401539998438,1,1.984569833889124,0.27,0.3,1,10,1,1.9372830289707776,0.8,1.7197401539998438,1.7197401539998438,1,False,False,False,False,1e-06,0.9,-10.829154287517804
0.3340184658935243,0.0148206266160525,24.162840874229644,0.8123320422179743,-0.000180505918801,0.7692307692307692,3,1,0.1,2.129788779341167,0.4487686765329601,1,0.5374037617635445,0.27,0.3,1,10,1,1.2892492216917448,0.8,0.4487686765329601,0.4487686765329601,1,False,False,False,False,1e-06,0.9,-17.20972314369241
0.2324848798426769,0.023596742425001,5.128885941172687,0.3441750140698926,0.0004327226231095,0.7692307692307693,3,1,0.1,9.10812879367039,1.0410071860199093,1,1.2338490488228038,0.27,0.3,1,10,1,0.9017485939052764,0.8,1.0410071860199093,1.0410071860199093,1,False,False,False,False,1e-06,0.9,-6.875082380610571
0.2742996476329178,0.0237009385578594,5.178176228790913,0.3000197156517749,-0.0027239349752051,0.7692307692307692,3,1,0.1,5.754428926975417,1.0647975729503067,1,1.0593565927856337,0.27,0.3,1,10,1,1.1972251493664894,0.8,1.0647975729503067,1.0647975729503067,1,False,False,False,False,1e-06,0.9,-17.911278082313085
0.2962588407977582,0.0260620745384898,3.8482655152597824,0.1464341463451913,-0.0035258735512105,0.7692307692307692,3,1,0.1,32.92033978025457,1.838158141932777,1,1.7354567768719875,0.27,0.3,1,10,1,1.7319522186778789,0.8,1.838158141932777,1.838158141932777,1,False,False,False,False,1e-06,0.9,-8.082925279966844
0.171009931446104,0.0071054844294699,3.39994526684878,0.1790044322298457,0.0002735081617255,0.7692307692307693,3,1,0.1,12.745003174188836,1.885173439632797,1,0.6706538459291956,0.27,0.3,1,10,1,0.772617373980959,0.8,1.885173439632797,1.885173439632797,1,False,False,False,False,1e-06,0.9,-17.502163907509214
0.1868889381079088,0.0196414961817248,4.2530133022668055,0.2616037443145486,0.0018840451119511,0.7692307692307692,3,1,0.1,12.095813418278702,1.4039167609421177,1,1.8279037942911325,0.27,0.3,1,10,1,0.7412339177497889,0.8,1.4039167609421177,1.4039167609421177,1,False,False,False,False,1e-06,0.9,-9.415071738204452
0.2771588637929064,0.0315333957159695,6.121668863029584,0.4038882556864564,-0.0010445795025837,0.7692307692307693,3,1,0.1,5.127435238254669,0.8890901025835257,1,1.773291219536372,0.27,0.3,1,10,1,1.0152210550959198,0.8,0.8890901025835257,0.8890901025835257,1,False,False,False,False,1e-06,0.9,-11.921003467889978
0.1529028116663901,0.0124020800027929,3.47269692675753,0.1918409634409721,0.00158122162903,0.7692307692307692,3,1,0.1,16.77998388372344,1.9265281899199576,1,1.5506690335467836,0.27,0.3,1,10,1,0.6449482083921747,0.8,1.9265281899199576,1.9265281899199576,1,False,False,False,False,1e-06,0.9,-12.779997278337008
0.3943742556797512,0.0320260752741259,12.193373648922108,0.5003060891584883,-0.008851818829285,0.7692307692307692,3,1,0.1,3.2854656914952405,0.6411778323378806,1,0.9617028988334976,0.27,0.3,1,10,1,1.8748052403823647,0.8,0.6411778323378806,0.6411778323378806,1,False,False,False,False,1e-06,0.9,-13.84911045994676
0.2688059901691949,0.0291823186481082,9.212662532295523,1.003439385736273,0.0206929181083943,0.7692307692307693,3,1,0.1,11.44185775344713,0.4449472447707989,1,1.275648024860677,0.27,0.3,1,10,1,0.8051585541084332,0.8,0.4449472447707989,0.4449472447707989,1,False,False,False,False,1e-06,0.9,-1.7837415891447748
0.4918631209464427,0.0103241111463066,23.698016642441885,2.432233563781208,0.054421305536047,0.7692307692307692,3,1,0.1,0.7480354781672925,0.1619318361931381,1,1.1872477390591922,0.27,0.3,1,10,1,1.1566968367744086,0.8,0.1619318361931381,0.1619318361931381,1,False,False,False,False,1e-06,0.9,-8.714909275651133
0.5778523853331745,0.0343223187271702,18.132230303094552,1.1734408881665106,0.0017117539086797,0.7692307692307692,3,1,0.1,1.3905728874055048,0.2990805310618991,1,1.809930223343272,0.27,0.3,1,10,1,1.89055723920027,0.8,0.2990805310618991,0.2990805310618991,1,False,False,False,False,1e-06,0.9,-14.661074474736232
0.277407434069436,0.0224426757636277,5.36853813433332,0.2970246491215922,-0.0029390308188225,0.7692307692307693,3,1,0.1,5.711409891454546,1.0542003783265317,1,0.9571852102752542,0.27,0.3,1,10,1,1.255949901083298,0.8,1.0542003783265317,1.0542003783265317,1,False,False,False,False,1e-06,0.9,-17.55577037285895
0.1731188303700243,0.0105694455191691,3.288288589611848,0.1830600263778782,0.0005099283732527,0.7692307692307692,3,1,0.1,22.48665128037849,1.8868926110511528,1,0.9385422884530826,0.27,0.3,1,10,1,0.7554100289199336,0.8,1.8868926110511528,1.8868926110511528,1,False,False,False,False,1e-06,0.9,-9.883426585053332
0.2531842560863995,0.0174947361870797,6.042433481369695,0.3281048142266514,-0.0015387331118617,0.7692307692307693,3,1,0.1,5.592739939298691,0.9870479587401374,1,0.7518314899236477,0.27,0.3,1,10,1,1.1155938250329416,0.8,0.9870479587401374,0.9870479587401374,1,False,False,False,False,1e-06,0.9,-13.987502255888288
0.2210202386057822,0.0196799581348063,3.474718816763895,0.1871093139048465,-0.0005747593583218,0.7692307692307693,3,1,0.1,11.190371658676789,1.7499218923610649,1,1.8255109187280425,0.27,0.3,1,10,1,0.9363354907308972,0.8,1.7499218923610649,1.7499218923610649,1,False,False,False,False,1e-06,0.9,-18.09465943397156
0.2552049001565232,0.020853835140264,3.412643732415404,0.1784390025285264,-0.0019058950178317,0.7692307692307692,3,1,0.1,10.36122730950198,1.686967032936658,1,1.4404893250527546,0.27,0.3,1,10,1,1.1896281240421165,0.8,1.686967032936658,1.686967032936658,1,False,False,False,False,1e-06,0.9,-19.09629397707349
0.755742615213123,0.00025458589637,236.05635248419,3.905507693577703,0.0311226745032924,0.7692307692307693,3,1,0.1,0.278129097867656,0.0628511537151908,1,1.7610902389445025,0.27,0.3,1,10,1,1.6971998546127836,0.8,0.0628511537151908,0.0628511537151908,1,False,False,False,False,1e-06,0.9,-10.0914655791659
0.1729735538335803,0.020423170599893,9.239089055990126,0.8869810162831061,0.0269996154856257,0.7692307692307693,3,1,0.1,4.120698614601515,0.5336947470005029,1,1.686658881063888,0.27,0.3,1,10,1,0.5772871010836501,0.8,0.5336947470005029,0.5336947470005029,1,False,False,False,False,1e-06,0.9,-4.054515490123125
0.8213552226486637,3.365097631515932e-13,33686458.75591441,10.736231258252367,9.491502972154322e-07,0.7692307692307693,3,1,0.1,0.0732581686777377,0.0168334584006848,1,1.3191905529431094,0.27,0.3,1,10,1,1.91788697920115,0.8,0.0168334584006848,0.0168334584006848,1,False,False,False,False,1e-06,0.9,-13.125352595950885
0.159662522920175,0.0048359549013743,3.4610406699553056,0.1740693775058275,0.0002832254279658,0.7692307692307693,3,1,0.1,19.655029081851595,1.9551192776943287,1,0.5258195337280605,0.27,0.3,1,10,1,0.7329154314034618,0.8,1.9551192776943287,1.9551192776943287,1,False,False,False,False,1e-06,0.9,-11.454426963253844
0.28762548577853,0.030320842652713,7.700841175473255,0.5415062811378258,0.001067389925122,0.7692307692307692,3,1,0.1,3.617951996957432,0.7053506954520798,1,1.479231095219455,0.27,0.3,1,10,1,0.9838312722911848,0.8,0.7053506954520798,0.7053506954520798,1,False,False,False,False,1e-06,0.9,-15.151276959643916
0.5309701780453496,0.0392098680150653,15.781269350253334,0.9423143848721024,-0.0065154197329495,0.7692307692307692,3,1,0.1,1.818726760329287,0.3810395208611587,1,1.6983180254820849,0.27,0.3,1,10,1,1.819227570274902,0.8,0.3810395208611587,0.3810395208611587,1,False,False,False,False,1e-06,0.9,-13.786611199120884
0.1647082068818954,0.0095291645301829,6.246197397565581,0.347351834550282,0.0020687374210268,0.7692307692307692,3,1,0.1,6.5162334045255,1.0660842216081634,1,0.6296843722455048,0.27,0.3,1,10,1,0.6974172740173654,0.8,1.0660842216081634,1.0660842216081634,1,False,False,False,False,1e-06,0.9,-12.20972846216773
0.2898467246728985,0.0257769795911981,3.969868136499712,0.1887374234703595,-0.0035700731298471,0.7692307692307693,3,1,0.1,9.25898767779953,1.5132357615004746,1,1.5292179883724195,0.27,0.3,1,10,1,1.481828305531354,0.8,1.5132357615004746,1.5132357615004746,1,False,False,False,False,1e-06,0.9,-17.287115813027015
0.1850654637511695,0.0141975391373552,5.063054329859926,0.3124231151235584,0.001539248408269,0.7692307692307692,3,1,0.1,23.046068439594286,1.1586532492157644,1,0.8050192702959122,0.27,0.3,1,10,1,0.768406781926575,0.8,1.1586532492157644,1.1586532492157644,1,False,False,False,False,1e-06,0.9,-4.937965781456413
0.1444471773511961,0.0159562552174587,5.081812902306798,0.3277045302344957,0.0057070743935376,0.7692307692307693,3,1,0.1,7.420373245403244,1.231975806489853,1,1.874128909882508,0.27,0.3,1,10,1,0.5808536735699821,0.8,1.231975806489853,1.231975806489853,1,False,False,False,False,1e-06,0.9,-14.637445443870764
0.552578835691948,0.0376425776970951,15.584194156672242,1.1517041067082208,0.0020817214998393,0.7692307692307693,3,1,0.1,1.6656508445103866,0.3141941466793345,1,1.978583115457612,0.27,0.3,1,10,1,1.725635877908704,0.8,0.3141941466793345,0.3141941466793345,1,False,False,False,False,1e-06,0.9,-5.735656800351919
0.2642542314149707,0.0214445852519394,3.996639307585268,0.2186355678572168,-0.002479460703117,0.7692307692307692,3,1,0.1,14.59215365235671,1.3807788993933428,1,1.0642781086845374,0.27,0.3,1,10,1,1.255975920418599,0.8,1.3807788993933428,1.3807788993933428,1,False,False,False,False,1e-06,0.9,-7.801547394615781
0.3142991766438929,0.0301652034839614,5.033712967405133,0.2465679899807196,-0.0053040501801753,0.7692307692307693,3,1,0.1,6.765439857107396,1.182755901269687,1,1.416646309124609,0.27,0.3,1,10,1,1.581364288621074,0.8,1.182755901269687,1.182755901269687,1,False,False,False,False,1e-06,0.9,-16.26232199046195
0.2192808376761195,0.0255689971953967,8.754110388815658,0.6915584928426816,0.0132701421685923,0.7692307692307692,3,1,0.1,3.382283573570469,0.6273000304012644,1,1.9359300099359364,0.27,0.3,1,10,1,0.7131605563001608,0.8,0.6273000304012644,0.6273000304012644,1,False,False,False,False,1e-06,0.9,-10.65140310664744
0.5937914188993454,0.006408153584033,47.11239583209788,2.073981206262572,0.0352568587852639,0.7692307692307692,3,1,0.1,0.6437573895170435,0.1441196923412186,1,0.7323301582027364,0.27,0.3,1,10,1,1.5920490529263789,0.8,0.1441196923412186,0.1441196923412186,1,False,False,False,False,1e-06,0.9,-16.074892001537062
0.2408269944040621,0.0181820973323845,3.158588343996757,0.1651286752575747,-0.0013452360419646,0.7692307692307692,3,1,0.1,15.005719008221494,1.841496969694124,1,1.3156798698578347,0.27,0.3,1,10,1,1.117588965476946,0.8,1.841496969694124,1.841496969694124,1,False,False,False,False,1e-06,0.9,-13.11005981530462
0.3028171917911451,0.0328065905113477,4.273295077664056,0.2138698916675158,-0.0048417372972045,0.7692307692307693,3,1,0.1,40.64986461285074,1.3740344828716544,1,1.8085458622451027,0.27,0.3,1,10,1,1.4745380765483511,0.8,1.3740344828716544,1.3740344828716544,1,False,False,False,False,1e-06,0.9,-5.366110810414089
0.2995651448275464,0.0257333453440497,5.629131102815425,0.2967874479815168,-0.0042670679410183,0.7692307692307693,3,1,0.1,5.798334340937222,1.0287634087814983,1,1.036101067114512,0.27,0.3,1,10,1,1.4126200326444338,0.8,1.0287634087814983,1.0287634087814983,1,False,False,False,False,1e-06,0.9,-14.834611889098856
0.2919551906110108,0.024416430076389,4.445207795060205,0.2151752132331586,-0.0038273554264471,0.7692307692307692,3,1,0.1,10.04371997733141,1.3317760217039216,1,1.1438704578913423,0.27,0.3,1,10,1,1.5281081318146443,0.8,1.3317760217039216,1.3317760217039216,1,False,False,False,False,1e-06,0.9,-10.435255629642388
0.2566155822631755,0.0239988196465703,3.807432096154587,0.2208636852274037,-0.0021163010950188,0.7692307692307693,3,1,0.1,18.04451870392744,1.4237924104196182,1,1.3669747042149418,0.27,0.3,1,10,1,1.132756763097166,0.8,1.4237924104196182,1.4237924104196182,1,False,False,False,False,1e-06,0.9,-7.211841747044524
0.3278839829127669,0.0013310185338655,56.91700181945431,5.518967947849979,0.0672763874863643,0.7692307692307692,3,1,0.1,0.4446643685391503,0.0983198124420887,1,1.1227854039457332,0.27,0.3,1,10,1,0.6834991080152918,0.8,0.0983198124420887,0.0983198124420887,1,False,False,False,False,1e-06,0.9,-7.830015485477473
0.4917065338366215,0.0478009011616677,12.57167493636225,0.7013028666691747,-0.0127782851057888,0.7692307692307693,3,1,0.1,3.3377895711635603,0.4996881112641723,1,1.84998295173242,0.27,0.3,1,10,1,1.8563839978925365,0.8,0.4996881112641723,0.4996881112641723,1,False,False,False,False,1e-06,0.9,-4.7416919715997565
0.1118679462969173,0.0091165457629502,3.6152052446853578,0.2003325656076115,0.0028039689078557,0.7692307692307692,3,1,0.1,383.5602842400632,1.985322697270263,1,1.4036974417590995,0.27,0.3,1,10,1,0.503587559972349,0.8,1.985322697270263,1.985322697270263,1,False,False,False,False,1e-06,0.9,-6.769580626293312
0.2040515047095351,0.0221781593292631,6.043092312787391,0.4315488466556524,0.0045464415591918,0.7692307692307693,3,1,0.1,5.923501024813743,0.9108586909063234,1,1.3807752405766869,0.27,0.3,1,10,1,0.7483305584943156,0.8,0.9108586909063234,0.9108586909063234,1,False,False,False,False,1e-06,0.9,-9.099616997385793
0.407590830109325,0.0443538508934778,9.228929200119396,0.6167432640080296,-0.0085250134515988,0.7692307692307692,3,1,0.1,11.236037797855255,0.5828714268649127,1,1.3855277284165315,0.27,0.3,1,10,1,1.488237092039518,0.8,0.5828714268649127,0.5828714268649127,1,False,False,False,False,1e-06,0.9,-2.506302593879834
0.5482934918823507,0.0116137655065904,39.55639603996219,1.5886989810977914,0.01685473064099,0.7692307692307692,3,1,0.1,0.919058384826306,0.2015238209038599,1,0.6645238328487121,0.27,0.3,1,10,1,1.7328694877284856,0.8,0.2015238209038599,0.2015238209038599,1,False,False,False,False,1e-06,0.9,-13.4831657607663
0.2406159444836167,0.0194526047977052,3.3826937006906324,0.1856530601753453,-0.0013562858703091,0.7692307692307692,3,1,0.1,11.08511140749516,1.676529451145826,1,1.36681194222711,0.27,0.3,1,10,1,1.0793526613401552,0.8,1.676529451145826,1.676529451145826,1,False,False,False,False,1e-06,0.9,-16.216216241422725
0.2980609006595358,0.03322531058006,5.255413344407538,0.3044455992454145,-0.0040932254429688,0.7692307692307693,3,1,0.1,6.2014692013333645,1.064155893157002,1,1.912871510229062,0.27,0.3,1,10,1,1.2272192748556483,0.8,1.064155893157002,1.064155893157002,1,False,False,False,False,1e-06,0.9,-13.833968411686495
0.6527333092112377,0.0023118604428407,55.53998800539307,3.516860597017789,0.0710833542430967,0.7692307692307692,3,1,0.1,0.4304409252773484,0.0907781434054728,1,1.6131378409326542,0.27,0.3,1,10,1,1.415024313762473,0.8,0.0907781434054728,0.0907781434054728,1,False,False,False,False,1e-06,0.9,-3.5136870086544683
0.2931601993271779,0.0201155425859369,5.1065987058361,0.2096483512762263,-0.0036106927760157,0.7692307692307693,3,1,0.1,12.08874069362544,1.3046178975127738,1,0.8637907548990679,0.27,0.3,1,10,1,1.7620906472018487,0.8,1.3046178975127738,1.3046178975127738,1,False,False,False,False,1e-06,0.9,-8.168979973077079
0.2302780567899039,0.0136179400629235,13.621264652863916,0.622637760922486,0.0028056881786744,0.7692307692307693,3,1,0.1,3.6097627892128,0.6087941605800693,1,0.5799427123993938,0.27,0.3,1,10,1,0.8880345399484295,0.8,0.6087941605800693,0.6087941605800693,1,False,False,False,False,1e-06,0.9,-7.539037518080567
0.4309613900191816,0.0273466857865836,13.686232349342674,1.3601112078751392,0.0181926303414626,0.7692307692307693,3,1,0.1,1.726363400382793,0.2980276837808339,1,1.2802559350765454,0.27,0.3,1,10,1,1.186728560405198,0.8,0.2980276837808339,0.2980276837808339,1,False,False,False,False,1e-06,0.9,-3.9433749706664174
0.201873917766938,0.0187828107805156,3.670979970552642,0.1995410540407862,0.0002527635983556,0.7692307692307693,3,1,0.1,11.14881359270534,1.7166087467375315,1,1.9777379501481187,0.27,0.3,1,10,1,0.8330198065408227,0.8,1.7166087467375315,1.7166087467375315,1,False,False,False,False,1e-06,0.9,-17.194289908929004
0.5949939006200837,0.0328960524961125,17.733519396551248,1.311196387891818,0.0096186928864072,0.7692307692307693,3,1,0.1,1.374403369505156,0.2630129585158186,1,1.8143528723455515,0.27,0.3,1,10,1,1.8901836534325984,0.8,0.2630129585158186,0.2630129585158186,1,False,False,False,False,1e-06,0.9,-5.134439099337257
0.2729324023182574,0.0273961275027734,4.0286391547337885,0.2243652783754324,-0.002922994906099,0.7692307692307693,3,1,0.1,11.582744466647,1.3817124295426324,1,1.6692404909386367,0.27,0.3,1,10,1,1.2099313014753936,0.8,1.3817124295426324,1.3817124295426324,1,False,False,False,False,1e-06,0.9,-9.534164702120844
0.1345083190922408,0.0072616279165924,10.288475236200226,0.5001560435678378,0.0049122299130205,0.7692307692307692,3,1,0.1,5.994171790694715,0.8060575058446514,1,0.5203622959956512,0.27,0.3,1,10,1,0.5777866433230798,0.8,0.8060575058446514,0.8060575058446514,1,False,False,False,False,1e-06,0.9,-6.438961458429693
0.239655595978539,0.0141437303506518,3.546402458413108,0.1843327141560047,-0.0012952351005019,0.7692307692307693,3,1,0.1,12.46758576518704,1.6166189757154517,1,0.8407852995159857,0.27,0.3,1,10,1,1.1771831647154354,0.8,1.6166189757154517,1.6166189757154517,1,False,False,False,False,1e-06,0.9,-12.299805743509824
0.7031338146673185,0.0001138937204527,371.3281650639494,4.418805923310207,0.0203362647604841,0.7692307692307692,3,1,0.1,0.2600478145307816,0.0588326912656378,1,1.0031276989416895,0.27,0.3,1,10,1,1.4566183607691094,0.8,0.0588326912656378,0.0588326912656378,1,False,False,False,False,1e-06,0.9,-9.98750242776728
0.4930862130109087,0.0224992076461428,15.738643365908423,1.7083322700828028,0.0330655242135241,0.7692307692307693,3,1,0.1,1.2007528952661966,0.2276632360246445,1,1.408350582057552,0.27,0.3,1,10,1,1.285569825218085,0.8,0.2276632360246445,0.2276632360246445,1,False,False,False,False,1e-06,0.9,-4.253839298404623
0.6656280622789038,0.010083818229139,33.36442987670097,1.976288981034992,0.051942781040482,0.769230769230769,3,1,0.1,0.7147341440604441,0.1411818575033714,1,1.0211316943019944,0.27,0.3,1,10,1,1.9105045584430007,0.8,0.1411818575033714,0.1411818575033714,1,False,False,False,False,1e-06,0.9,-3.267324651733997
0.2743213730454311,0.0299479264347354,4.762072937730472,0.2838420227895308,-0.0026865925037501,0.7692307692307692,3,1,0.1,7.456222695857692,1.15741647324466,1,1.8289166263448016,0.27,0.3,1,10,1,1.1184543563012772,0.8,1.15741647324466,1.15741647324466,1,False,False,False,False,1e-06,0.9,-11.785926918831729
0.3659453241603898,0.0190657756686616,18.980280932881627,0.5760661480521069,-0.0050319696001874,0.7692307692307693,3,1,0.1,2.8417403426246493,0.5577253889709136,1,0.5796018267659855,0.27,0.3,1,10,1,1.791362115709298,0.8,0.5577253889709136,0.5577253889709136,1,False,False,False,False,1e-06,0.9,-12.432710724237449
0.2040235749218812,0.0234471302837048,6.058969258724746,0.4238268096024873,0.0048646252868514,0.7692307692307692,3,1,0.1,5.258252008596286,0.930028225234528,1,1.7274183202680449,0.27,0.3,1,10,1,0.740688169860581,0.8,0.930028225234528,0.930028225234528,1,False,False,False,False,1e-06,0.9,-13.273089930676475
0.2442391216503234,0.0157475629763523,11.059867604987868,0.5459302752031849,0.0012617075370551,0.7692307692307692,3,1,0.1,3.404385930531675,0.6710130894912293,1,0.6521512736251984,0.27,0.3,1,10,1,0.9536056500010714,0.8,0.6710130894912293,0.6710130894912293,1,False,False,False,False,1e-06,0.9,-15.331587174400568
0.2186892058236795,0.010897913191885,4.759307995899992,0.2536441840418957,-0.000536775108018,0.7692307692307692,3,1,0.1,7.333116578845081,1.255174367215229,1,0.6173325277707439,0.27,0.3,1,10,1,1.003519433500484,0.8,1.255174367215229,1.255174367215229,1,False,False,False,False,1e-06,0.9,-16.198883441035342
0.2391843864242444,0.0279891133942043,5.305005100160123,0.3734981912205177,0.0009856192309033,0.7692307692307692,3,1,0.1,16.394959292743543,0.98625536767518,1,1.5191820743007416,0.27,0.3,1,10,1,0.8899550379666806,0.8,0.98625536767518,0.98625536767518,1,False,False,False,False,1e-06,0.9,-4.446654136953709
0.1989501624270587,0.0095864169137969,3.0783480386581297,0.1603149305642084,-0.0002437024348224,0.7692307692307692,3,1,0.1,18.83822645696796,1.980128330190865,1,0.7823333372271735,0.27,0.3,1,10,1,0.9222157373313612,0.8,1.980128330190865,1.980128330190865,1,False,False,False,False,1e-06,0.9,-12.12169514479159
0.2101618356901319,0.0176283542541176,3.190906071565096,0.1697392787023004,-0.0003115786438091,0.7692307692307692,3,1,0.1,22.01260809193991,1.9377109514498143,1,1.6639042348162654,0.27,0.3,1,10,1,0.8988861503517156,0.8,1.9377109514498143,1.9377109514498143,1,False,False,False,False,1e-06,0.9,-10.442251359423622
0.3386303829155792,0.033800082309682,9.445914961380083,0.6864276531330031,0.0008102263210403,0.7692307692307692,3,1,0.1,2.930131567724039,0.5690249726893605,1,1.5523169936129717,0.27,0.3,1,10,1,1.0867392860309917,0.8,0.5690249726893605,0.5690249726893605,1,False,False,False,False,1e-06,0.9,-11.968658901780406
0.2701329456660434,0.0121346171096352,4.17394964576183,0.1504964071761527,-0.0017537630860591,0.7692307692307692,3,1,0.1,12.694567450353915,1.7379938547057867,1,0.7294907938851072,0.27,0.3,1,10,1,1.787031336946561,0.8,1.7379938547057867,1.7379938547057867,1,False,False,False,False,1e-06,0.9,-14.24363485243214
0.2842902389888525,0.0267176175217641,3.804133655175982,0.1893753188083656,-0.0034477714541418,0.7692307692307693,3,1,0.1,21.30585926183968,1.5360465624827473,1,1.5396257022432542,0.27,0.3,1,10,1,1.4072757069283577,0.8,1.5360465624827473,1.5360465624827473,1,False,False,False,False,1e-06,0.9,-7.446543124487043
0.1609922356010574,0.0114542627647384,3.789902243412685,0.2255918428877097,0.0013953410350383,0.7692307692307692,3,1,0.1,15.900033727116428,1.6132025471488658,1,0.98728330091835,0.27,0.3,1,10,1,0.685139529125148,0.8,1.6132025471488658,1.6132025471488658,1,False,False,False,False,1e-06,0.9,-9.596500196974835
0.3326848461806479,0.012718133238225,17.50660256925031,2.255199721405483,0.0549901566533226,0.7692307692307693,3,1,0.1,0.9672898342916612,0.2109156469246534,1,1.341315851740888,0.27,0.3,1,10,1,0.8122689202196095,0.8,0.2109156469246534,0.2109156469246534,1,False,False,False,False,1e-06,0.9,-12.753737840484003
0.2839724372897516,0.0236085140031775,3.5956038107996053,0.1531347304205204,-0.0029215170505802,0.7692307692307692,3,1,0.1,11.39082732359872,1.8117885147204107,1,1.6955990520098858,0.27,0.3,1,10,1,1.5208729024967644,0.8,1.8117885147204107,1.8117885147204107,1,False,False,False,False,1e-06,0.9,-19.4343352875593
0.265405700162898,0.0135875112263705,6.499010292442949,0.2979681074291784,-0.0020404063325156,0.7692307692307692,3,1,0.1,5.28744107702896,1.0023200560441818,1,0.5842569558165605,0.27,0.3,1,10,1,1.3265274665610025,0.8,1.0023200560441818,1.0023200560441818,1,False,False,False,False,1e-06,0.9,-18.71258528405909
0.3868163797178963,0.0239811715230354,18.37366257321364,0.7125332358179433,-0.0050143707783152,0.7692307692307692,3,1,0.1,4.32489577512499,0.489557275919394,1,0.6477312944684075,0.27,0.3,1,10,1,1.6362315758621175,0.8,0.489557275919394,0.489557275919394,1,False,False,False,False,1e-06,0.9,-3.202938559620044
0.405703901748314,0.0257999317942475,18.09679853099249,0.6113054415613819,-0.0074244209115503,0.7692307692307692,3,1,0.1,2.717513032060788,0.537990820349408,1,0.7382340352457388,0.27,0.3,1,10,1,1.9356501417190208,0.8,0.537990820349408,0.537990820349408,1,False,False,False,False,1e-06,0.9,-12.61801602185003
0.4095834657782142,0.0105948656741742,20.854912645207524,2.6739897653335816,0.0655649232654155,0.7692307692307693,3,1,0.1,0.7613388098226324,0.1703868845556287,1,1.659072980417194,0.27,0.3,1,10,1,0.92802343631436,0.8,0.1703868845556287,0.1703868845556287,1,False,False,False,False,1e-06,0.9,-18.803873057808627
0.3027615184709907,0.030263780267307,8.850616565297832,0.635630972649211,0.0022165249265827,0.7692307692307692,3,1,0.1,2.9946390789958874,0.6174812590779115,1,1.4290780961968883,0.27,0.3,1,10,1,0.9944748249895088,0.8,0.6174812590779115,0.6174812590779115,1,False,False,False,False,1e-06,0.9,-19.32903883655118
0.4404487473235254,9.258670224726355e-13,9741537.375118608,29.2572036098459,2.698960499196824e-06,0.7692307692307692,3,1,0.1,0.0786727568171056,0.0176408999297486,1,1.2963423965856866,0.27,0.3,1,10,1,0.7935546096683547,0.8,0.0176408999297486,0.0176408999297486,1,False,False,False,False,1e-06,0.9,-2.0755902457854205
0.3445637758466522,0.0386842430970188,6.979199811434367,0.408139485698316,-0.0063427506767957,0.7692307692307692,3,1,0.1,4.421849673247869,0.819751508515391,1,1.8921943457504664,0.27,0.3,1,10,1,1.3512506978080314,0.8,0.819751508515391,0.819751508515391,1,False,False,False,False,1e-06,0.9,-13.894689322935966
0.2924030801256094,0.0252286224947754,4.013901487332437,0.1828207213719986,-0.0036342301466657,0.7692307692307692,3,1,0.1,9.960607836848505,1.5355788245103654,1,1.447491264273994,0.27,0.3,1,10,1,1.5589658659496093,0.8,1.5355788245103654,1.5355788245103654,1,False,False,False,False,1e-06,0.9,-15.419737618943335
0.2459569504513275,0.0194034287087085,3.311662536590448,0.1786521867679263,-0.00162499553125,0.7692307692307693,3,1,0.1,31.72081856525596,1.7015586426683624,1,1.1997427475989575,0.27,0.3,1,10,1,1.1496120255177558,0.8,1.7015586426683624,1.7015586426683624,1,False,False,False,False,1e-06,0.9,-7.389541648918517
0.155481287172399,0.0132030246857813,12.64547778429844,1.4519081630591346,0.049329648313458,0.7692307692307692,3,1,0.1,1.6810090284686134,0.3588085110713991,1,1.711441908381065,0.27,0.3,1,10,1,0.5015841065926547,0.8,0.3588085110713991,0.3588085110713991,1,False,False,False,False,1e-06,0.9,-15.934851977572912
0.1458380459555496,0.0132787373998466,3.5760889448445647,0.1932865234567982,0.0020370042074466,0.7692307692307692,3,1,0.1,75.13449213812804,1.945065730019245,1,1.8315397534755204,0.27,0.3,1,10,1,0.616852511893087,0.8,1.945065730019245,1.945065730019245,1,False,False,False,False,1e-06,0.9,-7.302781453982927
0.3074179551191827,0.0153996407327367,15.558294721773192,1.99042090408256,0.0511910672162339,0.7692307692307692,3,1,0.1,1.0999302395391517,0.24305656698479,1,1.6169224884333315,0.27,0.3,1,10,1,0.7729673760473406,0.8,0.24305656698479,0.24305656698479,1,False,False,False,False,1e-06,0.9,-19.088544073156587
0.3072035759588614,0.0225127468581586,13.14004187634342,0.6726381410395539,-0.0005796120623372,0.7692307692307692,3,1,0.1,12.20082909057038,0.5495540748878568,1,0.6588004844528326,0.27,0.3,1,10,1,1.1693036220376571,0.8,0.5495540748878568,0.5495540748878568,1,False,False,False,False,1e-06,0.9,-2.27610517838271
0.5011399301706558,0.0394824414934991,15.3457759012592,0.8125163982619386,-0.00961238826857,0.7692307692307693,3,1,0.1,2.2913426524781912,0.4358852787752889,1,1.3579555359247617,0.27,0.3,1,10,1,1.880185048786717,0.8,0.4358852787752889,0.4358852787752889,1,False,False,False,False,1e-06,0.9,-8.271192876634979
0.2295197065916952,0.0204097262081662,3.444285642226647,0.1792409049274566,-0.0009230476242403,0.7692307692307692,3,1,0.1,11.156445690509935,1.7869992521260831,1,1.9148390032070064,0.27,0.3,1,10,1,0.988551444102978,0.8,1.7869992521260831,1.7869992521260831,1,False,False,False,False,1e-06,0.9,-19.47244072375313
0.6374824960354479,0.0006791402120747,157.16117655476657,3.283225533416547,0.0309838420677108,0.7692307692307692,3,1,0.1,0.3619704569230693,0.0822224117711888,1,0.6809733990816031,0.27,0.3,1,10,1,1.371875775021655,0.8,0.0822224117711888,0.0822224117711888,1,False,False,False,False,1e-06,0.9,-17.486517585480627
0.2567168246190125,0.0171569351175677,4.336969410200785,0.2287580416922896,-0.0020251858705365,0.7692307692307692,3,1,0.1,9.28462224934291,1.310644377097833,1,0.8324488749385475,0.27,0.3,1,10,1,1.2509616179228824,0.8,1.310644377097833,1.310644377097833,1,False,False,False,False,1e-06,0.9,-11.251305412997784
0.3225605542852093,0.0368253752324068,5.469195493945148,0.3189927796259569,-0.0061272469794184,0.7692307692307693,3,1,0.1,19.91917126083299,0.995594656466158,1,1.5220129432508334,0.27,0.3,1,10,1,1.4023284208145197,0.8,0.995594656466158,0.995594656466158,1,False,False,False,False,1e-06,0.9,-4.236144886814333
0.5084502000693968,0.0308750685241576,21.029622470251123,0.9305601218167237,-0.0063476962148018,0.7692307692307693,3,1,0.1,1.829610368461725,0.3779944422294134,1,0.99174000974427,0.27,0.3,1,10,1,1.9751223966319995,0.8,0.3779944422294134,0.3779944422294134,1,False,False,False,False,1e-06,0.9,-12.029544496854353
0.2743694103111136,0.0240258690866265,3.6680536516848017,0.1831327476671883,-0.0027745223426815,0.7692307692307692,3,1,0.1,9.519251968377247,1.60074148852447,1,1.588034672628253,0.27,0.3,1,10,1,1.325921461345668,0.8,1.60074148852447,1.60074148852447,1,False,False,False,False,1e-06,0.9,-19.66653632361306
0.5027712537399505,0.0447858761925658,14.150540380268906,0.7110939823374088,-0.0127809183267424,0.7692307692307693,3,1,0.1,2.531695491770781,0.4868420468092713,1,1.727786394982425,0.27,0.3,1,10,1,1.9704493102427365,0.8,0.4868420468092713,0.4868420468092713,1,False,False,False,False,1e-06,0.9,-9.734594474420348
0.3044992611349547,0.0248639617218958,4.818013278885417,0.1911071001910864,-0.004327322631777,0.7692307692307693,3,1,0.1,14.04898718767299,1.4172909536848062,1,1.1585280959403417,0.27,0.3,1,10,1,1.853345897346638,0.8,1.4172909536848062,1.4172909536848062,1,False,False,False,False,1e-06,0.9,-8.393622824838358
0.6916136052688074,7.569620267368235e-06,1343.1384906480714,7.021631467658162,0.008179961726136,0.7692307692307693,3,1,0.1,0.1957607191733211,0.0418887402088473,1,1.3312970692536172,0.27,0.3,1,10,1,1.3561291591771834,0.8,0.0418887402088473,0.0418887402088473,1,False,False,False,False,1e-06,0.9,-1.9191320147019688
0.2476689987920813,0.007120071996661,20.38252255466793,3.073941779103257,0.0792608123765788,0.7692307692307693,3,1,0.1,0.7974651757741938,0.1774605012121089,1,1.474394651186673,0.27,0.3,1,10,1,0.613341887280083,0.8,0.1774605012121089,0.1774605012121089,1,False,False,False,False,1e-06,0.9,-16.5695126543075
0.3094659156396728,0.0280889263091057,4.391530600776465,0.1571678673772407,-0.0042901124338428,0.7692307692307692,3,1,0.1,13.090282160506488,1.690437371804369,1,1.8589672698872808,0.27,0.3,1,10,1,1.892226689502002,0.8,1.690437371804369,1.690437371804369,1,False,False,False,False,1e-06,0.9,-12.794505134627308
0.2529441078704357,0.0140459155458646,3.2799461709547426,0.1467972160728213,-0.0015239524542543,0.7692307692307693,3,1,0.1,48.10255295025642,1.90263199664992,1,0.8672469215526664,0.27,0.3,1,10,1,1.3930640779127286,0.8,1.90263199664992,1.90263199664992,1,False,False,False,False,1e-06,0.9,-7.653995247472471
0.1993265444181168,0.0186336754769677,6.477121071145516,0.4322411272602217,0.0035840922816345,0.7692307692307692,3,1,0.1,7.891553757959581,0.8900412178637063,1,0.9567477936238192,0.27,0.3,1,10,1,0.7641054622209401,0.8,0.8900412178637063,0.8900412178637063,1,False,False,False,False,1e-06,0.9,-5.802821650709413
0.2554679393126384,0.0211958391953014,4.313082571582166,0.2511219032737501,-0.0019742945687285,0.7692307692307693,3,1,0.1,8.523800355950447,1.2581914578580653,1,1.0646900082507862,0.27,0.3,1,10,1,1.1357904753208734,0.8,1.2581914578580653,1.2581914578580653,1,False,False,False,False,1e-06,0.9,-11.638280063546532
0.2835007263695707,0.0207974876218624,4.128784635782053,0.1872970723768093,-0.0030699595300798,0.7692307692307693,3,1,0.1,8.722218544880675,1.4891869687110428,1,1.084378214268312,0.27,0.3,1,10,1,1.5611248345448674,0.8,1.4891869687110428,1.4891869687110428,1,False,False,False,False,1e-06,0.9,-19.08121755383841
0.2781260130915322,0.0243978425482531,3.3642477798615227,0.1424172335883518,-0.0027187332557023,0.7692307692307693,3,1,0.1,67.7980578693987,1.9655446979111355,1,1.8216816003572192,0.27,0.3,1,10,1,1.4608658281930034,0.8,1.9655446979111355,1.9655446979111355,1,False,False,False,False,1e-06,0.9,-7.49317055788576
0.211304168445839,0.0243916199074134,4.288515072085989,0.2712856940074394,0.0009256976368299,0.7692307692307693,3,1,0.1,60.62651092428023,1.3213179216805284,1,1.8710715169091965,0.27,0.3,1,10,1,0.8285929850150757,0.8,1.3213179216805284,1.3213179216805284,1,False,False,False,False,1e-06,0.9,-4.863735775244738
0.5580239190863167,0.0154094530250971,25.38379700089364,1.7251258568500918,0.0270866870637969,0.7692307692307692,3,1,0.1,0.890613828225499,0.1981430670272924,1,1.0148921483120348,0.27,0.3,1,10,1,1.5798808495503571,0.8,0.1981430670272924,0.1981430670272924,1,False,False,False,False,1e-06,0.9,-18.38570423587887
0.230916025683914,0.0271708072826348,4.596474014991286,0.2873859827332432,6.952257651025513e-05,0.7692307692307692,3,1,0.1,18.114836710919064,1.2263750657376633,1,1.997910991122568,0.27,0.3,1,10,1,0.8979859632416962,0.8,1.2263750657376633,1.2263750657376633,1,False,False,False,False,1e-06,0.9,-5.785062141173142
0.1961255765833696,0.0195461094862419,4.903085640016223,0.3256415338898247,0.0023505060889393,0.7692307692307692,3,1,0.1,6.203299929616741,1.1473654047061248,1,1.4057636026656557,0.27,0.3,1,10,1,0.7588190744565617,0.8,1.1473654047061248,1.1473654047061248,1,False,False,False,False,1e-06,0.9,-19.266820904096413
0.2846775531726898,0.0225882417285883,4.85720298630929,0.2506202889241358,-0.0034395473056753,0.7692307692307692,3,1,0.1,7.008780859219062,1.1846215604931642,1,0.9934593279441128,0.27,0.3,1,10,1,1.4027718320229536,0.8,1.1846215604931642,1.1846215604931642,1,False,False,False,False,1e-06,0.9,-14.757138023090434
0.4418809753100098,0.0407363688260462,11.60096334102956,0.6599555997988337,-0.0092463483245577,0.7692307692307693,3,1,0.1,2.891946727259926,0.5354798762708822,1,1.4651725403459095,0.27,0.3,1,10,1,1.6433470374509744,0.8,0.5354798762708822,0.5354798762708822,1,False,False,False,False,1e-06,0.9,-9.031713862038076
0.607662855921438,0.0134336390890598,24.7881996668704,2.02362179283117,0.0467073576680977,0.7692307692307692,3,1,0.1,0.7538145837408471,0.1637934020663746,1,1.3896790265610546,0.27,0.3,1,10,1,1.6059149815215077,0.8,0.1637934020663746,0.1637934020663746,1,False,False,False,False,1e-06,0.9,-9.34460755811564
0.3753135049108609,0.0337737518346342,9.650504109639876,0.4431410788810461,-0.0085145543732345,0.7692307692307693,3,1,0.1,4.34141079207258,0.7169379039808129,1,1.0516286637754584,0.27,0.3,1,10,1,1.75797456279656,0.8,0.7169379039808129,0.7169379039808129,1,False,False,False,False,1e-06,0.9,-8.403047130026138
0.7888871418564034,2.407100072878236e-05,957.661705662906,4.546314197851896,0.0109906364214328,0.7692307692307692,3,1,0.1,0.20907607345435,0.0476824895670169,1,1.6207808248961684,0.27,0.3,1,10,1,1.7848226019677873,0.8,0.0476824895670169,0.0476824895670169,1,False,False,False,False,1e-06,0.9,-13.552831515832183
0.2973517660473101,0.0218659728420724,4.532678958939631,0.1561694570978954,-0.0034381263309529,0.7692307692307692,3,1,0.1,17.23078584326489,1.6746032225586551,1,1.1858241312265758,0.27,0.3,1,10,1,1.9743686098776965,0.8,1.6746032225586551,1.6746032225586551,1,False,False,False,False,1e-06,0.9,-9.643149610429456
0.2219979798114885,0.0140118794527745,3.346427580243008,0.1831967814607781,-0.0007926119762753,0.7692307692307692,3,1,0.1,21.65575084517598,1.702838465211136,1,0.9014833866766744,0.27,0.3,1,10,1,1.0276433648331036,0.8,1.702838465211136,1.702838465211136,1,False,False,False,False,1e-06,0.9,-8.60983937564201
0.3531064426948869,0.0285033313015373,9.843468087131129,0.3995493420046764,-0.0073302104319466,0.7692307692307692,3,1,0.1,6.449496070682545,0.7621415320099812,1,0.8322653026821131,0.27,0.3,1,10,1,1.8395918863239125,0.8,0.7621415320099812,0.7621415320099812,1,False,False,False,False,1e-06,0.9,-5.206664481005792
0.190733781176408,0.0195236400751255,5.275359418421821,0.3594494956073245,0.0034132212295862,0.7692307692307692,3,1,0.1,6.018911103555324,1.0673786322378274,1,1.3785062064010551,0.27,0.3,1,10,1,0.7284343359481937,0.8,1.0673786322378274,1.0673786322378274,1,False,False,False,False,1e-06,0.9,-15.36653285823285
0.5238534201406996,0.0403588083005206,15.021097440605049,0.9286214757271396,-0.0067599230485756,0.7692307692307693,3,1,0.1,2.003909474168511,0.3884611696514773,1,1.682685574623712,0.27,0.3,1,10,1,1.7875486761289276,0.8,0.3884611696514773,0.3884611696514773,1,False,False,False,False,1e-06,0.9,-8.094147154551008
0.1863080079302727,0.0215218683485885,9.665854378634997,0.8851263525761929,0.0253099893592817,0.7692307692307692,3,1,0.1,3.251752266591979,0.5290084691447363,1,1.880649035162017,0.27,0.3,1,10,1,0.6061251210866567,0.8,0.5290084691447363,0.5290084691447363,1,False,False,False,False,1e-06,0.9,-5.976778348557447
0.2736075403435821,0.0315758403622674,6.739249066149362,0.4507742123281903,0.0003809585756107,0.7692307692307692,3,1,0.1,4.325432931629039,0.8241435829607141,1,1.9158366774848816,0.27,0.3,1,10,1,0.9647936377875588,0.8,0.8241435829607141,0.8241435829607141,1,False,False,False,False,1e-06,0.9,-15.756396007323191
0.3248171557182463,0.0327395709591655,6.169707007605091,0.3456759299382376,-0.0057125511570696,0.7692307692307693,3,1,0.1,5.404381433172583,0.9194606862085434,1,1.32741485663472,0.27,0.3,1,10,1,1.4156987119194973,0.8,0.9194606862085434,0.9194606862085434,1,False,False,False,False,1e-06,0.9,-11.66416672452326
0.2783531809244842,0.0188943455767623,3.614888778136861,0.1451625454582137,-0.0024224666918369,0.7692307692307693,3,1,0.1,11.8100301621194,1.8593284917770707,1,1.2097412273564678,0.27,0.3,1,10,1,1.6262255982225682,0.8,1.8593284917770707,1.8593284917770707,1,False,False,False,False,1e-06,0.9,-19.50357620717987
0.3930187342262614,0.0352438794793131,10.413187069628462,0.5249842429683508,-0.0083278513121598,0.7692307692307692,3,1,0.1,3.15461945356069,0.6379023395470139,1,1.1722849689196906,0.27,0.3,1,10,1,1.6402962715581455,0.8,0.6379023395470139,0.6379023395470139,1,False,False,False,False,1e-06,0.9,-17.182914434747254
0.2296584020930688,0.0271561437387002,6.438010600018611,0.4971533375346231,0.004642009890503,0.7692307692307693,3,1,0.1,28.425963737953463,0.7970679569061204,1,1.2865787675910134,0.27,0.3,1,10,1,0.8137301125004055,0.8,0.7970679569061204,0.7970679569061204,1,False,False,False,False,1e-06,0.9,-3.024376967339812
0.2969013408516174,0.0069843914244746,22.241696070510425,3.1430339257795,0.0748366507983609,0.7692307692307692,3,1,0.1,0.7477815886660332,0.1650106687726939,1,1.323377985030544,0.27,0.3,1,10,1,0.6977714431155371,0.8,0.1650106687726939,0.1650106687726939,1,False,False,False,False,1e-06,0.9,-12.564593775896578
0.3280698214094899,0.0359517298168731,8.51056559560142,0.6653507137007574,0.0010127495726557,0.7692307692307693,3,1,0.1,5.629955096787286,0.5894148968295277,1,1.4608994557405994,0.27,0.3,1,10,1,1.0646977248312643,0.8,0.5894148968295277,0.5894148968295277,1,False,False,False,False,1e-06,0.9,-3.596195724050439
0.55126345350005,0.0385987932450917,16.63754759214008,1.0140008562060567,-0.0045708298271031,0.7692307692307693,3,1,0.1,1.624156561282753,0.3525628305543685,1,1.9339086092586144,0.27,0.3,1,10,1,1.843202678532639,0.8,0.3525628305543685,0.3525628305543685,1,False,False,False,False,1e-06,0.9,-19.80326882294988
0.2178899073649835,0.0019504120578665,37.84337812052789,5.374930546474231,0.0896485915157505,0.7692307692307692,3,1,0.1,0.515862685092493,0.1165062918315598,1,1.652423338111094,0.27,0.3,1,10,1,0.5178936753701282,0.8,0.1165062918315598,0.1165062918315598,1,False,False,False,False,1e-06,0.9,-18.20904454572132
0.2382931763845497,0.0100350592969536,3.1879951665668083,0.1449784075170224,-0.0009557755864339,0.7692307692307692,3,1,0.1,12.993497267869175,1.9513635771408024,1,0.7232666667794716,0.27,0.3,1,10,1,1.2846727256116828,0.8,1.9513635771408024,1.9513635771408024,1,False,False,False,False,1e-06,0.9,-18.6259270236232
0.3279509247928703,0.0347952156461377,9.508102590791882,0.7902348186210874,0.0058731622965358,0.7692307692307693,3,1,0.1,3.558472446579868,0.5196677637971149,1,1.7242602502588813,0.27,0.3,1,10,1,0.9944038506459209,0.8,0.5196677637971149,0.5196677637971149,1,False,False,False,False,1e-06,0.9,-4.717723911108344
0.2981865358726787,0.021154452239517,5.147039621085758,0.2002076556277876,-0.0038393583992249,0.7692307692307693,3,1,0.1,11.895915319960066,1.3472503487171676,1,0.930507124366964,0.27,0.3,1,10,1,1.861943692119953,0.8,1.3472503487171676,1.3472503487171676,1,False,False,False,False,1e-06,0.9,-8.818765578366566
0.3069582180322348,0.0245547154579321,5.23363887568626,0.2182091454711575,-0.0045737270717571,0.7692307692307692,3,1,0.1,8.527486820804418,1.2643664988568275,1,1.0612974810243412,0.27,0.3,1,10,1,1.7985475496332806,0.8,1.2643664988568275,1.2643664988568275,1,False,False,False,False,1e-06,0.9,-11.78900838433657
0.1771217875264674,0.0171915959248257,3.901521504298872,0.2195989413907124,0.0014897762847428,0.7692307692307693,3,1,0.1,12.169911665223152,1.6498782198950417,1,1.9812609087812303,0.27,0.3,1,10,1,0.7216793680793996,0.8,1.6498782198950417,1.6498782198950417,1,False,False,False,False,1e-06,0.9,-13.33141761684644
0.1395288889045067,0.0159336435086924,5.022354171357558,0.3331929736272205,0.0062982428480107,0.7692307692307693,3,1,0.1,11.72355195923068,1.2248963847346024,1,1.790529931007616,0.27,0.3,1,10,1,0.5651288095497206,0.8,1.2248963847346024,1.2248963847346024,1,False,False,False,False,1e-06,0.9,-7.460972756911754
0.302422069629134,0.0352522717403169,7.79342131474541,0.5526568746320966,0.0006655214558026,0.7692307692307693,3,1,0.1,4.399195160272279,0.6931778202329513,1,1.921265755217638,0.27,0.3,1,10,1,1.009609450047276,0.8,0.6931778202329513,0.6931778202329513,1,False,False,False,False,1e-06,0.9,-7.284340787788794
0.2107673409689235,0.0190132759896182,11.475577971181291,1.082456520004346,0.0262289096071683,0.7692307692307693,3,1,0.1,2.154317441974253,0.4371624486626749,1,1.3645126230724336,0.27,0.3,1,10,1,0.6505571812696544,0.8,0.4371624486626749,0.4371624486626749,1,False,False,False,False,1e-06,0.9,-12.076657934691676
0.5336493828248386,0.0334829464703189,18.238243653597248,1.042000378463611,-0.0033054451173325,0.7692307692307693,3,1,0.1,1.7216036439584828,0.3413934985983937,1,1.228758380941621,0.27,0.3,1,10,1,1.8676605202493628,0.8,0.3413934985983937,0.3413934985983937,1,False,False,False,False,1e-06,0.9,-8.087903827288569
0.663806937936422,0.0137126169351594,27.706803352774244,1.913502116522361,0.0479134513079738,0.7692307692307693,3,1,0.1,0.7350430299076766,0.1568288032959247,1,1.4801977380502265,0.27,0.3,1,10,1,1.9122014639798,0.8,0.1568288032959247,0.1568288032959247,1,False,False,False,False,1e-06,0.9,-6.92952802438705
0.2124553081218331,0.0170359900120408,4.345551984639765,0.2678009790700062,-3.212421151220861e-05,0.7692307692307692,3,1,0.1,60.91553643093548,1.271348505864755,1,0.8934887058429509,0.27,0.3,1,10,1,0.9007098359473994,0.8,1.271348505864755,1.271348505864755,1,False,False,False,False,1e-06,0.9,-4.659204997609102
0.2423468928537872,0.0226746459143165,3.400211326567147,0.1897137240404134,-0.0015032728480042,0.7692307692307692,3,1,0.1,68.22363926984508,1.6652228155673494,1,1.5583322183885633,0.27,0.3,1,10,1,1.0640021160018014,0.8,1.6652228155673494,1.6652228155673494,1,False,False,False,False,1e-06,0.9,-6.207282555159699
0.2532741815615148,0.0207107888852691,3.1504255515652515,0.1515035750637112,-0.0017537534148893,0.7692307692307692,3,1,0.1,18.72045796069077,1.9553869097354504,1,1.6636957584958445,0.27,0.3,1,10,1,1.202938537380541,0.8,1.9553869097354504,1.9553869097354504,1,False,False,False,False,1e-06,0.9,-11.907657119508633
0.1929245163391783,0.0099274738743225,8.52896644226191,0.4189040706501624,0.0015219795563719,0.7692307692307692,3,1,0.1,4.426743961831291,0.8603496014953652,1,0.5434559045427265,0.27,0.3,1,10,1,0.8043424612813802,0.8,0.8603496014953652,0.8603496014953652,1,False,False,False,False,1e-06,0.9,-18.17326386736979
0.6223176401149313,0.0035063941386799,36.54042675160351,3.720242026890899,0.104168064963848,0.7692307692307693,3,1,0.1,0.5100718115746956,0.0930168001656638,1,1.81802500755537,0.27,0.3,1,10,1,1.313420463002298,0.8,0.0930168001656638,0.0930168001656638,1,False,False,False,False,1e-06,0.9,-1.478058765448793
0.1118607856058503,0.0045677769654063,4.111021265844027,0.214122231027113,0.0014009594605559,0.7692307692307692,3,1,0.1,84.82359843517725,1.7944733488707991,1,0.5895463407001246,0.27,0.3,1,10,1,0.5242613119022276,0.8,1.7944733488707991,1.7944733488707991,1,False,False,False,False,1e-06,0.9,-6.585270704769673
0.4179660663803853,0.0257347044599752,14.16766878007849,1.374181220909498,0.0191451950041325,0.7692307692307692,3,1,0.1,1.4835932128804383,0.300842223470334,1,1.3897221506189037,0.27,0.3,1,10,1,1.1299336403291718,0.8,0.300842223470334,0.300842223470334,1,False,False,False,False,1e-06,0.9,-8.267915351398683
0.163066112625631,0.0097262958645112,11.885425758018703,0.5787085573774388,0.0055740722739589,0.7692307692307692,3,1,0.1,3.460321915467447,0.6947564537802832,1,0.5861426754826832,0.27,0.3,1,10,1,0.6566274021449616,0.8,0.6947564537802832,0.6947564537802832,1,False,False,False,False,1e-06,0.9,-17.819466554090155
0.6833784011023338,9.109608439908972e-06,1536.1896757128363,6.2468233061399046,0.0066702979115843,0.7692307692307692,3,1,0.1,0.1963360567795242,0.0449215085986485,1,1.0037604956693178,0.27,0.3,1,10,1,1.3381158920927998,0.8,0.0449215085986485,0.0449215085986485,1,False,False,False,False,1e-06,0.9,-17.539244625229674
0.2941351279921586,0.0283834340299371,9.135748124525255,0.6200172083800126,0.0007739829084055,0.7692307692307692,3,1,0.1,12.75223510988786,0.6165300622292649,1,0.926196939424698,0.27,0.3,1,10,1,1.0454652256825572,0.8,0.6165300622292649,0.6165300622292649,1,False,False,False,False,1e-06,0.9,-2.5997568037738823
0.2808816849402381,0.0090831384170218,25.521064288716584,2.015392167508465,0.03651952054612,0.7692307692307692,3,1,0.1,1.1844245462621037,0.2239755987500734,1,0.6832572418354577,0.27,0.3,1,10,1,0.7782154701971644,0.8,0.2239755987500734,0.2239755987500734,1,False,False,False,False,1e-06,0.9,-4.13475651720004
0.3035533487503132,0.0238111171240517,4.598063989570352,0.1632406278896716,-0.0038396325545138,0.7692307692307692,3,1,0.1,9.90702345267946,1.6133949473145242,1,1.3413748423908138,0.27,0.3,1,10,1,1.9515209912162463,0.8,1.6133949473145242,1.6133949473145242,1,False,False,False,False,1e-06,0.9,-18.27376066658601
0.2842021558477988,0.0290997941686805,9.574703490091524,0.7730345599603166,0.0088904470720977,0.7692307692307693,3,1,0.1,2.859321974102823,0.5446153557247023,1,1.5946818099436355,0.27,0.3,1,10,1,0.8757834756704551,0.8,0.5446153557247023,0.5446153557247023,1,False,False,False,False,1e-06,0.9,-10.395632106367891
0.6378120555382752,0.018724101118259,22.69971531628516,1.788828052886894,0.0401811608279145,0.7692307692307692,3,1,0.1,0.8510839493257019,0.1800140308487879,1,1.78124593638819,0.27,0.3,1,10,1,1.8287254088315537,0.8,0.1800140308487879,0.1800140308487879,1,False,False,False,False,1e-06,0.9,-7.190474960490667
0.2843922509966594,0.0285438556314377,10.180748241832635,0.8279679975665001,0.0110806243750611,0.7692307692307692,3,1,0.1,2.455462318441114,0.5169423878671452,1,1.7544948812321897,0.27,0.3,1,10,1,0.8569009429907953,0.8,0.5169423878671452,0.5169423878671452,1,False,False,False,False,1e-06,0.9,-19.644977605719685
0.1821774653006984,0.0202529950360799,7.605832350484552,0.5824108257690251,0.0111380422919406,0.7692307692307692,3,1,0.1,4.038371787750607,0.7377411665596183,1,1.4414017583579724,0.27,0.3,1,10,1,0.6446410495826118,0.8,0.7377411665596183,0.7377411665596183,1,False,False,False,False,1e-06,0.9,-11.80153092935445
0.4386048952882413,0.0330872274204238,14.277576904621194,0.7828257091588788,-0.0057484206553941,0.7692307692307693,3,1,0.1,2.191788728136953,0.4642219256650544,1,1.1230217945471557,0.27,0.3,1,10,1,1.5751331309526868,0.8,0.4642219256650544,0.4642219256650544,1,False,False,False,False,1e-06,0.9,-18.82538146957152
0.1480508338194462,0.0067762890818064,4.217308402968812,0.2308649521619027,0.0010587184001064,0.7692307692307692,3,1,0.1,10.363810093844098,1.5678145731805917,1,0.6372315526122418,0.27,0.3,1,10,1,0.657158854136848,0.8,1.5678145731805917,1.5678145731805917,1,False,False,False,False,1e-06,0.9,-15.171591022165366
0.2717559691533509,0.0181916928596133,3.511701667582861,0.1513480857182545,-0.0022441315875924,0.7692307692307692,3,1,0.1,12.007239326655688,1.817557607497411,1,1.1389511549951137,0.27,0.3,1,10,1,1.51989752552725,0.8,1.817557607497411,1.817557607497411,1,False,False,False,False,1e-06,0.9,-17.609152883610193
0.3063939700278812,0.0175627567889108,8.165363937594247,0.2850166519882621,-0.0041250925345755,0.7692307692307692,3,1,0.1,55.67315764172225,0.9665109508835088,1,0.58521241268459,0.27,0.3,1,10,1,1.93547426050638,0.8,0.9665109508835088,0.9665109508835088,1,False,False,False,False,1e-06,0.9,-3.4837833387673385
0.4519750343582371,0.0487875052060153,10.359304121742625,0.6539386843420185,-0.0111361068108166,0.7692307692307692,3,1,0.1,5.578484043308233,0.5446382913077542,1,1.8154589939562795,0.27,0.3,1,10,1,1.6404442831722226,0.8,0.5446382913077542,0.5446382913077542,1,False,False,False,False,1e-06,0.9,-3.1467710504924824
0.2153136456249401,0.0129696433526701,15.172300196347182,1.695539307672014,0.0438515924607066,0.7692307692307692,3,1,0.1,1.3758173407062837,0.2951533333050859,1,1.162299158812932,0.27,0.3,1,10,1,0.6228897451812906,0.8,0.2951533333050859,0.2951533333050859,1,False,False,False,False,1e-06,0.9,-13.980544886190971
0.6318823019975032,0.0005230592513409,175.19863651191878,3.5547047803783345,0.0299210848904903,0.7692307692307692,3,1,0.1,0.3457298431108671,0.0780446238209077,1,0.694871746843351,0.27,0.3,1,10,1,1.3263144635987223,0.8,0.0780446238209077,0.0780446238209077,1,False,False,False,False,1e-06,0.9,-11.934121244177875
0.3629634892601991,0.0245263979223068,13.932333070888724,0.5725326207479512,-0.0054274020177788,0.7692307692307692,3,1,0.1,3.1476962219432663,0.5849963907957955,1,0.7373712405026497,0.27,0.3,1,10,1,1.5884673565902845,0.8,0.5849963907957955,0.5849963907957955,1,False,False,False,False,1e-06,0.9,-10.01771003020463
0.300693502529529,0.0145262257443268,9.255308885877067,0.3305133566289451,-0.0033230387267169,0.7692307692307692,3,1,0.1,5.107673514823829,0.8602267321179397,1,0.5318366778983032,0.27,0.3,1,10,1,1.7161049786382652,0.8,0.8602267321179397,0.8602267321179397,1,False,False,False,False,1e-06,0.9,-10.612753127283815
0.3720700293362891,0.0383901120729451,8.4531748997378,0.508830259616403,-0.0070451632474782,0.7692307692307692,3,1,0.1,4.265510844422122,0.6795296171695935,1,1.4224879072654288,0.27,0.3,1,10,1,1.424376462858969,0.8,0.6795296171695935,0.6795296171695935,1,False,False,False,False,1e-06,0.9,-7.314657545954212
0.795762651987639,6.680484036725711e-16,1880072863404.004,21.50093449086982,2.781094705464033e-11,0.769230769230769,3,1,0.1,0.0433019395446081,0.0099738821444979,1,1.7092312685306856,0.27,0.3,1,10,1,1.7663834894017658,0.8,0.0099738821444979,0.0099738821444979,1,False,False,False,False,1e-06,0.9,-17.60289839046023
0.3148791216293966,0.0314272770379366,6.974049371940179,0.4308074027405091,-0.0037906303058597,0.7692307692307693,3,1,0.1,4.123441099929733,0.7982530682655818,1,1.2976861064217846,0.27,0.3,1,10,1,1.218697628041389,0.8,0.7982530682655818,0.7982530682655818,1,False,False,False,False,1e-06,0.9,-16.51527510505857
0.189744885155306,0.0160976828488829,4.19479246750722,0.2640181386645102,0.0012119728392832,0.7692307692307693,3,1,0.1,7.720024388179199,1.3598172681611758,1,1.1855488305234696,0.27,0.3,1,10,1,0.772231545201571,0.8,1.3598172681611758,1.3598172681611758,1,False,False,False,False,1e-06,0.9,-19.14805425347668
0.265965811767059,0.0190691200734545,6.203021361242399,0.3326175276276567,-0.002141096048807,0.7692307692307693,3,1,0.1,5.220036797474951,0.9626086081367208,1,0.7844087012628227,0.27,0.3,1,10,1,1.184301019784064,0.8,0.9626086081367208,0.9626086081367208,1,False,False,False,False,1e-06,0.9,-15.97118674287519
0.1217454791134219,0.0141243770871891,5.773266135273665,0.3980534022515802,0.0094849737242951,0.7692307692307693,3,1,0.1,6.7568808400498055,1.0762561323030249,1,1.7666935251818356,0.27,0.3,1,10,1,0.5031143673144717,0.8,1.0762561323030249,1.0762561323030249,1,False,False,False,False,1e-06,0.9,-11.581099191461051
0.3689254618664396,0.0397699272830713,7.2416744549837,0.35927962796164,-0.0090262994267436,0.7692307692307692,3,1,0.1,4.863239264962016,0.8615097132844953,1,1.657873743248084,0.27,0.3,1,10,1,1.7032124955142898,0.8,0.8615097132844953,0.8615097132844953,1,False,False,False,False,1e-06,0.9,-12.358745589522352
0.3794796522060576,0.0324007413861211,11.205833620738035,0.5906154425093377,-0.00648916067738,0.7692307692307693,3,1,0.1,3.981550312120208,0.5892220603497277,1,0.9739571086363128,0.27,0.3,1,10,1,1.5108346169186322,0.8,0.5892220603497277,0.5892220603497277,1,False,False,False,False,1e-06,0.9,-5.475254168424348
0.2800546175534046,0.0081030538694244,20.53108094819065,3.109564397614168,0.0847211265617227,0.7692307692307692,3,1,0.1,0.7799879319970331,0.1720549812633149,1,1.9392790825374668,0.27,0.3,1,10,1,0.6642172653367603,0.8,0.1720549812633149,0.1720549812633149,1,False,False,False,False,1e-06,0.9,-12.997777953853994
0.4618456389415854,0.0302320708705454,14.893301065651006,1.1322731787658529,0.0049831419927291,0.7692307692307693,3,1,0.1,1.7948395092783451,0.3393128080325386,1,1.2064552316194617,0.27,0.3,1,10,1,1.398458693504368,0.8,0.3393128080325386,0.3393128080325386,1,False,False,False,False,1e-06,0.9,-6.256210056725127
0.2751513073247334,0.0330299124765435,7.379413008763475,0.5440106996136213,0.0028973826012379,0.7692307692307693,3,1,0.1,5.4150845659564295,0.7195625638400104,1,1.8497225555955543,0.27,0.3,1,10,1,0.9204923171420264,0.8,0.7195625638400104,0.7195625638400104,1,False,False,False,False,1e-06,0.9,-5.6545143705107
0.2849612124209002,0.0208315751768923,12.57512364913125,0.7037922291773375,0.0024507612104265,0.7692307692307693,3,1,0.1,2.742739278026104,0.5500800352430513,1,0.8019958073495697,0.27,0.3,1,10,1,1.0071300600897757,0.8,0.5500800352430513,0.5500800352430513,1,False,False,False,False,1e-06,0.9,-14.0062923010467
0.4102120019438852,0.0166569561051163,18.65804887995292,1.7341508614675023,0.029759019674906,0.7692307692307693,3,1,0.1,1.1218522052227762,0.2385336346608449,1,1.027935209623851,0.27,0.3,1,10,1,1.075725505624872,0.8,0.2385336346608449,0.2385336346608449,1,False,False,False,False,1e-06,0.9,-10.11261908159508
0.6047191973584888,0.0102333364045225,32.70306043721895,1.97994845682548,0.0387839238720568,0.7692307692307692,3,1,0.1,0.7082695116654039,0.1586636915607733,1,0.9848076499134288,0.27,0.3,1,10,1,1.6526241907949342,0.8,0.1586636915607733,0.1586636915607733,1,False,False,False,False,1e-06,0.9,-18.072639259084777
0.445045081289205,0.0299413151083339,14.209924537556612,1.2796106028425962,0.0147854234670825,0.7692307692307692,3,1,0.1,1.4603353754599973,0.3170328641950774,1,1.929714072121772,0.27,0.3,1,10,1,1.2058135521428093,0.8,0.3170328641950774,0.3170328641950774,1,False,False,False,False,1e-06,0.9,-17.83559146426041
0.2791307344808855,0.0143091716520376,5.121855033754286,0.1992005425684715,-0.0025045527437105,0.7692307692307692,3,1,0.1,16.33909884637203,1.3477904262655185,1,0.6582952316317435,0.27,0.3,1,10,1,1.7598096674092605,0.8,1.3477904262655185,1.3477904262655185,1,False,False,False,False,1e-06,0.9,-6.99189303962531
0.6084917970299863,0.0052465643888583,37.11312139295867,2.889721673668792,0.0658635027267346,0.769230769230769,3,1,0.1,0.5308798264662644,0.1173800510043728,1,1.4314428398053385,0.27,0.3,1,10,1,1.3837950811889808,0.8,0.1173800510043728,0.1173800510043728,1,False,False,False,False,1e-06,0.9,-9.342699694749134
0.221658726881166,0.0119310470432938,3.05720506026914,0.1563200657517823,-0.0007336420341232,0.7692307692307692,3,1,0.1,16.849973470236264,1.9410181890617293,1,0.8737337805111073,0.27,0.3,1,10,1,1.0644084764126691,0.8,1.9410181890617293,1.9410181890617293,1,False,False,False,False,1e-06,0.9,-12.918794993758084
0.5015818035332539,0.031693937396777,16.171511461528176,1.096911996151546,0.0012410448303405,0.7692307692307693,3,1,0.1,1.600239428636083,0.3381503745140325,1,1.3175757511366053,0.27,0.3,1,10,1,1.5843659980626728,0.8,0.3381503745140325,0.3381503745140325,1,False,False,False,False,1e-06,0.9,-13.368835697014292
0.289668556531002,0.0246889691980319,3.782234925535197,0.1623572293559438,-0.0032893406842341,0.7692307692307692,3,1,0.1,10.542981312845615,1.706651339797756,1,1.6505485086369738,0.27,0.3,1,10,1,1.5658273611255211,0.8,1.706651339797756,1.706651339797756,1,False,False,False,False,1e-06,0.9,-19.055586892588583
0.215640088215447,0.011629645136086,2.9987033435303148,0.1542132464566835,-0.0005853121599183,0.7692307692307692,3,1,0.1,14.6233707536155,1.9963256237517992,1,0.908171536666622,0.27,0.3,1,10,1,1.0164941643632404,0.8,1.9963256237517992,1.9963256237517992,1,False,False,False,False,1e-06,0.9,-16.292670295015146
0.496494836259636,0.0018328624977797,64.15992476323554,3.893537590318435,0.0550548913894916,0.7692307692307692,3,1,0.1,0.4697146461828058,0.0987735951121696,1,0.8034017352377238,0.27,0.3,1,10,1,1.0268501867330482,0.8,0.0987735951121696,0.0987735951121696,1,False,False,False,False,1e-06,0.9,-3.70904485071592
0.3073918439658833,0.0208310481061848,6.997925527860962,0.2833793914928225,-0.0044905378607926,0.7692307692307692,3,1,0.1,8.071467444617804,0.9995662822465164,1,0.7371523261214291,0.27,0.3,1,10,1,1.7647806523283858,0.8,0.9995662822465164,0.9995662822465164,1,False,False,False,False,1e-06,0.9,-7.190675102729687
0.2996332163661735,0.0254700205534624,3.998993824209532,0.1414885308171072,-0.0034747649936074,0.7692307692307692,3,1,0.1,12.360978834776724,1.873658293841162,1,1.926280910259292,0.27,0.3,1,10,1,1.802513401667335,0.8,1.873658293841162,1.873658293841162,1,False,False,False,False,1e-06,0.9,-18.200048177879
0.2745541692082368,0.0150147092996149,4.51176070117412,0.1894969486903338,-0.0023599353562044,0.7692307692307692,3,1,0.1,8.422833166510397,1.4386416572775191,1,0.7605693760385206,0.27,0.3,1,10,1,1.6283550095699972,0.8,1.4386416572775191,1.4386416572775191,1,False,False,False,False,1e-06,0.9,-18.45438192140148
0.1784401492297651,0.0110162885668154,6.546346208159413,0.365543080397062,0.001920573172718,0.7692307692307693,3,1,0.1,6.489400597508518,1.0025937727088197,1,0.6471882691921973,0.27,0.3,1,10,1,0.7449263201114318,0.8,1.0025937727088197,1.0025937727088197,1,False,False,False,False,1e-06,0.9,-10.111508388757466
0.1349129913785019,0.0161982111028988,7.030121830470561,0.5221074068612589,0.0136070630970601,0.7692307692307692,3,1,0.1,4.622658983050703,0.8467851220193959,1,1.759879617776662,0.27,0.3,1,10,1,0.5231727320139589,0.8,0.8467851220193959,0.8467851220193959,1,False,False,False,False,1e-06,0.9,-13.687808300269351
0.3896470898587113,0.0180024323837259,25.53283206534391,0.7883670958010368,-0.0032510758099801,0.7692307692307692,3,1,0.1,2.2090932043672966,0.4425645637602704,1,0.5707915925481983,0.27,0.3,1,10,1,1.642401101917026,0.8,0.4425645637602704,0.4425645637602704,1,False,False,False,False,1e-06,0.9,-11.18687841665275
0.5123455277622317,0.0296021597184621,15.745946601347791,1.3177941521987695,0.0118795628545955,0.7692307692307692,3,1,0.1,1.3409968055213597,0.2872078527060558,1,1.672873675078936,0.27,0.3,1,10,1,1.4592673255251305,0.8,0.2872078527060558,0.2872078527060558,1,False,False,False,False,1e-06,0.9,-13.313527412428853
0.3058260294050082,0.0262929330396745,8.832484183710513,0.5180130395121036,-0.0020720612277299,0.7692307692307692,3,1,0.1,3.4572270246317145,0.6883671218224253,1,0.975038234410866,0.27,0.3,1,10,1,1.1597928331691527,0.8,0.6883671218224253,0.6883671218224253,1,False,False,False,False,1e-06,0.9,-16.72518951722531
0.3500486320813797,0.0370192662109971,6.2261939431039695,0.2695545465142466,-0.0079699615286523,0.7692307692307692,3,1,0.1,6.138611786432902,1.066313110130996,1,1.7132090409527976,0.27,0.3,1,10,1,1.8672909407646008,0.8,1.066313110130996,1.066313110130996,1,False,False,False,False,1e-06,0.9,-14.374220738122208
0.3791955329716356,0.0359426776338867,8.956765307950029,0.3971452942474708,-0.0092671076681092,0.7692307692307693,3,1,0.1,3.996430841866021,0.7755461322654471,1,1.2270122993299082,0.27,0.3,1,10,1,1.8622167765284632,0.8,0.7755461322654471,0.7755461322654471,1,False,False,False,False,1e-06,0.9,-16.25119637765787
0.2919484717899514,0.0129614596121059,7.780841471118995,0.2767884066056953,-0.0028496036580893,0.7692307692307693,3,1,0.1,5.954605858806259,0.9887413081706125,1,0.5240811577571788,0.27,0.3,1,10,1,1.794729397221026,0.8,0.9887413081706125,0.9887413081706125,1,False,False,False,False,1e-06,0.9,-11.751202783975728
0.2784418162650441,0.0192606094235725,4.251339605589569,0.1966587502111356,-0.0028653844224177,0.7692307692307692,3,1,0.1,9.779343841068792,1.4287836407999666,1,0.9454768658176448,0.27,0.3,1,10,1,1.524711707605233,0.8,1.4287836407999666,1.4287836407999666,1,False,False,False,False,1e-06,0.9,-12.981018906994665
0.2010113314224349,0.0237052980931751,9.247425969214673,1.0823851535802658,0.035621860348885,0.7692307692307693,3,1,0.1,6.09469108033231,0.4436040970812204,1,1.7121439717083926,0.27,0.3,1,10,1,0.623263482685821,0.8,0.4436040970812204,0.4436040970812204,1,False,False,False,False,1e-06,0.9,-2.1599284331731496
0.2596748242854033,0.0257821342533759,3.482407271243084,0.1796920865783829,-0.0022968150256436,0.7692307692307692,3,1,0.1,117.50706305395326,1.698584007425886,1,1.87465367539476,0.27,0.3,1,10,1,1.1785487163640382,0.8,1.698584007425886,1.698584007425886,1,False,False,False,False,1e-06,0.9,-6.040305696885744
0.3087649171494595,0.0245935398175975,8.657494030815522,0.4533728187462162,-0.0035385579224852,0.7692307692307693,3,1,0.1,4.1025131345371895,0.7392684564423297,1,0.8482080230049469,0.27,0.3,1,10,1,1.2914144688467075,0.8,0.7392684564423297,0.7392684564423297,1,False,False,False,False,1e-06,0.9,-11.245097972413838
0.2905463278695455,0.027353081647671,3.839828377711286,0.1766591274806962,-0.0036416353990757,0.7692307692307693,3,1,0.1,15.977644622506524,1.6093530573070467,1,1.7445508497923323,0.27,0.3,1,10,1,1.4910517831456185,0.8,1.6093530573070467,1.6093530573070467,1,False,False,False,False,1e-06,0.9,-9.51958225594212
0.2546959493174928,0.020414724434675,3.3274444500408378,0.1727751466799434,-0.0019053613717651,0.7692307692307693,3,1,0.1,16.462306915564753,1.728100185781352,1,1.3332148577758258,0.27,0.3,1,10,1,1.21017920196958,0.8,1.728100185781352,1.728100185781352,1,False,False,False,False,1e-06,0.9,-10.567164012518424
0.2740072726011211,0.0172835305448925,3.867202894233556,0.1664690093781103,-0.0023785712457179,0.7692307692307692,3,1,0.1,9.945253731887316,1.6454925324264191,1,0.973897314339688,0.27,0.3,1,10,1,1.5724171589388254,0.8,1.6454925324264191,1.6454925324264191,1,False,False,False,False,1e-06,0.9,-19.37961443330028
0.481634539511365,0.0140843649756676,18.380310443501624,2.277153720273412,0.0587626344446861,0.7692307692307692,3,1,0.1,0.9432594546180744,0.1746785839216084,1,1.2134502941091176,0.27,0.3,1,10,1,1.153215777865174,0.8,0.1746785839216084,0.1746785839216084,1,False,False,False,False,1e-06,0.9,-2.947763294044534
0.456827159345485,0.0507952972530923,10.303482512567712,0.6105636569658018,-0.0132487264348927,0.7692307692307693,3,1,0.1,8.696649549657709,0.5695192440228453,1,1.725268972366285,0.27,0.3,1,10,1,1.7708761654831429,0.8,0.5695192440228453,0.5695192440228453,1,False,False,False,False,1e-06,0.9,-2.650570838811774
0.3585729730568003,0.0258702384602009,13.084464451622637,0.6223460190088992,-0.0042844923289709,0.7692307692307692,3,1,0.1,2.950904005158142,0.5635147804691888,1,0.8125374426829203,0.27,0.3,1,10,1,1.4252545322342145,0.8,0.5635147804691888,0.5635147804691888,1,False,False,False,False,1e-06,0.9,-10.889694731562178
0.1962782662848758,0.0194325032914794,4.515419348203922,0.291585531466871,0.0017531918959231,0.7692307692307692,3,1,0.1,7.167606871794262,1.257935389383828,1,1.5006117520123967,0.27,0.3,1,10,1,0.7701168194438468,0.8,1.257935389383828,1.257935389383828,1,False,False,False,False,1e-06,0.9,-17.508700326432134
0.4666102132074631,0.0231611908399967,16.005417874092114,1.577897592597421,0.0255641065703185,0.7692307692307693,3,1,0.1,1.1538473838325876,0.2546904089559367,1,1.5743391043534682,0.27,0.3,1,10,1,1.2185577219693755,0.8,0.2546904089559367,0.2546904089559367,1,False,False,False,False,1e-06,0.9,-19.51783484877606
0.4020132719448122,0.0457559293244175,8.989569864149868,0.8192662277680001,-0.0009388360097694,0.7692307692307693,3,1,0.1,33.039107157144485,0.4791027633740247,1,1.5954437548373497,0.27,0.3,1,10,1,1.2487265307799342,0.8,0.4791027633740247,0.4791027633740247,1,False,False,False,False,1e-06,0.9,-1.7040909043292205
0.1661551684340796,0.0078446745481985,3.444474124472036,0.1854046842901969,0.0004591362376569,0.7692307692307692,3,1,0.1,14.90369138222783,1.856866468821624,1,0.7298959369067032,0.27,0.3,1,10,1,0.7411244767933951,0.8,1.856866468821624,1.856866468821624,1,False,False,False,False,1e-06,0.9,-13.452469529598329
0.3043994086089262,0.0255206195548474,5.624842084456953,0.276448923633907,-0.0046464553974693,0.7692307692307693,3,1,0.1,7.289423861211185,1.0685552635673126,1,0.9927013123370092,0.27,0.3,1,10,1,1.5396281517405312,0.8,1.0685552635673126,1.0685552635673126,1,False,False,False,False,1e-06,0.9,-9.764448201254435
0.1687746865971299,0.0126559331322162,3.4473387002210405,0.1982195131409067,0.0010407423034354,0.7692307692307692,3,1,0.1,12.825784194812949,1.805091610660271,1,1.2572638312018585,0.27,0.3,1,10,1,0.7114044488200459,0.8,1.805091610660271,1.805091610660271,1,False,False,False,False,1e-06,0.9,-15.423000562110586
0.2297111054565509,0.0134737089258528,4.786106164815872,0.2611685659258537,-0.0008784108044741,0.7692307692307692,3,1,0.1,7.39969867651487,1.216696722785942,1,0.699094682981736,0.27,0.3,1,10,1,1.0465655448101536,0.8,1.216696722785942,1.216696722785942,1,False,False,False,False,1e-06,0.9,-14.107074003444527
0.4725635135675741,0.0325723137202477,14.76619509826386,1.0782633350773865,0.0018154227181244,0.7692307692307693,3,1,0.1,2.1840493266387524,0.3495544706912418,1,1.1439570631573428,0.27,0.3,1,10,1,1.496050899413727,0.8,0.3495544706912418,0.3495544706912418,1,False,False,False,False,1e-06,0.9,-3.802126852460269
0.4862855870036089,0.0111530317508657,21.183893858047185,2.549361481048094,0.064126085097463,0.7692307692307692,3,1,0.1,0.765616875073142,0.1598883090804989,1,1.43758589172675,0.27,0.3,1,10,1,1.1157917256983472,0.8,0.1598883090804989,0.1598883090804989,1,False,False,False,False,1e-06,0.9,-5.607500026876188
0.266408335704347,0.0004839787765068,87.82474951829552,7.903687023873729,0.0634710381702436,0.7692307692307693,3,1,0.1,0.3638637547773177,0.0808807395685552,1,1.7759864025570822,0.27,0.3,1,10,1,0.5644956391986644,0.8,0.0808807395685552,0.0808807395685552,1,False,False,False,False,1e-06,0.9,-7.331429981585359
0.2791092184878036,0.0289759270170766,4.990469328293419,0.3131007059134275,-0.00310859940598,0.7692307692307692,3,1,0.1,33.15707540295129,1.0499902217083412,1,1.1949843220407343,0.27,0.3,1,10,1,1.1706088121007756,0.8,1.0499902217083412,1.0499902217083412,1,False,False,False,False,1e-06,0.9,-4.056636676543286
0.2083534667127726,0.0145580223894316,4.331482454707916,0.2574641257185215,4.844756360180812e-06,0.7692307692307693,3,1,0.1,8.29602445417442,1.3103200694813937,1,0.8662979719607438,0.27,0.3,1,10,1,0.8924565228044273,0.8,1.3103200694813937,1.3103200694813937,1,False,False,False,False,1e-06,0.9,-13.840805325490294
0.2899175295820587,0.0275850504667725,4.146863041894726,0.2111599913213686,-0.0037406229854032,0.7692307692307693,3,1,0.1,8.146732462759484,1.3969764929236663,1,1.6340330258558118,0.27,0.3,1,10,1,1.3899819320209987,0.8,1.3969764929236663,1.3969764929236663,1,False,False,False,False,1e-06,0.9,-18.12371740306485
0.3636783649872582,0.0331091531199337,8.960855140643012,0.4613595294912726,-0.0071657807963913,0.7692307692307693,3,1,0.1,3.592919220432973,0.7116244878850774,1,1.1275610103163145,0.27,0.3,1,10,1,1.5546933051961185,0.8,0.7116244878850774,0.7116244878850774,1,False,False,False,False,1e-06,0.9,-16.736995891630787
0.1435019241658527,0.0117356068142665,11.4847100177722,0.7233310325994287,0.0135510831748189,0.7692307692307692,3,1,0.1,3.003585613652484,0.6137642324966082,1,0.8196417790816474,0.27,0.3,1,10,1,0.55691530125844,0.8,0.6137642324966082,0.6137642324966082,1,False,False,False,False,1e-06,0.9,-17.86639307141681
0.2046129325218529,0.0180980393683747,3.592814490260446,0.2047744710538906,0.000152206730434,0.7692307692307692,3,1,0.1,10.094057892702637,1.6662215196305832,1,1.6588953670380349,0.27,0.3,1,10,1,0.8468782014755067,0.8,1.6662215196305832,1.6662215196305832,1,False,False,False,False,1e-06,0.9,-19.50859886185209
0.2506627187846618,0.0161691996131714,3.391333863966488,0.1693389176741269,-0.0016603832041709,0.7692307692307692,3,1,0.1,18.3184612933178,1.717342454131744,1,0.9589451652323426,0.27,0.3,1,10,1,1.2706739207185822,0.8,1.717342454131744,1.717342454131744,1,False,False,False,False,1e-06,0.9,-9.641169738352648
0.5108615902885884,0.0191386328161395,24.44695880464768,1.4105151813229777,0.011976727552109,0.7692307692307692,3,1,0.1,1.1844037633601174,0.2516000496094669,1,0.8598522378608011,0.27,0.3,1,10,1,1.5882501528089683,0.8,0.2516000496094669,0.2516000496094669,1,False,False,False,False,1e-06,0.9,-10.551870148275842
0.2119921810512167,0.020039997080169,3.4945372960930245,0.1967814269759386,-0.0001799335472042,0.7692307692307693,3,1,0.1,26.02998205156308,1.7098904027566957,1,1.7524975937174156,0.27,0.3,1,10,1,0.8833732365145873,0.8,1.7098904027566957,1.7098904027566957,1,False,False,False,False,1e-06,0.9,-7.967655602035354
0.3473929340389687,0.0268526347319478,11.264785515919758,0.5674122304740208,-0.0043681368986148,0.7692307692307692,3,1,0.1,3.070055947372568,0.6117545252149703,1,0.8754682928250191,0.27,0.3,1,10,1,1.3853218246806631,0.8,0.6117545252149703,0.6117545252149703,1,False,False,False,False,1e-06,0.9,-14.93702750824436
0.298911124867335,0.0228437273063864,4.267310460729751,0.1397569434470308,-0.0032943088190028,0.7692307692307693,3,1,0.1,13.968428164823804,1.8560680354355568,1,1.4804514774679918,0.27,0.3,1,10,1,1.97596098143599,0.8,1.8560680354355568,1.8560680354355568,1,False,False,False,False,1e-06,0.9,-14.584703861691658
0.3748614692686731,0.0140130523153291,31.07989640007095,1.1119375340834172,0.0035674047241875,0.7692307692307693,3,1,0.1,1.6190399879941006,0.3397653316458421,1,0.5538911044892736,0.27,0.3,1,10,1,1.3004944842295645,0.8,0.3397653316458421,0.3397653316458421,1,False,False,False,False,1e-06,0.9,-12.497281571055598
0.144504820221442,0.0106276982173094,4.020451938277601,0.2424072145924932,0.0021819796607989,0.7692307692307692,3,1,0.1,13.545488047590393,1.5604298476260323,1,1.0065011727777904,0.27,0.3,1,10,1,0.6177328629105268,0.8,1.5604298476260323,1.5604298476260323,1,False,False,False,False,1e-06,0.9,-10.38617881692883
0.336838129458577,0.0312749308861016,6.930303403345382,0.339847789016921,-0.0066408498124811,0.7692307692307693,3,1,0.1,5.34080789260504,0.8975983149589488,1,1.1211399795521346,0.27,0.3,1,10,1,1.6265834238227774,0.8,0.8975983149589488,0.8975983149589488,1,False,False,False,False,1e-06,0.9,-11.011232019567183
0.1532868407193155,0.0114682649069304,3.658893379958889,0.2143859659460047,0.0016549899969498,0.7692307692307692,3,1,0.1,11.489049422471709,1.7273142912318846,1,1.1938900069344154,0.27,0.3,1,10,1,0.6488005252586213,0.8,1.7273142912318846,1.7273142912318846,1,False,False,False,False,1e-06,0.9,-16.521058969542445
0.5934747668591508,0.0228969506525737,20.349440488674635,1.5733032861158227,0.0236952496414615,0.7692307692307692,3,1,0.1,0.9869440201590514,0.2182629734976148,1,1.625676596658323,0.27,0.3,1,10,1,1.7280108138268508,0.8,0.2182629734976148,0.2182629734976148,1,False,False,False,False,1e-06,0.9,-17.454614148386653
0.1905070721239815,0.0155170571475442,7.315226746434662,0.4529013580523806,0.0038245187562901,0.7692307692307693,3,1,0.1,4.375646257879998,0.8532994114734148,1,0.852552458680932,0.27,0.3,1,10,1,0.7397293811089507,0.8,0.8532994114734148,0.8532994114734148,1,False,False,False,False,1e-06,0.9,-18.356200388145467
0.1261753760616312,0.011124556185536,4.299282787985424,0.266754503163557,0.00389389594586,0.7692307692307692,3,1,0.1,9.61270463799319,1.4991108160323998,1,1.3468478051913917,0.27,0.3,1,10,1,0.5400846975350039,0.8,1.4991108160323998,1.4991108160323998,1,False,False,False,False,1e-06,0.9,-15.412848153286127
0.3122748038070695,0.0295470586466474,4.625420772100901,0.1883812513209244,-0.0050016960773947,0.7692307692307692,3,1,0.1,24.92571087167023,1.452507715748936,1,1.472836560839941,0.27,0.3,1,10,1,1.8270103891406444,0.8,1.452507715748936,1.452507715748936,1,False,False,False,False,1e-06,0.9,-6.477339708408827
0.4201631114186567,0.039081667631458,10.884741443077976,0.5503149425931628,-0.0099099168749411,0.7692307692307692,3,1,0.1,2.953354676817804,0.6117425444761134,1,1.3754123219709151,0.27,0.3,1,10,1,1.7266503187225906,0.8,0.6117425444761134,0.6117425444761134,1,False,False,False,False,1e-06,0.9,-19.910413250240783
0.2955395506581229,0.0304632174009613,5.5325014653551925,0.3363177565974946,-0.003616378616218,0.7692307692307692,3,1,0.1,5.322705280893488,0.980419637717092,1,1.4512207939403154,0.27,0.3,1,10,1,1.2046944647539863,0.8,0.980419637717092,0.980419637717092,1,False,False,False,False,1e-06,0.9,-16.193094799728996
0.6100390560037069,0.0011086859975115,95.07812437518568,3.738951943776566,0.0450467414017482,0.7692307692307692,3,1,0.1,0.3815988750707383,0.0859978327259215,1,0.9575211277292488,0.27,0.3,1,10,1,1.2743086288525869,0.8,0.0859978327259215,0.0859978327259215,1,False,False,False,False,1e-06,0.9,-12.233707800879545
0.3221019147805452,0.0303460239946632,5.285305469561026,0.2266896130188057,-0.0057823586012,0.7692307692307692,3,1,0.1,8.785633122818396,1.2340545655742088,1,1.3646767477995585,0.27,0.3,1,10,1,1.8121253569614808,0.8,1.2340545655742088,1.2340545655742088,1,False,False,False,False,1e-06,0.9,-10.51168404873805
0.3803254455415333,0.0271448719020835,13.870310394686731,0.5712839568334063,-0.0066594693988687,0.7692307692307693,3,1,0.1,3.164399538006315,0.5830582712967225,1,0.797215321122182,0.27,0.3,1,10,1,1.6907846549018275,0.8,0.5830582712967225,0.5830582712967225,1,False,False,False,False,1e-06,0.9,-9.642467367830342
0.2047340353154542,0.0158272958627794,3.179425149589888,0.1715981410540522,-0.0001540006489795,0.7692307692307692,3,1,0.1,12.67582632661492,1.9277808870050608,1,1.4996500809657447,0.27,0.3,1,10,1,0.876734811635417,0.8,1.9277808870050608,1.9277808870050608,1,False,False,False,False,1e-06,0.9,-18.8459036037571
0.2331495280555503,0.0073001245971649,22.205252430470928,2.5392633728265346,0.0574152594667395,0.7692307692307692,3,1,0.1,0.9231915293147932,0.202008579132599,1,0.948002312773074,0.27,0.3,1,10,1,0.6241854217315765,0.8,0.202008579132599,0.202008579132599,1,False,False,False,False,1e-06,0.9,-12.99934701778362
0.5310667435185304,0.0390766276187119,15.636020237522605,0.9678879409795376,-0.0052606182099638,0.7692307692307693,3,1,0.1,1.7361929323060716,0.3736653743164872,1,1.862633670014756,0.27,0.3,1,10,1,1.763825408097952,0.8,0.3736653743164872,0.3736653743164872,1,False,False,False,False,1e-06,0.9,-18.48679675539057
0.2534642379259582,0.0080321423596417,3.858522265897194,0.1506227336366628,-0.0010513714574168,0.7692307692307693,3,1,0.1,11.329439969000918,1.768064158176266,1,0.5583115641217796,0.27,0.3,1,10,1,1.5853690792266133,0.8,1.768064158176266,1.768064158176266,1,False,False,False,False,1e-06,0.9,-18.20439178381392
0.1502099113720913,0.0162070807887304,4.8657407635822,0.3177035043008477,0.0049977197660178,0.7692307692307693,3,1,0.1,8.684152157431726,1.2553745473827806,1,1.7179106144291187,0.27,0.3,1,10,1,0.6013432670637376,0.8,1.2553745473827806,1.2553745473827806,1,False,False,False,False,1e-06,0.9,-11.201403270180618
0.2853376328128179,0.0220814270033349,3.816279975001466,0.1648453090430839,-0.0030316593774913,0.7692307692307692,3,1,0.1,10.73842775853544,1.6705894033168245,1,1.3107760866174147,0.27,0.3,1,10,1,1.590057733259573,0.8,1.6705894033168245,1.6705894033168245,1,False,False,False,False,1e-06,0.9,-17.089113396429628
0.2637620948841386,0.0131987087925592,7.785856519801093,0.3463212671808319,-0.0018085895581498,0.7692307692307692,3,1,0.1,5.472775519438146,0.8902273516269236,1,0.5387775230461364,0.27,0.3,1,10,1,1.2612039954714735,0.8,0.8902273516269236,0.8902273516269236,1,False,False,False,False,1e-06,0.9,-10.054987470772058
0.4970881213344897,0.0193831712647441,29.97355012314288,1.18838534069665,0.0023118246867209,0.7692307692307692,3,1,0.1,1.4252084699168008,0.2942876887026897,1,0.7038265451721897,0.27,0.3,1,10,1,1.7944033396779435,0.8,0.2942876887026897,0.2942876887026897,1,False,False,False,False,1e-06,0.9,-9.322846523794922
0.2927828870924133,0.0202245672361262,5.770028901699247,0.2642891723014758,-0.0036902960393704,0.7692307692307692,3,1,0.1,5.903122011421761,1.0910017221543162,1,0.8152870269641292,0.27,0.3,1,10,1,1.5600636206463327,0.8,1.0910017221543162,1.0910017221543162,1,False,False,False,False,1e-06,0.9,-18.263439206726865
0.3107120237368733,0.028515525884561,4.445229743611249,0.1647429160254226,-0.0044641109605348,0.7692307692307693,3,1,0.1,11.466979988438414,1.624932864195555,1,1.8277088972330624,0.27,0.3,1,10,1,1.864758245916413,0.8,1.624932864195555,1.624932864195555,1,False,False,False,False,1e-06,0.9,-14.034296494292308
0.2266089864899997,0.0194127777393753,3.762033566059904,0.2254033369920123,-0.0006823032767906,0.7692307692307692,3,1,0.1,9.970594089941308,1.464130046984751,1,1.278533938518219,0.27,0.3,1,10,1,0.9593931879953244,0.8,1.464130046984751,1.464130046984751,1,False,False,False,False,1e-06,0.9,-13.419859706057933
0.7202097161988951,0.0034121355896177,62.04386817581391,2.4184774515285645,0.0540546563423268,0.7692307692307692,3,1,0.1,0.4576077596661434,0.1037576503471431,1,1.2065454496840804,0.27,0.3,1,10,1,1.8843894681867392,0.8,0.1037576503471431,0.1037576503471431,1,False,False,False,False,1e-06,0.9,-19.8050611207903
0.3974329257767821,0.0413048271591687,8.943476975231698,0.3881114847707021,-0.0110491703037443,0.7692307692307692,3,1,0.1,4.327509352482858,0.7879741290223559,1,1.5404947559358808,0.27,0.3,1,10,1,1.977402896159612,0.8,0.7879741290223559,0.7879741290223559,1,False,False,False,False,1e-06,0.9,-12.450289388414792
0.4870092400051752,0.0375843947897035,13.639931973601534,1.0299653229829104,0.0005769591992402,0.7692307692307692,3,1,0.1,1.8826614168709608,0.3689233160730593,1,1.8502912713022288,0.27,0.3,1,10,1,1.4722878412408265,0.8,0.3689233160730593,0.3689233160730593,1,False,False,False,False,1e-06,0.9,-8.152266041934054
0.1620356662869166,0.0132738384259859,5.133403593062223,0.3277490510688416,0.0031089715087321,0.7692307692307693,3,1,0.1,7.80313965491991,1.1670084561317715,1,0.948427356873144,0.27,0.3,1,10,1,0.6632218996079646,0.8,1.1670084561317715,1.1670084561317715,1,False,False,False,False,1e-06,0.9,-11.053639676454631
0.2803967342548635,0.0255605870498756,5.692385556534086,0.3379160208359353,-0.0029116645342856,0.7692307692307693,3,1,0.1,7.261325216691718,0.9691866187312718,1,1.0313720614690396,0.27,0.3,1,10,1,1.18928827022689,0.8,0.9691866187312718,0.9691866187312718,1,False,False,False,False,1e-06,0.9,-7.6624108265912305
0.2931766986371875,0.0264849428003766,3.826409405859979,0.160887371349023,-0.0035407474816587,0.7692307692307692,3,1,0.1,13.706389384562128,1.72085255520693,1,1.8334838470753247,0.27,0.3,1,10,1,1.5842726605600976,0.8,1.72085255520693,1.72085255520693,1,False,False,False,False,1e-06,0.9,-12.58084507063359
0.2905045293324799,0.0293298985147831,7.798537993041661,0.5339077717607231,0.0003494935865374,0.7692307692307693,3,1,0.1,3.492055204416788,0.705853731395223,1,1.3410170468615417,0.27,0.3,1,10,1,1.012044224074888,0.8,0.705853731395223,0.705853731395223,1,False,False,False,False,1e-06,0.9,-18.959638210848112
0.582267220635642,0.005811172445309,33.8528655963363,2.9553776868216644,0.0680003126589426,0.7692307692307693,3,1,0.1,0.5486965122019498,0.1217717569713086,1,1.549214848324993,0.27,0.3,1,10,1,1.3008012242843745,0.8,0.1217717569713086,0.1217717569713086,1,False,False,False,False,1e-06,0.9,-10.59613690468095
0.1818637683096707,0.0083230149523304,3.7473084386482647,0.2038373056915,0.0002077136140451,0.7692307692307692,3,1,0.1,10.471554184971886,1.640963537524604,1,0.6652055012611798,0.27,0.3,1,10,1,0.8165416356498163,0.8,1.640963537524604,1.640963537524604,1,False,False,False,False,1e-06,0.9,-17.04344955496053
0.3348237066005146,0.0261587953914361,8.31315202019335,0.3148382953317486,-0.0064443855271629,0.7692307692307692,3,1,0.1,8.022713792357075,0.9081557297161158,1,0.8324668558324835,0.27,0.3,1,10,1,1.964566120968354,0.8,0.9081557297161158,0.9081557297161158,1,False,False,False,False,1e-06,0.9,-5.941774624486545
0.184365559756422,0.0128509362909176,5.967847853615195,0.3513075572205896,0.0018204741129591,0.7692307692307692,3,1,0.1,8.325323030726288,1.0395175059829131,1,0.7242847814705757,0.27,0.3,1,10,1,0.7627983017195683,0.8,1.0395175059829131,1.0395175059829131,1,False,False,False,False,1e-06,0.9,-7.550285014086935
0.2270184764697551,0.010763379032293,4.750010875313169,0.244518531494125,-0.000848264756423,0.7692307692307693,3,1,0.1,87.48794137737049,1.2626371821572693,1,0.5477039059134193,0.27,0.3,1,10,1,1.0870846903409084,0.8,1.2626371821572693,1.2626371821572693,1,False,False,False,False,1e-06,0.9,-4.489564476748489
0.3013978410607624,0.0256235109698116,4.394807975212273,0.1793924121435078,-0.0041187709219674,0.7692307692307692,3,1,0.1,17.086587873329805,1.5170415207511512,1,1.3023165085227282,0.27,0.3,1,10,1,1.7763597865744565,0.8,1.5170415207511512,1.5170415207511512,1,False,False,False,False,1e-06,0.9,-8.218935655636152
0.382506419886866,0.0102859570307327,28.012184880465515,1.920771141607608,0.0287660583832499,0.7692307692307692,3,1,0.1,0.960527013472558,0.2128953416421316,1,0.7355434120896269,0.27,0.3,1,10,1,1.01674198932938,0.8,0.2128953416421316,0.2128953416421316,1,False,False,False,False,1e-06,0.9,-17.947064843646213
0.2191490072350515,0.0224891588594589,4.500373827880377,0.2870812252827963,0.0005713298346833,0.7692307692307692,3,1,0.1,7.576788323375493,1.2359849989473448,1,1.5999022763698396,0.27,0.3,1,10,1,0.8592113598104,0.8,1.2359849989473448,1.2359849989473448,1,False,False,False,False,1e-06,0.9,-14.055853501726864
0.2484383582663021,0.0112096163684525,5.358962354875498,0.2538822662465267,-0.0014398366476871,0.7692307692307692,3,1,0.1,19.34337069053828,1.1635305142573855,1,0.522804155039172,0.27,0.3,1,10,1,1.2665253221571864,0.8,1.1635305142573855,1.1635305142573855,1,False,False,False,False,1e-06,0.9,-5.245778729293884
0.2220634642640948,0.0201154738646092,10.431017245057124,0.7378354074670687,0.0098140538617343,0.7692307692307692,3,1,0.1,4.155930659347989,0.5723525524081663,1,0.9238821628672318,0.27,0.3,1,10,1,0.7629297460753401,0.8,0.5723525524081663,0.5723525524081663,1,False,False,False,False,1e-06,0.9,-4.73156699211042
0.3356523973871953,0.0319262295576594,6.285393891055794,0.2916177140993503,-0.006747913553465,0.7692307692307692,3,1,0.1,5.682590692825387,1.0061994471505262,1,1.2564356687215192,0.27,0.3,1,10,1,1.7308214856040975,0.8,1.0061994471505262,1.0061994471505262,1,False,False,False,False,1e-06,0.9,-14.412808776250603
0.3293177815498083,0.0173521980529531,14.334602164325425,0.4885923116804173,-0.0040032545730121,0.7692307692307693,3,1,0.1,3.480007790263778,0.64143824578059,1,0.5585329142029386,0.27,0.3,1,10,1,1.6141914655043406,0.8,0.64143824578059,0.64143824578059,1,False,False,False,False,1e-06,0.9,-10.622863400089852
0.3018925893538564,0.0249216279075728,4.196382381895476,0.1333159809000138,-0.0034601602699973,0.7692307692307693,3,1,0.1,24.39298933057058,1.9439900149552924,1,1.7383764708561855,0.27,0.3,1,10,1,1.9837487447477395,0.8,1.9439900149552924,1.9439900149552924,1,False,False,False,False,1e-06,0.9,-9.89826766258834
0.3351719079416403,0.0392255244960249,6.6233519286844,0.3952991205152947,-0.0059083190692811,0.7692307692307692,3,1,0.1,5.638716662402785,0.8501846844798302,1,1.977927750304315,0.27,0.3,1,10,1,1.3055623845048887,0.8,0.8501846844798302,0.8501846844798302,1,False,False,False,False,1e-06,0.9,-8.175572443086399
0.420546661522839,0.0435840248883527,10.263215551943327,0.6984161655219694,-0.0061798329860327,0.7692307692307692,3,1,0.1,3.5262691608856813,0.5310743461240564,1,1.9039486807800352,0.27,0.3,1,10,1,1.3972988459543785,0.8,0.5310743461240564,0.5310743461240564,1,False,False,False,False,1e-06,0.9,-5.096032991673551
0.3015919626131148,0.0251908988321791,4.156775605802295,0.150206445946252,-0.0036586340445597,0.7692307692307692,3,1,0.1,11.146714051228363,1.7648809215428856,1,1.6872627854408924,0.27,0.3,1,10,1,1.842295618987034,0.8,1.7648809215428856,1.7648809215428856,1,False,False,False,False,1e-06,0.9,-18.741739197307588
0.2969409157932489,0.0254004713158374,3.926161330869848,0.1510599591875434,-0.0034983422170327,0.7692307692307692,3,1,0.1,11.8019865850742,1.7846665551391747,1,1.7811584436773893,0.27,0.3,1,10,1,1.71461953167285,0.8,1.7846665551391747,1.7846665551391747,1,False,False,False,False,1e-06,0.9,-17.25694589040309
0.256730403633112,0.0237648639640419,3.5506747384875985,0.1796508606255485,-0.0020403693251216,0.7692307692307692,3,1,0.1,11.812660222317785,1.697785986585399,1,1.9251145203423063,0.27,0.3,1,10,1,1.1603633682340178,0.8,1.697785986585399,1.697785986585399,1,False,False,False,False,1e-06,0.9,-15.00390874573984
0.1982800930238139,0.0109840971515417,20.40586182939206,1.280267534865208,0.0217640732055291,0.7692307692307693,3,1,0.1,1.7479186256853223,0.3583028624294185,1,0.7049617012298756,0.27,0.3,1,10,1,0.6593944543762245,0.8,0.3583028624294185,0.3583028624294185,1,False,False,False,False,1e-06,0.9,-10.690752681472006
0.3065488324438871,0.0303209678661629,4.42040637314232,0.2029410311017612,-0.0046891692355716,0.7692307692307692,3,1,0.1,8.23600402295823,1.405591373088361,1,1.8641421394517617,0.27,0.3,1,10,1,1.567609377079718,0.8,1.405591373088361,1.405591373088361,1,False,False,False,False,1e-06,0.9,-17.98892458239329
0.1900121695218619,0.0089530349544856,3.227702167897021,0.1710853463229643,-4.631166148569308e-05,0.7692307692307693,3,1,0.1,12.689549074395584,1.9007892163978184,1,0.7592955338103944,0.27,0.3,1,10,1,0.865680264119648,0.8,1.9007892163978184,1.9007892163978184,1,False,False,False,False,1e-06,0.9,-18.05618994361443
0.3276080261874656,0.0094532556447694,20.03661647757894,2.7240236003330622,0.0667735778991234,0.7692307692307693,3,1,0.1,0.8119721812319228,0.1812883213259699,1,1.413065505661074,0.27,0.3,1,10,1,0.7704113400915152,0.8,0.1812883213259699,0.1812883213259699,1,False,False,False,False,1e-06,0.9,-18.593420615381483
0.2942691737816544,0.0195285214021455,5.024110328860292,0.1924144725786189,-0.0034525250064483,0.7692307692307692,3,1,0.1,9.02592249463726,1.3916301069376915,1,0.91220602989795,0.27,0.3,1,10,1,1.8580265890726344,0.8,1.3916301069376915,1.3916301069376915,1,False,False,False,False,1e-06,0.9,-13.977231545614533
0.3745672325781907,0.0401848581278492,8.90068593649278,0.6049517236126065,-0.0047504063233446,0.7692307692307692,3,1,0.1,4.018175963105692,0.608845371732021,1,1.6963464394412928,0.27,0.3,1,10,1,1.280251449638519,0.8,0.608845371732021,0.608845371732021,1,False,False,False,False,1e-06,0.9,-5.909953730036406
0.3664675319555569,0.0230730037350936,15.714862220886674,1.1110736483333992,0.0089173185852969,0.7692307692307692,3,1,0.1,1.7558475591630387,0.3670204180278462,1,0.9668031476856068,0.27,0.3,1,10,1,1.102880793106404,0.8,0.3670204180278462,0.3670204180278462,1,False,False,False,False,1e-06,0.9,-12.985320485310424
0.3421688670722523,0.0372968534390473,6.603452340277261,0.3799934594905578,-0.0071691505102305,0.7692307692307693,3,1,0.1,14.614393660668895,0.851126685103541,1,1.2858173322707689,0.27,0.3,1,10,1,1.4791407123056504,0.8,0.851126685103541,0.851126685103541,1,False,False,False,False,1e-06,0.9,-3.794770200061979
0.2346073336751241,0.0215826572974299,3.541091917254416,0.2011021887377019,-0.0010920656199794,0.7692307692307693,3,1,0.1,15.085259461146356,1.606460699729335,1,1.5931656954901638,0.27,0.3,1,10,1,1.0035320486061177,0.8,1.606460699729335,1.606460699729335,1,False,False,False,False,1e-06,0.9,-9.943412928865351
0.2323921981600067,0.0162668243790981,11.632403679298475,0.6187360327038357,0.0036058039437698,0.7692307692307692,3,1,0.1,3.1418925236370567,0.6260171878313675,1,0.7105558384400517,0.27,0.3,1,10,1,0.86523022410752,0.8,0.6260171878313675,0.6260171878313675,1,False,False,False,False,1e-06,0.9,-15.277272235597536
0.3590019839464377,0.0330308319331887,8.116324095824954,0.3331129902627819,-0.0082528920432929,0.7692307692307693,3,1,0.1,4.859104699133936,0.880691698668406,1,1.141548359857215,0.27,0.3,1,10,1,1.9522949894324413,0.8,0.880691698668406,0.880691698668406,1,False,False,False,False,1e-06,0.9,-13.679452279407183
0.2885459332752123,0.0237862018531088,8.985611842631071,0.516846011560432,-0.0011267377281978,0.7692307692307693,3,1,0.1,3.758710469711663,0.6940927300921409,1,0.8819978849446397,0.27,0.3,1,10,1,1.1027187073635667,0.8,0.6940927300921409,0.6940927300921409,1,False,False,False,False,1e-06,0.9,-11.58002396251386
0.2804961624997412,0.0248752777728882,11.359239178383907,1.0099906796136369,0.0170612922313001,0.7692307692307693,3,1,0.1,2.079597069950496,0.4404826641196768,1,1.4982073350202596,0.27,0.3,1,10,1,0.8191017231818971,0.8,0.4404826641196768,0.4404826641196768,1,False,False,False,False,1e-06,0.9,-17.873108891189943
0.2300272228250966,0.0094386679824938,28.676997473603063,1.334844562202573,0.016063228364391,0.7692307692307693,3,1,0.1,1.7587800711011532,0.3253277479141592,1,0.5429343013643788,0.27,0.3,1,10,1,0.7639689940979864,0.8,0.3253277479141592,0.3253277479141592,1,False,False,False,False,1e-06,0.9,-5.464532204507853
0.1206493363665553,0.0138422520509013,5.428931842900404,0.3616893477552305,0.0082484270166994,0.7692307692307692,3,1,0.1,7.861120444913721,1.1687331904160998,1,1.842638238224253,0.27,0.3,1,10,1,0.5047524795044395,0.8,1.1687331904160998,1.1687331904160998,1,False,False,False,False,1e-06,0.9,-10.950820853190583
0.1499719750850106,0.0110786640011604,6.773280480222391,0.4064691632448138,0.0044333245341017,0.7692307692307692,3,1,0.1,6.390434854787553,0.9714942874489232,1,0.7516416576875805,0.27,0.3,1,10,1,0.6214973853932384,0.8,0.9714942874489232,0.9714942874489232,1,False,False,False,False,1e-06,0.9,-9.49004272231042
0.3118856280819001,0.0255980278613059,8.322549031581135,0.4428106578485452,-0.0038321000025907,0.7692307692307692,3,1,0.1,4.048173128115892,0.7535389483425605,1,0.8936259796767776,0.27,0.3,1,10,1,1.3060504243604256,0.8,0.7535389483425605,0.7535389483425605,1,False,False,False,False,1e-06,0.9,-12.988882961552672
0.3065883012893119,0.0240241264876178,12.4665787116258,1.2284853681507242,0.0231730108929404,0.7692307692307693,3,1,0.1,1.7322163005491964,0.3674334491050323,1,1.5637162869243524,0.27,0.3,1,10,1,0.8468417010868319,0.8,0.3674334491050323,0.3674334491050323,1,False,False,False,False,1e-06,0.9,-15.153640450347488
0.4253572310651489,0.0191236876484384,19.3095999824984,1.5439696340619882,0.0225597752715362,0.7692307692307692,3,1,0.1,2.321861160954388,0.2473024985961529,1,0.7010306752459649,0.27,0.3,1,10,1,1.239619874324864,0.8,0.2473024985961529,0.2473024985961529,1,False,False,False,False,1e-06,0.9,-1.530939739066536
0.3315163566136158,0.0320299646817541,8.497738479303896,0.543134723641853,-0.0029397451738299,0.7692307692307692,3,1,0.1,3.387729694226616,0.6672921586321644,1,1.263611517732529,0.27,0.3,1,10,1,1.1941915887579089,0.8,0.6672921586321644,0.6672921586321644,1,False,False,False,False,1e-06,0.9,-15.188249790847982
0.2246930220135898,0.0197538982393454,3.686979069013936,0.2185724517717202,-0.000599650136574,0.7692307692307693,3,1,0.1,10.216605030230578,1.5150905358969364,1,1.403050641016912,0.27,0.3,1,10,1,0.945170441400888,0.8,1.5150905358969364,1.5150905358969364,1,False,False,False,False,1e-06,0.9,-14.13145241336693
0.3116927378326694,0.0306576603742992,4.455747833563092,0.1885321661792676,-0.0049660653462323,0.7692307692307693,3,1,0.1,15.249334444325012,1.4693735283599174,1,1.7248910803770154,0.27,0.3,1,10,1,1.7308236714863283,0.8,1.4693735283599174,1.4693735283599174,1,False,False,False,False,1e-06,0.9,-8.40908367246033
0.1808358277221858,0.0107641718517319,3.291823704688125,0.1829932246758855,0.0003017100702452,0.7692307692307693,3,1,0.1,20.213808400348864,1.8534909753146045,1,0.903958131836762,0.27,0.3,1,10,1,0.7944904832272417,0.8,1.8534909753146045,1.8534909753146045,1,False,False,False,False,1e-06,0.9,-10.251756103078918
0.4799854816222292,0.032805170777716,17.109883993234213,0.874008018538276,-0.0062230457308696,0.7692307692307692,3,1,0.1,2.0147342005486406,0.4110159692527644,1,1.0775593376594692,0.27,0.3,1,10,1,1.7649457244173354,0.8,0.4110159692527644,0.4110159692527644,1,False,False,False,False,1e-06,0.9,-11.81303616457518
0.2001360344367629,0.0056591548539593,3.1855764039993995,0.154830957832879,-0.0002370622246146,0.7692307692307692,3,1,0.1,12.90954283339205,1.976421104938408,1,0.5256014536071558,0.27,0.3,1,10,1,0.9807911399304894,0.8,1.976421104938408,1.976421104938408,1,False,False,False,False,1e-06,0.9,-19.57375620177916
0.4254394493408566,0.0135856959152235,23.97338066196848,1.754512774551742,0.0257463573741822,0.7692307692307692,3,1,0.1,1.02953645580286,0.2248621621718408,1,0.8304138671032179,0.27,0.3,1,10,1,1.1477962509382569,0.8,0.2248621621718408,0.2248621621718408,1,False,False,False,False,1e-06,0.9,-13.99649522874046
0.1741267449587805,0.0101148027643501,3.230972751972064,0.1769939667743876,0.0004275160557152,0.7692307692307692,3,1,0.1,13.501899919055854,1.939038008455923,1,0.9511009653171656,0.27,0.3,1,10,1,0.7618140437745231,0.8,1.939038008455923,1.939038008455923,1,False,False,False,False,1e-06,0.9,-17.113573796244275
0.2199454261656535,0.0167817127218336,8.072351441436494,0.4683765178725125,0.0020677349323743,0.7692307692307692,3,1,0.1,4.123093056127825,0.7937079419204599,1,0.781897209352216,0.27,0.3,1,10,1,0.854696282992459,0.8,0.7937079419204599,0.7937079419204599,1,False,False,False,False,1e-06,0.9,-15.955195351681912
0.2392578866243736,0.0225212161508508,4.140108941820265,0.2588235553259614,-0.001103173026906,0.7692307692307692,3,1,0.1,18.83064066436048,1.2844598201069637,1,1.2102022374498984,0.27,0.3,1,10,1,1.001590634606571,0.8,1.2844598201069637,1.2844598201069637,1,False,False,False,False,1e-06,0.9,-6.078111060979005
0.2167864236682675,0.0186295862609787,3.243062382437848,0.1763257185691226,-0.000508246500633,0.7692307692307692,3,1,0.1,23.29924150283108,1.8522398577688848,1,1.616582795394857,0.27,0.3,1,10,1,0.929222350597649,0.8,1.8522398577688848,1.8522398577688848,1,False,False,False,False,1e-06,0.9,-9.418833787873329
0.2577246566846171,0.0180632923384603,3.106867904376247,0.1430838016577342,-0.0017510745668767,0.7692307692307692,3,1,0.1,14.45235699726108,1.995808293499411,1,1.323212831652612,0.27,0.3,1,10,1,1.3150575200980996,0.8,1.995808293499411,1.995808293499411,1,False,False,False,False,1e-06,0.9,-16.566079486202934
0.2356239263162517,0.0263835343540121,5.506445991741256,0.3788500344969097,0.0013301466774886,0.7692307692307692,3,1,0.1,7.110801269204579,0.9764322741018228,1,1.555781788640257,0.27,0.3,1,10,1,0.8729847260703711,0.8,0.9764322741018228,0.9764322741018228,1,False,False,False,False,1e-06,0.9,-8.037260403354551
0.2817085117258066,0.0134288580230967,11.691807476037855,0.4505764629445592,-0.0018953458047459,0.7692307692307692,3,1,0.1,3.662581016537264,0.709161724597872,1,0.5093871627405566,0.27,0.3,1,10,1,1.2905601644724958,0.8,0.709161724597872,0.709161724597872,1,False,False,False,False,1e-06,0.9,-14.685641765465723
0.2639669224855562,0.0129012480852303,3.677246983376059,0.1458463529216883,-0.001655309361562,0.7692307692307693,3,1,0.1,12.20762399141034,1.837027378867352,1,0.8128410389291567,0.27,0.3,1,10,1,1.6071634058720692,0.8,1.837027378867352,1.837027378867352,1,False,False,False,False,1e-06,0.9,-17.60052682661511
0.2460767326512578,0.0211801462853911,11.624806976200624,0.9561167265398536,0.0162476382468889,0.7692307692307693,3,1,0.1,2.226906068433905,0.4663905220078371,1,1.1842580598264996,0.27,0.3,1,10,1,0.7606600584227386,0.8,0.4663905220078371,0.4663905220078371,1,False,False,False,False,1e-06,0.9,-16.815709753805837
0.3337486729404647,0.0180483269083137,18.00627261010477,1.2987242125000784,0.015923179832197,0.7692307692307693,3,1,0.1,1.5352253869890244,0.3256027489380046,1,0.8677242884502483,0.27,0.3,1,10,1,0.9770106801697104,0.8,0.3256027489380046,0.3256027489380046,1,False,False,False,False,1e-06,0.9,-13.407172962732346
0.4057610693182471,0.0215788529769426,15.376327582535264,1.7261147293915011,0.0371610331424606,0.7692307692307693,3,1,0.1,1.1547556389869802,0.2520999247036073,1,1.9313518562672167,0.27,0.3,1,10,1,1.0109482664024774,0.8,0.2520999247036073,0.2520999247036073,1,False,False,False,False,1e-06,0.9,-15.57025650698976
0.2330089853845948,0.00858870105242,3.705209631843233,0.1770336338012288,-0.0008487822690471,0.7692307692307693,3,1,0.1,9.826053506806778,1.6317633545449708,1,0.5760141405057702,0.27,0.3,1,10,1,1.2219073689259292,0.8,1.6317633545449708,1.6317633545449708,1,False,False,False,False,1e-06,0.9,-19.399073740058384
0.2061683344612596,0.0136155719393003,3.407712801552756,0.1934044650020417,-0.0002439074337507,0.7692307692307693,3,1,0.1,10.244291419428857,1.6917429703046911,1,1.0064608384197824,0.27,0.3,1,10,1,0.9065483709825904,0.8,1.6917429703046911,1.6917429703046911,1,False,False,False,False,1e-06,0.9,-19.82869610983004
0.2941459082151998,0.0311491140377517,5.792633361712832,0.3631028367130248,-0.0031593132072692,0.7692307692307692,3,1,0.1,5.131240495438799,0.933026171931455,1,1.5087256482288938,0.27,0.3,1,10,1,1.1544367537687958,0.8,0.933026171931455,0.933026171931455,1,False,False,False,False,1e-06,0.9,-14.666122944273177
0.3173297164239973,0.0121094225443227,26.81767597065634,1.4344962281856033,0.0157312396501469,0.7692307692307693,3,1,0.1,1.3582981025521637,0.2898982693646491,1,0.6382535863869936,0.27,0.3,1,10,1,0.9588439873083856,0.8,0.2898982693646491,0.2898982693646491,1,False,False,False,False,1e-06,0.9,-12.859133189414422
0.3094732792418018,0.0233980735925329,6.180229200625874,0.2387863975099141,-0.0048692593178772,0.7692307692307692,3,1,0.1,53.85690583305737,1.1502835631284554,1,0.8378067676773913,0.27,0.3,1,10,1,1.92517014023384,0.8,1.1502835631284554,1.1502835631284554,1,False,False,False,False,1e-06,0.9,-4.225342243173621
0.1831915168441517,0.008710070079177,4.542797751044933,0.2492280706335992,0.0004041715088679,0.7692307692307693,3,1,0.1,9.338540961541252,1.3647580058984,1,0.6067829995529669,0.27,0.3,1,10,1,0.8104925244230334,0.8,1.3647580058984,1.3647580058984,1,False,False,False,False,1e-06,0.9,-12.405231983435485
0.2435107409407043,0.0136005679141342,3.871603884825188,0.1989020556802345,-0.0013941579364025,0.7692307692307692,3,1,0.1,8.79541091822725,1.4896286815415334,1,0.7702521397208224,0.27,0.3,1,10,1,1.2108062403765194,0.8,1.4896286815415334,1.4896286815415334,1,False,False,False,False,1e-06,0.9,-18.660852586849025
0.4554694085580201,0.0484871369286834,10.43597216289817,0.7214251721726865,-0.0095267511078773,0.7692307692307692,3,1,0.1,5.951344943925819,0.506075053063711,1,1.7751974764199856,0.27,0.3,1,10,1,1.5724172202284086,0.8,0.506075053063711,0.506075053063711,1,False,False,False,False,1e-06,0.9,-2.6712296320398963
0.2771737794238638,0.0220781102251657,3.4610793115535,0.1531180914210712,-0.0026521460781818,0.7692307692307693,3,1,0.1,18.394465606147403,1.823332729112061,1,1.433320060915973,0.27,0.3,1,10,1,1.482526225896778,0.8,1.823332729112061,1.823332729112061,1,False,False,False,False,1e-06,0.9,-10.654115364603305
0.3186256865034907,0.0176025384524809,11.481496872793322,0.3983993439975996,-0.0043295637738379,0.7692307692307693,3,1,0.1,12.211235752274677,0.7445552577904496,1,0.5325176074262713,0.27,0.3,1,10,1,1.7368631162123038,0.8,0.7445552577904496,0.7445552577904496,1,False,False,False,False,1e-06,0.9,-3.373070739843776
0.1657278162644221,0.013943548204879,4.148783427014165,0.2597518753532081,0.0021063917301774,0.7692307692307693,3,1,0.1,8.655086296102395,1.4346075845393034,1,1.2070217603667568,0.27,0.3,1,10,1,0.6804307904420159,0.8,1.4346075845393034,1.4346075845393034,1,False,False,False,False,1e-06,0.9,-16.973398375741787
0.230069140535806,0.0167976230624702,3.528537129875313,0.2003378248211557,-0.0010266856574326,0.7692307692307692,3,1,0.1,15.892401461098252,1.5737646555081484,1,1.0222239878352042,0.27,0.3,1,10,1,1.038957442036693,0.8,1.5737646555081484,1.5737646555081484,1,False,False,False,False,1e-06,0.9,-9.189013611491465
0.1484481808138068,0.0141890981073354,5.705511317567491,0.3883487615921399,0.0058439756713549,0.7692307692307693,3,1,0.1,7.66331514408513,1.044314380175604,1,1.0828586324639482,0.27,0.3,1,10,1,0.5973445219342506,0.8,1.044314380175604,1.044314380175604,1,False,False,False,False,1e-06,0.9,-8.501200876675732
0.1540978705843134,0.0122753549736311,13.007446511695749,1.4338633781472676,0.0448012487810582,0.7692307692307692,3,1,0.1,1.727830365752351,0.3599521247532967,1,1.3220540649712793,0.27,0.3,1,10,1,0.5055511335883224,0.8,0.3599521247532967,0.3599521247532967,1,False,False,False,False,1e-06,0.9,-12.3372264705508
0.3222242778924027,0.0334816230027548,4.886908200198822,0.2112232807032651,-0.0058143817733094,0.7692307692307693,3,1,0.1,8.698435092498997,1.332660519710558,1,1.968869401784316,0.27,0.3,1,10,1,1.7198189426443864,0.8,1.332660519710558,1.332660519710558,1,False,False,False,False,1e-06,0.9,-13.21677466098102
0.2990178867075944,0.0081802709393481,14.9266669659149,3.735431237429975,0.139157236290248,0.7692307692307693,3,1,0.1,1.096662119870282,0.1410079755744797,1,1.2291049551684996,0.27,0.3,1,10,1,0.6828115592786023,0.8,0.1410079755744797,0.1410079755744797,1,False,False,False,False,1e-06,0.9,-1.0614314236711095
0.2849824306283745,0.0286669028579269,8.480395131443787,0.6097540143337891,0.0022409458437809,0.7692307692307692,3,1,0.1,4.962753491457102,0.6395889440475354,1,1.141584683512395,0.27,0.3,1,10,1,0.9746178313021144,0.8,0.6395889440475354,0.6395889440475354,1,False,False,False,False,1e-06,0.9,-4.82858743506743
0.3538074406088191,0.039962012563004,7.64544720525641,0.467509576304061,-0.0060593789348467,0.7692307692307692,3,1,0.1,4.261188099415468,0.741999820959549,1,1.9247973509923724,0.27,0.3,1,10,1,1.313360071812637,0.8,0.741999820959549,0.741999820959549,1,False,False,False,False,1e-06,0.9,-10.077238777560634
0.1696468519098841,0.0154227973872563,12.074508953633703,1.3347176928141151,0.0443523864029059,0.7692307692307692,3,1,0.1,1.8629933574082047,0.3811053960618127,1,1.78806449165782,0.27,0.3,1,10,1,0.536219489253707,0.8,0.3811053960618127,0.3811053960618127,1,False,False,False,False,1e-06,0.9,-11.187924977727018
0.4429163784694614,0.0304317534113679,12.481656946192045,1.3977637925429005,0.0219276915033792,0.7692307692307693,3,1,0.1,1.889466306751856,0.2910724969333091,1,1.5429150643707503,0.27,0.3,1,10,1,1.1904849716829478,0.8,0.2910724969333091,0.2910724969333091,1,False,False,False,False,1e-06,0.9,-2.918463161212305
0.2606921522924288,0.0142393913024192,4.010820161405926,0.1846102631541853,-0.001903828154366,0.7692307692307692,3,1,0.1,13.445540429567274,1.519698421291246,1,0.7498107832201832,0.27,0.3,1,10,1,1.4398914287876672,0.8,1.519698421291246,1.519698421291246,1,False,False,False,False,1e-06,0.9,-9.928390977729606
0.422640542676747,0.032241535557347,15.326160903510582,0.748754755874408,-0.006988155608313,0.7692307692307692,3,1,0.1,5.410475038684963,0.4758545101864347,1,0.8288305353674584,0.27,0.3,1,10,1,1.685078598285452,0.8,0.4758545101864347,0.4758545101864347,1,False,False,False,False,1e-06,0.9,-2.562984405324265
0.4628389222947194,0.0349062267264171,13.851039500693837,0.9330601750847692,-0.0022540924641392,0.7692307692307692,3,1,0.1,1.9684752797725351,0.4035941025326681,1,1.383745262617739,0.27,0.3,1,10,1,1.4850593479793468,0.8,0.4035941025326681,0.4035941025326681,1,False,False,False,False,1e-06,0.9,-12.0610595251574
0.1488198545654031,0.0175800612856708,4.675324837895083,0.3096118704706293,0.0053092024612085,0.7692307692307693,3,1,0.1,89.2596404784103,1.2906121499595893,1,1.8042437705424,0.27,0.3,1,10,1,0.5983200866799794,0.8,1.2906121499595893,1.2906121499595893,1,False,False,False,False,1e-06,0.9,-4.589606944237822
0.1937783001023186,0.0078855381458854,3.255413703614875,0.1683087347639565,-0.0001546344270145,0.7692307692307692,3,1,0.1,17.958538157587245,1.891787818047577,1,0.6510863896987897,0.27,0.3,1,10,1,0.9055289424179586,0.8,1.891787818047577,1.891787818047577,1,False,False,False,False,1e-06,0.9,-11.602114317802794
0.3666288159552915,0.0280534282591743,12.156793260973531,0.5716962106813906,-0.0057853297167944,0.7692307692307692,3,1,0.1,3.3785292297437066,0.5966441937715425,1,0.8507843139234079,0.27,0.3,1,10,1,1.5275367437812528,0.8,0.5966441937715425,0.5966441937715425,1,False,False,False,False,1e-06,0.9,-8.472464231709303
0.2258662482679581,0.0190558625485922,3.1797303204206644,0.1773790331860562,-0.0008896718057701,0.7692307692307692,3,1,0.1,1115.0617792696198,1.8010668540841173,1,1.3548078516680089,0.27,0.3,1,10,1,0.994180391514696,0.8,1.8010668540841173,1.8010668540841173,1,False,False,False,False,1e-06,0.9,-6.0458729019099255
0.2754629249083702,0.0207626786551982,3.545264377361933,0.1588804617564488,-0.0025926168905322,0.7692307692307692,3,1,0.1,17.652747747059557,1.754490367064789,1,1.241387810838539,0.27,0.3,1,10,1,1.494965481085526,0.8,1.754490367064789,1.754490367064789,1,False,False,False,False,1e-06,0.9,-10.272540958492051
0.7743205403372738,0.0007958075971561,150.7776625693424,2.59933316082684,0.0389128734683982,0.7692307692307693,3,1,0.1,0.3424900184557399,0.0768651997281969,1,1.025527372896697,0.27,0.3,1,10,1,1.9761309232075204,0.8,0.0768651997281969,0.0768651997281969,1,False,False,False,False,1e-06,0.9,-9.3278774064929
0.5028554221194496,0.0272885738235268,22.370038320070645,1.009420860890115,-0.003374277192027,0.7692307692307692,3,1,0.1,1.6266609667989205,0.3514830658181811,1,0.9222475046704356,0.27,0.3,1,10,1,1.8660836472108528,0.8,0.3514830658181811,0.3514830658181811,1,False,False,False,False,1e-06,0.9,-18.40161508871408
0.2353164450617795,0.0226625377906128,10.525851232355446,0.9071205164392973,0.0176593783649144,0.7692307692307692,3,1,0.1,2.3743516796579858,0.4969885901599601,1,1.461108140475706,0.27,0.3,1,10,1,0.7256129283526833,0.8,0.4969885901599601,0.4969885901599601,1,False,False,False,False,1e-06,0.9,-17.819687316769468
0.208186302157849,0.0107298300188289,5.276902747207887,0.2842997035551503,-6.715252898684696e-05,0.7692307692307692,3,1,0.1,6.330450614630083,1.164522755198859,1,0.6124987310310054,0.27,0.3,1,10,1,0.9213619972175292,0.8,1.164522755198859,1.164522755198859,1,False,False,False,False,1e-06,0.9,-19.1352279916605
0.3103909703398823,0.0316976627718887,10.208168526806766,0.9159472815909688,0.0126624933248791,0.7692307692307692,3,1,0.1,2.922087453540849,0.4689541527497637,1,1.8033717596885968,0.27,0.3,1,10,1,0.9052902072139356,0.8,0.4689541527497637,0.4689541527497637,1,False,False,False,False,1e-06,0.9,-5.132575791027875
0.2350131493590859,0.0211949576781471,3.496586158189884,0.2033051536465489,-0.0011617596516455,0.7692307692307693,3,1,0.1,30.233587190995568,1.5830668224273996,1,1.3847401579553205,0.27,0.3,1,10,1,1.0172027268040147,0.8,1.5830668224273996,1.5830668224273996,1,False,False,False,False,1e-06,0.9,-6.825610290781949
0.3361213507833257,0.0266346025183621,7.8998851538418515,0.3043615689147784,-0.0064181397270266,0.7692307692307692,3,1,0.1,4.927114704936601,0.9351489837985022,1,0.92521340344355,0.27,0.3,1,10,1,1.951079521124855,0.8,0.9351489837985022,0.9351489837985022,1,False,False,False,False,1e-06,0.9,-17.556673709659208
0.2484620585835535,0.0250274499563596,9.94310229008509,0.9101693589768312,0.0168695367104368,0.7692307692307693,3,1,0.1,3.6783120845010018,0.4885687491092119,1,1.287094252715148,0.27,0.3,1,10,1,0.7671130701502321,0.8,0.4885687491092119,0.4885687491092119,1,False,False,False,False,1e-06,0.9,-3.837070610911297
0.2579023117128868,0.0268607463221787,3.973883618731184,0.2212960081229937,-0.0021434980340186,0.7692307692307693,3,1,0.1,13.253318775574366,1.4400802728504136,1,1.9254305808823653,0.27,0.3,1,10,1,1.1006820555439822,0.8,1.4400802728504136,1.4400802728504136,1,False,False,False,False,1e-06,0.9,-9.07168688723661
0.2911648819485905,0.0224162935266437,6.299179671944748,0.3156658175672098,-0.0038262096565491,0.7692307692307692,3,1,0.1,14.76166413275298,0.9674657022784248,1,0.7790156267917288,0.27,0.3,1,10,1,1.413901760177293,0.8,0.9674657022784248,0.9674657022784248,1,False,False,False,False,1e-06,0.9,-4.504046789796185
0.2241145626211028,0.0119536865093872,19.959671323638847,1.4003013852490995,0.0244952095998007,0.7692307692307693,3,1,0.1,1.6362651020253496,0.3275116805758018,1,0.7443229117477438,0.27,0.3,1,10,1,0.7034528650808747,0.8,0.3275116805758018,0.3275116805758018,1,False,False,False,False,1e-06,0.9,-8.230074745614184
0.623175576546063,0.0284322877629882,20.860141412091323,1.398876319609834,0.0144374477876198,0.769230769230769,3,1,0.1,1.097701146840639,0.2380732804940702,1,1.9523297861632185,0.27,0.3,1,10,1,1.9973779565660568,0.8,0.2380732804940702,0.2380732804940702,1,False,False,False,False,1e-06,0.9,-13.188607909382393
0.2616266079869013,0.0104919460292575,4.450668978542825,0.183527930200413,-0.0015742584953643,0.7692307692307692,3,1,0.1,11.035002834731674,1.476343667485961,1,0.5821670179029528,0.27,0.3,1,10,1,1.5781253528117969,0.8,1.476343667485961,1.476343667485961,1,False,False,False,False,1e-06,0.9,-11.709907455777156
0.5679013531129239,0.0075252146760153,38.150204510266704,2.1249149464235733,0.0430106115073392,0.7692307692307692,3,1,0.1,0.7887387133633643,0.1449798473824019,1,0.6703798999588223,0.27,0.3,1,10,1,1.4911372118619928,0.8,0.1449798473824019,0.1449798473824019,1,False,False,False,False,1e-06,0.9,-2.375003402226877
0.2195391800094644,0.0176134421187257,3.101322776797351,0.1614993084534577,-0.0006401230927954,0.7692307692307693,3,1,0.1,18.51161636501583,1.981260024685745,1,1.605839990107632,0.27,0.3,1,10,1,0.9599125458967692,0.8,1.981260024685745,1.981260024685745,1,False,False,False,False,1e-06,0.9,-12.31639066955093
0.2382808808482474,0.0147917932506545,3.6604670282911895,0.1961462306267732,-0.0012694550970549,0.7692307692307693,3,1,0.1,9.425946100589442,1.54586853937854,1,0.876339439109515,0.27,0.3,1,10,1,1.1373639997797986,0.8,1.54586853937854,1.54586853937854,1,False,False,False,False,1e-06,0.9,-17.809923984502184
0.2813995198755612,0.0194492705061146,3.6183544828122622,0.1374035442740411,-0.0024702914544683,0.7692307692307692,3,1,0.1,13.845289045505735,1.9419361349352569,1,1.294406360616606,0.27,0.3,1,10,1,1.6876930626325994,0.8,1.9419361349352569,1.9419361349352569,1,False,False,False,False,1e-06,0.9,-16.504307007265574
0.2639688130767824,0.0163949498540602,4.704193501661725,0.2308407091614806,-0.0023323404120719,0.7692307692307693,3,1,0.1,39.22132450988797,1.2619305106510954,1,0.7053083428494182,0.27,0.3,1,10,1,1.373765978334457,0.8,1.2619305106510954,1.2619305106510954,1,False,False,False,False,1e-06,0.9,-4.88792564037186
0.3048563806448343,0.0206671826198026,7.1473286165892125,0.3100002969934916,-0.0042438767684063,0.7692307692307693,3,1,0.1,5.013705563678024,0.9431714243919478,1,0.752880087294354,0.27,0.3,1,10,1,1.6136437764965437,0.8,0.9431714243919478,0.9431714243919478,1,False,False,False,False,1e-06,0.9,-17.01069799248775
0.3687288238223044,0.0439315079840295,6.901577817839804,0.3829555118559606,-0.0093207102754662,0.7692307692307692,3,1,0.1,11.071518132560778,0.8394653833495828,1,1.7753723670968196,0.27,0.3,1,10,1,1.583917973357351,0.8,0.8394653833495828,0.8394653833495828,1,False,False,False,False,1e-06,0.9,-4.167501905171957
0.2615895661838098,0.0215313656006349,3.2962030467066787,0.1566393191859051,-0.0020595775466491,0.7692307692307692,3,1,0.1,11.9519490609561,1.867608394537352,1,1.7003777947588414,0.27,0.3,1,10,1,1.2624937516594512,0.8,1.867608394537352,1.867608394537352,1,False,False,False,False,1e-06,0.9,-19.28105712705107
0.2786976279817008,0.0230154775985101,3.4160571678249974,0.1458179030520837,-0.0026692420027416,0.7692307692307692,3,1,0.1,19.456745862393944,1.9088635549704072,1,1.6545817383441952,0.27,0.3,1,10,1,1.4848303683322075,0.8,1.9088635549704072,1.9088635549704072,1,False,False,False,False,1e-06,0.9,-11.068472802071438
0.1714798211924301,0.0196446258279925,6.627501268482918,0.4930349004899489,0.0091786932630817,0.7692307692307692,3,1,0.1,5.353320548360073,0.8528854890507156,1,1.5041863144555283,0.27,0.3,1,10,1,0.6304100317988677,0.8,0.8528854890507156,0.8528854890507156,1,False,False,False,False,1e-06,0.9,-9.182131846513586
0.1412148218793214,0.0107133991507708,3.52334217596639,0.2015206834249926,0.0018512947395575,0.7692307692307692,3,1,0.1,27.36169729520177,1.8684478819398176,1,1.2268364293070204,0.27,0.3,1,10,1,0.6070501681638305,0.8,1.8684478819398176,1.8684478819398176,1,False,False,False,False,1e-06,0.9,-8.84569029095379
0.364937743276026,0.03041575672882,10.64228781994708,0.4052482798990003,-0.0083814691278868,0.7692307692307693,3,1,0.1,10.846399340536198,0.7472477322779694,1,0.8275915933227621,0.27,0.3,1,10,1,1.9907951297968625,0.8,0.7472477322779694,0.7472477322779694,1,False,False,False,False,1e-06,0.9,-3.550911412678733
0.1711602807194102,0.0189924681062598,4.984817713452746,0.3420897798405976,0.0045513230791362,0.7692307692307693,3,1,0.1,11.310172196871068,1.1484205440332784,1,1.552177826415508,0.27,0.3,1,10,1,0.6635841700165468,0.8,1.1484205440332784,1.1484205440332784,1,False,False,False,False,1e-06,0.9,-6.835850880243616
0.4296598671839448,0.0036156862420901,37.29218282100256,3.909460065574572,0.0705981138654254,0.7692307692307692,3,1,0.1,0.5231734146726373,0.1180078969656532,1,1.3075937484809346,0.27,0.3,1,10,1,0.8963930147694925,0.8,0.1180078969656532,0.1180078969656532,1,False,False,False,False,1e-06,0.9,-17.431622480929057
0.1999181137724164,0.0218236785488269,5.668828072303832,0.3972573383600795,0.0040508740407588,0.7692307692307692,3,1,0.1,6.1048153117896025,0.9790645187727388,1,1.4745001671446685,0.27,0.3,1,10,1,0.7425404685978018,0.8,0.9790645187727388,0.9790645187727388,1,False,False,False,False,1e-06,0.9,-10.698815686767588
0.4854493782477481,0.0358560980744373,16.947387618924292,0.7689349919141507,-0.0096819406451312,0.7692307692307692,3,1,0.1,2.2095569772253967,0.4532403382039306,1,1.1382489967762837,0.27,0.3,1,10,1,1.955101997014908,0.8,0.4532403382039306,0.4532403382039306,1,False,False,False,False,1e-06,0.9,-13.59670168843271
0.1355050895479352,0.0093486083673468,4.529990236075701,0.2725917270602259,0.0026763090106385,0.7692307692307692,3,1,0.1,9.020636165444072,1.4155558349773314,1,0.8822835652752812,0.27,0.3,1,10,1,0.5860799177006608,0.8,1.4155558349773314,1.4155558349773314,1,False,False,False,False,1e-06,0.9,-14.745591365924373
0.7182310807930589,1.5602193970930172e-08,56330.8174978364,10.485320284836476,0.0003203186207147,0.7692307692307692,3,1,0.1,0.1196812903543819,0.0273563740043638,1,1.9111628028463663,0.27,0.3,1,10,1,1.4294429594553957,0.8,0.0273563740043638,0.0273563740043638,1,False,False,False,False,1e-06,0.9,-9.59846817789444
0.4373542573310627,0.0416195834616573,11.283890779042736,0.5607208031605218,-0.0111918071588527,0.7692307692307692,3,1,0.1,3.0280604581884334,0.599175636241182,1,1.4905694374902103,0.27,0.3,1,10,1,1.811660457692294,0.8,0.599175636241182,0.599175636241182,1,False,False,False,False,1e-06,0.9,-14.01145037440384
0.2738125212117689,0.0198541526598358,7.784595629983245,0.404709118783901,-0.002091484830277,0.7692307692307692,3,1,0.1,6.173752167226659,0.8192126244756737,1,0.7201714522414352,0.27,0.3,1,10,1,1.1769774687696728,0.8,0.8192126244756737,0.8192126244756737,1,False,False,False,False,1e-06,0.9,-6.425231035451661
0.4042458610287704,0.0340585833350476,11.841266706928607,0.6268758289776545,-0.0071478586075134,0.7692307692307692,3,1,0.1,2.797704709472077,0.5591306193515619,1,1.115659705037176,0.27,0.3,1,10,1,1.5623387787894958,0.8,0.5591306193515619,0.5591306193515619,1,False,False,False,False,1e-06,0.9,-13.911953049958466
0.3401782908869216,0.0372033834728715,5.880982194764798,0.2893107730006579,-0.0072057421616041,0.7692307692307692,3,1,0.1,5.513596108339847,1.0382711849558417,1,1.915920977529869,0.27,0.3,1,10,1,1.605922328175914,0.8,1.0382711849558417,1.0382711849558417,1,False,False,False,False,1e-06,0.9,-18.81075711873532
0.2103184590658377,0.0170852645236298,3.716782759478607,0.2242452232007125,-8.969452567716788e-05,0.7692307692307692,3,1,0.1,11.380128915879352,1.5040325286261795,1,1.1711313353506458,0.27,0.3,1,10,1,0.8868336210529826,0.8,1.5040325286261795,1.5040325286261795,1,False,False,False,False,1e-06,0.9,-11.733017860148728
0.3193897496079189,0.0318855713857295,4.718800189683011,0.1773695445841213,-0.0052987128013756,0.7692307692307692,3,1,0.1,13.786636712336884,1.5232414768478424,1,1.9850697699078608,0.27,0.3,1,10,1,1.8895478416982583,0.8,1.5232414768478424,1.5232414768478424,1,False,False,False,False,1e-06,0.9,-9.74144169491023
0.1531853823979689,0.0120665166247489,6.848959403270388,0.4166334208183352,0.0046612962527936,0.7692307692307693,3,1,0.1,64.79554313101762,0.946141534271196,1,0.709793014402524,0.27,0.3,1,10,1,0.6349203530161273,0.8,0.946141534271196,0.946141534271196,1,False,False,False,False,1e-06,0.9,-3.366842524816068
0.2596466698546637,0.0130650391941142,3.400813587638189,0.1378901706757573,-0.0015267210972203,0.7692307692307692,3,1,0.1,15.627843079377149,1.961648703767537,1,0.8631136145706784,0.27,0.3,1,10,1,1.5328949913857504,0.8,1.961648703767537,1.961648703767537,1,False,False,False,False,1e-06,0.9,-14.337386751757116
0.4669003356808858,0.044906331273892,11.900769939248336,0.6739076167042216,-0.0109720754038683,0.7692307692307693,3,1,0.1,2.932658785299013,0.5225876253371339,1,1.802402826988104,0.27,0.3,1,10,1,1.725071552608469,0.8,0.5225876253371339,0.5225876253371339,1,False,False,False,False,1e-06,0.9,-7.646274141197075
0.447826372427653,0.0163040928838455,37.30890414559372,0.9839406379245814,-0.0021192548915135,0.7692307692307692,3,1,0.1,1.6449660904041286,0.3547387651015275,1,0.5537216286471777,0.27,0.3,1,10,1,1.8626134698067407,0.8,0.3547387651015275,0.3547387651015275,1,False,False,False,False,1e-06,0.9,-18.049597367285354
0.2267533271810423,0.0183336987132879,3.1904361370842733,0.1692710624399043,-0.0008568216370956,0.7692307692307692,3,1,0.1,13.83549311020716,1.8735564143041408,1,1.5587316790967392,0.27,0.3,1,10,1,0.996503509102066,0.8,1.8735564143041408,1.8735564143041408,1,False,False,False,False,1e-06,0.9,-15.114405324169066
0.1890859795486656,0.0192220020942317,3.856119824684126,0.2206778702460665,0.0010837163944344,0.7692307692307693,3,1,0.1,20.893871530842816,1.6152807331698409,1,1.9682056177310203,0.27,0.3,1,10,1,0.7670766937195759,0.8,1.6152807331698409,1.6152807331698409,1,False,False,False,False,1e-06,0.9,-8.096705230889125
0.2303074459375101,0.0237121766566494,7.86873855624666,0.5754403845295973,0.0062416084764234,0.7692307692307692,3,1,0.1,3.636820870520424,0.7064990843234878,1,1.2896650487605856,0.27,0.3,1,10,1,0.7914921348624427,0.8,0.7064990843234878,0.7064990843234878,1,False,False,False,False,1e-06,0.9,-14.8867239464504
0.3421506929510863,0.0336342786672961,6.70100905151768,0.3032064259582516,-0.0075470173178906,0.7692307692307693,3,1,0.1,12.204419683889238,0.9697324699180024,1,1.1504013719871735,0.27,0.3,1,10,1,1.815280997595197,0.8,0.9697324699180024,0.9697324699180024,1,False,False,False,False,1e-06,0.9,-4.929875339662104
0.2579638732422696,0.0159528182526014,3.9817325823425698,0.1989519290799686,-0.0019554812614877,0.7692307692307693,3,1,0.1,9.19282621724444,1.4588323873341391,1,0.8418398701746013,0.27,0.3,1,10,1,1.323158584314569,0.8,1.4588323873341391,1.4588323873341391,1,False,False,False,False,1e-06,0.9,-15.569219504770397
0.2205106804276016,0.0071248215853973,3.6170612672545936,0.1754175000354933,-0.0005711776545631,0.7692307692307693,3,1,0.1,28.18204058726331,1.6811055119781486,1,0.5039864825888797,0.27,0.3,1,10,1,1.1282567198828863,0.8,1.6811055119781486,1.6811055119781486,1,False,False,False,False,1e-06,0.9,-7.55713210906997
0.3014296194302822,0.0198144090938165,7.118763466549394,0.3067991267105117,-0.0040327366526532,0.7692307692307692,3,1,0.1,5.468250401314778,0.950181697789116,1,0.7216627403006193,0.27,0.3,1,10,1,1.6060518971569069,0.8,0.950181697789116,0.950181697789116,1,False,False,False,False,1e-06,0.9,-12.821649846873443
0.2265081594989906,0.012219125705901,4.635827403303596,0.248971970075665,-0.0008024842985668,0.7692307692307693,3,1,0.1,7.755717164972208,1.2646105832033174,1,0.6617459091804943,0.27,0.3,1,10,1,1.047272484619243,0.8,1.2646105832033174,1.2646105832033174,1,False,False,False,False,1e-06,0.9,-14.365980225237708
0.1852804484261992,0.0074583484845358,3.7278457303119614,0.198038676162906,6.856742846851252e-05,0.7692307692307693,3,1,0.1,10.952833614404051,1.65891320845449,1,0.6028553608809202,0.27,0.3,1,10,1,0.8457621775093762,0.8,1.65891320845449,1.65891320845449,1,False,False,False,False,1e-06,0.9,-16.089964647252554
0.2762875585325799,0.0314511982696069,7.543136933269492,0.5242292840267615,0.0021007565078697,0.7692307692307693,3,1,0.1,3.706952356062876,0.7355511874665231,1,1.89228559744134,0.27,0.3,1,10,1,0.9342975036975584,0.8,0.7355511874665231,0.7355511874665231,1,False,False,False,False,1e-06,0.9,-17.49321772785766
0.1523976017228416,0.0157487190255852,4.630569657875831,0.2989411568285972,0.0042190512481287,0.7692307692307693,3,1,0.1,9.11968974478357,1.3162879981105622,1,1.628740021659048,0.27,0.3,1,10,1,0.61337579306232,0.8,1.3162879981105622,1.3162879981105622,1,False,False,False,False,1e-06,0.9,-11.714411179745722
0.3989990604680173,0.0077334348942992,24.132038693294515,2.947473529845104,0.0666615939690314,0.7692307692307693,3,1,0.1,0.7127913339727117,0.1545452888934953,1,1.2104963360364716,0.27,0.3,1,10,1,0.8979136706437655,0.8,0.1545452888934953,0.1545452888934953,1,False,False,False,False,1e-06,0.9,-8.520581101085462
0.211068926876756,0.0125019119979035,3.147008469736486,0.1694478919788692,-0.0004676803958003,0.7692307692307692,3,1,0.1,12.35552681076735,1.8671988570568725,1,0.9571868773618905,0.27,0.3,1,10,1,0.962305980558711,0.8,1.8671988570568725,1.8671988570568725,1,False,False,False,False,1e-06,0.9,-18.03348239830828
0.509058994419468,0.0042455355051383,38.843600000173176,3.282738576222704,0.0616417424873026,0.7692307692307693,3,1,0.1,0.5338487337568113,0.1201600931100885,1,1.1315760505543506,0.27,0.3,1,10,1,1.0969507249857635,0.8,0.1201600931100885,0.1201600931100885,1,False,False,False,False,1e-06,0.9,-16.254232470534205
0.3705148901632572,0.036078200936876,8.19446927197656,0.3674166418361537,-0.0089781238697892,0.7692307692307692,3,1,0.1,4.56859427083015,0.8268803117210178,1,1.2668168488889135,0.27,0.3,1,10,1,1.8503747188173272,0.8,0.8268803117210178,0.8268803117210178,1,False,False,False,False,1e-06,0.9,-12.778240118331713
0.3371199901824389,0.0368309863486684,5.705647531063606,0.2891183685096414,-0.0072256242064364,0.7692307692307693,3,1,0.1,10.333911422259677,1.0391052991995724,1,1.5590443388354118,0.27,0.3,1,10,1,1.6276377862990203,0.8,1.0391052991995724,1.0391052991995724,1,False,False,False,False,1e-06,0.9,-6.138339815581681
0.2807523849565659,0.0189733720904229,3.960358112075904,0.1653388550166694,-0.0027077102995715,0.7692307692307692,3,1,0.1,11.016593432638889,1.6439790216254873,1,1.0520153678581234,0.27,0.3,1,10,1,1.6421861798496984,0.8,1.6439790216254873,1.6439790216254873,1,False,False,False,False,1e-06,0.9,-15.50861985898138
0.4317479852595648,0.0275081441305918,17.020691837930205,0.9240860743277834,-0.0017619813692685,0.7692307692307693,3,1,0.1,1.94154412769086,0.4034665032348973,1,0.9341874169490956,0.27,0.3,1,10,1,1.484485073343353,0.8,0.4034665032348973,0.4034665032348973,1,False,False,False,False,1e-06,0.9,-13.516071193641569
0.1957360925143541,0.0258675042342268,6.930708546921159,0.5349904109389293,0.0103580367443334,0.7692307692307692,3,1,0.1,9.530499753712116,0.7856444516254777,1,1.9692508077149344,0.27,0.3,1,10,1,0.6835438761224638,0.8,0.7856444516254777,0.7856444516254777,1,False,False,False,False,1e-06,0.9,-4.07418369583411
0.6600209817591075,0.0002020625937404,273.7009522016228,4.299916942032045,0.0240827724013222,0.7692307692307693,3,1,0.1,0.2867324342112079,0.0651679896270108,1,0.8607276931885947,0.27,0.3,1,10,1,1.340562655240804,0.8,0.0651679896270108,0.0651679896270108,1,False,False,False,False,1e-06,0.9,-14.358832033085982
0.3323455811717866,0.0307864367422226,6.742731563074637,0.3357598126840637,-0.0063485742678017,0.7692307692307692,3,1,0.1,5.485088488523732,0.9100956859112552,1,1.1149459961332864,0.27,0.3,1,10,1,1.5935327087252904,0.8,0.9100956859112552,0.9100956859112552,1,False,False,False,False,1e-06,0.9,-10.79570092320076
0.4188611746781611,0.042651016355215,9.903987768656163,0.5053714440834743,-0.0110372340404296,0.7692307692307692,3,1,0.1,3.7822322941547,0.6551632239764773,1,1.5467191955552475,0.27,0.3,1,10,1,1.765180466372328,0.8,0.6551632239764773,0.6551632239764773,1,False,False,False,False,1e-06,0.9,-8.757426572062553
0.2741732080659861,0.0297253814295382,7.300980928906769,0.5123212451830657,0.0015900806916597,0.7692307692307693,3,1,0.1,3.7529124750910334,0.7460985604382783,1,1.5811313037968089,0.27,0.3,1,10,1,0.9439975557089172,0.8,0.7460985604382783,0.7460985604382783,1,False,False,False,False,1e-06,0.9,-17.95525070604747
0.2916297196467072,0.0321788148246898,7.896057745625681,0.5984612082452856,0.0023228217775092,0.7692307692307692,3,1,0.1,5.163796575856274,0.6556317112659957,1,1.4360624197197378,0.27,0.3,1,10,1,0.970674104282903,0.8,0.6556317112659957,0.6556317112659957,1,False,False,False,False,1e-06,0.9,-4.858585756226185
0.2379640955047834,0.0234110485650816,9.606568171550723,0.7021006767032486,0.0077067143919343,0.7692307692307692,3,1,0.1,44.265535166780666,0.5860973925809351,1,0.864626994069799,0.27,0.3,1,10,1,0.8280563526240154,0.8,0.5860973925809351,0.5860973925809351,1,False,False,False,False,1e-06,0.9,-2.072572788930451
0.3167184690580428,0.0294180236957332,4.750697583370643,0.1714147081550038,-0.0048898786718478,0.7692307692307692,3,1,0.1,10.488465767600298,1.5546303958807226,1,1.791945445991853,0.27,0.3,1,10,1,1.9512552107866687,0.8,1.5546303958807226,1.5546303958807226,1,False,False,False,False,1e-06,0.9,-14.487245508304156
0.2891172946264418,0.0171366568218718,4.934699735849411,0.1770919679075517,-0.0029311236196906,0.7692307692307693,3,1,0.1,9.242201572287506,1.484664453688841,1,0.8586892271589883,0.27,0.3,1,10,1,1.9188820622635032,0.8,1.484664453688841,1.484664453688841,1,False,False,False,False,1e-06,0.9,-16.284858987827533
0.1254406229668585,0.0070153005589401,19.08132449976725,0.8271771440404876,0.0117132991807695,0.7692307692307692,3,1,0.1,3.4361857463907164,0.5308532418688415,1,0.5194927944103779,0.27,0.3,1,10,1,0.529520598922735,0.8,0.5308532418688415,0.5308532418688415,1,False,False,False,False,1e-06,0.9,-5.353276680302281
0.6175893562350766,0.0167295169838165,22.56775831683692,1.8952778808432589,0.0436168845591246,0.7692307692307693,3,1,0.1,0.8171653156630092,0.174926708470923,1,1.6522023115259377,0.27,0.3,1,10,1,1.6837770550587643,0.8,0.174926708470923,0.174926708470923,1,False,False,False,False,1e-06,0.9,-8.0555117759248
0.288263492115742,0.0192890616743814,4.352740456040748,0.1675145001038895,-0.0030059299496591,0.7692307692307693,3,1,0.1,10.391142234348614,1.5915605348009336,1,1.025760257129018,0.27,0.3,1,10,1,1.7972520969912609,0.8,1.5915605348009336,1.5915605348009336,1,False,False,False,False,1e-06,0.9,-15.775933818580182
0.4759968484530273,0.0274329251717881,18.882276622416683,1.0503202884133824,-0.0003105651531357,0.7692307692307692,3,1,0.1,1.6851272550665528,0.350155124404633,1,0.9723720974428968,0.27,0.3,1,10,1,1.607174775879048,0.8,0.350155124404633,0.350155124404633,1,False,False,False,False,1e-06,0.9,-11.722224831236575
0.2625735323595154,0.0227854837191619,3.429060888750637,0.1713772384095787,-0.0022198665779507,0.7692307692307692,3,1,0.1,12.324141359275934,1.7340539253608327,1,1.6702686720620352,0.27,0.3,1,10,1,1.238428663188243,0.8,1.7340539253608327,1.7340539253608327,1,False,False,False,False,1e-06,0.9,-14.81021196973936
0.2783982909591707,0.0138712663066494,5.0487826197207815,0.1978711825869814,-0.0023943851798726,0.7692307692307692,3,1,0.1,7.996171452731326,1.3570957877332817,1,0.6783326704233534,0.27,0.3,1,10,1,1.7378910257929605,0.8,1.3570957877332817,1.3570957877332817,1,False,False,False,False,1e-06,0.9,-17.09913398770858
0.3095288642344607,0.028581514489213,4.358578305837695,0.1482168281735866,-0.0042359198011893,0.7692307692307692,3,1,0.1,22.850324885391235,1.7779365784651715,1,1.962824096829069,0.27,0.3,1,10,1,1.9380446028797829,0.8,1.7779365784651715,1.7779365784651715,1,False,False,False,False,1e-06,0.9,-8.941108331818162
0.2729997246058379,0.0132970774558059,4.109035982386623,0.1442651800083248,-0.0018844859043333,0.7692307692307692,3,1,0.1,15.077596220734904,1.80567240668878,1,0.8025355323605892,0.27,0.3,1,10,1,1.8247083820882608,0.8,1.80567240668878,1.80567240668878,1,False,False,False,False,1e-06,0.9,-12.512128396734331
0.2565421842462293,0.0223654689762753,3.861087008359236,0.2207753177658295,-0.0020616689651007,0.7692307692307692,3,1,0.1,10.23338686793996,1.4116167691632506,1,1.2740095526584987,0.27,0.3,1,10,1,1.148194432533451,0.8,1.4116167691632506,1.4116167691632506,1,False,False,False,False,1e-06,0.9,-11.697670818558624
0.6376482100399617,0.0115106358940865,32.96616680390145,1.8630213717306767,0.0375422548435138,0.7692307692307692,3,1,0.1,0.7167842116741626,0.1607980715812037,1,1.0670657689427898,0.27,0.3,1,10,1,1.854393327435918,0.8,0.1607980715812037,0.1607980715812037,1,False,False,False,False,1e-06,0.9,-19.216727282515784
0.274533776276443,0.0171777258282621,3.881565952707744,0.1591864593894281,-0.0023876986146134,0.7692307692307692,3,1,0.1,27.54633573134761,1.6993256281770508,1,0.9254433204951996,0.27,0.3,1,10,1,1.642443125943693,0.8,1.6993256281770508,1.6993256281770508,1,False,False,False,False,1e-06,0.9,-7.731117290819178
0.2926805178889912,0.0228801787147217,3.8342082408434304,0.1347189767359071,-0.0030181342011581,0.7692307692307693,3,1,0.1,19.71144865822307,1.956297492662323,1,1.5742762531651209,0.27,0.3,1,10,1,1.8118453451683367,0.8,1.956297492662323,1.956297492662323,1,False,False,False,False,1e-06,0.9,-11.441727499852655
0.1185661071288111,0.0084939897838762,3.7207902666744186,0.2107880024500114,0.0024345206918344,0.7692307692307693,3,1,0.1,15.274202045401248,1.859940889399009,1,1.1676461679729684,0.27,0.3,1,10,1,0.5280957172923114,0.8,1.859940889399009,1.859940889399009,1,False,False,False,False,1e-06,0.9,-13.126008996438827
0.5277746044497631,0.0022289521912093,51.5304707530953,4.424604174069551,0.0752455974491359,0.7692307692307693,3,1,0.1,0.4359029770372375,0.0948034901810971,1,1.9222070694828093,0.27,0.3,1,10,1,1.0536494749149623,0.8,0.0948034901810971,0.0948034901810971,1,False,False,False,False,1e-06,0.9,-5.490721444176989
0.1707348287547042,0.0182002980785861,5.7046590499288925,0.405391311593539,0.0058369935455762,0.7692307692307693,3,1,0.1,7.886513744086639,0.99243775604566,1,1.286878315803222,0.27,0.3,1,10,1,0.6538715110935851,0.8,0.99243775604566,0.99243775604566,1,False,False,False,False,1e-06,0.9,-7.275499946101831
0.4042833620226559,0.0398373011324273,9.753569876320269,0.5540911561510172,-0.0084995734463225,0.7692307692307693,3,1,0.1,3.1360535852360223,0.6236207979477076,1,1.5364224587438886,0.27,0.3,1,10,1,1.544041457685356,0.8,0.6236207979477076,0.6236207979477076,1,False,False,False,False,1e-06,0.9,-15.03130194262432
0.1475612414255477,0.0148667729019765,10.352663795446254,0.8896038208175958,0.0246008641660063,0.7692307692307692,3,1,0.1,2.9535134367883087,0.5356856429129306,1,1.2098172495103006,0.27,0.3,1,10,1,0.5282901219534749,0.8,0.5356856429129306,0.5356856429129306,1,False,False,False,False,1e-06,0.9,-8.341939579394278
0.1477341370981195,0.0104281041860366,4.820208144967203,0.2919269833542406,0.0025265311729148,0.7692307692307692,3,1,0.1,29.5251353543176,1.298563633798688,1,0.780573523887282,0.27,0.3,1,10,1,0.6325839821231303,0.8,1.298563633798688,1.298563633798688,1,False,False,False,False,1e-06,0.9,-5.3477592129262685
0.2999239009447123,0.0289368692203219,5.305462015635675,0.3013760857053793,-0.0042764904843066,0.7692307692307693,3,1,0.1,5.988644888087952,1.0420699949850691,1,1.2765864326669687,0.27,0.3,1,10,1,1.3258699335119022,0.8,1.0420699949850691,1.0420699949850691,1,False,False,False,False,1e-06,0.9,-14.122091480720568
0.5804061928841595,0.0248554765872092,17.578880705819966,1.5955261391954596,0.0294770931593199,0.7692307692307693,3,1,0.1,1.3734819306217398,0.2120456806256909,1,1.1824387260239293,0.27,0.3,1,10,1,1.7174390197458247,0.8,0.2120456806256909,0.2120456806256909,1,False,False,False,False,1e-06,0.9,-2.135429084838897
0.2203001348941525,0.0229661767763086,5.227584627720468,0.3496669789597375,0.0015700924714989,0.7692307692307693,3,1,0.1,5.592458720448345,1.0531040161072058,1,1.489367755731588,0.27,0.3,1,10,1,0.8339617632553631,0.8,1.0531040161072058,1.0531040161072058,1,False,False,False,False,1e-06,0.9,-19.078053264520666
0.5794942722919081,0.011415398395428,23.438133426708287,2.4184631059099493,0.0652645476139166,0.7692307692307693,3,1,0.1,0.7097508668487035,0.1481618683254919,1,1.6973654594776255,0.27,0.3,1,10,1,1.3827821273799077,0.8,0.1481618683254919,0.1481618683254919,1,False,False,False,False,1e-06,0.9,-5.176415854985388
0.3248638001143734,0.037031739852288,6.43619042268555,0.3848699432309126,-0.0051309372317206,0.7692307692307693,3,1,0.1,4.934522374430439,0.8731341245800126,1,1.9176390905532896,0.27,0.3,1,10,1,1.265773439384199,0.8,0.8731341245800126,0.8731341245800126,1,False,False,False,False,1e-06,0.9,-12.478193191566389
0.3228770806413888,0.0360087912346455,5.857389658707437,0.3413185207415836,-0.0056221353756496,0.7692307692307693,3,1,0.1,6.224386941529822,0.9485444405315202,1,1.713767216039526,0.27,0.3,1,10,1,1.340021552759172,0.8,0.9485444405315202,0.9485444405315202,1,False,False,False,False,1e-06,0.9,-9.309413860037823
0.2291553993579367,0.0202393083889723,11.13095863066624,0.8548165828969033,0.0137736300914636,0.7692307692307693,3,1,0.1,2.47365429956452,0.5141627811147922,1,1.10625121241445,0.27,0.3,1,10,1,0.7402998749580288,0.8,0.5141627811147922,0.5141627811147922,1,False,False,False,False,1e-06,0.9,-17.260861694643786
0.2435495587311001,0.0090710696817512,20.10065520852886,2.263247400947106,0.0522962578129762,0.7692307692307693,3,1,0.1,1.023434118646375,0.2211708930589256,1,0.972193816637818,0.27,0.3,1,10,1,0.6564507273995622,0.8,0.2211708930589256,0.2211708930589256,1,False,False,False,False,1e-06,0.9,-11.603084489289095
0.7963297068782178,1.2255151456707768e-14,256631053.2640034,10.387747839375098,1.377775106023521e-07,0.7692307692307693,3,1,0.1,0.0664207272507064,0.015288100029635,1,0.7300180107019603,0.27,0.3,1,10,1,1.768519272626611,0.8,0.015288100029635,0.015288100029635,1,False,False,False,False,1e-06,0.9,-19.645643804356475
0.1257131662119594,0.0143262950877458,6.827404560044887,0.51314262876629,0.0130027479268256,0.7692307692307692,3,1,0.1,5.555515149705642,0.8640316255361247,1,1.4053028299438657,0.27,0.3,1,10,1,0.5035143324353252,0.8,0.8640316255361247,0.8640316255361247,1,False,False,False,False,1e-06,0.9,-8.833312732708832
0.2775211268297223,0.011377571287063,22.52283861457326,1.6808163608107545,0.0280713085824447,0.7692307692307692,3,1,0.1,1.2348414853315062,0.2680096555795703,1,0.7645295989029641,0.27,0.3,1,10,1,0.7944425949165766,0.8,0.2680096555795703,0.2680096555795703,1,False,False,False,False,1e-06,0.9,-15.015927526662349
0.2171913366815037,0.0133861734330998,3.318300035436599,0.1819256313502463,-0.0006272087827254,0.7692307692307692,3,1,0.1,12.569283927214569,1.7313939540707937,1,0.9282986573109656,0.27,0.3,1,10,1,0.993132118116926,0.8,1.7313939540707937,1.7313939540707937,1,False,False,False,False,1e-06,0.9,-14.317610678832516
0.3274920570499813,0.0201475363242757,10.026913073636878,0.3370783389263734,-0.0052212246001995,0.7692307692307693,3,1,0.1,5.483039434861171,0.8399401033059737,1,0.6519790744293426,0.27,0.3,1,10,1,1.9824002400406084,0.8,0.8399401033059737,0.8399401033059737,1,False,False,False,False,1e-06,0.9,-8.328228792188249
0.5886418226834861,0.0108526496884574,30.166981710318804,1.9553443859166983,0.0467695861873936,0.7692307692307692,3,1,0.1,0.9932185146774472,0.1534071194359195,1,0.7016725900688021,0.27,0.3,1,10,1,1.6374298371058165,0.8,0.1534071194359195,0.1534071194359195,1,False,False,False,False,1e-06,0.9,-1.546301136152472
0.3331756912238299,0.0360551617516845,5.452591346754272,0.2590755484102242,-0.0067799012905182,0.7692307692307693,3,1,0.1,6.873472641875544,1.132054523959812,1,1.8803907656980263,0.27,0.3,1,10,1,1.6475515846151672,0.8,1.132054523959812,1.132054523959812,1,False,False,False,False,1e-06,0.9,-13.180096866393008
0.4044452945856263,0.0389202369953472,9.951856135046205,0.5494136420271875,-0.0086126166668279,0.7692307692307693,3,1,0.1,3.0508713556472244,0.6242474292836797,1,1.451908194599105,0.27,0.3,1,10,1,1.5754362917228215,0.8,0.6242474292836797,0.6242474292836797,1,False,False,False,False,1e-06,0.9,-18.358426987473816
0.2763774888869366,0.0331489140728929,6.714555851136473,0.5039200606979768,0.001276132603279,0.7692307692307692,3,1,0.1,10.33569908689108,0.759426109237143,1,1.545160846554431,0.27,0.3,1,10,1,0.9554728478695584,0.8,0.759426109237143,0.759426109237143,1,False,False,False,False,1e-06,0.9,-3.713917179156052
0.3238647642826188,0.0154978517863429,14.776886836723644,0.4722973816352711,-0.0036804559950156,0.7692307692307692,3,1,0.1,3.931672169981528,0.6501830166194887,1,0.5062156289412608,0.27,0.3,1,10,1,1.6466835080938569,0.8,0.6501830166194887,0.6501830166194887,1,False,False,False,False,1e-06,0.9,-7.647573598575017
0.2390717041048634,0.0203251142648235,5.025894200761216,0.3092639626439467,-0.00083763469172,0.7692307692307693,3,1,0.1,9.70460149315201,1.0908670571871018,1,0.9510409985341324,0.27,0.3,1,10,1,0.9976019511846296,0.8,1.0908670571871018,1.0908670571871018,1,False,False,False,False,1e-06,0.9,-7.0895073589688185
0.1369013918351924,0.0105996897339832,13.276361398497963,0.789217126389967,0.0148553826605926,0.7692307692307692,3,1,0.1,3.7511447932240594,0.5663435056646302,1,0.7113301156453273,0.27,0.3,1,10,1,0.5439078693525317,0.8,0.5663435056646302,0.5663435056646302,1,False,False,False,False,1e-06,0.9,-5.459916535842497
0.1992404944892464,0.0157093334559444,4.058471588914677,0.2497581028874767,0.0004971198907843,0.7692307692307693,3,1,0.1,8.847610080341,1.3903690411567724,1,1.0585944688089484,0.27,0.3,1,10,1,0.8297978300144601,0.8,1.3903690411567724,1.3903690411567724,1,False,False,False,False,1e-06,0.9,-14.526919735723748
0.6447028295624896,0.0120446391601942,28.62170754530684,2.014752821818405,0.0474776090229137,0.7692307692307692,3,1,0.1,0.6886762729182313,0.1544852550943597,1,1.460289212576781,0.27,0.3,1,10,1,1.7632542745773714,0.8,0.1544852550943597,0.1544852550943597,1,False,False,False,False,1e-06,0.9,-18.431982578038745
0.2538240527368188,0.0117793367573531,4.181616550971345,0.1919838149255411,-0.0015616692138814,0.7692307692307693,3,1,0.1,15.347498966684649,1.466297717589912,1,0.6274220187515243,0.27,0.3,1,10,1,1.400907952551479,0.8,1.466297717589912,1.466297717589912,1,False,False,False,False,1e-06,0.9,-8.340800628192362
0.2996616864787365,0.0317932890429592,5.673060143425146,0.3474507444274473,-0.0037611137116456,0.7692307692307693,3,1,0.1,5.331694560787111,0.9570549567081582,1,1.5377114438539612,0.27,0.3,1,10,1,1.202710466099508,0.8,0.9570549567081582,0.9570549567081582,1,False,False,False,False,1e-06,0.9,-14.360243349357438
0.2206849607065059,0.0116618539339852,7.311773030554831,0.3663349264912522,2.639219591214605e-05,0.7692307692307692,3,1,0.1,4.871087763459082,0.9217518152348732,1,0.5703228489026582,0.27,0.3,1,10,1,0.9510716775762192,0.8,0.9217518152348732,0.9217518152348732,1,False,False,False,False,1e-06,0.9,-17.068814225879656
0.2456204511303607,0.0108199298431058,17.987218186890775,2.065597746004668,0.0496851699901961,0.7692307692307692,3,1,0.1,1.144338658432862,0.2399376082453294,1,1.0199692614993818,0.27,0.3,1,10,1,0.669099826816449,0.8,0.2399376082453294,0.2399376082453294,1,False,False,False,False,1e-06,0.9,-8.749082173862046
0.2309612961002992,0.0237543660720687,5.06424565492925,0.3383668215034769,0.0005738080836879,0.7692307692307693,3,1,0.1,7.225338655489452,1.061974357387874,1,1.3559428616773372,0.27,0.3,1,10,1,0.8893277584538805,0.8,1.061974357387874,1.061974357387874,1,False,False,False,False,1e-06,0.9,-9.749407635133858
0.2550804176236151,0.013311510299479,5.502411479763318,0.2661796832508276,-0.0017652739600296,0.7692307692307692,3,1,0.1,9.674248406542796,1.1209085062695927,1,0.5933737274204917,0.27,0.3,1,10,1,1.2758584609731938,0.8,1.1209085062695927,1.1209085062695927,1,False,False,False,False,1e-06,0.9,-7.503976457032023
0.2402268064401103,0.0246536739100852,4.378985712680462,0.2649474566741842,-0.0008243033465009,0.7692307692307693,3,1,0.1,7.063382496488244,1.2786241617801508,1,1.759652567432108,0.27,0.3,1,10,1,0.9644522682837448,0.8,1.2786241617801508,1.2786241617801508,1,False,False,False,False,1e-06,0.9,-19.770896488948555
0.2337506858629585,0.0116110964626768,3.376878455764895,0.1675474441730348,-0.0010395777312204,0.7692307692307693,3,1,0.1,41.32533707610876,1.7496579277213595,1,0.7182431354739828,0.27,0.3,1,10,1,1.191224689930387,0.8,1.7496579277213595,1.7496579277213595,1,False,False,False,False,1e-06,0.9,-7.14263324887966
0.2877383371990266,0.0196210151858435,3.889732748450838,0.13124855131685,-0.002598085848122,0.769230769230769,3,1,0.1,14.305273644635347,1.983291999929918,1,1.3227355709855837,0.27,0.3,1,10,1,1.8643458289998445,0.8,1.983291999929918,1.983291999929918,1,False,False,False,False,1e-06,0.9,-16.55955961317606
0.4339546533841189,0.0290027772764999,17.483421242562915,0.7524211086026452,-0.0066461841032273,0.7692307692307693,3,1,0.1,2.3286953782050124,0.4672940027165987,1,0.8713629906172412,0.27,0.3,1,10,1,1.746122422666986,0.8,0.4672940027165987,0.4672940027165987,1,False,False,False,False,1e-06,0.9,-11.941492979102962
0.2960987986668416,0.0281860450436281,4.060932719751973,0.1899813194696637,-0.00401812477932,0.7692307692307693,3,1,0.1,11.701536713211286,1.50175300457796,1,1.6951092151381169,0.27,0.3,1,10,1,1.515440648786627,0.8,1.50175300457796,1.50175300457796,1,False,False,False,False,1e-06,0.9,-11.277769027693514
0.2994770240164871,0.0277188319497605,4.0837056851405285,0.1748967272825952,-0.0039854370896983,0.7692307692307693,3,1,0.1,9.476345803746414,1.5907641310573912,1,1.856562026356129,0.27,0.3,1,10,1,1.604807836904451,0.8,1.5907641310573912,1.5907641310573912,1,False,False,False,False,1e-06,0.9,-19.453386568461195
0.3643572513413524,0.0347658055615644,8.82947069900721,0.4950164387767626,-0.0067852517279845,0.7692307692307692,3,1,0.1,4.028719248840832,0.6853344103125386,1,1.185940992910807,0.27,0.3,1,10,1,1.4649961642010234,0.8,0.6853344103125386,0.6853344103125386,1,False,False,False,False,1e-06,0.9,-8.691169985751571
0.1837410411749267,0.0116063986541014,15.746330520373345,0.7489715473861719,0.0079621875344541,0.7692307692307693,3,1,0.1,7.643298312024937,0.5500180382077743,1,0.5446039955032029,0.27,0.3,1,10,1,0.7085499892805911,0.8,0.5500180382077743,0.5500180382077743,1,False,False,False,False,1e-06,0.9,-2.664158686537359
0.134668732760461,0.013823924816151,4.1308273669267646,0.2584912209285382,0.0040248610861755,0.7692307692307693,3,1,0.1,177.45580757136372,1.5332396247406896,1,1.5808509757476037,0.27,0.3,1,10,1,0.5657825023995993,0.8,1.5332396247406896,1.5332396247406896,1,False,False,False,False,1e-06,0.9,-5.309592679846325
