efficiency,dark count rate,jitter,entropy production,entropy rate,machine_efficiency,L first gap,d_l,e_max,e_s,TH,TC,g_sl,g_ml,e_C,e_C_factor,t_f,t_steps,rateM,rateD,rateB,Tb,Td,k,Tb_indep_flag,Td_indep_flag,Td_eq_Tb_flag,Max_TV_flag,epsilon,e_l,TV
0.0295700060936959,0.002284938108346,12.264035550551004,0.492719377198589,0.1018486600656769,0.3456359853193116,,3,1,0.1,1368922.959100738,0.8957730274384441,0.5407490066592097,0.517973489347276,1.7038955381585796,1.893217264620644,1,10,0.3190169543750862,0.2146263236509286,0.8,0.8957730274384441,0.8957730274384441,1,False,False,False,True,1e-06,0.9,-0.4731490357452256
0.2382528239728998,0.0144470408391552,4.044143142920368,0.2045991237372289,-0.0015405583901123,0.7774651387944784,,3,1,0.1,6731382.480487105,1.497965768153276,0.9451299565776642,0.89839551077476,0.2576081744263435,0.2862313049181594,1,10,0.5343202146187519,1.1185288463193197,0.8,1.497965768153276,1.497965768153276,1,False,False,False,True,1e-06,0.9,-5.233415214828964
0.387611215396007,0.0555892035013071,5.640344325355601,0.5946320094829546,0.2061759883300122,0.4726989841825678,,3,1,0.1,1013788.5461795756,0.5345711955910442,1.8483797893734013,0.9535016114484262,1.003960089011738,1.1155112100130422,1,10,1.5544464573317185,1.668841278399712,0.8,0.5345711955910442,0.5345711955910442,1,False,False,False,True,1e-06,0.9,-0.4792168158991335
0.4471769962031248,0.0771218306102995,6.303111408828775,1.1445453522100466,0.4344042720020662,0.4973978324377542,,3,1,0.1,771850.8591553477,0.3879335268728766,0.8992960663977503,1.5551530767233073,0.909416811466762,1.010463123851958,1,10,1.7568107770900054,1.366092391881383,0.8,0.3879335268728766,0.3879335268728766,1,False,False,False,True,1e-06,0.9,-0.3839169442696449
0.2992494071472387,0.0303628860154908,30.50652762818275,0.1842795542371265,0.0372632247565067,0.4110896240914157,,3,1,0.1,2951047.136614799,1.737900540155806,0.3394301030234244,1.3481171968894816,1.2893036147267565,1.4325595719186184,1,10,0.6268416788610137,1.9739302620304768,0.8,1.737900540155806,1.737900540155806,1,False,False,False,True,1e-06,0.9,-1.2131448577239856
0.5969080634802353,0.0032308168336599,54570.58063622898,1.6577654719214467,0.0102233304143359,0.7294688809747886,,3,1,0.1,709055.8808674854,0.1918214890985317,0.0369723448604259,0.6417091147433923,0.333774357580999,0.3708603973122211,1,10,0.0426984247839749,1.82911745541044,0.8,0.1918214890985317,0.1918214890985317,1,False,False,False,True,1e-06,0.9,-0.5172342000122742
0.0099908857194723,0.0009508950968903,6.132725170536038,0.2864254063570858,0.0361208221868704,0.4676821144800506,,3,1,0.1,2908744.611053556,1.5483752323631903,0.6594410575617572,0.84261914735354,1.024384046630867,1.1382044962565188,1,10,1.952372550374717,0.1273180009122532,0.8,1.5483752323631903,1.5483752323631903,1,False,False,False,True,1e-06,0.9,-1.360367830061236
0.3913978553555544,0.0054579936490529,146.49154751626722,1.3942874367641809,-0.0146007047683486,0.9721422918183348,,3,1,0.1,10821836.046898602,0.3014712490584667,0.5984452670662336,0.2504627998852495,0.0257903987662166,0.0286559986291296,1,10,0.1692320392069621,1.505498062740391,0.8,0.3014712490584667,0.3014712490584667,1,False,False,False,True,1e-06,0.9,-10.520364494408565
0.52727922315192,0.0410870324042984,5.751018857731669,2.70118335835308,1.6221944709582763,0.4267877135232814,,3,1,0.1,285016.24686066085,0.1633746511424395,0.9707685284405406,1.4121407537329385,1.208776732512251,1.3430852583469457,1,10,1.3641235197070118,1.2728895795163355,0.8,0.1633746511424395,0.1633746511424395,1,False,False,False,True,1e-06,0.9,-0.1216414322931148
0.1894433442479386,0.0131228964536034,7.586216415758034,0.3142940729640607,0.0503803705755658,0.4472089368473944,,3,1,0.1,1417590.6032519538,0.783630633026495,1.6337239352435358,0.4520436653394012,1.1124821439047314,1.2360912710052572,1,10,0.4296787225309217,0.9190460826459448,0.8,0.783630633026495,0.783630633026495,1,False,False,False,True,1e-06,0.9,-0.6339591865411653
0.2750413068634605,0.0150260593346574,3.0059993670448546,0.1967154554740146,0.0265270292595135,0.3799005512357827,,3,1,0.1,2454141.818710723,1.521810466812124,1.5153549853647506,1.580488044141155,1.469041047906827,1.6322678310075855,1,10,0.1876605486726198,1.740970044999663,0.8,1.521810466812124,1.521810466812124,1,False,False,False,True,1e-06,0.9,-0.93232982952509
0.5149157157918757,0.0481612145660231,30.21491226820764,2.291809642926832,0.9978905647626826,0.5025763423887909,,3,1,0.1,373935.8686947522,0.1860043614763967,0.3163246009854217,1.3620441492823017,0.8907727127031456,0.9897474585590508,1,10,1.6717033513957291,1.291241121069184,0.8,0.1860043614763967,0.1860043614763967,1,False,False,False,True,1e-06,0.9,-0.1879313211387859
0.1263833142991401,0.0149805170205841,5.390257077253251,0.3406084813798681,-0.0044053715898334,0.9026392517815004,,3,1,0.1,12437773.248391757,1.210949698527061,0.9264774174838082,1.869609544503311,0.0970760724439012,0.1078623027154458,1,10,1.081295478812527,0.5250437571878533,0.8,1.210949698527061,1.210949698527061,1,False,False,False,True,1e-06,0.9,-11.226822337284956
0.2007602936517245,0.0173739822479732,2.201642806897094,0.1647131454930452,0.0386448729085613,0.3474549878883605,,3,1,0.1,2942049.3598888665,1.9198177150173472,1.8608365798912991,0.8219429817417762,1.6902635776498784,1.8780706418331985,1,10,1.476410231325941,0.9672173002318032,0.8,1.9198177150173472,1.9198177150173472,1,False,False,False,True,1e-06,0.9,-1.0222297245225622
0.0359159190609775,0.0061735847194054,7.362103290199939,0.2594548831259918,0.0652569756557716,0.4487671245278323,,3,1,0.1,2923684.4765274106,1.6116293894521971,0.4499270792959883,1.5595584353306005,1.1054944999523515,1.2283272221692796,1,10,1.7353488585650385,0.2535180369993755,0.8,1.6116293894521971,1.6116293894521971,1,False,False,False,True,1e-06,0.9,-1.312053475649083
0.1557335986175644,0.0092758714005791,5.495596886161802,0.3155609761968134,0.0211271891810191,0.5284464909122992,,3,1,0.1,2219875.969949286,1.0467892563238126,1.6816085970044423,0.500252037083397,0.8031052632145563,0.8923391813495071,1,10,1.1540542482122182,0.717934845950962,0.8,1.0467892563238126,1.0467892563238126,1,False,False,False,True,1e-06,0.9,-1.1730856662933722
0.2163834698026053,0.0039886345114233,13.121337906555723,0.4519444082668326,-0.0019942723446355,0.8553570253308876,,3,1,0.1,5095921.839073621,0.7370885563416928,1.0824692733456276,0.2767971336202797,0.1521922113772813,0.1691024570858681,1,10,1.3387743769793017,0.9428914996590568,0.8,0.7370885563416928,0.7370885563416928,1,False,False,False,True,1e-06,0.9,-4.358832545265526
0.1712716181843902,0.0226449034326503,7.714634005825036,0.6915567300822272,0.0467543788910863,0.6796475436736384,,3,1,0.1,1957841.5752459464,0.627198730530739,1.0000842070177267,1.0081282200561104,0.4242157768058868,0.471350863117652,1,10,1.4323031685210983,0.6270752381398662,0.8,0.627198730530739,0.627198730530739,1,False,False,False,True,1e-06,0.9,-1.3306422175213388
0.3493988404200925,0.047097491391004,4.825535887607802,0.3480311180385693,0.0925950931689006,0.4376687471008013,,3,1,0.1,1794046.64027897,1.008847485927126,1.1799735886938594,1.1916552255850823,1.1563497073112177,1.2848330081235753,1,10,0.8141052786082035,1.8857510024551083,0.8,1.008847485927126,1.008847485927126,1,False,False,False,True,1e-06,0.9,-0.7851981451254721
0.2735392564458168,0.0082723418718834,4.2681044785877305,0.2352885629973227,0.0216777724882832,0.368937870328959,,3,1,0.1,1758796.3364976214,1.1099086516483472,1.654417746079881,0.3517971487460964,1.5394351254793277,1.7104834727548084,1,10,1.8541445619457624,1.8612499900529893,0.8,1.1099086516483472,1.1099086516483472,1,False,False,False,True,1e-06,0.9,-0.6488865746065587
0.5341232176122983,0.0216014082121868,49.79542599304771,2.2519595965729544,0.5643868044069905,0.4364727177157515,,3,1,0.1,338194.40373558726,0.19058158259414,0.4276333727150702,1.2718979562196235,1.1619845490230982,1.291093943358998,1,10,0.3504914240807611,1.3776811762598302,0.8,0.19058158259414,0.19058158259414,1,False,False,False,True,1e-06,0.9,-0.1476126304797713
0.6004151912553606,6.647503367790757e-05,1367.3613749503393,-6.609265772467103,0.0181139829186204,0.5380939002849535,,3,1,0.1,152463.81381879043,0.0704238951635664,1.5525827383544577,0.0488630551814602,0.7725705300197512,0.8584117000219458,1,10,0.931362151322806,1.317383086125873,0.8,0.0704238951635664,0.0704238951635664,1,False,False,False,True,1e-06,0.9,-0.0820398482286077
0.0434486396623216,0.0057322608788811,7.319962318635383,0.4637167061235563,0.0659400576421323,0.5477958562839729,,3,1,0.1,1788302.4430422382,0.8086769661357617,1.8901282559635624,0.8102009360257456,0.7429478056026902,0.8254975617807669,1,10,1.7150336561878867,0.2990967732763637,0.8,0.8086769661357617,0.8086769661357617,1,False,False,False,True,1e-06,0.9,-0.9796246679011922
0.3348571280883602,0.0568403326250987,2.907254629737589,0.3141910765425219,0.1613580509565992,0.343726071835191,,3,1,0.1,1791717.437263428,1.175856264672148,1.5067558316080434,1.2103257072460267,1.7183640804283526,1.9092934226981693,1,10,1.678128226236016,1.837406232101275,0.8,1.175856264672148,1.175856264672148,1,False,False,False,True,1e-06,0.9,-0.6158599964518381
0.1130325704101919,0.0051231897362803,3.3072629796083657,0.1738886989211986,0.0187300036151896,0.3600616111029383,,3,1,0.1,3039021.862219905,1.944784809426248,1.614737515205649,0.4848646479982945,1.5995722183298744,1.7773024648109714,1,10,0.781434360769054,0.5530086811862379,0.8,1.944784809426248,1.944784809426248,1,False,False,False,True,1e-06,0.9,-1.094235107819928
0.2775873282126904,0.0200527618388739,326.55644743093785,0.3574190849077345,-0.0177234719523132,0.96023778007396,,3,1,0.1,22454503.32168795,0.8928400063826939,0.1027204430264354,0.7597778689241153,0.037267850397096,0.04140872266344,1,10,0.990754594132598,1.1758475002334257,0.8,0.8928400063826939,0.8928400063826939,1,False,False,False,True,1e-06,0.9,-21.561662417831425
0.1308529070045428,0.0214573305837555,3.224923491446612,0.2306278201342585,0.0766075150300222,0.3860280080299019,,3,1,0.1,2789611.580476377,1.7127416660222343,0.9756628903116544,1.4710588950278225,1.4314370493300723,1.590485610366747,1,10,1.6055238010661153,0.5690307275985209,0.8,1.7127416660222343,1.7127416660222343,1,False,False,False,True,1e-06,0.9,-1.0768682015104571
0.1897444932804508,0.0163181803399822,8.375192529022392,0.5627653016802882,0.0357459060073774,0.6179975820058335,,3,1,0.1,1745817.5527572923,0.6669058594920596,1.4589199685213856,0.769732887361627,0.5563163776124688,0.6181293084582986,1,10,0.4499372363908616,0.755032975409022,0.8,0.6669058594920596,0.6669058594920596,1,False,False,False,True,1e-06,0.9,-1.0789110260137602
0.1856947635199142,0.0004410716469527,6.802700959938813,0.2617717609935048,0.0009660257709462,0.4642537445582695,,3,1,0.1,2266713.14715848,1.2143818664686576,0.8567755757247876,0.0645533539473896,1.0385950259945371,1.1539944733272636,1,10,0.1846880802911326,0.8692217576900484,0.8,1.2143818664686576,1.2143818664686576,1,False,False,False,True,1e-06,0.9,-1.0523300664942914
0.2769085218898872,0.0277065495984354,6.795021542920782,0.159114619114474,0.0182227648735757,0.5038444196457869,,3,1,0.1,4008230.56774573,1.988703974295838,0.6202897207262853,1.3493627347769974,0.8862656901761836,0.9847396557513152,1,10,1.027373659245929,1.5147879967777809,0.8,1.988703974295838,1.988703974295838,1,False,False,False,True,1e-06,0.9,-2.019524603670513
0.2358128846293855,0.0002055236945585,14.107931252926145,0.2525673375001191,0.0002479437476496,0.5279533024634856,,3,1,0.1,2338427.4195469967,1.1038458370674291,0.5550806492627018,0.0406766897700153,0.8046962218069389,0.894106913118821,1,10,0.3703766324713809,1.2917389407898647,0.8,1.1038458370674291,1.1038458370674291,1,False,False,False,True,1e-06,0.9,-1.2345804788186134
0.1077549324182087,0.0038914293916608,4.146994718122612,0.225834842485009,-0.0006780438092218,0.899612251417775,,3,1,0.1,17513572.32421761,1.758146336963942,1.8106489361749127,1.869841216099111,0.1004310174540351,0.1115900193933723,1,10,0.244737192030088,0.4862844103971933,0.8,1.758146336963942,1.758146336963942,1,False,False,False,True,1e-06,0.9,-15.75542422761421
0.282638711312917,0.0163938774887703,2.875597906456344,0.1438124192681731,-0.0015342858325405,0.7455646495500077,,3,1,0.1,7180332.445456248,1.826928574948446,1.357583869255962,1.6121532605324942,0.3071387780297833,0.3412653089219815,1,10,0.4164121893284658,1.8603581474428053,0.8,1.826928574948446,1.826928574948446,1,False,False,False,True,1e-06,0.9,-5.3534020426749125
0.2960309842084044,0.0126643008331769,21.75930954628203,0.3813031572950541,0.0693138849046879,0.3793840943559753,,3,1,0.1,993438.6515644412,0.6165432118758372,0.7780819856348168,0.2807306268553973,1.4722660316790503,1.635851146310056,1,10,0.6073960259635863,1.4585829154760022,0.8,0.6165432118758372,0.6165432118758372,1,False,False,False,True,1e-06,0.9,-0.3768948231076952
0.3071684011776663,0.0422777610370543,36.73013039589352,0.2469927835311134,0.0303064831201493,0.5536697388386139,,3,1,0.1,3011635.493586927,1.3441827121620211,0.2751830338214968,1.3782841046052925,0.7255177714567784,0.8061308571741982,1,10,1.8803956595123124,1.5081043535655476,0.8,1.3441827121620211,1.3441827121620211,1,False,False,False,True,1e-06,0.9,-1.6674514371731417
0.2364505112232803,0.0132736744111448,21.66181968562325,0.6284876611661803,0.1729776649098091,0.4794517472727481,,3,1,0.1,588023.7183570904,0.3060944130516799,1.5017213828437983,0.4526717661455909,0.9771440611478522,1.0857156234976135,1,10,1.6004357031079757,0.8595462576719214,0.8,0.3060944130516799,0.3060944130516799,1,False,False,False,True,1e-06,0.9,-0.2819289991977957
0.3335261913514242,0.0315287624944994,4.648481039644403,0.3960210730817157,0.0834288508055483,0.421837184792139,,3,1,0.1,1532752.6130421434,0.8861796795489497,1.5964414354343828,1.493539677806598,1.2335245740450231,1.3705828600500256,1,10,0.3528439287941047,1.6297838828214122,0.8,0.8861796795489497,0.8861796795489497,1,False,False,False,True,1e-06,0.9,-0.646572047235644
0.3233359222723158,0.0291333433029045,7.069577147402884,2.102623104024388,0.9619210790688149,0.4063783480502681,,3,1,0.1,380431.4018151047,0.2258320913505806,1.0396013221803213,1.3128388030359042,1.3146849218666343,1.4607610242962603,1,10,0.7811243079802376,0.8133666311625601,0.8,0.2258320913505806,0.2258320913505806,1,False,False,False,True,1e-06,0.9,-0.1545990846048685
0.0853055888911793,0.0014265542230472,8.563344816758303,0.3410602708384418,0.0104754763513328,0.4322555341447178,,3,1,0.1,1802869.0455831457,1.023567899683265,1.7644467370846877,0.1955698064902055,1.1821017405382317,1.313446378375813,1,10,0.4837832416950636,0.4453496904818152,0.8,1.023567899683265,1.023567899683265,1,False,False,False,True,1e-06,0.9,-0.7793001222607151
0.3116454631507318,0.0340103176500393,3.843187656261152,2.5174431397536687,0.35326182432132,0.7086064444080449,,3,1,0.1,651750.1187965984,0.1899155945216048,1.865623581978664,1.9878933654360045,0.3700985252142905,0.4112205835714339,1,10,1.7303211737326265,0.7672781061127821,0.8,0.1899155945216048,0.1899155945216048,1,False,False,False,True,1e-06,0.9,-0.4618343342344115
0.2471055869260253,0.0116663333114845,2.323930033183351,0.1663868205220568,-0.0015838560359732,0.7768923715611458,,3,1,0.1,7540840.605087227,1.6824173811202665,1.7349686373425115,0.7667790903209513,0.2584616260183795,0.2871795844648661,1,10,0.5428129348775252,1.3813508387294724,0.8,1.6824173811202665,1.6824173811202665,1,False,False,False,True,1e-06,0.9,-5.858421540210413
0.0317254577417366,0.0059377153249346,5.905178174590526,0.4632654108073212,0.1119553270318188,0.4982044333384315,,3,1,0.1,1892815.1655581384,0.9498053087050696,0.7884543076879281,1.289853864290896,0.9064873368732702,1.0072081520814111,1,10,1.4250703324372682,0.2309481198223837,0.8,0.9498053087050696,0.9498053087050696,1,False,False,False,True,1e-06,0.9,-0.943008906895351
0.1390633364942621,0.0021648190249167,4.730814564305548,0.2665522136241056,-0.0003134481007456,0.8458244167996789,,3,1,0.1,8633764.89216723,1.3311144060089617,1.9433965205871893,0.2836884141773781,0.1640506257850816,0.1822784730945351,1,10,0.4288599817212381,0.657717093836285,0.8,1.3311144060089617,1.3311144060089617,1,False,False,False,True,1e-06,0.9,-7.302649152832275
0.0151484249112316,0.0013533495882085,17.989117016471045,2.929620713025617,0.3060484753330382,0.6918758889195354,,3,1,0.1,680310.6310354371,0.2096198988137357,0.4619283311514295,1.9170755951766727,0.4008113368504292,0.4453459298338103,1,10,0.7294109598282039,0.1332861779008415,0.8,0.2096198988137357,0.2096198988137357,1,False,False,False,True,1e-06,0.9,-0.4706905225604249
0.1561430899862974,0.0098936816355364,11.42321660431476,2.2042970159817434,0.6005200476600937,0.3640563034577923,,3,1,0.1,417551.84414282505,0.265539197677401,1.6789662140287576,1.9727546676156087,1.572145081548749,1.746827868387499,1,10,0.3410694175693327,0.4697139135265426,0.8,0.265539197677401,0.265539197677401,1,False,False,False,True,1e-06,0.9,-0.1520123808545136
0.000112191421071,1.0162698338451008e-05,3809.568799634407,0.5994760091793436,0.0395332880086252,0.6312941953064974,,3,1,0.1,2311130.879757976,0.8521265186242575,0.0211483984856484,0.6815807539925917,0.5256427616335743,0.5840475129261936,1,10,0.6240167122807506,0.0126661996451815,0.8,0.8521265186242575,0.8521265186242575,1,False,False,False,True,1e-06,0.9,-1.4590035089464712
0.2685002002113468,0.0156371179895647,3.5586614676372363,0.2596393383656056,-0.0074039982695102,0.8615152877553396,,3,1,0.1,7918594.964817321,1.0966032481477528,1.9639269047446528,0.7034137186105307,0.1446709568496824,0.1607455076107582,1,10,1.6062803374609984,1.4909183219655948,0.8,1.0966032481477528,1.0966032481477528,1,False,False,False,True,1e-06,0.9,-6.821990617656353
0.4313387836973313,0.0207929219748872,33.95603071592326,3.559957020646573,1.6894443109100112,0.4402828626655492,,3,1,0.1,231766.13175032928,0.129723346080597,0.2787533921809959,1.216032719973022,1.144140429521247,1.2712671439124963,1,10,1.024326714244472,0.9295617417351608,0.8,0.129723346080597,0.129723346080597,1,False,False,False,True,1e-06,0.9,-0.1020426559634834
0.2662255715423811,0.0117908650893955,6.246378356051474,0.1893602739333743,0.0245129275496408,0.349043334590651,,3,1,0.1,2378558.68346226,1.5483370809640853,0.8311119195802587,1.3974666542397192,1.6784763976527346,1.864973775169705,1,10,0.1380532181763953,1.6969986562192707,0.8,1.5483370809640853,1.5483370809640853,1,False,False,False,True,1e-06,0.9,-0.8302200545207525
0.0464618172346406,0.0056452280755235,3.7937551977338058,0.2800463745759561,0.0012556932292457,0.9032504728179624,,3,1,0.1,16629510.871998118,1.6088957051774095,1.4326048592349117,1.842254004560452,0.0964013605131901,0.1071126227924334,1,10,1.925404128845144,0.2880765241697811,0.8,1.6088957051774095,1.6088957051774095,1,False,False,False,True,1e-06,0.9,-15.020613557291853
0.2434079193121393,0.0018755067054311,2.344399850605082,0.1700508657181298,0.0018273423868638,0.4829117033368681,,3,1,0.1,3017309.991663472,1.5602141237898337,1.9312598702755104,0.4670762263137307,0.9636947371146656,1.0707719301274063,1,10,0.0274666568462083,1.5581989743262907,0.8,1.5602141237898337,1.5602141237898337,1,False,False,False,True,1e-06,0.9,-1.4570943074855485
0.2877034684360788,0.0281990911824305,2.882202214181388,0.221255592040177,0.056472806431524,0.3765144679666137,,3,1,0.1,2213110.4009902286,1.379840935677641,1.5164878381091724,0.8177983271714926,1.4903463918943074,1.6559404354381193,1,10,0.7610987791114728,1.7497177070454937,0.8,1.379840935677641,1.379840935677641,1,False,False,False,True,1e-06,0.9,-0.8332680850042204
0.0311297800683985,0.0023964910133141,8.15325640438214,0.3753417535356761,0.0534059435700274,0.4025616816370973,,3,1,0.1,2031017.466335122,1.2134064462403773,0.6210925110828992,0.6293127647028506,1.3356822346825723,1.4840913718695248,1,10,0.3831001742551651,0.2243656333417237,0.8,1.2134064462403773,1.2134064462403773,1,False,False,False,True,1e-06,0.9,-0.8176098066780629
0.2834809124898424,0.0185183490316308,6.956103221574487,0.1869376227341881,0.0037423447698981,0.6477021012146589,,3,1,0.1,4263582.712768684,1.502049729042311,0.7870601617102018,1.7480119671853471,0.4895276830385419,0.5439196478206021,1,10,0.3504447777315123,1.700205625876446,0.8,1.502049729042311,1.502049729042311,1,False,False,False,True,1e-06,0.9,-2.7615314819211183
0.0014267874888995,8.457464423305207e-05,5.640003006438589,0.2928345939694725,0.0093312256024719,0.6727771284391234,,3,1,0.1,4906787.413476477,1.6056114618216104,0.9512712765984112,0.6674017133156439,0.4377386982343545,0.486376331371505,1,10,1.102098970326355,0.0473230409168431,0.8,1.6056114618216104,1.6056114618216104,1,False,False,False,True,1e-06,0.9,-3.301174345604966
0.0209352746369656,0.0011709965743543,14.690032873011496,0.9240651599437038,0.0073384500344666,0.8866696628871503,,3,1,0.1,5236965.901779634,0.5935065176387889,1.559864373271691,1.205634000605239,0.1150341639855408,0.127815737761712,1,10,0.2780295076064595,0.1722762722181409,0.8,0.5935065176387889,0.5935065176387889,1,False,False,False,True,1e-06,0.9,-4.643458791058944
0.2869505936392982,0.0278907732518575,1.8638779851851217,0.16037994666343,0.0082997062767657,0.6039561698291047,,3,1,0.1,4717124.576954742,1.8681862168112384,1.8394336077919589,1.6760158937417498,0.5901743619154743,0.6557492910171937,1,10,0.9160267513213696,1.5860479122242357,0.8,1.8681862168112384,1.8681862168112384,1,False,False,False,True,1e-06,0.9,-2.848936492328547
0.3431411834780522,0.0490313243755555,4.996874528453705,1.0731774578679258,0.5313716311074362,0.468665105300292,,3,1,0.1,596137.7224442232,0.3167484571738021,1.7870461757485772,1.1467068385682608,1.0203477916781003,1.1337197685312226,1,10,1.4292550420925227,1.049352702842662,0.8,0.3167484571738021,0.3167484571738021,1,False,False,False,True,1e-06,0.9,-0.2793889484106107
0.4675396175026296,0.000118114270555,2756.76018703839,1.1543515781472071,0.0023286167306378,0.5572379636038641,,3,1,0.1,375847.7603294228,0.1664109533149672,1.084275716686429,0.038749185618991,0.715108909987695,0.7945654555418834,1,10,1.5888506279860368,1.3230735753244385,0.8,0.1664109533149672,0.1664109533149672,1,False,False,False,True,1e-06,0.9,-0.2094366405753574
0.2420388352381753,0.0070868100987042,11.38791037785562,0.3690869030760337,0.0258556446642786,0.4267241990343857,,3,1,0.1,1351953.7698580544,0.7750416053116181,0.989037971418909,0.2552097788947104,1.2090906070866567,1.343434007874063,1,10,0.930019976666944,1.1458864336852517,0.8,0.7750416053116181,0.7750416053116181,1,False,False,False,True,1e-06,0.9,-0.5769113896258297
0.1856316322599915,0.0040389442181202,18.969155091403703,0.579666872599252,0.0040238332987055,0.7136367947288671,,3,1,0.1,2144408.1925662737,0.6140789892671455,1.3569409663391403,0.2718171690987297,0.3611457349840519,0.4012730388711688,1,10,1.3238576176487558,0.7843339327740213,0.8,0.6140789892671455,0.6140789892671455,1,False,False,False,True,1e-06,0.9,-1.5303285889169564
0.1008269716947034,0.0103662176462273,3.4098957287894778,0.2119007484759051,0.0295781574055339,0.4642064368195562,,3,1,0.1,3473857.552940026,1.8612686549774249,1.1108023817733688,1.0366396531970743,1.0387925901377426,1.1542139890419365,1,10,1.6604251661607954,0.4800424771306729,0.8,1.8612686549774249,1.8612686549774249,1,False,False,False,True,1e-06,0.9,-1.6125870366473731
0.2392020635080395,0.0295361758907225,6.336578602289415,0.540307110646281,0.0614917464577592,0.5791404348986288,,3,1,0.1,1787843.1909056085,0.7524301551658672,1.0447231577093927,1.1347243183531694,0.6540272199393811,0.7266969110437568,1,10,0.7511012307884252,0.8434987564583313,0.8,0.7524301551658672,0.7524301551658672,1,False,False,False,True,1e-06,0.9,-1.0354122828392152
0.000377050192288,1.8037087320006176e-05,9.746328647225482,0.3754107275968024,0.0301955639505456,0.4212657757484427,,3,1,0.1,2081236.8832161035,1.2044818084358255,0.6219446683416501,0.3761612035310065,1.2364185077722325,1.3737983419691473,1,10,0.9594199064135605,0.0240762757529295,0.8,1.2044818084358255,1.2044818084358255,1,False,False,False,True,1e-06,0.9,-0.8767538699975256
0.1554317689259654,0.0089592845591242,8.518881160132278,0.2860846963379639,0.0288152434029516,0.4337354726106104,,3,1,0.1,2230248.1861943123,1.2629091720072283,0.5587939806085137,0.4790378673672426,1.174997450826399,1.3055527231404431,1,10,1.2720700460248753,0.6759657181359392,0.8,1.2629091720072283,1.2629091720072283,1,False,False,False,True,1e-06,0.9,-0.9673377509247814
0.3168251352345853,0.0652573811581629,31.38921704011094,0.7597747267712025,0.5182036927855488,0.362565615664341,,3,1,0.1,907839.8919679832,0.5786877838856475,0.2797463961519082,1.3244272135628556,1.5823093010375515,1.7581214455972796,1,10,1.8099048687517167,1.032560843158321,0.8,0.5786877838856475,0.5786877838856475,1,False,False,False,True,1e-06,0.9,-0.3291515293341045
0.3099489512277512,0.0141258400952636,9.392376767423196,2.6656265028794146,0.388270182724612,0.6260571814673231,,3,1,0.1,416508.6288043545,0.1557502548484776,1.2161911500902396,0.7871149136345859,0.5375683669830651,0.597298185536739,1,10,0.6900996622463088,0.7581481312353991,0.8,0.1557502548484776,0.1557502548484776,1,False,False,False,True,1e-06,0.9,-0.2607582182068298
0.0814868352383969,0.0123459562024514,31.73546056201531,0.233062140897237,0.051131125419705,0.4507486758703694,,3,1,0.1,3189888.398935305,1.7520486750435935,0.1924307917787847,1.4536952317261815,1.0966780784483778,1.2185311982759752,1,10,1.8003495514719043,0.4107059957323649,0.8,1.7520486750435935,1.7520486750435935,1,False,False,False,True,1e-06,0.9,-1.437837972118512
0.2358221748944953,0.000281180724939,4.240368789745603,0.2421458413587951,7.1375196586452e-05,0.6748511307765658,,3,1,0.1,3522505.884914174,1.1453376597065432,1.8661602890559537,0.0755505927798914,0.4336274608658513,0.4818082898509459,1,10,1.3725876490000386,1.3099156535608047,0.8,1.1453376597065432,1.1453376597065432,1,False,False,False,True,1e-06,0.9,-2.3771670790440926
0.4205108865711646,0.0527208628696569,5.36435960541702,0.4924329828701867,0.0234886602881078,0.6603548208382731,,3,1,0.1,2088494.7352256123,0.7093464591000673,1.4947434322459157,1.7683483826915711,0.4629036566394935,0.514337396266104,1,10,0.83905950544616,1.876289892809344,0.8,0.7093464591000673,0.7093464591000673,1,False,False,False,True,1e-06,0.9,-1.379147566550906
0.1004353507103599,0.0074492905626503,3.6735839271078574,0.2256122639784152,-0.0026554783019016,0.954134526807652,,3,1,0.1,38790724.36596168,1.7791531490327308,1.174289245913675,1.1342152754137953,0.0432632136384627,0.0480702373760697,1,10,1.512137768672264,0.471638814549879,0.8,1.7791531490327308,1.7791531490327308,1,False,False,False,True,1e-06,0.9,-37.01156943051784
0.3424672574297014,0.0123956015632458,101.593104282618,0.8635204844176856,0.135324806725062,0.4184494164708893,,3,1,0.1,621127.8024281568,0.3612168747989688,0.3604098827680345,0.3305841069493467,1.2507975984060458,1.3897751093400508,1,10,1.1986820096324036,1.1084805641425028,0.8,0.3612168747989688,0.3612168747989688,1,False,False,False,True,1e-06,0.9,-0.2599105665285453
0.0033078510715388,1.8558592195491284e-05,30.63547786248716,0.7565289062131219,0.0042615667380709,0.5758404469581127,,3,1,0.1,1523308.132640095,0.6461250506305313,1.852586908992209,0.1418004838626024,0.6629329352501475,0.7365921502779417,1,10,1.9093706990017896,0.0699523144531093,0.8,0.6461250506305313,0.6461250506305313,1,False,False,False,True,1e-06,0.9,-0.8771824360492796
0.0731362989362515,0.0065418671697029,9.639587140152305,2.179161823841451,0.1007410346167259,0.7862607992840038,,3,1,0.1,1203568.8629369617,0.2572495894816522,1.2345543995990511,1.0095184350130897,0.2446583637637421,0.2718426264041579,1,10,1.0556714086987664,0.322908039625616,0.8,0.2572495894816522,0.2572495894816522,1,False,False,False,True,1e-06,0.9,-0.9463190160206122
0.2721133951990691,0.0075649213966032,371.0067266298249,0.2667670242621177,0.0066012001676667,0.5625848616463488,,3,1,0.1,2407143.7777875857,1.0529200755629176,0.1097897956249974,0.94090908476589,0.6997586521724727,0.7775096135249696,1,10,0.0914803800179393,1.574976113046533,0.8,1.0529200755629176,1.0529200755629176,1,False,False,False,True,1e-06,0.9,-1.3542226490414688
0.3159969885560286,0.0358806371685806,2.902822542834454,0.1914919688756429,0.0002071508162934,0.7068180278236886,,3,1,0.1,5120926.197113205,1.501361740493381,1.3379781449065524,1.619564564844319,0.3733121745226613,0.4147913050251792,1,10,1.29076390306734,1.7704962338834644,0.8,1.501361740493381,1.501361740493381,1,False,False,False,True,1e-06,0.9,-3.6195629553131146
0.101562632341104,0.0050770862587996,14.870740239524306,1.2145503277234833,0.3627074420563236,0.4255216308187138,,3,1,0.1,418656.6774059882,0.2405089647586139,1.79337006804914,0.9086186148255406,1.215051115658629,1.3500567951762543,1,10,0.2627769043666691,0.3982675727584456,0.8,0.2405089647586139,0.2405089647586139,1,False,False,False,True,1e-06,0.9,-0.1781474721114821
0.1850887396768808,9.93135856721744e-06,26.028454523365248,20.142987418741964,17.727205185715274,0.3412734076533531,,3,1,0.1,36074.63013998444,0.0237632944153277,0.2695197691635453,1.8432347481120184,1.7371817428979728,1.930201936553303,1,10,1.0903553167619946,0.4263291331613348,0.8,0.0237632944153277,0.0237632944153277,1,False,False,False,True,1e-06,0.9,-0.012311311955813
0.2036004787511214,0.0019638287035854,5.862676322984371,0.2699979386940185,0.0068956546523517,0.3649242436171444,,3,1,0.1,1863242.9304098545,1.1832992297603628,1.4113956835390824,1.5882998367059875,1.566265302297162,1.74029478033018,1,10,0.0232850800543901,0.9529109871422946,0.8,1.1832992297603628,1.1832992297603628,1,False,False,False,True,1e-06,0.9,-0.6799425168850354
0.2559506577930739,0.0004252208409624,3.2990972908249296,0.1898028319017451,0.0005205742803459,0.4640669266313627,,3,1,0.1,2495662.620376311,1.3375068005600137,1.811140915743038,0.0824004674944589,1.039375439945812,1.154861599939791,1,10,1.1411835842466005,1.8214744198907284,0.8,1.3375068005600137,1.3375068005600137,1,False,False,False,True,1e-06,0.9,-1.158154482005935
0.1116263643752272,0.0044949753949186,13.07605461480591,0.2104686513280938,0.0068653704601154,0.5676868190619496,,3,1,0.1,4267828.746965301,1.8450367766336195,0.3349713234768248,0.4739820118633051,0.6853811816296305,0.7615346462551449,1,10,0.686912969707441,0.5189843318150282,0.8,1.8450367766336195,1.8450367766336195,1,False,False,False,True,1e-06,0.9,-2.422790126153018
0.4687955908156407,0.0264989047217171,13.931629487370884,1.4610873787129186,0.0863639104654332,0.6856946938757118,,3,1,0.1,794890.0774975723,0.2498379193387095,1.02198411109019,0.7755951816006219,0.4125375010749799,0.4583750011944221,1,10,0.5372127458193096,1.384957158953064,0.8,0.2498379193387095,0.2498379193387095,1,False,False,False,True,1e-06,0.9,-0.5450519084278306
0.3056362793940466,0.055904543904425,13.528755155454007,0.2185008897601103,0.1038660418420464,0.3360442770764122,,3,1,0.1,2836196.1669697496,1.883106793539216,0.4206895031441376,1.847515423863928,1.7782185009368603,1.975798334374289,1,10,1.9479583475785915,1.5685777119330853,0.8,1.883106793539216,1.883106793539216,1,False,False,False,True,1e-06,0.9,-0.953087490704038
0.0349323124011275,0.0069444924121193,12.729066449961469,0.6800880317210406,0.3728236866151273,0.3918133317089124,,3,1,0.1,937627.778696689,0.570252144462306,0.4015418068183278,1.0308893576022946,1.3970121921952154,1.5522357691057949,1,10,1.8452625118320256,0.2375140251411681,0.8,0.570252144462306,0.570252144462306,1,False,False,False,True,1e-06,0.9,-0.3673750638042306
0.1277153968472247,0.0049167796193849,4.519440816402697,0.2495862487697352,0.0007029375957091,0.8032873022039705,,3,1,0.1,7897970.170018857,1.553629465721717,1.202491248610555,1.0769952293128402,0.2203961490872317,0.2448846100969241,1,10,0.2406571465259122,0.5550019075057703,0.8,1.553629465721717,1.553629465721717,1,False,False,False,True,1e-06,0.9,-6.3443391511465865
0.2162594794169771,0.0210460339476009,6.140885519685832,0.2675858998874561,0.0174019264344992,0.5988907832738531,,3,1,0.1,3299636.3549815933,1.323513230291033,0.6622016730030256,0.9664949708125644,0.6027781778175396,0.6697535309083773,1,10,0.9104733220616356,0.9012967862446036,0.8,1.323513230291033,1.323513230291033,1,False,False,False,True,1e-06,0.9,-1.976121801118688
0.1123145333246646,0.0253944685401515,19.63219976504544,0.4660434616569615,0.1358950439086604,0.5057677912423442,,3,1,0.1,1823657.688094084,0.901309465793314,0.286443418131732,1.7543590580133583,0.8794727453665693,0.977191939296188,1,10,1.7363246633233986,0.4842497551382322,0.8,0.901309465793314,0.901309465793314,1,False,False,False,True,1e-06,0.9,-0.922347320785248
0.1809823896974474,0.0180703039537419,8.591916535746815,1.19789845320118,-0.0170697887666889,0.9200146278572868,,3,1,0.1,5148519.032874799,0.4118057990214696,1.605209759663073,1.660119889476242,0.0782453156164474,0.0869392395738305,1,10,0.8664152009365357,0.5769949258631584,0.8,0.4118057990214696,0.4118057990214696,1,False,False,False,True,1e-06,0.9,-4.736712822034228
0.0743028477099292,0.0095239264142328,4.925525812412065,0.4184861639755828,0.0122532233522171,0.7758758294494645,,3,1,0.1,4634704.854291088,1.0387483422990411,1.9151438187024985,1.24042494653855,0.2599794269124348,0.2888660299027054,1,10,1.4075251182783703,0.3895868098038481,0.8,1.0387483422990411,1.0387483422990411,1,False,False,False,True,1e-06,0.9,-3.595955472497928
0.2438600543867455,0.0330175109587503,272.26576725567475,0.3282866666363879,-0.0148032461369006,0.8761585311176727,,3,1,0.1,8569732.885380812,1.0612872470135126,0.0945623756561128,1.971910561310308,0.1272113641944612,0.141345960216068,1,10,1.297128059319139,0.9257530939653748,0.8,1.0612872470135126,1.0612872470135126,1,False,False,False,True,1e-06,0.9,-7.508444575836655
0.53975324852545,0.0134872907584438,37.06505238119298,1.3276412754450602,0.0512362869344805,0.6239720008616622,,3,1,0.1,735359.6824338831,0.2765155535352441,1.1163757072729277,1.5475510570693185,0.5423724121549722,0.6026360135055246,1,10,0.1468890791230829,1.755714101739961,0.8,0.2765155535352441,0.2765155535352441,1,False,False,False,True,1e-06,0.9,-0.4588438524314356
0.0620656539400333,0.0075443120384301,33.290793504171475,0.3042201085210327,0.0283770729249751,0.5900905019384799,,3,1,0.1,3482397.575637315,1.4274664146847322,0.1985682349604577,1.1387894707299655,0.6251897752013467,0.694655305779274,1,10,1.747039100008312,0.3418052753633579,0.8,1.4274664146847322,1.4274664146847322,1,False,False,False,True,1e-06,0.9,-2.054929733171466
0.2078200760848934,0.0156614496990457,4.801841498032295,0.2604905184947034,0.0644482859984473,0.3623418687338183,,3,1,0.1,1597023.4249758606,1.018353954296911,1.511432715378921,0.4852786664782081,1.5838421326936227,1.759824591881803,1,10,0.8429728282775909,0.9881552910271189,0.8,1.018353954296911,1.018353954296911,1,False,False,False,True,1e-06,0.9,-0.5786684521563168
0.1945857102339463,0.0176335255008122,3.100292159381822,0.2440914957675801,0.0383316990489972,0.4404961787607481,,3,1,0.1,2440935.170149056,1.3657111891929998,1.774630023722644,0.8858249573182144,1.1431505275073626,1.2701672527859584,1,10,0.5873963270851372,0.8689463472338629,0.8,1.3657111891929998,1.3657111891929998,1,False,False,False,True,1e-06,0.9,-1.075222614902615
0.3399366205675971,0.0479836425415587,470.002787773283,0.3921395027916922,0.169158874271227,0.346307854084949,,3,1,0.1,1509019.788090058,0.986433396857023,0.0894800713025001,1.1877978565911973,1.6988437437495445,1.887604159721716,1,10,0.6677927432932976,1.6684104762540082,0.8,0.986433396857023,0.986433396857023,1,False,False,False,True,1e-06,0.9,-0.5225854044715852
0.0858371918528684,0.0137219394882974,4.904931337461465,0.5081690545824056,0.0223492280446988,0.7624875974294789,,3,1,0.1,3787876.824949865,0.8996668254534298,1.5290275187167823,1.663108647704743,0.2803470679839345,0.3114967422043717,1,10,1.4602650580655678,0.4018264857553316,0.8,0.8996668254534298,0.8996668254534298,1,False,False,False,True,1e-06,0.9,-2.8882090989253006
0.328082096798796,0.0067012600456629,10.106881035368437,5.17135040227149,0.0717110984607852,0.9042620581997542,,3,1,0.1,1031168.89845224,0.0987218892475425,1.6883682130520603,0.9381552627283996,0.0952867001760094,0.1058741113066771,1,10,1.2296139623705784,0.7125121400838644,0.8,0.0987218892475425,0.0987218892475425,1,False,False,False,True,1e-06,0.9,-0.9324469103072002
0.1711009351694236,4.776101449239132e-05,754.48980130149,-14.803373050105606,0.0615009892856177,0.44924045908534,,3,1,0.1,128154.04998518823,0.0705819951435002,1.323347250920812,0.0702121347685275,1.103381444833381,1.225979383148201,1,10,0.7457990466327766,0.4568671297207304,0.8,0.0705819951435002,0.0705819951435002,1,False,False,False,True,1e-06,0.9,-0.0575719842402628
0.0006560290609697,1.6899505060236138e-05,21.24191078726945,0.6701416467792782,0.0126063414787095,0.6386173663086994,,3,1,0.1,2004388.254698285,0.7243503820648085,0.8355763967791769,0.2633632759692457,0.5092945909099372,0.5658828787888192,1,10,1.0518887312550194,0.0315331109510785,0.8,0.7243503820648085,0.7243503820648085,1,False,False,False,True,1e-06,0.9,-1.2800371482621051
0.1829793562357298,0.0155514676279686,3.3815793462309003,0.2583799228185875,0.0091449432533785,0.6565972475141264,,3,1,0.1,3886964.5747552793,1.3347929986695308,1.7236638582484658,0.877270046383105,0.4707032787715683,0.5230036430795204,1,10,1.5153698539523863,0.8095696027727414,0.8,1.3347929986695308,1.3347929986695308,1,False,False,False,True,1e-06,0.9,-2.552170240350658
0.2129661283314025,2.84730112619664e-05,46.554878704273925,0.1951944008201711,5.364224168204536e-05,0.411900069857077,,3,1,0.1,2515664.417546177,1.4794605888650487,0.2234793483627759,0.0209202751478775,1.2849959877702524,1.4277733197447249,1,10,1.185014208513774,1.124124453972826,0.8,1.4794605888650487,1.4794605888650487,1,False,False,False,True,1e-06,0.9,-1.0362023493968595
0.2152009517562629,0.0031868664325656,5.97538668669421,0.2139149148703071,-0.0001245416070972,0.7599575484361852,,3,1,0.1,5857786.581053541,1.4061160455705912,0.7690266628380027,0.5412578937531675,0.284276676838054,0.3158629742645044,1,10,0.07005542997803,1.0606739980517377,0.8,1.4061160455705912,1.4061160455705912,1,False,False,False,True,1e-06,0.9,-4.451669129504082
0.2622584422551327,0.0158929189186243,2.5309917723235182,0.1895327126302305,0.0257463558938494,0.3899597042764758,,3,1,0.1,2713928.2275779205,1.6556039226379209,1.5871436954606677,1.456601422620296,1.4079307685645206,1.5643675206272452,1,10,0.238420720759737,1.4734456952528658,0.8,1.6556039226379209,1.6556039226379209,1,False,False,False,True,1e-06,0.9,-1.0583226488734665
0.0278767748227628,0.0027512600850879,4.394275658512475,0.2542353123456637,0.0157396061459939,0.6304241802069724,,3,1,0.1,4765443.96625195,1.7611910991918325,0.960882631633854,1.1396519403816778,0.5276102158780203,0.5862335731978002,1,10,1.920748751911307,0.2190236576771049,0.8,1.7611910991918325,1.7611910991918325,1,False,False,False,True,1e-06,0.9,-3.004251105537912
0.0009329732164916,7.560266011098564e-06,21.494409355555504,0.6566014192896826,0.0005026057565201,0.9244682666592532,,3,1,0.1,9863469.144225962,0.7450041761302578,1.712396021484487,0.1494898725795357,0.0735326051291364,0.0817028945879293,1,10,0.325837772776789,0.0391269670466381,0.8,0.7450041761302578,0.7450041761302578,1,False,False,False,True,1e-06,0.9,-9.118464222006883
0.3445665790896777,0.0340642529528598,21.09488076504413,0.245599187673588,-0.0188663408753834,0.8814930257490318,,3,1,0.1,9198242.009469563,1.090054738935632,0.5012569959109474,1.6429064754784517,0.1209950319632332,0.1344389244035925,1,10,0.8016565419256925,1.9714370071541143,0.8,1.090054738935632,1.090054738935632,1,False,False,False,True,1e-06,0.9,-8.108186180647857
0.4995429390487506,0.0509581079915923,7.137666551434671,1.0659504743707633,0.0635744016576665,0.6916401785553815,,3,1,0.1,1060835.026959936,0.3271185723801695,1.7906626909290662,1.0445712812669885,0.4012546522092114,0.4458385024546794,1,10,1.3568109331554912,1.880281235607472,0.8,0.3271185723801695,0.3271185723801695,1,False,False,False,True,1e-06,0.9,-0.7337161274715038
0.0025552807456535,0.0003082402115169,9.22082590855882,0.8175043119842218,0.7842662577873774,0.3716320211907578,,3,1,0.1,432841.5786808861,0.2719835160048856,1.4531779635543036,0.8110208559188741,1.5217504108399529,1.6908337898221697,1,10,1.618970556853592,0.0607476683693736,0.8,0.2719835160048856,0.2719835160048856,1,False,False,False,True,1e-06,0.9,-0.1608577907690187
0.1927294257613998,0.0106406051483521,411.5836670823281,0.3396418623019968,0.0234285252272886,0.5093589014745201,,3,1,0.1,2120733.871666571,1.040518155752488,0.07492917482222,0.480361059000299,0.8669270084308541,0.963252231589838,1,10,1.542178389510479,0.8124296458697191,0.8,1.040518155752488,1.040518155752488,1,False,False,False,True,1e-06,0.9,-1.0802146749800698
0.2311663606443176,0.0268765719013354,2.7435609313372447,0.1923221331448304,0.0281126160679396,0.4859726016249462,,3,1,0.1,3624705.719743445,1.8631961877571064,1.0969573465327564,1.549673033653599,0.9519562563623354,1.0577291737359282,1,10,1.0158276716759926,1.0064075946954132,0.8,1.8631961877571064,1.8631961877571064,1,False,False,False,True,1e-06,0.9,-1.76150766870921
0.0851725375591345,0.0094294836615873,12.045740080544157,0.2183738847073653,0.1365834889503811,0.4088613346022188,,3,1,0.1,964004.6436011526,0.5698598486189334,1.5047819720034408,0.5067406836909754,1.301235293808376,1.4458169931204177,1,10,0.5360909535213841,0.4962353783756775,0.8,0.5698598486189334,0.5698598486189334,1,False,False,False,True,1e-06,0.9,-0.3941442251615035
0.4718217067354613,0.0715472513267137,30.194482468082395,1.1163423170143234,0.3758152331480274,0.4986588795100204,,3,1,0.1,778067.3387289578,0.3900767613159571,0.3802280937464995,1.332395086835322,0.9048410185422447,1.0053789094913832,1,10,1.5275246961764757,1.5056668857681574,0.8,0.3900767613159571,0.3900767613159571,1,False,False,False,True,1e-06,0.9,-0.3879901872917313
0.2216656585852655,0.0043503363472907,2.9796701645749164,0.1687124304262613,0.0094840575586571,0.3499524724480578,,3,1,0.1,2586769.163790869,1.6815212176161658,1.347427611753108,0.2934150679583356,1.6717778008657551,1.857530889850839,1,10,1.3312658403359932,1.2205534588079507,0.8,1.6815212176161658,1.6815212176161658,1,False,False,False,True,1e-06,0.9,-0.9052462644496916
0.0007559378848102,7.482572700881185e-05,4.21778861599016,0.2603555894679943,0.0153465422818419,0.6466686336334477,,3,1,0.1,5033942.846034094,1.7786481252256745,1.372020726166255,1.1760891912633038,0.4917483440369684,0.5463870489299649,1,10,1.6019375361626356,0.034745078331703,0.8,1.7786481252256745,1.7786481252256745,1,False,False,False,True,1e-06,0.9,-3.255292941802111
0.0610718339107357,0.0115014711354923,6.816183674924119,0.6905456965120512,0.1647371592728948,0.5306527140369978,,3,1,0.1,1362492.4364899152,0.639481487547831,0.8612040957716854,1.1621761164517916,0.7960244924654258,0.8844716582949176,1,10,1.898960176082802,0.3263447787738773,0.8,0.639481487547831,0.639481487547831,1,False,False,False,True,1e-06,0.9,-0.7230103090720968
0.0639116036434323,0.0033702554693857,4.825514723589952,0.2665559687465689,0.0106993799368668,0.5879022896205933,,3,1,0.1,3751138.71972816,1.545834132110138,1.2857853840655933,0.5832518478704142,0.6308666353057087,0.7009629281174541,1,10,1.2459268401826866,0.3589289325107188,0.8,1.545834132110138,1.545834132110138,1,False,False,False,True,1e-06,0.9,-2.2053030423389925
0.0397900444936491,0.0051720999533912,6.539989141923214,0.5116139514560243,0.0393007341142383,0.6605053663367949,,3,1,0.1,2634056.313777126,0.8942470888402807,1.198809393071092,0.9799291957590132,0.4625930172096219,0.5139922413440243,1,10,1.3650077291239553,0.2637374257969103,0.8,0.8942470888402807,0.8942470888402807,1,False,False,False,True,1e-06,0.9,-1.7398083300810625
0.0045652423091533,7.438339279279297e-05,35.19102387244133,0.492481684427997,0.0109942053319728,0.4738241442911319,,3,1,0.1,1874542.820459814,0.9863381863801722,0.278558782292982,0.236180036402317,0.9994388758860135,1.1104876398733483,1,10,1.8417969145610007,0.0823337072883356,0.8,0.9863381863801722,0.9863381863801722,1,False,False,False,True,1e-06,0.9,-0.8882036479315079
0.0336991754937807,0.0045265418166723,8.33368123290583,0.6888669847999255,0.2662557169277101,0.3389220920887676,,3,1,0.1,1062331.4929107658,0.7022831785576671,0.9712296581285134,1.319723978221169,1.7554775301111964,1.9505305890124405,1,10,0.4621320590248086,0.2213138104312493,0.8,0.7022831785576671,0.7022831785576671,1,False,False,False,True,1e-06,0.9,-0.3600476120686803
0.2735911016425421,0.0261646680460535,3.920567730130221,0.1798451036332988,0.0121147645523606,0.5771084509154858,,3,1,0.1,4117848.264360876,1.741401490059478,0.9178258666033616,1.5705796543823156,0.6594989097323057,0.7327765663692286,1,10,0.7365809711593708,1.3883305936154509,0.8,1.741401490059478,1.741401490059478,1,False,False,False,True,1e-06,0.9,-2.3764450330191327
0.3319945394830338,0.0596763368824966,34.90795988670618,0.9905251668304952,0.5640391050364889,0.3917827196861557,,3,1,0.1,758373.4352152096,0.4612553669969372,0.2775994039364571,1.4178382585724294,1.3971916697116205,1.552435188568467,1,10,1.2133765793787543,1.0051517229554334,0.8,0.4612553669969372,0.4612553669969372,1,False,False,False,True,1e-06,0.9,-0.2971176070014477
0.3318039019628746,0.018804201026043,14.921475848686336,0.4004598478870279,0.0687931753165255,0.4174661949390136,,3,1,0.1,1140664.238768779,0.6644748148918328,1.0002603372218908,0.3996600448668491,1.255863183440466,1.3954035371560731,1,10,1.1412365323408638,1.8947592533671824,0.8,0.6644748148918328,0.6644748148918328,1,False,False,False,True,1e-06,0.9,-0.4761887595045758
0.4399035677416995,0.053678598854158,8.22591063185325,1.840773659512612,1.1874981530343174,0.3664394125499074,,3,1,0.1,419161.6526207223,0.2655640372556808,0.7603942501397278,1.504701063394163,1.5560676858890667,1.7289640954322965,1,10,1.074781760277555,1.1751218192659978,0.8,0.2655640372556808,0.2655640372556808,1,False,False,False,True,1e-06,0.9,-0.153597349720162
0.4128738216868721,0.0404947261071075,20.48473340312043,0.634323591247595,0.1487338118933064,0.4488359741332833,,3,1,0.1,1061253.188281478,0.5849239946944818,0.6621916795803783,0.9164442852166956,1.105186865286208,1.2279854058735644,1,10,0.4992934077024304,1.7922223093281828,0.8,0.5849239946944818,0.5849239946944818,1,False,False,False,True,1e-06,0.9,-0.47632860848405
0.2931645691879457,0.032595282309881,25.47776761679216,0.2574954200894515,0.0798974793831148,0.3599323094569847,,3,1,0.1,2004591.8149722177,1.2830731702097888,0.3559748169324653,0.8277963098874104,1.6004701616195376,1.778300179577264,1,10,1.7911244206894734,1.6143643116341302,0.8,1.2830731702097888,1.2830731702097888,1,False,False,False,True,1e-06,0.9,-0.7215173613646996
0.3432741971132103,0.0658156108362569,2997.3315251732224,0.417443087471213,0.1935383807967379,0.3882865823063248,,3,1,0.1,1607741.6471875731,0.983476154180246,0.0308834618358814,1.368833794543092,1.4178756130439172,1.5754173478265747,1,10,1.9119716930601904,1.477801703584717,0.8,0.983476154180246,0.983476154180246,1,False,False,False,True,1e-06,0.9,-0.6242645093461694
0.3052338666631383,0.0342114774454693,2.294325874382943,0.2171874290677434,0.0014903901614212,0.7010502670610314,,3,1,0.1,4522846.362932175,1.3521023599976465,1.931231420912554,1.3606186067294637,0.3837881137582516,0.4264312375091684,1,10,1.4504960992307956,1.6538580021715312,0.8,1.3521023599976465,1.3521023599976465,1,False,False,False,True,1e-06,0.9,-3.1707426500877185
0.315156753445602,0.0576827444712685,6.128090235436238,0.5732382341098429,0.3232476392677972,0.3676031450470382,,3,1,0.1,1120680.9598459275,0.7087144056156989,0.846378553474206,1.1347827199233878,1.5482924374459217,1.7203249304954684,1,10,1.496516876203711,1.137160767853212,0.8,0.7087144056156989,0.7087144056156989,1,False,False,False,True,1e-06,0.9,-0.4119658453859576
0.2327017134030221,0.0040796314237653,2.891204559867849,0.1867234356484584,0.0008388077033192,0.6651571374013187,,3,1,0.1,4444704.130751089,1.4882759657264613,1.7831231301993868,0.3368736337424076,0.4530637339564324,0.5034041488404805,1,10,1.34195812532237,1.329045253246869,0.8,1.4882759657264613,1.4882759657264613,1,False,False,False,True,1e-06,0.9,-2.956426675128644
0.2660403130377438,0.0003003543440959,27.324242303993643,0.5514340686185084,-0.000393270076764,0.9365551062578285,,3,1,0.1,8464374.628567314,0.53702081187903,1.8474905380368325,0.0766558474263676,0.0609685473779639,0.0677428304199599,1,10,1.8699798259762173,1.222015584716405,0.8,0.53702081187903,0.53702081187903,1,False,False,False,True,1e-06,0.9,-7.927353279611598
0.2887812638431642,0.0275229153468132,4.248897634309256,0.2822323225769214,0.0610865290570719,0.4150577725002834,,3,1,0.1,1841287.12107958,1.07704551295931,1.3081454951610296,0.7073988601192388,1.268372837782204,1.4093031530913376,1,10,1.6167718616900997,1.5711733945314816,0.8,1.07704551295931,1.07704551295931,1,False,False,False,True,1e-06,0.9,-0.7642405309619136
0.2612030226876476,0.021405781237412,17.42673083573022,0.7967229344674511,-0.015810388736164,0.876635135328316,,3,1,0.1,4248642.783774441,0.5241327179081777,0.6390868218899814,0.7952408092581423,0.1266528955207041,0.140725439467449,1,10,1.151905054115102,0.8598281559566932,0.8,0.5241327179081777,0.5241327179081777,1,False,False,False,True,1e-06,0.9,-3.7245095415895424
0.3731652165184214,0.0488570422450086,4.7086715671661965,0.5961628456244482,-0.0292471094479056,0.8351588982476755,,3,1,0.1,3681550.2149036224,0.6068701866715004,1.879874613404221,1.6069689967461835,0.1776392395367799,0.1973769328186443,1,10,1.366260159378924,1.327678557010115,0.8,0.6068701866715004,0.6068701866715004,1,False,False,False,True,1e-06,0.9,-3.07467942112211
0.245690316178236,0.0132449079664138,2.3188456639756496,0.1565273204588605,0.002676403396602,0.647459797640774,,3,1,0.1,5162302.72177126,1.8199174262155948,1.5440704939666694,0.760795296139441,0.4900476960568622,0.5444974400631802,1,10,1.4934078008644345,1.377127261732593,0.8,1.8199174262155948,1.8199174262155948,1,False,False,False,True,1e-06,0.9,-3.3423834755253363
0.3276576129251066,0.056568461253513,3.96580114839648,0.3383959143520024,0.1562680814224736,0.3535037121991172,,3,1,0.1,1870294.926478616,1.2091375180815829,1.0345075956230751,1.648851207201535,1.6459421469754163,1.8288246077504624,1,10,0.9623680687002344,1.543347256382383,0.8,1.2091375180815829,1.2091375180815829,1,False,False,False,True,1e-06,0.9,-0.6611561995036783
0.6419867291097902,9.48545071433081e-06,52.95339437309647,17.239277917585326,3.5009366311008274,0.5175505725585144,,3,1,0.1,47266.60877020151,0.022803725530537,0.4428380756560344,1.762340391825292,0.8389604953016369,0.9321783281129298,1,10,0.2938696497800527,1.1979542905140526,0.8,0.022803725530537,0.022803725530537,1,False,False,False,True,1e-06,0.9,-0.0244628604276025
0.0062882699292942,0.0012873177084684,4.367420726031119,0.4085399830197795,0.0829178564030253,0.5474063669501572,,3,1,0.1,2419761.0053570443,1.0951673292610935,1.3758563144091924,1.7070369791994429,0.744116792090486,0.8267964356560955,1,10,1.790147802114611,0.1011768919184235,0.8,1.0951673292610935,1.0951673292610935,1,False,False,False,True,1e-06,0.9,-1.3245925807110712
0.1664806483801364,0.0185754733311003,3.0970526553004376,0.2158555641532136,0.0737937104263788,0.3426626567120063,,3,1,0.1,2130555.601260397,1.400492357803902,1.880728606491297,0.8308147527227165,1.7264898796848256,1.9183220885386951,1,10,0.8255863623591041,0.7617540845838747,0.8,1.400492357803902,1.400492357803902,1,False,False,False,True,1e-06,0.9,-0.7300618424109909
0.0732021424593425,0.0057182710319665,150.90292483458177,0.2683053650554038,0.024440928836045,0.499404635374329,,3,1,0.1,3077381.437972377,1.5405213424357949,0.1061154699308106,1.8905427902113348,0.9021458677999742,1.0023842975555268,1,10,0.3362667022447108,0.3846169217275305,0.8,1.5405213424357949,1.5405213424357949,1,False,False,False,True,1e-06,0.9,-1.5368585548615905
0.6796524999745654,0.0405737978730664,4.065272051042863,2.5601788374529075,2.3051474397427323,0.3790634867225786,,3,1,0.1,2256100.1079995106,0.1400894796564593,1.986587434432537,1.3720974754980562,1.4742724676056018,1.6380805195617798,1,10,1.2761034920651018,1.9924241633779949,0.8,0.1400894796564593,0.1400894796564593,1,False,False,False,True,1e-07,0.9,-0.0855205174547122
0.5745641710532455,0.069536325470617,7.814051591780617,1.4824888653393444,0.5403692398882564,0.4840728412040711,,3,1,0.1,5813646.672581409,0.2999417911671385,1.091626342674218,1.899100972687196,0.9592243220283988,1.0658048022537765,1,10,0.9608399367606908,1.925764972070096,0.8,0.2999417911671385,0.2999417911671385,1,False,False,False,True,1e-07,0.9,-0.281422846404007
0.485980381878208,0.0194835114070652,5.142222168321545,3.2871205259020875,2.67110811388739,0.3935296075547678,,3,1,0.1,1831821.291503562,0.1110945266555196,1.3259441157386744,1.1695663015035938,1.3869943778620166,1.5411048642911296,1,10,1.5095713224650775,1.0282556270508605,0.8,0.1110945266555196,0.1110945266555196,1,False,False,False,True,1e-07,0.9,-0.0720875914022068
0.3875873538942354,0.0649765971760633,4.556515367080918,0.4518921764975628,0.1160228756640926,0.4947446329362059,,3,1,0.1,16337591.174301123,0.8254654808532966,1.282767604177941,1.3182835443456469,0.9191202897112558,1.0212447663458395,1,10,1.8403115635787224,1.817141210630742,0.8,0.8254654808532966,0.8254654808532966,1,False,False,False,True,1e-07,0.9,-0.8082935556707712
0.3318762872885219,0.0629028743242807,4.17017494760324,0.4544984068611563,0.2537071102620759,0.3623013343761846,,3,1,0.1,13710126.013655111,0.8742928201565086,1.113884297375056,1.22393384710724,1.5841200255296657,1.7601333616996284,1,10,1.8565575705311776,1.368289258183562,0.8,0.8742928201565086,0.8742928201565086,1,False,False,False,True,1e-07,0.9,-0.4967196955698582
0.6098827207359869,0.0039786476576133,4.135480545204244,6.281162009726951,6.375341742671704,0.396461153750618,,3,1,0.1,901091.7097110548,0.0543843796346062,1.6889979014184098,1.3362695476781672,1.3700836929060594,1.522315214340066,1,10,1.9335668224238376,1.1550673865169276,0.8,0.0543843796346062,0.0543843796346062,1,False,False,False,True,1e-07,0.9,-0.0357247858792636
0.4808396969657904,0.0792003548455217,5.723786275375383,0.9511110973250329,0.7588070958270369,0.3383219156209019,,3,1,0.1,6726108.644704962,0.4450518239171864,1.3154804641691815,1.182260083219853,1.7601882953644432,1.955764772627159,1,10,1.9636431453217056,1.849871351148656,0.8,0.4450518239171864,0.4450518239171864,1,False,False,False,True,1e-07,0.9,-0.2275589961795534
0.5582208769544154,0.0568028588545502,4.601446330037662,1.62311069630788,0.470251559239843,0.5819590547812519,,3,1,0.1,5238996.149297121,0.2190114683936913,1.6520900931384688,1.28349751563196,0.6465005529268625,0.7183339476965138,1,10,1.5779344876056418,1.6824665885014214,0.8,0.2190114683936913,0.2190114683936913,1,False,False,False,True,1e-07,0.9,-0.3048881248020419
0.3278575686249246,0.035811542907783,3.922998283942491,0.3050780279286997,-0.0100838396396,0.7885270965073163,,3,1,0.1,46489513.180570886,0.9831271354534412,1.4977633647054174,1.1450650581411628,0.241368513506307,0.26818723722923,1,10,1.5476431861972098,1.6590571204689837,0.8,0.9831271354534412,0.9831271354534412,1,False,False,False,True,1e-07,0.9,-3.6658240859009927
0.3121950528730515,0.0487004134020562,4.693351758537924,0.5582262955387995,0.1234953668117631,0.5278500281940843,,3,1,0.1,13490907.159151947,0.6369730796860182,1.7797621871863942,1.1023420242458908,0.8050297469513072,0.8944774966125636,1,10,1.371752843445194,1.203913778499174,0.8,0.6369730796860182,0.6369730796860182,1,False,False,False,True,1e-07,0.9,-0.712117572320801
0.2966839451323635,0.0459264823510513,4.610314440755927,0.4347308299084412,0.1703674196069511,0.3900657525567413,,3,1,0.1,14563403.738520704,0.8882717827867189,1.0786405715031633,1.1212611170200475,1.4073033048936543,1.563670338770727,1,10,0.916997972743798,1.1728483379790062,0.8,0.8882717827867189,0.8882717827867189,1,False,False,False,True,1e-07,0.9,-0.5680685049715841
0.255744030655376,0.0405779837089772,3.3208845332703607,0.3657611820988535,0.0854231669823077,0.4908549112143329,,3,1,0.1,18652488.13827209,0.949682179176098,1.903711902639728,1.169347272106255,0.933535693415957,1.0372618815732857,1,10,1.5175080731269706,1.0646532579455117,0.8,0.949682179176098,0.949682179176098,1,False,False,False,True,1e-07,0.9,-0.9155665420808372
0.4073936768923515,0.0720996717405631,3.202256434832752,0.5807503643829329,0.1381662255090134,0.5252627985670117,,3,1,0.1,14792695.660494689,0.7022642237232191,1.978018204757988,1.9377926018919764,0.8134280258478652,0.9038089176087392,1,10,1.231551153596251,1.5702113827071038,0.8,0.7022642237232191,0.7022642237232191,1,False,False,False,True,1e-07,0.9,-0.7770052720963008
0.6396247468568915,6.999465600422359e-17,5.899843505929462,67.3363803303743,7.197375927443189,0.8474072058304951,,3,1,0.1,323811.22814676963,0.004941125511427,1.0401371635173602,1.21300623883351,0.1620631897010619,0.1800702107789577,1,10,1.1906715686926683,1.1915990335693452,0.8,0.004941125511427,0.004941125511427,1,False,False,False,True,1e-07,0.9,-0.0274399967888359
0.5588981444476451,0.0551116896470119,5.683899269752631,1.4660644199864703,0.8931829541155216,0.3741909577877265,,3,1,0.1,4357802.877386733,0.2727152169514332,1.7558494840885857,1.3505962374907845,1.5051890652861746,1.6724322947624162,1,10,0.7836643168454143,1.919120847941764,0.8,0.2727152169514332,0.2727152169514332,1,False,False,False,True,1e-07,0.9,-0.1630650430974226
0.6723323485608248,0.0070084468729947,4.247708583193181,8.117977215557316,6.81933442601801,0.3364676318248514,,3,1,0.1,951579.8331083824,0.0631403958135261,1.4495151799182202,1.7835204221585503,1.7748486774754493,1.9720540860838325,1,10,1.1283171798620852,1.3533601156486283,0.8,0.0631403958135261,0.0631403958135261,1,False,False,False,True,1e-07,0.9,-0.0320175813498867
0.4478094602714335,0.063357305431809,5.605131300267883,0.5985297185975538,-0.0237927879759387,0.7898823580076406,,3,1,0.1,28093995.265693706,0.5903043456535731,1.3289406110983055,1.9770918534247928,0.2394101803591544,0.2660113115101715,1,10,1.448580886589198,1.615730202864341,0.8,0.5903043456535731,0.5903043456535731,1,False,False,False,True,1e-07,0.9,-2.2190951254395666
0.4974948146568819,0.0461165529371756,5.966022127229878,1.437475362711966,0.0884270370336774,0.7230458817480836,,3,1,0.1,9058401.654131006,0.2508761391307738,1.6986023233628114,1.1862187483603406,0.3447342868810765,0.3830380965345294,1,10,1.3099708836695152,1.5021975362071054,0.8,0.2508761391307738,0.2508761391307738,1,False,False,False,True,1e-07,0.9,-0.6549640009391916
0.4756730702840779,0.0437893175347923,11.323264135796467,0.8279011429911707,-0.064239018271983,0.9103696674419994,,3,1,0.1,47285919.81835864,0.4238252296428791,1.0254375442376364,1.5712265472451965,0.0886093882377072,0.0984548758196747,1,10,1.0011097172218688,1.5451625080728082,0.8,0.4238252296428791,0.4238252296428791,1,False,False,False,True,1e-07,0.9,-4.304766711621885
0.3143793206930166,0.0555947310299444,3.882539783214548,0.5340353237472901,0.2480323002541243,0.3838961949048776,,3,1,0.1,12870354.32049168,0.7929473480671358,1.3638521046734808,1.4893596731825345,1.4443837473382704,1.604870830375856,1,10,0.945125414964183,1.1448403806214498,0.8,0.7929473480671358,0.7929473480671358,1,False,False,False,True,1e-07,0.9,-0.4940880053107855
0.3781283774557847,0.0751511867516182,3.59297394362181,0.4484739561851433,0.2497606932640757,0.3529616831742072,,3,1,0.1,15288496.800724965,0.989224226154343,1.2679406753476123,1.7523112724639724,1.6498518476743471,1.833168719638164,1,10,1.1949120931170745,1.765632675117638,0.8,0.989224226154343,0.989224226154343,1,False,False,False,True,1e-07,0.9,-0.5396253571640813
0.2879725370644039,0.0455399020154035,4.852019057021634,0.5439350724878205,0.0400188942819414,0.6635787918677638,,3,1,0.1,21466260.710471325,0.7221704644849979,1.2313219622681033,1.4172629669654269,0.4562820437144857,0.5069800485716508,1,10,1.6832848954033373,1.0052784411560929,0.8,0.7221704644849979,0.7221704644849979,1,False,False,False,True,1e-07,0.9,-1.4244555357487227
0.4163771546882556,0.0812396532349722,3.5384277387676013,1.089706732190111,0.6594316330580572,0.4085074268037412,,3,1,0.1,7266754.443174539,0.4298230857986467,1.5453306514604908,1.7695441153564309,1.3031423199372727,1.447935911041414,1,10,1.5101179505502855,1.2817649472836778,0.8,0.4298230857986467,0.4298230857986467,1,False,False,False,True,1e-07,0.9,-0.2968523161165394
0.4295109602085425,0.0478740576964735,8.449885484295011,0.9290068547983048,0.1919642579870236,0.5065399422695508,,3,1,0.1,9469773.44256916,0.4672954481927542,1.1627277133979756,1.6958795121105978,0.8767601819662092,0.9741779799624548,1,10,0.5998514708365437,1.396366644507563,0.8,0.4672954481927542,0.4672954481927542,1,False,False,False,True,1e-07,0.9,-0.4796818492451543
0.3877304484682792,0.0604078418796241,4.463796768355541,0.4664628691875744,0.098481281085189,0.5163018689081066,,3,1,0.1,16616537.850023547,0.8037387500563021,1.3509120728925523,1.4215892423068386,0.8431662641534723,0.9368514046149692,1,10,1.1360204881487983,1.7399472201439343,0.8,0.8037387500563021,0.8037387500563021,1,False,False,False,True,1e-07,0.9,-0.8579149547846393
0.500345682487713,0.0485656661743962,6.557010990230245,1.1727024843809335,0.0567169593022915,0.7093967201798179,,3,1,0.1,10982581.901377603,0.3191574001967716,1.6183741069909072,1.3600349524885469,0.3686836214464987,0.4096484682738875,1,10,0.9142270207488984,1.6055599823194684,0.8,0.3191574001967716,0.3191574001967716,1,False,False,False,True,1e-07,0.9,-0.779100757918923
0.5565653605091532,0.0534254785951899,5.717203880181978,1.4015227185399692,0.6419892976069742,0.4451769003070822,,3,1,0.1,4738948.007602789,0.2629277561015316,1.7563368894835638,1.2819867553470512,1.121668238803904,1.246298043115449,1,10,0.810437231029762,1.8895178138597888,0.8,0.2629277561015316,0.2629277561015316,1,False,False,False,True,1e-07,0.9,-0.2109670185608654
0.354712848611458,0.0293983251312432,7.871726771956814,0.6445497434879459,-0.0387962958991013,0.9414336530777484,,3,1,0.1,94735795.40376216,0.5548328897146885,1.8310044597442456,1.060066567054824,0.0559887699549586,0.0622097443943985,1,10,0.73573018962602,1.4274357256639991,0.8,0.5548328897146885,0.5548328897146885,1,False,False,False,True,1e-07,0.9,-8.91874658221447
0.58931874448485,0.0589957395868967,5.285872417206539,1.7241057830800084,1.2845260977691288,0.3589605499767751,,3,1,0.1,3714735.909845104,0.2381292032746998,1.624783617855412,1.324004332164971,1.6072393054284944,1.7858214504761047,1,10,1.0299727191726955,1.9859340074051337,0.8,0.2381292032746998,0.2381292032746998,1,False,False,False,True,1e-07,0.9,-0.1333443648714905
0.512842604069467,0.0327113773447874,5.316325233909981,2.7474174009115995,2.2723197993610653,0.3399763989842944,,3,1,0.1,2336125.12357777,0.1541897563030594,1.2858773798353569,1.279645634900032,1.7472425812168697,1.941380645796522,1,10,1.0632032706757606,1.213816673637781,0.8,0.1541897563030594,0.1541897563030594,1,False,False,False,True,1e-07,0.9,-0.0794227407468426
0.5503429120088204,0.0334212027830443,7.009095363898134,2.126313333851886,1.2655837553700813,0.3713841376806412,,3,1,0.1,2895742.727615241,0.1820309633121685,1.3450495415945187,1.182075752114581,1.5233668288060358,1.692629809784484,1,10,0.6824285427208434,1.4669420651951923,0.8,0.1820309633121685,0.1820309633121685,1,False,False,False,True,1e-07,0.9,-0.1075432917835957
0.3953686310244219,0.0802170176923561,2.7176824153318813,0.503878644066866,0.2502557843623604,0.3916139232074203,,3,1,0.1,14359688.471912269,0.8736233662061882,1.811715405974201,1.880264018665872,1.3981818231302026,1.5535353590335583,1,10,1.2895961931172173,1.730846740688822,0.8,0.8736233662061882,0.8736233662061882,1,False,False,False,True,1e-07,0.9,-0.5623453939999145
0.4706008162898711,0.1015265728727376,4.667136191293897,0.9148112482312698,0.5177032599563557,0.415616170277106,,3,1,0.1,9160706.914121743,0.5353368449665235,1.1098865812874297,1.8322354036111768,1.265459537822934,1.4060661531365934,1,10,1.932398468855636,1.67277022956199,0.8,0.5353368449665235,0.5353368449665235,1,False,False,False,True,1e-07,0.9,-0.3807337921519559
0.3686487170623516,0.0549504023923105,5.995250514762573,0.3646885008060174,0.0916798240557815,0.4669699731581677,,3,1,0.1,18463915.46918279,0.9841820387208176,1.0189051951026036,1.3094759564037086,1.0273187822189165,1.1414653135765738,1,10,1.0687773385330188,1.9837987878703665,0.8,0.9841820387208176,0.9841820387208176,1,False,False,False,True,1e-07,0.9,-0.8622094122643691
0.3408073427309862,0.0746156757733031,3.082624798585796,0.6717236917596106,0.4470093161445761,0.3754731616715105,,3,1,0.1,10253721.934439763,0.6403723909319599,1.8356013817546848,1.6681471711977005,1.4969755814062171,1.6633062015624636,1,10,1.4495442700681538,1.170944663821215,0.8,0.6403723909319599,0.6403723909319599,1,False,False,False,True,1e-07,0.9,-0.3849997398961483
0.3075730760474935,0.0544250900857715,3.846663878614084,0.671548634759026,0.1495599893638811,0.5415555292608846,,3,1,0.1,13725775.494348343,0.6292505257410185,1.884236750966069,1.8049136846433915,0.7618794405595318,0.8465327117328131,1,10,1.1609553077691843,1.0104243406377875,0.8,0.6292505257410185,0.6292505257410185,1,False,False,False,True,1e-07,0.9,-0.7433269617874829
0.2855161688065765,0.0346853144178183,3.672264567426985,0.3870474544412441,0.1160434890636155,0.402424963174379,,3,1,0.1,15059805.188257905,0.8999362745543805,1.9997683375970945,1.2328584781289025,1.3364417776190778,1.484935308465642,1,10,0.5279122106365478,1.2144215276965984,0.8,0.8999362745543805,0.8999362745543805,1,False,False,False,True,1e-07,0.9,-0.6060441552015466
0.4370621719744464,0.0837892315098874,3.8373581739554328,1.1389739364288307,0.9519298087772462,0.3467864161785444,,3,1,0.1,6314290.29469034,0.4124579778225915,1.4092586610313511,1.52822485350014,1.6952573630699288,1.8836192922999209,1,10,1.7734336704843665,1.3914536906611437,0.8,0.4124579778225915,0.4124579778225915,1,False,False,False,True,1e-07,0.9,-0.2189710100944938
0.8068067499939391,4.260141075254768e-11,6.151526847692046,19.45878235462368,3.07880266299394,0.8465231365299237,,3,1,0.1,594879.2917883934,0.0091300198816217,1.736567663490316,1.078040143653885,0.1631723589851179,0.1813026210945754,1,10,0.7480672920994736,1.8278214983672607,0.8,0.0091300198816217,0.0091300198816217,1,False,False,False,True,1e-07,0.9,-0.0503579084488863
0.4109281968385327,0.0540830478632797,4.972765480164549,0.4161141818212816,-0.0246066504721244,0.8088810197877045,,3,1,0.1,39809629.147875935,0.7608374976706476,1.423721031169451,1.6482653480445018,0.2126481867953956,0.2362757631059951,1,10,1.360858155262372,1.8506519085111424,0.8,0.7608374976706476,0.7608374976706476,1,False,False,False,True,1e-07,0.9,-3.2201253474021367
0.5947005307961701,0.0684849499795127,5.153731694502135,2.415665416389152,1.5826552353381944,0.4051551484974486,,3,1,0.1,3511341.9489908004,0.208870347378357,1.0842129412912684,1.9619084995527163,1.3213712533031463,1.4681902814479406,1,10,1.445544032472775,1.691091225036494,0.8,0.208870347378357,0.208870347378357,1,False,False,False,True,1e-07,0.9,-0.1422638270425017
0.4024598912151936,0.028754429416554,10.001000971435564,0.6345918357280834,-0.0431525972732214,0.964449611731108,,3,1,0.1,150557966.71096355,0.5352393644834906,1.4057825820127177,1.123674350459931,0.0331747237521033,0.0368608041690037,1,10,0.6020134905753235,1.583901589105103,0.8,0.5352393644834906,0.5352393644834906,1,False,False,False,True,1e-07,0.9,-14.520557271442003
0.3902762103156591,0.0482317539919897,4.162490616445849,1.720838592768551,0.6007740478007697,0.5268571753662111,,3,1,0.1,5244837.073146687,0.2481556780464684,1.7154088819021722,1.5673941200463086,0.8082428447034482,0.8980476052260535,1,10,1.2199561961315062,1.0267053635215022,0.8,0.2481556780464684,0.2481556780464684,1,False,False,False,True,1e-07,0.9,-0.276328004682526
0.5072897078159386,0.0546615675483874,5.501198247347117,1.1941155914817452,0.3082922196003322,0.5623687482785722,,3,1,0.1,6466697.922512709,0.2830028824204592,1.8964205842829,1.1440442640107575,0.7003734253635668,0.7781926948484076,1,10,1.0631598255575287,1.7383369696713946,0.8,0.2830028824204592,0.2830028824204592,1,False,False,False,True,1e-07,0.9,-0.3636668817302076
0.3456422086505592,0.0501758594538551,3.974190161403397,0.5303207376035985,0.051187875103098,0.6210348562526059,,3,1,0.1,19216461.50796793,0.7282368369665358,1.802568448792987,1.8005482655843568,0.5491940201725568,0.6102155779695075,1,10,0.9710751675401396,1.2484721197511444,0.8,0.7282368369665358,0.7282368369665358,1,False,False,False,True,1e-07,0.9,-1.1934092410643269
0.6199088178331802,0.0591443043773271,5.21394924122117,2.2921088939063377,1.405799573584814,0.4398011830105984,,3,1,0.1,3322564.413674446,0.1861296468664912,1.1727169820221777,1.457628534797982,1.1463792158065014,1.273754684229446,1,10,1.7034829883770466,1.8092937916039773,0.8,0.1861296468664912,0.1861296468664912,1,False,False,False,True,1e-07,0.9,-0.1461267760456202
0.4634514703686281,0.0420271099208525,11.151368306525166,0.9801185644896536,-0.0208246102954041,0.8037553854707253,,3,1,0.1,19204683.625507187,0.3768815368556595,1.1199041408174557,1.0341306707669446,0.2197436636432716,0.2441596262703018,1,10,1.9721561819269204,1.5786040674203208,0.8,0.3768815368556595,0.3768815368556595,1,False,False,False,True,1e-07,0.9,-1.543586793201342
0.5950034687254344,0.0007568001137462,6.389268943332215,4.5749552431535045,7.999500404069066,0.3368773476997188,,3,1,0.1,607121.9735274353,0.0402596293234101,1.5530035062029603,1.004812901403081,1.771595481695106,1.9684394241056733,1,10,0.9037684741687426,1.0942520108938727,0.8,0.0402596293234101,0.0402596293234101,1,False,False,False,True,1e-07,0.9,-0.0204525640242469
0.4094955921145126,0.0881255074460154,3.6092150294970713,1.0596050577754537,0.84010441738728,0.3504888685411562,,3,1,0.1,7332650.550244999,0.4762637686070082,1.3345976665425396,1.85509779814224,1.6678418939411122,1.853157659934569,1,10,1.591718391782433,1.2826905672018694,0.8,0.4762637686070082,0.4762637686070082,1,False,False,False,True,1e-07,0.9,-0.2570012398460479
0.447810981910627,0.0857100867965428,4.095878953539382,0.739208762254246,0.5742859649060447,0.3436127685951907,,3,1,0.1,8680403.947576841,0.5697705748440094,1.6269417557878072,1.296919572879195,1.7192274625867805,1.9102527362075337,1,10,1.8226299635930967,1.8741484217461264,0.8,0.5697705748440094,0.5697705748440094,1,False,False,False,True,1e-07,0.9,-0.2982697634828388
0.4714992222283102,0.0234917799388711,8.182822897434063,1.6706705134191746,1.1183238718834947,0.3518636711073866,,3,1,0.1,2782338.4166808813,0.1803334427448913,1.5098986259745586,1.0160513694295448,1.6578088160324047,1.8420097955915609,1,10,0.504743154563733,1.1980106237156458,0.8,0.1803334427448913,0.1803334427448913,1,False,False,False,True,1e-07,0.9,-0.0979003809913625
0.5041538339382042,0.0658171011586683,5.346681437714232,0.935578185297282,0.0024191376055454,0.7541615632007435,,3,1,0.1,16135951.7437838,0.3966836758416062,1.565526304055469,1.636841837120503,0.2933782413682054,0.3259758237424505,1,10,1.6883664087922257,1.6935869645269053,0.8,0.3966836758416062,0.3966836758416062,1,False,False,False,True,1e-07,0.9,-1.2169114597387711
0.4497170901959248,0.0740289246028549,4.223215046227215,0.6727240707682743,0.2166395645701846,0.4886118455154484,,3,1,0.1,11105181.828203293,0.567905788254854,1.908155800252885,1.3378985789478086,0.9419528880855688,1.0466143200950764,1,10,1.3489662888956997,1.9550667420679804,0.8,0.567905788254854,0.567905788254854,1,False,False,False,True,1e-07,0.9,-0.542612339752664
0.6896989392106522,0.0297095126742063,4.0025397560921325,3.449746172580108,2.321878399503784,0.4313701735297489,,3,1,0.1,2006859.586358764,0.1141160105076632,1.7362575964219809,1.602135239336969,1.186375125650482,1.3181945840560911,1,10,1.1509555000955145,1.7504244836864369,0.8,0.1141160105076632,0.1141160105076632,1,False,False,False,True,1e-07,0.9,-0.0865699368663226
0.3834050242753805,0.044904065992333,5.4034786638322565,1.614567211703973,0.4690211856626033,0.517795412565286,,3,1,0.1,5875882.5774994735,0.2833377250784827,1.3832854106397794,1.6444351923831206,0.8381382263337912,0.9312646959264348,1,10,0.8944923124212442,1.0129948234047572,0.8,0.2833377250784827,0.2833377250784827,1,False,False,False,True,1e-07,0.9,-0.3042505043427927
0.438441545347744,0.0673684117550339,4.554784092047405,0.7428069655194511,0.4658609350180924,0.3581682638869659,,3,1,0.1,8268476.274607378,0.5306969957866906,1.8127130765260813,1.306931405628628,1.612785444005811,1.7919838266731232,1,10,0.8836569123804182,1.7615744289499995,0.8,0.5306969957866906,0.5306969957866906,1,False,False,False,True,1e-07,0.9,-0.29615057957395
0.357281255160412,0.0454321776752025,6.1910112703508124,0.6884813981271152,-0.0130113387745928,0.7947799533572779,,3,1,0.1,26768079.66740383,0.5493346003567706,1.4311955762842057,1.2759773933434904,0.2323889036182352,0.2582098929091502,1,10,1.9589604445490107,1.233549563953936,0.8,0.5493346003567706,0.5493346003567706,1,False,False,False,True,1e-07,0.9,-2.127473309024264
0.3345360474600319,0.0448084789222092,2.978744387660978,0.3261693642061951,-0.0033404988013989,0.7412008725404357,,3,1,0.1,37563492.79769189,0.9721398193722408,1.9855743541310484,1.4642087455526789,0.3142457373468637,0.3491619303854041,1,10,1.5473636188374995,1.55782411526944,0.8,0.9721398193722408,0.9721398193722408,1,False,False,False,True,1e-07,0.9,-2.784209365302732
0.3415323808252056,0.0678078926443568,2.910295481642758,0.4412412482106831,0.2253145129659181,0.380728764014386,,3,1,0.1,15059708.6563238,0.9326043485711356,1.5425759798409315,1.5147641574053283,1.463887588924048,1.6265417654711645,1,10,1.4130020464212052,1.4187501558018871,0.8,0.9326043485711356,0.9326043485711356,1,False,False,False,True,1e-07,0.9,-0.5733664278589371
0.4035376389497956,0.0637424269042294,3.6690883193017614,0.6248355372114051,0.2405350199011707,0.4158830167961986,,3,1,0.1,11731758.529586429,0.6852718711222008,1.9618946360788696,1.8516318943332395,1.264070095800619,1.4045223286673545,1,10,0.7984937811752354,1.5993011186140331,0.8,0.6852718711222008,0.6852718711222008,1,False,False,False,True,1e-07,0.9,-0.4879039127128657
0.394499912221975,0.0668737579488406,4.435527280169085,0.6375669275506207,0.0844264242418891,0.6118568475244031,,3,1,0.1,15851865.187724223,0.615279231664422,1.4158440151278162,1.5341145349471437,0.5709323000002949,0.6343692222225499,1,10,1.8963303841991523,1.4152938691459194,0.8,0.615279231664422,0.615279231664422,1,False,False,False,True,1e-07,0.9,-0.969907226956374
0.3060262584221712,0.0515540009609708,3.643287844254848,0.4754344089080355,0.12327236894197,0.493370104142493,,3,1,0.1,15679645.759215437,0.7943776516950437,1.667569766786707,1.31549776482948,0.9241883576716796,1.0268759529685327,1,10,1.271171697927686,1.1770075691694657,0.8,0.7943776516950437,0.7943776516950437,1,False,False,False,True,1e-07,0.9,-0.7735868474048798
0.5452030667009014,0.1012748705589256,5.816131156948512,1.2067228009331603,0.5633722633269335,0.4692941593168249,,3,1,0.1,7392560.482182458,0.392327463287633,1.0505116038723386,1.8436047469708512,1.017773707881162,1.1308596754235132,1,10,1.927482150228591,1.9137125465204308,0.8,0.392327463287633,0.392327463287633,1,False,False,False,True,1e-07,0.9,-0.3469285456424561
0.3228877926259301,0.0395919338383921,7.3789263400103104,0.662382533430173,0.0421843176110393,0.6604416413549002,,3,1,0.1,17120280.52997906,0.5813333765786782,1.118078657301667,1.00512140554872,0.462724491680513,0.5141383240894589,1,10,1.304343260825066,1.1369842245868749,0.8,0.5813333765786782,0.5813333765786782,1,False,False,False,True,1e-07,0.9,-1.1306946155814386
0.3295074339189054,0.0515832017398511,4.292535316456408,0.376098245778819,-0.0061616509785723,0.7661663136305618,,3,1,0.1,39212923.74225812,0.91693015920212,1.144161646699618,1.9429246533099795,0.2746796798403377,0.3051996442670419,1,10,1.6975142081854864,1.2526899239527594,0.8,0.91693015920212,0.91693015920212,1,False,False,False,True,1e-07,0.9,-3.004362122037224
0.810073829066855,0.0055369676090558,3.077385801855587,6.76951589447763,5.368329638266812,0.4712741470214234,,3,1,0.1,1010438.974336872,0.0534245155509294,1.8478606294385416,1.7442901952373866,1.0097164690408684,1.1219071878231872,1,10,1.717455702262283,1.944362079562104,0.8,0.0534245155509294,0.0534245155509294,1,False,False,False,True,1e-07,0.9,-0.0476193766055099
0.3984609869578285,0.0490714263008072,4.616317551318216,0.5235852305258154,-0.0681417464834074,0.988198511391766,,3,1,0.1,530233342.6815263,0.625754213098966,1.9319973219106696,1.7730301212891786,0.0107481843222488,0.0119424270247209,1,10,1.5645967625483723,1.4645197804590235,0.8,0.625754213098966,0.625754213098966,1,False,False,False,True,1e-07,0.9,-52.3975800211355
0.4372695773588608,0.0517787814516298,5.828564136101763,1.0983654898033497,0.4829802020361647,0.3853333034599893,,3,1,0.1,6694053.141489996,0.4114611122138458,1.623735153823382,1.5803951500359734,1.4356403194811076,1.595155910534564,1,10,0.6374396772437212,1.3888283440612108,0.8,0.4114611122138458,0.4114611122138458,1,False,False,False,True,1e-07,0.9,-0.2579441612212497
0.4584655524610163,0.0730164143373234,8.164875683722608,0.7963030528459419,0.5311977303417722,0.3476696400246033,,3,1,0.1,8048788.520336481,0.525046859199237,1.0059351588183634,1.0958095115798507,1.6886643422080525,1.8762937135645028,1,10,1.3533855041709455,1.879890162989242,0.8,0.525046859199237,0.525046859199237,1,False,False,False,True,1e-07,0.9,-0.279831940973922
0.3589278374110237,0.0514678396318185,6.739530279233767,0.737725273324814,0.1654863328093216,0.5132551519118185,,3,1,0.1,11819796.371315844,0.5753224416815959,1.0316721237966502,1.414391969067748,0.8535138159794402,0.9483486844216004,1,10,0.866820940769274,1.18533001395463,0.8,0.5753224416815959,0.5753224416815959,1,False,False,False,True,1e-07,0.9,-0.6066571385236121
0.4770906915168401,0.0438799394680531,8.42672426017836,0.7760416225969582,-0.0799029658307889,0.9642128360211152,,3,1,0.1,122732159.24938624,0.4392235468319621,1.4768954693266263,1.3487892180634595,0.0334038776271705,0.037115419585745,1,10,1.2703438195783217,1.727111762894567,0.8,0.4392235468319621,0.4392235468319621,1,False,False,False,True,1e-07,0.9,-11.83399233139774
0.4161456492056202,0.046787460293891,5.668439664362941,1.327694944051233,0.2729488415535142,0.6054048410818031,,3,1,0.1,6766318.487718291,0.2669956256293813,1.881461952686548,1.0965511826428926,0.5866085285868912,0.6517872539854346,1,10,1.9797215080056805,1.254900725959064,0.8,0.2669956256293813,0.2669956256293813,1,False,False,False,True,1e-07,0.9,-0.4096361975420133
0.4857428193795687,0.0574058027151506,8.349096624561845,0.969081542195118,0.375902622554491,0.4094879409701712,,3,1,0.1,7556726.250864948,0.4462337533362588,1.1965829939967505,1.3615366247981773,1.2978669209835398,1.4420743566483776,1,10,0.6685524131424626,1.81696178896186,0.8,0.4462337533362588,0.4462337533362588,1,False,False,False,True,1e-07,0.9,-0.3094388274102289
0.4218825422745945,0.0661380179974496,5.245170582584641,0.6336516417776078,0.3805516472446049,0.3537128035525609,,3,1,0.1,9549251.91526964,0.6171558625964473,1.441298826753861,1.1533253517287498,1.6444371562486058,1.827152395831784,1,10,0.9538549240267862,1.8477659178120869,0.8,0.6171558625964473,0.6171558625964473,1,False,False,False,True,1e-07,0.9,-0.3377692663840896
0.2987140399215798,0.0594472886082341,3.6041136589140432,0.563145340191623,0.3389103698155213,0.3437848894735806,,3,1,0.1,12375583.268277472,0.8121043935271726,1.391078174548288,1.8435428860318623,1.7179161084657386,1.908795676073043,1,10,0.980042264756006,1.0436047992691158,0.8,0.8121043935271726,0.8121043935271726,1,False,False,False,True,1e-07,0.9,-0.4254538528756262
0.4203207976798722,0.0350748404867091,7.389612288950291,1.1541162540169625,0.1116815389896665,0.6234991445962527,,3,1,0.1,9111275.23861622,0.3430402578592669,1.9284660124574569,1.4086672077250073,0.5434662947016482,0.6038514385573869,1,10,0.5258152136799401,1.2802278317203444,0.8,0.3430402578592669,0.3430402578592669,1,False,False,False,True,1e-07,0.9,-0.5680872318244745
0.7370888944895685,0.0052720255093649,7.847876226115543,4.326159958677394,2.3727841816569697,0.5047849500757555,,3,1,0.1,1263761.2214827056,0.0625833514110447,1.1218742192877422,1.003681700533164,0.8829374664694991,0.9810416294105544,1,10,0.7999581994217423,1.6150159752199345,0.8,0.0625833514110447,0.0625833514110447,1,False,False,False,True,1e-07,0.9,-0.0637927645404632
0.3082662484520272,0.0712430743421146,3.811142515134408,0.6801528360894266,0.5046703668464269,0.341690350498482,,3,1,0.1,10553968.031584345,0.6947778299993279,1.1778651069982655,1.940416928849612,1.7339637589619266,1.926626398846585,1,10,1.306154230494364,1.0207859271043025,0.8,0.6947778299993279,0.6947778299993279,1,False,False,False,True,1e-07,0.9,-0.360618903536801
0.350464437654403,0.0792939177679114,3.0802920520239123,0.6009693526989516,0.3992360937813254,0.371023071948748,,3,1,0.1,11472465.65460389,0.7215915488724783,1.5461997029154442,1.584061350258486,1.5257251584729568,1.695250176081063,1,10,1.832133785661148,1.2725951289753914,0.8,0.7215915488724783,0.7215915488724783,1,False,False,False,True,1e-07,0.9,-0.4256549453365922
0.4034057344345826,0.0531696032155064,6.32381067942022,0.7635567537351803,0.1662903799331081,0.5331102276362782,,3,1,0.1,10355675.948924746,0.483495870081177,1.4381768647123785,1.041437516732309,0.788206215796027,0.8757846842178078,1,10,1.072704703405709,1.485894073976129,0.8,0.483495870081177,0.483495870081177,1,False,False,False,True,1e-07,0.9,-0.5520716759994384
0.5852594837694133,0.0569313454256365,10.562015806592868,1.89396429797344,1.0949085328681236,0.3384989505586195,,3,1,0.1,4138843.193220111,0.2737848839947202,1.0027807097195192,1.7587244912526776,1.7587970169914675,1.9542189077682968,1,10,0.7308032120104594,1.9667648794823849,0.8,0.2737848839947202,0.2737848839947202,1,False,False,False,True,1e-07,0.9,-0.1400994076379441
0.5978390883736868,5.770265926351413e-05,3.2786345711514007,19.73245411812997,20.45783599732056,0.3500358237440875,,3,1,0.1,382006.885506427,0.0248290766184867,1.5699848149392697,1.894037846490119,1.671165403510223,1.856850448344692,1,10,1.86173853464874,1.0909102305520657,0.8,0.0248290766184867,0.0248290766184867,1,False,False,False,True,1e-07,0.9,-0.0133716095033547
0.4358512200456385,0.0524371860932083,5.816775686029828,0.6903947454027983,0.3245887131217785,0.3814777119157295,,3,1,0.1,8375632.566914382,0.5180514911674888,1.8636969141480333,1.171501732090327,1.4592466135972182,1.6213851262191312,1,10,0.6065667164252951,1.852034535572987,0.8,0.5180514911674888,0.5180514911674888,1,False,False,False,True,1e-07,0.9,-0.3195117153816934
0.3628696004094288,0.0468360771163705,5.295442031425639,0.8454562858159304,0.459030804368486,0.3654205168363776,,3,1,0.1,7195290.610072956,0.4565983338647391,1.9279739764534216,1.3985148829998546,1.56291589698284,1.7365732188698222,1,10,0.634669094801656,1.18058219201894,0.8,0.4565983338647391,0.4565983338647391,1,False,False,False,True,1e-07,0.9,-0.2629306812768487
0.8054937630745367,1.2938163020731476e-13,3.210273121035525,57.59945001383424,49.82650113165547,0.4203104920743394,,3,1,0.1,122327.85703221652,0.0070912168268275,1.7130542836711005,1.7356390868242826,1.2412741698601677,1.3791935220668528,1,10,1.6689676421738753,1.8201589631483093,0.8,0.0070912168268275,0.0070912168268275,1,False,False,False,True,1e-07,0.9,-0.0051415681864009
0.4437671545187748,0.0757265045178033,4.968709972104779,1.1482091171373097,0.6154312763956027,0.3976026508046472,,3,1,0.1,7219211.97194976,0.4348833726168508,1.2469443692045568,1.9740253997785453,1.3635663977054169,1.5150737752282408,1,10,1.0782039164877553,1.3771865278937785,0.8,0.4348833726168508,0.4348833726168508,1,False,False,False,True,1e-07,0.9,-0.2870377820642261
0.3958679541959528,0.0666479349375639,5.225577568275729,0.6141220703010608,0.1219461679522579,0.5520114150335579,,3,1,0.1,14557075.24772828,0.6521402890552933,1.1537725839547637,1.4766468580970913,0.7304010668788203,0.811556740976467,1,10,1.4930100886087447,1.4643958410349875,0.8,0.6521402890552933,0.6521402890552933,1,False,False,False,True,1e-07,0.9,-0.8035671707743631
0.5735258890650022,0.0377798327311211,7.22090350917681,1.3031396212809754,-0.0769715411627584,0.898306518905104,,3,1,0.1,24735355.16112409,0.2515424125660232,1.8884656183577428,1.8483637830654267,0.1018851929260849,0.1132057699178721,1,10,0.8510666356552885,1.7346649067879558,0.8,0.2515424125660232,0.2515424125660232,1,False,False,False,True,1e-07,0.9,-2.221993083062392
0.7294524395786511,0.0134903592395007,11.042181646443057,2.7226732516620857,0.2441586377492,0.7939829567529051,,3,1,0.1,4611952.015921939,0.0950140622417269,1.0802750963398626,1.829550243142234,0.2335255906256039,0.2594728784728932,1,10,0.5625268276759022,1.806827599054524,0.8,0.0950140622417269,0.0950140622417269,1,False,False,False,True,1e-07,0.9,-0.366181129612971
0.365047473490357,0.040278265267417,4.657175814137829,0.3669258432452912,-0.0342468922356195,0.9237844491284596,,3,1,0.1,108093292.24926227,0.8238389002208905,1.4965126988911182,1.6743979577571473,0.0742532479834458,0.0825036088704954,1,10,0.9948804939877176,1.5726993393932045,0.8,0.8238389002208905,0.8238389002208905,1,False,False,False,True,1e-07,0.9,-9.985490257740691
0.4136148539133439,0.0514420942657263,4.809352296700052,1.9470664119195145,0.4219067873262044,0.6292869973603865,,3,1,0.1,6126293.017018884,0.2271096254657396,1.0713961407851325,1.8791398460373323,0.5301900464734673,0.5891000516371859,1,10,1.5482756364772567,1.0359625781791837,0.8,0.2271096254657396,0.2271096254657396,1,False,False,False,True,1e-07,0.9,-0.3855196541666136
0.430761672681476,0.0736289400673119,3.6472890630264105,0.628017433565939,0.279429060885703,0.3984600959043755,,3,1,0.1,11738905.04267179,0.7061419106635877,1.8055788833732336,1.88863879090206,1.358695435881205,1.509661595423561,1,10,0.909970152496968,1.858697724533417,0.8,0.7061419106635877,0.7061419106635877,1,False,False,False,True,1e-07,0.9,-0.4677485228599584
0.3628808658480046,0.0514515414103491,3.495884252845578,0.3937675580559158,-0.0212099172770865,0.8131676969652547,,3,1,0.1,44145965.46693361,0.8247891578885276,1.844798821517184,1.6107358199670898,0.206782774769342,0.2297586386326022,1,10,1.880455207269795,1.5331797546054116,0.8,0.8247891578885276,0.8247891578885276,1,False,False,False,True,1e-07,0.9,-3.58980730942757
0.4217713657568367,0.0612805154703438,6.33887012628069,0.9081930097973396,0.4824942373074207,0.3425781186584345,,3,1,0.1,8238867.493767986,0.5416411236833496,1.2087857335708965,1.7831587757176055,1.72713801898521,1.9190422433169,1,10,0.7032028016050298,1.4590571422325955,0.8,0.5416411236833496,0.5416411236833496,1,False,False,False,True,1e-07,0.9,-0.2822455731413612
0.3598480752074226,0.0436602590952365,7.12610716404652,0.5962998636238657,-0.0380901111113979,0.8857736999015164,,3,1,0.1,53392919.62592236,0.6098875042583775,1.101499773866255,1.6870166077990127,0.1160608743520667,0.1289565270578519,1,10,1.1968752884883294,1.1916679665348546,0.8,0.6098875042583775,0.6098875042583775,1,False,False,False,True,1e-07,0.9,-4.729404390469687
0.51422980698737,0.019221831821389,5.652770328639359,2.919188288505821,1.9524550730646613,0.4451624046493054,,3,1,0.1,2010476.3526052143,0.1115487754006483,1.382024496494253,1.0448634526968288,1.121734069634679,1.2463711884829765,1,10,1.519785337584316,1.1105979516257471,0.8,0.1115487754006483,0.1115487754006483,1,False,False,False,True,1e-07,0.9,-0.0894988488070698
0.6468129126582314,0.0610646432996384,3.913129402694208,2.087977349500305,0.8770150646385568,0.529751610033816,,3,1,0.1,3987282.83320618,0.1875013146752742,1.681433833422494,1.8135656132461493,0.7989094189681644,0.8876771321868493,1,10,1.310437649951864,1.982208519935284,0.8,0.1875013146752742,0.1875013146752742,1,False,False,False,True,1e-07,0.9,-0.2112269502352553
0.4623677605206767,0.0807085240247194,4.607837274528387,0.8966317237544122,0.5305523136879607,0.3725161638742666,,3,1,0.1,8338431.920689363,0.5232230726238675,1.425039426238925,1.5717570337847129,1.5160025450701575,1.684447272300175,1,10,1.1181559131373664,1.718750471657291,0.8,0.5232230726238675,0.5232230726238675,1,False,False,False,True,1e-07,0.9,-0.3106200672174761
0.4546865592693503,0.0595344613282367,4.765649003935287,0.9988597508954404,0.101378385426921,0.6531074135350555,,3,1,0.1,11238247.372476457,0.3898464306560357,1.95719118984944,1.5338515031366482,0.4780275362801293,0.5311417069779214,1,10,1.1501247811176116,1.4909423207595929,0.8,0.3898464306560357,0.3898464306560357,1,False,False,False,True,1e-07,0.9,-0.7339782670406714
0.5424689869413024,0.0549519138075129,8.43976997105003,1.1990038645533554,0.2348483825244378,0.5593369690912957,,3,1,0.1,7460597.687840012,0.3287609263521425,1.2433594487714792,1.4060830381773557,0.7090479437862809,0.7878310486514232,1,10,0.7627703562539077,1.8854413930815528,0.8,0.3287609263521425,0.3287609263521425,1,False,False,False,True,1e-07,0.9,-0.4172988101839787
0.3391299792499297,0.0653002381125862,4.03105714467191,0.9949066851444328,0.7276800552861932,0.3805916596389967,,3,1,0.1,6781486.12758841,0.4200508650361573,1.423905162672786,1.4281814979848266,1.4647391560121896,1.6274879511246552,1,10,1.6551890554199769,1.0358288762830676,0.8,0.4200508650361573,0.4200508650361573,1,False,False,False,True,1e-07,0.9,-0.2580977061925238
0.3409628312072926,0.0560796230466656,3.173486754476444,0.3567475470698475,0.2076836266930871,0.342237937054334,,3,1,0.1,14303551.614922352,0.9408332668536872,1.852323981584019,1.0430310051583096,1.7297493718737422,1.92194374652638,1,10,1.6845071489740406,1.8229518373808664,0.8,0.9408332668536872,0.9408332668536872,1,False,False,False,True,1e-07,0.9,-0.4895217992916944
0.6709256619679659,0.0074612365160768,6.819080149477535,5.537845346976982,2.451746473368362,0.4149354413919424,,3,1,0.1,1301390.5982657576,0.0761397440049664,1.7645771157713683,1.9283245568917589,1.2690121166339996,1.4100134629266663,1,10,0.5229261270732254,1.406027837065173,0.8,0.0761397440049664,0.0761397440049664,1,False,False,False,True,1e-07,0.9,-0.0539993082483786
0.4302989777296552,0.0777097373552996,5.5954885458157815,0.7415355591358632,0.2136994422105221,0.5139374520124739,,3,1,0.1,11730423.939620618,0.5701719185892608,1.0748885401537196,1.5247602551036226,0.8511858621623786,0.9457620690693096,1,10,1.725461824603126,1.5396575605988634,0.8,0.5701719185892608,0.5701719185892608,1,False,False,False,True,1e-07,0.9,-0.6028704197954761
0.438609131374585,0.0783112784222856,4.703138929191782,0.6503541555276533,0.3775182175573762,0.3524881608257942,,3,1,0.1,10864466.694586936,0.7034870111053734,1.3818050156926085,1.5924988613480813,1.653277244522252,1.836974716135836,1,10,0.9995638604079268,1.996045604719392,0.8,0.7034870111053734,0.7034870111053734,1,False,False,False,True,1e-07,0.9,-0.3829595885423472
0.4185774254843408,0.049528245629408,6.550783998793337,0.916577761888698,0.0028805036188342,0.766986253398622,,3,1,0.1,18580948.254528143,0.4329615945992063,1.353641252094994,1.7302492749673426,0.2734238990750822,0.3038043323056469,1,10,1.0693262826801937,1.2625482210508712,0.8,0.4329615945992063,0.4329615945992063,1,False,False,False,True,1e-07,0.9,-1.4251331921750816
0.5785403681460178,0.0320253982535184,6.067756763091943,1.9386613152965737,0.4474450217944937,0.5943669101164683,,3,1,0.1,4163940.7748131696,0.168903199544864,1.802879038725764,1.2333444980530694,0.614216193198982,0.6824624368877578,1,10,0.6871574284985651,1.5858057614010943,0.8,0.168903199544864,0.168903199544864,1,False,False,False,True,1e-07,0.9,-0.2474908614830663
0.4989436689792628,0.0703352745226461,4.08197740226301,1.5695332652177652,0.9678269780723135,0.420945102370395,,3,1,0.1,4794278.87244108,0.2776150385937992,1.4641133044576429,1.4799350945071073,1.2380460181909383,1.3756066868788206,1,10,1.5795066981191508,1.4736036991542347,0.8,0.2776150385937992,0.2776150385937992,1,False,False,False,True,1e-07,0.9,-0.2018128212106886
0.3851280632240635,0.0531923827011439,5.843628239166029,0.7237817312194271,0.0249816265869752,0.7101869200093713,,3,1,0.1,18405545.72424537,0.5334167362375737,1.3394346100187595,1.3444124656253948,0.3672720021204051,0.4080800023560056,1,10,1.5928538967113448,1.310523167587467,0.8,0.5334167362375737,0.5334167362375737,1,False,False,False,True,1e-07,0.9,-1.3071377830318156
0.7067116702009755,0.0261973406046491,5.425541877799528,2.5809852812940783,0.6616633303933535,0.6374406944145637,,3,1,0.1,3270744.0844037016,0.1185838585400228,1.6635520328102793,1.7416975644421568,0.5118960522697332,0.5687733914108147,1,10,0.7744977687287509,1.891111764132092,0.8,0.1185838585400228,0.1185838585400228,1,False,False,False,True,1e-07,0.9,-0.2084905380405844
0.3410449343505553,0.0637153070792312,3.1177479935062755,0.3989205373709075,0.0966300643535781,0.510105125461159,,3,1,0.1,19640332.596681647,0.9621697323858192,1.4094231165051156,1.6457035774839146,0.8643422013969334,0.9603802237743704,1,10,1.906768520153144,1.40563030567392,0.8,0.9621697323858192,0.9621697323858192,1,False,False,False,True,1e-07,0.9,-1.0018634336527557
0.470668495719388,0.0528971953457838,4.15867084625568,1.631648816464287,0.1305759511805733,0.7242283172617844,,3,1,0.1,8987758.259388342,0.2478568972427494,1.79148323119205,1.943820130047652,0.3427020299382743,0.3807800332647493,1,10,1.368331833381798,1.2375890730157542,0.8,0.2478568972427494,0.2478568972427494,1,False,False,False,True,1e-07,0.9,-0.6509189042906273
0.3921548190401786,0.0671101957286745,5.810118184091679,0.4537166887117849,0.1719985904979708,0.4248393746157868,,3,1,0.1,14791680.938768083,0.8507591606821456,1.072800687020553,1.247991955977705,1.2184477093582382,1.3538307881758205,1,10,1.6304465834660566,1.9610698262305688,0.8,0.8507591606821456,0.8507591606821456,1,False,False,False,True,1e-07,0.9,-0.6284088478327431
0.4144355231634836,0.0644877630319049,3.605276288752798,0.5253848397714418,0.0689104869519172,0.5912910377681115,,3,1,0.1,17482904.800607134,0.7145419158471001,1.91750736810322,1.7720379424760182,0.6220930853224869,0.6912145392472077,1,10,1.14271444665231,1.736198624184902,0.8,0.7145419158471001,0.7145419158471001,1,False,False,False,True,1e-07,0.9,-1.0337484915746848
0.6985343019109941,0.021625285466609,6.1866659923237535,3.368445233506053,1.4494555887027871,0.4599023647680532,,3,1,0.1,2125089.602778958,0.1147755753161756,1.7024151063102408,1.9746553856768128,1.056937100016664,1.1743745555740712,1,10,0.6217479497829915,1.794951685262529,0.8,0.1147755753161756,0.1147755753161756,1,False,False,False,True,1e-07,0.9,-0.0977333732657612
0.3688138260393722,0.0786195418843465,4.286791648946093,0.6501952479330232,0.4735028173341385,0.3427097816108965,,3,1,0.1,10480500.640397005,0.6888729864897261,1.1074967524292931,1.4240095377319908,1.7261287196693902,1.917920799632656,1,10,1.706949012539993,1.3485309113460144,0.8,0.6888729864897261,0.6888729864897261,1,False,False,False,True,1e-07,0.9,-0.3591770085130555
0.8056143544696621,0.0003443811744852,4.34566906628813,12.193477818431528,9.579290777321813,0.4633259468281941,,3,1,0.1,573683.1678094616,0.0307880840300033,1.177949397316699,1.585222948566423,1.0424770103232075,1.1583077892480085,1,10,1.940952934850502,1.8264950648344385,0.8,0.0307880840300033,0.0307880840300033,1,False,False,False,True,1e-07,0.9,-0.0265802297063026
0.5168575548192119,0.0482238704648991,4.629283331702203,1.569508691465525,0.0293501426951919,0.7856349866597703,,3,1,0.1,11156283.269087415,0.2391516571247699,1.9505891824894508,1.987789788887338,0.2455701633483351,0.2728557370537057,1,10,1.1762716604354797,1.3941561081494762,0.8,0.2391516571247699,0.2391516571247699,1,False,False,False,True,1e-07,0.9,-0.8764766452129386
0.4500790714055378,0.0338120075707867,9.13961599341389,1.414153217653364,0.0193601082420636,0.7759909889805432,,3,1,0.1,12482376.98588927,0.2796164649380425,1.227876499958496,1.2254068044298316,0.259807282275756,0.2886747580841733,1,10,0.7518125425020534,1.2567933538933915,0.8,0.2796164649380425,0.2796164649380425,1,False,False,False,True,1e-07,0.9,-0.96862120801763
0.4448078731944972,0.0617656387365117,4.590550551098918,0.840249129667011,0.1183874014886713,0.6041985794778835,,3,1,0.1,11737970.47992368,0.4645904925403625,1.9998731997105184,1.5489412103335174,0.5895764911889277,0.6550849902099197,1,10,1.0519868983013048,1.5704214341500131,0.8,0.4645904925403625,0.4645904925403625,1,False,False,False,True,1e-07,0.9,-0.7092065089913528
0.4358134621305795,0.0728962734317983,3.62478934436066,0.5568739470798458,0.0688886400572702,0.6090882335342513,,3,1,0.1,17516875.29909096,0.6847551989273872,1.7947979780613883,1.8689638764502248,0.5776184310403191,0.6417982567114656,1,10,1.4233779257740469,1.777153553442532,0.8,0.6847551989273872,0.6847551989273872,1,False,False,False,True,1e-07,0.9,-1.0669322645274086
0.4048661790549423,0.0510218057039119,5.0436714187744975,0.9894511899774202,-0.0685290579389098,0.8963000530637348,,3,1,0.1,37672138.47427319,0.3906598368067485,1.937021060087201,1.8363727549230044,0.1041280226678755,0.1156978029643061,1,10,1.949261479240057,1.1944594499847996,0.8,0.3906598368067485,0.3906598368067485,1,False,False,False,True,1e-07,0.9,-3.376553969596592
0.2892251122568066,0.0351966449151751,3.8510956388432698,0.3973067577805406,0.0281200309968394,0.6254423297384532,,3,1,0.1,24436768.68585259,0.9152978228716908,1.6638822335944283,1.524292484657934,0.5389815930373008,0.598868436708112,1,10,0.7613191358443434,1.1279530508003297,0.8,0.9152978228716908,0.9152978228716908,1,False,False,False,True,1e-07,0.9,-1.528378953201684
0.4861688685564994,0.0705086214709069,4.951193819432274,1.7183448341176342,0.8277610808667608,0.4803919910911641,,3,1,0.1,5059843.970327885,0.2629135191271794,1.0127131905804492,1.6994133640498046,0.973470034243778,1.0816333713819757,1,10,1.699814189547653,1.3385416034990398,0.8,0.2629135191271794,0.2629135191271794,1,False,False,False,True,1e-07,0.9,-0.2430708522635663
0.4780907949852269,0.0182910945737723,6.623166178522002,3.24552048434817,1.7948764774411146,0.3932162545758574,,3,1,0.1,2075079.747545968,0.1259124536545649,1.3019289226559054,1.1940121694673558,1.3888168775494412,1.5431298639438236,1,10,0.7224529972007425,1.036097192541865,0.8,0.1259124536545649,0.1259124536545649,1,False,False,False,True,1e-07,0.9,-0.0815955087046349
0.5140623574325787,0.0784862449650074,3.412260595406473,2.0874366376047937,1.6837694334589095,0.3725238417320921,,3,1,0.1,3971447.607835032,0.2491988444901225,1.3472881707705249,1.9448440083303025,1.5159527503403476,1.6843919448226083,1,10,1.888553920111264,1.4170346258465587,0.8,0.2491988444901225,0.2491988444901225,1,False,False,False,True,1e-07,0.9,-0.1479458923892273
0.3455441778354787,0.0348073072388499,4.730088257058275,0.3397256221679394,-0.0274360922002103,0.921115154446726,,3,1,0.1,111462679.83329076,0.8792715410409192,1.4259018337645524,1.611554464078342,0.0770765312623598,0.0856405902915109,1,10,0.8218268481542313,1.529397751636154,0.8,0.8792715410409192,0.8792715410409192,1,False,False,False,True,1e-07,0.9,-10.26699636206536
0.4574730088920288,0.0431570760129685,9.738829796036862,0.8040924400410804,-0.086312491732831,0.9863875605211376,,3,1,0.1,315904272.6305636,0.430022736802311,1.1218211737037986,1.7062488139243015,0.0124202656453855,0.0138002951615394,1,10,1.163197093325091,1.4263713697525382,0.8,0.430022736802311,0.430022736802311,1,False,False,False,True,1e-07,0.9,-31.160404525479365
0.5448649209865746,0.0367442686690964,4.5419499969064745,2.252413465342128,1.241540705908304,0.462072605312399,,3,1,0.1,2963130.088936178,0.1593948689825596,1.7693090510391398,1.3319990030651123,1.047745851307342,1.1641620570081577,1,10,1.0540929834618438,1.3711130990979992,0.8,0.1593948689825596,0.1593948689825596,1,False,False,False,True,1e-07,0.9,-0.1369181240382322
0.5874584427360194,0.0430376195276129,7.794770942227012,1.912742534000251,0.6345862202436475,0.5533178595841645,,3,1,0.1,4040814.704625415,0.1804959583491062,1.0247301388565846,1.0451657899857958,0.726551509970016,0.80727945552224,1,10,1.5644981890393606,1.6656049490812166,0.8,0.1804959583491062,0.1804959583491062,1,False,False,False,True,1e-07,0.9,-0.2235854946685554
0.339855806559644,0.0667008410596952,3.534092793258069,0.5058096959305142,0.2785761901258624,0.3803101585304255,,3,1,0.1,12754582.820061984,0.7903884614645696,1.42294159322153,1.3130857182233948,1.4664895081365497,1.6294327868183884,1,10,1.6045378370216865,1.3365673471974184,0.8,0.7903884614645696,0.7903884614645696,1,False,False,False,True,1e-07,0.9,-0.4850697413832695
0.4351359929042696,0.0813611189648391,3.2963213706013152,1.1259077755945888,0.7812502377389641,0.4082307170481106,,3,1,0.1,6301407.041565832,0.3728978757688777,1.905725041758174,1.560292404003277,1.304635669035002,1.4495951878166689,1,10,1.9254672942741995,1.3738435282639951,0.8,0.3728978757688777,0.3728978757688777,1,False,False,False,True,1e-07,0.9,-0.2572427917757587
0.4576932888880629,0.0948263426290985,2.982900135773145,1.1399280561993357,0.6442989120900218,0.4383244354646532,,3,1,0.1,7441544.748410702,0.4179733430355993,1.7241289163899407,1.99586676397028,1.1532736192221176,1.2814151324690195,1,10,1.8393446620281129,1.4323401913836291,0.8,0.4179733430355993,0.4179733430355993,1,False,False,False,True,1e-07,0.9,-0.3261810901417921
0.3743880182524788,0.0500295510804454,5.612335359494141,1.3209151932802372,0.0720771704786912,0.7374753143991324,,3,1,0.1,12291406.547184683,0.3226797318309595,1.195275739901301,1.6093089472525253,0.3203798316060068,0.3559775906733409,1,10,1.8062994781541848,1.0299566095559198,0.8,0.3226797318309595,0.3226797318309595,1,False,False,False,True,1e-07,0.9,-0.9064608912279436
0.3864585155812892,0.0424205526621669,5.8722899172905,0.5330966445727096,-0.0147559536640765,0.7815178105776549,,3,1,0.1,28664029.867954385,0.6262579386972165,1.8755541194259804,1.0609027533734048,0.2516052325599202,0.2795613695110224,1,10,1.2709051617531355,1.812951071968268,0.8,0.6262579386972165,0.6262579386972165,1,False,False,False,True,1e-07,0.9,-2.240144990054924
0.5570890321020113,0.0601406867583622,5.786657912188313,1.4988651561967574,1.2953108799859043,0.3395356930234545,,3,1,0.1,3890400.760065574,0.2569470590369589,1.4542003777367227,1.1595796911840923,1.7506786134494248,1.9451984593882496,1,10,1.2006755203647506,1.8717891317634567,0.8,0.2569470590369589,0.2569470590369589,1,False,False,False,True,1e-07,0.9,-0.1320929921014192
0.6691574209371928,0.0327562892849474,3.8419363304541454,4.101535101345809,3.5919777274347577,0.3665460206347808,,3,1,0.1,1792374.9249881918,0.1135386917051284,1.4112636102413485,1.5581380637541475,1.555353350832697,1.728170389814108,1,10,1.753715910822026,1.6256146475477742,0.8,0.1135386917051284,0.1135386917051284,1,False,False,False,True,1e-07,0.9,-0.0656987897305719
0.4403443577061305,0.0889268055618737,4.033423341270262,0.9370949954423784,0.637608642049977,0.3722128069962378,,3,1,0.1,8113845.991554218,0.5093768097252636,1.326555214065988,1.5996334709731657,1.5179716094752669,1.6866351216391853,1,10,1.6114638370117604,1.5122723396937154,0.8,0.5093768097252636,0.5093768097252636,1,False,False,False,True,1e-07,0.9,-0.302007739627702
0.4780831742352117,0.0613069875014539,8.170296721997119,1.1998026681602694,0.6614317227664259,0.3580123621426559,,3,1,0.1,6141495.012103072,0.3942763480023244,1.0233702334420638,1.3971601618150582,1.6138796733543526,1.7931996370603918,1,10,0.7989172651580624,1.5792845334176009,0.8,0.3942763480023244,0.3942763480023244,1,False,False,False,True,1e-07,0.9,-0.2198731135571162
0.6813067769838553,0.0109769871928737,7.290396790962225,3.2692137695137315,0.8878813353132359,0.5987549179239083,,3,1,0.1,2228791.980994244,0.0894291733466425,1.5691655566085905,1.2247205036753357,0.603119177911078,0.6701324199011978,1,10,0.5435657459815685,1.5476372457691427,0.8,0.0894291733466425,0.0894291733466425,1,False,False,False,True,1e-07,0.9,-0.1334500161964184
0.7573100001064602,2.94999093827816e-08,3.311878578438584,34.01359140502365,26.01050429014296,0.4386114730950261,,3,1,0.1,225366.5619123117,0.0126518189817203,1.5759918947591238,1.9587219392173243,1.1519299088307549,1.279922120923061,1,10,1.5031949379963252,1.5799960286714807,0.8,0.0126518189817203,0.0126518189817203,1,False,False,False,True,1e-07,0.9,-0.0098848359912538
0.5771387066048989,0.0542228311316233,9.029079362416311,1.5857576859106,0.6344169944206733,0.4800037136150896,,3,1,0.1,4635119.553715714,0.2410244717028988,1.0114580878472157,1.156233493711168,0.9749854938032864,1.083317215336985,1,10,1.026287778464683,1.873414021770409,0.8,0.2410244717028988,0.2410244717028988,1,False,False,False,True,1e-07,0.9,-0.2224874601760769
0.5201116140705503,0.0771458184495833,4.736850859564436,0.9863937790015936,0.271435939795082,0.5366941187940251,,3,1,0.1,8675744.43060653,0.4019523020771917,1.734483357879038,1.4434592644280009,0.7769328533398859,0.8632587259332065,1,10,1.365829741901452,1.9848303046615767,0.8,0.4019523020771917,0.4019523020771917,1,False,False,False,True,1e-07,0.9,-0.465622101691356
0.4169186075984491,0.0297054257078127,9.33185640751046,0.728237390080264,-0.0530521117120545,0.9857462266334002,,3,1,0.1,338082418.1791067,0.4818949686680806,1.7054113680400884,1.2689547076795158,0.0130138931129895,0.014459881236655,1,10,0.6284289206486255,1.540696532471491,0.8,0.4818949686680806,0.4818949686680806,1,False,False,False,True,1e-07,0.9,-33.32634680539418
0.3706288614576007,0.0614411079243253,5.441035400618613,0.510449814984753,0.2664390931792232,0.3719680515959577,,3,1,0.1,11803453.513600877,0.74129451815706,1.1449425399352855,1.045589512604934,1.51956263753965,1.688402930599611,1,10,1.695467025627333,1.6223831159381068,0.8,0.74129451815706,0.74129451815706,1,False,False,False,True,1e-07,0.9,-0.4390507614336184
0.6089647441431577,0.0454343986279644,6.131927264720399,1.963927813572789,0.8315893060309907,0.4776502233956631,,3,1,0.1,3690542.545783808,0.192775388283934,1.4130523354558238,1.3608705886148167,0.984223969585548,1.0935821884283865,1,10,0.8615913943139415,1.8257735143995348,0.8,0.192775388283934,0.192775388283934,1,False,False,False,True,1e-07,0.9,-0.1762788472611419
0.3923857469634091,0.062144357262994,6.092583371852552,0.5601902409596856,0.098051916206593,0.5545201871594836,,3,1,0.1,16076382.01605139,0.7161702948414005,1.059235579072154,1.9988659703008,0.7230247713978251,0.8033608571086945,1,10,1.001691198797653,1.4760693350262584,0.8,0.7161702948414005,0.7161702948414005,1,False,False,False,True,1e-07,0.9,-0.8914678380471958
0.3684271436495422,0.0585162888600154,5.559093023131002,0.7936448433603909,0.3019807988578724,0.43229634162892,,3,1,0.1,9886368.78282388,0.5612527176428079,1.1699786416448248,1.5195293050399812,1.1819051963492058,1.313227995943562,1,10,0.8963908051730854,1.2071531405065634,0.8,0.5612527176428079,0.5612527176428079,1,False,False,False,True,1e-07,0.9,-0.4273841065692605
0.5084848479552903,0.0694042753092894,3.300342650929802,2.1344546690036665,1.5280433355544705,0.4031562893168673,,3,1,0.1,3824529.326701391,0.2282646051252438,1.5013126943060344,1.8927548082908785,1.3323848687193125,1.4804276319103469,1,10,1.7249581488289445,1.3555255187980486,0.8,0.2282646051252438,0.2282646051252438,1,False,False,False,True,1e-07,0.9,-0.154188305481134
0.3908397213461787,0.0463283646784642,5.700893357176193,1.27343183497373,0.0743063901134125,0.7188774531846045,,3,1,0.1,11702306.055250363,0.3289781763329072,1.465795216486547,1.4997531120173,0.3519519092065389,0.3910576768961544,1,10,1.210887733195536,1.0975552034148022,0.8,0.3289781763329072,0.3289781763329072,1,False,False,False,True,1e-07,0.9,-0.8412524000087213
0.4380451526914691,0.0561142542209191,6.84551437917089,0.7920499168162876,0.0888587876653874,0.6153050937209729,,3,1,0.1,12932286.75269262,0.4974984346390503,1.235358219633388,1.3616885904734657,0.5626890126284733,0.6252100140316369,1,10,0.9873947923280084,1.539292446779084,0.8,0.4974984346390503,0.4974984346390503,1,False,False,False,True,1e-07,0.9,-0.7957301918131455
0.3995442750826976,0.0409933151304884,8.220169821385007,0.5201782994709317,0.0275200058698202,0.6432349300446113,,3,1,0.1,19011460.61823491,0.6782624408838557,1.1656846825551233,1.7566234198916009,0.4991777466711591,0.5546419407457324,1,10,0.5615645603909051,1.6990069704912627,0.8,0.6782624408838557,0.6782624408838557,1,False,False,False,True,1e-07,0.9,-1.2228835558273072
0.3303516700600361,0.042717808288743,4.978256754013231,0.4691954509934355,0.0858953583864933,0.5121481396730598,,3,1,0.1,15778206.153812105,0.7697426471996427,1.3419913092221254,1.077234974768054,0.857304049907383,0.9525600554526475,1,10,0.8245945995317638,1.3628834086121762,0.8,0.7697426471996427,0.7697426471996427,1,False,False,False,True,1e-07,0.9,-0.8080778946878399
0.3166848562546531,0.0570414452715022,4.040562208874404,0.7055463906512421,0.3260047904225786,0.3959840452249179,,3,1,0.1,10818274.232766133,0.653440958869841,1.5938155460797034,1.9216769768011543,1.372818844225914,1.5253542713621266,1,10,0.9010059744394548,1.0331473577276495,0.8,0.653440958869841,0.653440958869841,1,False,False,False,True,1e-07,0.9,-0.4283863994627427
0.6184043094654256,0.0337532036192862,4.999949995989218,2.120888895718297,0.3619886606372312,0.7056706227061145,,3,1,0.1,4757846.053436696,0.1400373725971803,1.8241385945572703,1.14727003059244,0.3753825524841445,0.4170917249823828,1,10,1.626464853184142,1.6489522359350977,0.8,0.1400373725971803,0.1400373725971803,1,False,False,False,True,1e-07,0.9,-0.335747218688725
0.2973836329122471,0.0448789749939132,5.229827902725479,0.5129271796994408,0.2026425606085822,0.4506321704799949,,3,1,0.1,10587041.527073916,0.5816179444642879,1.9495604054763715,1.001474364594401,1.097194294942052,1.2191047721578356,1,10,0.9210610143789382,1.1850631627647228,0.8,0.5816179444642879,0.5816179444642879,1,False,False,False,True,1e-07,0.9,-0.4770861503532702
0.3445350440752411,0.0356416173226507,6.423978630756138,0.2961834130782845,-0.0097632299711888,0.7802767308997588,,3,1,0.1,44582877.90694447,0.9795894678637328,1.045498397432472,1.0826474066257634,0.2534369337942258,0.2815965931046953,1,10,1.3427279599632964,1.9210223867957803,0.8,0.9795894678637328,0.9795894678637328,1,False,False,False,True,1e-07,0.9,-3.478698215139542
0.3502830748596888,0.0472033469117242,4.17071551864475,0.4270417820376497,0.0333704280476909,0.6237260729608317,,3,1,0.1,20852445.97291119,0.7846230947167466,1.778919176598222,1.129211833733572,0.542941122739497,0.6032679141549967,1,10,1.7501615890215625,1.629114255976082,0.8,0.7846230947167466,0.7846230947167466,1,False,False,False,True,1e-07,0.9,-1.3006214233655795
0.3696822633223933,0.0581875158992194,3.2761655292623084,0.410171924610889,0.2056750063095007,0.3587814223806722,,3,1,0.1,13816839.372549163,0.8859613198985158,1.9276981575114904,1.243137289519169,1.6084910863781772,1.7872123181979749,1,10,0.8611794310629769,1.98992594023288,0.8,0.8859613198985158,0.8859613198985158,1,False,False,False,True,1e-07,0.9,-0.4957225280250711
0.7023761994814472,0.0182702529924519,3.613442876531172,3.0992579097065325,0.312574387134473,0.8395098250932425,,3,1,0.1,5444784.43230607,0.0873834319905976,1.8963179183720944,1.630406575646176,0.172054159580609,0.1911712884228989,1,10,1.8126494746355488,1.6064941407223778,0.8,0.0873834319905976,0.0873834319905976,1,False,False,False,True,1e-07,0.9,-0.4570950033858423
0.4974607695364672,0.0679771085121194,5.319006782927106,1.0088414066093745,0.214170479923284,0.5763489788209373,,3,1,0.1,8774906.209729964,0.371749760597821,1.663619727351208,1.242111773184719,0.6615539075668533,0.7350598972965037,1,10,1.636022174503619,1.8097654071951312,0.8,0.371749760597821,0.371749760597821,1,False,False,False,True,1e-07,0.9,-0.5057408234894403
0.3138021994401127,0.0355177395971224,4.557078096086802,0.4138017883053542,-0.020782845699562,0.8565575206489333,,3,1,0.1,55733709.53968834,0.7994580693789021,1.6918040783157091,1.1628974337164235,0.1507175271990541,0.1674639191100601,1,10,1.5848372540085152,1.32703562031356,0.8,0.7994580693789021,0.7994580693789021,1,False,False,False,True,1e-07,0.9,-4.77391281401513
0.6471703736229147,0.050693393388018,4.505714441756133,2.625435206133971,1.5497944564269108,0.4138224159122615,,3,1,0.1,2962881.0517143607,0.17367742849867,1.6093742473545665,1.8698325109356324,1.2748459372747412,1.4164954858608234,1,10,1.0342243637924289,1.8908356617766704,0.8,0.17367742849867,0.17367742849867,1,False,False,False,True,1e-07,0.9,-0.1226106596173631
0.4495321823416373,0.0770037385097509,4.061716234313724,0.8060804283729972,0.0963440532215066,0.6402928025914667,,3,1,0.1,13933216.579290094,0.5011877795375629,1.5848119058450278,1.8500021200894967,0.5056069291383825,0.5617854768204249,1,10,1.8106416173441675,1.5001005129945333,0.8,0.5011877795375629,0.5011877795375629,1,False,False,False,True,1e-07,0.9,-0.8921338310362656
0.4768598846543712,0.0575975787126447,5.48838739120848,0.6025112754185077,-0.0744158550717794,0.9232625714634678,,3,1,0.1,69957972.20295425,0.5368394359196585,1.8277542097467192,1.599032310621626,0.0748039483214464,0.0831154981349404,1,10,1.956070560753743,1.942099126073509,0.8,0.5368394359196585,0.5368394359196585,1,False,False,False,True,1e-07,0.9,-6.45895773531944
0.4491863962336356,0.0718342621632513,4.652817911458433,0.7716395437448867,0.3323863866181633,0.4027113667020945,,3,1,0.1,10074047.118502663,0.6017113239226272,1.5583208461087064,1.989998294821166,1.334851246862804,1.483168052069782,1,10,0.8401713323220436,1.746426321483233,0.8,0.6017113239226272,0.6017113239226272,1,False,False,False,True,1e-07,0.9,-0.4056933287189289
0.5711059689750843,0.006236919032184,5.452102529307597,6.897825287357939,4.407226327411593,0.340816237592466,,3,1,0.1,1072256.6077258105,0.0706814075025297,1.9768271293055304,1.8810040191304225,1.7407192519864112,1.934132502207124,1,10,0.6752954323045177,1.0964820954865482,0.8,0.0706814075025297,0.0706814075025297,1,False,False,False,True,1e-07,0.9,-0.0365442463171539
0.352394220115414,0.0540996224083409,4.60672464876335,0.3305792437594204,-0.0120590024648819,0.7797253817198257,,3,1,0.1,44294372.98535529,0.9756925122669464,1.0626391218239295,1.9403805377556296,0.2542525369828115,0.2825028188697905,1,10,1.833692039108871,1.466051770881005,0.8,0.9756925122669464,0.9756925122669464,1,False,False,False,True,1e-07,0.9,-3.453744687361537
0.5343996936589462,0.0532353609587597,5.316775853407864,1.4700974010871872,0.0872062782955461,0.7294710899107752,,3,1,0.1,9387987.939778354,0.2539721891834263,1.5171326689213855,1.6559234971012806,0.3337706215472951,0.3708562461636612,1,10,1.1961637507613925,1.5361926104412045,0.8,0.2539721891834263,0.2539721891834263,1,False,False,False,True,1e-07,0.9,-0.684826579592152
0.3906118896260346,0.0552267608397374,5.582058718956909,0.5743958258491842,0.316076172842533,0.3483285021128951,,3,1,0.1,9977713.249861429,0.6502190687203424,1.3700074612909088,1.0665367174406406,1.6837678930686677,1.870853214520742,1,10,0.7486510707110046,1.6822139267908849,0.8,0.6502190687203424,0.6502190687203424,1,False,False,False,True,1e-07,0.9,-0.3475521909979541
0.2781972125291724,0.0558039099603961,2.6787941470176087,0.4063925802646757,0.1980401421254107,0.3884008284538792,,3,1,0.1,15972756.890364597,0.976892389562298,1.905551975522777,1.6045669207896331,1.4171938216060496,1.5746598017844995,1,10,1.2958215648689069,1.0721030707154295,0.8,0.976892389562298,0.976892389562298,1,False,False,False,True,1e-07,0.9,-0.6203832003233102
0.3546643339016478,0.0411524485569032,3.459480749210176,0.2875338924342202,-0.0258998077023867,0.8894881322882288,,3,1,0.1,89018696.13763346,0.9837621387537612,1.7163080360459746,1.4489491173534526,0.1118178841630289,0.1242420935144765,1,10,1.4562056081034027,1.8504815769716747,0.8,0.9837621387537612,0.9837621387537612,1,False,False,False,True,1e-07,0.9,-7.918107376509622
0.4275865071357626,0.0628122803078383,5.190634930471878,0.6180614014726293,-0.0339173365406394,0.8180139161380298,,3,1,0.1,31786307.615260504,0.5784665069587163,1.3544080503113527,1.8774452932089472,0.2002257813033783,0.222473090337087,1,10,1.845216282046496,1.4718017758934667,0.8,0.5784665069587163,0.5784665069587163,1,False,False,False,True,1e-07,0.9,-2.600164199314557
0.4010825840783507,0.0412079886047764,6.218901586770436,0.5390884060945484,0.0124062894890306,0.6895799597304488,,3,1,0.1,20109697.20796892,0.6242452390471541,1.7572863612458525,1.1064135281808192,0.4051423367230721,0.4501581519145246,1,10,0.7354511939071755,1.8926843093486447,0.8,0.6242452390471541,0.6242452390471541,1,False,False,False,True,1e-07,0.9,-1.3867244185554788
0.3367076327252666,0.0478802633449334,3.100629199774935,0.3586430434456075,-0.0057552755497433,0.75626269094855,,3,1,0.1,37603099.9599822,0.9165277485180594,1.9358143461214747,1.590792919656079,0.2900626736870571,0.3222918596522857,1,10,1.6254333492152326,1.44115070908294,0.8,0.9165277485180594,0.9165277485180594,1,False,False,False,True,1e-07,0.9,-2.843782158071439
0.4248129397554582,0.0552991812027338,4.993895866755444,0.5857622189298463,0.0050684574587972,0.7250710309005447,,3,1,0.1,22381395.071009785,0.6153293257818396,1.6366751752634905,1.6968725345886226,0.3412576997900357,0.3791752219889285,1,10,1.0693053552574088,1.6265885393229875,0.8,0.6153293257818396,0.6153293257818396,1,False,False,False,True,1e-07,0.9,-1.622810119519727
0.3890848919752269,0.0654194075023289,4.248858587377263,1.2616817456601537,0.5708561739937408,0.4497786910673406,,3,1,0.1,6865269.578904257,0.3777417238010876,1.4510571154180925,1.9808586270200133,1.1009840792240924,1.223315643582325,1,10,1.1554650563251734,1.1046086220690694,0.8,0.3777417238010876,0.3777417238010876,1,False,False,False,True,1e-07,0.9,-0.3087851966554528
0.4258608404178265,0.0595856997607356,5.3855844862824105,0.7306177188769402,0.0998576122719993,0.6037576384097441,,3,1,0.1,12308289.865565645,0.4877065367079005,1.9801477271910213,1.1413193562531887,0.590664370508898,0.6562937450098866,1,10,1.7397908297035178,1.734941387553239,0.8,0.4877065367079005,0.4877065367079005,1,False,False,False,True,1e-07,0.9,-0.7431224039339387
0.5632257064375992,0.0426190344856111,7.2633695322842975,1.3431035735169254,0.1301586306094814,0.6453760428524112,,3,1,0.1,7856748.506041671,0.2786190971226741,1.8061022193816392,1.806981976324261,0.4945358058570168,0.5494842287300187,1,10,0.5833818761397223,1.82846797071028,0.8,0.2786190971226741,0.2786190971226741,1,False,False,False,True,1e-07,0.9,-0.5070557268377568
0.3188584028788914,0.0571428241646985,3.9568184163784017,0.532613355720411,0.1293982102021424,0.5136960154244673,,3,1,0.1,15893177.060402196,0.7728914566985596,1.3298765841850688,1.6565200914037836,0.8520089176793195,0.946676575199244,1,10,1.2633155758799304,1.1274775458091706,0.8,0.7728914566985596,0.7728914566985596,1,False,False,False,True,1e-07,0.9,-0.8164261736644719
0.8112108118890404,0.0023812493428549,6.969570655609758,6.679550323780426,6.618108988137259,0.3746708036698334,,3,1,0.1,750350.7513954978,0.0469216186425379,1.1223493471622608,1.0702960946562143,1.502108707656591,1.6690096751739902,1,10,1.2476252583300464,1.9181859093847708,0.8,0.0469216186425379,0.0469216186425379,1,False,False,False,True,1e-07,0.9,-0.0281134519665431
0.5431206004210342,0.0829429515214799,3.376338017343245,1.489308149007181,0.6991901193526968,0.482984766493585,,3,1,0.1,5694866.830519757,0.2944332613056047,1.7833891100277317,1.7960371899794665,0.9634128080972376,1.0704586756635974,1,10,1.5833227168533992,1.712594513442253,0.8,0.2944332613056047,0.2944332613056047,1,False,False,False,True,1e-07,0.9,-0.2750533929452309
0.5286422971071219,0.0896318937419912,3.950328627173021,1.1711146797728516,0.7319785629781227,0.4145543533374574,,3,1,0.1,6308644.761819158,0.3693368248197461,1.7336661210026478,1.4559935130285129,1.2710060279294135,1.4122289199215703,1,10,1.9765909099609185,1.9473175194198,0.8,0.3693368248197461,0.3693368248197461,1,False,False,False,True,1e-07,0.9,-0.261527615348608
0.4320794086440168,0.0482300618319072,5.85530008939616,1.192029795904172,1.0228792006313945,0.3500825275169443,,3,1,0.1,4271395.166460286,0.2776054077486472,1.4090122136636296,1.0488087997928273,1.670822389747627,1.856469321941808,1,10,1.0724267837485968,1.2778006425328032,0.8,0.2776054077486472,0.2776054077486472,1,False,False,False,True,1e-07,0.9,-0.1495340818338013
0.5393287780184983,0.045699817061917,5.386714466813172,1.4842887268050615,0.6800447048575445,0.4939608496172775,,3,1,0.1,4149483.282315352,0.2099800787361348,1.806967495508054,1.111341241467844,0.9220067454684372,1.0244519394093747,1,10,1.011728992751575,1.637891123749239,0.8,0.2099800787361348,0.2099800787361348,1,False,False,False,True,1e-07,0.9,-0.2049682290173633
0.3262592724145462,0.048965154527734,3.7511353614923935,0.4255962400492562,-0.009622042566627,0.7855448950359804,,3,1,0.1,38898168.14992572,0.8341909899610381,1.572562809444503,1.974465638086451,0.2457015451150977,0.2730017167945531,1,10,1.4488441379943808,1.1843381646740558,0.8,0.8341909899610381,0.8341909899610381,1,False,False,False,True,1e-07,0.9,-3.0556257417527743
0.332112609486492,0.066990862946058,3.720837657510184,0.8663111962318296,0.5836183146035977,0.4065096629908704,,3,1,0.1,7576109.567181439,0.4496347372014619,1.7725278824919215,1.428623022920913,1.3139695115198593,1.4599661239109547,1,10,1.8433032639267872,1.062350313069146,0.8,0.4496347372014619,0.4496347372014619,1,False,False,False,True,1e-07,0.9,-0.3079761747899018
0.4386921135921251,0.0404462313697426,7.706746768191419,0.7058777302371937,0.0057704925115519,0.7268034729559456,,3,1,0.1,18599928.263918288,0.5081435307152586,1.6222498593077592,1.259620303994483,0.3382989810707089,0.3758877567452321,1,10,0.6494499332521431,1.7384443684342274,0.8,0.5081435307152586,0.5081435307152586,1,False,False,False,True,1e-07,0.9,-1.3518492486415818
0.3757176161588428,0.063056711273444,3.436484874901033,0.4355546797108668,0.2028630825974728,0.3985485363648027,,3,1,0.1,13317975.673809202,0.8010115165524412,1.983328234138129,1.166718197663057,1.3581942169678545,1.509104685519838,1,10,1.2580066318778802,1.927571137723884,0.8,0.8010115165524412,0.8010115165524412,1,False,False,False,True,1e-07,0.9,-0.5307859715362756
0.3656126836959935,0.053409211864706,3.727120882755391,0.3904706304927621,-0.002123255518436,0.7382077072875358,,3,1,0.1,33012207.108902942,0.8642340523770883,1.5194904373334843,1.8573718521943587,0.3191690646348741,0.3546322940387489,1,10,1.354712436745554,1.4939253045619287,0.8,0.8642340523770883,0.8642340523770883,1,False,False,False,True,1e-07,0.9,-2.4369865726499875
0.5597667439764535,0.035031234646491,5.582636260457168,2.5112426876403267,0.3028302709045225,0.7314049363468337,,3,1,0.1,5530287.700276815,0.1485407825983592,1.1355489657935287,1.641649960916118,0.3305085121454777,0.3672316801616419,1,10,1.2061480800186477,1.3200912126128217,0.8,0.1485407825983592,0.1485407825983592,1,False,False,False,True,1e-07,0.9,-0.404487971699651
0.3843451182448349,0.0720025714208706,4.989773686601347,0.5925311791352942,0.3254402376260586,0.3808460800061135,,3,1,0.1,11336722.438190335,0.7019175446014417,1.114466131122356,1.2524280268983867,1.463159415965507,1.6257326844061188,1,10,1.6421475699362147,1.5311623225149915,0.8,0.7019175446014417,0.7019175446014417,1,False,False,False,True,1e-07,0.9,-0.4317546307126175
0.3194479555253337,0.0490318699260052,4.214995765924437,0.4837976792165447,0.0559323837686922,0.6017428680837258,,3,1,0.1,20234814.296747413,0.8058658301678558,1.3744729216195757,1.7391254830487592,0.5956554497539556,0.6618393886155062,1,10,1.0679537636371994,1.1520499875829977,0.8,0.8058658301678558,0.8058658301678558,1,False,False,False,True,1e-07,0.9,-1.2176155191370823
0.5280412749554064,0.0077081796590193,7.515869309772165,5.874902236966009,1.7675188691632748,0.5349488150763142,,3,1,0.1,1678418.3945970605,0.0780550384415895,1.0474779005567263,1.590003571616835,0.7824039508744562,0.8693377231938403,1,10,0.715812129410601,1.0153652546809344,0.8,0.0780550384415895,0.0780550384415895,1,False,False,False,True,1e-07,0.9,-0.0897867930547506
0.4712435871947752,0.0524102851277799,4.986326871014674,1.7152423990549273,0.2108831290435915,0.6894932178868723,,3,1,0.1,7579436.640027244,0.2353466247839845,1.2459425632977594,1.5558123429823936,0.4053065304373541,0.4503405893748379,1,10,1.6303380171618151,1.239651428299806,0.8,0.2353466247839845,0.2353466247839845,1,False,False,False,True,1e-07,0.9,-0.5225970162835087
0.5584387166466135,0.0377079669973084,6.208639304016084,2.105627658466481,0.3501961680098687,0.6648188021561454,,3,1,0.1,5089607.591775464,0.1705940599982438,1.1995923508472777,1.2280098909511294,0.4537523263197628,0.5041692514664031,1,10,1.1082183442966875,1.4403499708954066,0.8,0.1705940599982438,0.1705940599982438,1,False,False,False,True,1e-07,0.9,-0.3383666825405712
0.4924283294988832,0.0600912567128421,7.142502581639789,0.9444558307553635,0.3498965145001674,0.4732412308616109,,3,1,0.1,7130349.824855181,0.3755973926976697,1.4186908584873406,1.0164449349193292,1.0017785038750888,1.1130872265278764,1,10,1.091653524286492,1.8976405168636208,0.8,0.3755973926976697,0.3755973926976697,1,False,False,False,True,1e-07,0.9,-0.337437553235638
0.4378040716288225,0.0472393591691066,10.00853639632223,0.7176414103134782,0.1645238279974037,0.4682425878846184,,3,1,0.1,10552821.322883312,0.5611540407344695,1.0629750012485808,1.4149991233448809,1.0220806122440378,1.1356451247155974,1,10,0.5295087018265218,1.770436154045508,0.8,0.5611540407344695,0.5611540407344695,1,False,False,False,True,1e-07,0.9,-0.4941280375684305
0.6849365394982782,0.0235153543049159,4.627381679120185,3.949730062415416,1.837542284502246,0.5568406016291131,,3,1,0.1,2161602.273035603,0.0957934267955222,1.1581794372669585,1.931803195088425,0.7162614532182587,0.7958460591313986,1,10,1.3320249732797451,1.563545580358196,0.8,0.0957934267955222,0.0957934267955222,1,False,False,False,True,1e-07,0.9,-0.1203667911347274
0.5975441950044914,0.0379038241790365,6.57407773715934,1.6219936645499853,0.617484104886784,0.5034242867760303,,3,1,0.1,3834332.681070252,0.1904036294252993,1.742813375940459,1.1115515851329,0.887756418673546,0.9863960207483844,1,10,0.7087553217054211,1.877205593454284,0.8,0.1904036294252993,0.1904036294252993,1,False,False,False,True,1e-07,0.9,-0.1930296194029674
0.4209917547343693,0.0645938689706498,4.162251156787202,0.4541608631546926,0.043954836736995,0.6160281762356147,,3,1,0.1,20601794.245507862,0.7910507735098726,1.5494028633699466,1.9283137694631067,0.5609721352352127,0.6233023724835697,1,10,1.152267950684439,1.9309873553246464,0.8,0.7910507735098726,0.7910507735098726,1,False,False,False,True,1e-07,0.9,-1.2691285763328333
0.3048984619567721,0.0405128759575992,3.592987135905624,0.3242986828182283,-0.0353959717803386,0.982121935027169,,3,1,0.1,545321281.340449,0.9749288323575864,1.4686631622671544,1.9184036854599888,0.0163831576321556,0.0182035084801729,1,10,1.6855786475052543,1.1721774884573315,0.8,0.9749288323575864,0.9749288323575864,1,False,False,False,True,1e-07,0.9,-53.55719920214016
0.7462764023318764,0.0064280921148815,3.356831677951725,6.748061745908534,6.299741655508652,0.3878283537877496,,3,1,0.1,954533.4220108012,0.0584338238426902,1.998988271332704,1.6347301698019336,1.4206142387736589,1.5784602653040654,1,10,1.3940295470238668,1.6243324770581846,0.8,0.0584338238426902,0.0584338238426902,1,False,False,False,True,1e-07,0.9,-0.0370195126038324
0.4311217160836839,0.0393943970892233,9.508011146624794,1.006091527118996,0.1535122930649057,0.5544493480216759,,3,1,0.1,8762887.893678727,0.3904310023827042,1.1828905635801477,1.0634923664070857,0.7232321369143624,0.8035912632381804,1,10,0.5746948681472012,1.40228877549634,0.8,0.3904310023827042,0.3904310023827042,1,False,False,False,True,1e-07,0.9,-0.485857747945777
0.3687308971183474,0.0542827255000663,4.618135497926867,0.541564858804172,0.1187391132412219,0.5167912422011347,,3,1,0.1,13854293.02624561,0.6694515073260404,1.6234631425752992,1.1490295496847538,0.8415155801918963,0.9350173113243292,1,10,1.1249605148066606,1.528762919887341,0.8,0.6694515073260404,0.6694515073260404,1,False,False,False,True,1e-07,0.9,-0.7159777323512877
0.4994847723598757,0.0833305299799661,4.166550949553921,1.414881308038453,0.7367438166644348,0.4555148733257141,,3,1,0.1,5946772.145778129,0.3237928662731278,1.2777125485151628,1.6860622461779584,1.0757861986571364,1.1953179985079294,1,10,1.7746195661390194,1.5189922848179256,0.8,0.3237928662731278,0.3237928662731278,1,False,False,False,True,1e-07,0.9,-0.2708843161874857
0.4715868137278235,0.0532117409304118,7.078428286358228,0.7058408989518901,0.0164368047890587,0.7035223792308292,,3,1,0.1,17122622.712544125,0.5076473939424506,1.5382353650831186,1.2805251169467826,0.3792770017977006,0.4214188908863339,1,10,0.9817793025839436,1.9769892210818507,0.8,0.5076473939424506,0.5076473939424506,1,False,False,False,True,1e-07,0.9,-1.2046148278723317
0.4409776693802086,0.0539745215258803,4.153955318591801,1.5563756079592783,1.0325274732290006,0.420774239412249,,3,1,0.1,4209625.191640534,0.2438323108615128,1.7302700540525209,1.340117673222606,1.2389142102832833,1.3765713447592036,1,10,1.4126108632270051,1.220134971457076,0.8,0.2438323108615128,0.2438323108615128,1,False,False,False,True,1e-07,0.9,-0.1771301837518608
0.3808341466068674,0.0855999289614958,2.464064892713251,0.497139237171632,0.3084366193603991,0.3608402148293386,,3,1,0.1,14274671.66105249,0.912379516626558,1.774815141561625,1.8378983053834368,1.5941787611606983,1.7713097346229982,1,10,1.602043623830501,1.6154865407853798,0.8,0.912379516626558,0.912379516626558,1,False,False,False,True,1e-07,0.9,-0.5150875592397163
0.5143156348744092,0.0943896567652105,3.3453964595045087,1.102860297623256,0.7246541472502748,0.4025038882048095,,3,1,0.1,6778728.329885473,0.4050263428386729,1.9797779551741788,1.6079469956462715,1.3360032446246717,1.4844480495829682,1,10,1.711302950296286,1.901361052702212,0.8,0.4050263428386729,0.4050263428386729,1,False,False,False,True,1e-07,0.9,-0.2728464518883587
0.5510736790136112,0.0880395533111751,3.6634501859833657,1.8833670408643728,1.4601092583592217,0.3696619318090968,,3,1,0.1,4446742.174195649,0.2802950592988485,1.3908740378197817,1.8581163663789124,1.5346569731848498,1.705174414649833,1,10,1.817790260139703,1.6861667003692118,0.8,0.2802950592988485,0.2802950592988485,1,False,False,False,True,1e-07,0.9,-0.1643791303225216
0.7248880813783988,-3.068499519879255e-16,2.838664218803849,51.008467765676166,19.469936903465783,0.7040872531497533,,3,1,0.1,204984.48588402368,0.0060657516186141,1.7042981779858786,1.9374600857447264,0.3782506656296158,0.4202785173662398,1,10,1.990405885086866,1.4518634433726918,0.8,0.0060657516186141,0.0060657516186141,1,False,False,False,True,1e-07,0.9,-0.0144326963538408
0.3836886136485158,0.0736148053493239,3.035978423605558,0.4522329179302128,0.2101337609785686,0.3927661738988238,,3,1,0.1,15301404.289825212,0.9291529332596028,1.5897507541818547,1.6751624186244214,1.391439690607978,1.546044100675531,1,10,1.253552427449532,1.781025491224236,0.8,0.9291529332596028,0.9291529332596028,1,False,False,False,True,1e-07,0.9,-0.6009874011801543
0.4910217488946534,0.0633290695287287,5.895539079237726,1.0008475247430166,0.3474449452383318,0.4675994540306729,,3,1,0.1,7623713.019077146,0.4058868559529854,1.5140436274098907,1.338588131617836,1.024724231908456,1.1385824798982844,1,10,0.8796249012140105,1.7772083465288375,0.8,0.4058868559529854,0.4058868559529854,1,False,False,False,True,1e-07,0.9,-0.356484403815814
0.3357862868529095,0.0837285052129205,2.836532913613939,0.5943105924033111,0.449422022271867,0.3525502853888166,,3,1,0.1,11829867.548402485,0.7659243590135177,1.4673697440520597,1.7982442141697437,1.6528273193919512,1.8364747993243904,1,10,1.9529567476936385,1.190000506726114,0.8,0.7659243590135177,0.7659243590135177,1,False,False,False,True,1e-07,0.9,-0.4170623173744203
0.337960739696757,0.0644860338946519,3.348773976533445,0.565943907217834,0.1590079783582695,0.5090032911734124,,3,1,0.1,14333873.009979516,0.7037883763007533,1.837040432735968,1.5714524642126113,0.8681614551552652,0.9646238390614058,1,10,1.5728781095976656,1.2262155902171408,0.8,0.7037883763007533,0.7037883763007533,1,False,False,False,True,1e-07,0.9,-0.7295988531284777
0.4564777551242395,0.0849141377288573,3.2933019441154783,1.0503103233064797,0.7261886391825734,0.3786363480209566,,3,1,0.1,6990934.397982054,0.4343912089270316,1.9608515778737723,1.701146409284925,1.4769508783403626,1.6410565314892918,1,10,1.3646648397933,1.5323760466183909,0.8,0.4343912089270316,0.4343912089270316,1,False,False,False,True,1e-07,0.9,-0.264702186689409
0.5663405405116597,0.0467785325594087,4.718496684824503,1.7901860688862694,0.6653138509985411,0.5032459587580798,,3,1,0.1,4210244.0282788845,0.2091455525852297,1.990594971768839,1.534815220467328,0.8883899201516448,0.9870999112796052,1,10,0.8256355522264891,1.65562781566672,0.8,0.2091455525852297,0.2091455525852297,1,False,False,False,True,1e-07,0.9,-0.2118788291943656
0.4435071305890509,0.058593292885593,5.942949761884159,0.9942473451786894,0.2199673662168739,0.5577201924447961,,3,1,0.1,8709868.092431292,0.3852198400060737,1.4293434733481365,1.1484464970854276,0.7137124174306874,0.7930137971452081,1,10,1.2978845425300511,1.4887657682731832,0.8,0.3852198400060737,0.3852198400060737,1,False,False,False,True,1e-07,0.9,-0.4857669310607472
0.2881789091296772,0.0295859062128894,5.010963989824012,0.3422159527922198,-0.004495671559471,0.7794403294169674,,3,1,0.1,44292119.405739926,0.9769054302046528,1.1254597695392647,1.422284005776442,0.2546746633872706,0.2829718482080784,1,10,0.7473652805725137,1.1645980135217455,0.8,0.9769054302046528,0.9769054302046528,1,False,False,False,True,1e-07,0.9,-3.452306418753167
0.396589326310735,0.0636634831698415,6.014707482806359,1.030183195368418,0.584846272112775,0.3768221161700704,,3,1,0.1,7219783.88203314,0.4499209192143619,1.045440816395531,1.425247337654357,1.4883948456831146,1.6537720507590163,1,10,1.0208818288682164,1.2321530897168436,0.8,0.4499209192143619,0.4499209192143619,1,False,False,False,True,1e-07,0.9,-0.2720574241171616
0.5416482023473238,0.0508436209657698,8.464691277747548,1.3048104290381255,0.5826964571099578,0.3914834629049086,,3,1,0.1,5265408.739690368,0.3204087972808294,1.3481997341349303,1.2939530789236855,1.3989476830560528,1.5543863145067254,1,10,0.6209614411257911,1.9287126500104328,0.8,0.3204087972808294,0.3204087972808294,1,False,False,False,True,1e-07,0.9,-0.2061320447377901
0.5031412622462952,0.043348118174921,6.837325627821099,1.5483229844927953,0.0096996939077984,0.8004720749150888,,3,1,0.1,12063237.46658423,0.2406952501939825,1.2636907682487886,1.3637181782284182,0.2243365361564533,0.2492628179516148,1,10,1.366202306851657,1.3856185082295418,0.8,0.2406952501939825,0.2406952501939825,1,False,False,False,True,1e-07,0.9,-0.9656284729567232
0.4676584709460789,0.0393321878959901,9.676154059023954,0.978814551770999,0.0725199500404327,0.636133959460787,,3,1,0.1,11073378.508658417,0.4029225987819398,1.32080918480588,1.4578494245276803,0.5147963437809174,0.5719959375343527,1,10,0.5283842047010081,1.5477461476229508,0.8,0.4029225987819398,0.4029225987819398,1,False,False,False,True,1e-07,0.9,-0.704415211078315
0.6214840404959221,0.0308210420063304,5.060440558146645,2.129010864136285,2.2861863662110866,0.3793978842505677,,3,1,0.1,2088557.024910587,0.1296162778880366,1.7589341474071492,1.0876331205201997,1.4721798074277297,1.6357553415863664,1,10,1.9177036273167567,1.5992784043759911,0.8,0.1296162778880366,0.1296162778880366,1,False,False,False,True,1e-07,0.9,-0.0792394116371716
0.7842496231478822,5.369063295166931e-07,3.5592779665549448,22.469124663097336,18.24006340149097,0.441046499752305,,3,1,0.1,279386.44690834027,0.0156164016798924,1.951568675769645,1.64414932145641,1.1406011622480774,1.267334624720086,1,10,1.2314902949849498,1.70529182146424,0.8,0.0156164016798924,0.0156164016798924,1,False,False,False,True,1e-07,0.9,-0.0123222414482534
0.6346367740607202,0.0376800376167758,10.564553532059644,1.5363592240231163,-0.1303399650564032,0.942651131754046,,3,1,0.1,32612159.616006885,0.1870270259483096,1.0002193802767507,1.5899694817254153,0.0547540650859004,0.0608378500954449,1,10,1.7696443582852173,1.8143555577993424,0.8,0.1870270259483096,0.1870270259483096,1,False,False,False,True,1e-07,0.9,-3.074188919522902
0.3437895162068075,0.0444829980672288,5.630294844281761,0.7465287758381974,-0.0256893110602881,0.8372187253283097,,3,1,0.1,32197576.0294548,0.5241161943681218,1.622630060419913,1.5029059056692315,0.1749879007389271,0.1944310008210301,1,10,1.4735006728592437,1.1112323498616534,0.8,0.5241161943681218,0.5241161943681218,1,False,False,False,True,1e-07,0.9,-2.695641356401697
0.3380101288309735,0.0519653301703115,3.1318769594142126,0.3664958062089217,0.0607330978472232,0.5399173508163411,,3,1,0.1,21245514.298667032,0.9774691536727452,1.6120301356928608,1.482269243373776,0.7669217957882316,0.8521353286535907,1,10,1.2144851382903,1.5003912582832335,0.8,0.9774691536727452,0.9774691536727452,1,False,False,False,True,1e-07,0.9,-1.147082181141466
0.3774083234073681,0.0646621102017347,4.008165706771262,0.7383992003814032,0.3382359814730016,0.4072641566567346,,3,1,0.1,10046365.32432464,0.5954840236513287,1.6556605772847643,1.634676587996696,1.3098679328624816,1.455408814291646,1,10,0.9522335063077318,1.2964482165265243,0.8,0.5954840236513287,0.5954840236513287,1,False,False,False,True,1e-07,0.9,-0.4091524507425467
0.3570018151789033,0.0771009863899008,3.096993200119179,0.8971023746960736,0.542409666090247,0.4186623523895427,,3,1,0.1,8381084.774327732,0.4872239622879957,1.973573889505772,1.8106710732092752,1.2497036809333133,1.3885596454814593,1,10,1.61244728325727,1.1235502254065035,0.8,0.4872239622879957,0.4872239622879957,1,False,False,False,True,1e-07,0.9,-0.3508844669336875
0.3567536783026658,0.0644371764170785,2.9833504627207765,0.4258075751525188,0.1769131211076132,0.4053481941240147,,3,1,0.1,15771083.61778068,0.9378302433577848,1.630843327248896,1.5246821948404417,1.3203133331948391,1.4670148146609323,1,10,1.1752109175613512,1.585047221679191,0.8,0.9378302433577848,0.9378302433577848,1,False,False,False,True,1e-07,0.9,-0.6392780275757254
0.4919859991019045,0.0540688867589643,6.273684715441614,1.254365172482525,0.8860768815605515,0.3900338706700365,,3,1,0.1,4432269.210044444,0.2703533824078901,1.3935377103688176,1.01027418206329,1.4074919069307907,1.5638798965897671,1,10,1.8487375347377464,1.5566658176749373,0.8,0.2703533824078901,0.2703533824078901,1,False,False,False,True,1e-07,0.9,-0.1728735115994311
0.3807582899500034,0.0579504492576133,4.489118509545051,0.990571151399496,0.6172448448157182,0.3924493412474924,,3,1,0.1,6397701.878248063,0.3886927606350676,1.7870168543395972,1.351104961867264,1.3932896183215355,1.548099575912817,1,10,1.0150976339771165,1.1903493279916677,0.8,0.3886927606350676,0.3886927606350676,1,False,False,False,True,1e-07,0.9,-0.2510773890466031
0.3738739663760757,0.048028778511399,5.908904750692836,0.8303106744101092,0.2184069814685829,0.4773363899396119,,3,1,0.1,9802377.1424793,0.5123345307495258,1.434667736513929,1.437830135172541,0.9854627867652404,1.094958651961378,1,10,0.6894101090714699,1.2155985456836629,0.8,0.5123345307495258,0.5123345307495258,1,False,False,False,True,1e-07,0.9,-0.4679031313787456
0.3323654873251583,0.056627727839505,3.1073666166481497,0.3994445391495254,0.0900993104076679,0.5065266961052792,,3,1,0.1,19430868.98036494,0.9588614149551402,1.535743179810158,1.6444407045930185,0.8768066459678547,0.9742296066309496,1,10,1.269233347921596,1.3578825908312036,0.8,0.9588614149551402,0.9588614149551402,1,False,False,False,True,1e-07,0.9,-0.9842253862076584
0.3412131147261344,0.0528268637951031,3.640500585327409,0.4576852125338671,0.1613954432793116,0.4256893109831188,,3,1,0.1,14017554.68000548,0.805043067743488,1.7350782652659311,1.2541803271062095,1.2142179913361515,1.349131101484613,1,10,0.9000984517698796,1.4544499774992603,0.8,0.805043067743488,0.805043067743488,1,False,False,False,True,1e-07,0.9,-0.5967123190340122
0.6443484358855143,0.0529159962937345,3.951394789284416,1.842377285850564,0.2233377921386256,0.7221556904234452,,3,1,0.1,6408604.612314695,0.1780594144831989,1.8130284549893296,1.848344652248625,0.3462686536088547,0.384742948454283,1,10,1.3683189937352105,1.881655735658997,0.8,0.1780594144831989,0.1780594144831989,1,False,False,False,True,1e-07,0.9,-0.4628010285945454
0.4206912142230161,0.055305554096216,7.80337596396134,1.1842477987176891,0.4153630565709882,0.4456835076569358,,3,1,0.1,7242167.44724941,0.4014452453560625,1.036932999066171,1.9020999798252616,1.1193702134761816,1.2437446816402018,1,10,0.7546673902693586,1.243299034629064,0.8,0.4014452453560625,0.4014452453560625,1,False,False,False,True,1e-07,0.9,-0.3227714589872069
0.4736480109931609,0.0378932258400267,5.991849042681946,1.9270919415546257,0.4752276909622692,0.5957923103286271,,3,1,0.1,4702653.320004041,0.1900848442097319,1.3315759408775756,1.0493654407765656,0.610593514548011,0.6784372383866789,1,10,1.7602229084696814,1.2299936372853957,0.8,0.1900848442097319,0.1900848442097319,1,False,False,False,True,1e-07,0.9,-0.2801804683808887
0.3420817320422781,0.0596077126035986,3.882821109630672,0.4936008878002508,0.0544814460603386,0.622932753731989,,3,1,0.1,20849534.892422967,0.7861675931413226,1.3582232748961454,1.8343353232206685,0.5447787415384752,0.6053097128205279,1,10,1.5477702827955735,1.2305573651109127,0.8,0.7861675931413226,0.7861675931413226,1,False,False,False,True,1e-07,0.9,-1.298785820063617
0.6272874324604487,0.044292807764999,5.2451309544408495,2.818363955378971,2.46973434926021,0.3427964052980303,,3,1,0.1,2378965.5804487457,0.1563464575058603,1.2546333491989397,1.303233467375168,1.7254651043307525,1.9171834492563915,1,10,1.4539097026489811,1.7126242497718676,0.8,0.1563464575058603,0.1563464575058603,1,False,False,False,True,1e-07,0.9,-0.0815500849442172
0.5577407630922264,0.0515186752843152,8.108049792806169,0.9085429342965528,-0.0860810723321328,0.903954301078399,,3,1,0.1,37473514.55865911,0.3599169539448025,1.448409984071396,1.850193518665495,0.095625552006687,0.1062506133407633,1,10,1.1413448522990672,1.916349367890053,0.8,0.3599169539448025,0.3599169539448025,1,False,False,False,True,1e-07,0.9,-3.3874344685633417
0.5089135927924455,0.0475948844923731,4.421841241111874,2.4004296512678254,1.5347352506258254,0.3736690863153853,,3,1,0.1,3244798.2002070444,0.20323172194583,1.5819628025629382,1.779164361456465,1.5085481859753815,1.6761646510837571,1,10,0.9886995345979116,1.3005661322486046,0.8,0.20323172194583,0.20323172194583,1,False,False,False,True,1e-07,0.9,-0.1212480779484275
0.4283588050182707,0.074912059260742,4.908702543202432,0.6252168996029466,0.3240694364150654,0.3787374372739497,,3,1,0.1,11119741.02713679,0.6908278122749609,1.318602994047502,1.422791229149507,1.4763164435973324,1.640351603997036,1,10,1.078298039102993,1.8931417214839976,0.8,0.6908278122749609,0.6908278122749609,1,False,False,False,True,1e-07,0.9,-0.4211462223552594
0.5558679088125094,0.0661788656063019,3.0513412793817776,2.4278671341832325,1.823208688314506,0.3993009240886992,,3,1,0.1,3317454.6095605213,0.1992791722689535,1.685804001023048,1.8765538120371512,1.353939186477007,1.504376873863341,1,10,1.7885350993067142,1.4836556970229324,0.8,0.1992791722689535,0.1992791722689535,1,False,False,False,True,1e-07,0.9,-0.1324662693631473
0.6447740316022552,1.3773717869039244e-06,6.591928271356954,20.37591579099939,19.53464153393496,0.3520475932887842,,3,1,0.1,269002.29939116846,0.0174300669890014,1.004484727632721,1.045617535406815,1.65647252575231,1.8405250286136776,1,10,1.265756869003787,1.2050426090110788,0.8,0.0174300669890014,0.0174300669890014,1,False,False,False,True,1e-07,0.9,-0.0094701612099982
0.3325707538645748,0.0313701448646996,5.320406412375585,0.3752814205861819,-0.0140251167947692,0.8258548380998637,,3,1,0.1,48504705.03403768,0.8446858865834103,1.336584749033143,1.3397130966237552,0.1897798965139325,0.2108665516821472,1,10,0.6773773525159525,1.4453436408326068,0.8,0.8446858865834103,0.8446858865834103,1,False,False,False,True,1e-07,0.9,-4.005784532035449
0.4192880371640888,0.0794902319214183,4.096408330805542,0.778960355446748,0.3287896951649582,0.4483384172531434,,3,1,0.1,10363289.256928442,0.5717027982116841,1.3907440944656644,1.656404995508157,1.1074121809905864,1.2304579788784291,1,10,1.3825585742382076,1.4645246889355417,0.8,0.5717027982116841,0.5717027982116841,1,False,False,False,True,1e-07,0.9,-0.4646260702889463
0.3963469658420704,0.0643554398653933,3.752516626252684,0.422101563726064,0.072846947708626,0.5474454871326435,,3,1,0.1,19561901.294199485,0.8852825842546751,1.4950042026397594,1.9954764912259704,0.7439993043214804,0.8266658936905338,1,10,1.1099558956300102,1.8188778339659817,0.8,0.8852825842546751,0.8852825842546751,1,False,False,False,True,1e-07,0.9,-1.0709074603655335
0.4504128857564175,0.0750166187012421,4.5227219074313005,0.613320724923402,0.0863398398690842,0.5997239814810567,,3,1,0.1,15671799.000839446,0.6273044683731579,1.4942940461320062,1.6045908629275354,0.6006903638860538,0.6674337376511709,1,10,1.6942438105575053,1.8409159559117367,0.8,0.6273044683731579,0.6273044683731579,1,False,False,False,True,1e-07,0.9,-0.939875369967379
0.5437380111280354,0.0707214739469701,6.289200977927135,1.2538377759445452,0.5725078092957693,0.426457089715132,,3,1,0.1,6193611.618236739,0.3552301678060659,1.3591631536224973,1.528924898413278,1.2104116257070292,1.3449018063411435,1,10,0.9460111038655488,1.9661916090303828,0.8,0.3552301678060659,0.3552301678060659,1,False,False,False,True,1e-07,0.9,-0.2641309585980109
0.3625924813905812,0.0529633711636979,4.575327282851482,0.6661169557246469,0.1608301889582328,0.5081808295150888,,3,1,0.1,11882709.771443715,0.5844143868504443,1.814683350109234,1.3768272719492267,0.8710231235184315,0.967803470576035,1,10,0.8769397346332359,1.303837976949065,0.8,0.5844143868504443,0.5844143868504443,1,False,False,False,True,1e-07,0.9,-0.6038565298221554
0.6567060248198608,5.286209374113758e-05,5.865871845617796,12.337629584698114,1.4571933835739606,0.7990843671249427,,3,1,0.1,1301687.735681578,0.0261529388700386,1.8569655720496003,1.58855501451364,0.2262890841403212,0.251432315711468,1,10,0.6250442609107429,1.2378439817795304,0.8,0.0261529388700386,0.0261529388700386,1,False,False,False,True,1e-07,0.9,-0.1040158319002417
0.7368944950289427,0.0272568217184852,6.205573948583389,4.76105827297337,3.487925744773357,0.3929741515309809,,3,1,0.1,1659414.621082192,0.1007307468847702,1.002346040391609,1.878204446336088,1.3902269691115972,1.544696632346219,1,10,1.28353977204503,1.886738073014648,0.8,0.1007307468847702,0.1007307468847702,1,False,False,False,True,1e-07,0.9,-0.0652107053569776
0.4198503887240303,0.0491226599069128,8.726497734945331,0.9615318506597896,0.0912877071372511,0.6446179920038431,,3,1,0.1,11400022.412379868,0.4051362454844259,1.0512345372910128,1.0392401040892707,0.4961757368922994,0.5513063743247771,1,10,1.5817347352339437,1.3752742595351966,0.8,0.4051362454844259,0.4051362454844259,1,False,False,False,True,1e-07,0.9,-0.7348659563282737
0.3642925242888019,0.0602236298534063,5.806672875408539,0.6427685961884877,0.4789799422808349,0.3333680717725372,,3,1,0.1,8622993.697082788,0.5748362357750655,1.1540044015790647,1.0011747873362875,1.7997186479636402,1.9996873866262668,1,10,1.528032377074227,1.3471193227006997,0.8,0.5748362357750655,0.5748362357750655,1,False,False,False,True,1e-07,0.9,-0.2874630790308243
0.5089260030022211,0.052846679954688,5.502673295675692,1.3452898243484832,0.1061440793998052,0.704316887612425,,3,1,0.1,8938058.517045595,0.2642832697706799,1.835768720840083,1.2206403160256218,0.3778339066253607,0.4198154518059564,1,10,1.907300131765943,1.61278263928335,0.8,0.2642832697706799,0.2642832697706799,1,False,False,False,True,1e-07,0.9,-0.6295225558328467
0.3285197349253196,0.0335468990100122,5.330492479026483,0.4065722527098084,-0.0293768415025572,0.9213213783776052,,3,1,0.1,99484210.74133916,0.7827279794415486,1.4685485239400973,1.0938390674982836,0.0768578273792464,0.0853975859769405,1,10,1.7814524599811308,1.4363720119683316,0.8,0.7827279794415486,0.7827279794415486,1,False,False,False,True,1e-07,0.9,-9.165693020007645
0.4539935985818177,0.0838283149599184,3.883253286037181,0.8657202047968151,0.5204361532194811,0.4014639743303563,,3,1,0.1,8168607.085472753,0.4889205135405574,1.6961883620866811,1.4186923471131474,1.3417951735300884,1.4908835261445426,1,10,1.5716756737280528,1.6783888068363386,0.8,0.4889205135405574,0.4889205135405574,1,False,False,False,True,1e-07,0.9,-0.3279401468047394
0.3234463078548678,0.0522849441367268,3.707406207846413,0.5068234220124562,0.0328492448710232,0.6669296654550257,,3,1,0.1,21887245.86313199,0.7289991564045982,1.9886685174272687,1.49449476410317,0.4494676374696235,0.4994084860773595,1,10,1.747276485688915,1.2212601081939416,0.8,0.7289991564045982,0.7289991564045982,1,False,False,False,True,1e-07,0.9,-1.4597253543496862
0.4522798674153064,0.07519291725058,4.77556453331527,0.8521831740381532,0.1110613832343292,0.6316293854227266,,3,1,0.1,13128551.864065168,0.4836172234313556,1.3332028098649185,1.91498602621278,0.5248862082274127,0.5832068980304586,1,10,1.566998681537177,1.4653775834792169,0.8,0.4836172234313556,0.4836172234313556,1,False,False,False,True,1e-07,0.9,-0.8292379144113288
0.3486702882063803,0.0441592279601208,4.273887181668635,0.3751789199044881,0.0073309653513495,0.6947350385031167,,3,1,0.1,28460448.043409944,0.8687976705526151,1.459847223288323,1.2199377852853064,0.3954579085850474,0.4393976762056082,1,10,1.3919419583693442,1.6243090861259613,0.8,0.8687976705526151,0.8687976705526151,1,False,False,False,True,1e-07,0.9,-1.977247046308556
0.4455169596608718,0.04396152136908,7.518768544790498,0.828342091782754,0.2462895239664849,0.4536153511023862,,3,1,0.1,7833701.6013699295,0.428021387394355,1.6651358712692972,1.072868381837577,1.0840598379503688,1.2045109310559652,1,10,0.5390462985046074,1.690663618115538,0.8,0.428021387394355,0.428021387394355,1,False,False,False,True,1e-07,0.9,-0.3553487304770724
0.5632897164047994,0.0920805403900745,3.2234600672815086,1.434810145839768,0.5807507537033453,0.5174389771561015,,3,1,0.1,6358971.071719322,0.3068591280098719,1.7585258134941384,1.9917182375052271,0.8393355346875754,0.9325950385417504,1,10,1.778151888377932,1.8284631565634648,0.8,0.3068591280098719,0.3068591280098719,1,False,False,False,True,1e-07,0.9,-0.329037948964005
0.4639750598479479,0.0753482169867537,3.1950191706638766,1.5559371096743364,1.1273388229564432,0.3945967724972222,,3,1,0.1,4880459.23327052,0.2954645474697221,1.8229435466033723,1.7575559732814328,1.3808093292408663,1.5342325880454073,1,10,1.6025955130885408,1.33331474537521,0.8,0.2954645474697221,0.2954645474697221,1,False,False,False,True,1e-07,0.9,-0.1925813460869026
0.713939868228614,3.233473025657291e-05,6.886643394284167,13.370515806799192,12.732153207346958,0.3512105484200377,,3,1,0.1,370901.3732174476,0.0240636874411677,1.143190958911425,1.0372305339661212,1.662565401434429,1.8472948904826991,1,10,0.8963416939436977,1.4135823859288374,0.8,0.0240636874411677,0.0240636874411677,1,False,False,False,True,1e-07,0.9,-0.013026447467328
0.4026922392463478,0.091445957446864,2.695790441162339,0.7046573751028968,0.5332193305753553,0.3428328727581848,,3,1,0.1,10358880.008980457,0.6807514740266414,1.9011736211337809,1.8578335184388048,1.72518583109972,1.916873145666356,1,10,1.4883563124121275,1.4936295144571377,0.8,0.6807514740266414,0.6807514740266414,1,False,False,False,True,1e-07,0.9,-0.3551364594161194
0.3640174061109104,0.0746515479872671,4.15574956646165,0.4577630498768909,0.2569619814510879,0.3663617394337213,,3,1,0.1,14678125.699454583,0.930062111403449,1.0730885507771275,1.45931065573294,1.5565884019196807,1.7295426687996451,1,10,1.8046345892836784,1.584752828940421,0.8,0.930062111403449,0.930062111403449,1,False,False,False,True,1e-07,0.9,-0.5377503667227542
0.4038076223638625,0.0513175385341471,5.612967148592201,0.5297832495680842,0.1767388576484255,0.4118666798406972,,3,1,0.1,12033041.780322837,0.7077032102196832,1.4841495565817393,1.2377896699659867,1.285173125313522,1.4279701392372468,1,10,0.6165874800233722,1.9817421856440287,0.8,0.7077032102196832,0.7077032102196832,1,False,False,False,True,1e-07,0.9,-0.4956008963661
0.3718518101233599,0.0812772713132449,4.433861892213404,1.006800723415462,0.6106595084555576,0.415711983132469,,3,1,0.1,8020450.506922427,0.4686252652173162,1.016638167501917,1.8639565088997792,1.264960445013705,1.4055116055707837,1,10,1.7492912262482063,1.1284925802818893,0.8,0.4686252652173162,0.4686252652173162,1,False,False,False,True,1e-07,0.9,-0.3334197385652552
0.3107260136319548,0.0427330957325642,4.400203454496862,0.4590211382450884,0.009585265240439,0.7148442177460776,,3,1,0.1,27139729.014826152,0.7739049891264106,1.5849829969747504,1.2572399397603704,0.3590155696267969,0.3989061884742187,1,10,1.950008186038936,1.220450189183684,0.8,0.7739049891264106,0.7739049891264106,1,False,False,False,True,1e-07,0.9,-1.9400678376964484
0.6409654681382257,0.0189156133024164,5.743271942714846,2.7668532745048577,0.5038232680991009,0.6896828453725176,,3,1,0.1,3523065.312431636,0.109326749511231,1.732690549681879,1.2678992477696238,0.4049476379449224,0.4499418199388027,1,10,0.7417926103637034,1.5108443062582957,0.8,0.109326749511231,0.109326749511231,1,False,False,False,True,1e-07,0.9,-0.2429797711596928
0.4264743162301655,0.0790576892961882,3.641968527167306,0.5373293057199293,0.1871976899594303,0.462572878226304,,3,1,0.1,14075724.442873375,0.7564675320423141,1.6226619101302011,1.586380586592368,1.0456393627118237,1.1618215141242485,1,10,1.4770596190432346,1.9605566926131928,0.8,0.7564675320423141,0.7564675320423141,1,False,False,False,True,1e-07,0.9,-0.6511048370964911
0.3145701333153234,0.0435586383790173,3.226859272509768,0.397204434598299,0.1001095710297028,0.4498218381582186,,3,1,0.1,17281304.42144086,0.9507795361673158,1.8389545898641697,1.572114466308158,1.1007921440297823,1.2231023822553138,1,10,0.6970285950756204,1.3177680485869137,0.8,0.9507795361673158,0.9507795361673158,1,False,False,False,True,1e-07,0.9,-0.7773508130137884
0.5677460875970132,0.0196478669481488,3.2858525740023143,4.371240007217558,2.1992160390115765,0.534502256696288,,3,1,0.1,2009101.30502746,0.0935232032098199,1.866132572294703,1.8215920376628685,0.7838095419144188,0.8708994910160208,1,10,1.552236989924164,1.163303336511754,0.8,0.0935232032098199,0.0935232032098199,1,False,False,False,True,1e-07,0.9,-0.1073869183836964
0.5237342725837733,0.0608338090663337,5.532928757515218,0.9804135239258184,0.1561288967572398,0.5772987760479652,,3,1,0.1,9782584.658989856,0.4135110102826645,1.8910669540848857,1.9660412055962024,0.6589847706956214,0.7322053007729127,1,10,0.7716428092739264,1.914042358291728,0.8,0.4135110102826645,0.4135110102826645,1,False,False,False,True,1e-07,0.9,-0.564747416055668
0.6520524627818347,0.0485238010524917,4.632871391209365,1.680360184941375,0.0697988290988293,0.7804117808386187,,3,1,0.1,8312333.42375569,0.1825290311208688,1.848491076752446,1.705402055760603,0.2532373320055132,0.2813748133394591,1,10,1.300512566977967,1.998004502350576,0.8,0.1825290311208688,0.1825290311208688,1,False,False,False,True,1e-07,0.9,-0.6487042930653617
0.3624467757391574,0.0343107387266087,5.401995988462149,0.3450202158927214,-0.0300621266715685,0.9312233393247872,,3,1,0.1,121146441.69948438,0.8332046888622949,1.4467926131896134,1.1818453153094934,0.0664706220234702,0.0738562466927447,1,10,0.9435941137193948,1.8865559786997463,0.8,0.8332046888622949,0.8332046888622949,1,False,False,False,True,1e-07,0.9,-11.281439410928176
0.4447824027910416,0.0564600626542804,8.74190640009021,0.724294054102343,0.1278829372685069,0.5537994953077459,,3,1,0.1,11433793.88535228,0.5101764099561218,1.1475609645149003,1.006236947859719,0.7251369089815995,0.8057076766462217,1,10,1.9327209946517208,1.8268869899145328,0.8,0.5101764099561218,0.5101764099561218,1,False,False,False,True,1e-07,0.9,-0.6332029292526852
0.6554499572022644,2.600782097257064e-05,5.884090238209807,13.654747321526791,2.1071049780290654,0.7682991654774443,,3,1,0.1,1022490.4380099296,0.0236911864584258,1.4504403766322578,1.314836841307994,0.2714186874597383,0.3015763193997092,1,10,0.7592536818220413,1.233989913985155,0.8,0.0236911864584258,0.0236911864584258,1,False,False,False,True,1e-07,0.9,-0.0785578551880401
0.3126521875226588,0.0454063229549738,4.453961604349309,0.4510418793721276,0.1884044484027944,0.3545874895317903,,3,1,0.1,14242934.5910737,0.9192567263008304,1.1926636806975994,1.5280421550298282,1.638160613586202,1.8201784595402248,1,10,0.6179493038568533,1.251678881125032,0.8,0.9192567263008304,0.9192567263008304,1,False,False,False,True,1e-07,0.9,-0.5050366426480547
0.3826204086228284,0.0684602618603551,3.370798957300977,0.5777638855696823,0.337507167597126,0.359784606335336,,3,1,0.1,11156048.052180508,0.7142272976937514,1.872484754366796,1.4888601813150293,1.6014966848280274,1.7794407609200305,1,10,0.977765329449128,1.555546824340472,0.8,0.7142272976937514,0.7142272976937514,1,False,False,False,True,1e-07,0.9,-0.4013774354293209
0.3284992589619313,0.064715794141213,3.242122457804268,0.4267127004886534,0.2177008986553595,0.3781740066275221,,3,1,0.1,15315576.96233254,0.9523622906096842,1.313695219777914,1.415414092164735,1.4798568495651374,1.6442853884057085,1,10,1.5553799427347348,1.3527225710524555,0.8,0.9523622906096842,0.9523622906096842,1,False,False,False,True,1e-07,0.9,-0.5791953103526144
0.3097655762872542,0.0433592041857848,3.680984301084529,0.3844291753728348,0.1711699493851408,0.3387636638417894,,3,1,0.1,15054684.249314714,0.995470328709808,1.3648950006569804,1.2320837688422457,1.7567194066608072,1.9519104518453407,1,10,0.6313440203423866,1.3624938413678331,0.8,0.995470328709808,0.995470328709808,1,False,False,False,True,1e-07,0.9,-0.5099980008384712
0.2958320119063676,0.0489442949697802,4.01770067617516,0.5218400166630655,0.2559480382099206,0.3704693462841087,,3,1,0.1,12071136.465075612,0.7599149682977677,1.5064685853691842,1.2967767991128216,1.5293507925209011,1.6992786583565571,1,10,0.8417763814688419,1.0839809111048115,0.8,0.7599149682977677,0.7599149682977677,1,False,False,False,True,1e-07,0.9,-0.4471986042737746
0.6630108704208663,0.0034743213154224,3.448548586841648,9.482668916627706,7.73485941590817,0.3842721777463355,,3,1,0.1,820840.3815119958,0.0505414210848399,1.7139362655199482,1.9344432433428629,1.4420899355198824,1.602322150577647,1,10,1.3569520191177848,1.285023947597384,0.8,0.0505414210848399,0.0505414210848399,1,False,False,False,True,1e-07,0.9,-0.0315426121524698
0.3539043594461212,0.0460152006384763,5.097921346602715,1.0841369013367868,1.1556785713803746,0.3374067651538732,,3,1,0.1,4303630.516011856,0.2851556187393285,1.5675607727794794,1.1303455977078167,1.7674035406182742,1.9637817117980825,1,10,1.275406667051939,1.0218958385958854,0.8,0.2851556187393285,0.2851556187393285,1,False,False,False,True,1e-07,0.9,-0.1452074054573996
0.3681259930318601,0.0468120774348837,4.991870258559155,0.425052300466845,0.0475048771603198,0.5798176808292339,,3,1,0.1,18458836.16080965,0.7756075832281981,1.548170938890074,1.0113849249806914,0.6522120655459369,0.7246800728288187,1,10,1.4845002428595646,1.8812060623479248,0.8,0.7756075832281981,0.7756075832281981,1,False,False,False,True,1e-07,0.9,-1.0702759602059153
0.3727567099761225,0.0507123997935812,3.782965785382568,0.4639019748583941,0.1114078807058026,0.4675983506416196,,3,1,0.1,15458971.557510134,0.8230381148054631,1.7958637394101102,1.7290364094179018,1.0247287736688042,1.138587526298671,1,10,0.6723008455045172,1.6656392046950848,0.8,0.8230381148054631,0.8230381148054631,1,False,False,False,True,1e-07,0.9,-0.7228589617390357
0.4310130472372025,0.08422952714202,4.875332369827451,0.7067097532928223,0.4970902524149497,0.3485827237575042,,3,1,0.1,9604056.43566692,0.6256247663912141,1.2321545398095073,1.3091766018797075,1.68188354918615,1.868759499095722,1,10,1.9670132167996168,1.7645921198412986,0.8,0.6256247663912141,0.6256247663912141,1,False,False,False,True,1e-07,0.9,-0.334780815432069
0.4419832763645135,0.0541672187417477,6.499168556206955,0.906970792484462,-0.0346170072674639,0.8262236344944603,,3,1,0.1,24163615.344721142,0.4199064831743148,1.2835499564920252,1.8170490172860807,0.1892934581212761,0.2103260645791957,1,10,1.3895290182033426,1.331291819256132,0.8,0.4199064831743148,0.4199064831743148,1,False,False,False,True,1e-07,0.9,-1.9964550090597657
0.4194283614527395,0.0670660306916568,4.435740648387943,0.8920598858707198,0.3076659659879144,0.4696104495480911,,3,1,0.1,9372952.085009605,0.4971315336923619,1.588080016508116,1.7258304800259674,1.0164820562789334,1.1294245069765927,1,10,0.9971037642271062,1.373870920300755,0.8,0.4971315336923619,0.4971315336923619,1,False,False,False,True,1e-07,0.9,-0.4401636234513001
0.4410206803659952,0.0897943123361041,4.346996282391917,1.0759486546729156,0.6488615154873173,0.4017658187841452,,3,1,0.1,7753622.07387227,0.463848128434502,1.1644675357003924,1.964790119819264,1.3401109251246148,1.48901213902735,1,10,1.5025696154329455,1.393942369962636,0.8,0.463848128434502,0.463848128434502,1,False,False,False,True,1e-07,0.9,-0.3115140317944681
0.4388301135249062,0.0496746864968169,5.7014611625322384,0.7193856100943272,0.2736395954948358,0.3858053015754938,,3,1,0.1,9051616.623520756,0.5559454391015245,1.899748834893624,1.4577268861930304,1.4327828734460484,1.5919809704956094,1,10,0.5130987473831089,1.8564499772562104,0.8,0.5559454391015245,0.5559454391015245,1,False,False,False,True,1e-07,0.9,-0.3492161684087176
0.3048521831841314,0.0588012344658152,3.800101591005148,0.4424728877515386,0.1610555027910641,0.4359130187583863,,3,1,0.1,16754585.968280643,0.9451042873221484,1.1184372350764118,1.7462294596940875,1.164632073993742,1.2940356377708244,1,10,1.261868984658693,1.1406381845322144,0.8,0.9451042873221484,0.9451042873221484,1,False,False,False,True,1e-07,0.9,-0.7303542145567683
0.5547895997661912,0.0112779302349553,3.5892216263576686,6.417847450956415,5.556304909402263,0.3666007510743009,,3,1,0.1,1198298.8348531972,0.0759001507598284,1.658271898640273,1.8772879543108416,1.554986787022682,1.727763096691869,1,10,1.4303652576272738,1.0733516129083187,0.8,0.0759001507598284,0.0759001507598284,1,False,False,False,True,1e-07,0.9,-0.0439297253744849
0.4032683071001214,0.0446736326405852,7.4767319810227475,0.4312199617454686,-0.0413009436807881,0.90787250703159,,3,1,0.1,77266431.44640456,0.7118361921485044,1.1345039452723753,1.3499470682866457,0.0913286205159683,0.1014762450177426,1,10,1.288103157745574,1.8074503597778453,0.8,0.7118361921485044,0.7118361921485044,1,False,False,False,True,1e-07,0.9,-7.014806896014555
0.6266805425796674,0.0523637839954558,5.465202462128501,2.57818479932019,1.6991448111118463,0.3417054894702663,,3,1,0.1,3058545.668999581,0.2013423624553009,1.517465935941969,1.887697954255365,1.7338470634324243,1.9264967371471384,1,10,0.8700634523873735,1.9183896393586228,0.8,0.2013423624553009,0.2013423624553009,1,False,False,False,True,1e-07,0.9,-0.104512184582101
0.4620241096672288,0.0676555953647687,6.6601189652898585,0.667818111235744,0.047667049432677,0.6582414332651892,,3,1,0.1,16407350.460771846,0.5607352021839601,1.1921736808506442,1.439214119757284,0.4672794730279643,0.5191994144755159,1,10,1.6932501436463032,1.825530620716139,0.8,0.5607352021839601,0.5607352021839601,1,False,False,False,True,1e-07,0.9,-1.0799997893370568
0.3247023539730582,0.0522095839153232,5.4760828315802765,0.5163787376139163,0.169432320495122,0.4488239043007622,,3,1,0.1,13397708.275614014,0.7384495797850746,1.0505044363415668,1.0745881151684356,1.1052407890398352,1.2280453211553726,1,10,1.572008967931266,1.24978676415028,0.8,0.7384495797850746,0.7384495797850746,1,False,False,False,True,1e-07,0.9,-0.601321173501384
0.633447330012474,0.0330597286366996,5.05310091491023,2.481498166036389,1.973360090944772,0.4043016123811776,,3,1,0.1,2255671.149322604,0.1343699534813689,1.5272255812486577,1.164027359058201,1.3260608724742742,1.47340096941586,1,10,1.2763241249491932,1.653007375729505,0.8,0.1343699534813689,0.1343699534813689,1,False,False,False,True,1e-07,0.9,-0.0911971484392576
0.3985719658877614,0.0595226716957273,5.061210698243191,0.3855246632291517,0.0353012908575014,0.6122137476465265,,3,1,0.1,22972928.094441254,0.8908584803300607,1.2299964231716858,1.7247586369329055,0.5700747957062088,0.6334164396735653,1,10,1.181362754943053,1.986170821172094,0.8,0.8908584803300607,0.8908584803300607,1,False,False,False,True,1e-07,0.9,-1.4064342407579722
0.4171646835143325,0.0604119272030305,3.862816324044984,0.3931675208594939,-0.0301643716979698,0.8214860315877701,,3,1,0.1,44396734.38840824,0.7925436456681785,1.6744408785850502,1.871079671675861,0.1955755367629051,0.2173061519587834,1,10,1.7135620299028689,1.8798674937099284,0.8,0.7925436456681785,0.7925436456681785,1,False,False,False,True,1e-07,0.9,-3.647129718963802
0.3001213583198408,0.0464875436262069,3.422505343301488,0.3643341575335312,0.1262891997856671,0.4205142816077425,,3,1,0.1,16233455.291540455,0.9407054565916412,1.6082045000430878,1.0498249970835078,1.2402364660697156,1.3780405178552395,1,10,1.4727674616876374,1.342169148222263,0.8,0.9407054565916412,0.9407054565916412,1,False,False,False,True,1e-07,0.9,-0.6826399793572732
0.6206082373345753,0.0587131013677206,4.43429503829895,1.6590791367747608,0.265013065365336,0.6774982350868531,,3,1,0.1,6301251.414787896,0.2032164497892416,1.684942573144412,1.491426552848069,0.4284167447087488,0.4760186052319431,1,10,1.6091004207970527,1.9443293174815155,0.8,0.2032164497892416,0.2032164497892416,1,False,False,False,True,1e-07,0.9,-0.4269086709580774
0.3381356472975649,0.0558667401457316,3.966737190500221,0.46881929995915,0.2402093760441037,0.3936097290718359,,3,1,0.1,11645137.756911509,0.7061497527291573,1.853971859899116,1.0883537281064544,1.3865288470441872,1.5405876078268748,1,10,1.093247914301564,1.440869682758572,0.8,0.7061497527291573,0.7061497527291573,1,False,False,False,True,1e-07,0.9,-0.4583639513628276
0.3540102656089774,0.0331276951568247,5.934256018969492,0.5453087141417302,0.0122583626051556,0.6972249056823525,,3,1,0.1,21559395.98193944,0.6527647501655952,1.7822427632041196,1.3641981408320367,0.3908316852496795,0.4342574280551994,1,10,0.5417555535330291,1.3902501813694936,0.8,0.6527647501655952,0.6527647501655952,1,False,False,False,True,1e-07,0.9,-1.5031747835965534
0.3776733584113585,0.0691426573390576,2.8886729376718616,0.4334347899722215,0.1727573337229843,0.4285877383963004,,3,1,0.1,15203748.74689395,0.8687607592753464,1.9817011749156968,1.4103088507167274,1.1999200848993978,1.3332445387771086,1,10,1.4931260833875457,1.831655059469682,0.8,0.8687607592753464,0.8687607592753464,1,False,False,False,True,1e-07,0.9,-0.6516140294474977
0.3667433713747115,0.0502181359779398,5.507173166024812,0.7372551040838556,-0.0504755610389049,0.8887152290046401,,3,1,0.1,46478911.81628381,0.5172394545573549,1.4370266174693336,1.761760161809255,0.112697848114968,0.1252198312388533,1,10,1.905176012371851,1.1434237650399492,0.8,0.5172394545573549,0.5172394545573549,1,False,False,False,True,1e-07,0.9,-4.130651680041642
0.8241895220541625,0.0001711858465129,12.094913748947784,8.610392272122633,5.477504641816961,0.4234331920211104,,3,1,0.1,533912.2278980114,0.0307836038112136,1.0224470387650393,1.0701893859034457,1.2254828789027248,1.3616476432252498,1,10,0.5121402773602436,1.944045333513079,0.8,0.0307836038112136,0.0307836038112136,1,False,False,False,True,1e-07,0.9,-0.0226076158856037
0.3714711825050735,0.0569745961209108,5.175496801436744,0.8872095173789726,0.3696233974829158,0.4769886922470209,,3,1,0.1,7584326.380311687,0.3966688064052787,1.7301981483873634,1.110510961675226,0.9868371821567457,1.0964857579519396,1,10,1.88673449912567,1.2381045484030508,0.8,0.3966688064052787,0.3966688064052787,1,False,False,False,True,1e-07,0.9,-0.3617637923661438
0.3525106233897526,0.0465473565061243,3.113355950339052,0.3364539620711851,0.0348641877136649,0.5812476498539096,,3,1,0.1,23790295.87086141,0.9962241316803542,1.8145264112584376,1.5954124148661966,0.6483933573343572,0.7204370637048413,1,10,0.8832524367248417,1.7576586275055366,0.8,0.9962241316803542,0.9962241316803542,1,False,False,False,True,1e-07,0.9,-1.3828053573197538
0.3872918201262399,0.055948104202757,4.599402482170304,0.4415821348554714,-0.0042391762931377,0.7452941346814539,,3,1,0.1,30536302.94830215,0.7777774695670819,1.349058394739589,1.914447854528661,0.3075769258330054,0.3417521398144504,1,10,1.2847682312928013,1.5312020411188558,0.8,0.7777774695670819,0.7777774695670819,1,False,False,False,True,1e-07,0.9,-2.275852750379595
0.4067757650187978,0.0692768901102137,5.176288536920224,0.7897403754182596,0.4905971373967472,0.3629238367472819,,3,1,0.1,8500179.739870718,0.5415261361424784,1.2341054172776942,1.2635483778319554,1.5798591574096723,1.755399063788525,1,10,1.144641344227587,1.450264570296356,0.8,0.5415261361424784,0.5415261361424784,1,False,False,False,True,1e-07,0.9,-0.3084917848402876
0.4068023277029026,0.0501641768845831,4.556342111379025,0.5711245630397371,0.0139751127349902,0.7022677759450916,,3,1,0.1,21378762.27530762,0.6365145806121622,1.981463674106147,1.8642535148518489,0.3815624336298303,0.4239582595887003,1,10,0.8554986539880225,1.5527956646071044,0.8,0.6365145806121622,0.6365145806121622,1,False,False,False,True,1e-07,0.9,-1.5013615842303198
0.6349046513245468,0.0509309928549753,6.317057670849628,2.5712919763981854,2.0477750299438524,0.3553940478353782,,3,1,0.1,2711132.6577578504,0.1747612075359742,1.1202450337426688,1.3112198274163092,1.632400318693262,1.813778131881402,1,10,1.4056487932587032,1.8743267308724536,0.8,0.1747612075359742,0.1747612075359742,1,False,False,False,True,1e-07,0.9,-0.0963520410463974
0.4050418103440995,0.0925032700658045,2.4724059896373216,0.4691847260708555,0.2931332809442676,0.3583498631672771,,3,1,0.1,15194778.113386124,0.9749730482927618,1.7770687133804275,1.8338281903239368,1.6115120515056014,1.7905689461173349,1,10,1.9394792195997248,1.9900840031093865,0.8,0.9749730482927618,0.9749730482927618,1,False,False,False,True,1e-07,0.9,-0.5445046659075574
0.3708770027324758,0.0715977578375411,3.640084407249224,0.9023468718304316,0.5394741781149618,0.4311795690306199,,3,1,0.1,7533772.088786422,0.4285363061043918,1.9387430096932845,1.4382074857304257,1.187297415374723,1.3192193504163592,1,10,1.8403644744037824,1.2021075794136629,0.8,0.4285363061043918,0.4285363061043918,1,False,False,False,True,1e-07,0.9,-0.3248408604852346
0.2982058739935403,0.054053167551662,3.043442579140059,0.4277384544326739,0.1944694587555955,0.3966655125068329,,3,1,0.1,14573348.594441568,0.8792602924198889,1.894179828000322,1.3850191728073966,1.368914164763685,1.521015738626317,1,10,1.1091036904571303,1.186933328362243,0.8,0.8792602924198889,0.8792602924198889,1,False,False,False,True,1e-07,0.9,-0.5780744787953406
0.3062058566711604,0.0400556540566677,3.5874160877502828,0.396827699780047,-0.0183962302138607,0.8430246494940098,,3,1,0.1,55069388.66627698,0.8644535721707949,1.9273864049797096,1.734840631284919,0.167584441973538,0.1862049355261533,1,10,1.2414887019031269,1.1664183191211994,0.8,0.8644535721707949,0.8644535721707949,1,False,False,False,True,1e-07,0.9,-4.642485206815239
0.4143855084187169,0.0649357580550849,4.887375477651726,0.6609334878928526,0.230821910614329,0.4777706413170907,,3,1,0.1,10248730.43426405,0.5352187389776681,1.801491763363959,1.1120447936362214,0.9837490673745284,1.0930545193050316,1,10,1.549173739041252,1.7139266025815332,0.8,0.5352187389776681,0.5352187389776681,1,False,False,False,True,1e-07,0.9,-0.4896542515004981
0.5086681103408335,0.0759244936137912,4.751150901314444,1.4680223825829954,0.8000863200329683,0.4308522815136272,,3,1,0.1,5481743.446253369,0.3119921468340332,1.2552724075367578,1.5773941023836846,1.1888829852268854,1.3209810946965392,1,10,1.4195781600909865,1.5601460103584943,0.8,0.3119921468340332,0.3119921468340332,1,False,False,False,True,1e-07,0.9,-0.2361821673949996
0.6062630768118327,0.052264445407237,5.13759559012824,1.811906811147563,1.0490353255603138,0.4609857680195722,,3,1,0.1,3542541.981215555,0.1909480353638117,1.5413841983112884,1.1747891595988662,1.0523379297943714,1.1692643664381903,1,10,1.587074224814951,1.877266463955105,0.8,0.1909480353638117,0.1909480353638117,1,False,False,False,True,1e-07,0.9,-0.1633061435373085
0.4793078573594903,0.0246916279432862,4.542991705750628,2.8144284895370504,1.0399688090423729,0.5868974090732914,,3,1,0.1,2982734.4751996654,0.1232175217665784,1.9508514878123693,1.2475445498477755,0.6334877716040633,0.7038753017822925,1,10,1.6675122428442066,1.0696981794949312,0.8,0.1232175217665784,0.1232175217665784,1,False,False,False,True,1e-07,0.9,-0.1750559137056376
0.6454009545209402,0.0540510096273822,3.244115071482037,2.621073938470234,1.3149615889469373,0.5111126613213549,,3,1,0.1,3220079.396557119,0.1574255889530268,1.740881455680506,1.9983177116973447,0.8608642244809065,0.956515804978785,1,10,1.476258809402196,1.7487643851204662,0.8,0.1574255889530268,0.1574255889530268,1,False,False,False,True,1e-07,0.9,-0.1645823350499444
0.7350112042871154,0.0072210682131946,5.216622714512076,6.705611930062691,5.710350730889299,0.3729661852995691,,3,1,0.1,996717.962751717,0.0624975803089729,1.1560143256921074,1.3790291602050262,1.5130873936389533,1.6812082151543926,1,10,1.2958322626816487,1.5942703996114385,0.8,0.0624975803089729,0.0624975803089729,1,False,False,False,True,1e-07,0.9,-0.0371742095924695
0.806975164732401,5.357296285243869e-06,3.827888424978364,20.40089987386283,14.601027995446138,0.4642254439588931,,3,1,0.1,352300.6807898925,0.0188753721860869,1.524578031977375,1.957462143288883,1.0387132086618125,1.154125787402014,1,10,1.2708458250675918,1.828901850310937,0.8,0.0188753721860869,0.0188753721860869,1,False,False,False,True,1e-07,0.9,-0.0163546939854046
0.5388558804064846,0.0573625783791817,6.076202038140194,0.944153843289916,0.0220598338248006,0.7213849928847936,,3,1,0.1,13920106.19924151,0.3878350115268331,1.8257776367912744,1.7634432296062617,0.3476001148858546,0.3862223498731718,1,10,0.9205347042117412,1.975022662744524,0.8,0.3878350115268331,0.3878350115268331,1,False,False,False,True,1e-07,0.9,-1.0041755751258108
0.3227414904684958,0.0675820543047891,3.818117151416159,0.6055339719182451,0.41281173434476,0.3352799357608305,,3,1,0.1,11471545.741900628,0.7625365861295145,1.2166589663576,1.7032691251805074,1.784324064777942,1.9825822941977127,1,10,1.1403490876707667,1.1296558826283245,0.8,0.7625365861295145,0.7625365861295145,1,False,False,False,True,1e-07,0.9,-0.3846179120104303
0.3227745960027683,0.07106262258168,3.341245541621192,0.5560432081124346,0.2180484599081075,0.46209527359886,,3,1,0.1,14297163.153164586,0.7690510866696731,1.342349021415557,1.7943970916264484,1.0476503037797358,1.1640558930885954,1,10,1.8620853429192592,1.1286920475731472,0.8,0.7690510866696731,0.7690510866696731,1,False,False,False,True,1e-07,0.9,-0.6606651520265531
0.5317827927153318,0.0620384955523142,6.501359490412571,1.0468743135002214,0.1686450660035602,0.5869289836876873,,3,1,0.1,9247926.275427865,0.3820049923569536,1.493876426799571,1.6676164654038923,0.6334052756183223,0.7037836395759136,1,10,0.8616024124732826,1.904442994516935,0.8,0.3820049923569536,0.3820049923569536,1,False,False,False,True,1e-07,0.9,-0.5427875970342841
0.4672143284672276,0.0631993528367552,4.766496418460014,1.2308155868522814,0.2747751699416039,0.5638949311303538,,3,1,0.1,8108990.092170355,0.3536371332361957,1.584801154409952,1.949736820915854,0.6960420112234524,0.7733800124705027,1,10,1.0159326327216007,1.3780932153463326,0.8,0.3536371332361957,0.3536371332361957,1,False,False,False,True,1e-07,0.9,-0.4572618413944297
0.2610622946370929,0.04257758314212,3.740083504208721,0.4006391774209616,0.0856979504581984,0.5072309551581258,,3,1,0.1,19249653.702849563,0.9485632528728504,1.29918737716066,1.2789744587517595,0.8743396589812449,0.9714885099791608,1,10,1.4652626942553055,1.0048630125574507,0.8,0.9485632528728504,0.9485632528728504,1,False,False,False,True,1e-07,0.9,-0.9764020243013714
0.3917752587475438,0.0448513027921232,7.599836669967473,0.5038368632806678,0.1673812385055971,0.3973189775374054,,3,1,0.1,11745563.968315631,0.7078827794831692,1.2028653372829163,1.0057036437705895,1.365182512998061,1.5168694588867344,1,10,0.546040548673705,1.9903987321808423,0.8,0.7078827794831692,0.7078827794831692,1,False,False,False,True,1e-07,0.9,-0.4666735467078221
0.4653690507259783,0.0447705928745531,7.186602632807338,0.7063499408767863,-0.0179113252389396,0.7885149817829875,,3,1,0.1,23779747.572681908,0.5029059846621367,1.6421305248930578,1.826682447883832,0.2413860494634141,0.2682067216260156,1,10,0.7223515932063849,1.7113126435930843,0.8,0.5029059846621367,0.5029059846621367,1,False,False,False,True,1e-07,0.9,-1.875068722751779
0.5317788519168458,0.044093432371041,5.095975286259384,1.846998388372488,0.715417223210264,0.5383938411785706,,3,1,0.1,4016297.862691828,0.1853947642321406,1.5466392222561771,1.1254107199493402,0.7716387357438111,0.8573763730486791,1,10,1.753404520866261,1.447142532231822,0.8,0.1853947642321406,0.1853947642321406,1,False,False,False,True,1e-07,0.9,-0.2162350032021361
0.2766314634550701,0.041749568867453,4.099239712774082,0.4164642513816316,0.0984945036090787,0.4784471955173408,,3,1,0.1,17494140.60783804,0.9124117182203644,1.2410517595406352,1.1988810779331005,0.9810853286052554,1.090094809561395,1,10,1.0486574792607877,1.07227686613148,0.8,0.9124117182203644,0.9124117182203644,1,False,False,False,True,1e-07,0.9,-0.8370022510506675
0.4061062315033583,0.031156628156641,7.024080156080226,0.5563454151368653,-0.0310820743980734,0.8908083451054895,,3,1,0.1,54062179.312511854,0.5903138240939821,1.9569892935526272,1.7186400504805666,0.1103183304748025,0.1225759227497806,1,10,0.5171228718381939,1.6412740777040802,0.8,0.5903138240939821,0.5903138240939821,1,False,False,False,True,1e-07,0.9,-4.815904052628649
0.3870500121969144,0.0670518957716172,5.553189380046231,0.7526715607552105,0.1407583971202742,0.5760259227839396,,3,1,0.1,13361586.161659127,0.5664965597207121,1.078591436244048,1.8750363326996404,0.66242968311268,0.7360329812363111,1,10,1.3225451062741906,1.248553804314809,0.8,0.5664965597207121,0.5664965597207121,1,False,False,False,True,1e-07,0.9,-0.7696619999538966
0.4385623720169834,0.0274086570466247,9.825623431636942,1.631838101918054,-0.0344096974831431,0.8746882465213673,,3,1,0.1,19477665.82466536,0.2440780220503471,1.2548326137523629,1.173291977519533,0.1289380285825234,0.1432644762028037,1,10,0.8296272851171059,1.1663564297720506,0.8,0.2440780220503471,0.2440780220503471,1,False,False,False,True,1e-07,0.9,-1.7036885411330782
0.4954274582368268,0.052333601131539,6.268519357260261,1.221847882473036,0.4022573434135194,0.4394903386762591,,3,1,0.1,6575310.423993635,0.368552465497093,1.6881375745915563,1.8322797301478988,1.147826586383655,1.2753628737596163,1,10,0.6112877060371662,1.609257520175338,0.8,0.368552465497093,0.368552465497093,1,False,False,False,True,1e-07,0.9,-0.2889785408805975
0.3687923731787666,0.044125990198185,7.781949404299558,0.9139583206504284,0.025876044801254,0.7325190121139903,,3,1,0.1,16594819.31694008,0.4438798231353467,1.094312162469033,1.2236447626813285,0.3286370525765238,0.3651522806405821,1,10,1.279269689694566,1.1426897793326023,0.8,0.4438798231353467,0.4438798231353467,1,False,False,False,True,1e-07,0.9,-1.215602068114257
0.4226404974714856,0.0767740861204499,3.829312911384767,0.816795250794668,0.4238240485861264,0.4256328047170092,,3,1,0.1,8716179.81899975,0.5006287259822575,1.7743079216123117,1.4221771532987364,1.21449867121587,1.3494429680176332,1,10,1.4149264326102504,1.5065815761881265,0.8,0.5006287259822575,0.5006287259822575,1,False,False,False,True,1e-07,0.9,-0.370989206591344
0.4269182433574499,0.0795433579549136,3.1386032050228083,0.5878822362038238,0.2626499421850371,0.4191170013494016,,3,1,0.1,12337339.523314428,0.716655007624779,1.999107396196632,1.682455550387799,1.2473717293794648,1.3859685881994053,1,10,1.1966930550188384,1.887931808128394,0.8,0.716655007624779,0.716655007624779,1,False,False,False,True,1e-07,0.9,-0.5170788756629249
0.4017983412515388,0.0616178374030875,4.929759125053047,0.3983888748153139,0.0044566560325254,0.7081510408686086,,3,1,0.1,28849267.276338227,0.8419627807275292,1.2058514585962348,1.8739017399444424,0.3709153105191684,0.412128122799076,1,10,1.4901782749801766,1.773666681593271,0.8,0.8419627807275292,0.8419627807275292,1,False,False,False,True,1e-07,0.9,-2.042963870568687
0.2804242979961558,0.0436214314303063,3.405550511554216,0.372880338945406,0.0621043207711377,0.5403136374132494,,3,1,0.1,21298312.36421148,0.9790542783455988,1.469088314089526,1.2937314841630465,0.7656992118665528,0.8507769020739475,1,10,1.5298864619876604,1.129514916146849,0.8,0.9790542783455988,0.9790542783455988,1,False,False,False,True,1e-07,0.9,-1.1507768650798769
0.3588697561218217,0.0414495951374249,7.002408265178247,0.8280584090914215,-0.0051692235809119,0.7795851759717011,,3,1,0.1,20937226.72548404,0.4614874673538939,1.7893331067551916,1.106161384315887,0.2544601253842594,0.2827334726491771,1,10,1.828869167841613,1.26735498461285,0.8,0.4614874673538939,0.4614874673538939,1,False,False,False,True,1e-07,0.9,-1.6322351548211134
0.4746427757044453,0.0610685884535544,8.283209194996884,0.9940342387405632,0.3092200340600407,0.4920661197495731,,3,1,0.1,7816484.981054803,0.397025715084834,1.0537044484959737,1.095322292504295,0.9290224908352486,1.032247212039165,1,10,1.1299258095056368,1.664637295801175,0.8,0.397025715084834,0.397025715084834,1,False,False,False,True,1e-07,0.9,-0.3846227436188433
0.3481366013409437,0.0540523438174634,5.72338590590012,0.5435604294590896,0.2270697685406121,0.3782552040418574,,3,1,0.1,12729328.812726894,0.7914393158279115,1.0252598282881575,1.6020896058018126,1.479345982244323,1.6437177580492477,1,10,0.7178557543038337,1.346218626942271,0.8,0.7914393158279115,0.7914393158279115,1,False,False,False,True,1e-07,0.9,-0.481493487002974
0.294787104523449,0.0255756111621722,7.222158017357328,0.6038966501720898,-0.0239953037309943,0.9044819360973408,,3,1,0.1,64990463.83674629,0.6207762654737113,1.64494225018804,1.1646883273183186,0.0950447478070379,0.1056052753411533,1,10,0.660421267725645,1.071729158931833,0.8,0.6207762654737113,0.6207762654737113,1,False,False,False,True,1e-07,0.9,-5.878270053706565
0.2986553289034515,0.0351421100603696,5.9671290348504336,0.5053381708450706,0.0238838187747081,0.6714212579579093,,3,1,0.1,22777044.598467484,0.7484051921558159,1.1525472791598386,1.2619714909103186,0.4404401325291671,0.4893779250324079,1,10,0.8097607655123401,1.082462469735685,0.8,0.7484051921558159,0.7484051921558159,1,False,False,False,True,1e-07,0.9,-1.529299195395407
0.6501458817817307,0.0049878756627809,4.782079337066096,6.425503336337918,3.980615862503335,0.4382455414163594,,3,1,0.1,1070971.712459866,0.0601623074964449,1.624639594033524,1.4958423347100354,1.1536432546268536,1.2818258384742818,1,10,0.9174167668832024,1.277492871485235,0.8,0.0601623074964449,0.0601623074964449,1,False,False,False,True,1e-07,0.9,-0.0469348578464333
0.391940721073803,0.0755657664875904,4.074784304375715,0.6611966652003248,0.3264850729661836,0.406076694310247,,3,1,0.1,11198552.244930008,0.6651080514171334,1.3208082362590394,1.5374746327913362,1.316330098748268,1.462588998609187,1,10,1.315475411090644,1.4472024281709932,0.8,0.6651080514171334,0.6651080514171334,1,False,False,False,True,1e-07,0.9,-0.4547471084223982
0.3236996492028607,0.0384931585029104,5.240071891608936,0.5208765380814977,0.0910572756866906,0.5016547112470213,,3,1,0.1,15267945.879468195,0.7608708140319935,1.4204831959351345,1.6383917147137137,0.8940626885826817,0.9934029873140908,1,10,0.5554654190651308,1.202864259599681,0.8,0.7608708140319935,0.7608708140319935,1,False,False,False,True,1e-07,0.9,-0.7659236984743488
0.7408591426619433,2.609082326211137e-05,3.2723123459278503,17.518663014603018,12.596556136525832,0.4836344765133248,,3,1,0.1,429468.8242341977,0.0221762872446735,1.539822180785805,1.785708109760818,0.9609095168077904,1.0676772408975448,1,10,1.7260016399926312,1.5126129402895034,0.8,0.0221762872446735,0.0221762872446735,1,False,False,False,True,1e-07,0.9,-0.0207705930339581
0.4252696377017567,0.0830452118167316,3.381916555585294,0.9485204620495148,0.7699421292085075,0.3420889392772942,,3,1,0.1,7324850.328830339,0.481909957304027,1.811680321955296,1.6116372785974091,1.7308947664351928,1.9232164071502145,1,10,1.3687262312433126,1.436790771716367,0.8,0.481909957304027,0.481909957304027,1,False,False,False,True,1e-07,0.9,-0.2505750282200992
0.2618912894109756,0.0312067183036437,4.424582081937803,0.4151662433564058,-0.0043830776582872,0.7851991551720329,,3,1,0.1,39429357.13982798,0.8469458376210606,1.7261035621100418,1.1294131203198932,0.2462060218376251,0.2735622464862501,1,10,1.5838988597563222,1.0574682739078802,0.8,0.8469458376210606,0.8469458376210606,1,False,False,False,True,1e-07,0.9,-3.0959897909677894
0.492819414973339,0.0130260948432511,5.227293836713304,4.009957337650432,0.8214934422809503,0.6972784871945501,,3,1,0.1,3016085.1746145748,0.091303377707495,1.840632514050754,1.1431062019200833,0.3907324928682157,0.4341472142980175,1,10,1.6612977440358878,1.0036170047852937,0.8,0.091303377707495,0.091303377707495,1,False,False,False,True,1e-07,0.9,-0.2103051311418947
0.4511935676677018,0.0760732595400021,4.4118184781634,0.7130989494184427,0.2198264456091311,0.490240512561371,,3,1,0.1,11454363.218178608,0.5838969749044092,1.5474572799193047,1.56297365957729,0.935833589716503,1.0398150996850033,1,10,1.2349428114971244,1.778678695566505,0.8,0.5838969749044092,0.5838969749044092,1,False,False,False,True,1e-07,0.9,-0.5615392904671126
0.1663749215937418,0.0148658300139324,7.481970593725817,0.4097403309790447,0.0516344558304375,0.5106199940763817,,3,1,0.1,15941501.52450906,0.7801451322183425,1.4877548432427248,0.5662083845745233,0.8625631789603841,0.9584035321782046,1,10,1.090106285326848,0.7390545774992747,0.8,0.7801451322183425,0.7801451322183425,1,False,False,False,True,1e-07,0.9,-0.8140049405491926
0.4853428086403131,0.0219336019745237,12.861707181185034,1.7407964064279118,-0.0308861572793273,0.8698006088074492,,3,1,0.1,15437320.222760946,0.2009929492815522,1.856219429926588,0.7681140650674565,0.1347199011897175,0.1496887790996861,1,10,0.7462581266230011,1.5728117951617064,0.8,0.2009929492815522,0.2009929492815522,1,False,False,False,True,1e-07,0.9,-1.3427390522505007
0.2677785844551896,0.0209511861367988,2.5426853216340803,0.1956355101924522,0.0187409360896176,0.5014520180675943,,3,1,0.1,31076835.595917784,1.549329213046624,1.523541824873071,0.9314667581382295,0.8947878711671324,0.9942087457412584,1,10,0.5821039467340966,1.477657924460079,0.8,1.549329213046624,1.549329213046624,1,False,False,False,True,1e-07,0.9,-1.5583541933383442
0.2668382420860435,0.0556087086533742,3.964973087793698,0.8331245625333186,0.4498847726210002,0.4281545299164652,,3,1,0.1,8806710.854825217,0.5036077202766743,1.5178925309682378,1.5378875988316547,1.2020447925088962,1.3356053250098847,1,10,1.5018709752262134,0.84909705667453,0.8,0.5036077202766743,0.5036077202766743,1,False,False,False,True,1e-07,0.9,-0.3770633144441223
0.2620575495713645,0.0102807749893269,11.895325474586116,0.1686550118242989,0.0104673114796837,0.4613133970812713,,3,1,0.1,30111107.39010224,1.622044850085551,0.5393725505586865,0.5055562450754718,1.050951361253104,1.1677237347256713,1,10,1.6906023473090763,1.746904184631568,0.8,1.622044850085551,1.622044850085551,1,False,False,False,True,1e-07,0.9,-1.3890657216718276
0.2757188211537485,0.0449261649462511,3.248251355923879,0.418401649441285,-0.0023962169896691,0.7753814849148881,,3,1,0.1,39439811.26420899,0.8858910957079824,1.9783255502425583,1.97699723903549,0.2607189718990917,0.2896877465545464,1,10,1.7559728370427037,0.9926692992019972,0.8,0.8858910957079824,0.8858910957079824,1,False,False,False,True,1e-07,0.9,-3.058089942821535
0.6166645946962148,0.0001625360092506,7.791269640200514,9.816996627884128,1.3593193890078523,0.7831756902056962,,3,1,0.1,1426523.4576066805,0.0309304933342582,1.457275595609384,0.8060285171683589,0.2491674361899825,0.2768527068777583,1,10,1.3674049125787493,1.137129631727533,0.8,0.0309304933342582,0.0309304933342582,1,False,False,False,True,1e-07,0.9,-0.1117218494127445
0.1669659549317485,0.0092267117425602,3.566066338562569,0.2255389681764227,0.0119353645183083,0.5403056607597384,,3,1,0.1,32961480.04772407,1.515220428435191,1.385420017347856,0.6140471195888043,0.7657238029571737,0.8508042255079707,1,10,1.5872996695929282,0.7567738888769653,0.8,1.515220428435191,1.515220428435191,1,False,False,False,True,1e-07,0.9,-1.7809274266974575
0.2706811405898427,0.0286876149143459,3.656457027565393,0.3109666899614172,0.0295765517117494,0.5610906698919705,,3,1,0.1,25213508.80988154,1.1066443154244918,1.362500002120821,1.159798077110727,0.704018830277968,0.7822431447532977,1,10,0.6694521326675552,1.169402272031553,0.8,1.1066443154244918,1.1066443154244918,1,False,False,False,True,1e-07,0.9,-1.4147064547787565
0.1448734481291627,0.024450044940622,5.791428542497372,0.6539955033040268,0.0068121166561453,0.8298453845883977,,3,1,0.1,40584033.13831128,0.6905559866850274,1.1055394560259,1.7412976229704882,0.1845393813287266,0.2050437570319185,1,10,1.949943643885124,0.5460990003514656,0.8,0.6905559866850274,0.6905559866850274,1,False,False,False,True,1e-07,0.9,-3.367847262148681
0.3625641978458815,0.0494658577429421,3.750292959795232,0.324362657137984,6.449970019635589e-06,0.7193322650863148,,3,1,0.1,34890006.275617525,0.9792498073004546,1.425822118390706,1.720019710094977,0.3511603381116323,0.3901781534573692,1,10,1.238196120097629,1.7071420700161106,0.8,0.9792498073004546,0.9792498073004546,1,False,False,False,True,1e-07,0.9,-2.5097507293740065
0.2311182120393702,0.0331544123551843,3.567709037409851,0.2698073006670802,0.0162734918226364,0.6530529298338509,,3,1,0.1,38370398.22944634,1.3312495942069469,1.0002878132927575,1.5884625765546256,0.4781425040524311,0.5312694489471457,1,10,1.932958570186816,0.924906356126612,0.8,1.3312495942069469,1.3312495942069469,1,False,False,False,True,1e-07,0.9,-2.50579010325201
0.3660632084572239,0.058061169891055,4.15161142353029,0.6513739729543588,-0.0096545721191721,0.7802229997335223,,3,1,0.1,26637559.959441915,0.5854322429307214,1.812168483479656,1.7949844396624597,0.2535163668686855,0.2816848520763172,1,10,1.999230510834716,1.2180157846733568,0.8,0.5854322429307214,0.5854322429307214,1,False,False,False,True,1e-07,0.9,-2.078323691028063
0.525080703330995,0.0279404539960324,12.809100378698034,1.8457842257617905,-0.0116728190497266,0.8450206880367945,,3,1,0.1,12647177.883305904,0.1960050730357209,0.8774452061334493,1.080636799427552,0.1650626815905974,0.1834029795451083,1,10,0.8843389871854239,1.37020458919616,0.8,0.1960050730357209,0.1960050730357209,1,False,False,False,True,1e-07,0.9,-1.0687126955209605
0.304931007857312,0.0292462857461442,2.8537250162465577,0.2381284731783561,0.0231302569118177,0.5393309896000881,,3,1,0.1,26408184.85410695,1.216543117991946,1.9131226887157624,0.9033561258563404,0.7687340749088915,0.8541489721209905,1,10,1.007923696062421,1.967226953682376,0.8,1.216543117991946,1.216543117991946,1,False,False,False,True,1e-07,0.9,-1.424275248643552
0.1976683186230126,0.0183566362520878,4.99489308107658,0.1784016633569005,0.0130960118377658,0.5646813536826423,,3,1,0.1,45272493.89559691,1.9707958802557053,0.7071344560954433,1.914485411177104,0.6938192294300742,0.7709102549223047,1,10,0.6840492519899417,0.8530332987688425,0.8,1.9707958802557053,1.9707958802557053,1,False,False,False,True,1e-07,0.9,-2.5564533157415554
0.7234903470626555,0.0071652305394248,11.168342964318215,7.446771073518791,6.169820996095465,0.3794765104578984,,3,1,0.1,984732.1992353036,0.0611049399552392,0.5683164361413469,1.4299741228504026,1.4716883000584349,1.63520922228715,1,10,1.633105463848986,1.5340511446491594,0.8,0.0611049399552392,0.0611049399552392,1,False,False,False,True,1e-07,0.9,-0.0373682738776793
0.2493579206827678,0.0147300691591726,6.099179636169782,3.808476986786855,0.5481801531119528,0.6578780283426152,,3,1,0.1,4302908.082630036,0.1472119249469637,1.4926484009162395,1.9466976835817884,0.468034743867887,0.5200386042976523,1,10,0.8351509339924278,0.5968466227025553,0.8,0.1472119249469637,0.1472119249469637,1,False,False,False,True,1e-07,0.9,-0.2830788684754972
0.508088046259523,0.0348520548321751,17.132206068449218,1.4720126421657331,0.470875540350776,0.4535624521344742,,3,1,0.1,4618990.128482804,0.2523989388698966,0.7329909245944009,0.8633688391514496,1.084291238757929,1.204768043064366,1,10,0.5803965749564755,1.5184487655722414,0.8,0.2523989388698966,0.2523989388698966,1,False,False,False,True,1e-07,0.9,-0.2095000490449645
0.3474177633671813,0.0347577100049621,9.892844471384894,0.8163148149829386,0.3664926260411155,0.4191076833519348,,3,1,0.1,6249269.831281845,0.3630152468159778,1.2865524965453117,0.733522024799631,1.2474194717739129,1.3860216353043473,1,10,1.8988295946756943,1.1469173424679382,0.8,0.3630152468159778,0.3630152468159778,1,False,False,False,True,1e-07,0.9,-0.2619117002728391
0.3264639283969274,0.0437963966291509,4.0419699794865735,0.4396412366863089,0.0052010316416115,0.7285779663075507,,3,1,0.1,30188858.31779136,0.8193920489717027,1.62669061680975,1.847298367083659,0.3352830330036194,0.3725367033373549,1,10,1.0145300411210898,1.209475835412447,0.8,0.8193920489717027,0.8193920489717027,1,False,False,False,True,1e-07,0.9,-2.1994936970516363
0.2249667521386483,0.0361669454183862,3.543640574723712,0.2686365781789647,0.0806809202140032,0.4175805674129949,,3,1,0.1,24334775.41550121,1.417304470458257,0.9062749750489106,1.350905152254885,1.2552727071944496,1.3947474524382772,1,10,1.6086426258165667,0.9218059957576352,0.8,1.417304470458257,1.417304470458257,1,False,False,False,True,1e-07,0.9,-1.0161729349001447
0.4161366227247883,0.0605042267189322,5.883779611691517,0.5524442004206932,0.1326113185636633,0.4876411581276352,,3,1,0.1,14207527.107629532,0.7279351410776687,1.2496603718873018,1.9992099655759048,0.9456194375710056,1.050688263967784,1,10,0.7679867613844434,1.8061634845391048,0.8,0.7279351410776687,0.7279351410776687,1,False,False,False,True,1e-07,0.9,-0.692817497667893
0.2376151659489986,0.0219597914564397,2.4819745547035432,0.1668261209933253,0.0308296638173412,0.4009504258898258,,3,1,0.1,33161589.26565984,1.9865433942442705,1.1608365068619335,0.9564301198431008,1.344666527046674,1.4940739189407488,1,10,1.1474942775323294,1.1780912569343729,0.8,1.9865433942442705,1.9865433942442705,1,False,False,False,True,1e-07,0.9,-1.3296153340973962
0.1340636366165785,0.0178362765796577,6.188215439535983,0.3229149422916579,0.0363128414535375,0.5709293875383027,,3,1,0.1,29595022.810430404,1.2698353311274342,0.6336564217003224,1.259554411577797,0.6763770785745735,0.7515300873050816,1,10,1.1686869359526422,0.5603688964924459,0.8,1.2698353311274342,1.2698353311274342,1,False,False,False,True,1e-07,0.9,-1.6896668271319404
0.4804695355877695,0.0516203259016522,7.750793213187753,0.5746471095012962,-0.0490702843834962,0.8695798843843835,,3,1,0.1,42953056.09117644,0.5601941991857311,1.3707512705994065,1.8598309579889232,0.1349825429059371,0.149980603228819,1,10,0.9838524654135608,1.974110610707922,0.8,0.5601941991857311,0.5601941991857311,1,False,False,False,True,1e-07,0.9,-3.735111362037173
0.1241544361593033,0.0221712562044283,4.120026216410329,0.3438330413681038,0.075655707090732,0.4984699567369459,,3,1,0.1,24525128.16373049,1.2300087347521167,1.044529286611526,1.9069276954544128,0.9055250629175848,1.0061389587973164,1,10,1.2136713582623868,0.5221444522283553,0.8,1.2300087347521167,1.2300087347521167,1,False,False,False,True,1e-07,0.9,-1.2225039563354902
0.1934793595806565,0.0417268622427938,2.983030297981069,0.3434160502075566,0.109544381472752,0.4676465363580594,,3,1,0.1,22251042.652898952,1.1845418452177257,1.2959106308959252,1.9678901762158347,1.0245304520140903,1.138367168904545,1,10,1.965348135845272,0.7399625063805972,0.8,1.1845418452177257,1.1845418452177257,1,False,False,False,True,1e-07,0.9,-1.0405623036474247
0.2234839236189327,0.0185189849935233,4.221980834072157,0.3109229825665083,0.0155956433440474,0.6131370653975978,,3,1,0.1,25908293.98025725,1.0022957636865264,1.9488508603076444,0.7009525385495712,0.5678610229123593,0.6309566921248436,1,10,0.8991134253671125,1.071633993950964,0.8,1.0022957636865264,1.0022957636865264,1,False,False,False,True,1e-07,0.9,-1.5885335339589115
0.1710142915644942,0.0121621185710286,2.91807232513536,0.2010467418277345,0.0135374100310801,0.5385489924361229,,3,1,0.1,36995988.90912261,1.7071834669619648,1.4914249998734492,0.7802871084084846,0.7711571512349432,0.8568412791499369,1,10,1.096269191577669,0.7725730244821785,0.8,1.7071834669619648,1.7071834669619648,1,False,False,False,True,1e-07,0.9,-1.9924152573204577
0.3019785987680277,0.0342222720244944,4.887615767850767,0.1759977046886686,0.0439262733120869,0.3843034705844027,,3,1,0.1,31250865.366856087,1.9241047444988983,0.8974986451089751,1.7547335687804797,1.441899225191455,1.6021102502127278,1,10,0.6945706937247385,1.9754894939850391,0.8,1.9241047444988983,1.9241047444988983,1,False,False,False,True,1e-07,0.9,-1.2009816032659992
0.1139116826849035,0.0166169993438874,5.285434527072291,0.2098135130404069,0.055920345239268,0.4015606634172031,,3,1,0.1,31783456.220992867,1.902046855415973,0.5575883745720734,1.4377610900812694,1.3412553867731347,1.4902837630812606,1,10,1.4774890847026771,0.5164135565985435,0.8,1.902046855415973,1.902046855415973,1,False,False,False,True,1e-07,0.9,-1.27629857664694
0.2579081650869584,0.0117968590303786,2.9030924975655243,0.1536303559011679,0.0130207221631129,0.4304726469300253,,3,1,0.1,31651539.982651897,1.8026415973991143,1.2898484410366404,0.5773595070514373,1.1907251748014038,1.32302797200156,1,10,1.5811428819668014,1.699535285468825,0.8,1.8026415973991143,1.8026415973991143,1,False,False,False,True,1e-07,0.9,-1.362512218797706
0.2513484584416623,0.0279709513251302,4.183343934057872,0.2866528863678496,-0.003650088048494,0.7862780940986938,,3,1,0.1,54450289.50608423,1.16372185104374,1.0384577759437577,1.2121229884820286,0.2446331860887783,0.2718146512097537,1,10,1.6758387142129931,1.0445556481230902,0.8,1.16372185104374,1.16372185104374,1,False,False,False,True,1e-07,0.9,-4.281306994441243
0.1609641259387011,0.0210283514691982,5.660381871689268,0.2520268854206936,0.0854404244957479,0.3428968945740987,,3,1,0.1,23439742.74148704,1.5402326201973278,0.5904223490329996,1.01744317793906,1.724695686199962,1.91632854022218,1,10,0.8903783277524828,0.6729124671257138,0.8,1.5402326201973278,1.5402326201973278,1,False,False,False,True,1e-07,0.9,-0.8037414993788146
0.4221752145894384,0.0653354683966665,4.395251547767877,0.6581688572204863,0.0139533284426813,0.7221112889010755,,3,1,0.1,20761375.903086413,0.5769351405755659,1.589101174626382,1.895970305309684,0.3463452847685562,0.3848280941872846,1,10,1.5441932823218338,1.44754673118191,0.8,0.5769351405755659,0.5769351405755659,1,False,False,False,True,1e-07,0.9,-1.4992023892837265
0.2231226805958367,0.0217033756614536,2.6621720002386504,0.2217898025006929,0.0115103131802284,0.619699011953028,,3,1,0.1,39554752.18364757,1.5042709837640766,1.561741876498565,1.099068776609637,0.5523179521677508,0.6136866135197231,1,10,1.1573497738077771,0.990309632568763,0.8,1.5042709837640766,1.5042709837640766,1,False,False,False,True,1e-07,0.9,-2.4512040853614443
0.4844445917763862,0.0113200070933502,3.9365065018601095,5.326472960225479,2.203636826165729,0.547879419707714,,3,1,0.1,1816877.97275334,0.0821447842077886,1.9161813591432293,1.761814712172964,0.7426972206405148,0.8252191340450165,1,10,1.2605616359396297,0.9401326969748178,0.8,0.0821447842077886,0.0821447842077886,1,False,False,False,True,1e-07,0.9,-0.0995430050435379
0.2996008038329683,0.0477814945982307,5.604136402982526,1.030459917277892,0.1463127813865633,0.6293293429326382,,3,1,0.1,11845228.524276009,0.4390678201274923,1.198606667669486,1.8298650611898253,0.5300938135286246,0.5889931261429162,1,10,1.2208134399806647,0.8725259725373358,0.8,0.4390678201274923,0.4390678201274923,1,False,False,False,True,1e-07,0.9,-0.7454549884300972
0.3841270365726911,0.0332877319329132,9.748646138951372,1.1786236317455878,0.5559117880255631,0.4279228491378818,,3,1,0.1,4676644.599515842,0.2675401251277145,1.0799067728796388,0.753555747083253,1.2031828560059186,1.3368698400065762,1,10,1.5570928132487258,1.1188253961005843,0.8,0.2675401251277145,0.2675401251277145,1,False,False,False,True,1e-07,0.9,-0.2001243081977307
0.289491025876352,0.0300834455408555,1.9492469960560104,0.1728707553546812,0.0070724950042906,0.6328883236794332,,3,1,0.1,47769026.33101211,1.7536565579169283,1.8335835573556647,1.8593388650407765,0.5220518317791919,0.5800575908657688,1,10,0.942184683096082,1.510693723275603,0.8,1.7536565579169283,1.7536565579169283,1,False,False,False,True,1e-07,0.9,-3.0232458998858243
0.3034830267133498,0.0339708037300174,8.82781854753584,0.1717066530836565,0.0267600506241158,0.4751197350028367,,3,1,0.1,34651314.456922114,1.8187789310696687,0.6344575989423153,1.2859980947202294,0.9942593491609576,1.1047326101788415,1,10,1.6449406834121243,1.970637487932121,0.8,1.8187789310696687,1.8187789310696687,1,False,False,False,True,1e-07,0.9,-1.646352335569352
0.3681794938074347,0.040464020908237,4.569821276982048,1.9261497331246809,0.6046603420617337,0.5443750357298578,,3,1,0.1,4924296.243126043,0.2243632076755973,1.5568560591750893,1.4577284855499189,0.7532719925213812,0.8369688805793124,1,10,1.1900288127869914,0.9401680009456646,0.8,0.2243632076755973,0.2243632076755973,1,False,False,False,True,1e-07,0.9,-0.2680663944836562
0.82677954933075,-2.1196335384413222e-16,12.45177802399511,-30.255101664336152,30.595071171720125,0.383865774431344,,3,1,0.1,88559.67594735991,0.0054564641914325,1.5034487096517597,0.5682930941575355,1.4445695343203058,1.6050772603558954,1,10,0.6372707909529866,1.9540707063856564,0.8,0.0054564641914325,0.0054564641914325,1,False,False,False,True,1e-07,0.9,-0.0033995028599863
0.389420137094537,0.0520039352058443,9.673649376124043,1.1608860567015813,0.0680994938673952,0.7176550709034282,,3,1,0.1,12969373.215240562,0.366183640035528,0.7544201891056544,1.8128105783891444,0.3540843595893845,0.3934270662104273,1,10,1.2829827900854367,1.0868415441894743,0.8,0.366183640035528,0.366183640035528,1,False,False,False,True,1e-07,0.9,-0.9307536468729788
0.2575115561782053,0.0297893624892369,3.814985186226042,0.2174863921473407,0.0676907386960881,0.3466296180384094,,3,1,0.1,24992307.232587453,1.6329231692642168,0.8702075152276346,1.0238175181330629,1.696431329478235,1.884923699420261,1,10,0.8009956762943997,1.2406422611800023,0.8,1.6329231692642168,1.6329231692642168,1,False,False,False,True,1e-07,0.9,-0.8663073911473266
0.1341908948835513,0.0115340487779443,3.606441229676539,0.2603470874985465,0.0042289765339987,0.7474450264991543,,3,1,0.1,57705156.94315,1.4573722940392302,1.6118916309802,1.007079170602161,0.3041019313692876,0.3378910348547639,1,10,1.8452338241448527,0.597605282837339,0.8,1.4573722940392302,1.4573722940392302,1,False,False,False,True,1e-07,0.9,-4.313143260527417
0.4166322075672001,0.078300124459775,7.807232010623243,0.6688162502244158,0.3837807581871933,0.3562499791644595,,3,1,0.1,11063434.54183761,0.712208549902461,0.8292732974037638,1.744628159724812,1.626315937227111,1.8070177080301235,1,10,1.0334624058845672,1.6793175999560548,0.8,0.712208549902461,0.712208549902461,1,False,False,False,True,1e-07,0.9,-0.394134832192493
0.2626875717060367,0.0191325411208862,5.200300891489483,0.1570585531348373,0.0066544854905676,0.5949337570685447,,3,1,0.1,45912907.462708384,1.8597767086527373,0.7363119327300265,0.9255113694337048,0.6127734631072673,0.6808594034525193,1,10,1.4169165689050165,1.472580939096928,0.8,1.8597767086527373,1.8597767086527373,1,False,False,False,True,1e-07,0.9,-2.731513856164436
0.3304155783385471,0.0284119116596101,12.195562268529926,0.6330782443595646,0.1575997180869167,0.5554651876891711,,3,1,0.1,7128750.059773664,0.3168977262769032,1.803569400931836,0.6183875964199163,0.7202635555688953,0.8002928395209947,1,10,0.6794621575034887,1.362240025819169,0.8,0.3168977262769032,0.3168977262769032,1,False,False,False,True,1e-07,0.9,-0.3959772502229948
0.6148267766939722,0.0068554793680937,11.598824056511395,1.1462668251645118,1.91723250306082,0.3983883147577836,,3,1,0.1,1370741.3340429985,0.0824653920731524,1.1564527692589337,0.6309197588282862,1.3591024050170544,1.5101137833522826,1,10,0.6012542061282387,1.3031098552309697,0.8,0.0824653920731524,0.0824653920731524,1,False,False,False,True,1e-07,0.9,-0.0546087329503262
0.2500694598130362,0.0220567672056366,3.4680907484134824,0.2030170073895709,-0.0012073157875343,0.7554115454392428,,3,1,0.1,61820816.720426776,1.5120656499466478,1.0282062904289018,1.0935772773285186,0.2914035540411083,0.3237817267123425,1,10,1.772004783316009,1.173519334517405,0.8,1.5120656499466478,1.5120656499466478,1,False,False,False,True,1e-07,0.9,-4.670015866882376
0.3080920886266532,0.0147498489011824,21.54630366815874,0.3084161680018346,-0.0085275723766958,0.8557621450099757,,3,1,0.1,61794339.85610833,0.891308216214416,0.5769077956920396,0.5290813590861234,0.1516941012733258,0.1685490014148064,1,10,1.3044779261469752,1.8762396762298528,0.8,0.891308216214416,0.891308216214416,1,False,False,False,True,1e-07,0.9,-5.28812569557555
0.4535515538407649,0.0461149932464671,4.512606101380181,1.7184460463817532,0.4127316670932919,0.6002414629504174,,3,1,0.1,5521113.884128385,0.2207112185738488,1.8483394927772727,1.3473634813139346,0.5993965854610483,0.6659962060678315,1,10,1.2303786209919905,1.2236239139759733,0.8,0.2207112185738488,0.2207112185738488,1,False,False,False,True,1e-07,0.9,-0.331400147079053
0.3105038654556337,0.0266124885979048,5.31290168110908,0.2390806185834115,0.0100851755285914,0.6171103668699929,,3,1,0.1,31247106.864970915,1.1964192085368424,1.084122146640349,0.850523571689391,0.5584101131939074,0.6204556813265638,1,10,0.9460140043857072,1.9778407679548704,0.8,1.1964192085368424,1.1964192085368424,1,False,False,False,True,1e-07,0.9,-1.928291357765895
0.1237865655427999,0.0104836819329373,6.625466719191936,0.331509325941395,-0.0034787602761497,0.9082289722864176,,3,1,0.1,132487089.73308069,1.2158475165258622,0.6977296708203744,0.9632915668633428,0.0909395399865944,0.1010439333184382,1,10,1.807057027785884,0.5360845912098473,0.8,1.2158475165258622,1.2158475165258622,1,False,False,False,True,1e-07,0.9,-12.032861332494752
0.1790420284308644,0.0136333928007803,2.542498355328241,0.174311329729974,0.0285928297048852,0.3865520487266315,,3,1,0.1,30716156.7759505,1.8842761594591249,1.5881486395768831,0.7452438204818044,1.4282763678649584,1.586973742072176,1,10,1.158321801549418,0.8320353125776232,0.8,1.8842761594591249,1.8842761594591249,1,False,False,False,True,1e-07,0.9,-1.187339335196791
0.3751940760505372,0.0648679460483636,6.733563165569578,0.3640363124270115,0.0701575966226917,0.5329805773897092,,3,1,0.1,21668648.69970373,1.0119678803293717,0.8333473863495127,1.7691964642442009,0.7886168805771147,0.8762409784190163,1,10,1.4979538663914844,1.7716345434296117,0.8,1.0119678803293717,1.0119678803293717,1,False,False,False,True,1e-07,0.9,-1.154896890752625
0.4620430942697912,9.598637842494764e-11,4.374416461830056,40.52379441932624,22.81215659437761,0.5266760973631105,,3,1,0.1,201392.36405002503,0.0095323810441206,1.936864748840844,1.4432386371147028,0.8088301605218011,0.8987001783575568,1,10,1.96185258085886,0.8289197592748258,0.8,0.0095323810441206,0.0095323810441206,1,False,False,False,True,1e-07,0.9,-0.0106068544626083
0.3495781426149716,0.0466038425599626,5.603275117601629,0.5684937986119689,0.25351371762886,0.3373129140454985,,3,1,0.1,11485875.277785424,0.7611540473952068,1.2207684026479066,1.638551613076058,1.7681456965463327,1.964606329495925,1,10,0.524435335161947,1.3751111072875153,0.8,0.7611540473952068,0.7611540473952068,1,False,False,False,True,1e-07,0.9,-0.3874334069288614
0.2970355699021373,0.0246722762985951,9.574076136320311,0.1981705333452857,-0.0160584571900395,0.987501409584398,,3,1,0.1,1070603198.3704748,1.338102952341449,0.6406283778099815,1.81254662278998,0.0113911041188041,0.0126567823542268,1,10,0.6897712398395942,1.54213215872764,0.8,1.338102952341449,1.338102952341449,1,False,False,False,True,1e-07,0.9,-105.722216650496
0.2877172543248319,0.0321816443333243,4.695852188836072,0.2130296046268432,0.0517565126808638,0.3994699634235436,,3,1,0.1,25436744.69625232,1.5275527687088932,0.8772611861575685,0.9668604718466906,1.35298541168604,1.5033171240956,1,10,1.5387078328825856,1.635123088995095,0.8,1.5275527687088932,1.5275527687088932,1,False,False,False,True,1e-07,0.9,-1.0161215467981517
0.5485165406026431,0.075804008906156,4.8829784314688345,1.3107715478292012,0.7582157363790537,0.4040006010218093,,3,1,0.1,5597005.380725418,0.3335811512020993,1.604982082329961,1.466198844461042,1.3277194581485654,1.475243842387295,1,10,1.150421118092695,1.9855932570475885,0.8,0.3335811512020993,0.3335811512020993,1,False,False,False,True,1e-07,0.9,-0.226119353950599
0.2735333341494778,0.0283381769851403,3.0610198722935307,0.2584584624994473,0.0483997275675032,0.4502172929390426,,3,1,0.1,21326038.17844921,1.172468583930367,1.7268500965357094,0.8050295711182589,1.0990347197122343,1.2211496885691493,1,10,1.23711777701474,1.4441075202192937,0.8,1.172468583930367,1.172468583930367,1,False,False,False,True,1e-07,0.9,-0.9601351186937904
0.2277400081586562,0.0165786199602112,2.015599512695362,0.1585920522127208,0.0096360977124318,0.5525087981121253,,3,1,0.1,43174843.92225128,1.9320360882495369,1.94158921664814,0.941349213130638,0.7289333365825523,0.8099259295361693,1,10,1.5843492468037492,1.154057451185272,0.8,1.9320360882495369,1.9320360882495369,1,False,False,False,True,1e-07,0.9,-2.385448114446206
0.1210500262608726,0.0092121562688043,5.354637135091869,0.2289201506588848,0.007986501063891,0.6644790219503414,,3,1,0.1,51985870.80824325,1.7442348490468618,0.7310251877538056,1.425795793020194,0.4544445652450709,0.5049384058278565,1,10,0.5586267291849281,0.5306278994312954,0.8,1.7442348490468618,1.7442348490468618,1,False,False,False,True,1e-07,0.9,-3.4543520622295287
0.691477402619829,0.0084515151881024,13.876903938846066,2.136474452844361,0.3810150386576872,0.696553707792292,,3,1,0.1,2976980.8631957164,0.0903353713227714,1.5044927393079224,0.5928836254684196,0.3920755283214636,0.4356394759127374,1,10,1.8799611302449053,1.7009452440686137,0.8,0.0903353713227714,0.0903353713227714,1,False,False,False,True,1e-07,0.9,-0.2073627055193767
0.2184468490754646,0.0091240039051338,4.25823292086318,0.2766603171881712,-0.0035945645825977,0.8556151944059438,,3,1,0.1,77677742.30534665,1.1215484604701171,1.6869771246833232,0.5088810270346245,0.15187472813041,0.1687496979226778,1,10,0.5750431892694099,1.078929134413532,0.8,1.1215484604701171,1.1215484604701171,1,False,False,False,True,1e-07,0.9,-6.646225661031189
0.8014523746151667,0.0009695720799346,9.984757632304008,6.205615216749897,2.274074149233617,0.7204191387551819,,3,1,0.1,1344622.5145631176,0.0375930683409844,0.6927258364220954,1.271401385099162,0.3492727519081702,0.3880808354535225,1,10,1.9635833993518024,1.8155312286190728,0.8,0.0375930683409844,0.0375930683409844,1,False,False,False,True,1e-07,0.9,-0.0968691794748353
0.2638456194447779,0.0474360960071822,10.392356168731066,0.4588030005942168,0.2466382717425913,0.3544366667241891,,3,1,0.1,13440271.891711565,0.8676545855554694,0.5044456755553642,1.0831780310555716,1.639240672580724,1.8213785250896928,1,10,1.458126790984049,0.983326409838564,0.8,0.8676545855554694,0.8676545855554694,1,False,False,False,True,1e-07,0.9,-0.4763725169528945
0.1880406905047778,0.017706414093553,5.104505166200815,0.3024989721700876,0.0768908974456774,0.3671560202084105,,3,1,0.1,17618759.744346865,1.1149924927401875,0.9657329743370447,0.6183412241370054,1.5512739828945985,1.7236377587717755,1,10,0.633533917547542,0.7975081107651663,0.8,1.1149924927401875,1.1149924927401875,1,False,False,False,True,1e-07,0.9,-0.646883371268192
0.3259864595222743,0.0646367447800691,6.025905800139141,0.4798618969399877,0.2157666628198094,0.3998997389895393,,3,1,0.1,15086187.501951544,0.9053224161902266,0.781771839484529,1.861518855651796,1.350564109579332,1.50062678842148,1,10,1.1423903016120138,1.2325137859004185,0.8,0.9053224161902266,0.9053224161902266,1,False,False,False,True,1e-07,0.9,-0.6032962450808862
0.3728405709014979,0.0296767047129671,12.144717852459866,0.941280568335607,0.3509737051898029,0.4518972234660751,,3,1,0.1,5466673.319833115,0.299629852906797,1.134922899225503,0.6387814872208574,1.091603296645537,1.2128925518283742,1,10,1.443015285486395,1.1792749090237873,0.8,0.299629852906797,0.299629852906797,1,False,False,False,True,1e-07,0.9,-0.2470374497873743
0.1780191444924139,0.0178086527197889,5.153454511411031,2.6310255115826857,1.0401621949021893,0.5187709807946861,,3,1,0.1,3685835.480608878,0.1773730814901964,1.2030168209412906,1.353162075766885,0.834869592399566,0.9276328804439624,1,10,1.885708495005184,0.5126883767213621,0.8,0.1773730814901964,0.1773730814901964,1,False,False,False,True,1e-07,0.9,-0.1912104486233976
0.1744206748015884,0.0205624391741939,9.341727344478285,0.3737586755896961,0.0123771535825323,0.7174914099854564,,3,1,0.1,37709482.26875899,1.0653251605078662,0.561784602879956,1.4554830176675186,0.3543704182022794,0.3937449091136438,1,10,0.8415051802025547,0.6711590796088165,0.8,1.0653251605078662,1.0653251605078662,1,False,False,False,True,1e-07,0.9,-2.7056229614207026
0.2824218662107694,0.0449615213980156,8.973153981047927,0.2202191616869663,0.0888102207580856,0.3497213227390467,,3,1,0.1,26836007.620655,1.7450881796642403,0.501084254474004,1.4619761109791196,1.673477627704037,1.859419586337819,1,10,1.5343687294556672,1.3726607909799942,0.8,1.7450881796642403,1.7450881796642403,1,False,False,False,True,1e-07,0.9,-0.9385124083854902
0.330191076076307,0.0413878952567789,5.627538315113111,0.5382246062205518,0.0401568510093107,0.6343489322305648,,3,1,0.1,17218396.953961782,0.6295924595849294,1.9472132315856507,0.9624026961066258,0.5187775122996185,0.5764194581106873,1,10,1.6225595076174617,1.4287499103506922,0.8,0.6295924595849294,0.6295924595849294,1,False,False,False,True,1e-07,0.9,-1.0922471711967736
0.318030150107959,0.0495120391538779,2.902254194424133,0.3035237233179767,0.053921601907584,0.5215526326241922,,3,1,0.1,24679689.78112012,1.1807931440254198,1.4026323319707683,1.6130035810112098,0.8256168288742975,0.9173520320825528,1,10,1.3022906372553562,1.430505766381449,0.8,1.1807931440254198,1.1807931440254198,1,False,False,False,True,1e-07,0.9,-1.2871757196897715
0.6061323546484141,0.001798782520342,7.91778357391787,4.410761786968696,3.896577891892135,0.4383732552145591,,3,1,0.1,879924.7823965889,0.0494189241506958,1.241120538841532,0.8021591265965633,1.1530449549425648,1.281161061047294,1,10,1.267030460698625,1.1372751869120026,0.8,0.0494189241506958,0.0494189241506958,1,False,False,False,True,1e-07,0.9,-0.038573549099432
0.3599386009144554,0.0313790947484825,5.993528579142458,0.371506390355754,-0.0170061278874398,0.8381511483431823,,3,1,0.1,50212605.56301653,0.8126851741429317,1.4426310999209448,1.9772775471644413,0.1737920025273217,0.1931022250303575,1,10,0.5262657444783906,1.6736713269914103,0.8,0.8126851741429317,0.8126851741429317,1,False,False,False,True,1e-07,0.9,-4.2085753040064
0.3301213175692619,0.0586199879004422,2.097800096181088,0.2557976309659837,0.1050499265530006,0.3774111448239955,,3,1,0.1,24125909.043770354,1.5020520588226076,1.6698718575867406,1.6567946106815188,1.484667258354843,1.6496302870609367,1,10,1.7966283862222334,1.817060988268541,0.8,1.5020520588226076,1.5020520588226076,1,False,False,False,True,1e-07,0.9,-0.9105386951302552
0.1700694730013514,0.0166276820792584,4.052084248064688,0.2708981515219675,6.547284850880274e-05,0.8027932756449442,,3,1,0.1,69968004.79762194,1.3798159676016768,1.0332416220570853,1.25995902963405,0.2210856235398363,0.2456506928220403,1,10,1.0679312883237635,0.6905325128793751,0.8,1.3798159676016768,1.3798159676016768,1,False,False,False,True,1e-07,0.9,-5.616984384338253
0.188476832143661,0.0248731907830457,7.66756649565378,0.5496958917307684,0.0951981385793128,0.5134968638345652,,3,1,0.1,16008290.033988446,0.7788082533367559,0.7730540187117766,1.099570575571037,0.8526884064669881,0.947431562741098,1,10,0.7317673885718307,0.676716370685086,0.8,0.7788082533367559,0.7788082533367559,1,False,False,False,True,1e-07,0.9,-0.8220206734134359
0.2479018680510298,0.0387232821204244,2.813212583567453,0.1993769559364869,0.0739121822868864,0.3568146850569084,,3,1,0.1,30058509.18749697,1.933318977288469,0.9496850455733656,1.551689711400763,1.6223177119418692,1.8025752354909657,1,10,1.6520203827076096,1.1097366316927406,0.8,1.933318977288469,1.933318977288469,1,False,False,False,True,1e-07,0.9,-1.072531749330169
0.4355103695533792,0.0349852776882,11.90425501940319,0.8404144293014175,-0.0559291838375126,0.9330508027178516,,3,1,0.1,64610634.40744504,0.4325629682892822,1.0660452462007275,1.2870448007495296,0.064577702927237,0.0717530032524856,1,10,0.8290409125221038,1.4081628054032145,0.8,0.4325629682892822,0.4325629682892822,1,False,False,False,True,1e-07,0.9,-6.028500438141515
0.3152031383301176,0.0348342431132499,3.995179783637037,1.852156255572312,2.1758795969788625,0.3456068848916653,,3,1,0.1,2901246.5000791,0.1898555544990466,1.805831756787985,1.503662953337909,1.7041147886336698,1.893460876259633,1,10,1.6979810651264424,0.7960775497199819,0.8,0.1898555544990466,0.1898555544990466,1,False,False,False,True,1e-07,0.9,-0.100269076517517
0.1992267544851474,0.0152645854996449,10.57535581012396,0.5383986847995789,0.0182763312328145,0.6701092597293633,,3,1,0.1,18842649.122248925,0.6216014846057576,1.5886476606625943,0.5301756261269629,0.4430645628796157,0.4922939587551285,1,10,0.8375931139683437,0.9104075035876243,0.8,0.6216014846057576,0.6216014846057576,1,False,False,False,True,1e-07,0.9,-1.2626633654773252
0.2638471823800715,0.028671117037598,4.729974915857106,0.3389209291172809,0.0535512864525655,0.4922580437770811,,3,1,0.1,19284941.240438137,0.9791772816574328,1.177566813882574,0.7841151992520623,0.9283093824010004,1.031454869334445,1,10,1.3265077253874038,1.173131656962663,0.8,0.9791772816574328,0.9791772816574328,1,False,False,False,True,1e-07,0.9,-0.9493167453918594
0.2334085177641114,0.0374560231568766,2.0552622275556667,0.2069429336539074,0.0610340426527932,0.4081884858155762,,3,1,0.1,31685357.68623228,1.8751757644887783,1.5039807080069592,1.87454926269237,1.30486376092105,1.4498486232456111,1,10,1.5666608353819866,0.9841970237767034,0.8,1.8751757644887783,1.8751757644887783,1,False,False,False,True,1e-07,0.9,-1.2933598183571826
0.1114818741522251,0.0168641971088684,3.575142131709307,0.2945213497469901,0.100136428347565,0.3811102666884381,,3,1,0.1,20741547.91848725,1.283672979761698,1.689169878317898,1.222021918171994,1.4615212673757745,1.623912519306416,1,10,0.91495696095443,0.5052320233960073,0.8,1.283672979761698,1.283672979761698,1,False,False,False,True,1e-07,0.9,-0.7904816872015137
0.3091239512610507,0.0505433243904392,5.060052104233074,0.2436750433209589,0.0706265961710961,0.4308001365894114,,3,1,0.1,26535400.38933148,1.5103944776522786,0.7737217475834649,1.586127426617882,1.1891358278694677,1.3212620309660752,1,10,1.808818268401278,1.5300161362580664,0.8,1.5103944776522786,1.5103944776522786,1,False,False,False,True,1e-07,0.9,-1.1431454119569016
0.3566070464489555,0.0437851776223332,6.129790699295211,0.3119720610956802,-0.0240327844714174,0.8621448553722976,,3,1,0.1,69118879.43514831,0.9528392178427272,0.9986635646834444,1.956440880159166,0.1439081024398801,0.1598978915998667,1,10,1.080423905110975,1.59848496380742,0.8,0.9528392178427272,0.9528392178427272,1,False,False,False,True,1e-07,0.9,-5.959048637808572
0.2608654782698237,0.0181207959376886,3.021965333282089,0.2162684157329553,0.022781865582116,0.4727866056529856,,3,1,0.1,25695617.56696697,1.3547072414888262,1.5527139582711702,0.690353510054775,1.003607228375203,1.1151191426391145,1,10,1.9086544939523813,1.4604832276131965,0.8,1.3547072414888262,1.3547072414888262,1,False,False,False,True,1e-07,0.9,-1.2148543820648712
0.1432228601795542,0.0146575489224667,2.5542370818281888,0.1886030130449662,0.0101315703197225,0.6330149641825509,,3,1,0.1,54261503.26295534,1.9913157766434493,1.795564372747567,1.4483297860171624,0.5217673371469544,0.5797414857188382,1,10,1.639490673601993,0.6259821738519906,0.8,1.9913157766434493,1.9913157766434493,1,False,False,False,True,1e-07,0.9,-3.434834361225568
0.2215743515390542,0.0172615698410499,3.739195021350462,0.2012040518714248,0.0211292910897679,0.4799707754948606,,3,1,0.1,31471818.19700186,1.6366263584591425,0.896842631928109,0.7600580288592289,0.9751141651740772,1.0834601835267523,1,10,0.9217302884846796,1.0328178552403724,0.8,1.6366263584591425,1.6366263584591425,1,False,False,False,True,1e-07,0.9,-1.5105552995906355
0.5904776700284899,0.022068990928738,3.6708100379956,4.291921351967784,3.640221883658804,0.3901947627012872,,3,1,0.1,1629275.8637829258,0.0993540855070058,1.5914922170014796,1.5563683853073986,1.4065404409053874,1.562822712117097,1,10,1.6026420127015797,1.25445552563638,0.8,0.0993540855070058,0.0993540855070058,1,False,False,False,True,1e-07,0.9,-0.0635734908842111
0.2520498367319875,0.0294178448892813,3.1242791403145977,0.2695603872094074,-0.0058637417105689,0.8105117091561718,,3,1,0.1,65680566.31754574,1.2445697002383038,1.4847930653139243,1.7493277793800923,0.2104096212712276,0.2337884680791418,1,10,1.1153301549037462,1.008316924807327,0.8,1.2445697002383038,1.2445697002383038,1,False,False,False,True,1e-07,0.9,-5.323486803780089
0.3456604118204874,0.0340729278360131,5.865806725579229,1.2990692555963756,0.647601698725122,0.4391384777572923,,3,1,0.1,4575196.415192144,0.2566051374446169,1.990425230669696,1.2543219677571102,1.149467413095651,1.2771860145507232,1,10,0.7210691367432408,0.97209038807188,0.8,0.2566051374446169,0.2566051374446169,1,False,False,False,True,1e-07,0.9,-0.2009144793175619
0.8174185774352412,1.7371817611992646e-06,5.214616995183388,11.628122379121375,3.7444665497197662,0.7555769768960191,,3,1,0.1,707893.8837193446,0.0173025545898969,1.377315034054038,1.2885505867317992,0.291142699579445,0.3234918884216056,1,10,1.1473541350547634,1.892555949110836,0.8,0.0173025545898969,0.0173025545898969,1,False,False,False,True,1e-07,0.9,-0.0534868320951594
0.2764764881341694,0.0333551243537017,7.30809634130135,0.3120152703922345,0.0861106577713412,0.3990223923152244,,3,1,0.1,18752779.16732056,1.1269999265285469,0.6731734177890862,0.8651415156982698,1.3555125159216814,1.506125017690757,1,10,0.868765789697298,1.2451516920074313,0.8,1.1269999265285469,1.1269999265285469,1,False,False,False,True,1e-07,0.9,-0.7482778826398456
0.1954694562878577,0.0270749143362876,5.769560683504894,0.3060195886896055,0.0434474000870354,0.5348160760446987,,3,1,0.1,27335379.4323413,1.2715977799444855,0.6781321929701096,1.4177237633126327,0.7828215162417441,0.869801684713049,1,10,1.0423136134790223,0.7683241755947856,0.8,1.2715977799444855,1.2715977799444855,1,False,False,False,True,1e-07,0.9,-1.461940036968046
0.3191255069552156,0.041885339578116,9.366744557073774,0.1999523134804632,-0.0025736756707416,0.7349429476744205,,3,1,0.1,55398252.22449741,1.468369597753839,0.5876184229760046,1.849310464416455,0.3245848509028755,0.3606498343365283,1,10,1.794526345184717,1.6209913145257162,0.8,1.468369597753839,1.468369597753839,1,False,False,False,True,1e-07,0.9,-4.071455480610699
0.258594845231115,0.04966663448035,3.9523287088991874,0.3907290879919622,0.0868714203265269,0.5229010536666505,,3,1,0.1,21614175.762097903,1.0312099471364518,1.019976785743733,1.9598482997894544,0.8211669276416305,0.9124076973795894,1,10,1.4986528622735358,0.948985442591666,0.8,1.0312099471364518,1.0312099471364518,1,False,False,False,True,1e-07,0.9,-1.1302075302729848
0.1128863856947358,0.0059672093388903,3.678056319220252,0.2130929959760671,0.0145758446568213,0.4813814587506703,,3,1,0.1,32105909.603993315,1.665071835513356,1.6738759142406263,0.5654067409773168,0.9696191630142356,1.0773546255713728,1,10,0.8370709441003465,0.5487999705285134,0.8,1.665071835513356,1.665071835513356,1,False,False,False,True,1e-07,0.9,-1.5455189614445404
0.5168932996510205,0.0668935454806336,4.136784333475632,1.424204137939458,0.3060940471295341,0.6116273364979551,,3,1,0.1,7051233.79185895,0.2738506177213167,1.645237604351088,1.5369731758686316,0.5714842622195468,0.6349825135772743,1,10,1.637443038863319,1.5493309447031345,0.8,0.2738506177213167,0.2738506177213167,1,False,False,False,True,1e-07,0.9,-0.431272734683035
0.1277479794901831,0.0122960835188816,16.806278720763704,0.5934453994152153,0.1285641999121998,0.542117228941617,,3,1,0.1,8053542.4607029585,0.3687577971562785,1.9182837830896864,0.5530157858641791,0.7601575304239689,0.8446194782488543,1,10,1.5534141160213262,0.623819411891071,0.8,0.3687577971562785,0.3687577971562785,1,False,False,False,True,1e-07,0.9,-0.4365964123827717
0.3644630057063021,0.0659586607036622,10.633928648711546,0.6957447505392981,0.4726726318573601,0.3404766617834588,,3,1,0.1,9305987.722078722,0.6137515475039487,0.6178746063867004,1.1288744294179016,1.7433529842711943,1.9370588714124384,1,10,1.9772993362161693,1.3018225160199464,0.8,0.6137515475039487,0.6137515475039487,1,False,False,False,True,1e-07,0.9,-0.3168471634687986
0.1780206563422662,0.0159688146015,2.448860178016365,0.1907051441367614,0.0045621285660607,0.6955484117027644,,3,1,0.1,60349719.39913462,1.8373566093670548,1.8965419516391693,1.3195297052083337,0.3939430021797042,0.437714446866338,1,10,1.228947634969244,0.7706166135970495,0.8,1.8373566093670548,1.8373566093670548,1,False,False,False,True,1e-07,0.9,-4.197615149000959
0.5411412253282077,0.0720574384631413,10.103442536247416,1.2927842515042425,0.8454098776915848,0.3620068469785906,,3,1,0.1,5446493.2602252085,0.3474825060944348,0.9180208164041256,1.211052948927099,1.5861408216768524,1.7623786907520582,1,10,1.20261553555824,1.9890643534540629,0.8,0.3474825060944348,0.3474825060944348,1,False,False,False,True,1e-07,0.9,-0.1971667852465945
0.3929256179063609,0.0214032831723866,5.459197282455087,3.2165032094364103,1.774906076186518,0.3720190501957691,,3,1,0.1,2384969.9515502825,0.1497715543286948,1.9451395541530487,1.811209347692683,1.519230949400009,1.6880343882222322,1,10,0.711351354075654,0.8756408230528323,0.8,0.1497715543286948,0.1497715543286948,1,False,False,False,True,1e-07,0.9,-0.0887254254716833
0.1413137003938184,0.0263690998969327,4.49396152573125,0.5345447982794251,0.0380449352180281,0.7095237778197471,,3,1,0.1,28351450.93506893,0.8235421548318184,1.3580348878261022,1.9067560923766007,0.3684564325180983,0.4093960361312203,1,10,1.7515465047588443,0.5482998510141979,0.8,0.8235421548318184,0.8235421548318184,1,False,False,False,True,1e-07,0.9,-2.0116028600776947
0.2104723580117667,0.0512527926464519,4.150926961843159,0.697350113571495,0.5020921860305155,0.3841083501881864,,3,1,0.1,9526672.342347138,0.5867397355506029,1.086800068098289,1.5961002616845743,1.4430888694793091,1.6034320771992323,1,10,1.808903139015396,0.7149828400414631,0.8,0.5867397355506029,0.5867397355506029,1,False,False,False,True,1e-07,0.9,-0.365927439377073
0.2045920164861618,0.0338413026683422,2.5000119895096264,0.2791544086158434,0.092247062293665,0.4007091513847545,,3,1,0.1,23611109.16081979,1.4149920228591946,1.8945594612141543,1.7193435472368714,1.346018082915792,1.4955756476842132,1,10,1.0965417873493633,0.81644104629256,0.8,1.4149920228591946,1.4149920228591946,1,False,False,False,True,1e-07,0.9,-0.9461187513646708
0.3955901753759826,0.032514748718005,11.095322034003743,0.6261222241067296,0.0405800721915363,0.6189310603702955,,3,1,0.1,13746410.534090532,0.523832956269175,1.452340370698034,0.7047239695490272,0.5541199458652887,0.6156888287392096,1,10,1.965563418442896,1.8590049914655664,0.8,0.523832956269175,0.523832956269175,1,False,False,False,True,1e-07,0.9,-0.850808044909896
0.1644195356117272,0.0078739066448263,4.622244200783634,0.2837818376071198,0.0074981740155888,0.6290670008145758,,3,1,0.1,32274097.45745403,1.1971526564312085,1.641055493127717,0.5033374437640545,0.5306902107956615,0.5896557897729572,1,10,1.1496346554872083,0.7541736897516316,0.8,1.1971526564312085,1.1971526564312085,1,False,False,False,True,1e-07,0.9,-2.0302569684042773
0.2350036104615726,0.0280141238194924,5.009479578336294,0.4376416101536772,0.0997231703234693,0.4577641625135392,,3,1,0.1,14545882.527999764,0.7887297998763012,1.707167631413426,0.9953722429973262,1.0660778927257786,1.1845309919175318,1,10,0.5735422447970657,0.9310466391072404,0.8,0.7887297998763012,0.7887297998763012,1,False,False,False,True,1e-07,0.9,-0.6658583727492656
0.2825602965485735,0.0193534481677006,2.4451295367484174,0.1653333453554438,-0.0088398365546766,0.9269744703515568,,3,1,0.1,217346969.79072985,1.587187601295553,1.6062862916506253,1.1535877440095108,0.0709005250799123,0.0787783611999025,1,10,0.831359004684088,1.6470199988987986,0.8,1.587187601295553,1.587187601295553,1,False,False,False,True,1e-07,0.9,-20.14750923780674
0.329751929026648,0.0383726086372962,5.012353006236508,0.3297026069118334,0.0560664977686093,0.4961439851627655,,3,1,0.1,19180496.335014854,0.96642074880193,1.2317025373549233,0.882204445844623,0.9139895411706848,1.0155439346340942,1,10,1.3679192603001455,1.811930716823388,0.8,0.96642074880193,0.96642074880193,1,False,False,False,True,1e-07,0.9,-0.9516287897403586
0.2671258565384882,0.0363925524408429,2.5822818495460536,0.2113196560604607,0.0369501806630265,0.4857233930704879,,3,1,0.1,33129831.529707924,1.7037895670300842,1.2574981453779683,1.986138595395044,0.9529064336610864,1.058784926290096,1,10,1.063763524839524,1.1899815780146976,0.8,1.7037895670300842,1.7037895670300842,1,False,False,False,True,1e-07,0.9,-1.609193420781871
0.1085564235980566,0.0053360908470124,4.477247466473064,0.2747064969728218,0.0028932978052026,0.7495767126869042,,3,1,0.1,55662427.34005895,1.39391666599587,1.858958296306518,0.6208235072721011,0.3006776421507203,0.3340862690563559,1,10,1.4339027804070272,0.5248194913779762,0.8,1.39391666599587,1.39391666599587,1,False,False,False,True,1e-07,0.9,-4.172325936425724
0.3024753014490402,0.0502093692344594,3.453565698615295,0.2204320359177532,0.0560612068966332,0.4539387770540591,,3,1,0.1,30612029.0431429,1.6716040340472815,0.9425135081993362,1.9072671980200664,1.0826462190358763,1.202940243373196,1,10,1.823332309916703,1.4512038241628968,0.8,1.6716040340472815,1.6716040340472815,1,False,False,False,True,1e-07,0.9,-1.3895987023597252
0.1593874785847938,0.0147041275667561,6.507238505021124,0.2927753642935097,0.0971853057668797,0.3642439256768783,,3,1,0.1,13373548.794715988,0.8502314036604653,1.7912866132665668,0.5522633622266795,1.5708716784432866,1.745412976048096,1,10,1.500755606946928,0.7327622337484383,0.8,0.8502314036604653,0.8502314036604653,1,False,False,False,True,1e-07,0.9,-0.4871233916277342
0.2601577189071918,0.0270177751030443,2.193811853719532,0.1811621589786121,0.0489931072598582,0.3593659786294019,,3,1,0.1,27667357.04345397,1.7724648417304514,1.5279304922403822,0.9470388292964068,1.6044106941690492,1.7826785490767214,1,10,1.6275024664558178,1.418925559757858,0.8,1.7724648417304514,1.7724648417304514,1,False,False,False,True,1e-07,0.9,-0.9942706832339036
0.2896460621585848,0.0251997827456929,2.455072818168154,0.1460913445906572,-0.0032113460471178,0.7661315221209879,,3,1,0.1,79132782.31652662,1.8506661506387063,1.374837322189938,1.3694516179417842,0.2747330243094625,0.3052589158994028,1,10,1.4724377022487858,1.7141218057012662,0.8,1.8506661506387063,1.8506661506387063,1,False,False,False,True,1e-07,0.9,-6.062611898665076
0.3006739419178033,0.0283501323944747,4.472682706148991,0.1824091377746654,0.0027380304258937,0.6741672763010098,,3,1,0.1,47506853.84545312,1.54792860477156,0.9755163551649576,1.1702374302426222,0.43498025139707,0.4833113904411888,1,10,1.4152328423506382,1.820010564823276,0.8,1.54792860477156,1.54792860477156,1,False,False,False,True,1e-07,0.9,-3.2027566289124696
0.327103193222134,0.046812993812275,2.3966419604781137,0.2391274517829817,0.0635947472733621,0.4262477245406891,,3,1,0.1,25713940.67910013,1.4753430515154766,1.6226943324973262,1.6698712756640748,1.2114482217349338,1.346053579705482,1,10,1.0015348491263028,1.9061594015274164,0.8,1.4753430515154766,1.4753430515154766,1,False,False,False,True,1e-07,0.9,-1.0960508714464314
0.233620594664809,0.0342473135744788,3.9747343367865287,0.3334076795265625,0.1581982926191651,0.3532533993685219,,3,1,0.1,14923625.458251422,0.9651803074105108,1.4040593226574891,0.8633254420703825,1.647746183359725,1.830829092621916,1,10,1.3947527228186476,0.9814567462308144,0.8,0.9651803074105108,0.9651803074105108,1,False,False,False,True,1e-07,0.9,-0.5271821426795846
0.4210627131431967,0.0677242693859431,16.752590415623143,1.0288332216800724,0.630224174521185,0.3437491576094944,,3,1,0.1,7398637.181416588,0.4855361400836919,0.5221371788185704,1.5937662690456422,1.718188234289194,1.9090980380991045,1,10,0.9115479890694804,1.3696995064233777,0.8,0.4855361400836919,0.4855361400836919,1,False,False,False,True,1e-07,0.9,-0.2543275300417552
0.4466074220669394,0.0355245222530884,10.163733300892408,1.102130942148278,-0.0411704738493005,0.8579051872724087,,3,1,0.1,23823239.017284013,0.3385158349741438,1.609380979718916,0.9566503352052784,0.1490669754095158,0.1656299726772398,1,10,1.7065801485205716,1.5511749262633177,0.8,0.3385158349741438,0.3385158349741438,1,False,False,False,True,1e-07,0.9,-2.043808033980584
0.2725149871367818,0.0239422620621312,13.520459058466388,0.6907980745638245,0.2926801662247554,0.4067446793515575,,3,1,0.1,6490050.765065371,0.3850256762851438,0.9971025824919938,0.5628337596693136,1.3126902838281802,1.458544759809089,1,10,1.1854192469603415,0.9196731838002338,0.8,0.3850256762851438,0.3850256762851438,1,False,False,False,True,1e-07,0.9,-0.2639793617565141
0.5294845661048478,0.0457253953527133,4.991255543531454,1.805189988187065,0.44921054541235,0.6122442176388221,,3,1,0.1,4957477.663429342,0.1922290441105697,1.6393019133307725,1.170728169141665,0.5700016334510033,0.6333351482788925,1,10,1.9717993937784537,1.4604420112103678,0.8,0.1922290441105697,0.1922290441105697,1,False,False,False,True,1e-07,0.9,-0.3035187038898164
0.1527902662783879,0.0127577090790317,2.7110488218876805,0.1983069413812785,-0.0028591903520125,0.8853106020156682,,3,1,0.1,159826140.24991143,1.8330361973798128,1.87222390464428,1.4613716908789218,0.1165923665105637,0.1295470739006263,1,10,1.2161416997352918,0.6548770487011722,0.8,1.8330361973798128,1.8330361973798128,1,False,False,False,True,1e-07,0.9,-14.149577643795547
0.1976842965795954,0.0144867111669227,12.614432482035827,1.6091550809366733,0.4039603503370917,0.4884917639025566,,3,1,0.1,4834410.926736997,0.2472840757623571,0.8139619683840117,0.633034430478609,0.9424056790843462,1.047117421204829,1,10,0.8266683084913575,0.5977619684676052,0.8,0.2472840757623571,0.2472840757623571,1,False,False,False,True,1e-07,0.9,-0.2361569920269647
0.3475820125025416,0.052534120648561,9.6540748796387,0.2531608408275835,0.040035302523167,0.5309629477702955,,3,1,0.1,28284672.060831346,1.326655789449292,0.659616761914677,1.7689598514582023,0.7950335306435669,0.8833705896039632,1,10,1.3479578597162358,1.9646494397499068,0.8,1.326655789449292,1.326655789449292,1,False,False,False,True,1e-07,0.9,-1.501811287049576
0.7341012589417114,0.011077984258994,12.409884321337826,5.930125018490341,4.06354797108467,0.4471477338249146,,3,1,0.1,1263085.4400572649,0.0698299578098869,0.5550126855644343,1.5968149802424008,1.1127576009418054,1.2363973343797838,1,10,1.4230162074201258,1.6276612144154818,0.8,0.0698299578098869,0.0698299578098869,1,False,False,False,True,1e-07,0.9,-0.0564785792165361
0.3164805306911347,0.0639400553912766,2.859190626011836,0.3623932981235952,0.1866574084436082,0.3702539689375921,,3,1,0.1,17698837.60674132,1.1145771628539338,1.3014750372409825,1.4952230939626607,1.5307639498975874,1.7008488332195415,1,10,1.945268905570943,1.3607623357193608,0.8,1.1145771628539338,1.1145771628539338,1,False,False,False,True,1e-07,0.9,-0.6553064872919152
0.1971651071815261,0.0334949825713451,2.4550436443810626,0.2508159816606834,0.0865086008025446,0.389988452314027,,3,1,0.1,26254540.236704607,1.601557114711043,1.5375425148514354,1.7926151395387755,1.407760639218365,1.5641784880204057,1,10,1.2682374155034557,0.7921198047845436,0.8,1.601557114711043,1.601557114711043,1,False,False,False,True,1e-07,0.9,-1.0238967529170249
0.3955527800523824,0.056150560539369,14.735495130120324,0.6365437917731686,0.3132599991205607,0.3611202082241957,,3,1,0.1,9967073.226047354,0.6367761039949466,0.6232671134797263,1.0028232116877234,1.5922449076603589,1.7691610085115097,1,10,0.8544816084891308,1.6008065524049189,0.8,0.6367761039949466,0.6367761039949466,1,False,False,False,True,1e-07,0.9,-0.3599311564119938
0.3254143540248872,0.0270420147603908,13.26517685656553,0.4925156563003798,0.2416004558131863,0.3552347374536688,,3,1,0.1,7643991.457623346,0.4928579675318662,1.0932780987859667,0.535775090901072,1.6335360118529554,1.8150400131699505,1,10,1.498946073417876,1.2684804777680598,0.8,0.4928579675318662,0.4928579675318662,1,False,False,False,True,1e-07,0.9,-0.2715411303560692
0.2562361244129722,0.0532028812871183,4.040816439392043,0.6453712986738673,0.1212173944938068,0.5905823494954123,,3,1,0.1,16284408.680795394,0.6667123689800705,1.3220397849353975,1.9557666365156463,0.6239195698431402,0.693243966492378,1,10,1.8012019377156847,0.840849399610046,0.8,0.6667123689800705,0.6667123689800705,1,False,False,False,True,1e-07,0.9,-0.9617284359858006
0.2461147766279738,0.044198814402896,3.0856348976905497,0.3604105376412323,0.0664997353640747,0.542053525775517,,3,1,0.1,23385338.92899145,1.0709232432778142,1.429914147520108,1.628715572795072,0.7603526353091575,0.8448362614546194,1,10,1.83374094928154,0.937365199823022,0.8,1.0709232432778142,1.0709232432778142,1,False,False,False,True,1e-07,0.9,-1.2676105409186007
0.2454117204573668,0.0162884977101161,11.048820838819342,1.8672247476195352,0.3827673787557419,0.5299371661529377,,3,1,0.1,4747080.768077847,0.2231426011383508,0.9270623075339596,0.7160503970101767,0.7983145502579517,0.8870161669532797,1,10,0.6604795475126388,0.6795412893895998,0.8,0.2231426011383508,0.2231426011383508,1,False,False,False,True,1e-07,0.9,-0.2515654525430584
0.505549968067359,0.076914500185315,5.620922066184042,1.2448763012137527,0.5390326073426159,0.4770961925505531,,3,1,0.1,6505438.938983074,0.3401718454899853,1.1571711141872636,1.363373817303546,0.9864120360898416,1.0960133734331574,1,10,1.9449085985790944,1.6500729894355612,0.8,0.3401718454899853,0.3401718454899853,1,False,False,False,True,1e-07,0.9,-0.3103720152990596
0.2628907956754666,0.0147340184442511,6.1720781364586506,0.3719741721628588,-0.0032325135593617,0.7776707437111237,,3,1,0.1,36536961.85032871,0.8123234750475248,1.8505426745993576,0.5266089314442035,0.2573021195385451,0.2858912439317168,1,10,0.9063814343986922,1.3947668883430753,0.8,0.8123234750475248,0.8123234750475248,1,False,False,False,True,1e-07,0.9,-2.841372632153402
0.3056069674033295,0.0469118862897754,5.973570356901741,0.6394016600338717,0.6132535210496599,0.3468640815244292,,3,1,0.1,6488740.783762834,0.4238029250857174,1.5873174365321083,0.9590576600726968,1.6946762664055603,1.882973629339512,1,10,1.9194112469326967,1.035011491646872,0.8,0.4238029250857174,0.4238029250857174,1,False,False,False,True,1e-07,0.9,-0.2250711113860191
0.1418585716210889,0.0137585095005032,3.6309613826996414,0.2000305060120521,-0.0005224015679832,0.8326655773318945,,3,1,0.1,112788514.14238296,1.8873399024687487,0.9955852393975608,1.9069913323397905,0.1808661057946755,0.2009623397718616,1,10,1.1405133543223864,0.6003136255135962,0.8,1.8873399024687487,1.8873399024687487,1,False,False,False,True,1e-07,0.9,-9.391511331652003
0.1996133055194315,0.0405293833458814,3.3430513038576626,0.3199364320795541,0.1517727769973071,0.3694848429370455,,3,1,0.1,20485849.224991992,1.291663715675072,1.0345514053737452,1.83924601160308,1.535823869920818,1.7064709665786866,1,10,1.28702300841609,0.7717910993460175,0.8,1.291663715675072,1.291663715675072,1,False,False,False,True,1e-07,0.9,-0.7569210787284052
0.2625652400661856,0.0119417331751032,2.4946816798704536,0.157210040909394,0.0147577474679757,0.415148045501496,,3,1,0.1,29466413.32382984,1.7233487711814814,1.6475059125182152,0.5503272271941805,1.267901330025066,1.4087792555834064,1,10,1.3549278015472628,1.8360595028628743,0.8,1.7233487711814814,1.7233487711814814,1,False,False,False,True,1e-07,0.9,-1.223292390689471
0.4713118965546033,0.0469292870517327,8.426753251297276,0.939702630422883,0.5592676333318918,0.3526025210223496,,3,1,0.1,5689402.4133815775,0.3683304416651771,1.3449280307631075,0.9816961388111424,1.6524491356173647,1.8360545951304053,1,10,0.6199899537467402,1.6939537026629112,0.8,0.3683304416651771,0.3683304416651771,1,False,False,False,True,1e-07,0.9,-0.200609763715692
0.2446272357695082,0.0269496806825273,6.422244805114721,1.6256875173433023,0.2260369783417098,0.6304585762375474,,3,1,0.1,7810168.438309024,0.2886180479268427,1.469911522087378,1.3201914106564847,0.5275323295164331,0.5861470327960367,1,10,0.8773048066994619,0.696746348153421,0.8,0.2886180479268427,0.2886180479268427,1,False,False,False,True,1e-07,0.9,-0.4923987679539764
0.3006136840475243,0.0388770432514244,2.2328711277360256,0.177664754784788,0.0484728395925024,0.3879406380260504,,3,1,0.1,32609047.02787677,1.995867056559676,1.408923173088866,1.6875619403897557,1.4199425679646496,1.577713964405166,1,10,1.0575924508667762,1.7741142746372067,0.8,1.995867056559676,1.995867056559676,1,False,False,False,True,1e-07,0.9,-1.265037453667255
0.3512294549846478,0.0575866091678214,6.483579680281666,0.3284801431443616,0.0671273672351697,0.5116893276546076,,3,1,0.1,22336202.97169701,1.0907005197698083,0.812127348539879,1.4770401178617134,0.858879756443745,0.95431084049305,1,10,1.7914007014449385,1.7145056294352428,0.8,1.0907005197698083,1.0907005197698083,1,False,False,False,True,1e-07,0.9,-1.1429196678477882
0.2618290618324017,0.0187307873471002,2.548660578699298,0.1545240639990185,0.0105860378884903,0.5326714299097826,,3,1,0.1,40371863.91034634,1.886692358859318,1.2925608080406132,0.898821285312646,0.7895969062061973,0.8773298957846636,1,10,1.6829481544922158,1.533107987395686,0.8,1.886692358859318,1.886692358859318,1,False,False,False,True,1e-07,0.9,-2.150493852533248
0.3132436043107622,0.0352341637875382,5.536658953651906,0.3293245215021556,0.136773615182228,0.3439335625360867,,3,1,0.1,13975838.600081058,0.9169077740640011,1.1767468256393032,0.6791106349011613,1.7167844550081346,1.907538283342372,1,10,1.084581305704147,1.6771643156823148,0.8,0.9169077740640011,0.9169077740640011,1,False,False,False,True,1e-07,0.9,-0.4806759967869063
0.2450979710485867,0.0348312629013268,2.557095443145147,0.2119690070199998,0.0772442888531446,0.3507273791194824,,3,1,0.1,26620843.809835978,1.7284183311012726,1.1425207458064384,1.2208605687880048,1.6660956445986408,1.8512173828873784,1,10,1.538870813276877,1.118324143028952,0.8,1.7284183311012726,1.7284183311012726,1,False,False,False,True,1e-07,0.9,-0.933665878421722
0.5981488907851755,0.0558264833295881,5.520739383382571,2.6387459952359,1.669932145484387,0.410579392060012,,3,1,0.1,3091693.1234690817,0.1822307455663586,1.0558431680872138,1.7814252614462815,1.2920242891013205,1.4355825434459115,1,10,1.3162865999796314,1.6152324023530793,0.8,0.1822307455663586,0.1822307455663586,1,False,False,False,True,1e-07,0.9,-0.1269385481325331
0.2673291772058935,0.0368073227972421,1.997176553192747,0.2263171157953537,0.0390658994602013,0.4928620201860972,,3,1,0.1,31188160.70717315,1.5816699245741308,1.999132394943826,1.843130435291781,0.926068885689698,1.0289654285441088,1,10,1.1071119318722196,1.1819867765595244,0.8,1.5816699245741308,1.5816699245741308,1,False,False,False,True,1e-07,0.9,-1.5371459903944884
0.4226844051451534,0.0559557721118515,12.18179691378488,1.09765310822633,0.2895188389433141,0.5234902984645315,,3,1,0.1,7973347.828181893,0.3799377222725246,0.6588726549058872,1.1075623050959884,0.8192295686086691,0.9102550762318544,1,10,1.3446146956506335,1.296749896879339,0.8,0.3799377222725246,0.3799377222725246,1,False,False,False,True,1e-07,0.9,-0.4173970244023351
0.3738999892044194,0.0605921556620314,5.554316080043531,0.3695034460216993,0.0892044602087675,0.4864516296451956,,3,1,0.1,19434824.05521979,0.9980721220819068,1.0098669153829851,1.5240136981296926,0.9501325623195778,1.055702847021753,1,10,1.230908899620903,1.896226584427373,0.8,0.9980721220819068,0.9980721220819068,1,False,False,False,True,1e-07,0.9,-0.9454101830877734
0.3200237380910355,0.0204470115915935,21.93468076278128,0.4342695818385245,-0.0217020735842422,0.9547986049605872,,3,1,0.1,162024731.5734543,0.7323743169260559,0.5416567009271391,0.7961265322076769,0.0426071585401518,0.0473412872668353,1,10,0.5078730387865096,1.363871627524827,0.8,0.7323743169260559,0.7323743169260559,1,False,False,False,True,1e-07,0.9,-15.470098775209
0.2793993363942155,0.0150609218793224,3.0541825718614484,0.1740297756912564,-0.0062245550716126,0.8842392823051693,,3,1,0.1,128646463.56481694,1.4892205472025508,1.4665576481614768,0.8095728737730005,0.1178240415351637,0.1309156017057374,1,10,1.7861907703655735,1.837375488222788,0.8,1.4892205472025508,1.4892205472025508,1,False,False,False,True,1e-07,0.9,-11.375425669065535
0.2714616884697713,0.0195024637833707,4.655861560654136,0.1420265846089502,-0.0031423526168156,0.793205563564185,,3,1,0.1,93407548.91287692,1.931615949958126,0.8102420364151379,1.452899662947798,0.2346365196380437,0.2607072440422708,1,10,0.736816377692358,1.4890200570723968,0.8,1.931615949958126,1.931615949958126,1,False,False,False,True,1e-07,0.9,-7.409138745705627
0.3744130039454921,0.0528722177176529,12.674163982042352,0.6864098993600493,0.0413847772448369,0.6768376608184807,,3,1,0.1,17815497.986197084,0.5757297428392795,0.6267670833819152,1.3910775358027745,0.429713241594233,0.4774591573269255,1,10,1.3550679737530122,1.2473373633250613,0.8,0.5757297428392795,0.5757297428392795,1,False,False,False,True,1e-07,0.9,-1.2058199985848013
0.324059953731086,0.0355375145815895,4.473002428087833,0.2270394940350281,-0.0140781675602608,0.8435478517024235,,3,1,0.1,78242049.6603986,1.2241135536826038,1.0774240673020046,1.3627559671182277,0.1669222832867708,0.1854692036519675,1,10,1.8472999617517103,1.7456984146742351,0.8,1.2241135536826038,1.2241135536826038,1,False,False,False,True,1e-07,0.9,-6.600091292735613
0.5772035387235164,0.0091615317315743,35.86117968183272,2.262386661694006,-0.0303314193497493,0.9316578588707068,,3,1,0.1,20928688.37438508,0.1430311232559336,0.8703402974414245,0.5219723158762365,0.0660198660170373,0.073355406685597,1,10,1.60327122508505,1.5148597445603331,0.8,0.1430311232559336,0.1430311232559336,1,False,False,False,True,1e-07,0.9,-1.949837701426435
0.3343359542887111,0.0513507187521545,4.294831330194348,0.4007988807171072,0.186817448379375,0.3653468427320001,,3,1,0.1,14137680.19103984,0.897252249700162,1.2615829971480437,1.0149103662530925,1.5634125568732349,1.737125063192483,1,10,1.0667943525520205,1.554221840199853,0.8,0.897252249700162,0.897252249700162,1,False,False,False,True,1e-07,0.9,-0.5165156835492429
0.1291220224873528,0.015675005382267,3.3623666633913434,0.2123329217097139,0.0559740650642769,0.3600235475055344,,3,1,0.1,30708963.82255684,1.965301176381048,1.122330484043244,1.8422323380986567,1.5998364863513963,1.7775960959459958,1,10,0.6871002650951921,0.5582451115565153,0.8,1.965301176381048,1.965301176381048,1,False,False,False,True,1e-07,0.9,-1.1055950096837253
0.2787573058149308,0.0182943510751401,16.697267801940946,1.109471463855249,-0.0044488751637562,0.8196502868049407,,3,1,0.1,20421716.74975697,0.3683050398857838,1.425030660321535,0.622673033881098,0.1980292625874244,0.2200325139860271,1,10,1.32775602751637,1.0020693786438988,0.8,0.3683050398857838,0.3683050398857838,1,False,False,False,True,1e-07,0.9,-1.6738666029134062
0.1905370998671499,0.0163808433450549,4.750007784374343,0.2886798426900392,0.0588408925948445,0.4105313834552441,,3,1,0.1,17050238.91736779,1.0050579725134228,1.818443481012877,0.5963209346708893,1.292280630107095,1.4358673667856612,1,10,1.4640063461624586,0.8767222823999342,0.8,1.0050579725134228,1.0050579725134228,1,False,False,False,True,1e-07,0.9,-0.6999658159716711
0.5954101961083281,0.002637931230801,14.04844578894517,-12.651487785674682,3.5802773210889587,0.33604975626891,,3,1,0.1,898974.4948645155,0.0596874274982036,1.902322978764084,0.573779242445181,1.7781748333714371,1.9757498148571528,1,10,0.9468899974587852,1.174655826780323,0.8,0.0596874274982036,0.0596874274982036,1,False,False,False,True,1e-07,0.9,-0.0302100159737389
0.1749039410489234,0.019371938798284,3.599384549187898,0.1958287408810348,0.0128000636957822,0.6128163121138663,,3,1,0.1,48458696.28697873,1.876241486991704,0.8261555477346527,1.445616891830528,0.5686293138893675,0.6318103487659639,1,10,1.568233315226561,0.7343226982037105,0.8,1.876241486991704,1.876241486991704,1,False,False,False,True,1e-07,0.9,-2.969627956048014
0.3043910550077023,0.0266613197727623,4.168765732876153,0.3079917161476705,-0.0094964386294077,0.8205856710868248,,3,1,0.1,55949434.68850078,1.0038129284293078,1.51181767729072,1.646322017044492,0.1967776208034376,0.2186418008927085,1,10,0.5634281936549987,1.349403745859323,0.8,1.0038129284293078,1.0038129284293078,1,False,False,False,True,1e-07,0.9,-4.591130445834509
0.3226973171008713,0.0176714309885133,11.525215115820371,2.230097923141993,0.2239746473596845,0.6421183935472766,,3,1,0.1,5686038.052975035,0.2034928229676365,0.9071748060798248,0.8347722856815332,0.501610682771598,0.5573452030795534,1,10,0.5525957623136132,0.8092721985519897,0.8,0.2034928229676365,0.2034928229676365,1,False,False,False,True,1e-07,0.9,-0.3651109620977092
0.3416909587519351,0.0313515235176999,11.003477174791268,0.459815585657395,0.1150807588593342,0.4307710876670946,,3,1,0.1,11448250.340679364,0.6516674448332094,0.9923988238139856,0.5759238190679311,1.189276708133047,1.3214185645922747,1,10,1.1194906472739934,1.6307253717117247,0.8,0.6516674448332094,0.6516674448332094,1,False,False,False,True,1e-07,0.9,-0.4931575259055231
0.3518980906439158,0.0007540657785338,6.060367167993808,12.712279980815724,2.975027357906308,0.5900413663650097,,3,1,0.1,1064177.9687934855,0.0436268902297017,1.3576607438259494,1.4998932890324788,0.6253167850662941,0.6947964278514378,1,10,0.8988611711084998,0.663904448985983,0.8,0.0436268902297017,0.0436268902297017,1,False,False,False,True,1e-07,0.9,-0.0627909022608262
0.2562521964142829,0.0408764519916151,3.076587841756988,0.2832088768683936,0.0145418335487262,0.6741545260314594,,3,1,0.1,38723986.63555399,1.2618034514868055,1.21856607303889,1.918599836987978,0.4350054998488601,0.4833394442765112,1,10,1.9623434353779827,1.0044612692461323,0.8,1.2618034514868055,1.2618034514868055,1,False,False,False,True,1e-07,0.9,-2.610595085108121
0.3408198547531112,0.0335767426504821,9.056478935135493,0.4459372399948796,-0.0037515764210575,0.7590030076595341,,3,1,0.1,31553786.5766593,0.7604366915571564,0.871831181668096,1.2408632228323573,0.2857660521995096,0.3175178357772329,1,10,0.682607126671074,1.3739579697089916,0.8,0.7604366915571564,0.7604366915571564,1,False,False,False,True,1e-07,0.9,-2.394941895907668
0.3441034138222524,0.0409593873712503,5.398725251884856,0.3525169222348255,0.0438530421685665,0.5468262422080146,,3,1,0.1,20781404.86921172,0.9417586396661451,1.1352769211187428,1.1051456134800746,0.7458610259191563,0.8287344732435069,1,10,0.8280557796359679,1.7530617422454609,0.8,0.9417586396661451,0.9417586396661451,1,False,False,False,True,1e-07,0.9,-1.1363817534416627
0.7411527269770665,0.0004628886235641,11.667234368915906,12.566417155705883,8.368373856686253,0.3675643809325221,,3,1,0.1,553362.8701362817,0.0349966354826309,0.7193277287466164,1.5260286466898256,1.54855063952789,1.7206118216976556,1,10,0.7545073585345077,1.5215693971287243,0.8,0.0349966354826309,0.0349966354826309,1,False,False,False,True,1e-07,0.9,-0.0203396481071278
0.3083222769397929,0.0625821569591687,2.6608956493181983,0.4534862026368726,0.1931486042174138,0.4212140635814636,,3,1,0.1,15606175.17204016,0.9032633825474242,1.99031391190424,1.7739527583227088,1.2366807944339642,1.3740897715932934,1,10,1.3347307062951626,1.166104258805034,0.8,0.9032633825474242,0.9032633825474242,1,False,False,False,True,1e-07,0.9,-0.6573540474188995
0.4187393228329059,0.0146203802952277,16.007508668887386,0.7200382159024923,0.4861863652802043,0.4727156547830301,,3,1,0.1,3138613.4548350004,0.1654941575752362,1.7786226779491572,0.5593383614384313,1.0038929447197755,1.115436605244195,1,10,1.963230277533497,1.1487208462718776,0.8,0.1654941575752362,0.1654941575752362,1,False,False,False,True,1e-07,0.9,-0.1483671715152484
0.2328187438559756,0.0281899118799396,4.08882660204142,0.3184971880533179,0.0967612153046701,0.3613936874583123,,3,1,0.1,19417459.317208525,1.2400110861018725,1.0436524070060411,1.352766089176932,1.590358938834031,1.7670654875933676,1,10,0.5227940373792004,0.9385219065068724,0.8,1.2400110861018725,1.2400110861018725,1,False,False,False,True,1e-07,0.9,-0.7017347227984168
0.4347328108266122,0.0851129816906383,7.937878146698899,1.001119373640372,0.6818019381704945,0.3673510987410651,,3,1,0.1,7683439.560446856,0.48609191175165,0.7425554030550787,1.5103538258392275,1.5499722556550275,1.7221913951722527,1,10,1.6491374582997709,1.4379020150443556,0.8,0.48609191175165,0.48609191175165,1,False,False,False,True,1e-07,0.9,-0.2822519969171154
0.2993347268988317,0.0280977806384306,2.9552420065189056,0.1839869227731904,0.0117563880068208,0.5796731015932766,,3,1,0.1,38005538.3000906,1.5974748440892572,1.3249955620086546,1.2709494415704647,0.6525992107038949,0.7251102341154388,1,10,0.8155065328410219,1.832729502116205,0.8,1.5974748440892572,1.5974748440892572,1,False,False,False,True,1e-07,0.9,-2.203078826746253
0.2604234933835465,0.0460407826330246,2.655409667685372,0.324354890058725,0.1185555550842376,0.4130203978126761,,3,1,0.1,19591248.45190133,1.1499662059475018,1.6727407459564232,1.3722898514186497,1.279069132581175,1.4211879250901944,1,10,1.4978531777514354,1.0717435323441822,0.8,1.1499662059475018,1.1499662059475018,1,False,False,False,True,1e-07,0.9,-0.8091585219957036
0.1585951777534089,0.0158860780912262,6.794860297194344,0.4804869642479049,-0.0076334580256341,0.898120392950021,,3,1,0.1,83303250.06858283,0.8486901526840314,1.0993185734884583,0.9815130000860216,0.1020928230387967,0.1134364700431075,1,10,1.8630875012265893,0.6295006767408322,0.8,0.8486901526840314,0.8486901526840314,1,False,False,False,True,1e-07,0.9,-7.481634761999662
0.212262057775845,0.0172705090616439,5.655539848781734,0.1698598172852375,0.0083039091664373,0.6003971141203688,,3,1,0.1,48498742.921272025,1.9380235695642327,0.5864311323092716,1.0480908261068207,0.5990078713462408,0.6655643014958231,1,10,1.939588869825056,0.9665639877372032,0.8,1.9380235695642327,1.9380235695642327,1,False,False,False,True,1e-07,0.9,-2.9118505289586243
0.5236891528274809,0.0592317724123507,6.443855076650008,1.1229724175187228,0.4765299070696041,0.3916149700624211,,3,1,0.1,6648225.941610959,0.4044680729931311,1.669226037956974,1.6898792666004945,1.3981756796900426,1.5535285329889363,1,10,0.6386585541497383,1.989537791806156,0.8,0.4044680729931311,0.4044680729931311,1,False,False,False,True,1e-07,0.9,-0.2603544800440552
0.2552814627235441,3.8287679150114e-05,12.0727443635991,16.83104159073496,7.410701142175498,0.41953018620129,,3,1,0.1,490122.3224153671,0.0284501184887459,0.6111535857763954,0.8071494825622717,1.2452568363416432,1.3836187070462702,1,10,1.425814528714028,0.5240003688607004,0.8,0.0284501184887459,0.0284501184887459,1,False,False,False,True,1e-07,0.9,-0.0205621109261327
0.1328810540575796,0.0117899498924737,4.2892377125686,0.2114128701446223,-0.0056067796990803,0.989307718744715,,3,1,0.1,1676788448.5682092,1.7928691909072194,0.816531536796602,1.6033305371510185,0.0097270575650281,0.0108078417389201,1,10,1.2595570066939072,0.5698817802329205,0.8,1.7928691909072194,1.7928691909072194,1,False,False,False,True,1e-07,0.9,-165.88597552625453
0.5334454862257131,0.0506217274445669,8.2508030480737,1.2118185665717958,0.9421505981979544,0.3500592131699374,,3,1,0.1,4194625.07587923,0.27262576556321,1.2487213758379063,0.9538028959318914,1.6709936094814106,1.856659566090456,1,10,0.9298765517580672,1.8391837256889447,0.8,0.27262576556321,0.27262576556321,1,False,False,False,True,1e-07,0.9,-0.1468367156828062
0.4042240229155167,0.0785731484928168,10.176089590446454,0.5895900453001434,0.2666062945345075,0.4129315789002668,,3,1,0.1,12822068.598263726,0.7527430809368986,0.6572274132705583,1.6179786268476617,1.2795378362606948,1.4217087069563277,1,10,1.345130948591057,1.6249656799350292,0.8,0.7527430809368986,0.7527430809368986,1,False,False,False,True,1e-07,0.9,-0.5294637027459167
0.3166199140830792,0.0304634621911233,3.2413295534304525,0.1691884067496445,-0.0092234061996115,0.8309228225717111,,3,1,0.1,91036507.08598553,1.539219412927706,1.3063781825991203,1.51498289808794,0.1831330847484664,0.2034812052760738,1,10,1.2157598567372776,1.9861033937789327,0.8,1.539219412927706,1.539219412927706,1,False,False,False,True,1e-07,0.9,-7.564431146165593
0.1462909427493078,0.0073950502691273,3.695043518439197,0.20074958338446,0.0066733607748191,0.5988509166057425,,3,1,0.1,44686367.3075135,1.7925893492441776,0.9958484223452612,0.6121333289439752,0.6028782206782879,0.6698646896425421,1,10,0.887934660729415,0.6592464305219569,0.8,1.7925893492441776,1.7925893492441776,1,False,False,False,True,1e-07,0.9,-2.676047202099407
0.1641983562566329,0.0193410248267029,11.17299181406786,0.96041431583553,0.025743584880555,0.7819721739399793,,3,1,0.1,22588785.816317458,0.4924983375823151,0.7396070131989163,1.0370144590289208,0.2509360946507029,0.2788178829452254,1,10,1.3359546887692857,0.5698292926689967,0.8,0.4924983375823151,0.4924983375823151,1,False,False,False,True,1e-07,0.9,-1.7663801963839656
0.3418948778461842,0.0439202025538549,8.34829016093252,0.5387841522977684,0.0674708268516318,0.5762867759955355,,3,1,0.1,16089595.805598415,0.6817373828421109,0.8862078266858152,0.9835654628261548,0.6617224574436052,0.7352471749373392,1,10,1.8206427987213345,1.335095081354302,0.8,0.6817373828421109,0.6817373828421109,1,False,False,False,True,1e-07,0.9,-0.9272221291757424
0.1381830605193748,0.0193359567815331,2.7083701197930234,0.2276444377791011,0.0605210694509699,0.4008150488233453,,3,1,0.1,28473131.81770773,1.7060670392715347,1.8537979612391235,1.470971725846879,1.3454246731555848,1.4949163035062052,1,10,1.088648548824359,0.5982176563844264,0.8,1.7060670392715347,1.7060670392715347,1,False,False,False,True,1e-07,0.9,-1.141245972016491
0.2635251407888311,0.0344613188404696,3.1347558347606994,0.2814294787673014,0.0361986213136654,0.5421427112839711,,3,1,0.1,27572397.919438288,1.262422207836938,1.27551213594395,1.3596124568982495,0.7600794980135508,0.844532775570612,1,10,1.062849909290794,1.112707642976444,0.8,1.262422207836938,1.262422207836938,1,False,False,False,True,1e-07,0.9,-1.4948174548065325
0.2192435421430882,0.0073334571952143,5.168657705122074,0.1548707244854189,0.0060062556059816,0.502735835434443,,3,1,0.1,38632437.97469596,1.9210525090335453,0.6820433051397194,0.5169747276326586,0.8902045896972075,0.9891162107746748,1,10,1.9069276738865408,1.152205022236101,0.8,1.9210525090335453,1.9210525090335453,1,False,False,False,True,1e-07,0.9,-1.9421910997032688
0.2148747780904659,0.0255178084654741,7.9174154233410174,0.837089721033564,0.086980449002391,0.6115268745803385,,3,1,0.1,14345523.616070127,0.5572849837463149,1.1887307837019052,1.6026771011629355,0.5717259983342949,0.6352511092603277,1,10,0.6262793462218363,0.6816624894797084,0.8,0.5572849837463149,0.5572849837463149,1,False,False,False,True,1e-07,0.9,-0.8772673220889037
0.3206563711892499,0.0515692727007635,2.612988408756273,0.2150678867069824,0.0612223960150137,0.4267212158694026,,3,1,0.1,29714363.320495065,1.703461239643208,1.2661043362241728,1.834265838489184,1.2091053515263783,1.3434503905848647,1,10,1.664004678585805,1.7542194037514771,0.8,1.703461239643208,1.703461239643208,1,False,False,False,True,1e-07,0.9,-1.267974926299838
0.2041769382293596,0.0054484409318885,13.353103017918498,2.48336049710226,1.7577831916789597,0.3414097201407431,,3,1,0.1,1799382.9750153269,0.118505601939894,0.9923012340082252,0.674249846395419,1.7361288121175429,1.9290320134639365,1,10,1.98617108819418,0.5177997960964171,0.8,0.118505601939894,0.118505601939894,1,False,False,False,True,1e-07,0.9,-0.0614326838348604
0.4739805878505262,0.0410839309467745,8.34882912233786,1.0917206707531064,0.3112073979787195,0.4730650374105727,,3,1,0.1,6297086.573263699,0.3318154749157939,1.4630302670270057,1.0506488493216453,1.002486822797878,1.1138742475531975,1,10,0.5527926930540413,1.5904143737117915,0.8,0.3318154749157939,0.3318154749157939,1,False,False,False,True,1e-07,0.9,-0.2978931498113248
0.1729218791236476,0.0423133697970025,3.92788950055354,0.6702919727343875,0.5940920507239718,0.3533002952564893,,3,1,0.1,8815383.616240654,0.5700905405723286,1.3791512695615789,1.5788442558527946,1.6474080041360195,1.8304533379289107,1,10,1.5807034481530686,0.6169782711773861,0.8,0.5700905405723286,0.5700905405723286,1,False,False,False,True,1e-07,0.9,-0.3114477631133819
0.3644345159803692,0.0658779805193048,3.08187245716638,0.358961126492774,0.1706184820926941,0.3690133131725215,,3,1,0.1,17499269.460677404,1.1041804960024986,1.4945043977180963,1.4779490502391766,1.5389363957154325,1.7099293285727029,1,10,1.2934835800655002,1.980316049031003,0.8,1.1041804960024986,1.1041804960024986,1,False,False,False,True,1e-07,0.9,-0.6457463404889489
0.5038701870157557,0.0212497774814661,13.478039402646491,1.722212084715347,0.3636594390550207,0.570131884011929,,3,1,0.1,3982686.128010459,0.1712029612929572,0.963797728428718,0.6278682855914307,0.6785821232568869,0.7539801369520965,1,10,0.6545620019597003,1.34242751635662,0.8,0.1712029612929572,0.1712029612929572,1,False,False,False,True,1e-07,0.9,-0.2270656347862524
0.1798682883448344,0.0389553508758013,4.630147780068258,0.3859734641510029,0.2636857920436269,0.3358193010925044,,3,1,0.1,14786223.163916891,0.9820723056136772,0.7919522784058282,1.283910931796267,1.78001272431952,1.977791915910578,1,10,1.960421284587476,0.6977570561489924,0.8,0.9820723056136772,0.9820723056136772,1,False,False,False,True,1e-07,0.9,-0.4965499130219472
0.2236388031212205,0.0245750544369677,6.82141537999193,0.5674333535751866,0.0041619911697931,0.7848253191539508,,3,1,0.1,33963273.53524047,0.7308035807265787,1.2184544222656328,1.6231876506552678,0.2467519944058489,0.2741688826731655,1,10,0.7135162323783811,0.7572679953237469,0.8,0.7308035807265787,0.7308035807265787,1,False,False,False,True,1e-07,0.9,-2.665523697224684
0.4364724984304357,0.0624100187418895,18.522416201915675,0.8956226193192584,0.2022530358052242,0.5356908787711535,,3,1,0.1,10156535.46991122,0.4715771588298297,0.5269320951591816,1.3165424392450225,0.7800734073810485,0.8667482304233872,1,10,1.1328281878365676,1.4461176175576549,0.8,0.4715771588298297,0.4715771588298297,1,False,False,False,True,1e-07,0.9,-0.5440763412429359
0.2954112618216709,0.0369875425681283,3.121159161359061,0.2327732059099328,0.0461790856827238,0.4570910055602129,,3,1,0.1,26846473.073311377,1.4575190279451484,1.1766079496310158,1.2747013314400122,1.0689733314637324,1.1877481460708137,1,10,1.006358377886768,1.5200660231142615,0.8,1.4575190279451484,1.4575190279451484,1,False,False,False,True,1e-07,0.9,-1.2271281403542211
0.5159278487853715,0.0515737785541942,5.373530670599054,1.5251831724442648,0.0984525490839718,0.7274758320370355,,3,1,0.1,9179682.5966526,0.2501685111966985,1.4460719459112494,1.6303373856588597,0.3371545010366493,0.3746161122629436,1,10,1.2172878801001574,1.4371956922568914,0.8,0.2501685111966985,0.2501685111966985,1,False,False,False,True,1e-07,0.9,-0.6677997235686327
0.1382446627877804,0.0143206108688185,2.746886809926422,0.2035431011246893,0.0184555312428503,0.5513679716738338,,3,1,0.1,43470755.0236318,1.9502371046721607,1.7490792294446318,1.7667162782465462,0.7323037358658953,0.8136708176287725,1,10,0.914400900307464,0.5892217031949836,0.8,1.9502371046721607,1.9502371046721607,1,False,False,False,True,1e-07,0.9,-2.3968382021851538
0.366674125180351,0.0039448889193859,4.943565016535251,6.628844937641872,3.8384253628344025,0.4728635476283735,,3,1,0.1,1201387.809318805,0.0633295245374739,1.6616383992460233,1.3795576344626337,1.0032974829925263,1.1147749811028071,1,10,1.4442145212387212,0.7057147554420395,0.8,0.0633295245374739,0.0633295245374739,1,False,False,False,True,1e-07,0.9,-0.0568092502468765
0.1131278065684281,0.0233930752895895,4.3889556398963565,0.3441526874788547,0.2522620739373122,0.3507851824010481,,3,1,0.1,13016060.24233158,0.8450218344794971,1.7860574166752254,1.0853457096734656,1.6656727967803429,1.8507475519781589,1,10,1.8688749012350885,0.5203221964643545,0.8,0.8450218344794971,0.8450218344794971,1,False,False,False,True,1e-07,0.9,-0.4565841073670392
0.4056673048555521,0.071070897382326,7.185258868577146,0.6329441470059819,0.294908900690717,0.3954526993808877,,3,1,0.1,11464965.243823385,0.6931113098822556,0.8868768441908755,1.4402004832579762,1.3758726932677938,1.5287474369642151,1,10,1.07975017564724,1.613673435510785,0.8,0.6931113098822556,0.6931113098822556,1,False,False,False,True,1e-07,0.9,-0.4533851455344162
0.4150792114876924,0.0707660112450342,3.9450651163531054,1.1930524401323448,0.7402116605377788,0.3968828302968921,,3,1,0.1,6302420.924053302,0.3801097888570609,1.5488039923996395,1.6005911095831888,1.3676717945363026,1.5196353272625585,1,10,1.2923455531354588,1.245557804773119,0.8,0.3801097888570609,0.3801097888570609,1,False,False,False,True,1e-07,0.9,-0.2501322653197081
0.2491186322412568,0.0416653953437509,2.5119577456597635,0.2999078282337814,0.0356538982248026,0.5921098288825479,,3,1,0.1,29926123.950926457,1.220657059635556,1.8932042847299555,1.753604484747569,0.6199882793678904,0.6888758659643226,1,10,1.9645846831152816,0.9916411567450324,0.8,1.220657059635556,1.220657059635556,1,False,False,False,True,1e-07,0.9,-1.7719552128488716
0.2551951138401661,0.0597743224353784,3.2325695959033127,0.4679089884350989,0.2860143199693327,0.3713062678221192,,3,1,0.1,14412447.195925344,0.9061014320166748,1.2315262476425703,1.717378515884468,1.5238750540865111,1.693194504540568,1,10,1.632156400171948,0.9160768962110074,0.8,0.9061014320166748,0.9061014320166748,1,False,False,False,True,1e-07,0.9,-0.5351431983726406
0.3381040475462999,0.0260599839502888,5.352076154880463,2.8102273109770928,1.7480531797998824,0.4236480662350289,,3,1,0.1,2703577.1705068136,0.1558211773113751,1.0198763312938066,1.3229556108038072,1.2244048344143832,1.3604498160159813,1,10,1.5516069949649878,0.786973491094212,0.8,0.1558211773113751,0.1558211773113751,1,False,False,False,True,1e-07,0.9,-0.1145365239195727
0.4098750709576695,0.0812558205074246,3.47618414007414,0.4454619306093653,0.154724154562409,0.4583706652252197,,3,1,0.1,17034883.79654295,0.92265918562183,1.4212591889504282,1.8587298180427296,1.0634764357308653,1.1816404841454058,1,10,1.6406798273831746,1.969145826925797,0.8,0.92265918562183,0.92265918562183,1,False,False,False,True,1e-07,0.9,-0.7808291018016708
0.3970496605041367,0.0486771251658616,7.161192309175438,0.4849790838446315,-0.0082591303886165,0.757278932729631,,3,1,0.1,28680405.320821863,0.6961337895245944,1.0965963327373354,1.2946105969205697,0.2884656512969764,0.3205173903299737,1,10,1.2627797667653518,1.6802483364713583,0.8,0.6961337895245944,0.6961337895245944,1,False,False,False,True,1e-07,0.9,-2.1719066738353923
0.3768831242719471,0.0296637045678481,13.837093053311916,0.3774008088763581,0.2975772120753751,0.4000179206136541,,3,1,0.1,6015689.621968054,0.360930560850008,1.4431682805131008,0.5446552114931071,1.349899201064143,1.4998880011823812,1,10,1.2824184197443402,1.512614575991291,0.8,0.360930560850008,0.360930560850008,1,False,False,False,True,1e-07,0.9,-0.2406383654369778
0.3788346402567572,0.0232825511228624,22.30796200343456,0.7222503184483097,0.0460335729524019,0.6009491700651988,,3,1,0.1,11741498.457125958,0.4685454235221869,0.8651232344925234,0.5297390116898645,0.5976308227571997,0.6640342475079997,1,10,1.5496598190090247,1.5301097438295932,0.8,0.4685454235221869,0.4685454235221869,1,False,False,False,True,1e-07,0.9,-0.7056043752789795
0.2240506416511823,0.0344699158747664,3.4187700784513093,0.3272294288282531,0.1086499493399566,0.421250220758109,,3,1,0.1,17435021.714381855,1.0090513963251817,1.8280620673644024,1.02926311093154,1.2364973966786343,1.3738859963095935,1,10,1.324818764399913,0.9499414361913128,0.8,1.0090513963251817,1.0090513963251817,1,False,False,False,True,1e-07,0.9,-0.7344506749036983
0.1197119013514128,0.0106581609435058,4.561491894469469,0.3362602077068173,0.0188235210865844,0.6263638828927195,,3,1,0.1,33842629.34983231,1.2644827379704646,1.5074704264165495,1.5279742651817296,0.5368644562383676,0.5965160624870751,1,10,0.5139950504811841,0.5056690578258799,0.8,1.2644827379704646,1.2644827379704646,1,False,False,False,True,1e-07,0.9,-2.1197800762425176
0.3299122014088386,0.0328372976756797,4.353440954134073,0.3149627257136117,0.0065129092856485,0.6801446035599911,,3,1,0.1,30988116.40402361,0.9911715280675032,1.3727631082153486,1.375630784538051,0.4232480200375755,0.4702755778195283,1,10,0.6277722324557411,1.632476930832397,0.8,0.9911715280675032,0.9911715280675032,1,False,False,False,True,1e-07,0.9,-2.1076400177536443
0.2994023389586687,0.0401945775272791,2.2881103762381416,0.2709015444855921,0.0604043695153962,0.4513433529100371,,3,1,0.1,23850776.36757193,1.308588568238934,1.9313651022760547,1.6012777188071785,1.0940473127547985,1.2156081252831097,1,10,0.818854467893952,1.4312967053360748,0.8,1.308588568238934,1.308588568238934,1,False,False,False,True,1e-07,0.9,-1.0764889374139603
0.4513095848223001,0.0623751947887255,4.990623583340248,0.605258191938415,0.017389500050368,0.696678912836731,,3,1,0.1,19528460.55054673,0.5923393302977996,1.6810399241452174,1.506574987843824,0.3918433203832566,0.4353814670925073,1,10,1.3444243941405394,1.8818543486280448,0.8,0.5923393302977996,0.5923393302977996,1,False,False,False,True,1e-07,0.9,-1.3605066689847776
0.3113849224657941,0.0509797123567124,6.675489564627891,0.3414245214931353,0.1299428628825275,0.3837360049987907,,3,1,0.1,18988110.857764427,1.1701687878632037,0.7251919086639547,1.835045604784032,1.4453624061230226,1.6059582290255807,1,10,0.8308236358360219,1.3779030025494707,0.8,1.1701687878632037,1.1701687878632037,1,False,False,False,True,1e-07,0.9,-0.728642179933961
0.221924123806466,0.0248704937157317,2.082223250807864,0.1871794988338381,0.0440592334240223,0.3867649662955544,,3,1,0.1,31055072.25741197,1.9044056364559707,1.6680005876762718,1.2491076867242303,1.4269946309259207,1.5855495899176897,1,10,0.917102929244622,1.002480905299162,0.8,1.9044056364559707,1.9044056364559707,1,False,False,False,True,1e-07,0.9,-1.2011013966427864
0.2794688063293811,0.0341296884742005,4.377971209791018,0.3302272312213609,0.1371212946511241,0.3556238525525901,,3,1,0.1,14293773.60404426,0.9210565852145808,1.4269309054761892,0.7461572583687253,1.6307638774508433,1.8119598638342704,1,10,1.5369112473875362,1.3107782660648748,0.8,0.9210565852145808,0.9210565852145808,1,False,False,False,True,1e-07,0.9,-0.5083206839754167
0.1628803046045863,0.0180568429601254,5.753193013824825,0.485175312773255,-0.0016706323670994,0.8327724858054668,,3,1,0.1,49417873.52820469,0.8264027352365817,1.6905890317725984,1.0298093772646737,0.18072734791365,0.2008081643485,1,10,1.1856994138714765,0.6681042837105853,0.8,0.8264027352365817,0.8264027352365817,1,False,False,False,True,1e-07,0.9,-4.115384553999725
0.3282900446836658,5.965509228740588e-06,7.042502210748484,23.850481658188823,7.100250132712349,0.5648403789526933,,3,1,0.1,489317.4785594689,0.0212931187573165,0.9482637423353764,1.0855064277120303,0.6933705052545068,0.7704116725050075,1,10,1.932787784240088,0.6253339276252327,0.8,0.0212931187573165,0.0212931187573165,1,False,False,False,True,1e-07,0.9,-0.0276386270438939
0.4736040545425648,0.0040411595348001,9.140677029895476,8.609603763972872,5.055076848545837,0.3900229764034539,,3,1,0.1,1001520.1448510088,0.0610904216194038,0.6928915370682092,1.838096741673791,1.407556360651449,1.5639515118349432,1,10,0.9284266823627686,0.8762743130708333,0.8,0.0610904216194038,0.0610904216194038,1,False,False,False,True,1e-07,0.9,-0.0390615867986663
0.4726433191754193,0.0180687919938234,11.414711438451176,2.175224913638546,0.3184887329533717,0.6460340991213173,,3,1,0.1,4193896.358258109,0.1484496155485023,1.0892156391241423,0.6437830126814021,0.4931153188726513,0.5479059098585015,1,10,0.9805174141661354,1.160625848564,0.8,0.1484496155485023,0.1484496155485023,1,False,False,False,True,1e-07,0.9,-0.2709400057973484
0.2119696556211249,0.0173278162646178,2.091717580114947,0.1622037830272303,0.0274987817837582,0.3977814585440823,,3,1,0.1,32254142.06793588,1.942404047721723,1.90466675192152,0.8531134849710755,1.3625488963062404,1.513943218118045,1,10,1.210976976167469,1.0434750764890373,0.8,1.942404047721723,1.942404047721723,1,False,False,False,True,1e-07,0.9,-1.28300996940737
0.2505486470658397,0.0283667302518547,2.426086469460468,0.2238577943837731,0.0647208207409784,0.3744249577052496,,3,1,0.1,22639073.271427736,1.4162437815347655,1.8192499849780053,0.9297580168451643,1.5036859228504935,1.6707621365005485,1,10,0.8947233640248118,1.243592878250173,0.8,1.4162437815347655,1.4162437815347655,1,False,False,False,True,1e-07,0.9,-0.8476634059504728
0.2514339400194733,0.0441057431093968,2.4418539755743995,0.3215838415252943,0.1399399461119228,0.3594394289549222,,3,1,0.1,20172633.10597127,1.2921792112528567,1.837397462820555,1.916255564056344,1.603898925659795,1.7821099173997723,1,10,0.9513544588476468,0.99154167933524,0.8,1.2921792112528567,1.2921792112528567,1,False,False,False,True,1e-07,0.9,-0.7250839736957199
0.2708188237834991,0.021133600173006,2.0749060854939505,0.1587601793766508,0.0105921959424594,0.5488848888378773,,3,1,0.1,40195563.897236645,1.8132824484008856,1.743434918983151,0.9696386515187366,0.7396880626564862,0.8218756251738736,1,10,1.4793843200440833,1.648344349976743,0.8,1.8132824484008856,1.8132824484008856,1,False,False,False,True,1e-07,0.9,-2.206273764774953
0.1163887128843493,0.0158142115280686,9.49387512193454,0.4513099761462678,0.3223353499464628,0.3701558511470098,,3,1,0.1,7694734.143135635,0.4846482797307541,1.4743212541367394,0.6967433683783251,1.5314082763007826,1.7015647514453138,1,10,1.6515226723861356,0.5166915987391824,0.8,0.4846482797307541,0.4846482797307541,1,False,False,False,True,1e-07,0.9,-0.2848250868995262
0.2637711051990759,0.0152411130837402,8.77144098430995,0.2692262165788677,0.0362323371158462,0.4060340494430486,,3,1,0.1,18689465.896244783,1.110090526473811,0.7097137395678167,0.5030442030805659,1.316562875045868,1.4628476389398533,1,10,1.8005846412061222,1.3972904303687168,0.8,1.110090526473811,1.110090526473811,1,False,False,False,True,1e-07,0.9,-0.7588559518661576
0.3564936913872623,0.0359751262652306,7.750576753710013,0.5515656821859675,-0.0081875842395429,0.7739748808868545,,3,1,0.1,27787740.300059345,0.6280726690941659,1.2649256651424627,0.9249972071761492,0.2628284356835204,0.2920315952039116,1,10,1.3255009174000154,1.475209361877746,0.8,0.6280726690941659,0.6280726690941659,1,False,False,False,True,1e-07,0.9,-2.1507013015591
0.2097376222090821,0.0086320656163347,7.621523904262492,4.502892498978111,0.7075108994540502,0.6507921069256192,,3,1,0.1,3405036.821254682,0.1189065615861857,1.0106143071166789,0.9782263573083902,0.4829301099726821,0.536589011080758,1,10,1.6391278282250816,0.5239321753387463,0.8,0.1189065615861857,0.1189065615861857,1,False,False,False,True,1e-07,0.9,-0.2215971088139675
0.40088120357795,0.0331972022854283,10.832240331598172,0.8662918287051904,0.2168603921798894,0.5307468442739888,,3,1,0.1,6550385.193376996,0.3073788616259426,1.73979707404036,0.6959392724935602,0.7957236952225587,0.8841374391361763,1,10,1.820706629562551,1.4418046745655968,0.8,0.3073788616259426,0.3073788616259426,1,False,False,False,True,1e-07,0.9,-0.3476596270644815
0.1987361312064843,0.0282587309909644,3.741684352755275,0.3414247526873514,0.0826928597598502,0.4567319119063878,,3,1,0.1,18969221.917631254,1.0305371875012364,1.6193053849160113,1.0172573321472378,1.0705213858243934,1.1894682064715485,1,10,1.1219153067608858,0.8203105090954892,0.8,1.0305371875012364,1.0305371875012364,1,False,False,False,True,1e-07,0.9,-0.8663848978460319
0.1256000733170164,0.0079350624446404,4.026397348954249,0.2485374052984331,0.0116429898938643,0.5864217003285301,,3,1,0.1,36324195.77828128,1.5022897643287212,1.285663093801913,0.6539578282538325,0.6347317459360636,0.7052574954845151,1,10,1.009386681902101,0.5766619041683126,0.8,1.5022897643287212,1.5022897643287212,1,False,False,False,True,1e-07,0.9,-2.130129667782712
0.3010423634247019,0.0295536419049793,3.123582755880266,0.2317085431203197,0.0337767492304238,0.4732310990851634,,3,1,0.1,26216726.16583343,1.3810154651098,1.3807720721467724,1.3569190672421303,1.0018192205454246,1.113132467272694,1,10,0.5289168613953225,1.7051486323281695,0.8,1.3810154651098,1.3810154651098,1,False,False,False,True,1e-07,0.9,-1.240657014160227
0.2998992853968205,0.033232840814261,4.24602523945198,0.2537383388690354,0.021295694201704,0.5769012076031027,,3,1,0.1,29067221.175959304,1.2298304949812453,1.0689842350967147,1.0533972396004956,0.6600591368829014,0.7333990409810015,1,10,1.9026503024878307,1.5720597809638952,0.8,1.2298304949812453,1.2298304949812453,1,False,False,False,True,1e-07,0.9,-1.6768915000478617
0.3199505170026847,0.0455459164563757,2.999826519648425,0.3430196939693574,0.0049656440527881,0.7094877728142823,,3,1,0.1,33081409.971957933,0.9610553139962178,1.9828728999415088,1.45154663580349,0.3685208040020538,0.409467560002282,1,10,1.8543475593266407,1.4104378340570831,0.8,0.9610553139962178,0.9610553139962178,1,False,False,False,True,1e-07,0.9,-2.3470855910939394
0.293604681266145,0.0480020414380104,3.9132694014131673,0.459621060994223,0.0937752095177119,0.520494656349766,,3,1,0.1,18110571.80048414,0.8684115093832746,1.330569348374801,1.5836063208284057,0.8291243800881809,0.9212493112090898,1,10,1.0845373665874147,1.0743344623044817,0.8,0.8684115093832746,0.8684115093832746,1,False,False,False,True,1e-07,0.9,-0.942645585357
0.3044269808612445,0.0268127090147632,16.841376792548417,0.3251626147920214,0.0086694286578454,0.6658818954151966,,3,1,0.1,28916720.114734046,0.966159875464836,0.5040893822590409,0.7866703589847048,0.4515910346816442,0.501767816312938,1,10,0.876706253119142,1.4710341143523709,0.8,0.966159875464836,0.966159875464836,1,False,False,False,True,1e-07,0.9,-1.925512040968084
0.2727080380710955,0.0301369278880384,8.94439211446645,0.871226026556252,0.1817086640174095,0.506436449148825,,3,1,0.1,9248223.179680832,0.4564585422901527,1.0383665960372266,0.8576237756861409,0.8771232728462635,0.974581414273626,1,10,0.6812293592405356,0.8764770192855492,0.8,0.4564585422901527,0.4564585422901527,1,False,False,False,True,1e-07,0.9,-0.4683637315987749
0.1898469083040984,0.0281319488254474,2.111332466675908,0.1934449711224724,0.0512401412714862,0.4102677891675522,,3,1,0.1,33837798.00118421,1.995523747761064,1.7224485517744563,1.743658541101365,1.2936891556271857,1.4374323951413173,1,10,1.5435623119172814,0.7948263283651159,0.8,1.995523747761064,1.995523747761064,1,False,False,False,True,1e-07,0.9,-1.3882558609772075
0.2830979746514881,0.0300225303309717,2.2433121034296923,0.1711045737612311,0.0511855680361699,0.3431099296618136,,3,1,0.1,28617663.852544405,1.8798657328838169,1.5176311777847271,1.0115213919675334,1.7230660269351143,1.9145178077056824,1,10,1.4230539850487198,1.8149656758501669,0.8,1.8798657328838169,1.8798657328838169,1,False,False,False,True,1e-07,0.9,-0.9819004625102868
0.2928623735186498,0.0302890423339182,4.941227612037313,0.1681076589348506,0.0101145332071999,0.5950057718884723,,3,1,0.1,43618833.42423628,1.7665374008320711,0.8202518463428661,1.3083103256084714,0.6125903689026662,0.6806559654474068,1,10,1.7613720648337792,1.693814527708653,0.8,1.7665374008320711,1.7665374008320711,1,False,False,False,True,1e-07,0.9,-2.5953457652055336
0.3108004289808361,0.0471144870200755,3.12071041532658,0.3739570782362739,0.0285181322310297,0.6353913912947643,,3,1,0.1,25960832.571522824,0.9465542092557364,1.7693121605171365,1.525494494639876,0.5164497856447683,0.5738330951608537,1,10,1.4379657361862284,1.265786908805017,0.8,0.9465542092557364,0.9465542092557364,1,False,False,False,True,1e-07,0.9,-1.649528951699491
0.2535676962870875,0.0402914448435518,3.174216247703092,0.3329062090172444,0.0727256166340307,0.4901419278821844,,3,1,0.1,21929924.85859717,1.1181148094962556,1.3596701360729055,1.3196420671263591,0.9362028400401062,1.0402253778223405,1,10,1.484308838172977,1.0190970340200052,0.8,1.1181148094962556,1.1181148094962556,1,False,False,False,True,1e-07,0.9,-1.0748775651373303
0.1998668815575984,0.0150855732839811,2.731501528105349,0.1906440980195398,0.0100877250544215,0.5830518722911581,,3,1,0.1,41953840.76449772,1.7492573593339642,1.3231240002292215,0.8827076325099696,0.6436019379602778,0.7151132644003086,1,10,1.1246845674243748,0.9051483691511292,0.8,1.7492573593339642,1.7492573593339642,1,False,False,False,True,1e-07,0.9,-2.446126538747147
0.1835335266842258,0.0182055115804914,8.56743577872196,1.5235076968497512,0.4498654355039629,0.4406993706166171,,3,1,0.1,5692167.252048594,0.3183632408032911,1.1334263721491151,1.1707175713658489,1.1422084985978975,1.2691205539976638,1,10,0.5567581524401455,0.5588413075203541,0.8,0.3183632408032911,0.3183632408032911,1,False,False,False,True,1e-07,0.9,-0.2508534525241022
0.2944089641059082,0.0219283958199107,14.273799813327113,0.4369167509311207,0.0361942495812923,0.5507460991046244,,3,1,0.1,16837199.179049328,0.7564176653727707,0.6719175115957121,0.6151410424443903,0.7341468445499213,0.8157187161665792,1,10,1.974313186968858,1.292421190492396,0.8,0.7564176653727707,0.7564176653727707,1,False,False,False,True,1e-07,0.9,-0.9273021766244088
0.1845778365724705,0.0439513705242524,3.8242713305471527,0.4036768962780792,0.1826979097709918,0.4259487619196584,,3,1,0.1,17642969.72675927,1.0127967613635385,0.930821085116112,1.8313351342480848,1.212930193631496,1.3477002151461066,1,10,1.9675728422025789,0.6990281144263675,0.8,1.0127967613635385,1.0127967613635385,1,False,False,False,True,1e-07,0.9,-0.7515001120137208
0.315887205294258,0.0285984692766252,5.0171486880487866,0.3067298227666876,0.0079824516608587,0.6617689825772861,,3,1,0.1,28722308.46566304,0.9714774648618438,1.2998553770696355,0.8143876737916742,0.4599912109735236,0.5111013455261373,1,10,1.1242002728324827,1.759581669406292,0.8,0.9714774648618438,0.9714774648618438,1,False,False,False,True,1e-07,0.9,-1.900753286042581
0.4435586391214404,0.0474600421513917,7.436121993600773,0.820098245034327,0.4072316472640418,0.4649368558683702,,3,1,0.1,5862613.439349107,0.3136868066115878,1.6987184434727078,0.8352956733181336,1.0357467334334154,1.150829703814906,1,10,1.2642953106545136,1.6213578450585424,0.8,0.3136868066115878,0.3136868066115878,1,False,False,False,True,1e-07,0.9,-0.2725745059763598
0.3092764228969031,0.0330212023363588,3.112419291690097,0.2266902955434448,0.0116365132491447,0.6201953519007523,,3,1,0.1,35474625.22242158,1.3473426228481074,1.3603736762629357,1.431452165382583,0.5511556677129431,0.6123951863477145,1,10,0.8301599870243906,1.6659701462555805,0.8,1.3473426228481074,1.3473426228481074,1,False,False,False,True,1e-07,0.9,-2.200119771707932
0.6308981454241248,0.0167067564396665,5.560528588463269,3.0781264278578844,0.4789666800255179,0.7304694266325995,,3,1,0.1,3710155.643529074,0.1000000279847345,1.6155467213547454,1.2061253378217658,0.3320844202185458,0.3689826891317175,1,10,0.8816986255443482,1.4145625218174986,0.8,0.1000000279847345,0.1000000279847345,1,False,False,False,True,1e-07,0.9,-0.2710155270970986
0.1448473561574311,0.0110020125616644,3.0231500833767315,0.196705636532693,0.0238621469543883,0.440033011857487,,3,1,0.1,31831059.35717364,1.7824340665911051,1.5068029202157984,0.7547665975340037,1.1453010927541087,1.2725567697267874,1,10,1.2173425513990896,0.6619525270006339,0.8,1.7824340665911051,1.7824340665911051,1,False,False,False,True,1e-07,0.9,-1.400671692797794
0.2688299715766155,0.0138442292752733,3.611055914974504,0.1370258731548101,0.0091065134501941,0.4878456454538649,,3,1,0.1,38903722.47899847,1.9924708899076995,1.0893900196917148,0.6951145698909964,0.9448458203674016,1.049828689297113,1,10,1.2239215643974508,1.943882159712204,0.8,1.9924708899076995,1.9924708899076995,1,False,False,False,True,1e-07,0.9,-1.897901161844604
0.4340899667591507,0.0786112296661383,6.021177837719466,0.5096295924868016,0.0839676685579794,0.5780182672034011,,3,1,0.1,18041761.6332735,0.7613293084626256,1.0227677736854606,1.946473870948784,0.6570442165338963,0.730049129482107,1,10,1.6270362145465025,1.840832804292776,0.8,0.7613293084626256,0.7613293084626256,1,False,False,False,True,1e-07,0.9,-1.042846780922319
0.1230981657368273,0.0111450574807696,3.2624117281568066,0.2053434163965159,0.0209915705097347,0.5031908930220792,,3,1,0.1,37383437.56593575,1.8572430399134647,1.1727833945419184,0.9868948520460444,0.8885856291928341,0.9873173657698155,1,10,1.875453145498013,0.5605154556576115,0.8,1.8572430399134647,1.8572430399134647,1,False,False,False,True,1e-07,0.9,-1.8811005356820285
0.2829568491123835,0.0208542329326806,3.22172467402138,0.1637817418877366,0.0121179265299816,0.5280268511315095,,3,1,0.1,37038889.7539617,1.7481359699934966,1.2018989028687797,0.9488955139927228,0.8044587752902884,0.893843083655876,1,10,0.6980344965126869,1.8564160748903693,0.8,1.7481359699934966,1.7481359699934966,1,False,False,False,True,1e-07,0.9,-1.95575283489033
0.2597093200500459,0.0064605108276728,16.00890019494468,3.359965315973454,0.3923524489280915,0.6112285758562075,,3,1,0.1,3319770.086286528,0.1290631617858385,0.8314357255410881,0.5250424651248027,0.5724442468012593,0.6360491631125103,1,10,0.5448271396781313,0.627958023530146,0.8,0.1290631617858385,0.1290631617858385,1,False,False,False,True,1e-07,0.9,-0.2029138346170968
0.408327812178217,0.0555834846247784,5.686002049746419,0.9639673745237872,0.0493019705443121,0.7090341380263622,,3,1,0.1,14534111.59620704,0.4228929886896801,1.339406893853066,1.60926445845919,0.3693323942133482,0.4103693269037202,1,10,1.3411717304703568,1.230567713290038,0.8,0.4228929886896801,0.4228929886896801,1,False,False,False,True,1e-07,0.9,-1.030518129046709
0.2970735041932329,0.0400739265237717,1.9277647022048503,0.2146196504213153,0.0700166128460493,0.3707610561394828,,3,1,0.1,25986625.66364147,1.6351795262777116,1.8645074801397263,1.3841503533191113,1.5274394117094494,1.697154901899388,1,10,1.0004877005434178,1.6563365167459887,0.8,1.6351795262777116,1.6351795262777116,1,False,False,False,True,1e-07,0.9,-0.9634828782956916
0.2959816373178396,0.0439260987905481,6.344325457941388,1.35509229646287,0.8575857208052826,0.3520720915741974,,3,1,0.1,5534935.26744348,0.3586238666238638,1.0064717346324072,1.6112079534373245,1.656294638339232,1.84032737593248,1,10,0.897837827855356,0.8308854996576456,0.8,0.3586238666238638,0.3586238666238638,1,False,False,False,True,1e-07,0.9,-0.1948696232943546
0.5754359770091609,0.0408912383849764,11.61771015667781,1.2368882416908245,0.0435894680372715,0.7181559077544607,,3,1,0.1,10260725.816377966,0.2891924669781659,1.239018635746942,1.6830048908561832,0.353209770026305,0.3924553000292277,1,10,0.5928163592587371,1.9411140376190068,0.8,0.2891924669781659,0.2891924669781659,1,False,False,False,True,1e-07,0.9,-0.7368800876835535
0.2260430733641543,0.0128900663135084,4.035420595087667,0.2690642407241251,0.0262569899681018,0.4606535712013952,,3,1,0.1,20327530.78815464,1.0963580041012089,1.979651380841307,0.5421278959336839,1.0537458434388751,1.1708287149320835,1,10,1.940454187957995,1.1142212406983247,0.8,1.0963580041012089,1.0963580041012089,1,False,False,False,True,1e-07,0.9,-0.9363949651684156
0.117911823514188,0.0110690581923184,3.265109075277078,0.2306854957351793,0.0086061762419267,0.6815921473451302,,3,1,0.1,53462800.75402709,1.7022973890907789,1.4754835056215787,1.1731904875982226,0.4204377478607849,0.4671530531786499,1,10,1.387095180166534,0.5332644496506881,0.8,1.7022973890907789,1.7022973890907789,1,False,False,False,True,1e-07,0.9,-3.6439825186575856
0.3131006334512194,0.0324129988212678,7.281600983572467,0.3671280921358817,0.0950378032809587,0.4088077427298069,,3,1,0.1,14839508.76073732,0.8773001816791455,0.962745064586234,0.7202825163296487,1.301523860556713,1.446137622840792,1,10,1.9100526495515324,1.5620123914720516,0.8,0.8773001816791455,0.8773001816791455,1,False,False,False,True,1e-07,0.9,-0.6066506088720626
0.1888531594940027,0.0383999717729717,3.323507011520048,0.4476705319807827,0.0849927910679492,0.5655797027111079,,3,1,0.1,21416972.54709465,0.9303966649820944,1.7975442636813992,1.972145743566465,0.6912876570461197,0.7680973967179108,1,10,1.6858715818826489,0.6971049992629526,0.8,0.9303966649820944,0.9303966649820944,1,False,False,False,True,1e-07,0.9,-1.21130049652213
0.2471806828379417,0.0212337576644544,13.711189386107396,0.542747389017935,0.0776780177095461,0.4901624064138408,,3,1,0.1,13175345.293712476,0.6717285674770017,0.675886907304575,0.6087989632008799,0.9361261251849986,1.040140139094443,1,10,1.795842823565597,0.9323012700116292,0.8,0.6717285674770017,0.6717285674770017,1,False,False,False,True,1e-07,0.9,-0.6458058961503713
0.5062203152613864,0.0551417342155199,8.578559888675684,1.0595049569931028,0.1338223784041817,0.6133639064011261,,3,1,0.1,9630611.847846186,0.37235417746444,1.1490076661002564,1.3973030436114195,0.5673181623625246,0.6303535137361385,1,10,0.852028803048694,1.7098824023442347,0.8,0.37235417746444,0.37235417746444,1,False,False,False,True,1e-07,0.9,-0.5907069709073164
0.6109268435907059,0.0791285606270224,15.164730684121906,2.020029887669833,0.989739425488776,0.4951822164160894,,3,1,0.1,4426637.300935385,0.2234645008692709,0.5350227851305208,1.965492987193382,0.9175127663384264,1.019458629264918,1,10,1.752955016047442,1.8373432732771104,0.8,0.2234645008692709,0.2234645008692709,1,False,False,False,True,1e-07,0.9,-0.2191992071094148
0.2038763808230279,0.0290873870424424,4.652755477609006,0.499536697312536,-0.0069409411660827,0.8371505031043943,,3,1,0.1,48844196.6931176,0.7954252062465453,1.8016314740110624,1.4273845698542107,0.1750755051362231,0.1945283390402479,1,10,1.833525683055104,0.7622216366789487,0.8,0.7954252062465453,0.7954252062465453,1,False,False,False,True,1e-07,0.9,-4.088994383612623
0.5664178643024667,0.0231944288141897,4.023088644989247,3.877943529563552,1.1636007410679448,0.6317343421184554,,3,1,0.1,2829750.6875783824,0.1042099894813651,1.3546462622700917,1.885531156027804,0.524649476838545,0.5829438631539389,1,10,1.3363881310779375,1.1878078121708049,0.8,0.1042099894813651,0.1042099894813651,1,False,False,False,True,1e-07,0.9,-0.1787650689700204
0.2463907552088665,0.0243179540932596,2.7161644104235023,0.1982879724986617,0.0363603007430249,0.4234817601876549,,3,1,0.1,28462809.775139663,1.640932733892623,1.23418140623023,0.9070341973781276,1.2252391120722377,1.361376791191375,1,10,1.38052264466726,1.2197387756231164,0.8,1.640932733892623,1.640932733892623,1,False,False,False,True,1e-07,0.9,-1.2053480774781498
0.2454353635448425,0.0430473689987588,5.299412196131105,0.5833448641005339,0.3278760194785106,0.3953932202151912,,3,1,0.1,9609166.60124482,0.580976669378791,1.4565971609691597,1.0188685927180403,1.376215053738601,1.5291278374873345,1,10,1.928805448412662,0.879736978157095,0.8,0.580976669378791,0.580976669378791,1,False,False,False,True,1e-07,0.9,-0.3799399325769387
0.6801208152824455,0.007678514190149,19.797654625896502,4.107513740364026,2.2039792967664056,0.4134437095214207,,3,1,0.1,1341663.9413233292,0.0786961345017964,0.5868098154872612,0.8483349062009669,1.27683805382307,1.4187089486923,1,10,0.5997702912838236,1.4704551449689345,0.8,0.0786961345017964,0.0786961345017964,1,False,False,False,True,1e-07,0.9,-0.0554702516283895
0.181248139126693,0.0251031579537075,13.518378737733917,1.4551598350931034,0.14911158077286,0.6903365712694952,,3,1,0.1,11013939.818827009,0.3410614022936949,0.5171843771697069,1.7125088026106736,0.4037118956988532,0.4485687729987258,1,10,1.0811245359393258,0.5684646114286451,0.8,0.3410614022936949,0.3410614022936949,1,False,False,False,True,1e-07,0.9,-0.7603325441488187
0.2237405162396508,0.0245981042221365,2.267122263031004,0.2032266023197798,0.0484883936025161,0.3800302464842279,,3,1,0.1,29027853.297737803,1.7996389254008955,1.5493325456474762,1.3025002403687382,1.4682325507671194,1.631369500852355,1,10,0.719825453732924,0.990317186262852,0.8,1.7996389254008955,1.7996389254008955,1,False,False,False,True,1e-07,0.9,-1.1031462243375985
0.3280755449741181,0.0416053002287608,5.896432776604517,0.8895424311354656,-0.0330005328717448,0.860456432279141,,3,1,0.1,32613054.65268284,0.4550941549180773,1.8821865710690384,1.4637627819361858,0.1459565019650299,0.1621738910722555,1,10,1.6445251019725022,1.0430275991126592,0.8,0.4550941549180773,0.4550941549180773,1,False,False,False,True,1e-07,0.9,-2.806211267538304
0.6823249117891178,0.0130451557560917,5.607017929803982,4.366396978319654,2.8586787941538083,0.3649711682252164,,3,1,0.1,1422693.4849133242,0.0903451292286048,1.8921931565051733,1.592009066785503,1.565948212776709,1.7399424586407877,1,10,0.6362139348385671,1.5446947187555655,0.8,0.0903451292286048,0.0903451292286048,1,False,False,False,True,1e-07,0.9,-0.0519242103751487
0.5322878750176518,0.0536858220502627,5.859732281420299,1.4171033923390273,0.2348549753627285,0.6366128097600057,,3,1,0.1,6843327.764053346,0.2486777399911383,1.5418901618129115,1.1432742388391142,0.5137321558755434,0.5708135065283816,1,10,1.923946703646156,1.6787698113693603,0.8,0.2486777399911383,0.2486777399911383,1,False,False,False,True,1e-07,0.9,-0.4356550116890897
0.2626315107546604,0.0243728764972926,2.440183566156958,0.1742021157882877,0.0033597426006947,0.6758680064929882,,3,1,0.1,53202669.489463,1.724468562337433,1.3481900451793178,1.21467740282014,0.4316209546151038,0.4795788384612265,1,10,1.7155242768483323,1.323416271480919,0.8,1.724468562337433,1.724468562337433,1,False,False,False,True,1e-07,0.9,-3.595798222284804
0.299410346627165,0.0342281225382604,5.388036285418394,0.3102098868994239,0.0145077657080451,0.6457049359301189,,3,1,0.1,29624220.089691743,1.0495713912717628,0.93857225020214,1.049119746724611,0.4938254919850915,0.5486949910945461,1,10,1.4556785030565518,1.3730200320327457,0.8,1.0495713912717628,1.0495713912717628,1,False,False,False,True,1e-07,0.9,-1.9128505148829569
0.2494802721761761,0.0261199130836012,2.517698393048536,0.2090412354267701,0.0556771595225611,0.3693556257181204,,3,1,0.1,24382130.11538124,1.5376451671263447,1.4782854366916232,0.8609747301783762,1.5366760307228928,1.7074178119143253,1,10,1.036004727729805,1.2536657252372445,0.8,1.5376451671263447,1.5376451671263447,1,False,False,False,True,1e-07,0.9,-0.9005676936021195
0.1808950746175849,0.0241107946716043,3.4974291648119817,0.3484625714354513,0.0079267979328911,0.7480153025200957,,3,1,0.1,44974144.2821416,1.133279503027329,1.9721491576776384,1.987271352810867,0.3031839415154494,0.3368710461282771,1,10,1.0943368980767365,0.6900429218642408,0.8,1.133279503027329,1.133279503027329,1,False,False,False,True,1e-07,0.9,-3.36413482066885
0.3386687001795233,0.0422726563493222,14.198900907174234,0.7127149894290894,-0.0235290016992398,0.8383721471465855,,3,1,0.1,33875391.80618483,0.5475206294031202,0.5981411332026361,1.3499457038150828,0.1735089459533763,0.1927877177259737,1,10,1.6910370545569615,1.0792099348273387,0.8,0.5475206294031202,0.5475206294031202,1,False,False,False,True,1e-07,0.9,-2.840018496061159
0.230453562402407,0.0265693851717878,11.608120637554434,0.8736741381456684,0.0670076147461381,0.6583238921590201,,3,1,0.1,14441624.040433563,0.4934357404711427,0.7465548491338954,0.9049351642961648,0.4671082133270082,0.519009125918898,1,10,1.862481852389005,0.7574821084773651,0.8,0.4934357404711427,0.4934357404711427,1,False,False,False,True,1e-07,0.9,-0.9507266157239452
0.3465220126698543,0.0618286249742656,2.995728041891988,0.2839027569703561,0.0948908239343426,0.4263314502702555,,3,1,0.1,23209339.20570761,1.3314466641878466,1.2994990316021886,1.6839905607071672,1.2110335618671375,1.3455928465190417,1,10,1.801982065418778,1.8610259457535028,0.8,1.3314466641878466,1.3314466641878466,1,False,False,False,True,1e-07,0.9,-0.9894871251559316
0.4169818290325486,0.0797529537652309,5.77591112677254,0.796470992116154,0.4000751861297795,0.4085901881552794,,3,1,0.1,9878012.044883477,0.5841952674896855,0.9806832927094072,1.6394412358937631,1.3026960658633495,1.4474400731814996,1,10,1.2947111230182062,1.4548914732077054,0.8,0.5841952674896855,0.5841952674896855,1,False,False,False,True,1e-07,0.9,-0.403605880984862
0.2834726144288403,0.0285747383292098,3.4439588764726228,0.1973294130554847,0.0503678368338729,0.3713613381630134,,3,1,0.1,25427593.383940008,1.5984766709816147,1.1181990361671337,0.8718447602758624,1.5235156100308276,1.692795122256475,1,10,1.2675654241247465,1.7188919752010183,0.8,1.5984766709816147,1.5984766709816147,1,False,False,False,True,1e-07,0.9,-0.9442825122856758
0.2023998932928609,0.0400021310643742,4.390715936091236,0.532427845776258,0.2467126859518351,0.4209269523517003,,3,1,0.1,12182867.29674836,0.7054769401431236,1.4192809847285508,1.1986438669569233,1.2381382089498896,1.3757091210554329,1,10,1.618656190683101,0.7450991401581343,0.8,0.7054769401431236,0.7054769401431236,1,False,False,False,True,1e-07,0.9,-0.5128097211055644
0.2306326435029956,0.0110774923773167,2.870608366261266,0.1705494429534425,0.0228033233639267,0.3520011582321048,,3,1,0.1,26746877.51955715,1.733194391293676,1.2522412369514662,0.5304036748217769,1.6568097688092045,1.8408997431213383,1,10,1.764832201081132,1.250321510971305,0.8,1.733194391293676,1.733194391293676,1,False,False,False,True,1e-07,0.9,-0.9414931861929626
0.506288205532161,0.0829014869421312,4.233640343529652,1.050904493341721,0.3271400904200726,0.524371019055345,,3,1,0.1,8546596.873054981,0.4065008756729152,1.57540594889797,1.6890985147538298,0.8163419931584912,0.9070466590649902,1,10,1.458741391497118,1.7406055332183406,0.8,0.4065008756729152,0.4065008756729152,1,False,False,False,True,1e-07,0.9,-0.4481587713933434
0.1706100342051085,0.0372978544048543,7.080775305116233,0.6564595477404103,0.4880894917762371,0.3457418963431012,,3,1,0.1,9579374.524907148,0.6267382786544372,0.6436949272874606,1.4809466919633911,1.7030978875261158,1.8923309861401287,1,10,1.1500519005776455,0.6089581029793082,0.8,0.6267382786544372,0.6267382786544372,1,False,False,False,True,1e-07,0.9,-0.331199111528925
0.2693335373506764,0.0226967592837806,7.59071775448742,0.3063817652376625,0.0067862858317974,0.6789998158766711,,3,1,0.1,32581203.66383743,1.0458571346873429,0.7426482572635231,0.7631752320706886,0.4254790044942661,0.4727544494380734,1,10,1.1812484322906067,1.2307106536203514,0.8,1.0458571346873429,1.0458571346873429,1,False,False,False,True,1e-07,0.9,-2.2122631326181823
0.2927287694514016,0.0507116400657636,5.122535419132786,0.5981535429141479,0.4504126634292008,0.393548015591245,,3,1,0.1,7743905.347183448,0.4696306298711887,1.8373168902049144,1.0422407081165923,1.386887404699244,1.540986005221382,1,10,1.5711151195405189,1.0431042011081046,0.8,0.4696306298711887,0.4696306298711887,1,False,False,False,True,1e-07,0.9,-0.3047598584561988
0.2646983081106366,0.014479314547608,4.159233142682613,0.1914550634740923,0.0029744512961942,0.6543558525431382,,3,1,0.1,42354374.81390522,1.4639540321955564,1.0346717344427685,0.6390349121921055,0.4753984112806079,0.5282204569784532,1,10,1.0531363752331844,1.5548380902284653,0.8,1.4639540321955564,1.4639540321955564,1,False,False,False,True,1e-07,0.9,-2.771483306354938
0.2156339637225124,0.0217630199682312,10.675716181805797,0.1364394150681276,0.2305683296497053,0.3358066291538866,,3,1,0.1,8117913.134982816,0.5391863561242576,1.623209785893236,0.5201416614698008,1.7801138567981227,1.977904285331248,1,10,1.240277689684561,0.9570991304087382,0.8,0.5391863561242576,0.5391863561242576,1,False,False,False,True,1e-07,0.9,-0.2726049051218844
0.5387400749297906,0.0539642572998572,23.15946736662349,1.5933281780791697,0.6687715840799958,0.4233349705621734,,3,1,0.1,4920074.882432866,0.2837234847438099,0.5372898232053905,1.425514990136455,1.2259760298206233,1.3621955886895811,1,10,0.7682417922726775,1.672903104877584,0.8,0.2837234847438099,0.2837234847438099,1,False,False,False,True,1e-07,0.9,-0.2082839758636258
0.3017448437739177,0.0535189950550722,2.184655431417721,0.2962270735089344,0.0696342448955204,0.4917642703296276,,3,1,0.1,24886106.75970153,1.2648007363097742,1.839764239048441,1.857476532037406,0.930145161617239,1.0334946240191545,1,10,1.6298191446350585,1.287243050112375,0.8,1.2648007363097742,1.2648007363097742,1,False,False,False,True,1e-07,0.9,-1.223809813224927
0.2616527677008433,0.0235288045502731,1.89748820864793,0.160960383918266,0.0115229448963458,0.5585747006727636,,3,1,0.1,42739482.973662354,1.8866287198091312,1.8166507406203207,1.1695625169208816,0.7112437582941262,0.7902708425490291,1,10,1.2551899961762891,1.4018314956298077,0.8,1.8866287198091312,1.8866287198091312,1,False,False,False,True,1e-07,0.9,-2.3873193934204338
0.3892176561714545,0.0395241996798312,6.148630704617804,0.3832245814609431,-0.0371674175281008,0.9307158463219036,,3,1,0.1,110951202.36390974,0.7687159376653534,1.3550915221526352,1.9701356066968057,0.0669976110933434,0.0744417901037149,1,10,0.7889830311360859,1.7304568091712318,0.8,0.7687159376653534,0.7687159376653534,1,False,False,False,True,1e-07,0.9,-10.326404207447794
0.2678089946934032,0.0366427987581242,13.433854145632036,0.5293777452933325,0.059957056858997,0.5943669421154593,,3,1,0.1,18704541.22461012,0.7587179492790631,0.5069745090659312,1.214500710982835,0.614216111677977,0.6824623463088633,1,10,0.964929942967642,0.9374511085135236,0.8,0.7587179492790631,0.7587179492790631,1,False,False,False,True,1e-07,0.9,-1.111736096876887
0.1562102537800121,0.0146111557948784,3.36612540762699,0.2097141549601043,0.0224924863353212,0.5018781367780946,,3,1,0.1,36053598.03790823,1.7959083627732009,0.9861785866153834,1.0199922990879042,0.8932640098206449,0.9925155664673831,1,10,0.992742066959151,0.67124090721685,0.8,1.7959083627732009,1.7959083627732009,1,False,False,False,True,1e-07,0.9,-1.809451260050394
0.3743017752613519,0.0205311641430284,10.084581590261086,1.6641600576191569,-0.0221481278891493,0.8788645659978638,,3,1,0.1,21542323.32720403,0.2609538430385425,1.860494280090792,1.6592276768557133,0.1240485676858971,0.1378317418732191,1,10,0.5224224834576037,0.9689198656406716,0.8,0.2609538430385425,0.2609538430385425,1,False,False,False,True,1e-07,0.9,-1.8932784682787973
0.1617216713418559,0.0109271518686784,3.2445308096601826,0.1960766274727264,0.0321137621803967,0.3621307257625225,,3,1,0.1,27168963.546911582,1.7330245336076384,1.2185889143522814,0.6380005183841955,1.5852903550365969,1.7614337278184409,1,10,1.6733186901155657,0.735853018858377,0.8,1.7330245336076384,1.7330245336076384,1,False,False,False,True,1e-07,0.9,-0.9838716492935934
0.2792622627560953,9.529101095415937e-08,15.845341515703373,42.27696168421216,2.550949699598475,0.7942019029254604,,3,1,0.1,741802.3169921428,0.0152661490028524,0.5399238925373512,1.443807724384493,0.2332130994459091,0.2591256660510102,1,10,0.6292678212807472,0.5567536202303307,0.8,0.0152661490028524,0.0152661490028524,1,False,False,False,True,1e-07,0.9,-0.0589140811951145
0.2159234756977602,0.0127849912773863,4.117180039123033,0.2149325311741491,-0.0019802477834287,0.806164959186146,,3,1,0.1,76528821.37662765,1.4833965739848984,0.9261358060607636,0.7476230102070639,0.216396823931152,0.2404409154790578,1,10,0.8068791000602182,0.9801473261652256,0.8,1.4833965739848984,1.4833965739848984,1,False,False,False,True,1e-07,0.9,-6.169485419605127
0.1717496608471243,0.0190778662990003,10.17009848168416,0.9257235592958905,0.4201696413519508,0.4108197658784308,,3,1,0.1,6014314.199538975,0.3543514697774942,0.9778085257751788,0.6949373767209043,1.2907417187573365,1.4341574652859292,1,10,1.0812278924390868,0.594131220769873,0.8,0.3543514697774942,0.3543514697774942,1,False,False,False,True,1e-07,0.9,-0.2470799154136075
0.3908599962214678,0.0140022897505814,15.286499260857465,-0.7120476869205795,0.6513350990649015,0.4666126137043046,,3,1,0.1,2746817.704623393,0.1465117766438831,1.8936293447262773,0.5429473365044709,1.0287948365886563,1.143105373987396,1,10,1.181665507375188,1.1012529071670238,0.8,0.1465117766438831,0.1465117766438831,1,False,False,False,True,1e-07,0.9,-0.1281699785768623
0.3886078259941531,0.0620813871560506,13.19772476717887,0.8348501810355228,0.3796070162794971,0.4171304122918968,,3,1,0.1,8707375.063444592,0.5075263606759516,0.581456475604165,1.096709816332805,1.25759861539466,1.3973317948829551,1,10,1.541588662606083,1.3015598682371277,0.8,0.5075263606759516,0.5075263606759516,1,False,False,False,True,1e-07,0.9,-0.3632110950936313
0.38408089402983,0.050053731838416,5.013829085927169,0.7734431492935707,0.3316332777338371,0.3784794193769976,,3,1,0.1,8878694.112795435,0.5518290565829456,1.8355813484941093,1.5793248434421006,1.4779364317390362,1.6421515908211513,1,10,0.5988375118084591,1.3339480642731072,0.8,0.5518290565829456,0.5518290565829456,1,False,False,False,True,1e-07,0.9,-0.3360402991114306
0.2522129706722386,0.0209619346015501,2.023225297771441,0.1585795201150412,-0.0064626376520427,0.8799074714350107,,3,1,0.1,152218636.19554657,1.8280319111495555,1.7923468086200942,1.5122626366781993,0.1228348198160212,0.1364831331289124,1,10,1.1583203753704017,1.1967929688429333,0.8,1.8280319111495555,1.8280319111495555,1,False,False,False,True,1e-07,0.9,-13.39383154566151
0.2919413336397466,0.0339943425881802,6.692563703640568,0.1976518781433353,0.0363399029102908,0.4515376401767054,,3,1,0.1,30939160.05560404,1.696896306839856,0.697325792232296,1.914478269899659,1.093189315618943,1.214654795132159,1,10,0.7025998762322392,1.5866397006034427,0.8,1.696896306839856,1.696896306839856,1,False,False,False,True,1e-07,0.9,-1.3970195345459109
0.1882232667064114,0.0190969165049909,4.951310207445772,0.3503795269967247,0.0347172751409229,0.5523261996234039,,3,1,0.1,22987928.790868223,1.0291092418713363,1.203105075348411,0.7949885042485992,0.7294718603130773,0.8105242892367526,1,10,1.6412781669103975,0.7832048358157622,0.8,1.0291092418713363,1.0291092418713363,1,False,False,False,True,1e-07,0.9,-1.2696835350256357
0.1240323480339928,0.0087041973332794,5.573114723989531,0.20209748163225,0.0079094113918476,0.631115694438926,,3,1,0.1,52548052.10124013,1.9384149754919944,0.6756336118778116,1.5232849153125605,0.5260459816327612,0.5844955351475124,1,10,0.504675805655787,0.5482701149544363,0.8,1.9384149754919944,1.9384149754919944,1,False,False,False,True,1e-07,0.9,-3.316390036827712
0.4165496156662688,0.0831728377368215,3.0259156150531497,0.5030288154871136,0.1955190763368676,0.4441211959234946,,3,1,0.1,15105883.772959117,0.8397039763152718,1.6975361733095795,1.8344003501361483,1.1264738730349542,1.2516376367055049,1,10,1.5153740177054384,1.896196991757616,0.8,0.8397039763152718,0.8397039763152718,1,False,False,False,True,1e-07,0.9,-0.6708843164031841
0.333942046004579,0.0505238816153864,12.389830787727377,0.3140563698049049,0.0330033901245239,0.5934237110405503,,3,1,0.1,27003132.618538577,1.0978832341680536,0.5291081396926596,1.6187970547906303,0.6166229175808928,0.6851365750898809,1,10,1.366196791953741,1.506734980078597,0.8,1.0978832341680536,1.0978832341680536,1,False,False,False,True,1e-07,0.9,-1.6024299152506187
0.2151250014174385,0.0370929474739228,2.7531351536853723,0.2937821294880115,0.1059885889841052,0.3886708329542022,,3,1,0.1,22884016.818363287,1.3989665517005867,1.4343875714978485,1.8729714929368184,1.4155840976265086,1.5728712195850096,1,10,1.0541601283483004,0.840677021925728,0.8,1.3989665517005867,1.3989665517005867,1,False,False,False,True,1e-07,0.9,-0.8894349862707444
0.3174612207159022,0.0520332600090386,7.383996887880023,0.2749934474830176,0.1157633749670406,0.3536499024381583,,3,1,0.1,22288432.672740683,1.4406129200230522,0.6728843265603034,1.957534760328264,1.644889716624141,1.8276552406934896,1,10,0.8858336312602958,1.6281745432330117,0.8,1.4406129200230522,1.4406129200230522,1,False,False,False,True,1e-07,0.9,-0.7882302044764824
0.2337174165374904,0.0203989102648031,2.4123700896132525,0.1816263966247406,0.0140195376505261,0.5465911750375689,,3,1,0.1,41007043.2987937,1.85929534688164,1.4353139623171858,1.5549806353902729,0.7465688454229805,0.8295209393588672,1,10,0.6451131176986082,1.0529159211800618,0.8,1.85929534688164,1.85929534688164,1,False,False,False,True,1e-07,0.9,-2.2414087994550385
0.4176938046097043,0.0426839771873564,12.292524032406796,0.6354218458407153,0.1736162175279132,0.4589992607229168,,3,1,0.1,9476439.074558206,0.5126760022875207,1.0719322553321202,0.7146056914026317,1.0607874718197017,1.178652746466335,1,10,1.6065929871569629,1.8723445376841927,0.8,0.5126760022875207,0.5126760022875207,1,False,False,False,True,1e-07,0.9,-0.4349678521448761
0.350618889889753,0.0488840469321433,4.940077451217065,0.4427063421758251,0.1718008136936145,0.4079455698080067,,3,1,0.1,12516673.01708873,0.7410550968693976,1.5700018559855622,0.9038003228680984,1.3061766730879587,1.4513074145421765,1,10,1.92915695640647,1.6757807422269138,0.8,0.7410550968693976,0.7410550968693976,1,False,False,False,True,1e-07,0.9,-0.5106121305172809
0.2405472821985517,0.0196050301064907,2.2429776895322906,0.1616149295420376,0.0145364027508347,0.5090048088107539,,3,1,0.1,40698229.6188646,1.99826330471256,1.351650864166159,1.136367629180395,0.868156183244659,0.9646179813829544,1,10,0.7696161651029292,1.1771914565945487,0.8,1.99826330471256,1.99826330471256,1,False,False,False,True,1e-07,0.9,-2.071559459915953
0.2384866273075227,0.0135561420594153,5.760428618377746,0.1875099882395755,0.0226036353961309,0.4027369622809924,,3,1,0.1,27127678.89627837,1.6202358323763446,0.6981639752892315,0.5989139579313723,1.334709212938006,1.4830102365977844,1,10,1.876611493662637,1.2634140626778811,0.8,1.6202358323763446,1.6202358323763446,1,False,False,False,True,1e-07,0.9,-1.092531901948942
0.1246137077433695,0.0132587424533695,6.061245184521341,0.4538246497752851,0.0361079407146901,0.6066146750921774,,3,1,0.1,25061526.923490893,0.9858835930348137,1.2713458657374055,1.7416818770200642,0.5836436323655402,0.6484929248506002,1,10,0.5284922133311171,0.5001499354955148,0.8,0.9858835930348137,0.9858835930348137,1,False,False,False,True,1e-07,0.9,-1.520269001932906
0.8314476050996847,3.90892944282949e-12,6.654099165476556,17.350410685239922,6.824090979505709,0.7431855066610712,,3,1,0.1,319577.23125381465,0.0082072056513205,1.6660451549099702,0.8759052944697239,0.311003163992599,0.3455590711028877,1,10,1.1847029703614864,1.986529291177968,0.8,0.0082072056513205,0.0082072056513205,1,False,False,False,True,1e-07,0.9,-0.0237505166507333
0.2314455968354439,0.0216911880310542,4.854092874417097,0.3167687937773811,0.0747121025792032,0.3931874316782944,,3,1,0.1,16589962.57899405,1.0066996794257594,1.2469563555516574,0.6523355173874026,1.388984660975581,1.5433162899728676,1,10,1.758543794669697,1.0273521329784483,0.8,1.0066996794257594,1.0066996794257594,1,False,False,False,True,1e-07,0.9,-0.6522964778097597
0.274621370414052,0.02546149909519,2.203676039139862,0.1937596655520791,0.0232015422563273,0.4937837890833111,,3,1,0.1,30495535.07530005,1.543733272064867,1.8814568562737648,0.957557625907996,0.9226600789604942,1.02517786551166,1,10,1.0744115019313851,1.5866353343811377,0.8,1.543733272064867,1.543733272064867,1,False,False,False,True,1e-07,0.9,-1.5058200907095536
0.2841522973278658,0.0257559876453992,2.84912408078965,0.1658807451084789,-0.0074808347510532,0.8470841247203961,,3,1,0.1,109243633.62893608,1.6705084197865108,1.226051404532689,1.5981169733619178,0.1624682646449906,0.1805202940499895,1,10,1.0475201339107736,1.4550354172102662,0.8,1.6705084197865108,1.6705084197865108,1,False,False,False,True,1e-07,0.9,-9.253854784741026
0.4718802637607752,0.0665852003941944,6.207395832394267,0.7933687376422051,0.591606874324204,0.3377167249652894,,3,1,0.1,7021299.055340167,0.465008847258703,1.5014991438583265,1.083517040204396,1.7649553707845,1.9610615230938888,1,10,0.9684168356782228,1.9809689766229488,0.8,0.465008847258703,0.465008847258703,1,False,False,False,True,1e-07,0.9,-0.2371210124126864
0.7574890944692638,5.4535381944476106e-15,11.599354547010712,-13.866759716187904,25.2104898005317,0.3864892233733303,,3,1,0.1,107205.80628978364,0.006577191094192,1.4410719076216083,0.6176365756283435,1.4286548384057856,1.5873942648953172,1,10,0.5470817115833608,1.5807658650372334,0.8,0.006577191094192,0.006577191094192,1,False,False,False,True,1e-07,0.9,-0.0041433888841377
0.5821714043205782,0.0214138873880391,15.697854860219952,0.7409589444376942,1.0738383449077562,0.3520150651521693,,3,1,0.1,2481526.4670156925,0.1607991605442083,1.066969696110403,0.5758246813462362,1.656708757936105,1.8407875088178944,1,10,1.3072848612320107,1.7165825167762576,0.8,0.1607991605442083,0.1607991605442083,1,False,False,False,True,1e-07,0.9,-0.0873534701065987
0.3661006245657388,0.0381036973611744,9.720729437838246,0.3006079620709699,0.3660692539885985,0.3695032241515356,,3,1,0.1,6551145.335167176,0.4130475598212882,1.5378463592448297,0.6451777317573952,1.5357026980389872,1.7063363311544302,1,10,0.8167003315012772,1.5404151518462543,0.8,0.4130475598212882,0.4130475598212882,1,False,False,False,True,1e-07,0.9,-0.2420669322832708
0.4665674175660018,0.0348672068139133,12.14000649803125,1.579000068855739,0.5244561973245844,0.4547965427596591,,3,1,0.1,4558177.402720095,0.2485133832276954,0.8220789034140168,0.9316249104853978,1.0789068635810024,1.1987854039788914,1,10,0.6409664591664462,1.2975297218392012,0.8,0.2485133832276954,0.2485133832276954,1,False,False,False,True,1e-07,0.9,-0.2073043325804538
0.4067702188624539,0.0394094679229857,13.303300133553956,0.589211228544557,-0.0142194668818091,0.7916040015386702,,3,1,0.1,28479537.41427145,0.5935021040818977,0.8417817333384443,1.6991288626594565,0.2369321002049465,0.2632578891166073,1,10,0.6660679373598813,1.506073299942186,0.8,0.5935021040818977,0.5935021040818977,1,False,False,False,True,1e-07,0.9,-2.254451577590606
0.1480654369554532,0.0233571950668352,5.657110204120117,0.5238658411470603,0.1125012686856383,0.5153316077450272,,3,1,0.1,14993007.225103913,0.7266635977923567,1.460327513699347,0.9849974271615848,0.8464482800466933,0.9404980889407702,1,10,1.377834469913726,0.6046589763015451,0.8,0.7266635977923567,0.7266635977923567,1,False,False,False,True,1e-07,0.9,-0.7726370515830783
0.2280148212820025,0.0203204358440964,2.2409767472876942,0.1687791702826402,-0.0078141430581492,0.9311812876327206,,3,1,0.1,264411034.78517625,1.819642517048068,1.619983290754972,1.5630302591591592,0.0665142673646389,0.0739047415162654,1,10,1.4916124079429816,0.9990411442458718,0.8,1.819642517048068,1.819642517048068,1,False,False,False,True,1e-07,0.9,-24.62146083836637
0.2670819942395087,0.0464170160291862,4.178440215230936,0.5304531109553093,0.2509904359980433,0.3606605173794649,,3,1,0.1,13228878.124353744,0.8457743257744853,1.3382881473915411,1.879000276385688,1.5954214742976014,1.7726905269973348,1,10,0.7654962783934187,0.9331198687614772,0.8,0.8457743257744853,0.8457743257744853,1,False,False,False,True,1e-07,0.9,-0.4771134033104637
0.2841095581384954,0.0376821090196654,10.750148464748133,0.2255144634440283,0.0778532294575834,0.3488712168573498,,3,1,0.1,25264277.73851848,1.645029681198829,0.5004436609475779,1.7037287210840688,1.6797485046409018,1.86638722737878,1,10,0.6816642289554609,1.4497021252047693,0.8,1.645029681198829,1.645029681198829,1,False,False,False,True,1e-07,0.9,-0.8813979337032516
0.2733226204382766,0.0427740804561557,5.167105186889542,0.3348160329741085,0.0991560297544025,0.4249864590406184,,3,1,0.1,20287812.80982784,1.1665765948424287,0.7935584890455224,1.4810764602972912,1.2177145314975364,1.3530161461083736,1,10,0.9444737751280984,1.1084683221401614,0.8,1.1665765948424287,1.1665765948424287,1,False,False,False,True,1e-07,0.9,-0.8622045752044175
0.3956099272502596,0.0264675314476093,35.23078485433311,0.9654246309272072,0.1297279083628458,0.5349257685865793,,3,1,0.1,8058146.890043416,0.3747636101554477,0.5330642617251217,0.5623048849910202,0.7824764347734585,0.8694182608593983,1,10,1.503291257364233,1.3119736656367689,0.8,0.3747636101554477,0.3747636101554477,1,False,False,False,True,1e-07,0.9,-0.4310510424077867
0.3244717827858012,0.0334680513772652,6.374452114316282,0.3407535304686915,0.088436797118896,0.4052098571798463,,3,1,0.1,15724781.325334689,0.9352943986635148,1.0595197988397025,0.7650928995465933,1.3210713388459074,1.4678570431621194,1,10,0.5933894011898876,1.7773287542130023,0.8,0.9352943986635148,0.9352943986635148,1,False,False,False,True,1e-07,0.9,-0.6371836389312845
0.533901174146429,0.0583934174948534,10.019454021982128,2.020110509011404,1.281805935514233,0.3405462397026529,,3,1,0.1,4001774.06608012,0.263898469059649,0.8181540738505257,1.79608930522537,1.7428129137054416,1.9364587930060464,1,10,0.881396515524289,1.5543163726692584,0.8,0.263898469059649,0.263898469059649,1,False,False,False,True,1e-07,0.9,-0.1362789109701814
0.2663786187207932,0.0246450917612009,3.958928193647898,0.1774729824218608,0.0136821128786141,0.5547193663947971,,3,1,0.1,39521200.95648103,1.75980236949113,0.8672528835829816,1.1304936785283997,0.7224420031505886,0.8027133368339873,1,10,1.0107226572673962,1.3696947714625072,0.8,1.75980236949113,1.75980236949113,1,False,False,False,True,1e-07,0.9,-2.1923175618487574
0.4064813080340792,0.0480467683394904,4.808889669557595,0.4994676382468045,0.0898377486166084,0.5037288721320338,,3,1,0.1,14949792.987402948,0.7419149893864853,1.7981312985614295,1.94411379655361,0.8866754315486182,0.9851949239429092,1,10,0.5579063581633634,1.969139556040296,0.8,0.7419149893864853,0.7419149893864853,1,False,False,False,True,1e-07,0.9,-0.7530642368808809
0.2654295770541157,0.0338870894125783,3.5945830376974848,0.2450534698304058,0.0714568632307696,0.384974948584204,,3,1,0.1,23471523.93988676,1.4435573773688923,0.9702679604964316,1.0513251315936478,1.4378144560051718,1.5975716177835242,1,10,1.0490355893175771,1.2432955634032947,0.8,1.4435573773688923,1.4435573773688923,1,False,False,False,True,1e-07,0.9,-0.903594872151914
0.1964471769099429,0.0108990084646321,6.223553054018389,0.3598443710638114,0.0183874813291493,0.5671347411350791,,3,1,0.1,21008176.493846275,0.9093708849334784,1.755949336313927,0.5262708349317056,0.686924472654797,0.7632494140608854,1,10,1.9324721296845784,0.8764604953633646,0.8,0.9093708849334784,0.9093708849334784,1,False,False,False,True,1e-07,0.9,-1.191446674072422
0.443792875142166,0.0102188976276434,7.996402854210357,2.5471958023099392,1.6538843195829636,0.4390558653992593,,3,1,0.1,1800786.522197622,0.1010140536347862,1.4235989604336052,0.873201666177735,1.1498530390468125,1.2776144878297917,1,10,0.7183966314659376,0.9258732698243136,0.8,0.1010140536347862,0.1010140536347862,1,False,False,False,True,1e-07,0.9,-0.0790645884955314
0.3761339684309945,0.0469350545283665,6.535111610179591,0.3768133720485615,0.0008965197566308,0.7177404495135737,,3,1,0.1,30322112.466620546,0.855870498244991,1.0386604733270184,1.4771559383204171,0.3539351803426252,0.3932613114918057,1,10,1.0325098348792427,1.7612480358859994,0.8,0.855870498244991,0.855870498244991,1,False,False,False,True,1e-07,0.9,-2.176340664138466
0.3244595157446018,0.0680703888609346,3.6551348840689895,0.703319795047345,0.4401594410713453,0.3846151731110708,,3,1,0.1,9821440.234327624,0.6043964693858026,1.486444839824451,1.5025481478774894,1.4400012867929526,1.6000014297699472,1,10,1.4694226982244871,1.08462084307331,0.8,0.6043964693858026,0.6043964693858026,1,False,False,False,True,1e-07,0.9,-0.3777474935833972
0.2447627598600772,0.028708855590183,2.551041256955889,0.2233450285804693,0.0449923154162465,0.4352782136979465,,3,1,0.1,27801070.499562584,1.5699868651674047,1.3588273427512378,1.1745198503560703,1.1676431111816197,1.297381234646244,1,10,0.9490760274914842,1.1065355226999782,0.8,1.5699868651674047,1.5699868651674047,1,False,False,False,True,1e-07,0.9,-1.2101200327551975
0.3153043234302853,0.0249822772522229,5.25670097374757,3.2203271437040764,0.5545520938409526,0.6716612939528137,,3,1,0.1,4770991.850022073,0.1566501134278772,1.1172963732254748,1.9558388808112368,0.4399610906613113,0.4888456562903459,1,10,1.2520720748840153,0.7311798881719789,0.8,0.1566501134278772,0.1566501134278772,1,False,False,False,True,1e-07,0.9,-0.3204490560101193
0.2697808218350632,0.0373835967979288,6.927322529244994,0.8325510754617804,0.1657854308405861,0.5731098180922988,,3,1,0.1,9563781.339079268,0.4082683956531996,1.8458278763803364,0.9501627177512556,0.670379657769283,0.7448662864103144,1,10,1.391087064316845,0.9618905146567904,0.8,0.4082683956531996,0.4082683956531996,1,False,False,False,True,1e-07,0.9,-0.5481096995912929
0.2605735849343376,0.0414905997472429,6.165633482559551,0.3199623639690105,0.0304320163291455,0.6166473794401264,,3,1,0.1,29968445.400297485,1.148848092621893,0.6776335404780196,1.6462644524301506,0.5595051077929472,0.6216723419921635,1,10,1.6955262053098534,1.0148564386438197,0.8,1.148848092621893,1.148848092621893,1,False,False,False,True,1e-07,0.9,-1.8479963316772168
0.4967498901507917,0.0171895455637961,17.170569744064398,1.549412003024749,0.1016192320077466,0.6992171012405812,,3,1,0.1,5996778.507860053,0.1803728243408003,1.6631081180976506,0.5508224006102981,0.3871538731006166,0.4301709701117963,1,10,1.7589313407528433,1.5209546503776366,0.8,0.1803728243408003,0.1803728243408003,1,False,False,False,True,1e-07,0.9,-0.4193050087299151
0.2134172156113339,0.0258341168886203,2.4727943232114824,0.2412890590748202,0.0516272433683293,0.419835844651844,,3,1,0.1,27826267.10821441,1.614380117203576,1.9120761039089795,1.9142970572439508,1.2436949976158898,1.381883330684322,1,10,0.6885852583700647,0.8738558559152247,0.8,1.614380117203576,1.614380117203576,1,False,False,False,True,1e-07,0.9,-1.1682464378828068
0.3474762876550952,0.0501705262045534,4.7762197456977615,0.4018513651687136,0.1625281000827085,0.3603819713443866,,3,1,0.1,15490479.53672271,0.9907988994728808,1.1449829016582531,1.637206950104222,1.597350232706136,1.7748335918957066,1,10,0.6252928539253839,1.674438585240813,0.8,0.9907988994728808,0.9907988994728808,1,False,False,False,True,1e-07,0.9,-0.5582489553257185
0.5523908660153775,0.0498666084806071,8.358092037360159,1.074279526520214,-0.0602990599543862,0.8511331738610824,,3,1,0.1,21286567.46084689,0.3168863420129756,1.416774650895364,1.3240045644415048,0.1574138426742762,0.1749042696380847,1,10,1.4338621001401046,1.93068363806092,0.8,0.3168863420129756,0.3168863420129756,1,False,False,False,True,1e-07,0.9,-1.8117703722002736
0.2546833200196627,0.0147161382872994,3.605772210337535,0.2140494311692312,0.0246820342331279,0.4263106623528852,,3,1,0.1,23513137.68229526,1.3489235038659195,1.2688188034094037,0.5369028704641908,1.211136500862395,1.3457072231804392,1,10,1.3520188251733856,1.4338623936354582,0.8,1.3489235038659195,1.3489235038659195,1,False,False,False,True,1e-07,0.9,-1.002390130276799
0.2460880915602803,0.0134488268382358,2.0796481514096987,0.1537940175214741,-0.0061922796199177,0.9690832770845116,,3,1,0.1,579396440.1359606,1.7913037434757009,1.9553825616707128,0.9372864835938352,0.0287127549116844,0.0319030610129826,1,10,1.5571457538205966,1.3351319153374055,0.8,1.7913037434757009,1.7913037434757009,1,False,False,False,True,1e-07,0.9,-56.148340182063386
0.3096290147425106,0.0557170252165547,4.930078166688361,0.3994835210809365,0.1936739644555681,0.3594773330825495,,3,1,0.1,16239791.816799114,1.0401953710007716,0.8629727493374881,1.4612774260322068,1.603634908722677,1.781816565247419,1,10,1.038649057025682,1.267059997550932,0.8,1.0401953710007716,1.0401953710007716,1,False,False,False,True,1e-07,0.9,-0.5837837043993749
0.1875315238880587,0.0133274411831178,3.183845480541805,0.1854149164580386,-0.0023675288425896,0.844835592480561,,3,1,0.1,117254483.87422432,1.819372071072339,1.042953659692979,1.1105159526780426,0.1652960268369711,0.183662252041079,1,10,1.0066111830741409,0.8063656479109991,0.8,1.819372071072339,1.819372071072339,1,False,False,False,True,1e-07,0.9,-9.90607614134348
0.2913639926533732,0.0342115033020257,2.0194907964016937,0.205106934068113,0.0176555698312496,0.5745336086154464,,3,1,0.1,36172831.70966028,1.5390322625876645,1.9303844749460697,1.4917347379484474,0.6664879939206458,0.7405422154673843,1,10,1.1553867319036772,1.5029989971204405,0.8,1.5390322625876645,1.5390322625876645,1,False,False,False,True,1e-07,0.9,-2.0782507524159834
0.3207466986986039,0.0413450532669713,5.998331866894095,0.6627924265936608,0.3108972812494394,0.3519021250974889,,3,1,0.1,9364592.59705486,0.6069171962219092,1.2984091056893343,1.1553987142170623,1.657529312307134,1.841699235896816,1,10,0.5760597983063416,1.1079918151690822,0.8,0.6069171962219092,0.6069171962219092,1,False,False,False,True,1e-07,0.9,-0.3295420039733526
0.3103606467960653,0.0457601291605402,8.228554569168482,0.309686855097315,0.1380929507388023,0.3404223495093323,,3,1,0.1,18069506.690846305,1.1918241588562075,0.6458305114573155,1.030731252914962,1.743774714842356,1.937527460935951,1,10,1.0941597834265595,1.5458051416503864,0.8,1.1918241588562075,1.1918241588562075,1,False,False,False,True,1e-07,0.9,-0.6151263928217541
0.5444067897097823,0.0794248085403998,4.5032710365096085,1.1779211349034504,0.1806173890413152,0.6392975235184971,,3,1,0.1,9291446.97593056,0.3351447600554018,1.4910698218048417,1.7817092584320553,0.5077952234926181,0.5642169149917978,1,10,1.7352391002213168,1.7830166566961658,0.8,0.3351447600554018,0.3351447600554018,1,False,False,False,True,1e-07,0.9,-0.5939999044068892
0.1211892302930432,0.0180168879958565,3.206761337645081,0.2839193552584505,0.0931820491316846,0.3660071641980058,,3,1,0.1,23657323.9824389,1.4998572408476938,1.8292237891568213,1.8988746042625024,1.5589682608319382,1.7321869564799313,1,10,0.7703754743728232,0.517717263999874,0.8,1.4998572408476938,1.4998572408476938,1,False,False,False,True,1e-07,0.9,-0.865875005710329
0.124891822707705,0.0139798110810764,2.836621266645741,0.2010134941025747,0.0070712248842191,0.7073525527317,,3,1,0.1,66949031.04935775,1.959246108430988,1.470920723949669,1.7993380392872018,0.3723499710636818,0.4137221900707575,1,10,1.596886573036986,0.5460722314193336,0.8,1.959246108430988,1.959246108430988,1,False,False,False,True,1e-07,0.9,-4.735656803954642
0.374715579007166,0.070662887816658,3.6005066638193584,0.578466630905829,0.473707076765314,0.3342506030769659,,3,1,0.1,9496334.345320404,0.6322178229284415,1.8861217440191524,1.2688414201922753,1.7925905045944286,1.991767227327143,1,10,1.2216687860073268,1.490242602306691,0.8,0.6322178229284415,0.6322178229284415,1,False,False,False,True,1e-07,0.9,-0.3174155481002819
0.2924417804160582,0.0449839096705636,5.809217162156552,0.6437162518727071,0.1032871229245772,0.568342480031324,,3,1,0.1,15302365.165636469,0.660538032833736,1.090422721243559,1.6163172090721625,0.6835522270839176,0.7595024745376863,1,10,0.9630084152048162,0.9572358041357152,0.8,0.660538032833736,0.660538032833736,1,False,False,False,True,1e-07,0.9,-0.8696984157814797
0.640512918954943,0.0380985394933545,18.68778794336351,1.7073254740779191,0.1064678266201558,0.7507630540269843,,3,1,0.1,7166274.459299837,0.1786100182176616,0.6988461880317912,1.0189534839863257,0.2987803544307759,0.331978171589751,1,10,1.9553498684943,1.990477048000112,0.8,0.1786100182176616,0.1786100182176616,1,False,False,False,True,1e-07,0.9,-0.5380174100705168
0.2883606641200724,0.0200040868367066,4.623365519321002,0.2337016615385899,-0.0113234974090123,0.9095020892709418,,3,1,0.1,130960147.3789908,1.185161853985801,1.1200240985165977,0.8298891925965793,0.0895524272203061,0.0995026969114512,1,10,1.1164444947828325,1.5896801471074036,0.8,1.185161853985801,1.185161853985801,1,False,False,False,True,1e-07,0.9,-11.910852763686163
0.4358324073572019,0.0515256746763124,9.566608735281768,0.9831226473926884,0.3243815315010497,0.440915910444013,,3,1,0.1,7803200.964300733,0.4362645070473454,0.9403299464151662,1.2238137873121375,1.141205542103659,1.2680061578929545,1,10,0.6983255734888211,1.4358480453130855,0.8,0.4362645070473454,0.4362645070473454,1,False,False,False,True,1e-07,0.9,-0.3440555457543967
0.2111352469634481,0.0237113159012225,9.102941075439997,0.7827447585866476,0.3276638930707922,0.4872006916379806,,3,1,0.1,6146158.437402454,0.3151745483002471,1.5822722789488504,0.7495743201913774,0.9472880179504226,1.0525422421671362,1,10,0.9330424877521956,0.7529560367759778,0.8,0.3151745483002471,0.3151745483002471,1,False,False,False,True,1e-07,0.9,-0.2994412643893246
0.2571687739492276,0.0275965118202739,5.043095656420847,0.3500441402612466,0.0882570103646283,0.4195846149840763,,3,1,0.1,15333725.352085184,0.8899929227022123,1.352686584224309,0.6893969115376284,1.2449785522621124,1.383309502513458,1,10,1.4210280975523026,1.1501348950431034,0.8,0.8899929227022123,0.8899929227022123,1,False,False,False,True,1e-07,0.9,-0.6433795257564537
0.4195007997811266,0.0294323274554521,16.337141998198792,0.560719649510854,0.4464194691448732,0.3549386491843116,,3,1,0.1,4992815.334401039,0.3220671886847391,1.0542051001668322,0.5507061925460868,1.6356494765174194,1.817388307241577,1,10,1.328970640576583,1.4838805892625078,0.8,0.3220671886847391,0.3220671886847391,1,False,False,False,True,1e-07,0.9,-0.1772143133133117
0.1163325598645652,0.0138904526831046,5.760484990058364,0.259239443513559,0.0647452952318009,0.3751524283384284,,3,1,0.1,25423276.72836272,1.588567113975383,0.7403125245838944,1.9850210199606229,1.4990248550066745,1.6655831722296384,1,10,0.5211699649414063,0.5161490353905611,0.8,1.588567113975383,1.588567113975383,1,False,False,False,True,1e-07,0.9,-0.9537604001519502
0.2861710485234181,0.0266818562230646,4.07650415249179,0.2057299218242306,0.0186495792392999,0.537380885212295,,3,1,0.1,32374326.31609478,1.4976980716884003,0.9863480895632892,1.0670530298958345,0.774789752978375,0.8608775033093056,1,10,0.7692159027062009,1.5722603515076097,0.8,1.4976980716884003,1.4976980716884003,1,False,False,False,True,1e-07,0.9,-1.7397344171509823
0.3142933403992299,0.0443671733216405,1.952660745233291,0.1989421722804004,0.020133870480035,0.5758854436049046,,3,1,0.1,38129189.59148745,1.6171142720779144,1.7689912714233538,1.8593600919202269,0.6628108159258481,0.7364564621398312,1,10,1.769484715946159,1.6479042903315102,0.8,1.6171142720779144,1.6171142720779144,1,False,False,False,True,1e-07,0.9,-2.1958045273860325
0.3614642856611373,0.0483919523503345,15.697151215571704,0.5071693101810689,0.0249128895843302,0.67195856342497,,3,1,0.1,22133481.34296367,0.7260698301074717,0.5629214386924704,1.7490743468744,0.4393683018379941,0.4881870020422156,1,10,0.9155318918504002,1.345530011703834,0.8,0.7260698301074717,0.7260698301074717,1,False,False,False,True,1e-07,0.9,-1.487278234932745
0.3089518169412711,0.0310349179032861,3.3619491334779155,0.2674383530356107,0.0525433667966448,0.4442728866119985,,3,1,0.1,19681423.74784684,1.0937499734960674,1.844165604132724,0.7961915859503823,1.125781962215503,1.2508688469061144,1,10,1.660488791336859,1.98541516230886,0.8,1.0937499734960674,1.0937499734960674,1,False,False,False,True,1e-07,0.9,-0.8743922958640584
0.3696955004181963,0.0616219308249107,4.584791184950686,0.3724561118333903,0.0955521291083278,0.4776011174932177,,3,1,0.1,19549077.61985533,1.0212415275535875,1.1105962170980446,1.8061745975142989,0.9844177013735332,1.0937974459705924,1,10,1.1012088993407163,1.7816823797484034,0.8,1.0212415275535875,1.0212415275535875,1,False,False,False,True,1e-07,0.9,-0.9336661311834852
0.2992875431011002,0.0326252424532081,3.969643286524185,0.2691262850487015,0.0781322969606961,0.379825545333243,,3,1,0.1,18788072.941570666,1.1651881741789076,1.2680425362245402,0.8075322184100306,1.469508873370741,1.6327876370786012,1,10,1.7932840638708925,1.7119356823059806,0.8,1.1651881741789076,1.1651881741789076,1,False,False,False,True,1e-07,0.9,-0.7136190060714147
0.2193338303343477,0.0307369005928189,2.567663434603148,0.2356409002842956,0.073207318580319,0.3860649834171524,,3,1,0.1,24651994.3775063,1.5134721086226524,1.4298883117592982,1.1404965109835528,1.4312137558653653,1.5902375065170724,1,10,1.5495656401287794,0.952576718200414,0.8,1.5134721086226524,1.5134721086226524,1,False,False,False,True,1e-07,0.9,-0.9517271814853998
0.3272172325434528,0.0451994285361368,2.802837355127477,0.2569215400927697,0.0241370503631813,0.5888240688684888,,3,1,0.1,30560241.46122723,1.2565634500049496,1.4949670743844807,1.4953311173672332,0.6284701281479222,0.6983001423865802,1,10,1.473394823722487,1.693110371361242,0.8,1.2565634500049496,1.2565634500049496,1,False,False,False,True,1e-07,0.9,-1.7994605748850885
0.1626092263844563,0.0122817964911959,2.8586521855340186,0.208276325966457,0.0096379740083747,0.6099281983556933,,3,1,0.1,45338078.0642498,1.7685104017228936,1.6661109952941282,1.2482918836678842,0.575583523480816,0.6395372483120177,1,10,0.6200807404843973,0.694904572312366,0.8,1.7685104017228936,1.7685104017228936,1,False,False,False,True,1e-07,0.9,-2.765297225832751
0.3726013635958802,0.0541461370299131,7.902771928208377,0.5771914328651627,0.1738080873690231,0.4553420946980804,,3,1,0.1,12362494.543479737,0.6733329711990441,0.8862735999542171,1.065527564269582,1.0765359066939657,1.1961510074377395,1,10,1.0361612365074993,1.4705530637511903,0.8,0.6733329711990441,0.6733329711990441,1,False,False,False,True,1e-07,0.9,-0.5629164163600713
0.2720699243865916,0.0353835112784174,7.400243396926357,0.2472813116142369,0.0425281028789944,0.4893796196658576,,3,1,0.1,27364238.956539087,1.3972736700512889,0.5914977990461068,1.1801406523976308,0.9390630991427656,1.0434034434919617,1,10,1.607277475375657,1.247769907941938,0.8,1.3972736700512889,1.3972736700512889,1,False,False,False,True,1e-07,0.9,-1.3391500847480386
0.5405761379881578,0.0218338155825176,14.043814807412057,1.6627168470876843,-0.0668585567140943,0.9367300246264576,,3,1,0.1,32530950.12106157,0.2058232210798401,1.37456414631838,0.8774107712125003,0.0607891028782765,0.0675434476425295,1,10,0.7319404926007834,1.6308630771942558,0.8,0.2058232210798401,0.2058232210798401,1,False,False,False,True,1e-07,0.9,-3.047271776108793
0.2323241735631499,0.0522714343471643,3.3004159117618475,0.4552523462842223,0.3254254426618804,0.356900236393969,,3,1,0.1,12574151.142753432,0.8086432822816623,1.6586086743441066,1.377379290303396,1.621713095775378,1.80190343975042,1,10,1.745452995629605,0.8620138777174855,0.8,0.8086432822816623,0.8086432822816623,1,False,False,False,True,1e-07,0.9,-0.4487717517526882
0.1373193244107457,0.0167369963963428,5.84333794680754,0.2664996401509663,0.1073936118077927,0.3871990469136114,,3,1,0.1,14055820.694743354,0.8613419456762137,1.9502879982816548,0.6561423229480281,1.424385886726628,1.582650985251809,1,10,1.17019026515597,0.6695960561317982,0.8,0.8613419456762137,0.8613419456762137,1,False,False,False,True,1e-07,0.9,-0.5442400376564159
0.2498826665394697,0.0314022790007426,5.044929778568058,0.2813078540604046,0.1028554957545088,0.3343288966653587,,3,1,0.1,20155489.912311565,1.3416925884845723,0.7593409006353202,1.0765129388196786,1.7919599501470584,1.9910666112745088,1,10,0.6390476445599229,1.0815165208834636,0.8,1.3416925884845723,1.3416925884845723,1,False,False,False,True,1e-07,0.9,-0.67385627133539
0.2780057927027392,0.0252993453897732,3.9027669203356536,0.1867660324619398,0.0012909852184296,0.7011485030992223,,3,1,0.1,52184724.37639519,1.5595481447373707,0.9652911716427026,1.137222221791636,0.3836082456452701,0.4262313840503001,1,10,1.994871571056465,1.4772174313496311,0.8,1.5595481447373707,1.5595481447373707,1,False,False,False,True,1e-07,0.9,-3.658924140856181
0.7023269470841108,0.0272276255594959,4.7715001270326685,2.3553112781212726,0.0176171331928526,0.8875270667991005,,3,1,0.1,9957116.78853533,0.1119906017836515,1.4414214344079883,1.842068302260092,0.1140535806371332,0.1267262007079257,1,10,1.8488746372912312,1.7480434086844787,0.8,0.1119906017836515,0.1119906017836515,1,False,False,False,True,1e-07,0.9,-0.8837210644452589
0.3132828691576559,0.035449538053402,10.317240905247864,0.686950424272148,0.0651758346506823,0.607642290628673,,3,1,0.1,15461235.504110413,0.60663343433115,0.9242546082015548,1.9853874154146585,0.5811345653194258,0.6457050725771397,1,10,0.5761047951121209,1.0161333000885764,0.8,0.60663343433115,0.60663343433115,1,False,False,False,True,1e-07,0.9,-0.939490056308984
0.3069594690899672,0.0158706479381599,15.426988330301242,0.5849568613352234,0.003478328995335,0.7296463804108015,,3,1,0.1,21283061.424531348,0.5753952117251032,1.0802525373718608,0.5009300932944585,0.3334742200643643,0.370526911182627,1,10,1.5896435998404976,1.3085748629471796,0.8,0.5753952117251032,0.5753952117251032,1,False,False,False,True,1e-07,0.9,-1.5529108734048769
0.1336417617766138,0.0162754973615168,4.970993415875147,0.3162016316076668,0.0744748961983827,0.4141321387698647,,3,1,0.1,20399093.759281296,1.1951172255169988,0.9042140415230302,0.8560166477365784,1.2732194044957583,1.4146882272175094,1,10,1.8596163685885,0.5791182450178313,0.8,1.1951172255169988,1.1951172255169988,1,False,False,False,True,1e-07,0.9,-0.8447920340578131
0.2093608870580989,0.023490638009424,4.120395684580148,0.2858421656543267,0.0143174263135648,0.6517800285098847,,3,1,0.1,36549691.56890415,1.2727331313061618,0.9809450669101788,1.1831774623640003,0.4808339633504909,0.5342599592783233,1,10,1.1131884891535426,0.8437729858222034,0.8,1.2727331313061618,1.2727331313061618,1,False,False,False,True,1e-07,0.9,-2.382235906839583
0.7204126537827814,0.0056582651188783,8.65726252939634,5.523859066546731,3.5973143945736914,0.3577323526816605,,3,1,0.1,1046733.5073008038,0.0672283001145473,1.1585120526685848,1.2061792342863698,1.6158473737512176,1.7953859708346862,1,10,0.5746744697473163,1.5623604431579574,0.8,0.0672283001145473,0.0672283001145473,1,False,False,False,True,1e-07,0.9,-0.0374450440905041
0.5509771037363006,0.0320312485656043,18.78895127867453,1.811920087802388,0.2331659192327859,0.6209999175249801,,3,1,0.1,5610509.488931344,0.212638334693596,0.7118652302694278,1.4696796204902165,0.5492755547971501,0.6103061719968333,1,10,0.5191744465501728,1.5130343601243947,0.8,0.212638334693596,0.212638334693596,1,False,False,False,True,1e-07,0.9,-0.3484125930788273
0.2809448642199108,0.0167706522328502,4.444421097144304,0.133032571118874,-0.0074741020778597,0.9718157873169164,,3,1,0.1,666594498.551887,1.878743924829355,0.9120778791942512,1.248040148217709,0.0261014399496509,0.0290015999440566,1,10,0.7155056602628851,1.7512068082429766,0.8,1.878743924829355,1.878743924829355,1,False,False,False,True,1e-07,0.9,-64.78070576546808
0.2138858780487833,0.0293083052329906,2.347896050582113,0.1869032365401371,0.0621863077232922,0.3526666930610254,,3,1,0.1,30813753.023231182,1.9946766695481688,1.1751302828052714,1.3092170293376126,1.6519846861304377,1.8355385401449305,1,10,1.5919157363035945,0.939808337769974,0.8,1.9946766695481688,1.9946766695481688,1,False,False,False,True,1e-07,0.9,-1.0866984404796758
0.1798870460622571,0.0222171182432477,5.238780183510442,0.4353192127709611,0.0187521648749658,0.7004367572122547,,3,1,0.1,31222701.793459944,0.9353172867244643,1.120889597461281,1.2577236375081144,0.3849125788058425,0.4276806431176028,1,10,0.9750385844241086,0.6787069869469291,0.8,0.9353172867244643,0.9353172867244643,1,False,False,False,True,1e-07,0.9,-2.1869528006648675
0.4297984949708903,0.0248191742398113,6.802039857581687,3.030717322224563,2.020668462254254,0.4031980121031246,,3,1,0.1,2301205.132094112,0.1373363662482339,0.8340451202320576,1.1419429011527045,1.3321538623305764,1.4801709581450848,1,10,1.715479581575846,0.9529726439967896,0.8,0.1373363662482339,0.1373363662482339,1,False,False,False,True,1e-07,0.9,-0.0927841336341157
0.3896781762915107,0.0401823199083435,7.220329075938372,1.1871373272679997,-0.0056734365506699,0.8019248812641847,,3,1,0.1,16796758.913627565,0.3327019680629429,1.6992938226584795,1.1637134604821902,0.2222996330793551,0.2469995923103946,1,10,1.981612606753508,1.2002133451324024,0.8,0.3327019680629429,0.3327019680629429,1,False,False,False,True,1e-07,0.9,-1.3469738885845863
0.5442529715122869,0.0634026673508247,6.402718989891064,2.788109297056615,2.488521153545482,0.3423162904520246,,3,1,0.1,2953610.2027144018,0.1942541124110442,0.7593186050852341,1.786661657062695,1.7291474437619097,1.921274937513233,1,10,1.956045027301432,1.4079610537289806,0.8,0.1942541124110442,0.1942541124110442,1,False,False,False,True,1e-07,0.9,-0.1011068889952235
0.394693235035146,0.030297232754366,10.187003857870186,0.694081480326182,-0.0392368322016064,0.9103263276984644,,3,1,0.1,56004023.65152401,0.5022085969264386,1.954089710139934,0.8235287946104717,0.0886564549609677,0.098507172178853,1,10,1.676424738110062,1.9109364549927208,0.8,0.5022085969264386,0.5022085969264386,1,False,False,False,True,1e-07,0.9,-5.098193725787507
0.711796682812327,0.0086490297130117,11.70800516190471,-0.3524637683455016,1.5340513108639982,0.4475711527259083,,3,1,0.1,1530714.414822104,0.0845610715547939,1.5261450632777938,0.5861074870556894,1.110853457642652,1.2342816196029465,1,10,0.8699706163742608,1.787272434874473,0.8,0.0845610715547939,0.0845610715547939,1,False,False,False,True,1e-07,0.9,-0.0685103615478802
0.4426633853459281,0.0716849262584623,17.250706117266226,0.6087336478663243,0.104062659779538,0.568388062430144,,3,1,0.1,15151489.912505578,0.6539563262301731,0.5721543564236569,1.771461984760677,0.6834252326694704,0.7593613696327449,1,10,1.2228827579905055,1.766164529187357,0.8,0.6539563262301731,0.6539563262301731,1,False,False,False,True,1e-07,0.9,-0.8611925991732805
0.1901617589545909,0.0108816300258377,2.679176408070968,0.1907275254948686,0.0090542224363533,0.5588071906071919,,3,1,0.1,38038471.65983172,1.6782298548496328,1.9912248687816425,0.721541691401015,0.7105734055105357,0.7895260061228174,1,10,1.814011849975251,0.903036861279797,0.8,1.6782298548496328,1.6782298548496328,1,False,False,False,True,1e-07,0.9,-2.125617154669831
0.2406627862603751,7.022272435807692e-05,13.764954343322458,13.769545511561727,1.217524913478502,0.7590625064414079,,3,1,0.1,1346247.2947238586,0.0324361416694789,1.954491943728304,0.7722495883618363,0.2856731064472237,0.3174145627191375,1,10,0.6306052316463417,0.5049148059008337,0.8,0.0324361416694789,0.0324361416694789,1,False,False,False,True,1e-07,0.9,-0.1021885846548068
0.2107677989407695,0.0138585821841672,4.494125372548494,0.2066031621661321,0.0334192113340248,0.3695825882634031,,3,1,0.1,24884946.59259829,1.5687902050187974,0.8066560316934654,0.6191408060983786,1.5351796555918005,1.705755172879778,1,10,1.916777162311628,0.9968539539443224,0.8,1.5687902050187974,1.5687902050187974,1,False,False,False,True,1e-07,0.9,-0.919704296865343
0.2851846358155131,0.0212098170563354,2.182296929628425,0.1388150622084904,-0.0002943443329643,0.7088143914034687,,3,1,0.1,66169649.292266026,1.926764769610308,1.6096552883379087,1.1641077278914196,0.3697259126158252,0.4108065695731391,1,10,1.2599606809389496,1.8746694240296065,0.8,1.926764769610308,1.926764769610308,1,False,False,False,True,1e-07,0.9,-4.690199974866145
0.3525222385474382,0.0332535060053839,18.461184736663032,1.4909132106194205,0.0766187230280488,0.7285946619265883,,3,1,0.1,10932423.293960514,0.2967117744029328,0.5070088699522572,1.136556452671377,0.335254726709324,0.3725052518992489,1,10,1.0166119043709163,0.9439919256290032,0.8,0.2967117744029328,0.2967117744029328,1,False,False,False,True,1e-07,0.9,-0.7965305255732653
0.420615747403248,0.0442901508092638,6.0406912208097765,1.3395577537661194,0.7124285752985022,0.3438098512197357,,3,1,0.1,5241395.197951111,0.3439351559300659,1.6884104281499577,1.5734985597227529,1.7177260389923856,1.9085844877693168,1,10,0.597936070655482,1.2234756222467704,0.8,0.3439351559300659,0.3439351559300659,1,False,False,False,True,1e-07,0.9,-0.1802043307632455
0.3476452735794911,0.0641850965197978,5.6302842247298095,0.4799148675147368,0.2115810385185881,0.3956175794700921,,3,1,0.1,14613198.409957834,0.8831959358346289,0.873368066751559,1.535178709193966,1.3749241861433463,1.527693540159274,1,10,1.1306286248210888,1.3918199107852425,0.8,0.8831959358346289,0.8831959358346289,1,False,False,False,True,1e-07,0.9,-0.5781238192983015
0.3022966059241867,0.0336565591828428,2.73380554179237,0.2611780588553468,0.0410532617181094,0.4887149562791746,,3,1,0.1,23688804.46840112,1.211173022762269,1.7962154136585042,1.0932938737647548,0.941564266524886,1.0461825183609843,1,10,0.7768780372418258,1.6529960620362556,0.8,1.211173022762269,1.211173022762269,1,False,False,False,True,1e-07,0.9,-1.1577073050093325
0.3216130515512121,0.0284870984001464,7.506580406252082,0.2850706738303999,-0.0174660680400012,0.8931016472324549,,3,1,0.1,94077247.10400642,1.0056701753368682,0.9244194627595042,1.959490143066243,0.1077240399107109,0.1196933776785677,1,10,0.5800770770751028,1.54142755438838,0.8,1.0056701753368682,1.0056701753368682,1,False,False,False,True,1e-07,0.9,-8.402054444520545
0.3322562730196877,0.0506622799411889,3.810455274799368,0.3134331272530372,0.0815359140692316,0.4554108182895309,,3,1,0.1,20853277.50104566,1.1356468197607548,1.1743942084159722,1.2826454211440492,1.0762376383158694,1.1958195981287438,1,10,1.356216767111463,1.670423797081963,0.8,1.1356468197607548,1.1356468197607548,1,False,False,False,True,1e-07,0.9,-0.949680817326069
0.3772911500244751,0.0720004074504693,3.2721770599647537,0.405921723921722,0.2121229684805504,0.3705079860154713,,3,1,0.1,15569414.43746078,0.9800821061491676,1.5162861159179917,1.3752241620274903,1.529097439110041,1.6989971545667122,1,10,1.8408243425549515,1.978857700294219,0.8,0.9800821061491676,0.9800821061491676,1,False,False,False,True,1e-07,0.9,-0.5768592381235177
0.2760174409308654,0.029533579802679,7.83375054891817,0.2503199435216655,-0.0076712946520873,0.8150587281903094,,3,1,0.1,67415359.69759232,1.246788110976913,0.6258807955715859,1.3472071386697508,0.2042149097627447,0.2269054552919386,1,10,1.1988220390045448,1.204557651302948,0.8,1.246788110976913,1.246788110976913,1,False,False,False,True,1e-07,0.9,-5.494747731171096
0.2161932202396126,0.0255422416709222,2.8296440024036214,0.1908442164996411,0.0137932909530732,0.6021555705118055,,3,1,0.1,46024116.922649145,1.831043673083994,1.0509511667199525,1.5550882277605544,0.5946303647661021,0.660700405295669,1,10,1.635099165742385,0.9170734046537784,0.8,1.831043673083994,1.831043673083994,1,False,False,False,True,1e-07,0.9,-2.7713678416300564
0.153103085151003,0.0084794133584896,3.594699885090076,0.2114650199758774,0.0302261843938112,0.3635239451821389,,3,1,0.1,23281081.17253505,1.4817849231082802,1.7477095992623808,0.5040167601783656,1.5757653847233275,1.750850427470364,1,10,1.3042462233421313,0.7174677900938908,0.8,1.4817849231082802,1.4817849231082802,1,False,False,False,True,1e-07,0.9,-0.8463230485242887
0.134206977227481,0.0201937636923895,4.274316625872356,0.3354948457165667,0.1029433966983724,0.4217709860726385,,3,1,0.1,17749122.969202705,1.0263056854291637,1.61936717115031,0.9494544471776258,1.233859439646234,1.3709549329402602,1,10,1.3263889161402092,0.5940710654421815,0.8,1.0263056854291637,1.0263056854291637,1,False,False,False,True,1e-07,0.9,-0.7486065102509493
0.2466040189065902,0.0285543474244724,8.893880265473005,0.4788250061167048,0.192180341577641,0.3599056120639102,,3,1,0.1,11126514.944979733,0.7122019061586691,0.7791844635133686,0.6646553637353085,1.600655643680774,1.7785062707564154,1,10,0.722271101343493,0.927042164055518,0.8,0.7122019061586691,0.7122019061586691,1,False,False,False,True,1e-07,0.9,-0.4004495171534895
0.2841768430198798,0.0181928313614303,2.19724855247326,0.1665608231017605,-0.0079285419325694,0.912351223647186,,3,1,0.1,179642333.13517544,1.5745429111828833,1.9795815947626183,1.6011278534406406,0.0864622052044702,0.0960691168938558,1,10,0.5186755337440759,1.640859745106107,0.8,1.5745429111828833,1.5745429111828833,1,False,False,False,True,1e-07,0.9,-16.389690251622113
0.1379014223420658,0.0055031002895528,3.1482640168731177,0.1909394151660709,0.0011676922458157,0.7479300302449607,,3,1,0.1,73991132.04117616,1.86509405529836,1.6619433553054723,0.6218302265402685,0.3033211177591487,0.3370234641768319,1,10,1.0954607498198277,0.6422969563135159,0.8,1.86509405529836,1.86509405529836,1,False,False,False,True,1e-07,0.9,-5.534018963229143
0.2595246832966369,0.0257082324448832,2.42341136691057,0.1826643920671065,0.0368981766442609,0.3936996180503562,,3,1,0.1,31793219.363483373,1.9276239115558635,1.3640069525182767,1.843814264803905,1.386006789787857,1.54000754420873,1,10,0.5392701808106233,1.286561928578578,0.8,1.9276239115558635,1.9276239115558635,1,False,False,False,True,1e-07,0.9,-1.2516978319795735
0.2838545898330774,0.0264212553203833,2.2448140372421106,0.194712890853957,-0.0054233353548091,0.7909474650916487,,3,1,0.1,69350440.86535236,1.449788402912973,1.971819624055515,1.2159490795964187,0.2378758257929497,0.2643064731032774,1,10,1.9248322255660275,1.545364489270025,0.8,1.449788402912973,1.449788402912973,1,False,False,False,True,1e-07,0.9,-5.485255547734203
0.2890970448420729,0.0276245693547037,18.60235280991332,1.0952500051373222,0.2747261022259479,0.4737000366363516,,3,1,0.1,6960437.162609934,0.3663277457975034,0.5552356669182341,0.6969061122102743,0.9999365218350384,1.1110405798167091,1,10,1.584467746346607,0.8717721424098708,0.8,0.3663277457975034,0.3663277457975034,1,False,False,False,True,1e-07,0.9,-0.3297159339496959
0.1863303295642232,0.0061954316248256,2.8506395855879,0.1850283666193709,0.0005302820619087,0.7353713716563995,,3,1,0.1,64688522.1478989,1.7118433197854068,1.7080291764805924,0.5259240869355667,0.3238714133959008,0.3598571259954454,1,10,0.5175950910821849,0.9010977720706635,0.8,1.7118433197854068,1.7118433197854068,1,False,False,False,True,1e-07,0.9,-4.757008732936431
0.318753921851784,0.0650536635978897,8.46721080898136,0.6678772891008358,0.4037424269770047,0.3646737806864211,,3,1,0.1,10721528.166418515,0.6811667271102246,0.6230442170695658,1.591814638969013,1.5679591669736737,1.7421768521929708,1,10,1.1789800587066033,1.0747622825141403,0.8,0.6811667271102246,0.6811667271102246,1,False,False,False,True,1e-07,0.9,-0.3909860209481468
0.4444695627182454,0.0557462232139138,5.490365901769574,0.8471215427798702,-0.0042771869882598,0.7642774680687683,,3,1,0.1,18837218.28623963,0.4440356354872905,1.7324877743396023,1.4668114571235211,0.2775827989201164,0.3084253321334626,1,10,1.4112642603090126,1.5098765816719335,0.8,0.4440356354872905,0.4440356354872905,1,False,False,False,True,1e-07,0.9,-1.4396861529477412
0.2635931506187327,0.0373467641866392,3.6581026474589615,0.2798955212744941,0.1017972240645173,0.35121124510608,,3,1,0.1,21802321.33203219,1.4145099527256084,1.0589501275479891,1.9660570965623128,1.662560318158844,1.8472892423987155,1,10,0.6409260100697256,1.1404417026188751,0.8,1.4145099527256084,1.4145099527256084,1,False,False,False,True,1e-07,0.9,-0.7657220437985416
0.2769967346528719,0.0287451388377041,5.009579110281333,0.4071252440203012,-0.0158955083875594,0.8736441862991858,,3,1,0.1,68427791.43271373,0.8646248409439086,1.4421997849303012,1.7524519361116326,0.1301676747972868,0.1446307497747631,1,10,0.756211543958488,1.0138800135578867,0.8,0.8646248409439086,0.8646248409439086,1,False,False,False,True,1e-07,0.9,-5.978154222064763
0.1333667342583297,0.0114565504377326,4.3988256407593305,0.2222964791310121,0.0304764027839949,0.4352157208848078,,3,1,0.1,30680655.15811825,1.7327949970634409,0.7528479878975324,0.801745308314294,1.1679400049480533,1.297711116608948,1,10,0.8378993988663291,0.5882237775298761,0.8,1.7327949970634409,1.7327949970634409,1,False,False,False,True,1e-07,0.9,-1.3352703449677703
0.1422515912413469,0.0258913985630577,3.2574754011935583,0.2861147680287862,0.1030399619196477,0.4028401023200771,,3,1,0.1,22781318.425179813,1.36040884141529,1.1785280758108356,1.4051801277471945,1.3341370554138718,1.4823745060154132,1,10,1.810455725856028,0.5999846686886523,0.8,1.36040884141529,1.36040884141529,1,False,False,False,True,1e-07,0.9,-0.9177228641855968
0.3347234209569788,0.0603782594616461,2.6983649375248286,0.3559131927221236,0.1679492599141228,0.3716813236466475,,3,1,0.1,17345008.448485598,1.0898191660910108,1.5932298099785194,1.3983987631582822,1.5214291726307398,1.6904768584786,1,10,1.3145587425611522,1.5849289209756556,0.8,1.0898191660910108,1.0898191660910108,1,False,False,False,True,1e-07,0.9,-0.6446815699410083
0.2822015067120156,0.0329329497010105,6.149903224852865,0.5573344054773144,0.0069936873376455,0.738913878036586,,3,1,0.1,25152754.84773132,0.6567034563998885,1.6624710784492482,1.0066613511157123,0.3180039200122293,0.353337688902477,1,10,1.9516671536453087,1.0902300489389003,0.8,0.6567034563998885,0.6567034563998885,1,False,False,False,True,1e-07,0.9,-1.8585719630137945
0.4454242971575909,0.0792283173776444,4.2488214251849135,0.7282701827712189,0.4735951632628283,0.3875552621492494,,3,1,0.1,8484301.078317009,0.5196165028973707,1.8218785178925416,1.2223539272834665,1.4222494645251542,1.580277182805727,1,10,1.8648002369052163,1.8399656903733868,0.8,0.5196165028973707,0.5196165028973707,1,False,False,False,True,1e-07,0.9,-0.3288135527822151
0.188480995497711,0.0172478877273271,2.5711089076770017,0.1887977586504743,0.0430887863054691,0.3716583012442034,,3,1,0.1,25929614.93620528,1.629265669094762,1.9814388512206524,0.7922428038372828,1.5215791682496072,1.690643520277341,1,10,1.0147834473722068,0.8923426466781246,0.8,1.629265669094762,1.629265669094762,1,False,False,False,True,1e-07,0.9,-0.9636956652778323
0.7632540828079638,0.0077357171993231,6.204240449127372,3.4801041027923305,0.5360732727603678,0.7958727555686479,,3,1,0.1,3347668.8423463097,0.0683350347570822,1.4006311781394758,1.6347760846568171,0.2308340355952424,0.2564822617724915,1,10,0.7619471874182502,1.7737218343569154,0.8,0.0683350347570822,0.0683350347570822,1,False,False,False,True,1e-07,0.9,-0.2664318425700768
0.2724613418955338,0.0279536337546436,2.382073943358877,0.199890571181593,0.0130063731032562,0.5919024293388591,,3,1,0.1,38268157.09983152,1.5617140416690722,1.5229370582565995,1.2147399413897355,0.6205208753835977,0.6894676393151085,1,10,1.149530737454469,1.369554555337515,0.8,1.5617140416690722,1.5617140416690722,1,False,False,False,True,1e-07,0.9,-2.265101520053683
0.3983883396062171,0.01291148611523,24.34758621083114,2.9148519021125656,-0.0256636256407728,0.927095220460871,,3,1,0.1,21370937.89828576,0.1558043361896292,0.6140282688785574,1.5440750058249162,0.0707740695207104,0.0786378550230116,1,10,0.5778686734759457,0.8797844181119777,0.8,0.1558043361896292,0.1558043361896292,1,False,False,False,True,1e-07,0.9,-1.9812894403652053
0.2695899653267635,0.0282195242675844,3.949007370383559,0.1846453579309658,0.0156226359406138,0.55981254017759,,3,1,0.1,39714387.82060815,1.748177377735732,0.8722009299237267,1.4988907538659066,0.7076810278570966,0.7863122531745518,1,10,0.9097512428297364,1.3157310296664326,0.8,1.748177377735732,1.748177377735732,1,False,False,False,True,1e-07,0.9,-2.2232612368631064
0.2098379861449981,0.0254916255756285,4.233469774582236,0.304982843444044,0.0294265187971825,0.578378261978671,,3,1,0.1,28424392.677707497,1.1984340664541773,0.9815929404539157,1.068399456407097,0.6560750795180982,0.7289723105756646,1,10,1.5274906917957114,0.8531197179110803,0.8,1.1984340664541773,1.1984340664541773,1,False,False,False,True,1e-07,0.9,-1.6440050862167708
0.2745180090346403,0.0244935182890466,2.8090127162441467,0.1631427893200479,0.0379512580319298,0.3602529062507079,,3,1,0.1,29634646.087335005,1.895867682978559,1.2274804521434972,0.8914773031076401,1.5982449395527445,1.7758277106141602,1,10,1.6209014526458885,1.7513657672708258,0.8,1.895867682978559,1.895867682978559,1,False,False,False,True,1e-07,0.9,-1.0675967388242027
0.2326728186224033,0.0250936658444104,6.98681987863141,0.5711853462076598,0.0317553390432034,0.6628236139112332,,3,1,0.1,21664507.50493335,0.7304759617629505,1.142548453242353,1.4184710956386848,0.4578273029369321,0.5086970032632578,1,10,0.6015877737964151,0.7936806750229464,0.8,0.7304759617629505,0.7304759617629505,1,False,False,False,True,1e-07,0.9,-1.4359747160384098
0.1902909817867895,0.0111087016708987,2.6978232480172526,0.1852995372073411,0.011761011369578,0.5150093464729423,,3,1,0.1,35790889.568957075,1.7358245172814262,1.5986253335641154,0.6674903863829557,0.8475411002997876,0.9417123336664306,1,10,0.804031348955399,0.9000627173383134,0.8,1.7358245172814262,1.7358245172814262,1,False,False,False,True,1e-07,0.9,-1.843264263201988
0.44066410544689,0.0867025075174633,4.770050209988523,0.6298615266490546,0.2900039762077685,0.4124575853560451,,3,1,0.1,12470338.56006769,0.7326852091332688,1.2112815243388697,1.9790148050584333,1.2820425468065872,1.4244917186739858,1,10,1.238794699199551,1.872724089156616,0.8,0.7326852091332688,0.7326852091332688,1,False,False,False,True,1e-07,0.9,-0.5143485727553567
0.3774496985696372,0.050279830996739,10.038984744730632,0.3794524991013312,-0.0431678552283813,0.922438431713852,,3,1,0.1,104286789.6122688,0.8088646150301803,0.7253699557150238,1.7161339512411826,0.0756748733114228,0.0840831925682476,1,10,1.78309031807557,1.533389792616045,0.8,0.8088646150301803,0.8088646150301803,1,False,False,False,True,1e-07,0.9,-9.619814272158044
0.2913898828273673,0.0547976153078608,6.887451903414286,0.3636369696813039,0.185411410224805,0.3564382539364827,,3,1,0.1,17244214.589246772,1.1097715739526914,0.6263938156435371,1.3184099763146,1.624981508186773,1.805535009096414,1,10,1.5174827323274656,1.1982927868648945,0.8,1.1097715739526914,1.1097715739526914,1,False,False,False,True,1e-07,0.9,-0.6146497738004193
0.274608377039732,0.0284377567168124,1.836026408389965,0.1632907417336982,0.0206514567996078,0.4924280423861598,,3,1,0.1,39309305.63767716,1.9952299195991128,1.733111485122536,1.622434737207111,0.9276782037815472,1.0307535597572746,1,10,0.9012627945632128,1.4397619267979993,0.8,1.9952299195991128,1.9952299195991128,1,False,False,False,True,1e-07,0.9,-1.9357004399693247
0.3448887938288418,0.0623594803392262,12.034732710767967,0.9985371085492112,0.5891012764505076,0.3958107062257816,,3,1,0.1,7351916.649385571,0.4441948882142727,0.5146486062989302,1.2878240314026632,1.3738141890649485,1.526460210072165,1,10,1.6408144896234949,1.048821387367367,0.8,0.4441948882142727,0.4441948882142727,1,False,False,False,True,1e-07,0.9,-0.2909967319834441
0.1976982270861236,0.0298744492475756,2.6382298413684424,0.2387903480143743,0.0691285829430632,0.3990317343593109,,3,1,0.1,28041760.106228724,1.6852206296232308,1.372669694256835,1.8696869058858856,1.3554597103537351,1.5060663448374834,1,10,1.0182855000274482,0.7979098593253529,0.8,1.6852206296232308,1.6852206296232308,1,False,False,False,True,1e-07,0.9,-1.1189552199489212
0.2906060180510583,0.0187040273156254,4.787334591327991,0.2706734210909439,-0.0057316840428687,0.7991831421745833,,3,1,0.1,51986943.20647114,1.0439853539548885,1.326717034491408,0.6979421827960852,0.2261498804280247,0.2512776449200275,1,10,1.4728811290700945,1.6547129222620494,0.8,1.0439853539548885,1.0439853539548885,1,False,False,False,True,1e-07,0.9,-4.15470886272309
0.56165388978838,0.0844517547081852,7.822200057283945,1.739365134308405,1.3001910852290155,0.3584465042080533,,3,1,0.1,4654350.475912715,0.2986014521487881,0.8669860647448543,1.550032763040932,1.6108349207881032,1.789816578653448,1,10,1.712770345487808,1.8457731258303536,0.8,0.2986014521487881,0.2986014521487881,1,False,False,False,True,1e-07,0.9,-0.1668335658358821
0.114443739539703,0.0101248145377967,5.968856686388489,0.2860729771920284,0.0710537284406181,0.3784326658271315,,3,1,0.1,16146782.075474167,1.0036311272516172,1.434940073102322,0.5291980382330139,1.4782302144369357,1.6424780160410393,1,10,0.7440697175746873,0.5564895023204117,0.8,1.0036311272516172,1.0036311272516172,1,False,False,False,True,1e-07,0.9,-0.6110469776842681
0.3342927862183237,0.071235581036892,6.340274239515041,0.4890793458036747,0.2378551951945302,0.4015331408881528,,3,1,0.1,14826809.802374993,0.887335341038912,0.7182567159668797,1.6731266803057032,1.3414090104973315,1.490454456108146,1,10,1.5850007405817046,1.264466992177085,0.8,0.887335341038912,0.887335341038912,1,False,False,False,True,1e-07,0.9,-0.5953455512417629
0.2605800999680054,0.0156384548772327,2.712064398389811,0.1966474541785364,0.0252177503611496,0.4146854595558085,,3,1,0.1,24311832.062741265,1.4230067403381688,1.7802018058307791,0.5910554480245459,1.2703196465196476,1.4114662739107195,1,10,1.5278021448634098,1.590540249495069,0.8,1.4230067403381688,1.4230067403381688,1,False,False,False,True,1e-07,0.9,-1.0081763262370755
0.2623584966698866,0.0114037963104142,2.40129754037513,0.1311223162919071,-0.0035835789252466,0.8868035234238132,,3,1,0.1,174548112.03066462,1.975822930143556,1.411169880576803,0.8698551371052992,0.1148809473887036,0.1276454970985596,1,10,0.5727523504545878,1.655420296447934,0.8,1.975822930143556,1.975822930143556,1,False,False,False,True,1e-07,0.9,-15.478988077427012
0.6629880607157879,0.0081938204156504,8.330556410069674,2.697018507123532,0.4750892701681682,0.7498969989304148,,3,1,0.1,3154829.3615544704,0.078903221167543,1.8529639727424312,0.7885295837575392,0.3001648243474485,0.333516471497165,1,10,0.7930951493535815,1.47684980062282,0.8,0.078903221167543,0.078903221167543,1,False,False,False,True,1e-07,0.9,-0.236579706854256
0.115951058543585,0.0082636049078602,4.554173792322173,0.2340766505111236,0.0391293597683035,0.3613488272336072,,3,1,0.1,24789266.815374818,1.5831692733929663,0.889456243840741,0.6287718500146006,1.5906681084041876,1.7674090093379862,1,10,1.8691261146912383,0.5373262245731041,0.8,1.5831692733929663,1.5831692733929663,1,False,False,False,True,1e-07,0.9,-0.8957572488005465
0.3081079154355632,0.0366541617714658,2.3649632491655503,0.2280973978338004,-0.0095028635676225,0.8075748151226502,,3,1,0.1,67682590.84163927,1.3023833753132492,1.903882851539917,1.9489694142947365,0.2144478296581263,0.238275366286807,1,10,1.1860766221989527,1.4297360552404157,0.8,1.3023833753132492,1.3023833753132492,1,False,False,False,True,1e-07,0.9,-5.465875578526801
0.3225894399380806,0.0429947926918867,6.793403151239044,0.4106058741830813,0.033924145958715,0.6174556817897613,,3,1,0.1,22481431.05729409,0.8600142859192128,0.8582318591901519,1.1319948331899012,0.5575944906543798,0.619549434060422,1,10,1.4929652075529474,1.3316811524940055,0.8,0.8600142859192128,0.8600142859192128,1,False,False,False,True,1e-07,0.9,-1.388128734593869
0.4403161325066675,0.0356597325795327,5.639930232204178,3.2182361990870576,3.099358608613387,0.3408224037874894,,3,1,0.1,2259523.193141025,0.1489426922002507,0.7815543950353421,1.637612628863341,1.740671475814044,1.93407941757116,1,10,1.771307720489512,0.990274955858908,0.8,0.1489426922002507,0.1489426922002507,1,False,False,False,True,1e-07,0.9,-0.0770096128118482
0.2864429638261299,0.0345873378251699,1.920005967279452,0.1894645570633064,0.0197909741609567,0.550800969501658,,3,1,0.1,36845105.91796094,1.6550784199140545,1.910805186876066,1.411774818124724,0.7339840520148009,0.815537835572001,1,10,1.9890465690860664,1.5253210976047555,0.8,1.6550784199140545,1.6550784199140545,1,False,False,False,True,1e-07,0.9,-2.0294320057647104
0.4632071189642056,0.0382855784321174,16.8863510246115,0.8948277629197761,0.049613298940945,0.6605572677468886,,3,1,0.1,11660722.527697274,0.3958147118055454,0.954283137928905,0.7407908989447355,0.4624859553356102,0.5138732837062336,1,10,1.3283883652810724,1.82616306312986,0.8,0.3958147118055454,0.3958147118055454,1,False,False,False,True,1e-07,0.9,-0.7702575010949438
0.2571458813286215,0.035738305953348,4.839976379311793,0.3755104159360127,0.1674013084151599,0.3581695064967756,,3,1,0.1,13822917.37392292,0.887196900145074,1.1667173285912766,0.8184171613307369,1.6127767263126915,1.791974140347435,1,10,1.5577858002309404,1.0660577909169862,0.8,0.887196900145074,0.887196900145074,1,False,False,False,True,1e-07,0.9,-0.4950947499123792
0.2548878617949995,0.015210753565327,2.600555195404421,0.1752582712510169,-0.0045247295381258,0.8473027559860917,,3,1,0.1,104878020.42816556,1.6014583069454154,1.4796934427511343,0.8512909717902334,0.1621941137823626,0.1802156819804029,1,10,1.057943992484361,1.3759536182105752,0.8,1.6014583069454154,1.6014583069454154,1,False,False,False,True,1e-07,0.9,-8.886343571728638
0.3155949259836272,0.0236947604749732,7.173629438385697,0.3061328291782979,0.0147957689267297,0.6020668472101519,,3,1,0.1,23789669.305636887,0.9466697176449602,1.0784953698710409,0.687926459017308,0.5948506202764795,0.6609451336405328,1,10,1.806607773697856,1.9078503294946625,0.8,0.9466697176449602,0.9466697176449602,1,False,False,False,True,1e-07,0.9,-1.4322971213928264
0.1953727694302545,0.0187397431790448,6.63420704687466,0.1947624269035333,0.0255461515546365,0.4697788643955202,,3,1,0.1,34639098.942795105,1.8366380505475104,0.519830335388536,0.9892498081520866,1.0157950010332188,1.128661112259132,1,10,1.1187394509103945,0.8496230620832357,0.8,1.8366380505475104,1.8366380505475104,1,False,False,False,True,1e-07,0.9,-1.627271653344283
0.3087326443119761,0.0286370339558476,5.550585289538232,0.2392328137891808,0.0099405072107717,0.6270498615616874,,3,1,0.1,33556244.479981795,1.2514804795025587,0.9371473895322144,1.2411298350814777,0.5352925583278524,0.5947695092531693,1,10,0.621178258561385,1.7137868218413046,0.8,1.2514804795025587,1.2514804795025587,1,False,False,False,True,1e-07,0.9,-2.104143849307349
0.1862658046056627,0.0143449938508121,6.898278078856993,0.2274495220578191,0.0108277234389293,0.6077736642105033,,3,1,0.1,40073031.18503714,1.5717696616710324,0.5556291279843999,0.8886930547273508,0.5808144100305797,0.6453493444784218,1,10,0.7039866824675722,0.7898128431457956,0.8,1.5717696616710324,1.5717696616710324,1,False,False,False,True,1e-07,0.9,-2.435533300368221
0.2912942114567224,0.0283185297083774,7.502408460183951,0.1394800671731315,-0.0109391590270806,0.9262822001585128,,3,1,0.1,253409350.7165773,1.868077791056247,0.6143072405240633,1.8328992087262987,0.0716261414134752,0.079584601570528,1,10,1.614072084875677,1.535928538175258,0.8,1.868077791056247,1.868077791056247,1,False,False,False,True,1e-07,0.9,-23.47285707284131
0.3065553962714652,0.0520795268784154,1.773963860067016,0.2276061989079374,0.0984112866132886,0.3553890445940716,,3,1,0.1,25596670.89705837,1.649989281975132,1.913617981480821,1.5611501577023583,1.6324359703546514,1.8138177448385016,1,10,1.9528891033833773,1.6482679731279488,0.8,1.649989281975132,1.649989281975132,1,False,False,False,True,1e-07,0.9,-0.9096776408045184
0.2517248067383548,0.0258539595082483,5.673240692984389,0.1935852282309964,0.0372046718654557,0.4164601251811919,,3,1,0.1,30126485.6505056,1.7580003963954765,0.6436974409366304,1.019802583420851,1.261071242074932,1.4011902689721465,1,10,0.9264626083862166,1.2230248221707134,0.8,1.7580003963954765,1.7580003963954765,1,False,False,False,True,1e-07,0.9,-1.2546480025764886
0.1380788634240936,0.0124136750411912,5.535456506649592,0.3570980508047552,0.0023801645825066,0.8013387870068506,,3,1,0.1,55894702.95295309,1.1104108394361594,1.0128039048557405,0.9191583738813216,0.2231204761242962,0.247911640138107,1,10,1.901876843626332,0.5858816655118596,0.8,1.1104108394361594,1.1104108394361594,1,False,False,False,True,1e-07,0.9,-4.47905935299631
0.2716096477677213,0.0142771861811949,2.5852884919339023,0.1572290507804548,-0.003672987373589,0.8218176769755247,,3,1,0.1,93471479.41254056,1.665496367402361,1.550572465582727,0.8109276414059816,0.1951334161029536,0.2168149067810596,1,10,1.5768865565365469,1.7671751024765692,0.8,1.665496367402361,1.665496367402361,1,False,False,False,True,1e-07,0.9,-7.681651408008682
0.7098936179386366,0.0107463629177102,6.472281417667573,4.873816960013202,2.219695932574655,0.5327391060018645,,3,1,0.1,1592384.8874894644,0.0744059111597413,1.0530591352765275,1.7110249506429684,0.7893822695960493,0.877091410662277,1,10,0.934265330086034,1.548035473172108,0.8,0.0744059111597413,0.0744059111597413,1,False,False,False,True,1e-07,0.9,-0.0848325701241901
0.1741288888248718,0.033651035432157,8.297757920244704,0.4850839280326618,0.2669289563449878,0.3491099498591629,,3,1,0.1,13373111.571566718,0.8704424393819618,0.5763295980677872,1.6598738691139934,1.677984386761465,1.864427096401628,1,10,0.8315069717544594,0.6486049548054303,0.8,0.8704424393819618,0.8704424393819618,1,False,False,False,True,1e-07,0.9,-0.4668686311769298
0.5007235224381202,0.0906376597863705,3.7315500440150218,1.0270439303838663,0.8713434435276719,0.3466153817854885,,3,1,0.1,6515292.74858179,0.4256991640025614,1.884538242065876,1.4316818856413818,1.696537970599894,1.8850421895554377,1,10,1.6808055367850974,1.9315151162665176,0.8,0.4256991640025614,0.4256991640025614,1,False,False,False,True,1e-07,0.9,-0.2258300683831768
0.3335832606932621,0.0474369803698619,2.3967846286282666,0.2616145856577426,0.0088301094409341,0.6682882392558277,,3,1,0.1,35969976.690168686,1.1931663110552624,1.91746644877469,1.6117288852620553,0.4467242832257455,0.4963603146952727,1,10,1.892322890639852,1.6947768281739597,0.8,1.1931663110552624,1.1931663110552624,1,False,False,False,True,1e-07,0.9,-2.403831239216629
0.4615485114405613,0.0362192293453129,11.368168647472045,0.5585271705313968,0.311686680313075,0.4723764730429243,,3,1,0.1,5524086.596908651,0.2914637765012573,1.9932785390374488,0.656110106054258,1.0052600020539504,1.1169555578377226,1,10,1.6206102809286471,1.98258164727736,0.8,0.2914637765012573,0.2914637765012573,1,False,False,False,True,1e-07,0.9,-0.2609448546116464
0.3056310208629736,0.0347709728643001,2.579992857588756,0.2290402262478373,0.0112907909408065,0.6289559147579206,,3,1,0.1,35821264.28819142,1.3291266906174029,1.6510277878314972,1.283655381016777,0.5309428989890361,0.5899365544322623,1,10,1.2416351948824058,1.6403593629010529,0.8,1.3291266906174029,1.3291266906174029,1,False,False,False,True,1e-07,0.9,-2.252999604015358
0.1811320027954036,0.0181447987693794,6.398190084834738,0.5047256968149011,0.0036990488233077,0.779370375006261,,3,1,0.1,34685745.956741616,0.7652702369686064,1.754936762534574,0.9230713370677236,0.2547783042084066,0.2830870046760073,1,10,0.7928482509802215,0.7501753254398085,0.8,0.7652702369686064,0.7652702369686064,1,False,False,False,True,1e-07,0.9,-2.703304287568696
0.193689423448934,0.0136946537509366,7.021352799774899,0.4338643211670291,0.0016769675343418,0.7697863634488686,,3,1,0.1,35796137.3185528,0.8240758113792325,1.4749272890695255,0.6123658078135199,0.2691555511164631,0.2990617234627368,1,10,1.0492994356384613,0.84034537247254,0.8,0.8240758113792325,0.8240758113792325,1,False,False,False,True,1e-07,0.9,-2.755537834280868
0.3344046080565823,0.0442399206354943,5.349389122310665,0.5542606189060002,0.0376432857853475,0.6492794095890987,,3,1,0.1,18485754.90410518,0.648333421592025,1.6090595722415324,1.0742927100333075,0.4861520736805311,0.5401689707561457,1,10,1.5808533518506125,1.3204098559181507,0.8,0.648333421592025,0.648333421592025,1,False,False,False,True,1e-07,0.9,-1.2002420011608763
0.797391721367153,0.0057256225826394,2.841395477705249,6.537749831870091,4.52425392597594,0.5312466379459749,,3,1,0.1,1134067.6791319812,0.053159798431394,1.7614795053202077,1.9093724278535145,0.7941283684726592,0.8823648538585103,1,10,1.927689261731525,1.8571956683759976,0.8,0.053159798431394,0.053159798431394,1,False,False,False,True,1e-07,0.9,-0.0602469641837051
0.2988380684755654,0.0426747055971474,3.698375697836564,0.377858214914685,0.1399835432174609,0.3678662732106308,,3,1,0.1,16737199.189637076,1.0580147044867467,1.2826678083243603,1.5507344976188768,1.546541217668745,1.71837913074305,1,10,0.6375591449622406,1.2506104203616484,0.8,1.0580147044867467,1.0580147044867467,1,False,False,False,True,1e-07,0.9,-0.6157051091691957
0.2777865377358557,0.019301962380302,3.3269886280866445,0.1465991947085203,-0.0019226984956599,0.7550410907467636,,3,1,0.1,75745206.41917728,1.8554461318636584,1.0712297905960932,1.2454932297624808,0.291988106382219,0.3244312293135767,1,10,0.7237522111862835,1.629646141570035,0.8,1.8554461318636584,1.8554461318636584,1,False,False,False,True,1e-07,0.9,-5.7190743361358205
0.2761101512399405,0.0160141789175702,3.0658751950168464,0.2086950203353254,0.0132210267902078,0.5261110239261484,,3,1,0.1,27686871.74935529,1.312050199278675,1.728727190817989,0.6082200789478567,0.8106655421961572,0.9007394913290636,1,10,1.39442894426528,1.818573577321625,0.8,1.312050199278675,1.312050199278675,1,False,False,False,True,1e-07,0.9,-1.4566368446305515
0.260272547355347,0.0329184168887229,5.433756079639869,0.2629553158440125,0.0927437069963615,0.3368266152300487,,3,1,0.1,21794046.95161217,1.445323045625619,0.7862830343969455,1.9653824167439893,1.7719978745898994,1.9688865273221103,1,10,0.5108291823449808,1.1820959752203684,0.8,1.445323045625619,1.445323045625619,1,False,False,False,True,1e-07,0.9,-0.7340815075431051
0.4404009478501152,0.0832630661172162,4.090983775576099,0.8007815147026675,0.3332602411154755,0.4511761006499612,,3,1,0.1,10303578.100426918,0.5654849350038664,1.4166168356071185,1.764449270882437,1.094786511748885,1.216429457498761,1,10,1.353946840188065,1.565087416192413,0.8,0.5654849350038664,0.5654849350038664,1,False,False,False,True,1e-07,0.9,-0.4648728194359235
0.3186792865726284,0.0345725833535744,5.47831898522991,0.302835528745834,0.0834612812694173,0.3992078956354341,,3,1,0.1,17051586.012553014,1.0244457215834624,1.1309283739949882,0.7450450565220788,1.354464427782513,1.5049604753139034,1,10,1.0950820398389485,1.881274735747814,0.8,1.0244457215834624,1.0244457215834624,1,False,False,False,True,1e-07,0.9,-0.6807127767354532
0.2726550853631299,0.0320825601383511,2.7602512497462186,0.2576639813867785,0.0002294056828163,0.7417118863748684,,3,1,0.1,49527141.76629669,1.2792270726112454,1.7306361384340407,1.98300403906073,0.3134091640337165,0.3482324044819072,1,10,0.9737530397521812,1.130725515471016,0.8,1.2792270726112454,1.2792270726112454,1,False,False,False,True,1e-07,0.9,-3.673486970395991
0.120590719517993,0.0129183187543211,9.593020318580471,0.4230857541058467,0.0632069282711074,0.487005998946175,,3,1,0.1,18731151.03466208,0.9608967153478926,0.561373093371935,0.7093724423190955,0.9480265170192904,1.0533627966881003,1,10,1.3179386345106765,0.5175871915934049,0.8,0.9608967153478926,0.9608967153478926,1,False,False,False,True,1e-07,0.9,-0.9122182921769588
0.2857483702419867,0.0341146993738541,3.276752303295856,0.2834810333655329,-0.0174487433737192,0.8844212792379307,,3,1,0.1,95641000.2394924,1.105406335164635,1.4743532975511446,1.443669974281382,0.1176145928730851,0.1306828809700945,1,10,1.8864340166495204,1.217555170477943,0.8,1.105406335164635,1.105406335164635,1,False,False,False,True,1e-07,0.9,-8.458693575620126
0.3070765409903168,0.0380026575782312,9.278351102640412,0.4892625921909923,0.2668923249602236,0.3345625547138893,,3,1,0.1,9955082.272796355,0.6624483858246023,0.8212987842442948,0.6905806505374599,1.790079888855644,1.9889776542840487,1,10,1.0385100664945834,1.20164175722084,0.8,0.6624483858246023,0.6624483858246023,1,False,False,False,True,1e-07,0.9,-0.3330597760324741
0.3075567259542556,0.0245345117524614,11.109953169735396,0.6296082587553298,0.0128119010908838,0.7042237381154911,,3,1,0.1,18964343.33544351,0.5609202033972922,1.1873174260907633,0.6305898623414228,0.3780029290242442,0.4200032544713824,1,10,0.8970695754190945,1.2533614869049576,0.8,0.5609202033972922,0.5609202033972922,1,False,False,False,True,1e-07,0.9,-1.3355140788022912
0.191298449971,0.017937354140139,2.376435721888364,0.1765455033518268,0.0430321857485434,0.3526582558251248,,3,1,0.1,28672613.220572013,1.8560977611445293,1.685498060602187,0.8575378156932362,1.6520457415472765,1.8356063794969737,1,10,1.60814013227949,0.8894200924265502,0.8,1.8560977611445293,1.8560977611445293,1,False,False,False,True,1e-07,0.9,-1.011163377664305
0.3256575847614255,0.0649879697220175,3.0262048336018674,0.4983647074828176,0.1548916371692078,0.481221521307187,,3,1,0.1,16301622.290551491,0.845692997310067,1.6516916067494245,1.9902202131653697,0.9702405444279504,1.0780450493643892,1,10,1.384304631609181,1.1716504404601735,0.8,0.845692997310067,0.845692997310067,1,False,False,False,True,1e-07,0.9,-0.7844691484627511
0.3662805064170077,0.0520620014674663,5.560883113554005,0.4787857728058201,0.0012907982662179,0.7356559497798787,,3,1,0.1,27935931.479380965,0.7384696532043432,1.12707381834298,1.465732782047202,0.3233979760094321,0.3593310844549245,1,10,1.6140128730934913,1.4087304973535817,0.8,0.7384696532043432,0.7384696532043432,1,False,False,False,True,1e-07,0.9,-2.055123419593676
0.3764189619133761,0.0458193441642627,5.177692061028487,0.4403031935970593,0.1014451989465397,0.4593405056014286,,3,1,0.1,15142919.898105696,0.8187162604968471,1.4046682979418237,1.3439553991635274,1.059330799319782,1.1770342214664244,1,10,0.5903325329175665,1.8963382740642047,0.8,0.8187162604968471,0.8187162604968471,1,False,False,False,True,1e-07,0.9,-0.6955756488952921
0.2735689605372542,0.0235196062236575,3.0776510274405493,0.1562515696164969,0.0189007212968379,0.4714504362460796,,3,1,0.1,36771538.91644933,1.9435578898126813,1.082150919223198,1.0055134456156782,1.0090023697214978,1.1211137441349976,1,10,1.211050907002901,1.635434992018426,0.8,1.9435578898126813,1.9435578898126813,1,False,False,False,True,1e-07,0.9,-1.733595805364098
0.2978138665515127,0.0255993872611162,4.827576377151498,0.1634854122078877,-0.0078396785783265,0.8450651445038712,,3,1,0.1,104611908.19661328,1.6208029271377598,0.9290467887876012,1.95542586647186,0.1650066516805405,0.1833407240894894,1,10,0.7494807546007106,1.6954414474259478,0.8,1.6208029271377598,1.6208029271377598,1,False,False,False,True,1e-07,0.9,-8.840387738552463
0.2441489125957522,0.0225286320280837,13.39019626635604,1.2297861205597809,0.1016809355287064,0.6519555529424667,,3,1,0.1,10274145.86105566,0.3575859059538027,0.7795606781372413,0.7523292824980996,0.480462204728583,0.53384689414287,1,10,1.4019562654940971,0.7507936654303741,0.8,0.3575859059538027,0.3575859059538027,1,False,False,False,True,1e-07,0.9,-0.6698286449460824
0.2218411369130899,0.0106848650789788,3.787939783551384,0.2042063140008884,0.0238910933647492,0.379283623641129,,3,1,0.1,24068557.50832553,1.493974632721098,1.0607777894796466,0.5030754443445935,1.4728944354622675,1.6365493727358529,1,10,1.84289910909632,1.1149176815326414,0.8,1.493974632721098,1.493974632721098,1,False,False,False,True,1e-07,0.9,-0.912880972005784
0.1949519835456583,0.0199561794431094,18.37661148199072,1.1818885814337166,0.1213296794952504,0.6166095066855025,,3,1,0.1,10928973.57556262,0.4190064150149273,0.5536231746852827,1.3928430973414938,0.5595947520138365,0.6217719466820405,1,10,0.5486849398958756,0.6027616203547096,0.8,0.4190064150149273,0.4190064150149273,1,False,False,False,True,1e-07,0.9,-0.6738909002754331
0.2836829340484896,0.0225893578205319,4.415105200976565,0.153071277123732,0.0076537635559695,0.5844766794054623,,3,1,0.1,44998197.700626746,1.8697798622029755,0.9018755493156352,1.1067113954669705,0.6398390247417439,0.7109322497130488,1,10,0.9001216261421009,1.771080140857657,0.8,1.8697798622029755,1.8697798622029755,1,False,False,False,True,1e-07,0.9,-2.6300397118511003
0.3116617236077847,0.0453676508176667,3.5867670751655982,0.3425026893630023,0.0884171748535118,0.4513879389598042,,3,1,0.1,19167128.883947007,1.05153170445775,1.2814981256468971,1.1970783157259357,1.0938503498210312,1.2153892775789237,1,10,1.054819219900847,1.4098483718163064,0.8,1.05153170445775,1.05153170445775,1,False,False,False,True,1e-07,0.9,-0.8651810814931574
0.2025875152007998,0.0160719200643994,3.995142268731618,0.2594214197768136,-0.0013934410216002,0.7954073399226629,,3,1,0.1,64073778.85140351,1.3109023546947534,1.1071809718877288,0.9024063686761444,0.2314957190205294,0.257217465578366,1,10,1.6546429815264156,0.8697068240169301,0.8,1.3109023546947534,1.3109023546947534,1,False,False,False,True,1e-07,0.9,-5.096475400056371
0.4434064800413447,0.063102332744959,7.1221424538996425,1.8422787243969607,0.8778423903116573,0.4908014298874839,,3,1,0.1,4806490.903179462,0.2447458053294709,0.6838074265954845,1.6915389775618566,0.9337354889253778,1.037483876583753,1,10,1.847875924454484,1.1599612170921925,0.8,0.2447458053294709,0.2447458053294709,1,False,False,False,True,1e-07,0.9,-0.235903261080023
0.4141273715726472,0.0921673503769732,6.67942316672045,0.6196025710837585,0.3445018223533502,0.3901836922033686,,3,1,0.1,12616962.96811148,0.7694029003294258,0.8048925582346016,1.927839061770084,1.406605883289732,1.56289542587748,1,10,1.58691341472755,1.6362179055887522,0.8,0.7694029003294258,0.7694029003294258,1,False,False,False,True,1e-07,0.9,-0.4922933195211947
0.3863718609108666,0.0309415084094275,25.240768641789032,0.4530874934945073,-0.0289820484801768,0.8971276088199159,,3,1,0.1,65293972.79603583,0.6716946432992504,0.6233015157778149,0.833205107841801,0.1032017643330166,0.1146686270366851,1,10,1.4381618896409902,1.970238023590135,0.8,0.6716946432992504,0.6716946432992504,1,False,False,False,True,1e-07,0.9,-5.857702562827615
0.2464116834810579,0.0177123142296807,3.501879300697172,0.2331097659902118,0.0571235879056485,0.3343569032253537,,3,1,0.1,18689264.15405079,1.2440378432667385,1.460962491008314,0.5606177801177054,1.7917344649331424,1.990816072147936,1,10,1.6125763712299452,1.2871012032945095,0.8,1.2440378432667385,1.2440378432667385,1,False,False,False,True,1e-07,0.9,-0.6248884490510982
0.290694201521108,0.0330563410857056,2.880686110911228,0.1711361512103387,0.0162712823762887,0.5528423282387346,,3,1,0.1,40763384.44242392,1.822765827425753,1.1306994215923651,1.4528911773142226,0.7279506000693776,0.8088340000770862,1,10,1.555964484717421,1.5905335701426953,0.8,1.822765827425753,1.822765827425753,1,False,False,False,True,1e-07,0.9,-2.2535724382612705
0.3508809384962429,0.0488200626760251,4.942184953003316,0.4760880242201032,-0.0343990385250613,0.8754440560688886,,3,1,0.1,58555209.03597546,0.7293398604135384,1.32223679839841,1.992544397382428,0.1280497009042221,0.1422774454491356,1,10,1.4173612846491142,1.2263765229968224,0.8,0.7293398604135384,0.7293398604135384,1,False,False,False,True,1e-07,0.9,-5.126180970182404
0.2680247141851012,0.0208919985803047,5.05758440819348,0.2384670672985369,-0.0126494090459584,0.9428356484558952,,3,1,0.1,216337634.0388708,1.236679933436113,0.9012884884875874,0.978746601933467,0.0545672159023175,0.0606302398914639,1,10,1.049708760145775,1.2562110851229358,0.8,1.236679933436113,1.236679933436113,1,False,False,False,True,1e-07,0.9,-20.397083358369123
0.3877325999893342,0.0469154046777018,12.285024804157558,1.446027933405991,0.1137337675438402,0.7103452734082458,,3,1,0.1,10201694.302985298,0.2954968677581374,0.5806823730088426,1.3872654225429453,0.3669894960823604,0.4077661067581782,1,10,1.7609099020050207,1.0467133720080304,0.8,0.2954968677581374,0.2954968677581374,1,False,False,False,True,1e-07,0.9,-0.724672532636622
0.2679988929375115,0.0127438271799478,6.789502239961936,0.1850422978527054,0.0184814086037518,0.4153044147523793,,3,1,0.1,25712514.4046429,1.5033992156707043,0.781316825861492,0.545169992817324,1.2670850779099354,1.4078723087888172,1,10,1.9514030279213503,1.7791368482641854,0.8,1.5033992156707043,1.5033992156707043,1,False,False,False,True,1e-07,0.9,-1.06785207481209
0.1409780277613646,0.0184665806214524,4.284669032055548,0.2096850080875682,0.0141053639832701,0.6406444710124408,,3,1,0.1,51645328.89371447,1.855903264616384,0.7239713385625625,1.889850557154182,0.504835350530205,0.5609281672557833,1,10,1.706990322870099,0.5997653668468469,0.8,1.855903264616384,1.855903264616384,1,False,False,False,True,1e-07,0.9,-3.3086294440985315
0.2891835515323182,0.0211355748934801,7.285877753332526,0.2858272609151323,0.0216433455990909,0.5425429529109,,3,1,0.1,22997461.281395096,1.0520349687177764,0.8594075151937841,0.6248903297053399,0.758854833836177,0.8431720375957522,1,10,0.5770615877186087,1.5625399120621242,0.8,1.0520349687177764,1.0520349687177764,1,False,False,False,True,1e-07,0.9,-1.2477110565965637
0.1431161228415931,0.0203763501878497,6.155769561658233,0.777105054507411,0.039655209007399,0.7326353820688052,,3,1,0.1,22062569.98014044,0.5898750022811902,1.911500362993665,1.552951112216542,0.3284418989683422,0.3649354432981579,1,10,0.9622456171315984,0.5413367049125755,0.8,0.5898750022811902,0.5898750022811902,1,False,False,False,True,1e-07,0.9,-1.6163819439887983
0.4611727736309448,0.0780213311630146,4.290131831477431,1.0039238151282353,0.369536513715871,0.495353040172976,,3,1,0.1,8330581.420432233,0.4204002160458662,1.5067337622266035,1.48736631107642,0.9168859924342492,1.0187622138158323,1,10,1.5928248371290046,1.53827409682618,0.8,0.4204002160458662,0.4204002160458662,1,False,False,False,True,1e-07,0.9,-0.4126578826586575
0.2876598825428145,0.0323291954873197,6.245105139255095,0.1897238372775183,0.0457940643732298,0.3946961731904838,,3,1,0.1,28798816.363620717,1.7432032010922538,0.7039198265935867,1.076975342887792,1.3802349278558923,1.533594364284325,1,10,1.2471839109590064,1.6758390053587051,0.8,1.7432032010922538,1.7432032010922538,1,False,False,False,True,1e-07,0.9,-1.1366782612207016
0.1761578425935833,0.0212285286998543,2.958332243590301,0.2359678992281219,0.0824404488101926,0.34543527260108,,3,1,0.1,21209260.22494479,1.3882832272299188,1.9513866863943208,1.0178754595736343,1.7054085132161638,1.89489834801796,1,10,0.6992611420026371,0.776068144802603,0.8,1.3882832272299188,1.3882832272299188,1,False,False,False,True,1e-07,0.9,-0.732642659966625
0.3171486805467816,0.0387322379676291,4.415600905937008,0.3334543946709221,0.1651591076570635,0.3388095071551439,,3,1,0.1,13058560.654765556,0.8634195291628441,1.670697651777682,0.7487291905541025,1.7563599338075302,1.9515110375639224,1,10,1.6645244714370235,1.7024020202013717,0.8,0.8634195291628441,0.8634195291628441,1,False,False,False,True,1e-07,0.9,-0.4424364499534712
0.4320123989705035,0.034199809306998084,18.587780092141028,0.7717655249467082,-0.052837583204633234,0.9349835582890642,,3,1,0.1,70577587.5535547,0.4588703148243469,0.8000022076369684,0.9694237824643637,0.06258377168355661,0.06953752409284068,1,10,1.8895739325446934,1.5626421220682114,0.8,0.4588703148243469,0.4588703148243469,1,False,False,False,True,1e-07,0.9,-6.598888394397435
0.29077842317022784,0.03704632102695159,3.707561183110311,0.18670334100098282,0.050640491416791326,0.38575250792867455,,3,1,0.1,31294440.87085269,1.9222529906785382,0.9379516610147243,1.7842167422669708,1.4331021354407099,1.5923357060452332,1,10,0.8614917268737561,1.5883280595864264,0.8,1.9222529906785382,1.9222529906785382,1,False,False,False,True,1e-07,0.9,-1.207190905539634
0.31826665915318997,0.052346301031263406,7.96332384692214,0.28858773161050355,0.13324241500254616,0.3360269441830438,,3,1,0.1,21002427.553527754,1.3945044601633318,0.6541069902290519,1.9780614800389142,1.7783566484172872,1.9759518315747635,1,10,0.8151227123167994,1.6292510376159615,0.8,1.3945044601633318,1.3945044601633318,1,False,False,False,True,1e-07,0.9,-0.7057381548124112
0.2074205603905592,0.03268625844244081,3.4626862700796535,0.20713561427199936,0.07788599946708635,0.3544831054686818,,3,1,0.1,29024147.413343128,1.8735575605270909,0.7830979701735181,1.475516148885015,1.6389080216109597,1.8210089129010663,1,10,1.5750086142342266,0.8757996491270903,0.8,1.8735575605270909,1.8735575605270909,1,False,False,False,True,1e-07,0.9,-1.0288569894466164
0.2836019911857651,0.0395963405662583,2.616716236888679,0.26284142728030235,0.07738462829234627,0.41129880251906864,,3,1,0.1,21825594.00066691,1.2848752011519724,1.5873441755778914,1.0970187163720007,1.2881901782543466,1.4313224202826074,1,10,1.6906245316171271,1.3961565412655763,0.8,1.2848752011519724,1.2848752011519724,1,False,False,False,True,1e-07,0.9,-0.8976840657507484
0.24262550741010264,0.037554711988116524,4.358269767029982,0.4964304373457878,0.16155812621472637,0.4439883710983744,,3,1,0.1,13167475.540683994,0.7321268810094463,1.935735680380728,1.2686963266495515,1.1270801187281256,1.2523112430312506,1,10,0.7851062172755783,0.906685581183402,0.8,0.7321268810094463,0.7321268810094463,1,False,False,False,True,1e-07,0.9,-0.5846206031417581
0.3067854739341278,0.035413419634542184,10.78406968614544,0.4194729294896247,0.14992110625063637,0.3697419993428434,,3,1,0.1,12959703.895897528,0.8167956260206336,0.6805809571013638,0.7256272503837604,1.534129748850832,1.7045886098342578,1,10,1.757890491788792,1.347086918134416,0.8,0.8167956260206336,0.8167956260206336,1,False,False,False,True,1e-07,0.9,-0.47917468354995973
0.2467383673439699,0.016668748951890893,2.6969752162384095,0.20234941317323277,0.023628006080713655,0.4462604482390128,,3,1,0.1,26494766.131479476,1.4671198445443838,1.6198989142874942,0.6886697220494643,1.116759503450256,1.2408438927225065,1,10,0.5145914786978674,1.3252049156030423,0.8,1.4671198445443838,1.4671198445443838,1,False,False,False,True,1e-07,0.9,-1.1823566202493003
0.6230420239233198,0.01498014036785158,16.34962782766084,1.9564412608350792,0.07091895406655133,0.7910168311679757,,3,1,0.1,6481794.124323698,0.135458574080282,1.3702429716788864,0.5948314020207816,0.2377760428575271,0.2641956031750301,1,10,1.669282899136726,1.7805054325937695,0.8,0.135458574080282,0.135458574080282,1,False,False,False,True,1e-07,0.9,-0.5127208250184158
0.25184634483857904,0.013315194710644476,2.1753968424251213,0.1590608734999418,0.001478677132023358,0.6754779471224567,,3,1,0.1,53872722.84294524,1.7482884869864324,1.8435499145858207,0.7532898685847844,0.43238990826274887,0.4804332314030543,1,10,1.3694113614794157,1.4803989930611325,0.8,1.7482884869864324,1.7482884869864324,1,False,False,False,True,1e-07,0.9,-3.638983624653918
