efficiency,dark count rate,jitter,entropy production,entropy rate,d_l,e_max,e_s,TH,TC,g_sl,g_ml,e_C,e_C_factor,t_f,t_steps,rateM,rateD,rateB,Tb,Td,k,e_l,TV
0.6911784214487537,0.0205656250868285,1450.9252129796507,4.618896420595123,-0.0506341620997824,3,5,0.1,2.6944976037419948,0.381855058773467,1,4.945803659728616,1.47,0.3,1,10,1,15.802639297388676,0.8,0.381855058773467,0.381855058773467,1,4.9,-1.9016840100388208
0.6657922525784643,0.0786616863214171,378.6121996588214,3.1383361396676435,-0.1772286452224359,3,5,0.1,8.802849989710095,0.6162430501088814,1,7.47887975842606,1.47,0.3,1,10,1,14.28730529371156,0.8,0.6162430501088814,0.6162430501088814,1,4.9,-2.455185469250136
0.6046362795776357,0.031851656034624,1741.348229548183,2.7468041006089043,-0.063873935144432,3,5,0.1,3.738289784261488,0.7518733883217555,1,1.5240265230910792,1.47,0.3,1,10,1,18.976732775205985,0.8,0.7518733883217555,0.7518733883217555,1,4.9,-4.722506734506114
0.7070818545557417,0.0029366873508922,6559.748235538416,5.186420963401992,-0.0062711328646802,3,5,0.1,1.4547798668900178,0.3238907710535244,1,15.34554931523805,1.47,0.3,1,10,1,13.171377891169987,0.8,0.3238907710535244,0.3238907710535244,1,4.9,-2.2468591310804946
0.5073124835914282,0.0460141192359041,44.11305314646234,2.2802110179901587,-0.0641041517715506,3,5,0.1,4.733234970548851,0.9153458621294404,1,7.648553300861497,1.47,0.3,1,10,1,2.11916767950034,0.8,0.9153458621294404,0.9153458621294404,1,4.9,-5.560047751482291
0.6558922879791864,0.0493014666745401,733.0611667560912,2.5989428835106048,-0.0975301926448535,3,5,0.1,4.497253740638309,0.7656417004998887,1,8.155939594204598,1.47,0.3,1,10,1,15.252791543570554,0.8,0.7656417004998887,0.7656417004998887,1,4.9,-4.234101044544117
0.6109238329281605,0.0690279149933633,44.2692492527085,3.283293676541646,-0.1436677138787626,3,5,0.1,7.292313825289479,0.6007958786758396,1,9.34402033803284,1.47,0.3,1,10,1,3.567225088758293,0.8,0.6007958786758396,0.6007958786758396,1,4.9,-2.4792599620938915
0.6519758100617907,0.0885428930703973,465.85069063055886,2.16696717755391,-0.1518878458805534,3,5,0.1,12.30099218895288,0.9347602421273584,1,18.94039532567468,1.47,0.3,1,10,1,15.849970441032768,0.8,0.9347602421273584,0.9347602421273584,1,4.9,-3.787420669122813
0.0435401966826403,0.0039175756592855,14.755363987844747,13.592977611085727,0.8462899022533853,3,5,0.1,6.316666877902519,0.2285608559300724,1,4.970762174187861,1.47,0.3,1,10,1,0.2392705494874987,0.8,0.2285608559300724,0.2285608559300724,1,4.9,-0.8321248282858775
0.6264813348853457,0.0675338910207362,90.35812971945198,2.8751428410227566,-0.13713906930502,3,5,0.1,6.671912780390988,0.6930955443970789,1,16.63359691643382,1.47,0.3,1,10,1,5.079355464401448,0.8,0.6930955443970789,0.6930955443970789,1,4.9,-3.049493416939608
0.374902849051488,0.0577655806147614,26.000426320765303,2.5337623551150923,-0.0535693552419076,3,5,0.1,7.700901456447716,0.8136884177477457,1,16.023159637824644,1.47,0.3,1,10,1,1.3745758091775204,0.8,0.8136884177477457,0.8136884177477457,1,4.9,-3.5998021249050858
0.690267652360085,0.0775098323671072,295.22936521598854,4.14325835539845,-0.1944550397451186,3,5,0.1,9.37738710256064,0.4376458062374549,1,11.771945254789498,1.47,0.3,1,10,1,13.33033703313311,0.8,0.4376458062374549,0.4376458062374549,1,4.9,-1.637094804582354
0.6415646915357336,0.1001760465992087,127.3153442126063,2.0406951874863646,-0.1617353241122781,3,5,0.1,24.84076117010808,0.999960494262393,1,13.771609937111704,1.47,0.3,1,10,1,8.458431417182812,0.8,0.999960494262393,0.999960494262393,1,4.9,-3.678737861677981
0.5745455462995764,0.0486609766434745,84.289035950241,2.4871264464130616,-0.083854207222091,3,5,0.1,4.62228352491192,0.8271478135144618,1,14.525414673061896,1.47,0.3,1,10,1,3.361537977112816,0.8,0.8271478135144618,0.8271478135144618,1,4.9,-4.733686848648498
0.2803992420779821,0.0704683134170533,13.69309659621154,2.2607850161426755,-0.014365013300224,3,5,0.1,66.46930847668088,0.9217229786459242,1,12.398735600014808,1.47,0.3,1,10,1,1.0157969770264763,0.8,0.9217229786459242,0.9217229786459242,1,4.9,-3.17514521422654
0.6419430284376528,0.0439033905009215,220.99449631247748,2.766261825112238,-0.0892929087309426,3,5,0.1,4.1956928026686,0.7199620961201177,1,3.644512138545544,1.47,0.3,1,10,1,7.881580759183959,0.8,0.7199620961201177,0.7199620961201177,1,4.9,-4.002387980304897
0.6687926947419174,0.053489157017443,846.803153427297,3.246044351674652,-0.1232278130380873,3,5,0.1,4.856290347464716,0.5920765544935175,1,18.63371993016743,1.47,0.3,1,10,1,17.70809632036879,0.8,0.5920765544935175,0.5920765544935175,1,4.9,-2.7582532719409336
0.6785168091921381,0.0853834669126405,467.788907906213,3.5833021089966257,-0.2070082145442174,3,5,0.1,11.215306423509212,0.5245611271282029,1,11.276266124927544,1.47,0.3,1,10,1,17.034589255093007,0.8,0.5245611271282029,0.5245611271282029,1,4.9,-1.962739531047557
0.5857238767255828,0.0727378960404266,22.40022928682181,3.116414789172458,-0.1382527475990923,3,5,0.1,9.24611870842281,0.6458356788602477,1,3.343233200976773,1.47,0.3,1,10,1,2.8389547763570144,0.8,0.6458356788602477,0.6458356788602477,1,4.9,-2.571970157724412
0.8974257786511277,1.115422408039405e-06,5616081.961837894,7.413963745183441,8.411973492932146e-05,3,5,0.1,0.5713811695753668,0.0997577829289164,1,15.434737447882606,1.47,0.3,1,10,1,15.067802714963832,0.8,0.0997577829289164,0.0997577829289164,1,4.9,-0.5611097536175649
0.6627587129747533,0.0979454835074968,108.00413368089248,3.207928825650531,-0.2210351935872071,3,5,0.1,20.23012926120109,0.6011404080529057,1,7.863658238089431,1.47,0.3,1,10,1,8.418557708081424,0.8,0.6011404080529057,0.6011404080529057,1,4.9,-2.1530861114552096
0.6009237275371683,0.054702159662431,335.8117442828391,2.511218868366805,-0.1019417808760364,3,5,0.1,6.508377669025338,0.8297844609438797,1,1.56068273749983,1.47,0.3,1,10,1,10.73921348127655,0.8,0.8297844609438797,0.8297844609438797,1,4.9,-3.9372251183239513
0.6553630216995572,0.0645532594483809,864.8754223472616,2.337826792426184,-0.1179409567674938,3,5,0.1,6.115734521682203,0.8597128416177207,1,17.317260816862213,1.47,0.3,1,10,1,18.684418834487467,0.8,0.8597128416177207,0.8597128416177207,1,4.9,-4.264485670664444
0.6778765459076717,0.1068650124633116,121.46648818445628,3.690237529028352,-0.2594161637636768,3,5,0.1,65.97290197151496,0.5066260367717511,1,8.242019269093893,1.47,0.3,1,10,1,9.681564876893152,0.8,0.5066260367717511,0.5066260367717511,1,4.9,-1.7195652771593366
0.6433848672748361,0.0673461473450144,231.46325785475463,3.06566655532959,-0.1474828422814909,3,5,0.1,7.3681290542553874,0.6432003889294252,1,2.6021089282860284,1.47,0.3,1,10,1,10.23817311122411,0.8,0.6432003889294252,0.6432003889294252,1,4.9,-2.6924143067298445
0.6610771869470292,0.102777402725692,86.1120725309946,3.245312231379955,-0.2322424472535141,3,5,0.1,28.884155958165813,0.593558182292716,1,13.10179662880932,1.47,0.3,1,10,1,7.4381708983591714,0.8,0.593558182292716,0.593558182292716,1,4.9,-2.078173825167706
0.6438745864739877,0.0452130458171493,998.5386616061708,2.090664333068762,-0.0749729910718229,3,5,0.1,4.306922618622739,0.977590476056928,1,4.302915112996717,1.47,0.3,1,10,1,16.608043293559426,0.8,0.977590476056928,0.977590476056928,1,4.9,-6.927706029081913
0.671052896676688,0.008396738288067,2902.832465856782,6.424680963136153,0.0144257672706465,3,5,0.1,3.4595758159352568,0.2115434110916504,1,0.5099905284795836,1.47,0.3,1,10,1,17.606719729145862,0.8,0.2115434110916504,0.2115434110916504,1,4.9,-0.8224957915879436
0.6655658976654741,0.0189295926352447,686.9757990579202,3.716308027372549,-0.0458810138640982,3,5,0.1,2.50461394009679,0.507164969437957,1,18.36229076382071,1.47,0.3,1,10,1,9.310821154272524,0.8,0.507164969437957,0.507164969437957,1,4.9,-3.2047243927560523
0.6619369768999575,0.0411692698177153,270.3270882097558,3.4016017152449143,-0.0958652451891346,3,5,0.1,3.902575914437428,0.5630623265963546,1,7.234061450243294,1.47,0.3,1,10,1,8.738559994376946,0.8,0.5630623265963546,0.5630623265963546,1,4.9,-2.829398672750642
0.6642241701264125,0.0556293075269943,392.39029196110505,3.212811171068917,-0.1267250582824018,3,5,0.1,5.116892923252751,0.600610795796138,1,7.547027906071389,1.47,0.3,1,10,1,12.24765635576135,0.8,0.600610795796138,0.600610795796138,1,4.9,-2.7571774281977284
0.6390876190903421,0.0439799520452103,291.31188386574263,2.378126737161689,-0.0801570943177391,3,5,0.1,4.215921126122003,0.8515866959948806,1,3.72396225171802,1.47,0.3,1,10,1,8.902748270599742,0.8,0.8515866959948806,0.8515866959948806,1,4.9,-5.369233994496282
0.6516471717492764,0.0558349134191436,628.4522495719556,2.572055499775522,-0.1093435585569896,3,5,0.1,5.1953511441386055,0.7770646416756123,1,4.940952856349442,1.47,0.3,1,10,1,15.012922421088994,0.8,0.7770646416756123,0.7770646416756123,1,4.9,-3.978794178265861
0.6394887818209367,0.0466522811203612,204.5817485834195,2.039282507375529,-0.0750234837079854,3,5,0.1,4.37114455830018,0.999598722198716,1,9.50241229354298,1.47,0.3,1,10,1,7.307962047200212,0.8,0.999598722198716,0.999598722198716,1,4.9,-7.1439129982929295
0.6188958960664908,0.0263572631406994,163.95326973439265,3.53763824618855,-0.0584862535298555,3,5,0.1,2.961191338342442,0.5516200667900562,1,13.223786364724717,1.47,0.3,1,10,1,4.250161596340674,0.8,0.5516200667900562,0.5516200667900562,1,4.9,-3.252442460882176
0.6516050342027996,0.0392013468975021,543.6513358624195,2.366287674166348,-0.0719320353197173,3,5,0.1,3.731456840962751,0.8492537042777579,1,10.895181754050933,1.47,0.3,1,10,1,11.463775723942758,0.8,0.8492537042777579,0.8492537042777579,1,4.9,-6.036568135755916
0.6675456167091292,0.0272651484523331,1792.7603401704412,3.2965268991661523,-0.063331306481466,3,5,0.1,2.96077918369125,0.582414566253938,1,18.87194868816816,1.47,0.3,1,10,1,18.45311720481008,0.8,0.582414566253938,0.582414566253938,1,4.9,-3.588438327218274
0.6548702058004282,0.0428196569303502,1001.496979127044,2.50545031322195,-0.0824298835916239,3,5,0.1,3.986901181079847,0.7976914419498818,1,8.005953916800424,1.47,0.3,1,10,1,16.541836977418953,0.8,0.7976914419498818,0.7976914419498818,1,4.9,-4.9872746643987895
0.6262361687186722,0.0076592412197676,453.4765074080656,5.106629496732097,-0.0150507694422942,3,5,0.1,1.879929895809432,0.3539956562308111,1,17.611789368857284,1.47,0.3,1,10,1,3.738391894645942,0.8,0.3539956562308111,0.3539956562308111,1,4.9,-2.1047592759539846
0.5603979946913935,0.0599952678992784,32.768453918444,2.302285304590767,-0.0921461468235455,3,5,0.1,6.310099858833883,0.898409631139957,1,5.330928646202609,1.47,0.3,1,10,1,2.622599360853413,0.8,0.898409631139957,0.898409631139957,1,4.9,-4.484503350207495
0.6503665241677206,0.0303516465747231,562.3498185543756,2.7698593028296936,-0.0624154914650568,3,5,0.1,3.1826674977158893,0.715910281097081,1,4.851915377678034,1.47,0.3,1,10,1,10.528529260300544,0.8,0.715910281097081,0.715910281097081,1,4.9,-5.022459665024682
0.6177773952340435,0.0804138990991918,72.34073925835523,2.9064156999770256,-0.1625786064071571,3,5,0.1,9.54581326038424,0.6873506364425715,1,19.57097884754685,1.47,0.3,1,10,1,4.614683045797343,0.8,0.6873506364425715,0.6873506364425715,1,4.9,-2.75385077682893
0.9294520500118364,0.0002029619640563,21196.15308019664,4.09644300992982,0.0463115207960436,3,5,0.1,1.31919089750896,0.0756928836104546,1,0.8259200968202342,1.47,0.3,1,10,1,17.24567003422139,0.8,0.0756928836104546,0.0756928836104546,1,4.9,-0.2913111048336283
0.5773987987514667,0.0877198229046433,19.80051504245342,3.41185584500573,-0.167016930909245,3,5,0.1,17.09309005221432,0.5852246931987614,1,5.986634175175631,1.47,0.3,1,10,1,2.589363443655708,0.8,0.5852246931987614,0.5852246931987614,1,4.9,-2.120120076459582
0.6450665838484542,0.0644720037101252,165.7961100033855,2.3663517126676323,-0.1172036095110527,3,5,0.1,6.183916404206998,0.850656262417801,1,11.303923546928164,1.47,0.3,1,10,1,7.878579140229751,0.8,0.850656262417801,0.850656262417801,1,4.9,-4.175853245134759
0.6813506566517304,0.0696736751401725,259.89219921356386,3.938559154911175,-0.1731306877240004,3,5,0.1,7.356468021569597,0.4681896179545296,1,7.393738580147069,1.47,0.3,1,10,1,11.683559724915131,0.8,0.4681896179545296,0.4681896179545296,1,4.9,-1.8328053893907743
0.6513653606963858,0.0536701942746303,1129.8000534213882,2.1279073062605858,-0.090757330620142,3,5,0.1,4.961411099764387,0.9540104388514408,1,8.332015036482659,1.47,0.3,1,10,1,19.29967049225333,0.8,0.9540104388514408,0.9540104388514408,1,4.9,-5.767908314589285
0.6630084645609207,0.0611610989234994,587.9189954297954,2.9351617404231733,-0.1321251008298662,3,5,0.1,5.6448209718751805,0.6657835218588677,1,15.484900116595702,1.47,0.3,1,10,1,15.466276146834176,0.8,0.6657835218588677,0.6657835218588677,1,4.9,-3.0619483809625265
0.9492349929598566,1.2622023008874202e-06,1651767.0528826108,6.204250162625878,0.0004150089050538,3,5,0.1,0.6290995847304361,0.0694721801217608,1,2.263647362662653,1.47,0.3,1,10,1,13.466660653863611,0.8,0.0694721801217608,0.0694721801217608,1,4.9,-0.3119566213027589
0.6715180041099126,0.0788448652868328,292.85101652789655,3.38429278036496,-0.1852225063299134,3,5,0.1,8.857470134988093,0.5629662343355716,1,14.63316397607317,1.47,0.3,1,10,1,12.673014621509898,0.8,0.5629662343355716,0.5629662343355716,1,4.9,-2.203311433541103
0.6415922763443788,0.0377461300112909,183.1394674621965,2.6349709243409687,-0.0736969538521774,3,5,0.1,3.657524314001338,0.7571700222242915,1,7.02390511270682,1.47,0.3,1,10,1,6.4100273718883365,0.8,0.7571700222242915,0.7571700222242915,1,4.9,-4.88219478548147
0.6607964496156178,0.031328968225343,610.4863227580234,3.1422914470839416,-0.0702878609719877,3,5,0.1,3.214198673135275,0.6173175150135777,1,8.528783433159063,1.47,0.3,1,10,1,11.3749687522028,0.8,0.6173175150135777,0.6173175150135777,1,4.9,-3.728701188914396
0.7625718743560109,0.0002138828707864,105113.46850101733,6.542202770350808,0.0003068850418403,3,5,0.1,0.9377093256000232,0.2149281496222639,1,15.938037493912695,1.47,0.3,1,10,1,16.74892768267387,0.8,0.2149281496222639,0.2149281496222639,1,4.9,-1.5400838059081217
0.6696330948082853,0.0373122001079265,555.6846088566894,3.6050366695909326,-0.0900858387695272,3,5,0.1,3.641615114694895,0.5242055536573131,1,6.873492534359204,1.47,0.3,1,10,1,12.22749039455417,0.8,0.5242055536573131,0.5242055536573131,1,4.9,-2.6310791486289844
0.652720145694877,0.0363609821143603,582.1500518059526,2.525128600437602,-0.0701226980643985,3,5,0.1,3.521368225599042,0.7908770541504682,1,19.43710917691477,1.47,0.3,1,10,1,11.322199754036136,0.8,0.7908770541504682,0.7908770541504682,1,4.9,-5.538958930544938
0.6413267499388527,0.0057174720036284,310.0743477586673,5.320097772082271,-0.0095990821559835,3,5,0.1,1.748026428370668,0.3379890971243186,1,5.432524604312214,1.47,0.3,1,10,1,3.2112818599375546,0.8,0.3379890971243186,0.3379890971243186,1,4.9,-2.052751676102723
0.6515074580149095,0.0378059708277121,953.8883477515888,3.2011105409087395,-0.0857357543269075,3,5,0.1,3.7675398935053166,0.6097573478034586,1,3.029337120248252,1.47,0.3,1,10,1,15.768061949425752,0.8,0.6097573478034586,0.6097573478034586,1,4.9,-3.2658248502606675
0.6515947533306643,0.0572764684426744,1015.4677579072072,2.100712359333643,-0.095853067483743,3,5,0.1,5.330891655312818,0.9669144678904538,1,9.876198426483905,1.47,0.3,1,10,1,18.869022969678547,0.8,0.9669144678904538,0.9669144678904538,1,4.9,-5.587991468067928
0.4003903745333752,0.0035308058291687,11003.009717814291,2.990306337993109,-0.0067904203488269,3,5,0.1,4.175122314805544,0.7983523175232887,1,0.2205104473717058,1.47,0.3,1,10,1,15.70789529716526,0.8,0.7983523175232887,0.7983523175232887,1,4.9,-4.805054461159399
0.6390627928296055,0.1066154148984902,232.01075174891537,2.1410986561249765,-0.1793838501360162,3,5,0.1,100.70585682008203,0.9558840488279812,1,3.713997350883272,1.47,0.3,1,10,1,12.299564436531584,0.8,0.9558840488279812,0.9558840488279812,1,4.9,-3.2584470441531046
0.652919037174021,0.0828726017442383,460.4391785257398,2.271490581552944,-0.1476839018720118,3,5,0.1,10.004586643177865,0.8879817173837171,1,11.716785091543104,1.47,0.3,1,10,1,15.381547870098832,0.8,0.8879817173837171,0.8879817173837171,1,4.9,-3.733058187148505
0.6485402255429644,0.0451212139985382,536.3015088921484,2.6986206171610063,-0.0912105859289331,3,5,0.1,4.2545130158295565,0.7385810497300775,1,3.9716187419379567,1.47,0.3,1,10,1,12.528898847382951,0.8,0.7385810497300775,0.7385810497300775,1,4.9,-4.138163430014513
0.4017691393196123,0.0101433625864094,132.25801156524304,4.334518167046487,-0.0054215496927244,3,5,0.1,2.1591235802175426,0.4720890639058872,1,13.977147564922683,1.47,0.3,1,10,1,1.3881645698874845,0.8,0.4720890639058872,0.4720890639058872,1,4.9,-3.21266881856884
0.65155223676383,0.054501504410782,744.0287068230241,2.1382787693852063,-0.0924759933913741,3,5,0.1,5.0268118978199166,0.9482723576796808,1,10.824141821140396,1.47,0.3,1,10,1,15.753221086813417,0.8,0.9482723576796808,0.9482723576796808,1,4.9,-5.646159655299016
0.4844285727057095,0.0458810837084944,50.02567820227004,2.400402564465259,-0.0645181843294151,3,5,0.1,4.721380109904002,0.8660894429135456,1,11.559476241846523,1.47,0.3,1,10,1,2.0278955838656945,0.8,0.8660894429135456,0.8660894429135456,1,4.9,-5.047374297476848
0.6375554508566323,0.0447622458428023,179.77739621346055,2.1574249768099745,-0.0751163464580836,3,5,0.1,4.235537006531655,0.9423528872416984,1,5.956387131797475,1.47,0.3,1,10,1,6.8424958576305785,0.8,0.9423528872416984,0.9423528872416984,1,4.9,-6.532370778277887
0.6298549874945577,0.0457536504678997,125.50868073376958,2.344497272977692,-0.0811214422911745,3,5,0.1,4.383290070329046,0.8651262816610702,1,4.001415110782113,1.47,0.3,1,10,1,5.81655072340447,0.8,0.8651262816610702,0.8651262816610702,1,4.9,-5.345512821755856
0.5871773990715858,0.0227214178151599,619.4396473299474,3.856053768246887,-0.0549321478749129,3,5,0.1,3.456978632299473,0.5153207443556846,1,1.0241257152707803,1.47,0.3,1,10,1,10.073629967998174,0.8,0.5153207443556846,0.5153207443556846,1,4.9,-2.633847236092599
0.3778373882329914,0.0011140534896189,1372.490444854781,4.072681741851282,-0.0022217668414885,3,5,0.1,5.94399355628299,0.5387018343721225,1,0.1020207579758183,1.47,0.3,1,10,1,2.7537304834584604,0.8,0.5387018343721225,0.5387018343721225,1,4.9,-2.277238308909844
0.6330647633364528,0.0815398401515123,94.28571055918596,2.181532590338415,-0.1372753401002328,3,5,0.1,9.963093956472518,0.9328806835102448,1,13.23535306582557,1.47,0.3,1,10,1,6.19446839558978,0.8,0.9328806835102448,0.9328806835102448,1,4.9,-3.9789080495771714
0.6646230213814968,0.1014151530901344,387.7503902291498,2.880317089445449,-0.2166268425007232,3,5,0.1,22.84356641483114,0.6790541958356183,1,15.288196848027932,1.47,0.3,1,10,1,16.15369593848472,0.8,0.6790541958356183,0.6790541958356183,1,4.9,-2.432215661080331
0.477830386468138,0.0914145512231273,23.654222788418075,2.466340645871386,-0.1283529642136307,3,5,0.1,30.35609838119703,0.8341723372775993,1,18.648033893744103,1.47,0.3,1,10,1,1.956459087403629,0.8,0.8341723372775993,0.8341723372775993,1,4.9,-2.971076882195568
0.6670160688806117,0.0965276148655956,362.7076201439425,3.024538638755458,-0.2129234708935128,3,5,0.1,17.010771463925057,0.6417831368715139,1,17.339037940024465,1.47,0.3,1,10,1,15.336787822622313,0.8,0.6417831368715139,0.6417831368715139,1,4.9,-2.3457811727794144
0.6607614081880961,0.0945095118197279,144.05131529711082,3.0271571280144145,-0.2066421256978617,3,5,0.1,16.117139770136863,0.643004117328527,1,7.885526402458249,1.47,0.3,1,10,1,9.50363045653317,0.8,0.643004117328527,0.643004117328527,1,4.9,-2.3633511848271525
0.4346176058381335,0.0640483535053877,26.12454796877964,2.4301618689300617,-0.0760629366886494,3,5,0.1,8.35886903612666,0.8558896293092842,1,10.204924886109987,1.47,0.3,1,10,1,1.633700898156192,0.8,0.8558896293092842,0.8558896293092842,1,4.9,-3.748560118806619
0.5323848980103313,0.0412396762225782,43.93503876780922,2.2165429539704307,-0.0625838441888659,3,5,0.1,5.269976050438853,0.9642526370905578,1,1.3685027657792448,1.47,0.3,1,10,1,3.027650624071132,0.8,0.9642526370905578,0.9642526370905578,1,4.9,-5.60871825328279
0.6314951275325721,0.017038215747112,186.2402499413514,3.4676074919645763,-0.037797191732059,3,5,0.1,2.44003951852777,0.5603154067543175,1,3.971481118719396,1.47,0.3,1,10,1,4.408936985015739,0.8,0.5603154067543175,0.5603154067543175,1,4.9,-4.023624670241174
0.6317269914948297,0.0447891242996365,227.58919570169985,2.175188869848519,-0.0756007875285406,3,5,0.1,4.359370828880687,0.9408602978092376,1,3.341781003431719,1.47,0.3,1,10,1,7.830764187655457,0.8,0.9408602978092376,0.9408602978092376,1,4.9,-6.317778531044963
0.6465231372036517,0.0913946440115619,143.7009983137033,2.424656077511238,-0.1696604291340823,3,5,0.1,13.702954428087684,0.8284987732928961,1,19.525592215015,1.47,0.3,1,10,1,8.512256773267303,0.8,0.8284987732928961,0.8284987732928961,1,4.9,-3.215259952957404
0.6518502913255704,0.0726113532958181,642.572436222386,2.1115429446643863,-0.121993681670659,3,5,0.1,7.513894806844822,0.9611858407497336,1,16.63784999654072,1.47,0.3,1,10,1,16.851985799105144,0.8,0.9611858407497336,0.9611858407497336,1,4.9,-4.567175191258919
0.2872782162965388,0.0316204337804096,32.553422150328146,3.1403012023200083,0.0051017150469332,3,5,0.1,4.372424094886447,0.663551177085346,1,15.449936947993118,1.47,0.3,1,10,1,1.0127263715839037,0.8,0.663551177085346,0.663551177085346,1,4.9,-3.424439763504296
0.492204714441842,0.0159091230964767,114.1518524580671,4.35009611701724,-0.0227787883297757,3,5,0.1,2.4789585539435346,0.4583715178154326,1,14.06522893728931,1.47,0.3,1,10,1,1.9082914380728973,0.8,0.4583715178154326,0.4583715178154326,1,4.9,-2.687346459245262
0.6469417865590693,0.0664112055717085,185.21644428411187,2.3713294032732657,-0.1212710003442987,3,5,0.1,6.488283339147061,0.848448749933529,1,8.054439942342109,1.47,0.3,1,10,1,8.645373635069953,0.8,0.848448749933529,0.848448749933529,1,4.9,-4.07000918234759
0.3898679736897496,0.0517307149995822,23.38667143409799,2.543511561117936,-0.0459466763253599,3,5,0.1,6.548140584819141,0.8320940943495672,1,6.793811688095071,1.47,0.3,1,10,1,1.3492196624288793,0.8,0.8320940943495672,0.8320940943495672,1,4.9,-3.942664626400294
0.6508751082908263,0.038245221129157,473.3331962506157,2.412179428152521,-0.0711191739355435,3,5,0.1,3.658572741181754,0.8317805897172347,1,14.590537602138626,1.47,0.3,1,10,1,10.455119044479993,0.8,0.8317805897172347,0.8317805897172347,1,4.9,-5.905258572105707
0.6480115773395823,0.0667642565473834,366.9717119224438,2.1934904301522216,-0.1152091586764137,3,5,0.1,6.61305550144201,0.9244455202403068,1,6.58261486557439,1.47,0.3,1,10,1,12.25939801003561,0.8,0.9244455202403068,0.9244455202403068,1,4.9,-4.573150542415471
0.6659671828508407,0.0272388768802533,1675.3115851428029,3.289700970061136,-0.0631480521851221,3,5,0.1,2.968759644486005,0.5844964199770141,1,8.626034854561874,1.47,0.3,1,10,1,17.86367991941038,0.8,0.5844964199770141,0.5844964199770141,1,4.9,-3.603946051124847
0.5565202432406304,0.0719640005180034,104.55438740757874,2.4682308222798506,-0.1279797620883376,3,5,0.1,35.16235048650258,0.8704091305416868,1,1.082399384724447,1.47,0.3,1,10,1,6.763642713579664,0.8,0.8704091305416868,0.8704091305416868,1,4.9,-3.0792173738209634
0.7068009664440565,0.0071631069049372,5738.486634033135,5.064267740860784,-0.0160803973315113,3,5,0.1,1.8325177072733,0.3343457020864088,1,15.604117018410005,1.47,0.3,1,10,1,19.241287657285863,0.8,0.3343457020864088,0.3343457020864088,1,4.9,-1.940666988722139
0.677519049750951,0.020973600984297,1783.236772913951,3.908866135857416,-0.0523034442225626,3,5,0.1,2.6348790050981408,0.4739493312994321,1,9.9161375257489,1.47,0.3,1,10,1,16.811104400767853,0.8,0.4739493312994321,0.4739493312994321,1,4.9,-2.7224796233142428
0.5409673793712996,0.0151848042721248,81.4983313638922,5.929107336093771,-0.0043191230742426,3,5,0.1,2.555753290402807,0.3235256469923076,1,7.7658305859395185,1.47,0.3,1,10,1,1.890910468819916,0.8,0.3235256469923076,0.3235256469923076,1,4.9,-1.5304755958225194
0.6119119716855252,0.0462781662335314,67.73248546348638,2.4398242246683943,-0.081893951289137,3,5,0.1,4.517034656993151,0.8330150018763314,1,3.57616481766961,1.47,0.3,1,10,1,4.145831082803832,0.8,0.8330150018763314,0.8330150018763314,1,4.9,-4.874039043032326
0.8435972339493392,0.0218000879816123,387.1600694845701,7.649153680920611,0.4356931039296829,3,5,0.1,4.312385723815456,0.1392128719608854,1,14.179564880768575,1.47,0.3,1,10,1,13.146909296719937,0.8,0.1392128719608854,0.1392128719608854,1,4.9,-0.501844277882995
0.6514271209474827,0.091034646730332,483.81663906959545,2.131690107534556,-0.154065526014883,3,5,0.1,13.767371564884217,0.9518424600477536,1,14.7115985515438,1.47,0.3,1,10,1,16.399051074892007,0.8,0.9518424600477536,0.9518424600477536,1,4.9,-3.7831018637838767
0.6014813027356675,0.0310030890714809,136.92857141576138,3.5946148694709903,-0.0677064820613952,3,5,0.1,3.2637456673538843,0.5464581673544021,1,16.518684972209986,1.47,0.3,1,10,1,3.807823411715835,0.8,0.5464581673544021,0.5464581673544021,1,4.9,-2.989426011501248
0.6098942199432769,4.164217650220642e-05,16951.679305412294,10.017224579421848,0.0006393029398197,3,5,0.1,0.7919876141600729,0.1695627619907632,1,7.69163354307291,1.47,0.3,1,10,1,1.7482108150968323,0.8,0.1695627619907632,0.1695627619907632,1,4.9,-1.1294276888082957
0.6424528459923191,0.0423895099062583,960.605673828523,2.2322405858312604,-0.0740369729739689,3,5,0.1,4.089910484049,0.9126565507947004,1,3.730557535581764,1.47,0.3,1,10,1,15.879012584558918,0.8,0.9126565507947004,0.9126565507947004,1,4.9,-6.346875589128191
0.4401242744870288,0.015751210098019,1277.554816786406,2.6863255050709904,-0.0283304252819508,3,5,0.1,5.910676344489632,0.8725485225223631,1,0.4370933803332092,1.47,0.3,1,10,1,11.134129559577447,0.8,0.8725485225223631,0.8725485225223631,1,4.9,-4.436741130718108
0.647461031754708,0.0653793770059828,903.1999489749072,2.5771933038653017,-0.1280815684508046,3,5,0.1,6.580462574697628,0.7787152816689594,1,3.554689611988395,1.47,0.3,1,10,1,19.502841359828786,0.8,0.7787152816689594,0.7787152816689594,1,4.9,-3.585843411837338
0.658960810432994,0.0713626395223241,843.0844320131356,2.755325885648096,-0.1476336477789263,3,5,0.1,7.213457901541955,0.7168628138254619,1,6.543294384936845,1.47,0.3,1,10,1,19.90291193302232,0.8,0.7168628138254619,0.7168628138254619,1,4.9,-3.1109107338774145
0.6542792252012046,0.0537588747502918,599.9090726120713,2.7572833350095665,-0.1108055923216487,3,5,0.1,4.96897572592638,0.7184226330502789,1,4.9893692632786815,1.47,0.3,1,10,1,14.53889468965452,0.8,0.7184226330502789,0.7184226330502789,1,4.9,-3.6139258143271
0.6997201733915384,0.0044845778152311,6167.845233203663,4.889035194227506,-0.0105433507937507,3,5,0.1,1.601353074910493,0.3524495545593033,1,12.798318306038038,1.47,0.3,1,10,1,15.501779290933468,0.8,0.3524495545593033,0.3524495545593033,1,4.9,-2.4151362787710973
0.6535691928422244,0.0492829759552309,557.497686850125,2.396126405425375,-0.0915095741870237,3,5,0.1,4.489724231613598,0.8371940121410097,1,16.48258286328693,1.47,0.3,1,10,1,13.017220579128676,0.8,0.8371940121410097,0.8371940121410097,1,4.9,-4.940020799039498
0.597390858507219,0.0323224065433352,1095.756809024606,3.1480135861548804,-0.0708713495051613,3,5,0.1,3.986312010705427,0.6487753915757364,1,1.2945108448207263,1.47,0.3,1,10,1,15.463989250996129,0.8,0.6487753915757364,0.6487753915757364,1,4.9,-3.486644078034164
0.6537866262640613,0.042326700086648,1417.1502655587826,2.227552744567628,-0.0743803631838371,3,5,0.1,3.9596712808866927,0.9066430558817564,1,11.854070915921284,1.47,0.3,1,10,1,19.2850809771112,0.8,0.9066430558817564,0.9066430558817564,1,4.9,-6.48892976178468
0.6751163159188511,0.0090180885052946,1406.6990825870416,4.228712542198115,-0.0224508507645866,3,5,0.1,1.936784138502319,0.4316554467126341,1,4.998235489457409,1.47,0.3,1,10,1,9.913957276093424,0.8,0.4316554467126341,0.4316554467126341,1,4.9,-2.9978274819894715
0.6660603387950075,0.0193582725135069,807.9039946300232,3.6042593041339246,-0.0465243074452346,3,5,0.1,2.523120070297244,0.5255320705992055,1,17.899294658328746,1.47,0.3,1,10,1,10.30701192945214,0.8,0.5255320705992055,0.5255320705992055,1,4.9,-3.408133301257333
0.5677318179269499,0.0579442008430369,51.070268415430384,3.37858420678887,-0.114186948575473,3,5,0.1,5.753563471869881,0.5915074474800844,1,14.549882671160626,1.47,0.3,1,10,1,2.850481243211276,0.8,0.5915074474800844,0.5915074474800844,1,4.9,-2.593932754127668
0.6524827560140032,0.0732856432608147,452.6257155811514,2.24455226462569,-0.1292859645072775,3,5,0.1,7.5725115741751265,0.8993935227487724,1,18.39114586130795,1.47,0.3,1,10,1,14.221050242800588,0.8,0.8993935227487724,0.8993935227487724,1,4.9,-4.1473383728848
0.6508903521237057,0.1014799726798781,595.6248986917533,2.0561405677006688,-0.1667623441002305,3,5,0.1,25.774038766216822,0.9900889902358068,1,19.0449684203239,1.47,0.3,1,10,1,19.152654258286333,0.8,0.9900889902358068,0.9900889902358068,1,4.9,-3.625238050185409
0.6708812070323026,0.0142991826664411,784.6178232130152,4.001016193285332,-0.035295853726714,3,5,0.1,2.248775080493448,0.4629378600440962,1,14.668437514782315,1.47,0.3,1,10,1,8.884999071844389,0.8,0.4629378600440962,0.4629378600440962,1,4.9,-2.9695217522212545
0.6184821109658879,0.0397674211204032,387.4757646052208,2.197342364098832,-0.0673297004088025,3,5,0.1,4.141512336554478,0.9434770519751676,1,2.212657845134871,1.47,0.3,1,10,1,9.682146052501803,0.8,0.9434770519751676,0.9434770519751676,1,4.9,-6.713555256677385
0.6610069150580279,0.0333491028175111,778.9488720825105,3.003610141490678,-0.0729376387727623,3,5,0.1,3.324235363957812,0.6496042073910471,1,13.730820478351252,1.47,0.3,1,10,1,13.141786401312816,0.8,0.6496042073910471,0.6496042073910471,1,4.9,-3.980179847813208
0.6532844009664522,0.0952351558255617,501.5187219662323,2.2398384944156384,-0.1679484541537848,3,5,0.1,16.4980503582967,0.9015720556436272,1,14.901197893935938,1.47,0.3,1,10,1,17.188311624091284,0.8,0.9015720556436272,0.9015720556436272,1,4.9,-3.4444412501962915
0.6565249051626016,0.0461209662804316,1120.234145885299,2.605274614392293,-0.0915182099788361,3,5,0.1,4.234390586317519,0.7636450091794695,1,7.855041601044194,1.47,0.3,1,10,1,18.27284096169188,0.8,0.7636450091794695,0.7636450091794695,1,4.9,-4.394838427958735
0.5482238464172511,0.0366628715006762,449.78787686985146,2.5255068691263647,-0.0665604515526454,3,5,0.1,5.336947268057068,0.8594578529443755,1,0.9934178111365844,1.47,0.3,1,10,1,10.108480715168566,0.8,0.8594578529443755,0.8594578529443755,1,4.9,-4.589342581092673
0.5713593667644847,0.0303391472167673,99.01277682532664,2.534690383751645,-0.0540526824503184,3,5,0.1,3.70319075964404,0.8245970692692466,1,1.5205203518172954,1.47,0.3,1,10,1,4.141298903210638,0.8,0.8245970692692466,0.8245970692692466,1,4.9,-5.721220762978225
0.6799552351517065,0.0098036614312563,2594.670155712468,4.118029720027534,-0.0245984495874047,3,5,0.1,1.9713331488371213,0.4442714736521929,1,14.597151600198067,1.47,0.3,1,10,1,13.970109980021936,0.8,0.4442714736521929,0.4442714736521929,1,4.9,-3.12330999081982
0.6423206600204563,0.069998415703718,158.59583741750308,2.222322510219224,-0.12096181169393,3,5,0.1,7.076727105206407,0.9117302867274004,1,14.171192254853176,1.47,0.3,1,10,1,7.827089545545801,0.8,0.9117302867274004,0.9117302867274004,1,4.9,-4.345390837457842
0.6467344892511666,0.0410134069759193,682.4494243829695,3.617117014194872,-0.098749141170584,3,5,0.1,4.246469692221786,0.5317354682560089,1,2.124322308280245,1.47,0.3,1,10,1,14.215751777660584,0.8,0.5317354682560089,0.5317354682560089,1,4.9,-2.5040847776196493
0.654284938596676,0.0802942287089328,604.8476711340008,2.3110491766098984,-0.1452480978977673,3,5,0.1,9.173819568265875,0.8710647967425121,1,12.575218654100874,1.47,0.3,1,10,1,17.413284312376945,0.8,0.8710647967425121,0.8710647967425121,1,4.9,-3.729924087485113
0.359504459276392,0.0491864300221109,28.849051474444604,2.302478328729155,-0.0397810322711214,3,5,0.1,6.198755686447018,0.902439020799374,1,11.407595441989123,1.47,0.3,1,10,1,1.3023116307199687,0.8,0.902439020799374,0.902439020799374,1,4.9,-4.555672832554446
0.6524419678209183,0.0987343769205632,108.11443823264698,2.8778574876971987,-0.2071855636664644,3,5,0.1,19.89001063002066,0.6833583568115326,1,18.89421763576438,1.47,0.3,1,10,1,7.751529103020143,0.8,0.6833583568115326,0.6833583568115326,1,4.9,-2.476382933552962
0.5640694271326397,0.0654996652395332,50.86854172741962,2.8140052263878124,-0.12607858448977,3,5,0.1,13.117628911415606,0.7422276989154675,1,1.2209243745053828,1.47,0.3,1,10,1,4.480445012043892,0.8,0.7422276989154675,0.7422276989154675,1,4.9,-2.850421304530688
0.7720270344582493,0.0495725412801887,107.63147434180809,6.75322411974347,0.106438769176534,3,5,0.1,7.6017281852275715,0.2087839021379257,1,9.53891000499062,1.47,0.3,1,10,1,8.072154168926069,0.8,0.2087839021379257,0.2087839021379257,1,4.9,-0.7436005372470937
0.6996752999202255,0.0019003003053344,1915.3370168877743,5.692124357282077,-0.0027651546329044,3,5,0.1,1.3413535307172926,0.2897684796057242,1,7.7878483172376285,1.47,0.3,1,10,1,5.519122514768597,0.8,0.2897684796057242,0.2897684796057242,1,4.9,-1.9476155129899624
0.6202375413392113,0.034211828034243,836.352531585431,3.1030088915228577,-0.075023993396381,3,5,0.1,3.818523900154878,0.6473329345376181,1,1.703416399363265,1.47,0.3,1,10,1,13.895528383317307,0.8,0.6473329345376181,0.6473329345376181,1,4.9,-3.5698587400917496
0.6751945460083384,0.0331146443525589,1316.393912510985,3.678848167893667,-0.0810743133636251,3,5,0.1,3.343181570335396,0.5100790343854,1,17.593717708924,1.47,0.3,1,10,1,17.854340954447775,0.8,0.5100790343854,0.5100790343854,1,4.9,-2.64017507223976
0.6546267613887007,0.0751414607930854,423.2491058429677,2.4053151400123287,-0.1400920969229043,3,5,0.1,7.87729329427104,0.8333742705814605,1,16.95272302008034,1.47,0.3,1,10,1,14.061336656855522,0.8,0.8333742705814605,0.8333742705814605,1,4.9,-3.6884131130916415
0.5834818197426567,0.0400068278040662,72.63595292745039,3.208979474327521,-0.0837286579119533,3,5,0.1,4.6995349800114585,0.632076428397862,1,1.4519030422050407,1.47,0.3,1,10,1,4.234051044584276,0.8,0.632076428397862,0.632076428397862,1,4.9,-3.070543528562545
0.3709514102533436,0.0458069252968075,13.071159450335957,2.528761654727991,-0.0273515119494742,3,5,0.1,7.411340091050475,0.895412682670049,1,1.96966865748344,1.47,0.3,1,10,1,1.1791707041589323,0.8,0.895412682670049,0.895412682670049,1,4.9,-4.156428196404248
0.6674857066715734,0.0166519151606939,832.3226763823899,3.78927569192114,-0.0406818653709772,3,5,0.1,2.375591268740941,0.4950781055677343,1,19.212874777327382,1.47,0.3,1,10,1,9.687876135550193,0.8,0.4950781055677343,0.4950781055677343,1,4.9,-3.212319813355162
0.7231030421824005,0.0103817408938447,2478.0070764188195,5.687613403708869,-0.0154715989507143,3,5,0.1,2.142133075331342,0.2798888040806536,1,4.302487748998334,1.47,0.3,1,10,1,16.13587943601341,0.8,0.2798888040806536,0.2798888040806536,1,4.9,-1.3421428890158893
0.0404389829802432,0.0092618758127864,13.535340507511178,3.678093312774663,0.2805083136203917,3,5,0.1,8.55498216406761,0.64182273333911,1,11.268718508115516,1.47,0.3,1,10,1,0.2774610241697798,0.8,0.64182273333911,0.64182273333911,1,4.9,-2.5933938440798308
0.7038481734429158,0.003246626392412,1808.6319319626973,5.661824700649586,-0.0049606355952468,3,5,0.1,1.5106738995161924,0.2887483229829496,1,16.330246905763634,1.47,0.3,1,10,1,6.837180528237708,0.8,0.2887483229829496,0.2887483229829496,1,4.9,-1.7373244881070669
0.6537819984178679,0.0910821642229571,205.8752194872104,2.551708458313113,-0.1769901306059023,3,5,0.1,13.251033000340948,0.7809401469519277,1,19.262102544076555,1.47,0.3,1,10,1,10.642327026762926,0.8,0.7809401469519277,0.7809401469519277,1,4.9,-3.018172818509459
0.6547691597449763,0.0633880990940521,980.9427392353332,2.280900326227042,-0.1135695071524336,3,5,0.1,5.979243579508428,0.8833660264671491,1,15.839038968884914,1.47,0.3,1,10,1,19.6788241466531,0.8,0.8833660264671491,0.8833660264671491,1,4.9,-4.49360634755131
0.7053523848749724,0.0062878006736904,5300.053454185682,5.046914124514863,-0.0141823720838789,3,5,0.1,1.763575083636858,0.3363186608673761,1,12.007123646072753,1.47,0.3,1,10,1,17.285627473480698,0.8,0.3363186608673761,0.3363186608673761,1,4.9,-2.0198341432358333
0.6434594843194579,0.0758996170275908,113.65267241246104,2.4523298365162667,-0.1413243849013136,3,5,0.1,8.325195384616519,0.8186767208134424,1,6.779592070425952,1.47,0.3,1,10,1,7.214219020433347,0.8,0.8186767208134424,0.8186767208134424,1,4.9,-3.5415417493300936
0.6467210438114277,0.0433985811432128,991.0814871878672,2.67898559344314,-0.0873688400977083,3,5,0.1,4.152084769745954,0.7465209585087482,1,3.440687556838783,1.47,0.3,1,10,1,16.721375311494757,0.8,0.7465209585087482,0.7465209585087482,1,4.9,-4.286801986404226
0.4395383195751872,0.0852096099199868,11.620567152681598,4.175637392692892,-0.0667469502463649,3,5,0.1,137.96371932429702,0.4977022456624957,1,7.172662309240199,1.47,0.3,1,10,1,1.4438557540803636,0.8,0.4977022456624957,0.4977022456624957,1,4.9,-1.673090673319095
0.6541223426599365,0.0882038142368736,518.6724478324655,2.328645525131612,-0.1604716709470448,3,5,0.1,12.01690661731556,0.8640288661270726,1,10.997398336641345,1.47,0.3,1,10,1,16.920435396866274,0.8,0.8640288661270726,0.8640288661270726,1,4.9,-3.4606942896975994
0.7423235403202927,0.0262870120000368,1066.281168752373,6.001889505833897,-0.0200969440926381,3,5,0.1,3.385309961824478,0.254350180029924,1,5.683460768903957,1.47,0.3,1,10,1,17.471875675089997,0.8,0.254350180029924,0.254350180029924,1,4.9,-1.028065662599687
0.6711612069541723,0.0470457313151474,394.4796085926616,3.5987818221307872,-0.1134308820571734,3,5,0.1,4.365807676696303,0.52456086282468,1,9.159061893107005,1.47,0.3,1,10,1,11.530593373244038,0.8,0.52456086282468,0.52456086282468,1,4.9,-2.429719986296032
0.6384565131118312,0.012023218201711,304.19526852232474,4.068705203334469,-0.027855295880532,3,5,0.1,2.128046642258872,0.4639594723046352,1,9.51335494029569,1.47,0.3,1,10,1,4.413459047835133,0.8,0.4639594723046352,0.4639594723046352,1,4.9,-3.1479401911253824
0.6459718619827597,0.0585466682197287,727.8229295282473,2.095572208151306,-0.0973777914820953,3,5,0.1,5.59695223065734,0.9735122375251998,1,5.024806822605836,1.47,0.3,1,10,1,16.13710769303839,0.8,0.9735122375251998,0.9735122375251998,1,4.9,-5.461661449842943
0.6661457978840841,0.0635123857488827,284.4743656345128,3.297892453300268,-0.1466069964654866,3,5,0.1,5.998729210326012,0.581951324577948,1,18.401367368638383,1.47,0.3,1,10,1,10.962006596252804,0.8,0.581951324577948,0.581951324577948,1,4.9,-2.507424168753026
0.4974309884864072,0.0130737796964396,60.7797319130112,4.3572251792512136,-0.0152947157763561,3,5,0.1,2.406033498003753,0.4791611977382559,1,2.3200978710338,1.47,0.3,1,10,1,1.6727777912706014,0.8,0.4791611977382559,0.4791611977382559,1,4.9,-2.983659974576131
0.6365167563981671,0.0925776685472499,37.759212790236845,3.19375355938426,-0.1990996727587231,3,5,0.1,18.13238749554004,0.61233846467082,1,4.143228266855089,1.47,0.3,1,10,1,4.653780512392114,0.8,0.61233846467082,0.61233846467082,1,4.9,-2.2157219240182897
0.6399232222321654,0.0310766393416908,278.891282073353,3.0467521082169147,-0.066814303594031,3,5,0.1,3.1992218565144195,0.6466548359443625,1,18.92273113856773,1.47,0.3,1,10,1,6.589339744880722,0.8,0.6466548359443625,0.6466548359443625,1,4.9,-4.079587748424839
0.5362533861846696,0.0680619612452903,24.74921508066884,3.9116101010475,-0.11634515406751,3,5,0.1,8.507752748983327,0.5102500116991489,1,8.997560885147518,1.47,0.3,1,10,1,2.133482365542164,0.8,0.5102500116991489,0.5102500116991489,1,4.9,-1.977577534564421
0.5858796519048319,0.0451626053219694,111.22410489846877,2.18214837246424,-0.0721349394591738,3,5,0.1,4.310222631768558,0.9494166633150368,1,15.26769332924093,1.47,0.3,1,10,1,3.8319097854465007,0.8,0.9494166633150368,0.9494166633150368,1,4.9,-6.511311307398232
0.650714097664121,0.0539085843372581,878.2251831058146,2.178110348069223,-0.0928219314127883,3,5,0.1,4.989380176783727,0.9307691795159004,1,7.268395720784968,1.47,0.3,1,10,1,17.086372775119663,0.8,0.9307691795159004,0.9307691795159004,1,4.9,-5.494020107814126
0.6699430818128155,0.0207163624133315,2255.034679655706,3.492440854133946,-0.0495694846837059,3,5,0.1,2.594700074729328,0.5440928736085123,1,12.359014853759373,1.47,0.3,1,10,1,18.29211746760215,0.8,0.5440928736085123,0.5440928736085123,1,4.9,-3.5511898807157927
0.6581239952139706,0.0435897404292929,901.830524311203,2.6669400164383936,-0.0879887683351847,3,5,0.1,4.018814756690728,0.7430661618221901,1,12.741531683253411,1.47,0.3,1,10,1,15.949665380671526,0.8,0.7430661618221901,0.7430661618221901,1,4.9,-4.356314330424871
0.6510058876484455,0.0441846534307318,295.041798212745,2.722754730972572,-0.0895981187653325,3,5,0.1,4.112320617790282,0.7283107168711743,1,6.360182603889401,1.47,0.3,1,10,1,9.126178396777345,0.8,0.7283107168711743,0.7283107168711743,1,4.9,-4.137498789925553
0.4857242073057582,0.0101918303429371,84.55024113950554,4.36039277399182,-0.0156399665160906,3,5,0.1,2.4494313066001823,0.4732483784919751,1,1.0221233738896331,1.47,0.3,1,10,1,1.9737487548271613,0.8,0.4732483784919751,0.4732483784919751,1,4.9,-2.87244088215288
0.5192349216115817,0.0423839674739083,79.09987961943717,2.220638539311136,-0.0623920577488019,3,5,0.1,4.234000566780476,0.9404409190605618,1,15.911015240598084,1.47,0.3,1,10,1,2.530013393257485,0.8,0.9404409190605618,0.9404409190605618,1,4.9,-6.507407294646006
0.6553759948440225,0.0032502920570732,580.8473353527918,5.494416612807871,-0.0053383277958191,3,5,0.1,1.5472885493932196,0.3176235813892513,1,2.126906656583988,1.47,0.3,1,10,1,3.8471952588167575,0.8,0.3176235813892513,0.3176235813892513,1,4.9,-2.032066210274916
0.6453778941782511,0.0266635816956763,217.2000717425265,3.3309520614740658,-0.0599158450692869,3,5,0.1,2.9545488590216658,0.5819827648743937,1,10.153736981048931,1.47,0.3,1,10,1,5.79418890391129,0.8,0.5819827648743937,0.5819827648743937,1,4.9,-3.5899375353630454
0.655405164445449,0.0371137205474066,1655.313332870757,2.5107467222160014,-0.0716345302343761,3,5,0.1,3.584352517803819,0.7959073358247208,1,7.849441692931549,1.47,0.3,1,10,1,19.829523661354145,0.8,0.7959073358247208,0.7959073358247208,1,4.9,-5.505546535327069
0.6503896807105006,0.0394377362428199,941.049626353566,2.342589682350104,-0.0718944444139175,3,5,0.1,3.779134391524588,0.8607330039101289,1,5.858698034663641,1.47,0.3,1,10,1,15.246861801659271,0.8,0.8607330039101289,0.8607330039101289,1,4.9,-6.123228642775368
0.6599338986427012,0.0314670575754773,377.99155675945417,3.600180760432344,-0.0752326610614133,3,5,0.1,3.308328159990939,0.5284952018124631,1,3.925649871126372,1.47,0.3,1,10,1,9.20560959802762,0.8,0.5284952018124631,0.5284952018124631,1,4.9,-2.8084980875151686
0.6379902879512721,0.0889713591337549,100.13598644398787,2.084737810156949,-0.1454182978035955,3,5,0.1,13.553936705479504,0.9779684867664624,1,7.187750456099673,1.47,0.3,1,10,1,7.178497457768238,0.8,0.9779684867664624,0.9779684867664624,1,4.9,-3.9198340821324216
0.6804364314718168,0.0323308132254581,622.5169230644724,4.052175579305354,-0.0807937944388299,3,5,0.1,3.3392838333397825,0.4528388916100997,1,16.056756865684303,1.47,0.3,1,10,1,12.294226003569348,0.8,0.4528388916100997,0.4528388916100997,1,4.9,-2.208180738762099
0.6550989084756081,0.1043137733205894,133.12857125263358,2.7674104245631166,-0.2143446090576274,3,5,0.1,29.827845577531416,0.7130034750087075,1,19.46359941863161,1.47,0.3,1,10,1,9.067270517146245,0.8,0.7130034750087075,0.7130034750087075,1,4.9,-2.5170700861898894
0.5243234838194849,0.0590549155421214,22.21199800600008,3.798817339696856,-0.0939935711002044,3,5,0.1,6.775197710054165,0.5346418173666194,1,5.620815099304821,1.47,0.3,1,10,1,1.966249312791923,0.8,0.5346418173666194,0.5346418173666194,1,4.9,-2.184334610217899
0.6468669741664816,0.1053674028251919,112.3369561433352,2.501667854738807,-0.2000543619067372,3,5,0.1,34.701914760829546,0.800212509865229,1,19.11179208882896,1.47,0.3,1,10,1,8.050812342301477,0.8,0.800212509865229,0.800212509865229,1,4.9,-2.8190564788157104
0.6042234292207738,0.0710524662481897,31.253218164336207,5.075128872553618,-0.1189184920649952,3,5,0.1,10.304800969390264,0.364939027641817,1,18.50552750223737,1.47,0.3,1,10,1,2.713291835462195,0.8,0.364939027641817,0.364939027641817,1,4.9,-1.3260390078665978
0.6477138768767658,0.042921028501113,857.9787720739901,2.196327774792956,-0.0742258841419107,3,5,0.1,4.0661017993434445,0.924308541020039,1,5.319160708612919,1.47,0.3,1,10,1,15.071163490349116,0.8,0.924308541020039,0.924308541020039,1,4.9,-6.561168093640889
0.7100677764779988,0.0042771279602062,6176.1102673206815,5.360019144615767,-0.0084387946123403,3,5,0.1,1.6129405994842247,0.3081755083244126,1,4.489678942157929,1.47,0.3,1,10,1,15.820185766262936,0.8,0.3081755083244126,0.3081755083244126,1,4.9,-1.853632317142317
0.4767066759731466,0.0134631512633226,127.18797850013748,4.038155486120036,-0.0188875659211507,3,5,0.1,2.3136355350255835,0.5008558400552916,1,11.276576067097626,1.47,0.3,1,10,1,1.808789128207192,0.8,0.5008558400552916,0.5008558400552916,1,4.9,-3.373584571952467
0.6471167681757215,0.0713790197915167,265.0212989448349,2.1187010090383653,-0.1195506190749119,3,5,0.1,7.316737916197753,0.9587324153688128,1,17.51388690948108,1.47,0.3,1,10,1,10.452051007722758,0.8,0.9587324153688128,0.9587324153688128,1,4.9,-4.603158895412664
0.7287394517129021,0.0034694184078466,918.382905353712,6.804059030113004,0.0070088770179743,3,5,0.1,1.609915128102873,0.2137220689922542,1,16.02410747986228,1.47,0.3,1,10,1,5.119625377385077,0.8,0.2137220689922542,0.2137220689922542,1,4.9,-1.0321124611145436
0.6380959028575985,0.0653557144756275,129.84108896113517,2.3211479679955485,-0.1161084533133501,3,5,0.1,6.342884818447733,0.8710168175596763,1,13.270391887415297,1.47,0.3,1,10,1,6.680508544106198,0.8,0.8710168175596763,0.8710168175596763,1,4.9,-4.2723146235657765
0.633776936629591,0.0671586868451257,66.65662142536976,3.4472206626039528,-0.1494830119132573,3,5,0.1,6.78881664918597,0.5627286906750101,1,12.74338775087144,1.47,0.3,1,10,1,4.576225500630047,0.8,0.5627286906750101,0.5627286906750101,1,4.9,-2.3255498364278324
0.4387757183052539,0.0865668838831708,16.09249165750041,2.608025603256744,-0.1025326944767415,3,5,0.1,35.2938364121739,0.799746449065134,1,8.246533565758634,1.47,0.3,1,10,1,1.593006475344898,0.8,0.799746449065134,0.799746449065134,1,4.9,-2.8146386109899595
0.658220588673256,0.0381395699872724,728.6082163071221,2.783441146013086,-0.0792333328395012,3,5,0.1,3.629051393826364,0.7084391305157797,1,18.78423060245552,1.47,0.3,1,10,1,13.352650081872412,0.8,0.7084391305157797,0.7084391305157797,1,4.9,-4.3369217316009525
0.6260676460625099,0.0825410451937116,18.682958900365875,4.526199293045824,-0.1665179439512235,3,5,0.1,16.40288885599014,0.4161299290985635,1,4.134945101976759,1.47,0.3,1,10,1,2.98518246872952,0.8,0.4161299290985635,0.4161299290985635,1,4.9,-1.4743754956156003
0.641755249529468,0.0747390646777482,752.5685162103626,2.621954941088525,-0.1478067522469751,3,5,0.1,8.882594272265516,0.7677716805547333,1,2.795884627858628,1.47,0.3,1,10,1,19.068411827497943,0.8,0.7677716805547333,0.7677716805547333,1,4.9,-3.205792400907125
0.4343334440902682,0.0209734116244512,2622.387388279681,2.719644441581296,-0.0380776788319898,3,5,0.1,15.899168283747157,0.8671773944493099,1,0.3929830969660752,1.47,0.3,1,10,1,18.544357374272007,0.8,0.8671773944493099,0.8671773944493099,1,4.9,-3.312108051968273
0.1592732341895711,0.0299346809735793,13.827998734069878,3.945164812348036,0.1641378117619779,3,5,0.1,8.46284738890391,0.5848606396112244,1,6.903448018937426,1.47,0.3,1,10,1,0.6020280212827883,0.8,0.5848606396112244,0.5848606396112244,1,4.9,-2.3243477072329384
0.6428668904903809,0.0459890479936395,191.07114211899287,2.48535055951676,-0.0864127572260512,3,5,0.1,4.24898916481943,0.8070230734058645,1,11.06455008336698,1.47,0.3,1,10,1,7.0634156234425856,0.8,0.8070230734058645,0.8070230734058645,1,4.9,-4.831115846255633
0.3632624793551458,0.0808279798076497,13.010511164477252,3.639680951695347,-0.0347018853861708,3,5,0.1,135.24708166033062,0.5682761423975924,1,17.6890368407747,1.47,0.3,1,10,1,1.235189822575998,0.8,0.5682761423975924,0.5682761423975924,1,4.9,-1.9130091659411088
0.6719656053795984,0.017347077556768,2413.833872867356,3.6158852062045614,-0.0421443212423496,3,5,0.1,2.405107133446297,0.5217577710262934,1,18.20310218291012,1.47,0.3,1,10,1,17.404749132018587,0.8,0.5217577710262934,0.5217577710262934,1,4.9,-3.5219684214676903
0.5743777414844594,0.0040152892754835,243.06437317453825,8.632600552531335,0.0297625111475398,3,5,0.1,1.7664660447027205,0.2031559550760509,1,12.920793207629508,1.47,0.3,1,10,1,1.772704701396288,0.8,0.2031559550760509,0.2031559550760509,1,4.9,-0.9255603114703844
0.0002359883912082,5.065439046983813e-05,14.690512690679054,3.7260579189958025,0.3015964220010363,3,5,0.1,6.963070392941781,0.6565039418490277,1,9.993338527568138,1.47,0.3,1,10,1,0.0201954376455295,0.8,0.6565039418490277,0.6565039418490277,1,4.9,-2.805555377483444
0.663585626397047,0.0254602106927327,1217.5691847144233,3.154326658127506,-0.0574897646422796,3,5,0.1,2.854078533975389,0.6138468602684911,1,15.311737535917905,1.47,0.3,1,10,1,14.510030457029846,0.8,0.6138468602684911,0.6138468602684911,1,4.9,-4.1074813812637085
0.6460667206205655,0.1045689821668136,89.34555491678385,2.5573490312899514,-0.2014184220418097,3,5,0.1,37.86146813203986,0.7813781804503184,1,5.715350910100263,1.47,0.3,1,10,1,7.624533403435928,0.8,0.7813781804503184,0.7813781804503184,1,4.9,-2.7363632738689248
0.6329702912118558,0.0399422274956686,246.5007095521576,2.388289612663963,-0.0723421219971498,3,5,0.1,3.794873527083624,0.8483336005933159,1,19.845891281088345,1.47,0.3,1,10,1,6.747013779032414,0.8,0.8483336005933159,0.8483336005933159,1,4.9,-5.911035687855733
0.6525568579676376,0.0138419634684114,596.7574442831828,3.758725732636267,-0.0331298625192539,3,5,0.1,2.2127291465528653,0.5047450125386879,1,18.39175834087495,1.47,0.3,1,10,1,6.856939070224576,0.8,0.5047450125386879,0.5047450125386879,1,4.9,-3.597017539117566
0.6607750541347414,0.0229869625009563,346.71918870479,3.670073916968864,-0.0548526936769414,3,5,0.1,2.746225846766188,0.515964642463713,1,10.413355099530673,1.47,0.3,1,10,1,7.271702079957866,0.8,0.515964642463713,0.515964642463713,1,4.9,-3.0624127773129004
0.6309338404614272,0.0210781467333795,123.09551974522547,3.9760371445692737,-0.0472992005104427,3,5,0.1,2.6967605659687006,0.4793110528170162,1,5.773765517175178,1.47,0.3,1,10,1,3.805472331446491,0.8,0.4793110528170162,0.4793110528170162,1,4.9,-2.7297965503640462
0.6460423448516726,0.0678206415950648,476.51337640574246,2.5261706284873324,-0.130596100179375,3,5,0.1,6.98098101182674,0.7959977049600065,1,3.660574530668718,1.47,0.3,1,10,1,14.364384580296704,0.8,0.7959977049600065,0.7959977049600065,1,4.9,-3.615158187174316
0.6274234921148665,0.036723399354942,126.18011581473957,2.4886672853863185,-0.0674066785561133,3,5,0.1,3.615632952162611,0.8097418609453034,1,7.18118924530916,1.47,0.3,1,10,1,4.933615138454362,0.8,0.8097418609453034,0.8097418609453034,1,4.9,-5.653399616352427
0.649287596910981,0.0540629255620989,762.2355287698888,2.24176440191272,-0.0951492195639588,3,5,0.1,5.02819327424405,0.9034214522829324,1,5.743727203321552,1.47,0.3,1,10,1,15.988479803920772,0.8,0.9034214522829324,0.9034214522829324,1,4.9,-5.185218241334937
0.6844427114115614,0.0909030690096193,152.19001100450524,3.9745620510711137,-0.2255108431306025,3,5,0.1,15.703923319698784,0.4620184216119506,1,10.207511222402118,1.47,0.3,1,10,1,10.167179371851168,0.8,0.4620184216119506,0.4620184216119506,1,4.9,-1.6535761035991996
0.607492968281395,0.0028016109993654,633.3208772733002,5.315158494848709,-0.0051325004432333,3,5,0.1,1.569959034764686,0.3405152146399001,1,1.1640835246923569,1.47,0.3,1,10,1,3.6212590222363823,0.8,0.3405152146399001,0.3405152146399001,1,4.9,-2.2980771767553705
0.6153079160499527,0.0418119092086927,83.93212976025694,2.6407715395940987,-0.0782624138394648,3,5,0.1,4.007562986154812,0.7625445369733723,1,7.119497908611179,1.47,0.3,1,10,1,4.079576175248811,0.8,0.7625445369733723,0.7625445369733723,1,4.9,-4.57143066416937
0.6418181581705067,0.0858285327493114,659.9610044396765,2.080673165976863,-0.1415793901181005,3,5,0.1,12.598417513388892,0.9850620573438298,1,3.935560147180373,1.47,0.3,1,10,1,18.60011187615491,0.8,0.9850620573438298,0.9850620573438298,1,4.9,-4.016277060041452
0.0631490581654835,0.0165861574234354,11.26059778693696,2.8537266435109485,0.2080642628859711,3,5,0.1,14.53715071369582,0.8231795614659229,1,6.537554139909053,1.47,0.3,1,10,1,0.3552351698849329,0.8,0.8231795614659229,0.8231795614659229,1,4.9,-3.161674979562399
0.626754573346674,0.0582355881786943,116.32967238482163,2.118201365252755,-0.0950948794385008,3,5,0.1,5.524037048981114,0.9647892084632324,1,12.68202383995517,1.47,0.3,1,10,1,5.611612239426562,0.8,0.9647892084632324,0.9647892084632324,1,4.9,-5.428002523707525
0.5177709715608654,0.0190465992649919,1541.4557818926023,2.8854224007122102,-0.0377850834792118,3,5,0.1,3.6760227018793454,0.7612614592069318,1,0.7488828022816018,1.47,0.3,1,10,1,13.73353337879467,0.8,0.7612614592069318,0.7612614592069318,1,4.9,-4.910155462077771
0.4767088824098053,0.0272216132866682,34.55929902540757,3.0161292905555954,-0.0349207443024334,3,5,0.1,3.393927323226148,0.7062742887035767,1,2.920024375878238,1.47,0.3,1,10,1,1.6508222285697496,0.8,0.7062742887035767,0.7062742887035767,1,4.9,-4.576377975547199
0.7274657368145787,0.0157146772563211,1520.3995112910477,5.660931644630852,-0.0239407368499299,3,5,0.1,2.496458387288735,0.2815392686338537,1,11.271217543353368,1.47,0.3,1,10,1,15.484266372571,0.8,0.2815392686338537,0.2815392686338537,1,4.9,-1.273603871795718
0.0165175071633343,0.0039939520135341,9.19437128826306,5.005118028499089,0.4738614509243756,3,5,0.1,16.852948499820737,0.5278255853581612,1,4.646738724459919,1.47,0.3,1,10,1,0.1639498493852537,0.8,0.5278255853581612,0.5278255853581612,1,4.9,-1.898131786224536
0.6519818173994016,0.0710322410064753,215.0715203136081,2.5839923120928754,-0.1389555235837416,3,5,0.1,7.095581549623214,0.7708034223638712,1,16.535326044556367,1.47,0.3,1,10,1,9.56733472493506,0.8,0.7708034223638712,0.7708034223638712,1,4.9,-3.4417324290752447
0.6188737408469244,0.0347551221039842,61.81955190799666,3.7608750736484846,-0.0762535478734949,3,5,0.1,3.697835176550065,0.515122090886798,1,2.887604092407336,1.47,0.3,1,10,1,3.618446591512729,0.8,0.515122090886798,0.515122090886798,1,4.9,-2.543970886205983
0.6547436296756945,0.0606159259465413,908.0183178009364,2.3666473409064914,-0.1117651503047614,3,5,0.1,5.642020410035285,0.8488629938055668,1,9.996050699416823,1.47,0.3,1,10,1,18.61334387758442,0.8,0.8488629938055668,0.8488629938055668,1,4.9,-4.360245353828919
0.6708854807537317,0.0210673334123578,1635.459043671926,3.690038522597287,-0.0515257870382147,3,5,0.1,2.6362335386946856,0.5099033251446801,1,6.523004386366575,1.47,0.3,1,10,1,15.902336290533295,0.8,0.5099033251446801,0.5099033251446801,1,4.9,-3.097735324433117
0.6921041065074729,0.0196610275719693,848.143813117906,4.610967765256839,-0.0481077857739512,3,5,0.1,2.616539494211525,0.382694765591289,1,12.521521702275804,1.47,0.3,1,10,1,11.67190325624934,0.8,0.382694765591289,0.382694765591289,1,4.9,-1.936537206814588
0.6854732692606161,0.0079877887166864,1522.7754959148874,4.5371432628663815,-0.0195947689576751,3,5,0.1,1.867687745692998,0.3926081376844135,1,11.770765035539076,1.47,0.3,1,10,1,9.806289163297416,0.8,0.3926081376844135,0.3926081376844135,1,4.9,-2.5685434926831867
0.6659713115631132,0.0206740938628048,1461.2495219209677,3.5757986238109454,-0.0498302145014204,3,5,0.1,2.618759693756389,0.5309137876263404,1,5.027567562338271,1.47,0.3,1,10,1,14.769911607194006,0.8,0.5309137876263404,0.5309137876263404,1,4.9,-3.35839387977078
0.671008020156549,0.0132561113328595,960.8574186019606,3.976787694757533,-0.0327623896222217,3,5,0.1,2.1835023964949225,0.4662997326842665,1,17.005354347143413,1.47,0.3,1,10,1,9.445806309434138,0.8,0.4662997326842665,0.4662997326842665,1,4.9,-3.098112757715405
0.6501207497879794,0.0655784272961045,214.8420410515365,2.5716619266107235,-0.1275933819525606,3,5,0.1,6.254569181819541,0.7756075295837479,1,17.522947832735117,1.47,0.3,1,10,1,9.066536876161615,0.8,0.7756075295837479,0.7756075295837479,1,4.9,-3.63801221011434
0.6617349940684125,0.0792768732620822,467.6380953962134,2.8001608554436457,-0.1658716948345932,3,5,0.1,8.735153232625331,0.7021632669000274,1,15.373451935413309,1.47,0.3,1,10,1,15.59144033111924,0.8,0.7021632669000274,0.7021632669000274,1,4.9,-2.8808888941342943
0.6497701437205066,0.0610439376898105,417.7456723948858,2.127269060398718,-0.1028945778449855,3,5,0.1,5.7610972787012775,0.9537459086237065,1,12.048841128075098,1.47,0.3,1,10,1,12.407666612734804,0.8,0.9537459086237065,0.9537459086237065,1,4.9,-5.180151269205437
0.5730754541456808,0.0895370603099882,46.534877076251,2.330380529624481,-0.1469404212240576,3,5,0.1,15.26548060602238,0.8841164915478643,1,17.936232619224814,1.47,0.3,1,10,1,3.2937778357325342,0.8,0.8841164915478643,0.8841164915478643,1,4.9,-3.4075415241108047
0.0097469517402681,0.0008616993204613,36.70323986223027,4.017742333710465,0.1389039382253456,3,5,0.1,3.0905835441669467,0.6265438486863799,1,8.782170614464334,1.47,0.3,1,10,1,0.1257070816636524,0.8,0.6265438486863799,0.6265438486863799,1,4.9,-3.9631772910934338
0.6247338047947036,0.0463556174578773,91.84067030827065,2.623026963773821,-0.0878017448150965,3,5,0.1,4.341706768122554,0.7654994874437719,1,7.808368939725811,1.47,0.3,1,10,1,4.632226295206256,0.8,0.7654994874437719,0.7654994874437719,1,4.9,-4.335121107197928
0.6460916455109802,0.0586556555207154,305.0735876696268,2.0651257386965307,-0.0961293739776867,3,5,0.1,5.496132422960639,0.985501922121795,1,17.25908312732205,1.47,0.3,1,10,1,10.096659827920677,0.8,0.985501922121795,0.985501922121795,1,4.9,-5.648086225132081
0.9269208495484096,4.445725544107501e-06,1463220.127316366,7.083187548319227,0.0006621133511756,3,5,0.1,0.6760289429920675,0.0839912317954858,1,18.43616336282912,1.47,0.3,1,10,1,18.60900768495352,0.8,0.0839912317954858,0.0839912317954858,1,4.9,-0.3942684745824394
0.6531298012816923,0.0312692940642477,546.822710481593,2.731447845380304,-0.0637699095200517,3,5,0.1,3.2155167167943497,0.7253168583984929,1,7.03492511039602,1.47,0.3,1,10,1,10.494175328678082,0.8,0.7253168583984929,0.7253168583984929,1,4.9,-5.104178052461982
0.6606215617158133,0.0944673321447431,438.3099083749985,2.74602271444582,-0.1949632637195333,3,5,0.1,15.52252459799528,0.7182112754736159,1,8.776844765367425,1.47,0.3,1,10,1,16.484871970779047,0.8,0.7182112754736159,0.7182112754736159,1,4.9,-2.683781109828434
0.6256604663936536,0.067880207169307,72.32652600698911,2.1234190914803155,-0.1105441512973994,3,5,0.1,7.05405352725472,0.9611903613498636,1,5.974116282897442,1.47,0.3,1,10,1,5.146768714283382,0.8,0.9611903613498636,0.9611903613498636,1,4.9,-4.697498289620903
0.6146639886189821,0.0393342188177362,104.35635432337511,2.59652991654355,-0.073073538303966,3,5,0.1,3.8031829687657934,0.7775767393933997,1,9.246827366108432,1.47,0.3,1,10,1,4.248222166448092,0.8,0.7775767393933997,0.7775767393933997,1,4.9,-4.956441461483546
0.6513783892609277,0.0751692749106616,428.4519621958763,2.174376895943672,-0.129180505535973,3,5,0.1,8.005617375727429,0.9312345775295696,1,17.16023848508676,1.47,0.3,1,10,1,13.967700432822394,0.8,0.9312345775295696,0.9312345775295696,1,4.9,-4.260497318730451
0.6931909537049967,0.0142918671661555,2942.51497045768,4.547638927949608,-0.0354965783393043,3,5,0.1,2.2783017722205505,0.3889247292665543,1,17.550355836746025,1.47,0.3,1,10,1,18.647475122453308,0.8,0.3889247292665543,0.3889247292665543,1,4.9,-2.15465654949109
0.5302548171660886,0.0158169760751685,147.4178010518298,4.362530361363063,-0.0278965726392425,3,5,0.1,2.432048667651878,0.449994795313731,1,18.331581316746384,1.47,0.3,1,10,1,2.310132685596482,0.8,0.449994795313731,0.449994795313731,1,4.9,-2.639558821517607
0.0775463963658296,0.0157892690613938,14.102583063754714,4.144385081232312,0.2647242787787824,3,5,0.1,7.909171930024714,0.5690456659479547,1,10.016189044509046,1.47,0.3,1,10,1,0.3919019789519544,0.8,0.5690456659479547,0.5690456659479547,1,4.9,-2.279495188733083
0.7323345425267187,0.0018320373631811,11317.325064908246,5.902938939913245,-0.0018967411246636,3,5,0.1,1.340524718485063,0.2628125805992765,1,7.572951734875847,1.47,0.3,1,10,1,14.795240906382094,0.8,0.2628125805992765,0.2628125805992765,1,4.9,-1.6146890620613767
0.1446434419704849,0.0308858048769806,16.788780229607227,2.6639973989269707,0.0967666484122258,3,5,0.1,8.336476704178926,0.8033486090672071,1,17.394274571836274,1.47,0.3,1,10,1,0.6094352196718273,0.8,0.8033486090672071,0.8033486090672071,1,4.9,-3.45460666025566
0.605184314643397,0.076721753192848,49.52958130429567,2.301390119854182,-0.1289908905704204,3,5,0.1,8.994342273373961,0.8874780661457861,1,9.367929753338109,1.47,0.3,1,10,1,3.910813364201143,0.8,0.8874780661457861,0.8874780661457861,1,4.9,-3.843052490236854
0.6492150033257296,0.0661186279855814,400.098404380893,2.0684339181664946,-0.108900412565411,3,5,0.1,6.465562519408326,0.983128042975483,1,13.864986615044426,1.47,0.3,1,10,1,12.579728647952892,0.8,0.983128042975483,0.983128042975483,1,4.9,-5.079170475723823
0.3087484757518209,0.031907554210191,43.564898061723774,2.187396861350765,-0.0169747904022077,3,5,0.1,4.146865910566981,0.9379968453073808,1,18.069296519809857,1.47,0.3,1,10,1,1.1442572914392533,0.8,0.9379968453073808,0.9379968453073808,1,4.9,-6.621274677879702
0.6466898968306989,0.0620656577019965,227.0071242186616,2.566398356791701,-0.1204315541352981,3,5,0.1,5.98338720041688,0.7798519861543262,1,4.620897331356707,1.47,0.3,1,10,1,9.44537846784285,0.8,0.7798519861543262,0.7798519861543262,1,4.9,-3.7355556327948847
0.6544117612387454,0.1093463299893927,579.3337141673635,2.3147133689477286,-0.1981468627553819,3,5,0.1,62.440530541150125,0.8698586243607485,1,10.58000657421096,1.47,0.3,1,10,1,19.925565784228755,0.8,0.8698586243607485,0.8698586243607485,1,4.9,-2.9969464444740126
0.2313577084499624,0.0463914581190674,19.18942368773012,2.2302316666048494,0.0152932222344002,3,5,0.1,9.181114151624994,0.9293390514348264,1,16.381805304944486,1.47,0.3,1,10,1,0.8730389795471137,0.8,0.9293390514348264,0.9293390514348264,1,4.9,-4.055699425322544
0.6666534084817801,0.0909029586160895,296.1279174894806,3.2116204294178665,-0.2075210673241534,3,5,0.1,13.964602375170328,0.599916191221434,1,5.936406901826407,1.47,0.3,1,10,1,13.646069604904811,0.8,0.599916191221434,0.599916191221434,1,4.9,-2.222503196677461
0.6454403492535912,0.0383573145507342,255.18876316801504,2.725556287664704,-0.0772243104936918,3,5,0.1,3.664776529230821,0.7290889340534411,1,14.816860090395249,1.47,0.3,1,10,1,7.412395310210092,0.8,0.7290889340534411,0.7290889340534411,1,4.9,-4.5358697875667495
0.6386452764951829,0.044340907799956,200.8105482210273,2.402029792490957,-0.0809413773190188,3,5,0.1,4.122608328473553,0.8395231019529015,1,14.318353980452263,1.47,0.3,1,10,1,6.821159211427099,0.8,0.8395231019529015,0.8395231019529015,1,4.9,-5.331902445158672
0.646654656524451,0.0072078151033749,507.6166697517149,4.469391435445402,-0.01657186705251,3,5,0.1,1.815802881049985,0.4125048570369185,1,10.313715123603885,1.47,0.3,1,10,1,4.497167680078247,0.8,0.4125048570369185,0.4125048570369185,1,4.9,-2.926031982238303
0.5094972011310468,0.0353956754675367,506.1406097336032,2.2951519258120787,-0.0581717921814267,3,5,0.1,6.758637930486808,0.9825505026284288,1,0.7882896110395915,1.47,0.3,1,10,1,10.389066152295728,0.8,0.9825505026284288,0.9825505026284288,1,4.9,-4.956466055788233
0.6665600735000718,0.0390071409425294,356.726894694381,3.558005988353866,-0.0931112464319451,3,5,0.1,3.734424450390786,0.5331126627048457,1,16.500553116812046,1.47,0.3,1,10,1,9.677155366236091,0.8,0.5331126627048457,0.5331126627048457,1,4.9,-2.6646229485778505
0.5928962839724767,0.0813892660393068,35.37731686041669,3.298805638629516,-0.1641943934762328,3,5,0.1,10.952311699570386,0.6014649952534411,1,11.3431951285482,1.47,0.3,1,10,1,3.136273369407533,0.8,0.6014649952534411,0.6014649952534411,1,4.9,-2.299544685128186
0.6348164955428189,0.0826919800957583,118.65048942321287,2.10360565412872,-0.135785913217769,3,5,0.1,10.333602838267629,0.9704151259211956,1,17.213656341508525,1.47,0.3,1,10,1,6.932670101365006,0.8,0.9704151259211956,0.9704151259211956,1,4.9,-4.142401203192353
0.461187651160884,0.022814216846581,60.488628427801785,3.767571449044614,-0.0284807218086345,3,5,0.1,2.9847973481052605,0.5472745959911989,1,7.405061530800346,1.47,0.3,1,10,1,1.6423985359956594,0.8,0.5472745959911989,0.5472745959911989,1,4.9,-3.188276311737013
0.6162907394840877,0.0582851708674145,126.02539428903349,2.1580892409938084,-0.095786774233362,3,5,0.1,5.523853443869251,0.9518384233103028,1,17.988901930913148,1.47,0.3,1,10,1,5.281872908392057,0.8,0.9518384233103028,0.9518384233103028,1,4.9,-5.3062667481586825
0.0235834479530299,0.0035015439870747,18.434424383605023,5.604597895771244,0.3507982609974284,3,5,0.1,5.131823511014636,0.4535834864462308,1,11.740304025664424,1.47,0.3,1,10,1,0.1980696991220953,0.8,0.4535834864462308,0.4535834864462308,1,4.9,-1.904776473989284
0.6893728434555553,0.0061195914362187,2379.133692919196,4.773075237391858,-0.014640815242663,3,5,0.1,1.7476908825350457,0.3666960323203753,1,4.572749761129672,1.47,0.3,1,10,1,11.095147970320449,0.8,0.3666960323203753,0.3666960323203753,1,4.9,-2.3947059690761705
0.6472492905137589,0.0570916821114429,354.5092296638398,2.093212069195184,-0.0947474511051286,3,5,0.1,5.3476936637112615,0.9713842737664892,1,8.243067831378546,1.47,0.3,1,10,1,11.041495508863344,0.8,0.9713842737664892,0.9713842737664892,1,4.9,-5.619869898212652
0.5495766916007442,0.0257903113072695,41.00284407692086,3.9163279531639232,-0.0450417227692205,3,5,0.1,3.234748538114811,0.5163346826814078,1,2.3807822588766725,1.47,0.3,1,10,1,2.185040021749832,0.8,0.5163346826814078,0.5163346826814078,1,4.9,-2.742593609581089
0.6489180840381666,0.0408721103520818,501.8812485329563,2.329779105489532,-0.0739678119512378,3,5,0.1,3.879839230647407,0.865405472138166,1,6.503407023159277,1.47,0.3,1,10,1,11.27574349571585,0.8,0.865405472138166,0.865405472138166,1,4.9,-6.015454970512447
0.6475215263434819,0.0803467079323423,223.51262196138583,2.192787101762056,-0.138341756263484,3,5,0.1,9.323524293029934,0.9238081418584186,1,17.754228806236405,1.47,0.3,1,10,1,10.193345469666095,0.8,0.9238081418584186,0.9238081418584186,1,4.9,-4.005385669449609
0.6361642622610395,0.0546794808905692,534.6787371483272,2.7624008850812016,-0.1117435165408618,3,5,0.1,5.4839559371881,0.7275241893821045,1,2.432470594611841,1.47,0.3,1,10,1,13.817567839267404,0.8,0.7275241893821045,0.7275241893821045,1,4.9,-3.512317002617732
0.6235725269450719,0.0457453263790464,136.67282172142083,2.53037922314887,-0.0851221358899175,3,5,0.1,4.253258898800123,0.7985927252300205,1,14.331047261561377,1.47,0.3,1,10,1,5.210519185381134,0.8,0.7985927252300205,0.7985927252300205,1,4.9,-4.737514687270478
0.8191035571754531,0.0430048440966143,423.8693086511658,7.320915853401494,0.4040890557312793,3,5,0.1,8.939573310851712,0.1644049529913438,1,4.367625546152281,1.47,0.3,1,10,1,17.47571661507913,0.8,0.1644049529913438,0.1644049529913438,1,4.9,-0.5725871512021605
0.6659287494943057,0.0200353031785649,1718.1647579739142,3.3283135579868603,-0.0466850384173663,3,5,0.1,2.5523158309824607,0.5766370221908436,1,10.655663609016068,1.47,0.3,1,10,1,15.515266184251448,0.8,0.5766370221908436,0.5766370221908436,1,4.9,-4.065086428200539
0.5899387144001188,0.0327437160143375,142.90785843890697,2.691098637024931,-0.0609840251322155,3,5,0.1,3.3554293373870467,0.7576453313144965,1,15.063850694873576,1.47,0.3,1,10,1,3.821927027879144,0.8,0.7576453313144965,0.7576453313144965,1,4.9,-5.337702643935625
0.6519035378666345,0.021293194604099,366.5330158673655,3.212261912035293,-0.0475989681394285,3,5,0.1,2.640401366257932,0.6045412453556163,1,6.5823785915702056,1.47,0.3,1,10,1,7.132153546624496,0.8,0.6045412453556163,0.6045412453556163,1,4.9,-4.326516169183716
0.7024332197721908,0.0108109260774926,2236.054029204552,4.954605346380337,-0.0249666774963943,3,5,0.1,2.0854830119852785,0.3456826219040239,1,17.491700679894812,1.47,0.3,1,10,1,14.503850178995958,0.8,0.3456826219040239,0.3456826219040239,1,4.9,-1.879012547998073
0.6688640674312853,0.0742409268356367,286.5462902464874,3.4833895468716283,-0.1765934174849609,3,5,0.1,8.134622636144655,0.5457511371332062,1,5.05048262094198,1.47,0.3,1,10,1,12.317384970740092,0.8,0.5457511371332062,0.5457511371332062,1,4.9,-2.156803187066153
0.6539654190137751,0.0495717271478459,976.004974808632,2.31010775189098,-0.0896312090667247,3,5,0.1,4.532445140339056,0.8716046140943907,1,10.683032212303788,1.47,0.3,1,10,1,17.38404977144796,0.8,0.8716046140943907,0.8716046140943907,1,4.9,-5.270071706547393
0.630199487233284,0.0378834830462625,188.0203605957566,3.030132570564595,-0.0801644177197541,3,5,0.1,3.649094627359976,0.65379977872227,1,18.25511967928932,1.47,0.3,1,10,1,5.625102910357042,0.8,0.65379977872227,0.65379977872227,1,4.9,-3.744930252381153
0.596103920552481,0.0654045088399175,180.07240204860167,2.193091901872313,-0.1088265632016187,3,5,0.1,9.091792275647242,0.9614133955308029,1,1.6337333085461938,1.47,0.3,1,10,1,8.430635854338467,0.8,0.9614133955308029,0.9614133955308029,1,4.9,-4.254448950369646
0.6654502962183166,0.0263067136993879,622.7509998911892,3.4647822776055603,-0.0621780372669619,3,5,0.1,2.91910528774097,0.5503182451460236,1,13.98321182742751,1.47,0.3,1,10,1,10.600026125248863,0.8,0.5503182451460236,0.5503182451460236,1,4.9,-3.2750418568173068
0.6732625080837624,0.0957544515287916,556.0933137323404,3.264417314312527,-0.2217868932552565,3,5,0.1,16.705105852030055,0.586270340220504,1,16.765722514484192,1.47,0.3,1,10,1,19.279289351413443,0.8,0.586270340220504,0.586270340220504,1,4.9,-2.128538304157342
0.0354147873586418,0.0069411207652654,13.7791861485492,2.644703603852938,0.1613865879408219,3,5,0.1,7.337471548792807,0.9541704651445492,1,4.125304102608313,1.47,0.3,1,10,1,0.2468359444173262,0.8,0.9541704651445492,0.9541704651445492,1,4.9,-4.566032448403297
0.6314127652979498,0.0204609463816418,158.33136615177207,5.251200306468808,-0.0375413962213272,3,5,0.1,2.763735910782883,0.3409339121142872,1,18.0348760315034,1.47,0.3,1,10,1,3.6178796322266167,0.8,0.3409339121142872,0.3409339121142872,1,4.9,-1.5957729062810984
0.6525839550943642,0.0989163347382487,137.70433771665233,2.585713889690829,-0.1935228926125163,3,5,0.1,20.2373461532311,0.7695791112246765,1,11.164634248076478,1.47,0.3,1,10,1,9.176652674746338,0.8,0.7695791112246765,0.7695791112246765,1,4.9,-2.8150462139150605
0.3684896212239403,0.0156089910882752,49.88282380872525,6.003120075122825,0.0361022399419174,3,5,0.1,2.843350825042436,0.3598474574240829,1,6.858837923927581,1.47,0.3,1,10,1,1.098289225502859,0.8,0.3598474574240829,0.3598474574240829,1,4.9,-1.7021329111063217
0.1068440452112849,0.0156709718502689,26.52584015841756,2.618502693584984,0.0850007819617086,3,5,0.1,4.511212835608178,0.8284313198550227,1,19.13242703509861,1.47,0.3,1,10,1,0.4973641800260956,0.8,0.8284313198550227,0.8284313198550227,1,4.9,-4.83182154691084
0.690699378737497,0.0051107808617783,1126.6331341360449,5.218806835128029,-0.0104782793669011,3,5,0.1,1.6743218171889116,0.3269211228302548,1,13.252908365513507,1.47,0.3,1,10,1,6.617358343581762,0.8,0.3269211228302548,0.3269211228302548,1,4.9,-2.0017101740541428
0.6923859193733668,0.0023099154038516,2171.0406971512966,6.315784929555848,0.0002757009878736,3,5,0.1,1.5529194430813136,0.2377808581264869,1,1.126482229227935,1.47,0.3,1,10,1,7.419636911182491,0.8,0.2377808581264869,0.2377808581264869,1,4.9,-1.2331946183742275
0.6558175377485065,0.0541395888084583,390.5675130840332,2.685831199183423,-0.1094120600489592,3,5,0.1,4.928749043265127,0.7377078376972132,1,9.719101673926156,1.47,0.3,1,10,1,11.650998236761277,0.8,0.7377078376972132,0.7377078376972132,1,4.9,-3.778701268656192
0.6767517490984807,0.0164102094635078,1892.07636905603,3.8998585871496063,-0.0408490625556954,3,5,0.1,2.3649348348002235,0.4754954024153953,1,16.21979935587395,1.47,0.3,1,10,1,15.233956514209682,0.8,0.4754954024153953,0.4754954024153953,1,4.9,-2.9857013173935414
0.6153322978965624,0.065347363776031,54.03526751084172,2.2272834782022324,-0.1086063542829265,3,5,0.1,6.770545258873317,0.9162474679401704,1,4.741643372846516,1.47,0.3,1,10,1,4.313502169324313,0.8,0.9162474679401704,0.9162474679401704,1,4.9,-4.463619242681705
0.6501774948286102,0.0577831665520416,384.3732178179103,2.2503774926809177,-0.1018674840830614,3,5,0.1,5.364007543381712,0.89751912946069,1,9.564910323131446,1.47,0.3,1,10,1,11.662837774199298,0.8,0.89751912946069,0.89751912946069,1,4.9,-4.907848507437375
0.9401090203214691,3.5705906068780715e-10,12415206453.81235,6.906315334369707,7.851836540909538e-08,3,5,0.1,0.3419536154180697,0.076367637707491,1,13.568892183722705,1.47,0.3,1,10,1,17.29603362139157,0.8,0.076367637707491,0.076367637707491,1,4.9,-0.531546112433503
0.7047530017081982,0.0316851006290139,424.866922604386,5.027811559916072,-0.0709885742389332,3,5,0.1,3.478127352015993,0.3389707823358485,1,18.090180060405352,1.47,0.3,1,10,1,10.66943868477315,0.8,0.3389707823358485,0.3389707823358485,1,4.9,-1.4624708646630715
0.6457653182845229,0.0449317701494403,297.8233772247589,2.194440665825001,-0.0772094558408713,3,5,0.1,4.193311884489583,0.9229435751563652,1,8.832391240584412,1.47,0.3,1,10,1,8.92251502363293,0.8,0.9229435751563652,0.9229435751563652,1,4.9,-6.324532041304643
0.1951910086499984,0.0230959701409866,20.23353704923112,4.374647151429397,0.109408404311626,3,5,0.1,4.791634181276464,0.5352174300588967,1,5.590229642279581,1.47,0.3,1,10,1,0.6680105691423709,0.8,0.5352174300588967,0.5352174300588967,1,4.9,-2.412941580536941
0.6543993679744624,0.0468131747003247,604.2886169319769,2.4538178748883315,-0.0885710772149089,3,5,0.1,4.279167019486282,0.8154650864553394,1,16.257126191576017,1.47,0.3,1,10,1,13.264986270270562,0.8,0.8154650864553394,0.8154650864553394,1,4.9,-4.894643235913488
0.6560985553661145,0.0551086016590834,693.9257199256377,2.524532289974605,-0.1067322125877994,3,5,0.1,5.020819862566318,0.7901869210378194,1,10.632213051380235,1.47,0.3,1,10,1,15.617909738258346,0.8,0.7901869210378194,0.7901869210378194,1,4.9,-4.162546716372878
0.6288129370791742,0.0346160013800886,121.0352098439184,2.8079054434803186,-0.0688922739399668,3,5,0.1,3.4688519507073443,0.709399099771475,1,6.96008560171931,1.47,0.3,1,10,1,4.739347206830789,0.8,0.709399099771475,0.709399099771475,1,4.9,-4.52289657504882
0.6681848203536109,0.0232803332434654,872.8592890852609,3.543634346232044,-0.0557644116508681,3,5,0.1,2.747807630813428,0.5353157125243592,1,11.151023479265064,1.47,0.3,1,10,1,12.000292230803035,0.8,0.5353157125243592,0.5353157125243592,1,4.9,-3.2715190114959256
0.6544291067717367,0.0535707596054323,867.3866016228388,2.298696883089588,-0.0965037097576574,3,5,0.1,4.8842894489873965,0.8758553933177066,1,16.894956131515176,1.47,0.3,1,10,1,16.982380061736283,0.8,0.8758553933177066,0.8758553933177066,1,4.9,-5.019938039924831
0.6525610490240167,0.0549013566107493,321.6475995536687,2.5565253003972788,-0.1067479331852274,3,5,0.1,5.026238475899613,0.7800680095798105,1,8.601099135365455,1.47,0.3,1,10,1,10.549608965876796,0.8,0.7800680095798105,0.7800680095798105,1,4.9,-4.076429891746335
0.6751564137689587,0.0367554749317621,1258.5934249117763,3.666085685717656,-0.089893644733437,3,5,0.1,3.5854739864938776,0.5121878920012642,1,12.207776097372264,1.47,0.3,1,10,1,18.41701817010732,0.8,0.5121878920012642,0.5121878920012642,1,4.9,-2.560882770026655
0.6914138524300228,0.010236308351783,2729.5120631695395,4.558146618637763,-0.0253359167023776,3,5,0.1,2.021977856714749,0.3883489514479395,1,12.507692151523086,1.47,0.3,1,10,1,15.17590874557705,0.8,0.3883489514479395,0.3883489514479395,1,4.9,-2.345735960502104
0.6519379282741817,0.0472715143303735,937.367858497453,2.082008506303312,-0.07852594661557,3,5,0.1,4.365682482984557,0.9752310020062324,1,15.756253782097076,1.47,0.3,1,10,1,16.394061525764364,0.8,0.9752310020062324,0.9752310020062324,1,4.9,-6.7898830016813125
0.7383038006242575,0.0028723292720664,6733.924061412705,6.030480907626422,-0.0020132426756723,3,5,0.1,1.48881505421893,0.2530380841335007,1,10.883729577587884,1.47,0.3,1,10,1,14.4753239162898,0.8,0.2530380841335007,0.2530380841335007,1,4.9,-1.3977808840635682
0.6576447904137994,0.0368479590927431,931.7735456386858,3.119840986825219,-0.0824942059322445,3,5,0.1,3.614891057839423,0.6245741101369112,1,4.382609306177118,1.47,0.3,1,10,1,15.320907695732378,0.8,0.6245741101369112,0.6245741101369112,1,4.9,-3.488163008979754
0.0672329158962915,0.0085551974968801,16.127928028416438,2.872869510263679,0.1079077274439866,3,5,0.1,5.05338480432706,0.9328501899057128,1,2.4042909471811686,1.47,0.3,1,10,1,0.3300791173794693,0.8,0.9328501899057128,0.9328501899057128,1,4.9,-5.462271198830498
0.6087460186141648,0.0367291844279925,88.74853209768172,2.734029304216332,-0.0695513963381603,3,5,0.1,3.642155384862941,0.7363517989697009,1,7.444887217156611,1.47,0.3,1,10,1,3.799665253110331,0.8,0.7363517989697009,0.7363517989697009,1,4.9,-4.646406817071041
0.7335033936934192,0.0010001711186061,12173.8881860152,6.061306479202911,-0.0006363676909443,3,5,0.1,1.1969858160269362,0.2520950070579011,1,4.608897790877376,1.47,0.3,1,10,1,11.477737104388131,0.8,0.2520950070579011,0.2520950070579011,1,4.9,-1.6522773021360777
0.6464839729264069,0.1037493043193611,199.0571917071928,2.0745933823917686,-0.170817034386499,3,5,0.1,33.69165841612412,0.9815995274820384,1,10.362823438999488,1.47,0.3,1,10,1,11.125085871091056,0.8,0.9815995274820384,0.9815995274820384,1,4.9,-3.5106570551938816
0.6521356397054616,0.0508123477956823,707.0365233658969,2.1679163710107674,-0.0871897091905719,3,5,0.1,4.655412337243296,0.93372269794275,1,17.22671649827653,1.47,0.3,1,10,1,14.77081717982794,0.8,0.93372269794275,0.93372269794275,1,4.9,-5.850282582431792
0.658132386692149,0.0646682016840714,214.76558813817715,3.0656228447852083,-0.1422335516892268,3,5,0.1,6.124934612382263,0.6352149821489105,1,19.150670986919007,1.47,0.3,1,10,1,9.233408080761857,0.8,0.6352149821489105,0.6352149821489105,1,4.9,-2.7933419874553067
0.6334819493709788,0.0052903234286043,3919.3022798046495,5.286876080369767,-0.0115634577992162,3,5,0.1,1.933307027707363,0.3291434135808783,1,0.9576194233857844,1.47,0.3,1,10,1,13.693392847137291,0.8,0.3291434135808783,0.3291434135808783,1,4.9,-1.8202241082071104
0.5668986014525521,0.0712111418116606,32.920898356017844,2.453103171057574,-0.1164463410133588,3,5,0.1,8.218633197865957,0.837465336643684,1,7.218676690357655,1.47,0.3,1,10,1,2.774135033899137,0.8,0.837465336643684,0.837465336643684,1,4.9,-3.6623132072917137
0.6338196969842851,0.044549240627431,201.2191945058883,2.157825794315327,-0.0745446030429095,3,5,0.1,4.1715206010193,0.94425677216935,1,15.310598950338155,1.47,0.3,1,10,1,6.61836785253314,0.8,0.94425677216935,0.94425677216935,1,4.9,-6.670861548981856
0.8757965704804702,5.0705437069476614e-08,16971639.08201961,7.956278043699328,5.410074734111143e-06,3,5,0.1,0.4529131629376609,0.0923326155835818,1,16.559100411913914,1.47,0.3,1,10,1,4.737047404809563,0.8,0.0923326155835818,0.0923326155835818,1,4.9,-0.5870016944742353
0.6425672898136762,0.0425847607681557,402.2076934959917,2.9696259885351326,-0.0914239951791102,3,5,0.1,4.169734796439139,0.6670847767555426,1,2.814988502925483,1.47,0.3,1,10,1,10.671977732392309,0.8,0.6670847767555426,0.6670847767555426,1,4.9,-3.548092657700888
0.6366131106676395,0.1078513604895861,64.61403479790955,2.274740452133666,-0.1880348458275016,3,5,0.1,65.52973745666819,0.8899369062874471,1,9.064914757258318,1.47,0.3,1,10,1,6.2245043618374805,0.8,0.8899369062874471,0.8899369062874471,1,4.9,-3.063534241034766
0.5975391453444397,0.0786827373786511,65.81464360889676,2.525955762833685,-0.1415934265387046,3,5,0.1,9.293525434993596,0.8074780287728898,1,18.4260719005538,1.47,0.3,1,10,1,4.00865402048903,0.8,0.8074780287728898,0.8074780287728898,1,4.9,-3.376030193872211
0.6648644898001789,0.0224739361786781,1700.332695205497,3.243238206301244,-0.0516382355827273,3,5,0.1,2.6890478570484446,0.5944298362476649,1,10.096313411671924,1.47,0.3,1,10,1,16.277724742643997,0.8,0.5944298362476649,0.5944298362476649,1,4.9,-4.092153478993735
0.6375059900167981,0.0490786212067942,194.9691722556317,2.0515118757601107,-0.0791631987334977,3,5,0.1,4.569643880606302,0.9944285641843512,1,12.932070712766365,1.47,0.3,1,10,1,7.100187733370642,0.8,0.9944285641843512,0.9944285641843512,1,4.9,-6.734188504096178
0.6513589780290383,0.077361263477353,611.2277367293146,2.080988670941518,-0.1283945286598049,3,5,0.1,8.568313243821821,0.9766347415952504,1,16.87897305607479,1.47,0.3,1,10,1,16.938326870291196,0.8,0.9766347415952504,0.9766347415952504,1,4.9,-4.434965113894872
0.7332597351345987,0.0006669267103895,9909.773977869923,6.14689856235949,-0.0002833326964822,3,5,0.1,1.1107341383884577,0.2485891511895959,1,8.605669117895268,1.47,0.3,1,10,1,8.322516756581406,0.8,0.2485891511895959,0.2485891511895959,1,4.9,-1.7343144919553417
0.6618000208790594,0.0450772707358632,805.0692227900979,3.0667930070182585,-0.1000733518335979,3,5,0.1,4.165593216683291,0.6346248573674239,1,6.6928023428539,1.47,0.3,1,10,1,15.709674108999272,0.8,0.6346248573674239,0.6346248573674239,1,4.9,-3.2821652103999988
0.2360111259251648,0.0026141479715657,234.72184024459864,6.0856836523183935,0.018179712172318,3,5,0.1,1.643782341589205,0.3725271423844542,1,11.471536938108407,1.47,0.3,1,10,1,0.7574892701650744,0.8,0.3725271423844542,0.3725271423844542,1,4.9,-2.6353008684813126
0.6390512007650506,0.0177794921802566,274.087560630745,3.5045659274533176,-0.0404050938697448,3,5,0.1,2.4464575745839623,0.5513042166273593,1,10.51570759450703,1.47,0.3,1,10,1,5.1282266549579765,0.8,0.5513042166273593,0.5513042166273593,1,4.9,-3.875425642137952
0.653005057932809,0.0673504658690179,782.9052757549042,2.178798506312018,-0.1161789436179896,3,5,0.1,6.579807360966503,0.9289004016671922,1,14.61984705362065,1.47,0.3,1,10,1,18.010915546258136,0.8,0.9289004016671922,0.9289004016671922,1,4.9,-4.6173080224327325
0.6793247227809163,0.0275543932243013,862.1098769334166,3.997649676541205,-0.0688298212009799,3,5,0.1,3.0333848578952844,0.4606811892589124,1,11.95340620221126,1.47,0.3,1,10,1,13.410976506729032,0.8,0.4606811892589124,0.4606811892589124,1,4.9,-2.378436556546585
0.6514814104139277,0.098765800580879,349.31820240954,2.2367752534456504,-0.1736643880340678,3,5,0.1,20.75757548323951,0.9036719595280454,1,9.848255681227732,1.47,0.3,1,10,1,14.60208446678521,0.8,0.9036719595280454,0.9036719595280454,1,4.9,-3.352821650850529
0.3571410639841708,0.0445056153021861,24.01835000256465,2.6949169946126754,-0.0280576530069937,3,5,0.1,5.702296795021827,0.7908623454486439,1,6.578919260031876,1.47,0.3,1,10,1,1.207611011166568,0.8,0.7908623454486439,0.7908623454486439,1,4.9,-3.897492640254743
0.580809974137191,0.0347377530957624,53.58422377320485,2.7607972180291824,-0.061946935308177,3,5,0.1,3.6324971884586814,0.7371609667445239,1,3.972897235755253,1.47,0.3,1,10,1,2.870046997233308,0.8,0.7371609667445239,0.7371609667445239,1,4.9,-4.667186475570956
0.6772496241012536,0.1073309401625695,430.62591912802486,3.5455685974978826,-0.2591260323000567,3,5,0.1,70.09765852547405,0.5316105361770056,1,5.472930629971393,1.47,0.3,1,10,1,18.310668488259587,0.8,0.5316105361770056,0.5316105361770056,1,4.9,-1.8039573428783056
0.6525907823468104,0.0744109755349115,635.7372265929788,2.19486125575388,-0.1290584362343532,3,5,0.1,7.84559337368,0.9218259969845608,1,12.344832557952603,1.47,0.3,1,10,1,17.075653232918985,0.8,0.9218259969845608,0.9218259969845608,1,4.9,-4.233360290402533
0.6050060398902889,0.0064179708569278,635.653984514471,4.957910383751172,-0.0146252392048247,3,5,0.1,2.0360377354406243,0.3697411474393597,1,0.9750969275669736,1.47,0.3,1,10,1,5.680969341586457,0.8,0.3697411474393597,0.3697411474393597,1,4.9,-2.1387015100195548
0.6496057536593799,0.0846652137851344,196.9092646446612,2.3317893580640336,-0.1531769334922483,3,5,0.1,10.630213716351731,0.8633451732935935,1,13.565916493342243,1.47,0.3,1,10,1,10.002200921648718,0.8,0.8633451732935935,0.8633451732935935,1,4.9,-3.5506882173293306
0.6493092039904834,0.0379655326539148,457.89994890611655,2.41902471614843,-0.0706527525799393,3,5,0.1,3.637244154530445,0.8300335640606086,1,19.31143165919691,1.47,0.3,1,10,1,10.051374461597884,0.8,0.8300335640606086,0.8300335640606086,1,4.9,-5.917938252381267
0.540376267694252,0.0751615256578472,44.69391895775652,2.1830352084253075,-0.1120628720545418,3,5,0.1,9.377164056343307,0.9519151163726248,1,15.472018614373182,1.47,0.3,1,10,1,2.713631342562889,0.8,0.9519151163726248,0.9519151163726248,1,4.9,-4.157922632960153
0.666513330019302,0.0260402387890313,1567.4844190032047,3.2757662332852284,-0.0602171164821454,3,5,0.1,2.890626728318931,0.5870011056998555,1,14.79711894078764,1.47,0.3,1,10,1,16.83880215680951,0.8,0.5870011056998555,0.5870011056998555,1,4.9,-3.71871251305004
0.668829837693954,0.0453882488954768,728.9792812706339,3.339437769676531,-0.1060366029211457,3,5,0.1,4.175551250695217,0.5730933425043416,1,15.097143891969369,1.47,0.3,1,10,1,15.19281945996791,0.8,0.5730933425043416,0.5730933425043416,1,4.9,-2.8103118302031973
0.6083666123014604,0.0507101035714439,513.7557765024349,2.8124682001742265,-0.103404356372448,3,5,0.1,5.785930712740156,0.7292458634808735,1,1.55782184207046,1.47,0.3,1,10,1,13.028593643267527,0.8,0.7292458634808735,0.7292458634808735,1,4.9,-3.4435171446682986
0.596276000607149,0.0729702443985383,60.9764354296284,2.315970167110008,-0.1226155657440804,3,5,0.1,8.01979519375312,0.8856391939512676,1,13.323701378893592,1.47,0.3,1,10,1,3.851138425533845,0.8,0.8856391939512676,0.8856391939512676,1,4.9,-3.97686464514122
0.243101992455906,0.0009595160834298,820.9748240429275,2.472172853397077,-0.0009116543629667,3,5,0.1,5.020366055910336,0.9241232847004556,1,0.114718327108398,1.47,0.3,1,10,1,1.4174129152196877,0.8,0.9241232847004556,0.9241232847004556,1,4.9,-5.399569582986306
0.0630230501984421,0.0098122440376057,19.01538691264746,3.8900584596171455,0.1967569484843441,3,5,0.1,5.111438737454322,0.6197686849763945,1,7.756264197719093,1.47,0.3,1,10,1,0.3426886722706078,0.8,0.6197686849763945,0.6197686849763945,1,4.9,-2.8809824215588087
0.6449361483879952,0.0284572353808094,284.06888022448913,2.8269292316027914,-0.0586476378496379,3,5,0.1,3.0724973681652177,0.7005027210252318,1,5.045890254032373,1.47,0.3,1,10,1,7.152311144569435,0.8,0.7005027210252318,0.7005027210252318,1,4.9,-4.989119630895811
0.655275031347171,0.0406007768895665,446.6403241312788,2.761478338158853,-0.0835415591283191,3,5,0.1,3.8045256460999504,0.7154804908046437,1,16.059169087692315,1.47,0.3,1,10,1,10.650451730368744,0.8,0.7154804908046437,0.7154804908046437,1,4.9,-4.24976290863199
0.7324531408322842,0.0900791861679358,128.09713558404871,5.457091214753517,-0.1610636717486632,3,5,0.1,47.98693203149784,0.2980267859635538,1,14.351747327395566,1.47,0.3,1,10,1,10.396244679445925,0.8,0.2980267859635538,0.2980267859635538,1,4.9,-1.0080303490141065
0.6263402921206573,0.0640944226029402,66.95160224264909,2.445529249238723,-0.1160675574422131,3,5,0.1,6.427410083725364,0.825917606470288,1,4.742927953991936,1.47,0.3,1,10,1,4.93203672952508,0.8,0.825917606470288,0.825917606470288,1,4.9,-3.931995435413477
0.5652327114357976,0.0387330973302752,926.4160304779366,2.187398715718575,-0.0634021949730823,3,5,0.1,5.079774830891377,0.992973958968893,1,1.1807949973245568,1.47,0.3,1,10,1,14.76666986975619,0.8,0.992973958968893,0.992973958968893,1,4.9,-6.085636723779755
0.652182576116124,0.0588043814492757,590.0572851565312,2.195957645011918,-0.1019410458794838,3,5,0.1,5.457326429639236,0.9209704963363362,1,15.362012840102809,1.47,0.3,1,10,1,14.554155173385732,0.8,0.9209704963363362,0.9209704963363362,1,4.9,-5.06392195015582
0.4430536775483555,0.0405846519625733,42.21007869773605,2.137787852634766,-0.0459358979340294,3,5,0.1,4.475113407555449,0.9828283536757452,1,7.80489919962242,1.47,0.3,1,10,1,1.671616064578696,0.8,0.9828283536757452,0.9828283536757452,1,4.9,-6.719487114903421
0.6546295827011932,0.0440684907844129,206.27921131043152,3.144322328718249,-0.0977421598303657,3,5,0.1,4.115384490424504,0.6183338089734315,1,6.607876446291404,1.47,0.3,1,10,1,7.73149712152705,0.8,0.6183338089734315,0.6183338089734315,1,4.9,-3.1737833728871294
0.4309367519800876,0.0009533320345604,580.833295144524,7.521439546085328,0.0038186370780522,3,5,0.1,1.9785082634712527,0.2446814083984876,1,0.3065980780197977,1.47,0.3,1,10,1,1.5694717588739513,0.8,0.2446814083984876,0.2446814083984876,1,4.9,-1.146417910281084
0.6576438791963193,0.0208020185918117,632.5333902938654,3.289944058647984,-0.0476573311447996,3,5,0.1,2.615423422785518,0.5870711591977679,1,5.505347811530644,1.47,0.3,1,10,1,9.490345273713382,0.8,0.5870711591977679,0.5870711591977679,1,4.9,-4.108999953276573
0.6543956383724185,0.0433516062380049,1278.7312975911038,2.2530444174665973,-0.076893156620331,3,5,0.1,4.02639939256379,0.8951216508055628,1,16.82325375544754,1.47,0.3,1,10,1,18.53165530055433,0.8,0.8951216508055628,0.8951216508055628,1,4.9,-6.199728840187007
0.6555116037500066,0.0499363729854477,875.6947017060415,2.4370975898563416,-0.0941767095123578,3,5,0.1,4.544020043366451,0.8215526143871404,1,12.025361881499853,1.47,0.3,1,10,1,16.625470956475194,0.8,0.8215526143871404,0.8215526143871404,1,4.9,-4.736785536083721
0.6564436325428386,0.0665710882029338,114.90835472137462,3.499563399507776,-0.1549562105988351,3,5,0.1,6.5665875953475625,0.5463819957743411,1,15.998406777141588,1.47,0.3,1,10,1,6.642899769313683,0.8,0.5463819957743411,0.5463819957743411,1,4.9,-2.2600599451401493
0.6516341807444856,0.0489898508796146,269.99411808229934,2.646656279768836,-0.0973935622779396,3,5,0.1,4.471792562819526,0.7507830017199144,1,10.466951541418062,1.47,0.3,1,10,1,9.05738198957825,0.8,0.7507830017199144,0.7507830017199144,1,4.9,-4.1144465138690265
0.5544536682127625,0.0839034089874134,28.927415523145548,2.189123157999726,-0.1249006424273346,3,5,0.1,13.554904178475503,0.9464347779308436,1,8.06381395806404,1.47,0.3,1,10,1,2.6606535170417893,0.8,0.9464347779308436,0.9464347779308436,1,4.9,-3.768788906890933
0.655338791837413,0.0055105314078767,700.41357249591,4.798566933436062,-0.0122491053763785,3,5,0.1,1.6928496878874524,0.3754384286532696,1,11.858458232306203,1.47,0.3,1,10,1,4.685680884324204,0.8,0.3754384286532696,0.3754384286532696,1,4.9,-2.593617619420062
0.5712644107593695,0.0580416565368069,271.3830327652792,2.2217035120943573,-0.0963032071087192,3,5,0.1,9.038016024087272,0.9690562170943998,1,1.2468127386091052,1.47,0.3,1,10,1,9.762222111134903,0.8,0.9690562170943998,0.9690562170943998,1,4.9,-4.307950634683365
0.6568800648094485,0.0392038756857951,1159.594498692099,2.537513524878182,-0.0762881169961944,3,5,0.1,3.708683666800476,0.7854959730243216,1,14.072029224346243,1.47,0.3,1,10,1,17.03633388419316,0.8,0.7854959730243216,0.7854959730243216,1,4.9,-5.176570577749324
0.5808265715356157,0.0458255532111503,53.23426528183157,2.18778359831592,-0.0724232082056858,3,5,0.1,4.919379139631017,0.952024769128293,1,2.139835863696031,1.47,0.3,1,10,1,3.6031120431151615,0.8,0.952024769128293,0.952024769128293,1,4.9,-5.786251050057519
0.6508081006064694,0.0654792313796569,651.5292052646085,2.0637981972613053,-0.1078877309951861,3,5,0.1,6.3688569551081935,0.985430868041365,1,12.241136965542728,1.47,0.3,1,10,1,16.092781936947127,0.8,0.985430868041365,0.985430868041365,1,4.9,-5.140713496523219
0.3339505698661457,0.0046492391676776,140.4385588063604,7.730794163835029,0.0339674112842398,3,5,0.1,1.9004801798027648,0.2886443804661441,1,8.240943923838477,1.47,0.3,1,10,1,0.951068465079666,0.8,0.2886443804661441,0.2886443804661441,1,4.9,-1.4902835493889306
0.6944657607705645,7.854455885162721e-07,268613.82689451915,9.654504193193882,9.382056102418496e-05,3,5,0.1,0.670533620758152,0.0951195837419886,1,0.3204584446446231,1.47,0.3,1,10,1,1.8690689341755184,0.8,0.0951195837419886,0.0951195837419886,1,4.9,-0.4739381459447678
0.6444391888906726,0.0740254101838276,210.5082406583683,2.265911265816814,-0.1305106943421624,3,5,0.1,8.050679986382935,0.8939278375849301,1,5.23456940414729,1.47,0.3,1,10,1,9.780225704314924,0.8,0.8939278375849301,0.8939278375849301,1,4.9,-4.021743449014769
0.6530429066200354,0.0392380591425707,647.3877755965896,2.405163709936877,-0.0730279686985014,3,5,0.1,3.727668886910935,0.8339774939494227,1,11.48081557599565,1.47,0.3,1,10,1,12.57542148176019,0.8,0.8339774939494227,0.8339774939494227,1,4.9,-5.816083170623422
0.6458889561975734,0.0512356597497222,480.9895068822837,3.3740389323886752,-0.1191515227709133,3,5,0.1,5.164702268340284,0.5765595651801669,1,2.3140405191778406,1.47,0.3,1,10,1,13.140159525438012,0.8,0.5765595651801669,0.5765595651801669,1,4.9,-2.5988035923856074
0.5578021335815003,0.0212812738472122,90.05267651953356,4.906985973998774,-0.0335302646387442,3,5,0.1,2.8378694574067738,0.3908485492961928,1,11.688411185621169,1.47,0.3,1,10,1,2.3278155377538305,0.8,0.3908485492961928,0.3908485492961928,1,4.9,-1.9197660012993616
0.6499900189571214,0.0416576439564232,378.31700431463145,2.416046006769482,-0.0774571214004535,3,5,0.1,3.909200429817288,0.8305211630467161,1,9.982862384714007,1.47,0.3,1,10,1,9.826384164446395,0.8,0.8305211630467161,0.8305211630467161,1,4.9,-5.489853582259112
0.6511880308023309,0.0441086330544573,400.6231529664063,2.4430040481960043,-0.0828215874186785,3,5,0.1,4.078384584782225,0.8202011618248127,1,14.137079522275052,1.47,0.3,1,10,1,10.35371836211791,0.8,0.8202011618248127,0.8202011618248127,1,4.9,-5.1512577944137306
0.6426352409604829,0.0698299609693435,191.33088657597648,2.0910233463042647,-0.1151194592071488,3,5,0.1,7.090303650207972,0.9736364834003224,1,16.23984624964368,1.47,0.3,1,10,1,8.565915402712847,0.8,0.9736364834003224,0.9736364834003224,1,4.9,-4.7756214118036375
0.4156341972576021,0.0357114568747915,24.48211007099944,3.382453697888703,-0.0288785915725982,3,5,0.1,4.355484545118361,0.6393970261690223,1,3.935398325744757,1.47,0.3,1,10,1,1.3343159045203623,0.8,0.6393970261690223,0.6393970261690223,1,4.9,-3.2417522991687022
0.6476901876799461,0.0922778379797874,270.4039460681598,2.0383271424530585,-0.1499655629450306,3,5,0.1,14.932935181398731,0.9997338509803096,1,15.707371529926991,1.47,0.3,1,10,1,12.155122763444794,0.8,0.9997338509803096,0.9997338509803096,1,4.9,-3.9493906730373
0.8641823339045277,4.8559737501009305e-05,270379.7409292427,7.497985656469354,0.0017356286644728,3,5,0.1,0.8295679098342309,0.1205735890002863,1,10.151504343270934,1.47,0.3,1,10,1,18.46318574723088,0.8,0.1205735890002863,0.1205735890002863,1,4.9,-0.6081636354312359
0.6462334388582215,0.0146685567114265,347.0499107816498,4.929248603629281,-0.0335494535731212,3,5,0.1,2.568916563182553,0.36268079428214,1,1.4562713075522902,1.47,0.3,1,10,1,6.460179612213117,0.8,0.36268079428214,0.36268079428214,1,4.9,-1.8028242274355293
0.7004028436434953,0.072034539034786,162.71042961783354,4.670259007402619,-0.1733667596554245,3,5,0.1,8.730656057946748,0.3746807685565,1,14.967162248041186,1.47,0.3,1,10,1,9.69401017840164,0.8,0.3746807685565,0.3746807685565,1,4.9,-1.3879166598856578
0.6409889034511813,0.0623396116022144,153.15805244995366,2.1744491021644428,-0.105666789821469,3,5,0.1,5.979309151447193,0.9332365203367968,1,9.636065329156516,1.47,0.3,1,10,1,7.371993747265048,0.8,0.9332365203367968,0.9332365203367968,1,4.9,-4.892570522213498
0.6914180705273163,0.0012226180306933,2540.776633755376,6.529920831530739,0.0006647168949213,3,5,0.1,1.2539889584980946,0.2374865503194617,1,18.689219700072623,1.47,0.3,1,10,1,4.313516238093896,0.8,0.2374865503194617,0.2374865503194617,1,4.9,-1.4184179863954576
0.6624890022638186,0.0414666678942606,1193.5530301025142,2.917940319470448,-0.0893050174270581,3,5,0.1,3.855732403789916,0.6707173331488869,1,17.42299927104867,1.47,0.3,1,10,1,18.162059567456883,0.8,0.6707173331488869,0.6707173331488869,1,4.9,-3.763155368280209
0.67739134266744,0.0008533158451853,1635.3506949865075,6.537930819062464,0.0002285543520362,3,5,0.1,1.1728824838520475,0.2525500591518724,1,4.603068064154883,1.47,0.3,1,10,1,3.2070551454207403,0.8,0.2525500591518724,0.2525500591518724,1,4.9,-1.691866814551929
0.6574707913277955,0.0445750258804644,1060.1869531600637,2.5606133866296195,-0.0873614525341558,3,5,0.1,4.093020439904756,0.777459583891136,1,15.273554645983852,1.47,0.3,1,10,1,17.391165088014525,0.8,0.777459583891136,0.777459583891136,1,4.9,-4.654425140988892
0.6517005138962957,0.0506406376795904,1127.9613802710398,2.0422291490270106,-0.0828209106887265,3,5,0.1,4.671799431207985,0.9960261582262008,1,12.509528394080968,1.47,0.3,1,10,1,18.63321047510336,0.8,0.9960261582262008,0.9960261582262008,1,4.9,-6.606690718028917
0.678646010673473,0.0659711282483652,429.5997387731768,3.719926479240916,-0.1619151527420306,3,5,0.1,6.494697005474015,0.5020134431200236,1,12.966056619042249,1.47,0.3,1,10,1,14.41911914833553,0.8,0.5020134431200236,0.5020134431200236,1,4.9,-2.04159413629084
0.7013110831340581,0.0080363342692107,4158.015261138842,5.2391980890758205,-0.0169844106182501,3,5,0.1,1.9423434054641453,0.3199133432698571,1,3.05342079380814,1.47,0.3,1,10,1,17.602686047626165,0.8,0.3199133432698571,0.3199133432698571,1,4.9,-1.7320080178723458
0.6363807385965483,0.0571119562491383,144.07902497818114,2.3764531894582177,-0.1031046353029053,3,5,0.1,5.300562429805095,0.8499473304197315,1,14.209908194022562,1.47,0.3,1,10,1,6.465659571877841,0.8,0.8499473304197315,0.8499473304197315,1,4.9,-4.5269026797925225
0.6743438290973792,0.0104485490626437,922.2431601910577,4.32405678135838,-0.0258284355664651,3,5,0.1,2.0424329966137007,0.4202806493572007,1,4.429766358734257,1.47,0.3,1,10,1,8.659978380815774,0.8,0.4202806493572007,0.4202806493572007,1,4.9,-2.694834972856519
0.6599989248008206,0.0343815078001287,870.6947262296623,2.8913300475258388,-0.0733810498858018,3,5,0.1,3.386964648382092,0.6784407936047504,1,13.727426408501906,1.47,0.3,1,10,1,14.046572541600243,0.8,0.6784407936047504,0.6784407936047504,1,4.9,-4.2460021094658735
0.660459715837812,0.0430277078952228,663.1129038692175,2.8999819569440324,-0.0920155597066016,3,5,0.1,3.974210138971221,0.6758793541742373,1,14.887635005556788,1.47,0.3,1,10,1,13.698975024320028,0.8,0.6758793541742373,0.6758793541742373,1,4.9,-3.735098300908337
0.6292774358081862,0.0672414008144786,14.249549945506653,6.094132475611244,-0.0359930853801548,3,5,0.1,13.675120891288984,0.2976422139901475,1,3.526079652427114,1.47,0.3,1,10,1,2.4225875659354066,0.8,0.2976422139901475,0.2976422139901475,1,4.9,-1.0452229319865296
0.6901401996979625,0.0077815270363409,1811.1998272512767,4.705462442738043,-0.0187686168326841,3,5,0.1,1.859261251259116,0.3734526933626396,1,18.54479399030445,1.47,0.3,1,10,1,10.582335785918431,0.8,0.3734526933626396,0.3734526933626396,1,4.9,-2.3429026554413106
0.6562945127265831,0.0378345279831143,1612.8901744303505,2.47647575407492,-0.0723099626221832,3,5,0.1,3.6227553028795927,0.8072588488790327,1,11.03031991514692,1.47,0.3,1,10,1,19.71864278982426,0.8,0.8072588488790327,0.8072588488790327,1,4.9,-5.60522679137871
0.6194945501809535,0.0159110737728511,222.28293069298024,4.706855557949751,-0.0341524925828497,3,5,0.1,2.412183302700123,0.3938858537476629,1,16.40412040910508,1.47,0.3,1,10,1,3.709061380191058,0.8,0.3938858537476629,0.3938858537476629,1,4.9,-2.1211227212521244
0.6181398958837316,0.036367695745415,101.14559978659344,2.424603528312216,-0.0647791248245879,3,5,0.1,3.682530731609159,0.8369240654117391,1,3.738579575806931,1.47,0.3,1,10,1,4.540677591243958,0.8,0.8369240654117391,0.8369240654117391,1,4.9,-5.939343031963031
0.4599042060142675,0.0464491454867732,29.16958452619067,4.480423230459732,-0.0439029470474867,3,5,0.1,5.397940132424398,0.4507675799107624,1,12.101786108922727,1.47,0.3,1,10,1,1.6032280456393635,0.8,0.4507675799107624,0.4507675799107624,1,4.9,-1.8661857097997263
0.653054112008455,0.0609495219433613,686.2354630539638,2.3358450563662414,-0.1110652578045018,3,5,0.1,5.711195948209527,0.8617567383324679,1,8.322123782371323,1.47,0.3,1,10,1,16.184993857813787,0.8,0.8617567383324679,0.8617567383324679,1,4.9,-4.433413857735715
0.6641971226913735,0.021618534552031,1312.2036744522345,3.580446007780705,-0.0520891808465407,3,5,0.1,2.6834710566101694,0.5308170132333451,1,4.356477829997848,1.47,0.3,1,10,1,14.310458315122329,0.8,0.5308170132333451,0.5308170132333451,1,4.9,-3.2861190801474223
0.0331053800702183,0.0079345536280364,12.397923385988262,4.237407802685062,0.3638992534900402,3,5,0.1,10.092210274551189,0.56277051467932,1,15.723479704214052,1.47,0.3,1,10,1,0.2486262164589176,0.8,0.56277051467932,0.56277051467932,1,4.9,-2.156489810538819
0.6626240685555882,0.0554033681639388,974.0479531346268,2.9231756497183112,-0.1194958812272179,3,5,0.1,5.037835521730955,0.6693763840786856,1,9.706347800976353,1.47,0.3,1,10,1,19.021669462764937,0.8,0.6693763840786856,0.6693763840786856,1,4.9,-3.23384115667264
0.6513110422811996,0.0818799052351003,539.3729319656095,2.0966119219168635,-0.1367040162346471,3,5,0.1,9.796089539221557,0.9688370330388232,1,19.76915721637168,1.47,0.3,1,10,1,16.344165701634147,0.8,0.9688370330388232,0.9688370330388232,1,4.9,-4.1982847263991925
0.601167361570293,0.0412598178809167,141.754337821268,2.8117958136820747,-0.0823862990377983,3,5,0.1,4.5444555321579445,0.7275119462918306,1,1.666488684995161,1.47,0.3,1,10,1,6.056652920385871,0.8,0.7275119462918306,0.7275119462918306,1,4.9,-3.871010069813135
0.6554753990751034,0.0211440858939546,454.85030932652376,3.5949371913641186,-0.0500855563495302,3,5,0.1,2.6293536653618363,0.5306429501022045,1,18.72960076620869,1.47,0.3,1,10,1,7.5444124394969725,0.8,0.5306429501022045,0.5306429501022045,1,4.9,-3.343064123650357
0.6298170758185457,0.0510668808990779,137.24434766187525,2.273055809828821,-0.0884109434499247,3,5,0.1,4.731557047535357,0.8938009227643502,1,13.038133024766886,1.47,0.3,1,10,1,5.785594836230708,0.8,0.8938009227643502,0.8938009227643502,1,4.9,-5.327583263613327
0.6533623559332545,0.0554954365836115,315.9129341966611,2.5793768849266927,-0.1086450829119651,3,5,0.1,5.063809359694379,0.7719936249011013,1,11.92181162719179,1.47,0.3,1,10,1,10.458546124186231,0.8,0.7719936249011013,0.7719936249011013,1,4.9,-3.9941143759115967
0.6254728283225801,0.0507936077506494,141.52810001316746,2.323592832331603,-0.0891096744105593,3,5,0.1,4.699057405898159,0.8753363384619287,1,15.52415687518214,1.47,0.3,1,10,1,5.606505731503978,0.8,0.8753363384619287,0.8753363384619287,1,4.9,-5.16104104524246
0.7039735915867233,0.0026921057976017,14773.034118141306,5.415850431753367,-0.0051960424753411,3,5,0.1,1.4572426687881608,0.3042060107186659,1,2.7127394483058507,1.47,0.3,1,10,1,19.527316265111825,0.8,0.3042060107186659,0.3042060107186659,1,4.9,-1.9770091437775328
0.5784642538170409,0.0294669647263772,112.0130158661219,2.565544111103564,-0.053413549787198,3,5,0.1,3.576507785402073,0.8111317405110589,1,1.5850423993029994,1.47,0.3,1,10,1,4.374383572354724,0.8,0.8111317405110589,0.8111317405110589,1,4.9,-5.742771223989706
0.661176583551875,0.0419518480658312,1078.5244355779132,2.8835135635363405,-0.0895648006618612,3,5,0.1,3.899274738737338,0.6802695856429811,1,10.8940316240472,1.47,0.3,1,10,1,17.35521800856477,0.8,0.6802695856429811,0.6802695856429811,1,4.9,-3.824368598207205
0.7353927726159303,0.0052995670753798,2917.3673265521625,5.978099377842446,-0.0045012305980408,3,5,0.1,1.7417007639148592,0.2575506118484701,1,9.403336410011851,1.47,0.3,1,10,1,12.826829030223708,0.8,0.2575506118484701,0.2575506118484701,1,4.9,-1.3107644339307214
0.6399556969514846,0.0458674593701299,208.4231097354101,2.0591047462660814,-0.0743785396154732,3,5,0.1,4.307801625770382,0.9892769805796484,1,8.375153171579761,1.47,0.3,1,10,1,7.379599279909494,0.8,0.9892769805796484,0.9892769805796484,1,4.9,-7.104498009761503
0.6531321130632088,0.0199483502446232,371.0556381777048,3.73909583877396,-0.0475320804497879,3,5,0.1,2.57127480186426,0.507499894506673,1,15.84925199117796,1.47,0.3,1,10,1,6.546604804120604,0.8,0.507499894506673,0.507499894506673,1,4.9,-3.1358320859902804
0.6549083989690989,0.0443934336026652,691.5202181352655,2.5125383052662214,-0.0855570627076223,3,5,0.1,4.096347273278146,0.7946910050089678,1,10.138212790139884,1.47,0.3,1,10,1,13.958847370454269,0.8,0.7946910050089678,0.7946910050089678,1,4.9,-4.8397728520507215
0.6627772461319815,0.0252391382141164,1369.5104890067748,3.078348389779961,-0.056172649507902,3,5,0.1,2.839336217012512,0.6314038426409322,1,15.330704493519589,1.47,0.3,1,10,1,15.274743904638848,0.8,0.6314038426409322,0.6314038426409322,1,4.9,-4.374544386313071
0.5676060793000215,0.0539730961958052,37.26041699482495,3.062861612995184,-0.0988635924989297,3,5,0.1,5.366777246866156,0.6607294846679912,1,6.555218154253679,1.47,0.3,1,10,1,2.630230964756576,0.8,0.6607294846679912,0.6607294846679912,1,4.9,-3.0901249057315816
0.6551668723212867,0.0783050905375002,794.5275517434668,2.332481859744841,-0.1428158911022008,3,5,0.1,8.62780956934353,0.8621279278161856,1,13.065963597757465,1.47,0.3,1,10,1,19.753533382228124,0.8,0.8621279278161856,0.8621279278161856,1,4.9,-3.74751902605081
0.6218996976260724,0.0519292813474256,156.92730885969218,2.297119772483633,-0.0901973943279403,3,5,0.1,4.803557766741166,0.8889129883972108,1,19.40446625223113,1.47,0.3,1,10,1,5.713187734923025,0.8,0.8889129883972108,0.8889129883972108,1,4.9,-5.214701558228418
0.6648087140591739,0.0357053163084576,820.6225892034014,3.198455983407703,-0.081294515284601,3,5,0.1,3.481202584182616,0.603667596215913,1,12.466276683984471,1.47,0.3,1,10,1,14.168728334675372,0.8,0.603667596215913,0.603667596215913,1,4.9,-3.3797222682580816
0.6540079046181311,0.0393694685850642,470.9439015655077,2.6818285824769204,-0.079337698288684,3,5,0.1,3.7366988573652686,0.7396939141016761,1,8.295481852476943,1.47,0.3,1,10,1,10.896866727189192,0.8,0.7396939141016761,0.7396939141016761,1,4.9,-4.582068655068216
0.6676843329195794,0.1112092774789482,475.99753154774174,3.009796832953855,-0.2449736159072577,3,5,0.1,90.9961627385414,0.6452666145589635,1,9.042439067540569,1.47,0.3,1,10,1,18.95450601223542,0.8,0.6452666145589635,0.6452666145589635,1,4.9,-2.1870760659771733
0.6443293173399839,0.1027771674754834,126.86978845273846,2.160508845604795,-0.174187752288517,3,5,0.1,30.20913671407815,0.9395434621570684,1,10.234763314556456,1.47,0.3,1,10,1,8.76593346050263,0.8,0.9395434621570684,0.9395434621570684,1,4.9,-3.3768699928803017
0.6420188198518125,0.0520663839047171,492.0596456756852,2.1211558154805417,-0.0871330321498808,3,5,0.1,4.94489637407933,0.9628794340999984,1,4.191547848592188,1.47,0.3,1,10,1,12.50045527273178,0.8,0.9628794340999984,0.9628794340999984,1,4.9,-5.882166362430294
0.4300679505492375,0.029415610421947,37.73530745146139,2.4876897635874573,-0.0420635127475189,3,5,0.1,6.02681550521274,0.8918728490145652,1,0.7746434413154658,1.47,0.3,1,10,1,2.1610370144305304,0.8,0.8918728490145652,0.8918728490145652,1,4.9,-4.5408467370862
0.6449763322924311,0.0331403737472069,265.258405229507,3.135650578139756,-0.0730694575829691,3,5,0.1,3.425903144507936,0.6249228418347768,1,3.374628675015328,1.47,0.3,1,10,1,7.648808110384358,0.8,0.6249228418347768,0.6249228418347768,1,4.9,-3.626689189001908
0.6578371281750366,0.0633476404923314,731.9453675535625,2.554328096760629,-0.1239465415510331,3,5,0.1,5.920599354627993,0.7792951088067517,1,16.059112134580584,1.47,0.3,1,10,1,17.216861308383343,0.8,0.7792951088067517,0.7792951088067517,1,4.9,-3.7490814011022593
0.6539441457639596,0.0630667696599263,866.8336462944835,2.22955705888257,-0.110890391167707,3,5,0.1,5.951559134784255,0.9056400003866544,1,17.325046516432426,1.47,0.3,1,10,1,18.37670495180055,0.8,0.9056400003866544,0.9056400003866544,1,4.9,-4.680744783720924
0.6170155117591322,0.0544394521984224,124.17131254494196,2.278672537570966,-0.093263285568766,3,5,0.1,5.079043815183732,0.8973199734059152,1,16.52433201513955,1.47,0.3,1,10,1,5.135485152998031,0.8,0.8973199734059152,0.8973199734059152,1,4.9,-5.088859544739776
0.6910359644636108,0.0509280968504946,360.99900292967067,4.3639348814845045,-0.1270285892160101,3,5,0.1,4.91575407215782,0.410451554516807,1,16.097996081476712,1.47,0.3,1,10,1,12.01420761775044,0.8,0.410451554516807,0.410451554516807,1,4.9,-1.699226613989481
0.6441918642081427,0.0484285292826155,304.350923753908,2.3007592436639914,-0.0863743642870333,3,5,0.1,4.527715480257357,0.8792966171956176,1,5.05434103137732,1.47,0.3,1,10,1,9.517559960703393,0.8,0.8792966171956176,0.8792966171956176,1,4.9,-5.359675987009485
0.6975446010831743,0.0571853877551402,710.6942576389783,4.44148852397826,-0.1430029471015783,3,5,0.1,5.663506430088567,0.3995114282353306,1,15.910224885742192,1.47,0.3,1,10,1,18.221903086567394,0.8,0.3995114282353306,0.3995114282353306,1,4.9,-1.5940856840788058
0.6399683343829088,0.0565907675409158,122.8901674535106,2.50494156772586,-0.1063766066596805,3,5,0.1,5.25997730911216,0.8005704459017728,1,8.421803935110873,1.47,0.3,1,10,1,6.307752753998297,0.8,0.8005704459017728,0.8005704459017728,1,4.9,-4.138175808699108
0.5503069868546651,0.0437949470330806,37.870975252099626,2.714479185852145,-0.0768119385877239,3,5,0.1,5.198504016163289,0.7678519807085739,1,1.561027967671,1.47,0.3,1,10,1,2.945412764761508,0.8,0.7678519807085739,0.7678519807085739,1,4.9,-3.905545508767279
0.5696647682947809,0.0944622096824228,17.023189138008103,2.4931262494172355,-0.155127680146803,3,5,0.1,36.40511251471623,0.8263486631785857,1,3.2028588659400032,1.47,0.3,1,10,1,2.7339185385698794,0.8,0.8263486631785857,0.8263486631785857,1,4.9,-2.9085425110385508
0.6527930032503488,0.1061711332422175,271.05426764451505,2.3396091038716547,-0.1934714291347986,3,5,0.1,38.73306035612882,0.8597683413238912,1,10.62899119530002,1.47,0.3,1,10,1,13.3866281917358,0.8,0.8597683413238912,0.8597683413238912,1,4.9,-3.0224375069921443
0.6588371846314041,0.0283245310660186,799.1093976668681,2.9389177496696663,-0.0609808222292962,3,5,0.1,3.0228431450906323,0.6665039195519757,1,10.846589579140051,1.47,0.3,1,10,1,12.224294857706306,0.8,0.6665039195519757,0.6665039195519757,1,4.9,-4.575825323545548
0.6185137493470773,0.0628121411241332,65.22467071867224,2.281320791914842,-0.1073444393719357,3,5,0.1,6.485664048565119,0.8944477101829696,1,3.5183481973049395,1.47,0.3,1,10,1,4.828945523675445,0.8,0.8944477101829696,0.8944477101829696,1,4.9,-4.396142547593305
0.5889183789028619,0.0319517714820886,32.85512712025524,7.931411998625902,0.139376296936471,3,5,0.1,4.755238759826463,0.2229432173603406,1,13.397940712976675,1.47,0.3,1,10,1,1.9018187772122472,0.8,0.2229432173603406,0.2229432173603406,1,4.9,-0.8344263960394329
0.6532309785337143,0.1117048883997872,430.8498042023781,2.5275488018363936,-0.2163047609209482,3,5,0.1,255.5579340815988,0.7913841879756973,1,4.925788132609709,1.47,0.3,1,10,1,17.56766204033606,0.8,0.7913841879756973,0.7913841879756973,1,4.9,-2.6571468116918773
0.6085460804286793,0.0629748356863515,80.85780651789308,2.0870148957845256,-0.099365929211985,3,5,0.1,6.239932805341744,0.9858773957117978,1,12.219252445834892,1.47,0.3,1,10,1,4.417924632644427,0.8,0.9858773957117978,0.9858773957117978,1,4.9,-5.205167463433165
0.6747509422718072,0.0137986927969512,1257.248967784753,3.958841040414851,-0.0342692721422421,3,5,0.1,2.215293787752756,0.4676243952016625,1,13.554611694571276,1.47,0.3,1,10,1,11.316292197631745,0.8,0.4676243952016625,0.4676243952016625,1,4.9,-3.0716743148575887
0.6628909958586706,0.0868523148646574,601.1521817802305,2.800086239646061,-0.1820066389479348,3,5,0.1,11.111352582698178,0.7018505746105128,1,14.110876107254809,1.47,0.3,1,10,1,18.565595246714444,0.8,0.7018505746105128,0.7018505746105128,1,4.9,-2.74391496899597
0.6504579105816476,0.0445330893321215,545.3192874960585,2.1779797038606312,-0.0765305044282711,3,5,0.1,4.136681306876635,0.9293082635828503,1,14.470346938337954,1.47,0.3,1,10,1,12.08313129811705,0.8,0.9293082635828503,0.9293082635828503,1,4.9,-6.510290076902336
0.6432423039570909,0.0828821198238475,431.17753279514335,2.306196765647296,-0.1485694790990155,3,5,0.1,11.070433279319102,0.8806407586073323,1,3.702279834760576,1.47,0.3,1,10,1,14.93258646823092,0.8,0.8806407586073323,0.8806407586073323,1,4.9,-3.604518658278504
0.5331559975486554,0.0107119655215359,84.44117016594001,6.826488168151536,0.014436451136017,3,5,0.1,2.306084579876845,0.2847216407407227,1,5.53289445761138,1.47,0.3,1,10,1,1.6748761475500449,0.8,0.2847216407407227,0.2847216407407227,1,4.9,-1.3331273546721398
0.7120640876261972,0.0021334987791349,4903.546566223356,5.83121688343704,-0.0026461935083839,3,5,0.1,1.4056535770773535,0.2715706439426074,1,2.4184666303837217,1.47,0.3,1,10,1,10.324420540888797,0.8,0.2715706439426074,0.2715706439426074,1,4.9,-1.648272082691154
0.5304035789174799,0.0710202204047721,45.066739642107066,2.1245680916018337,-0.1022244369321793,3,5,0.1,8.41177466278021,0.980363616547813,1,14.908039019912552,1.47,0.3,1,10,1,2.582562664066555,0.8,0.980363616547813,0.980363616547813,1,4.9,-4.488487004052981
0.6578771858811248,0.044291031693926,1102.1990452567973,2.7006468042183083,-0.0902504351810599,3,5,0.1,4.085417799847225,0.7333006009251568,1,8.24418929560316,1.47,0.3,1,10,1,17.853375227580703,0.8,0.7333006009251568,0.7333006009251568,1,4.9,-4.205779278882391
0.4916278958899375,0.0216775708683359,316.1285053946364,2.3923953825629978,-0.0362072020937069,3,5,0.1,4.2571015217333965,0.9441476685736424,1,0.7295471670643102,1.47,0.3,1,10,1,6.336817905986119,0.8,0.9441476685736424,0.9441476685736424,1,4.9,-6.522485868463127
0.6541513895435824,0.070075672513674,254.3791252291468,2.62176437508769,-0.1389132176857646,3,5,0.1,6.9716528523045325,0.7580206264788957,1,8.940702144457465,1.47,0.3,1,10,1,10.641686125284613,0.8,0.7580206264788957,0.7580206264788957,1,4.9,-3.385687474148874
0.4036399589795814,0.0301484965698596,63.35068732016301,2.580501762508452,-0.0346017599490738,3,5,0.1,3.5385845918707868,0.7988919630726651,1,18.674656279871904,1.47,0.3,1,10,1,1.5547112370123268,0.8,0.7988919630726651,0.7988919630726651,1,4.9,-5.627433352191408
0.6540463433347993,0.0400393401061342,921.923202709731,2.3290141112709306,-0.0728195369851412,3,5,0.1,3.780434117837349,0.863447551386487,1,16.7285595203856,1.47,0.3,1,10,1,15.115463311751167,0.8,0.863447551386487,0.863447551386487,1,4.9,-6.162171299296821
0.6057528679529387,0.0864863336069879,36.4429579638582,2.903179334437699,-0.1682274728728493,3,5,0.1,12.73628645639024,0.6892774540049162,1,9.400024167674069,1.47,0.3,1,10,1,3.554643725738256,0.8,0.6892774540049162,0.6892774540049162,1,4.9,-2.6296599802460605
0.076666146937973,0.0117881998919981,17.85452438285258,3.6761183259626296,0.1719480070476505,3,5,0.1,5.28321899651331,0.6657561278257401,1,5.656604147372271,1.47,0.3,1,10,1,0.3772978884875965,0.8,0.6657561278257401,0.6657561278257401,1,4.9,-3.143463195751533
0.6280709318502707,0.0602347676283287,104.66207544241192,2.432196160848229,-0.1099540139732882,3,5,0.1,6.066586170739236,0.8340610829178124,1,3.173950800211227,1.47,0.3,1,10,1,6.179671156015893,0.8,0.8340610829178124,0.8340610829178124,1,4.9,-4.093332230243147
0.6486449054438972,0.077879749808915,357.2604750476942,2.041680839362394,-0.1268661892587083,3,5,0.1,8.754700301209917,0.997449181054207,1,19.440694843141987,1.47,0.3,1,10,1,12.798322949628773,0.8,0.997449181054207,0.997449181054207,1,4.9,-4.528777245251085
0.6486040380232372,0.0264094647651128,314.6686552172874,3.056406517458821,-0.0573565811237854,3,5,0.1,2.9507663090394662,0.6409546887178234,1,4.934642142037709,1.47,0.3,1,10,1,7.361751346093361,0.8,0.6409546887178234,0.6409546887178234,1,4.9,-4.332280839924286
0.6014681757844417,0.0331808472535293,53.19402423731171,3.6438113655851385,-0.0685648176380893,3,5,0.1,3.548852094345732,0.5394390049519344,1,3.638972287762336,1.47,0.3,1,10,1,3.030467025047737,0.8,0.5394390049519344,0.5394390049519344,1,4.9,-2.786396783586678
0.6479159169205275,0.04068757560525,383.9757727608773,2.4169867805575,-0.0755868785049909,3,5,0.1,3.867117089316239,0.8316224490583216,1,6.155622858987781,1.47,0.3,1,10,1,9.854013897085611,0.8,0.8316224490583216,0.8316224490583216,1,4.9,-5.563987290156881
0.3867920691669959,0.0010390521724861,37051.98043513672,3.011676616404634,-0.0019987241313382,3,5,0.1,3.5419791352983867,0.7980776131689289,1,0.1307128035604141,1.47,0.3,1,10,1,15.66019179538259,0.8,0.7980776131689289,0.7980776131689289,1,4.9,-5.609353407190698
0.6489841313784459,0.0529525128481056,840.2830962554427,2.5107937591745,-0.1017618584889364,3,5,0.1,4.949399148332099,0.7998228220290858,1,4.234931940511582,1.47,0.3,1,10,1,16.858946579975438,0.8,0.7998228220290858,0.7998228220290858,1,4.9,-4.2798735734042985
0.6402734565955797,0.0596927654705469,754.566865087594,2.116964323797119,-0.0997523041362811,3,5,0.1,5.894901233522471,0.9678162920513188,1,3.596847329262667,1.47,0.3,1,10,1,16.605932029651903,0.8,0.9678162920513188,0.9678162920513188,1,4.9,-5.229318847786448
0.5230818783189269,0.015088825231919,54.357500197945605,4.588036327522853,-0.0201529579550616,3,5,0.1,2.5822732486884084,0.4446229899809527,1,1.9646402989938816,1.47,0.3,1,10,1,1.863254689105264,0.8,0.4446229899809527,0.4446229899809527,1,4.9,-2.4773940136583974
0.6499684144544653,0.0671270680326672,640.3944616601818,2.1366257196784986,-0.1137166455864986,3,5,0.1,6.646841590994288,0.9505318447076244,1,7.526742174002423,1.47,0.3,1,10,1,16.23989261748432,0.8,0.9505318447076244,0.9505318447076244,1,4.9,-4.755120656968343
0.6585017669945898,0.082416500138928,567.0521217043989,2.5649943376564703,-0.161817299925108,3,5,0.1,9.616642421078868,0.7753547369612733,1,16.25973436701918,1.47,0.3,1,10,1,17.30039306438944,0.8,0.7753547369612733,0.7753547369612733,1,4.9,-3.183403585713436
0.6443325164933835,0.0562589812762955,222.1534204298553,2.2022253493307646,-0.0967700624708118,3,5,0.1,5.214023405716944,0.9199576884814404,1,13.517183102081065,1.47,0.3,1,10,1,8.419448242927457,0.8,0.9199576884814404,0.9199576884814404,1,4.9,-5.21244287900584
0.0157850980058652,0.0017666449313773,27.086667316515264,5.059787431938197,0.2352037742603703,3,5,0.1,3.736277760311793,0.4982481446901545,1,13.84207017523403,1.47,0.3,1,10,1,0.1612484046360961,0.8,0.4982481446901545,0.4982481446901545,1,4.9,-2.411048117367276
0.6538396961914756,0.1047127634540572,409.6041518506016,2.3193190279121176,-0.1898477570350626,3,5,0.1,32.49719242798484,0.8678879489832926,1,11.248424804114093,1.47,0.3,1,10,1,16.370474264728614,0.8,0.8678879489832926,0.8678879489832926,1,4.9,-3.0852159479696155
0.6056630853725996,0.0765535504392909,37.79015159699657,2.2211284482193405,-0.125049433637309,3,5,0.1,9.636610589820464,0.9221448417743816,1,4.07912790268322,1.47,0.3,1,10,1,3.8678189769832025,0.8,0.9221448417743816,0.9221448417743816,1,4.9,-3.9574361262922153
0.6401248163898361,0.0701805476025958,151.7607130936704,2.0860538070620533,-0.1150723927026174,3,5,0.1,7.19442852047035,0.97645355529537,1,13.060627680868391,1.47,0.3,1,10,1,7.628189030633765,0.8,0.97645355529537,0.97645355529537,1,4.9,-4.763339157301527
0.6236947073897623,0.0480182715322046,178.89701361695805,2.058146437415543,-0.0766663851815629,3,5,0.1,4.488490138768627,0.9981773201378727,1,18.23507068958952,1.47,0.3,1,10,1,5.979816207317624,0.8,0.9981773201378727,0.9981773201378727,1,4.9,-6.915947146846133
0.6626790868334759,0.0119729098315647,1789.257999209023,3.9457635996205,-0.0297386639914791,3,5,0.1,2.145139521645526,0.4738258850585373,1,3.0263428360249294,1.47,0.3,1,10,1,12.700307105440396,0.8,0.4738258850585373,0.4738258850585373,1,4.9,-3.2591882671243653
0.4593837277326092,0.0026822341612991,437.43677555167176,6.476707508348001,0.0039606472118955,3,5,0.1,1.5115701382655589,0.3038246964699402,1,16.833999579622013,1.47,0.3,1,10,1,1.4782780517762053,0.8,0.3038246964699402,0.3038246964699402,1,4.9,-1.907243568060192
0.6150707536500708,0.0790658703043076,68.70021174362734,2.950915868183176,-0.16051772655674,3,5,0.1,9.211604952384429,0.6764787574005641,1,18.833764020066248,1.47,0.3,1,10,1,4.41865921225827,0.8,0.6764787574005641,0.6764787574005641,1,4.9,-2.721223166120076
0.5974983574023613,0.0377060606429906,136.09804275490006,2.8117682518538416,-0.0730928712247301,3,5,0.1,3.675303388300463,0.7205327197412827,1,16.788000455304893,1.47,0.3,1,10,1,4.086103480850962,0.8,0.7205327197412827,0.7205327197412827,1,4.9,-4.426773931035797
0.7071767027670527,0.0117288857832485,3258.91687177438,5.523721929942764,-0.0209521396525643,3,5,0.1,2.2701572584438248,0.2947695674672055,1,2.426321998337228,1.47,0.3,1,10,1,19.34669410037056,0.8,0.2947695674672055,0.2947695674672055,1,4.9,-1.4096509772113706
0.6341548124806163,0.050814190096269,132.0093354052314,2.29967000954203,-0.0890774914822028,3,5,0.1,4.71009598431322,0.8803877338088323,1,9.990947653574832,1.47,0.3,1,10,1,5.9451494309966,0.8,0.8803877338088323,0.8803877338088323,1,4.9,-5.204483604757858
0.6489722652454386,0.0232568748133672,2191.74435448879,3.0889035249909744,-0.0516231020483463,3,5,0.1,2.804216926998325,0.6363543369028793,1,3.052322800001148,1.47,0.3,1,10,1,18.634903922229903,0.8,0.6363543369028793,0.6363543369028793,1,4.9,-4.50833443878334
0.6890901415804249,0.009338521199031,4006.8338520502607,4.437694050645691,-0.0233744313305651,3,5,0.1,1.9542576542651344,0.4023569850639839,1,15.593783097328076,1.47,0.3,1,10,1,17.429599445864206,0.8,0.4023569850639839,0.4023569850639839,1,4.9,-2.5812162675599204
0.6448317073080286,0.0335835600936331,247.16777205445447,2.720889442136033,-0.0674475673640021,3,5,0.1,3.3870761362634307,0.7305692980246196,1,5.588776336935242,1.47,0.3,1,10,1,7.196161695067292,0.8,0.7305692980246196,0.7305692980246196,1,4.9,-4.902664042641044
0.6733760600361054,0.0255223652275175,909.2505028861732,3.789884493016635,-0.0628582602787919,3,5,0.1,2.8997779756022544,0.4930695125540612,1,8.066702788471718,1.47,0.3,1,10,1,13.095788585167044,0.8,0.4930695125540612,0.4930695125540612,1,4.9,-2.724530689639277
0.2184809839289546,0.0515163415981127,13.9426900265373,2.2897238446339627,0.0334555091857054,3,5,0.1,17.455117607899577,0.9318516885023636,1,9.009972925797776,1.47,0.3,1,10,1,0.8115115058495517,0.8,0.9318516885023636,0.9318516885023636,1,4.9,-3.548152803470625
0.642067583201672,0.0508201836311103,615.8058703103749,2.113213664522364,-0.0848409798690849,3,5,0.1,4.830243855769184,0.9672579649556065,1,4.068149993686779,1.47,0.3,1,10,1,13.824013267510592,0.8,0.9672579649556065,0.9672579649556065,1,4.9,-6.051990596249041
0.6630540055293342,0.0488814327994202,618.272929281246,3.025610129855408,-0.1075850345392902,3,5,0.1,4.437998257258629,0.6434517784076978,1,13.583561797000105,1.47,0.3,1,10,1,14.238037183896768,0.8,0.6434517784076978,0.6434517784076978,1,4.9,-3.241421364823644
0.9673536742980632,4.75779531948581e-06,488762.4114717373,6.467762232460639,0.0028386452294779,3,5,0.1,0.7510125352569627,0.0607399586639791,1,8.865552096509328,1.47,0.3,1,10,1,17.563674271017774,0.8,0.0607399586639791,0.0607399586639791,1,4.9,-0.2495624548787347
0.6769026277670778,0.0649431372558455,277.7510191231651,3.749777048784789,-0.1591042247107711,3,5,0.1,6.359454168726354,0.4978049864906032,1,15.626387777556436,1.47,0.3,1,10,1,11.378793482491394,0.8,0.4978049864906032,0.4978049864906032,1,4.9,-2.030154737600533
0.573754555097473,0.0956597307819905,18.9944919104819,2.468856849328517,-0.1571516778232354,3,5,0.1,31.58492070033134,0.831690037684699,1,4.403651253492174,1.47,0.3,1,10,1,2.776215454678466,0.8,0.831690037684699,0.831690037684699,1,4.9,-2.9537836372710693
0.6563632735155557,0.0370451501840748,1135.8556045803975,2.5015929573559346,-0.0712883290331338,3,5,0.1,3.562604517020425,0.7979818791403765,1,18.39410931380841,1.47,0.3,1,10,1,16.307422045069355,0.8,0.7979818791403765,0.7979818791403765,1,4.9,-5.572181613007059
0.6560137766602331,0.0519669977378299,110.7345003979495,3.8020866854767856,-0.1233641744138673,3,5,0.1,4.890495714223653,0.4963916208586649,1,12.792773245638092,1.47,0.3,1,10,1,5.8029470855011605,0.8,0.4963916208586649,0.4963916208586649,1,4.9,-2.168130935963486
0.7849365489513032,0.0003176885033132,5117.9055707215,7.906330008359328,0.0047008978784746,3,5,0.1,1.0511811570501186,0.1522051405500827,1,10.259412111208407,1.47,0.3,1,10,1,4.541048679264692,0.8,0.1522051405500827,0.1522051405500827,1,4.9,-0.766220976293269
0.5929747286050056,0.0377589594623257,140.80540751586645,2.715690459628945,-0.0713312686353553,3,5,0.1,3.682100416045166,0.7501722449124477,1,17.86351978709049,1.47,0.3,1,10,1,4.047626282733224,0.8,0.7501722449124477,0.7501722449124477,1,4.9,-4.766460740830993
0.6452734000181828,0.0626470215780164,134.38868182759924,2.8310863243937123,-0.1293728066073166,3,5,0.1,6.112957445804601,0.6994272118357878,1,4.267432702057391,1.47,0.3,1,10,1,7.346378389712965,0.8,0.6994272118357878,0.6994272118357878,1,4.9,-3.180544788421656
0.6474871154737862,0.0972658578681035,53.85871626287396,3.0775413114529635,-0.2093894218307263,3,5,0.1,20.91124610282515,0.6346446608723184,1,5.999116504474367,1.47,0.3,1,10,1,5.722832819850265,0.8,0.6346446608723184,0.6346446608723184,1,4.9,-2.276708121332071
1133.114841424415,6.331334044857626e-14,3053182130890.428,999.3063522589882,4.3374909505353914e-10,3,5,0.1,0.2575192173213476,0.0384801934973471,1,8.633726155838152,1.47,0.3,1,10,1,13.031862729355092,0.8,0.0384801934973471,0.0384801934973471,1,4.9,-0.1969288995444813
0.5008881815575011,0.0516828242830562,103.59488671658512,2.799062195035416,-0.0976312417622632,3,5,0.1,55.24845259403708,0.7880289643232313,1,0.6944274057539349,1.47,0.3,1,10,1,5.698508550103389,0.8,0.7880289643232313,0.7880289643232313,1,4.9,-2.717194687164536
0.6686227240774468,0.0304976930132644,269.96614785556784,3.926494825604885,-0.0744568543853288,3,5,0.1,3.2227600241231054,0.4740759923545813,1,9.933590915203332,1.47,0.3,1,10,1,7.591412484808327,0.8,0.4740759923545813,0.4740759923545813,1,4.9,-2.4061319067570928
0.6783428962819051,0.0192601206239833,237.3869494328166,4.763311459309833,-0.0442633554316917,3,5,0.1,2.623926708469518,0.3723521185403782,1,7.524161436303816,1.47,0.3,1,10,1,5.841263077443623,0.8,0.3723521185403782,0.3723521185403782,1,4.9,-1.8555862544546144
0.0660643680921947,0.0063665236594037,31.22806166178851,3.721165286146048,0.1159274786887301,3,5,0.1,3.4173488426802203,0.6573687724571269,1,6.592830942952139,1.47,0.3,1,10,1,0.3448256247186458,0.8,0.6573687724571269,0.6573687724571269,1,4.9,-3.975705301648184
0.6588229390500264,0.0677778115714066,794.5051613740752,2.5871077453342046,-0.1339855645351752,3,5,0.1,6.521823482622512,0.7680764848072682,1,16.913193917898283,1.47,0.3,1,10,1,18.60683541631263,0.8,0.7680764848072682,0.7680764848072682,1,4.9,-3.53039832512134
0.6572482197687131,0.0371658685565804,497.115594573732,2.872268248417301,-0.0786456456745296,3,5,0.1,3.5741357646525773,0.6841443727494227,1,11.659777673588229,1.47,0.3,1,10,1,10.941578530723149,0.8,0.6841443727494227,0.6841443727494227,1,4.9,-4.121121510601139
0.6550011823737569,0.0954865720461409,173.67856047620194,2.6625763735846824,-0.1913208781710083,3,5,0.1,16.22435457863081,0.7444959853651939,1,18.222638754205963,1.47,0.3,1,10,1,10.037404224786773,0.8,0.7444959853651939,0.7444959853651939,1,4.9,-2.7792278970963906
0.6530138142927715,0.0910992071111951,322.4427722754459,2.345063270402968,-0.1663428094741703,3,5,0.1,13.554555061574789,0.8574921045594331,1,10.921115022623756,1.47,0.3,1,10,1,13.525275795802711,0.8,0.8574921045594331,0.8574921045594331,1,4.9,-3.353293333089997
0.6951966198349212,0.003162516573922,1613.2834733423986,5.28638846267836,-0.0062782191481561,3,5,0.1,1.4913119054112498,0.3203973271489086,1,5.27871453810947,1.47,0.3,1,10,1,6.642583280072914,0.8,0.3203973271489086,0.3203973271489086,1,4.9,-2.1415476348481306
0.6434595878537964,0.0538514992746544,122.6760884158055,2.7781339044516327,-0.1090414903142423,3,5,0.1,4.965013021841859,0.7134401914897283,1,7.958795011866133,1.47,0.3,1,10,1,6.258353416323141,0.8,0.7134401914897283,0.7134401914897283,1,4.9,-3.5776739376159448
0.5911088961724182,0.0443709308050068,110.77772137244186,2.2188999377067926,-0.072105893816128,3,5,0.1,4.2334200991452375,0.930710734088728,1,14.22298374234798,1.47,0.3,1,10,1,3.91470578538354,0.8,0.930710734088728,0.930710734088728,1,4.9,-6.3701016638924735
0.6514999508764364,0.0455575770364104,457.19241081582766,2.548043094083268,-0.0884011547790405,3,5,0.1,4.221091814153497,0.7840501444350689,1,6.2877748117507855,1.47,0.3,1,10,1,11.50471669404021,0.8,0.7840501444350689,0.7840501444350689,1,4.9,-4.612658541837829
0.6655193349039964,0.0229502645280139,1513.1531038339658,3.348485609007396,-0.0536417158764065,3,5,0.1,2.7249047431680427,0.5728717332158808,1,7.75270964301348,1.47,0.3,1,10,1,15.619255557360589,0.8,0.5728717332158808,0.5728717332158808,1,4.9,-3.748298441033629
0.3268157657560764,0.0287934259060289,49.14556342308665,2.5409523742519737,-0.0177732418780741,3,5,0.1,3.71819709570568,0.8085472521823136,1,19.22857712893513,1.47,0.3,1,10,1,1.198556108476674,0.8,0.8085472521823136,0.8085472521823136,1,4.9,-5.471281292160683
0.5982999849503994,0.0378776938882377,1601.999566523447,2.4181498179153023,-0.0686823163024226,3,5,0.1,4.336337543659234,0.8689713415617855,1,1.5160457392160371,1.47,0.3,1,10,1,19.504296578127388,0.8,0.8689713415617855,0.8689713415617855,1,4.9,-5.4404231030486
0.7227794970471589,0.058208528377122,128.40119216852787,5.576707095096702,-0.0948138750314262,3,5,0.1,7.000582425965752,0.2914913848346731,1,16.695018665699727,1.47,0.3,1,10,1,8.080678933067578,0.8,0.2914913848346731,0.2914913848346731,1,4.9,-1.076196595065035
0.6598142806054086,0.0882281164033839,182.15979545138023,2.913609027628579,-0.1884931803649823,3,5,0.1,11.95188493337498,0.6717392504967289,1,9.943517145255216,1.47,0.3,1,10,1,10.250435401108586,0.8,0.6717392504967289,0.6717392504967289,1,4.9,-2.5770957899877835
0.6331082031510075,0.0507135974375868,367.107301095099,2.1394745004545146,-0.084876171747615,3,5,0.1,4.955818810010173,0.960023106377478,1,3.0714607886184644,1.47,0.3,1,10,1,10.640844809555364,0.8,0.960023106377478,0.960023106377478,1,4.9,-5.839607811366683
0.6588132959938044,0.0626442223401125,444.6947244501382,2.738433618787651,-0.1287207483300713,3,5,0.1,5.825579433742393,0.7209184024648984,1,16.661742542823568,1.47,0.3,1,10,1,13.381695154848645,0.8,0.7209184024648984,0.7209184024648984,1,4.9,-3.378650728061867
0.6425594930941418,0.0979566564550071,113.9973821474492,2.2528082389539863,-0.1712713282746131,3,5,0.1,21.63234755113286,0.8991151156944734,1,6.021107131848906,1.47,0.3,1,10,1,8.219733661130375,0.8,0.8991151156944734,0.8991151156944734,1,4.9,-3.3189242981763414
0.5681908218394641,0.0928315913034423,17.968770323998132,2.352458926667295,-0.1464743531349987,3,5,0.1,29.06589609035176,0.8786914267612905,1,3.46213881749644,1.47,0.3,1,10,1,2.732020862224441,0.8,0.8786914267612905,0.8786914267612905,1,4.9,-3.1512580990586017
0.6623051477566424,0.098715052307954,77.94399887951866,3.577869249015577,-0.2322453057084813,3,5,0.1,22.898043735619115,0.5303479744607513,1,17.911863736635265,1.47,0.3,1,10,1,6.639064437748051,0.8,0.5303479744607513,0.5303479744607513,1,4.9,-1.8688233728331447
0.5288443352497435,0.0731376545395813,42.97859021214054,2.175479880083141,-0.106749184530897,3,5,0.1,8.978749004270467,0.9559599235794972,1,15.318200297359596,1.47,0.3,1,10,1,2.5517583707896203,0.8,0.9559599235794972,0.9559599235794972,1,4.9,-4.239824412654055
0.6496975440844647,0.03818042235901,414.3773656449849,2.480407153899397,-0.0723857042275347,3,5,0.1,3.650253318848289,0.8073281680032829,1,16.82568254704217,1.47,0.3,1,10,1,9.655730806894873,0.8,0.8073281680032829,0.8073281680032829,1,4.9,-5.560851064913942
0.6554607861535832,0.0654400860639379,208.9704282266117,2.919029333722953,-0.1393629848682372,3,5,0.1,6.220123318423867,0.6721268950560726,1,18.27334215799524,1.47,0.3,1,10,1,9.091673483591736,0.8,0.6721268950560726,0.6721268950560726,1,4.9,-2.995749101165085
0.6368859938989448,0.0842651842491504,72.1100473057865,2.442929019353139,-0.154791272085019,3,5,0.1,10.945116527037484,0.8233775403757879,1,7.394951807361836,1.47,0.3,1,10,1,5.882661102561122,0.8,0.8233775403757879,0.8233775403757879,1,4.9,-3.328923141877357
0.6626728453936014,0.037227005307787,274.9484941031185,3.4818081587042613,-0.0875199494983288,3,5,0.1,3.620441927205707,0.547816465535385,1,9.268985233138986,1.47,0.3,1,10,1,8.340034979352906,0.8,0.547816465535385,0.547816465535385,1,4.9,-2.8226094128638586
0.6955463079781328,0.0229197747850003,1128.115748046493,4.63912970539331,-0.0561614606974011,3,5,0.1,2.821161528305092,0.3786268014509951,1,11.364877051268769,1.47,0.3,1,10,1,14.698460726971788,0.8,0.3786268014509951,0.3786268014509951,1,4.9,-1.837518573106497
0.3518892471571332,0.0137583831947461,69.67729401958057,2.550005975392886,-0.0178006214639003,3,5,0.1,4.8856164543909495,0.8911391696060206,1,0.4942730078006901,1.47,0.3,1,10,1,1.8348956600195017,0.8,0.8911391696060206,0.8911391696060206,1,4.9,-5.171432167834885
0.6374455889941414,0.019656288227363,307.2677330327728,3.442265672408381,-0.0450494873913419,3,5,0.1,2.634879730527323,0.5647445873768294,1,2.6053058152481974,1.47,0.3,1,10,1,6.393482881374348,0.8,0.5647445873768294,0.5647445873768294,1,4.9,-3.765814314926576
0.6873571594889453,0.0049803403100863,1890.317532508239,4.833282378290029,-0.0116513844895859,3,5,0.1,1.6438418177395453,0.3617700641168669,1,17.269645616361597,1.47,0.3,1,10,1,8.465011659681549,0.8,0.3617700641168669,0.3617700641168669,1,4.9,-2.478779888213122
0.7589614330093267,0.0002585609219908,107246.84769850688,6.457111963145454,0.0002534206168127,3,5,0.1,0.9618928945150244,0.2207259794097115,1,17.608649880632107,1.47,0.3,1,10,1,18.40034496420881,0.8,0.2207259794097115,0.2207259794097115,1,4.9,-1.5837330571411066
0.6519348984483939,0.0246073741248851,881.8068302148955,3.239086487468619,-0.056038168047331,3,5,0.1,2.878021329854885,0.6009664656063306,1,3.3386583742033404,1.47,0.3,1,10,1,12.226483373596604,0.8,0.6009664656063306,0.6009664656063306,1,4.9,-3.906658239927207
0.5832912383400615,0.0275876619715979,1636.1442785924446,2.6733602418784965,-0.0535734891171654,3,5,0.1,3.601228651372135,0.7878449545347396,1,1.263446187227251,1.47,0.3,1,10,1,17.002829686500885,0.8,0.7878449545347396,0.7878449545347396,1,4.9,-5.364591654644089
0.6532301522439361,0.0136088474324182,968.1934342725436,4.532830719366976,-0.0336537236015993,3,5,0.1,2.384974553674449,0.4019001771622217,1,1.731992261104944,1.47,0.3,1,10,1,10.300373636409768,0.8,0.4019001771622217,0.4019001771622217,1,4.9,-2.207750013077252
0.64910268839302,0.0804295299874474,610.6387356029543,2.11719346467946,-0.1351913709935465,3,5,0.1,9.588348923645558,0.9608309641251644,1,6.828789604268832,1.47,0.3,1,10,1,17.351217639563263,0.8,0.9608309641251644,0.9608309641251644,1,4.9,-4.180174412378818
0.5407139800854818,0.034983874955548,52.31956941757635,3.32343992795358,-0.0618135643690577,3,5,0.1,3.684406368710682,0.6108470891561242,1,6.980097373490373,1.47,0.3,1,10,1,2.289558441656319,0.8,0.6108470891561242,0.6108470891561242,1,4.9,-3.320809759653404
0.4226743531256467,0.0242959673617666,170.3707428431961,2.424496169472334,-0.0390971518835384,3,5,0.1,15.252678865006676,0.9695621787925242,1,0.4466736044130224,1.47,0.3,1,10,1,4.789644358465376,0.8,0.9695621787925242,0.9695621787925242,1,4.9,-3.7947145559065945
0.7085119553362659,0.0001683053092425,14851.374321598512,7.120352464463131,0.0005910795979064,3,5,0.1,0.915898009844616,0.2026201320669578,1,19.393220723241345,1.47,0.3,1,10,1,4.001730652755649,0.8,0.2026201320669578,0.2026201320669578,1,4.9,-1.39601265463239
0.0212517006895723,0.0050360861459524,14.384801767584698,2.429166709862733,0.1806948061255639,3,5,0.1,8.331731318755116,0.9683637589016028,1,7.575594245212279,1.47,0.3,1,10,1,0.1993857985926401,0.8,0.9683637589016028,0.9683637589016028,1,4.9,-4.428996385987423
0.630029160943623,0.0898362340170162,68.0702482002337,2.1405474376463043,-0.1484738838104932,3,5,0.1,15.04102882486848,0.9534999035814388,1,4.833070735698856,1.47,0.3,1,10,1,5.942442962002607,0.8,0.9534999035814388,0.9534999035814388,1,4.9,-3.7300771231202567
0.6493472994227951,0.0445773991012554,1146.116326786304,2.2930640912312032,-0.0799148406806334,3,5,0.1,4.183223192958121,0.8820331598012904,1,5.227688828185015,1.47,0.3,1,10,1,17.862249340548992,0.8,0.8820331598012904,0.8820331598012904,1,4.9,-5.787432774668512
0.6601894216958442,0.0885790527730297,78.8046398662364,3.4049799768962496,-0.2042318460562372,3,5,0.1,13.31345514345374,0.5622865341455947,1,5.97368740609102,1.47,0.3,1,10,1,6.862998863619997,0.8,0.5622865341455947,0.5622865341455947,1,4.9,-2.079186135871094
0.806311696405132,2.1830977768169043e-06,4340553.719678617,6.70668547067686,4.911614355145875e-05,3,5,0.1,0.609573057841917,0.1352706580210017,1,0.8862291704477688,1.47,0.3,1,10,1,14.276989274158328,0.8,0.1352706580210017,0.1352706580210017,1,4.9,-0.9350765639389956
0.6587108642953715,0.0879070060254479,156.0109773694575,2.949279823875456,-0.1888174954490369,3,5,0.1,11.738541462930852,0.6628604184212559,1,15.645246074468094,1.47,0.3,1,10,1,9.267916736156836,0.8,0.6628604184212559,0.6628604184212559,1,4.9,-2.5448442988088864
0.6570111113264865,0.0984179691970317,554.762942550576,2.445907178097169,-0.1863651710721782,3,5,0.1,19.09513491034006,0.8176457481558446,1,14.416401110472885,1.47,0.3,1,10,1,18.60815507380752,0.8,0.8176457481558446,0.8176457481558446,1,4.9,-3.0280227387228287
0.6724294508174714,0.0260561066423167,211.9537407878948,4.753432143812359,-0.0601485265613664,3,5,0.1,3.04485734953255,0.3745779601973317,1,15.646719551642947,1.47,0.3,1,10,1,5.878707598269431,0.8,0.3745779601973317,0.3745779601973317,1,4.9,-1.7512964981244998
0.7281333635594092,0.0352476026303821,829.6697966034479,5.534292457380678,-0.0605463930248986,3,5,0.1,3.928273377035224,0.291161238026404,1,16.91003882352467,1.47,0.3,1,10,1,16.929567045346168,0.8,0.291161238026404,0.291161238026404,1,4.9,-1.1734863506044384
0.6573465900473616,0.0921361598219141,239.3926190554033,2.7074020114573822,-0.1874595702583702,3,5,0.1,14.091759049750362,0.7304651864209806,1,8.23953947425554,1.47,0.3,1,10,1,11.951954378707129,0.8,0.7304651864209806,0.7304651864209806,1,4.9,-2.769908408480191
0.64383713540015,0.0941642831733806,160.0488197419054,2.1030358585312423,-0.1562033235653039,3,5,0.1,16.35789183595331,0.9677245278289068,1,17.802853296044564,1.47,0.3,1,10,1,9.16279451124719,0.8,0.9677245278289068,0.9677245278289068,1,4.9,-3.742336033023946
0.6642005043202424,0.0913469329192713,312.9512860332406,2.943256437630004,-0.1976022126382787,3,5,0.1,13.2880332574761,0.6628420829854881,1,16.18345362802382,1.47,0.3,1,10,1,13.754031766661273,0.8,0.6628420829854881,0.6628420829854881,1,4.9,-2.500515652595581
0.6474295821175682,0.0837601760402175,226.41652319717343,2.1234504250471486,-0.1405852594106197,3,5,0.1,10.549014647266176,0.9564259875113992,1,11.761037838081888,1.47,0.3,1,10,1,10.636217028400411,0.8,0.9564259875113992,0.9564259875113992,1,4.9,-4.043494176741461
0.6258591629190248,0.0216824695904057,222.7991178558453,3.4200734332769875,-0.0481052234130059,3,5,0.1,2.6724129091462783,0.5712580665823358,1,13.077515166714091,1.47,0.3,1,10,1,4.675555015024984,0.8,0.5712580665823358,0.5712580665823358,1,4.9,-3.7990871372084776
0.6393529902588623,0.0514127459460311,203.57639167355728,2.5028986196616105,-0.0969920089229134,3,5,0.1,4.696103958702541,0.8034553428264112,1,19.48230901764936,1.47,0.3,1,10,1,7.241654043398389,0.8,0.8034553428264112,0.8034553428264112,1,4.9,-4.457767400092694
0.4990787040727134,0.0595926469378139,50.14075116856719,2.2026464029194743,-0.0840839070362113,3,5,0.1,6.335312171765113,0.9452242315256156,1,18.859093037468057,1.47,0.3,1,10,1,2.278427538500348,0.8,0.9452242315256156,0.9452242315256156,1,4.9,-4.833411287249758
0.6540178415216569,0.0632429721216675,974.6684015991648,2.345469928257383,-0.1157661549330749,3,5,0.1,5.99131398446584,0.857784637438564,1,8.408205775021518,1.47,0.3,1,10,1,19.68626227737399,0.8,0.857784637438564,0.857784637438564,1,4.9,-4.293645332368262
0.6621853550363287,0.0640395209229339,204.1598601838662,3.203172356995318,-0.1447697119929857,3,5,0.1,6.086641844622557,0.6028190733186322,1,11.175711622566851,1.47,0.3,1,10,1,9.312937650209072,0.8,0.6028190733186322,0.6028190733186322,1,4.9,-2.613314540858571
0.6602220701203574,0.0355774307763153,966.2174031910798,3.078849180304901,-0.079101160873759,3,5,0.1,3.4965422956338337,0.632600360899724,1,5.901159446626656,1.47,0.3,1,10,1,15.2943949810745,0.8,0.632600360899724,0.632600360899724,1,4.9,-3.6491652564297774
0.689029858855942,0.0154088214338669,1211.2335287427418,4.621543309261038,-0.0377595468157722,3,5,0.1,2.372058243394485,0.3823066734535507,1,5.118862594343741,1.47,0.3,1,10,1,12.453482493687982,0.8,0.3823066734535507,0.3823066734535507,1,4.9,-2.0424503922059536
0.0313251330996858,0.0074634388689877,14.497170304977145,3.160590065027366,0.2445051818140113,3,5,0.1,8.152154137422146,0.7273300902044638,1,19.85480195919973,1.47,0.3,1,10,1,0.2472648296232927,0.8,0.7273300902044638,0.7273300902044638,1,4.9,-3.061843806460587
0.6294712754101477,0.0524092037552168,122.0976100507327,2.3258389927792806,-0.0925442086675553,3,5,0.1,5.0555871418240805,0.8739905979707163,1,3.579323801505593,1.47,0.3,1,10,1,6.179270653074533,0.8,0.8739905979707163,0.8739905979707163,1,4.9,-4.882992582510067
0.7263084296500213,0.0037145544525387,2797.705496233829,5.890462127510702,-0.0040140906324972,3,5,0.1,1.5751371847567577,0.2660226111880627,1,19.75447448130401,1.47,0.3,1,10,1,10.012317926210889,0.8,0.2660226111880627,0.2660226111880627,1,4.9,-1.463447576878501
0.4103538736334119,0.0160761564857304,109.41482539774805,2.420605521825067,-0.0243989770738279,3,5,0.1,4.859861672878881,0.9486973412304824,1,0.5256102388581747,1.47,0.3,1,10,1,2.8791121628323144,0.8,0.9486973412304824,0.9486973412304824,1,4.9,-5.807670953191394
0.4841576027265523,0.0147089753761075,128.17442625093742,3.884403423250867,-0.0224608465035342,3,5,0.1,2.3784545417439937,0.5203241493177395,1,12.555131020005476,1.47,0.3,1,10,1,1.903931479663517,0.8,0.5203241493177395,0.5203241493177395,1,4.9,-3.542896728897311
0.6514890695924134,0.0778383926984556,479.63276497324006,2.209374201504517,-0.1355570257947769,3,5,0.1,8.667647022583381,0.915784444091736,1,9.626954797965595,1.47,0.3,1,10,1,15.173617623427242,0.8,0.915784444091736,0.915784444091736,1,4.9,-4.0514056826619065
0.5761564203605967,0.0107485810440908,159.4150659515537,5.326583946432318,-0.0144065077171285,3,5,0.1,2.147978676055025,0.3531504872293184,1,9.159913970660456,1.47,0.3,1,10,1,2.376545562667093,0.8,0.3531504872293184,0.3531504872293184,1,4.9,-1.909824103696813
0.6574828310226628,0.0423160492799215,991.5898885664196,2.5983267502671823,-0.0838065221858312,3,5,0.1,3.925779003161408,0.7650193387025012,1,13.89201369352478,1.47,0.3,1,10,1,16.414571720100586,0.8,0.7650193387025012,0.7650193387025012,1,4.9,-4.676428779276028
0.6449241377971954,0.0363983096920319,135.77139702702056,4.011864978093283,-0.0858527539723334,3,5,0.1,3.643941983162085,0.4695012537465185,1,14.485002443346826,1.47,0.3,1,10,1,5.005130579859971,0.8,0.4695012537465185,0.4695012537465185,1,4.9,-2.2377558587860733
0.0667283763468453,0.0011904263792971,177.58308019231055,2.87718604615186,0.0097400426802216,3,5,0.1,3.627824478907392,0.7874377620822364,1,0.2799980749841062,1.47,0.3,1,10,1,0.435929878126478,0.8,0.7874377620822364,0.7874377620822364,1,4.9,-5.318317660362911
0.6535009280966237,0.029241422498713,524.459644855498,3.366801035064424,-0.0678386871642906,3,5,0.1,3.170994998367135,0.5739766239386912,1,3.380705509320541,1.47,0.3,1,10,1,10.331130021033577,0.8,0.5739766239386912,0.5739766239386912,1,4.9,-3.312152458571731
0.0056354358613227,0.0009494963468251,13.32855337296228,3.223047406498872,0.1953634581535898,3,5,0.1,6.388307716732804,0.8510835821250922,1,2.8640239868145736,1.47,0.3,1,10,1,0.091755488632429,0.8,0.8510835821250922,0.8510835821250922,1,4.9,-4.116638632453158
0.7064969236041919,0.022035536058964,748.0757804567376,5.074070197174989,-0.0488500248422364,3,5,0.1,2.8284041691611086,0.3341411297809035,1,10.530505340090851,1.47,0.3,1,10,1,12.098241218061686,0.8,0.3341411297809035,0.3341411297809035,1,4.9,-1.5376694250835925
0.584197147972058,0.0549075569531034,103.92631860823384,2.1070207240366297,-0.085526650093444,3,5,0.1,5.254578765092462,0.9871900137988407,1,18.71824516196792,1.47,0.3,1,10,1,3.9526096269506494,0.8,0.9871900137988407,0.9871900137988407,1,4.9,-5.859064372748309
0.6155930189168868,0.0769724089045944,654.1342655955319,2.1951069240964487,-0.1304376034218967,3,5,0.1,12.177463199553443,0.9507563891319516,1,1.942188907428339,1.47,0.3,1,10,1,17.59375150780537,0.8,0.9507563891319516,0.9507563891319516,1,4.9,-3.875142810549683
0.6332046842183161,0.1120382943021204,69.79999790478189,2.114213785325496,-0.1840693098812214,3,5,0.1,1395.326345287852,0.9647766845700072,1,13.05427394595754,1.47,0.3,1,10,1,6.310441230274535,0.8,0.9647766845700072,0.9647766845700072,1,4.9,-3.2211190647354826
0.66061655820049,0.0308605651324677,1141.2907484302193,2.9021302646501907,-0.066093038968716,3,5,0.1,3.1672705816611577,0.6754926755969869,1,15.545446715562042,1.47,0.3,1,10,1,15.259880224943194,0.8,0.6754926755969869,0.6754926755969869,1,4.9,-4.482097993515598
0.9124040382458064,3.678351865710061e-09,339260103.7978489,7.472672132311154,5.33406156385195e-07,3,5,0.1,0.3853260616127144,0.0848802409791601,1,16.58095618859849,1.47,0.3,1,10,1,7.375911400009929,0.8,0.0848802409791601,0.0848802409791601,1,4.9,-0.5821575030743951
0.6588401941392774,0.0122327912600054,392.7421276943,4.434834160845782,-0.0293726681600844,3,5,0.1,2.206105002109336,0.4122400977865062,1,2.691067879860678,1.47,0.3,1,10,1,6.046724457573281,0.8,0.4122400977865062,0.4122400977865062,1,4.9,-2.436469429860505
0.6563678754501225,0.0192827411986584,1767.7326120424816,3.619609424752569,-0.0466212350305609,3,5,0.1,2.588781777500136,0.5274404395825585,1,2.8890312101958235,1.47,0.3,1,10,1,15.720249055208418,0.8,0.5274404395825585,0.5274404395825585,1,4.9,-3.3513507798638145
0.5694705818683119,0.0396645816123558,112.66687491056584,2.793123516055023,-0.0738333006646623,3,5,0.1,3.855165730277623,0.7325652898532976,1,19.13392251624854,1.47,0.3,1,10,1,3.3842292465014627,0.8,0.7325652898532976,0.7325652898532976,1,4.9,-4.387018223770484
0.641994733536122,0.0844456097222373,595.7723480752527,2.1090904233224395,-0.1408513246827303,3,5,0.1,11.873345279255195,0.9706164603575992,1,3.918918538887192,1.47,0.3,1,10,1,17.55095204350065,0.8,0.9706164603575992,0.9706164603575992,1,4.9,-3.997979624298591
0.4029624427909679,0.0102767649834074,2532.9491354970605,2.7880586619055814,-0.0186940161101875,3,5,0.1,13.232761625092635,0.8611676253287309,1,0.2642220985155022,1.47,0.3,1,10,1,12.70421574598886,0.8,0.8611676253287309,0.8611676253287309,1,4.9,-3.384493070629404
0.6572798116562858,0.04497023505028,476.1547699381858,3.180440348848363,-0.1015512615334524,3,5,0.1,4.2355960988317625,0.6108745486044288,1,4.214266211731377,1.47,0.3,1,10,1,12.114167532359478,0.8,0.6108745486044288,0.6108745486044288,1,4.9,-3.069054941702728
0.9409692188777554,2.189148064481965e-08,180940064.2543669,6.9146558484512335,4.874876677014084e-06,3,5,0.1,0.4391305043699334,0.0761439851479185,1,18.64886387523257,1.47,0.3,1,10,1,16.35983319993727,0.8,0.0761439851479185,0.0761439851479185,1,4.9,-0.4262856321178354
0.1176756050338655,0.0003182004587782,539.6427550783817,8.4035242935231,0.0096204730748074,3,5,0.1,1.4512843858384572,0.316729093007851,1,0.6073458542474462,1.47,0.3,1,10,1,0.4646568599325115,0.8,0.316729093007851,0.316729093007851,1,4.9,-2.151230108317737
0.6540521088486413,0.0640339154562191,901.9604858180036,2.2483210601347943,-0.1133625048005796,3,5,0.1,6.080889159162359,0.89755037716494,1,13.927469767010043,1.47,0.3,1,10,1,18.93386534163345,0.8,0.89755037716494,0.89755037716494,1,4.9,-4.563535834407363
0.7819500928563278,0.0100568086491236,2501.1026495962687,6.83128591660997,0.0358707687030467,3,5,0.1,2.2880707818077326,0.1943494655502451,1,14.283575209073607,1.47,0.3,1,10,1,18.659217062878263,0.8,0.1943494655502451,0.1943494655502451,1,4.9,-0.8079655395792393
0.6780825158901111,0.0255306088763153,788.6796763919283,3.9922014191865314,-0.0636478832749679,3,5,0.1,2.9112530424900176,0.4618363030706216,1,11.38637912156842,1.47,0.3,1,10,1,12.313004205287331,0.8,0.4618363030706216,0.4618363030706216,1,4.9,-2.444183895170191
0.6639984750001623,0.0375850816972207,1471.9150143992076,3.0427145539521074,-0.0832271659787201,3,5,0.1,3.596390259508097,0.6394113359119262,1,12.176019932987304,1.47,0.3,1,10,1,19.38513043729828,0.8,0.6394113359119262,0.6394113359119262,1,4.9,-3.642430777718989
0.6912510250616755,0.0140323102908512,902.0518167995788,4.705973989038991,-0.0337879899060862,3,5,0.1,2.283484574941081,0.3731792049693456,1,7.423804125416668,1.47,0.3,1,10,1,10.248772266741549,0.8,0.3731792049693456,0.3731792049693456,1,4.9,-2.0106391887689448
0.5993178187609444,0.0955113898160998,35.50734440612364,3.593326954765279,-0.2012654734493649,3,5,0.1,23.49228163453608,0.5439673960327377,1,19.670170587190416,1.47,0.3,1,10,1,3.2530034149374103,0.8,0.5439673960327377,0.5439673960327377,1,4.9,-1.9167860999692827
0.6529832944125815,0.0476199460571284,958.9760954361928,2.170530546119581,-0.0818795628578828,3,5,0.1,4.377271947090925,0.932320171200566,1,16.380040605963597,1.47,0.3,1,10,1,16.719977461364728,0.8,0.932320171200566,0.932320171200566,1,4.9,-6.1781436918724335
0.6436526901784447,0.1008942056056115,159.41897066415686,2.221033285041718,-0.1750205288064836,3,5,0.1,28.094612066053703,0.914043205632666,1,5.2086937044004165,1.47,0.3,1,10,1,9.92301270523845,0.8,0.914043205632666,0.914043205632666,1,4.9,-3.2971064117516846
0.6545892636539444,0.0595322019144334,300.1692205447021,2.644844152839809,-0.1187783546482059,3,5,0.1,5.484614462311677,0.7505003413059159,1,13.035433319483268,1.47,0.3,1,10,1,10.582779059660307,0.8,0.7505003413059159,0.7505003413059159,1,4.9,-3.67507116676817
0.618157109773969,0.0459320499185384,120.92213309189556,2.2415596578137515,-0.0775071721709825,3,5,0.1,4.3160502980292765,0.910919510081806,1,12.001183467564545,1.47,0.3,1,10,1,4.862027136211843,0.8,0.910919510081806,0.910919510081806,1,4.9,-5.98257049747451
0.6463898363552507,0.0472327129914487,228.51668903450155,2.465985110185158,-0.0886804097463724,3,5,0.1,4.3429924316168345,0.8129466230219239,1,11.034823326691685,1.47,0.3,1,10,1,7.973228723154472,0.8,0.8129466230219239,0.8129466230219239,1,4.9,-4.811191319401736
0.1729994931617186,0.0337553772201617,10.425797345086666,5.037894716484437,0.2549244321728512,3,5,0.1,13.55708296886209,0.4792454000327213,1,5.09436636197814,1.47,0.3,1,10,1,0.6086815231590484,0.8,0.4792454000327213,0.4792454000327213,1,4.9,-1.7410968967536888
0.6657974666176462,0.0292780242308489,1927.931063492877,3.167539774328172,-0.0664800438104103,3,5,0.1,3.0754312756925515,0.6102846981254111,1,16.472464600483388,1.47,0.3,1,10,1,19.71004409538818,0.8,0.6102846981254111,0.6102846981254111,1,4.9,-3.788402582617021
0.6698814151018778,0.0632548408606467,432.0483089050743,3.699944278287849,-0.1546066888683293,3,5,0.1,6.387227674575415,0.5086128637383946,1,3.8089939000172577,1.47,0.3,1,10,1,14.171434577145776,0.8,0.5086128637383946,0.5086128637383946,1,4.9,-2.082266733225719
0.6267028344796333,0.086313169980596,86.14964294629493,2.5068669234368457,-0.1603416206397155,3,5,0.1,11.523295012051843,0.8057807224376881,1,19.3563912495054,1.47,0.3,1,10,1,5.546972370064192,0.8,0.8057807224376881,0.8057807224376881,1,4.9,-3.209621550098312
0.635411841130733,0.0556189090524115,107.383394802868,2.445119430616165,-0.1021833652419201,3,5,0.1,5.24616805204706,0.8237049739616216,1,5.337555402012953,1.47,0.3,1,10,1,5.925452516653047,0.8,0.8237049739616216,0.8237049739616216,1,4.9,-4.33318092065406
0.7223479482067834,0.000702722908504,24307.721827547342,5.989472616298986,-0.0005951549335419,3,5,0.1,1.1314271463001453,0.257301280890997,1,2.480075000761317,1.47,0.3,1,10,1,13.532733758302893,0.8,0.257301280890997,0.257301280890997,1,4.9,-1.827282726591328
0.6840247147074141,0.0258391850787848,1545.0627494925263,4.134977467626396,-0.0650698873382547,3,5,0.1,2.940808347284986,0.4407432781420714,1,12.059059709323693,1.47,0.3,1,10,1,17.647091373230175,0.8,0.4407432781420714,0.4407432781420714,1,4.9,-2.2591795993588377
0.6337906566452219,0.0404171903143118,220.1384294590536,2.379844486128547,-0.0729646890340316,3,5,0.1,3.833132517458868,0.8505029485340598,1,16.897192548746837,1.47,0.3,1,10,1,6.529793554072472,0.8,0.8505029485340598,0.8505029485340598,1,4.9,-5.8784040099976185
0.601357609629704,0.1017154549544841,25.23074442205294,2.441796804488038,-0.1755821501119834,3,5,0.1,45.08917961228001,0.8331119581408751,1,5.3267841674330665,1.47,0.3,1,10,1,3.4861543829339454,0.8,0.8331119581408751,0.8331119581408751,1,4.9,-2.902160587703648
0.6496802339333434,0.0620604019364124,439.8928614176422,2.082775214276572,-0.1028388960337071,3,5,0.1,5.8937608941544894,0.9756440040828036,1,14.676098968315271,1.47,0.3,1,10,1,12.783599697471049,0.8,0.9756440040828036,0.9756440040828036,1,4.9,-5.298868306136024
0.5853305987876766,0.1046251367117893,16.67152079416426,3.2765321234107665,-0.2003628974596083,3,5,0.1,569.4744404215936,0.6096018658291561,1,5.488795578094939,1.47,0.3,1,10,1,2.713269235702266,0.8,0.6096018658291561,0.6096018658291561,1,4.9,-2.0370943703560407
0.0152452122449414,0.0054909372472198,9.514577475171263,2.4329258423340456,0.2700336101638966,3,5,0.1,156.19174169222228,0.9305905419727476,1,13.141297529969842,1.47,0.3,1,10,1,0.1754327395325386,0.8,0.9305905419727476,0.9305905419727476,1,4.9,-3.145700001475649
0.6462366389943741,0.0719071684711325,86.53593539767154,3.135691938999289,-0.1574002108947813,3,5,0.1,7.852695539988168,0.6230987027497156,1,3.85487425950864,1.47,0.3,1,10,1,6.388394398255545,0.8,0.6230987027497156,0.6230987027497156,1,4.9,-2.548918286713832
0.6153427728258625,0.0478422858839406,125.64271809855782,2.090888512943831,-0.0763698773172575,3,5,0.1,4.502436574894924,0.982590992933306,1,13.384254571307313,1.47,0.3,1,10,1,4.915005868147953,0.8,0.982590992933306,0.982590992933306,1,4.9,-6.673613398636162
0.6241756553875344,0.0253066032280405,177.2880924341883,3.1383743921488483,-0.05358852198349,3,5,0.1,2.881141554098404,0.6293638171788735,1,10.815419504390624,1.47,0.3,1,10,1,4.569581787987954,0.8,0.6293638171788735,0.6293638171788735,1,4.9,-4.2787599622226296
0.3245765827368549,0.0250223707403455,25.909256535492727,3.339658118935029,0.0050964995747195,3,5,0.1,3.763359221700822,0.6811494398958214,1,3.3814166552619858,1.47,0.3,1,10,1,0.9938073092464398,0.8,0.6811494398958214,0.6811494398958214,1,4.9,-3.930385788926525
0.64769239238796,0.0589915556201404,320.0072172896003,2.175343857743796,-0.1009661928041756,3,5,0.1,5.495834392743244,0.931668126304112,1,18.788403585218934,1.47,0.3,1,10,1,10.42068695636912,0.8,0.931668126304112,0.931668126304112,1,4.9,-5.13785167437209
0.6798120881556485,0.0271038181628761,501.84878461091273,4.243102772718273,-0.0674670871054143,3,5,0.1,3.0312264704736456,0.4284088502083821,1,19.925072511763272,1.47,0.3,1,10,1,9.930314697481146,0.8,0.4284088502083821,0.4284088502083821,1,4.9,-2.1306696311539213
0.934958819782088,7.840227960096811e-09,411145013.0978022,7.129755996438387,1.3103756918293892e-06,3,5,0.1,0.4058329027148137,0.0816860206529721,1,10.870268308874422,1.47,0.3,1,10,1,13.472694162176383,0.8,0.0816860206529721,0.0816860206529721,1,4.9,-0.5134125956833806
0.5537705290997483,0.0348431518733809,46.253793094024864,2.4338129022409314,-0.0542458819720269,3,5,0.1,3.719212704062864,0.8512286226146983,1,3.8685605490598776,1.47,0.3,1,10,1,2.46186067770857,0.8,0.8512286226146983,0.8512286226146983,1,4.9,-6.089396648301625
0.6115305446430321,0.0835753695383968,695.1722033773807,2.642336388825042,-0.1634802012029834,3,5,0.1,22.12809700288056,0.7804041552722909,1,1.5929645101475256,1.47,0.3,1,10,1,19.33949830174581,0.8,0.7804041552722909,0.7804041552722909,1,4.9,-2.8346100544174746
0.5690897231254778,0.0444962254451406,65.17967974817842,2.2370101319417124,-0.0693479681991751,3,5,0.1,4.352496913253704,0.9241398436369054,1,8.479392499379461,1.47,0.3,1,10,1,2.9790049364138023,0.8,0.9241398436369054,0.9241398436369054,1,4.9,-6.1050445350988
0.6840244864180612,0.0221536943639688,1216.9361198322183,4.199463189448478,-0.0556700614075195,3,5,0.1,2.7235839989412804,0.4324896650499619,1,16.671717253848026,1.47,0.3,1,10,1,14.46799294294108,0.8,0.4324896650499619,0.4324896650499619,1,4.9,-2.290195704632445
0.6484259816288178,0.0473660619312889,805.3520228363745,2.085339040967477,-0.0785840218054349,3,5,0.1,4.421755930428359,0.97617256583867,1,6.473404831445055,1.47,0.3,1,10,1,15.252630341070592,0.8,0.97617256583867,0.97617256583867,1,4.9,-6.7107535469559245
0.7500592973242057,0.0177056662192653,184.5401666525924,6.795757026662828,0.0399918900188927,3,5,0.1,2.992229496480169,0.2091292272130346,1,2.7981922163092983,1.47,0.3,1,10,1,6.297257794745539,0.8,0.2091292272130346,0.2091292272130346,1,4.9,-0.832930443174952
0.6230262509694815,0.0559897861234014,117.81641935886422,2.545867134455396,-0.1046718271893199,3,5,0.1,5.193924078378396,0.7937819281350643,1,16.15795712086646,1.47,0.3,1,10,1,5.253348310184257,0.8,0.7937819281350643,0.7937819281350643,1,4.9,-4.112439117466938
0.6069758730859227,0.0331382915381287,69.24783151828728,3.107506707800524,-0.0670043458326997,3,5,0.1,3.5202381129962363,0.6417017827749875,1,3.065943048018715,1.47,0.3,1,10,1,3.585686898198245,0.8,0.6417017827749875,0.6417017827749875,1,4.9,-3.722222483408789
0.6522118294638508,0.0625702008627046,1018.9492325026192,2.072585928607078,-0.1036140002039093,3,5,0.1,5.947244500108923,0.980499230568686,1,14.974687403721695,1.47,0.3,1,10,1,19.714418356233203,0.8,0.980499230568686,0.980499230568686,1,4.9,-5.311661293518771
0.8142530273816775,0.0645119554750582,213.1766795398701,7.2149237687833985,0.4251051582759256,3,5,0.1,74.987806089176,0.1762004657007142,1,11.68728150538493,1.47,0.3,1,10,1,14.52884561484844,0.8,0.1762004657007142,0.1762004657007142,1,4.9,-0.5905728095685987
0.6700439937725917,0.012431030171307,3325.420667907443,3.802455978986997,-0.0307391195793117,3,5,0.1,2.139597809641173,0.4925776540031892,1,4.888667409560369,1.47,0.3,1,10,1,17.555232496799473,0.8,0.4925776540031892,0.4925776540031892,1,4.9,-3.547649995719766
0.6446564696712725,0.0295876868792422,1322.0360080325288,3.258809335078705,-0.0676279188548361,3,5,0.1,3.26245590600212,0.6008637118816899,1,2.460135013064236,1.47,0.3,1,10,1,16.464360427627227,0.8,0.6008637118816899,0.6008637118816899,1,4.9,-3.512235020059979
0.6049403042944568,0.0673512070858837,92.04550982095712,2.339952871232008,-0.1161564785935231,3,5,0.1,6.780774721130778,0.8762922378040301,1,18.685651920244297,1.47,0.3,1,10,1,4.535210869272608,0.8,0.8762922378040301,0.8762922378040301,1,4.9,-4.182026876050843
0.4138513835635591,0.024926765163234,123.96752068639891,2.670638672404249,-0.0426816151476424,3,5,0.1,94.004001062478,0.8719783828097272,1,0.3981838534767824,1.47,0.3,1,10,1,4.100697510369129,0.8,0.8719783828097272,0.8719783828097272,1,4.9,-2.970896491636541
0.6449576957977009,0.0693896112792368,184.10321038184617,2.19940138140084,-0.1193393860699343,3,5,0.1,7.023372019381603,0.92124193317731,1,8.392527219905405,1.47,0.3,1,10,1,8.727845474342251,0.8,0.92124193317731,0.92124193317731,1,4.9,-4.425167800941216
0.1524840363187198,0.0291971469635646,7.405299373062456,4.039501252165359,0.1787354851421259,3,5,0.1,28.591349804832515,0.6484570949154751,1,1.5440908137942693,1.47,0.3,1,10,1,0.544550307009407,0.8,0.6484570949154751,0.6484570949154751,1,4.9,-2.2823041700933864
0.5509906110905973,4.089963783065341e-07,554418.8122860738,13.881661329232315,2.3131396026622766e-05,3,5,0.1,0.5522940070445999,0.1258195475778636,1,0.7292126504977692,1.47,0.3,1,10,1,1.313633747670237,0.8,0.1258195475778636,0.1258195475778636,1,4.9,-0.895314216499024
0.6623112470913266,0.0655021329913332,148.82642889883664,3.661938204095848,-0.1572157770691613,3,5,0.1,6.827164583443125,0.5170272360817953,1,3.594052243538445,1.47,0.3,1,10,1,8.36108372234356,0.8,0.5170272360817953,0.5170272360817953,1,4.9,-2.093326169260173
0.6549880243333805,0.0500736837846002,1268.783389000515,2.2872398147124144,-0.0899297823123875,3,5,0.1,4.564679415807041,0.8805558435295752,1,16.50786441590067,1.47,0.3,1,10,1,19.89626028631581,0.8,0.8805558435295752,0.8805558435295752,1,4.9,-5.337817376597737
0.6570285511471319,0.1025859584407002,405.6926268663453,2.515915770148135,-0.1983256184712218,3,5,0.1,25.88354034900533,0.7926571623480297,1,10.104604235662764,1.47,0.3,1,10,1,16.306980872264965,0.8,0.7926571623480297,0.7926571623480297,1,4.9,-2.845519915455352
0.642526295553755,0.0975766988365024,98.53450834771404,2.27302736460108,-0.1715078659362924,3,5,0.1,20.232012299740788,0.889445776973463,1,8.34985420001467,1.47,0.3,1,10,1,7.527008966678413,0.8,0.889445776973463,0.889445776973463,1,4.9,-3.3037094728719865
0.7548792262807018,0.000186742383773,23077.462508532823,6.844303574690549,0.0005689601336025,3,5,0.1,0.9375493352848636,0.2006167218109928,1,2.558959098690039,1.47,0.3,1,10,1,7.436810100204724,0.8,0.2006167218109928,0.2006167218109928,1,4.9,-1.33553887853234
0.6593384093284019,0.049670051229043,233.84973740675224,3.181614858247364,-0.1115526791396323,3,5,0.1,4.546227540377112,0.6085397112500289,1,9.714206604041031,1.47,0.3,1,10,1,8.753331248223207,0.8,0.6085397112500289,0.6085397112500289,1,4.9,-2.9497687631843093
0.7001780724959995,0.0007660497690356,6036.398913712415,6.074697010157708,-0.0005427962469341,3,5,0.1,1.169131821915724,0.2577895197324188,1,1.7057251543575256,1.47,0.3,1,10,1,6.882679679180584,0.8,0.2577895197324188,0.2577895197324188,1,4.9,-1.7698951674201169
0.6560299586179317,0.038861588548372,386.0669221674946,2.8920572185686826,-0.0824122012198766,3,5,0.1,3.692887732776656,0.6791614781647213,1,10.91567876286726,1.47,0.3,1,10,1,9.823660217145818,0.8,0.6791614781647213,0.6791614781647213,1,4.9,-3.9656163550834265
0.6683101253381509,0.0238501215164329,1091.234446432975,3.4801511565366887,-0.0567769912205391,3,5,0.1,2.7754104050566086,0.5467112129473894,1,12.433055568892213,1.47,0.3,1,10,1,13.56611955821908,0.8,0.5467112129473894,0.5467112129473894,1,4.9,-3.3724444521641708
0.6416962225918668,0.0447395451764847,682.5288827822528,2.380857879906402,-0.082116064055756,3,5,0.1,4.289324929516222,0.8516377424379732,1,3.4490841173306883,1.47,0.3,1,10,1,13.842735603636774,0.8,0.8516377424379732,0.8516377424379732,1,4.9,-5.289141240239252
0.655091150167215,0.0581995377908155,586.3612710712449,2.431284130465773,-0.1094573176611754,3,5,0.1,5.336248147842709,0.8235604307858764,1,17.79247741924586,1.47,0.3,1,10,1,14.58966237777751,0.8,0.8235604307858764,0.8235604307858764,1,4.9,-4.29012049291855
0.6572055033955062,0.0461792309450406,282.731345191308,3.0131594331168112,-0.1004519550089826,3,5,0.1,4.240129692732668,0.6480329109468844,1,10.119500763665766,1.47,0.3,1,10,1,9.21046770433578,0.8,0.6480329109468844,0.6480329109468844,1,4.9,-3.357392846068372
0.6264959345177895,0.0394242239215077,142.36348667508784,2.292198265620589,-0.0685303824700191,3,5,0.1,3.9070520715735353,0.888284191960412,1,3.572476365040484,1.47,0.3,1,10,1,5.73936060483453,0.8,0.888284191960412,0.888284191960412,1,4.9,-6.3065007362128895
0.3828974012588269,0.033387024575072,22.21994341461183,3.087757001855611,-0.0187477741201542,3,5,0.1,4.364441911130276,0.7182859424209147,1,3.1996569707471814,1.47,0.3,1,10,1,1.196776764441266,0.8,0.7182859424209147,0.7182859424209147,1,4.9,-3.886907975727766
0.6441768195711255,0.0461617092744688,280.68774067982685,2.227049921243507,-0.0801181976869227,3,5,0.1,4.271304414597748,0.9091841801245324,1,15.689060381285795,1.47,0.3,1,10,1,8.489947468072934,0.8,0.9091841801245324,0.9091841801245324,1,4.9,-6.02112993335972
0.6381287722043237,0.0337486728177149,195.70462263957245,3.470172848178028,-0.076988046367939,3,5,0.1,3.395185672593906,0.5583157704429824,1,17.533158369109128,1.47,0.3,1,10,1,5.628463874810856,0.8,0.5583157704429824,0.5583157704429824,1,4.9,-3.019724443984515
0.3937861840034177,0.0018177716821845,670.5198579561525,4.57896557867154,-0.0033651774144629,3,5,0.1,3.261577052506236,0.4603889957850551,1,0.1935753755836758,1.47,0.3,1,10,1,2.4283420208300552,0.8,0.4603889957850551,0.4603889957850551,1,4.9,-2.2883150113229043
0.7449755182695258,0.0260724914375321,233.2979568354022,6.334484001841345,0.0054582984994879,3,5,0.1,3.5138106799891005,0.2353145997454575,1,4.3479975979056,1.47,0.3,1,10,1,8.268953686119561,0.8,0.2353145997454575,0.2353145997454575,1,4.9,-0.9296487368268238
0.6548724152433674,0.0637550319495555,377.093844868857,2.531205396387917,-0.1234147594518887,3,5,0.1,5.990064531868712,0.7878254030346872,1,16.53421439256743,1.47,0.3,1,10,1,12.23183507975501,0.8,0.7878254030346872,0.7878254030346872,1,4.9,-3.7888137092432608
0.6794737872670793,0.0118990188319139,4096.996279697352,3.997500489313141,-0.0298577427222726,3,5,0.1,2.098801605453413,0.4607380322496806,1,15.17111213443353,1.47,0.3,1,10,1,19.31256209094673,0.8,0.4607380322496806,0.4607380322496806,1,4.9,-3.148559427244741
0.6861173210041328,0.0026258509759817,1216.1822120453794,5.894588700429364,-0.0029261510666337,3,5,0.1,1.4475490875063954,0.2796192832016404,1,12.16621153805929,1.47,0.3,1,10,1,4.619679937157636,0.8,0.2796192832016404,0.2796192832016404,1,4.9,-1.6968957969287397
0.1002256478053785,0.0051198463430668,62.00973089155808,4.383722616064341,0.0706161224539854,3,5,0.1,2.484346999053703,0.5384150306423374,1,10.966297972829633,1.47,0.3,1,10,1,0.4420645429803282,0.8,0.5384150306423374,0.5384150306423374,1,4.9,-3.630728736751937
0.6318273437317761,0.0538494868909751,534.6742600136882,2.236256957307857,-0.0934769845369689,3,5,0.1,5.364007329461345,0.9183015285983412,1,2.709573968378973,1.47,0.3,1,10,1,13.328296779263312,0.8,0.9183015285983412,0.9183015285983412,1,4.9,-5.097083347685359
0.6744176402129838,0.0273413181445109,1732.603242719065,3.710655220536251,-0.0671607496092136,3,5,0.1,2.996847149287252,0.5052886667290181,1,9.413162968053502,1.47,0.3,1,10,1,18.69768730728998,0.8,0.5052886667290181,0.5052886667290181,1,4.9,-2.77668860417062
0.640499220994395,0.0738446439079538,170.10989413603593,2.0721764922468897,-0.1205928678008273,3,5,0.1,7.884102815786086,0.9840914859045116,1,17.475046508181922,1.47,0.3,1,10,1,8.160052777904513,0.8,0.9840914859045116,0.9840914859045116,1,4.9,-4.628270157645979
0.6824693975753917,0.0321124702998937,712.0900658918755,4.104410995120405,-0.0804841116671564,3,5,0.1,3.332917740069433,0.445225822588664,1,13.678517665814688,1.47,0.3,1,10,1,13.2336748190345,0.8,0.445225822588664,0.445225822588664,1,4.9,-2.1561520735163846
0.7392387634513597,0.0920752848606043,337.1963511692175,5.537927592829565,-0.1552968990902774,3,5,0.1,204.5960989440764,0.2893380209419687,1,5.679386534720069,1.47,0.3,1,10,1,17.556422008178217,0.8,0.2893380209419687,0.2893380209419687,1,4.9,-0.9676531118775138
0.6554311706087383,0.0859923897768211,560.2729988501355,2.9736951733440264,-0.1868544097932344,3,5,0.1,12.307325164282677,0.6605220666421192,1,3.491284446826986,1.47,0.3,1,10,1,18.02089002179183,0.8,0.6605220666421192,0.6605220666421192,1,4.9,-2.516929547426209
0.6787198245191383,0.0834627812234084,278.2558613233061,3.6659927925043534,-0.2034784897793269,3,5,0.1,10.571278831927293,0.5105328964088806,1,15.541632020025444,1.47,0.3,1,10,1,12.944204308823466,0.8,0.5105328964088806,0.5105328964088806,1,4.9,-1.9178980912295
0.6628140482123608,0.0431286000845824,454.6240202963037,3.161790148939593,-0.0972063730678943,3,5,0.1,3.998843891483243,0.6120743786078138,1,12.219189108619489,1.47,0.3,1,10,1,11.486376081062645,0.8,0.6120743786078138,0.6120743786078138,1,4.9,-3.173737540507126
0.6636407298050092,0.0324434289282976,1487.733180447421,3.034481116085023,-0.0716814275247969,3,5,0.1,3.26316982039182,0.641449615777826,1,17.897457403633606,1.47,0.3,1,10,1,18.05067610866067,0.8,0.641449615777826,0.641449615777826,1,4.9,-3.949832013687772
0.6501961707619273,0.0549999279188818,589.8311262316278,2.044816447570309,-0.0898565244782236,3,5,0.1,5.0940478687968,0.9948127414563918,1,14.4147692087045,1.47,0.3,1,10,1,13.956239939235491,0.8,0.9948127414563918,0.9948127414563918,1,4.9,-6.092025599853502
0.6575014708890373,0.0661829921081953,397.7660041360618,2.6686060389110247,-0.1334004729740764,3,5,0.1,6.296363852957326,0.7423071154542562,1,17.98212039443513,1.47,0.3,1,10,1,12.914012751456134,0.8,0.7423071154542562,0.7423071154542562,1,4.9,-3.413317440938457
0.6707261851314578,0.0193469414295933,545.9549811149391,3.951640444835504,-0.0476333627472035,3,5,0.1,2.5537887058980693,0.4698945320967708,1,7.072793354734154,1.47,0.3,1,10,1,8.811627365013399,0.8,0.4698945320967708,0.4698945320967708,1,4.9,-2.7446996712811043
0.488780509983955,0.0286148585863446,119.58795964303172,2.5485383834851465,-0.0493239602952527,3,5,0.1,5.501755507179374,0.873054818980883,1,0.7453854595665569,1.47,0.3,1,10,1,4.392087925802863,0.8,0.873054818980883,0.873054818980883,1,4.9,-4.621308760218666
0.6600859828120956,0.0247967492342325,398.7961121738057,3.664771190099423,-0.0595106273270341,3,5,0.1,2.8875648278577275,0.517447632524311,1,4.20509927905145,1.47,0.3,1,10,1,8.39577529800831,0.8,0.517447632524311,0.517447632524311,1,4.9,-2.964280300078173
0.6489624248062724,0.0554278552294666,925.1634753011097,2.053782243971503,-0.0908887149309079,3,5,0.1,5.187462374742456,0.9923034965538126,1,6.822229971216951,1.47,0.3,1,10,1,17.674802035716127,0.8,0.9923034965538126,0.9923034965538126,1,4.9,-5.974210934347067
0.6927545897545433,0.006066836112633,4565.0619842788965,4.645978499344741,-0.0148755130313167,3,5,0.1,1.7272146668164776,0.3786022488460741,1,10.203233602268238,1.47,0.3,1,10,1,15.224887565120111,0.8,0.3786022488460741,0.3786022488460741,1,4.9,-2.5832347999353296
0.675262040935217,0.0975966181160684,177.27137193075876,3.5435156196340776,-0.2339060061855429,3,5,0.1,20.50969928059457,0.5322706373788718,1,9.414335238219929,1.47,0.3,1,10,1,11.103764205573931,0.8,0.5322706373788718,0.5322706373788718,1,4.9,-1.8885996052397689
0.6623154686814126,0.0495644170918102,925.5115220969744,2.912954019139729,-0.1065942978589625,3,5,0.1,4.491400398238486,0.672031276607458,1,12.094820394223056,1.47,0.3,1,10,1,17.503504023735637,0.8,0.672031276607458,0.672031276607458,1,4.9,-3.441696293593594
0.6735593493833834,0.0345192692858712,1408.8838856708471,3.583938900323598,-0.0836458982552866,3,5,0.1,3.4258012414822807,0.5265600071386899,1,15.139131504736373,1.47,0.3,1,10,1,18.77322157074005,0.8,0.5265600071386899,0.5265600071386899,1,4.9,-2.7366978593238223
0.650963140450368,0.0529702170595409,267.3893797199578,2.5480060267907643,-0.1024612902629001,3,5,0.1,4.828489084340883,0.7830917624722971,1,11.6553354469888,1.47,0.3,1,10,1,9.309565755335782,0.8,0.7830917624722971,0.7830917624722971,1,4.9,-4.199493062703372
0.6032803214602259,0.0488197091318338,103.36136190617256,2.5350726226201417,-0.0886559633863477,3,5,0.1,4.557287247122921,0.8034275667804774,1,14.540054721197642,1.47,0.3,1,10,1,4.200733952358021,0.8,0.8034275667804774,0.8034275667804774,1,4.9,-4.549589844143126
0.6561934849048785,0.0626770983558696,403.7637652810424,2.626618748173372,-0.1247988295241444,3,5,0.1,5.866029880038617,0.7560509375868559,1,10.159742548641324,1.47,0.3,1,10,1,12.733365534463974,0.8,0.7560509375868559,0.7560509375868559,1,4.9,-3.604025345716408
0.5674870851986712,0.0456681640522541,91.64863439126287,2.2009144116970667,-0.0715330527330002,3,5,0.1,4.401975656990722,0.944044045942453,1,14.252149083306314,1.47,0.3,1,10,1,3.2884692046307773,0.8,0.944044045942453,0.944044045942453,1,4.9,-6.298725540554521
0.6528352944594449,0.0639861474697349,739.0875433781556,2.1738683493001782,-0.1101431838538226,3,5,0.1,6.09658518755006,0.9310864414786746,1,16.050853202059976,1.47,0.3,1,10,1,17.028230311384103,0.8,0.9310864414786746,0.9310864414786746,1,4.9,-4.821929366944969
0.6699786746463172,0.0318366445317451,482.01340694447566,3.6937561750176098,-0.0773429291955921,3,5,0.1,3.2825576635743707,0.5092494781517718,1,8.13870751331789,1.47,0.3,1,10,1,10.519887635564938,0.8,0.5092494781517718,0.5092494781517718,1,4.9,-2.660608458424363
0.6539696198665245,0.0327378657771975,371.3808610841333,2.934122398990716,-0.0698637344881348,3,5,0.1,3.3058203898320304,0.6689820877812421,1,7.791862841757712,1.47,0.3,1,10,1,8.874334663205476,0.8,0.6689820877812421,0.6689820877812421,1,4.9,-4.224850621861688
0.9445424754058308,1.6826418768176913e-11,122881608439.6419,4.568585992693468,5.5020789015474164e-09,3,5,0.1,0.3018399678093342,0.0695617101573599,1,1.073119027124232,1.47,0.3,1,10,1,13.36920293127725,0.8,0.0695617101573599,0.0695617101573599,1,4.9,-0.5016031933353311
0.509740644766822,0.0539805445361259,276.03349383717705,2.543311150532318,-0.0963693600909556,3,5,0.1,45.38225613563966,0.8782839121117744,1,0.7348678521431325,1.47,0.3,1,10,1,9.573812463592152,0.8,0.8782839121117744,0.8782839121117744,1,4.9,-3.0660676312404007
0.6664820666408572,0.0203236815705365,1226.8046310080592,3.4086508221361544,-0.0478570644029919,3,5,0.1,2.5693161357251384,0.5606610565918851,1,15.192176386538389,1.47,0.3,1,10,1,13.168507676764944,0.8,0.5606610565918851,0.5606610565918851,1,4.9,-3.8075423554429335
0.6774886471831505,0.0506408888752039,69.4696446226527,4.792618007180915,-0.1133465307148207,3,5,0.1,5.203729161767979,0.370704259322732,1,6.762553201704081,1.47,0.3,1,10,1,5.053869214173826,0.8,0.370704259322732,0.370704259322732,1,4.9,-1.4820270261464934
0.2158327254341135,0.0207002531552544,29.01400086011669,2.894717933109627,0.0326818546693477,3,5,0.1,3.848916214534776,0.7826861368449305,1,5.252481378697689,1.47,0.3,1,10,1,0.740677912855006,0.8,0.7826861368449305,0.7826861368449305,1,4.9,-4.964601726904833
0.6542829550556584,0.0466591797509985,390.4150499783519,2.9560838179436866,-0.1004739687584076,3,5,0.1,4.343204508407583,0.664298915797809,1,4.746783130397808,1.47,0.3,1,10,1,11.009556253577731,0.8,0.664298915797809,0.664298915797809,1,4.9,-3.443139538109424
0.6851616379153644,0.0120349712375412,1098.5099567979053,4.468746747739339,-0.0297265286471941,3,5,0.1,2.1360669533828016,0.4002324727913432,1,10.479739356203725,1.47,0.3,1,10,1,10.234760526697798,0.8,0.4002324727913432,0.4002324727913432,1,4.9,-2.3704586827458662
0.5778755305765282,0.0572150905626525,704.6481822622292,2.2420110810152365,-0.0963294655736725,3,5,0.1,8.423141039448426,0.9579491795433952,1,1.27903133581632,1.47,0.3,1,10,1,15.716263825655494,0.8,0.9579491795433952,0.9579491795433952,1,4.9,-4.346604809344237
0.6484249729154505,0.0496333613674624,466.4000566716677,2.0667289049629622,-0.0816207550228246,3,5,0.1,4.577223108111788,0.9838580102659444,1,18.87096307107369,1.47,0.3,1,10,1,11.600825965939688,0.8,0.9838580102659444,0.9838580102659444,1,4.9,-6.579341384052167
0.7541568941736845,0.0008187988630653,26755.45531380016,6.375867962157991,0.0004599779201928,3,5,0.1,1.1617175554524397,0.2270810119202803,1,14.348260986274909,1.47,0.3,1,10,1,16.125776634160207,0.8,0.2270810119202803,0.2270810119202803,1,4.9,-1.391675482422542
0.5397345584053358,0.0301570400780778,384.618140882024,2.737068510590872,-0.0578356137876769,3,5,0.1,4.623513869387233,0.7904389005652588,1,0.915002670045462,1.47,0.3,1,10,1,8.522856007342096,0.8,0.7904389005652588,0.7904389005652588,1,4.9,-4.383350734285187
0.6572564231096605,0.0588586464664472,1024.9899558312106,2.4686757429631028,-0.112280484905719,3,5,0.1,5.393936224728702,0.8093895695912228,1,18.980420724677003,1.47,0.3,1,10,1,19.564504014980017,0.8,0.8093895695912228,0.8093895695912228,1,4.9,-4.1515422276654
0.634665587934244,0.0868858079638826,77.09233058336588,2.896507354764233,-0.1788581776119865,3,5,0.1,11.701650196514764,0.684365989621946,1,17.695575912219578,1.47,0.3,1,10,1,5.490776335360476,0.8,0.684365989621946,0.684365989621946,1,4.9,-2.64171958279859
0.6165880625613859,0.0265969161572732,227.7962844923414,3.017872424061516,-0.0552517289551676,3,5,0.1,2.9463182876739054,0.6614673367182438,1,17.231840719659743,1.47,0.3,1,10,1,4.876635551496678,0.8,0.6614673367182438,0.6614673367182438,1,4.9,-4.630648296780455
0.39304612843354,0.0055210245708591,190.43921072178748,5.855073094454528,0.0080502528087538,3,5,0.1,1.8460654694284984,0.350775920815304,1,14.786976905903042,1.47,0.3,1,10,1,1.2450517276326445,0.8,0.350775920815304,0.350775920815304,1,4.9,-2.1005666107691674
0.6510380203526953,0.0879375169356989,338.2850690128941,2.214757729209888,-0.1533033031343666,3,5,0.1,12.0930126366726,0.9132474896423182,1,11.088056130030708,1.47,0.3,1,10,1,13.512963973253816,0.8,0.9132474896423182,0.9132474896423182,1,4.9,-3.695309023429779
0.6603895446788949,0.0266066650200819,1422.595134986571,3.012387667278936,-0.0583839186824441,3,5,0.1,2.9288805289571687,0.6482352233713135,1,7.510229451541241,1.47,0.3,1,10,1,15.986788507627034,0.8,0.6482352233713135,0.6482352233713135,1,4.9,-4.468359020233107
0.6516322923460915,0.0481639200542841,1341.6504454635945,2.06073831297902,-0.079366981245141,3,5,0.1,4.456832112839901,0.9867806968487408,1,10.122061064686685,1.47,0.3,1,10,1,19.85582230500152,0.8,0.9867806968487408,0.9867806968487408,1,4.9,-6.804726117877102
0.6377653808090633,0.0771588610386869,129.72183301811435,2.304700378979503,-0.1368105146040274,3,5,0.1,9.118051284144745,0.8803002724422819,1,4.0739313893806735,1.47,0.3,1,10,1,7.813188683668192,0.8,0.8803002724422819,0.8803002724422819,1,4.9,-3.787562927025093
0.627386621169415,0.1066200787145203,48.95833868175058,2.215253312852284,-0.1797977537538705,3,5,0.1,62.36097617947201,0.918091426205097,1,8.407282556959098,1.47,0.3,1,10,1,5.203738442745706,0.8,0.918091426205097,0.918091426205097,1,4.9,-3.1691715809122982
0.6521685461713509,0.0380761688051586,493.8733773581733,2.4824428727571,-0.0724375292277822,3,5,0.1,3.6436121212354298,0.8057034456342789,1,13.029240890555418,1.47,0.3,1,10,1,10.759862405189628,0.8,0.8057034456342789,0.8057034456342789,1,4.9,-5.548515464068682
0.5039588536091832,0.0168550671467271,113.3744875190993,4.612524827885348,-0.0239518111296476,3,5,0.1,2.547702543997174,0.4267101605025867,1,18.313862016664736,1.47,0.3,1,10,1,1.9896583939665733,0.8,0.4267101605025867,0.4267101605025867,1,4.9,-2.334833954037819
0.6628198345345794,0.0445403475402419,322.3206350912939,3.295222696089422,-0.1024274754562602,3,5,0.1,4.134057358027471,0.5837476603297846,1,8.511385694209233,1.47,0.3,1,10,1,9.899639549151496,0.8,0.5837476603297846,0.5837476603297846,1,4.9,-2.901953068090449
0.6573126477123472,0.0427968049098235,795.8152915673778,2.629777489079959,-0.0854411856546173,3,5,0.1,3.9596307685817473,0.7548569072155796,1,14.986077925024286,1.47,0.3,1,10,1,14.770870006121129,0.8,0.7548569072155796,0.7548569072155796,1,4.9,-4.532225470151966
0.6389092396337976,0.10857997444976,103.42745989849234,2.148175842747584,-0.1821314749428722,3,5,0.1,68.37694467979081,0.9475435792903852,1,18.55000157731961,1.47,0.3,1,10,1,7.600208579501089,0.8,0.9475435792903852,0.9475435792903852,1,4.9,-3.2640190552189914
0.398362122529652,0.048491667662122,36.515688830179805,2.4664891137030702,-0.0525969490415482,3,5,0.1,5.5253495333979386,0.8357312982483758,1,17.628796300513606,1.47,0.3,1,10,1,1.5090221327899132,0.8,0.8357312982483758,0.8357312982483758,1,4.9,-4.305181694006597
0.6763187215338808,0.0154770661367935,1837.9951316410943,3.916745891105764,-0.0385418962618942,3,5,0.1,2.3137734829506225,0.4731918475135426,1,10.572294816793931,1.47,0.3,1,10,1,14.630545973646134,0.8,0.4731918475135426,0.4731918475135426,1,4.9,-3.01698961820653
0.6200202274981708,0.0472632852298765,116.97586446008674,2.6083170913613247,-0.0892851103948399,3,5,0.1,4.387235243526416,0.7734404982977187,1,13.371008585545225,1.47,0.3,1,10,1,4.836802215448903,0.8,0.7734404982977187,0.7734404982977187,1,4.9,-4.379750724410052
0.6489870985460945,0.0376465702387482,75.4048061423752,4.566160357319022,-0.0835867473940201,3,5,0.1,3.884303254551548,0.4021938110505078,1,8.18804572061486,1.47,0.3,1,10,1,4.014341028230207,0.8,0.4021938110505078,0.4021938110505078,1,4.9,-1.7677322149788033
0.6319488609154311,0.0775120410159129,60.996057063446685,2.5396229335622453,-0.1451563728715846,3,5,0.1,8.966191791693612,0.7906120217894492,1,5.853578211904279,1.47,0.3,1,10,1,5.186748985674579,0.8,0.7906120217894492,0.7906120217894492,1,4.9,-3.3180501736931447
0.7766829724287951,0.000183319811356,92375.45015878529,6.837982989039893,0.0006787374648726,3,5,0.1,0.9299773675810072,0.1935008298651795,1,5.049169791103117,1.47,0.3,1,10,1,15.329388568848415,0.8,0.1935008298651795,0.1935008298651795,1,4.9,-1.2536442530989935
0.6817220494351113,0.0423364960362009,542.5687855211133,4.012843844891153,-0.1058131397413032,3,5,0.1,4.046334211502218,0.4577608920257297,1,13.375097858389957,1.47,0.3,1,10,1,13.188548062785529,0.8,0.4577608920257297,0.4577608920257297,1,4.9,-2.073106486651149
0.6757405659271809,0.0186474831369189,262.7758689256596,5.149780532787084,-0.0386576242618924,3,5,0.1,2.619488386040859,0.3371409777116159,1,16.51029353504062,1.47,0.3,1,10,1,5.488397080980106,0.8,0.3371409777116159,0.3371409777116159,1,4.9,-1.6061477832925917
0.622648888208132,0.081746147749212,50.17953578821307,2.5775833968721864,-0.1523461443435527,3,5,0.1,10.224696813073674,0.7803080194107013,1,8.458971118037667,1.47,0.3,1,10,1,4.462233250039002,0.8,0.7803080194107013,0.7803080194107013,1,4.9,-3.1645381997626174
0.7483077322157194,0.0014614656193305,11506.65077823726,6.278008493718329,0.0001805620901742,3,5,0.1,1.2950369680164406,0.234855466912388,1,11.3345244732979,1.47,0.3,1,10,1,13.896349482970887,0.8,0.234855466912388,0.234855466912388,1,4.9,-1.3571167724267852
0.6500364647627856,0.0766007460006492,392.1691625722767,2.1149930055298625,-0.1285890314701818,3,5,0.1,8.407006301730453,0.9600087532087844,1,12.4580387837522,1.47,0.3,1,10,1,13.49086143981154,0.8,0.9600087532087844,0.9600087532087844,1,4.9,-4.362368585539956
0.6252025793495067,0.0746490725478464,77.97916944409396,2.200785433255948,-0.1256803988310441,3,5,0.1,8.902106632817727,0.929099740215804,1,3.490133285620102,1.47,0.3,1,10,1,5.845840268495627,0.8,0.929099740215804,0.929099740215804,1,4.9,-4.09399585648236
0.6444802078488294,0.0793676506936226,140.61831871711635,2.5224367407545096,-0.1512653863843137,3,5,0.1,8.93381612246742,0.7941795241379787,1,18.89534385251716,1.47,0.3,1,10,1,7.716110103212178,0.8,0.7941795241379787,0.7941795241379787,1,4.9,-3.340076173683918
0.6684595591098335,0.0299058930042746,704.1804397139448,3.5273593738176854,-0.0715054662474987,3,5,0.1,3.134098998912037,0.538061986920388,1,18.48519940584338,1.47,0.3,1,10,1,12.08101418926091,0.8,0.538061986920388,0.538061986920388,1,4.9,-2.9921584469690394
0.5837851100965279,0.0309965652247416,134.19677181803007,2.8481814547215225,-0.0591304240559315,3,5,0.1,3.2521689809784524,0.7133417604199205,1,14.282102135297976,1.47,0.3,1,10,1,3.550537690206511,0.8,0.7133417604199205,0.7133417604199205,1,4.9,-4.870569220264153
0.6809586172399971,0.0221173884874684,774.2305609596821,4.192958411741823,-0.0552934157239978,3,5,0.1,2.7221096452457267,0.4342965960709172,1,17.59723866409565,1.47,0.3,1,10,1,11.34857820304082,0.8,0.4342965960709172,0.4342965960709172,1,4.9,-2.306173744570988
0.6675572643404122,0.0971676138846619,262.38209330087307,3.109758764061888,-0.2176968333074604,3,5,0.1,17.830091540086677,0.6215356880945337,1,18.21409312586593,1.47,0.3,1,10,1,13.065714289193174,0.8,0.6215356880945337,0.6215356880945337,1,4.9,-2.255218840322364
0.639950777710014,0.042546500540217,224.74920172631784,2.7114797515932145,-0.0849428325093105,3,5,0.1,3.963358906677967,0.7357662024595414,1,18.59292485622192,1.47,0.3,1,10,1,6.955781949976933,0.8,0.7357662024595414,0.7357662024595414,1,4.9,-4.326750116405924
0.3256258607590509,0.0447254939725746,19.793336289175866,2.609563229463698,-0.0145744653492176,3,5,0.1,6.391128076715827,0.8328351567637128,1,5.426442838178739,1.47,0.3,1,10,1,1.0767677154804527,0.8,0.8328351567637128,0.8328351567637128,1,4.9,-3.9890140835915417
0.6223885845608882,0.042428284656776,390.6677669176419,2.1610004601464023,-0.0710715193145263,3,5,0.1,4.326602918633544,0.9576784112320652,1,2.3838166839700143,1.47,0.3,1,10,1,10.033778207651826,0.8,0.9576784112320652,0.9576784112320652,1,4.9,-6.602062902795751
0.6676762364201871,0.0201579727496471,1116.513328197769,3.50997209299941,-0.0481101485638784,3,5,0.1,2.563542957699705,0.5415243163559151,1,16.724232594220656,1.47,0.3,1,10,1,12.53521205186955,0.8,0.5415243163559151,0.5415243163559151,1,4.9,-3.5595783677177515
0.2641386970086692,0.0407216512554089,18.841897154075607,4.153827793424016,0.0699568614405427,3,5,0.1,6.963311968112321,0.5136695578753746,1,16.346202586939377,1.47,0.3,1,10,1,0.9000610649915746,0.8,0.5136695578753746,0.5136695578753746,1,4.9,-2.068225905717032
0.6232250735384383,0.0363043726205933,221.4514274196125,2.5508894677067384,-0.0682838614993094,3,5,0.1,3.54664436167157,0.7936818215451075,1,19.55405378163414,1.47,0.3,1,10,1,5.740823233101251,0.8,0.7936818215451075,0.7936818215451075,1,4.9,-5.536621531011736
0.6524388252796149,0.0905408766230403,398.9431958911183,2.229686171620453,-0.1589118208217479,3,5,0.1,13.258993967682944,0.9060815135189,1,17.160344801633055,1.47,0.3,1,10,1,14.87306758706898,0.8,0.9060815135189,0.9060815135189,1,4.9,-3.593222925672354
0.7000431747676107,0.0377900313998389,518.9407806406507,4.796447276169494,-0.0900924993708526,3,5,0.1,3.9151573063038816,0.3616060144444974,1,6.238432830772752,1.47,0.3,1,10,1,12.967636155229574,0.8,0.3616060144444974,0.3616060144444974,1,4.9,-1.536476143367782
0.6476992129463205,0.0634319028127032,264.65559709427976,3.030265293530125,-0.1382608727047352,3,5,0.1,6.448160970269892,0.6495045287261807,1,3.034597552485064,1.47,0.3,1,10,1,10.612383171697235,0.8,0.6495045287261807,0.6495045287261807,1,4.9,-2.830195675596588
0.692042304842359,0.0368155641418523,43.24170148424539,6.878703865008997,0.0490859477657571,3,5,0.1,4.832816775596355,0.2325636109758514,1,8.82781566589749,1.47,0.3,1,10,1,3.230432328682968,0.8,0.2325636109758514,0.2325636109758514,1,4.9,-0.8732659022739888
0.6469067327393911,0.0662213305564924,426.53761697932265,2.2678415848140685,-0.1173280937136216,3,5,0.1,6.59340261107744,0.8933163085997851,1,4.995452335190136,1.47,0.3,1,10,1,13.235176836663593,0.8,0.8933163085997851,0.8933163085997851,1,4.9,-4.354252115443535
0.7098347163481118,0.0042829527001549,3301.549165673357,5.335894126702648,-0.0084883614788852,3,5,0.1,1.6057945818532218,0.3109587631632124,1,7.317756880767375,1.47,0.3,1,10,1,11.46255639158488,0.8,0.3109587631632124,0.3109587631632124,1,4.9,-1.8909422328233416
0.6376461288315616,0.0566175973980049,812.0108848047563,2.1253472207018187,-0.0947643862272538,3,5,0.1,5.573945092953615,0.9658939635509444,1,3.240619087305199,1.47,0.3,1,10,1,16.78121063486932,0.8,0.9658939635509444,0.9658939635509444,1,4.9,-5.405148346136068
0.6513119896459394,0.0469057344032692,799.1159841258963,2.076455522480724,-0.0776917671755943,3,5,0.1,4.339241594633423,0.9781375948143222,1,14.740414404655436,1.47,0.3,1,10,1,15.053382517893166,0.8,0.9781375948143222,0.9781375948143222,1,4.9,-6.878203369255136
0.6536825203862974,0.022473108321432,247.5126103550065,4.269625573413922,-0.0537524214834944,3,5,0.1,2.763199739401593,0.4333412924052748,1,15.862069768834818,1.47,0.3,1,10,1,5.514351889701007,0.8,0.4333412924052748,0.4333412924052748,1,4.9,-2.2780834616713896
0.647162812860299,0.0757218501097556,245.8930724609313,2.102154661575998,-0.1260282664249398,3,5,0.1,8.257812262841108,0.9668016298038532,1,11.53741136497441,1.47,0.3,1,10,1,10.522979515047323,0.8,0.9668016298038532,0.9668016298038532,1,4.9,-4.433935232562488
0.6408655430035864,0.0218050983783212,166.3521954761587,3.660376015792003,-0.0498461044391211,3,5,0.1,2.705516970286741,0.5237100181201001,1,6.2113462749825405,1.47,0.3,1,10,1,4.664659805965703,0.8,0.5237100181201001,0.5237100181201001,1,4.9,-3.18364368673123
0.6645690104399691,0.0497754019299715,1140.0409986463392,2.999638201801967,-0.1092731030165626,3,5,0.1,4.503019352650402,0.6493963245873814,1,16.633431580552486,1.47,0.3,1,10,1,19.57035303167855,0.8,0.6493963245873814,0.6493963245873814,1,4.9,-3.2624697454930853
0.6606929547142304,0.0397612052691475,1207.648565757372,2.8043286459585035,-0.0832974679554797,3,5,0.1,3.735035315828629,0.7018682191098741,1,19.901572089256387,1.47,0.3,1,10,1,17.744881875758715,0.8,0.7018682191098741,0.7018682191098741,1,4.9,-4.166387074346629
0.63577923934139,0.0629715381917443,93.26439029552712,2.454262288583569,-0.1159702167601301,3,5,0.1,6.122823144407492,0.8199347360978195,1,5.901844701409093,1.47,0.3,1,10,1,5.846752175972579,0.8,0.8199347360978195,0.8199347360978195,1,4.9,-3.9752511556110015
0.7140140407106186,1.0693358267298648e-05,115637.65747062716,8.52210013854824,0.0001677641381895,3,5,0.1,0.6753851898217335,0.15532542040302,1,19.021930774451064,1.47,0.3,1,10,1,2.8110796532091946,0.8,0.15532542040302,0.15532542040302,1,4.9,-1.1173393162856229
0.682988249794284,0.0324222935761029,318.42597994929685,4.485543606710169,-0.0794033009452274,3,5,0.1,3.416595138093833,0.3991533834971088,1,19.435587622096488,1.47,0.3,1,10,1,8.595977370401227,0.8,0.3991533834971088,0.3991533834971088,1,4.9,-1.829128537734104
0.6575459352792836,0.0575971903282609,316.30155195905945,2.8261865617901045,-0.1205671619779976,3,5,0.1,5.266387136816375,0.6962565792077171,1,12.5730224077785,1.47,0.3,1,10,1,10.821280084847883,0.8,0.6962565792077171,0.6962565792077171,1,4.9,-3.3561867939283374
0.6493508715004087,0.0673371886786979,382.2490124601368,2.110751225624575,-0.1127562657168765,3,5,0.1,6.648148636133188,0.9620902543730732,1,11.192629946908465,1.47,0.3,1,10,1,12.469847198121233,0.8,0.9620902543730732,0.9620902543730732,1,4.9,-4.841944746968512
0.6769493861008503,0.0134002669287113,2368.084674103391,3.964371184491704,-0.0334862149990547,3,5,0.1,2.1935202762496457,0.4662018592526529,1,8.796958698442019,1.47,0.3,1,10,1,15.52694171912064,0.8,0.4662018592526529,0.4662018592526529,1,4.9,-3.0828388978810537
0.604955551620741,0.0601771560290989,603.1565199690085,2.538781527289807,-0.1136560285648207,3,5,0.1,7.558345692688734,0.819029213756937,1,1.571839225604134,1.47,0.3,1,10,1,15.172246151497584,0.8,0.819029213756937,0.819029213756937,1,4.9,-3.653976569599706
0.6131639318428267,0.0548597272036905,62.41881831150338,2.336381834897894,-0.0945088883465284,3,5,0.1,5.434706822281107,0.8729418482978395,1,3.4437272856895387,1.47,0.3,1,10,1,4.363878051379547,0.8,0.8729418482978395,0.8729418482978395,1,4.9,-4.654113117382028
0.6498380282779079,0.0834853935053957,353.3426966388249,2.106064686442759,-0.1396322758681748,3,5,0.1,10.36000326699233,0.9644453769503396,1,16.861550591623615,1.47,0.3,1,10,1,13.298618560047531,0.8,0.9644453769503396,0.9644453769503396,1,4.9,-4.106910084263562
0.6387636860137385,0.1035271884627525,49.983451148751385,2.7694412909412294,-0.206968138291831,3,5,0.1,33.18380730607107,0.7164111576172513,1,8.91149564619391,1.47,0.3,1,10,1,5.346508310812199,0.8,0.7164111576172513,0.7164111576172513,1,4.9,-2.5147153520695085
0.6490394860913709,0.1030846924027108,188.53358674362988,2.238916094839305,-0.1807183479160648,3,5,0.1,28.60927907998809,0.9028066541123344,1,16.796384302827818,1.47,0.3,1,10,1,10.731123611856829,0.8,0.9028066541123344,0.9028066541123344,1,4.9,-3.2485517917063618
0.6776687550545879,0.0127542597903946,2546.8503657252904,4.584631590058842,-0.0316291509884371,3,5,0.1,2.243150642686846,0.3891384488427161,1,2.6806131442093992,1.47,0.3,1,10,1,16.413017262335707,0.8,0.3891384488427161,0.3891384488427161,1,4.9,-2.1792533090678994
0.6375651391250816,0.0778233188760199,99.08492292420668,2.821333418416879,-0.1585131794643614,3,5,0.1,8.609666846142941,0.7041135213742372,1,18.3313463460331,1.47,0.3,1,10,1,6.0309492107878135,0.8,0.7041135213742372,0.7041135213742372,1,4.9,-2.9005373789847084
0.6422855050607069,0.0402888446842218,403.5285492617134,2.3862998803575577,-0.0738920144589908,3,5,0.1,3.901876103401484,0.8472477357577494,1,4.0086499014791945,1.47,0.3,1,10,1,10.05972489082728,0.8,0.8472477357577494,0.8472477357577494,1,4.9,-5.72453035896212
0.5175319643649589,0.0682439015204408,27.549748226660096,4.111090268405028,-0.109987241713679,3,5,0.1,8.861568097802136,0.4816953210482648,1,18.92721105254775,1.47,0.3,1,10,1,2.042221943874704,0.8,0.4816953210482648,0.4816953210482648,1,4.9,-1.8388859067034249
0.5784438432043231,0.0494026918516703,53.51399696868965,2.404374776098734,-0.0816613011963602,3,5,0.1,4.78722966248324,0.8536095853436784,1,7.260142711697314,1.47,0.3,1,10,1,3.0395679180829,0.8,0.8536095853436784,0.8536095853436784,1,4.9,-4.87266820190446
0.5118122320383127,0.0827564300202563,13.50701684234748,2.282488369390716,-0.1111088336322548,3,5,0.1,21.6691016794682,0.9272732081625544,1,2.9081601088318334,1.47,0.3,1,10,1,2.009873886274137,0.8,0.9272732081625544,0.9272732081625544,1,4.9,-3.433768991213181
0.6599375676956099,0.0892240151601082,366.08809111759,2.7089909560609384,-0.1821835715340402,3,5,0.1,12.203930597347805,0.7291081479652712,1,12.845185760923036,1.47,0.3,1,10,1,14.56084804727677,0.8,0.7291081479652712,0.7291081479652712,1,4.9,-2.8240368860052847
0.6293177580425379,0.0467400241871747,85.37739551337194,2.7736673415019704,-0.0923734480583277,3,5,0.1,4.416879189799251,0.7189395762549432,1,4.947864489753891,1.47,0.3,1,10,1,4.791086768937542,0.8,0.7189395762549432,0.7189395762549432,1,4.9,-3.864012974013253
0.6426527356019895,0.0668764860918081,203.8429249661434,2.1639546592939336,-0.113432199896089,3,5,0.1,6.733132639611154,0.939550270212444,1,5.547349133251347,1.47,0.3,1,10,1,9.073761339574448,0.8,0.939550270212444,0.939550270212444,1,4.9,-4.643857747460444
0.6933882490131049,0.0114481592565705,2403.6453913770933,4.632116695082535,-0.0281080762220333,3,5,0.1,2.1071139918405217,0.3799022104428296,1,10.603152680179372,1.47,0.3,1,10,1,15.160299774713236,0.8,0.3799022104428296,0.3799022104428296,1,4.9,-2.1859406605218368
0.7309006789037007,0.0009076992935893,14875.64601800137,5.9313479705711725,-0.0008855105082758,3,5,0.1,1.1657396722271525,0.2617362565080602,1,18.8164885814141,1.47,0.3,1,10,1,11.716495920420131,0.8,0.2617362565080602,0.2617362565080602,1,4.9,-1.8324587769931924
0.6002176032974935,0.0561428406013342,431.0762815137068,2.336049432761281,-0.0989319148042556,3,5,0.1,6.763448315066634,0.898813078565526,1,1.5910623780778297,1.47,0.3,1,10,1,12.235515449502966,0.8,0.898813078565526,0.898813078565526,1,4.9,-4.342614700247108
0.6543763333589392,0.083345661450107,304.5806737979474,2.576679892690997,-0.1634856295015511,3,5,0.1,10.20459577143023,0.7732203700441607,1,6.833910581358947,1.47,0.3,1,10,1,12.751078452282831,0.8,0.7732203700441607,0.7732203700441607,1,4.9,-3.130956984449199
0.6525453948700928,0.1143925934726423,171.66049259015844,2.41301210821132,-0.2130825375020524,3,5,0.1,2554.7379323447017,0.8307139331040627,1,14.906218926818877,1.47,0.3,1,10,1,10.960861469224604,0.8,0.8307139331040627,0.8307139331040627,1,4.9,-2.771148971722532
0.3677099072930986,0.0434308531764251,19.68854927046106,2.844857221245613,-0.0245566593976622,3,5,0.1,5.713605514741106,0.768853836288846,1,4.31655582212287,1.47,0.3,1,10,1,1.1837677348872828,0.8,0.768853836288846,0.768853836288846,1,4.9,-3.735851184968887
0.5479177394356342,0.0712370617043186,29.67802843080626,4.0852074244081065,-0.1287745325906206,3,5,0.1,9.220596088879132,0.4807085170856818,1,16.397384071258433,1.47,0.3,1,10,1,2.3153369141106466,0.8,0.4807085170856818,0.4807085170856818,1,4.9,-1.824278854216452
0.6748957247297795,0.0145106905250967,1111.6995285295834,4.012457072470844,-0.0361013014665835,3,5,0.1,2.266663352747844,0.460093189492209,1,7.568958998032301,1.47,0.3,1,10,1,11.030816764107064,0.8,0.460093189492209,0.460093189492209,1,4.9,-2.9136014805369435
0.6946609590754,0.0967984430113281,120.14256124704474,4.372393187114888,-0.2391754050131342,3,5,0.1,28.16610970468785,0.4086214535584982,1,18.68016429552112,1.47,0.3,1,10,1,9.303266624022193,0.8,0.4086214535584982,0.4086214535584982,1,4.9,-1.4097944165418037
0.6663568250233163,0.0904360002756829,409.1599308836046,3.030720536618927,-0.1997293179367389,3,5,0.1,12.929822168431604,0.640721015250531,1,10.861102420737588,1.47,0.3,1,10,1,15.829903302273024,0.8,0.640721015250531,0.640721015250531,1,4.9,-2.414968372010588
-367.3981411940756,1.0188863826342388e-14,8698392352806.459,-624.5067128067165,8.691234734703727e-11,3,5,0.1,0.2414492151978544,0.037199017006587,1,10.519910683016477,1.47,0.3,1,10,1,9.46512577935406,0.8,0.037199017006587,0.037199017006587,1,4.9,-0.1935895211371203
0.5043095178245786,0.0331317554323663,79.32289837097836,2.926405896904627,-0.0549635102439633,3,5,0.1,3.5248897439031066,0.7021069148528872,1,15.48398095721786,1.47,0.3,1,10,1,2.243026354971869,0.8,0.7021069148528872,0.7021069148528872,1,4.9,-4.372586717395814
0.6637023044853432,0.0359255367392991,513.1131466058936,3.3087974297035374,-0.0830113129184344,3,5,0.1,3.5006298121263995,0.5809224780158612,1,18.64729452387698,1.47,0.3,1,10,1,11.061731234543975,0.8,0.5809224780158612,0.5809224780158612,1,4.9,-3.159996899278795
0.6568494575157431,0.1057985933114365,227.8137046534612,2.608638706571361,-0.2096406078998311,3,5,0.1,35.47500828617529,0.7612358041215923,1,9.62121594143558,1.47,0.3,1,10,1,12.425327248766449,0.8,0.7612358041215923,0.7612358041215923,1,4.9,-2.6711983159352606
0.0610348822966587,0.0103874448127035,23.71337148696508,2.287337733262212,0.103312353505571,3,5,0.1,4.940234229302165,0.96422142925823,1,16.691785028785233,1.47,0.3,1,10,1,0.3592679982118106,0.8,0.96422142925823,0.96422142925823,1,4.9,-5.901858007745243
0.6682016816681584,0.0327857210530989,1086.2332648911083,3.910384393940163,-0.081628402755736,3,5,0.1,3.4536967358779886,0.4770915045914484,1,3.240274822130141,1.47,0.3,1,10,1,16.399653164573877,0.8,0.4770915045914484,0.4770915045914484,1,4.9,-2.346708227324463
0.625202746084011,0.0667985725414423,375.0782675941903,2.580616172039644,-0.1290445926770812,3,5,0.1,7.859537127513126,0.7906565864570753,1,2.0839254458850305,1.47,0.3,1,10,1,12.645542534400017,0.8,0.7906565864570753,0.7906565864570753,1,4.9,-3.4439090750361565
0.6497414156537548,0.1067753337228885,95.71693481484112,2.786346985446488,-0.218750941895899,3,5,0.1,40.64572286632147,0.7092571849713002,1,19.30808016839513,1.47,0.3,1,10,1,7.451801535951805,0.8,0.7092571849713002,0.7092571849713002,1,4.9,-2.46453683029894
0.6495147082786302,0.0577595697352397,258.4363410275827,2.443210593525278,-0.1082101071822857,3,5,0.1,5.314111595843472,0.8205646939760212,1,15.102576525169043,1.47,0.3,1,10,1,9.401123824470844,0.8,0.8205646939760212,0.8205646939760212,1,4.9,-4.275749217333674
0.6919986324249271,0.053276451345511,712.2423454502634,4.285266299486556,-0.1340855050715375,3,5,0.1,5.133766619133727,0.4194013693652076,1,11.49105064573203,1.47,0.3,1,10,1,17.410326274417166,0.8,0.4194013693652076,0.4194013693652076,1,4.9,-1.7272555696659708
0.6406486323421567,0.0409556936301958,201.43188341803568,2.6369938774924173,-0.0802812379529978,3,5,0.1,3.939355662757541,0.7584652343304438,1,4.222635966529754,1.47,0.3,1,10,1,7.1766178786244135,0.8,0.7584652343304438,0.7584652343304438,1,4.9,-4.590492203849575
0.6708209917254214,0.054622753611759,334.35282844221257,3.553396776288676,-0.1309299207335309,3,5,0.1,5.033198913527773,0.5324182520698357,1,18.14954282323153,1.47,0.3,1,10,1,11.226454525006211,0.8,0.5324182520698357,0.5324182520698357,1,4.9,-2.3563219623231504
0.5680299844388623,0.0561309583167212,36.29830518323506,3.19744911368786,-0.1047436808154818,3,5,0.1,5.636706252768724,0.6302095236156882,1,7.037670022771231,1.47,0.3,1,10,1,2.6219092975805105,0.8,0.6302095236156882,0.6302095236156882,1,4.9,-2.842151246300784
0.6305975623932717,0.0235521380795314,185.85598974835145,3.366675743075301,-0.0519377312656685,3,5,0.1,2.7832368845981086,0.5796283824623851,1,10.258489623680289,1.47,0.3,1,10,1,4.672416858866746,0.8,0.5796283824623851,0.5796283824623851,1,4.9,-3.758447899966132
0.6504491102779675,0.0920039490195178,109.6282165008012,2.689700618667452,-0.1842499224897974,3,5,0.1,14.08017831524194,0.7371841391339172,1,11.972555431063862,1.47,0.3,1,10,1,7.772324129044053,0.8,0.7371841391339172,0.7371841391339172,1,4.9,-2.799248995832123
0.7145073482235037,0.0275930377080756,986.133239043912,5.237421216301909,-0.0575680155590647,3,5,0.1,3.245023691107327,0.3177978896434116,1,7.801559978746293,1.47,0.3,1,10,1,15.89884660652134,0.8,0.3177978896434116,0.3177978896434116,1,4.9,-1.3730958316777837
0.6603797790671351,0.0421648582943858,714.405978507666,2.939153091877423,-0.0909894315246507,3,5,0.1,3.924993602655834,0.6660160621526718,1,8.98475501355973,1.47,0.3,1,10,1,14.177319186247855,0.8,0.6660160621526718,0.6660160621526718,1,4.9,-3.675182283950949
0.6709738814458356,0.0143639716182694,804.601894607011,3.933674890611305,-0.0353899552695302,3,5,0.1,2.253220768213041,0.4723898736572003,1,8.7991979169865,1.47,0.3,1,10,1,9.18884234883819,0.8,0.4723898736572003,0.4723898736572003,1,4.9,-3.0825927283993053
0.6565501108692643,0.0998060259791673,74.72557947100371,3.2697573673693348,-0.224803474877002,3,5,0.1,23.101588559892217,0.5899649991741311,1,14.324867834443603,1.47,0.3,1,10,1,6.595353119264968,0.8,0.5899649991741311,0.5899649991741311,1,4.9,-2.0911586407609057
0.4390359940394461,0.0476245341398618,20.54625873746069,2.4935001092648927,-0.0499350016264622,3,5,0.1,5.72370614342836,0.8644375311039575,1,3.6614816049348975,1.47,0.3,1,10,1,1.4862656148007551,0.8,0.8644375311039575,0.8644375311039575,1,4.9,-4.449425915917358
0.6843231189946204,0.1081861792677806,248.2447841236212,3.789248076960672,-0.2673243139165924,3,5,0.1,106.56075671965552,0.489096093486131,1,7.498084752746844,1.47,0.3,1,10,1,14.154906359128695,0.8,0.489096093486131,0.489096093486131,1,4.9,-1.6479694225469217
0.4552144976748906,0.0717657915435546,28.883608540540965,2.47595027798714,-0.0955355282451869,3,5,0.1,10.047209908759966,0.8326668816498056,1,17.766829942657964,1.47,0.3,1,10,1,1.8179265761430508,0.8,0.8326668816498056,0.8326668816498056,1,4.9,-3.440954293114565
0.5480010483534719,0.0506922353988604,417.0405962772384,2.545421084442182,-0.0927030569559167,3,5,0.1,9.305829682891508,0.8532908721580015,1,0.9641383556724944,1.47,0.3,1,10,1,11.482778915264584,0.8,0.8532908721580015,0.8532908721580015,1,4.9,-3.618490534572903
0.654007674527953,0.0484185512684113,1027.474560011819,2.247860845589487,-0.0856848051182076,3,5,0.1,4.431292196508675,0.8975015039964616,1,15.857791730929303,1.47,0.3,1,10,1,17.541972034007145,0.8,0.8975015039964616,0.8975015039964616,1,4.9,-5.672348834878344
0.6999861919924164,0.0019740088265735,2474.255436456902,5.488829858466717,-0.0034681543458181,3,5,0.1,1.3441029414213996,0.3034543911845559,1,9.224958555650042,1.47,0.3,1,10,1,6.409412823191717,0.8,0.3034543911845559,0.3034543911845559,1,4.9,-2.13756059028168
0.5845679331816707,0.0400835509039919,85.85032448002549,2.8440154213877253,-0.0755660823379439,3,5,0.1,3.898454821701723,0.7126190570478187,1,11.24812341015381,1.47,0.3,1,10,1,3.3315074385838,0.8,0.7126190570478187,0.7126190570478187,1,4.9,-4.142090847264448
0.2773876839169816,0.016343759760407,60.07492111251124,3.5620627944945187,0.0112551196465258,3,5,0.1,2.860849626578944,0.5879912410348063,1,16.29474739471513,1.47,0.3,1,10,1,0.9663998062055724,0.8,0.5879912410348063,0.5879912410348063,1,4.9,-3.766065203480775
0.640918854715396,0.0289819542528584,218.8005606597652,2.9269613608779737,-0.0605027276228856,3,5,0.1,3.0825829245452727,0.6745647461467427,1,10.14557718526947,1.47,0.3,1,10,1,5.965946181409988,0.8,0.6745647461467427,0.6745647461467427,1,4.9,-4.594555243867639
0.647604572360943,0.0961779130447088,137.49910414742578,2.4169294780295023,-0.178276521717842,3,5,0.1,17.328062191171846,0.8308017903647267,1,17.48034144318656,1.47,0.3,1,10,1,8.667905648088627,0.8,0.8308017903647267,0.8308017903647267,1,4.9,-3.118178412702129
0.6729194197433497,0.0871161657650928,430.986297910144,3.3730687729734883,-0.2049976283017563,3,5,0.1,11.768461854330171,0.564814903067026,1,8.645865747217456,1.47,0.3,1,10,1,16.298119956042857,0.8,0.564814903067026,0.564814903067026,1,4.9,-2.12014232675292
0.5227186344783042,0.0813496586855242,12.442833654071531,5.167144525788836,-0.0671879819193982,3,5,0.1,36.88799731602494,0.3857292873084826,1,6.278924635111646,1.47,0.3,1,10,1,1.7532378599297205,0.8,0.3857292873084826,0.3857292873084826,1,4.9,-1.31792040085233
0.5673345525569762,0.0862710236142109,35.090187367623045,2.3128721840878312,-0.1376429064118899,3,5,0.1,13.890010525962634,0.8906700150444155,1,10.744160865440046,1.47,0.3,1,10,1,2.9524364717412035,0.8,0.8906700150444155,0.8906700150444155,1,4.9,-3.4912647571635027
0.0024937998853242,0.0004617965436563,17.061672203069296,4.15165379735507,0.3007657753637053,3,5,0.1,5.696595421222916,0.5919132903828798,1,13.11371149913268,1.47,0.3,1,10,1,0.0652810671613616,0.8,0.5919132903828798,0.5919132903828798,1,4.9,-2.6045018713668604
0.6028529339396711,0.0505000386402933,76.04549449725006,2.3557520095470403,-0.0861971727089575,3,5,0.1,4.774371137092684,0.8669341111757863,1,9.460651988233163,1.47,0.3,1,10,1,3.871490923558154,0.8,0.8669341111757863,0.8669341111757863,1,4.9,-5.014268308372728
0.8722554417361857,2.742642221796146e-06,1609044.5769675798,7.5434062994047695,0.0001299001383952,3,5,0.1,0.6110382571957871,0.1124678633870538,1,4.354622858524017,1.47,0.3,1,10,1,11.26363517766984,0.8,0.1124678633870538,0.1124678633870538,1,4.9,-0.657100370187667
0.5805314594137092,0.0769838942935266,31.47948909319601,2.463297069419307,-0.1291345826601904,3,5,0.1,9.662485287448446,0.830619197933709,1,6.754465351302071,1.47,0.3,1,10,1,2.997680057334239,0.8,0.830619197933709,0.830619197933709,1,4.9,-3.46342886414271
0.6856789580619767,0.0007053834075077,3654.94391659501,6.664781640530233,0.0012533688834528,3,5,0.1,1.2530290046569657,0.2159251408415843,1,0.906559415479776,1.47,0.3,1,10,1,5.398264723873608,0.8,0.2159251408415843,0.2159251408415843,1,4.9,-1.2037690727131398
0.6526598183533681,0.0510747161629403,869.3853532613779,2.230288121173627,-0.089727125486003,3,5,0.1,4.682879853207833,0.9059327678362914,1,10.012397363792832,1.47,0.3,1,10,1,16.578467661714782,0.8,0.9059327678362914,0.9059327678362914,1,4.9,-5.504494168573094
0.5264143015832085,0.0387038244160091,38.58143966757671,2.577456151108881,-0.0582210541819696,3,5,0.1,4.074457665418396,0.8077001258305518,1,4.55122221808837,1.47,0.3,1,10,1,2.130196969089952,0.8,0.8077001258305518,0.8077001258305518,1,4.9,-5.009443546178469
0.6550488080532688,0.0419051293721235,559.0934251825587,2.6264961866820915,-0.0833532632539312,3,5,0.1,3.909711320261669,0.7566331161806215,1,9.60182026185846,1.47,0.3,1,10,1,12.238427912085823,0.8,0.7566331161806215,0.7566331161806215,1,4.9,-4.598716047744288
0.58780875486702,0.078659314469694,44.80897377035512,2.597217030794217,-0.1404575113835603,3,5,0.1,9.63418241333184,0.7835441337666821,1,11.932276206988869,1.47,0.3,1,10,1,3.373085324740083,0.8,0.7835441337666821,0.7835441337666821,1,4.9,-3.223542348850384
0.5287703135517636,0.0419872285473863,29.813797608590068,2.4141860445979706,-0.0632091167236977,3,5,0.1,4.858333258822325,0.8734516052512552,1,1.8836085574528303,1.47,0.3,1,10,1,2.354033517923551,0.8,0.8734516052512552,0.8734516052512552,1,4.9,-5.015482760778792
0.6510385046338736,0.053514545461513,912.0105268843656,2.1529015405121488,-0.0913057996929475,3,5,0.1,4.945611822819692,0.942169337002256,1,7.997746110748983,1.47,0.3,1,10,1,17.325571804280163,0.8,0.942169337002256,0.942169337002256,1,4.9,-5.653726802643046
0.6529595132867201,0.0862351612077642,73.47189627821287,3.59016429350267,-0.2006280065981533,3,5,0.1,12.017540298170644,0.5313276887787651,1,17.186394214495,1.47,0.3,1,10,1,5.74106919636666,0.8,0.5313276887787651,0.5313276887787651,1,4.9,-1.97482056115182
0.628078449071202,0.0515067485506215,38.39317965579986,4.465533339506314,-0.1081033904793295,3,5,0.1,5.300417368846156,0.4205271938405123,1,5.9633714535494216,1.47,0.3,1,10,1,3.22253310936911,0.8,0.4205271938405123,0.4205271938405123,1,4.9,-1.720207617273175
0.7013821263166036,0.0696451407179728,571.8252700857593,4.49856560178775,-0.1733330801526154,3,5,0.1,7.807432703115666,0.3920809537786555,1,17.565768983741524,1.47,0.3,1,10,1,18.11616202707708,0.8,0.3920809537786555,0.3920809537786555,1,4.9,-1.4804069153980066
0.6643810373512624,0.0225995240117414,2199.560071838066,3.530218969444438,-0.0542604695242732,3,5,0.1,2.738555693187132,0.5397547514080291,1,4.3012056832214,1.47,0.3,1,10,1,18.92558711245035,0.8,0.5397547514080291,0.5397547514080291,1,4.9,-3.331125968479931
0.5069739945443947,0.0210137738211258,52.195507583793045,3.454158737434661,-0.0311789163172768,3,5,0.1,2.844245608742651,0.6021208420526517,1,3.611645583426648,1.47,0.3,1,10,1,1.833825768049156,0.8,0.6021208420526517,0.6021208420526517,1,4.9,-3.9662408985472055
0.6759318626869131,0.0766743236087393,298.432873185929,3.5895367039020534,-0.1852443161612294,3,5,0.1,8.45422075784668,0.5243043233745948,1,16.887800255595327,1.47,0.3,1,10,1,12.75096669729064,0.8,0.5243043233745948,0.5243043233745948,1,4.9,-2.043368884773649
0.6145812658582727,0.0427196163255577,90.64381679737778,2.5098893020967727,-0.0773823883124666,3,5,0.1,4.071397663560475,0.8062036856106617,1,8.157858389584458,1.47,0.3,1,10,1,4.192296576865781,0.8,0.8062036856106617,0.8062036856106617,1,4.9,-4.99542246184245
0.2297452991654138,0.0157942149033405,47.92906760482271,3.702269622568176,0.0322813745735113,3,5,0.1,3.042251461242583,0.5813434634527331,1,12.092436990539415,1.47,0.3,1,10,1,0.8074229371188839,0.8,0.5813434634527331,0.5813434634527331,1,4.9,-3.497074460672515
0.0273125609462565,0.0024245329945728,31.908051619711465,3.664121008241823,0.1181094916238497,3,5,0.1,3.243205902172549,0.7079357994915568,1,4.979044515527163,1.47,0.3,1,10,1,0.2082570980551648,0.8,0.7079357994915568,0.7079357994915568,1,4.9,-4.809277939189567
0.669909955483176,0.057650115648508,125.92362258783425,3.9062203523525816,-0.1400641988465542,3,5,0.1,5.533101000351143,0.4764646476673104,1,9.69485554039878,1.47,0.3,1,10,1,7.083786249199047,0.8,0.4764646476673104,0.4764646476673104,1,4.9,-1.987573121138951
0.6464105225201804,0.0923034640055597,185.40900152086056,2.144203891994734,-0.1559401616293401,3,5,0.1,14.740768200717266,0.9468126933222064,1,16.379597318639878,1.47,0.3,1,10,1,9.947676134149004,0.8,0.9468126933222064,0.9468126933222064,1,4.9,-3.7124322629016815
0.6515698252337749,0.0657553175860493,722.2376873045869,2.076607473102449,-0.1089674257923717,3,5,0.1,6.387016150345484,0.9785716383080064,1,15.449811696099488,1.47,0.3,1,10,1,16.981979548669166,0.8,0.9785716383080064,0.9785716383080064,1,4.9,-5.0768654094445935
0.65521369739092,0.0890732760468003,172.6598781555452,2.6895286240833323,-0.1797211388035652,3,5,0.1,12.350565221453325,0.7361279552960315,1,10.162823425537075,1.47,0.3,1,10,1,9.875519146306878,0.8,0.7361279552960315,0.7361279552960315,1,4.9,-2.8501374125960908
0.6362620352943457,0.045068145108159,192.51293986108848,2.1150588786804896,-0.0743555877632257,3,5,0.1,4.222926396368517,0.9628967617841624,1,12.398527645076625,1.47,0.3,1,10,1,6.724102322682895,0.8,0.9628967617841624,0.9628967617841624,1,4.9,-6.858802190941445
0.7042589290636208,0.0056289852899723,7400.253290769469,5.021592446261457,-0.012818923089436,3,5,0.1,1.709519029944316,0.3387767722606272,1,8.697620660592095,1.47,0.3,1,10,1,19.31990328082534,0.8,0.3387767722606272,0.3387767722606272,1,4.9,-2.100544791151897
0.6468631390643729,0.0574328048667027,371.9944894011105,3.4375767639358874,-0.1347666974155904,3,5,0.1,5.9943382350346255,0.563778611510925,1,2.2718734812168564,1.47,0.3,1,10,1,12.27539761654257,0.8,0.563778611510925,0.563778611510925,1,4.9,-2.40762595807945
0.6652471735178461,0.0232707938506815,2009.824232282,3.1856536814642658,-0.052973395106237,3,5,0.1,2.7272494755605625,0.6065354376670267,1,18.74895914500861,1.47,0.3,1,10,1,17.91745365626284,0.8,0.6065354376670267,0.6065354376670267,1,4.9,-4.202676071452999
0.6876018985474741,0.0227444166830585,1967.0369975175863,4.386305194529628,-0.0571393653243053,3,5,0.1,2.794210799007136,0.4087003846610236,1,6.011458007520598,1.47,0.3,1,10,1,19.047400991070045,0.8,0.4087003846610236,0.4087003846610236,1,4.9,-2.068183503204427
0.6522816248032101,0.0394494337318235,780.5982415311934,2.4377024528441065,-0.0742009412785963,3,5,0.1,3.759520537723112,0.8229393423785512,1,6.948100940833881,1.47,0.3,1,10,1,13.94291310433927,0.8,0.8229393423785512,0.8229393423785512,1,4.9,-5.606859527322262
0.1351558415471389,0.0126466104198317,18.818295856162564,2.6005902911562555,0.0509192894909514,3,5,0.1,4.4500014363299805,0.9974433823061998,1,1.5236266896513,1.47,0.3,1,10,1,0.5043522191589409,0.8,0.9974433823061998,0.9974433823061998,1,4.9,-6.970310530640765
0.609838794414034,0.058581158825572,81.15747384530471,2.1560384464748314,-0.094797123970737,3,5,0.1,5.6417667876053885,0.9514319407098528,1,11.034050091839568,1.47,0.3,1,10,1,4.355642156294322,0.8,0.9514319407098528,0.9514319407098528,1,4.9,-5.229042762244447
0.6611254509245237,0.0376307773998121,1182.9152270661507,2.953587175864924,-0.0816112833575256,3,5,0.1,3.608879199211632,0.6623826367409332,1,8.417022847031253,1.47,0.3,1,10,1,17.29142514889525,0.8,0.6623826367409332,0.6623826367409332,1,4.9,-3.861833116203993
0.0190485462495458,0.0009062390125252,45.75747652866767,7.981284656438455,0.1919782061994643,3,5,0.1,2.6466189283498083,0.3609259031504448,1,5.6871467951992685,1.47,0.3,1,10,1,0.1626884088457872,0.8,0.3609259031504448,0.3609259031504448,1,4.9,-1.764579851405678
0.4180797924436758,0.0193197399893671,39.16122680121146,3.277738609897563,-0.0155306091077936,3,5,0.1,2.934276996425235,0.6698719355001076,1,2.741430737324303,1.47,0.3,1,10,1,1.3197770781137337,0.8,0.6698719355001076,0.6698719355001076,1,4.9,-4.778123585452063
0.678088574608748,0.0284889052972065,989.2100961841356,4.100181470014922,-0.0715109438853869,3,5,0.1,3.136423101726634,0.4472471308665344,1,4.788484305168094,1.47,0.3,1,10,1,14.776374563277644,0.8,0.4472471308665344,0.4472471308665344,1,4.9,-2.2342079048876826
0.6640226335300481,0.0586116624646037,944.96406161497,3.035189564886122,-0.1295897953140885,3,5,0.1,5.398943001640656,0.6411756391458986,1,7.891677136733017,1.47,0.3,1,10,1,19.40493273709536,0.8,0.6411756391458986,0.6411756391458986,1,4.9,-2.9565198815224463
0.5978503429876165,0.043471579274737,73.96913873093756,2.750545684678415,-0.0835004300237594,3,5,0.1,4.619365475658682,0.7414335666737222,1,1.964130766127384,1.47,0.3,1,10,1,4.368902249234853,0.8,0.7414335666737222,0.7414335666737222,1,4.9,-3.9512325057791458
0.6185683042128285,0.0535822621639719,92.15414783274876,2.2494578631139186,-0.0904776901533436,3,5,0.1,5.036383736725759,0.9063646381064684,1,10.137108078567556,1.47,0.3,1,10,1,4.692631383923261,0.8,0.9063646381064684,0.9063646381064684,1,4.9,-5.208224878889647
0.6728605823356633,0.0797820405093887,638.9122220102323,3.315115770391013,-0.1862715911332189,3,5,0.1,9.003666535370636,0.5762603245867428,1,18.09805403659962,1.47,0.3,1,10,1,18.903806509696043,0.8,0.5762603245867428,0.5762603245867428,1,4.9,-2.258091028642106
0.7059983796639718,0.0011513023118832,11030.282998550989,5.75425819485459,-0.0016197405606518,3,5,0.1,1.2380878457491555,0.2777341917801509,1,2.1506330688984376,1.47,0.3,1,10,1,11.305661843678484,0.8,0.2777341917801509,0.2777341917801509,1,4.9,-1.942571759680746
0.7137721695464185,0.0697308909618346,114.55857197257434,5.2763783219816025,-0.1390856695501334,3,5,0.1,9.41878000417716,0.3168036342614249,1,19.21447326005767,1.47,0.3,1,10,1,8.016137929074548,0.8,0.3168036342614249,0.3168036342614249,1,4.9,-1.1459489397224054
0.004036988103534,0.0010349114623424,11.604884246796324,3.3272031304706453,0.3038000052194378,3,5,0.1,10.891378147201875,0.7384581570752585,1,6.828310829904071,1.47,0.3,1,10,1,0.0840444962327193,0.8,0.7384581570752585,0.7384581570752585,1,4.9,-2.924140440206873
0.6536013449650614,0.0679307910536177,211.99937285547665,2.925460767662756,-0.1449535378758,3,5,0.1,6.818785893237807,0.6718716787800387,1,4.705905936924999,1.47,0.3,1,10,1,9.75404284432605,0.8,0.6718716787800387,0.6718716787800387,1,4.9,-2.908191897723679
0.6544972768752902,0.0675332538248729,186.5800209090573,2.814075114851518,-0.1402420650679784,3,5,0.1,6.542810659566824,0.7002392569546529,1,12.159735216318582,1.47,0.3,1,10,1,8.867177047400961,0.8,0.7002392569546529,0.7002392569546529,1,4.9,-3.111026289525938
0.7706724279758747,0.06675901043278,124.49644132456191,6.526082240136708,0.0712043187599658,3,5,0.1,16.78964450887274,0.2208097002559986,1,6.784053958498832,1.47,0.3,1,10,1,10.01238640963359,0.8,0.2208097002559986,0.2208097002559986,1,4.9,-0.7593339617831347
0.6569703471912828,0.0370081505379704,1189.691152852599,3.487996910220323,-0.0881120944348661,3,5,0.1,3.735353953720765,0.5504804879720557,1,2.9495150839536413,1.47,0.3,1,10,1,17.744408650031943,0.8,0.5504804879720557,0.5504804879720557,1,4.9,-2.7965779944242826
0.6970022739137293,0.0618533885472374,408.619859802526,4.453570278995044,-0.1540228033076084,3,5,0.1,6.348798983500835,0.3983964760782654,1,11.767030284921812,1.47,0.3,1,10,1,14.346324446376268,0.8,0.3983964760782654,0.3983964760782654,1,4.9,-1.5557866961072868
0.5759077399973014,0.0306916736627647,135.41031900716274,2.8113529906072854,-0.0575686444065067,3,5,0.1,3.238633858856253,0.7256881482962836,1,15.171058153737311,1.47,0.3,1,10,1,3.421171436049803,0.8,0.7256881482962836,0.7256881482962836,1,4.9,-5.069446401437084
0.3847570190962736,0.0171941683334023,65.63807964603424,3.634063564158229,-0.0103113735727851,3,5,0.1,2.7077578062844787,0.5805752433051932,1,7.160378145041346,1.47,0.3,1,10,1,1.2836155666940217,0.8,0.5805752433051932,0.5805752433051932,1,4.9,-3.872780486853056
0.6576174803554133,0.109137793922431,146.9370477334696,3.043615336236527,-0.2395119581082828,3,5,0.1,132.68794916185928,0.6411128643587107,1,4.045508407841797,1.47,0.3,1,10,1,10.396809691770702,0.8,0.6411128643587107,0.6411128643587107,1,4.9,-2.1614107247130327
0.5966777387941138,0.03144279107196,185.23035954542715,2.783442186269572,-0.0608379282930317,3,5,0.1,3.253203804568661,0.7301372290289276,1,19.277934120487327,1.47,0.3,1,10,1,4.289307972063652,0.8,0.7301372290289276,0.7301372290289276,1,4.9,-5.109622787685495
0.596608092914019,0.0602504819807971,122.19269185979748,2.4200759447011864,-0.1079145387688835,3,5,0.1,7.527539934844905,0.8613179127977194,1,1.6474186963055564,1.47,0.3,1,10,1,6.697048688272858,0.8,0.8613179127977194,0.8613179127977194,1,4.9,-3.9167827592667273
0.46466008745326,0.0453685302261842,57.620279113610685,2.1810315651606422,-0.0593560988985043,3,5,0.1,4.716757507108801,0.9545879248765824,1,18.00474629340753,1.47,0.3,1,10,1,1.983783013675804,0.8,0.9545879248765824,0.9545879248765824,1,4.9,-6.029010547590168
0.1900347096378873,0.0205898102634731,32.091826834007925,2.4964283146852284,0.0320993976246018,3,5,0.1,3.951850859798733,0.8721014664597975,1,7.941875339037293,1.47,0.3,1,10,1,0.7092138164216424,0.8,0.8721014664597975,0.8721014664597975,1,4.9,-5.992887201174691
0.5619340225192953,0.043687949857397,68.0814222530202,2.594905991231662,-0.0748006451437211,3,5,0.1,4.250054640390891,0.7911965733859274,1,10.30585417963099,1.47,0.3,1,10,1,2.879901528036392,0.8,0.7911965733859274,0.7911965733859274,1,4.9,-4.662683805075103
0.6600090403999067,0.0544171643137221,455.4664867081595,2.8735204763398565,-0.1155562313934246,3,5,0.1,4.930548845557484,0.6828128172213158,1,15.466185110208627,1.47,0.3,1,10,1,12.705643951594883,0.8,0.6828128172213158,0.6828128172213158,1,4.9,-3.3626213231970574
0.6515016613117797,0.1059942132467485,90.55513273234835,2.8080647078319663,-0.2184629445441088,3,5,0.1,37.34529135242468,0.7022694085303003,1,15.151084207324244,1.47,0.3,1,10,1,7.443015841187326,0.8,0.7022694085303003,0.7022694085303003,1,4.9,-2.448325108203843
0.6505806023992693,0.0662578516228728,514.7871913956913,2.0870850793360143,-0.1101086003524969,3,5,0.1,6.467713496125395,0.9734591971308536,1,14.257009830589135,1.47,0.3,1,10,1,14.356455205934084,0.8,0.9734591971308536,0.9734591971308536,1,4.9,-5.001264709131496
0.1698910471727685,0.026940827369413,11.150893297759454,3.2606306098915274,0.1005699950595026,3,5,0.1,8.086223590412917,0.7749187968656136,1,2.393909113146637,1.47,0.3,1,10,1,0.5868681045184125,0.8,0.7749187968656136,0.7749187968656136,1,4.9,-3.327008110918716
0.6553073092234996,0.0800199379724523,242.51641371077807,2.611263243778688,-0.158345468509629,3,5,0.1,9.028052323387058,0.7608311550314893,1,11.810382071756178,1.47,0.3,1,10,1,11.070482862264052,0.8,0.7608311550314893,0.7608311550314893,1,4.9,-3.156869425193716
0.8817621494371406,1.9461732571172115e-05,34102.27738982868,8.398292628070777,0.0023299870518018,3,5,0.1,0.7911683107554525,0.089737432202327,1,10.252112251394,1.47,0.3,1,10,1,4.582607255645078,0.8,0.089737432202327,0.089737432202327,1,4.9,-0.4067820275797871
0.6253683529865195,0.037035860534746,458.235340147897,2.326212713164908,-0.0659367318455434,3,5,0.1,3.8409218727691457,0.8831601929741327,1,2.409828040479796,1.47,0.3,1,10,1,10.240535893334808,0.8,0.8831601929741327,0.8831601929741327,1,4.9,-6.351573204385245
0.6505614031050367,0.0620384700342804,456.9421885483859,2.183782390340069,-0.1068985020916701,3,5,0.1,5.877321886630307,0.9272358247626192,1,10.045848515430547,1.47,0.3,1,10,1,13.167155252166506,0.8,0.9272358247626192,0.9272358247626192,1,4.9,-4.891400577433382
0.6518392200445446,0.0471441949548656,950.7881539299564,2.0665084498166366,-0.0778345694332403,3,5,0.1,4.357312558343355,0.9830641084082882,1,16.46335026896954,1.47,0.3,1,10,1,16.471506265400254,0.8,0.9830641084082882,0.9830641084082882,1,4.9,-6.919514182528907
0.0023020651169594,0.0002932754767851,15.091062789586172,5.112775457310836,0.2701793337824995,3,5,0.1,4.993358776423402,0.5704891272926204,1,2.645765304746731,1.47,0.3,1,10,1,0.0562942955590081,0.8,0.5704891272926204,0.5704891272926204,1,4.9,-2.5928342656134618
0.6529176799301353,0.0608569869601432,618.3310405537698,2.254620894898796,-0.1078128668005759,3,5,0.1,5.688549323102249,0.8950205299171781,1,12.392161922610535,1.47,0.3,1,10,1,15.249997903127792,0.8,0.8950205299171781,0.8950205299171781,1,4.9,-4.714009926862882
0.6108341851504079,0.0243645598393609,144.18079524891786,3.6971619563665032,-0.0536063557432583,3,5,0.1,2.862305753326133,0.5266100432243571,1,11.538156340685251,1.47,0.3,1,10,1,3.7499624632084623,0.8,0.5266100432243571,0.5266100432243571,1,4.9,-3.075755037203635
0.6508763619003519,0.0307129406806229,274.835990708506,3.481641151630937,-0.0713472188352647,3,5,0.1,3.193413588851921,0.5520718244348364,1,17.770476838854638,1.47,0.3,1,10,1,6.876086436806694,0.8,0.5520718244348364,0.5520718244348364,1,4.9,-3.0844550039851555
0.6485923222750565,0.0552255551345311,663.3440141269217,2.068247567528457,-0.0910030762054357,3,5,0.1,5.160233107593286,0.9845851038539912,1,7.079353748742635,1.47,0.3,1,10,1,14.929093434004267,0.8,0.9845851038539912,0.9845851038539912,1,4.9,-5.915616658142152
0.6426414233909363,0.0748301599235101,146.07761203652188,2.338961913032186,-0.134722508422317,3,5,0.1,8.231948057983047,0.8635440654858736,1,5.238520750363697,1.47,0.3,1,10,1,8.174858631522312,0.8,0.8635440654858736,0.8635440654858736,1,4.9,-3.811396858209463
0.6526190280832975,0.0429397531949404,495.1150225465222,2.4702130051933024,-0.0814581843227686,3,5,0.1,3.9825334853862215,0.8100527463105454,1,17.364021587565553,1.47,0.3,1,10,1,11.376125950092916,0.8,0.8100527463105454,0.8100527463105454,1,4.9,-5.139307551190438
0.6515304694228062,0.0443506220803507,605.259050792614,2.2431610277935072,-0.0781142164694038,3,5,0.1,4.117399111449128,0.9000788829615446,1,11.556776278615333,1.47,0.3,1,10,1,12.824280563740563,0.8,0.9000788829615446,0.9000788829615446,1,4.9,-6.123928120149651
0.6097727937359563,0.0380383807191192,155.91952516547386,2.561540461661047,-0.0704065074342888,3,5,0.1,3.687531437803071,0.7936662337603436,1,16.17692604593424,1.47,0.3,1,10,1,4.659497705680364,0.8,0.7936662337603436,0.7936662337603436,1,4.9,-5.314519756515713
0.6674229994114098,0.0435713429153415,735.532964463724,3.280027980637536,-0.1007532155372231,3,5,0.1,4.028449110141897,0.5855433042932381,1,18.29011492699313,1.47,0.3,1,10,1,14.852520259244567,0.8,0.5855433042932381,0.5855433042932381,1,4.9,-2.953506978674792
0.6822251912245729,0.0192162675766972,245.31920186123287,4.8405785062046105,-0.0436808299098854,3,5,0.1,2.6324945014329355,0.3636936253397626,1,6.584178694912957,1.47,0.3,1,10,1,6.053390603678127,0.8,0.3636936253397626,0.3636936253397626,1,4.9,-1.789028396978832
0.658524814887391,0.0280861869929986,721.0496597158501,2.967763510248324,-0.0607966671619319,3,5,0.1,3.011147060160926,0.659297791659346,1,10.012111458338522,1.47,0.3,1,10,1,11.570992337117394,0.8,0.659297791659346,0.659297791659346,1,4.9,-4.493169676847424
0.648013879198381,0.0585144388673494,248.33779629019529,2.859433785707716,-0.1226664908716507,3,5,0.1,5.618266263442101,0.6921840571894953,1,3.706003068745285,1.47,0.3,1,10,1,9.761913399334274,0.8,0.6921840571894953,0.6921840571894953,1,4.9,-3.2381622649982766
0.7416274708824457,0.0012484880642517,1369.538037723567,7.411371812126684,0.0066298652315718,3,5,0.1,1.3049665992832828,0.1890871981707248,1,7.966500073051727,1.47,0.3,1,10,1,4.106373832151619,0.8,0.1890871981707248,0.1890871981707248,1,4.9,-0.9522382060076602
0.6968354237347893,0.0068448788513664,5810.968463388262,4.771846950069261,-0.0165161850247167,3,5,0.1,1.7949732446168107,0.3645230009794443,1,8.381351838572222,1.47,0.3,1,10,1,18.484973134853547,0.8,0.3645230009794443,0.3645230009794443,1,4.9,-2.3093868116296505
0.6393987231366919,0.0770386328731538,207.92981150249545,2.0796390296499125,-0.1263804933320934,3,5,0.1,9.118747329204492,0.9836367946052892,1,4.3926032048973225,1.47,0.3,1,10,1,9.829501877735716,0.8,0.9836367946052892,0.9836367946052892,1,4.9,-4.381627595372082
0.6542341302667989,0.0501114252665952,980.0618249644094,2.298250098333613,-0.0902585774581377,3,5,0.1,4.574801371440116,0.8762575815497258,1,12.62227734525617,1.47,0.3,1,10,1,17.49543887890371,0.8,0.8762575815497258,0.8762575815497258,1,4.9,-5.281142247959236
0.6229775052421213,0.0220786131569486,247.56459334718303,3.815779676337552,-0.0509994630046181,3,5,0.1,2.7105100316865927,0.5049220718785542,1,19.066566923875737,1.47,0.3,1,10,1,4.6964379860802605,0.8,0.5049220718785542,0.5049220718785542,1,4.9,-2.977102102596064
0.6002735040991052,0.0600972597626963,1029.9059067164487,2.2552479765028424,-0.1031552154722595,3,5,0.1,7.679955448045673,0.9355282699599188,1,1.5775290072669113,1.47,0.3,1,10,1,19.54431791269884,0.8,0.9355282699599188,0.9355282699599188,1,4.9,-4.356765533951467
0.6532480612697209,0.045622403614501,866.2968166503896,2.269649225717595,-0.0812806726612128,3,5,0.1,4.209000699429176,0.888456965593233,1,11.780155904545865,1.47,0.3,1,10,1,15.650627674324989,0.8,0.888456965593233,0.888456965593233,1,4.9,-5.835878212360221
0.5755558863203659,0.023390130340658,124.82696424992275,3.5072123792793195,-0.0475257209554588,3,5,0.1,2.821554471268287,0.5678142219201647,1,11.358339947268377,1.47,0.3,1,10,1,3.0019825896709134,0.8,0.5678142219201647,0.5678142219201647,1,4.9,-3.568221942389499
0.6543010442561866,0.0409699804292105,587.9312900699094,2.5225053801489574,-0.0790850763718441,3,5,0.1,3.838972369919,0.7911535314740108,1,13.039726892625858,1.47,0.3,1,10,1,12.292426669332642,0.8,0.7911535314740108,0.7911535314740108,1,4.9,-5.079940814391652
0.6364648136797535,0.0871813284243603,89.4559485365242,2.438341577589925,-0.1602838726552874,3,5,0.1,11.848030972491529,0.8261770772648934,1,14.90135963621761,1.47,0.3,1,10,1,6.242884027948024,0.8,0.8261770772648934,0.8261770772648934,1,4.9,-3.2890762493681507
0.6612191015363442,0.0337787015249746,1218.0901144867078,2.895615629770971,-0.0722952090179128,3,5,0.1,3.34409166181536,0.6769997787519441,1,19.63384968897359,1.47,0.3,1,10,1,16.481685757831908,0.8,0.6769997787519441,0.6769997787519441,1,4.9,-4.27702822732816
0.6443490618674983,0.0556369043907741,729.0811102288019,2.777000624626316,-0.1147428795454522,3,5,0.1,5.411926673028855,0.718927734995396,1,2.9269633566218825,1.47,0.3,1,10,1,16.321646370569344,0.8,0.718927734995396,0.718927734995396,1,4.9,-3.472895567174696
0.6512706754407256,0.0532479251450406,776.5010209700266,2.0488053557643635,-0.0872417845687688,3,5,0.1,4.908038219133678,0.9924325816167,1,18.87143145594489,1.47,0.3,1,10,1,15.763809906752645,0.8,0.9924325816167,0.9924325816167,1,4.9,-6.263138498681458
0.0947514137032193,0.0264277786709737,12.378386709795206,2.6690458955430647,0.1699682340650488,3,5,0.1,16.449990348899796,0.8175999176358768,1,18.03964816733357,1.47,0.3,1,10,1,0.469589316394812,0.8,0.8175999176358768,0.8175999176358768,1,4.9,-3.0828572121995705
0.6589725692436055,0.0320504471307845,1882.940665665678,2.694449186349945,-0.0652700413599611,3,5,0.1,3.2416003738148764,0.7346629848309529,1,12.534838129776132,1.47,0.3,1,10,1,19.84374624329798,0.8,0.7346629848309529,0.7346629848309529,1,4.9,-5.197294917573824
0.6665403730316923,0.0235869763268885,1177.6571603913485,3.371298703782821,-0.055272910477246,3,5,0.1,2.7527429640092245,0.5678224450694285,1,18.249621976769458,1.47,0.3,1,10,1,13.854807495791365,0.8,0.5678224450694285,0.5678224450694285,1,4.9,-3.649070945282034
0.3776531165620938,0.0013947096370368,6430.888038090075,2.9503225002824296,-0.0026058374589542,3,5,0.1,5.8663747971273095,0.8155712563929373,1,0.1138255485365686,1.47,0.3,1,10,1,7.368441163497671,0.8,0.8155712563929373,0.8155712563929373,1,4.9,-4.023882359258241
0.6757649847931996,0.0407885225484795,752.7017394161708,3.714371525364712,-0.100037563508259,3,5,0.1,3.871534797189128,0.5040393756867809,1,18.75470351512025,1.47,0.3,1,10,1,14.9409894683087,0.8,0.5040393756867809,0.5040393756867809,1,4.9,-2.413216231515364
0.6527197980045609,0.0464030647048851,1295.721369679571,2.075928799387376,-0.0769756512281026,3,5,0.1,4.291416532613384,0.9781130663789984,1,17.649108149768356,1.47,0.3,1,10,1,19.128215911268263,0.8,0.9781130663789984,0.9781130663789984,1,4.9,-6.963948137130378
0.6758479141229639,0.0501186341690855,209.3407995027381,4.030430161947675,-0.1237065234797669,3,5,0.1,4.73248232662724,0.4572136607186483,1,15.582833095129436,1.47,0.3,1,10,1,8.561906498641882,0.8,0.4572136607186483,0.4572136607186483,1,4.9,-1.9675958354485488
0.3879603925899744,0.0506959300953526,28.324160388107497,2.835356473256887,-0.0488243971256828,3,5,0.1,6.107402536791527,0.7301577437730269,1,12.24926240573158,1.47,0.3,1,10,1,1.3959910904817063,0.8,0.7301577437730269,0.7301577437730269,1,4.9,-3.37546919452582
0.7086710061493358,0.0046913451173877,6969.737007032207,5.320960813508119,-0.0094792496898817,3,5,0.1,1.651997974744544,0.3115592982266212,1,4.225687375197257,1.47,0.3,1,10,1,17.556700650813813,0.8,0.3115592982266212,0.3115592982266212,1,4.9,-1.8547052533651247
0.6419722119057263,0.0535657454625014,205.36082192575847,2.089393944849542,-0.0881105693361658,3,5,0.1,4.982062274386718,0.9737257611457428,1,10.60064941304655,1.47,0.3,1,10,1,7.900649142457967,0.8,0.9737257611457428,0.9737257611457428,1,4.9,-5.966911236774877
0.6489500080396992,0.0764955856017243,293.90418053878426,2.162851351691836,-0.1305287120536796,3,5,0.1,8.327773224152395,0.9372656978658008,1,19.10641546588076,1.47,0.3,1,10,1,11.48715132725536,0.8,0.9372656978658008,0.9372656978658008,1,4.9,-4.236858852010206
0.6558203563309837,0.1091254856180675,275.1118790176351,2.523836140228473,-0.211107136056622,3,5,0.1,58.82290954853984,0.7902304120093018,1,8.63883040090775,1.47,0.3,1,10,1,13.837190024028496,0.8,0.7902304120093018,0.7902304120093018,1,4.9,-2.719342247061782
0.5747513366085438,0.0006744908589231,1634.7221016832268,7.704975141581366,0.0024442479942479,3,5,0.1,1.1506615601521772,0.231268636539294,1,10.02460893530858,1.47,0.3,1,10,1,1.8950951406488088,0.8,0.231268636539294,0.231268636539294,1,4.9,-1.4517010356070266
0.6537595492700059,0.0890974482215045,340.50685518140864,2.3711960658078284,-0.1641840568108534,3,5,0.1,12.397952912696994,0.8468575543842134,1,12.172285075826736,1.47,0.3,1,10,1,13.757755663699466,0.8,0.8468575543842134,0.8468575543842134,1,4.9,-3.358072182927863
0.0604656460736823,0.0044539829727496,40.49355974492931,4.950984951704319,0.1367192234388899,3,5,0.1,2.9632602921302755,0.4987103006780297,1,10.433857688439526,1.47,0.3,1,10,1,0.3258204224492346,0.8,0.4987103006780297,0.4987103006780297,1,4.9,-2.737286119555179
0.6544040161469782,0.0678273570297959,636.9649583304988,2.312901779478997,-0.1227535637601121,3,5,0.1,6.594649085104932,0.8700164592132823,1,18.570546502546083,1.47,0.3,1,10,1,16.362261028905532,0.8,0.8700164592132823,0.8700164592132823,1,4.9,-4.189808396709953
0.6320728679186146,0.0138908229795133,383.4373317397547,4.189936637981569,-0.0326785074983553,3,5,0.1,2.241847515887725,0.4496291227170459,1,18.87166169289246,1.47,0.3,1,10,1,4.826922991059808,0.8,0.4496291227170459,0.4496291227170459,1,4.9,-2.81710693616526
0.4980895979627599,0.006363254567012,234.81553840280668,5.208394214790882,-0.0053381877669585,3,5,0.1,1.8310648453832552,0.3773630283339454,1,11.270837057077962,1.47,0.3,1,10,1,1.800924829048158,0.8,0.3773630283339454,0.3773630283339454,1,4.9,-2.42307213842404
0.6604155343678657,0.0436867869963192,369.8721302018208,3.1628815802464,-0.098177555652784,3,5,0.1,4.037326170246745,0.6126410609788115,1,18.27643983138403,1.47,0.3,1,10,1,10.182753041524514,0.8,0.6126410609788115,0.6126410609788115,1,4.9,-3.16154484223954
0.6354325951899957,0.0854000708396931,167.43665605420207,2.4258741513156683,-0.1578406431252872,3,5,0.1,13.182478533213034,0.8366475936983778,1,2.963681797243899,1.47,0.3,1,10,1,9.455317272020492,0.8,0.8366475936983778,0.8366475936983778,1,4.9,-3.2736104241217987
0.0378933360578676,0.0019839869202554,37.4229135863516,10.77820217700894,0.3402470566107431,3,5,0.1,3.096278561559072,0.2681267622667757,1,10.138710058758088,1.47,0.3,1,10,1,0.231378656471976,0.8,0.2681267622667757,0.2681267622667757,1,4.9,-1.120076809385992
0.6720984972901102,0.0359318932820645,1282.857484397814,3.504222519324826,-0.086162576516951,3,5,0.1,3.5097533942293326,0.5410545669854187,1,17.876825453086134,1.47,0.3,1,10,1,18.159724450614764,0.8,0.5410545669854187,0.5410545669854187,1,4.9,-2.816675179709033
0.2258587883761396,0.0288579831291955,28.370286281597185,2.424721121403869,0.0192280887636712,3,5,0.1,4.703829837924064,0.8762204547612568,1,9.530557480784813,1.47,0.3,1,10,1,0.8257477654358648,0.8,0.8762204547612568,0.8762204547612568,1,4.9,-5.1662316954648215
0.6508295948338336,0.0478373094831085,1318.2538647525469,2.155978015753366,-0.0817372671550163,3,5,0.1,4.436118435158246,0.9412299944023028,1,6.998929887234275,1.47,0.3,1,10,1,19.714293848560388,0.8,0.9412299944023028,0.9412299944023028,1,4.9,-6.21363982670994
0.651062706315459,0.0478145814376779,849.4310341211535,2.037165386821456,-0.077967611420993,3,5,0.1,4.424188909203751,0.998470383568968,1,13.875083584681494,1.47,0.3,1,10,1,15.661436085634886,0.8,0.998470383568968,0.998470383568968,1,4.9,-7.03044554030992
0.6507005139629234,0.1065251481549475,414.1475354426884,2.109918592211082,-0.1786899740369202,3,5,0.1,43.41355353455912,0.9629409026091674,1,14.9073528035979,1.47,0.3,1,10,1,16.394456144380367,0.8,0.9629409026091674,0.9629409026091674,1,4.9,-3.384992816233261
0.6582401700893707,0.0910959855721004,417.42984954347713,2.56881771091494,-0.1789296885637173,3,5,0.1,13.128024456644168,0.7739975074970249,1,17.70836697811794,1.47,0.3,1,10,1,15.564147409884994,0.8,0.7739975074970249,0.7739975074970249,1,4.9,-2.9915300710970705
0.6306625595536409,0.1066676569745453,58.21752638650396,2.214959865568389,-0.180848405353932,3,5,0.1,55.95873029526368,0.9176901374437036,1,10.589428720278049,1.47,0.3,1,10,1,5.628983538743994,0.8,0.9176901374437036,0.9176901374437036,1,4.9,-3.180676635517063
0.5907962954167477,0.0358913825054267,178.7696808784523,2.343335847512136,-0.0623414220015849,3,5,0.1,4.0972980191061215,0.8942310099945946,1,1.628808472359835,1.47,0.3,1,10,1,6.194683660152784,0.8,0.8942310099945946,0.8942310099945946,1,4.9,-6.073877167036274
0.7121550899561732,0.0008233469371823,3043.2528682774946,6.446370612417481,0.0002225024348241,3,5,0.1,1.1612407642007314,0.2412034783327857,1,8.377559022969725,1.47,0.3,1,10,1,4.6102655056294095,0.8,0.2412034783327857,0.2412034783327857,1,4.9,-1.5601605984153792
0.8056314966189021,0.0001174246763642,134564.4694625775,7.203638955663769,0.0010649164182045,3,5,0.1,0.8876791487068321,0.1656400378803132,1,16.254687260306277,1.47,0.3,1,10,1,16.10199282767921,0.8,0.1656400378803132,0.1656400378803132,1,4.9,-0.9779156368609137
0.5090213317262668,0.0283110863028074,109.61440375718988,2.7513992655272226,-0.0519999528772038,3,5,0.1,4.752472938942347,0.790235022688172,1,0.8427389681037101,1.47,0.3,1,10,1,4.216631041111604,0.8,0.790235022688172,0.790235022688172,1,4.9,-4.303997224684597
0.5124081874467399,0.0076693757441402,208.4251748219047,5.705430952888891,-0.0035853236596338,3,5,0.1,1.9577329962832104,0.3352660725745278,1,19.07631733979115,1.47,0.3,1,10,1,1.880276706568192,0.8,0.3352660725745278,0.3352660725745278,1,4.9,-1.8613126012845207
0.6466537919816067,0.0616791101387162,898.3411853396735,2.427740110024521,-0.1154285227098737,3,5,0.1,6.013911305878009,0.8314356897529386,1,3.854872818329649,1.47,0.3,1,10,1,18.73635556774741,0.8,0.8314356897529386,0.8314356897529386,1,4.9,-4.091236901686356
0.6534119542516732,0.0425621011793564,222.1910838657076,3.1713903632935057,-0.0947366422610916,3,5,0.1,3.9704100750818143,0.6128547329931775,1,14.367614924786198,1.47,0.3,1,10,1,7.545767024493252,0.8,0.6128547329931775,0.6128547329931775,1,4.9,-3.192764355140426
0.6556740585584775,0.0317961105620756,482.9610328749918,2.8824967228588805,-0.0672845498746414,3,5,0.1,3.234796698339085,0.6819028707237943,1,10.956575073806372,1.47,0.3,1,10,1,9.935977012755831,0.8,0.6819028707237943,0.6819028707237943,1,4.9,-4.4733032685144
0.6308012092844417,0.0831928453733036,62.32778235685495,2.3311033662966585,-0.1464087769678216,3,5,0.1,10.826134271004491,0.8680950491795636,1,6.479119777241261,1.47,0.3,1,10,1,5.367191155462462,0.8,0.8680950491795636,0.8680950491795636,1,4.9,-3.5596572284433208
0.6697056488772093,0.1094923914258418,441.3570114000778,3.0663076016886848,-0.2441464588806579,3,5,0.1,56.8342836925712,0.6308845487759246,1,16.00141616267966,1.47,0.3,1,10,1,18.13937697953305,0.8,0.6308845487759246,0.6308845487759246,1,4.9,-2.158865232600082
0.6357353462704068,0.0529340841623831,176.62286272824366,2.1169786381887263,-0.0874096167192342,3,5,0.1,4.914985689414129,0.9628590055591802,1,14.789209760648426,1.47,0.3,1,10,1,6.869722378056915,0.8,0.9628590055591802,0.9628590055591802,1,4.9,-5.911894219258016
0.673416530906795,0.0086304962634677,5098.169334720116,4.278532021545103,-0.0217553592369647,3,5,0.1,1.929380201651062,0.4259426887275395,1,3.15844640004611,1.47,0.3,1,10,1,18.70129240211568,0.8,0.4259426887275395,0.4259426887275395,1,4.9,-2.9281779996823687
0.6516580192004948,0.0475610568619341,648.5413898894484,2.191723988285643,-0.082271222358745,3,5,0.1,4.3700209387776745,0.922879823363874,1,19.799334604868367,1.47,0.3,1,10,1,13.61549453060058,0.8,0.922879823363874,0.922879823363874,1,4.9,-6.064755401073777
0.6482376042966854,0.0730163470660923,152.51597517224482,2.649820130572459,-0.1446120997044712,3,5,0.1,7.481666444618771,0.750819521205305,1,16.400271773049706,1.47,0.3,1,10,1,7.949740588588705,0.8,0.750819521205305,0.750819521205305,1,4.9,-3.2679593770659032
0.6375366505362359,0.0559031884641527,800.9222576415241,2.144017284782917,-0.0942278239220428,3,5,0.1,5.488951147020169,0.9569845694988884,1,3.206360275191305,1.47,0.3,1,10,1,16.57497327692655,0.8,0.9569845694988884,0.9569845694988884,1,4.9,-5.377623135454609
0.6625193658973534,0.0254459528829542,1973.0340638576367,3.0130228482742147,-0.0559491970031211,3,5,0.1,2.851313731631459,0.6471777691951481,1,12.104411161155056,1.47,0.3,1,10,1,18.421580787437588,0.8,0.6471777691951481,0.6471777691951481,1,4.9,-4.586098175400148
0.6375198413850978,0.0983634719058317,219.6511281600484,2.078879684079052,-0.1613211275735428,3,5,0.1,27.672883909319324,0.987065588749052,1,3.7297767352076994,1.47,0.3,1,10,1,11.448253371587176,0.8,0.987065588749052,0.987065588749052,1,4.9,-3.588916202210065
0.6492963133266862,0.0430397553879099,1054.3899645661445,2.3347850430169697,-0.0782396975349236,3,5,0.1,4.061864847213366,0.8649722661348918,1,5.10340261277689,1.47,0.3,1,10,1,16.86583303395792,0.8,0.8649722661348918,0.8649722661348918,1,4.9,-5.730747911499005
0.5811245234074449,0.0077168371378005,358.6370746363327,4.47989103331539,-0.0156420229711181,3,5,0.1,1.8665753782418533,0.4278846799221321,1,13.883054052060864,1.47,0.3,1,10,1,2.9424900297241816,0.8,0.4278846799221321,0.4278846799221321,1,4.9,-3.066495579794818
0.6645680543402891,0.0257043902080519,2162.009539650481,3.104119910683682,-0.0576355046946431,3,5,0.1,2.863959939136033,0.624953461512748,1,19.46356853166298,1.47,0.3,1,10,1,19.461443841559824,0.8,0.624953461512748,0.624953461512748,1,4.9,-4.244141388769769
0.5815894542628199,0.0270449738949589,167.55900335892855,2.706045723787191,-0.051673629283319,3,5,0.1,3.428045823912829,0.7677795188421875,1,1.458420499707435,1.47,0.3,1,10,1,5.238161851404202,0.8,0.7677795188421875,0.7677795188421875,1,4.9,-5.360803398651946
0.6576129451761725,0.0362547993630082,421.2235663283191,2.993873958775021,-0.0786950335306163,3,5,0.1,3.520088138256136,0.6528323128283616,1,10.459600587463605,1.47,0.3,1,10,1,9.989853463765789,0.8,0.6528323128283616,0.6528323128283616,1,4.9,-3.836158882464716
0.641196024625207,0.0465800290168683,224.5026945426327,2.404327009157673,-0.0854138535887234,3,5,0.1,4.291000391142667,0.8381210838013868,1,16.394766354604393,1.47,0.3,1,10,1,7.441457829277968,0.8,0.8381210838013868,0.8381210838013868,1,4.9,-5.133170225076228
0.4260170857526106,3.1435922855834746e-05,1432872.225606608,4.110625245796804,-7.552970227786593e-05,3,5,0.1,4.141048188138546,0.538216990750078,1,0.0197401833183571,1.47,0.3,1,10,1,17.974937063030684,0.8,0.538216990750078,0.538216990750078,1,4.9,-2.5749525104934285
0.6547916657116781,0.0294208992516038,449.950112378186,2.925872753713233,-0.062752123261187,3,5,0.1,3.095512875225867,0.6708431397172753,1,9.374053472948408,1.47,0.3,1,10,1,9.23903014455986,0.8,0.6708431397172753,0.6708431397172753,1,4.9,-4.523563365250851
0.7311004020532526,0.0191217042430373,1658.9628439983014,5.704490504644794,-0.0275709408542635,3,5,0.1,2.737834415276616,0.2774727723508587,1,18.10946216781189,1.47,0.3,1,10,1,17.939179245898572,0.8,0.2774727723508587,0.2774727723508587,1,4.9,-1.2113714308665775
0.1651837452673937,0.0384941441326625,14.538482306580232,2.6325713686493057,0.0879296569930028,3,5,0.1,11.767006277749154,0.8150606864439152,1,12.433125734209993,1.47,0.3,1,10,1,0.6636223629673358,0.8,0.8150606864439152,0.8150606864439152,1,4.9,-3.2406256840166634
0.6620623952405698,0.0626529596144127,263.047039887771,3.134701438075162,-0.1402593530293012,3,5,0.1,5.913736231586111,0.6181376470025894,1,8.114650026407286,1.47,0.3,1,10,1,10.54683179815018,0.8,0.6181376470025894,0.6181376470025894,1,4.9,-2.72509034539096
0.4344013202805024,0.0157830292831246,80.26494448053724,5.274164890153744,-0.0004279219934926,3,5,0.1,2.6257121924258104,0.3814877426645054,1,15.829257828976257,1.47,0.3,1,10,1,1.4564286020710189,0.8,0.3814877426645054,0.3814877426645054,1,4.9,-1.9238149152856217
0.6584664381143942,0.0316088639798877,1109.8963885591882,2.811146683715594,-0.0661910323869531,3,5,0.1,3.221295892247119,0.7009524415694786,1,9.181012003040134,1.47,0.3,1,10,1,15.198576816519608,0.8,0.7009524415694786,0.7009524415694786,1,4.9,-4.746416904546361
0.675131266880699,0.0804745495271818,458.9965596212497,3.726585794231545,-0.1977893591960957,3,5,0.1,10.3204350140708,0.5024122014618572,1,4.182857801334042,1.47,0.3,1,10,1,16.537236542762493,0.8,0.5024122014618572,0.5024122014618572,1,4.9,-1.8893139461478832
0.6216709513741657,0.0560546535262132,71.19135685443908,2.756344597958578,-0.1090575587988703,3,5,0.1,5.270322105179439,0.7259775500952091,1,8.597894366406724,1.47,0.3,1,10,1,4.364450664218165,0.8,0.7259775500952091,0.7259775500952091,1,4.9,-3.566121261124376
0.7257964860841374,0.0042098788791321,9130.676593846074,5.7261725156002985,-0.0059676501815255,3,5,0.1,1.624385259608613,0.2762221787753423,1,5.239572499706403,1.47,0.3,1,10,1,19.847513691542417,0.8,0.2762221787753423,0.2762221787753423,1,4.9,-1.526368060549828
0.6455997510010787,0.0547271507601573,775.1802457472928,2.053160001261704,-0.0894929906792575,3,5,0.1,5.175974778293185,0.9950640780052308,1,5.059355528877433,1.47,0.3,1,10,1,16.066927900237644,0.8,0.9950640780052308,0.9950640780052308,1,4.9,-6.015113732936609
0.5395875231217188,0.0587191541702265,24.66861580191856,2.1580892866870145,-0.0819133375234571,3,5,0.1,6.625047317928179,0.9706624681062654,1,3.459780402178992,1.47,0.3,1,10,1,2.315289819597581,0.8,0.9706624681062654,0.9706624681062654,1,4.9,-4.916235986084166
0.4029250145767357,0.0240717094439312,40.065384896045295,3.917630110669888,-0.0130747642323907,3,5,0.1,3.2726497072853062,0.5449592179635108,1,5.332311170737555,1.47,0.3,1,10,1,1.2949777084566358,0.8,0.5449592179635108,0.5449592179635108,1,4.9,-2.97083280121348
0.6460733277796631,0.0734905009463715,218.806612648428,2.2141908430737645,-0.127305414508294,3,5,0.1,7.67770236974888,0.9147167669914452,1,19.246375427363915,1.47,0.3,1,10,1,9.502259650940513,0.8,0.9147167669914452,0.9147167669914452,1,4.9,-4.223021763110348
0.7259985697534752,0.0227266671142939,719.0209629121011,5.656313450826526,-0.034762629004355,3,5,0.1,2.998901723363245,0.2826058199302796,1,6.592223914976431,1.47,0.3,1,10,1,12.771718630567246,0.8,0.2826058199302796,0.2826058199302796,1,4.9,-1.2075391829714377
0.632476567930555,0.0058772219801594,414.6324380998668,5.769819854711694,-0.0071387581312677,3,5,0.1,1.776565636437999,0.3031812844032759,1,13.469788349787912,1.47,0.3,1,10,1,3.2262104136504406,0.8,0.3031812844032759,0.3031812844032759,1,4.9,-1.679294017417515
0.623033693152955,0.0525439202024456,888.2093133653962,2.955672887560035,-0.1119522894722328,3,5,0.1,5.70990997200734,0.6826877210443691,1,1.76849555483308,1.47,0.3,1,10,1,17.64078898179378,0.8,0.6826877210443691,0.6826877210443691,1,4.9,-3.156110419335967
0.7201609098125314,0.0013524795718456,15662.513078354246,5.607313698166382,-0.0021987447841863,3,5,0.1,1.2491898316797956,0.2867797597413745,1,6.380072916361688,1.47,0.3,1,10,1,14.48967901135583,0.8,0.2867797597413745,0.2867797597413745,1,4.9,-2.058732594598059
0.6446793080981297,0.0994359245750882,392.80931758650894,2.666706634441859,-0.1992416853611969,3,5,0.1,31.943864171682005,0.751451668161263,1,2.9190610800402017,1.47,0.3,1,10,1,15.925699556086052,0.8,0.751451668161263,0.751451668161263,1,4.9,-2.6503136582090967
0.661528832883314,0.0303241337984153,582.2379505067667,3.191565018152452,-0.0686209179233519,3,5,0.1,3.1498285763418004,0.6061288147089281,1,10.641604578387163,1.47,0.3,1,10,1,10.91282016011144,0.8,0.6061288147089281,0.6061288147089281,1,4.9,-3.66689916451432
0.6736153563589445,0.0090068796020011,313.58457606257525,6.391460775327291,4.8446049493193306e-05,3,5,0.1,2.086104868228325,0.2517027104856417,1,18.48420378281411,1.47,0.3,1,10,1,3.829912747410331,0.8,0.2517027104856417,0.2517027104856417,1,4.9,-1.1677759093014828
0.6568649186715314,0.0682751310060508,791.4658413005452,2.4698732735402573,-0.1302355563347703,3,5,0.1,6.630220471628586,0.8091242341365861,1,13.466367771173324,1.47,0.3,1,10,1,18.53482418299807,0.8,0.8091242341365861,0.8091242341365861,1,4.9,-3.7708234897622495
0.7186872736496657,0.0063913670940837,2516.846076497179,5.549013915929792,-0.0109201953100033,3,5,0.1,1.802427342802214,0.2920392914607543,1,19.78475429655875,1.47,0.3,1,10,1,12.32716167351748,0.8,0.2920392914607543,0.2920392914607543,1,4.9,-1.5652052046020373
0.6301256128713578,0.0610794642885855,93.8080252926131,2.188580856336936,-0.1026134689815824,3,5,0.1,6.000710620677648,0.9303144038949644,1,4.966884671916662,1.47,0.3,1,10,1,5.723459142662168,0.8,0.9303144038949644,0.9303144038949644,1,4.9,-4.85864319561996
0.2808510168864041,0.0145666428641927,52.30331236266922,3.6927379752291984,0.0148514684109395,3,5,0.1,2.7732864608174594,0.5982101484565691,1,6.044567949014878,1.47,0.3,1,10,1,0.9094506908375292,0.8,0.5982101484565691,0.5982101484565691,1,4.9,-4.014647142603442
0.5431872166650697,0.0387418928739702,223.07359994322167,2.213006413173265,-0.0627267835020297,3,5,0.1,5.589325599140705,0.989878925881464,1,1.048057607141693,1.47,0.3,1,10,1,7.149870331770991,0.8,0.989878925881464,0.989878925881464,1,4.9,-5.623391009574297
0.650361733182617,0.0899754562411156,191.69439250627823,2.383506592668112,-0.1656631049701898,3,5,0.1,12.86193100961648,0.8427674946784516,1,17.052384802663898,1.47,0.3,1,10,1,10.11546961027374,0.8,0.8427674946784516,0.8427674946784516,1,4.9,-3.3162448460152127
0.6489417739207658,0.0507156095002936,588.2465412498473,2.7392136115196943,-0.1037294747227473,3,5,0.1,4.763671190490694,0.7267014436601332,1,3.730596904527336,1.47,0.3,1,10,1,13.959329095049211,0.8,0.7267014436601332,0.7267014436601332,1,4.9,-3.7611123604765417
0.6556845997160761,0.0281282851995066,628.9265474609377,2.9070141154456954,-0.0599370102579593,3,5,0.1,3.023662432934753,0.6759009274102229,1,7.100845375334818,1.47,0.3,1,10,1,10.788138061261623,0.8,0.6759009274102229,0.6759009274102229,1,4.9,-4.709323873154952
0.6566450422118337,0.0631324366186703,889.7493656439202,3.199071111487434,-0.1436331497946998,3,5,0.1,6.328298265656749,0.607964888448689,1,3.2348433538448003,1.47,0.3,1,10,1,19.71753653399969,0.8,0.607964888448689,0.607964888448689,1,4.9,-2.612089367210732
0.6987914666850288,0.0116553016623577,2535.1992901150807,5.276058577520543,-0.0242720692828165,3,5,0.1,2.230574433402916,0.3172318239378655,1,2.567162330975532,1.47,0.3,1,10,1,16.589242897326386,0.8,0.3172318239378655,0.3172318239378655,1,4.9,-1.5826286856475136
0.6986630954113722,0.0500791143462906,407.18851257463166,4.610816533463916,-0.1226613690409013,3,5,0.1,4.933231874258115,0.3809086208120989,1,17.12020873122057,1.47,0.3,1,10,1,12.927406806424338,0.8,0.3809086208120989,0.3809086208120989,1,4.9,-1.548717237640428
0.3107554871754454,0.0346388972368056,35.84825995889872,2.302443612129612,-0.0161625888941563,3,5,0.1,4.518684155904966,0.9026136296185208,1,11.518225590899746,1.47,0.3,1,10,1,1.1180100651484552,0.8,0.9026136296185208,0.9026136296185208,1,4.9,-5.6352069750790825
0.6526336094546608,0.0547490926896696,911.4235850351988,2.1865215184494184,-0.0946854182271907,3,5,0.1,5.037226745851609,0.9255419314726236,1,10.928393248654965,1.47,0.3,1,10,1,17.5405100551898,0.8,0.9255419314726236,0.9255419314726236,1,4.9,-5.4004699984156606
0.7642335699160355,0.0001243588596514,17425.422309111575,7.3184062078274685,0.0007290478702159,3,5,0.1,0.887081483399624,0.183393632711214,1,6.4761354453051725,1.47,0.3,1,10,1,5.17763259849952,0.8,0.183393632711214,0.183393632711214,1,4.9,-1.1810264419195171
0.3817777413929194,0.0467043831036166,20.9310269420628,5.0656999096644695,0.0281408467826204,3,5,0.1,6.704931175870746,0.4094035000533525,1,14.046244269710554,1.47,0.3,1,10,1,1.2233598694810526,0.8,0.4094035000533525,0.4094035000533525,1,4.9,-1.5914123833624565
0.6764277302438423,0.0266903595800165,716.3039387074334,4.30679790564719,-0.0668022936220501,3,5,0.1,3.0872798947973084,0.4215885640360334,1,3.3683738301678434,1.47,0.3,1,10,1,12.311771383770012,0.8,0.4215885640360334,0.4215885640360334,1,4.9,-2.062461893484574
0.3571634293587984,0.0002618135295174,20965.504876499697,2.4114996577612,-0.0004327261920565,3,5,0.1,12.005647046234705,0.9537307381779676,1,0.041013164900258,1.47,0.3,1,10,1,5.969338738892565,0.8,0.9537307381779676,0.9537307381779676,1,4.9,-3.902464992242496
0.4741431447013924,0.028610529232554,50.61987653015805,4.775385687375683,-0.026608320257116,3,5,0.1,3.500134744504325,0.4183218043307482,1,12.792351546829243,1.47,0.3,1,10,1,1.6828262883396734,0.8,0.4183218043307482,0.4183218043307482,1,4.9,-1.9336415307684327
0.6491194408892134,0.1002041631091216,376.578113483526,2.0788089276677426,-0.1658379872438326,3,5,0.1,24.03535280223212,0.9792258413518604,1,9.925868668492448,1.47,0.3,1,10,1,15.150900133580087,0.8,0.9792258413518604,0.9792258413518604,1,4.9,-3.6069740434212414
0.6388479862934001,0.0599896356749909,278.2913905437152,2.6717494308910537,-0.1195117410387271,3,5,0.1,6.0138770223560645,0.7517651137925113,1,2.870212270477979,1.47,0.3,1,10,1,10.362199139109196,0.8,0.7517651137925113,0.7517651137925113,1,4.9,-3.537777259149294
0.6622745123487653,0.0368382758417096,799.098937705987,3.0348438296620577,-0.0811908588175692,3,5,0.1,3.544965457381251,0.6416326309110163,1,17.69761575141008,1.47,0.3,1,10,1,13.996036586026646,0.8,0.6416326309110163,0.6416326309110163,1,4.9,-3.7024129193563375
0.3766244987278039,0.0530290049718129,28.35519778976737,2.110905221425688,-0.0466980455937306,3,5,0.1,6.776568710161874,0.987481564894516,1,10.334190443720283,1.47,0.3,1,10,1,1.3761485558649074,0.8,0.987481564894516,0.987481564894516,1,4.9,-4.987381314274577
0.073496250217423,0.0127287564834916,17.744147361406295,4.315408372801833,0.2447372049913836,3,5,0.1,5.853775639653916,0.540710396439014,1,19.83493683877905,1.47,0.3,1,10,1,0.381469758987723,0.8,0.540710396439014,0.540710396439014,1,4.9,-2.2975580576131094
0.823141857321923,0.000345671608865,15677.044389585755,7.494579881205087,0.0055658391218832,3,5,0.1,1.0690210893874288,0.1466986926245808,1,9.825027340738783,1.47,0.3,1,10,1,10.0502092792768,0.8,0.1466986926245808,0.1466986926245808,1,4.9,-0.7193192372203789
0.6534554205303198,0.0377030975943308,1487.2893689436064,2.4407801150331045,-0.0711392924355309,3,5,0.1,3.6378981857977,0.8219122947258986,1,6.676100160586881,1.47,0.3,1,10,1,18.868174281276307,0.8,0.8219122947258986,0.8219122947258986,1,4.9,-5.794291657493103
0.6749459262728852,0.0225257042149979,1278.6230909298774,3.792339023898249,-0.0555938193422631,3,5,0.1,2.714012475744062,0.4921718865760065,1,15.6507906374957,1.47,0.3,1,10,1,14.556303425436786,0.8,0.4921718865760065,0.4921718865760065,1,4.9,-2.8439595213911097
0.6661105731248989,0.0185251084245179,1582.2252910605805,3.375276562240296,-0.0434476024679802,3,5,0.1,2.4680949157055188,0.5673008726744934,1,10.73867822278915,1.47,0.3,1,10,1,14.336147628882076,0.8,0.5673008726744934,0.5673008726744934,1,4.9,-4.07829753996648
0.707259826576588,0.0029948303580602,3820.716013463588,5.324948032456442,-0.0059576409055536,3,5,0.1,1.4708850453136988,0.3126733871869936,1,6.417091554163498,1.47,0.3,1,10,1,10.264970788635436,0.8,0.3126733871869936,0.3126733871869936,1,4.9,-2.067979866646908
0.6557415232015207,0.0831761326594742,622.8575581200214,2.36948307555558,-0.1535753762940505,3,5,0.1,9.93716307128028,0.8470041251885169,1,19.040647758509323,1.47,0.3,1,10,1,18.01105501586002,0.8,0.8470041251885169,0.8470041251885169,1,4.9,-3.5242675985195326
0.5518148209957771,0.0243135332506192,120.23541105442064,3.088612658653758,-0.0453215283356332,3,5,0.1,2.8821505435740686,0.658341155737773,1,11.925234457789308,1.47,0.3,1,10,1,2.748168981455524,0.8,0.658341155737773,0.658341155737773,1,4.9,-4.698881780361242
0.6787405604192234,0.0843174206072849,207.2378960061899,4.041310212866534,-0.2103198140403396,3,5,0.1,13.366228791746677,0.4548629980030766,1,3.490948980187362,1.47,0.3,1,10,1,11.577120775829934,0.8,0.4548629980030766,0.4548629980030766,1,4.9,-1.6469893821557982
0.5956791408239029,0.0364096597155429,111.6245904964078,3.002784942704128,-0.0724995302865761,3,5,0.1,3.605176136736358,0.669574099063752,1,13.298284300537365,1.47,0.3,1,10,1,3.712545141515269,0.8,0.669574099063752,0.669574099063752,1,4.9,-3.938857365468074
0.6558179299553899,0.0586453947397888,1012.9289966926686,2.363673225282985,-0.1081101163665411,3,5,0.1,5.389932186210787,0.8493285929060299,1,17.51923358569346,1.47,0.3,1,10,1,19.30691276697897,0.8,0.8493285929060299,0.8493285929060299,1,4.9,-4.47730952877207
0.6635069703937,0.0857714865524075,504.3789746070475,2.861167242752234,-0.1823538092505911,3,5,0.1,10.721155673367532,0.6848064650119331,1,13.61697798204962,1.47,0.3,1,10,1,16.943019330470147,0.8,0.6848064650119331,0.6848064650119331,1,4.9,-2.6824861267109306
0.6603362088376451,0.0267303768566279,1973.6383306618177,3.21180752740318,-0.0610364889050564,3,5,0.1,2.963417138360505,0.6034071651270895,1,4.739503844185022,1.47,0.3,1,10,1,19.122749447950348,0.8,0.6034071651270895,0.6034071651270895,1,4.9,-3.8319617950231937
0.7249802534090326,0.0130378811807435,362.44292274311965,6.252771178478861,-0.0017692915752323,3,5,0.1,2.47933712757329,0.2432859228774548,1,2.4153762474007023,1.47,0.3,1,10,1,7.145264948198697,0.8,0.2432859228774548,0.2432859228774548,1,4.9,-1.051764215492227
0.497186749761489,0.0158356264906887,2534.878496770917,2.7536411825396496,-0.0300164796360254,3,5,0.1,3.5470728647018483,0.8153007344129363,1,0.6666681171813775,1.47,0.3,1,10,1,15.943522077233547,0.8,0.8153007344129363,0.8153007344129363,1,4.9,-5.861095694350681
0.649025308091534,0.0396747389060832,439.8173244427232,2.351248861147809,-0.072232305180827,3,5,0.1,3.760554886284714,0.8560417464665008,1,18.002702263614356,1.47,0.3,1,10,1,10.085758060626544,0.8,0.8560417464665008,0.8560417464665008,1,4.9,-6.08615107549574
0.6170584470346336,0.0595325129946363,113.13362686471204,2.1694760705221108,-0.0981655919456412,3,5,0.1,5.679723212055554,0.9453148820819428,1,15.99232742715097,1.47,0.3,1,10,1,5.14581496582918,0.8,0.9453148820819428,0.9453148820819428,1,4.9,-5.151741193394502
0.7088158945497108,0.0002190865596563,99410.58987075412,6.353474087921979,0.0001271297924044,3,5,0.1,0.9865623994751426,0.2267898410791105,1,1.1266715973986126,1.47,0.3,1,10,1,16.120555832881276,0.8,0.2267898410791105,0.2267898410791105,1,4.9,-1.630586850065885
0.1866394504579004,0.0078959463718998,51.4896927164732,3.160765965061342,0.0104544379205866,3,5,0.1,4.3521532876113165,0.7304064475821166,1,0.5010886273258103,1.47,0.3,1,10,1,0.7922046668944386,0.8,0.7304064475821166,0.7304064475821166,1,4.9,-4.001756039637892
0.0498803441947995,0.0085675745174557,9.153509522956696,4.408529279642398,0.2478534498067379,3,5,0.1,27.994565631072103,0.6247557650933395,1,0.9734091243901646,1.47,0.3,1,10,1,0.2883591356378202,0.8,0.6247557650933395,0.6247557650933395,1,4.9,-2.196919602595408
0.1982999581032432,0.0091227965777234,33.88738904472673,4.327509335965377,0.036646495478481,3,5,0.1,3.211160144569534,0.5781148936884581,1,0.983964129055829,1.47,0.3,1,10,1,0.6725355850133626,0.8,0.5781148936884581,0.5781148936884581,1,4.9,-3.322940951798234
0.0166243333764539,0.0006913501365367,34.31383720160989,9.858780556364332,0.2174585359910134,3,5,0.1,4.801326424131532,0.2971174580097411,1,0.5696781868648305,1.47,0.3,1,10,1,0.1566027937180919,0.8,0.2971174580097411,0.2971174580097411,1,4.9,-1.1575297965901292
0.1035418621044025,0.0045256753065096,57.84338038616821,2.7454609430357664,0.0200460742776928,3,5,0.1,4.219443358845616,0.8557667897482344,1,0.4823111811024431,1.47,0.3,1,10,1,0.5262930204744065,0.8,0.8557667897482344,0.8557667897482344,1,4.9,-5.415236620734831
0.1041007694643844,0.0004033593962058,584.1724579788277,5.502485301340371,0.0056349927626532,3,5,0.1,1.994918517311219,0.4254775546349794,1,0.2832550293951267,1.47,0.3,1,10,1,0.5176664291372802,0.8,0.4254775546349794,0.4254775546349794,1,4.9,-2.8232752644231702
0.3390593687790041,9.68498479726318e-06,26666.88483417176,12.352453259039187,0.0002962226592003,3,5,0.1,0.7854950123273494,0.1791410775405141,1,0.5241500823799534,1.47,0.3,1,10,1,0.9014290118826418,0.8,0.1791410775405141,0.1791410775405141,1,4.9,-1.276324197120509
0.0678428885477018,0.0020262518046473,106.7180465191349,2.5027040181115705,0.0133007037569722,3,5,0.1,4.870933928713025,0.9049542493000436,1,0.3079024800395858,1.47,0.3,1,10,1,0.4411673181884173,0.8,0.9049542493000436,0.9049542493000436,1,4.9,-5.324845822513968
0.0143884116914097,0.0026753495564632,8.6656771281981,4.623312012156881,0.3106462856380441,3,5,0.1,862.7061980840544,0.607002383083489,1,0.8997821454852961,1.47,0.3,1,10,1,0.1508284918435406,0.8,0.607002383083489,0.607002383083489,1,4.9,-2.02666853885977
0.0009066565627164,7.569018189557841e-05,25.2864986998892,3.873739743308177,0.1144557169715789,3,5,0.1,5.083966875016847,0.7031153550098723,1,0.7328830374285495,1.47,0.3,1,10,1,0.0383139796472149,0.8,0.7031153550098723,0.7031153550098723,1,4.9,-3.4603900717514016
0.0178087942167605,0.0013812715608855,27.702982251420227,2.9002772971683903,0.0715740826984488,3,5,0.1,4.276824535407288,0.9252596904448014,1,0.8492877649773585,1.47,0.3,1,10,1,0.1716404106192217,0.8,0.9252596904448014,0.9252596904448014,1,4.9,-6.228183406577285
0.2162155611065346,0.0027040013820288,157.74884444315882,5.479865626172045,0.0093596625739345,3,5,0.1,4.568653678459503,0.4022231208172258,1,0.2404647263594773,1.47,0.3,1,10,1,0.8965820048340076,0.8,0.4022231208172258,0.4022231208172258,1,4.9,-1.6873744556840258
0.0017748395704754,1.2685385412405838e-06,5190.559865226704,3.679272672312604,0.0007674845898176,3,5,0.1,3.033786687276782,0.6133158248743459,1,0.0562975111258474,1.47,0.3,1,10,1,0.0661417501351717,0.8,0.6133158248743459,0.6133158248743459,1,4.9,-3.869824486015883
0.1721551099609385,0.0105137316313363,42.15852753338702,2.675523995604129,0.0072074924165702,3,5,0.1,76.70272394022052,0.845392330201788,1,0.3281697100391115,1.47,0.3,1,10,1,0.8329904791923587,0.8,0.845392330201788,0.845392330201788,1,4.9,-2.8923578862636283
0.0545599297036303,0.0063234451701802,19.25280074052428,3.3104831407917943,0.0990528722458071,3,5,0.1,30.791620435195643,0.7485168970690576,1,0.5245521162331747,1.47,0.3,1,10,1,0.3406948754301382,0.8,0.7485168970690576,0.7485168970690576,1,4.9,-2.6450891032663115
0.2142862367686969,0.0235996027918674,15.25993049468632,3.545086897855027,0.0358599228229753,3,5,0.1,16.181073616742935,0.6663603998007444,1,0.667041335532061,1.47,0.3,1,10,1,0.8036904323168439,0.8,0.6663603998007444,0.6663603998007444,1,4.9,-2.457326029084204
0.238129132450201,0.0269451574600806,15.058855585046064,2.4610789158032405,0.0096701563233226,3,5,0.1,9.238929405381104,0.9592850182006124,1,0.8821365512281667,1.47,0.3,1,10,1,0.8589355795322146,0.8,0.9592850182006124,0.9592850182006124,1,4.9,-4.220004704049449
0.1684581857659365,0.0028151263586201,106.73750306803446,4.724705109358825,0.0161636202282733,3,5,0.1,2.2559344038708784,0.5182640573282127,1,0.6740085949558718,1.47,0.3,1,10,1,0.6384735927108547,0.8,0.5182640573282127,0.5182640573282127,1,4.9,-3.7235240245354966
0.1603683570683337,0.0001862222050234,2516.9626259316715,3.400535667952881,0.0002366486195894,3,5,0.1,3.017833462173237,0.6493345044078112,1,0.082691030866501,1.47,0.3,1,10,1,0.8424054030863323,0.8,0.6493345044078112,0.6493345044078112,1,4.9,-4.346748768808627
0.1604579562431299,6.453544006231447e-05,5383.011872745752,5.785505374076614,0.0004812034411066,3,5,0.1,1.6809668826807072,0.3837890927065424,1,0.1193954438332108,1.47,0.3,1,10,1,0.7203434999808997,0.8,0.3837890927065424,0.3837890927065424,1,4.9,-2.7378333561275845
0.0014044599731241,5.461356630209946e-05,95.2092153218184,2.3804291095034755,0.0245763736515682,3,5,0.1,7.61021026990765,0.9589468418769228,1,0.2725871158076297,1.47,0.3,1,10,1,0.0578326702121064,0.8,0.9589468418769228,0.9589468418769228,1,4.9,-4.527724149273027
0.2403795940293978,0.0092350715844307,51.3469637781386,3.664077896917899,0.0052339922102391,3,5,0.1,4.15748824599924,0.621857517582427,1,0.5178810980829196,1.47,0.3,1,10,1,0.9614572939213184,0.8,0.621857517582427,0.621857517582427,1,4.9,-3.1841583635007176
0.2079401157520331,0.0179813283379685,26.63934317360432,2.438249187834159,0.001106735000943,3,5,0.1,75.01083715689963,0.9362894275895464,1,0.4393188761708836,1.47,0.3,1,10,1,0.9344305919051592,0.8,0.9362894275895464,0.9362894275895464,1,4.9,-3.2145890077517905
0.0208574314610178,0.0025905675134839,15.359949205814354,4.491332445233652,0.1917390636537197,3,5,0.1,16.475936855459953,0.5964559417561335,1,0.6452817572505346,1.47,0.3,1,10,1,0.1900692679424419,0.8,0.5964559417561335,0.5964559417561335,1,4.9,-2.1716246829968675
0.1750233937317668,0.0081538779236954,55.16983545463215,3.077379325065765,0.0073240400636433,3,5,0.1,51.680600375997,0.7309540348085378,1,0.2810204936087001,1.47,0.3,1,10,1,0.8472302190938538,0.8,0.7309540348085378,0.7309540348085378,1,4.9,-2.5196673272235586
0.0133823943357686,0.000299881032967,143.1384718192717,3.944191954999573,0.026083245735116,3,5,0.1,8.791632750138643,0.5895283851547004,1,0.1988015967076622,1.47,0.3,1,10,1,0.1770936236298343,0.8,0.5895283851547004,0.5895283851547004,1,4.9,-2.329589432801089
0.1280425950924652,0.0061838010102985,44.963037727059074,2.956924300332411,0.0237184419819313,3,5,0.1,3.81545142823858,0.8140761140999996,1,0.6236579016572965,1.47,0.3,1,10,1,0.5672185233940759,0.8,0.8140761140999996,0.8140761140999996,1,4.9,-5.403904557221752
0.0062801485399713,0.0002994832429114,70.2384738697096,2.562086034970652,0.0332567543372683,3,5,0.1,6.457292618126874,0.9132187200781908,1,0.3396577556995053,1.47,0.3,1,10,1,0.1192118896929988,0.8,0.9132187200781908,0.9132187200781908,1,4.9,-4.543310680019186
0.0510412076578453,0.0057662028808356,17.743605874343398,2.6804520613238747,0.0831144959328154,3,5,0.1,6.69554219072826,0.9772878114524556,1,0.8775413347331156,1.47,0.3,1,10,1,0.3030501996480392,0.8,0.9772878114524556,0.9772878114524556,1,4.9,-4.940105317450676
0.1192760287604539,0.0108086616542377,23.21920407428845,3.417225355611168,0.0564005378656155,3,5,0.1,12.687249117184711,0.7013496087926738,1,0.517766439423126,1.47,0.3,1,10,1,0.5519143640733041,0.8,0.7013496087926738,0.7013496087926738,1,4.9,-2.68403615460614
0.2728196137145444,0.0250829195720971,14.794181210414326,5.466620850378898,0.0649940961658085,3,5,0.1,29.94583875561781,0.4208896665278183,1,0.599240501339478,1.47,0.3,1,10,1,0.9365388703062382,0.8,0.4208896665278183,0.4208896665278183,1,4.9,-1.4505359847522996
0.2704103307345192,0.0370841264398342,9.822031948099196,4.065845662924772,0.0447562556016121,3,5,0.1,24.528693625622115,0.5834866196914609,1,0.9170731865232532,1.47,0.3,1,10,1,0.8961142066897778,0.8,0.5834866196914609,0.5834866196914609,1,4.9,-2.059254632926184
0.0641236384706951,0.0063413722755254,24.3093957723414,2.825872477669632,0.0635637686300909,3,5,0.1,13.517470297831457,0.8578235351744798,1,0.5115847235645288,1.47,0.3,1,10,1,0.3820463740139203,0.8,0.8578235351744798,0.8578235351744798,1,4.9,-3.356409321801827
0.1447535900222885,2.871254969454692e-05,15236.186297165146,2.696292070121159,2.7718748556048846e-05,3,5,0.1,7.2083262110201405,0.8102485015814329,1,0.0202693933880059,1.47,0.3,1,10,1,0.8036476309369186,0.8,0.8102485015814329,0.8102485015814329,1,4.9,-3.66103426816845
0.1525134959032821,0.003560044811268,87.81920372919042,4.007389996424917,0.0160475445124815,3,5,0.1,2.7588624258889403,0.595051666787846,1,0.5540967425532708,1.47,0.3,1,10,1,0.6370733886582934,0.8,0.595051666787846,0.595051666787846,1,4.9,-3.993129642191832
0.1143184748428012,0.0002626927335606,1447.394319885981,2.7577865740691445,0.0005982386692476,3,5,0.1,3.496845122830556,0.7969041450619714,1,0.0976259014159832,1.47,0.3,1,10,1,0.6711584520072974,0.8,0.7969041450619714,0.7969041450619714,1,4.9,-5.672909834678888
0.2684016928755505,0.0230333532949653,19.103785402476,2.8114091218051067,0.004811170276743,3,5,0.1,5.578453851539979,0.8347251163314796,1,0.9578772610939374,1.47,0.3,1,10,1,0.927707963697709,0.8,0.8347251163314796,0.8347251163314796,1,4.9,-4.2750214704231855
0.180272787321025,0.0064688275623478,68.43066793794584,3.237032738260497,0.0069874232760935,3,5,0.1,6.542700647309259,0.698021149688129,1,0.3348614749977549,1.47,0.3,1,10,1,0.8387543907277459,0.8,0.698021149688129,0.698021149688129,1,4.9,-3.0979227453183675
0.2600226462874224,0.0247399512265917,17.87896069248473,3.645030280783897,0.0105688668985279,3,5,0.1,14.889952331208844,0.630051736453155,1,0.6107304145294606,1.47,0.3,1,10,1,0.980580610778975,0.8,0.630051736453155,0.630051736453155,1,4.9,-2.3302429301775582
0.1632989501994169,0.0001961620301083,2227.279777507207,4.094007586740883,0.000460564874059,3,5,0.1,4.280456995312409,0.5377611476302384,1,0.0657560762859754,1.47,0.3,1,10,1,0.8162314085407859,0.8,0.5377611476302384,0.5377611476302384,1,4.9,-2.535917785362713
0.0742946661401387,2.6485720817810383e-05,9348.878682541068,3.41832151362669,0.0002183075756113,3,5,0.1,5.774683461154553,0.6448709211748556,1,0.0277742519155086,1.47,0.3,1,10,1,0.4877458371455537,0.8,0.6448709211748556,0.6448709211748556,1,4.9,-2.907056076793197
0.1559390836033181,0.0082889905966951,44.6520582530873,2.474111261642999,0.0116684903922389,3,5,0.1,5.122237100968812,0.9358454468554152,1,0.5069552545829668,1.47,0.3,1,10,1,0.7053226034930117,0.8,0.9358454468554152,0.9358454468554152,1,4.9,-5.437539394973211
0.0193689787219685,0.001550901994089,31.564800991207832,3.3087977890645406,0.0787780561965909,3,5,0.1,7.670766136411918,0.7553739330840057,1,0.4972267066379983,1.47,0.3,1,10,1,0.1960200038155944,0.8,0.7553739330840057,0.7553739330840057,1,4.9,-3.2690556327793523
0.1800235268911504,0.0078700306532488,28.80048524666253,7.797420626476271,0.1219855287095896,3,5,0.1,4.271689311728434,0.3305878334990894,1,0.7100485595365876,1.47,0.3,1,10,1,0.6060982414716344,0.8,0.3305878334990894,0.3305878334990894,1,4.9,-1.344800325650919
0.0903266911735023,0.0044439085311545,38.30398292180179,3.745038673136264,0.0495350399213278,3,5,0.1,3.24526135415768,0.6988693729194204,1,0.865655029003185,1.47,0.3,1,10,1,0.4111203433124332,0.8,0.6988693729194204,0.6988693729194204,1,4.9,-4.682400834812411
0.1936444457715044,0.0067653416038831,80.03236076651702,2.5621715212464053,-0.0003868350857047,3,5,0.1,15.402410251112052,0.8789328997695519,1,0.2623429048310056,1.47,0.3,1,10,1,0.9810337688150312,0.8,0.8789328997695519,0.8789328997695519,1,4.9,-3.379799362293678
0.0017111239090646,7.414079033588684e-05,72.68907794091663,2.614994383687041,0.0327511881461381,3,5,0.1,4.28846365232527,0.919740492032156,1,0.4186818709078309,1.47,0.3,1,10,1,0.0598618730425031,0.8,0.919740492032156,0.919740492032156,1,4.9,-6.136838839926597
0.0624457600989993,0.008446070323564,14.043846041651758,3.093928333650325,0.112173853750701,3,5,0.1,11.343294777119487,0.8409351718238859,1,0.8116628233955769,1.47,0.3,1,10,1,0.342268254632144,0.8,0.8409351718238859,0.8409351718238859,1,4.9,-3.389425767071735
0.00848630715983,0.0003996018438729,41.60315396168079,4.465825363439115,0.078655348583613,3,5,0.1,3.065772488092038,0.6329937079077251,1,0.8741820463793768,1.47,0.3,1,10,1,0.113139191586198,0.8,0.6329937079077251,0.6329937079077251,1,4.9,-4.071480292055652
0.0940993264750411,0.0063844584025112,37.07996575212512,3.423020924405058,0.0439824033869942,3,5,0.1,27.596518589038745,0.6800622629486374,1,0.3522528271851876,1.47,0.3,1,10,1,0.5068715833919829,0.8,0.6800622629486374,0.6800622629486374,1,4.9,-2.405172696917468
0.1668046300953145,0.0051376178766961,73.31741070981911,3.169030738337877,0.0101000177634042,3,5,0.1,3.405125274937709,0.7318140975887026,1,0.4968609097277608,1.47,0.3,1,10,1,0.7254726459407944,0.8,0.7318140975887026,0.7318140975887026,1,4.9,-4.893140898044447
0.1820834508449329,1.0491407639823275e-09,11224746.691571202,51.373039693522905,5.751483164040819e-06,3,5,0.1,0.5512416465241159,0.0544926983670164,1,0.1290446726316011,1.47,0.3,1,10,1,0.4345953708454341,0.8,0.0544926983670164,0.0544926983670164,1,4.9,-0.236101628633893
0.122557702605345,0.00072401554103,510.7162429823022,3.1956505698048154,0.0020912801938524,3,5,0.1,3.198821976467872,0.6948237920970908,1,0.1763750539351986,1.47,0.3,1,10,1,0.6716262487712713,0.8,0.6948237920970908,0.6948237920970908,1,4.9,-4.696300008208837
0.2794629872593561,0.017121692052834,26.490318608860463,3.501642461415829,0.0062291517569186,3,5,0.1,4.355294106265874,0.6635670600756259,1,0.8454479165503775,1.47,0.3,1,10,1,0.9714871401225073,0.8,0.6635670600756259,0.6635670600756259,1,4.9,-3.4319672234751195
0.0684348362346527,0.0008269960182891,299.1958933106139,2.251978250641657,0.0040884641658268,3,5,0.1,4.41893004830269,0.9758967381491088,1,0.189676097279071,1.47,0.3,1,10,1,0.4730617504434581,0.8,0.9758967381491088,0.9758967381491088,1,4.9,-6.711400996471145
0.2055972324596514,0.0057105085395541,92.98533038724176,2.4787501409016106,-0.0002854113361381,3,5,0.1,4.108114301613087,0.91436888049724,1,0.3852858052079034,1.47,0.3,1,10,1,0.9701753403670104,0.8,0.91436888049724,0.91436888049724,1,4.9,-6.341126927518628
0.0113250087955357,3.2088846075032e-05,1462.2585887805883,2.574514381316961,0.0017491876920249,3,5,0.1,5.648461739562961,0.8495847596691092,1,0.0732983359201087,1.47,0.3,1,10,1,0.176294573056421,0.8,0.8495847596691092,0.8495847596691092,1,4.9,-4.363265725897126
0.0003809975418316,3.6750708305877525e-05,22.43217277995616,2.740021871883561,0.0878775285593537,3,5,0.1,5.156462156156842,0.9896197299380224,1,0.8690393873854052,1.47,0.3,1,10,1,0.024654648739095,0.8,0.9896197299380224,0.9896197299380224,1,4.9,-5.973902829866546
0.0031514745953545,2.901129803885076e-06,4216.797645085996,2.249216959851927,0.0005182988223548,3,5,0.1,4.84664796747138,0.9778037815443958,1,0.0453029203608905,1.47,0.3,1,10,1,0.0904636831317165,0.8,0.9778037815443958,0.9778037815443958,1,4.9,-6.158382357231183
0.2024509182539831,0.0123512984290229,33.37775949103737,2.702622975573637,0.0094831141038297,3,5,0.1,4.996403023900021,0.8625085944477471,1,0.6274949617671101,1.47,0.3,1,10,1,0.813895459592697,0.8,0.8625085944477471,0.8625085944477471,1,4.9,-4.814130438417834
0.1472292755913228,0.0030326591680951,82.15510871849608,5.472064957997676,0.0297501460536948,3,5,0.1,2.467190216774408,0.4607399745225662,1,0.6829303958348009,1.47,0.3,1,10,1,0.5652738709642161,0.8,0.4607399745225662,0.4607399745225662,1,4.9,-2.721807427161352
0.260247353790874,9.963715330713874e-06,18909.87188333028,14.801934578439225,0.0006944422845763,3,5,0.1,0.9855742546901956,0.1517040445628422,1,0.2429679494049556,1.47,0.3,1,10,1,0.7186674971604737,0.8,0.1517040445628422,0.1517040445628422,1,4.9,-0.789086122166875
0.008962124575941,0.0001194952709487,297.2424172702402,2.523297368234307,0.0083691040704294,3,5,0.1,4.705092013035322,0.8817245971167205,1,0.1814517877326175,1.47,0.3,1,10,1,0.1526239234198061,0.8,0.8817245971167205,0.8817245971167205,1,4.9,-5.222823728411841
0.0639580669956663,0.0004477698027969,532.2932151518158,2.28847294373546,0.0024612599205218,3,5,0.1,4.291654922286001,0.95414140090872,1,0.1428262007207333,1.47,0.3,1,10,1,0.4597273970748469,0.8,0.95414140090872,0.95414140090872,1,4.9,-6.608880226072339
0.0123571193064066,0.000185747554685,237.431367560134,3.059354255996042,0.0122522753144653,3,5,0.1,3.9119025871844335,0.745402779752643,1,0.2248524892398384,1.47,0.3,1,10,1,0.1742072579937365,0.8,0.745402779752643,0.745402779752643,1,4.9,-4.473754269675494
0.0331828518275363,7.383223291442625e-05,1612.1873896989694,3.391118668179041,0.0017940273033425,3,5,0.1,4.646469210430411,0.6556732251286658,1,0.0746035314775807,1.47,0.3,1,10,1,0.3030880544680684,0.8,0.6556732251286658,0.6556732251286658,1,4.9,-3.258465045774358
0.0962081567708454,0.0005710848071826,528.8944097523987,3.179536588933734,0.0027838196294696,3,5,0.1,3.061840985298924,0.6994543231948472,1,0.1800497619187581,1.47,0.3,1,10,1,0.5661757525270521,0.8,0.6994543231948472,0.6994543231948472,1,4.9,-4.992881350635562
0.1578511019906335,0.0005745361479348,867.5866589188914,2.722564992863859,0.0003116131284287,3,5,0.1,4.581216870538425,0.8143853020935391,1,0.1071118211818366,1.47,0.3,1,10,1,0.8686250162097275,0.8,0.8143853020935391,0.8143853020935391,1,4.9,-4.638688619148901
0.0574352582663499,0.007249778471095,17.908702612987685,2.533070242572968,0.0759141134256106,3,5,0.1,18.68007604365568,0.977285033149103,1,0.6099964426954535,1.47,0.3,1,10,1,0.3488256563920217,0.8,0.977285033149103,0.977285033149103,1,4.9,-3.7105779216227006
0.0005885754526026,2.088800519684329e-05,93.56648403084446,2.993010463580891,0.0309235503664209,3,5,0.1,4.9963968305656445,0.7879318386574546,1,0.3209648204475658,1.47,0.3,1,10,1,0.0360243224304563,0.8,0.7879318386574546,0.7879318386574546,1,4.9,-4.155539648239147
0.0183514509806032,0.0029819869724213,11.179602642076842,3.9012815374126064,0.2123314643178821,3,5,0.1,31.75079933796575,0.696340335644066,1,0.7878079573599742,1.47,0.3,1,10,1,0.1752098654559863,0.8,0.696340335644066,0.696340335644066,1,4.9,-2.446320834268782
0.0921205371954725,9.65396881066768e-06,29260.17139860313,2.692171782441461,3.788667460294958e-05,3,5,0.1,3.8366358637613,0.8086756194071597,1,0.0191893835990435,1.47,0.3,1,10,1,0.5647858212626953,0.8,0.8086756194071597,0.8086756194071597,1,4.9,-5.304324382120923
0.3305336249975132,0.000467498947825,698.1109087373546,9.795588001286273,0.0069150691035288,3,5,0.1,1.4441253830313714,0.2225396181140011,1,0.5123533456290169,1.47,0.3,1,10,1,0.9636632572464228,0.8,0.2225396181140011,0.2225396181140011,1,4.9,-1.1582759592703376
0.101113869763098,0.0031182423455704,83.75421397789731,3.580146090596725,0.020424697270539,3,5,0.1,4.532759688983067,0.6470826081012025,1,0.352682188023774,1.47,0.3,1,10,1,0.5317156865201655,0.8,0.6470826081012025,0.6470826081012025,1,4.9,-3.2342780105073103
0.1450667352181424,0.0009876565835782,436.8869867038209,3.201653419760946,0.0016500801923837,3,5,0.1,5.205776089975229,0.6916266679726105,1,0.1381951817675337,1.47,0.3,1,10,1,0.7738071046189543,0.8,0.6916266679726105,0.6916266679726105,1,4.9,-3.3411962563777635
0.2448812853451607,0.0096109935607168,42.18117106786317,3.671319849707527,0.0122758929367676,3,5,0.1,3.085303698133205,0.6469574872599144,1,0.8706039889833569,1.47,0.3,1,10,1,0.8430854088379253,0.8,0.6469574872599144,0.6469574872599144,1,4.9,-4.222492514263697
0.2184048199228167,0.0033106338342806,108.85332881926205,5.045559075189417,0.0127485543165829,3,5,0.1,2.2384447449677056,0.4722717443186336,1,0.6725988751544089,1.47,0.3,1,10,1,0.7732975387716983,0.8,0.4722717443186336,0.4722717443186336,1,4.9,-3.10067541049823
0.1601166560688225,0.0039891985019825,68.10412930134375,4.593400147802167,0.025680398954922,3,5,0.1,2.466773446532354,0.5495824564858899,1,0.8242439113951278,1.47,0.3,1,10,1,0.5905215403186759,0.8,0.5495824564858899,0.5495824564858899,1,4.9,-3.8153747304175454
0.1687140803124693,0.0061887401238051,69.74212660123115,2.3719850845827626,0.0044655362898456,3,5,0.1,4.382786318271898,0.9612089474193414,1,0.4309809999016543,1.47,0.3,1,10,1,0.7911262259036497,0.8,0.9612089474193414,0.9612089474193414,1,4.9,-6.562058344674249
0.1052454981000503,0.0033188168157719,57.94354854125158,4.607546585435935,0.0402397160670486,3,5,0.1,2.744440695794838,0.5630907931922013,1,0.7654779297638504,1.47,0.3,1,10,1,0.4533916812666965,0.8,0.5630907931922013,0.5630907931922013,1,4.9,-3.600843807316864
0.1756493176137247,0.0219443086318301,13.074208397116374,3.406227672978197,0.0638068415122812,3,5,0.1,12.52434033978004,0.7205285284657986,1,0.8144745501511809,1.47,0.3,1,10,1,0.6580324442825177,0.8,0.7205285284657986,0.7205285284657986,1,4.9,-2.774157021670224
0.0770055362598371,0.0012501528362756,206.30024389784268,2.603173774283876,0.006582205564809,3,5,0.1,4.552832738112135,0.8545835873638048,1,0.2228804487954526,1.47,0.3,1,10,1,0.4947227736795185,0.8,0.8545835873638048,0.8545835873638048,1,4.9,-5.0684819614375005
0.1544394994346976,0.0017636397763871,260.59644374380724,2.800818736968925,0.0016420970701873,3,5,0.1,4.197584982036779,0.7955771594606997,1,0.2080994238164463,1.47,0.3,1,10,1,0.8142674225390955,0.8,0.7955771594606997,0.7955771594606997,1,4.9,-4.754610369991607
0.1137298433639929,0.001604187858529,138.03945422158563,5.50732821668233,0.0216634719990014,3,5,0.1,2.3811418278112684,0.4479182487070969,1,0.4987442333392837,1.47,0.3,1,10,1,0.505890054453806,0.8,0.4479182487070969,0.4479182487070969,1,4.9,-2.661071552339237
0.190894394055776,0.0033181173566728,140.43183496673507,3.627033344947017,0.0036933537464465,3,5,0.1,3.895538826140687,0.6183299308075252,1,0.2969931170403716,1.47,0.3,1,10,1,0.8824536465714724,0.8,0.6183299308075252,0.6183299308075252,1,4.9,-3.2734816106652964
0.0230411414197289,0.0006758592100745,66.02795825506833,4.916309083781288,0.0535919074687777,3,5,0.1,2.517916991162124,0.5694790655891352,1,0.8187571069072894,1.47,0.3,1,10,1,0.1895606324256022,0.8,0.5694790655891352,0.5694790655891352,1,4.9,-4.019459590878489
0.1243639664108154,0.000986097406994,388.0465683145519,2.99420167292338,0.0023432944655783,3,5,0.1,3.8474503306393832,0.7407862522063522,1,0.1765492753322785,1.47,0.3,1,10,1,0.6869191855293068,0.8,0.7407862522063522,0.7407862522063522,1,4.9,-4.483572137953502
0.1223343057911385,0.0007783121532893,283.23816356455006,6.762156255011776,0.0140503807169814,3,5,0.1,2.0094626775646853,0.3626745643283378,1,0.4214530460561874,1.47,0.3,1,10,1,0.5243092095686349,0.8,0.3626745643283378,0.3626745643283378,1,4.9,-2.088397525471869
0.130902589010756,0.004395170513117,54.429075463861295,6.479044903092374,0.064508269570269,3,5,0.1,8.783408977920296,0.3670422312123562,1,0.3216910560312435,1.47,0.3,1,10,1,0.5681600059112387,0.8,0.3670422312123562,0.3670422312123562,1,4.9,-1.3556584417010704
0.0001585255138519,9.504029280128566e-06,42.92161659899072,2.907372078558589,0.0556413622083187,3,5,0.1,4.12972154102074,0.884868091714565,1,0.6060231861120803,1.47,0.3,1,10,1,0.016866812520308,0.8,0.884868091714565,0.884868091714565,1,4.9,-5.898639100021537
0.0668961424635487,3.76968508924355e-05,6066.155587376103,2.365071949644352,0.0002077925864644,3,5,0.1,4.642105120117933,0.9180813614281464,1,0.0384057624398381,1.47,0.3,1,10,1,0.4684658912884918,0.8,0.9180813614281464,0.9180813614281464,1,4.9,-5.68263283179518
0.1836794233022818,0.0317954398933274,8.74966889086024,3.0861945113319056,0.0739897454065264,3,5,0.1,94.9245567580905,0.8013571346117431,1,0.9735046459720336,1.47,0.3,1,10,1,0.6654928474398119,0.8,0.8013571346117431,0.8013571346117431,1,4.9,-2.72486511136048
0.0157966288845789,0.0002436810524448,265.8336464515729,2.2715426091560875,0.0079570511939323,3,5,0.1,11.304356828493525,0.964758563865991,1,0.1447283750443132,1.47,0.3,1,10,1,0.2090003779071206,0.8,0.964758563865991,0.964758563865991,1,4.9,-4.015490138014714
0.1301728533024268,0.0062461161355982,49.57054655520795,3.438748244196976,0.0246644667833911,3,5,0.1,6.3036088871637705,0.6743329483135299,1,0.4024896207824414,1.47,0.3,1,10,1,0.6200250023638805,0.8,0.6743329483135299,0.6743329483135299,1,4.9,-2.9954775075642672
0.1836124733001134,0.0036540391142783,117.3879582796006,4.2045039248293135,0.0079454135897348,3,5,0.1,5.750849653581237,0.5316258011796037,1,0.2546970649227269,1.47,0.3,1,10,1,0.8371337679599389,0.8,0.5316258011796037,0.5316258011796037,1,4.9,-2.259450163434529
0.0112893387061373,7.6976730850006e-06,5717.749639361527,2.38218672515148,0.0003889943406423,3,5,0.1,4.233677047450161,0.9202943423637828,1,0.0421217019027916,1.47,0.3,1,10,1,0.1742929427657151,0.8,0.9202943423637828,0.9202943423637828,1,4.9,-6.225031546561883
0.2011563091689532,0.0119668165101253,30.03561095821625,2.8507219487815947,0.0174183073016155,3,5,0.1,3.8640098396034586,0.8461162940774789,1,0.8885832983666563,1.47,0.3,1,10,1,0.7294310539280345,0.8,0.8461162940774789,0.8461162940774789,1,4.9,-5.766938492067164
0.3041763974808095,0.009446840440968,48.41472997877871,4.155960843678329,0.0065703465435639,3,5,0.1,2.7272004848013967,0.5597570068271189,1,0.9859743000155232,1.47,0.3,1,10,1,0.9891849806221592,0.8,0.5597570068271189,0.5597570068271189,1,4.9,-3.580720846875608
0.0319068512206942,0.0013306770390753,40.40287377031528,5.996611626518884,0.0999942058648975,3,5,0.1,3.006415496699684,0.4815430690822176,1,0.9010636789993748,1.47,0.3,1,10,1,0.218283349828237,0.8,0.4815430690822176,0.4815430690822176,1,4.9,-2.5630391081883594
0.073319889023662,0.0013142103885779,175.39578633759572,2.8476837418594894,0.0091480493725949,3,5,0.1,3.6640593781147768,0.7940373638827369,1,0.2799682691076151,1.47,0.3,1,10,1,0.4627083992303034,0.8,0.7940373638827369,0.7940373638827369,1,4.9,-5.354149264234268
0.2529788265368849,0.0179406670393781,24.06516096870358,2.749378826500119,0.0065246238159607,3,5,0.1,4.581959763158126,0.8565583579543506,1,0.920824990849603,1.47,0.3,1,10,1,0.887691772538674,0.8,0.8565583579543506,0.8565583579543506,1,4.9,-5.06416867938478
0.0931508200860961,0.0046165456675971,40.56057424684549,3.344932383043624,0.0403360856127202,3,5,0.1,3.3804622581917303,0.7624140048265358,1,0.7789885942873356,1.47,0.3,1,10,1,0.4322914631313533,0.8,0.7624140048265358,0.7624140048265358,1,4.9,-5.364382991580133
0.0484118675389043,0.0033440495904825,34.734692937678126,3.615411898083535,0.0678729344814981,3,5,0.1,6.7559257567079145,0.6825336353500671,1,0.4851672962674025,1.47,0.3,1,10,1,0.3208547833303942,0.8,0.6825336353500671,0.6825336353500671,1,4.9,-2.976845782386153
0.0090185814074095,0.0006690514013816,31.42491210633075,2.759616536339885,0.0646697675859359,3,5,0.1,4.403638393699194,0.9533801480939204,1,0.7367334603048413,1.47,0.3,1,10,1,0.1243729243919731,0.8,0.9533801480939204,0.9533801480939204,1,4.9,-6.422178687220924
0.1128276349510142,0.0143617766585006,12.14821935197118,4.3108762212877565,0.1465306137365224,3,5,0.1,9.339313089908808,0.6127743687901214,1,0.964792586085006,1.47,0.3,1,10,1,0.4617399004924392,0.8,0.6127743687901214,0.6127743687901214,1,4.9,-2.4118200376533423
0.0018693727034995,0.0002333861282563,20.858198319870272,2.670673274121993,0.0997514398533818,3,5,0.1,53.21123083528303,0.9335452121469492,1,0.5009752473513676,1.47,0.3,1,10,1,0.0603060841160258,0.8,0.9335452121469492,0.9335452121469492,1,4.9,-3.2446410496161384
0.0690705101239843,0.0107879886614375,11.293925973463129,3.6687894103512617,0.1572832057866575,3,5,0.1,40.262509691389546,0.71033954434296,1,0.7603072488254156,1.47,0.3,1,10,1,0.3628249095237162,0.8,0.71033954434296,0.71033954434296,1,4.9,-2.469456908639149
0.2794089732260534,0.0088660571363584,30.878555992899905,10.205144472744358,0.1775015251897806,3,5,0.1,126.61953467837036,0.2173697202381748,1,0.3464233200993296,1.47,0.3,1,10,1,0.8491559913357719,0.8,0.2173697202381748,0.2173697202381748,1,4.9,-0.7274797777176047
0.0276212765341798,0.000188113600388,433.3457168854607,4.869353817099479,0.0102476883533529,3,5,0.1,5.055696513533007,0.4778414492483818,1,0.1351550002601082,1.47,0.3,1,10,1,0.256207265941162,0.8,0.4778414492483818,0.4778414492483818,1,4.9,-2.043461853496165
0.0074217931838322,6.296392554244641e-05,440.1840938063781,3.098081922923014,0.0070943360551306,3,5,0.1,3.5498119053919988,0.7288281658848326,1,0.1748722084908065,1.47,0.3,1,10,1,0.1360345815356824,0.8,0.7288281658848326,0.7288281658848326,1,4.9,-4.663611146619321
0.0042350978454775,1.878567808325196e-05,948.446881640416,2.572651431981259,0.0028601552081712,3,5,0.1,8.190085265945026,0.8518789148996563,1,0.0804073686791978,1.47,0.3,1,10,1,0.1064387415613987,0.8,0.8518789148996563,0.8518789148996563,1,4.9,-3.749622282268884
0.0002216872498715,4.846802193947332e-06,97.4335674453065,7.580691352448951,0.0748755855527038,3,5,0.1,5.480765226659175,0.3436864686556462,1,0.2811851488740851,1.47,0.3,1,10,1,0.0199072306770965,0.8,0.3436864686556462,0.3436864686556462,1,4.9,-1.3419770845020371
0.0087885842475397,0.0014960593094091,9.70192636292038,4.897909318625288,0.3095910710657941,3,5,0.1,326.0716105108773,0.5713286647969579,1,0.7952980068474307,1.47,0.3,1,10,1,0.118141208743935,0.8,0.5713286647969579,0.5713286647969579,1,4.9,-1.9122468484286688
0.2132936029476762,0.0263532520701667,13.896157619948372,2.387907883560623,0.019174051661974,3,5,0.1,10.85222075928228,0.9999157394833236,1,0.8902493179915074,1.47,0.3,1,10,1,0.779820347086092,0.8,0.9999157394833236,0.9999157394833236,1,4.9,-4.245881483061554
0.077003862147558,0.0034513277428126,42.57895675730204,4.701396996667064,0.0635537465857752,3,5,0.1,3.464150674275562,0.5548975920430849,1,0.6866844843630431,1.47,0.3,1,10,1,0.3822641921902011,0.8,0.5548975920430849,0.5548975920430849,1,4.9,-2.953594019314334
0.1588273592268926,0.0158353083816755,14.402148822898598,5.1842941702397285,0.129923268827497,3,5,0.1,7.860131783342818,0.4956266304551062,1,0.8484795675221629,1.47,0.3,1,10,1,0.5765897163122256,0.8,0.4956266304551062,0.4956266304551062,1,4.9,-1.9370935804093392
0.0012525084599699,7.624254180745043e-06,659.4897001703994,2.9763213964417767,0.0048722812156414,3,5,0.1,15.019396951743218,0.7460400495527321,1,0.0848338151702619,1.47,0.3,1,10,1,0.0566999418138934,0.8,0.7460400495527321,0.7460400495527321,1,4.9,-2.8128067121194604
0.1983125255286747,0.0191851854519977,15.55585801640354,4.021932311413756,0.0646430557593202,3,5,0.1,6.2621136245537095,0.6182525818306133,1,0.9665639384421651,1.47,0.3,1,10,1,0.6832092111100253,0.8,0.6182525818306133,0.6182525818306133,1,4.9,-2.677697148552749
0.1013011591522033,0.0026031171679131,104.41510241146572,3.324142478587152,0.0147270691531487,3,5,0.1,3.8965850131111,0.6927559234539548,1,0.3497133309617833,1.47,0.3,1,10,1,0.5397727712038621,0.8,0.6927559234539548,0.6927559234539548,1,4.9,-3.946197972427932
0.1333629589763432,0.0212526146778288,10.902115165162805,2.5605487388145547,0.0705108230401238,3,5,0.1,24.3682899721825,0.975439103364472,1,0.901071327194926,1.47,0.3,1,10,1,0.544917812216319,0.8,0.975439103364472,0.975439103364472,1,4.9,-3.586441150802493
0.0651919368688636,0.0030400914670329,55.57349262243461,3.845359488183029,0.0435424604249407,3,5,0.1,7.344619112810699,0.6153195637055046,1,0.349882570410924,1.47,0.3,1,10,1,0.399303960219474,0.8,0.6153195637055046,0.6153195637055046,1,4.9,-2.549435666818649
0.0907886061050369,0.0001699140911195,1884.266250073252,2.3015368821483926,0.0004784660533468,3,5,0.1,7.124492958881241,0.9440881171159098,1,0.0592851305593061,1.47,0.3,1,10,1,0.5833219420092894,0.8,0.9440881171159098,0.9440881171159098,1,4.9,-4.555510994322674
0.2602706188033725,0.0037206517713151,129.56933965501736,4.237852314874101,0.0030596959583016,3,5,0.1,2.359342968744885,0.5352008280230045,1,0.5541566588044119,1.47,0.3,1,10,1,0.9926922184302956,0.8,0.5352008280230045,0.5352008280230045,1,4.9,-3.7901115124471936
0.0855921200500825,0.0005800117967806,488.11327710124993,2.903858237642857,0.0029470929870939,3,5,0.1,3.330144245136501,0.7630086864137535,1,0.175614739099725,1.47,0.3,1,10,1,0.5321951954721531,0.8,0.7630086864137535,0.7630086864137535,1,4.9,-5.465101575062501
0.2011668154516333,0.0004888763563049,968.8407989614084,4.741840174062603,0.0010054369988878,3,5,0.1,4.728835325431227,0.4607086210347514,1,0.0938079206186055,1.47,0.3,1,10,1,0.9278792949359712,0.8,0.4607086210347514,0.4607086210347514,1,4.9,-1.987507305635848
0.15527198886947,0.0080754568688269,49.73808712586863,2.51339489391914,0.0090872073785704,3,5,0.1,7.914176229780137,0.9055820830275968,1,0.3870722395769621,1.47,0.3,1,10,1,0.7487959001275156,0.8,0.9055820830275968,0.9055820830275968,1,4.9,-4.118111353686203
0.082441798540902,0.0069437048416548,18.537055776020203,5.22951105735713,0.1466763289888366,3,5,0.1,4.922218722910084,0.5278761795551878,1,0.9855614966089185,1.47,0.3,1,10,1,0.3716880659262589,0.8,0.5278761795551878,0.5278761795551878,1,4.9,-2.3468514991783067
0.031124376321204,5.385536562143286e-05,1964.860994428592,3.810239816876328,0.0017039638604451,3,5,0.1,2.909746859783375,0.5909035863281221,1,0.0950656155306589,1.47,0.3,1,10,1,0.2867431291216528,0.8,0.5909035863281221,0.5909035863281221,1,4.9,-3.7435477837376174
0.0183722630259849,0.0002654640078586,282.5502080400972,2.2160903531187803,0.0071105274786794,3,5,0.1,7.660716710764648,0.988537754587974,1,0.154143911939194,1.47,0.3,1,10,1,0.2263168292415214,0.8,0.988537754587974,0.988537754587974,1,4.9,-4.714684210944835
0.0912405243258884,0.0098170114896943,16.521013668901368,3.5269203694881845,0.0978982172499994,3,5,0.1,6.668277428149473,0.7399361169721517,1,0.8850404594145942,1.47,0.3,1,10,1,0.4165103444032391,0.8,0.7399361169721517,0.7399361169721517,1,4.9,-3.328166135763194
0.0145168739235841,1.003658968187614e-05,5692.930472480251,3.0121879925963584,0.0005189333626007,3,5,0.1,13.3962038122099,0.7320344682429711,1,0.0290996033019644,1.47,0.3,1,10,1,0.198185922423593,0.8,0.7320344682429711,0.7320344682429711,1,4.9,-2.7967087073567143
0.0824745215816143,0.0030130260013897,38.37299502355514,10.041091441337253,0.1934482079155534,3,5,0.1,171.23097350227985,0.2586338825422777,1,0.3096168383759333,1.47,0.3,1,10,1,0.3888861589840132,0.8,0.2586338825422777,0.2586338825422777,1,4.9,-0.8651620817413459
0.1091140416753176,0.0065524139372601,28.575698927129487,4.5439375652029845,0.0750953808185543,3,5,0.1,3.917183382986627,0.5760707792941318,1,0.8349255287555105,1.47,0.3,1,10,1,0.4574605955885247,0.8,0.5760707792941318,0.5760707792941318,1,4.9,-2.923382426423423
0.0950498624722198,0.0026906083748311,56.39850076311311,6.259635981036001,0.062739562467471,3,5,0.1,2.6729315876156896,0.4352765109629194,1,0.8060571271898717,1.47,0.3,1,10,1,0.4067761934048101,0.8,0.4352765109629194,0.4352765109629194,1,4.9,-2.3400991298207323
0.0091455877641813,0.0007582614275724,17.2322800771861,7.903060518321517,0.3064847370390373,3,5,0.1,6.085407705442883,0.3809383441799096,1,0.8459573347886382,1.47,0.3,1,10,1,0.1132815678836356,0.8,0.3809383441799096,0.3809383441799096,1,4.9,-1.48698940324822
0.0104820913553017,1.3447928594277078e-05,3214.278388111817,2.511022401213136,0.0007726303163227,3,5,0.1,4.109791921128574,0.8702675646683838,1,0.0581859921023072,1.47,0.3,1,10,1,0.1693815557989248,0.8,0.8702675646683838,0.8702675646683838,1,4.9,-5.7340553023156815
0.0059959087045111,0.0001089014519392,94.6566057016706,6.534427319442608,0.0519397523049324,3,5,0.1,2.093455702421521,0.4577281627117701,1,0.9127526804779784,1.47,0.3,1,10,1,0.0910755623348984,0.8,0.4577281627117701,0.4577281627117701,1,4.9,-3.114920479241849
0.0001231922566817,6.758956575820159e-08,7456.411961350566,2.880078522611594,0.000421289066764,3,5,0.1,3.4720552519384698,0.7667055397797362,1,0.0426072724683694,1.47,0.3,1,10,1,0.0178695735040624,0.8,0.7667055397797362,0.7667055397797362,1,4.9,-5.272181282442279
0.0482376012697934,6.48338335906583e-10,21065470.13459774,39.61434053005878,1.3614460362126384e-06,3,5,0.1,0.4218738802239609,0.0970223328749714,1,0.7131928553859498,1.47,0.3,1,10,1,0.2173315397423033,0.8,0.0970223328749714,0.0970223328749714,1,4.9,-0.6979302492787234
0.1299668364836797,2.0884111986104765e-05,16735.75795169603,4.436177347840204,0.0001111235705497,3,5,0.1,2.31127285954126,0.4987273284936254,1,0.0415321672729003,1.47,0.3,1,10,1,0.6720380472348151,0.8,0.4987273284936254,0.4987273284936254,1,4.9,-3.348202878670282
0.0250886014767665,1.495160837266996e-05,1241.2670066974902,20.524931592629347,0.0113349679991467,3,5,0.1,1.117920503626051,0.1765976953801004,1,0.9747466790470758,1.47,0.3,1,10,1,0.165810496208272,0.8,0.1765976953801004,0.1765976953801004,1,4.9,-0.9323019875604572
0.1776139434723705,0.0040609791553639,120.9170655087504,2.438808111974336,0.0012541621906476,3,5,0.1,4.061270322759233,0.9248969112721832,1,0.3312925979047951,1.47,0.3,1,10,1,0.8786971955769441,0.8,0.9248969112721832,0.9248969112721832,1,4.9,-6.578920986199819
0.0076925870525794,0.0001499914181121,139.8533205020623,4.8491749312614605,0.0325619853731241,3,5,0.1,3.476785918088825,0.507597733637137,1,0.317159779166998,1.47,0.3,1,10,1,0.1250923736398743,0.8,0.507597733637137,0.507597733637137,1,4.9,-2.5661830719778607
0.1987236103076599,0.0040513489769603,109.47660541597875,3.4206215752337137,0.0045251681106082,3,5,0.1,2.95120709189654,0.6675093614886276,1,0.4515278185791025,1.47,0.3,1,10,1,0.8508279949884928,0.8,0.6675093614886276,0.6675093614886276,1,4.9,-4.711629027576432
0.0757670960201741,0.0021191778236334,119.24202476965296,2.341832131671932,0.0099783012788135,3,5,0.1,6.382736188684155,0.952648962935742,1,0.2566890588597721,1.47,0.3,1,10,1,0.4875823133105318,0.8,0.952648962935742,0.952648962935742,1,4.9,-4.872331595944532
0.1679019117183995,3.021635946249427e-05,8547.151604172817,8.65208169287002,0.0006479497036568,3,5,0.1,1.178221627142825,0.2660275873535744,1,0.212415216057427,1.47,0.3,1,10,1,0.6438209411597363,0.8,0.2660275873535744,0.2660275873535744,1,4.9,-1.8741091028719232
0.0014877857041337,3.716116823479091e-05,90.92350917266076,4.67246563726156,0.043212095625763,3,5,0.1,2.549637696514192,0.5765504099835783,1,0.6132797102692622,1.47,0.3,1,10,1,0.0497641328892874,0.8,0.5765504099835783,0.5765504099835783,1,4.9,-4.068558423790071
0.1711007542905626,0.0036462062308588,121.05387298812153,3.517592507973386,0.0053861077495858,3,5,0.1,6.150299639090972,0.6360972159162109,1,0.2482257497751919,1.47,0.3,1,10,1,0.8266899862718173,0.8,0.6360972159162109,0.6360972159162109,1,4.9,-2.79477599509282
0.1385316573543153,0.0024706733652383,73.52062965241907,7.81291298748602,0.0550355891709537,3,5,0.1,2.2240779052965656,0.3563230994823903,1,0.9723256191521602,1.47,0.3,1,10,1,0.4842609830678516,0.8,0.3563230994823903,0.3563230994823903,1,4.9,-1.8968301582784584
0.0223017462168208,0.0009842101007026,71.39717854002829,2.5925965654408256,0.0293027514289306,3,5,0.1,5.015399840784908,0.907353048140792,1,0.38047140796809,1.47,0.3,1,10,1,0.226356778040163,0.8,0.907353048140792,0.907353048140792,1,4.9,-5.233905231032596
0.206140207549183,0.0219371196904547,14.58688047281115,3.950916333919115,0.0576247227035223,3,5,0.1,9.617316331908146,0.6134412200973325,1,0.7885280779774458,1.47,0.3,1,10,1,0.7363666754030916,0.8,0.6134412200973325,0.6134412200973325,1,4.9,-2.4023502680569244
0.2078860672844426,0.0072969197900646,60.219200443841096,3.77916882092539,0.009231517654803,3,5,0.1,4.575508543124446,0.6023450995355956,1,0.4287874907411387,1.47,0.3,1,10,1,0.8745360928909148,0.8,0.6023450995355956,0.6023450995355956,1,4.9,-2.898005562879732
0.177431477334856,0.0013757361185163,387.4172951215469,2.791051058392908,0.0002830645701893,3,5,0.1,4.516716584598244,0.7992023759560019,1,0.1637352964422109,1.47,0.3,1,10,1,0.9408007934799536,0.8,0.7992023759560019,0.7992023759560019,1,4.9,-4.537319905694277
0.2696126294043713,0.0009753878427408,313.6848681084706,7.967046076409958,0.0094398344400676,3,5,0.1,1.4559335927222397,0.3145885393963589,1,0.9986954354050036,1.47,0.3,1,10,1,0.7748847079284474,0.8,0.3145885393963589,0.3145885393963589,1,4.9,-2.114900679678378
0.1787956318301782,0.0016683713613104,283.5020517279041,3.575120875435008,0.0019190117608713,3,5,0.1,3.804440383871605,0.6222866668699661,1,0.2074588974001468,1.47,0.3,1,10,1,0.8749283221146447,0.8,0.6222866668699661,0.6222866668699661,1,4.9,-3.3546082313770427
0.2131298821417671,0.0164085633100276,24.24963243000761,3.43871005213248,0.0196620189589122,3,5,0.1,7.900560289583939,0.6770114890089176,1,0.5856099627308443,1.47,0.3,1,10,1,0.8350635455377765,0.8,0.6770114890089176,0.6770114890089176,1,4.9,-2.820694398416141
0.1260089116305242,0.0018225479630527,193.56316050526007,3.4516207249837265,0.0062936873403089,3,5,0.1,4.378723730925243,0.6493833829481896,1,0.2287913696711083,1.47,0.3,1,10,1,0.6601066072550037,0.8,0.6493833829481896,0.6493833829481896,1,4.9,-3.31002219066836
0.0266463215336628,0.0009810686741625,94.15173432083203,2.5618455574970134,0.0221607586347475,3,5,0.1,7.55994656388552,0.8876091278411468,1,0.2716638578462135,1.47,0.3,1,10,1,0.2609289129843206,0.8,0.8876091278411468,0.8876091278411468,1,4.9,-4.075089841940882
0.0005857335626891,5.085234606930622e-06,491.184518328991,2.3627578418176824,0.0051622841290282,3,5,0.1,6.591031489846815,0.9282705955061826,1,0.12122695957462,1.47,0.3,1,10,1,0.039311203967593,0.8,0.9282705955061826,0.9282705955061826,1,4.9,-4.608789763888183
0.0204425630381398,0.000113408518537,374.98001505670334,8.18273249010597,0.0210448621515384,3,5,0.1,3.3967516562314963,0.3089462843067256,1,0.1869835635995897,1.47,0.3,1,10,1,0.1968988326719453,0.8,0.3089462843067256,0.3089462843067256,1,4.9,-1.3072521715433003
0.0584583369786921,0.0047309673290337,27.83935955281937,2.668063758151033,0.053998020217973,3,5,0.1,5.323233698963222,0.9433642389868064,1,0.6856261050060684,1.47,0.3,1,10,1,0.3426709441660281,0.8,0.9433642389868064,0.9433642389868064,1,4.9,-5.361592056384209
0.04307176896148,0.0058727715360658,14.908357869431397,2.6198281098353102,0.0984026388858386,3,5,0.1,10.763956127376025,0.9932199967213544,1,0.8136467199906652,1.47,0.3,1,10,1,0.2805499025318543,0.8,0.9932199967213544,0.9932199967213544,1,4.9,-4.219123845207555
0.0028919904921574,6.534125731797498e-05,170.3095445615994,2.320167290610714,0.0135787010110892,3,5,0.1,4.405920062232858,0.9742024354534315,1,0.2563366774468703,1.47,0.3,1,10,1,0.0841176573469068,0.8,0.9742024354534315,0.9742024354534315,1,4.9,-6.708389909876221
0.0626454306738257,4.724020402236014e-05,298.12664836238685,43.299077708053886,0.1087252538293106,3,5,0.1,1.6784293026551045,0.0873828873902882,1,0.6483757618234757,1.47,0.3,1,10,1,0.2470444357326971,0.8,0.0873828873902882,0.0873828873902882,1,4.9,-0.331552906175105
0.2036277405063397,0.0169624735011852,22.2755873064073,2.5477806389137303,0.0154101460832913,3,5,0.1,5.845379115174958,0.931558616218747,1,0.7839188211804607,1.47,0.3,1,10,1,0.7706601828791458,0.8,0.931558616218747,0.931558616218747,1,4.9,-4.943441713902471
0.0701849745864921,0.0016843861607139,145.25543033139255,2.44936958827295,0.0091825086851894,3,5,0.1,12.869653902075916,0.9024291204346642,1,0.1916769652541171,1.47,0.3,1,10,1,0.4746506074278315,0.8,0.9024291204346642,0.9024291204346642,1,4.9,-3.596545771660864
0.0447581375256284,0.0014751735649464,69.01172698280874,4.706980294122412,0.0489668194198032,3,5,0.1,3.4534729379182894,0.5373463240635887,1,0.487112407833878,1.47,0.3,1,10,1,0.2986244079818188,0.8,0.5373463240635887,0.5373463240635887,1,4.9,-2.8121117174773644
0.0179886131233738,0.0003463106517441,199.4863612108905,2.5754841888107696,0.011767068148284,3,5,0.1,7.844254952589856,0.8639828191203309,1,0.1802896242182961,1.47,0.3,1,10,1,0.2189038528529494,0.8,0.8639828191203309,0.8639828191203309,1,4.9,-3.8760915269399057
0.1205496286204114,0.0044821535747088,60.1865713721622,3.367684913073068,0.022695991666091,3,5,0.1,3.480717990845916,0.7109272433458264,1,0.5468853845417936,1.47,0.3,1,10,1,0.5536839328146937,0.8,0.7109272433458264,0.7109272433458264,1,4.9,-4.5274235243842575
0.045251074753858,0.0028522032283159,26.54832310999178,6.173718093894421,0.1497160348469592,3,5,0.1,4.577638933987,0.4502500677424009,1,0.729091849872308,1.47,0.3,1,10,1,0.272068344912359,0.8,0.4502500677424009,0.4502500677424009,1,4.9,-1.947878122584438
0.1842538810643539,0.0024042337922721,140.0104176817291,4.956593031828913,0.01185929260018,3,5,0.1,2.2388949215246448,0.4791276960935569,1,0.5557550313242094,1.47,0.3,1,10,1,0.7079599366933141,0.8,0.4791276960935569,0.4791276960935569,1,4.9,-3.189959173861993
0.0265338161411622,0.0002534424374715,280.0557873622734,4.653987291865497,0.0141902144825845,3,5,0.1,2.285026180420913,0.5250182597772045,1,0.3510936765010394,1.47,0.3,1,10,1,0.2368848926467383,0.8,0.5250182597772045,0.5250182597772045,1,4.9,-3.77263855122002
0.1130241983888355,0.000182875510664,1957.1087872395244,3.231019762493155,0.0006143546836555,3,5,0.1,3.3592886318278112,0.6817839030117727,1,0.0849873065713006,1.47,0.3,1,10,1,0.6485309769042981,0.8,0.6817839030117727,0.6817839030117727,1,4.9,-4.316956617952977
0.1828136667872553,0.0011529338177091,310.2400368081767,5.396580241345257,0.0062486307727899,3,5,0.1,2.1150921713621824,0.4245154485059162,1,0.3683651300718081,1.47,0.3,1,10,1,0.7469600576658999,0.8,0.4245154485059162,0.4245154485059162,1,4.9,-2.6614628412557906
0.0055070411402705,0.0003219074810385,44.83015102054035,2.807665040108378,0.0505941233780524,3,5,0.1,4.15051177865236,0.9056009275042324,1,0.5866739951940514,1.47,0.3,1,10,1,0.1009449967088297,0.8,0.9056009275042324,0.9056009275042324,1,4.9,-6.1493866129381
0.0871485184885554,0.0009072687945093,268.6400903250867,4.030597658229324,0.0086035791477067,3,5,0.1,3.4857732249257336,0.5642975544742675,1,0.2230476105426699,1.47,0.3,1,10,1,0.5007083606494815,0.8,0.5642975544742675,0.5642975544742675,1,4.9,-3.0228088645171134
0.052633803398335,0.0004500938278551,365.1581021198096,3.938053071654352,0.0080389604399482,3,5,0.1,5.25739119473076,0.5745453892150015,1,0.1465481010050697,1.47,0.3,1,10,1,0.3787764149011829,0.8,0.5745453892150015,0.5745453892150015,1,4.9,-2.5706539498051413
0.0045510870282055,1.958352205149956e-05,938.3051499360917,2.880107618830817,0.0032335752769143,3,5,0.1,5.686543985134078,0.7683397784158694,1,0.0905312552399909,1.47,0.3,1,10,1,0.1090092847500765,0.8,0.7683397784158694,0.7683397784158694,1,4.9,-3.740350248423336
0.0842840428801202,0.0004215968596218,723.8303342752695,2.2533138280369944,0.0013496396717482,3,5,0.1,4.742408991339974,0.9672476928919866,1,0.115271680660604,1.47,0.3,1,10,1,0.5535927863746541,0.8,0.9672476928919866,0.9672476928919866,1,4.9,-6.151798277661223
0.0829758379927849,0.0011943482444099,218.2306005591112,2.9788292504338485,0.007092547178857,3,5,0.1,3.791714382094934,0.7534920176042222,1,0.2407208733214183,1.47,0.3,1,10,1,0.5060712945429265,0.8,0.7534920176042222,0.7534920176042222,1,4.9,-4.683113376264959
0.2418445704904383,0.0249224626124941,16.162363018089717,3.051909360831685,0.0153598547279365,3,5,0.1,8.762138737586717,0.7711765190126201,1,0.7989527096591127,1.47,0.3,1,10,1,0.8729709174920613,0.8,0.7711765190126201,0.7711765190126201,1,4.9,-3.234918247180304
0.0738875810512588,0.0002333216054118,1056.738620072137,3.236437017780058,0.0017964042173254,3,5,0.1,3.2836554927351607,0.6835616768037467,1,0.1180295222206349,1.47,0.3,1,10,1,0.4841131694157957,0.8,0.6835616768037467,0.6835616768037467,1,4.9,-4.430646787083092
0.2022716258235458,0.0008141670194162,252.5818401780656,10.726287910891395,0.022478930886075,3,5,0.1,1.5819795724595578,0.2528329891170985,1,0.8541164774795208,1.47,0.3,1,10,1,0.6015432472078976,0.8,0.2528329891170985,0.2528329891170985,1,4.9,-1.3439587937398834
0.0835808142800198,0.0032426212033823,63.28140163350551,3.004332369193516,0.024630490118673,3,5,0.1,3.5144819742440268,0.8018816747814927,1,0.5324216124571648,1.47,0.3,1,10,1,0.4446013969766174,0.8,0.8018816747814927,0.8018816747814927,1,4.9,-5.716109444619182
0.0693796258058179,0.0058521015630773,21.587420866965804,3.5410945785266,0.0867780971550141,3,5,0.1,4.516223477111206,0.7584263562730782,1,0.9900270339539902,1.47,0.3,1,10,1,0.3463326355119334,0.8,0.7584263562730782,0.7584263562730782,1,4.9,-4.156982367864405
0.0681254879926673,0.0009284973674655,254.197955961619,2.886273674936685,0.006703476614798,3,5,0.1,38.414399089064126,0.7642578689822491,1,0.1275920194289685,1.47,0.3,1,10,1,0.465912815740355,0.8,0.7642578689822491,0.7642578689822491,1,4.9,-2.6715443215003134
0.027475643604309,0.0018161514024248,31.82716720477117,4.006781063509613,0.087011301325008,3,5,0.1,4.344815423989457,0.6633620241292443,1,0.6906647248049647,1.47,0.3,1,10,1,0.2187484149566865,0.8,0.6633620241292443,0.6633620241292443,1,4.9,-3.4348894598398587
0.0333336977064976,0.0059146859577403,8.679233319823625,4.911518316521866,0.3084913476621405,3,5,0.1,126.5087957159792,0.5686499191032445,1,0.9070477716441008,1.47,0.3,1,10,1,0.2322202202724058,0.8,0.5686499191032445,0.5686499191032445,1,4.9,-1.9155908340671104
0.1792815334679825,0.0016969826600111,322.4753139465283,2.5934892552122544,6.303717076326372e-05,3,5,0.1,4.868302251954218,0.8623390521484476,1,0.1747632744117191,1.47,0.3,1,10,1,0.9602395375816396,0.8,0.8623390521484476,0.8623390521484476,1,4.9,-4.899469906971877
0.1078900983228855,0.0028037082882814,116.96845746515268,2.393097003615204,0.0072080497538021,3,5,0.1,4.4784847891637565,0.9398316561431406,1,0.3105625585108857,1.47,0.3,1,10,1,0.6010209627375414,0.8,0.9398316561431406,0.9398316561431406,1,4.9,-6.138613390630573
0.1840041233691054,0.0046219991459789,83.3506666170022,4.709917391268589,0.0160806835883763,3,5,0.1,4.958343454421672,0.4811200566166055,1,0.3270793238480112,1.47,0.3,1,10,1,0.7871547617220587,0.8,0.4811200566166055,0.4811200566166055,1,4.9,-2.073102547509677
0.0037727656481033,6.304496662252259e-05,196.57321241844005,3.7592430773896255,0.0190957736231439,3,5,0.1,3.9746548531516495,0.6236794291465867,1,0.2410625585833559,1.47,0.3,1,10,1,0.0922795727896371,0.8,0.6236794291465867,0.6236794291465867,1,4.9,-3.2797592864618714
0.1409061081518723,0.0018304751666429,180.20728206944017,4.469211925581201,0.0098659284394884,3,5,0.1,3.129250607563012,0.5111341675414104,1,0.3033417280813025,1.47,0.3,1,10,1,0.6584854087762527,0.8,0.5111341675414104,0.5111341675414104,1,4.9,-2.7530438599477627
0.1680383313927441,0.0064234121354791,51.19318216645466,3.349583402806548,0.0181891089289571,3,5,0.1,3.1959598007003347,0.7178530216333238,1,0.6897193257758789,1.47,0.3,1,10,1,0.6643611620696688,0.8,0.7178530216333238,0.7178530216333238,1,4.9,-5.02799809664293
0.144146977595969,0.0220611327927034,10.782583138320556,2.912950782465044,0.0793258381924013,3,5,0.1,16.89684209635124,0.8634405596303061,1,0.9558732730403342,1.47,0.3,1,10,1,0.5627398508781477,0.8,0.8634405596303061,0.8634405596303061,1,4.9,-3.2677673786893493
0.0033698156476032,0.0002819797489734,34.8003406005476,3.033157406562888,0.0751774297681587,3,5,0.1,22.42864735326931,0.7978186760907919,1,0.3803841910277216,1.47,0.3,1,10,1,0.0839816301560752,0.8,0.7978186760907919,0.7978186760907919,1,4.9,-2.9001041232414657
0.2565662982973538,0.0056132910504497,51.77485502143377,7.961902429377958,0.0575337940752065,3,5,0.1,2.644709591328805,0.3135822712886283,1,0.8838357687264733,1.47,0.3,1,10,1,0.7590480668864074,0.8,0.3135822712886283,0.3135822712886283,1,4.9,-1.4450712663152068
0.0247615289436325,0.0006695152207139,68.22694300780306,6.099706885827809,0.0659581945445757,3,5,0.1,2.631616625865953,0.4598588445980135,1,0.7093825438693666,1.47,0.3,1,10,1,0.1977389489186982,0.8,0.4598588445980135,0.4598588445980135,1,4.9,-2.588139687362048
0.055822685539851,0.0022396715697676,50.51672764713592,4.560644796714523,0.057807761342516,3,5,0.1,3.233110098299011,0.5748584426368298,1,0.661126585859096,1.47,0.3,1,10,1,0.3207623861213464,0.8,0.5748584426368298,0.5748584426368298,1,4.9,-3.2748466062990005
0.1238392926163926,0.004107054250593,89.91879905401134,2.272482220268226,0.0066891486346816,3,5,0.1,5.876840998363173,0.988937157363981,1,0.3132428085716696,1.47,0.3,1,10,1,0.6664480507052024,0.8,0.988937157363981,0.988937157363981,1,4.9,-5.427574309868682
0.0264466669157921,0.0009970557524201,71.72214488820836,3.3586232956242705,0.0363348708633282,3,5,0.1,3.649521063340021,0.731986236742881,1,0.4669908339968496,1.47,0.3,1,10,1,0.234215622233528,0.8,0.731986236742881,0.731986236742881,1,4.9,-4.586361098044874
0.0073253225518133,0.0004914013332672,29.99932964993076,5.131693992739055,0.1300597268808812,3,5,0.1,4.940951782732253,0.5319647355833212,1,0.6296089805783016,1.47,0.3,1,10,1,0.1097917194016881,0.8,0.5319647355833212,0.5319647355833212,1,4.9,-2.368130378005741
0.0677790001390774,0.0001936803512851,671.968208503281,7.833095239306396,0.0093255067406753,3,5,0.1,1.94586026753681,0.3169411774715483,1,0.271823590268225,1.47,0.3,1,10,1,0.3725266792707323,0.8,0.3169411774715483,0.3169411774715483,1,4.9,-1.704129627543253
0.1031356945036592,5.6143327681460505e-05,5564.204558401246,2.2535951382629125,0.0001260708432913,3,5,0.1,6.236179281037511,0.9579567507565886,1,0.0344460661751714,1.47,0.3,1,10,1,0.6199818794692529,0.8,0.9579567507565886,0.9579567507565886,1,4.9,-4.977146865769594
0.0006585274389395,8.554131728272358e-06,296.6736937098292,3.0405258851002164,0.0108842233376845,3,5,0.1,7.946472514513288,0.7393276034378974,1,0.1438544814612664,1.47,0.3,1,10,1,0.0404454356450594,0.8,0.7393276034378974,0.7393276034378974,1,4.9,-3.147775046595715
0.1625596829938668,0.0068715330913566,47.139454917533286,5.074824052261115,0.0396981768598263,3,5,0.1,11.007170219098445,0.4540502068216885,1,0.3344128880602908,1.47,0.3,1,10,1,0.6961571580943599,0.8,0.4540502068216885,0.4540502068216885,1,4.9,-1.6746913017523075
0.1224590007257373,0.0028635779775639,110.8736323812709,3.3493434387541807,0.0114557870306906,3,5,0.1,3.64621026867565,0.684564463514895,1,0.3569491485555177,1.47,0.3,1,10,1,0.6123916631567181,0.8,0.684564463514895,0.684564463514895,1,4.9,-4.060836345047274
0.2007098010750587,0.0096217721802666,50.59838897155617,2.763434245862477,0.0025479041233856,3,5,0.1,7.487199309310742,0.8211168991946961,1,0.3906990186609738,1.47,0.3,1,10,1,0.9201540650857256,0.8,0.8211168991946961,0.8211168991946961,1,4.9,-3.6783217293149058
0.1668808943413697,4.76035389405325e-05,5590.877591722843,8.335949832147088,0.0009314852552043,3,5,0.1,1.308078639789356,0.2747118257711768,1,0.2006092540950269,1.47,0.3,1,10,1,0.6501947272097958,0.8,0.2747118257711768,0.2747118257711768,1,4.9,-1.795598289848474
0.2431310850728173,0.0144164165010076,32.49075705292025,2.730817914155382,0.0021274721788667,3,5,0.1,4.692164197138358,0.8471779517410202,1,0.6839717691741373,1.47,0.3,1,10,1,0.9376958681526544,0.8,0.8471779517410202,0.8471779517410202,1,4.9,-4.879668009451031
0.1748115202087331,0.002119731864116,221.28950343148105,3.104721761913373,0.0018636258437246,3,5,0.1,3.159744430086233,0.7224725624360195,1,0.2824129229154143,1.47,0.3,1,10,1,0.8540811493773851,0.8,0.7224725624360195,0.7224725624360195,1,4.9,-5.16252191682057
0.2203997496367049,0.0053842125498529,82.27324678351279,4.6843613165117866,0.0106770299184579,3,5,0.1,4.6345736646054725,0.4782206331969522,1,0.3460240065949619,1.47,0.3,1,10,1,0.912645429192205,0.8,0.4782206331969522,0.4782206331969522,1,4.9,-2.099575295644432
0.0014231326764766,1.1282677306740773e-05,316.66295196415115,6.39915862248996,0.020445442034649,3,5,0.1,2.9740171185328763,0.390123973406478,1,0.2328249631882707,1.47,0.3,1,10,1,0.0526663126335751,0.8,0.390123973406478,0.390123973406478,1,4.9,-1.8740122424675576
0.2355639105205588,0.0164025984928561,29.351347923937688,3.325112882736254,0.0039115816610626,3,5,0.1,12.407547003599264,0.6835707946808461,1,0.4619295374072913,1.47,0.3,1,10,1,0.9852031333681004,0.8,0.6835707946808461,0.6835707946808461,1,4.9,-2.614689398118724
0.0105038030426588,0.0005394164197668,35.04915855482503,5.197682480493912,0.1054397699019585,3,5,0.1,3.220035479708576,0.5576961295633694,1,0.9380374136430002,1.47,0.3,1,10,1,0.1235129374046948,0.8,0.5576961295633694,0.5576961295633694,1,4.9,-3.1197506391118
0.0284372208496485,8.716938725564443e-05,1329.1488673109377,2.295627558403309,0.0014386033427094,3,5,0.1,157.56192808167438,0.943928015866875,1,0.0545831048102872,1.47,0.3,1,10,1,0.2907765903682383,0.8,0.943928015866875,0.943928015866875,1,4.9,-3.191032964563856
0.2908086687973625,0.0031555619725939,118.41342771139767,6.206687399103061,0.0131107842730762,3,5,0.1,1.909870688770006,0.3858724348441258,1,0.9693689306159964,1.47,0.3,1,10,1,0.877450762830933,0.8,0.3858724348441258,0.3858724348441258,1,4.9,-2.4334331541864493
0.0567218497086261,0.0001028042231857,1045.5313778137051,8.381853856663865,0.0068630562901072,3,5,0.1,1.870808184512725,0.2979081894219091,1,0.2294581624278251,1.47,0.3,1,10,1,0.3355294912114314,0.8,0.2979081894219091,0.2979081894219091,1,4.9,-1.580148727092766
0.0738336473969331,0.0023973309448592,81.47671794677932,4.129149750653035,0.0314778828409627,3,5,0.1,7.379331822005686,0.5633603018518756,1,0.2800340856477718,1.47,0.3,1,10,1,0.4382994785047296,0.8,0.5633603018518756,0.5633603018518756,1,4.9,-2.284882074925509
0.1561272170072079,0.0057079203337339,67.92431219286878,2.742393003447248,0.00864877455181,3,5,0.1,4.292075217373349,0.8358317821037834,1,0.4327421953907911,1.47,0.3,1,10,1,0.7266761815003588,0.8,0.8358317821037834,0.8358317821037834,1,4.9,-5.10640142248975
0.0946304331142634,0.0139524246263667,12.133201402129664,2.729254220600794,0.0921089128048019,3,5,0.1,12.171336185944948,0.9439534232954272,1,0.9513894567394632,1.47,0.3,1,10,1,0.4304499190723751,0.8,0.9439534232954272,0.9439534232954272,1,4.9,-3.8417193596211128
0.1706080853959038,0.0081332905347026,40.877056875283294,3.004759905100033,0.0185856212655641,3,5,0.1,3.544337516269104,0.800959769051475,1,0.7357936471856383,1.47,0.3,1,10,1,0.668952159061844,0.8,0.800959769051475,0.800959769051475,1,4.9,-5.648041409886167
0.0911084606664344,9.485985825859552e-05,3243.6618527974733,3.043959203373163,0.0004390002545941,3,5,0.1,5.328022469688976,0.7206143186498887,1,0.0495356206439083,1.47,0.3,1,10,1,0.5671997308309324,0.8,0.7206143186498887,0.7206143186498887,1,4.9,-3.509626136546764
0.1423533874062949,0.0010777683438415,370.1571191211535,3.353124377149674,0.0024828345951735,3,5,0.1,2.9257429298436386,0.6661273684359994,1,0.2270773695460897,1.47,0.3,1,10,1,0.7299769701098412,0.8,0.6661273684359994,0.6661273684359994,1,4.9,-4.736892818637282
0.0002026215832078,2.296130651358188e-05,21.70948944607974,3.283434256050094,0.1189834806472488,3,5,0.1,20.31878115578096,0.7746949577871941,1,0.5097858220138581,1.47,0.3,1,10,1,0.0194702146525569,0.8,0.7746949577871941,0.7746949577871941,1,4.9,-2.83448068812502
0.0853810772279425,0.0024279868151118,114.3725055369506,2.260907133054824,0.0089093556801683,3,5,0.1,5.538795896704612,0.9890585677363946,1,0.280795654720534,1.47,0.3,1,10,1,0.5231505835081695,0.8,0.9890585677363946,0.9890585677363946,1,4.9,-5.6517137427844
0.0488676747305154,0.0041569561510654,25.07536079241356,4.625176542881891,0.1201721510133849,3,5,0.1,16.046343166238938,0.5438153677191718,1,0.4585496211659543,1.47,0.3,1,10,1,0.3158552892197228,0.8,0.5438153677191718,0.5438153677191718,1,4.9,-1.968371524577826
0.0978422763104707,0.0047607524287456,45.34657772139113,3.277953036616555,0.0342117856233625,3,5,0.1,3.842335203392717,0.7476496245456066,1,0.605276856761571,1.47,0.3,1,10,1,0.4725380549132359,0.8,0.7476496245456066,0.7476496245456066,1,4.9,-4.564613545356629
0.1977351259758059,0.0146174948250199,23.29113270687435,3.2733261794796285,0.0291281001299962,3,5,0.1,4.848093453597398,0.7394012516666566,1,0.8374561528082735,1.47,0.3,1,10,1,0.7195556307274238,0.8,0.7394012516666566,0.7394012516666566,1,4.9,-3.826329972672827
0.2245215454600222,0.0139561539016469,31.32263410064745,3.430018536636501,0.0107946931979423,3,5,0.1,6.458803937421203,0.6707872276963519,1,0.540743988748476,1.47,0.3,1,10,1,0.8972500327267199,0.8,0.6707872276963519,0.6707872276963519,1,4.9,-2.9511016544340123
0.2741949523624434,0.0078180125813525,36.22521061125626,9.2426262565167,0.1105116311552836,3,5,0.1,4.158275381574243,0.2561874564015054,1,0.6059381010000611,1.47,0.3,1,10,1,0.8173808365826295,0.8,0.2561874564015054,0.2561874564015054,1,4.9,-0.9973286539884754
0.1762778646686752,5.403802792788196e-06,47926.75280133055,9.1946391496507,0.0001311291071093,3,5,0.1,1.1327369528983957,0.2448785777344359,1,0.0976248362162698,1.47,0.3,1,10,1,0.6634962805312066,0.8,0.2448785777344359,0.2448785777344359,1,4.9,-1.6471080591376186
0.3168164792408295,0.0122007753347032,29.75420567196703,6.894920345362146,0.0572227138027359,3,5,0.1,3.64921705669702,0.3385547774228677,1,0.8645804234179661,1.47,0.3,1,10,1,0.9476720033276388,0.8,0.3385547774228677,0.3385547774228677,1,4.9,-1.440304642833908
0.0123192157117373,7.318652139181988e-05,680.9687812971604,2.605340527705831,0.0037443902759109,3,5,0.1,4.201670099994344,0.8455959083209256,1,0.1260875903559407,1.47,0.3,1,10,1,0.182295948495798,0.8,0.8455959083209256,0.8455959083209256,1,4.9,-5.314090087468923
0.0955495730097919,0.001793106865815,30.783249066030912,21.888068118450523,0.5806435352063178,3,5,0.1,78.52077686798093,0.136192364231038,1,0.3617243504183884,1.47,0.3,1,10,1,0.3523001593394699,0.8,0.136192364231038,0.136192364231038,1,4.9,-0.4558192980551787
0.1815807614456108,0.0053761845359757,78.41438193958079,2.9083054299972995,0.0058331305911275,3,5,0.1,3.43449359826476,0.7899080381084685,1,0.4798865372117147,1.47,0.3,1,10,1,0.7955513741664969,0.8,0.7899080381084685,0.7899080381084685,1,4.9,-5.682579254416806
0.0064694246246257,0.0005056980011296,37.42809347172284,2.529553670711977,0.0562091559029707,3,5,0.1,8.32004488092892,0.9598198349872196,1,0.4505286373151062,1.47,0.3,1,10,1,0.1156450236350022,0.8,0.9598198349872196,0.9598198349872196,1,4.9,-4.377814172328417
0.0062720131955569,0.0006763726200824,21.108709363875832,3.838623864009125,0.1372053719319338,3,5,0.1,14.814959520006088,0.6741888698003536,1,0.5336646278784055,1.47,0.3,1,10,1,0.1069901592280914,0.8,0.6741888698003536,0.6741888698003536,1,4.9,-2.514270837745908
0.3019395905021309,0.0433818240887919,8.325622940932561,4.770150052784908,0.0613755474172029,3,5,0.1,88.64962880036005,0.4927934082344082,1,0.9603685079732168,1.47,0.3,1,10,1,0.9583633455476912,0.8,0.4927934082344082,0.4927934082344082,1,4.9,-1.664231001730844
0.1870588558072039,9.075657683174892e-05,4479.070748865273,5.465326049046817,0.0004122943391246,3,5,0.1,1.770017727711396,0.4013258063162119,1,0.1200057024545791,1.47,0.3,1,10,1,0.8265201466663276,0.8,0.4013258063162119,0.4013258063162119,1,4.9,-2.840537396793166
0.1708646827401676,0.0002086619743706,2570.11808400972,2.723196597672615,3.737840215920642e-05,3,5,0.1,4.710679905232431,0.8147431311595087,1,0.0612016216556263,1.47,0.3,1,10,1,0.9411819248321882,0.8,0.8147431311595087,0.8147431311595087,1,4.9,-4.5534084153106384
0.0229175307512602,0.0031212524399438,14.856187492935916,2.7084548526184404,0.1122938507278407,3,5,0.1,9.22017309011521,0.9843439065197171,1,0.8738953907293443,1.47,0.3,1,10,1,0.1972297177791363,0.8,0.9843439065197171,0.9843439065197171,1,4.9,-4.369654449245219
0.0833781656965243,0.0001737382163444,1517.726858674899,3.5887183108155214,0.0013264800584256,3,5,0.1,3.107262810327956,0.6181582306885189,1,0.1020837903629492,1.47,0.3,1,10,1,0.5154111191327314,0.8,0.6181582306885189,0.6181582306885189,1,4.9,-3.845651307487685
0.142430025191673,0.0007252669671806,653.9101276981186,2.419904505085026,0.0004700019257772,3,5,0.1,64.74449735011338,0.9124769028596356,1,0.0803531487374153,1.47,0.3,1,10,1,0.8174653010207347,0.8,0.9124769028596356,0.9124769028596356,1,4.9,-3.1450129399002336
0.2065415299153692,0.0061108372026504,70.12987908187954,3.249162785736418,0.0064112458186989,3,5,0.1,3.147208431109303,0.7120257473601117,1,0.5636449856095124,1.47,0.3,1,10,1,0.835634475493943,0.8,0.7120257473601117,0.7120257473601117,1,4.9,-5.02730466486142
0.1731609928329384,0.0080948954911932,52.76222577848472,2.4339874974993454,0.0059228203885037,3,5,0.1,5.326244703088147,0.93955572580906,1,0.4490497589089651,1.47,0.3,1,10,1,0.7955776396950215,0.8,0.93955572580906,0.93955572580906,1,4.9,-5.3226831806858605
0.2799160809993899,0.0026613815230676,143.36125354514684,6.036413748784307,0.0104344412447442,3,5,0.1,1.8861701820968344,0.3916956803011637,1,0.8228391602529072,1.47,0.3,1,10,1,0.8824716380163775,0.8,0.3916956803011637,0.3916956803011637,1,4.9,-2.5330672074768508
0.0059372070659091,0.0001948133971717,102.05498147810364,2.776276529852714,0.0253684313064335,3,5,0.1,4.366187851101095,0.8450492141388086,1,0.3352487890450049,1.47,0.3,1,10,1,0.1155438319772035,0.8,0.8450492141388086,0.8450492141388086,1,4.9,-5.136476535725951
0.0474668200373838,0.0021988021046023,69.86010726785779,2.5571090034117168,0.024711847193693,3,5,0.1,9.916435201384877,0.8908541449696948,1,0.2964425113333065,1.47,0.3,1,10,1,0.3561931054847644,0.8,0.8908541449696948,0.8908541449696948,1,4.9,-3.757059797090591
0.0686789800953527,8.236415466866591e-05,1212.9392201822127,10.633344123034586,0.0071733121395245,3,5,0.1,1.4481806729701112,0.2508142697670441,1,0.362963416810342,1.47,0.3,1,10,1,0.3443795891075194,0.8,0.2508142697670441,0.2508142697670441,1,4.9,-1.403037959312865
0.0249474074764604,0.0020044738939015,32.156589201787696,2.491761149793878,0.054739701015137,3,5,0.1,6.05101690350769,0.9975940996015752,1,0.5734836559654688,1.47,0.3,1,10,1,0.2230816398611121,0.8,0.9975940996015752,0.9975940996015752,1,4.9,-5.404223024121039
0.191948780562563,0.015328827613402,21.177088246263217,3.503919784613773,0.0380191205782409,3,5,0.1,5.380943706981944,0.6939924874859584,1,0.8172450952803608,1.47,0.3,1,10,1,0.7012433553518171,0.8,0.6939924874859584,0.6939924874859584,1,4.9,-3.3091475328212177
4.834979196813047e-05,2.6868034600159505e-07,578.922892260034,4.6853912147418,0.0086774527476794,3,5,0.1,5.7780350319721085,0.4986749362393238,1,0.1102717242132235,1.47,0.3,1,10,1,0.0104421459722469,0.8,0.4986749362393238,0.4986749362393238,1,4.9,-2.0814000181279546
0.0127438784689589,2.224059881512922e-05,1772.712312028641,4.900013964619706,0.0027849129131662,3,5,0.1,3.1483339408515083,0.4749031318906696,1,0.0915262068497461,1.47,0.3,1,10,1,0.1718757207295111,0.8,0.4749031318906696,0.4749031318906696,1,4.9,-2.442790136622282
0.0061633682746744,0.0001240124626101,122.69218900890893,4.503960659588275,0.0318785275315028,3,5,0.1,2.50706931494894,0.5758908842452803,1,0.5107365743652663,1.47,0.3,1,10,1,0.1055501928534265,0.8,0.5758908842452803,0.5758908842452803,1,4.9,-4.136991545928524
0.0033395702011728,0.0001147153869783,108.7540499316136,2.399333477220331,0.0215894283752154,3,5,0.1,6.898702351143129,0.947633404914064,1,0.2618736650475204,1.47,0.3,1,10,1,0.089835108274197,0.8,0.947633404914064,0.947633404914064,1,4.9,-4.648789527196964
0.2187425064608239,0.0065509495129458,67.6967664768771,3.932652431097051,0.0082911909319098,3,5,0.1,3.757607851968325,0.5797637783642658,1,0.4651318460547423,1.47,0.3,1,10,1,0.8917121138979106,0.8,0.5797637783642658,0.5797637783642658,1,4.9,-3.0196574103026776
0.2120543402196654,0.0023166166730098,176.9839625342736,4.531699863556503,0.0057544101497937,3,5,0.1,2.220858417724581,0.5070990347402734,1,0.4882724832806214,1.47,0.3,1,10,1,0.8338854193839029,0.8,0.5070990347402734,0.5070990347402734,1,4.9,-3.617853668427035
0.0336852436726942,0.0020496678607716,39.90621303459973,2.818366112958413,0.0479818624069274,3,5,0.1,4.168577545106873,0.8980878802866984,1,0.6340850432316977,1.47,0.3,1,10,1,0.254883714881339,0.8,0.8980878802866984,0.8980878802866984,1,4.9,-6.0197431345527885
0.0928784918169074,0.0026709488774488,88.07265522516121,4.434482127743794,0.0282802674954715,3,5,0.1,9.038201189181454,0.5200957310915608,1,0.2512263710132049,1.47,0.3,1,10,1,0.5048617839081107,0.8,0.5200957310915608,0.5200957310915608,1,4.9,-2.002531814820017
0.1146733701890403,0.0002891726437646,618.6377971055888,7.96146217013618,0.0080545929185976,3,5,0.1,1.45790791329431,0.3268357587125089,1,0.5428738618922061,1.47,0.3,1,10,1,0.4698508700647034,0.8,0.3268357587125089,0.3268357587125089,1,4.9,-2.284397664660116
0.0870141385917879,0.0017813835709449,93.00107962695654,5.414197600629169,0.034634510228514,3,5,0.1,2.5008797041335207,0.4762470330030326,1,0.6075915176360945,1.47,0.3,1,10,1,0.413799316511463,0.8,0.4762470330030326,0.4762470330030326,1,4.9,-2.856949593251997
0.0025473910172593,1.9106535277241256e-05,553.729092862434,2.576716970749176,0.0049340156561332,3,5,0.1,5.763693983843107,0.8554904843620228,1,0.1190591993505845,1.47,0.3,1,10,1,0.0817168883457956,0.8,0.8554904843620228,0.8554904843620228,1,4.9,-4.362504355809394
0.1875078190521268,0.0033865803105941,136.4843675707572,3.672413076058119,0.0041211088442114,3,5,0.1,4.434936501484251,0.6095355580295089,1,0.2749774985849295,1.47,0.3,1,10,1,0.8753389549221782,0.8,0.6095355580295089,0.6095355580295089,1,4.9,-2.990964118764815
0.1674103756795255,0.0001902419892234,2705.759541004822,2.9806208299541925,9.330333245421426e-05,3,5,0.1,5.172901437954001,0.7429102905714405,1,0.0561846182360074,1.47,0.3,1,10,1,0.907225044768553,0.8,0.7429102905714405,0.7429102905714405,1,4.9,-3.724440739195945
0.0622207344967607,0.0009457329045124,206.9356596265496,3.550017025938814,0.0114344926670379,3,5,0.1,7.094955562646508,0.6344243626921412,1,0.1757048415052083,1.47,0.3,1,10,1,0.4211888668613737,0.8,0.6344243626921412,0.6344243626921412,1,4.9,-2.67231086045555
0.1522892469313028,0.0121811744133307,21.65750396908564,4.93345170383108,0.0849278903854217,3,5,0.1,12.103444690512593,0.490882561323259,1,0.5244847529753363,1.47,0.3,1,10,1,0.6169792085474881,0.8,0.490882561323259,0.490882561323259,1,4.9,-1.8073072065484403
0.0002169199061334,1.927965936607448e-05,26.574726807752256,2.688405175221013,0.0767988503556476,3,5,0.1,5.3672961909453285,0.9780974343114964,1,0.7154593638317047,1.47,0.3,1,10,1,0.0192396095608996,0.8,0.9780974343114964,0.9780974343114964,1,4.9,-5.672200415010336
0.2125743796491512,0.0112812187074775,34.787804166317734,3.125642778425494,0.0134998174264424,3,5,0.1,3.9534080362695,0.7563334871464464,1,0.7365038496381041,1.47,0.3,1,10,1,0.7956213844507721,0.8,0.7563334871464464,0.7563334871464464,1,4.9,-4.553982816279332
0.1799868188500978,0.0065031471037558,77.921385282508,2.628577042941292,0.0014847155344316,3,5,0.1,28.091989885985928,0.854294036860868,1,0.2481536918887841,1.47,0.3,1,10,1,0.9170393822895656,0.8,0.854294036860868,0.854294036860868,1,4.9,-3.0651433790161526
0.0438354432870667,0.004303892509687,21.263144487130955,3.6972671447059335,0.1071636562646295,3,5,0.1,7.940859091090926,0.6981076266680668,1,0.6359974969456519,1.47,0.3,1,10,1,0.2882068109656359,0.8,0.6981076266680668,0.6981076266680668,1,4.9,-2.927559068454918
0.1545507267476641,0.0086438053744562,34.57873873210162,3.159120021829694,0.0276389742686454,3,5,0.1,3.950398049512483,0.7702617409550335,1,0.7328206595912038,1.47,0.3,1,10,1,0.6183815023919025,0.8,0.7702617409550335,0.7702617409550335,1,4.9,-4.710744647928545
0.2908863164820877,0.0153721059370533,27.28144739583403,4.401155659733964,0.0183884626957363,3,5,0.1,3.7761030491740457,0.5335810992079479,1,0.9563750362542032,1.47,0.3,1,10,1,0.9415383530482008,0.8,0.5335810992079479,0.5335810992079479,1,4.9,-2.6534876154729403
0.0010390148821705,2.005393616589465e-05,140.3266546804928,4.786214687763982,0.0325645850966199,3,5,0.1,3.104168708137033,0.5213404929227069,1,0.3543598294827974,1.47,0.3,1,10,1,0.0451177268493837,0.8,0.5213404929227069,0.5213404929227069,1,4.9,-2.857661642858272
0.2090619273040564,0.0034601585338376,130.4610462926683,4.767630028032555,0.0075315180488822,3,5,0.1,5.886849709371108,0.4640226032019418,1,0.2365006299800514,1.47,0.3,1,10,1,0.9115344721768464,0.8,0.4640226032019418,0.4640226032019418,1,4.9,-1.895335301876031
0.1919925554597369,0.0052017102033289,72.80310587532783,3.595566414427532,0.0108876571022932,3,5,0.1,2.856178973476343,0.6544971675233845,1,0.6142296399449797,1.47,0.3,1,10,1,0.7544474611610097,0.8,0.6544971675233845,0.6544971675233845,1,4.9,-4.688573969075945
0.0713525081444647,6.572274938834276e-06,30010.521256100303,2.541931344427027,4.041235371445201e-05,3,5,0.1,5.857374401087217,0.8599428588310905,1,0.0143744045591093,1.47,0.3,1,10,1,0.4650027733639187,0.8,0.8599428588310905,0.8599428588310905,1,4.9,-4.360092773019037
0.1579302887504322,0.0067626995271659,52.737598094861305,4.35386599269718,0.0261934671208252,3,5,0.1,117.73172541915594,0.5202581434335118,1,0.2689007762213805,1.47,0.3,1,10,1,0.7250157534534089,0.8,0.5202581434335118,0.5202581434335118,1,4.9,-1.7522614363755693
0.0364003392151143,0.0031134416589884,27.56247834447301,2.720415626306973,0.0636537684524121,3,5,0.1,5.919905503974829,0.929431467070172,1,0.6411221463357183,1.47,0.3,1,10,1,0.2660117032950483,0.8,0.929431467070172,0.929431467070172,1,4.9,-4.889190483682748
0.104201657056417,0.0087542558356045,24.48655889033487,3.157864607669239,0.0551520020972744,3,5,0.1,6.330160417152007,0.7812202942115154,1,0.6516344191884459,1.47,0.3,1,10,1,0.485200270976815,0.8,0.7812202942115154,0.7812202942115154,1,4.9,-3.657204571980575
0.0022286492249897,5.093932694066952e-05,140.11218666408513,3.2866717526393154,0.0225554521613473,3,5,0.1,3.330321694264656,0.7261108567229537,1,0.3418636135502322,1.47,0.3,1,10,1,0.0692480394196251,0.8,0.7261108567229537,0.7261108567229537,1,4.9,-4.926832883465142
0.0059920289270653,4.897161050926344e-06,4021.133643451046,4.594291151755416,0.0012034882188698,3,5,0.1,4.44676960388893,0.5020816388759649,1,0.047323554078329,1.47,0.3,1,10,1,0.1185479503365594,0.8,0.5020816388759649,0.5020816388759649,1,4.9,-2.272237994232839
0.191808109554703,0.0215709411574887,16.09626102091249,2.445384829231517,0.0237085585037562,3,5,0.1,9.43586508092831,0.9780357208726016,1,0.8054399049649027,1.47,0.3,1,10,1,0.7308244037396678,0.8,0.9780357208726016,0.9780357208726016,1,4.9,-4.300109346319717
0.2363077501396718,0.0008198029429061,338.5272789798282,8.548580706620449,0.011163647417855,3,5,0.1,1.5204742082685003,0.2925626433247026,1,0.7525943893913024,1.47,0.3,1,10,1,0.7193706146121244,0.8,0.2925626433247026,0.2925626433247026,1,4.9,-1.7697901875219806
0.0120155729141184,0.0005596750090437,67.11387688253514,2.576669481149938,0.0327610738225045,3,5,0.1,4.779529178980802,0.9247502678639168,1,0.4077151773658619,1.47,0.3,1,10,1,0.1618447384421109,0.8,0.9247502678639168,0.9247502678639168,1,4.9,-5.619430725555366
0.2400731559754344,0.016523705316874,27.971472712470447,3.5424116608571534,0.0076535106959034,3,5,0.1,9.161785529404856,0.6440555263648778,1,0.5083155025058509,1.47,0.3,1,10,1,0.964918123381099,0.8,0.6440555263648778,0.6440555263648778,1,4.9,-2.568092807686316
0.0434295859185944,0.0005605820008586,93.79823531627972,11.088363474692192,0.0807396374820132,3,5,0.1,2.102377553193667,0.2830535643451329,1,0.8932186899308318,1.47,0.3,1,10,1,0.2404874350258631,0.8,0.2830535643451329,0.2830535643451329,1,4.9,-1.375679129623574
0.1021026984978492,0.0045609136197019,67.29751836924777,2.4341032883110616,0.0136503293233565,3,5,0.1,10.753391965667216,0.9253474842973516,1,0.2995649510172806,1.47,0.3,1,10,1,0.5776405808954874,0.8,0.9253474842973516,0.9253474842973516,1,4.9,-3.859412478901916
0.0687320881573629,0.0002621168911532,947.8757149809755,2.637729631512713,0.0015864089377659,3,5,0.1,3.61876427829468,0.8304382555703145,1,0.1178783464556047,1.47,0.3,1,10,1,0.476648046903786,0.8,0.8304382555703145,0.8304382555703145,1,4.9,-5.958806650984526
0.1610104546460396,0.024170348248338,12.233631045815772,2.474723323155441,0.043261792454219,3,5,0.1,186.60049372507564,0.9716579052949152,1,0.7179408853963837,1.47,0.3,1,10,1,0.6554282740265536,0.8,0.9716579052949152,0.9716579052949152,1,4.9,-3.2786959415695343
0.0023116744169265,9.010811435090998e-05,89.1497301362539,2.572550243248505,0.0275991845331047,3,5,0.1,5.548687545016102,0.9040849990870412,1,0.3178495082275772,1.47,0.3,1,10,1,0.0725808059886068,0.8,0.9040849990870412,0.9040849990870412,1,4.9,-4.862128332655951
0.2103372428178491,0.0035971707872231,106.8500883555032,4.986420278498122,0.0124486572962784,3,5,0.1,2.714920881779827,0.4632561431784809,1,0.4877920503808396,1.47,0.3,1,10,1,0.8086314267105641,0.8,0.4632561431784809,0.4632561431784809,1,4.9,-2.5657110677968404
0.3849409419426209,4.593748832685608e-08,1372664.7136223768,26.04072159316745,2.832967674502637e-05,3,5,0.1,0.6447756601833061,0.07470717508503,1,0.1536484122823432,1.47,0.3,1,10,1,0.7798257743077944,0.8,0.07470717508503,0.07470717508503,1,4.9,-0.3412934779234469
0.1393112289493321,0.0073588908422533,46.712810514552125,2.73258729088778,0.0160315950915998,3,5,0.1,6.079128909945798,0.8441225925733886,1,0.4392470674206891,1.47,0.3,1,10,1,0.6615071611558387,0.8,0.8441225925733886,0.8441225925733886,1,4.9,-4.16232157957346
0.2146450069793108,0.0075819084108539,45.97003492112993,4.167073910040666,0.0217369122588381,3,5,0.1,2.8980371399687512,0.5845671391473873,1,0.872926485186592,1.47,0.3,1,10,1,0.7384636420486776,0.8,0.5845671391473873,0.5845671391473873,1,4.9,-3.6811065022198193
0.1755177851054095,0.0168019339084811,19.828771108528464,2.640802473572344,0.0269264352619683,3,5,0.1,7.513849358494325,0.9057865706968004,1,0.7298515828635868,1.47,0.3,1,10,1,0.69360937615989,0.8,0.9057865706968004,0.9057865706968004,1,4.9,-4.200929674338958
0.0430713391537372,0.0032800246781606,36.14485188877681,2.423577745788174,0.0434767134000063,3,5,0.1,7.722739127212269,0.9871257007115264,1,0.4739710287177131,1.47,0.3,1,10,1,0.3128464734847695,0.8,0.9871257007115264,0.9871257007115264,1,4.9,-4.688864579977727
0.0135194071977001,0.0010440292718977,40.86673673655132,2.4263686312057726,0.0490385778603336,3,5,0.1,18.41139607091605,0.9689235182216912,1,0.3643413363241776,1.47,0.3,1,10,1,0.1751296874287056,0.8,0.9689235182216912,0.9689235182216912,1,4.9,-3.6818575968792793
0.1887193450408432,0.0036115778107648,143.73097367996934,3.1026997556692084,0.0012084457214205,3,5,0.1,8.193725317277577,0.7198225580190706,1,0.2111122578032564,1.47,0.3,1,10,1,0.9473474721182789,0.8,0.7198225580190706,0.7198225580190706,1,4.9,-3.018064757286453
0.2419682495347355,0.0077222298606174,41.27561324352061,6.051035846760783,0.0440817340405826,3,5,0.1,2.8599750674607654,0.4108472542943765,1,0.9660284854811648,1.47,0.3,1,10,1,0.7520221774037842,0.8,0.4108472542943765,0.4108472542943765,1,4.9,-2.0599825610249667
0.2417906978962878,0.0032133322917862,107.84416720297064,5.453086477148259,0.0140212169700466,3,5,0.1,1.9835159986494315,0.4503790254827504,1,0.9423501109504632,1.47,0.3,1,10,1,0.7686209623502547,0.8,0.4503790254827504,0.4503790254827504,1,4.9,-3.192879149321815
0.099344409975823,0.0007400139793035,306.623197616894,5.428853027754221,0.0107527846255226,3,5,0.1,2.5314770277782803,0.4321716725801498,1,0.2840925517319249,1.47,0.3,1,10,1,0.5032982054863572,0.8,0.4321716725801498,0.4321716725801498,1,4.9,-2.394348305457111
0.1189777180106545,0.0004911434049661,829.2387841524343,2.2505473618376954,0.0006247119733447,3,5,0.1,5.929276483481028,0.9732262940051604,1,0.0972673847897626,1.47,0.3,1,10,1,0.7103178629053606,0.8,0.9732262940051604,0.9732262940051604,1,4.9,-5.257766520776324
0.2674028995862152,0.0185039820911958,23.5209027059984,3.011517435236164,0.0071974237970384,3,5,0.1,4.377712177857284,0.7822785960664815,1,0.9869143778217992,1.47,0.3,1,10,1,0.909450144747472,0.8,0.7822785960664815,0.7822785960664815,1,4.9,-4.472387604240671
0.1345328137054495,0.004374713943005,84.68945526421874,2.587239963643,0.0079853081378142,3,5,0.1,4.756975616141542,0.87661720840659,1,0.3562037868555342,1.47,0.3,1,10,1,0.6812404301833174,0.8,0.87661720840659,0.87661720840659,1,4.9,-5.126304193922152
0.0073758260485858,3.749641128721744e-07,14840.498172980437,21.580834856402262,0.0011796840280811,3,5,0.1,0.8437231157979281,0.1576948455536715,1,0.559014949236286,1.47,0.3,1,10,1,0.0919593705238813,0.8,0.1576948455536715,0.1576948455536715,1,4.9,-0.9321816044233664
0.0868347972772496,2.1342743576524907e-06,40430.87313444508,15.326435645582572,0.0003271920172305,3,5,0.1,0.814539481093355,0.1814541000823731,1,0.344958805815744,1.47,0.3,1,10,1,0.3633304642191592,0.8,0.1814541000823731,0.1814541000823731,1,4.9,-1.259557889038618
0.0088408984746792,0.0016106968644782,9.413573317698384,4.127224233678033,0.2652685643177864,3,5,0.1,66.56374356792227,0.6738755939173133,1,0.88236178290409,1.47,0.3,1,10,1,0.1186321495095161,0.8,0.6738755939173133,0.6738755939173133,1,4.9,-2.3005969446424714
0.2264431303550562,0.0160468825384031,28.99941132330364,3.26494296165246,0.0062249995274068,3,5,0.1,11.976239867625935,0.6983292757683612,1,0.4681250308588131,1.47,0.3,1,10,1,0.947749848186878,0.8,0.6983292757683612,0.6983292757683612,1,4.9,-2.6943450986165587
0.1503729791094444,0.000133972598955,2789.300635024689,4.728088205935038,0.0006354325088837,3,5,0.1,2.1060310797140653,0.4686260603934734,1,0.1159837052952052,1.47,0.3,1,10,1,0.7279908328650537,0.8,0.4686260603934734,0.4686260603934734,1,4.9,-3.248963142338148
0.0036580166417051,2.4626720933215352e-05,605.5722247273989,2.720472088165182,0.0047300720621317,3,5,0.1,5.335783064184046,0.8130822177167684,1,0.1170283390337139,1.47,0.3,1,10,1,0.0976505127440817,0.8,0.8130822177167684,0.8130822177167684,1,4.9,-4.205627679013013
0.0639159709058953,0.000113425709428,1349.006573947799,6.115195129153959,0.0035633086124521,3,5,0.1,2.0689584292090912,0.3853526173629996,1,0.170821496581164,1.47,0.3,1,10,1,0.3888974531271216,0.8,0.3853526173629996,0.3853526173629996,1,4.9,-2.27183268744718
0.0656943497614691,0.0060629131823612,24.018554223443253,2.5510722448076706,0.0560014469441606,3,5,0.1,6.300142539688394,0.9817506945546846,1,0.6934036910150233,1.47,0.3,1,10,1,0.3671381479486056,0.8,0.9817506945546846,0.9817506945546846,1,4.9,-5.142235183177963
0.2287291257125025,0.0086083802530871,43.98766930836084,3.663796139294396,0.0151748307701536,3,5,0.1,2.937386004978129,0.6575744725857361,1,0.9163075391951891,1.47,0.3,1,10,1,0.7835081700719471,0.8,0.6575744725857361,0.6575744725857361,1,4.9,-4.588945875452376
0.1001475674439868,0.0016486026957087,123.00690042117245,4.866924937946715,0.0217616246180742,3,5,0.1,2.3376560572611176,0.5134788315178653,1,0.5636024431676657,1.47,0.3,1,10,1,0.4647422304531415,0.8,0.5134788315178653,0.5134788315178653,1,4.9,-3.511177556868589
0.0299363306612212,8.690189036907304e-06,12575.70597120474,3.373268789760985,0.0002353130032108,3,5,0.1,38.38474469057572,0.6571718350485826,1,0.0176867942967525,1.47,0.3,1,10,1,0.2879233606733952,0.8,0.6571718350485826,0.6571718350485826,1,4.9,-2.2817234999347704
0.1607868653513358,0.0010331321701418,429.451549458657,3.551637101508842,0.0017283763314846,3,5,0.1,3.67871014016725,0.6249092081196942,1,0.170737358226758,1.47,0.3,1,10,1,0.8128904037580975,0.8,0.6249092081196942,0.6249092081196942,1,4.9,-3.4508264822462493
0.1077630035421562,0.0090758397534857,21.91240901604933,3.170566076749596,0.0611812824831665,3,5,0.1,4.878796455365705,0.8089549788844258,1,0.893645973808905,1.47,0.3,1,10,1,0.4637786960828663,0.8,0.8089549788844258,0.8089549788844258,1,4.9,-4.398101895839915
0.0444125073436215,0.0003841114732468,385.7091006524344,3.288258816125503,0.006479393312856,3,5,0.1,3.181932289403384,0.6867604904521596,1,0.2040738321247113,1.47,0.3,1,10,1,0.347276242137493,0.8,0.6867604904521596,0.6867604904521596,1,4.9,-4.611665359342599
0.1122868032251696,0.0128632859706474,19.178632265504632,2.4058861229339064,0.0439961662482347,3,5,0.1,17.85401236686489,0.994729793621274,1,0.5878217555691564,1.47,0.3,1,10,1,0.5344017094460267,0.8,0.994729793621274,0.994729793621274,1,4.9,-3.811228839684372
0.1454785707141939,0.0119184788266873,23.428154822554845,2.653508121786843,0.0337822051607365,3,5,0.1,5.226956570451871,0.923917084118264,1,0.8068657027787292,1.47,0.3,1,10,1,0.5879937552466585,0.8,0.923917084118264,0.923917084118264,1,4.9,-5.241548398440514
0.1651442464185586,0.0150788652786005,18.50468832472181,3.211662718789692,0.0493419248797594,3,5,0.1,5.440187639418949,0.7775360115764257,1,0.9532699424862524,1.47,0.3,1,10,1,0.6110777369884013,0.8,0.7775360115764257,0.7775360115764257,1,4.9,-3.888596577637753
0.0014983455982979,9.707495860622284e-05,46.95468426695033,2.968746656300754,0.0568899754701901,3,5,0.1,8.954013615991071,0.8108118932360694,1,0.3757141855748067,1.47,0.3,1,10,1,0.0561869731370221,0.8,0.8108118932360694,0.8108118932360694,1,4.9,-3.4267432235009245
0.0124498193583586,0.0002402134780799,160.05872557990804,4.173435618401441,0.0247172092466402,3,5,0.1,5.106441184997365,0.5642704640197367,1,0.2283866504358115,1.47,0.3,1,10,1,0.1679923403838329,0.8,0.5642704640197367,0.5642704640197367,1,4.9,-2.5343520820132284
0.2143693347373326,0.0014519081148558,266.0004600463331,6.076117188941972,0.0078056300788819,3,5,0.1,2.5039710437552123,0.3678423546378006,1,0.3109045835271415,1.47,0.3,1,10,1,0.8392679694192389,0.8,0.3678423546378006,0.3678423546378006,1,4.9,-1.8656339854626007
0.2061073828048087,3.40895971969857e-05,5038.745563997237,13.793692596828404,0.0016783110303425,3,5,0.1,0.9240390717039946,0.1996615631735898,1,0.7471167785686638,1.47,0.3,1,10,1,0.5881393130388771,0.8,0.1996615631735898,0.1996615631735898,1,4.9,-1.3422839436661107
0.0001958093407029,9.189265537420446e-06,64.55671874585491,2.843307055504225,0.0399438732348556,3,5,0.1,4.481393117457705,0.8562599304050854,1,0.4312284061721646,1.47,0.3,1,10,1,0.0199730474114043,0.8,0.8562599304050854,0.8562599304050854,1,4.9,-5.150405405264777
0.1433019512671035,0.0004499018804256,948.6845897631558,3.258170654585614,0.0008204150995794,3,5,0.1,3.068424759090728,0.6791113621084799,1,0.1335498313838112,1.47,0.3,1,10,1,0.765379340613359,0.8,0.6791113621084799,0.6791113621084799,1,4.9,-4.681129009931624
0.1717982113177833,0.0080149342839478,55.65195088012022,3.053256780823698,0.0075823644874662,3,5,0.1,112.20847641553648,0.7363827461627648,1,0.2745059168001799,1.47,0.3,1,10,1,0.8378671807558788,0.8,0.7363827461627648,0.7363827461627648,1,4.9,-2.49278061487362
0.1755433510257935,0.0081993228854855,43.14461395913966,3.868313452436226,0.0234838557450924,3,5,0.1,4.776663707852218,0.6047014194499479,1,0.5077212968135388,1.47,0.3,1,10,1,0.7248458350860734,0.8,0.6047014194499479,0.6047014194499479,1,4.9,-2.8606834695711285
0.3829494003497427,0.0008450428997799,87.17993332493323,28.549879765684924,0.2949308415237253,3,5,0.1,2.382591846179136,0.087218383507616,1,0.6789145112717205,1.47,0.3,1,10,1,0.7767134078571769,0.8,0.087218383507616,0.087218383507616,1,4.9,-0.3178797038320873
0.1134516806743506,0.0005857079707584,595.0778612383227,3.344561683392769,0.0021663614723495,3,5,0.1,4.72327494770276,0.6613078264087263,1,0.122725073699026,1.47,0.3,1,10,1,0.6398471226804822,0.8,0.6613078264087263,0.6613078264087263,1,4.9,-3.2739196200334355
0.1509876428235421,0.0124390115856476,27.03493847665915,2.53776378976918,0.0220867346377189,3,5,0.1,8.897122299928277,0.922120786707322,1,0.5418034419280403,1.47,0.3,1,10,1,0.6713411403490714,0.8,0.922120786707322,0.922120786707322,1,4.9,-4.054165859526879
0.031575020424668,0.0003777948230717,163.536001146914,6.383971659086189,0.0302484645323705,3,5,0.1,2.086289829604333,0.4239810467216429,1,0.5699741840562726,1.47,0.3,1,10,1,0.231993515981026,0.8,0.4239810467216429,0.4239810467216429,1,4.9,-2.6877750370328286
0.0232987743959675,0.0010559673008345,50.76027087821567,3.5488143668250056,0.051096619853445,3,5,0.1,3.3038050757941058,0.7371481010930946,1,0.6645731168236146,1.47,0.3,1,10,1,0.2037114596476213,0.8,0.7371481010930946,0.7371481010930946,1,4.9,-5.1256569601645
0.0959073469150813,0.0031496527309963,90.74430896901126,2.323609936592561,0.0105883632537138,3,5,0.1,4.501969386607457,0.9773372821147444,1,0.3584751297211004,1.47,0.3,1,10,1,0.5420277748156432,0.8,0.9773372821147444,0.9773372821147444,1,4.9,-6.602012713423482
0.0153166685001648,0.0005701497876704,80.40860163049634,3.539695196816528,0.0384309801175058,3,5,0.1,5.22013681250188,0.6748052087598057,1,0.3342485993280148,1.47,0.3,1,10,1,0.1835689105787271,0.8,0.6748052087598057,0.6748052087598057,1,4.9,-3.2208542657870574
0.0041534851915058,4.9611855593398224e-05,211.0135387967001,5.88263902991832,0.0269998047405954,3,5,0.1,2.89028805007676,0.4270426092989609,1,0.3001695943863462,1.47,0.3,1,10,1,0.0896953858408059,0.8,0.4270426092989609,0.4270426092989609,1,4.9,-2.172422489650497
0.0930511404145418,6.352676588971532e-05,4576.649672996642,3.6415261234951073,0.0004086888832254,3,5,0.1,2.810608156797304,0.6071091155019446,1,0.064441743898543,1.47,0.3,1,10,1,0.555803523636149,0.8,0.6071091155019446,0.6071091155019446,1,4.9,-4.080155621964094
0.0998976787570668,0.0060608222720663,45.08803909308985,2.569555904757121,0.0231693322473797,3,5,0.1,9.860038651515284,0.8941993700922563,1,0.3801105494041696,1.47,0.3,1,10,1,0.5418230001275448,0.8,0.8941993700922563,0.8941993700922563,1,4.9,-3.7806895386124246
0.1570986311433536,0.0001240578266479,2438.9560433706924,6.907458064035658,0.001571115375627,3,5,0.1,2.505466017849413,0.3238981481548239,1,0.0966146683040192,1.47,0.3,1,10,1,0.6735737443911182,0.8,0.3238981481548239,0.3238981481548239,1,4.9,-1.5460061730469192
0.1637077112128674,0.0056408963302746,62.79592985617791,3.118106653000344,0.0126540185433133,3,5,0.1,3.322171020176976,0.7536593468420365,1,0.5684380833879711,1.47,0.3,1,10,1,0.6918133232673226,0.8,0.7536593468420365,0.7536593468420365,1,4.9,-5.337539714668187
0.0707323008378358,0.0002647931102612,279.5027230410491,14.900674975621785,0.0459701605716344,3,5,0.1,2.2930159416296187,0.1884159344745297,1,0.3431961058364541,1.47,0.3,1,10,1,0.3264869161754362,0.8,0.1884159344745297,0.1884159344745297,1,4.9,-0.7770326469946873
0.1427865259285225,0.0013233112722974,176.31264790494657,7.380590004052121,0.0236728053772242,3,5,0.1,2.3416397221607976,0.3319628407987131,1,0.4317755337288363,1.47,0.3,1,10,1,0.5669344570931221,0.8,0.3319628407987131,0.3319628407987131,1,4.9,-1.65349442735614
0.266876171483874,0.0344084704247357,12.20012459912372,2.8795200186260583,0.0067677279192264,3,5,0.1,14.903432662855936,0.8137683066941721,1,0.8903450160487438,1.47,0.3,1,10,1,0.937582377164728,0.8,0.8137683066941721,0.8137683066941721,1,4.9,-3.108618977839104
0.162306337461433,0.0031563639938064,88.19455237264087,5.030335297087768,0.0225146968803173,3,5,0.1,2.3662164391078413,0.4945897435650527,1,0.7071509079552979,1.47,0.3,1,10,1,0.6087244774682622,0.8,0.4945897435650527,0.4945897435650527,1,4.9,-3.218203182864624
0.1347404058475856,0.0103304775108209,30.70171533125098,2.5526063843219147,0.0235604522643666,3,5,0.1,8.921663631561689,0.913744038586493,1,0.4962596983149999,1.47,0.3,1,10,1,0.6303141004503874,0.8,0.913744038586493,0.913744038586493,1,4.9,-4.002260276358399
0.114154149249135,0.0079801014003067,26.356528650315568,5.638470868471019,0.1085520645905531,3,5,0.1,48.2172254177738,0.4308752415105987,1,0.3967549078838644,1.47,0.3,1,10,1,0.5187011122834593,0.8,0.4308752415105987,0.4308752415105987,1,4.9,-1.4668357422265856
0.2122060607134074,0.0009175310107134,567.5167913184945,3.9615250528263344,0.0006321295362913,3,5,0.1,2.440043212272625,0.5589581568053774,1,0.2233536579288937,1.47,0.3,1,10,1,0.9909662237657368,0.8,0.5589581568053774,0.5589581568053774,1,4.9,-4.002679564318152
0.2647762270951183,0.0211286520784274,20.635796595551565,2.8295500951213874,0.0060019189712421,3,5,0.1,5.079620380610896,0.8312852942068968,1,0.9661358676833134,1.47,0.3,1,10,1,0.9125532591370328,0.8,0.8312852942068968,0.8312852942068968,1,4.9,-4.482669479756046
0.0954084859505163,0.0003989941951232,712.8905422099668,3.703110164206148,0.0026538532541302,3,5,0.1,2.862871548963927,0.6032756457516223,1,0.162228260134309,1.47,0.3,1,10,1,0.551070186841658,0.8,0.6032756457516223,0.6032756457516223,1,4.9,-3.956081651124922
0.0227411994060647,0.0007942551192629,69.99927311561154,4.885513077783654,0.0574794356937161,3,5,0.1,4.288769359630421,0.5135918564834296,1,0.3986052070991333,1.47,0.3,1,10,1,0.2125390349344699,0.8,0.5135918564834296,0.5135918564834296,1,4.9,-2.375836259630674
0.158317023433331,0.0091125869174138,43.93164100235027,3.019050074851218,0.0135377478142432,3,5,0.1,51.81652241366623,0.7498269462632798,1,0.3171758251244461,1.47,0.3,1,10,1,0.7648777287387005,0.8,0.7498269462632798,0.7498269462632798,1,4.9,-2.5867658693338065
0.045256664108963,0.0009057593988198,169.7117343239872,2.62079578630387,0.0109942516977694,3,5,0.1,3.9131342325973937,0.8626132633136329,1,0.2738145166591864,1.47,0.3,1,10,1,0.3508417392914943,0.8,0.8626132633136329,0.8626132633136329,1,4.9,-5.920814676888705
0.0659823821568256,5.211538161350945e-05,4608.866146782931,2.597213135044342,0.0003250521813697,3,5,0.1,5.519444364122811,0.8382753254353261,1,0.0412166128634324,1.47,0.3,1,10,1,0.468814673858254,0.8,0.8382753254353261,0.8382753254353261,1,4.9,-4.328005971821037
0.0986326067416417,0.0005994495576872,535.7559431526616,2.90907277077568,0.002297111072208,3,5,0.1,3.40378088166444,0.760364481182335,1,0.1643877068697536,1.47,0.3,1,10,1,0.5875523161098474,0.8,0.760364481182335,0.760364481182335,1,4.9,-5.293975417750211
0.096100893392359,0.0060787516416283,36.75914903991673,2.4225223828249387,0.0286758262777663,3,5,0.1,4.600120395177435,0.9990465656384132,1,0.628787333197791,1.47,0.3,1,10,1,0.4757594273627771,0.8,0.9990465656384132,0.9990465656384132,1,4.9,-6.751448067623713
0.1768976690484449,0.0033116235141634,87.31386985091663,5.542520816971232,0.0246246407991477,3,5,0.1,2.420025370158847,0.4454238000704643,1,0.6742292895981349,1.47,0.3,1,10,1,0.6442653987275624,0.8,0.4454238000704643,0.4454238000704643,1,4.9,-2.602386281784796
0.0998329261758636,0.0012442396094136,248.81754155368432,2.85662206083184,0.0048624257399144,3,5,0.1,3.420674309295868,0.7831765827954307,1,0.2455229725590511,1.47,0.3,1,10,1,0.5749254366152008,0.8,0.7831765827954307,0.7831765827954307,1,4.9,-5.604835741477261
0.0953615121914005,0.005720394042581,44.9937453840564,2.8475881406743944,0.0280227061619174,3,5,0.1,11.19458637888445,0.809263146397254,1,0.3639468070273767,1.47,0.3,1,10,1,0.5226426924893456,0.8,0.809263146397254,0.809263146397254,1,4.9,-3.244884520159044
0.0010997018719704,3.952387020092669e-05,47.96737709000787,6.738657178851493,0.1068052658387387,3,5,0.1,2.919470578375312,0.4377291095266934,1,0.7991160758742972,1.47,0.3,1,10,1,0.039604659186199,0.8,0.4377291095266934,0.4377291095266934,1,4.9,-2.244236285857074
0.1370107950462724,0.0010305545295152,427.0235551391265,2.6310556342273967,0.0011878210067328,3,5,0.1,5.190049367232429,0.8409143609403844,1,0.1435367650579288,1.47,0.3,1,10,1,0.7671835366724373,0.8,0.8409143609403844,0.8409143609403844,1,4.9,-4.506919467945401
0.2077497042935879,0.003577927693189,132.32104924866792,4.044513718628611,0.0042893869119066,3,5,0.1,3.902124222514053,0.5526686519651955,1,0.3035421787588984,1.47,0.3,1,10,1,0.9231589397877924,0.8,0.5526686519651955,0.5526686519651955,1,4.9,-2.751551994261039
0.1350610883481391,0.0158939259542533,14.356230107715232,3.177994955507159,0.07544758660369,3,5,0.1,7.530763582260367,0.8009163578638278,1,0.9680722506559056,1.47,0.3,1,10,1,0.5314439008643671,0.8,0.8009163578638278,0.8009163578638278,1,4.9,-3.5508982017766613
0.2460180696389159,0.0056618931646852,41.73782036575408,10.146126923545218,0.1121205912493811,3,5,0.1,2.982139416849286,0.2544251451363011,1,0.8453000235865499,1.47,0.3,1,10,1,0.7017029377755024,0.8,0.2544251451363011,0.2544251451363011,1,4.9,-1.0588756829069332
0.1885329510229838,0.0030367751110088,124.79507302329368,4.352542500075365,0.0093426358573762,3,5,0.1,2.5843537289781446,0.5324127501403172,1,0.4790318485203554,1.47,0.3,1,10,1,0.7647301688073387,0.8,0.5324127501403172,0.5324127501403172,1,4.9,-3.417496565146614
0.0039234662485899,0.0001653602139673,83.34045655560922,2.461808711730713,0.0279095056032761,3,5,0.1,6.340070338465485,0.9398940432662106,1,0.3123618617958038,1.47,0.3,1,10,1,0.0952830690040261,0.8,0.9398940432662106,0.9398940432662106,1,4.9,-4.78982155362541
0.1029166767025099,3.6856229785834875e-09,7065587.332148691,37.92753123624987,4.613645817334916e-06,3,5,0.1,0.4719095782634096,0.0893480474533302,1,0.4853744043677025,1.47,0.3,1,10,1,0.3296590493515142,0.8,0.0893480474533302,0.0893480474533302,1,4.9,-0.5335265688084654
0.0077427759313036,0.0001948558713543,117.66079910091008,3.6647555324858425,0.0284811347282812,3,5,0.1,3.362922584073278,0.6623411445348789,1,0.3702129552364279,1.47,0.3,1,10,1,0.1272331735788112,0.8,0.6623411445348789,0.6623411445348789,1,4.9,-4.085192336810648
0.0741495822007488,0.0007918105777772,294.66835797721643,3.164694261832868,0.0062416195819641,3,5,0.1,3.219739185780276,0.7113362798599429,1,0.2336096614567684,1.47,0.3,1,10,1,0.468741900157168,0.8,0.7113362798599429,0.7113362798599429,1,4.9,-4.89398301128651
0.2100427238335086,0.0082139953740413,44.90283345686448,3.6019244192148667,0.0162859533117956,3,5,0.1,3.130360592865449,0.665659131901501,1,0.792901053872631,1.47,0.3,1,10,1,0.7579301593632447,0.8,0.665659131901501,0.665659131901501,1,4.9,-4.404031007962114
0.129044147981413,0.0027995409595193,121.55489198118036,3.1271073474666973,0.008632991297102,3,5,0.1,3.4450102248120165,0.7300746930667585,1,0.3596720901137997,1.47,0.3,1,10,1,0.6423700092846257,0.8,0.7300746930667585,0.7300746930667585,1,4.9,-4.814070277460711
0.107502521436314,0.0033511036897182,90.57462264972725,3.047985089698717,0.013670382092296,3,5,0.1,5.891021306924822,0.7439144577862024,1,0.2983457517115989,1.47,0.3,1,10,1,0.5820960618369461,0.8,0.7439144577862024,0.7439144577862024,1,4.9,-3.5155900019881905
0.1153899778215981,0.007252216577497,35.36268965410682,2.545387834218474,0.0270540515318865,3,5,0.1,4.5646549314277225,0.948311473221205,1,0.6459937520109159,1.47,0.3,1,10,1,0.5308743157063656,0.8,0.948311473221205,0.948311473221205,1,4.9,-6.134987050659472
0.0256474832913627,0.0016460745399231,23.51399378708518,6.879268109185673,0.1908410421531086,3,5,0.1,3.968799596093253,0.4339323772378626,1,0.997202011588732,1.47,0.3,1,10,1,0.1904456676085083,0.8,0.4339323772378626,0.4339323772378626,1,4.9,-1.9418372650423168
0.1689249995019591,0.0003648563255811,1092.0302667192836,4.74761691539732,0.0013909032915748,3,5,0.1,2.1135761015601773,0.4679534728406612,1,0.187170935310036,1.47,0.3,1,10,1,0.7804798738458816,0.8,0.4679534728406612,0.4679534728406612,1,4.9,-3.2268771725307595
0.0009788956961604,1.0898252749395702e-06,1789.254096364429,8.892871833984918,0.005012695868437,3,5,0.1,1.558771156796904,0.2960772618084134,1,0.2476862147194731,1.47,0.3,1,10,1,0.0411851259886668,0.8,0.2960772618084134,0.2960772618084134,1,4.9,-1.7724923029085744
0.017282283211684,1.5217744211907269e-06,38498.43864967828,4.183782687369037,0.0001067174437492,3,5,0.1,3.805115639170493,0.5424422698984477,1,0.0169547515168284,1.47,0.3,1,10,1,0.2078858125183382,0.8,0.5424422698984477,0.5424422698984477,1,4.9,-2.709356198543848
0.1920736091910901,0.0156686034277333,23.033624097404,2.7053521828762683,0.0198216833463864,3,5,0.1,5.877660501464776,0.8796007475078473,1,0.7452331143049148,1.47,0.3,1,10,1,0.7397770238589402,0.8,0.8796007475078473,0.8796007475078473,1,4.9,-4.505137123814887
0.0710486115266501,0.0009305826295364,274.5494099140637,2.2191558647701086,0.0042341846440864,3,5,0.1,4.580786533078043,0.9906392473633724,1,0.1945435790534614,1.47,0.3,1,10,1,0.4841827463680476,0.8,0.9906392473633724,0.9906392473633724,1,4.9,-6.665663435345563
0.1394606905718823,0.0130386270923543,20.33869304488568,2.490401496082742,0.0374935006407337,3,5,0.1,5.86150990081584,0.9905754129686024,1,0.851178070255181,1.47,0.3,1,10,1,0.5667966249554892,0.8,0.9905754129686024,0.9905754129686024,1,4.9,-5.451637578484437
0.044136127088001,0.0066913728295239,12.26593162659811,2.838935107610164,0.1248548909029463,3,5,0.1,10.9326732332828,0.942258548179021,1,0.9898532972899596,1.47,0.3,1,10,1,0.2752395357098,0.8,0.942258548179021,0.942258548179021,1,4.9,-3.9315022902760495
0.1749303822801044,0.0119093330581928,25.590499008705063,3.3196628343640864,0.0349221386786034,3,5,0.1,4.2906874234617485,0.7421384402910153,1,0.8732711298384542,1.47,0.3,1,10,1,0.6467089884920264,0.8,0.7421384402910153,0.7421384402910153,1,4.9,-4.147773114252548
0.0406533777543285,0.0004114847563549,244.30404690982903,5.585275237862393,0.0189267845810668,3,5,0.1,2.8563676484947926,0.4344889886588531,1,0.2796832525146457,1.47,0.3,1,10,1,0.2972802783255234,0.8,0.4344889886588531,0.4344889886588531,1,4.9,-2.2451738979971374
0.0144324868590235,0.0001886130406021,272.69748507880337,3.0191060359806823,0.0103673249198415,3,5,0.1,3.422929412703525,0.7550429332151997,1,0.2324971029423043,1.47,0.3,1,10,1,0.1887591835673515,0.8,0.7550429332151997,0.7550429332151997,1,4.9,-5.186044025050769
0.1876854879216392,0.011037703777167,35.034327109187416,2.594787884057489,0.0115997934823578,3,5,0.1,4.589407960809415,0.904450949253836,1,0.650519767051535,1.47,0.3,1,10,1,0.7589820862465593,0.8,0.904450949253836,0.904450949253836,1,4.9,-5.581359229418544
0.1844291778278978,0.0106768387408382,39.78150563355359,3.1954138488982604,0.0116735070103734,3,5,0.1,11.886082508307709,0.7123433475158709,1,0.3843634563245753,1.47,0.3,1,10,1,0.8296414987389384,0.8,0.7123433475158709,0.7123433475158709,1,4.9,-2.760503012904927
0.0848661775144524,0.0087136340706757,24.01622976204991,2.7067679757979843,0.051977337955405,3,5,0.1,83.78285910154531,0.8721557653804376,1,0.4465766681147526,1.47,0.3,1,10,1,0.4669492120853307,0.8,0.8721557653804376,0.8721557653804376,1,4.9,-2.979557358082637
0.1729525228731591,0.0040643866585348,76.87458760426289,6.111076941741103,0.0339886936238191,3,5,0.1,4.826484907019468,0.3785364750666567,1,0.3408648569623511,1.47,0.3,1,10,1,0.6973070238795914,0.8,0.3785364750666567,0.3785364750666567,1,4.9,-1.5444184358111244
0.2154443893152499,0.0185620735447432,22.046506561192896,2.936492460120535,0.013425322160826,3,5,0.1,8.423714486957083,0.7937026105704978,1,0.6301371584637538,1.47,0.3,1,10,1,0.8462383229244358,0.8,0.7937026105704978,0.7937026105704978,1,4.9,-3.3912492074645115
0.2549135045675434,0.0173055364080477,26.61555309174034,2.7249652394192103,0.0022389392492703,3,5,0.1,4.884956494162863,0.8532881211849968,1,0.7828383005177945,1.47,0.3,1,10,1,0.940095387960962,0.8,0.8532881211849968,0.8532881211849968,1,4.9,-4.80113579970001
0.1132929346488868,0.0009996185552412,165.34045211897583,7.17710959049059,0.0242378210763573,3,5,0.1,1.7559583271015724,0.3872257129510317,1,0.8982762636245578,1.47,0.3,1,10,1,0.4362953932560881,0.8,0.3872257129510317,0.3872257129510317,1,4.9,-2.6588728230842342
0.1624859208584017,0.0026807426221615,186.95558024205764,2.2861250311877503,0.0007206058705715,3,5,0.1,5.284061296952042,0.9779554794345924,1,0.2246445212704814,1.47,0.3,1,10,1,0.8738979417062404,0.8,0.9779554794345924,0.9779554794345924,1,4.9,-5.7376109043163375
0.130119103130556,0.0001510754653751,2515.0819368711086,3.701437833011452,0.0005036856090458,3,5,0.1,3.074360664714579,0.5964013046967879,1,0.0799085273173484,1.47,0.3,1,10,1,0.699322337130878,0.8,0.5964013046967879,0.5964013046967879,1,4.9,-3.632039634015271
0.0997571551620567,0.0015326597891871,145.6588061473453,5.454855933335148,0.0224633815988632,3,5,0.1,3.658263425747106,0.4317099876580643,1,0.2919027248240252,1.47,0.3,1,10,1,0.5018427078926252,0.8,0.4317099876580643,0.4317099876580643,1,4.9,-1.985847518448665
0.1084377311962012,0.0039626261762049,68.14658768288515,2.8412122936821285,0.0172336692845617,3,5,0.1,3.634341611026712,0.8283620261064917,1,0.4931527839635741,1.47,0.3,1,10,1,0.5385897625857853,0.8,0.8283620261064917,0.8283620261064917,1,4.9,-5.897847183392962
0.0278466608167009,0.0022949485192705,24.486890841491828,3.393471509760411,0.0898879419454798,3,5,0.1,4.56929410836725,0.7966221259130477,1,0.8582450284466516,1.47,0.3,1,10,1,0.2148649727798767,0.8,0.7966221259130477,0.7966221259130477,1,4.9,-4.476404724360803
0.2397826915603006,0.0058397195150187,63.51693210498077,6.043865054071679,0.0276639713112292,3,5,0.1,3.392930615315222,0.3812609848170842,1,0.513478490770662,1.47,0.3,1,10,1,0.8497166895091333,0.8,0.3812609848170842,0.3812609848170842,1,4.9,-1.7225008053169084
0.1211345156571914,0.0066034088458024,37.92873173731924,3.413887654200068,0.0362773053388709,3,5,0.1,4.180504641311201,0.7154993173783648,1,0.6309099260443002,1.47,0.3,1,10,1,0.5358401267554135,0.8,0.7154993173783648,0.7154993173783648,1,4.9,-3.970716568442771
0.1825006855899773,0.0119588125650937,33.085847460352234,2.4633716658188245,0.0106336036439204,3,5,0.1,5.730693971992041,0.9445611496103072,1,0.5828708638242639,1.47,0.3,1,10,1,0.7696852463087789,0.8,0.9445611496103072,0.9445611496103072,1,4.9,-5.116174068376505
0.1435403148424007,0.0008551146001505,556.5432071935204,2.238619156576424,0.000431181387264,3,5,0.1,6.0342202238037554,0.9867295475767196,1,0.119575526761201,1.47,0.3,1,10,1,0.8228260924372653,0.8,0.9867295475767196,0.9867295475767196,1,4.9,-5.31831071277918
0.0675843051353573,0.000202084967955,1001.1111312936802,4.076120363889619,0.0027548454342727,3,5,0.1,2.4326551343562204,0.5549600741114776,1,0.1627212964871541,1.47,0.3,1,10,1,0.4355835299075731,0.8,0.5549600741114776,0.5549600741114776,1,4.9,-3.9552581763598944
0.2672260980587713,0.0003362407693406,848.341242427882,9.074929446744308,0.0045940554601858,3,5,0.1,1.217008442748089,0.2745324800341254,1,0.8427236381420512,1.47,0.3,1,10,1,0.7676347113524824,0.8,0.2745324800341254,0.2745324800341254,1,4.9,-1.9320461377484293
0.2242434412633283,0.0025734566042208,101.51721851114868,8.546922765472885,0.0374454249496944,3,5,0.1,2.120362579248592,0.2978561981964552,1,0.7866547235532265,1.47,0.3,1,10,1,0.6862569581322978,0.8,0.2978561981964552,0.2978561981964552,1,4.9,-1.476962585257926
4.129602261312611e-05,4.749986057789269e-08,3635.547435613508,2.4008568623789017,0.0007005729360618,3,5,0.1,6.641572407589385,0.9114587060424432,1,0.0433929829571311,1.47,0.3,1,10,1,0.0104370342475895,0.8,0.9114587060424432,0.9114587060424432,1,4.9,-4.469353749303355
0.0008106088462907,2.3331182703048105e-05,129.09749219319283,2.960254866084964,0.0235687843048823,3,5,0.1,23.91258470965852,0.7666526363127941,1,0.1860932021095358,1.47,0.3,1,10,1,0.0443533052297493,0.8,0.7666526363127941,0.7666526363127941,1,4.9,-2.762139311257954
0.2036774868328547,0.0008744264153837,363.5982066168159,7.642066867604873,0.0104141218030563,3,5,0.1,2.2970909003505007,0.2961713403913782,1,0.2909233769244569,1.47,0.3,1,10,1,0.7534898425843922,0.8,0.2961713403913782,0.2961713403913782,1,4.9,-1.4120426278527844
0.0319190754172328,0.0008418697716186,68.3065539462802,6.599424482529359,0.0709333118028467,3,5,0.1,2.749532026320579,0.4213371671408209,1,0.651410932758028,1.47,0.3,1,10,1,0.2273689430574539,0.8,0.4213371671408209,0.4213371671408209,1,4.9,-2.186126556416575
0.0274346486545865,8.504510945579303e-05,1302.2084726140793,2.379419132146448,0.0015478481844473,3,5,0.1,4.17777535942886,0.9148590025133094,1,0.0914891157891706,1.47,0.3,1,10,1,0.2831556194503906,0.8,0.9148590025133094,0.9148590025133094,1,4.9,-6.235732063617871
0.4205407531211749,1.6245046841394612e-08,7063601.666895678,20.93097637402055,3.4095953488053145e-06,3,5,0.1,0.4784881944486983,0.096088299521151,1,0.4078505757508288,1.47,0.3,1,10,1,0.893254399703024,0.8,0.096088299521151,0.096088299521151,1,4.9,-0.6027047085781589
0.036134124473703,0.0023093824030891,35.59711023384932,2.9095302103370413,0.0535302896378952,3,5,0.1,4.038144500374542,0.8876381580867246,1,0.7155150119812955,1.47,0.3,1,10,1,0.2578169748020193,0.8,0.8876381580867246,0.8876381580867246,1,4.9,-6.074278188961209
0.1729460452554736,0.0031989416365202,124.48879074895191,3.512574034582982,0.0064486921263336,3,5,0.1,2.867569319402916,0.6527248346855719,1,0.4276554588103698,1.47,0.3,1,10,1,0.7623776969862054,0.8,0.6527248346855719,0.6527248346855719,1,4.9,-4.64031604355506
0.0758321022624383,0.0059554856708904,29.848771589195017,2.473926167493825,0.0415684045064728,3,5,0.1,5.780041188925972,0.9883976964693142,1,0.619666461876459,1.47,0.3,1,10,1,0.4108554891694061,0.8,0.9883976964693142,0.9883976964693142,1,4.9,-5.482000938224749
0.1891740637719503,0.0100982734728295,45.48689800576093,2.3439865455882534,0.0034236668084573,3,5,0.1,6.322391905966996,0.97455581696686,1,0.4558779340878471,1.47,0.3,1,10,1,0.8592764643693841,0.8,0.97455581696686,0.97455581696686,1,4.9,-5.073181740522507
0.1795988726358302,0.0013466376016651,351.0707045466795,3.676777051759723,0.0016622149451514,3,5,0.1,3.543382644040405,0.6041191157701084,1,0.1953466824377227,1.47,0.3,1,10,1,0.8770518634525939,0.8,0.6041191157701084,0.6041191157701084,1,4.9,-3.344040222125777
0.0120822843333122,1.7605755401977046e-05,2836.527008084221,2.539474780920683,0.0008787148544353,3,5,0.1,8.695585088689775,0.8595748637380798,1,0.0454761603879994,1.47,0.3,1,10,1,0.1826673664653868,0.8,0.8595748637380798,0.8595748637380798,1,4.9,-3.724268295292898
0.1526576187422487,0.0087181003269756,39.84212544565987,2.827669833110272,0.0177636461423654,3,5,0.1,5.508386784948792,0.8242942832796901,1,0.5101666636048827,1.47,0.3,1,10,1,0.6806028623220952,0.8,0.8242942832796901,0.8242942832796901,1,4.9,-4.221747431381141
0.0680286973910461,0.003890556956575,34.69536285668593,4.062236996146965,0.0673984007738982,3,5,0.1,3.909268357433648,0.6408405513331373,1,0.7144558714841239,1.47,0.3,1,10,1,0.3581912856012993,0.8,0.6408405513331373,0.6408405513331373,1,4.9,-3.459327457195436
0.0388939817719364,0.0007354976124344,72.09600119685265,9.820485530930602,0.0966270336867582,3,5,0.1,2.496735032205524,0.3052222583720346,1,0.7403432470022967,1.47,0.3,1,10,1,0.2358866873398875,0.8,0.3052222583720346,0.3052222583720346,1,4.9,-1.4234386006433333
0.2093489234947429,1.1879255083925158e-05,6940.194333661151,25.36819226434864,0.003013108591377,3,5,0.1,0.9357675735967512,0.1142511232296154,1,0.5512179640417441,1.47,0.3,1,10,1,0.5317592830392348,0.8,0.1142511232296154,0.1142511232296154,1,4.9,-0.5325534616548921
0.0001716646339194,1.2675862434470655e-05,31.537430494909987,5.280191732398553,0.1446738918843218,3,5,0.1,49.5214118978485,0.4846214802420636,1,0.3630893879113552,1.47,0.3,1,10,1,0.0179210620157266,0.8,0.4846214802420636,0.4846214802420636,1,4.9,-1.6531534244907142
0.1794510129553356,2.10550886457712e-05,24864.57547191036,3.2969248942635097,1.0346507031765308e-05,3,5,0.1,5.633406462828254,0.6697883871112612,1,0.0175864493366719,1.47,0.3,1,10,1,0.9443333442993944,0.8,0.6697883871112612,0.6697883871112612,1,4.9,-3.08981552033892
0.1421871718049781,5.844834926895322e-05,6898.920631860031,2.3093038562673494,4.486716369515092e-05,3,5,0.1,4.3439357165514725,0.9337592574493128,1,0.0368182797590172,1.47,0.3,1,10,1,0.7914797670014169,0.8,0.9337592574493128,0.9337592574493128,1,4.9,-6.244623151084221
0.1955329713456301,0.0010025493236446,552.8857332356282,3.125941157327462,0.0001027096659592,3,5,0.1,3.135522615946784,0.7131968553545135,1,0.1772438910432502,1.47,0.3,1,10,1,0.9998177643207132,0.8,0.7131968553545135,0.7131968553545135,1,4.9,-5.066036895396378
0.0659233009144965,0.0010279748439978,225.83176743526727,2.3671720693905303,0.0059759094558965,3,5,0.1,4.455489463248866,0.935207321685692,1,0.2176872843952811,1.47,0.3,1,10,1,0.4546395430020347,0.8,0.935207321685692,0.935207321685692,1,4.9,-6.109671403227969
0.1966918962156271,0.0077218969240051,39.67890849239018,5.536968519934194,0.0469178037391802,3,5,0.1,3.678344177088648,0.4394088719476564,1,0.6588752969740829,1.47,0.3,1,10,1,0.7000856094679784,0.8,0.4394088719476564,0.4394088719476564,1,4.9,-2.030735590079029
0.2445023877979994,0.0138049644763015,34.530377262375865,2.404307583243958,0.0003276009689841,3,5,0.1,4.280915190898101,0.9636533468492384,1,0.7310191823577176,1.47,0.3,1,10,1,0.9383076353818728,0.8,0.9636533468492384,0.9636533468492384,1,4.9,-6.765953385191976
0.2139879079620852,0.0028651527623364,114.94461903511716,5.886955412148221,0.0172832251963195,3,5,0.1,2.190188731514433,0.4098528878946175,1,0.6650992400880369,1.47,0.3,1,10,1,0.7390238779310087,0.8,0.4098528878946175,0.4098528878946175,1,4.9,-2.4250490374149543
0.0082792500265565,0.0001153145181325,180.28624952578684,6.400156934524853,0.0352026360322244,3,5,0.1,7.502183019416348,0.384192590143824,1,0.179835111810489,1.47,0.3,1,10,1,0.1293783385871461,0.8,0.384192590143824,0.384192590143824,1,4.9,-1.4544350317407186
0.1538878867001578,0.0007530881128379,657.0186793782052,2.638855818232806,0.0004134549658159,3,5,0.1,11.656039009727008,0.8395728088759388,1,0.0908565366077683,1.47,0.3,1,10,1,0.8583459189508327,0.8,0.8395728088759388,0.8395728088759388,1,4.9,-3.3639466825000994
0.0988509009802996,0.0128272760197497,13.72513056396448,2.866526632920664,0.0862224008665985,3,5,0.1,8.433844098753827,0.9022002251801764,1,0.9780175801959496,1.47,0.3,1,10,1,0.4377618885519634,0.8,0.9022002251801764,0.9022002251801764,1,4.9,-4.007670734624599
0.1805503958723336,0.0002666206672208,1734.1742709841012,4.175390874182585,0.0004921627790947,3,5,0.1,2.393962536483853,0.5277837228119564,1,0.1262464623715343,1.47,0.3,1,10,1,0.8724244734449935,0.8,0.5277837228119564,0.5277837228119564,1,4.9,-3.623025458200836
0.0586625433754634,0.0036831328905332,34.05070523765696,2.980587091115292,0.0504097448733555,3,5,0.1,3.8952690416632287,0.8655397721182762,1,0.7709011507959107,1.47,0.3,1,10,1,0.3322273121812822,0.8,0.8655397721182762,0.8655397721182762,1,4.9,-5.991635099675928
0.1196777655060173,0.0040456288041531,44.65580629859532,6.18934985668881,0.070213629898371,3,5,0.1,2.8517186149469955,0.43751151116745,1,0.8878262361875886,1.47,0.3,1,10,1,0.462036942332366,0.8,0.43751151116745,0.43751151116745,1,4.9,-2.2715386864538942
0.1898735289872143,0.0123549158169253,27.542356042073248,3.0775069297851263,0.0240542250120575,3,5,0.1,4.284762917980691,0.7859060372705123,1,0.8268803767364235,1.47,0.3,1,10,1,0.7035773762818184,0.8,0.7859060372705123,0.7859060372705123,1,4.9,-4.57968931053343
0.182195726796709,0.0244627562268727,12.808055990921437,2.5863425141702017,0.0383323027483538,3,5,0.1,14.036864493226547,0.9374597894655968,1,0.8589587841404377,1.47,0.3,1,10,1,0.6875402378948384,0.8,0.9374597894655968,0.9374597894655968,1,4.9,-3.701715211966704
0.0084161161567688,3.2298106111758407e-06,9534.335991488915,3.714376473998274,0.0004040843479349,3,5,0.1,8.136919746634355,0.6056472678267212,1,0.02441805852122,1.47,0.3,1,10,1,0.1456200138268009,0.8,0.6056472678267212,0.6056472678267212,1,4.9,-2.443134906745204
0.0490486929211485,7.750904209227759e-10,15721910.691033248,42.64038543316992,1.906579718713975e-06,3,5,0.1,0.4278576588252686,0.0923607488457364,1,0.7692395582281377,1.47,0.3,1,10,1,0.2169629559403223,0.8,0.0923607488457364,0.0923607488457364,1,4.9,-0.6203185668033058
0.1553043858647805,0.0001965331951452,2003.297789086916,4.519053742071563,0.0007535872839136,3,5,0.1,2.4843971846895663,0.489151597963993,1,0.1105643408056142,1.47,0.3,1,10,1,0.7564727554887245,0.8,0.489151597963993,0.489151597963993,1,4.9,-3.016151729472668
0.0153941415645381,0.0005118158219847,71.69629940435632,4.505570962470076,0.0512590056964653,3,5,0.1,3.2478858658732537,0.5734330386858043,1,0.512880435593735,1.47,0.3,1,10,1,0.1683981863061447,0.8,0.5734330386858043,0.5734330386858043,1,4.9,-3.2505524010434605
0.0316515522194509,0.0026965898684256,23.21461933348949,3.242201897247152,0.0877293815595112,3,5,0.1,4.518066324804689,0.8377693420227391,1,0.9330029832242624,1.47,0.3,1,10,1,0.2276157625812754,0.8,0.8377693420227391,0.8377693420227391,1,4.9,-4.922222642517241
0.0003270200465203,8.596619625162947e-06,112.4438732658464,3.9401775626727855,0.0336144478305997,3,5,0.1,3.690047852585453,0.6189481733969705,1,0.3470232366106554,1.47,0.3,1,10,1,0.025901111790189,0.8,0.6189481733969705,0.6189481733969705,1,4.9,-3.389901636451484
0.2282287165028281,0.0052531337796623,83.67505257822832,3.705284312707179,0.0058021132379229,3,5,0.1,2.7320936395973425,0.6236904752756656,1,0.5966438146313768,1.47,0.3,1,10,1,0.8799104586945864,0.8,0.6236904752756656,0.6236904752756656,1,4.9,-4.448516106050187
0.1771134978262418,0.0075329655837334,47.33273380162515,3.0721288504905644,0.0147906531675719,3,5,0.1,3.5044298974635795,0.7723711491082148,1,0.6596818860149885,1.47,0.3,1,10,1,0.7077006648948979,0.8,0.7723711491082148,0.7723711491082148,1,4.9,-5.300340676722788
0.1092855844485315,0.003345810211434,62.36409098571876,4.323273658800335,0.0338952424562846,3,5,0.1,2.764767639378288,0.5886703816751024,1,0.7126162570039438,1.47,0.3,1,10,1,0.4747455486485216,0.8,0.5886703816751024,0.5886703816751024,1,4.9,-3.899589864473029
0.2232585890182469,0.0017975084243319,112.10596277838262,12.427808635351196,0.0684321737131231,3,5,0.1,2.385144379769589,0.2044182654651985,1,0.5601688085913173,1.47,0.3,1,10,1,0.6545457444890191,0.8,0.2044182654651985,0.2044182654651985,1,4.9,-0.8517191496186953
0.0296865679429377,2.362925537864048e-06,34977.93873159784,5.644600334841728,0.0001513005732939,3,5,0.1,2.335590545471359,0.4137052320536676,1,0.0280562742223054,1.47,0.3,1,10,1,0.2631653417434992,0.8,0.4137052320536676,0.4137052320536676,1,4.9,-2.3504860345087337
0.2394875513866575,0.0163342564667479,23.6721989525619,3.410498688053011,0.0197147632144545,3,5,0.1,4.391519653220685,0.7013217871126612,1,0.9282440795536312,1.47,0.3,1,10,1,0.8208360322608264,0.8,0.7013217871126612,0.7013217871126612,1,4.9,-3.726260399436576
0.1398135608872502,0.0042761734860832,94.66786661934611,2.5790640635646955,0.0058636640429529,3,5,0.1,6.815290535042205,0.8702538438561283,1,0.2823763152741328,1.47,0.3,1,10,1,0.7304528212617841,0.8,0.8702538438561283,0.8702538438561283,1,4.9,-4.131944863013832
0.0081400371127293,0.0002220503636632,114.90102153673811,3.09337665153847,0.0244856238928818,3,5,0.1,3.4371218687909746,0.7733244876320844,1,0.3748049261051425,1.47,0.3,1,10,1,0.1324648061001606,0.8,0.7733244876320844,0.7733244876320844,1,4.9,-5.426621872520309
0.0713154667751265,0.0029483750128449,64.9519561282262,3.2916054964853734,0.0295407256936418,3,5,0.1,5.062287922089047,0.7141077609885086,1,0.3861725126614833,1.47,0.3,1,10,1,0.4243944383214524,0.8,0.7141077609885086,0.7141077609885086,1,4.9,-3.54827273405661
0.1226241078330004,0.0025651392393696,145.9338813691127,2.964180627546086,0.0062247079815082,3,5,0.1,33.30082441731324,0.7488381023704938,1,0.1709832730945282,1.47,0.3,1,10,1,0.6794602281295241,0.8,0.7488381023704938,0.7488381023704938,1,4.9,-2.6343509804918064
0.0049955400703922,0.0003259046998666,51.27701638481549,2.3860531797584965,0.0418718430251778,3,5,0.1,12.656036549624746,0.9786813148716828,1,0.3393580417729753,1.47,0.3,1,10,1,0.1064269308058468,0.8,0.9786813148716828,0.9786813148716828,1,4.9,-3.980490078653762
0.2637611035690534,1.2828910811859165e-05,22285.24717102169,10.53995169058209,0.0003247390427091,3,5,0.1,1.0374732809808502,0.2021182904283264,1,0.1876499764816308,1.47,0.3,1,10,1,0.8299907852496167,0.8,0.2021182904283264,0.2021182904283264,1,4.9,-1.2352340809408169
0.1425863175508123,0.000656726493881,690.7250251572519,2.781636325094299,0.0007181224491119,3,5,0.1,5.19041778521967,0.7946982180540946,1,0.1117045801868141,1.47,0.3,1,10,1,0.7924924216024896,0.8,0.7946982180540946,0.7946982180540946,1,4.9,-4.121367898846028
0.1237123256821702,5.446196915583503e-05,5457.864822665783,5.457977770969681,0.0005369389124041,3,5,0.1,3.223873034321024,0.4098152688800046,1,0.0502476341388728,1.47,0.3,1,10,1,0.6143753424989783,0.8,0.4098152688800046,0.4098152688800046,1,4.9,-1.9420982536789355
0.1548630090514642,0.0138629306215641,20.654760410195305,3.6590023894272745,0.0538685770515317,3,5,0.1,8.474710282622484,0.6606465056206696,1,0.6273412598965578,1.47,0.3,1,10,1,0.6302447810481073,0.8,0.6606465056206696,0.6606465056206696,1,4.9,-2.691775950223424
0.1082791597171997,0.0192897674958679,8.526423765955771,3.873983526703271,0.1739041609403686,3,5,0.1,77.03997872097813,0.6769411605017146,1,0.9671123644501228,1.47,0.3,1,10,1,0.4572644593086471,0.8,0.6769411605017146,0.6769411605017146,1,4.9,-2.303702714559531
0.2239042146005763,0.0078174166564493,61.548217649160456,2.836652671590378,0.0020355647581547,3,5,0.1,3.559632792547032,0.8086368412045115,1,0.5525464708071629,1.47,0.3,1,10,1,0.9255329271028554,0.8,0.8086368412045115,0.8086368412045115,1,4.9,-5.735746440358065
0.1268554449707952,0.0014434782159789,284.5526114755142,2.495196668971255,0.0020603296151172,3,5,0.1,5.132819957699204,0.8872473045866284,1,0.178610918298718,1.47,0.3,1,10,1,0.7184068108157841,0.8,0.8872473045866284,0.8872473045866284,1,4.9,-4.956699093736802
0.0096641784881341,0.0005414150417449,56.72777010961526,3.280937916029638,0.0522303311761499,3,5,0.1,72.75782213172923,0.7141964295606004,1,0.2694281486959919,1.47,0.3,1,10,1,0.1486884010107073,0.8,0.7141964295606004,0.7141964295606004,1,4.9,-2.43645988365682
0.0812189571226932,3.590404163323859e-05,7479.88447960957,3.369642040274427,0.0002493838870378,3,5,0.1,3.387203776733187,0.6536618084575785,1,0.0427090891663775,1.47,0.3,1,10,1,0.5170220243767721,0.8,0.6536618084575785,0.6536618084575785,1,4.9,-3.963648765452184
0.074437802022014,2.2882840412706697e-05,2799.786723423578,16.963479230272196,0.0044694614636797,3,5,0.1,1.0425367690423746,0.1854121485104515,1,0.6497396704992995,1.47,0.3,1,10,1,0.3129070152991812,0.8,0.1854121485104515,0.1854121485104515,1,4.9,-1.0564371912932025
0.1838616073283162,0.0075140691326036,60.32849754020724,2.790086616407663,0.0049427569557879,3,5,0.1,5.697440756486697,0.8142997339967402,1,0.392365950826215,1.47,0.3,1,10,1,0.8488649659612665,0.8,0.8142997339967402,0.8142997339967402,1,4.9,-4.072448398946131
0.0030773017847536,3.4182965008418537e-07,21164.9618083718,7.673555747537355,0.0003852256296059,3,5,0.1,1.4866336874760042,0.3234286438863124,1,0.076707763577857,1.47,0.3,1,10,1,0.0773076173611323,0.8,0.3234286438863124,0.3234286438863124,1,4.9,-2.1896251920527554
0.2019621168128701,0.028330672155928,12.735675724091225,2.583120639099121,0.0238040753561014,3,5,0.1,112.17774332893065,0.9144629100624464,1,0.7006793077889676,1.47,0.3,1,10,1,0.7859849162768991,0.8,0.9144629100624464,0.9144629100624464,1,4.9,-3.1073143117097715
0.1186955959181987,0.003949993937748,72.35769072748568,3.007466417196247,0.0161171341859615,3,5,0.1,3.4010705853605705,0.7835537568816651,1,0.503572815200168,1.47,0.3,1,10,1,0.5665183338311782,0.8,0.7835537568816651,0.7835537568816651,1,4.9,-5.64801222454709
0.4154865911956552,1.3165256389827528e-05,17634.244894426567,14.12130845907747,0.0005315289507948,3,5,0.1,0.7815606886649938,0.1546737841633557,1,0.7488581395145975,1.47,0.3,1,10,1,0.9961621551017658,0.8,0.1546737841633557,0.1546737841633557,1,4.9,-0.9579258855121608
0.1810512721730672,0.0076788213329634,57.3287391315704,3.0455360225571653,0.0072127450178648,3,5,0.1,6.758374931088758,0.7449053774104717,1,0.3688317332796784,1.47,0.3,1,10,1,0.8348519316650432,0.8,0.7449053774104717,0.7449053774104717,1,4.9,-3.342687057534384
0.1116955352741143,0.0063963570151987,34.651791615157414,3.100678795129093,0.0378323544415795,3,5,0.1,3.743423720139414,0.8101664225207625,1,0.7876051387008903,1.47,0.3,1,10,1,0.4872542049759466,0.8,0.8101664225207625,0.8101664225207625,1,4.9,-5.455546436245351
0.1290586605221495,0.000663051609923,511.8486240748242,4.269620308685056,0.003448860605378,3,5,0.1,3.1132592399198304,0.5239298817347456,1,0.1751401927702124,1.47,0.3,1,10,1,0.6560851303925765,0.8,0.5239298817347456,0.5239298817347456,1,4.9,-2.8756211587800635
0.2498039169797714,0.0113595033130808,40.96646665220765,2.898678022066457,0.0028050483678401,3,5,0.1,3.603078078792428,0.8007486525092157,1,0.7421710341382572,1.47,0.3,1,10,1,0.9312863864012544,0.8,0.8007486525092157,0.8007486525092157,1,4.9,-5.544126492253676
0.1978804677859073,0.009802847082413,55.58826297869883,2.349616450477189,-0.0016119797123363,3,5,0.1,68.47668080712941,0.9622939513304104,1,0.2938147007654163,1.47,0.3,1,10,1,0.9950284693341264,0.8,0.9622939513304104,0.9622939513304104,1,4.9,-3.316391073780565
0.2491753188620766,0.0195113768428357,15.297759921632116,7.119825609776445,0.1463528165232364,3,5,0.1,34.80890679870509,0.3311189249072035,1,0.5623997351430868,1.47,0.3,1,10,1,0.8168429275209614,0.8,0.3311189249072035,0.3311189249072035,1,4.9,-1.1287839904018284
0.000746617340594,2.0994025798730545e-05,119.51437674250498,2.805469326649824,0.0226743717155001,3,5,0.1,3.721550497622281,0.8409895672250584,1,0.3455235883316211,1.47,0.3,1,10,1,0.040490726923823,0.8,0.8409895672250584,0.8409895672250584,1,4.9,-5.930179055731962
0.1672968194316014,0.0113678194046303,32.25827166218406,2.940798368571332,0.0189747747336589,3,5,0.1,7.465469212457383,0.7900056987373615,1,0.5025612070515236,1.47,0.3,1,10,1,0.7283875028158243,0.8,0.7900056987373615,0.7900056987373615,1,4.9,-3.4967595337263475
0.0677689583708285,0.0052277177022793,21.635595855557625,5.244640650737021,0.1368143890907745,3,5,0.1,4.971387860184576,0.5200358412039011,1,0.8194477421381591,1.47,0.3,1,10,1,0.3407288355219766,0.8,0.5200358412039011,0.5200358412039011,1,4.9,-2.2931700274985225
0.1193797415063587,1.2528530919791346e-06,160333.6688063148,8.904342960100436,4.273176186150526e-05,3,5,0.1,1.7594028514608664,0.2619015125430373,1,0.0197876270380856,1.47,0.3,1,10,1,0.523531515173463,0.8,0.2619015125430373,0.2619015125430373,1,4.9,-1.337602078320522
0.1400355717197073,0.0082648587500342,34.21428280042272,4.039940392593984,0.0436035765257847,3,5,0.1,5.9917829396529125,0.5911147812838932,1,0.5099675945008806,1.47,0.3,1,10,1,0.6063296434218972,0.8,0.5911147812838932,0.5911147812838932,1,4.9,-2.55958074376305
0.0445437135002779,0.0024081178652509,37.7305575955163,3.8492650557892776,0.0651061179366829,3,5,0.1,3.5283727913243106,0.691096804015468,1,0.76881044193521,1.47,0.3,1,10,1,0.2791865638718701,0.8,0.691096804015468,0.691096804015468,1,4.9,-4.242666026985761
0.1797288274084176,0.0122449808743323,29.517821940477774,2.524008665464057,0.015669539307544,3,5,0.1,4.967849333328146,0.9384783384026706,1,0.6985015271892621,1.47,0.3,1,10,1,0.7194307644043137,0.8,0.9384783384026706,0.9384783384026706,1,4.9,-5.594081248476751
0.1871633913140638,0.0044275370847012,81.34036988088006,3.914727100656728,0.0124531376682551,3,5,0.1,2.67648188681503,0.6052221448184449,1,0.6179706263718755,1.47,0.3,1,10,1,0.7281480705386275,0.8,0.6052221448184449,0.6052221448184449,1,4.9,-4.270795704348743
0.1195065728193359,0.0001252583695262,3018.433438732441,3.2020196782297794,0.0003549827077508,3,5,0.1,3.764085591243004,0.6872027418214769,1,0.0626968914116977,1.47,0.3,1,10,1,0.6791461585676457,0.8,0.6872027418214769,0.6872027418214769,1,4.9,-3.990673796492061
0.1806285140407175,0.0100917939644778,38.80214719072479,3.587019344075828,0.018732431850285,3,5,0.1,8.737488244694509,0.6391861931131823,1,0.4129835766735281,1.47,0.3,1,10,1,0.7854658380879265,0.8,0.6391861931131823,0.6391861931131823,1,4.9,-2.569160174257941
0.0008079287381841,3.781293759459162e-07,1686.1733304318277,20.240243332252955,0.0086987664556849,3,5,0.1,1.086865220565576,0.1780589227757185,1,0.8334252070406492,1.47,0.3,1,10,1,0.0297150094595438,0.8,0.1780589227757185,0.1780589227757185,1,4.9,-0.9608165243286316
0.0014014164765587,9.377617546092318e-05,38.63901042106367,2.616099166379077,0.0544784691445163,3,5,0.1,4.439336037491584,0.9794253602832876,1,0.6240217197300131,1.47,0.3,1,10,1,0.0502774836713994,0.8,0.9794253602832876,0.9794253602832876,1,4.9,-6.728532520933037
0.2683218588881275,0.0074390506626742,56.44765181229651,4.097469190181204,0.0097463542243067,3,5,0.1,2.5867717155916266,0.5774660920956023,1,0.9285211997870912,1.47,0.3,1,10,1,0.8880929287977747,0.8,0.5774660920956023,0.5774660920956023,1,4.9,-4.0176220021104
0.0002565597648023,1.761870282413685e-05,32.08787964165453,3.2807417190397747,0.0774252579269997,3,5,0.1,3.970351003894957,0.8277581239715964,1,0.7909686021566471,1.47,0.3,1,10,1,0.0202848088934513,0.8,0.8277581239715964,0.8277581239715964,1,4.9,-5.372938848834012
0.1854047995072024,0.0010405374226972,511.80409911451744,3.0760380773492293,0.0002987108426963,3,5,0.1,3.33730603504444,0.7242206390845674,1,0.1739715670456002,1.47,0.3,1,10,1,0.9547734317841432,0.8,0.7242206390845674,0.7242206390845674,1,4.9,-4.89025332705757
0.2067874663535542,0.0034128730970736,101.77821752954974,4.8310717677138895,0.0136362861760823,3,5,0.1,2.2579227290679644,0.4979335060660085,1,0.6995967673659826,1.47,0.3,1,10,1,0.7384146689591297,0.8,0.4979335060660085,0.4979335060660085,1,4.9,-3.41914688060195
0.0815357287571564,0.0044093063667,34.98823140067934,4.540185555840841,0.0715599981484388,3,5,0.1,3.920798204865742,0.5721498500561822,1,0.6952576937401423,1.47,0.3,1,10,1,0.3961254851149411,0.8,0.5721498500561822,0.5721498500561822,1,4.9,-2.8918191893472702
0.1976477407207225,0.0066575799753284,64.51326980601583,3.226325507136391,0.0071411372453229,3,5,0.1,3.704862146528467,0.7126513969824396,1,0.497880241888638,1.47,0.3,1,10,1,0.8322052075398396,0.8,0.7126513969824396,0.7126513969824396,1,4.9,-4.30993093987872
0.0073219418141676,0.0001862368241401,84.99153403553507,4.863906478495912,0.0461948782168296,3,5,0.1,2.527578995214644,0.5601117159530302,1,0.6531766558750486,1.47,0.3,1,10,1,0.1094641070798736,0.8,0.5601117159530302,0.5601117159530302,1,4.9,-3.866040457293337
0.0671702488268318,0.0027016069306389,51.88130141925364,3.825999083703854,0.0434469757510305,3,5,0.1,3.0996131636497646,0.6748366704514591,1,0.7031255523187488,1.47,0.3,1,10,1,0.3585159642157636,0.8,0.6748366704514591,0.6748366704514591,1,4.9,-4.572110365214442
0.2407863499163565,0.0144726983958226,32.573713229831654,2.667088135150105,0.0016802966543355,3,5,0.1,4.843636566524649,0.866501296553329,1,0.6675961354849113,1.47,0.3,1,10,1,0.9393007407498132,0.8,0.866501296553329,0.866501296553329,1,4.9,-4.957848484070919
0.1740945861373271,0.0114122386848817,35.091482683648934,2.669627135437432,0.0118158175829679,3,5,0.1,7.980974115004795,0.862254338498823,1,0.4732119593603195,1.47,0.3,1,10,1,0.7750166536879631,0.8,0.862254338498823,0.862254338498823,1,4.9,-3.842952474222983
0.0539905503113284,0.0025510022199827,38.7999037985904,5.041543360293548,0.0816482116936568,3,5,0.1,3.370876744088612,0.5393604878160495,1,0.7720342564795499,1.47,0.3,1,10,1,0.3029697016932017,0.8,0.5393604878160495,0.5393604878160495,1,4.9,-2.869002807437788
0.0687064110867251,0.0029657643792435,49.5673244302221,4.16156275449204,0.050413950061395,3,5,0.1,3.5991078071972424,0.6086526940691753,1,0.5909011411656881,1.47,0.3,1,10,1,0.3731009614708399,0.8,0.6086526940691753,0.6086526940691753,1,4.9,-3.3512144932891808
0.0006700570046265,4.619511260616169e-06,338.09616101349945,6.873834564667832,0.0201083123093751,3,5,0.1,2.3932252155448155,0.373038117046344,1,0.2908756550077639,1.47,0.3,1,10,1,0.035175119387241,0.8,0.373038117046344,0.373038117046344,1,4.9,-1.9542126412542304
0.0101225196821401,0.0004310501593926,68.37259398547828,3.797757719167331,0.0496345167232539,3,5,0.1,6.313696839203434,0.6353330219554896,1,0.3321984026382552,1.47,0.3,1,10,1,0.1469835409902842,0.8,0.6353330219554896,0.6353330219554896,1,4.9,-2.7676050028448387
0.0105974053016631,0.0003008946221584,60.912633208490185,6.135734618642817,0.0736435600245909,3,5,0.1,2.4596432133121326,0.4824132440640455,1,0.9282498503509632,1.47,0.3,1,10,1,0.1221672241364495,0.8,0.4824132440640455,0.4824132440640455,1,4.9,-2.964901329215916
0.1648695948961618,0.004298276500297,108.75752380857011,2.5911986509992047,0.0026385181975235,3,5,0.1,5.837165350216866,0.8666720711941465,1,0.280940607244266,1.47,0.3,1,10,1,0.8377741178041999,0.8,0.8666720711941465,0.8666720711941465,1,4.9,-4.420271143306424
0.3155859236715183,0.0096731064668681,37.171111450698895,7.113708105770714,0.0508010398817666,3,5,0.1,3.189886690859568,0.3288604843546306,1,0.8609228014951575,1.47,0.3,1,10,1,0.9377632828171164,0.8,0.3288604843546306,0.3288604843546306,1,4.9,-1.4434233961870042
0.1126441821268402,0.0009841953289062,361.7017507435784,2.9625971375697304,0.0029056882234309,3,5,0.1,4.677073560165329,0.7472321312951533,1,0.1615631004557178,1.47,0.3,1,10,1,0.6432019839951136,0.8,0.7472321312951533,0.7472321312951533,1,4.9,-3.971162565951907
0.1222119753796664,0.0035894314530428,62.41427852566844,5.046394258640743,0.0391194218511843,3,5,0.1,2.943973477825585,0.4985913839336045,1,0.63025625711102,1.47,0.3,1,10,1,0.5132109736086956,0.8,0.4985913839336045,0.4985913839336045,1,4.9,-2.7478473572471
0.1946146085793596,0.0125681848115399,29.932601011000155,3.090134646764158,0.0180166371738857,3,5,0.1,5.121740611311901,0.7624309661019341,1,0.6495047602427391,1.47,0.3,1,10,1,0.7650248275670724,0.8,0.7624309661019341,0.7624309661019341,1,4.9,-3.893990614145004
0.1725945269347488,0.0126614477407978,21.982068416848552,4.812782661911969,0.0724736313510229,3,5,0.1,6.1484653675457,0.5110356465031013,1,0.6783275764266355,1.47,0.3,1,10,1,0.6449787254227495,0.8,0.5110356465031013,0.5110356465031013,1,4.9,-2.113299702695862
0.0066369831745288,8.520246100723402e-05,298.73508715956723,2.8225251998705843,0.0095064060835168,3,5,0.1,4.54364900969736,0.7957842777355861,1,0.1823493763847108,1.47,0.3,1,10,1,0.1293791520695221,0.8,0.7957842777355861,0.7957842777355861,1,4.9,-4.485805714691185
0.0187345083254667,0.0015523951807279,29.91056446147352,2.546707051584256,0.0609483348467675,3,5,0.1,5.616560877669576,0.9962423989368546,1,0.6323079324828437,1.47,0.3,1,10,1,0.1878243058849406,0.8,0.9962423989368546,0.9962423989368546,1,4.9,-5.665719020805163
0.0298821554904437,0.002710414840037,23.290577331017847,2.9023820254343424,0.0795145139371836,3,5,0.1,5.144188247720533,0.9122842498624628,1,0.8204851641595182,1.47,0.3,1,10,1,0.2272125827139334,0.8,0.9122842498624628,0.9122842498624628,1,4.9,-5.187556528046301
0.0791170976103715,4.808456275555798e-05,4944.394915727828,4.187711646456175,0.0005320715962379,3,5,0.1,5.256843097365717,0.532649089203911,1,0.0391174885704223,1.47,0.3,1,10,1,0.4881498845532372,0.8,0.532649089203911,0.532649089203911,1,4.9,-2.3252416712446973
0.1299813699189569,0.0025640382160074,153.71681728886512,2.598749090167237,0.0042458491073286,3,5,0.1,5.046767621242867,0.8591447464885231,1,0.247719345921056,1.47,0.3,1,10,1,0.7036931782295325,0.8,0.8591447464885231,0.8591447464885231,1,4.9,-4.751004033817422
0.2982923507960437,0.0005372707912909,401.55903178329646,13.652903556900398,0.0211457864412764,3,5,0.1,1.5201115652000292,0.1788082639961063,1,0.6479471134207639,1.47,0.3,1,10,1,0.7765000558136186,0.8,0.1788082639961063,0.1788082639961063,1,4.9,-0.8215021368700164
0.0506728415991307,0.0054394302385817,16.844473360133087,4.039636120112027,0.1363379179187036,3,5,0.1,6.750256840781038,0.6673306796761671,1,0.8440399466104169,1.47,0.3,1,10,1,0.2955101695783964,0.8,0.6673306796761671,0.6673306796761671,1,4.9,-2.8914061913380884
0.2969920467361893,0.0063593797508677,65.06405950718747,5.378174351561026,0.0143892153678382,3,5,0.1,2.4664005116948555,0.4339380847597082,1,0.8664742804604304,1.47,0.3,1,10,1,0.9465209910676372,0.8,0.4339380847597082,0.4339380847597082,1,4.9,-2.453816352318878
0.014295050283937,0.0008860586079424,20.31544672378589,11.209004531939206,0.4066601111538207,3,5,0.1,20.36599999151826,0.2629237340313585,1,0.498621681215891,1.47,0.3,1,10,1,0.1442352906725332,0.8,0.2629237340313585,0.2629237340313585,1,4.9,-0.9036327397359932
0.0027572891305453,0.0001912934332478,28.73201689372261,3.833670696502133,0.0965579008904707,3,5,0.1,3.79852881134544,0.7333111362206066,1,0.9181795143027334,1.47,0.3,1,10,1,0.0644706063736336,0.8,0.7333111362206066,0.7333111362206066,1,4.9,-4.447974748519698
0.1815453049086264,0.0001469343160409,2228.380190247437,6.86354217733328,0.0014992815357616,3,5,0.1,1.5387764831695427,0.3274521351168399,1,0.2237999525943353,1.47,0.3,1,10,1,0.730080793797367,0.8,0.3274521351168399,0.3274521351168399,1,4.9,-2.1679861476298257
0.0664493661960308,0.004706652794739,41.21218542000702,2.5955849215295435,0.0350300438202355,3,5,0.1,35.683588704357426,0.8861946517544114,1,0.3386053820831967,1.47,0.3,1,10,1,0.4243668094800146,0.8,0.8861946517544114,0.8861946517544114,1,4.9,-3.1356886098985264
0.0956114245851047,0.0023712129828227,96.06012914077168,4.271200986753437,0.0241137973978737,3,5,0.1,3.564803066707797,0.5544007853226519,1,0.3855997981801374,1.47,0.3,1,10,1,0.4923288846425215,0.8,0.5544007853226519,0.5544007853226519,1,4.9,-2.900564379569712
0.0018226562818898,2.1390253407987595e-06,1399.0975394242755,9.90364093667767,0.0062978414226112,3,5,0.1,1.2752229223551967,0.2909540398741506,1,0.482552389888518,1.47,0.3,1,10,1,0.0522324970638889,0.8,0.2909540398741506,0.2909540398741506,1,4.9,-2.073970004308112
0.2137628521924944,0.0152515314241304,25.46024450357309,2.7255207435727016,0.0137985550292936,3,5,0.1,4.815229269215288,0.8709897756241552,1,0.8108029074064963,1.47,0.3,1,10,1,0.7903565298076152,0.8,0.8709897756241552,0.8709897756241552,1,4.9,-5.023519388623647
0.1021256586722242,0.0077296015154834,26.648053047339506,2.564465995133603,0.040636375038235,3,5,0.1,4.514970028782519,0.981053656988238,1,0.8362645370256272,1.47,0.3,1,10,1,0.460988093953733,0.8,0.981053656988238,0.981053656988238,1,4.9,-6.633328313417996
0.1454743359468613,0.0093733764308739,38.45169974127298,2.748158926674299,0.0171963936567191,3,5,0.1,11.62402906212735,0.8338711693065131,1,0.3995663895980406,1.47,0.3,1,10,1,0.6953599829528875,0.8,0.8338711693065131,0.8338711693065131,1,4.9,-3.338366240013471
0.0458273158775984,7.2137869637028575e-06,22639.566029119887,2.789151095264259,8.767794804402297e-05,3,5,0.1,4.983859130363851,0.7856408428048763,1,0.0190925072555383,1.47,0.3,1,10,1,0.3699645316421174,0.8,0.7856408428048763,0.7856408428048763,1,4.9,-4.142494061910631
0.0186306494599722,1.7864751753643157e-06,27735.99074044504,6.242898786347297,0.000224410063335,3,5,0.1,1.9177460126802583,0.381293595051862,1,0.0417768584997973,1.47,0.3,1,10,1,0.2016989407869814,0.8,0.381293595051862,0.381293595051862,1,4.9,-2.370884936976413
0.055496745834167,0.0012061634760276,110.20176674279472,4.9100145233684325,0.0320315228052881,3,5,0.1,3.3268845012472377,0.4973834336088052,1,0.3767864349901754,1.47,0.3,1,10,1,0.3489138177522775,0.8,0.4973834336088052,0.4973834336088052,1,4.9,-2.5461532701080145
0.0065634786370602,0.000345986497049,36.80988614264847,4.602552464076058,0.0917481581124336,3,5,0.1,3.308230975169613,0.6151746850186335,1,0.8582117569779498,1.47,0.3,1,10,1,0.0994678930260298,0.8,0.6151746850186335,0.6151746850186335,1,4.9,-3.62223149877596
0.0734938299436479,0.0036601786131072,42.73924503772093,3.3760051096181103,0.0435861408856878,3,5,0.1,3.5133361844425424,0.7540052013191972,1,0.7040887765224297,1.47,0.3,1,10,1,0.3822664570802825,0.8,0.7540052013191972,0.7540052013191972,1,4.9,-5.034374345797898
0.2059654679950797,0.0005356336523109,890.6124603915998,4.564689504922596,0.0009363148058296,3,5,0.1,2.229932458498228,0.4823055006356955,1,0.194943329404568,1.47,0.3,1,10,1,0.9324311034506468,0.8,0.4823055006356955,0.4823055006356955,1,4.9,-3.245683193818504
0.137372146470894,0.0157742354647883,16.62304187783743,2.587249972563357,0.0466211416600566,3,5,0.1,9.597645714093764,0.945467905930803,1,0.7612495614958418,1.47,0.3,1,10,1,0.5741352944862063,0.8,0.945467905930803,0.945467905930803,1,4.9,-4.092177854481033
0.1887842613941235,0.0070210818759182,71.53215468148184,2.7754522661011487,0.0018409181695732,3,5,0.1,10.485059514153177,0.8111214310272601,1,0.2923630510604636,1.47,0.3,1,10,1,0.924252102392285,0.8,0.8111214310272601,0.8111214310272601,1,4.9,-3.2992776847255776
0.1842626589452731,0.0008987779603646,627.4407339956941,2.805830122486796,-9.144622156986378e-06,3,5,0.1,5.879686765628627,0.7950844693708276,1,0.1129353140697958,1.47,0.3,1,10,1,0.9937367679308377,0.8,0.7950844693708276,0.7950844693708276,1,4.9,-3.8720003569355192
0.0340884930862045,0.005136721349938,12.092593187603727,3.4701632019654816,0.1639236492800428,3,5,0.1,12.938631430159052,0.7789004178129386,1,0.8915963436715155,1.47,0.3,1,10,1,0.2400347512204267,0.8,0.7789004178129386,0.7789004178129386,1,4.9,-3.0206296787380964
0.1042196866448434,0.0039678968484052,51.50153805007778,3.891183969302411,0.0364937242740247,3,5,0.1,3.025920922111064,0.6525899174935917,1,0.730064708382322,1.47,0.3,1,10,1,0.463571544143717,0.8,0.6525899174935917,0.6525899174935917,1,4.9,-4.378816046282969
0.3200940902575201,3.4918730830312685e-08,1090323.1154389463,34.59161567608327,4.144987815540804e-05,3,5,0.1,0.6036642484923047,0.0671263900641088,1,0.2502915781167508,1.47,0.3,1,10,1,0.6534902360405723,0.8,0.0671263900641088,0.0671263900641088,1,4.9,-0.3021516638329906
0.0632898229744959,0.010907075867631,10.492417192257436,2.7321524222122706,0.1236534611449163,3,5,0.1,22.14557062365981,0.9608058671306176,1,0.9580542309745408,1.47,0.3,1,10,1,0.3401989878999637,0.8,0.9608058671306176,0.9608058671306176,1,4.9,-3.5634253247704706
0.0668811059682179,0.0005963078549072,332.2013623904043,3.9767490802991614,0.0080082138852389,3,5,0.1,3.595787506705568,0.5716851307074738,1,0.1947783017271905,1.47,0.3,1,10,1,0.4300545943252974,0.8,0.5716851307074738,0.5716851307074738,1,4.9,-3.029457037829008
0.0266682981625463,0.0010174264902694,81.6738738376359,2.888611851201557,0.02827900422701,3,5,0.1,4.849543464318742,0.8125454939226583,1,0.3535380282571644,1.47,0.3,1,10,1,0.249652638448857,0.8,0.8125454939226583,0.8125454939226583,1,4.9,-4.447080829837043
0.1721880670262011,0.006356592531119,62.94837962863658,3.1378371521352446,0.0098352700492018,3,5,0.1,4.361182476758854,0.7313792059763785,1,0.4399751323727678,1.47,0.3,1,10,1,0.7667653464358859,0.8,0.7313792059763785,0.7313792059763785,1,4.9,-4.005174581827259
0.0085623613425316,0.0002804659302835,63.0795021466754,6.258364128607906,0.0831175284935288,3,5,0.1,3.5542395320774123,0.4299331069709218,1,0.4953008506125494,1.47,0.3,1,10,1,0.1207154384195322,0.8,0.4299331069709218,0.4299331069709218,1,4.9,-1.9966652786700287
0.2058431386105796,0.0342322777659109,9.621681935635827,2.49946137345373,0.0348468471074682,3,5,0.1,67.27512875103565,0.9662430418880464,1,0.9453019682959652,1.47,0.3,1,10,1,0.7450777927638634,0.8,0.9662430418880464,0.9662430418880464,1,4.9,-3.33249069704166
0.0152703242389576,4.08395105690362e-05,544.0698680786536,11.41745179220852,0.0183986168028809,3,5,0.1,1.6391787825108723,0.252551057250683,1,0.4378138026991239,1.47,0.3,1,10,1,0.1509341111455275,0.8,0.252551057250683,0.252551057250683,1,4.9,-1.3143445460354355
0.1331683576713248,0.017557726239617,12.521185175863986,3.840185085834456,0.1073926781336755,3,5,0.1,17.359574344311827,0.6554416341981861,1,0.7613443360863054,1.47,0.3,1,10,1,0.5413565755939502,0.8,0.6554416341981861,0.6554416341981861,1,4.9,-2.3958804916728944
0.1070235957549475,0.0197625692119483,8.94495250224033,2.9190694916000246,0.1189807755706532,3,5,0.1,68.4564143985003,0.8826658067175621,1,0.9894441309094832,1.47,0.3,1,10,1,0.4623527494433292,0.8,0.8826658067175621,0.8826658067175621,1,4.9,-3.0334835847642694
0.0789019360581802,0.0003190144855934,786.8389560907513,3.5167259543786176,0.0025899419539687,3,5,0.1,3.586284983603633,0.6323047600521345,1,0.126509060659008,1.47,0.3,1,10,1,0.4964589159840978,0.8,0.6323047600521345,0.6323047600521345,1,4.9,-3.580806481582833
0.0229530312326763,0.0014778565758722,37.79924061690409,3.1931431880646963,0.0615743848062717,3,5,0.1,4.614872203053802,0.797612636649587,1,0.5913815312513429,1.47,0.3,1,10,1,0.2084634147259251,0.8,0.797612636649587,0.797612636649587,1,4.9,-4.455555229958778
0.0840658172191126,0.0043234716087949,51.48848496230702,2.6784302389184824,0.0256302282460287,3,5,0.1,5.157465068903756,0.8767899832639982,1,0.4524791367603047,1.47,0.3,1,10,1,0.4667513021046613,0.8,0.8767899832639982,0.8767899832639982,1,4.9,-4.844219551715312
0.2251229451219493,0.0114826338810721,36.6099214156424,4.046018833087856,0.016448391685393,3,5,0.1,5.505901737080685,0.5680908681568211,1,0.5179486424660295,1.47,0.3,1,10,1,0.8812213966263135,0.8,0.5680908681568211,0.5680908681568211,1,4.9,-2.494087596797012
0.290393598963678,0.0027661747682515,137.96445877182308,6.127432133277713,0.0107935305202383,3,5,0.1,1.858077024672633,0.387396385624154,1,0.9029255070335191,1.47,0.3,1,10,1,0.8917391906809055,0.8,0.387396385624154,0.387396385624154,1,4.9,-2.514666528875118
0.056227917333355,1.2255962154294657e-15,1353922691006.393,105.07772795097216,4.6885418837555975e-11,3,5,0.1,0.2445819270915965,0.0479269621172288,1,0.6572596705293313,1.47,0.3,1,10,1,0.2095217195958347,0.8,0.0479269621172288,0.0479269621172288,1,4.9,-0.2943342461519052
0.2270401991055827,0.031058752614962,12.334675200334312,2.406481349748397,0.0146096125925086,3,5,0.1,18.37369891249343,0.9845859346219736,1,0.8614094729765777,1.47,0.3,1,10,1,0.8299036839991061,0.8,0.9845859346219736,0.9845859346219736,1,4.9,-3.750956337163775
0.1529889948158267,0.0131087690989976,22.91534882522374,2.828823516374845,0.0336348965126333,3,5,0.1,6.457579884420234,0.8518369642664426,1,0.6927533828497451,1.47,0.3,1,10,1,0.6291968231100024,0.8,0.8518369642664426,0.8518369642664426,1,4.9,-4.1020537653393205
0.1798123472918124,0.0191159925681281,16.812305155764232,3.691457924851581,0.0510583823820762,3,5,0.1,22.006593821954475,0.6434480212939794,1,0.58435004650576,1.47,0.3,1,10,1,0.7145686547552389,0.8,0.6434480212939794,0.6434480212939794,1,4.9,-2.301869577606219
0.1622394173348596,0.000100702006908,1587.6592036328957,12.212055694191184,0.0046148544388766,3,5,0.1,1.0960303014729544,0.2328166158837855,1,0.8034666410850809,1.47,0.3,1,10,1,0.5110960402481811,0.8,0.2328166158837855,0.2328166158837855,1,4.9,-1.538699801217135
0.225678546827737,0.013219640545355,37.833363265922046,2.5103811057722685,-0.0004353892722122,3,5,0.1,6.202564264060664,0.9114293217239926,1,0.5184637933498545,1.47,0.3,1,10,1,0.9660572611579662,0.8,0.9114293217239926,0.9114293217239926,1,4.9,-4.623277231771301
0.2234199145342822,0.0234416186200112,15.810733139518383,2.686885947914527,0.0206510525712266,3,5,0.1,7.003487622941891,0.8930128420410248,1,0.9635917691713116,1.47,0.3,1,10,1,0.7866061674898555,0.8,0.8930128420410248,0.8930128420410248,1,4.9,-4.237445857050739
0.1731873681083887,0.0001664928941736,2074.2775914291087,6.259034688120437,0.001377952465992,3,5,0.1,1.903657028379872,0.3551693615576402,1,0.1554867261499485,1.47,0.3,1,10,1,0.7383751969428656,0.8,0.3551693615576402,0.3551693615576402,1,4.9,-2.096637559375786
0.0340710751646958,0.0024344813027356,45.39563866922274,2.3058523936269992,0.036705297776844,3,5,0.1,72.53268861699088,0.994284490078842,1,0.3175349409421198,1.47,0.3,1,10,1,0.2941174647188022,0.8,0.994284490078842,0.994284490078842,1,4.9,-3.4237935147303347
0.0364194479586072,0.0021391615092558,40.60024540204883,3.075039198172716,0.0511856868401682,3,5,0.1,4.128245930118229,0.8249969052049546,1,0.6223660118864962,1.47,0.3,1,10,1,0.2652677746364577,0.8,0.8249969052049546,0.8249969052049546,1,4.9,-5.152668777155938
0.1696162900806332,0.0146407664997433,24.635467476315213,2.7539489598854465,0.0214227877375595,3,5,0.1,10.75513138980184,0.8472801888761223,1,0.5387392049031423,1.47,0.3,1,10,1,0.7281685914280509,0.8,0.8472801888761223,0.8472801888761223,1,4.9,-3.460340235230305
0.2590308448700144,0.0180896694624261,24.467683661571435,2.689737762626214,0.0044462398367969,3,5,0.1,4.509335047845592,0.8731724894891632,1,0.9319548265591974,1.47,0.3,1,10,1,0.90731914842104,0.8,0.8731724894891632,0.8731724894891632,1,4.9,-5.309512826357301
0.0305840048985881,2.1951623417888693e-05,5277.660064803169,3.033588972417158,0.0004936066394597,3,5,0.1,3.682190124691469,0.7256243131412875,1,0.0481902736281673,1.47,0.3,1,10,1,0.2949329843093644,0.8,0.7256243131412875,0.7256243131412875,1,4.9,-4.477621997844757
0.0127838080139819,0.0004092731414978,93.42143924390736,4.055281059857444,0.0397570088841246,3,5,0.1,6.888828450171725,0.5864083016685231,1,0.2682505250081112,1.47,0.3,1,10,1,0.1683955461800762,0.8,0.5864083016685231,0.5864083016685231,1,4.9,-2.4391722707526924
0.0687586797700582,8.711157136909276e-06,7502.479408618034,16.470220272397135,0.0019467754401145,3,5,0.1,1.043281227937264,0.1736093275535667,1,0.3408544738549263,1.47,0.3,1,10,1,0.3147038358009573,0.8,0.1736093275535667,0.1736093275535667,1,4.9,-0.9460221283643656
0.1501817897902051,0.0093565328517818,32.76516285697099,2.585154541602809,0.0220037927649071,3,5,0.1,4.3058340352281785,0.9324366085355792,1,0.7256773749826305,1.47,0.3,1,10,1,0.6191884138862875,0.8,0.9324366085355792,0.9324366085355792,1,4.9,-6.282687282732928
0.0929560946481695,3.075832369191204e-05,10022.90909828595,3.1521960040439665,0.000146964203939,3,5,0.1,3.032780661610167,0.6964532964708887,1,0.0408985982803975,1.47,0.3,1,10,1,0.5714796833759133,0.8,0.6964532964708887,0.6964532964708887,1,4.9,-5.00143407592118
0.1027751082573843,0.0083150810362112,24.314183025574746,3.676598571751948,0.0683220989873928,3,5,0.1,6.1653389555950175,0.6788315002689765,1,0.6496854139163898,1.47,0.3,1,10,1,0.4737805163913598,0.8,0.6788315002689765,0.6788315002689765,1,4.9,-3.0450862180497573
0.0894243410127573,0.0025344586382147,74.24350995783841,5.089946384175629,0.0404225958026847,3,5,0.1,3.484477543322047,0.4832713471312126,1,0.4552383755383209,1.47,0.3,1,10,1,0.446711545626843,0.8,0.4832713471312126,0.4832713471312126,1,4.9,-2.3816423864587115
0.1531056089761138,0.0081168116155695,41.584784551311415,2.9461915922488737,0.0188623018803688,3,5,0.1,4.716088169391387,0.7970742189399933,1,0.5460608507960736,1.47,0.3,1,10,1,0.6674143461692876,0.8,0.7970742189399933,0.7970742189399933,1,4.9,-4.386957838955999
0.0025432374382991,0.0002255784113127,23.93914911927874,3.0830220615282418,0.0926643685689896,3,5,0.1,4.778376630237342,0.8849558794967443,1,0.8574292417043864,1.47,0.3,1,10,1,0.0635425224314361,0.8,0.8849558794967443,0.8849558794967443,1,4.9,-5.194624800251459
0.0036629036662042,0.0003680122088048,15.83486344049196,6.940859093612182,0.3041694402510833,3,5,0.1,10.720025857100234,0.4148628659574342,1,0.6812436557168712,1.47,0.3,1,10,1,0.0744123488304041,0.8,0.4148628659574342,0.4148628659574342,1,4.9,-1.520144568024726
0.0744790655587444,0.0011450213629858,210.89494326752367,3.0017705828946104,0.0080342730852696,3,5,0.1,5.006564858849906,0.7443761785586909,1,0.2051920313829016,1.47,0.3,1,10,1,0.4781244877262776,0.8,0.7443761785586909,0.7443761785586909,1,4.9,-3.799311160606148
0.0368266706438734,0.0002375725900864,621.2077956833995,2.363582508445144,0.0029503920642144,3,5,0.1,58.61065449047118,0.9189347762578828,1,0.081646469434746,1.47,0.3,1,10,1,0.3351555921200521,0.8,0.9189347762578828,0.9189347762578828,1,4.9,-3.179430523349602
0.2128478089547742,0.0111459530473733,45.10444728897394,2.7382799698313938,0.0008744668455921,3,5,0.1,7.83698344948638,0.829655145430036,1,0.4141852059248752,1.47,0.3,1,10,1,0.9598605325610128,0.8,0.829655145430036,0.829655145430036,1,4.9,-3.672744638900817
0.189852828400464,0.0283057835733761,10.954068122556013,2.540660142952499,0.0417057363490641,3,5,0.1,16.392744652149087,0.9616568123110464,1,0.9882704909215444,1.47,0.3,1,10,1,0.6904583316460562,0.8,0.9616568123110464,0.9616568123110464,1,4.9,-3.713885469472654
0.1472134658024913,0.0114671533480195,25.86267625466775,2.521787750477912,0.027251534090774,3,5,0.1,5.333144499882269,0.958037390086774,1,0.7329134912293759,1.47,0.3,1,10,1,0.6098928760733122,0.8,0.958037390086774,0.958037390086774,1,4.9,-5.49796341292741
0.2590073913030444,0.0153903595870496,31.861337836704827,2.7049508216597373,-0.0008501675386572,3,5,0.1,4.621239408202403,0.8526376433820102,1,0.7122083517166767,1.47,0.3,1,10,1,0.987654828378733,0.8,0.8526376433820102,0.8526376433820102,1,4.9,-4.990646683085201
0.1506677071264574,0.0123079997725066,21.94056952011242,3.318126004868574,0.0479057693821433,3,5,0.1,5.278841358022132,0.7470567058216254,1,0.8108879460218594,1.47,0.3,1,10,1,0.5899293475356393,0.8,0.7470567058216254,0.7470567058216254,1,4.9,-3.7178717535051256
0.1769612928624233,0.0001527581585409,1032.1122198218773,13.197344741168708,0.0075217696935509,3,5,0.1,1.1603386603728711,0.2193078958942127,1,0.9009665502241696,1.47,0.3,1,10,1,0.5262657987589046,0.8,0.2193078958942127,0.2193078958942127,1,4.9,-1.3077576870828906
0.0209396611537244,0.0019899118405504,30.629793597691616,2.3909202967269723,0.0585221664050763,3,5,0.1,24.159558967266044,0.9973726640572896,1,0.4202851558315976,1.47,0.3,1,10,1,0.2154302630479944,0.8,0.9973726640572896,0.9973726640572896,1,4.9,-3.678956071195071
0.1792909146423817,0.0092477514348911,25.381765774412106,6.539050536468846,0.1032039896607312,3,5,0.1,3.7587443072920967,0.4026179539261726,1,0.9713522105958996,1.47,0.3,1,10,1,0.5923754932380293,0.8,0.4026179539261726,0.4026179539261726,1,4.9,-1.7892581446040516
0.0945614156758633,2.34010028577788e-05,10602.077227864287,5.1137892816492805,0.0003003499384581,3,5,0.1,2.779134317779375,0.4401989132216517,1,0.0416674026556196,1.47,0.3,1,10,1,0.5232936339890122,0.8,0.4401989132216517,0.4401989132216517,1,4.9,-2.327567443472564
0.0912061986938761,0.0003604568942093,867.5911151830641,2.732532707174503,0.0013930047701813,3,5,0.1,3.54323391357758,0.8040632266704039,1,0.125077142864022,1.47,0.3,1,10,1,0.5693593457448495,0.8,0.8040632266704039,0.8040632266704039,1,4.9,-5.696533624133121
0.045669873815414,0.0032244648193126,29.0464582952,3.903468924795217,0.0845300151832868,3,5,0.1,4.636395585491817,0.6724177757180648,1,0.6997252686396296,1.47,0.3,1,10,1,0.2880846350392238,0.8,0.6724177757180648,0.6724177757180648,1,4.9,-3.3878569164290404
0.1083049997858952,0.0017169325133175,182.77373318163413,3.3646428011515925,0.007794072917355,3,5,0.1,4.638421509588306,0.6672553791286451,1,0.2280747025433254,1.47,0.3,1,10,1,0.595499190444975,0.8,0.6672553791286451,0.6672553791286451,1,4.9,-3.347957645233663
0.0397992756527435,1.0026956879873675e-05,14683.045065327697,2.776170889831992,0.000144135567166,3,5,0.1,4.678231265282244,0.788648863595436,1,0.02470967906264,1.47,0.3,1,10,1,0.3431174842659775,0.8,0.788648863595436,0.788648863595436,1,4.9,-4.333352140108831
0.0096256592338103,2.984755837718639e-05,1367.4464900925343,2.3719090458396224,0.0017332203619566,3,5,0.1,73.28791705481777,0.916878657370705,1,0.0544495338079559,1.47,0.3,1,10,1,0.1633073622905115,0.8,0.916878657370705,0.916878657370705,1,4.9,-3.148161724276349
0.1965511233834744,0.0011420655251517,237.76289241961788,7.744941897614288,0.0153313491034287,3,5,0.1,1.8041041489396143,0.3186462992436643,1,0.5945342674910549,1.47,0.3,1,10,1,0.6668391758959995,0.8,0.3186462992436643,0.3186462992436643,1,4.9,-1.8067547143038176
0.1003165128743772,0.0023160389455626,105.84084010035389,3.5899935534257823,0.0166493588152718,3,5,0.1,2.9703504793362154,0.6597118838516385,1,0.4493681509423872,1.47,0.3,1,10,1,0.5075436054335647,0.8,0.6597118838516385,0.6597118838516385,1,4.9,-4.564510498859475
0.0598431954627239,0.0055522630200219,21.487027146554286,4.321256424449484,0.1179050452580314,3,5,0.1,9.360435030011546,0.592289139854056,1,0.5787187074208701,1.47,0.3,1,10,1,0.3437848714334232,0.8,0.592289139854056,0.592289139854056,1,4.9,-2.316281136144408
0.1140677979174291,0.0014178949711815,268.2189026083479,2.6139585794002294,0.0029415045559717,3,5,0.1,5498.790650319728,0.8423729257350038,1,0.1209256005405251,1.47,0.3,1,10,1,0.6708235457323047,0.8,0.8423729257350038,0.8423729257350038,1,4.9,-2.80891379567689
0.0385470530700668,0.0010412675887276,63.13593029304948,5.710967754381861,0.0603066358360375,3,5,0.1,2.3799952431466576,0.5066148871916567,1,0.9815384090209844,1.47,0.3,1,10,1,0.2388580535105995,0.8,0.5066148871916567,0.5066148871916567,1,4.9,-3.3551693860894325
0.1805416861244218,0.0087745828583868,24.55745185630093,7.795221083872511,0.1381065575687115,3,5,0.1,3.9624919305733215,0.3420394646213666,1,0.9141745037333682,1.47,0.3,1,10,1,0.5845707420717448,0.8,0.3420394646213666,0.3420394646213666,1,4.9,-1.4276836938683708
0.2893138617795028,0.0128887926722817,36.7293827605028,3.194134922903042,0.0020812353917779,3,5,0.1,3.234491092740352,0.729209779687417,1,0.9813988686804274,1.47,0.3,1,10,1,0.9791002371962032,0.8,0.729209779687417,0.729209779687417,1,4.9,-5.128549825977954
0.0243798305891443,0.00241660063642,22.73308680524024,3.577421256660988,0.1088767555300578,3,5,0.1,9.395445708669897,0.716919287495442,1,0.57174621469414,1.47,0.3,1,10,1,0.2144903080061557,0.8,0.716919287495442,0.716919287495442,1,4.9,-2.9073742672732905
0.027093477101024,0.0024737924482624,27.731719108552443,2.6079312992686745,0.0649489095911089,3,5,0.1,7.713299152248431,0.9529689312788604,1,0.5610486287969235,1.47,0.3,1,10,1,0.2333651426229737,0.8,0.9529689312788604,0.9529689312788604,1,4.9,-4.463223723628492
0.0097346152766483,1.8885760967656777e-06,4474.435291852858,18.149878374512923,0.0029339146683275,3,5,0.1,0.9277515381253458,0.1935736856860993,1,0.8505348399257094,1.47,0.3,1,10,1,0.104951045102328,0.8,0.1935736856860993,0.1935736856860993,1,4.9,-1.2574107551440503
0.0633641918915882,0.0010425357815083,216.5507555344057,2.502498716542499,0.0068596545297062,3,5,0.1,6.991672021609655,0.881711321844571,1,0.1795464538387613,1.47,0.3,1,10,1,0.4469102338774588,0.8,0.881711321844571,0.881711321844571,1,4.9,-4.164440349911448
0.1032057718978799,0.0025405449797088,130.206612716081,2.279884873381971,0.0062082318371976,3,5,0.1,5.384482394630394,0.9778974103023876,1,0.265490806622767,1.47,0.3,1,10,1,0.5993975486037134,0.8,0.9778974103023876,0.9778974103023876,1,4.9,-5.656830549482447
0.0201973803486616,0.002282099502514,20.50806913837967,3.0105909109990057,0.1009360297408878,3,5,0.1,11.178650389944922,0.8479090755478312,1,0.600201759120085,1.47,0.3,1,10,1,0.1952059176714208,0.8,0.8479090755478312,0.8479090755478312,1,4.9,-3.434158446659509
0.00721089656849,0.0013516169325376,10.064020137564253,3.034338069596872,0.1857182952984682,3,5,0.1,44.15277906572516,0.8960454945568842,1,0.9034342546954228,1.47,0.3,1,10,1,0.1085714206214208,0.8,0.8960454945568842,0.8960454945568842,1,4.9,-3.135283857160644
0.0385752654496753,0.004811794626121,15.995852104048875,3.0166348114370574,0.1102464719470862,3,5,0.1,8.599484694730174,0.8741394045080568,1,0.8143403369165225,1.47,0.3,1,10,1,0.2615517438333517,0.8,0.8741394045080568,0.8741394045080568,1,4.9,-3.8197905115301545
0.0001474542937045,4.379216070780615e-08,12297.28606614622,3.868557972420865,0.0003450433445128,3,5,0.1,9.470759082993355,0.5855860449557546,1,0.0206659122732154,1.47,0.3,1,10,1,0.0189351900085777,0.8,0.5855860449557546,0.5855860449557546,1,4.9,-2.281044894024604
0.1209180289918092,0.0002592991933291,1553.0962612279193,2.669330812844797,0.0004600931690089,3,5,0.1,3.91642103354704,0.8231825647564149,1,0.0870516770669928,1.47,0.3,1,10,1,0.7050505723882309,0.8,0.8231825647564149,0.8231825647564149,1,4.9,-5.384896457426921
0.1397926828486486,0.0097040945459875,33.909303193009954,2.734694761999828,0.0222603615923729,3,5,0.1,8.255428864099219,0.8498928441520822,1,0.4727307243609063,1.47,0.3,1,10,1,0.6502182852279634,0.8,0.8498928441520822,0.8498928441520822,1,4.9,-3.7286582553438334
0.0568165880256904,4.831437273140869e-05,4079.494268036652,3.3486857738009603,0.0005728262183079,3,5,0.1,6.1533059662994605,0.6590707483334988,1,0.0411194628114638,1.47,0.3,1,10,1,0.4149149111664755,0.8,0.6590707483334988,0.6590707483334988,1,4.9,-2.9288893365102666
0.0826745426957445,0.0004168940592793,205.7091683708357,12.84598839181599,0.040671643138272,3,5,0.1,1.6530931978183332,0.2434464547720957,1,0.9050203959341,1.47,0.3,1,10,1,0.3349400322913297,0.8,0.2434464547720957,0.2434464547720957,1,4.9,-1.2363151719445398
0.063606368567622,0.0026357789209427,55.04709472503296,3.3318247604690705,0.0360567453873399,3,5,0.1,3.280869468932805,0.7547549874030213,1,0.6310192523575595,1.47,0.3,1,10,1,0.3598242651145898,0.8,0.7547549874030213,0.7547549874030213,1,4.9,-5.431184247889574
0.2892269734276479,0.0111836067988142,41.48769024762681,3.8830035653194015,0.0055909182093741,3,5,0.1,3.191847217403744,0.595721794161447,1,0.8406777598024882,1.47,0.3,1,10,1,0.9921392820424104,0.8,0.595721794161447,0.595721794161447,1,4.9,-3.5176334986500954
0.2032924068794425,0.0027643754150776,177.80476720357683,3.652889143692089,0.0021772246700071,3,5,0.1,3.2984233718225635,0.6128161458312293,1,0.3012015194742471,1.47,0.3,1,10,1,0.9322457423848436,0.8,0.6128161458312293,0.6128161458312293,1,4.9,-3.605934368181632
0.0208585983829546,0.0001835677072239,364.0713934461452,3.963705342590582,0.0099869406619215,3,5,0.1,3.159684338319916,0.5845671305593675,1,0.2084868867072659,1.47,0.3,1,10,1,0.223443043761531,0.8,0.5845671305593675,0.5845671305593675,1,4.9,-3.428659949142116
0.0008024083283494,5.991029634293265e-05,29.40428566598652,3.031374432542888,0.0766573682324643,3,5,0.1,4.140396481930521,0.8958784278441982,1,0.8290585698568559,1.47,0.3,1,10,1,0.0357872577127978,0.8,0.8958784278441982,0.8958784278441982,1,4.9,-6.031329257926258
0.1563373082875508,0.014403468584755,23.295849871887768,2.9661014708627,0.0302442438441249,3,5,0.1,18.825789671601985,0.7871233665619957,1,0.4950063451881696,1.47,0.3,1,10,1,0.6896848989030326,0.8,0.7871233665619957,0.7871233665619957,1,4.9,-2.907385561446457
0.0701356283268717,0.0001205453596867,1059.724228649557,7.998450960670777,0.0058441333651805,3,5,0.1,1.5125195779456584,0.3179254780933389,1,0.3522768452415474,1.47,0.3,1,10,1,0.370327410988218,0.8,0.3179254780933389,0.3179254780933389,1,4.9,-2.0798087843721795
0.0197678054006525,0.0004596641461272,117.89272808420792,4.331556673233319,0.0317816648113044,3,5,0.1,3.4807663868285674,0.5632392685387829,1,0.3516789098726194,1.47,0.3,1,10,1,0.2040729869947316,0.8,0.5632392685387829,0.5632392685387829,1,4.9,-3.01633483567495
0.1586249984324601,0.0052108414146583,65.35805028369643,3.2465864604216463,0.0139611732254663,3,5,0.1,3.211806614210494,0.7270148887504956,1,0.5717520007662745,1.47,0.3,1,10,1,0.6706741844944171,0.8,0.7270148887504956,0.7270148887504956,1,4.9,-5.13609573725677
0.0873708664478175,1.2499904876507798e-05,19629.094436146977,2.462469440575619,5.018528299720861e-05,3,5,0.1,4.192074636376708,0.880854389452665,1,0.0213864900745292,1.47,0.3,1,10,1,0.53677951074326,0.8,0.880854389452665,0.880854389452665,1,4.9,-5.760479343717599
0.00397696932844,2.015912741920349e-05,266.52278560126075,11.648644638538554,0.0355086921691944,3,5,0.1,1.7294811826765826,0.264810772325657,1,0.623137672044899,1.47,0.3,1,10,1,0.0732260851523391,0.8,0.264810772325657,0.264810772325657,1,4.9,-1.3733645886005057
0.0955055044626727,0.0017163140359421,184.8910391908439,2.2664819964057066,0.0047824292508043,3,5,0.1,4.5270295635282345,0.978991358141254,1,0.241622019803232,1.47,0.3,1,10,1,0.5755519084068432,0.8,0.978991358141254,0.978991358141254,1,4.9,-6.587135183550481
0.0845211581420927,0.0016269083022661,168.56746525297208,2.551857058830296,0.0072383394613934,3,5,0.1,4.366759493196591,0.8758386405062658,1,0.255577307097398,1.47,0.3,1,10,1,0.519295019470492,0.8,0.8758386405062658,0.8758386405062658,1,4.9,-5.4876636582461575
0.2576256901944556,0.0372971624972302,10.99009852365919,2.848895884539999,0.008261469610498,3,5,0.1,63.898912787583896,0.8214883323152508,1,0.8118820790788018,1.47,0.3,1,10,1,0.9293984968971052,0.8,0.8214883323152508,0.8214883323152508,1,4.9,-2.8229766145580832
0.14608905897481,0.0008251623821412,580.5642003332433,2.42887831961582,0.0004904994031235,3,5,0.1,6.065935871174068,0.9111339209866068,1,0.1160941938476453,1.47,0.3,1,10,1,0.8271486014677938,0.8,0.9111339209866068,0.9111339209866068,1,4.9,-4.675922710527109
0.111401211664453,0.0004143963774947,933.772358186813,2.326247254687328,0.0006912420522124,3,5,0.1,9.422323317129358,0.9400655050504362,1,0.0791984061726931,1.47,0.3,1,10,1,0.6764197576845317,0.8,0.9400655050504362,0.9400655050504362,1,4.9,-4.084382664385752
0.0025974721163095,0.0001962503913447,36.14355141962045,3.35554530056055,0.0791418423885976,3,5,0.1,9.055170563822216,0.7384881143990049,1,0.4313515165413718,1.47,0.3,1,10,1,0.0717711171351921,0.8,0.7384881143990049,0.7384881143990049,1,4.9,-3.040146839007228
0.0039637858850746,0.0002331842548342,49.805045789091714,2.767656188354151,0.0480128807291326,3,5,0.1,5.340036350666386,0.883432187494375,1,0.4538728219066323,1.47,0.3,1,10,1,0.0896524060537528,0.8,0.883432187494375,0.883432187494375,1,4.9,-4.796177136643626
0.0025269418833902,0.0001841128912333,35.0268949643692,2.6564258937782808,0.0601600965567952,3,5,0.1,4.824851627134158,0.9654560210925082,1,0.6245057099050725,1.47,0.3,1,10,1,0.0675453152908508,0.8,0.9654560210925082,0.9654560210925082,1,4.9,-6.036758787812852
0.1100302587621246,0.0115403672866314,16.110817950848656,3.831728008335685,0.1004111507809291,3,5,0.1,6.585261238985946,0.6788953249750892,1,0.900548406605188,1.47,0.3,1,10,1,0.4630585645235442,0.8,0.6788953249750892,0.6788953249750892,1,4.9,-2.979770166634264
0.2785517030673471,0.0336726816251979,13.755258455351408,2.36615966280078,-0.0057575490790069,3,5,0.1,11.39113124176042,0.9827612115232948,1,0.9210087269618458,1.47,0.3,1,10,1,0.993551209785491,0.8,0.9827612115232948,0.9827612115232948,1,4.9,-4.101537033579376
0.0302164627863292,0.0005114631728291,220.65023901414327,2.670015414505461,0.0100141790384541,3,5,0.1,7.766783784740567,0.8315138294612038,1,0.1707363652222134,1.47,0.3,1,10,1,0.2895508541877906,0.8,0.8315138294612038,0.8315138294612038,1,4.9,-3.694667513616906
0.150468618184169,0.0175076734809243,15.712120519359004,3.25733258304785,0.0595879016123613,3,5,0.1,14.912148724410931,0.7451039480826745,1,0.6674748271183576,1.47,0.3,1,10,1,0.6167624016431152,0.8,0.7451039480826745,0.7451039480826745,1,4.9,-2.811462265962966
0.0320809572226015,0.0032273029269811,25.942038773035502,2.5123929431937246,0.0650366725448614,3,5,0.1,12.65417198888884,0.971096464089974,1,0.5078979620627572,1.47,0.3,1,10,1,0.2611113145512879,0.8,0.971096464089974,0.971096464089974,1,4.9,-3.943040102651448
0.0389829762245186,0.0060502893767499,12.030664839910656,3.077394972159356,0.1418302340525905,3,5,0.1,14.122069452515944,0.8673122980743476,1,0.8939215096036195,1.47,0.3,1,10,1,0.2599885055047067,0.8,0.8673122980743476,0.8673122980743476,1,4.9,-3.374634796740253
0.0349216740243569,0.0008363970792442,157.71843876139064,2.225186557872184,0.0108089425089981,3,5,0.1,7.543582144056554,0.994260758815129,1,0.2097303447894938,1.47,0.3,1,10,1,0.3151206225690878,0.8,0.994260758815129,0.994260758815129,1,4.9,-4.786117962740386
0.1297532677466183,0.0014207754024898,301.3675204823907,2.334690948829089,0.001533815125205,3,5,0.1,5.75340803161445,0.9470159198665444,1,0.1659586629706352,1.47,0.3,1,10,1,0.7422202852762922,0.8,0.9470159198665444,0.9470159198665444,1,4.9,-5.125116416169167
0.1866360882768879,0.0139769985476911,31.72357869745529,2.7441297972642427,0.0079307418317576,3,5,0.1,83.6401153252665,0.8291234674906155,1,0.3840423839216519,1.47,0.3,1,10,1,0.8588066038510043,0.8,0.8291234674906155,0.8291234674906155,1,4.9,-2.82918480054407
0.1394458166981594,0.0010270657865894,434.7227673436499,2.537165622949355,0.0010229240209804,3,5,0.1,4.001001762724544,0.8733977173777241,1,0.1662399906444471,1.47,0.3,1,10,1,0.7766110587331576,0.8,0.8733977173777241,0.8733977173777241,1,4.9,-5.933663635034566
0.1669572014027512,0.0006957061159239,776.2546811562402,2.2885912204071457,3.186705222567403e-06,3,5,0.1,6.188368197473083,0.9707341811526246,1,0.1006443256909887,1.47,0.3,1,10,1,0.9421031417040826,0.8,0.9707341811526246,0.9707341811526246,1,4.9,-5.10388974759047
0.0893133645567652,0.0115288953476013,13.57876510041761,3.715684852356899,0.1239504193683428,3,5,0.1,11.751227142002234,0.6969687522098128,1,0.7939036995444977,1.47,0.3,1,10,1,0.4180680444835036,0.8,0.6969687522098128,0.6969687522098128,1,4.9,-2.6963835518168544
0.0742050788318356,0.0019802893985597,110.33507198720883,2.851576207331865,0.0144062931816265,3,5,0.1,3.823782145440402,0.8066868414105169,1,0.3508815240923701,1.47,0.3,1,10,1,0.4508037702558296,0.8,0.8066868414105169,0.8066868414105169,1,4.9,-5.295861151143994
0.2205337238769693,0.0068660131593659,68.99437586134307,4.366776883787733,0.0086242703562339,3,5,0.1,10.389735834509892,0.5091697098590487,1,0.2821359535799487,1.47,0.3,1,10,1,0.9594036440545148,0.8,0.5091697098590487,0.5091697098590487,1,4.9,-1.9163684248638049
0.2520794427370967,7.623697223758424e-05,3025.6129559675305,11.65613580482209,0.0021606935687493,3,5,0.1,1.0159295463212674,0.216288601494573,1,0.6749950103018209,1.47,0.3,1,10,1,0.7116572393681253,0.8,0.216288601494573,0.216288601494573,1,4.9,-1.4326411778177146
0.2317485250761783,0.0116674081060524,29.570083059502704,4.958498199031147,0.0404618860260324,3,5,0.1,3.926609862668063,0.4867189752043374,1,0.7951174289195266,1.47,0.3,1,10,1,0.7819320408875884,0.8,0.4867189752043374,0.4867189752043374,1,4.9,-2.2825772353105656
0.0796200605440912,0.0069491802010898,13.909880197601526,9.291129884927397,0.3884400396668201,3,5,0.1,70.49275613940281,0.2995029348183127,1,0.5827074148414486,1.47,0.3,1,10,1,0.3640175364132355,0.8,0.2995029348183127,0.2995029348183127,1,4.9,-1.0083394355767543
0.0227991204593457,0.0012350115241315,58.093051772594215,2.568132962492792,0.0352446582012372,3,5,0.1,6.909981122138114,0.9132735858598828,1,0.3680113671207982,1.47,0.3,1,10,1,0.230042096915562,0.8,0.9132735858598828,0.9132735858598828,1,4.9,-4.401681520619666
0.2610343893338589,0.011343190939375,42.43440076699751,3.228876230176224,0.0021801940246568,3,5,0.1,3.6818600954322735,0.7131705650444826,1,0.6904726566654745,1.47,0.3,1,10,1,0.9798934798559428,0.8,0.7131705650444826,0.7131705650444826,1,4.9,-4.337727845377266
0.0570980205409837,0.0002455206166311,875.7790810149705,2.566046479833261,0.0018776374957578,3,5,0.1,7.650283672742999,0.849877676131359,1,0.0851890557931073,1.47,0.3,1,10,1,0.4294195005159674,0.8,0.849877676131359,0.849877676131359,1,4.9,-3.824207298966062
0.000180473096397,5.495984166280711e-06,59.38746872656628,6.302616124212907,0.0823397577901776,3,5,0.1,2.664668108429696,0.4630163704383228,1,0.785739772218668,1.47,0.3,1,10,1,0.0161578558019863,0.8,0.4630163704383228,0.4630163704383228,1,4.9,-2.5958627813807347
0.1444193630877235,0.0017906884211912,231.3386087836685,2.9162058684478365,0.0028524208570117,3,5,0.1,3.341484521990167,0.7678116050031786,1,0.2617723088574196,1.47,0.3,1,10,1,0.7454921890668991,0.8,0.7678116050031786,0.7678116050031786,1,4.9,-5.517755303514674
0.2768137863644801,0.014627087608661,31.67509187571867,3.5719640672860336,0.0051554421891801,3,5,0.1,4.043071420728419,0.6471982506610112,1,0.7777995586710912,1.47,0.3,1,10,1,0.9835570203470164,0.8,0.6471982506610112,0.6471982506610112,1,4.9,-3.443516901182427
0.1635462224787541,0.0111219533983333,24.98495566571893,3.611548085163687,0.045184304901617,3,5,0.1,4.194259973847125,0.6935357022313904,1,0.9075149458084883,1.47,0.3,1,10,1,0.6050443940147667,0.8,0.6935357022313904,0.6935357022313904,1,4.9,-3.764049873090741
0.0863228283258459,0.0040667421665803,53.93598498115056,2.609062689945291,0.0234612172880612,3,5,0.1,4.110770883420691,0.9120641800332608,1,0.5206529987281892,1.47,0.3,1,10,1,0.4619728993974942,0.8,0.9120641800332608,0.9120641800332608,1,4.9,-6.303586059788877
0.1226527157337814,2.5992109868094543e-05,4563.204685053919,13.632858989277407,0.0019850219050257,3,5,0.1,0.9441335827094584,0.2163684834454327,1,0.7236056851337255,1.47,0.3,1,10,1,0.4270761466201517,0.8,0.2163684834454327,0.2163684834454327,1,4.9,-1.5501399282152235
0.0542993932486058,0.0002074871492176,456.7446148436748,8.1292097921646,0.0137763245674726,3,5,0.1,1.6712267238049483,0.3282391837982133,1,0.4636857285739073,1.47,0.3,1,10,1,0.3099044624094301,0.8,0.3282391837982133,0.3282391837982133,1,4.9,-2.019738244412416
0.000931839481411,3.7208484056032304e-05,77.31382988590875,2.924317595539873,0.0348282186818938,3,5,0.1,4.131379346964857,0.8274717252117663,1,0.4087019598811251,1.47,0.3,1,10,1,0.0439269009764509,0.8,0.8274717252117663,0.8274717252117663,1,4.9,-5.178255888461242
0.0995873356634695,0.0044420791888497,57.14621318563585,2.886565203056007,0.0223974369619405,3,5,0.1,4.539565617941348,0.8127164833703611,1,0.4560834925686606,1.47,0.3,1,10,1,0.5160680569816858,0.8,0.8127164833703611,0.8127164833703611,1,4.9,-4.652620434871739
0.017037441069809,0.000426899589079,89.26440689699334,4.864170753588741,0.0435921429752669,3,5,0.1,2.6640681056408946,0.5443320078249213,1,0.5736481897475161,1.47,0.3,1,10,1,0.1727695630504964,0.8,0.5443320078249213,0.5443320078249213,1,4.9,-3.4676687279920024
0.0670105848778485,0.0019032831197696,66.9284594307808,6.904486984631888,0.0737681992348819,3,5,0.1,4.602650913044543,0.3668232822840307,1,0.381259035087536,1.47,0.3,1,10,1,0.3663867225081465,0.8,0.3668232822840307,0.3668232822840307,1,4.9,-1.5020738534739166
0.0080780065131418,0.0002680149192828,88.81781787644724,3.163830701580987,0.0313800191553132,3,5,0.1,3.495845748435088,0.7715048173270885,1,0.4298343604675338,1.47,0.3,1,10,1,0.1288082756783114,0.8,0.7715048173270885,0.7715048173270885,1,4.9,-5.301867440856521
0.0479759757236968,0.000232246706012,556.0701708788248,5.173886064070239,0.0075655589712632,3,5,0.1,2.715612222768645,0.4529083620657544,1,0.191047681245863,1.47,0.3,1,10,1,0.3391780985622665,0.8,0.4529083620657544,0.4529083620657544,1,4.9,-2.471473702365987
0.0421207430429499,0.0059803704078659,15.534891287439196,2.544895149151885,0.0940333160934432,3,5,0.1,26.791257289602783,0.9904307056156464,1,0.6495617552194963,1.47,0.3,1,10,1,0.2892242437322973,0.8,0.9904307056156464,0.9904307056156464,1,4.9,-3.613100541317188
0.2536778964544789,0.0338303629345697,11.95182893162464,2.624023673609719,0.0099467482018199,3,5,0.1,14.107764765845229,0.8999482521320773,1,0.94505137744207,1.47,0.3,1,10,1,0.888891079844552,0.8,0.8999482521320773,0.8999482521320773,1,4.9,-3.5244224114282723
0.0179893277990745,0.002929784120622,11.85374844475711,3.661303430512862,0.1925322500678752,3,5,0.1,249.98535335321503,0.7255688497551402,1,0.6913804404871446,1.47,0.3,1,10,1,0.1774962071566921,0.8,0.7255688497551402,0.7255688497551402,1,4.9,-2.435053925246549
0.1137522885915517,0.0001374157122136,1818.5518159497776,5.998189332003515,0.0019916230070119,3,5,0.1,1.672899023975439,0.3849008662210927,1,0.2108790247927032,1.47,0.3,1,10,1,0.5499845921473697,0.8,0.3849008662210927,0.3849008662210927,1,4.9,-2.7701891855007084
0.1339082037182438,7.57054785360684e-05,3683.618187471432,6.513980200261899,0.00103572666628,3,5,0.1,2.049085757501753,0.346930355096746,1,0.1029972236897354,1.47,0.3,1,10,1,0.6135426232340858,0.8,0.346930355096746,0.346930355096746,1,4.9,-1.9116397876825888
0.0025661915208598,3.2584425478536896e-05,237.1098139860628,4.971052349535472,0.0216706930306543,3,5,0.1,8.24879638216739,0.4771523339348801,1,0.1534605439656471,1.47,0.3,1,10,1,0.0749282946304501,0.8,0.4771523339348801,0.4771523339348801,1,4.9,-1.838677516466152
0.0117719459582076,0.0009999464426598,24.36239376651935,2.81296911610772,0.0786744625764773,3,5,0.1,4.332296639556384,0.9738633017919814,1,0.9750933019332428,1.47,0.3,1,10,1,0.1358514914725835,0.8,0.9738633017919814,0.9738633017919814,1,4.9,-6.827134785216478
0.2137459550544265,0.0001895669219078,1118.1907943592014,11.916557023016534,0.0069637946236853,3,5,0.1,1.336610644568638,0.2077464602319722,1,0.4706645235990836,1.47,0.3,1,10,1,0.6534703411580141,0.8,0.2077464602319722,0.2077464602319722,1,4.9,-1.0865370199755056
0.216258354946718,0.00948224340329,44.22443710987945,3.7755696531695753,0.0129279920965193,3,5,0.1,4.425104384786454,0.6111569351470658,1,0.5354583776817643,1.47,0.3,1,10,1,0.8564136122053454,0.8,0.6111569351470658,0.6111569351470658,1,4.9,-3.005856091293058
0.1474992409577462,0.0003856429897622,992.247116649754,4.373982159308023,0.0015326911776719,3,5,0.1,3.271202118767504,0.5064363941557309,1,0.1192241011032683,1.47,0.3,1,10,1,0.7316264517902917,0.8,0.5064363941557309,0.5064363941557309,1,4.9,-2.642804768999447
0.0050577649303102,5.442158355866601e-05,383.11978015823433,2.386950006568916,0.0063777894700506,3,5,0.1,4.702062055337768,0.9249942596173264,1,0.1600987931883163,1.47,0.3,1,10,1,0.1151977026113518,0.8,0.9249942596173264,0.9249942596173264,1,4.9,-5.699451452252314
0.2701950409698556,0.023685546738319,18.231888773072573,3.524431127332333,0.011128970496287,3,5,0.1,7.015567771475793,0.6602026915396922,1,0.7907449559998502,1.47,0.3,1,10,1,0.9537998357251518,0.8,0.6602026915396922,0.6602026915396922,1,4.9,-2.8198578434595127
0.1426045408573157,5.508235954700207e-05,3349.270368879534,10.556080616816434,0.0022544571883504,3,5,0.1,1.1806412109503748,0.2369573686404048,1,0.3544994435889869,1.47,0.3,1,10,1,0.530741783159535,0.8,0.2369573686404048,0.2369573686404048,1,4.9,-1.4855477839344609
0.0541815538553009,0.0006590182068453,266.4486016604371,3.273210471864153,0.0085736727160203,3,5,0.1,3.7121199526512254,0.6903155586935321,1,0.2176472782701001,1.47,0.3,1,10,1,0.3878141373047507,0.8,0.6903155586935321,0.6903155586935321,1,4.9,-4.064836296838781
0.0926748485605026,0.0069954913217474,27.10213638136986,2.8989931544834886,0.0492220016098909,3,5,0.1,4.741114560366227,0.8686833532251587,1,0.7608027197212235,1.47,0.3,1,10,1,0.4387197313362995,0.8,0.8686833532251587,0.8686833532251587,1,4.9,-5.058024980905664
0.1684971669826303,0.0100830655184445,25.76645684131781,6.123631064309157,0.0964348692486529,3,5,0.1,7.2678322937786115,0.3994798100250329,1,0.5411510120128881,1.47,0.3,1,10,1,0.6340887652394723,0.8,0.3994798100250329,0.3994798100250329,1,4.9,-1.5275062619935549
0.178361624475689,0.0127815322288007,31.12964067571352,2.8822321088436342,0.0146069828233294,3,5,0.1,10.506868372390922,0.7987605577127835,1,0.4639079768421669,1.47,0.3,1,10,1,0.7844861625338913,0.8,0.7987605577127835,0.7987605577127835,1,4.9,-3.236677473604157
0.0859849190277045,0.0011232625925363,271.0680796880819,2.294213755903148,0.0036721530243172,3,5,0.1,6.747912344309524,0.9565552096225084,1,0.1637008728183998,1.47,0.3,1,10,1,0.5526794076432824,0.8,0.9565552096225084,0.9565552096225084,1,4.9,-4.764409435861868
0.1454696273736606,0.0003565419763915,1329.752383348396,2.608077903935575,0.0002666322176597,3,5,0.1,6.890533156620799,0.8464841319659739,1,0.0721712150237072,1.47,0.3,1,10,1,0.8225746323541423,0.8,0.8464841319659739,0.8464841319659739,1,4.9,-3.955407363559786
0.1931132098774584,0.0046457427641079,110.0891558329156,2.715949663971451,0.0009141102351048,3,5,0.1,4.352398310270095,0.8305120044296703,1,0.3290833750868503,1.47,0.3,1,10,1,0.9318243346483436,0.8,0.8305120044296703,0.8305120044296703,1,4.9,-4.990217026755589
0.0086087583469251,0.0003739288486759,56.38372572107919,3.5097965991626467,0.0499233526635021,3,5,0.1,3.334320982657405,0.7408160369093172,1,0.6076854995480415,1.47,0.3,1,10,1,0.1238616502876696,0.8,0.7408160369093172,0.7408160369093172,1,4.9,-5.12765188136256
0.0946158234233504,5.602044763951782e-05,5374.162840959967,2.2988817377250776,0.0001551409089337,3,5,0.1,4.692057715202681,0.9416391694113208,1,0.0403423282823397,1.47,0.3,1,10,1,0.5870492571579002,0.8,0.9416391694113208,0.9416391694113208,1,4.9,-5.903010065662713
0.0223340982815907,0.0005142031854092,148.5786315584637,3.06570866253006,0.0179897622701907,3,5,0.1,5.24704874944998,0.7455749579065707,1,0.2411973235331272,1.47,0.3,1,10,1,0.2360805446748621,0.8,0.7455749579065707,0.7455749579065707,1,4.9,-3.717946171327007
0.0292237913320498,0.0001225296692512,873.7038565922115,3.2235636572435418,0.0032151741957759,3,5,0.1,5.291965596446783,0.6892335724325018,1,0.0956238206960195,1.47,0.3,1,10,1,0.2835536190420122,0.8,0.6892335724325018,0.6892335724325018,1,4.9,-3.3004379274287494
0.21365207775953,0.0072025545867097,72.01625060931362,2.5908749797379778,-2.281425506221897e-05,3,5,0.1,4.261287733382167,0.8773179751089432,1,0.4334655588673346,1.47,0.3,1,10,1,0.9666356785162508,0.8,0.8773179751089432,0.8773179751089432,1,4.9,-5.628042168949749
0.1683939628806265,0.0118943073313342,36.4270410115626,2.4649624995703303,0.0076995223490195,3,5,0.1,795.1329482368651,0.920077302716662,1,0.3523487285433391,1.47,0.3,1,10,1,0.815316243205983,0.8,0.920077302716662,0.920077302716662,1,4.9,-3.0752274102931096
0.0406261138861119,0.0002196459664832,619.945254855728,3.707556092264386,0.0048531465907233,3,5,0.1,6.116632885639331,0.6054080097452715,1,0.1054236617766602,1.47,0.3,1,10,1,0.332949394395138,0.8,0.6054080097452715,0.6054080097452715,1,4.9,-2.624041500981768
0.2265138935409219,0.0165101555527469,23.46414840185217,2.692399695528537,0.0140628190717074,3,5,0.1,4.458145946984276,0.8898023968669865,1,0.9771115138969924,1.47,0.3,1,10,1,0.7919843776070448,0.8,0.8898023968669865,0.8898023968669865,1,4.9,-5.551313018197094
0.1035271053536736,1.8018732512772487e-05,13561.791662849531,2.261137117799376,4.857992925254169e-05,3,5,0.1,7.473293205194712,0.948053985379228,1,0.0188999794330887,1.47,0.3,1,10,1,0.5900705183381637,0.8,0.948053985379228,0.948053985379228,1,4.9,-4.488918576949201
0.2332728484148762,0.0021990507011444,142.980487295502,7.754625474908382,0.0231109789331524,3,5,0.1,2.287412418100576,0.3029639811410556,1,0.5132053187571153,1.47,0.3,1,10,1,0.7769858479835056,0.8,0.3029639811410556,0.3029639811410556,1,4.9,-1.461573603221595
0.1370169051103664,0.0025288759042397,157.77392881829232,2.968022504158674,0.0047894064527658,3,5,0.1,5.560604115223838,0.7523345826473055,1,0.2288667444219875,1.47,0.3,1,10,1,0.7227103171730357,0.8,0.7523345826473055,0.7523345826473055,1,4.9,-3.6647064714766096
0.1379576274408104,0.003662520993828,54.678681784768926,7.69701413788849,0.0764369033943456,3,5,0.1,3.288849386333711,0.3351925863533624,1,0.5831392340440672,1.47,0.3,1,10,1,0.5247522035207798,0.8,0.3351925863533624,0.3351925863533624,1,4.9,-1.4659156989688835
0.0748432638196791,0.0005387981429954,478.6709784169475,2.746972391678466,0.0031207865220096,3,5,0.1,3.590912884113198,0.8040566372642517,1,0.1677152889808087,1.47,0.3,1,10,1,0.4931154832748761,0.8,0.8040566372642517,0.8040566372642517,1,4.9,-5.612568586680187
0.2644879349358599,0.0026873558841509,172.18694104887533,5.181465893278581,0.0049476316957943,3,5,0.1,2.2931176989763573,0.4314774036441156,1,0.4701702143267161,1.47,0.3,1,10,1,0.9951864066212132,0.8,0.4314774036441156,0.4314774036441156,1,4.9,-2.563942941375603
0.0972605272723357,0.0062385917797745,41.181149043689686,2.390577700766824,0.0240453925851984,3,5,0.1,7.100433903746917,0.9732244247851544,1,0.4510459265087781,1.47,0.3,1,10,1,0.5183335170805247,0.8,0.9732244247851544,0.9732244247851544,1,4.9,-4.76944173149481
0.0820998426275432,0.004644039130619,35.5012919879717,3.22319048815005,0.0465201183021179,3,5,0.1,3.5824239593042835,0.7999643261031181,1,0.8169721965419555,1.47,0.3,1,10,1,0.3975195530343092,0.8,0.7999643261031181,0.7999643261031181,1,4.9,-5.567361526171832
0.000197067030059,1.6837920321487447e-05,30.259128276472698,2.823857372521725,0.0753539244733346,3,5,0.1,6.535537068263954,0.9003865565997171,1,0.5650655172083526,1.47,0.3,1,10,1,0.0190866086642926,0.8,0.9003865565997171,0.9003865565997171,1,4.9,-4.423144618011384
0.0341614510412941,0.000756677766737,95.558631614546,5.956139428271203,0.048877879612075,3,5,0.1,2.9640659692876654,0.4362158343055764,1,0.4637797581296516,1.47,0.3,1,10,1,0.2520342082374739,0.8,0.4362158343055764,0.4362158343055764,1,4.9,-2.2144918793080874
0.1089871345658243,0.0043280312163971,64.59737167284436,3.010598909680338,0.0191873807027361,3,5,0.1,4.54298825733878,0.7719877414851652,1,0.4199949837736911,1.47,0.3,1,10,1,0.5549549232834196,0.8,0.7719877414851652,0.7719877414851652,1,4.9,-4.263963132596022
0.0566450133447713,0.0052307273565822,25.80321499714454,2.8781221619034376,0.0645503462649325,3,5,0.1,9.050265005660174,0.852771035468431,1,0.5445902760332924,1.47,0.3,1,10,1,0.3506106566120668,0.8,0.852771035468431,0.852771035468431,1,4.9,-3.6436707078626673
0.0317568658507507,3.706662219934575e-06,17589.947978809592,8.467931183862184,0.000465967191844,3,5,0.1,1.451190506012434,0.2923126042913105,1,0.0883690507426186,1.47,0.3,1,10,1,0.2501131760347077,0.8,0.2923126042913105,0.2923126042913105,1,4.9,-1.8384517142938748
0.1289033153761499,0.0080769679305889,29.065743061147074,3.3985136440694395,0.0453944117899122,3,5,0.1,3.866137326014971,0.7469143734540651,1,0.8792106799193946,1.47,0.3,1,10,1,0.5189970064991182,0.8,0.7469143734540651,0.7469143734540651,1,4.9,-4.533231376835555
2.5307517988486068e-05,2.486535261742125e-07,114.084043202222,13.941070346102752,0.0930431626796245,3,5,0.1,2.116465764245081,0.2356200022611778,1,0.7349047698309187,1.47,0.3,1,10,1,0.0055830632108773,0.8,0.2356200022611778,0.2356200022611778,1,4.9,-1.061011895764178
0.1694436405174716,0.0032365242318355,102.21773371567416,4.410318286021596,0.0143273196640208,3,5,0.1,2.5812480135733056,0.5381655934829028,1,0.5463596434217552,1.47,0.3,1,10,1,0.680672967229551,0.8,0.5381655934829028,0.5381655934829028,1,4.9,-3.4932961545049013
0.1127977907657545,0.0032950256324455,65.16390295424942,4.295943627009203,0.0316136624560775,3,5,0.1,2.6958796426138703,0.5914912166491616,1,0.719338415118333,1.47,0.3,1,10,1,0.4838725086239687,0.8,0.5914912166491616,0.5914912166491616,1,4.9,-4.039797739140461
0.20415839065064692,4.536568136748176e-05,5134.722257314243,11.05041458386773,0.0015548641777575047,3,5,0.1,1.2402273760856581,0.20835391229557987,1,0.2408727529960346,1.47,0.3,1,10,1,0.6754027488136707,0.8,0.20835391229557987,0.20835391229557987,1,4.9,-1.14227603330726
0.021629965255131025,0.0008580102064700328,81.06186042511439,2.783024693431888,0.02847748495704287,3,5,0.1,5.330232213084496,0.839175335229343,1,0.33829147971629053,1.47,0.3,1,10,1,0.2252469658675004,0.8,0.839175335229343,0.839175335229343,1,4.9,-4.421502477663898
0.1473350219976284,0.003031890515548479,88.17881950357985,4.640282087753291,0.021602816194261725,3,5,0.1,2.398742459901159,0.5362052942002173,1,0.693434730283981,1.47,0.3,1,10,1,0.5777387669265097,0.8,0.5362052942002173,0.5362052942002173,1,4.9,-3.7359765967653953
0.028205089933232962,9.979872094142948e-05,993.7095843183807,3.579727225115993,0.0032055160344560073,3,5,0.1,5.0967383897531775,0.6258876617391557,1,0.0903270494981073,1.47,0.3,1,10,1,0.27432961210199713,0.8,0.6258876617391557,0.6258876617391557,1,4.9,-2.9241774899511785
0.07537984597161132,0.005046369579855446,21.993804258810314,6.841666484470527,0.17798734085411042,3,5,0.1,4.890031379374006,0.40824445066125636,1,0.8019804888039351,1.47,0.3,1,10,1,0.35270078383480163,0.8,0.40824445066125636,0.40824445066125636,1,4.9,-1.6900300108610953
