efficiency,dark count rate,jitter,entropy production,entropy rate,machine_efficiency,L first gap,d_l,e_max,e_s,TH,TC,g_sl,g_ml,e_C,e_C_factor,t_f,t_steps,rateM,rateD,rateB,Tb,Td,k,Tb_indep_flag,Td_indep_flag,Td_eq_Tb_flag,Max_TV_flag,epsilon,e_l,TV
0.5241358181809034,0.0072688862411527,76.42633159758502,0.8094593079341034,0.2151946293178236,0.3882228112289335,,3,1,0.1,1.3886890127567348,0.1939655000695336,0.7743932443162914,0.5118505134538683,1.4182563568354392,1.5758403964838212,1,10,1.1080143939353932,1.5973039075545603,0.8,0.1939655000695336,0.1939655000695336,1,False,False,False,False,1e-07,0.9,-0.1595033344746965
0.5685005544884343,0.0413775230240353,8.642284299443226,2.1048828141055087,-0.0848943553302179,0.9028891335314412,,3,1,0.1,-0.374526569404307,0.1611083022587912,0.7685672692186469,1.712502482369776,0.096800123709385,0.1075556930104278,1,10,0.8142969057044455,1.3951245046526908,0.8,0.1611083022587912,0.1611083022587912,1,False,False,False,False,1e-07,0.9,-0.2758762260186237
0.5619155877407914,7.635230544556825e-07,383335.2004175152,2.4847405334151462,9.809774046319756e-05,0.3663575451885384,,3,1,0.1,0.2261646634128285,0.1127332206786808,0.6057949248840375,0.8484402452922049,1.5566165261775449,1.7295739179750498,1,10,1.9367541205258656,1.2563052376448711,0.8,0.1127332206786808,0.1127332206786808,1,False,False,False,False,1e-07,0.9,-0.3055097780018957
0.7002960705038586,0.0318894132876276,5.207565124803206,2.1434273182965784,0.0647769554314483,0.8541461722021263,,3,1,0.1,-1.262049823864717,0.120281346172259,1.3373051398819178,1.1761773476414954,0.1536838181685637,0.1707597979650708,1,10,1.2309864323099675,1.8972695671623887,0.8,0.120281346172259,0.120281346172259,1,False,False,False,False,1e-07,0.9,-0.4260150153277559
0.4745890243805639,0.0002634246343481,1831.2896981332367,2.908015285687473,0.0104615664614805,0.4356262132828224,,3,1,0.1,0.4406300742519168,0.1678570001888809,0.6395645107007704,1.547711424898818,1.1659913764548675,1.2955459738387418,1,10,0.2320741674562591,1.094834263926631,0.8,0.1678570001888809,0.1678570001888809,1,False,False,False,False,1e-07,0.9,-0.3986504797569004
0.6766162294649626,0.0045592734883975,20.53047762609156,3.664556672053808,0.2426418273232931,0.7099867465999204,,3,1,0.1,0.6734599466003591,0.0861180146641256,1.3009271573936505,1.7438693461923314,0.3676292963355168,0.4084769959283519,1,10,0.9655776368723938,1.4821007491808067,0.8,0.0861180146641256,0.0861180146641256,1,False,False,False,False,1e-07,0.9,-0.3770996001673287
0.4755773161771427,0.0192598134568958,4.669141081382378,3.6046222653101982,0.4498834564742002,0.7316437211397183,,3,1,0.1,-1.4061414832327326,0.1166890327790838,1.645286794569874,1.4378838210582152,0.330106914056509,0.3667854600627878,1,10,0.6250181042408027,1.000922365686596,0.8,0.1166890327790838,0.1166890327790838,1,False,False,False,False,1e-07,0.9,-0.2429965885523981
0.6311816394261075,0.0164881631197774,44.40522876567921,2.7441816772339576,0.7689288519800601,0.4163090944122037,,3,1,0.1,9.345389445509078,0.1457357217013807,0.5264630704095746,1.359690486449756,1.261855246690516,1.4020613852116843,1,10,0.3570250901934125,1.6531576133921395,0.8,0.1457357217013807,0.1457357217013807,1,False,False,False,False,1e-07,0.9,-0.1067971823550706
0.5731291974804125,0.0114459510623331,3.602356344549057,4.712285939665514,0.3316276088429563,0.8709454222808993,,3,1,0.1,-0.1936761709041294,0.0763611198376174,1.4540339868726342,1.0914796300719631,0.1333598144910277,0.1481775716566974,1,10,0.754413553578046,1.1289109737645595,0.8,0.0763611198376174,0.0763611198376174,1,False,False,False,False,1e-07,0.9,-0.1270838360580385
0.5302566920240067,8.292248143078581e-07,205374.8927493502,2.735105259567882,6.647424249323383e-05,0.3520759294322074,,3,1,0.1,0.2707448515824184,0.1389385708448167,1.0895238014593225,1.229110240310368,1.6562667730549756,1.8402964145055285,1,10,0.0834557681136523,1.2831956498576846,0.8,0.1389385708448167,0.1389385708448167,1,False,False,False,False,1e-07,0.9,-0.3630132283504172
0.6811642300110773,0.0090948907504128,39.04336791813152,2.020931628755376,0.0476393493374509,0.783436161393146,,3,1,0.1,-0.4051375591158956,0.1334678657496288,0.9727009038182166,1.807040054878567,0.2487853693140412,0.2764281881267124,1,10,0.1080617156549278,1.9384228806868045,0.8,0.1334678657496288,0.1334678657496288,1,False,False,False,False,1e-07,0.9,-0.1915075556027486
0.5370245505957717,0.016290991208809,14.633439382885497,1.8635338249691524,0.4432328315382512,0.4409077301295801,,3,1,0.1,1.0478468196224104,0.1820690858895484,1.9731023813004347,1.5769644114087589,1.1412434132998652,1.2680482369998505,1,10,1.754766105873671,1.4575722708733525,0.8,0.1820690858895484,0.1820690858895484,1,False,False,False,False,1e-07,0.9,-0.2083259665347628
0.602373362201506,2.904901958538908e-07,549762.6948540959,1.7254419550442024,4.189502113710767e-05,0.3592958794872382,,3,1,0.1,0.2101599937546253,0.1069546723342852,1.2250501065231028,0.9332315712698904,1.6048993082927,1.7832214536585551,1,10,1.2593652706192264,1.390588515246755,0.8,0.1069546723342852,0.1069546723342852,1,False,False,False,False,1e-07,0.9,-0.2916014459630163
0.7982683571017065,6.711367166084758e-14,961071352002.5536,5.617005345551758,6.537306061943888e-11,0.3404410305192686,,3,1,0.1,0.104533201611197,0.0604686309246085,0.8656031996344156,1.0468676315336007,1.7436296430757665,1.937366270084185,1,10,0.3028815255158333,1.8698345990171927,0.8,0.0604686309246085,0.0604686309246085,1,False,False,False,False,1e-07,0.9,-0.2538486682821398
0.7113989953066483,5.579693366155429e-05,9530.98868301818,2.944689872386272,0.0030665582426846,0.4895062877358065,,3,1,0.1,0.2994635648493169,0.1164608621939403,0.6580378711063848,1.8569330688177383,0.9385872103153512,1.042874678128168,1,10,0.2505237284746381,1.9199493121211293,0.8,0.1164608621939403,0.1164608621939403,1,False,False,False,False,1e-07,0.9,-0.4688360278537042
0.7299741760081734,0.0246935189076103,2.7190540454097185,2.9359868084980416,0.2949750376003563,0.8608792815248745,,3,1,0.1,-1.3998974776626314,0.087823105071164,1.5780832727482237,1.970856379703375,0.1454427459397456,0.1616030510441618,1,10,1.682131511004303,1.7154436241888424,0.8,0.087823105071164,0.087823105071164,1,False,False,False,False,1e-07,0.9,-0.3745494481897042
0.7427573458786274,6.83901171552077e-05,1902.6677904343203,3.297514362231333,0.0073599597382278,0.4372534597283719,,3,1,0.1,0.2980594089985297,0.0993400966287923,1.860673107719647,1.903255117298512,1.15830275318826,1.2870030590980668,1,10,1.309613956816586,1.98600617866618,0.8,0.0993400966287923,0.0993400966287923,1,False,False,False,False,1e-07,0.9,-0.1893026115712908
0.4823002245917153,7.813054408577464e-06,26745.957294709784,2.897144739438092,0.0007241317870675,0.3999676472415149,,3,1,0.1,0.2548865305434619,0.1262276122847158,0.8586371653996424,1.0356165969902484,1.3501819989869024,1.5002022210965582,1,10,1.4921060227187397,1.062645904169751,0.8,0.1262276122847158,0.1262276122847158,1,False,False,False,False,1e-07,0.9,-0.4817378061493697
0.6040385331364727,0.013789811671856,69.4066105330531,1.6801989993483422,0.454524474493786,0.3691888668213168,,3,1,0.1,1.3233207441018116,0.1865003873514624,0.5856911695901481,1.0003033630483125,1.537776652771032,1.7086407253011466,1,10,1.5925258615241211,1.8815178960482408,0.8,0.1865003873514624,0.1865003873514624,1,False,False,False,False,1e-07,0.9,-0.1405532307359695
0.4744860155617562,2.968405953867676e-05,9105.020719444532,1.4529091091459545,0.0019062571009359,0.419348421706308,,3,1,0.1,0.3124874456946313,0.1387288818019019,0.803408577902493,0.5220352443068254,1.24618668728487,1.3846518747609668,1,10,1.205628406115812,1.1311318344409038,0.8,0.1387288818019019,0.1387288818019019,1,False,False,False,False,1e-07,0.9,-0.4255682172355471
0.626308737576273,0.0090761511188781,14.297724897265583,2.7592032910160365,0.6676579033776895,0.4905110411296406,,3,1,0.1,6.212094360421813,0.1093973161908021,1.3183153749713308,0.9572939436158724,0.9348210835933712,1.0386900928815237,1,10,0.3312691484132452,1.455876882056257,0.8,0.1093973161908021,0.1093973161908021,1,False,False,False,False,1e-07,0.9,-0.1090931650785871
0.574350344241164,0.0301849316402066,4.338711755303607,2.59821312889469,0.228978929507666,0.783383201955178,,3,1,0.1,-0.3481866392690668,0.1311562378978538,1.4182733264149037,1.14878756613678,0.248863031213547,0.2765144791261633,1,10,0.5654753494204368,1.349057993459213,0.8,0.1311562378978538,0.1311562378978538,1,False,False,False,False,1e-07,0.9,-0.1731763091255821
0.760338128014809,0.0138264684112506,2.597267437735148,3.7131020072672976,0.7158360389857358,0.8563257565070007,,3,1,0.1,-0.4193281607459941,0.065196879073077,1.210638375331944,1.7067997682476046,0.1510019033774587,0.1677798926416208,1,10,1.3638124792509434,1.7183296589728951,0.8,0.065196879073077,0.065196879073077,1,False,False,False,False,1e-07,0.9,-0.1866257464806709
0.7184072160005845,6.15646568092335e-07,833018.601961693,3.811253788107933,7.518445870117653e-05,0.4061875807884942,,3,1,0.1,0.2073250827108619,0.1008324910125649,0.5138166371186829,1.4751631900072095,1.3157250555344742,1.461916728371638,1,10,0.3690668974064784,1.8098797518984573,0.8,0.1008324910125649,0.1008324910125649,1,False,False,False,False,1e-07,0.9,-0.3811266314590307
0.548699892979448,0.0102444226404664,23.02358021390368,2.6078735500331627,0.2429070142343873,0.547562701406031,,3,1,0.1,0.7416105684329353,0.1569499742514954,1.2728920198039202,1.8478058306826992,0.7436473808186367,0.826274867576263,1,10,1.3271972132329288,1.3214194178868188,0.8,0.1569499742514954,0.1569499742514954,1,False,False,False,False,1e-07,0.9,-0.3568885255508747
0.6017490780462755,0.0172574552321667,32.72983858016788,2.9829066719318584,0.8692707903456937,0.4343419271575245,,3,1,0.1,9.279421984355672,0.1394642582537756,0.5385370563713265,1.3894652377890095,1.172100213511263,1.30233357056807,1,10,0.4304746374723519,1.4642201612268475,0.8,0.1394642582537756,0.1394642582537756,1,False,False,False,False,1e-07,0.9,-0.1100109366484821
0.70776018993229,3.593189017277737e-06,29989.139060355494,4.14536928828897,0.0004325908993496,0.4657690770265265,,3,1,0.1,0.2107868506294443,0.0938863365837783,1.7279413294817387,1.9580171710494043,1.0322880036296251,1.1469866706995837,1,10,0.6077197927041462,1.6733888273407076,0.8,0.0938863365837783,0.0938863365837783,1,False,False,False,False,1e-07,0.9,-0.4923254907989763
0.8098627253133002,0.0055178021742273,3.9122921076885775,3.747732234166204,0.8914343531283029,0.8341091564338069,,3,1,0.1,-1.920041266905664,0.0531936027727663,1.2946639136093236,1.2943891741297664,0.1789954684683071,0.1988838538536746,1,10,1.8169514947740544,1.9432839801180428,0.8,0.0531936027727663,0.0531936027727663,1,False,False,False,False,1e-07,0.9,-0.2291857431344852
0.5268136125690679,2.053730117251421e-07,629913.3293311192,-0.7739293371101372,3.633573136232238e-05,0.3631285802546682,,3,1,0.1,0.2093923612102989,0.1025926760196525,1.5959913406634738,0.7863515053571668,1.5784609335040904,1.7538454816712117,1,10,0.7826077698410755,1.1787557231188863,0.8,0.1025926760196525,0.1025926760196525,1,False,False,False,False,1e-07,0.9,-0.2535737062637372
0.5838106736031018,0.0001820657735072,1895.8873341323235,3.1211057072648165,0.0162741752735303,0.3719978114735933,,3,1,0.1,0.381561819757924,0.1259927846981569,0.6853208954786181,1.8884226730626448,1.519369072185758,1.6881878579841756,1,10,1.92588799597132,1.3605795387086,0.8,0.1259927846981569,0.1259927846981569,1,False,False,False,False,1e-07,0.9,-0.1573846132472684
0.6737999617116874,0.000422370764235,517.6129164247905,3.306869388814544,0.0748357347837529,0.4460736923143744,,3,1,0.1,7.803995281463021,0.0868257380285293,0.6052208101580054,1.0310595951125432,1.1176038522480658,1.2417820580534065,1,10,0.0175348283227111,1.4994103749669496,0.8,0.0868257380285293,0.0868257380285293,1,False,False,False,False,1e-07,0.9,-0.0713534299150828
0.6632210217758473,1.4482410775954212e-13,231313745773.30228,-3.956439031464809,1.9442025499063126e-10,0.3649673541945504,,3,1,0.1,0.0999733534397744,0.0569825504363551,1.927613418244713,0.8025825531639834,1.5659739827585888,1.7399710919539877,1,10,1.937176081950692,1.3300824225678975,0.8,0.0569825504363551,0.0569825504363551,1,False,False,False,False,1e-07,0.9,-0.319678531830609
0.6129104049644967,0.0238495550982576,8.037468329238338,1.8103280212065844,-0.1150528312895085,0.9802978618762676,,3,1,0.1,-0.4016448674868692,0.1668112360501674,1.9982022033405584,1.8640005923378336,0.0180883025465552,0.0200981139406169,1,10,0.4132591147899964,1.6702729828436245,0.8,0.1668112360501674,0.1668112360501674,1,False,False,False,False,1e-07,0.9,-0.3758995227357973
0.7901195396292553,0.0028366343644438,32.61489003308862,2.9152846263501973,0.2787858086372983,0.7870015602756714,,3,1,0.1,1.0429991592499197,0.0635085618009181,0.7384762430439189,0.7852115720386758,0.2435809602267465,0.2706455113630517,1,10,0.9083985509051562,1.9310344060419824,0.8,0.0635085618009181,0.0635085618009181,1,False,False,False,False,1e-07,0.9,-0.3285908748857911
0.4769195875503436,0.0230573318049728,16.14561256927397,2.3754612202792806,0.4389182678248389,0.5402912113029547,,3,1,0.1,-1.80395951814736,0.1844958427686439,0.8552864227178847,1.895643963040733,0.765768350792861,0.8508537231031789,1,10,0.304845703050794,1.144720595779575,0.8,0.1844958427686439,0.1844958427686439,1,False,False,False,False,1e-07,0.9,-0.1773750225102445
0.5841497991627475,1.5807022012422847e-09,56370751.27340682,4.073093772033986,4.020679479147398e-07,0.3359158258825314,,3,1,0.1,0.1580253034924993,0.0936202313760993,1.3713257051526468,1.3312246893125228,1.7792426276299569,1.976936252922174,1,10,0.9739956559751158,1.237755550929157,0.8,0.0936202313760993,0.0936202313760993,1,False,False,False,False,1e-07,0.9,-0.4389434532068009
0.5314820007336764,4.762020973926777e-05,4616.660609081937,0.8186158715935449,0.0029905388525174,0.4585744210963358,,3,1,0.1,0.3077804203281459,0.1252527731947967,1.1690590103645064,0.540680890628019,1.0626040149564535,1.1806711277293926,1,10,1.3138171389304951,1.3069347824196191,0.8,0.1252527731947967,0.1252527731947967,1,False,False,False,False,1e-07,0.9,-0.4271395844179693
0.7354602089249318,3.4730599175165354e-09,45951414.79051449,4.263372305662573,1.0180538203707978e-06,0.3843797082890214,,3,1,0.1,0.1431353878810961,0.0793404272241728,0.7706222108058025,1.9616913201662824,1.441434733914922,1.601594148794358,1,10,1.4820654100998931,1.731073643534366,0.8,0.0793404272241728,0.0793404272241728,1,False,False,False,False,1e-07,0.9,-0.4973643030539229
0.7476288838556108,5.828753991441391e-12,22572967931.51388,4.793223680054631,2.605882102886397e-09,0.3444626951616656,,3,1,0.1,0.1233972887529926,0.0738367195349249,0.6867913772156466,1.2432916829737208,1.7127647859737194,1.903071984415244,1,10,0.2283472855674788,1.7797848764024278,0.8,0.0738367195349249,0.0738367195349249,1,False,False,False,False,1e-07,0.9,-0.4448720244916008
0.6685081420376757,0.0690142032418074,10.287733539062586,1.851929600475401,-0.1168905658873402,0.8876842569128387,,3,1,0.1,-0.3299092237858995,0.152346766464852,0.5505606881234477,1.9305268376771487,0.1138740131879691,0.1265266813199657,1,10,1.865524184558029,1.796758099345436,0.8,0.152346766464852,0.152346766464852,1,False,False,False,False,1e-07,0.9,-0.2355615944219966
0.5804712076358072,0.0029307000367517,71.14599479314647,1.8603196814685985,0.0692487123194105,0.5646616582140344,,3,1,0.1,0.5532343348001175,0.1457794363299665,1.8166258967119973,1.0652605572600593,0.6938748220422928,0.7709720244914364,1,10,0.5983897094126364,1.546821193741894,0.8,0.1457794363299665,0.1457794363299665,1,False,False,False,False,1e-07,0.9,-0.4790429943407636
0.5775276861318285,1.0200630279916089e-08,6643186.1919161,4.108626449918135,3.944103952275182e-06,0.3397076470495447,,3,1,0.1,0.1793989505290068,0.0827620617594824,1.994727917553342,1.527435932395695,1.749336886633993,1.943707651815548,1,10,0.8739951600883173,1.1655369383546978,0.8,0.0827620617594824,0.0827620617594824,1,False,False,False,False,1e-07,0.9,-0.1413074416812604
0.5408789286549263,0.0103953408985961,6.88551380207867,4.351334455932265,0.6789302935238781,0.6474291909059932,,3,1,0.1,-5.110728177693076,0.0955455285224313,1.8725905991892569,1.99395630218858,0.4901134095306496,0.5445704550340551,1,10,0.4525393513071184,1.0904366255114275,0.8,0.0955455285224313,0.0955455285224313,1,False,False,False,False,1e-07,0.9,-0.1666163367143257
0.4562396048094374,0.0230174087847903,9.064418067499604,2.032325494039855,0.3270820791106477,0.631700272713255,,3,1,0.1,3.810676471778469,0.1677499298681884,1.4242553055587963,0.8809691295021302,0.5247263122657112,0.5830292358507903,1,10,1.5078603933799732,1.158556680642727,0.8,0.1677499298681884,0.1677499298681884,1,False,False,False,False,1e-07,0.9,-0.3267796485296582
0.6297692642792356,4.400083733402114e-05,9068.2130304586,2.9768412067586345,0.0031173394963326,0.3648450078359822,,3,1,0.1,0.32829797894961,0.1358108858019311,0.7470954496670641,1.4508650946492787,1.5668009172941717,1.740889908104635,1,10,1.023215537491285,1.6046883090052462,0.8,0.1358108858019311,0.1358108858019311,1,False,False,False,False,1e-07,0.9,-0.2237287244836705
0.7204083101122111,4.584920003734196e-05,2299.3012670560965,0.7066894279393555,0.0055931894736884,0.5996970214643372,,3,1,0.1,0.2693466530884644,0.0779641062868699,1.3831620176446875,0.5005058291806791,0.6007578290156995,0.6675086989063328,1,10,1.3497184968148288,1.7687783736966507,0.8,0.0779641062868699,0.0779641062868699,1,False,False,False,False,1e-07,0.9,-0.4217977056491193
0.5209470070309943,0.0118945593190603,23.55826933088696,2.275494509157845,0.2050167909464358,0.5257632386461722,,3,1,0.1,1.455319318549538,0.1917896841472016,1.3516587504150788,1.949840208174896,0.8117971243434184,0.9019968048260204,1,10,0.380232739818762,1.2997397010490277,0.8,0.1917896841472016,0.1917896841472016,1,False,False,False,False,1e-07,0.9,-0.2944533023401163
0.650864343111109,0.0450536965608323,17.486797352629974,2.07849799932127,0.4059022045121603,0.6811963266481976,,3,1,0.1,-5.256516962011278,0.155941551571451,0.5407160962322948,1.187113759306137,0.4212050106441679,0.4680055673824087,1,10,1.5575888431699398,1.8246088185362328,0.8,0.155941551571451,0.155941551571451,1,False,False,False,False,1e-07,0.9,-0.3048377535119871
0.7005329848733355,2.086269209953017e-06,75672.61986131218,4.057068179253832,0.0002467869581941,0.4396631471909913,,3,1,0.1,0.2077567522519006,0.0980304382750926,1.145047573668824,1.7371876291987174,1.1470216931987631,1.2744685479986255,1,10,0.6734799145319498,1.6715427853203262,0.8,0.0980304382750926,0.0980304382750926,1,False,False,False,False,1e-07,0.9,-0.4870931893503956
0.5735580355440661,0.0374158279709359,8.453672399505168,1.867728156459176,0.0810125983489078,0.7807467175384482,,3,1,0.1,-1.7378260317780512,0.1771953285848025,0.994411271854762,0.92437950704846,0.2527425985696561,0.2808251095218401,1,10,0.9742833566105612,1.5827530102255296,0.8,0.1771953285848025,0.1771953285848025,1,False,False,False,False,1e-07,0.9,-0.4306890355783616
0.731931899958326,0.013763180065265,24.920174577138862,2.456462772494452,0.3678844589769425,0.7048549927307164,,3,1,0.1,-0.1015906387862494,0.1019335760360726,0.7148920097886964,1.879343685157091,0.3768583741079305,0.4187315267865895,1,10,0.2305553623567221,1.9452107331219528,0.8,0.1019335760360726,0.1019335760360726,1,False,False,False,False,1e-07,0.9,-0.0553309553169195
0.7910088223354366,3.4675402271271153e-05,1159.0168534845611,2.6314264163142527,0.0094462169796777,0.6528600683823353,,3,1,0.1,0.2364257800709819,0.0596520464238468,1.6648400455362324,1.0213259470163845,0.4785496212534962,0.5317218013927736,1,10,0.8740800381928565,1.911783658685863,0.8,0.0596520464238468,0.0596520464238468,1,False,False,False,False,1e-07,0.9,-0.4106667245970599
0.5569188014711894,1.6210475258392413e-05,31704.612417269407,3.031375601796209,0.0011200421989684,0.3881333485556946,,3,1,0.1,0.2718270990280141,0.1371926099841099,0.5189783699546281,1.4913555720819562,1.4187907026001298,1.5764341140001443,1,10,1.2239443222595456,1.3047816996416008,0.8,0.1371926099841099,0.1371926099841099,1,False,False,False,False,1e-07,0.9,-0.4969057002259154
0.6874437558587292,0.0074585356913964,39.97697187522633,3.203029040272323,0.6978982664498768,0.3783956900725119,,3,1,0.1,12.342919254601926,0.1164529949459321,0.9227146938909022,1.940481923520783,1.478462608354585,1.6427362315050948,1,10,0.1848450851020467,1.7785503305139294,0.8,0.1164529949459321,0.1164529949459321,1,False,False,False,False,1e-07,0.9,-0.0719822055619011
0.6812481868982275,0.0314445385258137,9.274862807845798,2.535832188580033,0.6832952383256757,0.6190541097933802,,3,1,0.1,3.699311357347228,0.1305635939881212,0.9102376686253396,1.5792343130428963,0.5538309103551389,0.6153676781723765,1,10,1.2696013940912958,1.816863734623822,0.8,0.1305635939881212,0.1305635939881212,1,False,False,False,False,1e-07,0.9,-0.2338362323250059
0.6678248804024295,2.996431453775354e-07,490059.2251994313,4.325058015268469,5.0323026118693904e-05,0.3983241298099607,,3,1,0.1,0.197715496788824,0.0942745902618738,0.9942939247310372,1.302199749652988,1.3594664310931597,1.5105182567701771,1,10,0.513797159666901,1.5003811318159217,0.8,0.0942745902618738,0.0942745902618738,1,False,False,False,False,1e-07,0.9,-0.3007601669464909
0.5400516234061463,7.184153218099971e-05,2827.953016641018,-3.1754135779213657,0.0063208687733006,0.4143220191118967,,3,1,0.1,0.3596515360974238,0.1158741271133317,1.8876079266996173,0.5961138645161514,1.272223436082781,1.4135815956475348,1,10,0.6912705931822275,1.462003166898168,0.8,0.1158741271133317,0.1158741271133317,1,False,False,False,False,1e-07,0.9,-0.1822025743632929
0.4227796411719904,0.0126790472580006,20.65225395087836,1.5193781645046591,0.1774859881206211,0.5851708553625409,,3,1,0.1,1.1988294218395354,0.1888617233965785,1.551400468206325,0.7792979016267699,0.6380123458855579,0.7089026065395088,1,10,1.5404775956293466,1.1749423679556117,0.8,0.1888617233965785,0.1888617233965785,1,False,False,False,False,1e-07,0.9,-0.4295389477570127
0.580797844946995,0.0019320275430353,151.52981914634572,2.0931933417147373,0.0490509150345131,0.4500756775414801,,3,1,0.1,0.5638150017373014,0.1801395950001647,1.3716309442466763,1.2587625168372196,1.099663711925543,1.2218485688061589,1,10,0.5305633984749998,1.605268276132854,0.8,0.1801395950001647,0.1801395950001647,1,False,False,False,False,1e-07,0.9,-0.3518590722905509
0.6655660875933402,0.0522432317767818,3.058400814470057,2.157537796727304,0.6697978159992338,0.6703892600824394,,3,1,0.1,-0.2923279909287037,0.1406983179111275,1.508273194268989,1.226977765574671,0.4425036073658533,0.4916706748509481,1,10,0.8046782423668948,1.851300600900553,0.8,0.1406983179111275,0.1406983179111275,1,False,False,False,False,1e-07,0.9,-0.1163165019835812
0.4337701870724819,0.0224318135803413,8.608676867985455,2.15665842026018,0.3902069223759545,0.6127644171259932,,3,1,0.1,4.087151890346599,0.1659851917394415,1.3394505547088886,0.9089684755483592,0.5687536920325891,0.6319485467028767,1,10,1.248513586394295,1.0720408603878124,0.8,0.1659851917394415,0.1659851917394415,1,False,False,False,False,1e-07,0.9,-0.2934297169969142
0.5120565174786622,7.832059813276101e-06,27463.04563886549,3.1897544906716275,0.000555282904308,0.3471075708099265,,3,1,0.1,0.2769633641039786,0.1506825070536112,1.1423367296212876,1.724027107987469,1.692856150904393,1.8809512787826583,1,10,1.172122553613442,1.2067388043434926,0.8,0.1506825070536112,0.1506825070536112,1,False,False,False,False,1e-07,0.9,-0.4805484497414005
0.6609168060766303,0.0061558464732133,30.72204730711548,2.4464261731570334,0.144441908916113,0.6070824086222381,,3,1,0.1,0.6717185814361778,0.131001547068046,1.6142801395508786,1.5058687405092697,0.5825005422946331,0.6472228247718146,1,10,0.7226148591205935,1.7379878711021788,0.8,0.131001547068046,0.131001547068046,1,False,False,False,False,1e-07,0.9,-0.4018771660024861
0.6416290209912594,5.891708459849884e-05,3797.3135240672,2.1685136423833726,0.0040630805514434,0.4706453653825572,,3,1,0.1,0.2911523655998601,0.1137806065349679,0.9852626829391088,0.8360295249378461,1.0122678479335456,1.1247420532594952,1,10,0.7964040528693173,1.5874396253787104,0.8,0.1137806065349679,0.1137806065349679,1,False,False,False,False,1e-07,0.9,-0.3864757634400397
0.6393271156639784,0.0603334865618038,4.175928208631833,2.603352666606824,1.628684550393742,0.4209572283452011,,3,1,0.1,50.71779759771087,0.1819648798925427,1.448623622488494,1.9204505920444528,1.2379844302423173,1.375538255824797,1,10,1.376917319898976,1.8610374618560992,0.8,0.1819648798925427,0.1819648798925427,1,False,False,False,False,1e-07,0.9,-0.1331110758076275
0.5573853726838205,4.197452271382725e-07,484526.2631034234,2.073266869446739,5.917703642817972e-05,0.3770661217510262,,3,1,0.1,0.2151285515943069,0.1075541421006299,0.7940013453014807,0.6916242652375971,1.4868492767808588,1.652054751978732,1,10,1.881913165461167,1.2322314141982875,0.8,0.1075541421006299,0.1075541421006299,1,False,False,False,False,1e-07,0.9,-0.3297666197440909
0.7825482008363377,0.0207338759842325,2.11268575175283,6.080730322500951,6.3280854615285484,0.4336155996137166,,3,1,0.1,-0.3787017216949534,0.0731349511813112,1.421562555698597,1.2502456977564018,1.175571083701229,1.3061900930013657,1,10,1.8319865533836537,1.9184523001268217,0.8,0.0731349511813112,0.0731349511813112,1,False,False,False,False,1e-07,0.9,-0.0417541326400769
0.6558458464088538,0.0291407765713724,7.22380109379866,3.4903803766742563,1.3142275126837564,0.6490365949598343,,3,1,0.1,-1.8701238086849428,0.1000086672812591,0.6350605776672638,1.3279682607462018,0.4866706546118506,0.5407451717909452,1,10,1.9686190696099075,1.471574659788163,0.8,0.1000086672812591,0.1000086672812591,1,False,False,False,False,1e-07,0.9,-0.1604915810405984
0.6877990209442328,1.4086010214947114e-05,13350.993690977288,3.02326322453454,0.0023378991989084,0.3903578554740596,,3,1,0.1,0.3052247846149524,0.0945152414509224,0.8330595253588946,0.8671278944559091,1.4055767608596452,1.561751956510717,1,10,0.5614172160814532,1.6287645792658465,0.8,0.0945152414509224,0.0945152414509224,1,False,False,False,False,1e-07,0.9,-0.1229889829598366
0.5603089396184889,0.0616459638435894,3.1052188141303616,1.7284898873912335,-0.115603286393038,0.8898417776098242,,3,1,0.1,-0.4195421827982251,0.1965988786707083,1.765253207875893,1.8643754001386,0.1114157624937114,0.1237952916596794,1,10,1.146153125693674,1.4851638762078343,0.8,0.1965988786707083,0.1965988786707083,1,False,False,False,False,1e-07,0.9,-0.3022693617657587
0.4842462164248732,8.535321194061471e-05,3546.980723396397,-0.0338485443604482,0.0038898568419232,0.3517926738147212,,3,1,0.1,0.4055329449297608,0.1752491695658404,1.2797634055110063,0.5775017058826405,1.6583250220668413,1.8425833578520456,1,10,1.244414520305717,1.427967149638066,0.8,0.1752491695658404,0.1752491695658404,1,False,False,False,False,1e-07,0.9,-0.2853411331734339
0.6936581460677855,0.0178419147612028,7.860556126746988,2.5743530666673693,-0.061645798814289,0.9443821423512264,,3,1,0.1,-0.7044272679704826,0.1008470805746993,1.1006846544188862,1.6097337501874287,0.0530040432141923,0.0588933813491026,1,10,0.6984478515380127,1.6480746193934577,0.8,0.1008470805746993,0.1008470805746993,1,False,False,False,False,1e-07,0.9,-0.4791143106954094
0.5983663455089673,0.0356426311013249,5.610626030968114,1.839217528401726,-0.0476234669828913,0.8729269607132837,,3,1,0.1,-0.1336137305486373,0.1723966393814587,1.6754703510552114,1.3518846805282334,0.1310140945407327,0.1455712161563696,1,10,0.4848017837864437,1.664668681581589,0.8,0.1723966393814587,0.1723966393814587,1,False,False,False,False,1e-07,0.9,-0.1061779563152177
0.6877768415505747,0.020685629137816,48.70486230390333,2.325973502528345,0.5055120626679703,0.5697716420395343,,3,1,0.1,-2.90053730898026,0.1364166572399554,0.5039487482105603,1.9520979933979603,0.6795801924756942,0.7550891027507713,1,10,0.3268965424083132,1.964971378266233,0.8,0.1364166572399554,0.1364166572399554,1,False,False,False,False,1e-07,0.9,-0.162859581493979
0.7056000840916923,0.0208137640318499,5.247001593777447,0.8110370701321026,2.3773058778759664,0.444834724683292,,3,1,0.1,-0.4093364260158936,0.0970072007471468,1.492644647849119,0.6160712510016803,1.123223345796062,1.248025939773402,1,10,0.6753295565967407,1.865673382377771,0.8,0.0970072007471468,0.0970072007471468,1,False,False,False,False,1e-07,0.9,-0.054474626710798
0.5390317890781732,0.0245715626278673,25.31493783360628,1.65599965033426,0.490689899276336,0.4679673525684693,,3,1,0.1,3.8281270018905578,0.1964663721353184,0.6371691902572227,0.7459737151730828,1.0232110852611649,1.1369012058457386,1,10,0.8624287751416481,1.5295643555308267,0.8,0.1964663721353184,0.1964663721353184,1,False,False,False,False,1e-07,0.9,-0.1912581101851057
0.6890271243843964,9.08042357475969e-05,973.1627338746708,3.032005413402472,0.0149439139851666,0.5938090698664211,,3,1,0.1,0.2803045757940849,0.0739631805854324,1.0177413306380905,0.8907542649208021,0.6156386887159828,0.6840429874622032,1,10,1.4342120270033063,1.502596962252412,0.8,0.0739631805854324,0.0739631805854324,1,False,False,False,False,1e-07,0.9,-0.308592278670957
0.7851708568810255,0.0035001683477604,15.392970387390594,2.8527480066651787,0.0072707650725252,0.9567336338667596,,3,1,0.1,-0.3122876214237844,0.0666546268370984,1.399005467548585,1.8915108127492173,0.0407007009490579,0.0452230010545088,1,10,0.2196957043066471,1.90759650835422,0.8,0.0666546268370984,0.0666546268370984,1,False,False,False,False,1e-07,0.9,-0.2484190734242145
0.6438996402854423,1.0595359187465726e-05,17538.6318654373,2.1449062853431604,0.0011432772042893,0.3541077791174218,,3,1,0.1,0.2868795659801976,0.1168708564961586,1.4454740205629155,1.2987456976937786,1.6415990641130789,1.823998960125643,1,10,1.6486936702025548,1.616852110464351,0.8,0.1168708564961586,0.1168708564961586,1,False,False,False,False,1e-07,0.9,-0.1735173301927537
0.5818602075441967,1.2956721288779353e-05,9368.495777586037,4.063743667394371,0.0021310842161109,0.5163274125448308,,3,1,0.1,0.2214000674594627,0.0848027645075579,0.798360367400011,1.2255481544024829,0.8430800266136486,0.9367555851262762,1,10,1.8946161234754624,1.1836855923696017,0.8,0.0848027645075579,0.0848027645075579,1,False,False,False,False,1e-07,0.9,-0.4350622338965516
0.6031204532644173,0.0117130605804014,3.462503380558326,5.163536759725157,0.846191882544995,0.8087269125589437,,3,1,0.1,-2.773454479826885,0.0703476081551298,1.0819818879353846,1.7588375018175209,0.2128602078447636,0.2365113420497373,1,10,1.9702753860966709,1.1756904123524885,0.8,0.0703476081551298,0.0703476081551298,1,False,False,False,False,1e-07,0.9,-0.2626135848882442
0.7455104081028299,0.0088760676821044,13.133489398723182,2.4600933039442885,0.1730300093348795,0.7759614225172562,,3,1,0.1,1.563270071918485,0.0960958362347974,1.551361110856797,1.3386377058459376,0.2598514744204122,0.2887238604671246,1,10,0.5194285138957802,1.9664437813597284,0.8,0.0960958362347974,0.0960958362347974,1,False,False,False,False,1e-07,0.9,-0.4586811283305888
0.6748609045956737,0.0032369760504265,49.480698486638936,2.482866019433633,0.1282829274396153,0.5809672672611237,,3,1,0.1,2.3809926412990867,0.1140117770395252,1.3944984225653323,1.098600629547048,0.6491406327294558,0.7212673696993953,1,10,0.1023007486913812,1.7170360101854252,0.8,0.1140117770395252,0.1140117770395252,1,False,False,False,False,1e-07,0.9,-0.1784652056974046
0.6755831452974214,5.616541456864504e-05,1153.589929091715,4.386286626142992,0.0068796519289966,0.6504962341317201,,3,1,0.1,0.2648541420162514,0.0752565378286311,1.539601281005749,1.768174988436915,0.4835591242143263,0.537287915793696,1,10,0.2825351521863364,1.4194631193464118,0.8,0.0752565378286311,0.0752565378286311,1,False,False,False,False,1e-07,0.9,-0.7489866562974196
0.6070932014789328,2.7361102655865862e-11,1862395897.2885,4.660610117161284,1.6205435087475443e-08,0.3571328917759512,,3,1,0.1,0.1251885900171153,0.0713428009168732,1.486153060403277,1.199462423854356,1.6200703175909617,1.800078130656624,1,10,0.696572360835205,1.201925263668365,0.8,0.0713428009168732,0.0713428009168732,1,False,False,False,False,1e-07,0.9,-0.3490996417201724
0.633587636872213,1.011507934162282e-05,28318.255466059545,0.7734689153521015,0.000567484964904,0.3944697987084813,,3,1,0.1,0.2717633422786307,0.1375786973584948,1.222659872725388,0.6691072192245168,1.3815434868440015,1.5350483187155572,1,10,0.5867388065688943,1.888945050655117,0.8,0.1375786973584948,0.1375786973584948,1,False,False,False,False,1e-07,0.9,-0.5466108453139272
0.6322201969703504,0.0295399131133181,8.58529606731974,1.677199764869402,0.0688408726266725,0.7522393031228133,,3,1,0.1,2.0490290915264127,0.1878516458840178,1.7757342895871122,1.526124559099509,0.2964277807125729,0.3293642007917476,1,10,0.8395018096176216,1.9452069444414373,0.8,0.1878516458840178,0.1878516458840178,1,False,False,False,False,1e-07,0.9,-0.9053516399891388
0.6792295531883636,0.0014579366587489,108.5564099208282,2.8097830165850364,0.025377361595053,0.7880862066452111,,3,1,0.1,1.052557693827234,0.0992040066541943,1.254988852245887,1.92634860358395,0.2420070449287426,0.2688967165874918,1,10,0.0800098638293632,1.6002988788897237,0.8,0.0992040066541943,0.0992040066541943,1,False,False,False,False,1e-07,0.9,-0.6644489978625935
0.5418680187794073,0.0003303592083314,534.3858747625004,1.4231709409368078,0.0181394781072826,0.527539446961906,,3,1,0.1,0.3560710676968029,0.1173687265216575,1.5106690493098511,0.775168463430776,0.806033558595647,0.8955928428840522,1,10,1.264162604213717,1.2964700225330978,0.8,0.1173687265216575,0.1173687265216575,1,False,False,False,False,1e-07,0.9,-0.4334717227391543
0.5353415382325606,0.0001133688319171,1720.0798162809608,3.138725338964451,0.0071153136475651,0.467715870885758,,3,1,0.1,0.289410170720345,0.1261557816808042,1.1303145302662556,1.649372815180879,1.0242451582743697,1.1380501758604105,1,10,1.8741757930019995,1.1963604433437869,0.8,0.1261557816808042,0.1261557816808042,1,False,False,False,False,1e-07,0.9,-0.6122279293763511
0.5473639768234753,0.0231623626026292,4.830026764378483,3.2349979302977827,0.5495688695194754,0.7107089996179311,,3,1,0.1,-0.2883072170203133,0.1151632222392431,1.1636955648259557,1.1352865245979264,0.3663410769862623,0.4070456410958469,1,10,0.494325347034226,1.184615698446695,0.8,0.1151632222392431,0.1151632222392431,1,False,False,False,False,1e-07,0.9,-0.1188371100591862
0.7152489655155092,8.789954451722021e-07,133134.1366040469,3.0544893657747285,0.0001192092684484,0.399975633967592,,3,1,0.1,0.2311334360034848,0.0982358793555993,1.943358502817838,1.3421138053770347,1.3501370672817596,1.500152296979733,1,10,0.1897099979574185,1.807734503614158,0.8,0.0982358793555993,0.0982358793555993,1,False,False,False,False,1e-07,0.9,-0.2245173556769176
0.6262370002072402,6.22753348397507e-05,2878.060990368957,3.2664594496038712,0.0035966806823476,0.4754358758530216,,3,1,0.1,0.2646991644730077,0.1221524069420624,1.4399141601396368,1.8757042675124809,0.99299976234488,1.1033330692720889,1,10,1.168097852829189,1.4831939612183171,0.8,0.1221524069420624,0.1221524069420624,1,False,False,False,False,1e-07,0.9,-0.9205530970670474
0.5335884753618096,3.1806569726837596e-11,2234858432.971772,7.344228254297668,2.6180744245680493e-08,0.3732240303763308,,3,1,0.1,0.120203542968791,0.0667199711806573,0.6161601666885529,1.4937625292570824,1.5114202911653585,1.6793558790726204,1,10,1.2568930603191562,1.004249329890283,0.8,0.0667199711806573,0.0667199711806573,1,False,False,False,False,1e-07,0.9,-0.3472155177186806
0.6628713730520633,1.0619076891110308e-06,145421.55209780383,3.217215263293544,0.000113590847532,0.3879339427366435,,3,1,0.1,0.2087392141741606,0.110617777533973,1.567552233675056,1.616692445670865,1.4199826074796,1.5777584527551112,1,10,1.295590802080051,1.6159368304659818,0.8,0.110617777533973,0.110617777533973,1,False,False,False,False,1e-07,0.9,-0.5224734207713071
0.608286772576623,0.0150565576610136,14.932647673328814,3.080513107828538,0.6329852875860157,0.5062915049839402,,3,1,0.1,1.230099549465124,0.1315125934317441,1.0569220126268104,1.836375376055704,0.8776320383423153,0.9751467092692392,1,10,1.1534882957174386,1.4465013072529442,0.8,0.1315125934317441,0.1315125934317441,1,False,False,False,False,1e-07,0.9,-0.1721415171945414
0.4531212707861773,0.0002249318828131,3483.356759632296,2.3875620440459846,0.0065589076052615,0.4231820908259456,,3,1,0.1,0.4079029432516163,0.1988022217426838,0.5034076292875123,1.7518589813165284,1.2267440648148058,1.3630489609053398,1,10,0.2876737960611974,1.1263579746560426,0.8,0.1988022217426838,0.1988022217426838,1,False,False,False,False,1e-07,0.9,-0.9406083807716424
0.5992658049413327,0.0150468508820786,22.02209218209596,2.091002652390974,0.0945753366684521,0.7571339253593586,,3,1,0.1,2.38537106823872,0.1442771445639282,0.8415381142270101,0.6921458734016868,0.2886932679351711,0.3207702977057456,1,10,0.7109351022286176,1.5942303108138147,0.8,0.1442771445639282,0.1442771445639282,1,False,False,False,False,1e-07,0.9,-0.5989470820019103
0.6886711177289718,0.0005011682054791,264.96240483869207,3.015872272346824,0.0297122465225716,0.5468350766682946,,3,1,0.1,0.3273345580807169,0.1051570129863881,1.89625485378723,1.952066823138216,0.7458344360121074,0.8287049289023416,1,10,1.480049028411801,1.6942864616348294,0.8,0.1051570129863881,0.1051570129863881,1,False,False,False,False,1e-07,0.9,-0.4359217957880031
0.613027921791693,0.0002594195326632,1416.1198383440778,2.6196535762340694,0.0126536455808561,0.4317934980841981,,3,1,0.1,0.3413550009998535,0.1401957731133039,0.8294087947468071,1.793237043404026,1.1843296714590714,1.315921857176746,1,10,1.6859982974279932,1.55970824780558,0.8,0.1401957731133039,0.1401957731133039,1,False,False,False,False,1e-07,0.9,-0.3843464062305025
0.684992623057213,0.0412146016244518,4.098309929081547,2.4736710587633177,1.1479718070303309,0.524474743083772,,3,1,0.1,-1.8108419185036315,0.1418619858529335,1.7568203454839448,1.7626035967987654,0.8160025565926003,0.9066695073251114,1,10,0.6570927658728702,1.963188030299108,0.8,0.1418619858529335,0.1418619858529335,1,False,False,False,False,1e-07,0.9,-0.1343340838267444
0.6595163495448791,1.2617691040210755e-06,147835.0413270483,2.522760271062989,0.0001011441595113,0.3626315389024684,,3,1,0.1,0.2360480089187251,0.1272500589581476,1.5384245178168148,1.1727542888287317,1.5818580389447578,1.757620043271953,1,10,0.4989682616422862,1.7897775351969876,0.8,0.1272500589581476,0.1272500589581476,1,False,False,False,False,1e-07,0.9,-0.4695105263618321
0.5790014502894049,0.0047961534774175,58.0827317920659,1.7628768656292235,0.0619349856122081,0.5358260009535544,,3,1,0.1,0.5706384417637246,0.1995730100705728,1.8696403230566248,1.461979847372662,0.7796497340524027,0.8662774822804474,1,10,0.7232664417200897,1.7209584771501585,0.8,0.1995730100705728,0.1995730100705728,1,False,False,False,False,1e-07,0.9,-0.934451343431171
0.7152485927697072,3.5635960014728595e-05,7479.153402167644,2.097882499429588,0.0028143920232816,0.4430892770512998,,3,1,0.1,0.3154025327835659,0.1096437126683304,0.9428713273267316,0.7044312539576277,1.1311933657916085,1.2568815175462316,1,10,0.2707177762972477,1.9888010394237023,0.8,0.1096437126683304,0.1096437126683304,1,False,False,False,False,1e-07,0.9,-0.2321388980433077
0.3732384333953321,1.3170997443289822e-05,8199.602214777145,0.4163242259798925,0.0005742819513492,0.3362360514689517,,3,1,0.1,0.3298514586580782,0.1967616166108631,1.66130042645345,0.5627755487820444,1.7766909618051672,1.974101068672408,1,10,0.7872401414127587,1.1859069884389548,0.8,0.1967616166108631,0.1967616166108631,1,False,False,False,False,1e-07,0.9,-0.983794794764439
0.6669904213890019,6.060186701838084e-07,76672.31556250856,2.255373257724909,0.0003445434009234,0.5021486179900074,,3,1,0.1,0.1901972007985574,0.0607222332328151,1.0216171694475804,0.6320875125156229,0.8922980722370718,0.9914423024856354,1,10,0.8566595066228723,1.3540150261165973,0.8,0.0607222332328151,0.0607222332328151,1,False,False,False,False,1e-07,0.9,-0.1707331723594862
0.519948347131383,6.459520046675153e-05,3994.5013198348943,0.2712519976001356,0.002607327823281,0.390369021121298,,3,1,0.1,0.3230983291005954,0.1664927406855612,1.9549596915860377,0.9432600803127223,1.405510814907482,1.5616786832305356,1,10,1.2926034776976152,1.5566731202194548,0.8,0.1664927406855612,0.1664927406855612,1,False,False,False,False,1e-07,0.9,-0.6889992569131183
0.5353608937866945,3.2922394953269046e-10,103326159.78967792,6.207932949713009,2.3421611102215485e-07,0.436984375683493,,3,1,0.1,0.1337016525069189,0.0647064285697976,1.323150313235636,1.0362390096464449,1.1595702045234415,1.2884113383593794,1,10,0.0716134701041916,1.0033954304588402,0.8,0.0647064285697976,0.0647064285697976,1,False,False,False,False,1e-07,0.9,-0.3576743788411014
0.627703334004524,0.0426258782381259,7.726847508993608,2.267035266635585,1.5436084146793192,0.4520172885055895,,3,1,0.1,-2.1526196607497474,0.1502424273624321,0.8601097704761156,0.8837635544613482,1.091074286064328,1.2123047622936975,1,10,1.196631386826077,1.718099033765824,0.8,0.1502424273624321,0.1502424273624321,1,False,False,False,False,1e-07,0.9,-0.1099297629279381
0.5589964198153711,0.0065013005973922,29.91720694702428,3.782504552813955,0.1650476416919221,0.7543355585818973,,3,1,0.1,0.8133108638604641,0.103413398368256,0.7548939647588755,1.9598814000636269,0.2931029762032465,0.3256699735591628,1,10,0.7408993812612128,1.1602461910153652,0.8,0.103413398368256,0.103413398368256,1,False,False,False,False,1e-07,0.9,-0.6582248450158334
0.5410697282276701,0.020828326666662,13.337943859030853,1.6459179592508313,0.1763045573907859,0.5973465560815151,,3,1,0.1,0.8475536083656506,0.2100777832966973,1.917176722708427,1.5399065796597986,0.6066630766298151,0.6740700851442389,1,10,1.99254338314608,1.586281001935393,0.8,0.2100777832966973,0.2100777832966973,1,False,False,False,False,1e-07,0.9,-0.8107077815997333
0.6900864111590178,0.0005406461225179,861.0779957066329,2.454668501495126,0.0076624075160421,0.7756144911299978,,3,1,0.1,0.8131283450973638,0.1065608093014975,0.5535273595484009,1.0899074681092242,0.2603702745274707,0.289300305030523,1,10,0.0308101507241936,1.7411107210104773,0.8,0.1065608093014975,0.1065608093014975,1,False,False,False,False,1e-07,0.9,-0.8855201926779912
0.4243632657868687,0.0091079571982838,26.40081825108612,2.221248097334898,0.2219797622834205,0.461099959119552,,3,1,0.1,1.0762359557860028,0.2052155951832862,1.2986766289011853,1.3724411892088877,1.051854434597015,1.1687271495522389,1,10,0.6053103477465422,1.0398887817921043,0.8,0.2052155951832862,0.2052155951832862,1,False,False,False,False,1e-07,0.9,-0.2717380378606073
0.5724863525075842,0.0062228110789726,22.66545223556225,2.97785704584004,0.1433052151041096,0.6687304934493467,,3,1,0.1,0.6063919246165431,0.1239608299895232,1.8400082769847568,1.752105374538904,0.4458336487061525,0.4953707207846138,1,10,1.0194673723140335,1.293070615892797,0.8,0.1239608299895232,0.1239608299895232,1,False,False,False,False,1e-07,0.9,-0.6535204782529629
0.3818377946397813,0.0018660305676988,25.86668732648689,8.060149404580127,0.2330572422214747,0.8258770069769013,,3,1,0.1,1.2518614438191116,0.067637703338018,0.6397970959368309,1.4537199166704666,0.1897506437361948,0.2108340485957719,1,10,0.5527399453087953,0.7282128091552412,0.8,0.067637703338018,0.067637703338018,1,False,False,False,False,1e-07,0.9,-0.4651419282086065
0.4930384707619349,9.425939180782924e-06,17106.93849027618,2.257681077674248,0.0004675114441853,0.3480854588164569,,3,1,0.1,0.3118035385894115,0.1733292354692366,1.3677621204180843,1.338106542098516,1.685571954255532,1.872857726950591,1,10,0.2713183440857722,1.3163510740577182,0.8,0.1733292354692366,0.1733292354692366,1,False,False,False,False,1e-07,0.9,-0.6283282390205466
0.7075750978069854,0.0002060452223859,339.1155496003443,3.902400709447284,0.0202061852279216,0.6914029209230649,,3,1,0.1,0.3589089690388096,0.0746316187365083,1.497065097132587,1.8589205774868696,0.401701182862296,0.4463346476247733,1,10,0.1994736612367545,1.5465370317798326,0.8,0.0746316187365083,0.0746316187365083,1,False,False,False,False,1e-07,0.9,-0.5126380076354662
0.2056551957119929,7.402639852163975e-05,1456.6778582047066,3.942471177410888,0.0059969706463997,0.4966214578700461,,3,1,0.1,0.3767262105843089,0.1586734083794652,1.277437475890482,1.669713684376474,0.9122454955128187,1.0136061061253543,1,10,0.1643602061147742,0.5171460665021047,0.8,0.1586734083794652,0.1586734083794652,1,False,False,False,False,1e-07,0.9,-0.9587816138718642
0.4822728669165936,0.0021425809336856,172.52678866260408,0.1539511997295057,0.0488272432630213,0.3615436262156543,,3,1,0.1,0.6785209018292181,0.2348040251446795,1.725732717797758,0.7723940259185887,1.5893261414133355,1.7659179349037064,1,10,0.8682064294329925,1.783797096700598,0.8,0.2348040251446795,0.2348040251446795,1,False,False,False,False,1e-07,0.9,-0.2903243745321971
0.3921597057796677,0.0050611106977075,81.02013728174929,-0.511221288730489,0.0952028325552059,0.3525027794922788,,3,1,0.1,1.065459633382774,0.2757635271607466,1.588596349395903,0.5329226423176546,1.65317135738986,1.836857063766511,1,10,0.7597639864079626,1.6365021402907571,0.8,0.2757635271607466,0.2757635271607466,1,False,False,False,False,1e-07,0.9,-0.2500988007010077
0.3368228535256453,0.0015750139308434,145.93792943816453,0.6395450245255502,0.0234112938504269,0.4118051219323276,,3,1,0.1,0.6375283270232674,0.295194966832123,1.8393483333013672,0.8014477521886565,1.2854997717777246,1.4283330797530271,1,10,0.3285736101450082,1.173183922390294,0.8,0.295194966832123,0.295194966832123,1,False,False,False,False,1e-07,0.9,-0.9712240752017944
0.2789080438003574,2.2873836921472665e-08,2241848.172179974,7.098760639461719,1.1959726629673676e-05,0.3845965501654574,,3,1,0.1,0.2115661938520027,0.0886010145654143,1.5338044730425802,1.9570313136820563,1.4401145944049962,1.6001273271166625,1,10,0.0506888801868581,0.5863938989083404,0.8,0.0886010145654143,0.0886010145654143,1,False,False,False,False,1e-07,0.9,-0.1733095878435631
0.4711468229502521,0.0137160433885097,51.07715233674139,1.4098377626723095,0.1140621725092167,0.5355981888120229,,3,1,0.1,0.8749631335678041,0.2664180644638703,0.6612819371078917,0.991524017236698,0.7803641588038863,0.8670712875598737,1,10,1.4738241454426582,1.392588086175747,0.8,0.2664180644638703,0.2664180644638703,1,False,False,False,False,1e-07,0.9,-0.8923267291650206
0.3799969540835958,0.025587511137666,10.2306073127739,1.4441521261116337,0.1886821235170271,0.574054501095814,,3,1,0.1,1.180458362782441,0.2822473631100359,1.746824832856137,1.490947842402058,0.6677953892565736,0.7419948769517484,1,10,1.6253558789051512,1.064771857516016,0.8,0.2822473631100359,0.2822473631100359,1,False,False,False,False,1e-07,0.9,-0.8671613721350007
0.188537666224802,0.0001216179932927,863.5605422875622,2.987826878805813,0.0128654014050525,0.4618217612144203,,3,1,0.1,0.3569833793975497,0.1510086849442694,1.2677108506441912,0.9797299587176842,1.048803793119954,1.16533754791106,1,10,1.5029011974270952,0.5152760775606156,0.8,0.1510086849442694,0.1510086849442694,1,False,False,False,False,1e-07,0.9,-0.6055579291807517
0.3780698564698527,8.064188242971066e-06,3596.7007436977065,6.701924754210877,0.0036419844979043,0.5938417635527115,,3,1,0.1,0.2199988916560123,0.0669694993530517,1.7766195998270142,1.2524907546848707,0.6155552459221957,0.6839502732468841,1,10,0.6819405134913196,0.7295674876843923,0.8,0.0669694993530517,0.0669694993530517,1,False,False,False,False,1e-07,0.9,-0.3908533614204894
0.5962721189080368,0.0314294260005813,8.597308802460171,1.8093751371232103,0.0124301080536008,0.8330601574282085,,3,1,0.1,-0.4262992014807782,0.1584286220778905,1.391635670491992,0.5934050048392542,0.1803541520680157,0.2003935022977953,1,10,0.9231461259555606,1.875521207013621,0.8,0.1584286220778905,0.1584286220778905,1,False,False,False,False,1e-07,0.9,-0.2450542329868693
0.3117489912242883,0.0015163258117109,139.61064811630024,1.995821441251272,0.0331513761230508,0.4759148919618579,,3,1,0.1,0.6805646738510002,0.2404862899683752,1.249386670762244,1.1944968554633433,0.9910944271778126,1.1012160301975695,1,10,0.2075669779882019,0.7938590947207969,0.8,0.2404862899683752,0.2404862899683752,1,False,False,False,False,1e-07,0.9,-0.6703930991407648
0.3262546548623732,0.0012470349844964,71.50941562868353,5.781071176570054,0.1356961185171579,0.6349790206319211,,3,1,0.1,0.5934443514449809,0.0977881883977976,0.7193879867695653,1.0540458410240168,0.5173696622359807,0.5748551802622007,1,10,0.5684617989147372,0.6749643597399771,0.8,0.0977881883977976,0.0977881883977976,1,False,False,False,False,1e-07,0.9,-0.3100947269920706
0.4134370805479265,2.8140330888379657e-06,48868.62257645934,3.4967337740755364,0.0002643161174303,0.3416791292136308,,3,1,0.1,0.2575865288730582,0.147016066731295,1.6854667710564355,1.8506782124923504,1.7340502625118948,1.9267225139021047,1,10,1.2461422018948982,0.9326676640135249,0.8,0.147016066731295,0.147016066731295,1,False,False,False,False,1e-07,0.9,-0.5735823383647191
0.2302304575939793,4.627744147390157e-06,20403.488219886767,0.6376799168925303,0.0004185181007299,0.3434726758082901,,3,1,0.1,0.2961261772416884,0.1754800840847472,1.7443954829425945,0.8366881788451566,1.720295771365337,1.9114397459614856,1,10,0.6715371986514501,0.6669249536840287,0.8,0.1754800840847472,0.1754800840847472,1,False,False,False,False,1e-07,0.9,-0.942616692649614
0.6733512213698747,0.0033253714237802,235.13586964755217,2.2461683395863146,0.1009721431028838,0.5313696244991767,,3,1,0.1,0.4986445329559281,0.1357500032577501,0.5426301615718254,1.51725555013326,0.7937362591026214,0.8819291767806904,1,10,1.4849257763262569,1.9035856500845552,0.8,0.1357500032577501,0.1357500032577501,1,False,False,False,False,1e-07,0.9,-0.3672924550712705
0.3774332936992379,0.0001717275932081,2059.9593017696684,1.879763142622928,0.0043427363228454,0.4169463773398449,,3,1,0.1,0.4832684714737711,0.2289466438180861,0.6129492353469699,0.9825163006785108,1.2585509526238847,1.3983899473598718,1,10,0.0903264986972021,0.999054844921472,0.8,0.2289466438180861,0.2289466438180861,1,False,False,False,False,1e-07,0.9,-0.8733034509181816
0.4459137824566243,0.0001897888057877,1441.8949509329163,1.950471404704439,0.0079223739704848,0.3710330343173732,,3,1,0.1,0.3855238005693406,0.1874621976197016,1.1418212241814778,1.2406770542904026,1.5256600268917302,1.695177807657478,1,10,1.6502473992188518,1.1325371247565197,0.8,0.1874621976197016,0.1874621976197016,1,False,False,False,False,1e-07,0.9,-0.4873719629745527
0.7177822877582545,1.5235372688942796e-10,431616003.1495856,2.887350136536237,3.9449004980124335e-08,0.3372935630783421,,3,1,0.1,0.140949554588309,0.0872003128978424,1.9644354293278987,1.2777300916692818,1.768298771509494,1.9647764127883267,1,10,0.5136374711764885,1.830001002271896,0.8,0.0872003128978424,0.0872003128978424,1,False,False,False,False,1e-07,0.9,-0.6678018159474006
0.4460101170023129,0.0818708445527998,2.4864483033403344,1.4423574739884886,-0.0163720965772754,0.8175919465248667,,3,1,0.1,-0.4744891411313432,0.275321816676071,1.7880638700681375,1.9240045900248293,0.200793621837158,0.2231040242635089,1,10,1.5311060474370473,1.2043912933929082,0.8,0.275321816676071,0.275321816676071,1,False,False,False,False,1e-07,0.9,-0.2951535287111815
0.7340530475619064,0.0013904580844934,25.32239595395498,3.485964508102084,0.2345708187515407,0.7406739479527491,,3,1,0.1,0.677241026244165,0.0610994361769028,1.8105588986117616,1.0504153386965829,0.3151095667501661,0.3501217408335179,1,10,0.6353066063163808,1.608072042504627,0.8,0.0610994361769028,0.0610994361769028,1,False,False,False,False,1e-07,0.9,-0.26760879603557
0.5615181372970048,0.0341260813728505,11.459030559260992,1.5209391972728474,-0.0968143549675394,0.9293196194332278,,3,1,0.1,-1.28857529953835,0.2172014001892041,1.1961032829021023,0.8683677300472832,0.0684504460896787,0.0760560512107541,1,10,1.7700327669873082,1.7788987469222766,0.8,0.2172014001892041,0.2172014001892041,1,False,False,False,False,1e-07,0.9,-0.843712420711777
0.5537665929445376,0.0078003053964957,14.506072311070763,4.036955521432759,0.0330943499960931,0.91256539718459,,3,1,0.1,-0.2080155453212103,0.0932155442285354,1.017225019055445,1.8105804946160544,0.0862306885365625,0.0958118761517361,1,10,0.265488913473792,1.117357832301316,0.8,0.0932155442285354,0.0932155442285354,1,False,False,False,False,1e-07,0.9,-0.1588364124548317
0.5000212719534288,0.0408006369378981,10.73137164674356,1.31641040989891,0.3990498974258889,0.5058647596701316,,3,1,0.1,-8.940951950198121,0.257396239593725,0.9752289172721612,0.8060774711294926,0.8791316410079233,0.976812934453248,1,10,0.7361011531482305,1.5628770959177265,0.8,0.257396239593725,0.257396239593725,1,False,False,False,False,1e-07,0.9,-0.2489993984664742
0.3855410642846785,5.577192695970967e-05,6091.323890690154,3.0519718719355,0.0034532730638728,0.3557790838943445,,3,1,0.1,0.369791868024546,0.1757047747878231,0.6032603434410141,1.2501824811572884,1.6296596701206656,1.81073296680074,1,10,0.6071356655040521,0.8965415372440667,0.8,0.1757047747878231,0.1757047747878231,1,False,False,False,False,1e-07,0.9,-0.3697280068147688
0.1810846015129283,0.0004795069594442,265.3608669087343,2.3288344615929857,0.0278546064546997,0.3950410436052856,,3,1,0.1,0.4916414286175053,0.2294084212778638,1.7222736613638858,1.6534722934235904,1.3782442851666208,1.531382539074023,1,10,0.9094896707011824,0.5253661703104183,0.8,0.2294084212778638,0.2294084212778638,1,False,False,False,False,1e-07,0.9,-0.6550866760631908
0.1729959273190511,0.0119457821425602,12.56170011972971,1.8125548624043688,0.2037260866788457,0.5794911217288531,,3,1,0.1,1.125982213616381,0.282895324465566,1.296154600371505,1.5706203846297777,0.6530867795091344,0.7256519772323715,1,10,1.43173579797099,0.5317405051333466,0.8,0.282895324465566,0.282895324465566,1,False,False,False,False,1e-07,0.9,-0.968508722800352
0.4693412976369036,1.0800387141770566e-06,137878.8292468123,0.314075205142195,9.708882081443972e-05,0.3590802202176838,,3,1,0.1,0.241178229023607,0.1343045364131978,1.963176812642934,0.9421069071416476,1.6064037207462905,1.7848930230514335,1,10,0.4606266921693901,1.1585058669465256,0.8,0.1343045364131978,0.1343045364131978,1,False,False,False,False,1e-07,0.9,-0.5737693677517897
0.2873125065263491,5.654369376912359e-05,2529.608601183095,-1.0755683144070003,0.0072846288137357,0.4004003547737368,,3,1,0.1,0.374670003237136,0.127414428457691,1.80232607708041,0.674622247380149,1.3477502561369687,1.497500284596632,1,10,1.5171288845245077,0.7388243743924244,0.8,0.127414428457691,0.127414428457691,1,False,False,False,False,1e-07,0.9,-0.1965748167899801
0.5006588829843942,0.00083629639131,293.34409037688306,2.056512535910173,0.0264091939661602,0.4169805947485963,,3,1,0.1,0.4252001539861679,0.1849914740316472,1.8318488381414304,1.6982694337537263,1.258373822030311,1.3981931355892343,1,10,1.61937384566944,1.2935144680877408,0.8,0.1849914740316472,0.1849914740316472,1,False,False,False,False,1e-07,0.9,-0.5213770006629384
0.4915256417473033,0.0333756344183294,19.14537983238079,1.7434271496519902,0.405085371646674,0.4788688096797397,,3,1,0.1,1.90947457365902,0.2582613288269356,0.6974990486685361,1.735433039675287,0.9794291501296702,1.0882546112551892,1,10,0.9986432600230786,1.3515973896761753,0.8,0.2582613288269356,0.2582613288269356,1,False,False,False,False,1e-07,0.9,-0.3204979134805935
0.6184806212784275,2.716782494173645e-12,19468757379.21092,6.534458521735775,1.4849662734075203e-09,0.3375768029229705,,3,1,0.1,0.1169324445176386,0.0741062816481913,1.111639403995777,1.8983252824763224,1.7660599668199517,1.9622888520221689,1,10,0.8349385429413912,1.252095749327756,0.8,0.0741062816481913,0.0741062816481913,1,False,False,False,False,1e-07,0.9,-0.8725617694148815
0.6556056964176907,0.0686939977067681,4.719193864448477,2.1751947143771875,0.760054471102513,0.6390749555839933,,3,1,0.1,-0.2731200516942422,0.1611746659221632,0.970087270594232,1.781990859912363,0.5082855103867602,0.5647616782075113,1,10,0.8545362889796747,1.836469350481744,0.8,0.1611746659221632,0.1611746659221632,1,False,False,False,False,1e-07,0.9,-0.1083043041229726
0.5503509791250336,0.0006433381149048,29.73209642825617,6.823112974387093,0.1461982820374485,0.8522441191941308,,3,1,0.1,0.5808207165619843,0.052297469560048,1.6843009583690138,0.8691968920899407,0.156035447743572,0.17337271971508,1,10,1.721390842018628,1.021201879527731,0.8,0.052297469560048,0.052297469560048,1,False,False,False,False,1e-07,0.9,-0.7722433614486741
0.485728136379429,0.0018858859197776,359.61158572240544,1.4799494221117455,0.0334309133478847,0.4529848046634885,,3,1,0.1,0.5162986762615351,0.2226184482642095,0.6265673362538733,0.866480553058072,1.086821612412779,1.2075795693475322,1,10,1.599520183110721,1.3991607653838871,0.8,0.2226184482642095,0.2226184482642095,1,False,False,False,False,1e-07,0.9,-0.8705825352301033
0.3109865085471492,0.0014687011504155,171.54695682122804,1.3204175217320235,0.0453545879869885,0.3695154027546928,,3,1,0.1,0.5972136574620794,0.2486416772469448,1.3332209337851535,1.0665026897319063,1.5356224213946383,1.7062471348829311,1,10,1.4950523745997706,0.8721614495553125,0.8,0.2486416772469448,0.2486416772469448,1,False,False,False,False,1e-07,0.9,-0.4290339768087653
0.3999486072201309,0.0128378145184258,23.767634712799243,2.211610351855707,0.1440099490584792,0.6089472394148808,,3,1,0.1,0.9725682471508204,0.2150682169060908,1.0030932082788828,1.946935414307145,0.5779605551127598,0.6421783945697331,1,10,0.713746430081304,0.9606222035929683,0.8,0.2150682169060908,0.2150682169060908,1,False,False,False,False,1e-07,0.9,-0.7707532841227884
0.5990623847889014,0.0001893329222318,1144.7960061105546,3.1598987045123565,0.008341628292283,0.4956839705573551,,3,1,0.1,0.3041354741406282,0.1324040445776617,1.220444034954801,1.8430027078536075,0.9156729962197996,1.0174144402442218,1,10,0.9250472755145892,1.4092475271487428,0.8,0.1324040445776617,0.1324040445776617,1,False,False,False,False,1e-07,0.9,-0.9515755652565334
0.7928792936931672,0.0002204697678207,203.2058007242132,3.550445984982885,0.0026178112956917,0.9725296454561037,,3,1,0.1,-0.7838478083554404,0.0518320591915324,0.8166060214746166,1.6272893828848605,0.0254216611339511,0.0282462901488345,1,10,0.0342160573774103,1.838992972480995,0.8,0.0518320591915324,0.0518320591915324,1,False,False,False,False,1e-07,0.9,-0.5385751245414213
0.5056237968682298,0.0004007213983701,507.2413347262548,2.3814018618547297,0.0163265802655575,0.464231050879847,,3,1,0.1,0.3510842385460306,0.1512212356564305,1.7138994704337311,1.5365391474299173,1.038689793141259,1.1540997701569544,1,10,1.6380215880135838,1.21164241512591,0.8,0.1512212356564305,0.1512212356564305,1,False,False,False,False,1e-07,0.9,-0.6683155170233788
0.561052747845614,0.000112395239826,1129.4948396508032,4.272894383294022,0.011098295968518,0.5604456532120952,,3,1,0.1,0.2706702725121908,0.0941457227891147,0.9418101246790586,1.5000149027312346,0.7058648949131985,0.7842943276813317,1,10,1.288297609106055,1.1482087258793616,0.8,0.0941457227891147,0.0941457227891147,1,False,False,False,False,1e-07,0.9,-0.5752053497173759
0.6577109001628167,0.0006207929642954,241.6454720604556,2.7235975966364885,0.0181602206653531,0.6505267216626405,,3,1,0.1,0.4844160888735822,0.1131486336759587,1.830935941342104,1.909475022820792,0.4834942824481468,0.5372158693868297,1,10,0.1152170539557387,1.5911326675219644,0.8,0.1131486336759587,0.1131486336759587,1,False,False,False,False,1e-07,0.9,-0.6351061715836421
0.4352397686785546,0.0177725153383758,26.290498547924617,2.1274145636903525,0.0661546666576796,0.7662793386089536,,3,1,0.1,21.1135534333061,0.1886404727443878,0.5700430042745603,0.6796283879632109,0.274506416463992,0.3050071294044356,1,10,1.7975059766415042,1.088425231142856,0.8,0.1886404727443878,0.1886404727443878,1,False,False,False,False,1e-07,0.9,-0.6430615627603238
0.4960789283767877,0.0049973410377623,120.87272125769272,1.727777504797939,0.0940164759616533,0.3746764534373306,,3,1,0.1,0.7190335934198598,0.2658200634959102,0.7882481912484287,1.6761952519315817,1.5020724861231145,1.668969429025683,1,10,1.0481914751357682,1.450868143060173,0.8,0.2658200634959102,0.2658200634959102,1,False,False,False,False,1e-07,0.9,-0.3896077393459031
0.6802242651589117,0.0074741782045125,13.16268609361637,3.0417775098376474,0.6463664972973788,0.5629422681161184,,3,1,0.1,1.0880191176130376,0.0918892682180756,1.620950942889105,1.29305559074222,0.6987429812507107,0.7763810902785674,1,10,1.164305211916865,1.574456151605283,0.8,0.0918892682180756,0.0918892682180756,1,False,False,False,False,1e-07,0.9,-0.1467045803384929
0.4682894939219769,2.9374451343659725e-06,24334.279885597087,1.3934466260820657,0.000112108182538,0.3356122250809913,,3,1,0.1,0.3671948709314829,0.1921210465401121,0.7852781020390276,1.022316813910702,1.7816663182719528,1.979629242524392,1,10,0.0206780903640725,1.695098101591454,0.8,0.1921210465401121,0.1921210465401121,1,False,False,False,False,1e-07,0.9,-0.4567251347567651
0.4133898834467925,0.0068429789441485,59.7973657329545,1.5067910341844917,0.0980036705275725,0.44532884383812,,3,1,0.1,0.6540227631418841,0.2744581919949975,0.9571076753210086,1.4936652914031248,1.1209784577240542,1.2455316196933937,1,10,1.97045980939885,1.157709695528596,0.8,0.2744581919949975,0.2744581919949975,1,False,False,False,False,1e-07,0.9,-0.9051969874558488
0.4088933054993409,0.0001429470421206,1468.568608043302,0.7162267504569625,0.0065271852515114,0.492704914453273,,3,1,0.1,0.3288015847681272,0.1428083577045759,1.5137715225303447,0.6543724303289217,0.9266511528481092,1.0296123920534546,1,10,1.1003307273196143,1.0487268437118185,0.8,0.1428083577045759,0.1428083577045759,1,False,False,False,False,1e-07,0.9,-0.9643280431893492
0.4275942605127247,0.0004889961483238,454.5109845288383,1.440517354494647,0.0091597929481877,0.4634309044884722,,3,1,0.1,0.5767711921961428,0.2218648001140412,1.7998394733079208,0.8134767053790668,1.0420370788465343,1.1578189764961493,1,10,0.0822230789225102,1.1911668813403984,0.8,0.2218648001140412,0.2218648001140412,1,False,False,False,False,1e-07,0.9,-0.6768764638872113
0.5682745898943709,0.0002573772516112,1058.7321145750404,-0.5244892380342551,0.0086015470080877,0.5221511358503212,,3,1,0.1,0.3543316701259453,0.1340315640462526,1.945555443889855,0.5210515402173853,0.8236388819385659,0.9151543132650732,1,10,1.2559581335993848,1.8112528436920807,0.8,0.1340315640462526,0.1340315640462526,1,False,False,False,False,1e-07,0.9,-0.7027776919353118
0.6833924427990414,0.0217574098141133,23.56089800517173,2.066957759987092,0.1932884410991034,0.7219060351476386,,3,1,0.1,1.2144102889468131,0.1381965036790013,0.7113358828901585,1.2691336614404998,0.3466996481279438,0.3852218312532709,1,10,1.7782846901639138,1.959474913865769,0.8,0.1381965036790013,0.1381965036790013,1,False,False,False,False,1e-07,0.9,-0.6072237436011376
0.3519179470962458,1.2531938180192234e-05,11261.654086508026,2.053988457194798,0.0008346478000071,0.3934956002147453,,3,1,0.1,0.2969943599506792,0.1604210632763171,1.7552463974457548,1.136630184407502,1.387192028345008,1.5413244759388975,1,10,0.3225118571970574,0.847811398164189,0.8,0.1604210632763171,0.1604210632763171,1,False,False,False,False,1e-07,0.9,-0.9513095229098112
0.5160123012865653,0.0730712999741652,3.402081820664028,1.8830895988335017,0.5868695563497158,0.6179508107617225,,3,1,0.1,-0.768488211135405,0.2121919404010394,1.1060164576502014,1.383126316236026,0.5564266027754005,0.6182517808615561,1,10,1.1276632296672282,1.3577594900807115,0.8,0.2121919404010394,0.2121919404010394,1,False,False,False,False,1e-07,0.9,-0.1992268368497231
0.5597757228437491,1.9440726573315768e-05,30870.02772678723,2.608971898884162,0.00107434439811,0.3892485662442342,,3,1,0.1,0.2706275810116982,0.1485692737594529,0.515247578056953,1.4857035228098865,1.4121472448412162,1.569052494268018,1,10,1.4348143162013614,1.3823724246707871,0.8,0.1485692737594529,0.1485692737594529,1,False,False,False,False,1e-07,0.9,-0.9362074440648396
0.2199307583152853,0.0074354777034738,25.467533539027453,2.362546499401672,0.0372378275390835,0.7955619405683406,,3,1,0.1,-2.266236575923364,0.2344285406700469,0.91139866881748,1.407155080799084,0.2312758367463507,0.2569731519403897,1,10,0.2068094108038533,0.577963611084451,0.8,0.2344285406700469,0.2344285406700469,1,False,False,False,False,1e-07,0.9,-0.6057593437699165
0.4585798391728996,0.021789386968534,32.323072030525026,1.811087658680236,0.1097973207778661,0.6761736004119728,,3,1,0.1,155.2948821335427,0.2298744105822204,0.5307460603634817,1.1817183198058527,0.4310191339201298,0.4789101488001442,1,10,0.3842665596546583,1.172723935310778,0.8,0.2298744105822204,0.2298744105822204,1,False,False,False,False,1e-07,0.9,-0.4821990442275067
0.2920262892149496,1.4591815864870266e-06,36367.16625395999,7.459709151148016,0.0007103875030813,0.4644071583438648,,3,1,0.1,0.2079205170549766,0.0807773283048172,0.7948019240870223,1.318986058347555,1.037954624148161,1.153282915720179,1,10,1.756686191971904,0.6065404979923757,0.8,0.0807773283048172,0.0807773283048172,1,False,False,False,False,1e-07,0.9,-0.2550350071855282
0.4112920928264545,8.97608478276345e-07,87590.42879305074,5.914767316271494,0.0002623864093766,0.37074744928231,,3,1,0.1,0.2247195748981579,0.0953262147583757,1.6152254508515085,1.9692214926740848,1.5275285015236455,1.6972538905818282,1,10,1.8532219222032824,0.8206748909131204,0.8,0.0953262147583757,0.0953262147583757,1,False,False,False,False,1e-07,0.9,-0.1723562182879375
0.6204761147242919,1.1676919327298029e-05,10935.308414350511,2.853024990606972,0.0010326786770266,0.4769490284449055,,3,1,0.1,0.2309769895129342,0.1052833483665998,1.6882701551322004,1.2525222184707716,0.9869940943887736,1.096660104876415,1,10,0.7474057352109322,1.4172072853775073,0.8,0.1052833483665998,0.1052833483665998,1,False,False,False,False,1e-07,0.9,-0.7468716340984913
0.38863314562738,0.0024482891511818,196.33858586426297,2.0732137333113467,0.0554684477790924,0.4116045558796974,,3,1,0.1,0.7277845447927536,0.2488482079317895,0.7418481560631937,1.7298385676600758,1.2865647188391407,1.429516354265712,1,10,0.3534469565437367,0.9833995097256484,0.8,0.2488482079317895,0.2488482079317895,1,False,False,False,False,1e-07,0.9,-0.4155765171209087
0.4341216733992453,0.0128015828947219,22.69896195812772,1.258356080723693,0.1187847404044983,0.6234021667680805,,3,1,0.1,1.1441943323232795,0.1959079846999363,1.727306083305847,0.7191096945910859,0.543690843530257,0.6041009372558411,1,10,0.9642937393470042,1.3473663758719483,0.8,0.1959079846999363,0.1959079846999363,1,False,False,False,False,1e-07,0.9,-0.5946550155168936
0.1871145719121421,0.0038885907407477,41.60694442613744,2.3716803377505777,0.1446285584932075,0.458255481606777,,3,1,0.1,0.8339790461646501,0.2503541469968819,1.1341010790595545,1.742569656455992,1.063969960259588,1.1821888447328754,1,10,0.7156108996071391,0.5281962749440221,0.8,0.2503541469968819,0.2503541469968819,1,False,False,False,False,1e-07,0.9,-0.4749540060323719
0.5924391803161919,2.972701533020461e-06,11575.435744097473,7.226412604862406,0.0019398156552735,0.5906936354825522,,3,1,0.1,0.1836861881878003,0.0559031467169908,0.8265440599562999,1.809208791691916,0.6236324651860654,0.6929249613178504,1,10,1.4764506598131797,1.1120933907436794,0.8,0.0559031467169908,0.0559031467169908,1,False,False,False,False,1e-07,0.9,-0.3145940229135499
0.6650253271260389,3.304528343869566e-05,8037.625316363008,2.9904352389619704,0.0015732778709336,0.4091588189032135,,3,1,0.1,0.2846765178723178,0.1439466612027664,1.3318863853378071,1.853959563284712,1.2996348567349223,1.4440387297054695,1,10,0.6865468162691801,1.835025912930631,0.8,0.1439466612027664,0.1439466612027664,1,False,False,False,False,1e-07,0.9,-0.6913508700003372
0.182056808763087,3.971098465889657e-06,17316.930410823592,0.8330488346784932,0.0008756638875224,0.4573499559220984,,3,1,0.1,0.2460805872163146,0.1149962231217641,1.8682042616524512,0.9101410287083174,1.067858503857163,1.1865094487301813,1,10,0.5074515907480828,0.5044539983798447,0.8,0.1149962231217641,0.1149962231217641,1,False,False,False,False,1e-07,0.9,-0.6980932964056161
0.7180180769144794,0.0004502576096837,268.5788603461411,2.9375308335248693,0.048032447012196,0.5063827164645649,,3,1,0.1,0.3865472571929229,0.0915802691534074,1.4529444583325049,1.3524330883457305,0.8773118448504141,0.9747909387226824,1,10,1.1335400750226317,1.764839422618332,0.8,0.0915802691534074,0.0915802691534074,1,False,False,False,False,1e-07,0.9,-0.1806580415141734
0.3669233192519746,0.0009932612376022,86.91362842256973,6.534466741222274,0.1247341509628176,0.6893820011823529,,3,1,0.1,0.405431779482365,0.0839586485517598,0.6580774523985065,1.9920432375837327,0.4055171130903013,0.4505745701003347,1,10,1.5212585711246578,0.7269486311791011,0.8,0.0839586485517598,0.0839586485517598,1,False,False,False,False,1e-07,0.9,-0.5590422160779569
0.3161356287476055,2.3846073777005936e-05,9440.887267679456,2.6395008066155854,0.0021713523573819,0.393601019933299,,3,1,0.1,0.3233840256606356,0.1487517391399108,0.6116659783257411,0.6385185388895624,1.3865794406541858,1.5406438229490953,1,10,1.2158521708698662,0.7415440378126337,0.8,0.1487517391399108,0.1487517391399108,1,False,False,False,False,1e-07,0.9,-0.3998850360320152
0.3249440696124829,0.0171613732827716,11.705719536302905,1.6396202149471428,0.2598805160665156,0.5524858774983133,,3,1,0.1,1.9944705583818565,0.2246253932184813,1.6801268726895326,1.0667702154551273,0.729000915055512,0.8100010167283467,1,10,0.7030074429764863,0.8892258561656889,0.8,0.2246253932184813,0.2246253932184813,1,False,False,False,False,1e-07,0.9,-0.3705764229809077
0.6707770639416696,0.0316187846450563,4.91201591525474,1.969543130875533,-0.0509239741636605,0.8916857872263815,,3,1,0.1,-1.4536024178279563,0.1406565295423885,1.9401687526725249,1.941078376490792,0.1093241508306195,0.1214712787006883,1,10,0.7909593792128705,1.8072633171920087,0.8,0.1406565295423885,0.1406565295423885,1,False,False,False,False,1e-07,0.9,-0.6115782144466395
0.5493630545984775,0.059693998428738,7.06403859870556,1.1712174767066272,-0.1486639020544259,0.9447832853855888,,3,1,0.1,-0.387434912727939,0.2864217133699874,1.1874181466475495,1.637036408082552,0.0525994097500236,0.0584437886111373,1,10,0.8123666708572224,1.7274575175978144,0.8,0.2864217133699874,0.2864217133699874,1,False,False,False,False,1e-07,0.9,-0.3406023838753285
0.2304936415431521,0.022508226334748,7.105214846661986,1.9666782648695844,0.1045319182356187,0.7685321287959749,,3,1,0.1,31.32827348586688,0.2364257264707598,1.8093805736686035,1.1775139411611346,0.2710635980957491,0.3011817756619435,1,10,1.91304952068918,0.6792069811132798,0.8,0.2364257264707598,0.2364257264707598,1,False,False,False,False,1e-07,0.9,-0.8114497731278081
0.604518218365936,0.0603630811865157,2.8017610347952027,2.1622099827546624,0.115753705972682,0.8169866803331798,,3,1,0.1,-0.7940335298068916,0.1546277278445195,1.339918156346111,1.788199544208088,0.2016091469605918,0.2240101632895464,1,10,1.7807482316823664,1.5037872102957257,0.8,0.1546277278445195,0.1546277278445195,1,False,False,False,False,1e-07,0.9,-0.3344240333126111
0.6049371597391575,0.0011592507528942,349.4817040047959,1.5540208647613436,0.0286619907601157,0.471117731972341,,3,1,0.1,0.4339549382406961,0.1692140968858156,1.0774045581971392,1.009396412458655,1.010350510969174,1.1226116788546376,1,10,1.524909434327961,1.83939121405074,0.8,0.1692140968858156,0.1692140968858156,1,False,False,False,False,1e-07,0.9,-0.5737399621631623
0.387001104595443,0.0086983671258832,19.153927336364333,3.048250199264195,0.2305864569651051,0.6054048798050973,,3,1,0.1,0.7119210938845357,0.1540420656164613,1.329681138372134,1.6883695999607498,0.5866084334994857,0.6517871483327619,1,10,1.6804426932712289,0.8744805066571663,0.8,0.1540420656164613,0.1540420656164613,1,False,False,False,False,1e-07,0.9,-0.5232738045023546
0.3212621973218865,0.0060587778301813,57.96189388532791,1.7326198054905806,0.0790981987959359,0.5052212773611523,,3,1,0.1,0.8828832592938792,0.288129731901758,0.8029320069013068,1.344486824875475,0.8813976574795842,0.9793307305328712,1,10,0.4163177020285153,0.8368598535146234,0.8,0.288129731901758,0.288129731901758,1,False,False,False,False,1e-07,0.9,-0.8642827227432115
0.7534721070635163,2.342519265447885e-09,33280258.496671464,4.85809847685076,8.008915515250407e-07,0.4121061081808532,,3,1,0.1,0.1326352679318243,0.0733055966950113,1.301308526630398,1.943246998951856,1.2839035678768291,1.4265595198631436,1,10,1.2609662469698808,1.768624388684482,0.8,0.0733055966950113,0.0733055966950113,1,False,False,False,False,1e-07,0.9,-0.8580264521506784
0.5286645070076006,0.0023480409342234,107.21067774367212,1.3926777353847053,0.0004961848538159,0.7851651629682772,,3,1,0.1,-1.525856479995825,0.2471020944434824,1.931504299865356,0.9414690366997664,0.2462556446055191,0.2736173828950213,1,10,0.0226072338839128,1.7022043497418209,0.8,0.2471020944434824,0.2471020944434824,1,False,False,False,False,1e-07,0.9,-0.5149343451192938
0.452798490940619,0.0005418917580601,357.1055072919082,3.3122863884474474,0.0216641631747346,0.5202114983688341,,3,1,0.1,0.3774879829590242,0.1460131070637904,1.13903888487866,1.5409873923584088,0.8300655652980067,0.9222950725533408,1,10,0.705291015014029,0.9944942430938046,0.8,0.1460131070637904,0.1460131070637904,1,False,False,False,False,1e-07,0.9,-0.8168680021189444
0.1501905523015376,4.198401713590003e-15,0.0001440881678549,1.7014021934911654,9.188977186910786e-12,0.3386559166409963,,3,1,0.1,0.0967098859385427,0.0597706771574275,1.4265692552585052,1.458227179712844,1.757564671914696,1.9528496354607727,1,10,0.3752171294518505,0.6080045987826236,0.8,0.0597706771574275,0.0597706771574275,1,False,False,False,False,1e-07,0.9,-0.4674425971063619
0.5697978544169553,2.072899820234565e-05,6436.981980526083,1.5735703960536471,0.0019764638998039,0.4756648080964702,,3,1,0.1,0.2487755373647527,0.1047142579218987,1.7873938836612706,1.0224468704127552,0.9920886823678354,1.1023207581864838,1,10,1.0842833303922974,1.2956194454404353,0.8,0.1047142579218987,0.1047142579218987,1,False,False,False,False,1e-07,0.9,-0.4816335567975147
0.5516674293701282,0.0241394138407952,3.833797972888448,3.316341741344329,-0.0410877338637538,0.932116624184512,,3,1,0.1,-0.5714325389733357,0.1086210763419977,1.5380303654537204,1.3274650528738592,0.0655444143455653,0.0728271270506281,1,10,1.579670247926103,1.1826688122138689,0.8,0.1086210763419977,0.1086210763419977,1,False,False,False,False,1e-07,0.9,-0.392479463410449
0.6824836154866043,5.4579737066632246e-08,4973554.438200391,4.373682708134126,8.382385244741334e-06,0.4025333295403393,,3,1,0.1,0.1751824235441868,0.0957828643382959,0.7075379085304383,1.845133503107934,1.3358397030817988,1.484266336757554,1,10,0.2838671736831963,1.5706934464206432,0.8,0.0957828643382959,0.0957828643382959,1,False,False,False,False,1e-07,0.9,-0.7603797765101664
0.4809443808817116,0.0002264934840701,1882.1369867718167,1.3531816655722189,0.0070579152660431,0.3951098646691875,,3,1,0.1,0.4045846990251672,0.1942037717246868,0.7943354474543419,0.7141842385509602,1.3778474558045788,1.5309416175606432,1,10,1.602846615797172,1.3416503683745151,0.8,0.1942037717246868,0.1942037717246868,1,False,False,False,False,1e-07,0.9,-0.6144325029648019
0.6343856991931874,0.0001887453431318,1898.6930894580887,1.8726433270695777,0.00303990525984,0.5771719073809622,,3,1,0.1,0.5184632632606153,0.1601514219753032,1.290132940207153,1.8955834889722432,0.6593274525157288,0.7325860583508097,1,10,0.0223463257630781,1.877807337839388,0.8,0.1601514219753032,0.1601514219753032,1,False,False,False,False,1e-07,0.9,-0.8113184164878245
0.5135064654223759,0.003487367640194,93.70596952558888,0.976093427112578,0.0388918513595444,0.6187003117107011,,3,1,0.1,0.6251413049086724,0.1716042159288227,1.8894894828598523,0.5434957820534241,0.5546622701894357,0.6162914113215952,1,10,1.6610988964541695,1.721833780585111,0.8,0.1716042159288227,0.1716042159288227,1,False,False,False,False,1e-07,0.9,-0.994162432109937
0.4068190577822062,0.0028268161539971,130.43148724391563,1.0504953040629148,0.0461219954927073,0.4493440342584966,,3,1,0.1,0.6306052493339026,0.2457167746831055,1.0945253414347331,0.7031410569596241,1.1029196592877253,1.2254662880974725,1,10,1.1100265273282592,1.2295691435001894,0.8,0.2457167746831055,0.2457167746831055,1,False,False,False,False,1e-07,0.9,-0.6857691980404486
0.6457107187320402,0.0254092196061502,6.121042388076769,2.3359806012765474,-0.047801549979756,0.9112602822088768,,3,1,0.1,-4.069320551678711,0.1239056802758635,1.3990916393634485,1.2956397171994436,0.0876431767863488,0.0973813075403876,1,10,1.9144406359342137,1.5919609160640344,0.8,0.1239056802758635,0.1239056802758635,1,False,False,False,False,1e-07,0.9,-0.9473260079710886
0.4625829659620047,0.0021867561413652,106.99710442608546,0.9173644217597898,0.0541815563947176,0.6032231846641771,,3,1,0.1,0.5557127729533978,0.1387520337657939,1.6988895183502088,0.5778930379631767,0.5919850942086099,0.6577612157873443,1,10,1.0726168242135032,1.2686265574637412,0.8,0.1387520337657939,0.1387520337657939,1,False,False,False,False,1e-07,0.9,-0.5690140337141736
0.5923620021282205,0.0016195358727451,246.9904305421142,1.8319192032116285,0.0287639139714673,0.4987230354369833,,3,1,0.1,0.5306407973083483,0.1873113630103279,1.0555747846745054,0.9682931376243136,0.9046088430854532,1.0051209367616147,1,10,0.3355861471923292,1.7456149359799702,0.8,0.1873113630103279,0.1873113630103279,1,False,False,False,False,1e-07,0.9,-0.6299747747756563
0.2790299702511021,8.142687053272152e-07,117864.771427633,1.5120006401343908,9.34055066168422e-05,0.3427607097478832,,3,1,0.1,0.2542149485710064,0.1514345696381795,1.1652808952424931,0.59893226720136,1.7257385237123373,1.917487248569264,1,10,1.17226090371249,0.716263590741566,0.8,0.1514345696381795,0.1514345696381795,1,False,False,False,False,1e-07,0.9,-0.8433894774972095
0.56722256963176,0.0443861764409206,4.295667336356779,1.9348764536516687,-0.0176945159562785,0.8507413881887728,,3,1,0.1,-1.4432709406788953,0.1783488562287023,1.642900822762235,1.8505058436807469,0.1579008056914906,0.1754453396572118,1,10,1.02072083244053,1.4422650948565392,0.8,0.1783488562287023,0.1783488562287023,1,False,False,False,False,1e-07,0.9,-0.5561266570484253
0.3671512855227554,0.0031808533636354,69.52706232800145,4.089822019938029,0.1098078267329505,0.6815673651777889,,3,1,0.1,0.6134191096117331,0.1251903312942748,0.540848190299021,1.1890496643921629,0.4204857597095075,0.4672063996772305,1,10,0.7058734683394406,0.7811818615632815,0.8,0.1251903312942748,0.1251903312942748,1,False,False,False,False,1e-07,0.9,-0.7462024601386534
0.6101639246971758,0.0009345633450163,27.95669577466098,5.985846102321927,0.2028939369227116,0.7783770662610919,,3,1,0.1,0.4966827847658069,0.0575853454118015,1.447467130224152,1.3510499865336527,0.2562519491011211,0.2847243878901345,1,10,1.2780790781151123,1.1631335739721904,0.8,0.0575853454118015,0.0575853454118015,1,False,False,False,False,1e-07,0.9,-0.4241277400003436
0.3835408681081302,9.440056132180402e-06,27158.804998874348,3.130749453493248,0.0006749112626259,0.3448363436811624,,3,1,0.1,0.2920495673451991,0.1674229677241405,0.6741276877092612,1.6952945155271233,1.7099337163606665,1.899926351511852,1,10,0.9316398030657688,0.9051594212038871,0.8,0.1674229677241405,0.1674229677241405,1,False,False,False,False,1e-07,0.9,-0.7049731571902238
0.4133023175793722,0.0695271503464719,3.035300412646541,1.3893896352260993,0.5953084891950221,0.5227742999388669,,3,1,0.1,-3.4882818981797907,0.2916717736075487,1.995705261448596,1.5470197616200476,0.821584247934999,0.9128713865944432,1,10,1.3114554788486108,1.1751665232550763,0.8,0.2916717736075487,0.2916717736075487,1,False,False,False,False,1e-07,0.9,-0.2718750239374556
0.2349481667149723,0.0065742284932327,37.67462091294804,1.2150246850963369,0.1265988236028306,0.4470996220008414,,3,1,0.1,0.965061195761292,0.2975157166949955,1.1757572938709586,0.846756430750193,1.1129741912380908,1.2366379902645452,1,10,1.7857323756418495,0.7229776436546673,0.8,0.2975157166949955,0.2975157166949955,1,False,False,False,False,1e-07,0.9,-0.5437932580304681
0.5632926363782677,0.0028493534785585,108.78621960759382,1.2624289213752355,0.0497816912762938,0.4543208988025402,,3,1,0.1,0.5983465867741278,0.2084700474694829,1.96664884716304,1.0822682290945782,1.0809786482905412,1.2010873869894902,1,10,0.564867422985217,1.8782075267496792,0.8,0.2084700474694829,0.2084700474694829,1,False,False,False,False,1e-07,0.9,-0.4801177152147788
0.5662678266111146,0.0342184217118031,33.23799978059374,1.5765075595078768,0.056598216152986,0.7490569598363391,,3,1,0.1,4.268400999374861,0.2200737701522452,0.5033875053992933,1.0219885029882128,0.3015107638765419,0.3350119598628243,1,10,1.1234138047436577,1.670971234111423,0.8,0.2200737701522452,0.2200737701522452,1,False,False,False,False,1e-07,0.9,-0.8267845821434491
0.6393829494949348,5.533394262618672e-05,8565.609391973252,2.97141444256051,0.0029519871017798,0.4182106343812035,,3,1,0.1,0.2926196431306522,0.1372046271616416,0.6988235082412406,1.852223639554114,1.2520256206102118,1.391139578455791,1,10,0.9738704707006564,1.6455922822329714,0.8,0.1372046271616416,0.1372046271616416,1,False,False,False,False,1e-07,0.9,-0.5082164308267749
0.5170049937425161,0.048698246906272,6.176131669408732,1.5151497517902992,-0.0902114620946674,0.8864970384408231,,3,1,0.1,-0.4856484353280522,0.2317710910575824,1.4698253270267547,0.8959215264238942,0.1152318180136574,0.1280353533485082,1,10,1.1804797616312568,1.6292004915216287,0.8,0.2317710910575824,0.2317710910575824,1,False,False,False,False,1e-07,0.9,-0.3478064626984105
0.6124894621817489,7.348447411602228e-06,25807.126865903017,2.474649212012222,0.0003435082942286,0.3674131108266382,,3,1,0.1,0.2782807304988731,0.1589219374753079,1.7466377975447924,1.8080051797698933,1.549558748666048,1.7217319429622755,1,10,0.3413459145375321,1.8148784164054168,0.8,0.1589219374753079,0.1589219374753079,1,False,False,False,False,1e-07,0.9,-0.949401037075682
0.1943202462026959,1.1701471268931313e-07,569327.8199046125,1.1341417456576113,2.9110596999520373e-05,0.3386321896466845,,3,1,0.1,0.2192455923021795,0.1301468425346197,1.677139238190424,0.8873866242758278,1.7577508799119907,1.9530565332355447,1,10,1.2794782954492816,0.5291755972088585,0.8,0.1301468425346197,0.1301468425346197,1,False,False,False,False,1e-07,0.9,-0.650453342584641
0.5214101235319254,0.0041160586373238,66.37592785610296,1.7233195205406298,0.0867201543004381,0.4068001187032385,,3,1,0.1,0.8029082826686778,0.2250612645367627,1.9090619495558312,1.4497265710177276,1.3123887349613872,1.4582097055126524,1,10,0.4236051296362667,1.4979610640241918,0.8,0.2250612645367627,0.2250612645367627,1,False,False,False,False,1e-07,0.9,-0.2926084916787931
0.4714525603360192,0.0252787090988423,13.039028339700424,1.3115784738369205,-0.0625292569721154,0.9447129922766628,,3,1,0.1,-1.2434774893653435,0.2889885481765657,1.8704549212429893,0.8203187028696766,0.0526702896623564,0.0585225440692849,1,10,0.4184580494856909,1.7572226718838042,0.8,0.2889885481765657,0.2889885481765657,1,False,False,False,False,1e-07,0.9,-0.948975401631321
0.2056854636131816,0.0046353462565506,41.93226872901709,3.0904834112651725,0.199878954260007,0.5411868327537807,,3,1,0.1,0.8397923894034803,0.1875167122867208,0.6287646545941328,1.4541173612190126,0.7630116357791461,0.8477907064212734,1,10,0.8425685437690149,0.5434031423207258,0.8,0.1875167122867208,0.1875167122867208,1,False,False,False,False,1e-07,0.9,-0.4308760989069702
0.3608657724887046,0.0062575950881671,36.52997058626379,1.8798827499247424,0.1007082212467716,0.5169703587429954,,3,1,0.1,0.6486931137562728,0.2331345645880643,1.746690365982438,1.578010269352354,0.8409121911521868,0.9343468790579854,1,10,1.089263730605811,0.9315455943340646,0.8,0.2331345645880643,0.2331345645880643,1,False,False,False,False,1e-07,0.9,-0.9748069466354312
0.6013030511628914,0.0017082560907045,164.9265592594747,1.1049155873539838,0.0346482494947638,0.6178492442045954,,3,1,0.1,0.4879902017110958,0.1344703781414686,1.3509255276229477,0.5239521706531548,0.5566660207841461,0.6185178008712734,1,10,0.886204501248276,1.8012229537593702,0.8,0.1344703781414686,0.1344703781414686,1,False,False,False,False,1e-07,0.9,-0.7794493855262108
0.7098976522951982,0.0009311124386389,129.23809767146923,3.838694690301713,0.0787338205666035,0.7536405200784391,,3,1,0.1,0.3820053077626917,0.0709111244441028,0.6614257222878337,1.3639055748763442,0.2942033051863078,0.3268925613181197,1,10,1.0687068018189048,1.5407704812816816,0.8,0.0709111244441028,0.0709111244441028,1,False,False,False,False,1e-07,0.9,-0.8799729060198951
0.2316719307037834,1.5689638256840965e-12,7991852775.001242,8.47767673303517,3.522941127939788e-09,0.4068305531828607,,3,1,0.1,0.1140047562284637,0.0618819328170058,1.3925737680004389,0.7506667974296714,1.3122232289556464,1.4580258099507182,1,10,0.0482476607901614,0.5021414542030488,0.8,0.0618819328170058,0.0618819328170058,1,False,False,False,False,1e-07,0.9,-0.4998292650586229
0.6286443960572005,0.028003300398245,18.90666134504984,2.89344942659128,1.179857512414764,0.3541797897980531,,3,1,0.1,2.925042625823309,0.1730299255986342,0.800231989124341,1.943160207131312,1.6410823144741358,1.8234247938601509,1,10,0.8497019591494243,1.7669941361060058,0.8,0.1730299255986342,0.1730299255986342,1,False,False,False,False,1e-07,0.9,-0.1044610570680297
0.59598984786094,0.0016968984967079,310.1919657869228,1.7661262434772238,0.0473558186773092,0.3734949957523633,,3,1,0.1,0.5254517549881821,0.2008963255479406,0.9856163856928878,1.5842579182042134,1.5096708395973348,1.6774120439970386,1,10,1.8092432820458444,1.8937401668590723,0.8,0.2008963255479406,0.2008963255479406,1,False,False,False,False,1e-07,0.9,-0.3072959114802108
0.3181672153950625,0.0060031619870729,39.35889194953253,2.6938500176273203,0.1563702247798856,0.5442143003245867,,3,1,0.1,0.6570672083789937,0.1904262478951672,0.868687229583431,1.6847435255744654,0.7537602916042656,0.8375114351158507,1,10,1.3464307313209496,0.7641464453780485,0.8,0.1904262478951672,0.1904262478951672,1,False,False,False,False,1e-07,0.9,-0.6243938608235443
0.6386158252105348,0.007196448172798,34.74291669555055,1.4888871580183471,0.2281847283390521,0.521616839149084,,3,1,0.1,0.8454572023217753,0.1365133288274611,1.4374697523249067,0.8688796774461471,0.8254044203560879,0.9171160226178754,1,10,1.179218021186306,1.8544630735291632,0.8,0.1365133288274611,0.1365133288274611,1,False,False,False,False,1e-07,0.9,-0.2246891476173351
0.3839430362135532,1.1114568411074442e-08,7426445.012619574,3.2563063422993666,2.320742086180949e-06,0.3343781951130261,,3,1,0.1,0.1819254760754426,0.1126944407358651,0.942611597626232,0.8484678132585586,1.791563065874505,1.99062562874945,1,10,1.6006734720769626,0.8368595086855771,0.8,0.1126944407358651,0.1126944407358651,1,False,False,False,False,1e-07,0.9,-0.8162064463065105
0.5264952373426626,0.0027697240060461,187.25189779845428,1.297501377377252,0.0254909134230974,0.4949265184325809,,3,1,0.1,0.93078145316038,0.2658572824821271,0.9580637486194816,0.8285931670170856,0.9184517630016596,1.020501958890733,1,10,0.0990960593689237,1.8030968082608123,0.8,0.2658572824821271,0.2658572824821271,1,False,False,False,False,1e-07,0.9,-0.5996015159982585
0.5535599761037562,0.0199990901146522,12.273916044790507,2.141679663742931,0.1859467495871974,0.6589853762864568,,3,1,0.1,0.8395612069300635,0.1743126460268582,1.4075724302056174,1.7620012148396595,0.4657359212911815,0.5174843569902017,1,10,1.80695275794368,1.4128111868244106,0.8,0.1743126460268582,0.1743126460268582,1,False,False,False,False,1e-07,0.9,-0.8611479644736412
0.6959329757273981,5.557190958478948e-06,37801.08085273354,2.309386038268448,0.0003177326221423,0.4358946064588795,,3,1,0.1,0.2517064434689277,0.125295095303537,1.5210279058227774,1.0682611503876598,1.1647192845798653,1.2941325384220723,1,10,0.1690486659084704,1.9979153996899568,0.8,0.125295095303537,0.125295095303537,1,False,False,False,False,1e-07,0.9,-0.8234797974080597
0.4202907334720138,2.7770003629210696e-06,26679.90360819255,5.716083457642663,0.000566569431088,0.4994437402191889,,3,1,0.1,0.1985807233818341,0.0895183537503439,1.1704637991319615,1.3536546001533305,0.9020047655518127,1.002227517279792,1,10,0.9943813054573954,0.8276376884382344,0.8,0.0895183537503439,0.0895183537503439,1,False,False,False,False,1e-07,0.9,-0.8984010004438572
0.7036097271033381,4.5479103313326144e-10,174692392.39544332,-2.696915388892369,1.8172108848221685e-07,0.3503000248674338,,3,1,0.1,0.1538768974779552,0.0763014805157049,1.7946958812825369,0.6094461928259899,1.669226195004104,1.8546957722267825,1,10,0.2118972209833177,1.6477884250978474,0.8,0.0763014805157049,0.0763014805157049,1,False,False,False,False,1e-07,0.9,-0.1737422489474661
0.2901404534437581,0.0327852101471941,4.421016238397462,2.4675251899350736,0.4099360730638253,0.6853931807580856,,3,1,0.1,-1.974179074488324,0.1929300149092936,1.115161638343373,1.2981945164475608,0.4131149029007648,0.4590165587786275,1,10,1.424684200432748,0.733022657027624,0.8,0.1929300149092936,0.1929300149092936,1,False,False,False,False,1e-07,0.9,-0.3206940716438271
0.6592976094850792,0.0001332807826918,240.8115094868587,5.614241056538529,0.0355005433550468,0.7509449072898081,,3,1,0.1,0.276446649178091,0.0561402542885954,1.0233476021736392,1.3329519997201866,0.2984900506857925,0.3316556118731028,1,10,1.1661463261565987,1.2932860849883867,0.8,0.0561402542885954,0.0561402542885954,1,False,False,False,False,1e-07,0.9,-0.9169416209939736
0.5207560141199983,0.0070225547849397,94.56568176549992,1.657113525359151,0.0570803876273344,0.6324662520517798,,3,1,0.1,0.889235634813707,0.1962040924196826,0.6360767768579818,0.5811576932461862,0.5230008274438607,0.5811120304931785,1,10,1.9527763104818057,1.4899372428195288,0.8,0.1962040924196826,0.1962040924196826,1,False,False,False,False,1e-07,0.9,-0.8447973698199899
0.3774464285666643,0.005734361273331,53.55446307264827,0.7465534112046447,0.0913160359748957,0.474433777303373,,3,1,0.1,0.7045616759387586,0.2341350101578765,1.9852699569494263,0.9456292469010654,0.9969981545485576,1.107775727276175,1,10,1.449257063249575,1.2057463093320269,0.8,0.2341350101578765,0.2341350101578765,1,False,False,False,False,1e-07,0.9,-0.5747979804190521
0.5084369131052209,0.0004562541197074,1106.5759858758493,1.2205929019888704,0.0100447649944515,0.3455001772284104,,3,1,0.1,0.45790882105184,0.2480419957004573,0.8264045200085965,1.1002480536181407,1.7049190689850475,1.8943545210944968,1,10,1.2700572533887295,1.909824412301892,0.8,0.2480419957004573,0.2480419957004573,1,False,False,False,False,1e-07,0.9,-0.7596340680178998
0.5119284188781714,0.0681900019623936,5.297072253024536,1.6119984768557154,0.1391208366314623,0.7334551346153477,,3,1,0.1,-2.9345910988565898,0.2424086210364257,0.9675821085675892,1.9557076148575216,0.3270689201351012,0.3634099112612236,1,10,1.5796740727250338,1.3636067488762351,0.8,0.2424086210364257,0.2424086210364257,1,False,False,False,False,1e-07,0.9,-0.5092266501862969
0.2850837312758789,8.569027234166806e-11,448804095.8995316,7.448054174877697,7.179366003228446e-08,0.3532698608033339,,3,1,0.1,0.1357932118046238,0.0796979818291202,1.2009366172849885,1.2624437329089908,1.6476274651718217,1.8306971835242465,1,10,0.9770402718928402,0.5951768589512904,0.8,0.0796979818291202,0.0796979818291202,1,False,False,False,False,1e-07,0.9,-0.4706352579725582
0.3839137825375098,0.0042717517185657,39.273822326190505,2.3433581229414133,0.0994614163074484,0.552760817670445,,3,1,0.1,1.1701793773879146,0.1789550476994394,1.6446840280281252,1.1351019049234594,0.7281906590140733,0.8091007322378592,1,10,0.2037930633069199,0.9183269212769066,0.8,0.1789550476994394,0.1789550476994394,1,False,False,False,False,1e-07,0.9,-0.3361063985597897
0.4764467034197534,0.0022174783420293,125.08308108400956,1.4740197795372614,0.0390386841084135,0.3572670450086154,,3,1,0.1,0.8315086442361574,0.2883846285442957,1.81189112361779,1.9995792476917216,1.619124035015031,1.7990267055722569,1,10,0.2152231507139896,1.522212656329747,0.8,0.2883846285442957,0.2883846285442957,1,False,False,False,False,1e-07,0.9,-0.3481789409478081
0.1971421944283177,2.9123797163549325e-05,3309.979386305723,2.5291096620006583,0.0038543981226855,0.4733031470171198,,3,1,0.1,0.2939916062104238,0.1324265296532321,1.3163553527241176,0.7518931604885732,1.0015297186846004,1.1128107985384448,1,10,1.3873802427190085,0.5305278733778201,0.8,0.1324265296532321,0.1324265296532321,1,False,False,False,False,1e-07,0.9,-0.8219661369864718
0.4335746666950332,1.1937586141200855e-09,16751154.547793226,8.508772243107,1.6334333259804808e-06,0.4688857483185417,,3,1,0.1,0.1222937851102845,0.0567531931638056,1.4341281776521155,1.385915147103725,1.019444135863513,1.1327157065150142,1,10,1.3567018530200254,0.8025046153509665,0.8,0.0567531931638056,0.0567531931638056,1,False,False,False,False,1e-07,0.9,-0.3969287361400784
0.6610160281014829,0.0186526832690936,11.240836427811765,2.315357319963146,0.1323671446477011,0.8185749916497413,,3,1,0.1,-0.1649090042416701,0.1126711105317392,0.9936121281641248,0.5310234481501303,0.1994716540095565,0.2216351711217295,1,10,1.6309489608335372,1.707254421887172,0.8,0.1126711105317392,0.1126711105317392,1,False,False,False,False,1e-07,0.9,-0.1066662865654773
0.5528245499824672,0.0091159925341046,51.14405459813626,1.4543740769682492,0.0835720126821752,0.5707297459235456,,3,1,0.1,0.7678583186975345,0.2133066336902838,1.0333363870360548,0.8339881386106498,0.6769284962423583,0.7521427736026203,1,10,0.8125331114713146,1.7535337123974333,0.8,0.2133066336902838,0.2133066336902838,1,False,False,False,False,1e-07,0.9,-0.803694617534857
0.2234017481804871,1.567124862616581e-09,24722472.217945416,7.724292409582092,1.2025764378476751e-06,0.3495873931793758,,3,1,0.1,0.1682943479760517,0.0880906593362715,1.1402878741031754,1.302436492190186,1.6744635463390505,1.8605150514878337,1,10,0.4037279309088978,0.5062583924062715,0.8,0.0880906593362715,0.0880906593362715,1,False,False,False,False,1e-07,0.9,-0.2425205099675689
0.3976068353282433,0.000150877341169,1045.5508211093943,0.5170143443269782,0.0039362065599445,0.3439134616452247,,3,1,0.1,0.4329354091658154,0.2409199892989308,1.96018169753852,0.7885612221305094,1.7169373995846229,1.907708221760692,1,10,0.4956518259102256,1.4348285239800638,0.8,0.2409199892989308,0.2409199892989308,1,False,False,False,False,1e-07,0.9,-0.8318309940651747
0.1866523806683764,0.0001456243182177,1302.5829370779884,-1.8485544808312464,0.0087827834756818,0.3687853103367671,,3,1,0.1,0.476133937791945,0.1972509751597664,1.6393186460648246,0.5665903657734287,1.5404442768561974,1.7116047520624416,1,10,0.4793071870365039,0.6961234901935234,0.8,0.1972509751597664,0.1972509751597664,1,False,False,False,False,1e-07,0.9,-0.3353175085560618
0.5128531076314979,0.0149709732985527,39.84296750008246,1.0408470418140223,0.1011614757080028,0.5397252197192891,,3,1,0.1,1.6033958815319815,0.2698904819269228,1.0045874446939216,0.5952449583068797,0.767515185723746,0.8527946508041622,1,10,0.4405565268286679,1.9300286595394365,0.8,0.2698904819269228,0.2698904819269228,1,False,False,False,False,1e-07,0.9,-0.4989431673423091
0.2716843571727668,0.0132429643668452,19.420767265071103,1.9173510049333733,0.1774997733571717,0.6029833934095042,,3,1,0.1,1.933356928841908,0.2344064143292536,0.7452844376847622,0.7422660656387005,0.5925784189694636,0.6584204655216263,1,10,0.957282001682484,0.7352450846477198,0.8,0.2344064143292536,0.2344064143292536,1,False,False,False,False,1e-07,0.9,-0.5125337710646153
0.539202799949537,0.0099086298434918,41.84263334525197,1.5803567891985797,0.0200830407825749,0.7415270752944828,,3,1,0.1,-24.0212537771964,0.2179021031514516,0.9583227459250772,0.6984539974493429,0.3137115824699762,0.3485684249666402,1,10,0.1415206528099003,1.609961233810323,0.8,0.2179021031514516,0.2179021031514516,1,False,False,False,False,1e-07,0.9,-0.6039388706790181
0.1793655630255667,0.0230560215655671,6.706867091419095,1.7409301933671988,0.1534847131462411,0.7189984681461963,,3,1,0.1,-2.785986130910032,0.2986834795476738,1.062148635477188,1.5428846952873898,0.351741192607103,0.3908235473412256,1,10,0.8854944436381864,0.545171926076844,0.8,0.2986834795476738,0.2986834795476738,1,False,False,False,False,1e-07,0.9,-0.5531865035678072
0.5949928981982716,0.0318534054098845,8.879705038824735,1.8102517099189488,0.1868492743906592,0.6709160836021887,,3,1,0.1,1.146659634310384,0.1926675076325182,1.4836764273274758,1.6648068809176282,0.441449433091313,0.4904993701014589,1,10,1.9903146803447285,1.7071206280010247,0.8,0.1926675076325182,0.1926675076325182,1,False,False,False,False,1e-07,0.9,-0.8025867077219719
0.6290316529171003,1.6708442744344138e-06,110894.4554679927,3.924857500021201,0.0002538640438074,0.3763404579877216,,3,1,0.1,0.2281452019280915,0.1020181741762143,0.8945138980184814,1.616023191959136,1.4914516255102268,1.657168472789141,1,10,1.3635002758335588,1.4012325886012214,0.8,0.1020181741762143,0.1020181741762143,1,False,False,False,False,1e-07,0.9,-0.2175319891353548
0.66061523043931,2.687047888490853e-05,8352.767341427048,2.285182648255761,0.0011526788866951,0.4686449416671396,,3,1,0.1,0.3428274870084603,0.1342024662412136,1.692390786980229,1.892461494505524,1.0204304153980075,1.133811572664453,1,10,0.0503681816412905,1.8087468532807376,0.8,0.1342024662412136,0.1342024662412136,1,False,False,False,False,1e-07,0.9,-0.4495675720589578
0.3867841771709125,0.0234786847302871,18.193806595681167,2.184950829296838,0.2865138023941332,0.6203312855361847,,3,1,0.1,1.7738832602831809,0.2012758947232816,0.5555587424409588,1.189603053034994,0.5508376749402265,0.612041861044696,1,10,1.6420943600007474,0.9505035361431736,0.8,0.2012758947232816,0.2012758947232816,1,False,False,False,False,1e-07,0.9,-0.4690329906363956
0.7294026039963951,0.0003531273933437,135.9173777869041,4.34188314378276,0.0476910949961119,0.7386393012219641,,3,1,0.1,0.354260550975794,0.0645981666288547,1.3437300672034431,1.796040613825458,0.3184566926117927,0.3538407695686585,1,10,0.5073187873812385,1.5772158615713223,0.8,0.0645981666288547,0.0645981666288547,1,False,False,False,False,1e-07,0.9,-0.6038754678746883
0.3457810605098803,0.0082299368380855,41.767337303106345,2.0230180887580684,0.2020581954851812,0.4080117037778553,,3,1,0.1,0.8880697655602686,0.2536388281399848,0.855672976541884,1.7124358312686314,1.30581907741061,1.450910086011789,1,10,1.1238822460244278,0.8829100528594876,0.8,0.2536388281399848,0.2536388281399848,1,False,False,False,False,1e-07,0.9,-0.3377737758842805
0.5769126404547964,0.0008133547907267,445.6243420476019,1.0761478262337163,0.0221537258742405,0.3887437729906841,,3,1,0.1,0.4935448013438522,0.194871909392996,1.4658874540912394,0.9174748513196892,1.4151496243299768,1.572388471477752,1,10,0.8590594103998915,1.935581423516839,0.8,0.194871909392996,0.194871909392996,1,False,False,False,False,1e-07,0.9,-0.3500464113316944
0.2316272844122765,0.0007834749884223,393.08803469213336,2.600795417318538,0.0402393096159988,0.3784609680070409,,3,1,0.1,0.5398131279768295,0.2269133242718303,0.6033942629592441,1.9640279028502423,1.478052364922494,1.642280405469438,1,10,0.9178797042918084,0.6166308134034363,0.8,0.2269133242718303,0.2269133242718303,1,False,False,False,False,1e-07,0.9,-0.426862785091097
0.4482777065628127,0.0122701672282516,20.340245306384627,1.3060521562124006,0.0208332608614843,0.7119738184903434,,3,1,0.1,-0.5125583514166071,0.2937412491760918,1.648036781819951,0.9203915659106852,0.3640914267161452,0.4045460296846057,1,10,0.0976651839350534,1.35084344637355,0.8,0.2937412491760918,0.2937412491760918,1,False,False,False,False,1e-07,0.9,-0.2428667236420462
0.5474060412205768,0.0062240228138321,52.788550213636334,1.8542654458292929,0.0716831133234303,0.5457092823392689,,3,1,0.1,0.6436399632493814,0.2118743934635786,1.3160126799655247,1.433201847034871,0.7492297806297308,0.8324775340330341,1,10,0.639004082680168,1.5216183139713524,0.8,0.2118743934635786,0.2118743934635786,1,False,False,False,False,1e-07,0.9,-0.9241673884564748
0.4571448432803311,3.39740374552407e-05,6728.140089193128,4.123262577976202,0.0015576495960774,0.6672494847918129,,3,1,0.1,0.437821072599857,0.1087349552949516,0.8096320774325351,1.765436785784115,0.4488208241641537,0.4986898046268375,1,10,0.0105875748559574,0.9299779046485054,0.8,0.1087349552949516,0.1087349552949516,1,False,False,False,False,1e-07,0.9,-0.8596801842209151
0.1780614917374716,0.0005684702609737,269.9499963598819,1.86254509476178,0.0328180636147472,0.4008946805834689,,3,1,0.1,0.5091387166596453,0.222401485707928,1.267055093626919,1.036647004648885,1.3449786529722083,1.4944207255246762,1,10,1.7860113702183713,0.5394211116845369,0.8,0.222401485707928,0.222401485707928,1,False,False,False,False,1e-07,0.9,-0.5493968632831454
1.523418090235946,3.565541280346772e-15,6792636663764.766,20.841404170962768,6.919444139098245e-12,0.3502836104042828,,3,1,0.1,0.0941803420869981,0.0529262249422984,0.9245277966964152,0.5666454239521803,1.669346590213734,1.8548295446819263,1,10,0.2242082428316136,1.3385362799270375,0.8,0.0529262249422984,0.0529262249422984,1,False,False,False,False,1e-07,0.9,-0.2112737856609855
0.6515728851311818,0.0278145760229086,5.294113363363084,2.2422067910902204,-0.0341071435276851,0.902081953159625,,3,1,0.1,-0.4384958313577778,0.1192867728594721,1.9275658998100087,0.8469775739054434,0.097692057631424,0.1085467307015822,1,10,1.365579841192104,1.7685073053842766,0.8,0.1192867728594721,0.1192867728594721,1,False,False,False,False,1e-07,0.9,-0.2908641378128758
0.4146304350788446,0.0097158043503184,24.329628428733777,2.564768905124856,0.1371407587691629,0.6322615664693896,,3,1,0.1,0.8232670114093436,0.1816510435701027,1.0605510273974856,1.5962395321802303,0.5234615034813647,0.5816238927570718,1,10,0.7839367965717198,0.9600106349016276,0.8,0.1816510435701027,0.1816510435701027,1,False,False,False,False,1e-07,0.9,-0.7808112008556709
0.5746199515159529,0.0043247877673817,87.97797506492321,1.1681621700710838,0.0598797548320656,0.5317603557717122,,3,1,0.1,0.6220635792125068,0.1901150076832611,1.4120896985835791,0.7470801790358763,0.7924917215648455,0.8805463572942728,1,10,0.7202845109543744,1.964060467181007,0.8,0.1901150076832611,0.1901150076832611,1,False,False,False,False,1e-07,0.9,-0.6216688103550381
0.5491395451105263,4.3842295032006206e-10,49149328.26891627,5.550604867447744,6.125230270823503e-07,0.4319404350306208,,3,1,0.1,0.123184936589386,0.0554490666472032,1.9527347918878568,1.469745005996222,1.1836206268491574,1.315134029832397,1,10,1.4740977263060504,1.019612976784019,0.8,0.0554490666472032,0.0554490666472032,1,False,False,False,False,1e-07,0.9,-0.2030908498851404
0.5535963563324717,1.5875464013728062e-08,4650797.802414608,7.829321262578865,9.112437812500997e-06,0.3880098150296386,,3,1,0.1,0.1707711426975635,0.0712861555633375,0.8352681492636594,1.8067233644703904,1.4195289529757191,1.5772543921952435,1,10,0.5477187394215636,1.0534052695071243,0.8,0.0712861555633375,0.0712861555633375,1,False,False,False,False,1e-07,0.9,-0.1421703605638117
0.5082630326295984,0.0200740925448193,49.165081951212215,1.7944053876417476,0.2645660263080411,0.5062020263117922,,3,1,0.1,-1.3765109022149793,0.2266014646711549,0.5821017943455159,1.9115421730687563,0.8779462610164463,0.9754958455738292,1,10,0.177877673451584,1.3839657502383385,0.8,0.2266014646711549,0.2266014646711549,1,False,False,False,False,1e-07,0.9,-0.174214700687356
0.7448841523099213,0.0066331020212276,17.26927856199686,2.7821328536677363,0.1494780673168178,0.8147118492766973,,3,1,0.1,0.8087084339368061,0.0855763549973065,1.1504499332252949,1.3641067926846686,0.2046850500566815,0.2274278333963128,1,10,1.0442753578898214,1.831909591771629,0.8,0.0855763549973065,0.0855763549973065,1,False,False,False,False,1e-07,0.9,-0.8773175030723702
0.534676187408072,0.0587832413596635,4.125909375497431,1.5948189940450117,0.4078237731924913,0.614984637321692,,3,1,0.1,-4.997669666608734,0.2187530285052024,1.7696944010145053,1.205605423410641,0.5634511911054776,0.6260568790060862,1,10,1.7607227075111138,1.583670577492369,0.8,0.2187530285052024,0.2187530285052024,1,False,False,False,False,1e-07,0.9,-0.3137454027321751
0.4442331192127494,0.0847091708848424,3.654775748273613,1.470571161920518,0.0305167072112965,0.7933379394862398,,3,1,0.1,-0.4250340405089506,0.272841748647793,0.9577029614773042,1.7537626754578088,0.2344471948270038,0.2604968831411154,1,10,1.6607112747471615,1.18956127528094,0.8,0.272841748647793,0.272841748647793,1,False,False,False,False,1e-07,0.9,-0.2550765351013102
0.4621530388731366,0.0779323049640264,3.0368051775499323,1.548997664129664,-0.0418222219927439,0.838017092948693,,3,1,0.1,-0.3280662526856031,0.2526754195069758,1.3078584344827586,1.8436016208795496,0.1739637742151662,0.1932930824612957,1,10,1.4104542264252862,1.21941084078372,0.8,0.2526754195069758,0.2526754195069758,1,False,False,False,False,1e-07,0.9,-0.2271519414739383
0.6917464269757986,0.0002024289098904,833.751527196083,2.7451284255447344,0.0100916495091173,0.5539207536924489,,3,1,0.1,0.2957695504995967,0.109702238919634,1.3922647831247623,1.3247060668486546,0.7247811514563746,0.8053123905070828,1,10,0.744373958690417,1.761455569123095,0.8,0.109702238919634,0.109702238919634,1,False,False,False,False,1e-07,0.9,-0.8083339122589811
0.3897555687025031,0.0010946016782862,217.40178215864907,2.337895939448977,0.0241216547074253,0.5117969760827693,,3,1,0.1,0.624868860032707,0.2010560509744509,1.1819001641615727,1.3097666170264444,0.8585098038063621,0.9538997820070688,1,10,0.1444949158575802,0.9292536133768854,0.8,0.2010560509744509,0.2010560509744509,1,False,False,False,False,1e-07,0.9,-0.618218425273208
-9.749354682085748,2.981491640077137e-16,123985625759.2881,-25806.45785992069,3.915416037110003e-13,0.3411108105038322,,3,1,0.1,0.0844586009596136,0.0508417450251959,1.4127195471877907,1.038428788710209,1.7384388072329615,1.9315986747032907,1,10,0.8252102365238133,1.4035994057893353,0.8,0.0508417450251959,0.0508417450251959,1,False,False,False,False,1e-07,0.9,-0.3047020552467369
0.3121218048396203,0.0007002896174736,312.0929480669765,2.223128811092411,0.0232773229868819,0.4122438855157194,,3,1,0.1,0.4803267908754133,0.2255376340740809,1.1522306666815578,1.3306958981690875,1.2831736785473362,1.4257485317192624,1,10,0.7587335933945681,0.7893555315511971,0.8,0.2255376340740809,0.2255376340740809,1,False,False,False,False,1e-07,0.9,-0.7865652398024429
0.2395851159000154,2.516195021169611e-06,22223.97799185113,6.411293396534411,0.0007719990861121,0.4431282656013857,,3,1,0.1,0.2159484363426056,0.1005945146189729,1.7930072127936252,1.9895645085346247,1.1310146516575217,1.256682946286135,1,10,1.978969721152024,0.5434233557090047,0.8,0.1005945146189729,0.1005945146189729,1,False,False,False,False,1e-07,0.9,-0.4896060350992817
0.2175170773510808,0.0007249515158758,263.6886883471778,1.6106755459668998,0.02600893926255,0.3606358282037884,,3,1,0.1,0.5311253443331848,0.2829422916497209,0.9521219483695552,1.1911120792114496,1.5955923111761023,1.7728803457512248,1,10,1.6641333160185434,0.6450522959403168,0.8,0.2829422916497209,0.2829422916497209,1,False,False,False,False,1e-07,0.9,-0.9568388463120836
0.5833477052250241,0.0205301437462791,12.524916007161188,3.0861939083030414,0.5691712308496426,0.6282553514740037,,3,1,0.1,3.751744078189161,0.1252471894622618,0.7718992330453766,1.7163621618442433,0.5325385337163191,0.5917094819070212,1,10,0.7972185782046867,1.318269040678854,0.8,0.1252471894622618,0.1252471894622618,1,False,False,False,False,1e-07,0.9,-0.2325540905365568
0.7603466578613172,0.0008240660037237,49.258826928404886,2.6506624385056963,0.1123499137956928,0.7841141300232961,,3,1,0.1,0.4757233012019144,0.0598710101843782,1.7472207861123823,0.8185045736974996,0.2477920949763536,0.2753245499737263,1,10,0.980996456462988,1.7542473135020915,0.8,0.0598710101843782,0.0598710101843782,1,False,False,False,False,1e-07,0.9,-0.5214261408598475
0.3920702484705201,0.0382857093796291,8.867874479688442,1.6741597259585064,-0.0490689603333717,0.8868024436624945,,3,1,0.1,-1.2721385415924094,0.2534915332894902,0.8971687196224146,1.9036983702281425,0.11488218309706,0.1276468701078445,1,10,0.8755033860801024,0.9877279972949152,0.8,0.2534915332894902,0.2534915332894902,1,False,False,False,False,1e-07,0.9,-0.7194384056088946
0.5420361126424178,0.0098941546990909,36.46911269341117,1.415494258006579,0.1192126896986482,0.4347837554283538,,3,1,0.1,0.9061724515478824,0.2731796211799839,1.6441996125317782,1.3734423237996531,1.169994540420007,1.2999939338000075,1,10,0.6295863090800791,1.818603425406256,0.8,0.2731796211799839,0.2731796211799839,1,False,False,False,False,1e-07,0.9,-0.4503267170865369
0.5433560756528072,6.550852771799948e-07,94777.51860743103,0.9980814738097356,0.0001687122682511,0.5256331276613264,,3,1,0.1,0.1764863771761513,0.0750777655449365,1.925919664433693,0.836958919715431,0.8122208487968132,0.9024676097742368,1,10,0.4327205940419992,1.0958066828474884,0.8,0.0750777655449365,0.0750777655449365,1,False,False,False,False,1e-07,0.9,-0.805962535368728
0.3473751040912759,0.0066478237433972,21.3220113276104,3.1471152436379555,0.0881639528292194,0.7828994405478246,,3,1,0.1,1.2948381263096715,0.1333611940304225,1.2869843539928505,0.6633019292116021,0.2495729251897736,0.2773032502108595,1,10,0.8732833343674624,0.8292241799642073,0.8,0.1333611940304225,0.1333611940304225,1,False,False,False,False,1e-07,0.9,-0.9150118465565484
0.1621240534611587,0.0097089302933296,13.298814831256015,2.24129517263581,0.1512509006739125,0.7330545163901725,,3,1,0.1,-8.37669719131144,0.1848001814759287,1.6779132615501506,0.646612132774735,0.3277395198817243,0.3641550220908048,1,10,1.1304581587149067,0.5581471021371516,0.8,0.1848001814759287,0.1848001814759287,1,False,False,False,False,1e-07,0.9,-0.4687386304368596
0.3445738958853824,7.862858244947655e-06,14202.811453465782,5.4047328733430415,0.0011331577544032,0.5176333995179278,,3,1,0.1,0.2882055716877324,0.1037490801301465,0.8464352260921917,1.2885289788112075,0.8386822427574616,0.9318691586194018,1,10,0.0674846452858059,0.706182894990238,0.8,0.1037490801301465,0.1037490801301465,1,False,False,False,False,1e-07,0.9,-0.4388165486858915
0.5999038528012409,3.400277250003279e-05,10192.007887954738,0.4840611042134091,0.0015685712159008,0.3938585269430549,,3,1,0.1,0.3337220566237721,0.150663483677256,1.07583724464036,0.5106473849005779,1.3850844616349376,1.5389827351499306,1,10,0.3218126086673794,1.8348173236104968,0.8,0.150663483677256,0.150663483677256,1,False,False,False,False,1e-07,0.9,-0.3836375397699948
0.6607150350773309,0.0001519723079793,1502.0363410610023,2.959621662117792,0.007431988849654,0.5567182227018634,,3,1,0.1,0.3097345194445264,0.1117368081344494,0.9056053697087464,1.097717819933666,0.7166167430843605,0.7962408256492894,1,10,0.3526088584037098,1.591288906511232,0.8,0.1117368081344494,0.1117368081344494,1,False,False,False,False,1e-07,0.9,-0.753723166314437
0.2692982767031791,2.8469048878958635e-05,3162.1541700391062,2.479537373174999,0.0037328488374687,0.4940627635279337,,3,1,0.1,0.2793213387987424,0.1160900541981527,1.6320555569411677,0.9410047138096032,0.9216309069183982,1.0240343410204424,1,10,0.6320461222369038,0.6413355972340915,0.8,0.1160900541981527,0.1160900541981527,1,False,False,False,False,1e-07,0.9,-0.6350106486375544
0.381050378646143,0.0282492645071186,7.429141340237813,1.631684125242927,0.008947441784736,0.8156425111297878,,3,1,0.1,-0.5810975408071293,0.2692140536307616,1.8056273006215369,1.7864110628028755,0.2034245857947796,0.2260273175497551,1,10,0.3744174358846609,0.9826922802709976,0.8,0.2692140536307616,0.2692140536307616,1,False,False,False,False,1e-07,0.9,-0.3390485761308619
0.2557101049793757,0.01216189530921,10.838875836151365,3.905336900690461,0.0246364831037223,0.9129693847839364,,3,1,0.1,-2.1561393771854176,0.1423427449977817,0.6714267162022114,1.194737913758514,0.0857942829189111,0.0953269810210123,1,10,1.1014804602458954,0.6095621153619203,0.8,0.1423427449977817,0.1423427449977817,1,False,False,False,False,1e-07,0.9,-0.8491097164213082
0.4896621822797623,8.219568741454188e-05,3925.5930041486,0.8485234866182129,0.0022875946972349,0.3370205622505035,,3,1,0.1,0.4009730927764935,0.2215792100940339,0.8653014816783849,0.5736559239152039,1.7704602057219312,1.967178006357701,1,10,0.8021720845170504,1.937642669133539,0.8,0.2215792100940339,0.2215792100940339,1,False,False,False,False,1e-07,0.9,-0.6765684540150558
0.7720485755624386,8.55401854065365e-12,7172747080.506245,3.588544323880089,3.8182593199354215e-09,0.3448097158193022,,3,1,0.1,0.117482316598574,0.0731880356666249,1.8967769968670525,1.7481057610334767,1.7101352679738446,1.900150297748716,1,10,1.67843015383951,1.9431627223861816,0.8,0.0731880356666249,0.0731880356666249,1,False,False,False,False,1e-07,0.9,-0.7832475434978509
0.6696852085655992,1.713087713798118e-10,712971527.848911,3.1876806604389323,9.934289942338057e-08,0.3452986037527294,,3,1,0.1,0.1416454548752204,0.0709117156649831,0.6013523289252456,0.8522503466897826,1.7064397313476996,1.8960441459418884,1,10,1.4149443674382554,1.400876314902231,0.8,0.0709117156649831,0.0709117156649831,1,False,False,False,False,1e-07,0.9,-0.1589226702444012
0.7265974140319287,1.7154081992804805e-06,104969.47528804957,3.9605450148030568,0.0002096601946222,0.3413756194923635,,3,1,0.1,0.2497034107986018,0.1108448795998018,1.4638123522058517,1.837321924368284,1.7363921399493292,1.929324599943699,1,10,0.933858817176867,1.976178829072472,0.8,0.1108448795998018,0.1108448795998018,1,False,False,False,False,1e-07,0.9,-0.1762297465844419
0.3342888222753258,0.0052513106605492,53.75972963552548,1.1441929404806568,0.0888775795224733,0.4398653215635629,,3,1,0.1,0.7129145923311623,0.2715669313478437,1.5425697599281512,1.0630985344966264,1.146080824923465,1.2734231388038502,1,10,1.3937002557065192,0.9893129754029666,0.8,0.2715669313478437,0.2715669313478437,1,False,False,False,False,1e-07,0.9,-0.6665533958561795
0.5675437544161585,0.0338128146850761,5.804009777887116,1.884632865802256,0.0129644338402654,0.823975151533881,,3,1,0.1,-2.371443317345036,0.1840409032453493,1.857619973760736,1.872973044001851,0.1922659479774288,0.213628831086032,1,10,0.6546146759551315,1.4794670009570583,0.8,0.1840409032453493,0.1840409032453493,1,False,False,False,False,1e-07,0.9,-0.5978943732329645
0.4688640969666614,4.022640830146904e-05,2033.5143251036463,6.821974974897486,0.008775100182952,0.600421117335167,,3,1,0.1,0.2806095961245535,0.0758705730043169,0.8512100487216328,1.9212905884554048,0.5989479450597041,0.6654977167330045,1,10,0.3235324046142062,0.8874913941305553,0.8,0.0758705730043169,0.0758705730043169,1,False,False,False,False,1e-07,0.9,-0.3525841482801474
0.5233542537667148,0.0021294404386214,268.6517519897216,1.3422567777968144,0.0154538692615455,0.5485962895176099,,3,1,0.1,2.5166320556317454,0.258289165257539,0.9002151966494532,1.3597715375463055,0.7405506511744465,0.8228340568604962,1,10,0.0289404786015569,1.7336571652053705,0.8,0.258289165257539,0.258289165257539,1,False,False,False,False,1e-07,0.9,-0.4062738634453452
0.344266523031684,0.0073210794115175,38.20679475342792,1.826866076265127,0.0958923366954357,0.5896745282990195,,3,1,0.1,0.8384898779141515,0.2156539277288562,1.0431139944392591,0.7867805581026366,0.6262656886268233,0.6958507651409147,1,10,1.9344363620781528,0.914263214187442,0.8,0.2156539277288562,0.2156539277288562,1,False,False,False,False,1e-07,0.9,-0.8304301845812412
0.5776856478887694,2.3383478567590168e-05,17827.34410288276,2.0311173427872484,0.0014222552691365,0.3362866910853075,,3,1,0.1,0.3408605682394763,0.1555865319631047,0.7347887562046518,0.8609317405548441,1.776287893212201,1.973653214680224,1,10,0.6984510230347203,1.5412530954894954,0.8,0.1555865319631047,0.1555865319631047,1,False,False,False,False,1e-07,0.9,-0.2524432214336449
0.4973204060571001,0.0275178650370758,34.54262549157161,1.3935063192970762,-0.0526619237428242,0.9004279955213533,,3,1,0.1,-1.0587749000944289,0.2649645725644262,0.527983117520318,0.9140198552772012,0.0995246754615782,0.1105829727350869,1,10,0.4422766975700762,1.4398844727082245,0.8,0.2649645725644262,0.2649645725644262,1,False,False,False,False,1e-07,0.9,-0.6819969927512568
0.5452370897035855,0.0106592267248796,72.03763230467247,1.4997409184121402,0.1695483724444956,0.3684102097436097,,3,1,0.1,0.8954986867095744,0.2827336579342345,0.82666565775737,1.5495680728312309,1.5429290399588629,1.7143655999542922,1,10,1.2628258752766144,1.8594744361371864,0.8,0.2827336579342345,0.2827336579342345,1,False,False,False,False,1e-07,0.9,-0.3297702983442316
0.4276357704292165,0.0044529459894497,69.32831117896569,1.2948581188043171,0.074178009161462,0.4105351594374369,,3,1,0.1,0.6104362834720052,0.2681598022590412,1.738834185087586,1.498244307841965,1.2922604661517532,1.4358449623908367,1,10,1.998000548182871,1.270367527995108,0.8,0.2681598022590412,0.2681598022590412,1,False,False,False,False,1e-07,0.9,-0.7330823502503933
0.1489404075992586,0.0010132851631706,168.14009180101428,0.5963254420101873,0.0371455849434861,0.4267690572063766,,3,1,0.1,0.57065615257545,0.2575130273627019,1.8669209629995764,0.8438349802328551,1.208868918218639,1.3431876869095989,1,10,1.5345759391852625,0.5686323601019799,0.8,0.2575130273627019,0.2575130273627019,1,False,False,False,False,1e-07,0.9,-0.9010063157098022
0.5241393922674589,0.0090037866294285,45.969341337579046,1.220573871708367,0.1367195056951823,0.3642461282699145,,3,1,0.1,1.1648779592009295,0.2943251999041527,1.4097910095875368,1.0723562438890462,1.570856737104643,1.745396374560714,1,10,0.4477293447791901,1.8831048452786407,0.8,0.2943251999041527,0.2943251999041527,1,False,False,False,False,1e-07,0.9,-0.2798492392345921
0.6685292063512229,1.9635821447827685e-05,8681.200945849838,2.65603528332841,0.0013439990555413,0.4193361214009664,,3,1,0.1,0.2570149260971743,0.1224578849408509,1.956524390360329,1.6483165708255112,1.2462496409638557,1.384721823293173,1,10,1.201111836201125,1.7566330898575575,0.8,0.1224578849408509,0.1224578849408509,1,False,False,False,False,1e-07,0.9,-0.4928038765008034
0.3023007736893207,0.0006527734297263,14.226133995772528,11.760788771421185,0.2470221901915928,0.8656595211999955,,3,1,0.1,0.6327445053917221,0.0523981283630244,1.7955384993666803,1.8986785699755235,0.1396697292168648,0.1551885880187386,1,10,1.4006527844713523,0.597303867486186,0.8,0.0523981283630244,0.0523981283630244,1,False,False,False,False,1e-07,0.9,-0.8802501562998173
0.6547395920445035,0.0037257794551115,42.50758444306582,2.6249345308396497,0.0188533656077274,0.8505678168144932,,3,1,0.1,-0.9713789609893776,0.1097625904911473,1.2063947902037937,1.3504187788292286,0.1581166865337533,0.1756852072597259,1,10,0.0775049216371777,1.5651431644436882,0.8,0.1097625904911473,0.1097625904911473,1,False,False,False,False,1e-07,0.9,-0.3557555690987078
0.4405248464636099,0.0008877556695337,254.9056631787913,2.6441236955871545,0.0288741241509371,0.4667590720954057,,3,1,0.1,0.4199908409129074,0.1759965344062827,1.3211240623919995,1.581637511421009,1.0281896245951052,1.1424329162167834,1,10,1.0741691795237645,1.034892436846794,0.8,0.1759965344062827,0.1759965344062827,1,False,False,False,False,1e-07,0.9,-0.7193820544382531
0.3736819630357944,0.0141026085197953,9.557042948706064,2.608838337629219,0.1543010063043695,0.7087327102173014,,3,1,0.1,-1.4901704901735204,0.1718039372355517,1.6114174305722215,1.1331812736183502,0.369872248063808,0.4109691645153422,1,10,0.2749148259957118,0.8795506911790529,0.8,0.1718039372355517,0.1718039372355517,1,False,False,False,False,1e-07,0.9,-0.2994968598448867
0.3458061954472724,0.0204741681496586,12.73113462055547,1.8092772259543568,0.0956446225934044,0.7182920045696521,,3,1,0.1,9.00911637698547,0.2283295604056625,1.1285152054288194,0.7610195188280205,0.3529723208310162,0.392191467590018,1,10,1.8128261349997965,0.9407314829777952,0.8,0.2283295604056625,0.2283295604056625,1,False,False,False,False,1e-07,0.9,-0.6397445786386883
0.5538093431054801,0.0111842241941896,25.021377340892503,2.436473037966433,0.1362603645116017,0.6681257803807045,,3,1,0.1,1.080098279935699,0.155487673120458,0.945867980208322,1.3069807286486943,0.4470517474825942,0.4967241638695491,1,10,0.537834041771725,1.3322480969056736,0.8,0.155487673120458,0.155487673120458,1,False,False,False,False,1e-07,0.9,-0.5528248303053851
0.5616673474964677,4.6601565703959e-05,2742.7747232473043,0.9238783348577336,0.0040865264597115,0.5455801253979623,,3,1,0.1,0.258776103547392,0.0974543099331125,1.727500030231376,0.7653456924199958,0.7496202081106113,0.8329113423451237,1,10,0.859681198277787,1.2776417163419302,0.8,0.0974543099331125,0.0974543099331125,1,False,False,False,False,1e-07,0.9,-0.6832072172027015
0.5044336721536163,0.0107487984051445,25.565679887692905,1.867475596721676,0.0951491030690054,0.6075150607079466,,3,1,0.1,-31.014653875925777,0.2111298772726766,1.4086410889047714,1.5996378379818006,0.5814447545567284,0.6460497272852538,1,10,0.1457027766860385,1.3202822094710291,0.8,0.2111298772726766,0.2111298772726766,1,False,False,False,False,1e-07,0.9,-0.3212297359699613
0.5209736808055545,0.0085336839012757,108.03390868201188,1.4398983782228216,0.2085973061994892,0.3815409477038072,,3,1,0.1,1.0186511991741398,0.2202659115841631,0.5558301703487164,0.8950502037086903,1.458855597063401,1.6209506634037787,1,10,1.7885128532162151,1.5474921016577112,0.8,0.2202659115841631,0.2202659115841631,1,False,False,False,False,1e-07,0.9,-0.2089383446526937
0.3942221683968273,0.0128601223290962,3.783948287000941,5.427423803935903,0.1894167144135453,0.8999549903931502,,3,1,0.1,-0.6800827022455442,0.0894560428407032,1.8727831257699137,1.360132277259177,0.1000500131754702,0.1111666813060781,1,10,1.5150128133717524,0.795930974211844,0.8,0.0894560428407032,0.0894560428407032,1,False,False,False,False,1e-07,0.9,-0.3476367186066653
0.4125064819863014,0.0010892293497552,307.80279284241936,0.2907222525733366,0.0264441357086585,0.3709624393995398,,3,1,0.1,0.5973619588284906,0.2357758243758117,1.454471628976556,0.6471446662484748,1.526121635001079,1.6956907055567545,1,10,1.394289411531385,1.3635759926038653,0.8,0.2357758243758117,0.2357758243758117,1,False,False,False,False,1e-07,0.9,-0.3732314074790538
0.7789116573437089,1.2563590032846017e-12,44863943165.25492,-0.2975689230192077,7.04007170332794e-10,0.3519687854057732,,3,1,0.1,0.111282128741337,0.0683594699117007,1.748951144659445,0.7928249358367876,1.657044935000186,1.841161038889096,1,10,0.4897292588743003,1.926009718548572,0.8,0.0683594699117007,0.0683594699117007,1,False,False,False,False,1e-07,0.9,-0.713080852584103
0.7606435377759644,1.0645134224706788e-12,35934915294.89408,4.049939596553308,1.003651956888545e-09,0.3733287528312091,,3,1,0.1,0.1032021348244515,0.0594761315995066,1.4965198763925522,1.313714495857212,1.510743863618004,1.6786042929088931,1,10,1.218297443584215,1.7096542072551264,0.8,0.0594761315995066,0.0594761315995066,1,False,False,False,False,1e-07,0.9,-0.4408728802268615
0.4972719154271542,0.0209395900978971,12.96624985483845,1.3872194578892771,0.2248931765016105,0.5056566707873993,,3,1,0.1,3.079805773730873,0.2469893894535332,1.7992538846293802,1.127347854914138,0.8798637929536979,0.97762643661522,1,10,0.3858981159355726,1.50817084594468,0.8,0.2469893894535332,0.2469893894535332,1,False,False,False,False,1e-07,0.9,-0.3015640798944623
0.4383598962635309,0.0350811024955407,4.213000611069796,2.5966573797336605,0.141328765018352,0.801938031845599,,3,1,0.1,-0.6197690344477281,0.1646800111743952,1.3904234495908234,1.5126614169706178,0.2222812290479836,0.2469791433866485,1,10,0.7589179330619319,1.0055688788896626,0.8,0.1646800111743952,0.1646800111743952,1,False,False,False,False,1e-07,0.9,-0.2847576621267581
0.6543243169057976,0.0279174121831547,19.40737366395461,1.846000386131831,0.1577547155773005,0.6879694424645812,,3,1,0.1,1.0720812865115887,0.1789684361838703,0.8718778179139566,1.8674315154939949,0.4081976385111531,0.4535529316790589,1,10,1.3482667517353737,1.978102172241735,0.8,0.1789684361838703,0.1789684361838703,1,False,False,False,False,1e-07,0.9,-0.8485804115278276
0.5959957859155354,0.0043584246981274,92.72075379435354,1.6584140453445928,0.0447579169731467,0.5449403402514024,,3,1,0.1,0.9128301660066092,0.2138494007899795,1.2862750561013667,1.4235923360092233,0.7515569384802651,0.8350632649780723,1,10,0.1597371411310958,1.888125907932765,0.8,0.2138494007899795,0.2138494007899795,1,False,False,False,False,1e-07,0.9,-0.5278125672914056
0.6607850038385925,0.0141141952766953,10.99139925443952,3.245281171705306,-0.0444032208848382,0.954318831407372,,3,1,0.1,-0.2964161257987843,0.0877715780725491,0.6828520538095653,0.8794973664901565,0.0430810441754921,0.0478678268616579,1,10,1.997986539216424,1.449425421241578,0.8,0.0877715780725491,0.0877715780725491,1,False,False,False,False,1e-07,0.9,-0.2450684618081403
0.5338505193397869,1.7188472098929325e-05,10131.186678117783,3.3425830586220067,0.0010631133674408,0.4017569764384037,,3,1,0.1,0.2654128872899969,0.142428412049356,1.7402450904886069,1.9067002946282323,1.3401602281522187,1.4890669201691318,1,10,0.9905129606843716,1.2245728352343632,0.8,0.142428412049356,0.142428412049356,1,False,False,False,False,1e-07,0.9,-0.9287198576867798
0.7103359699454883,2.3733030506634738e-06,133949.09003248246,2.173891984596917,0.0002312952280299,0.4105654479866236,,3,1,0.1,0.2137140378572685,0.1075431271873568,0.7998964479541177,1.2233408838371689,1.2920987370308918,1.4356652633676577,1,10,1.8194903524990047,1.925224184578736,0.8,0.1075431271873568,0.1075431271873568,1,False,False,False,False,1e-07,0.9,-0.5120780299437777
0.3455290203027309,1.775045254901623e-05,10384.865238801342,2.281682145413398,0.0009043434958613,0.3464989460677926,,3,1,0.1,0.3396656893912456,0.1981105699202324,0.661543585648081,1.018696468474038,1.6974104978198548,1.886011664244283,1,10,0.3384966864886565,0.8964170889566179,0.8,0.1981105699202324,0.1981105699202324,1,False,False,False,False,1e-07,0.9,-0.9771626336900776
0.5800403628331209,5.5044927411737495e-08,771705.1449922778,5.389985333718776,2.953225006674376e-05,0.5120662956399771,,3,1,0.1,0.1426792999184258,0.063039662676151,1.0358014826869095,1.0564366530929767,0.8575849214508171,0.9528721349453524,1,10,1.3151743281616977,1.105746306943248,0.8,0.063039662676151,0.063039662676151,1,False,False,False,False,1e-07,0.9,-0.700135831882044
0.5714991566365132,1.3673730602714669e-05,14086.89506189869,-0.0399117529437351,0.0009365360825205,0.4534082144271109,,3,1,0.1,0.2480712673311914,0.1189678024245633,1.9494745065692205,0.7677251260568414,1.084966243139564,1.205518047932849,1,10,1.9110055114148408,1.4776573500888697,0.8,0.1189678024245633,0.1189678024245633,1,False,False,False,False,1e-07,0.9,-0.8048403569826941
0.6602830397985835,1.353791757080233e-09,58760545.71425039,-0.8275186867294294,5.84607473363485e-07,0.3753013447625185,,3,1,0.1,0.1485489972082637,0.0738894168573822,1.2521371185429728,0.6413696695972464,1.498072942076714,1.664525491196349,1,10,1.0884325086327769,1.42287792718934,0.8,0.0738894168573822,0.0738894168573822,1,False,False,False,False,1e-07,0.9,-0.2178536575971256
0.7572784616564207,0.0030103111634387,25.4496489334786,2.9184756701961616,0.158159940487299,0.7455193785524071,,3,1,0.1,0.483973828269547,0.0790565959393981,1.7799438864567378,1.674137207900622,0.3072120804526256,0.3413467560584729,1,10,1.4837903095362128,1.861276532334942,0.8,0.0790565959393981,0.0790565959393981,1,False,False,False,False,1e-07,0.9,-0.6467367011873177
0.4915313207334964,8.125778716155316e-06,5619.353620518807,6.576287695942648,0.0025919460038194,0.5887711669887924,,3,1,0.1,0.2027924446988514,0.0688423187949926,1.070542813963164,1.2929813269839274,0.6286074632406923,0.6984527369341025,1,10,1.218034025426509,0.9245923510859456,0.8,0.0688423187949926,0.0688423187949926,1,False,False,False,False,1e-07,0.9,-0.5648558451126974
0.5996020878846968,0.0218053296672313,5.343894483557647,2.9459716368364446,0.0795317678105225,0.8655377372913929,,3,1,0.1,7.441256744758705,0.1139024552602699,1.427003298518246,1.6102499559964578,0.1398160140497777,0.1553511267219752,1,10,1.583465850427226,1.3295284927293591,0.8,0.1139024552602699,0.1139024552602699,1,False,False,False,False,1e-07,0.9,-0.8273808083869418
0.5514506199437663,0.0394810163632747,19.098900075268283,1.4278445417527057,0.2835283088085255,0.5167547044370033,,3,1,0.1,-30.622347883200955,0.2867680944612387,0.8175179547016973,1.6413796540272187,0.8416387161497383,0.9351541290552648,1,10,0.4596193642498533,1.7791349039676978,0.8,0.2867680944612387,0.2867680944612387,1,False,False,False,False,1e-07,0.9,-0.3008237208341602
0.488295772830745,1.14598248995236e-07,1124832.549657042,5.349794974104859,2.518456229475285e-05,0.4095075742398674,,3,1,0.1,0.1699266290415388,0.0938116962504814,0.7961745460478182,1.9671492806766784,1.297761547318362,1.44195727479818,1,10,1.654055845973954,0.9713588327383116,0.8,0.0938116962504814,0.0938116962504814,1,False,False,False,False,1e-07,0.9,-0.9998946545496684
0.5289955512193666,9.50349406618606e-05,7620.498422545322,1.2679601859780067,0.0032137656799593,0.4229783169883028,,3,1,0.1,0.350286091235238,0.1705235313495731,0.5089109642975314,0.5024570742988735,1.2277686440482216,1.3641873822758015,1,10,0.8152248404290906,1.4685669708264597,0.8,0.1705235313495731,0.1705235313495731,1,False,False,False,False,1e-07,0.9,-0.7995581836023389
0.5384235859119277,0.0321363456176786,22.872949169193983,1.4297562594527766,-0.0998907405200777,0.9592743368258588,,3,1,0.1,-0.8171214450093168,0.2416727851156386,0.7262071419715143,0.7261483924286364,0.0382091915207578,0.0424546572452865,1,10,1.3737725773923188,1.7370360561663043,0.8,0.2416727851156386,0.2416727851156386,1,False,False,False,False,1e-07,0.9,-0.6889734926252254
0.6204561106643828,9.459286914810194e-06,28769.28953671228,2.63023805876408,0.0006696119802753,0.3761808313162438,,3,1,0.1,0.261271573677298,0.1333029527768404,1.0174262145040347,1.4107749649766927,1.4924664019985572,1.658296002220619,1,10,1.415099571109962,1.5768365823443418,0.8,0.1333029527768404,0.1333029527768404,1,False,False,False,False,1e-07,0.9,-0.4413843706010114
0.5493281239990795,0.0025294501218487,134.84062259215636,1.3823669942030448,0.0237207080959724,0.4877620283122295,,3,1,0.1,0.7165052857323363,0.2650716295517378,1.74552849658138,1.8191249940105056,0.945162082653728,1.0501800918374755,1,10,0.1528922316767403,1.932260499919204,0.8,0.2650716295517378,0.2650716295517378,1,False,False,False,False,1e-07,0.9,-0.9086678732856962
0.6175080115127564,1.613590819459999e-05,11024.98240009512,0.7616784631317164,0.001200822375614,0.4296831535524339,,3,1,0.1,0.2800487316027549,0.1182232160648353,1.696432433788336,0.7631252287916451,1.1945666418596828,1.3272962687329808,1,10,0.3612196105348896,1.603208012094435,0.8,0.1182232160648353,0.1182232160648353,1,False,False,False,False,1e-07,0.9,-0.3428520884754401
0.415720535583745,0.0292616924854699,6.584699932972065,2.0555355310994896,0.4946187418714896,0.5759614284375406,,3,1,0.1,5.247697762459215,0.1857275542512961,1.4463709582547786,1.1065353624938647,0.6626046390667275,0.7362273767408083,1,10,1.2585710215385266,1.0424787417768209,0.8,0.1857275542512961,0.1857275542512961,1,False,False,False,False,1e-07,0.9,-0.2752422626676077
0.3292598516840074,0.0010293628226172,181.9295789843141,1.9309973500636723,0.0363853724663648,0.4381943892223257,,3,1,0.1,0.5586267692978021,0.1987251348064886,1.627887083214893,1.1749962849514004,1.1538829846663534,1.2820922051848371,1,10,0.4335099486965956,0.8359593787039962,0.8,0.1987251348064886,0.1987251348064886,1,False,False,False,False,1e-07,0.9,-0.4225822532937866
0.5858137435704203,2.297808681300901e-05,15487.330966465435,2.2602881545800866,0.0011858382683866,0.3652161987484917,,3,1,0.1,0.300438650411268,0.1566768930421988,0.8758237104154326,1.1550215500706669,1.5642937610217835,1.738104178913093,1,10,0.998942730259637,1.5721145127762366,0.8,0.1566768930421988,0.1566768930421988,1,False,False,False,False,1e-07,0.9,-0.5050837492942222
0.4347831657641543,0.0008123560826835,672.1057520365262,2.146213686401313,0.0209237151088585,0.4081361986728487,,3,1,0.1,0.4861750625633212,0.2221016253443223,0.597098356399475,1.3187690891492725,1.305146230416617,1.4501624782406857,1,10,0.6213893559674541,1.1051302285390516,0.8,0.2221016253443223,0.2221016253443223,1,False,False,False,False,1e-07,0.9,-0.6713196899208418
0.6046130800717954,0.0057611732540953,31.8468997527159,3.128755846393823,0.0757448512135964,0.7968299321351837,,3,1,0.1,1.025573409546332,0.1086823172990446,0.8593285776591644,1.1802837021636825,0.2294756430501576,0.2549729367223974,1,10,0.3978944261053587,1.3294136927351967,0.8,0.1086823172990446,0.1086823172990446,1,False,False,False,False,1e-07,0.9,-0.8909800811731228
0.4114058921613222,0.0172909085857575,11.194837100527195,2.3064090564859945,0.1650810357477011,0.7069554870650301,,3,1,0.1,1.422683695305219,0.1698350174594308,1.5383013504832244,1.0527359196952268,0.3730645938351878,0.4145162153724309,1,10,1.794188286668121,1.0168024935109,0.8,0.1698350174594308,0.1698350174594308,1,False,False,False,False,1e-07,0.9,-0.6913524480983891
0.5440355549245472,0.0016453058391541,265.5092546481995,0.4595189796164869,0.0420836967321753,0.3787689199646286,,3,1,0.1,0.6480488566458013,0.2066167009381658,1.3422889571877967,0.6559094547140127,1.476118927825563,1.6401321420284034,1,10,1.7010031676756487,1.9439372412228133,0.8,0.2066167009381658,0.2066167009381658,1,False,False,False,False,1e-07,0.9,-0.2587943757050368
0.2470304521059008,0.0020680783294397,108.7337394588099,0.7629942802618555,0.052060218175322,0.4134110602415435,,3,1,0.1,0.7166740513119784,0.2637794767620434,1.4023478566292704,0.7627133638749538,1.277009970352891,1.4188999670587676,1,10,0.5364361477997804,0.7851262505420035,0.8,0.2637794767620434,0.2637794767620434,1,False,False,False,False,1e-07,0.9,-0.499016970054416
0.4790131520709186,0.0254441211611625,11.555936087437397,1.3002100952365525,0.1489483065243826,0.5596311705687341,,3,1,0.1,1.303216692868998,0.2937811283178781,1.9366775445053312,1.4783764369827144,0.7082020575897526,0.7868911750997252,1,10,0.8433499037327782,1.4776502353812542,0.8,0.2937811283178781,0.2937811283178781,1,False,False,False,False,1e-07,0.9,-0.7649027867619884
0.4411894104106993,0.0065474381050488,13.979040041911713,4.4715329654228535,-0.0103429767829726,0.9488953951196196,,3,1,0.1,-0.9125574146656128,0.1027403608706079,1.3299942679115055,1.9109931815372685,0.0484712483893382,0.0538569426548202,1,10,0.32775600318955,0.8813801967771951,0.8,0.1027403608706079,0.1027403608706079,1,False,False,False,False,1e-07,0.9,-0.5955772228162453
0.6364317913063438,0.004202878812655,97.81966510872124,1.964744253046478,0.1077013569006822,0.4427801013358259,,3,1,0.1,0.5598131754964232,0.1754029139919211,1.1651622556662995,1.7664030030337916,1.13261166724698,1.2584574080522002,1,10,1.853918868285804,1.9839442321788967,0.8,0.1754029139919211,0.1754029139919211,1,False,False,False,False,1e-07,0.9,-0.3184347358142457
0.456620629617412,0.0365035022071099,5.812942362627098,1.9195896957807144,0.6184362864930917,0.5353575861305984,,3,1,0.1,20.836497938638537,0.1955902131575596,1.3926103554973897,1.1276417372566323,0.7811193552050436,0.8679103946722706,1,10,1.1183033193864074,1.173870884005869,0.8,0.1955902131575596,0.1955902131575596,1,False,False,False,False,1e-07,0.9,-0.2300042551874773
0.2832781488805083,0.0002800415718502,576.4777818838778,2.933139197986032,0.0167339166919102,0.4760278522639622,,3,1,0.1,0.4067060927238989,0.1595919585983952,0.8918747327921741,0.8397454246593343,0.9906456748689166,1.1007174165210185,1,10,0.5809657931039062,0.6813802477111972,0.8,0.1595919585983952,0.1595919585983952,1,False,False,False,False,1e-07,0.9,-0.5774087537220893
0.4779221146867531,0.0086589896197441,101.81233554113558,1.3544987569305562,0.1805685642997097,0.3505907434138392,,3,1,0.1,1.0019459020013248,0.2689193619543422,0.5812503648975935,1.024687815309456,1.6670957288727812,1.8523285876364235,1,10,1.3994725724667856,1.450456658039922,0.8,0.2689193619543422,0.2689193619543422,1,False,False,False,False,1e-07,0.9,-0.2474478420417847
0.5489404385359806,0.0123166586757201,39.69666269474754,1.3418987993425264,0.1206869750629574,0.4690064750614234,,3,1,0.1,0.7284383455658652,0.2746623882282096,1.2607812096616962,1.4959945695535954,1.0189500526237545,1.132166725137505,1,10,1.7004331165171422,1.9120157495769343,0.8,0.2746623882282096,0.2746623882282096,1,False,False,False,False,1e-07,0.9,-0.8368253841274295
0.7796528362875845,0.0057154378575678,5.742331579946618,3.4442491609012547,0.0911182084883064,0.9517242195373476,,3,1,0.1,-0.2208061721634797,0.0581226507519365,1.191518550352053,1.6860352455587029,0.0456520928273824,0.0507245475859804,1,10,0.6657009026873184,1.7901110292890086,0.8,0.0581226507519365,0.0581226507519365,1,False,False,False,False,1e-07,0.9,-0.1775789244347053
0.4231131522108231,0.0021518756708384,77.38144062979245,2.634356566615524,0.0378633782151663,0.6293708270609631,,3,1,0.1,0.6268732809579428,0.1651731163138352,1.8270982753616536,1.4892806555037623,0.5299995508257371,0.5888883898063746,1,10,0.219227374378134,0.9748539071206356,0.8,0.1651731163138352,0.1651731163138352,1,False,False,False,False,1e-07,0.9,-0.9702564324661118
0.3070515902487386,0.0128374461742955,24.17254310824974,1.2934269957514737,0.0973084181812562,0.5913292136561625,,3,1,0.1,1.528517842605034,0.2832350882739512,1.1142011091207036,0.6487752587253696,0.621994819831984,0.6911053553688711,1,10,1.499521597522265,0.930390554952723,0.8,0.2832350882739512,0.2832350882739512,1,False,False,False,False,1e-07,0.9,-0.7498095156926776
0.4339618617607589,0.0409562995554016,7.696890400599685,1.4087782674167235,0.0001370568352638,0.8031366817745141,,3,1,0.1,-1.5227997835193163,0.2768548890478081,1.1772206143181938,0.9380953663246534,0.2206062684267741,0.245118076029749,1,10,0.9581088055747958,1.2681102515730984,0.8,0.2768548890478081,0.2768548890478081,1,False,False,False,False,1e-07,0.9,-0.5871931429383437
0.2442302733277736,0.0132716983395732,13.216038123608245,1.7460490971962763,0.2356653609548797,0.5986738223186111,,3,1,0.1,-9.137553672955525,0.210414999505434,1.0810861487786254,0.568923911461063,0.6033227885501641,0.6703586539446267,1,10,0.516052207527662,0.7106832022729919,0.8,0.210414999505434,0.210414999505434,1,False,False,False,False,1e-07,0.9,-0.2968513276244988
0.3778412369485732,0.025202435276483,19.85542573571811,1.7422434634929538,0.0846414565002297,0.7296058256160775,,3,1,0.1,-3.006652748100728,0.2397153077650877,0.5576389775475971,0.6539381372261597,0.3335427821454717,0.3706030912727463,1,10,1.1146291334515148,1.0093123738676582,0.8,0.2397153077650877,0.2397153077650877,1,False,False,False,False,1e-07,0.9,-0.4995328737332655
0.217037304668581,2.6501544883228367e-05,2242.607678263288,7.265629023301804,0.0069617431705336,0.5555276636394687,,3,1,0.1,0.2618804811773466,0.0945478236271742,0.7458720449266237,1.3749780982355526,0.7200813369108653,0.8000903743454059,1,10,0.8123217632705217,0.5008129214048085,0.8,0.0945478236271742,0.0945478236271742,1,False,False,False,False,1e-07,0.9,-0.6294958944096012
0.5191096472926154,0.027908731455216,9.195542370588951,1.7595219903042978,0.3793233308827349,0.5240960783380775,,3,1,0.1,1.955055339961873,0.2099309628560238,1.598046381308626,1.313258116672808,0.8172423858883354,0.9080470954314838,1,10,0.9251916013649826,1.4402316398639847,0.8,0.2099309628560238,0.2099309628560238,1,False,False,False,False,1e-07,0.9,-0.2985520020765391
0.3904223957529602,0.0148421345133653,21.42069060851299,1.201201957955379,0.1563800250014657,0.4768156465317796,,3,1,0.1,0.9167860236386568,0.2981288198484316,1.5672521837542226,1.2453791611889335,0.9875219522394914,1.0972466135994348,1,10,1.7839801854002664,1.173462934507017,0.8,0.2981288198484316,0.2981288198484316,1,False,False,False,False,1e-07,0.9,-0.717959051410243
0.6262496571707339,6.426986248030949e-06,38725.92436803362,2.583925197997659,0.0003516987681366,0.3341745580942163,,3,1,0.1,0.2800945357849427,0.1576766529315877,1.244512842945324,1.7701701258867564,1.7932032322647855,1.9924480358497616,1,10,0.8364254451909884,1.936552651321388,0.8,0.1576766529315877,0.1576766529315877,1,False,False,False,False,1e-07,0.9,-0.5121419945190895
0.649617207257032,0.0341147287337572,6.021708580418848,1.8010378016411983,0.1350490146402989,0.7663007839146129,,3,1,0.1,-4.566520048208988,0.1520854991753072,1.828242346576492,1.037616088794922,0.2744735473222285,0.3049706081358095,1,10,0.9599291411314342,1.99655022799716,0.8,0.1520854991753072,0.1520854991753072,1,False,False,False,False,1e-07,0.9,-0.4364855103325193
0.4042893165895476,0.0362879120483784,7.393080552087524,1.4930490682878872,-0.0234881058691471,0.8454744218578774,,3,1,0.1,-0.4821959533063846,0.2775468068420916,1.1933303700305746,1.040507197866118,0.1644911031398276,0.1827678923775862,1,10,0.5280237030124286,1.1146557014274168,0.8,0.2775468068420916,0.2775468068420916,1,False,False,False,False,1e-07,0.9,-0.3213997541091525
0.6493883348191405,0.0456705975509742,3.841376164571988,2.447594622855149,0.6697406417789248,0.6473365976430205,,3,1,0.1,-3.501428897983296,0.1439567700562766,1.4887884274863568,1.978096183728931,0.4903122475647712,0.5447913861830791,1,10,1.0483210547582176,1.686052130747648,0.8,0.1439567700562766,0.1439567700562766,1,False,False,False,False,1e-07,0.9,-0.23665286848717
0.2660945791228854,0.0001597748796702,815.2727739491472,1.6783170330539856,0.0052029376732403,0.3633009783013295,,3,1,0.1,0.5665245309546156,0.2661192201380876,0.9263091230361984,0.9686620897688504,1.5772848237516193,1.7525386930573548,1,10,0.0879407829193487,0.7589805597942587,0.8,0.2661192201380876,0.2661192201380876,1,False,False,False,False,1e-07,0.9,-0.579072389836212
0.6243389959303884,2.7481716149237524e-08,10223580.84828421,3.5225488850837667,4.7451789691519765e-06,0.3720173190923007,,3,1,0.1,0.166797950277218,0.0985411251934225,0.5610284256238528,1.3976907755800134,1.5192422067766749,1.6880468964185271,1,10,1.6094588491084865,1.3835685852557542,0.8,0.0985411251934225,0.0985411251934225,1,False,False,False,False,1e-07,0.9,-0.9854229778473512
0.4793007772836928,0.0237944368645526,7.735981981345517,2.299809413928988,0.2834444917405295,0.6298040191788469,,3,1,0.1,-1.887189971358072,0.1825355326661435,1.6926354493605331,1.8188059244542307,0.5290159678139893,0.5877955197933215,1,10,0.3487060232694928,1.1465464329491364,0.8,0.1825355326661435,0.1825355326661435,1,False,False,False,False,1e-07,0.9,-0.2462129513270358
0.4844924280435005,0.0001844525366578,857.1540119505755,4.050480131813518,0.0119498800272318,0.5739927283398785,,3,1,0.1,0.4375391490010611,0.110499864982609,0.9746756079433724,1.4265143045855102,0.6679641144636292,0.7421823494040325,1,10,0.0925565539402454,0.993276624123394,0.8,0.110499864982609,0.110499864982609,1,False,False,False,False,1e-07,0.9,-0.3656553431880881
0.443141505122323,0.0393773848215856,6.933258002228456,1.3543138415349112,0.3643746611379338,0.5089168006886802,,3,1,0.1,2.4977158639108867,0.2791269189586523,1.77875181654213,1.3575730600706248,0.8684619544532531,0.9649577271702812,1,10,1.2135310430923896,1.3040689688609035,0.8,0.2791269189586523,0.2791269189586523,1,False,False,False,False,1e-07,0.9,-0.3744819963342906
0.3006070983286991,0.0007000933629746,243.5720536421343,0.548220779112838,0.0114369251417091,0.4056576966669551,,3,1,0.1,0.6224115177818923,0.2936534912847229,1.9231271066231133,0.6077543887902834,1.3186193122791887,1.4651325691990986,1,10,0.158059899509855,1.084287356486965,0.8,0.2936534912847229,0.2936534912847229,1,False,False,False,False,1e-07,0.9,-0.972091964980021
0.2996503443392563,1.5234613940489023e-05,11248.358463426364,1.193730930047307,0.0009349370517592,0.3737524082026776,,3,1,0.1,0.3237303868960714,0.1786100546708073,1.0429832371563634,0.5081273566082168,1.5080112401896557,1.675568044655173,1,10,1.3137607216489329,0.8030263460509999,0.8,0.1786100546708073,0.1786100546708073,1,False,False,False,False,1e-07,0.9,-0.8957777635988287
0.6461449508654639,2.2270422606919133e-08,5986451.034253579,3.202094221617732,3.4587312749864285e-06,0.3480774693101596,,3,1,0.1,0.1759528548069752,0.1042326253729888,1.3293014089395878,1.3387117569500409,1.685631301513634,1.872923668348482,1,10,1.1122073852723184,1.5311439871074712,0.8,0.1042326253729888,0.1042326253729888,1,False,False,False,False,1e-07,0.9,-0.6094269667361074
0.4489807183891645,0.0007481654811549,313.0229440396198,0.8176375535253737,0.0123873221399603,0.3808930602119091,,3,1,0.1,0.5272269268034236,0.2696701578322102,1.847336830398256,0.8685170482284807,1.4628679385738532,1.6254088206376147,1,10,0.3819755035863746,1.7195576992176336,0.8,0.2696701578322102,0.2696701578322102,1,False,False,False,False,1e-07,0.9,-0.954435452044594
0.5893861886580035,0.0026250161055325,48.74550542628641,3.839679398993266,0.0378943634950741,0.8608243822979156,,3,1,0.1,2.048059851026228,0.090263985243878,0.7418287922736467,0.7929392193186025,0.1455094192354399,0.1616771324838221,1,10,0.1724346927149622,1.2145391145743747,0.8,0.090263985243878,0.090263985243878,1,False,False,False,False,1e-07,0.9,-0.8170266892603301
0.2963124813355996,0.0044121990683326,26.95433823956225,3.1813430661898567,0.2265048105224982,0.621107357083978,,3,1,0.1,1.0550914648394976,0.127741376483718,1.1418792355441891,0.6859169283439002,0.5490248581588026,0.6100276201764474,1,10,1.0652642773148944,0.7007122445939886,0.8,0.127741376483718,0.127741376483718,1,False,False,False,False,1e-07,0.9,-0.3077368674332773
0.1870342447397736,0.0096074805726398,12.376482631305349,2.462344514188416,0.1755297528944771,0.7078762505555757,,3,1,0.1,-10.253623915745075,0.1821816308782944,1.2809583188837013,0.6498653867528221,0.3714086668307297,0.4126762964785885,1,10,0.6255116946686611,0.5697505451707625,0.8,0.1821816308782944,0.1821816308782944,1,False,False,False,False,1e-07,0.9,-0.416152553786641
0.60436687711364,0.0136831662924024,24.42487381008004,1.664857198294561,0.1116168345986266,0.6048463443877444,,3,1,0.1,0.8421277643949212,0.2004509728450317,1.4723955344036144,1.2635415310714548,0.5879812176281312,0.6533124640312569,1,10,0.7793342293344635,1.9025847681661805,0.8,0.2004509728450317,0.2004509728450317,1,False,False,False,False,1e-07,0.9,-0.7716304542200193
0.4117362388561064,1.8085737818076911e-09,34935734.38673184,4.908037881895374,5.507686926835314e-07,0.3344433056779882,,3,1,0.1,0.162556123867009,0.0984530148422904,1.614378453103117,1.493190866959757,1.791039063184438,1.9900434035382644,1,10,0.8415502711965829,0.8413371616735745,0.8,0.0984530148422904,0.0984530148422904,1,False,False,False,False,1e-07,0.9,-0.5496879797804137
0.5223492771143368,0.0123031274006487,29.0467565153412,1.3251766909558362,0.1040917205491818,0.6143155324967555,,3,1,0.1,1.0399259327395565,0.1970405025106733,1.3571788921997716,0.6798933798194755,0.5650451639113541,0.6278279599015045,1,10,1.042065601292664,1.6783125103481982,0.8,0.1970405025106733,0.1970405025106733,1,False,False,False,False,1e-07,0.9,-0.6169190558283084
0.5495685464868011,7.927587464926074e-05,2150.8140860698027,2.975055995235249,0.0051229313936787,0.4936347229231015,,3,1,0.1,0.2682851382378585,0.1185746202401896,1.263080855966031,1.3926987239179582,0.9232104797461788,1.0257894219401986,1,10,1.7751276530744775,1.2264127138782723,0.8,0.1185746202401896,0.1185746202401896,1,False,False,False,False,1e-07,0.9,-0.9089907376183212
0.6196308497988036,0.0267429582391613,7.781962834939203,2.008671839717307,0.0610058967300414,0.7985757296097187,,3,1,0.1,11.30480596721608,0.1587380444817255,1.5174211742786186,1.5147619478147838,0.2270064523997612,0.2522293915552903,1,10,0.6999588469529205,1.651007635190026,0.8,0.1587380444817255,0.1587380444817255,1,False,False,False,False,1e-07,0.9,-0.6765000104302248
0.7057350119115406,0.0018598139461668,41.18192739692978,3.7428331341832055,0.1579076850965671,0.7157218542281668,,3,1,0.1,0.4898235848212351,0.0748571393030553,1.1729002492260965,1.4357220927142829,0.357471732465901,0.3971908138510011,1,10,1.0748354329367642,1.5475431177816488,0.8,0.0748571393030553,0.0748571393030553,1,False,False,False,False,1e-07,0.9,-0.4075730966961197
0.5808106437249476,0.0331756345291027,14.477781792089752,1.4737471990995938,0.1989115197007741,0.5811935027333768,,3,1,0.1,-3.048331331295256,0.25092126467933,1.1391116330874942,1.5918440413848889,0.6485376140085244,0.7205973488983605,1,10,0.3313608843597697,1.9063382976377288,0.8,0.25092126467933,0.25092126467933,1,False,False,False,False,1e-07,0.9,-0.2910152782516871
0.3260385919256918,0.0173016091310932,33.43621336995295,1.551400654615779,0.234825884888254,0.4750854490804744,,3,1,0.1,0.9748694275281564,0.2963935108210017,0.5349602886112845,1.6940679971494843,0.9943960538929274,1.104884504325475,1,10,1.9062790256949047,0.8891575811858293,0.8,0.2963935108210017,0.2963935108210017,1,False,False,False,False,1e-07,0.9,-0.6375042183658384
0.2170218375716033,0.0073297890045075,25.72297588879635,2.7107200266192355,0.2946426112555763,0.5428634450839819,,3,1,0.1,1.2800918928400693,0.1845003099091543,0.635445973275941,0.8758984644247712,0.7578754899600368,0.8420838777333742,1,10,1.6229496152848757,0.5805765264118932,0.8,0.1845003099091543,0.1845003099091543,1,False,False,False,False,1e-07,0.9,-0.3199889542698707
0.2893252345309106,3.502645209792497e-05,3800.273649947031,2.1962929614152533,0.0018157831837182,0.3366626172554788,,3,1,0.1,0.4133516782497355,0.2177677099006684,0.8841406145183391,1.1990142798934107,1.7732994810559215,1.9703327567288016,1,10,0.189210232882596,0.7713698839856801,0.8,0.2177677099006684,0.2177677099006684,1,False,False,False,False,1e-07,0.9,-0.5370873240963784
0.3425704479519172,2.545995599160883e-06,48369.96852603598,2.0983952965306343,0.000409286450167,0.3633371185307103,,3,1,0.1,0.2616484905622685,0.1223793352831547,1.3192406607681253,0.9264488116738434,1.577038414460616,1.75226490495624,1,10,1.17136085275244,0.7697891145616427,0.8,0.1223793352831547,0.1223793352831547,1,False,False,False,False,1e-07,0.9,-0.2632017667139429
0.4825314997301747,0.002023896035699,168.84198960532876,1.871140418601296,0.0344423615843565,0.460300370110263,,3,1,0.1,0.5480332948653666,0.228868624461795,1.1103047578502172,1.279309386160862,1.0552450061780496,1.172494451308944,1,10,0.5131402385678724,1.292385943215975,0.8,0.228868624461795,0.228868624461795,1,False,False,False,False,1e-07,0.9,-0.8629340933916716
0.576510060190791,0.0013179051532715,336.9932698801043,2.297211870361129,0.0286225065495264,0.507896948382965,,3,1,0.1,0.526278303338877,0.1723892317896916,0.814252223793317,1.279819270033425,0.8720130094606933,0.9689033438452148,1,10,0.2752673450521939,1.4995107274609276,0.8,0.1723892317896916,0.1723892317896916,1,False,False,False,False,1e-07,0.9,-0.5321251273247649
0.5208435312214207,0.0143632222742674,41.17268567114919,1.6839363928027034,0.1844950100902352,0.4494678209506078,,3,1,0.1,0.9648210622233496,0.2628277506004259,0.844584294577156,1.631606731177522,1.1023680407120875,1.224853378568986,1,10,0.8988892210649478,1.5225629800344669,0.8,0.2628277506004259,0.2628277506004259,1,False,False,False,False,1e-07,0.9,-0.4247521314962026
0.6206731445345657,0.0086891343944164,139.95658625702544,1.8431634297463984,0.0911887939994385,0.5670777466767383,,3,1,0.1,0.9615418475879138,0.1985971841973548,0.57545406409679,1.83072089672296,0.6870839673647847,0.7634266304053163,1,10,0.3251419023865679,1.901468593500096,0.8,0.1985971841973548,0.1985971841973548,1,False,False,False,False,1e-07,0.9,-0.4974781075247964
0.4487728994494691,0.0285203803449778,9.615236504596206,2.05231154303899,-0.0848063307806938,0.9391561568549416,,3,1,0.1,-0.9933504466211656,0.1938351611872582,0.9494368417473744,0.9223263183877533,0.0583070860270264,0.0647856511411404,1,10,1.422001357047051,1.1344824461166467,0.8,0.1938351611872582,0.1938351611872582,1,False,False,False,False,1e-07,0.9,-0.7111646956382772
0.5285888101707477,3.86624436713234e-06,69690.36706646028,1.2191158940320366,0.0002219319207576,0.3602766679716324,,3,1,0.1,0.2682270678256563,0.1533914684671026,0.8750594026273004,0.6099864556180342,1.598080170073252,1.7756446334147242,1,10,1.560125057615878,1.4562883812892649,0.8,0.1533914684671026,0.1533914684671026,1,False,False,False,False,1e-07,0.9,-0.8144736255321419
0.2695211314721009,0.0074849189680665,17.49695224373787,2.779990650653609,0.2572077188584801,0.549222528975268,,3,1,0.1,1.0454578875799434,0.1786437204582886,1.7732758319352873,1.5431285262367895,0.7386800477380412,0.8207556085978235,1,10,0.7520802872083169,0.669635850771844,0.8,0.1786437204582886,0.1786437204582886,1,False,False,False,False,1e-07,0.9,-0.3505346905742774
0.453128273822091,0.0016858488849989,368.0094094619458,1.20930168732999,0.0289874913292651,0.4048010123424256,,3,1,0.1,0.557019760346284,0.2585257306298609,0.6741443153114417,0.8195070960452622,1.3233145979355403,1.4703495532617117,1,10,1.5977242249759651,1.410432212688033,0.8,0.2585257306298609,0.2585257306298609,1,False,False,False,False,1e-07,0.9,-0.7984036490428406
0.4405777061100162,6.464196103144403e-05,5026.979160516234,2.6492778731704107,0.0028054446909989,0.3871860781537599,,3,1,0.1,0.3423255377467668,0.1814746349823924,0.7326124187339819,1.2196977410833931,1.4244637418047623,1.5827374908941805,1,10,0.5559634641462082,1.0582641961736388,0.8,0.1814746349823924,0.1814746349823924,1,False,False,False,False,1e-07,0.9,-0.8497237130869117
0.5323547265769734,0.0052431272941508,5.263211794130635,5.92237021089318,0.3959250719013671,0.871911805258034,,3,1,0.1,-0.7938500421979761,0.0633225711214762,1.6518642859534485,0.8487312045851351,0.1322144907002993,0.1469049896669992,1,10,1.0036308092091284,1.0104478469295417,0.8,0.0633225711214762,0.0633225711214762,1,False,False,False,False,1e-07,0.9,-0.2656265243948165
0.5490679330536041,1.2653963986739034e-10,781289458.6507487,3.5850838776321416,5.226156943445268e-08,0.3495109365290532,,3,1,0.1,0.1363010756668395,0.081215193342457,0.7652392048010472,0.8802181647445888,1.675026718585062,1.8611407984278467,1,10,1.8996173645352816,1.09518546562962,0.8,0.081215193342457,0.081215193342457,1,False,False,False,False,1e-07,0.9,-0.5195248402131685
0.4871566806717921,3.918083404094821e-10,133955621.46357211,2.519117783706104,2.461632529076696e-07,0.3805139371630571,,3,1,0.1,0.1361004762194953,0.0721367133058181,1.3555438709188976,0.8998536895589955,1.46522216954785,1.6280246328309445,1,10,1.445541165035804,0.9379956199553104,0.8,0.0721367133058181,0.0721367133058181,1,False,False,False,False,1e-07,0.9,-0.306827971593036
0.2315018082947652,0.0076994412104518,15.661516418335395,2.81999128438661,0.2388163756593572,0.67713166078143,,3,1,0.1,2.277628651929667,0.1476857399290012,1.576108247801454,0.7257760666779383,0.4291359009285926,0.4768176676984362,1,10,1.5848289173709087,0.6264019300802142,0.8,0.1476857399290012,0.1476857399290012,1,False,False,False,False,1e-07,0.9,-0.3875675905900297
0.5714592699758798,0.0205317624662934,15.360769749898244,1.8002450281061508,0.2062736629368821,0.5488199394876035,,3,1,0.1,0.9021753034459148,0.2198992775630417,1.5473701277086445,1.872452291913509,0.7398821093130649,0.8220912325700721,1,10,1.2816766471549916,1.661905701526273,0.8,0.2198992775630417,0.2198992775630417,1,False,False,False,False,1e-07,0.9,-0.5817925771027668
0.6049175102566129,0.0007447061862336,558.6930242543218,2.073762475531351,0.0163736433837417,0.4300516815709051,,3,1,0.1,0.4088026569411141,0.1978139804693386,1.1437522290454156,1.7141253266098198,1.192771726208474,1.3253019180094157,1,10,0.952926509262574,1.83581068105048,0.8,0.1978139804693386,0.1978139804693386,1,False,False,False,False,1e-07,0.9,-0.9884752524027004
0.4674923399020497,3.063665588579772e-07,328246.12501673825,4.263258143631569,4.970007089199355e-05,0.3930452244373051,,3,1,0.1,0.1966902728165583,0.1068461995049396,1.6768898977371325,1.5112080247153752,1.3898128358854018,1.544236484317113,1,10,0.7682797552413575,0.9620373515187292,0.8,0.1068461995049396,0.1068461995049396,1,False,False,False,False,1e-07,0.9,-0.6589143044515083
0.120120108836437,0.0093069132821885,18.663114196852668,1.352200007557104,0.0616432414371147,0.7317532350459091,,3,1,0.1,-12.756376436660751,0.2749551739357157,1.5973798278184024,0.5359195185778896,0.3299228167314291,0.3665809074793656,1,10,0.8467656494985926,0.5654708976678887,0.8,0.2749551739357157,0.2749551739357157,1,False,False,False,False,1e-07,0.9,-0.694266999244366
0.543405768025301,0.0376616300944974,8.918770225595022,1.5409862555281406,0.1144793548985134,0.6925908707957151,,3,1,0.1,2.850701044465912,0.2370740042854451,1.2748722135783552,1.3220453409545423,0.3994684711422681,0.4438538568247423,1,10,1.0226394817696258,1.5937467557516365,0.8,0.2370740042854451,0.2370740042854451,1,False,False,False,False,1e-07,0.9,-0.7322114673226343
0.4310049455949871,0.0149300245640209,10.593230271734472,2.509095167051977,-0.0709394668584534,0.985445082756112,,3,1,0.1,-0.2377787408522347,0.1702636726557001,1.618723530469696,1.462541367150802,0.0132929026170208,0.0147698917966898,1,10,0.3149834546625982,0.9963465793095204,0.8,0.1702636726557001,0.1702636726557001,1,False,False,False,False,1e-07,0.9,-0.2296499313819633
0.7648673957922726,6.77836852341101e-08,734214.7633065186,4.830060791832444,2.967579770067113e-05,0.4987227457955739,,3,1,0.1,0.1432871819989047,0.0628468995964833,1.289124853912321,1.8030746154755608,0.9046098911416188,1.0051221012684652,1,10,1.1780993828454216,1.7484135292777303,0.8,0.0628468995964833,0.0628468995964833,1,False,False,False,False,1e-07,0.9,-0.5001361869487395
0.7205552201277341,0.0013063259830435,82.767639600529,3.743893494214319,0.385899255215265,0.5569377279301654,,3,1,0.1,0.6260137628823313,0.0659683919160164,0.6191023268096412,1.1099029353080616,0.7159795877805059,0.7955328753116732,1,10,1.8990665403698035,1.5685677568864989,0.8,0.0659683919160164,0.0659683919160164,1,False,False,False,False,1e-07,0.9,-0.1088008647519807
0.0284762157076083,0.0005078160758428,14.287972792042522,0.5624572612486141,-7.626143617986221e-05,0.963162245241331,,3,1,0.1,-97.20097150651031,0.8342521205317022,1.9438051652615969,0.3018127782898478,0.0344220088013261,0.0382466764459178,1,10,1.4328504259661454,0.2241537311179035,0.8,0.8342521205317022,0.8342521205317022,1,False,False,False,False,1e-07,0.9,-17.69068974447956
0.4014108536303004,0.0379450142121969,96.6907994989364,0.5603857503725215,0.0560046881396279,0.5670680732091564,,3,1,0.1,1.6341231542416903,0.6630869205031077,0.2678099893612799,1.8023529597490653,0.6871110410196651,0.7634567122440724,1,10,1.1269594715621876,1.68243739296041,0.8,0.6630869205031077,0.6630869205031077,1,False,False,False,False,1e-07,0.9,-13.84620906354752
0.2492783827786015,0.002796345087086,52.920331201012026,0.3791460230377397,0.0101369725577233,0.4154137063560679,,3,1,0.1,1.5107189025528,0.7985441134409826,0.3639420185470656,1.5332474058298524,1.266514937349163,1.407238819276848,1,10,0.0685409441659708,1.2017196983288754,0.8,0.7985441134409826,0.7985441134409826,1,False,False,False,False,1e-07,0.9,-5.923598142455319
0.3275652413927006,0.0282791893256992,12.331450182088012,0.6446088808454968,0.0132827076079417,0.7135123331320804,,3,1,0.1,2.356335739135899,0.5805195676749434,0.8591264794910485,1.0047444414874938,0.3613657230692862,0.4015174700769847,1,10,1.7489003452374694,1.1636626406015234,0.8,0.5805195676749434,0.5805195676749434,1,False,False,False,False,1e-07,0.9,-10.3236376063706
0.3870320650017128,0.0094104728997781,21.581214179371763,0.6623625802503932,0.0719371833566808,0.3521927695876157,,3,1,0.1,0.8532634986840854,0.4948778301631895,1.6609922572322318,1.4532513377667953,1.6554187300716443,1.839354144524049,1,10,1.3726271528636056,1.903078224734336,0.8,0.4948778301631895,0.4948778301631895,1,False,False,False,False,1e-07,0.9,-2.5697439692686466
0.3689370632277544,0.0305776882623561,12.32425722112698,0.6895987115819348,0.1090610839265701,0.471348932443446,,3,1,0.1,1.2105858000450689,0.5984809390591074,0.9250416690668763,1.8926838344813928,1.009413468562348,1.121570520624831,1,10,1.5940052651384915,1.3540156948189102,0.8,0.5984809390591074,0.5984809390591074,1,False,False,False,False,1e-07,0.9,-8.229559251100351
0.0762808467232443,0.008088213343132,13.533665647304025,1.2714480655604914,-0.002315463795537,0.9403182294389976,,3,1,0.1,18.675170246891085,0.4235521160872664,0.6843314720349641,1.193748752032399,0.0571227822914249,0.0634697581015832,1,10,1.3370550066092002,0.3410407631349851,0.8,0.4235521160872664,0.4235521160872664,1,False,False,False,False,1e-07,0.9,-10.76362942590817
0.2828051001112687,0.0132129358023273,91.64024826022894,1.1102546877036503,0.0825628771055267,0.5443482560352103,,3,1,0.1,0.945905966529322,0.398600741102037,0.3016780271053122,1.0728972516132835,0.753353326701546,0.8370592518906066,1,10,1.473053140566536,0.8452920743528628,0.8,0.398600741102037,0.398600741102037,1,False,False,False,False,1e-07,0.9,-6.334001892402707
0.3770868002889585,0.0056911461223012,68.01200239972671,1.1222341400719036,0.0139811615338747,0.6967646281424963,,3,1,0.1,0.9003801308049962,0.2620591135773588,1.8164346992653384,0.4463122790575566,0.391684399076498,0.4352048878627756,1,10,1.6455731660747897,1.468008836403334,0.8,0.2620591135773588,0.2620591135773588,1,False,False,False,False,1e-07,0.9,-14.989398710148713
0.2415913562421009,0.0002994047478027,136.75775828429164,0.9302445666683116,-0.0003813042647659,0.9011396831544074,,3,1,0.1,5.23123297472846,0.3778174535287176,1.390151357057784,0.0661264304028373,0.0987352869086644,0.1097058743429604,1,10,0.7999456247710319,0.9378827814645064,0.8,0.3778174535287176,0.3778174535287176,1,False,False,False,False,1e-07,0.9,-12.781747822027764
0.2027517542514224,0.0077987917081836,28.94581304596158,0.5283076166329769,0.0074012713693713,0.6981155885374224,,3,1,0.1,2.69543138299198,0.7066910026540063,0.4463427389062999,0.4861910163930937,0.3891847922856625,0.4324275469840694,1,10,1.6923385867927898,0.788260443323359,0.8,0.7066910026540063,0.7066910026540063,1,False,False,False,False,1e-07,0.9,-12.425947327638854
0.1710312806809391,0.0133418016025262,7.305670467108166,0.4622914640591648,0.0224105248584542,0.6337678799495486,,3,1,0.1,2.463737247067084,0.8349183762474711,1.2035473575002276,0.8384688871106398,0.5200782786146326,0.5778647540162585,1,10,1.2093183213065322,0.6865863066811287,0.8,0.8349183762474711,0.8349183762474711,1,False,False,False,False,1e-07,0.9,-19.347684509750387
0.3114493079317741,0.0093422663904332,20.03204112001717,0.7175787600001358,0.0684536454813336,0.404659355723914,,3,1,0.1,0.8654483532760132,0.4927455323070772,1.6085435234673724,1.2849845237176725,1.3240929000392143,1.4712143333769048,1,10,1.1063585483623466,1.151213095182552,0.8,0.4927455323070772,0.4927455323070772,1,False,False,False,False,1e-07,0.9,-7.672620997718065
0.3141281883742686,0.0350188225643752,6.72847142385378,0.3226662704148825,-0.0087410555160596,0.7878948876155394,,3,1,0.1,-3.653360434756544,0.9795856315067102,0.8532908253243541,1.0513181417896396,0.2422843505479926,0.269204833942214,1,10,0.8698397674729199,1.431335588698004,0.8,0.9795856315067102,0.9795856315067102,1,False,False,False,False,1e-07,0.9,-1.6071421037168463
0.3460254033844881,0.0202821628793606,6.833569823937726,0.4036198848154345,0.0228131775555191,0.5690158813593381,,3,1,0.1,2.092253090226494,0.7726396913898216,1.5646487731297716,1.261848878160884,0.6816781736389582,0.7574201929321758,1,10,0.4071121736734281,1.8595395726732693,0.8,0.7726396913898216,0.7726396913898216,1,False,False,False,False,1e-07,0.9,-7.1257273478933385
0.0065240917447524,2.475081727942292e-05,143.61473785981514,1.2074646871899817,0.0142442307011374,0.3509214626344566,,3,1,0.1,0.67531876872855,0.4290194145657987,0.5861244599763511,0.4782296498531295,1.6646764186022456,1.8496404651136065,1,10,1.3206881449638963,0.0933691362472401,0.8,0.4290194145657987,0.4290194145657987,1,False,False,False,False,1e-07,0.9,-10.914135356402593
0.0006929118526949,8.258379770827207e-07,538.1874523200265,3.769685798141512,0.0148809436273591,0.4815976097473129,,3,1,0.1,0.3525896936530724,0.1808724666143086,1.9436569542106583,1.882513571604704,0.9687800391538826,1.076422265726536,1,10,0.9928842511158226,0.0268172431626078,0.8,0.1808724666143086,0.1808724666143086,1,False,False,False,False,1e-07,0.9,-16.072909266837573
0.2444221804342188,0.0060557250344602,776.2540965087703,0.5073700149468833,0.0390996327378049,0.3603921954585141,,3,1,0.1,1.116056375024231,0.6959444507244281,0.0884696316409819,1.474666362149646,1.597279384352267,1.7747548715025188,1,10,0.3641086899947808,1.010777039701653,0.8,0.6959444507244281,0.6959444507244281,1,False,False,False,False,1e-07,0.9,-15.643382572714494
0.1869497431242891,0.0002093860264108,12.9272579478364,0.409767962970692,0.0004934315490415,0.5484731321215415,,3,1,0.1,2.0300143879026766,0.8218442009846277,0.983818005261866,0.0813164658542466,0.7409190301058545,0.8232433667842827,1,10,1.808276973881609,0.8105569791219609,0.8,0.8218442009846277,0.8218442009846277,1,False,False,False,False,1e-07,0.9,-9.656294360523226
0.2914760657070065,0.0020430488960776,3728.588335177664,0.4337419191561381,0.0105982867412519,0.3831547408408967,,3,1,0.1,1.0551734568630322,0.6170544616739361,0.057475348482551,0.2306939954094415,1.4489204336211543,1.6099115929123935,1,10,0.3166783930916716,1.5722071390979735,0.8,0.6170544616739361,0.6170544616739361,1,False,False,False,False,1e-07,0.9,-7.375525379960441
0.451672990632977,6.134451342742857e-07,385801.9728394823,3.9005593277556647,6.165441510414309e-05,0.3986924333412086,,3,1,0.1,0.2133084117322566,0.1265256408370307,0.5999043734829843,1.004417966256058,1.3573791843944096,1.508199093771566,1,10,0.3445734876867831,0.9650812894894804,0.8,0.1265256408370307,0.1265256408370307,1,False,False,False,False,1e-07,0.9,-6.190054916029521
0.1046388017600563,0.0065562641350658,7.199165856568479,0.4017974971411844,0.0332066907025237,0.495258195787326,,3,1,0.1,2.1215965097922007,0.99287687530439,1.1759093706606882,0.7655197302721671,0.9172339350573376,1.0191488167303753,1,10,1.3933573031028728,0.4803645460757195,0.8,0.99287687530439,0.99287687530439,1,False,False,False,False,1e-07,0.9,-13.378205342578582
0.3014989769118537,4.793805843835862e-05,36.82643483439373,0.411061288996541,0.0001970386422216,0.4131668886481445,,3,1,0.1,1.129489873693958,0.6122703267156101,0.823328600875611,0.0349193468071247,1.278296530355427,1.4203294781726967,1,10,1.0458836051807126,1.9676526463742408,0.8,0.6122703267156101,0.6122703267156101,1,False,False,False,False,1e-07,0.9,-5.652167712431362
0.2470536880024199,0.0232505789939192,8.769093586473048,1.5551612785385105,0.0451288674994234,0.7850053229664404,,3,1,0.1,1.720853814374764,0.3096715469340372,1.2123574865261333,1.748494605586855,0.246489041117592,0.2738767123528801,1,10,1.6786421565470542,0.692509437536693,0.8,0.3096715469340372,0.3096715469340372,1,False,False,False,False,1e-07,0.9,-6.937131892086823
0.3063061369008698,0.0255783788855771,4.450203885152118,0.3623396284965824,0.0469511401437528,0.4795611263555363,,3,1,0.1,2.260481523086372,0.9603671352899518,1.467798938860699,1.3918613202880286,0.9767159190729722,1.08523991008108,1,10,0.7642074692718742,1.4111035634493916,0.8,0.9603671352899518,0.9603671352899518,1,False,False,False,False,1e-07,0.9,-4.818113793633573
0.3273191120838135,0.02649128093077,1337.583584745691,0.323888582443579,-0.0022609160950026,0.7393884264169823,,3,1,0.1,5.385832919638011,0.920853751903049,0.0595632044291156,0.8686892993409764,0.3172221904545199,0.352469100505022,1,10,1.1290587228154456,1.6930386738899958,0.8,0.920853751903049,0.920853751903049,1,False,False,False,False,1e-07,0.9,-7.596052024660068
0.4481934050644786,2.5737001742688128e-05,6961.891901086752,1.1701662220933795,0.0009657219122382,0.406800570074328,,3,1,0.1,0.3082708998478181,0.176791900572566,1.992287268943536,0.948045956188872,1.3123862801754616,1.4582069779727351,1,10,0.2642775943024864,1.2293099996512156,0.8,0.176791900572566,0.176791900572566,1,False,False,False,False,1e-07,0.9,-3.649940832901592
0.7136042486363813,0.0160504151477163,18.53066411819261,2.12543237199447,-0.0721630255647329,0.9497751702578344,,3,1,0.1,2.9489230148413474,0.1131573846973435,0.7852524792426359,1.3019657921766257,0.0475926810717507,0.0528807567463897,1,10,1.5113372940027183,1.852756923801557,0.8,0.1131573846973435,0.1131573846973435,1,False,False,False,False,1e-07,0.9,-9.06771692328981
0.573260659955955,0.0003054734659869,1568.6050698534816,1.3694061431190865,0.0113380368821268,0.4542111646249464,,3,1,0.1,0.4213739983502867,0.1506232566951547,0.7090270032464636,0.524828909573261,1.0814572386021215,1.2016191540023573,1,10,1.634985328739286,1.5671797188236352,0.8,0.1506232566951547,0.1506232566951547,1,False,False,False,False,1e-07,0.9,-0.3632679118896433
3.195967385388937,1.3022674479312521e-15,243603385851244.75,38.78942303421616,4.1375711080772493e-13,0.3347975471118691,,3,1,0.1,0.0863734124043679,0.0573692465388841,1.8983352977345376,1.785758670178664,1.788191737854263,1.9868797087269592,1,10,0.689191069576565,1.137422930984988,0.8,0.0573692465388841,0.0573692465388841,1,False,False,False,False,1e-07,0.9,-19.165845038452893
0.3252906340724735,0.021718688858665,2239.032507647429,0.306454502231942,0.0010648454904016,0.7065418584121108,,3,1,0.1,6.405987731876216,0.9361793180478234,0.0513563128400714,1.600117199863254,0.373809880171387,0.4153443113015411,1,10,0.3554382146757867,1.8409832108249296,0.8,0.9361793180478234,0.9361793180478234,1,False,False,False,False,1e-07,0.9,-4.489981105952758
0.304653079785611,0.026546816679353,18.56703256390998,0.5491299138824149,0.0027382170015694,0.7524074569022797,,3,1,0.1,10.960340833486544,0.6785471356620714,0.5571006324703837,1.2643507282777415,0.2961603938713875,0.3290671043015416,1,10,0.5624354569265873,1.0733471518091815,0.8,0.6785471356620714,0.6785471356620714,1,False,False,False,False,1e-07,0.9,-2.7495424090597886
0.5831103274000435,5.891114549607386e-05,36101.75822017019,1.9883423373770943,0.0019740799251354,0.3977998924158194,,3,1,0.1,0.2936641155646575,0.1756516588812553,0.3090067681560798,1.5003273924748106,1.3624440507873037,1.513826723097004,1,10,1.4485782346383262,1.7059764134044764,0.8,0.1756516588812553,0.1756516588812553,1,False,False,False,False,1e-07,0.9,-17.201353808997148
0.3240904487923603,0.0090568083166997,26.372659682906587,0.5203149201849211,0.0460131792004263,0.4138389744247023,,3,1,0.1,1.154572552112874,0.5568524782874972,0.8929562058353336,0.5803315710195189,1.274758917405335,1.416398797117039,1,10,1.0337649800756938,1.5241325074483345,0.8,0.5568524782874972,0.5568524782874972,1,False,False,False,False,1e-07,0.9,-2.218843526319027
0.1368882743651423,0.000197286148555,696.2918218490275,0.8724342837350326,0.0097231316595855,0.4457896929185455,,3,1,0.1,0.4178562298063692,0.2260125841352754,1.7722111906029292,0.6869511194446116,1.1188892078409889,1.243210230934432,1,10,1.8109226281912865,0.5139760047091996,0.8,0.2260125841352754,0.2260125841352754,1,False,False,False,False,1e-07,0.9,-7.56167426716403
0.3431506291221212,0.002517299629808,157.07706530518388,0.8232166449570079,8.731561705556746e-05,0.7605291047165751,,3,1,0.1,1.901700333093024,0.3780805399148977,0.699689893783698,0.1517346606699202,0.2833866638613406,0.3148740709570451,1,10,0.5148160548637525,1.608274208435372,0.8,0.3780805399148977,0.3780805399148977,1,False,False,False,False,1e-07,0.9,-7.0720099979973625
0.067446110864699,0.0033145699336049,9.128646579350171,0.4341834944684653,0.0507785591723357,0.373612099563108,,3,1,0.1,1.5164351800554834,0.9226140453637264,1.3364738707110069,0.8474156242992862,1.5089155598880128,1.6765728443200143,1,10,1.64164856608162,0.3587275259280159,0.8,0.9226140453637264,0.9226140453637264,1,False,False,False,False,1e-07,0.9,-19.17332891657493
0.2261480059488249,3.367027907691254e-05,2656.8979950803714,5.09524961630526,0.0044434875794295,0.5297220022794525,,3,1,0.1,0.2588620465589143,0.1200658670803071,0.8607422764905068,1.1851910575992042,0.7990043761203048,0.887782640133672,1,10,1.0783148743038369,0.5371241835628705,0.8,0.1200658670803071,0.1200658670803071,1,False,False,False,False,1e-07,0.9,-9.851276092051828
0.4097424551176873,0.0074452643563119,121.06550343343253,1.1006622174295444,0.0539646952677521,0.4665389596003401,,3,1,0.1,0.711141229557272,0.3708337963542212,0.5045121967782726,1.3415956772405735,1.029099342037766,1.1434437133752955,1,10,0.7800435255043159,1.3334283073708957,0.8,0.3708337963542212,0.3708337963542212,1,False,False,False,False,1e-07,0.9,-14.419650483296792
0.2567897631723205,0.0249010720286385,9.111166159987524,0.4763996830302905,0.0431199023043959,0.5716023686235924,,3,1,0.1,2.0780179082648345,0.8242606875922421,0.7793272404988992,1.5812908974092597,0.6745211171310974,0.7494679079234415,1,10,0.9342069041312534,0.9312789974433784,0.8,0.8242606875922421,0.8242606875922421,1,False,False,False,False,1e-07,0.9,-14.843806076837126
0.5301102869708829,0.0003259300316181,1359.240444210714,1.6592970342219486,0.0056905016784411,0.4313984265948126,,3,1,0.1,0.4040239292453378,0.2266917781807808,0.8723287214124413,1.2208879925835745,1.1862384851609986,1.3180427612899983,1,10,0.3109499379685899,1.687476732176508,0.8,0.2266917781807808,0.2266917781807808,1,False,False,False,False,1e-07,0.9,-13.010563782155202
0.1513029703415467,0.0006910384659615,57.18107422782992,6.9312601278535215,0.1061211882573009,0.7075888671522446,,3,1,0.1,0.4192367312713426,0.1007505731131067,1.1199538001531884,1.783599316047092,0.371925042605788,0.4132500473397644,1,10,1.4443119292133857,0.4036706550288336,0.8,0.1007505731131067,0.1007505731131067,1,False,False,False,False,1e-07,0.9,-1.368537797251843
0.6984636087910129,0.002290969931963,85.73402709087343,3.227669559336145,0.0730517625751166,0.8101319453414313,,3,1,0.1,0.4532364341233652,0.081206416774217,0.5979497284894426,1.0988219717167609,0.2109301456081869,0.234366828453541,1,10,1.8374666948184613,1.571051101276449,0.8,0.081206416774217,0.081206416774217,1,False,False,False,False,1e-07,0.9,-6.149577968100015
0.2282158492467171,0.0268695959263306,4.455465907777262,0.4414075145324772,0.051513350429437,0.5580581227766275,,3,1,0.1,2.168970590509314,0.8798729555440649,1.7681302520724589,1.5883863789268435,0.7127352389783973,0.7919280433093303,1,10,1.6245187325872794,0.8548073202383624,0.8,0.8798729555440649,0.8798729555440649,1,False,False,False,False,1e-07,0.9,-13.5349206630981
0.2875888786687047,0.0048307330721125,26.07342355230595,0.7501892816582996,0.0361050331692698,0.4062910143762274,,3,1,0.1,0.8732524065137125,0.5073906090625581,1.4814595268465185,1.6245908012270078,1.3151609761337129,1.4612899734819031,1,10,0.3533687167968375,1.0459054860683774,0.8,0.5073906090625581,0.5073906090625581,1,False,False,False,False,1e-07,0.9,-16.26604661587649
0.2841275850238453,0.0064092470113298,16.970937893930433,0.5889815217506739,0.0415121616650547,0.374161942666971,,3,1,0.1,0.9953217266896476,0.6103883091128662,1.2399966447642037,1.5377604634435844,1.5053755803835445,1.6726395337594937,1,10,0.4176382819062637,1.152129052370528,0.8,0.6103883091128662,0.6103883091128662,1,False,False,False,False,1e-07,0.9,-18.15343598342279
0.0052985891903455,9.844870185420643e-10,15985802.561345154,5.244203140891454,8.485981697303383e-06,0.3551347732191581,,3,1,0.1,0.2079325265278287,0.1329699534225584,0.101340197849653,0.3543161814341994,1.6342491579798042,1.815832397755338,1,10,0.9655868487828622,0.0719002113433917,0.8,0.1329699534225584,0.1329699534225584,1,False,False,False,False,1e-07,0.9,-8.778740375958783
0.2371509514962986,0.0052237345119813,86.06863327612109,0.3483235916278346,0.0201811114288595,0.381169563059305,,3,1,0.1,1.5659152540351922,0.922917661537438,0.2266395240398737,1.44610392766691,1.461153899006285,1.623504332229205,1,10,0.1632549754937649,1.104674829929852,0.8,0.922917661537438,0.922917661537438,1,False,False,False,False,1e-07,0.9,-11.944709094337474
0.3537069026428959,0.0179886241694129,16.371530088492058,0.647146584287023,0.0244929645062621,0.6251424639506054,,3,1,0.1,1.5690672507017491,0.5507097162666029,0.9830767320125128,0.9110281441002565,0.5396718378598448,0.5996353753998276,1,10,0.4832704434630896,1.3629474107310935,0.8,0.5507097162666029,0.5507097162666029,1,False,False,False,False,1e-07,0.9,-14.417659232443285
0.4455669505099922,0.0291406341634968,96.44872786976735,0.6730848462504029,-0.039319875841231,0.91542791404245,,3,1,0.1,10.38521645507489,0.4936364260589971,0.3667446392110344,0.7806544182302487,0.08314677343154,0.0923853038128223,1,10,1.3667895741607097,1.9548753807666688,0.8,0.4936364260589971,0.4936364260589971,1,False,False,False,False,1e-07,0.9,-12.200187275932649
0.19035470646215,0.0010536900334653,133.60006517035478,1.4298612170969285,0.0305710028280208,0.3602878390804304,,3,1,0.1,0.5377190994364537,0.3404055481908954,1.1986394464368637,1.7427659769127066,1.5980027144326805,1.775558571591867,1,10,1.8030530894253685,0.604164791655592,0.8,0.3404055481908954,0.3404055481908954,1,False,False,False,False,1e-07,0.9,-18.421752233052903
0.0378684115180383,0.0053719673456044,6.434737246816096,0.5955316428498514,0.0324833310638434,0.742035318394802,,3,1,0.1,5.349220026073319,0.8029144308692749,1.3938587367293551,1.361404591526393,0.3128802736059962,0.3476447484511069,1,10,1.6830413636842585,0.2523906760689509,0.8,0.8029144308692749,0.8029144308692749,1,False,False,False,False,1e-07,0.9,-5.523469291275262
0.4487002951632978,0.0027091070116584,114.5367176111519,2.350780834886059,0.0791997332257855,0.4782644125217921,,3,1,0.1,0.5400870299950156,0.1773817542003739,0.8718891837441441,1.260291803516465,0.9818042414121528,1.090893601569059,1,10,1.4034083270924274,1.0818999494515806,0.8,0.1773817542003739,0.1773817542003739,1,False,False,False,False,1e-07,0.9,-0.4388707566576997
0.2787869915344272,0.0109918537039015,6.811143383189044,0.308584371286352,0.0108556615527171,0.5688179161537328,,3,1,0.1,2.61106985633483,0.9163187684569716,1.2182789112852002,0.4832721233340482,0.6822286437207782,0.7580318263564202,1,10,0.9753272252174016,1.5738013520608094,0.8,0.9163187684569716,0.9163187684569716,1,False,False,False,False,1e-07,0.9,-6.495263025601602
0.0104502276030117,0.0005693494634571,74.05495118028534,0.7072842219529295,0.090993969616729,0.3743032824025987,,3,1,0.1,1.1266579196444533,0.6822262230104393,0.2090909582010118,1.2151858436800245,1.5044672924667664,1.6716303249630735,1,10,1.926436172360201,0.1231397490979027,0.8,0.6822262230104393,0.6822262230104393,1,False,False,False,False,1e-07,0.9,-12.663010115987255
0.2989663240389127,3.138572330065053e-05,2483.934604730864,1.4175687198837466,0.0012001486842356,0.3356901549811314,,3,1,0.1,0.3625276829598468,0.2370690979246462,1.0437207840603318,0.6775724898270061,1.781043773984339,1.9789375266492653,1,10,1.6517870967240922,0.905090622201582,0.8,0.2370690979246462,0.2370690979246462,1,False,False,False,False,1e-07,0.9,-7.669743679249867
0.3402882768315136,0.0270647536452618,8.694622981286454,0.6242646237155965,0.0926504048545547,0.469201766630123,,3,1,0.1,1.2831583687788712,0.6427729079106683,1.2453654035292514,1.689114851848223,1.0181513455585092,1.1312792728427878,1,10,1.3267999187948023,1.267114948298549,0.8,0.6427729079106683,0.6427729079106683,1,False,False,False,False,1e-07,0.9,-10.097457710117002
0.282956585591922,0.0137906278249975,291.95927002978686,0.3047123568415031,-0.0117120629353916,0.965262926942672,,3,1,0.1,-26.399161655749506,0.9552987342942144,0.1175190742778058,0.6202083548144243,0.0323884455509105,0.0359871617232339,1,10,0.3703330339526675,1.3970657183603752,0.8,0.9552987342942144,0.9552987342942144,1,False,False,False,False,1e-07,0.9,-13.001484811811244
0.332175031483892,0.0025549838946887,70.63115204434497,0.4982884401689158,0.0214044476266941,0.4179466780489743,,3,1,0.1,0.670079987625725,0.3808005740808375,1.684457079843093,0.5709445406996089,1.253384743243585,1.3926497147150945,1,10,0.7207671083908098,1.5371306116500494,0.8,0.3808005740808375,0.3808005740808375,1,False,False,False,False,1e-07,0.9,-11.56468268236604
0.7084213133323538,1.8291559820602466e-07,20278184.760152824,2.148146988464136,1.9591046153808297e-05,0.4131168699631142,,3,1,0.1,0.1787215228556573,0.103936251672297,0.1725151028933746,0.7391108023173597,1.2785602705606236,1.4206225228451372,1,10,0.8418411709405922,1.8739310535377425,0.8,0.103936251672297,0.103936251672297,1,False,False,False,False,1e-07,0.9,-8.057488605546334
0.2654018099306091,0.0026057785704148,52.410409788237054,0.6558643193509306,0.0243836240008897,0.3741323743390248,,3,1,0.1,0.7933521859774866,0.4889770115241426,0.7570250254579637,0.5802894622651897,1.505565681371518,1.6728507570794644,1,10,0.5374912127698558,1.0316208796483004,0.8,0.4889770115241426,0.4889770115241426,1,False,False,False,False,1e-07,0.9,-19.20713833825308
0.2244849967321162,9.944863372539615e-07,71740.29174178855,5.960454301365593,0.0002324803597411,0.423669074525822,,3,1,0.1,0.2033170172329665,0.1156205797093999,1.3702108014788532,1.965722665503672,1.2242994924925688,1.3603327694361875,1,10,1.634252474096484,0.5281761879836797,0.8,0.1156205797093999,0.1156205797093999,1,False,False,False,False,1e-07,0.9,-6.395315276556579
0.2383122146655757,6.830310017645208e-09,2676618.024937402,7.420042383395565,7.779914328647569e-06,0.5049609052556973,,3,1,0.1,0.1328212438931404,0.0654435390692354,1.836567667769777,1.2915613324769049,0.8823161964276552,0.9803513293640612,1,10,0.6536519245774189,0.5183168067186109,0.8,0.0654435390692354,0.0654435390692354,1,False,False,False,False,1e-07,0.9,-14.243041702776337
0.0049703762739671,4.083225648923067e-05,32.36444411061153,0.6598670466312623,0.0136344684446381,0.3481960090417296,,3,1,0.1,1.1870301950276811,0.7445076873037891,0.4991824549990716,0.299313478754497,1.6847510500677192,1.8719456111863544,1,10,1.1783311966656944,0.0847267088167656,0.8,0.7445076873037891,0.7445076873037891,1,False,False,False,False,1e-07,0.9,-10.53713023655664
0.2587689128666198,0.0002428087749453,1114.235054043222,-0.2423513778201553,0.0059756212442672,0.4932786615063161,,3,1,0.1,0.4212220562482722,0.1982937206215468,1.7729646201017246,0.3725237362386403,0.9245265206722836,1.0272516896358703,1,10,1.276249211161431,0.9347793401407614,0.8,0.1982937206215468,0.1982937206215468,1,False,False,False,False,1e-07,0.9,-2.7198392419558104
0.4772218700868593,0.0063129018932162,33.099001554030714,2.1127412846876905,0.0574978431344685,0.6878494192209654,,3,1,0.1,0.567760459290229,0.1704272979407442,1.844106214877356,1.2505482936743186,0.4084259066749069,0.4538065629721188,1,10,0.8968371826696393,1.2086151870378747,0.8,0.1704272979407442,0.1704272979407442,1,False,False,False,False,1e-07,0.9,-9.78866141445288
0.0720302983723727,3.91430514453391e-05,1128.3450724156005,1.6434398908077104,0.0019386245265965,0.5363378812681961,,3,1,0.1,0.5877934182858727,0.2669285535421106,0.8713046534855609,0.1091150784317621,0.7780466780975968,0.8644963089973297,1,10,0.9700241634906016,0.3355270759725271,0.8,0.2669285535421106,0.2669285535421106,1,False,False,False,False,1e-07,0.9,-15.002847711321674
0.2809935290396325,0.0025436106943458,49.69092721375461,0.7483178663705192,0.0190878777392095,0.4200477457439277,,3,1,0.1,0.8503101565786207,0.4795536224173014,0.9067195832040548,1.2073453267685514,1.2426135698122849,1.380681744235872,1,10,0.1640896166761694,1.0491736939304743,0.8,0.4795536224173014,0.4795536224173014,1,False,False,False,False,1e-07,0.9,-12.607592084971897
0.2948152127687121,0.0028301151435782,482.9645849678352,0.3889381829429312,0.0155671283302174,0.342486511977914,,3,1,0.1,1.0764646839876664,0.6831790707972105,0.1492316579753262,0.3360165815904101,1.72784071349951,1.9198230149994555,1,10,0.4849279118281152,1.7362024220103789,0.8,0.6831790707972105,0.6831790707972105,1,False,False,False,False,1e-07,0.9,-10.234082992388194
0.5208255972492565,4.285957294827528e-06,64284.82661055128,2.343358274129466,0.0002649980923687,0.384197969337009,,3,1,0.1,0.2390869065290724,0.1460163598139262,0.8141641652505828,1.1136717379101757,1.4425423136751208,1.6028247929723565,1,10,1.4998239713113184,1.2710473946126677,0.8,0.1460163598139262,0.1460163598139262,1,False,False,False,False,1e-07,0.9,-11.049686413987448
0.3543180521186286,0.0012674847197576,524296274.6467004,1.051099138454764,0.0202596575549794,0.3388370850649959,,3,1,0.1,0.5581454386773057,0.3463346343907619,0.0003630532748787,1.9681894050828617,1.7561437329900345,1.951270814433372,1,10,0.9019352570376638,1.270295128242469,0.8,0.3463346343907619,0.3463346343907619,1,False,False,False,False,1e-07,0.9,-2.88663251815596
0.3373398364635262,0.002598334645949,58.699193888283176,0.6564993671508461,0.0203610714633108,0.3713911238472184,,3,1,0.1,0.7883361390374001,0.4710715561787306,0.9286612220550756,1.9209055421009789,1.5233212433214722,1.6925791592460802,1,10,0.226802971197134,1.5878053326624098,0.8,0.4710715561787306,0.4710715561787306,1,False,False,False,False,1e-07,0.9,-5.633206325242961
0.0447721000089344,0.0023764769953741,72.71462882701618,0.8200160824769224,0.0534763896016895,0.5371319132498535,,3,1,0.1,1.345357244761879,0.5989261753989332,0.2343808988843177,0.7462823750559547,0.77556605332693,0.8617400592521444,1,10,1.9175697085958443,0.263079872470452,0.8,0.5989261753989332,0.5989261753989332,1,False,False,False,False,1e-07,0.9,-18.18754450961557
0.283057998133829,0.0016106754310386,8.533597201395109,0.3239875908438113,0.0035668666705317,0.4699622249931548,,3,1,0.1,1.619955102920149,0.7777203916268537,1.7775873129628263,0.1727506011180411,1.0150475339014933,1.1278305932238817,1,10,0.7835146939281538,1.888333035130866,0.8,0.7777203916268537,0.7777203916268537,1,False,False,False,False,1e-07,0.9,-7.3172788666430755
0.5610701295156615,0.011147139758005,150.59238335054152,1.6586402149288884,0.0700738627638869,0.623284204128953,,3,1,0.1,0.6117885512096957,0.2206619496172495,0.4114029191890661,1.3846755441626626,0.5439640761597039,0.6044045290663376,1,10,1.4038140800791223,1.6478379998741894,0.8,0.2206619496172495,0.2206619496172495,1,False,False,False,False,1e-07,0.9,-8.57855286273586
0.1928194651828883,0.0124031509362103,12.07397592024536,0.7882272599066478,0.1078351636548469,0.4412317257544026,,3,1,0.1,1.0696417824313946,0.5559003928279432,1.7108974302666546,1.7006135479139923,1.13974453210773,1.2663828134530333,1,10,1.292355794660021,0.6643869490376717,0.8,0.5559003928279432,0.5559003928279432,1,False,False,False,False,1e-07,0.9,-6.279398490105322
0.477464965154435,6.267431807621472e-05,12680.513723684237,2.717178009982909,0.0029282825679884,0.4365526749010587,,3,1,0.1,0.277119674188836,0.1546273213505309,0.3734288105364339,1.6594220904677648,1.1616068844475134,1.2906743160527925,1,10,1.7887567819488572,1.1142289025852936,0.8,0.1546273213505309,0.1546273213505309,1,False,False,False,False,1e-07,0.9,-12.347314478982849
0.3578188791053259,0.0146159562453793,29.54638075278153,0.5508204507066733,0.0791011305677607,0.3552499520288661,,3,1,0.1,1.0156689599503126,0.6423072450514394,0.6845270015226826,1.7815375329737777,1.6334275060700636,1.81491945118896,1,10,1.1946673106050747,1.86561747697358,0.8,0.6423072450514394,0.6423072450514394,1,False,False,False,False,1e-07,0.9,-18.47335204808604
0.1523869096440794,0.0034041134720657,75.93687211482857,1.545391859895976,0.0640239575924997,0.5287249164518262,,3,1,0.1,0.7205218426533755,0.3247953068831079,0.5076991945790168,0.8471706719195518,0.8022084112088591,0.8913426791209546,1,10,1.2524618596148096,0.5016036050780835,0.8,0.3247953068831079,0.3247953068831079,1,False,False,False,False,1e-07,0.9,-8.378086780236139
0.3175360761859129,0.0287843579635853,19.57780051491332,0.8062915390802659,0.2508218267325404,0.365324923812329,,3,1,0.1,1.5840838939074986,0.5264046521621351,0.5972107965801743,1.491371628995182,1.5635603577442712,1.7372892863825236,1,10,1.947232081008812,1.0569432704100838,0.8,0.5264046521621351,0.5264046521621351,1,False,False,False,False,1e-07,0.9,-0.6360120415296002
0.0718788480029983,0.0001729916900233,217.2639590460371,1.5737677493591935,0.0127716812199282,0.378228071874423,,3,1,0.1,0.5500630344431687,0.3320985989459962,1.827994707210167,1.6277967042463488,1.479516664481776,1.6439074049797509,1,10,0.3157684294115974,0.3190305827793183,0.8,0.3320985989459962,0.3320985989459962,1,False,False,False,False,1e-07,0.9,-6.968411255455056
0.1050567121923507,0.0032836266435728,34.75177024754606,0.8350963360373456,0.0171036523783842,0.6669984263540367,,3,1,0.1,1.591868393781957,0.4726649658543957,1.0483399424853015,0.3610981970663209,0.4493285207876759,0.4992539119863066,1,10,0.7502142823318454,0.4964567096955488,0.8,0.4726649658543957,0.4726649658543957,1,False,False,False,False,1e-07,0.9,-8.738738161959844
0.2628714964256507,0.0258428791303614,5.846475795860576,0.4372526723988293,0.0397165343643332,0.5715132807001829,,3,1,0.1,2.113815852097519,0.8372908296479961,1.1972485970206477,1.1984267504221813,0.6747665546763418,0.7497406163070465,1,10,1.8782414551873423,1.02283331223085,0.8,0.8372908296479961,0.8372908296479961,1,False,False,False,False,1e-07,0.9,-14.777086287563437
0.1508582196017946,3.662973090927959e-05,1945.2753732871668,3.9353953175822216,0.0050525346057385,0.4768871943097414,,3,1,0.1,0.2844242617845055,0.1470717317047245,1.7143102228978362,1.5469183231713766,0.9872387657686692,1.0969319619651878,1,10,1.2263395391252774,0.4337603773014943,0.8,0.1470717317047245,0.1470717317047245,1,False,False,False,False,1e-07,0.9,-11.636956324291416
0.2184918420694497,0.0110884946377127,60.7789989177481,0.4077002223635868,0.0491115352200143,0.3935232075234038,,3,1,0.1,1.5259724179994074,0.8942774714210231,0.2300339225594685,0.8401133466670744,1.3870315722014308,1.5411461913349231,1,10,1.6215202287828705,0.8932806947621225,0.8,0.8942774714210231,0.8942774714210231,1,False,False,False,False,1e-07,0.9,-17.217991828755075
0.3265648126331361,0.0254321837967225,9.665095978540805,0.7124724708893398,0.051289307893764,0.6091708980368908,,3,1,0.1,1.4165877679250596,0.4953906775675601,1.9892730550965496,1.1481468600630798,0.5774179181906632,0.6415754646562924,1,10,1.130215243410071,1.230235822746652,0.8,0.4953906775675601,0.4953906775675601,1,False,False,False,False,1e-07,0.9,-7.338576288807532
0.3467266070236295,0.0162151314542184,8.757632535495906,0.3927744517056942,0.0084133577610517,0.642373769315007,,3,1,0.1,2.833036493039009,0.7492847253241507,1.494922881441016,1.8563474127025696,0.5010534722794049,0.5567260803104499,1,10,0.2384012195461559,1.981123524767549,0.8,0.7492847253241507,0.7492847253241507,1,False,False,False,False,1e-07,0.9,-5.1674313377442935
0.1752557982629545,0.0066522331973562,10.01394608438108,0.4425358403671379,0.0172094088021126,0.5619476099543972,,3,1,0.1,1.8271243180154648,0.7563101132471968,1.781400339322733,0.5249603746222398,0.7015727873155936,0.7795253192395484,1,10,1.565238425994829,0.7675490529557281,0.8,0.7563101132471968,0.7563101132471968,1,False,False,False,False,1e-07,0.9,-17.622178704987146
0.2098198857676734,0.0002181454969781,1634.3426264073246,1.103459708435374,0.004416269740274,0.3830720369694961,,3,1,0.1,0.6411552981801621,0.3512594690272176,0.1963400243203854,0.2118283279185062,1.4494275570724222,1.6104750634138023,1,10,1.0548590212342353,0.7157088369505017,0.8,0.3512594690272176,0.3512594690272176,1,False,False,False,False,1e-07,0.9,-1.9480220377010296
0.2604199087101788,0.0060505271493035,19.84241856851138,0.4677291650945574,0.0415286093654372,0.3973321793199571,,3,1,0.1,0.9048494372202044,0.5337094470746805,1.921412782892996,0.7914235688427178,1.3651072499095591,1.5167858332328437,1,10,0.960824227114003,1.1446716472598857,0.8,0.5337094470746805,0.5337094470746805,1,False,False,False,False,1e-07,0.9,-16.521366867661204
0.4261285373100464,0.0221992515544485,12.946396016451487,0.7026350626399465,0.0294060064555514,0.6254131790281257,,3,1,0.1,1.341752650491581,0.4819175704199547,1.76152429104619,1.09011779612394,0.5390486644342456,0.5989429604824951,1,10,0.5958695923716303,1.889127297528629,0.8,0.4819175704199547,0.4819175704199547,1,False,False,False,False,1e-07,0.9,-19.55017497466337
0.0698183000329727,0.0063824410955663,8.019077546859048,0.5569310352317719,0.0912975843760965,0.4329746686846652,,3,1,0.1,1.5001097464651654,0.816905708511525,1.3810465502074771,1.58638322871094,1.1786435445152303,1.309603938350256,1,10,1.3200910770322096,0.348783645794939,0.8,0.816905708511525,0.816905708511525,1,False,False,False,False,1e-07,0.9,-15.747013893354636
0.3003916808622484,0.00032766140171,828.9401115769127,-0.5749341143129586,0.0068085277934941,0.4217218143369005,,3,1,0.1,0.4529310677619829,0.2328660433086913,1.8360655561352763,0.4461611752388274,1.2341082424562888,1.3712313805069876,1,10,0.8590443333361321,1.2100642278294524,0.8,0.2328660433086913,0.2328660433086913,1,False,False,False,False,1e-07,0.9,-1.5309348991079048
0.2463712405987327,0.0315983165385465,4.021916284974123,0.4161906273034238,0.054147959245088,0.5505487639130331,,3,1,0.1,2.240149706741612,0.9403966994459908,1.5474942251815549,1.8210086008797528,0.7347325777343268,0.8163695308159186,1,10,1.9755150413044225,0.9152802690679662,0.8,0.9403966994459908,0.9403966994459908,1,False,False,False,False,1e-07,0.9,-17.4560287378334
0.1098925306147474,0.0021619152271197,21.06716105497838,0.6071007721558348,0.0094193939418426,0.6161518621458264,,3,1,0.1,1.946558873154281,0.6843277998617946,0.8490895365928514,0.3164571766422906,0.5606788606718428,0.622976511857603,1,10,1.371001497224032,0.4835102147025326,0.8,0.6843277998617946,0.6843277998617946,1,False,False,False,False,1e-07,0.9,-13.058048797333504
0.285539774913025,0.0110669792320829,6.067403160375966,0.3146415420657864,0.0328098160468093,0.3929183766460279,,3,1,0.1,1.5823611879246595,0.9213019010873564,1.4045594114543456,0.7118735091801853,1.3905520675374057,1.5450578528193395,1,10,1.7823350842997367,1.6412512632939735,0.8,0.9213019010873564,0.9213019010873564,1,False,False,False,False,1e-07,0.9,-14.567697849914094
0.5488520439349058,0.0511922177866821,6.428948555911976,0.952736075968932,-0.008251485007195,0.7673703114053435,,3,1,0.1,1.735597225409938,0.3727481859700675,1.971116148198481,1.932079172575205,0.2728366169806095,0.3031517966451217,1,10,1.7387039248425722,1.92717208110735,0.8,0.3727481859700675,0.3727481859700675,1,False,False,False,False,1e-07,0.9,-16.012611645845894
0.1580999067114464,2.5352502134349404e-05,6051.707053782075,0.0655337743037087,0.0015498550409631,0.4800915880931411,,3,1,0.1,0.346377604443556,0.1758860916474999,0.9383437112218322,0.2218713692889585,0.974642302262946,1.0829358914032734,1,10,0.5536013710393252,0.5641142189304594,0.8,0.1758860916474999,0.1758860916474999,1,False,False,False,False,1e-07,0.9,-6.96638142328527
0.2155153064518882,0.0064364761620972,9.798775275141132,0.4661366082652554,0.0160015412999145,0.5388623100478976,,3,1,0.1,1.8326176390992768,0.794441903687688,1.3439944520328837,1.223399345474899,0.7701854689373288,0.8557616321525875,1,10,0.1745241494420289,0.8433941555209437,0.8,0.794441903687688,0.794441903687688,1,False,False,False,False,1e-07,0.9,-15.490188700942904
0.2444984440355901,0.008237751652084,15.88411010211427,0.4807096294235637,-0.0036726239886683,0.8349099445967209,,3,1,0.1,56.253293901588286,0.6988295664555637,0.8114484663611903,0.3765766466547541,0.1779605702681132,0.1977339669645702,1,10,1.2005248178476358,1.0450473115701338,0.8,0.6988295664555637,0.6988295664555637,1,False,False,False,False,1e-07,0.9,-3.821776783032679
0.5071230379645323,0.0358100552804574,13.488300728549955,0.8561952050931303,-0.0604796539905799,0.9223649405631428,,3,1,0.1,8.306891968077489,0.3970035263228534,1.2132826592983932,1.2182091075451396,0.0757526120306696,0.0841695689229663,1,10,0.8298212223913568,1.879869586577417,0.8,0.3970035263228534,0.3970035263228534,1,False,False,False,False,1e-07,0.9,-12.270288183222098
0.0847029658057851,0.0009714672579098,12.11360773707419,0.4962066317805195,0.0147440408343032,0.3448415027714215,,3,1,0.1,1.5744781531886711,0.8951473650612425,1.3294801219796597,1.038591489815276,1.7098946697740312,1.89988296641559,1,10,0.0886267080224543,0.400976665380641,0.8,0.8951473650612425,0.8951473650612425,1,False,False,False,False,1e-07,0.9,-3.563550364599024
0.3655556076418779,0.0001620113644195,4657.279213165829,1.2103527633242128,0.0027931787752065,0.4250451071235529,,3,1,0.1,0.4571889038713502,0.2590277783847261,0.2986464725091998,0.2918294133377915,1.2174223274575569,1.352691474952841,1,10,1.5057297192262606,1.180167462554563,0.8,0.2590277783847261,0.2590277783847261,1,False,False,False,False,1e-07,0.9,-13.124624603603523
0.2600632766116192,0.0104480131400842,29.07995567265762,1.2302591026552012,0.0317816714808979,0.6916761864802872,,3,1,0.1,1.238172121372374,0.3656151038423669,0.7584956656564533,0.7525739204148038,0.4011869102792222,0.4457632336435803,1,10,0.5486592560887973,0.777422460730244,0.8,0.3656151038423669,0.3656151038423669,1,False,False,False,False,1e-07,0.9,-19.39670043900857
0.6760834053000409,1.7616872191975051e-09,50541328.1469994,6.1345596466754655,1.5004309566900853e-06,0.5069359635044676,,3,1,0.1,0.1128899042314045,0.0552754292772067,0.4294317325301528,1.699192411080764,0.8753721668872452,0.972635740985828,1,10,1.3091645327697246,1.3427995349404032,0.8,0.0552754292772067,0.0552754292772067,1,False,False,False,False,1e-07,0.9,-8.183996939320231
0.2502644229376014,0.0041950729018798,1423.5086568984136,2.2415761077499665,-0.0031878470770838,0.9055212331972476,,3,1,0.1,-10.808327579490054,0.2253771375405537,0.0915351585543048,0.3842533022768808,0.0939027015658671,0.1043363350731857,1,10,1.9225270626448483,0.6697477714691112,0.8,0.2253771375405537,0.2253771375405537,1,False,False,False,False,1e-07,0.9,-1.769549267777279
0.0440710979058275,0.0001657888075504,267.4692246166426,1.5962984474357464,0.0206703261995502,0.4221990457744515,,3,1,0.1,0.4980557728414891,0.2836215557085526,1.1079176767914802,0.8174413390857415,1.2316959595422692,1.3685510661580769,1,10,1.2375765214045005,0.2475909379518773,0.8,0.2836215557085526,0.2836215557085526,1,False,False,False,False,1e-07,0.9,-14.351802881673123
0.4263375393560634,0.0091088985490149,63.48700912858081,0.8944399307947266,0.038652326837227,0.5119065743302751,,3,1,0.1,0.8861601643892293,0.4155362138267058,0.8110840534335211,1.9988086831800893,0.8581333101210229,0.9534814556900254,1,10,0.3441190351029649,1.633128750007097,0.8,0.4155362138267058,0.4155362138267058,1,False,False,False,False,1e-07,0.9,-11.092986532288055
0.12850297021286,0.0074626154666135,21.22073134590224,0.9088976807951804,0.0729623308509173,0.5324062333945265,,3,1,0.1,1.1882083495079034,0.513302895209853,0.7117061982824636,0.9156842526249942,0.7904385101988038,0.8782650113320043,1,10,1.029647041502212,0.4854877606987289,0.8,0.513302895209853,0.513302895209853,1,False,False,False,False,1e-07,0.9,-7.677343002274508
0.4524626062671062,0.020773541981152,18.25513597657656,0.8252595984699997,0.0886119983165776,0.4659953600454417,,3,1,0.1,0.9863111293020814,0.47910446581922,1.2974147644671907,1.7779966375480944,1.03134970252115,1.145944113912389,1,10,0.9822537585273564,1.900837924808749,0.8,0.47910446581922,0.47910446581922,1,False,False,False,False,1e-07,0.9,-4.627087639579466
0.4558936831824481,0.0420785741877253,8.48449884601764,0.6941573548572824,0.0530594746497436,0.6139859407406281,,3,1,0.1,1.5759843124192416,0.5385949378479904,1.4231559292108182,1.5841497058204768,0.5658316099459278,0.6287017888288087,1,10,1.3861762269131288,1.843709318453651,0.8,0.5385949378479904,0.5385949378479904,1,False,False,False,False,1e-07,0.9,-7.4710865678071485
0.5987613788551499,2.1930039591827898e-06,85172.42049434144,-4.026654714181418,0.0001963103971248,0.5148059531003252,,3,1,0.1,0.2030575644645336,0.096696266746021,1.8155706332851265,0.3434530778755567,0.8482315318614984,0.9424794798461092,1,10,0.8437459357654029,1.639706671932877,0.8,0.096696266746021,0.096696266746021,1,False,False,False,False,1e-07,0.9,-5.535522942600322
0.3153043379401535,0.0174188156816692,5.28983184849561,0.3290003321560589,0.0295563766772509,0.477041712430008,,3,1,0.1,2.0219326138677585,0.9487258268827916,1.4801811863489454,1.3683066954626826,0.9866274720830598,1.0962527467589551,1,10,0.4044878569297291,1.7874747018309003,0.8,0.9487258268827916,0.9487258268827916,1,False,False,False,False,1e-07,0.9,-8.4215434879276
0.2803470746071355,0.0164286431021865,36769.97420526205,0.3830711087709186,0.0702728718572817,0.3442695480422402,,3,1,0.1,1.506602129327442,0.9211496827396572,0.010228662643446,1.13184057671787,1.7142306373538865,1.9047007081709848,1,10,1.4373152281625534,1.3079472258522948,0.8,0.9211496827396572,0.9211496827396572,1,False,False,False,False,1e-07,0.9,-7.155040803059345
0.2756664641562414,3.350499306381769e-09,7952160.301885114,8.853625102943724,3.0676433616071428e-06,0.4629335058412739,,3,1,0.1,0.1301528343565682,0.0696200162302273,1.3655638236519092,1.4498874528177663,1.044123699502933,1.1601374438921477,1,10,1.4633752608770805,0.5721133665251001,0.8,0.0696200162302273,0.0696200162302273,1,False,False,False,False,1e-07,0.9,-14.943355796489266
0.2333658214022297,0.0124300507925596,11.76569572966359,0.4915711236428591,0.0340503901606085,0.5323225471609075,,3,1,0.1,2.2389136025719263,0.6860628820948514,1.0296671161413722,0.5512301667004884,0.7907042634208632,0.878560292689848,1,10,1.1063279665691408,0.9539652403601896,0.8,0.6860628820948514,0.6860628820948514,1,False,False,False,False,1e-07,0.9,-2.264837276518268
0.4284787132205434,0.0120256365271908,28.507856452234527,1.3163731432906838,-0.0071278079324725,0.8317130064371424,,3,1,0.1,2.0997037744002283,0.3020681662308996,1.0994989059547835,0.9855034820886012,0.1821040347263326,0.2023378163625918,1,10,0.2668136666491587,1.2330455746903912,0.8,0.3020681662308996,0.3020681662308996,1,False,False,False,False,1e-07,0.9,-10.28605687672816
0.2593646206617593,0.0008127182111855,156.76883008678658,1.004890158349951,0.0012065343507022,0.7322891313553455,,3,1,0.1,4.679063661553077,0.3409916746764875,1.7433886861422814,0.12518064324653,0.3290227472504605,0.3655808302782894,1,10,1.890659825105076,0.9870347680176664,0.8,0.3409916746764875,0.3409916746764875,1,False,False,False,False,1e-07,0.9,-1.281621520487498
0.0149041338590744,0.000480060655877,21.04062990018408,0.8281728281462866,0.0001403455985168,0.978732508369503,,3,1,0.1,-14.29565467865795,0.6618129239252925,0.8100274577468736,0.7554336876036747,0.0195566636478994,0.0217296262754438,1,10,0.1558842289633445,0.1421490902361522,0.8,0.6618129239252925,0.6618129239252925,1,False,False,False,False,1e-07,0.9,-9.5872837816138
0.4286239372777538,0.0041670486860559,91.20482065690652,1.3862540130980852,0.0141445971309474,0.6994999930213751,,3,1,0.1,0.7933014376125372,0.2312866263900409,1.3458131795689314,0.4294653875480617,0.386633322343004,0.4295925803811156,1,10,1.81147265363724,1.3893966702068448,0.8,0.2312866263900409,0.2312866263900409,1,False,False,False,False,1e-07,0.9,-18.07548344769992
0.2200578675375176,0.0020857700066157,11.484006859612066,0.3853542495171241,0.0107208178250312,0.3871424215811102,,3,1,0.1,1.2647459132075287,0.7437728978936349,1.508640558112632,0.277322310074197,1.42472586270539,1.5830287363393225,1,10,0.7020666906805672,1.0198399767577384,0.8,0.7437728978936349,0.7437728978936349,1,False,False,False,False,1e-07,0.9,-11.621649987257964
0.2362256836032076,0.0080555984761179,7.147542202522491,0.3596609460887582,0.0352523914335587,0.3750404840193865,,3,1,0.1,1.421312491559928,0.8642187920157047,1.4501680860038275,0.7005509059345723,1.4997409302444198,1.6663788113826885,1,10,1.779082077829059,1.0818958248755957,0.8,0.8642187920157047,0.8642187920157047,1,False,False,False,False,1e-07,0.9,-19.15954386492669
0.259809991306456,5.956644085482365e-05,5305.920442749926,1.986765376971572,0.0024227968995391,0.3671821364425845,,3,1,0.1,0.3813032468870774,0.2381114686540415,0.3479040228959564,0.9274824855841214,1.551099633330695,1.7234440370341055,1,10,0.3746004018925107,0.7267962177010923,0.8,0.2381114686540415,0.2381114686540415,1,False,False,False,False,1e-07,0.9,-10.470181255154555
0.0036273826081385,0.0001442005829937,15.319639343421477,0.6036693016333079,0.0501711985243379,0.4007250937737029,,3,1,0.1,1.3106566815209213,0.7539377073019831,1.0623400911970793,0.7729849985547967,1.3459287276584857,1.4954763640649842,1,10,0.6171547324672194,0.0734645017777075,0.8,0.7539377073019831,0.7539377073019831,1,False,False,False,False,1e-07,0.9,-12.568351963225428
0.3353073820064372,0.0284843190359416,8.04841017162895,0.3341181392860624,0.0482896827810229,0.4698815850491039,,3,1,0.1,2.3857318483279903,0.9556114245217684,0.9735574279604536,1.0246256812580283,1.0153761897392672,1.1281957663769635,1,10,1.5091072116782458,1.9898164311012991,0.8,0.9556114245217684,0.9556114245217684,1,False,False,False,False,1e-07,0.9,-3.4656108175948432
0.3395866871820527,0.009941240127016,20.91053393101305,0.5714568270061767,-0.0138525261794416,0.9444245463799718,,3,1,0.1,18.010781248205227,0.540346698562639,1.328322658419172,0.3870710519280139,0.0529612539717933,0.058845837746437,1,10,1.2910030253144948,1.8769423373380736,0.8,0.540346698562639,0.540346698562639,1,False,False,False,False,1e-07,0.9,-19.9543853478413
0.1170021089873433,0.0020022791559636,18.63174643418713,0.6124878537020352,0.029627437382543,0.3428452369351489,,3,1,0.1,1.1460878598580293,0.7257003691579124,1.0193434768076317,1.6418573253540223,1.7250911578807782,1.9167679532008648,1,10,0.2370116320045859,0.487792242177428,0.8,0.7257003691579124,0.7257003691579124,1,False,False,False,False,1e-07,0.9,-10.3854331240606
0.3545034311657259,0.0373219056055712,3.857201129186364,0.3646097161384504,0.0351447943103136,0.5653131221314569,,3,1,0.1,2.344728415814389,0.9390595753383404,1.6698991427475047,1.8582804040621164,0.6920380489429286,0.7689311654921429,1,10,1.104768293961406,1.703937094344811,0.8,0.9390595753383404,0.9390595753383404,1,False,False,False,False,1e-07,0.9,-15.527454292997517
0.355544739108553,0.0012816526900294,626.5988468004115,0.8308088776340645,0.0096424426976526,0.5175244045258948,,3,1,0.1,0.6883694544193322,0.3066191597378767,0.4111086010475944,0.2236808729644383,0.8390484238603048,0.9322760265114496,1,10,0.1947234312819592,1.304852261543069,0.8,0.3066191597378767,0.3066191597378767,1,False,False,False,False,1e-07,0.9,-4.283239097812272
0.0246008391973057,0.0004101296716566,74.65994401460667,1.835526813984644,0.0445330942862036,0.6352015960069706,,3,1,0.1,0.6798802572825567,0.2408681631499504,1.1103416651878897,0.5488788619060878,0.5168730142644722,0.5743033491827468,1,10,0.7339558578493249,0.1934364849060033,0.8,0.2408681631499504,0.2408681631499504,1,False,False,False,False,1e-07,0.9,-14.546295497049105
0.1191661418549602,0.0027169469612841,41.887180980681656,1.3017830122663847,0.0690448583035508,0.4400543585656106,,3,1,0.1,0.7233673521191649,0.3968951803127151,1.200452731645517,1.4398805729570043,1.145201876726357,1.2724465296959522,1,10,0.9849884729139576,0.4368676809021415,0.8,0.3968951803127151,0.3968951803127151,1,False,False,False,False,1e-07,0.9,-15.499535102443872
0.1844872041642691,0.0113010957410431,9.986377603439418,0.5262662917009554,0.0762676341719154,0.3914541702559231,,3,1,0.1,1.4404826733312204,0.7832032912667418,0.9464314073493244,1.1908751345399964,1.399119714094761,1.5545774601052902,1,10,0.8850517374884984,0.6962934495386512,0.8,0.7832032912667418,0.7832032912667418,1,False,False,False,False,1e-07,0.9,-4.72860655033633
0.14098055870624,0.0093695481724252,10.105023025771692,0.621384351680433,0.0671504087525877,0.4837624008607276,,3,1,0.1,1.5291829195086328,0.6575468209777109,1.968776512980392,1.3894229837700596,0.960417424749603,1.0671304719440031,1,10,0.5919522374280448,0.5575456017485005,0.8,0.6575468209777109,0.6575468209777109,1,False,False,False,False,1e-07,0.9,-3.688553567966266
0.5992646704699255,6.44514510923821e-05,6043.486380886831,1.9628095996970976,0.0019675511687502,0.3872999407877492,,3,1,0.1,0.3035054009478102,0.1845720689402401,1.0304311220531637,1.6221975382487976,1.4237803707623706,1.5819781897359673,1,10,1.2186067002265095,1.9305919277995969,0.8,0.1845720689402401,0.1845720689402401,1,False,False,False,False,1e-07,0.9,-15.656981936256791
0.5427565537790207,0.0428838486295369,20.54479421181796,1.1181115719813364,0.0347233657761083,0.7165226729766226,,3,1,0.1,1.272048946735446,0.3372391770986117,0.7445587756967893,1.9414157631196232,0.3560663241278388,0.395629249030932,1,10,1.6992378312334635,1.7276194468536012,0.8,0.3372391770986117,0.3372391770986117,1,False,False,False,False,1e-07,0.9,-13.159481080001449
0.1688515977923472,0.0075548328256709,4821.793102838351,0.7253551885943434,0.0401786721040941,0.5399616298181383,,3,1,0.1,1.4376610809917276,0.6109431570200063,0.0319739414627199,1.132148459290259,0.7667851015693916,0.8519834461882129,1,10,0.3472357050832921,0.605833857966233,0.8,0.6109431570200063,0.6109431570200063,1,False,False,False,False,1e-07,0.9,-9.4032653732313
0.0528705417130331,0.001759499666818,38.416274109468894,0.5624102274343955,0.049412912548603,0.337588823253432,,3,1,0.1,1.314737580285164,0.8393454460024488,0.3027282184784277,1.0644175292749127,1.7659650379608656,1.9621833755120728,1,10,0.4971785538803144,0.2959891046594518,0.8,0.8393454460024488,0.8393454460024488,1,False,False,False,False,1e-07,0.9,-11.80725498882414
0.6981522412263829,9.419901534274734e-12,2175390937.611368,7.22013504580181,1.2503825588377167e-08,0.4706525710840616,,3,1,0.1,0.0981299758582811,0.0516532853516878,1.4503220186063346,1.7080434465491363,1.0122385710695594,1.1247095234106217,1,10,0.2346980802338185,1.400714253694041,0.8,0.0516532853516878,0.0516532853516878,1,False,False,False,False,1e-07,0.9,-8.18209628377219
0.3077242447799762,0.023329623801608,6.877311553883455,0.4814126381440539,0.0708576674137082,0.4588756773689796,,3,1,0.1,1.3957704304383574,0.7290278297328201,1.5027141011642946,1.2279666991962026,1.061315546642745,1.1792394962697168,1,10,1.9889641135868297,1.304345867709192,0.8,0.7290278297328201,0.7290278297328201,1,False,False,False,False,1e-07,0.9,-17.782785173930314
0.0103292077050318,0.0009977590098706,11.651795448562254,0.8915270381655697,0.1328845619698722,0.489871235442377,,3,1,0.1,1.1301689285760708,0.5581308130074717,1.4110280005431792,1.793288667130375,0.9372174867284402,1.0413527630316002,1,10,1.831953346658344,0.121268864182875,0.8,0.5581308130074717,0.5581308130074717,1,False,False,False,False,1e-07,0.9,-16.792796793099676
0.1031491098957996,0.0028660148598427,18.29492914094081,0.6483549423096417,0.0064448959200734,0.7417426801384616,,3,1,0.1,3.6862341014192688,0.7202658653675018,0.9583507566936198,1.2112475758977177,0.3133587888349588,0.3481764320388431,1,10,0.1259960002536956,0.4296469452030297,0.8,0.7202658653675018,0.7202658653675018,1,False,False,False,False,1e-07,0.9,-8.498548171444867
0.2653725983433168,0.0072961975222881,15.731381649750574,0.2917175840670981,-0.0027050732116871,0.8182820087016318,,3,1,0.1,6.83567998744928,0.9700245824769969,0.5818713850665251,0.370941768775726,0.1998653159050022,0.2220725732277802,1,10,1.0677292191450656,1.4392171251364916,0.8,0.9700245824769969,0.9700245824769969,1,False,False,False,False,1e-07,0.9,-19.937594787950417
0.2861933720567229,0.0047043947898928,16.64055356060479,0.2816691191903182,0.0143977124043676,0.3724710223998546,,3,1,0.1,1.6682186002831147,0.937500885140792,0.7111974979568995,0.4143873933356237,1.5162953515182005,1.6847726127980005,1,10,1.914845144727618,1.9982182413931984,0.8,0.937500885140792,0.937500885140792,1,False,False,False,False,1e-07,0.9,-5.326966566693914
0.5759369601382054,8.616034289731946e-11,573388946.6474743,7.046639254033912,5.0734099076323047e-08,0.4205206053281523,,3,1,0.1,0.1180726127422048,0.0677258398374561,1.0898075930949631,1.4198773347977598,1.24020428154213,1.3780047572690337,1,10,0.2735402625211627,1.0980490698144252,0.8,0.0677258398374561,0.0677258398374561,1,False,False,False,False,1e-07,0.9,-4.839796402674548
0.0696154019969404,2.9266188708731484e-06,75.29107585644272,0.952053145431075,0.0001128921434682,0.3645587353539916,,3,1,0.1,0.7964052913743338,0.4985806470087486,0.9910395505353962,0.025832287052795,1.5687379912213246,1.7430422124681384,1,10,0.4549111716110622,0.3399317223884377,0.8,0.4985806470087486,0.4985806470087486,1,False,False,False,False,1e-07,0.9,-19.331394937247083
0.4417013464088432,5.5576688446210194e-05,2926.226808130096,1.6233752851046492,0.0019459347221944,0.3541386600910254,,3,1,0.1,0.3271940780809608,0.2059220870198615,1.9645465053488709,1.5911529232994033,1.6413774360830025,1.823752706758892,1,10,1.3739838079368003,1.275004262126689,0.8,0.2059220870198615,0.2059220870198615,1,False,False,False,False,1e-07,0.9,-4.418699702621902
0.3688340154682841,0.0424393765573982,234.2185293786688,0.313033460652713,-0.0372696419357113,0.9542488242736156,,3,1,0.1,-15.43291186339553,0.8994669924021805,0.1446551664039506,1.336905603385034,0.0431502320006414,0.0479447022229349,1,10,1.7534123790801437,1.8172688696440096,0.8,0.8994669924021805,0.8994669924021805,1,False,False,False,False,1e-07,0.9,-8.250369115558147
0.3737765396238225,0.0362746919160068,17.40580408428956,0.5079269779212325,0.0698151244015836,0.5118655227077512,,3,1,0.1,1.6871263550036055,0.7418635800025966,0.6349152030283366,1.9367996776092031,0.8582743124386081,0.9536381249317868,1,10,1.099109634921638,1.612721022772872,0.8,0.7418635800025966,0.7418635800025966,1,False,False,False,False,1e-07,0.9,-7.8434421520552196
0.2363647344238288,0.0042348476911433,16.28541289471631,0.3179537247706675,0.005292029290809,0.5630786177829477,,3,1,0.1,2.345153919366465,0.947527576541732,0.5476710693524968,0.2942180652139909,0.6983558451280545,0.7759509390311716,1,10,1.0082656035504856,1.1483343444758596,0.8,0.947527576541732,0.947527576541732,1,False,False,False,False,1e-07,0.9,-16.22420589371592
0.283398288704362,0.0030130185153891,16.189572757554675,0.4043243631860263,0.013812032879777,0.391532760703039,,3,1,0.1,1.1342028721630752,0.6616299908442431,1.1757520019555638,0.3375775281051731,1.3986582230921203,1.5540646923245782,1,10,1.1498289451875303,1.535554463670893,0.8,0.6616299908442431,0.6616299908442431,1,False,False,False,False,1e-07,0.9,-10.311000432777798
0.0189428311754073,0.0002686294172122,20.02612145131836,0.6843241418202404,0.011784651712384,0.5180621547740668,,3,1,0.1,1.766740055021961,0.7603478569359453,1.6075624243421325,1.913501882908145,0.8372432857839246,0.930270317537694,1,10,0.0716319791095998,0.1641676896012992,0.8,0.7603478569359453,0.7603478569359453,1,False,False,False,False,1e-07,0.9,-7.638284907014698
0.0757223196271577,0.0002635146111771,13.360657439222202,0.4661143712489833,0.0001552689295741,0.8483297286447709,,3,1,0.1,9.13526871256359,0.92123534541683,0.9548298208722956,0.1014826131856307,0.1609082407589012,0.1787869341765569,1,10,0.5147270228745505,0.3844738492135051,0.8,0.92123534541683,0.92123534541683,1,False,False,False,False,1e-07,0.9,-15.376073451656008
0.1863770810011432,0.0089125532501105,994.6327844716652,0.6470716038983176,0.0898002986625483,0.3611811460742506,,3,1,0.1,1.2006094611156677,0.6506782014288918,0.0653528835405124,1.274409409166032,1.5918244204667882,1.7686938005186534,1,10,0.907086809030514,0.6841652848810186,0.8,0.6506782014288918,0.6506782014288918,1,False,False,False,False,1e-07,0.9,-2.4262563432539395
0.0052540036202987,0.000158777927951,23.79576372152692,0.7105049925076051,0.066189998006526,0.3393010039274992,,3,1,0.1,0.9557558592010033,0.6079260686160353,1.5324374521779356,1.109990346114944,1.7525120455945042,1.947235606216116,1,10,1.8292315636023648,0.0882517246809224,0.8,0.6079260686160353,0.6079260686160353,1,False,False,False,False,1e-07,0.9,-8.374529323530401
0.2685986108813459,0.0094704814883928,22.0979036276996,0.6797498344522246,0.0661807040460211,0.3946379313439238,,3,1,0.1,1.0679369238204324,0.5840606820213763,0.7962847174044018,1.2149887106386557,1.380571451748406,1.533968279720451,1,10,0.6617196612870081,0.969012240275017,0.8,0.5840606820213763,0.5840606820213763,1,False,False,False,False,1e-07,0.9,-3.942976663065252
0.4607850028572943,1.5244004441799096e-05,9132.300978241085,1.4011179792452486,0.0012728873520281,0.5249460111777766,,3,1,0.1,0.229157387393157,0.1078922244714833,1.7293588919878276,0.7408662989518504,0.8144620224482643,0.9049578027202936,1,10,1.7966393424578264,1.033284784791135,0.8,0.1078922244714833,0.1078922244714833,1,False,False,False,False,1e-07,0.9,-13.38162298047347
0.7448685948708431,4.4990500509293645e-11,1563573712.4088414,3.751015301053485,1.3791051502800537e-08,0.3461897953111049,,3,1,0.1,0.1250308695597033,0.0815207998555148,1.6435410311915255,1.837751715819146,1.6997300099247896,1.8885888999164329,1,10,1.5318866618267115,1.8901802081279,0.8,0.0815207998555148,0.0815207998555148,1,False,False,False,False,1e-07,0.9,-15.63680880920026
0.3137038229363987,0.0086195500845369,38.431557842791904,0.8626259405343911,0.0163503707544932,0.6613076546248675,,3,1,0.1,1.2755617420152383,0.4008672731514494,1.038625482247423,0.4531764317980976,0.4609399402922876,0.5121554892136528,1,10,1.1957143527378238,1.1744114516501074,0.8,0.4008672731514494,0.4008672731514494,1,False,False,False,False,1e-07,0.9,-10.85344914691266
0.0020010763122875,0.0001939024263379,16.5961567469612,0.7728704705259049,0.006100158710121,0.9369482148182704,,3,1,0.1,35.53761829557751,0.6896928919015712,0.4826817666530051,0.8720018355661858,0.0605653607809724,0.0672948453121915,1,10,1.332188206356952,0.0536980295664202,0.8,0.6896928919015712,0.6896928919015712,1,False,False,False,False,1e-07,0.9,-14.806178860321994
0.1530701101765377,0.0157852777012879,32.83289361669581,1.3565974461781878,0.0325527409930223,0.8113937616879845,,3,1,0.1,2.36668919067277,0.3730005261463396,0.3516191825697435,1.6427516354641427,0.2092025136201236,0.2324472373556929,1,10,1.2268356432187568,0.5094431434429605,0.8,0.3730005261463396,0.3730005261463396,1,False,False,False,False,1e-07,0.9,-9.762320191335345
0.131588703477515,0.010639815823401,13.214603283095665,1.2897070458548003,-0.0189394881282734,0.9787872962426278,,3,1,0.1,-19.24694187021033,0.4078772448304449,1.0130250521616804,1.4060527786397168,0.0195051912248178,0.021672434694242,1,10,0.6679084750471538,0.4558809210356224,0.8,0.4078772448304449,0.4078772448304449,1,False,False,False,False,1e-07,0.9,-9.414686605841675
0.3170650830743542,0.0156022849868226,104.70311855222924,0.3838064630614523,0.0583923966985452,0.3684203971379132,,3,1,0.1,1.770144391526995,0.8298677517628372,0.2503650094393983,0.8435408288584721,1.5428614891892023,1.714290543543558,1,10,0.5252995575227112,1.7730249175562571,0.8,0.8298677517628372,0.8298677517628372,1,False,False,False,False,1e-07,0.9,-1.878403275620176
0.2980857671366713,0.016458252995086,40.06293219290392,0.5283158772813801,0.037971711144513,0.5297546494511974,,3,1,0.1,1.595176527700234,0.6921439337196523,0.4030734968035762,1.291721886518349,0.7988996716354645,0.8876663018171828,1,10,0.446456701920955,1.1624571330577245,0.8,0.6921439337196523,0.6921439337196523,1,False,False,False,False,1e-07,0.9,-10.087850777616117
0.0180889669749347,0.000865090562191,25.939326335271403,1.6690715409677084,0.0894168396420798,0.6278786526577214,,3,1,0.1,0.8949835350886574,0.3205482728434695,1.1117599597797208,0.9707807303107292,0.5333979920967651,0.5926644356630723,1,10,1.8632323125826693,0.1565276486236079,0.8,0.3205482728434695,0.3205482728434695,1,False,False,False,False,1e-07,0.9,-14.417021281530118
0.0095693605003539,3.8198219820347176e-05,225.13196980623928,0.81857094309503,0.0084169867199775,0.3524168897948131,,3,1,0.1,1.0026133246546889,0.6231613196050286,0.1667748363116145,0.2752146573218373,1.6537936065550238,1.837548451727804,1,10,1.9676611511577933,0.1165390889401602,0.8,0.6231613196050286,0.6231613196050286,1,False,False,False,False,1e-07,0.9,-8.431697575529446
0.3166299261273159,0.0015207366371419,80.09949330145336,0.7121720295949522,0.0178573543478106,0.3410204209455287,,3,1,0.1,0.6710535979709183,0.4221748156368556,0.958239872934738,0.7527801620965129,1.739138141653274,1.932375712948082,1,10,0.5362813873343306,1.298476648930718,0.8,0.4221748156368556,0.4221748156368556,1,False,False,False,False,1e-07,0.9,-4.821955401501029
0.2020852806591092,0.0031048226819767,15.734013685194684,0.5882119173058667,0.0246486714266903,0.3813622002527446,,3,1,0.1,1.0876384869875786,0.6535954576913824,1.923637776934899,1.772692807272004,1.4599612111623352,1.6221791235137055,1,10,0.1922060657281184,0.7741932176381243,0.8,0.6535954576913824,0.6535954576913824,1,False,False,False,False,1e-07,0.9,-14.076720878675347
0.1883378990560628,0.0191233664161607,7.473574905828578,0.5680820182511603,0.0688412418213938,0.5343651519743302,,3,1,0.1,1.678654630382657,0.7421561929958095,1.1233797654580109,1.3981452678599566,0.7842415652943521,0.8713795169937245,1,10,1.4655507318261936,0.6830560645495812,0.8,0.7421561929958095,0.7421561929958095,1,False,False,False,False,1e-07,0.9,-16.860666794080874
0.4671124618571052,0.0268314684728844,3253.996994346728,1.02667533265005,0.0786772963171533,0.5870506195208326,,3,1,0.1,0.9718003426855112,0.3899374103351199,0.0570568296673405,1.4460083752459698,0.6330875568014998,0.703430618668333,1,10,1.687899305849093,1.5480291540597813,0.8,0.3899374103351199,0.3899374103351199,1,False,False,False,False,1e-07,0.9,-19.57059220010835
0.193269334482231,0.0058125152650856,33.42348737946601,0.3601194817957605,0.0021266344296967,0.7255021766231785,,3,1,0.1,9.828798512336446,0.9626465609048016,0.3068478424395189,0.3268058279079791,0.3405200549349345,0.3783556165943717,1,10,0.7121452041965917,0.8251131028710571,0.8,0.9626465609048016,0.9626465609048016,1,False,False,False,False,1e-07,0.9,-3.955688908324863
0.3645310235432363,0.0318679001718279,34.009614557878706,0.9751170115877588,0.0371485444306185,0.7038203447759183,,3,1,0.1,1.6408201934344568,0.427492838202072,0.426798066508291,1.3618443915845362,0.3787354140587415,0.420817126731935,1,10,1.466040406729498,1.0797396095547054,0.8,0.427492838202072,0.427492838202072,1,False,False,False,False,1e-07,0.9,-8.441297952243751
0.3459957397205012,0.0018039273583854,240.69120935363296,1.9480128498797349,0.0344458398014198,0.4615554966355003,,3,1,0.1,0.4736962282242146,0.2514850746095322,0.6599973001099977,1.7922681182360418,1.0499280293714028,1.1665866993015586,1,10,1.1438018511277528,0.8942603204161255,0.8,0.2514850746095322,0.2514850746095322,1,False,False,False,False,1e-07,0.9,-15.384193990100693
0.0087481957651068,5.5184182573650695e-05,96.04270472418258,1.4586557931712647,0.0214629260128927,0.4160116430456836,,3,1,0.1,0.7082676454630662,0.4021420800823388,1.805028659470725,1.9928678716157864,1.2634009889986846,1.403778876665205,1,10,0.2016762453877946,0.1038961519375889,0.8,0.4021420800823388,0.4021420800823388,1,False,False,False,False,1e-07,0.9,-10.323263259449991
0.4538959450462102,0.0471261285279791,6.4812916625818815,0.5661539463864077,-0.0350731599923786,0.8391477245513669,,3,1,0.1,9.694111745411425,0.5797411084926338,1.641877704839411,1.5578763032127627,0.1725167615525221,0.1916852906139135,1,10,1.0090217970371336,1.9279067463764967,0.8,0.5797411084926338,0.5797411084926338,1,False,False,False,False,1e-07,0.9,-4.814388700837171
0.1323277239345588,0.0037448984041846,24.929408544234523,0.7361928338433466,0.0581819981272117,0.405630182454242,,3,1,0.1,0.8947777363165313,0.5114869959413115,1.7673942564956349,1.1952521928776407,1.3187698029633843,1.4652997810704271,1,10,0.7257379689767235,0.5288045182772176,0.8,0.5114869959413115,0.5114869959413115,1,False,False,False,False,1e-07,0.9,-9.126176357775291
0.2910557615185521,0.0172933424206809,5.991999166064026,0.3403850970861934,0.062479223038387,0.3477045348512748,,3,1,0.1,1.57833055169108,0.990406244367859,1.1185722822901636,1.1429662587131142,1.6884045498139997,1.8760050553488885,1,10,1.5265658028774178,1.5113962812252568,0.8,0.990406244367859,0.990406244367859,1,False,False,False,False,1e-07,0.9,-13.889732879464006
0.4097785472436159,0.0007534052079378,19.07891926387773,9.735837075708924,0.0935569552318774,0.9201171763624256,,3,1,0.1,0.6988845703968359,0.0540890752643433,1.2504358949587095,1.5960745531791247,0.0781362886388487,0.0868180984876096,1,10,0.8397766206729184,0.7583584302306626,0.8,0.0540890752643433,0.0540890752643433,1,False,False,False,False,1e-07,0.9,-19.99214604531725
0.1545305693582563,0.0078635564256212,8.652528364993465,0.4293955648338674,0.0200701447916241,0.57158777304146,,3,1,0.1,2.198294613305729,0.8738683224515411,1.074277889457974,0.599073211761319,0.6745613227711899,0.7495125808568776,1,10,1.279098667485305,0.6495935639954902,0.8,0.8738683224515411,0.8738683224515411,1,False,False,False,False,1e-07,0.9,-16.16940670393587
0.062385116594967,0.0034398211036494,17.586215027009114,0.9968787311580052,0.0849521489492419,0.5079055306040353,,3,1,0.1,1.0347572508299732,0.4908547471899581,1.6222638376200391,1.45086915867428,0.8719830672638271,0.9688700747375856,1,10,0.7953552496915883,0.3110019745476997,0.8,0.4908547471899581,0.4908547471899581,1,False,False,False,False,1e-07,0.9,-14.063404900422997
0.375403488844858,0.0329655106547981,6.655058554495633,0.5161296181680185,0.0596621598606168,0.5331938649316841,,3,1,0.1,1.653579967845488,0.6834722427148416,1.541668868333801,1.326670099539659,0.787941402167696,0.8754904468529956,1,10,1.220220172797206,1.697164457655409,0.8,0.6834722427148416,0.6834722427148416,1,False,False,False,False,1e-07,0.9,-6.814537113612744
0.0101313035080668,0.0001635195735437,95.07771826493853,1.079962462004974,0.0329030062735215,0.5452641799025072,,3,1,0.1,0.7558042422723006,0.3231647508778997,1.5105541934184956,0.4921772275655848,0.7505760568407762,0.8339733964897513,1,10,1.575833102345194,0.1322150114898248,0.8,0.3231647508778997,0.3231647508778997,1,False,False,False,False,1e-07,0.9,-6.488213618000884
0.4926514306127678,0.0028896384629827,143.11121997841488,1.269526821362015,0.0331863634051499,0.4431554634855842,,3,1,0.1,0.5143465691460076,0.2798311841658567,1.1703468115117597,1.2895101712203956,1.1308900017189496,1.2565444463543884,1,10,1.3194068246870927,1.6589943430287482,0.8,0.2798311841658567,0.2798311841658567,1,False,False,False,False,1e-07,0.9,-9.693692776915883
0.2939404911800704,0.0100249680542848,13.376168488678491,0.633234081777432,0.0234182809591848,0.5719467110425323,,3,1,0.1,1.445573012145929,0.5888331965915604,1.814679642698072,1.7857502676887755,0.673573171457703,0.7484146349530033,1,10,0.2400129621377468,1.074146851789057,0.8,0.5888331965915604,0.5888331965915604,1,False,False,False,False,1e-07,0.9,-16.25564912033365
0.2312382424321819,0.0093375295830745,8.774030152998481,0.4611466692505142,-0.0079771985788099,0.929227147882729,,3,1,0.1,-2.723357021670971,0.7714044928455706,1.342552173810872,0.802749860078002,0.0685468209260523,0.0761631343622804,1,10,0.1734341819149559,0.9220364503035032,0.8,0.7714044928455706,0.7714044928455706,1,False,False,False,False,1e-07,0.9,-2.0247276950320554
0.3874361175054688,0.0429026917133925,5.050595181322381,0.4654557648399198,-0.0114815257347581,0.7697829349117047,,3,1,0.1,4.265496319651231,0.6929416630538517,1.915630480003104,1.270852942867342,0.2691607584198153,0.2990675093553503,1,10,1.977285163636904,1.8261273186347533,0.8,0.6929416630538517,0.6929416630538517,1,False,False,False,False,1e-07,0.9,-7.871617523306643
0.0668330818043097,0.0047777808470101,11.073542960367346,0.5140711481243679,0.0681898879524502,0.4249546596297158,,3,1,0.1,1.7248531574978414,0.8529774645146133,0.7280875416561944,0.9062500221673436,1.2178730003436478,1.353192222604053,1,10,1.42356599527976,0.345539214979009,0.8,0.8529774645146133,0.8529774645146133,1,False,False,False,False,1e-07,0.9,-4.501499619517631
0.4200828872053125,0.0002531601483315,654.143140171129,1.2009283068528334,0.0049076474103905,0.3842153609590479,,3,1,0.1,0.4197331816595214,0.2562557831855223,1.6061247402330534,1.0646442169671593,1.4424362778039153,1.6027069753376837,1,10,0.4078938725802333,1.4042893452912484,0.8,0.2562557831855223,0.2562557831855223,1,False,False,False,False,1e-07,0.9,-18.70402407419124
0.2625235117406023,0.0110409377032584,17.423542759350948,1.0483509814388952,-0.0008523392826055,0.8255795757572083,,3,1,0.1,2.7382542745708163,0.4232728896683397,1.5823043774814056,1.2057733762362777,0.1901432477596535,0.2112702752885039,1,10,0.2903068944519515,0.8096694333984619,0.8,0.4232728896683397,0.4232728896683397,1,False,False,False,False,1e-07,0.9,-17.610708667992743
0.7252240325790646,8.116665022942513e-09,26379589.30994649,0.7992817856183823,1.4365415829923804e-06,0.4048009770730749,,3,1,0.1,0.1502854307521456,0.0890983771164002,0.7885108098296562,0.579933412059168,1.3233147916476775,1.4703497684974196,1,10,0.8927563061629767,1.8700881018431688,0.8,0.0890983771164002,0.0890983771164002,1,False,False,False,False,1e-07,0.9,-15.426607692992556
0.286681259109217,0.0009820385478412,148.98177514550775,0.7717526694248817,0.0124488062986388,0.3343692562726962,,3,1,0.1,0.6613956793632619,0.4346016194179525,0.5397516529445489,1.5513769559870385,1.791635020613263,1.990705578459181,1,10,0.2726901731861337,1.12983631305989,0.8,0.4346016194179525,0.4346016194179525,1,False,False,False,False,1e-07,0.9,-17.030083004557955
0.2804981885961968,0.0003101524826263,61.15192947284721,0.6872082761971537,0.0002079536024198,0.7217243741958648,,3,1,0.1,1.6993049316434474,0.4349213947258162,1.839016513228944,0.0777276714966479,0.3470134474850836,0.3855704972056485,1,10,1.4100041931359328,1.2208892692241695,0.8,0.4349213947258162,0.4349213947258162,1,False,False,False,False,1e-07,0.9,-14.05396237086948
0.1455678927090713,0.0023815206898759,31.36674479715511,3.9576716289412968,0.0943096719296427,0.7319831161211278,,3,1,0.1,0.5939626824351382,0.1520380734401089,1.1443095006950297,1.1732025323074609,0.3295365564840009,0.3661517294266677,1,10,1.3431423091184749,0.4279873869477499,0.8,0.1520380734401089,0.1520380734401089,1,False,False,False,False,1e-07,0.9,-9.239882478341974
0.0549691946821675,3.714928100518227e-05,1413.410879206955,2.6538821308773373,0.0075141351884767,0.3627229814437528,,3,1,0.1,0.378945740738035,0.2372704767985479,0.6735497611910034,1.789510102774896,1.581232362001751,1.7569248466686125,1,10,1.9394321742669791,0.2595072653657901,0.8,0.2372704767985479,0.2372704767985479,1,False,False,False,False,1e-07,0.9,-7.722917638578533
0.5099894824697289,0.0004697871939888,522.1669140703826,1.4019057204843954,0.0085155097244444,0.3859761207430208,,3,1,0.1,0.4087529996794384,0.2486313074954564,1.712312862550952,1.529205592560925,1.4317504675352992,1.5908338528169992,1,10,0.9586781923500836,1.818159997038868,0.8,0.2486313074954564,0.2486313074954564,1,False,False,False,False,1e-07,0.9,-16.67220763183159
0.3106535030186,0.0122815140337708,25.871736844660287,0.3302441705185474,0.002845842864722,0.6774141695920214,,3,1,0.1,2.886796261806085,0.847978092758428,0.5472316572840841,0.5489930422922439,0.428581598082061,0.4762017756467344,1,10,0.3095516299663522,1.861017728149996,0.8,0.847978092758428,0.847978092758428,1,False,False,False,False,1e-07,0.9,-19.916404351435283
0.0579539219659261,0.0038916863911994,13.814182462296102,0.6758749670412517,0.0305630054755126,0.6505581653509933,,3,1,0.1,2.2041137548620577,0.6865805266089643,0.8977846847030574,0.7240425618947479,0.4834274134649071,0.5371415705165634,1,10,1.8912251710373944,0.3166433873773963,0.8,0.6865805266089643,0.6865805266089643,1,False,False,False,False,1e-07,0.9,-11.772117034391966
0.267022145691189,0.0307455097747456,6.133703567884254,0.5065972802137728,0.0609216817725705,0.5553054246433357,,3,1,0.1,1.9267836412865056,0.7949240374592095,1.105091352204736,1.7444778971629544,0.7207297102816105,0.8008107892017894,1,10,1.4563086929746831,0.9466398042946385,0.8,0.7949240374592095,0.7949240374592095,1,False,False,False,False,1e-07,0.9,-13.739039741737482
0.3403418401456439,0.0063313271240347,45.772423746276544,1.0028849130951814,0.0547126645226538,0.440909318631044,,3,1,0.1,0.7280885302527496,0.3930524336426457,1.0308906526209969,1.147649305060266,1.1412360591387871,1.2680400657097637,1,10,0.9158507800214686,1.0991197089702809,0.8,0.3930524336426457,0.3930524336426457,1,False,False,False,False,1e-07,0.9,-9.003024084883824
0.2189835992625219,2.51482331586125e-10,178062593.25328556,9.351089606332602,2.2680608406515725e-07,0.415443435026861,,3,1,0.1,0.1353085033561865,0.0783197902593319,0.8338424593180789,1.6534953947815447,1.2663599039465128,1.4070665599405696,1,10,0.1493018392319648,0.4911081688734917,0.8,0.0783197902593319,0.0783197902593319,1,False,False,False,False,1e-07,0.9,-5.675757812831851
0.5679418902186939,0.0152413511169567,18.047252692598565,1.7128554404735186,0.1093299575970907,0.6232705476693889,,3,1,0.1,0.7478120568632001,0.2072046377340287,1.8425416973439737,1.5769614187672432,0.5439957148069847,0.6044396831188719,1,10,1.141847987523018,1.660999668711039,0.8,0.2072046377340287,0.2072046377340287,1,False,False,False,False,1e-07,0.9,-1.296003721179776
0.1915543114593378,0.0025485612863954,104.79948345513635,1.937664809915767,0.0580720287872894,0.5403387241075172,,3,1,0.1,0.664697843703499,0.252600499975628,0.5695942805409803,0.7337934925604764,0.7656218772521604,0.8506909747246226,1,10,1.8271708670401388,0.5673416403795892,0.8,0.252600499975628,0.252600499975628,1,False,False,False,False,1e-07,0.9,-1.7138732737113642
0.2793951954281614,0.0101583102728778,165.77803269267736,0.3385215175853458,0.0419072389181951,0.3336372325706333,,3,1,0.1,1.4752911056151563,0.9540384590278848,0.1646509522700568,0.929020218785929,1.7975406583540223,1.997267398171136,1,10,0.5654204728153944,1.4692849668457404,0.8,0.9540384590278848,0.9540384590278848,1,False,False,False,False,1e-07,0.9,-16.170090803295075
0.3106899166047807,0.0276451674909576,4.793468938648383,0.3966303827619806,0.0478181006777427,0.5113396383220301,,3,1,0.1,2.0017407798144613,0.8586978139635266,1.5861857972071736,1.2006157578810237,0.8600825998026786,0.9556473331140872,1,10,1.1842575709382597,1.4056662707047132,0.8,0.8586978139635266,0.8586978139635266,1,False,False,False,False,1e-07,0.9,-7.356747513555748
0.0772610488239794,0.0005154207793764,10.974662809513424,0.4306129748173466,0.0007604029764121,0.7654266777338892,,3,1,0.1,5.02322900595269,0.97295808443092,1.4212650121519836,0.1965983878829219,0.2758147791040242,0.306460865671138,1,10,0.0478036788152464,0.3968445734584582,0.8,0.97295808443092,0.97295808443092,1,False,False,False,False,1e-07,0.9,-18.216724017024607
0.3286365989479236,0.0089074783710234,8404303.991115479,0.4401654380533895,0.0053971306899679,0.6505641331001139,,3,1,0.1,2.065453282764832,0.641792829615919,0.0011985795095397,0.3524549419909042,0.4834147230208601,0.5371274700231778,1,10,0.8948073115754815,1.9066435492545424,0.8,0.641792829615919,0.641792829615919,1,False,False,False,False,1e-07,0.9,-10.786448379830109
0.5420585148570431,1.0326421223414033e-05,249567.1722290961,1.5136145715418985,0.0003818525941003,0.3601677920331176,,3,1,0.1,0.2838973977168249,0.1803911725216458,0.2154020778120774,0.7690040225753316,1.5988353203921255,1.776483689324584,1,10,0.6846028224439265,1.8549006777231205,0.8,0.1803911725216458,0.1803911725216458,1,False,False,False,False,1e-07,0.9,-14.691148668772756
0.3464554161022426,0.0145224937653891,36.279712360388864,0.5181039024277407,-0.0191832360469002,0.958159554148581,,3,1,0.1,-426.423893871668,0.5997820451494686,0.6203155159828632,0.4455124128306276,0.0393007626999436,0.0436675141110484,1,10,0.7698808609778303,1.79815781900525,0.8,0.5997820451494686,0.5997820451494686,1,False,False,False,False,1e-07,0.9,-13.288484560550245
0.5862745313576962,2.1539531620727405e-05,7073.467344219474,3.0561899496195872,0.0009946305418769,0.5494339169346281,,3,1,0.1,0.2681050179952933,0.1199044729301603,1.8740672550699893,1.967232954632356,0.7380495856921815,0.8200550952135349,1,10,0.0935866370435014,1.3238805603813786,0.8,0.1199044729301603,0.1199044729301603,1,False,False,False,False,1e-07,0.9,-19.744621089486987
0.2764387834852084,0.0323781051348826,3.841109276161679,0.3440227432280988,0.013290503814077,0.6704499279066526,,3,1,0.1,8.546438009754997,0.989810762998524,1.4562776333853933,1.1946571421434256,0.4423821265967946,0.4915356962186607,1,10,1.5479266964167384,1.1589734308678252,0.8,0.989810762998524,0.989810762998524,1,False,False,False,False,1e-07,0.9,-3.1048736221800226
0.1927906347746079,0.0231477639719638,10.184520644814691,0.6582932812328885,0.0787027662460691,0.5745750994807302,,3,1,0.1,1.8900698637844875,0.6725528395020457,0.7556327178584155,1.8228303767894016,0.6663748756487554,0.7404165284986172,1,10,1.267350069604053,0.6649628426264111,0.8,0.6725528395020457,0.6725528395020457,1,False,False,False,False,1e-07,0.9,-5.552984138785124
0.0271032389299691,0.0013829349079162,17.120193252019032,0.8567469878315584,0.0206330722433458,0.735588200777706,,3,1,0.1,2.7137915565106865,0.6384397049547839,1.1395500186759833,1.591278418822106,0.3235106531731589,0.3594562813035099,1,10,0.2794459195095995,0.1914431949533982,0.8,0.6384397049547839,0.6384397049547839,1,False,False,False,False,1e-07,0.9,-16.108363455849243
0.040286495021094,0.0009803622589652,15.047936900578804,0.4557312531371047,0.0123784429430686,0.5252103670751487,,3,1,0.1,2.2405557261074667,0.9970503620034772,0.5335518443156443,0.3487633640585543,0.8135990765224655,0.9039989739138506,1,10,0.945018870585173,0.2609538928480217,0.8,0.9970503620034772,0.9970503620034772,1,False,False,False,False,1e-07,0.9,-17.579445414784622
0.0472649605920541,0.0014839972295086,10.499827910345015,0.4173707144383845,0.011774850184758,0.574653196610061,,3,1,0.1,2.750740921719252,0.916015810027843,1.7374834868194151,0.3792721916664196,0.6661620005060334,0.7401800005622593,1,10,0.5473544262350813,0.3151924349576883,0.8,0.916015810027843,0.916015810027843,1,False,False,False,False,1e-07,0.9,-5.700586717911744
0.2021131187200873,0.0118589158751502,12.157384098345746,0.6617893416740702,0.1054874239010933,0.3700410453330768,,3,1,0.1,1.081135691542357,0.6617109517981024,1.1158918740942447,1.9681569763123568,1.5321626245269708,1.7024029161410787,1,10,1.4880187180327211,0.7220136038761875,0.8,0.6617109517981024,0.6617109517981024,1,False,False,False,False,1e-07,0.9,-13.673809422426682
0.3229470887554111,0.0242518250884952,13.361251073176744,0.3408029209654667,0.0014465574093257,0.7125601904002727,,3,1,0.1,3.618130667082396,0.8874799140176685,0.6710770015073737,0.8428501631592247,0.36305119500773,0.4033902166752556,1,10,0.9838287017632232,1.641320160399109,0.8,0.8874799140176685,0.8874799140176685,1,False,False,False,False,1e-07,0.9,-15.0021025223815
0.4074173013189409,0.0450590499327476,6.561534561520929,0.5152412233254536,-0.0125704240391323,0.7744935838291848,,3,1,0.1,3.286072656549885,0.6508700237443641,1.342599493309707,1.4085366583241374,0.2620496525617386,0.291166280624154,1,10,1.7028663357470897,1.6878600498063865,0.8,0.6508700237443641,0.6508700237443641,1,False,False,False,False,1e-07,0.9,-18.372709698943147
0.4354502717000879,0.0223706272012024,16.32272187240247,0.9573035071835172,0.0897091965955634,0.516385002219907,,3,1,0.1,0.9356960886862122,0.4397851481356403,1.2825716285017892,1.928808182030736,0.8428856301615193,0.9365395890683548,1,10,1.1673741120661711,1.4688712408284077,0.8,0.4397851481356403,0.4397851481356403,1,False,False,False,False,1e-07,0.9,-16.690484770809835
0.3206491157909136,0.0202519479086054,5.40201025472927,0.4143792711474258,0.0390965513015648,0.5012367756378008,,3,1,0.1,1.9777439334460776,0.7979511362917654,1.966142595344383,1.3840149828250323,0.8955585937500121,0.99506510416668,1,10,0.4688225763562907,1.5280622018317542,0.8,0.7979511362917654,0.7979511362917654,1,False,False,False,False,1e-07,0.9,-4.196971147855471
0.314683418394798,0.0012000933791685,30.958946078623864,0.5343839559348913,-0.0007307923535636,0.8175360888652244,,3,1,0.1,3.769534762160793,0.5161725703543159,1.5679143595036755,1.262374283981588,0.2008688328967092,0.2231875921074547,1,10,0.0149688430933027,1.6320543395437028,0.8,0.5161725703543159,0.5161725703543159,1,False,False,False,False,1e-07,0.9,-9.268141303452069
0.1694279578695346,0.002076834638236,77.65404802949752,1.6220086886177232,0.0581575870311869,0.4498192094453266,,3,1,0.1,0.6662694535316761,0.2995874628836407,1.064040746366318,1.0589442408781509,1.1008038365231054,1.2231153739145617,1,10,0.7368362867938074,0.5330351074796222,0.8,0.2995874628836407,0.2995874628836407,1,False,False,False,False,1e-07,0.9,-1.340474834298412
0.2258052910840799,0.0055430388985336,6.750373412825685,0.3275191170001065,0.0079384851874244,0.5593042318061578,,3,1,0.1,2.124598819581805,0.8644062711942302,1.907667989110144,0.358962792881066,0.7091421248389903,0.7879356942655448,1,10,0.5379805713993434,1.155976211186591,0.8,0.8644062711942302,0.8644062711942302,1,False,False,False,False,1e-07,0.9,-14.287018861045166
0.2613906307001453,0.0001746752952504,945.730216128186,1.4850373540873152,0.0054924224540815,0.3417892747451692,,3,1,0.1,0.4333510024556433,0.2818057474540169,0.5892412245072801,1.0012830358264342,1.733201409467927,1.925779343853252,1,10,0.9659941159392276,0.7912354447974695,0.8,0.2818057474540169,0.2818057474540169,1,False,False,False,False,1e-07,0.9,-12.167093355419876
0.2998143048133244,0.0085586247255786,13.907410462415138,0.4400128081430965,0.0164920300393764,0.5476112657964892,,3,1,0.1,1.5863535342010762,0.6109467816498402,1.579665925450726,0.4106228838003909,0.7435016154953803,0.8261129061059781,1,10,1.0280748184450013,1.6521602748824986,0.8,0.6109467816498402,0.6109467816498402,1,False,False,False,False,1e-07,0.9,-4.973984819344125
0.0180237700149692,0.0011273291841119,341.4624386623144,0.642291561950061,0.0210013708777983,0.7028092762206196,,3,1,0.1,2.9477326371100445,0.7767489104566442,0.0814975972102018,0.6658376380701141,0.3805750157991372,0.422861128665708,1,10,1.8025142501115623,0.1648284185964356,0.8,0.7767489104566442,0.7767489104566442,1,False,False,False,False,1e-07,0.9,-16.206947225797343
0.0127326885754869,0.0007039260275635,11.50902331157864,0.5459338217790424,0.0197851390852337,0.6489026637209425,,3,1,0.1,2.77253081004162,0.8857786111442072,0.7998695163236929,0.5839494059338789,0.4869568585821689,0.54106317620241,1,10,0.6200264888106196,0.1405978559067108,0.8,0.8857786111442072,0.8857786111442072,1,False,False,False,False,1e-07,0.9,-18.18156790289993
0.3837951908995389,0.0068012429262993,34.07386725979232,1.0021634040784673,0.053742446345318,0.4337850174413043,,3,1,0.1,0.7193723231190121,0.3974488067184982,1.7249741357148056,1.6642228141004751,1.1747604546341428,1.3052893940379364,1,10,0.775107343278204,1.2979247940016287,0.8,0.3974488067184982,0.3974488067184982,1,False,False,False,False,1e-07,0.9,-12.56512368335046
0.2176863312024776,0.0156144380688935,14.134004837832244,0.7245443673869733,0.0151982315529814,0.7298816549152688,,3,1,0.1,2.309608144783552,0.5741029311661203,0.8283293610433834,0.7803384855060633,0.3330766144608472,0.3700851271787191,1,10,0.9649519637331634,0.75985441582776,0.8,0.5741029311661203,0.5741029311661203,1,False,False,False,False,1e-07,0.9,-19.447331105864183
0.5844255339962576,0.0004152328385885,7034.071593862311,1.8600206910275687,0.0085513535273383,0.4053788785226807,,3,1,0.1,0.3945119989819173,0.2160897778783335,0.3332419882200483,1.962026822314421,1.320145270715296,1.4668280785725512,1,10,0.7155730396573406,1.952525073259402,0.8,0.2160897778783335,0.2160897778783335,1,False,False,False,False,1e-07,0.9,-1.8684955914005528
0.4981052166290436,4.0980302270078427e-07,36328.18523874878,8.578855501774793,0.0002294073859725,0.7355525753988739,,3,1,0.1,0.1997827418322756,0.0520663170155049,1.7191334725217242,1.606899073823829,0.3235699120650211,0.3595221245166902,1,10,0.0178668295728567,0.90725366973332,0.8,0.0520663170155049,0.0520663170155049,1,False,False,False,False,1e-07,0.9,-9.992212305286088
0.3892663634750049,4.427357090325998e-05,1356.936804027808,0.8248056559655924,0.0003613978012573,0.529064109851799,,3,1,0.1,0.5558799925320383,0.2553083966737508,1.3551290758228478,0.0434147232650201,0.8011170919382671,0.8901301021536301,1,10,0.2374304518428624,1.807424208751374,0.8,0.2553083966737508,0.2553083966737508,1,False,False,False,False,1e-07,0.9,-11.595380280468596
0.2048237317285907,0.0027047827823906,306.18481565873134,0.4950245750079462,0.0185511417858228,0.3772651048366842,,3,1,0.1,1.175907800462692,0.7011599006844742,0.1320836574871679,0.3812355437305262,1.4855903672554205,1.6506559636171338,1,10,1.3238117017827813,0.8386645949230879,0.8,0.7011599006844742,0.7011599006844742,1,False,False,False,False,1e-07,0.9,-9.995682681398469
0.1091386317802555,0.014497942240264,8.670909159947904,0.7743317756623798,0.0702045963159517,0.6517406295915527,,3,1,0.1,2.385906614670104,0.6028077011632155,0.9188903024197734,1.3897747135011316,0.4809174373002216,0.5343527081113574,1,10,1.9423577915351595,0.448264775483993,0.8,0.6028077011632155,0.6028077011632155,1,False,False,False,False,1e-07,0.9,-4.109311962628389
0.2967656605187851,0.0101829641142762,8.077128579783357,0.330564674636152,0.0277128421283449,0.4247780758782355,,3,1,0.1,1.6373273721991677,0.824744632338482,1.3399295553088857,0.5353714934672757,1.2187534176269237,1.354170464029915,1,10,1.0803295942240612,1.8262486397998017,0.8,0.824744632338482,0.824744632338482,1,False,False,False,False,1e-07,0.9,-4.899221731533064
0.0019974021130571,2.7975754231507124e-08,11547.760121080555,10.72368316600462,0.0014814737862076,0.6113609580695913,,3,1,0.1,0.1934937220511572,0.0744197698109697,0.7648917275010022,0.8214450563385636,0.5721254082723952,0.6356948980804391,1,10,1.7260422273784848,0.0413532863268758,0.8,0.0744197698109697,0.0744197698109697,1,False,False,False,False,1e-07,0.9,-11.2945116159458
0.3392290323966818,0.0067389089125078,27.57910163912468,0.7574816568508966,0.0408212330468453,0.4547965697046556,,3,1,0.1,0.9744157512682166,0.4465795642213517,1.658871918680737,1.051821021200182,1.0789067463381683,1.1987852737090758,1,10,0.3064285842526161,1.2697110263513454,0.8,0.4465795642213517,0.4465795642213517,1,False,False,False,False,1e-07,0.9,-2.337242931661187
0.0067949958888584,3.481518893988e-05,67.83340409867078,0.9096738633994682,0.0097321461338084,0.4410289571809642,,3,1,0.1,0.8967439904983158,0.4883926364310054,1.782102186662311,0.2849647531557739,1.140682330141668,1.26742481126852,1,10,1.8203966240240896,0.1010610821561976,0.8,0.4883926364310054,0.4883926364310054,1,False,False,False,False,1e-07,0.9,-15.018282019820624
0.0734871585612627,8.020137595955235e-05,275.6637032332923,1.467412905205158,0.0058433560212381,0.3409024539626076,,3,1,0.1,0.5550307925771689,0.3601683588348408,0.8034864735568326,1.0985673395735078,1.7400513975141925,1.933390441682436,1,10,0.186525516370653,0.3292914945888566,0.8,0.3601683588348408,0.3601683588348408,1,False,False,False,False,1e-07,0.9,-12.05928967738247
0.5628904865656026,0.0004639402655229,89651.81071161559,1.8799247175213007,0.0094596354226992,0.5934085048513817,,3,1,0.1,0.369124031990218,0.1473553773510516,0.0531883256524641,0.4216963649082037,0.6166617812891029,0.685179756987892,1,10,0.6932938006314338,1.466078648931843,0.8,0.1473553773510516,0.1473553773510516,1,False,False,False,False,1e-07,0.9,-11.834688226028703
0.4772170700152185,0.0069915433396269,1117.0994621213863,1.2634753423301877,0.0511086902438243,0.4953352709151827,,3,1,0.1,0.6405476805864285,0.3172771631744401,0.179740271113718,1.336472597968923,0.916951169936188,1.0188346332624312,1,10,0.844692014973884,1.541209543897689,0.8,0.3172771631744401,0.3172771631744401,1,False,False,False,False,1e-07,0.9,-16.820935894744387
0.2869150183938334,0.0088817271094885,8.08985546052083,0.3218138038350053,0.0003586031598371,0.7160800242735292,,3,1,0.1,4.489431592998548,0.8591257683532808,1.2164721862173038,0.4405585638372796,0.3568427682549298,0.3964919647276997,1,10,1.777357072207011,1.6812715568249783,0.8,0.8591257683532808,0.8591257683532808,1,False,False,False,False,1e-07,0.9,-6.646981678298101
0.3336803760765329,0.0006553844763443,654.6314409852539,0.5669998373802385,0.0021508241905603,0.5201111570302891,,3,1,0.1,1.0757121236090306,0.4572335747161852,0.2618164745108157,0.1298852557004003,0.8303993345168474,0.9226659272409417,1,10,1.721663264106709,1.902980067119756,0.8,0.4572335747161852,0.4572335747161852,1,False,False,False,False,1e-07,0.9,-4.336723466195656
0.5879611944869172,0.0122965438363197,68.0309103178796,1.4325629244154343,0.0482426224534342,0.641624408159665,,3,1,0.1,0.7104402117063315,0.2466333496832513,0.7694428208056212,1.2142570284233971,0.5026897801182767,0.5585442001314186,1,10,0.7612266999134105,1.9669332220298443,0.8,0.2466333496832513,0.2466333496832513,1,False,False,False,False,1e-07,0.9,-14.104021297904175
0.2998282741885931,0.0235391177403071,7.578051510429665,0.5521175088692024,0.075578737831047,0.4909081689943149,,3,1,0.1,1.7224068797237582,0.6391807311161688,1.722643093147071,1.1563262883458407,0.9333367762931294,1.0370408625479215,1,10,0.8386252966768933,1.172476811457252,0.8,0.6391807311161688,0.6391807311161688,1,False,False,False,False,1e-07,0.9,-2.2738530940113364
0.0110355017001373,0.0003317918408868,160.1440664123778,0.9231729858458289,0.0489986206868366,0.4500219503193249,,3,1,0.1,1.094239793189474,0.5619616150689961,0.2152723359531189,1.811645767470068,1.099902447783672,1.2221138308707469,1,10,0.297444364087727,0.1243577534889098,0.8,0.5619616150689961,0.5619616150689961,1,False,False,False,False,1e-07,0.9,-6.94489003557509
0.0064930172944672,2.692135141569981e-05,292.90796835545984,3.257301192589523,0.0293939063372748,0.54308628538495,,3,1,0.1,0.4768533320433764,0.2112727448910121,0.5017975301465923,0.8778953744239122,0.7571952270200724,0.8413280300223026,1,10,0.4731266875176914,0.0825880434885253,0.8,0.2112727448910121,0.2112727448910121,1,False,False,False,False,1e-07,0.9,-8.279835025131925
0.2986649466452125,0.0063597272984892,302.06717710852183,0.3333075629186706,-0.0024365233584606,0.7980411925526266,,3,1,0.1,6.6838075559604375,0.8045492128785156,0.1680173505874589,1.353831910338994,0.2277613341251802,0.253068149027978,1,10,0.0847828798437616,1.8018089683650589,0.8,0.8045492128785156,0.8045492128785156,1,False,False,False,False,1e-07,0.9,-7.869782080325564
0.2857995012876916,0.012704940357735,9.550847872200332,0.4172295496752103,0.0373222849646861,0.4673070294813704,,3,1,0.1,1.708348796311869,0.7000717100112466,1.4545102378288304,0.6012289928638994,1.025928657651146,1.1399207307234955,1,10,1.5088348149677506,1.389779808010317,0.8,0.7000717100112466,0.7000717100112466,1,False,False,False,False,1e-07,0.9,-2.6619376971846087
0.3125503505270644,0.0107858144723851,17.05323668732436,0.4460982819853023,0.0536453431850486,0.3539824975647168,,3,1,0.1,1.2743785392378084,0.7222440425093213,0.8037753691667043,0.9730297291333312,1.6424985873361082,1.8249984303734528,1,10,0.5475578615958531,1.592801736830738,0.8,0.7222440425093213,0.7222440425093213,1,False,False,False,False,1e-07,0.9,-3.224984381884205
0.1665150528313909,0.0010481439913351,116.41391654587912,0.9598734281921016,0.0142520536957187,0.4561618993494331,,3,1,0.1,0.7874398349521775,0.4180296393885668,0.6070431977485328,0.3296580515414569,1.072983717587019,1.1922041306522433,1,10,1.3243132217677192,0.6053355935209125,0.8,0.4180296393885668,0.4180296393885668,1,False,False,False,False,1e-07,0.9,-14.706575685313048
0.6438072406847213,2.277100695904707e-07,957338.9988651726,1.4955812296143296,1.9539422476918176e-05,0.3576573899650054,,3,1,0.1,0.2080684922194943,0.1244679021446236,1.021168439135094,0.7251711192457628,1.6163746793769855,1.7959718659744284,1,10,0.5712717598532625,1.8407955056509249,0.8,0.1244679021446236,0.1244679021446236,1,False,False,False,False,1e-07,0.9,-1.0086243816064029
0.2503388012352391,0.0013585701351627,87351.05846539665,1.2111464551851197,0.0193865156387542,0.4478348861016434,,3,1,0.1,0.6241670066343641,0.3395293665632486,0.0202843403725129,0.5289079119718662,1.1096692507240944,1.2329658341378826,1,10,1.75539903359576,0.7791625811175378,0.8,0.3395293665632486,0.3395293665632486,1,False,False,False,False,1e-07,0.9,-18.558614982146608
0.3838200921344744,1.0072574235720934e-05,2155.8912652296453,1.090316858421297,0.0002407564898328,0.3688109862926557,,3,1,0.1,0.3793619963825281,0.2361819372091397,1.966838128648887,0.1917453595724504,1.5402743775258363,1.711415975028707,1,10,1.8616071291758425,1.4262216373793322,0.8,0.2361819372091397,0.2361819372091397,1,False,False,False,False,1e-07,0.9,-10.114172188622474
0.0218544823174241,0.001187921820641,26.23251167287391,1.824887548892984,0.0583039231600399,0.7508637194762682,,3,1,0.1,1.44201112515232,0.3275333763090028,0.5965177188256563,0.8744154351567087,0.2986196384981222,0.3317995983312469,1,10,0.7053676741671231,0.165166923551524,0.8,0.3275333763090028,0.3275333763090028,1,False,False,False,False,1e-07,0.9,-11.17888680351736
0.1952208965478292,0.0021984424736603,10.538336904262517,0.3777434153511798,0.0087862842442177,0.4449539790610572,,3,1,0.1,1.4547608979009428,0.7782939130894572,1.724495473187699,0.2799674009037173,1.1226810914224918,1.2474234349138795,1,10,0.1745306824336117,0.8992189673718964,0.8,0.7782939130894572,0.7782939130894572,1,False,False,False,False,1e-07,0.9,-17.27362086709297
0.3106077412875523,0.0024038648998712,137.1703747248643,0.8713781747382761,0.0211903988813181,0.4343991283132267,,3,1,0.1,0.7305220048119077,0.398775465931049,0.5470779421028197,0.5681510305783004,1.1718273618427897,1.302030402047544,1,10,0.2890763239367829,1.08769126349431,0.8,0.398775465931049,0.398775465931049,1,False,False,False,False,1e-07,0.9,-8.782828777013913
0.4116984497330591,0.022767327816151,201.1142295899468,0.6141850719034386,0.0347345905109868,0.5882872544754986,,3,1,0.1,1.387029981980992,0.5436203657771753,0.2546247995962501,0.8273581582492979,0.6298648630462278,0.699849847829142,1,10,1.5511647376685989,1.959818705140969,0.8,0.5436203657771753,0.5436203657771753,1,False,False,False,False,1e-07,0.9,-16.166856333885676
0.243486832752915,0.0085223216034492,8.478403528320447,0.3607584068009614,0.0466438016560665,0.3575701386176323,,3,1,0.1,1.3453778963657452,0.7516557404024302,1.7945084159002738,0.7140393801032223,1.616988704592066,1.7966541162134069,1,10,0.8843246415978233,1.1452101429414374,0.8,0.7516557404024302,0.7516557404024302,1,False,False,False,False,1e-07,0.9,-3.209765359349241
0.3588915904164309,0.0007277681947302,416.0049922322184,0.6009181259861501,0.0086421825497041,0.512356150668479,,3,1,0.1,0.5090019926302719,0.240435752533514,1.8966727382456745,0.3949115857889295,0.856590603676283,0.9517673374180924,1,10,1.924673791817507,1.300743186561609,0.8,0.240435752533514,0.240435752533514,1,False,False,False,False,1e-07,0.9,-8.063761392394703
0.2562937017728293,0.012760898107329,10.411676452947995,0.3356708233390706,0.0442094215996106,0.3765023242130733,,3,1,0.1,1.745140423298974,0.993518476143567,0.6663115705978356,0.7799588883452431,1.490423490428879,1.656026100476532,1,10,0.9738821034634012,1.1905590895251033,0.8,0.993518476143567,0.993518476143567,1,False,False,False,False,1e-07,0.9,-6.902541374116121
0.4432769564548551,0.0297411843800109,9.770032735310837,1.0764230756849036,0.0540127656333533,0.6629866082185631,,3,1,0.1,1.3277464583285568,0.3749465430432603,1.8079857653443,1.7676675541779747,0.4574934830407644,0.508326092267516,1,10,0.9214754064160134,1.3476511341343027,0.8,0.3749465430432603,0.3749465430432603,1,False,False,False,False,1e-07,0.9,-4.5511455080083945
0.2773656897600703,0.0184639506993007,16.992109016412343,0.8428298384946141,0.1079237703016174,0.4745027528191302,,3,1,0.1,1.0272404962374009,0.519464276042912,0.8282446549201454,1.6788020179192662,0.996722399718216,1.10746933302024,1,10,1.5781842183857175,0.8913982611126947,0.8,0.519464276042912,0.519464276042912,1,False,False,False,False,1e-07,0.9,-12.443701558686737
0.2945858392124061,1.4793577394410434e-06,122315.1830228275,6.802737529944159,0.0004436910561758,0.5300101135098904,,3,1,0.1,0.1859661199219214,0.0855242367954945,0.279920327568479,0.9380589375311744,0.7980808046094112,0.8867564495660124,1,10,1.435696223501691,0.6153251062202978,0.8,0.0855242367954945,0.0855242367954945,1,False,False,False,False,1e-07,0.9,-4.488705723732632
0.2977180049648551,0.0258612325895104,5.458402468999092,0.3482637445518348,0.0103460532209468,0.6639164481947974,,3,1,0.1,3.0889129197609666,0.9285978758439508,1.15303411415546,1.0141762605125753,0.4555922623202343,0.5062136248002603,1,10,1.2262258123973235,1.3425269468318246,0.8,0.9285978758439508,0.9285978758439508,1,False,False,False,False,1e-07,0.9,-17.385775491522885
0.5711190508475629,0.0164884750086314,28.336186679902863,1.4864673852064156,-0.0519230112100096,0.9483097184079632,,3,1,0.1,11.71863797824776,0.2196468185861461,0.9979514609999134,1.6913828113957934,0.0490570248620183,0.0545078054022426,1,10,0.3529932364392766,1.616694194056011,0.8,0.2196468185861461,0.2196468185861461,1,False,False,False,False,1e-07,0.9,-6.322086962511548
0.3282744190857869,0.0091191584211373,12350.58382566718,0.6321517447078566,0.0104590064230031,0.6504331510957209,,3,1,0.1,1.678222449387221,0.54189608228043,0.0304846673134278,1.0674466220258776,0.4836933103484322,0.5374370114982581,1,10,0.1706778310968411,1.2864125637744317,0.8,0.54189608228043,0.54189608228043,1,False,False,False,False,1e-07,0.9,-13.216853890594304
0.0103552147902085,0.0014156111090966,480.501974185872,0.8439221628226811,0.0574475242079522,0.7262032169284229,,3,1,0.1,2.4797704520417168,0.6020556605277099,0.0709521945000701,1.911925434957357,0.3393225188490276,0.377025020943364,1,10,1.083214720390849,0.1242301361667623,0.8,0.6020556605277099,0.6020556605277099,1,False,False,False,False,1e-07,0.9,-14.099184857213109
0.5051161602415224,5.649528291617109e-07,204749.3214726421,3.699370397120629,6.715421597631301e-05,0.4154370093775417,,3,1,0.1,0.192099549695493,0.1116878669036806,1.7575969238684426,1.5233794533442595,1.2663934114788895,1.4071037905320996,1,10,0.8794085773349309,1.0684413364314151,0.8,0.1116878669036806,0.1116878669036806,1,False,False,False,False,1e-07,0.9,-14.698186380494734
0.0644991964849399,0.0022492753789665,34.9486289636329,0.866242996175539,0.075999808826472,0.4497980708347075,,3,1,0.1,0.9583792544879348,0.4220870920333921,1.42028335536331,0.7803287372521147,1.1008978658575292,1.2232198509528105,1,10,1.6591779230825998,0.3392254029956094,0.8,0.4220870920333921,0.4220870920333921,1,False,False,False,False,1e-07,0.9,-1.7293357144494408
0.3991143395065933,0.0091387184412927,94.01239572449984,0.7300155927825306,0.0650642858084802,0.367902818001764,,3,1,0.1,0.86684439722949,0.4877337459439167,0.5399015041087121,1.7459678242705567,1.5462981960515585,1.7181091067239536,1,10,0.8070367501246046,1.9385165711007948,0.8,0.4877337459439167,0.4877337459439167,1,False,False,False,False,1e-07,0.9,-2.583975049533421
0.6823860922358763,0.0001471835694811,1754.647090354418,2.4854244835032264,0.0040974987243548,0.5887281313027969,,3,1,0.1,0.3138056639526695,0.1264351600473934,1.2792989372900876,1.9898524182920176,0.6287192035624143,0.698576892847127,1,10,0.1588069326168132,1.826724173665844,0.8,0.1264351600473934,0.1264351600473934,1,False,False,False,False,1e-07,0.9,-8.9008803829869
0.0080019692433348,0.0009397446903187,10.99209722141459,0.4818816500787972,0.0711353902648593,0.4983599969136562,,3,1,0.1,2.0530576420019555,0.9733048722906086,0.520164408245049,1.5850180989115474,0.9059234400307016,1.0065816000341128,1,10,1.4265681845997014,0.1107569201978812,0.8,0.9733048722906086,0.9733048722906086,1,False,False,False,False,1e-07,0.9,-17.59730170035997
0.6114054864591677,0.0108707754352756,19.305392465271947,2.21844917985627,0.0406973701583911,0.8032937168193268,,3,1,0.1,0.8146994659232846,0.1409854957321079,1.3548486127110717,1.1383966896028936,0.2203872022845959,0.2448746692051065,1,10,0.8554029741249576,1.5661783028295744,0.8,0.1409854957321079,0.1409854957321079,1,False,False,False,False,1e-07,0.9,-4.787863969890429
0.3526681434558389,0.0105100441518322,84.52489961008621,0.7108365819243375,0.0555401122773058,0.4306392427616224,,3,1,0.1,0.93366083528123,0.5201630777196168,0.4151202094788226,1.3288197849943535,1.1899163630059348,1.3221292922288164,1,10,0.6265515386365043,1.4023235727815422,0.8,0.5201630777196168,0.5201630777196168,1,False,False,False,False,1e-07,0.9,-18.302864613442107
0.1035272716113541,0.0075345556244958,598.7225937974478,0.4734575410512456,0.0411165461072205,0.5171779918079712,,3,1,0.1,2.0380905429457106,0.924799967651126,0.0585235046376646,0.8648919652030446,0.8402132616930287,0.9335702907700318,1,10,0.991903842712162,0.4531637400041733,0.8,0.924799967651126,0.924799967651126,1,False,False,False,False,1e-07,0.9,-16.456327198105992
0.017491642995963,0.0006548103212089,4046.264346601967,1.103780178220582,0.0194333962926712,0.752356794159282,,3,1,0.1,2.3848101872825405,0.4921418239910616,0.0336557275984726,0.4665872284984121,0.2962409417804237,0.3291566019782486,1,10,1.619158431250613,0.155238936295558,0.8,0.4921418239910616,0.4921418239910616,1,False,False,False,False,1e-07,0.9,-8.970060691770087
0.0261875766789237,0.0033654205614367,8.556974942778167,0.7664095428459401,0.0133717631984543,0.8745351602230907,,3,1,0.1,20.15904306122708,0.6484631214675572,1.5811485489095762,1.1094522178263582,0.1291181429119594,0.1434646032355104,1,10,1.992690257581014,0.2105568434782413,0.8,0.6484631214675572,0.6484631214675572,1,False,False,False,False,1e-07,0.9,-6.07844690867519
0.3092008188564096,0.0144685449125622,11.293393296551788,0.3313286422651575,0.0408793808441954,0.4022250253407147,,3,1,0.1,1.8308836924304508,0.8793799166654489,0.8915089276947201,0.656578047569573,1.3375534670863225,1.486170518984803,1,10,0.7551780140603348,1.9107917823874976,0.8,0.8793799166654489,0.8793799166654489,1,False,False,False,False,1e-07,0.9,-3.011018012813498
0.3253380802646429,0.0351669479838598,4.765751475921556,0.3373699736112086,0.006528797478091,0.6925139950984704,,3,1,0.1,3.5495495520824787,0.957700553685954,1.189645136009117,1.3650488285942055,0.3996127246093079,0.4440141384547865,1,10,1.4830811414652143,1.456222915623616,0.8,0.957700553685954,0.957700553685954,1,False,False,False,False,1e-07,0.9,-17.602825000467814
0.3874887538555344,0.0194616352003815,20.442834458419803,0.8877107066341317,0.0789539585635779,0.5199598790853897,,3,1,0.1,1.0343660271757855,0.4523187330725083,0.959700308380708,1.2728917838584255,0.8309027796204225,0.9232253106893584,1,10,1.0204596262272,1.3009373569947258,0.8,0.4523187330725083,0.4523187330725083,1,False,False,False,False,1e-07,0.9,-5.501549776706533
0.1933145500242647,0.000703440885265,15.0800164349387,0.4506928599912768,0.0054687811365254,0.3569007961760462,,3,1,0.1,1.100921072454233,0.6899286874219155,1.9536624947049808,0.2094057049633366,1.621709140587243,1.8018990450969363,1,10,0.8191089644046842,0.83693879088495,0.8,0.6899286874219155,0.6899286874219155,1,False,False,False,False,1e-07,0.9,-14.999714638269626
0.5029571679560844,0.0267989542365836,63.11860088611928,1.006710086414676,-0.0069609601318677,0.7841836049631682,,3,1,0.1,1.983454637160688,0.3620592920620801,0.472220878945784,1.406147617265589,0.2476904060526381,0.275211562280709,1,10,0.5772456186862353,1.6404833626954736,0.8,0.3620592920620801,0.3620592920620801,1,False,False,False,False,1e-07,0.9,-8.532136213882183
0.337359832719818,0.0251822581770875,6.456319246596048,0.4162696976407626,0.0232231308995015,0.6017101242382427,,3,1,0.1,2.613351151999018,0.708080019696962,1.999851194075504,0.8034752612163183,0.5957368402923061,0.6619298225470067,1,10,0.8634397569541026,1.9450969340214388,0.8,0.708080019696962,0.708080019696962,1,False,False,False,False,1e-07,0.9,-3.345765371773563
0.2250363429152174,0.0173173152954991,46.95313908896021,0.7029043105134615,0.0283725986553344,0.6746889172071892,,3,1,0.1,2.230886587826131,0.6097859294814375,0.3106121580372259,1.112139118707245,0.4339481011863432,0.4821645568737147,1,10,0.6417041001937464,0.747390087501464,0.8,0.6097859294814375,0.6097859294814375,1,False,False,False,False,1e-07,0.9,-7.915929917578801
0.2969173967822183,0.0208686312916899,7.870303442734681,0.5688333610814253,-0.0255980126693844,0.9630317614516586,,3,1,0.1,-4.916472670826978,0.6411033030067529,1.632944103097449,1.2149581304095105,0.0345486161778865,0.0383873513087628,1,10,0.4187516900723304,1.088623406987429,0.8,0.6411033030067529,0.6411033030067529,1,False,False,False,False,1e-07,0.9,-3.688910153871507
0.2341630407016564,1.5662735899213514e-06,137026.37378874052,3.8831295414743847,0.0002222470934673,0.398228222205555,,3,1,0.1,0.234626377802754,0.1405194235276453,0.3937168186639799,0.7821381299141024,1.3600105914528673,1.5111228793920748,1,10,1.0418545862165385,0.5713552178255177,0.8,0.1405194235276453,0.1405194235276453,1,False,False,False,False,1e-07,0.9,-19.53464598560651
0.2672407828720383,0.00293763018974,9.665409099209356,0.3266067943873299,-0.0010747504404619,0.8033885519275845,,3,1,0.1,-2.1055650979018985,0.836473856533116,1.1437101963080654,0.1746461492534853,0.2202549474231541,0.2447277193590602,1,10,1.0696033211203555,1.5432451999348418,0.8,0.836473856533116,0.836473856533116,1,False,False,False,False,1e-07,0.9,-1.1315653431339214
0.3470346286270926,0.0001048129411894,1375.1481538472497,2.8340202104008707,0.0056277416664554,0.4866083668312098,,3,1,0.1,0.2950571646503954,0.1502570637787134,1.902616404796212,1.496095331054069,0.949536632221911,1.05504070246879,1,10,0.9771080081589896,0.8061512155935339,0.8,0.1502570637787134,0.1502570637787134,1,False,False,False,False,1e-07,0.9,-17.642477489233936
0.2128514272148278,4.963860111064679e-05,7.640912639017789,0.3230969404855158,0.0002099420007978,0.3707493881797252,,3,1,0.1,1.548489130300731,0.9456821539923036,1.3139495584482637,0.0390209699212547,1.5275158063476404,1.6972397848307117,1,10,0.761408067732375,1.0083564750948542,0.8,0.9456821539923036,0.9456821539923036,1,False,False,False,False,1e-07,0.9,-18.913307863855984
0.0429764119988286,0.0036448082960023,18.30189868525335,0.8590905640138093,0.1024742937589299,0.5078324413008526,,3,1,0.1,1.2988103621557805,0.584842613597812,0.58573946591958,1.3996277041575431,0.8722380982486654,0.9691534424985172,1,10,1.1113359993639274,0.2538564097934658,0.8,0.584842613597812,0.584842613597812,1,False,False,False,False,1e-07,0.9,-7.0923219113388
0.0851790636216195,7.594043874417429e-05,1130.9909462178075,0.4566899182501934,0.0067882719065968,0.4923150470921578,,3,1,0.1,0.3756996917675386,0.187793455894645,1.4393964871307277,0.5727919330052403,0.9280976893065116,1.031219654785013,1,10,0.4008923093232361,0.3913022096863834,0.8,0.187793455894645,0.187793455894645,1,False,False,False,False,1e-07,0.9,-11.799999920489002
0.4516575316313829,8.440671302781121e-05,56235.89931360578,1.8306496222716784,-1.1434491957403437e-05,0.8399430485880479,,3,1,0.1,1.4640891443335755,0.1972599072625424,0.1509444034598022,0.041064082629333,0.1715012184610712,0.1905569094011903,1,10,1.2453570147702746,1.284876155761679,0.8,0.1972599072625424,0.1972599072625424,1,False,False,False,False,1e-07,0.9,-6.542488330338763
0.1012821194543853,0.014147693825628,11.939543356454424,0.6842301101129217,0.0990545255767707,0.5668605185964549,,3,1,0.1,1.814544828154415,0.6707373028379008,0.5615722609684733,1.741747047797003,0.6876921579022603,0.7641023976691781,1,10,1.994026067625151,0.4314678040465843,0.8,0.6707373028379008,0.6707373028379008,1,False,False,False,False,1e-07,0.9,-5.988144014551988
0.4179237518475416,0.042161023151699,246.0107433978041,0.4996915846622785,-0.0498949662607983,0.9406519932693694,,3,1,0.1,-5.270677342451346,0.6309563014825891,0.1699747099104523,1.0594611960221438,0.0567831742660984,0.0630924158512205,1,10,1.349872208331159,1.8332838918278709,0.8,0.6309563014825891,0.6309563014825891,1,False,False,False,False,1e-07,0.9,-3.31461352576477
0.1582015067263761,0.0041200916921027,33.17639840924336,1.3936675453078502,0.0483692990679414,0.5970341466263365,,3,1,0.1,0.8531036404063057,0.3326421688314291,1.814477147855319,1.282171910522777,0.6074514666968953,0.6749460741076614,1,10,0.3951887578096679,0.5356934572482955,0.8,0.3326421688314291,0.3326421688314291,1,False,False,False,False,1e-07,0.9,-15.223127278656044
0.4413232123154131,0.0070976746866288,265.16348620978675,0.8250359113317906,0.0186570835872306,0.5923526209001747,,3,1,0.1,0.9780108262194178,0.3757411797459714,0.4240261885473357,0.4630331131150756,0.6193652703558663,0.6881836337287404,1,10,1.7620647637647744,1.987229728290152,0.8,0.3757411797459714,0.3757411797459714,1,False,False,False,False,1e-07,0.9,-9.487995853300024
0.2855619050575402,0.000160532281126,620.4366612523116,1.212797588940105,0.0042299638837648,0.3386122302355571,,3,1,0.1,0.4492721742175851,0.2915525923254707,0.8614934109029743,0.7604013963874092,1.757907540356446,1.953230600396052,1,10,0.5882017338896914,0.9152517612310308,0.8,0.2915525923254707,0.2915525923254707,1,False,False,False,False,1e-07,0.9,-7.933707124873431
0.3822735853568643,0.013934952407924,1373.3700880931597,0.7986971154016103,0.0711241880125863,0.4691161818162861,,3,1,0.1,0.996206123109717,0.454989860283314,0.0975000192551652,0.9032797825496968,1.0185012900545292,1.131668100060588,1,10,1.8540520800237497,1.4247111332518736,0.8,0.454989860283314,0.454989860283314,1,False,False,False,False,1e-07,0.9,-2.878096382256391
0.2209141885548154,0.0007506363726386,10.39152669302929,0.3725112736115039,0.0045162948096862,0.3464636732591423,,3,1,0.1,1.210491639796431,0.7696594784861007,1.7742528806707747,0.1704295567928637,1.6976749352502318,1.8863054836113688,1,10,0.2547788767317466,1.0389353965615362,0.8,0.7696594784861007,0.7696594784861007,1,False,False,False,False,1e-07,0.9,-15.05488749307785
0.121540012359542,0.0030227278093938,44.9211516988959,0.7776364330663835,0.0009569683300759,0.8594574305772603,,3,1,0.1,5.411856050956669,0.5895214777676983,0.6939413163860677,1.9222887970817413,0.1471722833270625,0.1635247592522916,1,10,0.1083479336824767,0.4749192568048639,0.8,0.5895214777676983,0.5895214777676983,1,False,False,False,False,1e-07,0.9,-16.02819105611643
0.4077162570065276,0.0086137617116942,8.26109362660637,4.670549262479884,0.0569747945216903,0.901235198474908,,3,1,0.1,1.364818985546402,0.1034406912415322,1.7168178068340114,1.983546842348633,0.098629438267615,0.1095882647417945,1,10,1.3233866823651148,0.8238568133322509,0.8,0.1034406912415322,0.1034406912415322,1,False,False,False,False,1e-07,0.9,-4.057817183540024
0.1930076938848016,0.0099107733752511,7.263053692290059,0.3851606339918733,0.0165042334912048,0.585729357402141,,3,1,0.1,2.37909321070031,0.8288177152777947,1.860188507580159,0.5804257569204152,0.6365458272259551,0.7072731413621723,1,10,1.136931014887657,0.8819251964772641,0.8,0.8288177152777947,0.8288177152777947,1,False,False,False,False,1e-07,0.9,-7.367199266596238
0.0308895459008936,0.0030132030972077,10.199539190807805,0.8532987232130518,0.0166730906061811,0.8419875408410763,,3,1,0.1,4.660600073001849,0.6025000907874022,1.520996653446955,1.1537688527578591,0.1688994270639372,0.1876660300710413,1,10,0.7272128134807332,0.221751894993784,0.8,0.6025000907874022,0.6025000907874022,1,False,False,False,False,1e-07,0.9,-17.65296704294608
0.1865665695210211,0.0021804541800095,20.350355462707057,0.3664263675236838,0.0116355283527755,0.3622529848202684,,3,1,0.1,2.289327612320334,0.9462839051663462,0.5380148449355144,1.5711184120959312,1.5844515786295992,1.760501754032888,1,10,0.0526854395060956,0.8064275089371665,0.8,0.9462839051663462,0.9462839051663462,1,False,False,False,False,1e-07,0.9,-1.527594833611534
0.3515235193413777,0.0155881818263252,18.64794630621332,0.6329335156576853,0.0435648563085457,0.5587729231940846,,3,1,0.1,1.2246123340571788,0.4517278659803944,1.7889843926764146,0.6971698497925368,0.710672175837327,0.7896357509303633,1,10,1.4499047637810305,1.6011373282989283,0.8,0.4517278659803944,0.4517278659803944,1,False,False,False,False,1e-07,0.9,-3.488641067692299
0.1870957658404055,0.0063443158285122,689.1099999027695,0.4063391836649832,-0.0050030143061084,0.9459872880994386,,3,1,0.1,-24.690192111654213,0.8841272746196446,0.0657229619201612,0.4345294479278948,0.0513869914765656,0.057096657196184,1,10,1.6494054715905748,0.7698319378222536,0.8,0.8841272746196446,0.8841272746196446,1,False,False,False,False,1e-07,0.9,-9.31149700677616
0.5662698031626818,2.9031797619790336e-08,3831290.5013604527,1.2889985396207664,2.232484600715075e-06,0.3412526682900382,,3,1,0.1,0.2068230902671478,0.1342044514415051,0.4459293192915667,0.1884984606363089,1.7373420155503956,1.9303800172782173,1,10,0.312683699028579,1.865832916655416,0.8,0.1342044514415051,0.1342044514415051,1,False,False,False,False,1e-07,0.9,-4.643806624981403
0.0171669320292061,7.779414002699794e-15,240716077353.968,14.547253414604402,2.2158046872480195e-10,0.3581634392568406,,3,1,0.1,0.1013118821632905,0.0647648724094993,0.7285202243981473,1.4104430541973954,1.6128192924085862,1.79202143600954,1,10,1.0052114304378046,0.1204834759937783,0.8,0.0647648724094993,0.0647648724094993,1,False,False,False,False,1e-07,0.9,-9.011094791091988
0.3337613535796306,0.0199466167444373,17.023062472047123,0.4321462314770223,0.0639936656461271,0.4072803963688918,,3,1,0.1,1.7239401247312245,0.7945480845279816,0.7000987474647183,1.4697353722011497,1.3097798175997408,1.4553109084441564,1,10,0.5121233888760905,1.721732315726054,0.8,0.7945480845279816,0.7945480845279816,1,False,False,False,False,1e-07,0.9,-2.454727391038361
0.3353638456828,6.723130792485721e-05,3463.086383129568,0.9416942452309464,0.002124784429295,0.4440903006087476,,3,1,0.1,0.3549574889515588,0.1941870429332234,1.1286850914060624,0.3848393098824858,1.1266148546057029,1.251794282895225,1,10,1.361455199743049,0.9572415069980628,0.8,0.1941870429332234,0.1941870429332234,1,False,False,False,False,1e-07,0.9,-9.756998842528937
0.174172318210656,0.0069078047488376,17.539289099367224,0.8112991429947396,0.0895218648575343,0.3754317792315557,,3,1,0.1,0.935538680288925,0.5596778122686209,1.4798506394388422,1.7678866040707246,1.4972397910537705,1.6635997678375227,1,10,1.2321458612026106,0.6157890022810857,0.8,0.5596778122686209,0.5596778122686209,1,False,False,False,False,1e-07,0.9,-7.981195084540564
0.3125055085611784,0.0161355047511893,20.76041594309733,0.3998787297044917,0.0442155192877907,0.4408536892644989,,3,1,0.1,1.52804650630905,0.7919599437668176,0.5925571654072352,0.7676488740848707,1.1414936336395884,1.2683262595995426,1,10,1.156830870802947,1.5999031290288417,0.8,0.7919599437668176,0.7919599437668176,1,False,False,False,False,1e-07,0.9,-8.543977302920588
0.2334274943454208,0.0050226219941454,42.82609572041001,0.5782380248770159,0.0321913475264362,0.5078514874321165,,3,1,0.1,0.8490844401469115,0.40497124017015,1.508527298113365,0.5436093840338679,0.8721716333858357,0.9690795926509286,1,10,0.7087215844815209,0.9784594220241672,0.8,0.40497124017015,0.40497124017015,1,False,False,False,False,1e-07,0.9,-13.532369227372383
0.4179933672757193,0.0015512412345987,31776.605545411967,1.0270425310524445,0.0164141405858944,0.4032951864794317,,3,1,0.1,0.5690528054154965,0.3355555543350661,0.0559945440950115,1.5447826837368115,1.3316160226373064,1.479573358485896,1,10,0.3607121088300239,1.659252173850449,0.8,0.3355555543350661,0.3355555543350661,1,False,False,False,False,1e-07,0.9,-19.247403921555648
0.3459583639327656,0.0085785154701789,21.12968895891533,0.5301387684798048,0.0488684673726168,0.4109327062679784,,3,1,0.1,0.8928990540185053,0.4990392860867736,1.7342937682080075,0.8423708640156743,1.2901396171982715,1.433488463553635,1,10,1.0861011061809218,1.7106860881547234,0.8,0.4990392860867736,0.4990392860867736,1,False,False,False,False,1e-07,0.9,-6.797307622012463
0.3414718827016212,0.0292339564537142,6.079143989240228,0.3611961744043239,0.055614490439256,0.4521806392070488,,3,1,0.1,1.9106693107516224,0.971374262532209,1.1622215474475317,1.8824190140510269,1.0903550085166285,1.2115055650184758,1,10,0.8684748232762275,1.8359526643476989,0.8,0.971374262532209,0.971374262532209,1,False,False,False,False,1e-07,0.9,-11.141181083840996
0.13330272301536,0.0015802362618312,69.7911437911967,0.5116945372864159,0.0002789006485946,0.8292043238301229,,3,1,0.1,8.67937035957581,0.7747695167383779,0.3436677299979822,1.9368294930234875,0.1853778425115651,0.2059753805684057,1,10,0.0429627974900636,0.5603638975381472,0.8,0.7747695167383779,0.7747695167383779,1,False,False,False,False,1e-07,0.9,-7.879822373259103
0.5977058035933488,2.3174505437162744e-10,3946326006.059967,3.3757053491728404,4.9011377492117e-08,0.364888597766618,,3,1,0.1,0.1482619316824075,0.0933618357576223,0.179352182052774,1.516628989433675,1.566506230966521,1.74056247885169,1,10,0.0546142874796712,1.3643675232787058,0.8,0.0933618357576223,0.0933618357576223,1,False,False,False,False,1e-07,0.9,-6.305546144939587
0.2401811291452952,0.0033776609652439,11.967432267385387,0.425413539619153,0.0099403972409343,0.4876754799657547,,3,1,0.1,1.4915252071027274,0.7264808543276965,1.2972068438206783,0.4551776960936229,0.945489545759404,1.050543939732671,1,10,0.1032945206867327,1.084206044306973,0.8,0.7264808543276965,0.7264808543276965,1,False,False,False,False,1e-07,0.9,-14.030020633826233
0.5039621738800303,8.3892110487965e-09,9055274.808214383,1.9855616186733795,1.3156577099270045e-06,0.3441532179393778,,3,1,0.1,0.1698920331140956,0.1110383351216253,1.440387887531401,0.9147935689040946,1.7151142952803478,1.9056825503114976,1,10,1.3162623235168245,1.1567627303688517,0.8,0.1110383351216253,0.1110383351216253,1,False,False,False,False,1e-07,0.9,-16.87149592775705
0.3478825566974435,0.0205121833541213,604.5020844245206,0.4770915628196385,0.0584311333220793,0.4552654227293198,,3,1,0.1,1.3835583067004409,0.699807969219933,0.1119699314435926,0.943912404622928,1.0768687782271993,1.196520864696888,1,10,1.6483158670052531,1.7290450584554176,0.8,0.699807969219933,0.699807969219933,1,False,False,False,False,1e-07,0.9,-8.183550553745016
0.2726678476383283,0.0004678610332558,196.12633111720825,0.8305159012221579,0.0085671481530207,0.3589692865037781,,3,1,0.1,0.5296479425746546,0.335042370979544,1.4819655642116891,0.741734849011577,1.6071782847096798,1.785753649677422,1,10,0.4457881909088593,0.9649512080372378,0.8,0.335042370979544,0.335042370979544,1,False,False,False,False,1e-07,0.9,-14.224537590529048
0.2457523859730653,0.0001760284816267,8.666075365511674,0.3576126526903224,0.0007163067208024,0.3904552023682517,,3,1,0.1,1.3709831218800494,0.7950630301070368,1.941177687839145,0.0824288961841907,1.4050019427098814,1.561113269677646,1,10,1.4481544425960569,1.251118083436949,0.8,0.7950630301070368,0.7950630301070368,1,False,False,False,False,1e-07,0.9,-10.479585211419916
0.6371181107001501,0.0023058777960118,157.7073947968605,2.448487742537856,0.0408057976403098,0.661468063602512,,3,1,0.1,0.3980400235406312,0.1313341146704097,0.7684114806327951,1.3494469582781603,0.4606099062415599,0.5117887847128444,1,10,1.042702302603248,1.6103417919807732,0.8,0.1313341146704097,0.1313341146704097,1,False,False,False,False,1e-07,0.9,-10.125208938838446
0.2668270389494921,0.0192411005097426,14.381461097257947,0.6654759854407457,0.1098417370934392,0.5072432900232725,,3,1,0.1,1.7852109700202847,0.4294004706550273,1.6598382405758796,0.7797004983877659,0.8742965115589948,0.971440568398883,1,10,1.329425940253174,1.0138797918877414,0.8,0.4294004706550273,0.4294004706550273,1,False,False,False,False,1e-07,0.9,-0.8635575736463643
0.3629489817240743,0.0124366837780918,20.71954386952425,1.5430981212864052,0.0831271959628952,0.5876862089026291,,3,1,0.1,0.7670678381514129,0.3023335631160092,1.627028672545005,1.946456626398392,0.6314295050083721,0.7015883388981913,1,10,0.9517443776393716,0.9583193544103468,0.8,0.3023335631160092,0.3023335631160092,1,False,False,False,False,1e-07,0.9,-9.777579619283202
0.1123323637997785,0.0008458552859099,54.70537398386452,0.9718101366101491,0.0263249898044297,0.3337341637926121,,3,1,0.1,0.7304703316915734,0.4679252570225007,1.5535950990733811,1.3924413303488024,1.7967571727516471,1.9963968586129408,1,10,0.4913474752638332,0.4494340867474108,0.8,0.4679252570225007,0.4679252570225007,1,False,False,False,False,1e-07,0.9,-6.079903476135138
0.3178325103904483,0.0199457559896673,44.37788358781347,1.2478888923602451,0.0786966192227154,0.6336412025056333,,3,1,0.1,1.0845000741065605,0.3629798422062982,0.4123043146921348,1.4101737148240776,0.5203621804281245,0.578180200475694,1,10,1.1835006980355365,0.8913950407503225,0.8,0.3629798422062982,0.3629798422062982,1,False,False,False,False,1e-07,0.9,-7.264437603006899
0.6915245968408752,1.754071525028679e-05,11159.821358423194,2.314552694353693,0.0010682392658193,0.4789294359873426,,3,1,0.1,0.2211959761908581,0.1146381926619634,1.4393252738672837,1.490805580002346,0.9791912385685676,1.0879902650761863,1,10,1.751615938898938,1.8587780842599253,0.8,0.1146381926619634,0.1146381926619634,1,False,False,False,False,1e-07,0.9,-19.57143695331651
0.2097417841920659,0.0008479542932626,23.767273006353047,0.5443553865151609,0.0076613801805989,0.3621785528204756,,3,1,0.1,0.9317211265225112,0.5834580223605348,1.8399682220266853,0.3089654542941388,1.5849621629752086,1.761069069972454,1,10,1.8624653524563188,0.871198118571632,0.8,0.5834580223605348,0.5834580223605348,1,False,False,False,False,1e-07,0.9,-18.20724241906525
0.2962515639452867,0.0085202239049172,13.77192546173518,0.3990344074966273,0.0418115139161077,0.3545393222263031,,3,1,0.1,1.2672551267800565,0.7329043519379818,0.9537943698038236,0.6635194857258624,1.6385054451746486,1.8205616057496088,1,10,0.6556330700698466,1.5623391533875044,0.8,0.7329043519379818,0.7329043519379818,1,False,False,False,False,1e-07,0.9,-3.871288070409939
0.4905622671131366,1.85498836381006e-06,44035.24640106882,0.7361591725628687,8.905506334550914e-05,0.3446622066389402,,3,1,0.1,0.2570907044931323,0.1677306782775438,1.748753165069603,0.576239088968234,1.711252358581973,1.9013915095355256,1,10,0.9970712925204356,1.6776116729671344,0.8,0.1677306782775438,0.1677306782775438,1,False,False,False,False,1e-07,0.9,-19.801471450539854
0.1408539078832392,0.0060932786286321,12.52244204925712,0.5276677773443819,0.0649134058989565,0.3752943052335009,,3,1,0.1,1.133299691656994,0.6885159594564995,1.6027736115058715,1.0577135863351146,1.4981179235854307,1.6645754706504785,1,10,1.1166162592303233,0.5818248744682474,0.8,0.6885159594564995,0.6885159594564995,1,False,False,False,False,1e-07,0.9,-15.04614259314059
0.3645954913125053,4.844076014173878e-10,271636231.734117,9.674277864145616,5.0668386708108e-07,0.4622336519857919,,3,1,0.1,0.1177622176523154,0.0631070078045349,0.2504926854947256,1.3761422984345884,1.0470672378212396,1.1634080420235997,1,10,0.8352190257044846,0.6975428209499642,0.8,0.0631070078045349,0.0631070078045349,1,False,False,False,False,1e-07,0.9,-15.505062957632695
0.5954355852124964,1.5893038253512584e-11,3640455379.207968,5.121513248799538,8.251867348252927e-09,0.4035526321622323,,3,1,0.1,0.1184788232938004,0.0704941014433893,0.9601779916825204,0.8414272951587614,1.3301923671710578,1.477991519078953,1,10,0.0743393987833994,1.1611658639075986,0.8,0.0704941014433893,0.0704941014433893,1,False,False,False,False,1e-07,0.9,-19.56395602635349
0.0552722129940798,0.0040453086548453,20.74427025497165,1.0548682784015728,0.1120965552053837,0.515619011678942,,3,1,0.1,1.109045037697426,0.4947588267517178,0.6811496816824066,1.6454860539355085,0.8454748168991076,0.9394164632212308,1,10,1.035752535432502,0.2847463617110476,0.8,0.4947588267517178,0.4947588267517178,1,False,False,False,False,1e-07,0.9,-6.666239049274452
0.3589091778275927,0.0023054278615442,96.76657012835858,0.5984157774586193,0.0166746665893031,0.3918154007885335,,3,1,0.1,0.7377135867722904,0.4388579474509952,0.8120124700233078,0.5091380826607178,1.3970000622454817,1.5522222913838686,1,10,1.846413346508257,1.9291943014647568,0.8,0.4388579474509952,0.4388579474509952,1,False,False,False,False,1e-07,0.9,-12.93327773203796
0.1252283278315686,0.0020630506408186,12690.514312181997,3.102100065882765,0.0795826348927096,0.6599408103944667,,3,1,0.1,0.577151681326685,0.1916700057135157,0.0259457099356524,1.030885154533152,0.4637586671781106,0.5152874079756785,1,10,1.7956555648174035,0.402136843720797,0.8,0.1916700057135157,0.1916700057135157,1,False,False,False,False,1e-07,0.9,-15.885279268306356
0.1422706938844169,0.0007077323002261,14.86641620599596,0.45603238540066,0.0045958358137293,0.4349201014137763,,3,1,0.1,1.4189409603414496,0.7535239112216533,1.4918922860383892,0.1588730280630201,1.1693456041107502,1.299272893456389,1,10,0.1207513479224812,0.6273896929576578,0.8,0.7535239112216533,0.7535239112216533,1,False,False,False,False,1e-07,0.9,-9.629499646213976
0.3155720998118492,2.5137102911670112e-08,681911.4942678115,2.92217235918777,2.24064418342712e-06,0.418765191503803,,3,1,0.1,0.2417802926740955,0.1397081834615998,1.1590185079299342,0.0468900038887088,1.2491757630763507,1.387973070084834,1,10,1.669486924537157,0.7799188352310864,0.8,0.1397081834615998,0.1397081834615998,1,False,False,False,False,1e-07,0.9,-17.18881196540009
0.6695748628435345,4.477942309610105e-07,662337.405745294,2.8382056810360945,3.780831482326945e-05,0.3712278033925435,,3,1,0.1,0.1960655914317295,0.1224421895902172,0.877493139345613,1.9244785152970687,1.5243873755552804,1.6937637506169785,1,10,1.6194082648321078,1.809847452830694,0.8,0.1224421895902172,0.1224421895902172,1,False,False,False,False,1e-07,0.9,-10.629678666279304
0.30374982880866,0.0083231246412539,22.294742863966587,0.3372594554871687,0.0020028871571054,0.679570460220188,,3,1,0.1,4.460148408690556,0.8174000663889416,0.6323236215619176,0.5694072919853723,0.4243659821652498,0.4715177579613886,1,10,0.1311303769154697,1.824000457165784,0.8,0.8174000663889416,0.8174000663889416,1,False,False,False,False,1e-07,0.9,-4.049814182146923
0.2684621655143393,2.6488951594226887e-05,6.849145717891597,0.2759336110375799,5.086915064077544e-05,0.4614208097248434,,3,1,0.1,2.0583167695027984,0.9300498449327496,1.4487704403915982,0.0226082420342198,1.0504972056563555,1.1672191173959507,1,10,1.0658712672953536,1.7688570979530351,0.8,0.9300498449327496,0.9300498449327496,1,False,False,False,False,1e-07,0.9,-4.948079639321541
0.0276409066286884,0.0008551529983221,673176.9207791764,1.2356697114069548,0.0956768235538208,0.3988744543614598,,3,1,0.1,0.7885555457017287,0.4288746582252734,0.0031466508979458,1.7584742446167891,1.356349059607664,1.507054510675182,1,10,1.229168881595948,0.1952691234418199,0.8,0.4288746582252734,0.4288746582252734,1,False,False,False,False,1e-07,0.9,-2.9879784576790023
0.1683346661640638,0.0075463540052024,13.632082352568457,0.7711318690450526,0.0133369231365908,0.7231650622331433,,3,1,0.1,2.3722271011910068,0.591106395982317,1.9215067518717308,1.702910360014004,0.344529149708627,0.3828101663429189,1,10,0.2575226135131994,0.5883301208222386,0.8,0.591106395982317,0.591106395982317,1,False,False,False,False,1e-07,0.9,-15.455971113112952
0.2522655061029754,0.005180107674817,236.6320207331941,1.2303750329007612,0.0440416188591837,0.5332640226513612,,3,1,0.1,0.8471013273387411,0.3724358063263164,0.2425012300171945,0.6937196063846973,0.7877193318335006,0.8752437020372229,1,10,0.4812832882258361,0.7472080485382423,0.8,0.3724358063263164,0.3724358063263164,1,False,False,False,False,1e-07,0.9,-7.334915553778911
0.362004373262132,0.0290679080242412,5.902290296910391,0.4202200470721778,0.0390203631297653,0.5430650312390664,,3,1,0.1,1.817370661702342,0.7867620731574285,1.5514021460721918,1.3205016391572826,0.7572600853097553,0.841400094788617,1,10,0.8693181849649224,1.8739699350428929,0.8,0.7867620731574285,0.7867620731574285,1,False,False,False,False,1e-07,0.9,-17.785808191831894
0.3375090461828867,0.0266139002160446,25.351308281017417,0.3433020474269169,0.0189561973695761,0.5979232387649094,,3,1,0.1,2.661830346131934,0.8901151698332092,0.498052152425451,0.93360443690967,0.6052099360765283,0.6724554845294759,1,10,1.886435872029224,1.8821570122028568,0.8,0.8901151698332092,0.8901151698332092,1,False,False,False,False,1e-07,0.9,-7.864115875390921
0.4265374635875087,3.08904736971251e-06,99159.53780087607,-6.441190417089376,0.0001711276918164,0.4514484512702853,,3,1,0.1,0.2366121296237839,0.128786024278547,1.7931609966408095,0.2752049418645927,1.09358309341317,1.2150923260146334,1,10,0.3422189386374178,1.526887098577671,0.8,0.128786024278547,0.128786024278547,1,False,False,False,False,1e-07,0.9,-13.648512255114834
0.389590704660318,0.0503662612982213,4.385228664875216,0.4819917279975391,-0.0111796308251651,0.7650002281843036,,3,1,0.1,45.37353459159218,0.6950718851315599,1.917404779453064,1.369145916710852,0.2764702373175925,0.3071891525751027,1,10,1.449202289822417,1.7122023990539723,0.8,0.6950718851315599,0.6950718851315599,1,False,False,False,False,1e-07,0.9,-2.420466133974269
0.250706088311279,0.0018077991984572,6.982296778175393,0.2782302104819792,0.0028385244152783,0.4990188248564937,,3,1,0.1,2.13569265927792,0.9910875056689116,1.1458701361042405,0.2235581960830468,0.9035391756189144,1.0039324173543491,1,10,1.7280615739953855,1.406567531313294,0.8,0.9910875056689116,0.9910875056689116,1,False,False,False,False,1e-07,0.9,-13.39498511853694
0.2890311430314796,0.0012651747696681,182524.50576599475,0.4281506071595338,0.0001775583306465,0.7169876146563773,,3,1,0.1,2.59485773748771,0.6299063981413201,0.0082846103485978,0.0937974117639717,0.355251808542513,0.3947242317139033,1,10,0.0712931830518478,1.640071127682914,0.8,0.6299063981413201,0.6299063981413201,1,False,False,False,False,1e-07,0.9,-11.217798555323023
0.6220318913697359,0.0191260485044428,15.60454275580446,1.7337654447156992,0.0040849035145616,0.8192309792337735,,3,1,0.1,1.0849043413747443,0.1849349726635242,1.3626547744068045,1.85378395675769,0.1985912676810266,0.2206569640900295,1,10,0.7502741624663385,1.7371046793757494,0.8,0.1849349726635242,0.1849349726635242,1,False,False,False,False,1e-07,0.9,-14.699163001809756
0.1796984641899932,0.0036307225513835,27.11284848349837,3.46993306696229,0.0177472213753834,0.8853153360317775,,3,1,0.1,1.69971042138068,0.1745878023535406,1.231999682002069,1.6639444736454645,0.1165869305213248,0.1295410339125831,1,10,0.3142670105083882,0.48048671138168,0.8,0.1745878023535406,0.1745878023535406,1,False,False,False,False,1e-07,0.9,-12.91438155708464
0.7455933157160587,4.6476564699121665e-09,12524241.720466487,0.6331117491343231,2.0178647697054884e-06,0.513967514642612,,3,1,0.1,0.1291060076994345,0.0622203706451581,1.1797644535496952,0.3953963868254743,0.8510834330177778,0.945648258908642,1,10,1.9480528319833368,1.6974093087033666,0.8,0.0622203706451581,0.0622203706451581,1,False,False,False,False,1e-07,0.9,-7.799691351507471
0.14349730584615,0.0066711286706645,13.884526224405644,0.4799801938188323,0.0533424443210736,0.4330556844531947,,3,1,0.1,1.2850212008741708,0.642815879377232,1.753372981039823,0.7312251467022192,1.1782546732677133,1.309171859186348,1,10,1.3749401336281737,0.6288615781789539,0.8,0.642815879377232,0.642815879377232,1,False,False,False,False,1e-07,0.9,-4.173117078666813
0.0976705283997812,0.0015244172248367,25.95308798694136,0.5653081958661258,0.0286612341596115,0.3687675411715194,,3,1,0.1,0.9609202200127712,0.5912487367401708,1.529431720984034,0.6772711562476765,1.540561870333909,1.711735411482121,1,10,0.406345422426544,0.4559366744846542,0.8,0.5912487367401708,0.5912487367401708,1,False,False,False,False,1e-07,0.9,-13.679960301180069
0.1298902411761404,0.0029877404704432,11.45958940515882,0.4435024670293583,0.0287452097508777,0.3349830747278051,,3,1,0.1,1.4678701135669163,0.9371142568505472,0.78338699301779,0.8542406664020844,1.7867029050088783,1.9852254500098647,1,10,0.2685684486089524,0.5468193784477559,0.8,0.9371142568505472,0.9371142568505472,1,False,False,False,False,1e-07,0.9,-11.801748814400144
0.2926478253388265,1.764369807780836e-05,950.0716741173964,0.583655050171739,7.550022508499325e-05,0.4885033537356971,,3,1,0.1,1.140865453532251,0.4789516654053162,0.1712008925281504,0.0215633463471396,0.9423619676661248,1.0470688529623609,1,10,1.6488859687000144,1.4092101828029158,0.8,0.4789516654053162,0.4789516654053162,1,False,False,False,False,1e-07,0.9,-2.551958796882236
0.2763083327455867,1.902003521815956e-05,2493.57132034946,1.057295236261344,0.000509476399334,0.4150114451048962,,3,1,0.1,0.4097810638659404,0.2342304654437686,1.86125408657986,0.2202445242133529,1.2686148915062343,1.4095721016735938,1,10,0.0309720558788346,0.9025863657818236,0.8,0.2342304654437686,0.2342304654437686,1,False,False,False,False,1e-07,0.9,-7.26003690509768
0.0084818466602723,0.0008194216581045,594.3424590040888,0.4606694108390404,0.0787575939993484,0.4196365051661169,,3,1,0.1,1.7601905508560296,0.9826306454010996,0.056132779822958,1.8813279025743488,1.2447133147859166,1.383014794206574,1,10,1.0196737851748137,0.114824012095453,0.8,0.9826306454010996,0.9826306454010996,1,False,False,False,False,1e-07,0.9,-18.648926233951663
0.2959019900599447,0.0064262891247138,8.008200206681549,0.3317061900043043,0.0137035878184099,0.4654093765287265,,3,1,0.1,1.6216926867557926,0.8246013342304364,1.43242172556418,0.6145203198737961,1.0337814092029778,1.148646010225531,1,10,0.1604983386437862,1.8526749534507905,0.8,0.8246013342304364,0.8246013342304364,1,False,False,False,False,1e-07,0.9,-14.699178659708116
0.2875077879665744,0.0164658828190651,4.911545571790636,0.3231325660157228,-0.0009504267461091,0.7363677922374875,,3,1,0.1,4.056317815034347,0.8920039500632676,1.8660508140808505,0.6848458621576333,0.3222153243086697,0.358017027009633,1,10,0.602551142081324,1.6187596641600586,0.8,0.8920039500632676,0.8920039500632676,1,False,False,False,False,1e-07,0.9,-15.021327007070294
0.6941102708227302,2.282370375699337e-08,17151212.95766814,-1.4645017809965797,2.218268921112668e-06,0.4756925828779824,,3,1,0.1,0.1862454697221386,0.097204842134923,0.614993036834546,0.0588589417810486,0.9919782069228824,1.1021980076920916,1,10,0.6586913127882486,1.975293855725316,0.8,0.097204842134923,0.097204842134923,1,False,False,False,False,1e-07,0.9,-19.35093174387324
0.2166492015191254,0.0101913406161442,20.77447164358301,0.9852931414495508,0.040623581586533,0.6322803982645907,,3,1,0.1,1.828731644108523,0.4361893470952478,0.9764721748648632,0.7217405642217521,0.5234191072034095,0.581576785781566,1,10,0.3928727218739825,0.7172731672194252,0.8,0.4361893470952478,0.4361893470952478,1,False,False,False,False,1e-07,0.9,-2.134637350245498
0.2411638138434414,0.000118056294008,897.764725978028,1.474352753869263,0.0047453284027603,0.3416481003322776,,3,1,0.1,0.3980700427376467,0.2571521656089993,1.5967101483145725,1.263451710212115,1.7342894900474632,1.926988322274959,1,10,1.5749246067400864,0.7261367451301055,0.8,0.2571521656089993,0.2571521656089993,1,False,False,False,False,1e-07,0.9,-7.111150699524739
0.3690997374380919,0.0416103827785073,6.093372046651296,0.3745968788418837,0.0151421962168857,0.6551795493597151,,3,1,0.1,3.485236606423732,0.8603807237201411,1.1535305963135896,1.327562577791166,0.4736692497187066,0.5262991663541184,1,10,1.6741215747995364,1.836197659169946,0.8,0.8603807237201411,0.8603807237201411,1,False,False,False,False,1e-07,0.9,-5.754658880695452
0.2696624031619059,0.0063558484081582,548.6196457187199,0.2902172145918361,0.0038437698560905,0.6171179719848147,,3,1,0.1,2.895510333639048,0.9644155050707292,0.0918517050048422,0.3486297155159397,0.558392140331551,0.6204357114795012,1,10,1.1424985764518911,1.5204177552146876,0.8,0.9644155050707292,0.9644155050707292,1,False,False,False,False,1e-07,0.9,-11.948733570030464
0.1571356086310879,5.3908814678084216e-05,812.6645446279457,1.8159855484883327,0.0027253489160494,0.3593030284854129,,3,1,0.1,0.4383309802116331,0.2774566787417959,1.646623540613121,1.8869581040001508,1.6048494686889008,1.7831660763210009,1,10,0.1834986783294111,0.5132270022430494,0.8,0.2774566787417959,0.2774566787417959,1,False,False,False,False,1e-07,0.9,-12.925806717585182
0.0527320348856053,0.0032504435613663,28.406957089810696,0.5812891045068033,0.0907007102008237,0.3549664265959537,,3,1,0.1,1.2508515598614338,0.7856101847874796,0.370843575741712,1.9603809530911047,1.6354510527398118,1.8171678363775687,1,10,1.0238503557839815,0.2974358709661023,0.8,0.7856101847874796,0.7856101847874796,1,False,False,False,False,1e-07,0.9,-16.429651222407763
0.0758763222205552,0.0011162800409539,24.25813287353686,0.522738973960406,0.0166548487863172,0.3902202744954229,,3,1,0.1,1.417119408090893,0.8301179210955887,0.4687008975773611,0.3789588542796162,1.4063896440638592,1.5626551600709546,1,10,1.7427802629255291,0.3766885233186803,0.8,0.8301179210955887,0.8301179210955887,1,False,False,False,False,1e-07,0.9,-13.4962824398674
0.4173728594358439,5.573206438908636e-05,2960.839854914944,2.1468870288500663,0.0020340987246615,0.3699382676257254,,3,1,0.1,0.3257587362302203,0.2037002695154993,1.6720690054782297,1.7355014390499568,1.5328383375318977,1.703153708368775,1,10,0.8988887900632636,1.0990147850536338,0.8,0.2037002695154993,0.2037002695154993,1,False,False,False,False,1e-07,0.9,-15.859507546920632
0.4430013579537502,0.0139909577092845,25.629602524585312,0.8083500809654048,0.0436348937928763,0.5623751796041082,,3,1,0.1,0.91683234239407,0.3907421750464048,1.6283190508562024,0.8924966365644252,0.700355123484588,0.7781723594273199,1,10,0.6785465478544506,1.9342875198385745,0.8,0.3907421750464048,0.3907421750464048,1,False,False,False,False,1e-07,0.9,-19.212299796350976
0.2852791137258258,0.0196235608351244,13.910694139115025,0.3348526253359448,0.0205875611298534,0.5668014826891657,,3,1,0.1,2.8839342840037734,0.9799012459159308,0.5541380148548688,0.9208294064013296,0.6878575259365729,0.7642861399295254,1,10,0.5821872212482107,1.3045209076336683,0.8,0.9799012459159308,0.9799012459159308,1,False,False,False,False,1e-07,0.9,-5.945346652400849
0.1588957665299998,0.003619106213503,29.01462026372588,0.8667626974000532,0.0337611131288052,0.4813080812866071,,3,1,0.1,1.0726238800125143,0.5395091814281479,1.0609410362783485,1.4742875982041823,0.969904194407391,1.0776713271193232,1,10,0.2342187345620277,0.5621047132331044,0.8,0.5395091814281479,0.5395091814281479,1,False,False,False,False,1e-07,0.9,-16.527758553900775
0.3157502749109383,0.0158856806400042,11.215347526914336,0.498962749526868,0.004019105869341,0.7070297232806786,,3,1,0.1,3.415073734230381,0.6293207144504228,1.354165801907273,0.5893833293116022,0.3729309254834758,0.4143676949816398,1,10,0.3962201183092501,1.5356491028962236,0.8,0.6293207144504228,0.6293207144504228,1,False,False,False,False,1e-07,0.9,-4.093628132347401
0.27409214223327,0.0015905724517547,8.056929189285194,0.307504744373541,-0.001584187148847,0.9783146783382356,,3,1,0.1,-4.45602912187332,0.8514724873499933,1.4273181926479444,0.1693933376838096,0.0199493986216573,0.0221659984685081,1,10,1.7414167594266825,1.7273530204880363,0.8,0.8514724873499933,0.8514724873499933,1,False,False,False,False,1e-07,0.9,-3.915089811642568
0.0187284003171265,0.0025135818311714,21.369696532950453,0.644673962987901,0.0218398675986703,0.8172968137958739,,3,1,0.1,5.89999535805947,0.7814821505183822,0.3424284150052336,1.5330792412498555,0.2011911276394401,0.2235456973771556,1,10,1.149159656958347,0.1695830148126803,0.8,0.7814821505183822,0.7814821505183822,1,False,False,False,False,1e-07,0.9,-12.710889344066416
0.3908390826571847,0.0014946134152289,41881.4505940185,1.3754413416690885,0.0218182203590369,0.4124862160600848,,3,1,0.1,0.5219896558485697,0.2974654718695392,0.0433841882233209,1.170804581672635,1.281891091044122,1.4243234344934688,1,10,0.7242016469057984,1.1772358143123345,0.8,0.2974654718695392,0.2974654718695392,1,False,False,False,False,1e-07,0.9,-6.953729745133046
0.2576905423152218,0.0190414004487655,75.48402248310944,0.4982440950385975,0.0192819828301537,0.6512821714451491,,3,1,0.1,2.3263726723341223,0.7424167194646785,0.2245682777754842,0.8122550093100182,0.4818895088176042,0.5354327875751158,1,10,1.354120309328563,0.9676272125100468,0.8,0.7424167194646785,0.7424167194646785,1,False,False,False,False,1e-07,0.9,-16.34228300980217
0.3108232926100444,0.0038761066960258,57.41735727262069,0.8095930771890859,0.0386219263908481,0.3786245092555636,,3,1,0.1,0.7196976402079143,0.4386146753150802,0.8519942114563608,0.9954868065817336,1.4770252004275797,1.6411391115861995,1,10,0.9347920315110868,1.1288216813425191,0.8,0.4386146753150802,0.4386146753150802,1,False,False,False,False,1e-07,0.9,-13.917463356869613
0.334157550863955,0.0404288235050086,3.778344171000635,0.4206155453533476,0.0158541128094817,0.6768265205894758,,3,1,0.1,3.31389144073004,0.8374114740569488,1.8908586408854653,1.831891272109032,0.4297351280150094,0.4774834755722326,1,10,1.2301397846492923,1.31356985757794,0.8,0.8374114740569488,0.8374114740569488,1,False,False,False,False,1e-07,0.9,-8.042184341837263
0.31786019263935,0.0076930176912132,34.66805581490161,0.4371579367624271,-0.008161453027857,0.9198199062031,,3,1,0.1,14.072971224469317,0.6475999758817699,0.6353586825887165,0.3793770920348719,0.0784524056617625,0.0871693396241806,1,10,1.9169010027008009,1.757369214707962,0.8,0.6475999758817699,0.6475999758817699,1,False,False,False,False,1e-07,0.9,-17.43637100783669
0.5603049513225719,4.889327497303595e-05,5053.889503579435,2.085903981295833,0.0014681787173207,0.3883711212233297,,3,1,0.1,0.3237303980827778,0.1899722111563499,1.3469338600023182,1.645230617241369,1.4173710680781086,1.5748567423090096,1,10,0.3934769898785836,1.699111236527721,0.8,0.1899722111563499,0.1899722111563499,1,False,False,False,False,1e-07,0.9,-2.974197676355214
0.3683352747810486,0.0352162929051776,18.929735643331234,0.5075183811945947,0.0902525403597281,0.4588448479117827,,3,1,0.1,1.4831264790353336,0.7616050771437562,0.5910050621466612,1.8549398794533345,1.0614473260317252,1.179385917813028,1,10,1.5377921505573449,1.6406899347139177,0.8,0.7616050771437562,0.7616050771437562,1,False,False,False,False,1e-07,0.9,-12.642342172961964
0.2085152622031284,1.6795989395109106e-05,11979.046580172044,2.7202089738655526,0.0003381797121974,0.7573656881545486,,3,1,0.1,0.6172393990889976,0.1447211009953226,0.5409408628171932,0.0291082844544302,0.2883295138349933,0.3203661264833259,1,10,0.3139237015282441,0.621648687725165,0.8,0.1447211009953226,0.1447211009953226,1,False,False,False,False,1e-07,0.9,-13.417068352545265
0.0189265672463604,0.0006973334126586,270.5476297032694,3.0047874558218304,0.1115420859532565,0.716705844325621,,3,1,0.1,0.8189368087191646,0.2138263584027118,0.1309472813632982,1.2616991823127637,0.3557453062864978,0.3952725625405531,1,10,1.047217375506318,0.1463871160509393,0.8,0.2138263584027118,0.2138263584027118,1,False,False,False,False,1e-07,0.9,-6.905741807638909
0.0704244652719315,0.0025676742189514,29.72219918029907,0.5669201951185715,0.0542352944711021,0.3458613485027496,,3,1,0.1,1.3136854399353957,0.8126914277098123,0.3619674421472167,0.8985804695619213,1.702198840362311,1.891332044847012,1,10,0.6328274424757873,0.3503886648155256,0.8,0.8126914277098123,0.8126914277098123,1,False,False,False,False,1e-07,0.9,-7.916829539285411
0.4086152187775937,0.0133149928940391,189.065594845764,0.6880670686826135,0.0395949826883454,0.5288052887679069,,3,1,0.1,1.0911272067579,0.4729769992503396,0.3233603409904231,0.6584521622056668,0.8019496951268409,0.891055216807601,1,10,0.6546964472128843,1.8683353094628137,0.8,0.4729769992503396,0.4729769992503396,1,False,False,False,False,1e-07,0.9,-6.630925294851764
0.3309332764750585,0.0055892831237325,21.351305979428776,0.6233736439941482,0.039839005572853,0.3612380373546663,,3,1,0.1,0.8936261670040481,0.5385741487396506,1.4694151111183555,1.5189805770681242,1.5914319837154165,1.768257759683796,1,10,0.4494062680867673,1.482036087422167,0.8,0.5385741487396506,0.5385741487396506,1,False,False,False,False,1e-07,0.9,-5.392577299398532
0.7182488901595981,1.058993829928602e-09,38154255.648948826,5.151297549621371,5.834238331763351e-07,0.4671036984619235,,3,1,0.1,0.1179425701027865,0.0622941526155751,1.4329454902774124,1.3791655568140602,1.0267670176098262,1.1408522417886957,1,10,0.7842704669878965,1.5268765035510197,0.8,0.0622941526155751,0.0622941526155751,1,False,False,False,False,1e-07,0.9,-6.161276364479381
0.3746520773784657,0.0388019809783949,7.69304596867735,0.5775695876714015,0.0731220233829052,0.5422778150021539,,3,1,0.1,1.552637354594553,0.6783928690239033,1.118084033085276,1.8464304546196868,0.7596659038991396,0.8440732265545995,1,10,1.5347224639178827,1.4308489011144536,0.8,0.6783928690239033,0.6783928690239033,1,False,False,False,False,1e-07,0.9,-17.692529469009557
0.3735572399944209,0.0002995371337505,1062.319721887871,-0.8482429785495477,0.0102750865077685,0.4029316265169229,,3,1,0.1,0.4864389401584749,0.1883296791811979,1.243084010272572,0.4025278740194898,1.3336295807303684,1.481810645255965,1,10,0.6636973299488264,1.1925065488045932,0.8,0.1883296791811979,0.1883296791811979,1,False,False,False,False,1e-07,0.9,-0.3615099634633587
0.3740384270658131,2.371498090308736e-05,8462.135210778177,3.253405008882352,0.001723547907139,0.4262910636398007,,3,1,0.1,0.2697500056610697,0.1453222684204669,0.8432315504903228,1.214699429172907,1.2112335602710755,1.3458150669678617,1,10,1.4372533079998124,0.8387911235411143,0.8,0.1453222684204669,0.1453222684204669,1,False,False,False,False,1e-07,0.9,-1.7710254234953131
0.3322449056665543,0.0029894092531777,81.004169737124,1.7934313646622335,0.0138698964658087,0.7612027274977725,,3,1,0.1,0.7867661214004926,0.1821184209819811,1.7189184102941044,0.5036273893740865,0.2823394313870659,0.3137104793189622,1,10,0.1869246946748265,1.0486193663585106,0.8,0.1821184209819811,0.1821184209819811,1,False,False,False,False,1e-07,0.9,-18.93821275365101
0.2026829766184063,0.0217550667815466,8.495245070699326,0.4926811683221733,0.0634703555001739,0.5269498094595223,,3,1,0.1,1.8905250652999943,0.8273789334142037,0.7494693672995553,1.3705456760399282,0.8079425475513597,0.8977139417237331,1,10,1.8637094846223907,0.7464939822370456,0.8,0.8273789334142037,0.8273789334142037,1,False,False,False,False,1e-07,0.9,-12.314232991688858
0.2115773308393916,0.0072445957272402,12.592129985124116,0.3539062733499575,0.0188936903184508,0.4763080937187279,,3,1,0.1,1.9267438571325288,0.9483760945170774,0.5992323714872263,0.467109036741427,0.9895332913059272,1.0994814347843636,1,10,0.8884732254346386,0.917189484129438,0.8,0.9483760945170774,0.9483760945170774,1,False,False,False,False,1e-07,0.9,-14.351728498113877
0.350937860195482,0.0152274303740909,140.21455686435104,0.501979618301142,0.0501401916170164,0.4459744414499858,,3,1,0.1,1.246271525268231,0.6458386181224567,0.268169856306796,0.8284747866351156,1.118052866603413,1.2422809628926812,1,10,0.7486278151767556,1.78028154426245,0.8,0.6458386181224567,0.6458386181224567,1,False,False,False,False,1e-07,0.9,-8.043453202943297
0.4875253193931723,0.0132207654965426,1560.6074833848502,1.0171371864972174,0.0231783019066491,0.6601838713443811,,3,1,0.1,1.1819371994115753,0.3376152224099347,0.1305974226554827,0.5974809568231975,0.4632565699723378,0.5147295221914864,1,10,1.810554249848944,1.873493550754528,0.8,0.3376152224099347,0.3376152224099347,1,False,False,False,False,1e-07,0.9,-4.114568302159604
0.2109249219799258,0.0008458479100059,56.00907673652804,0.6524220546999784,0.0069842286331959,0.444597101987507,,3,1,0.1,0.8626082900413503,0.4678210239326894,1.22704216182252,0.208871874706655,1.1243046928931388,1.249227436547932,1,10,0.7678680673600149,0.8487812477781757,0.8,0.4678210239326894,0.4678210239326894,1,False,False,False,False,1e-07,0.9,-15.91392581696533
0.4208868959425279,0.0385532709379873,10.536778001817186,1.1967112076113973,-0.0487130288224953,0.8803219785460693,,3,1,0.1,3.2134269268923883,0.3290952668255452,0.931687431233764,1.719066060731307,0.1223532093182891,0.1359480103536546,1,10,1.5698615058858525,1.1447552274419583,0.8,0.3290952668255452,0.3290952668255452,1,False,False,False,False,1e-07,0.9,-16.77972749669199
0.3630742158216044,1.6193965691694266e-05,1040.3865064619683,0.9282514508625924,0.0002010408807376,0.4227247760777445,,3,1,0.1,0.5113661138820181,0.290177063676231,0.7424197536209501,0.0537975999739361,1.229044832315385,1.3656053692393166,1,10,0.7902678641614082,1.5409826964345463,0.8,0.290177063676231,0.290177063676231,1,False,False,False,False,1e-07,0.9,-12.490579132180317
0.2470943439052293,0.0058378896159481,7.519457701631824,0.3524678083079849,-0.005706827810157,0.975557031274823,,3,1,0.1,-11.948478961360752,0.8526469948380615,1.4399841546375711,0.376101976896689,0.0225498573096361,0.0250553970107067,1,10,1.8493977805122268,1.215654071576536,0.8,0.8526469948380615,0.8526469948380615,1,False,False,False,False,1e-07,0.9,-8.682436593655602
0.3981163558465795,6.45685885842716e-13,29633508285.017384,0.0949862982339936,1.420527048392747e-09,0.4247587183339165,,3,1,0.1,0.0945895974481716,0.054121587912504,1.5201042910792608,0.7117647500369728,1.218849975652485,1.3542777507249837,1,10,1.29467988225461,0.7506100295504474,0.8,0.054121587912504,0.054121587912504,1,False,False,False,False,1e-07,0.9,-7.491675528647288
0.4876638166103472,0.0371536835699454,39.76847318067116,0.7849846799850608,0.0165226478068083,0.7017468921761695,,3,1,0.1,1.8767697742467109,0.4607902571499599,0.5511066875210792,1.2710668901491144,0.3825136955135388,0.4250152172372654,1,10,0.995291583244956,1.891580116389076,0.8,0.4607902571499599,0.4607902571499599,1,False,False,False,False,1e-07,0.9,-6.132331409351204
0.1376333394783458,6.455545193286873e-05,587.0839505902001,0.5076825491348363,0.0001248529184072,0.6702327220995091,,3,1,0.1,2.667788521030128,0.7592976102954999,0.0849454745766007,0.0290224275267928,0.4428171593603235,0.492019065955915,1,10,0.2424733449797456,0.5844910946997455,0.8,0.7592976102954999,0.7592976102954999,1,False,False,False,False,1e-07,0.9,-11.271350414812002
0.2138289346091478,0.0013694795859655,23.338723869491247,0.5103982199827379,0.0034876875602966,0.5763992375057001,,3,1,0.1,1.499780736333788,0.5801325273294813,1.5776283771230646,0.1470132483959496,0.6614177490842008,0.7349086100935565,1,10,0.2615014124403115,0.9771169462942147,0.8,0.5801325273294813,0.5801325273294813,1,False,False,False,False,1e-07,0.9,-9.089296046082866
0.5214574577471557,0.0001805824970455,2095.886826234362,1.663605341538057,0.0049519203093617,0.3994318509136332,,3,1,0.1,0.345061331391853,0.198674719016287,0.9654821552957206,1.2269000644171817,1.3532003843494234,1.5035559826104703,1,10,1.620509597821177,1.5143165824693716,0.8,0.198674719016287,0.198674719016287,1,False,False,False,False,1e-07,0.9,-3.199653226265461
0.1353380376289117,0.0105216856378807,9.97160685459326,0.460854313298733,0.0249431625256058,0.6206753918278187,,3,1,0.1,2.7558256298549018,0.9345656075480346,0.7961331982773712,1.7333170380718987,0.5500333215235131,0.6111481350261257,1,10,0.5097748948834488,0.5378311049028747,0.8,0.9345656075480346,0.9345656075480346,1,False,False,False,False,1e-07,0.9,-14.42905089367477
0.2781980020912958,0.0075816742374879,6.335137670498747,0.2906453897449545,0.0223914151031461,0.3805173236994618,,3,1,0.1,1.6554623098891552,0.977890124514644,1.2404643520880456,0.620603110325116,1.465201119491825,1.6280012438798055,1,10,0.3127058465212076,1.654869118684048,0.8,0.977890124514644,0.977890124514644,1,False,False,False,False,1e-07,0.9,-12.930375817266926
0.3726021156820214,0.0209194449211052,117.45207961916056,0.5867858246510281,0.0899493460521975,0.4089196769508053,,3,1,0.1,1.0999941306241674,0.6212957166237192,0.2865133858534777,1.3984694953450976,1.300921233996459,1.4454680377738436,1,10,1.660249930059816,1.7376640193523714,0.8,0.6212957166237192,0.6212957166237192,1,False,False,False,False,1e-07,0.9,-9.673679173781771
0.113031644970993,0.0004158383568595,1781.6354494717575,2.472146053865229,0.0171811891480323,0.5589995972122772,,3,1,0.1,0.5662490252491833,0.2449575538234783,0.2306085973468345,1.452372999123266,0.7100190491876682,0.7889100546529647,1,10,0.1445356335005592,0.3842398999904396,0.8,0.2449575538234783,0.2449575538234783,1,False,False,False,False,1e-07,0.9,-16.294469933438794
0.29182496167162,0.0080423281764687,7.364712397194946,0.3004623205056093,0.0104135223246987,0.5266791951295823,,3,1,0.1,1.9807722334219788,0.8777152643287118,1.3897102928963048,0.4117107094019697,0.8088201097037205,0.8986890107819117,1,10,0.914708479928934,1.958463516803295,0.8,0.8777152643287118,0.8777152643287118,1,False,False,False,False,1e-07,0.9,-15.30553191631057
0.2763429618611787,0.0043634629957293,32.77028924724225,0.6879935234073798,0.0451404444438168,0.3520210605795473,,3,1,0.1,0.7676696928845962,0.489384104171235,1.2059186936204676,1.090884342537346,1.6566652134911808,1.840739126101312,1,10,1.8635854099108844,1.048813697490624,0.8,0.489384104171235,0.489384104171235,1,False,False,False,False,1e-07,0.9,-16.429100487919786
0.555590210788969,0.0063331174423194,61.98851139992984,1.4196442014232609,0.0395131695454993,0.5438614279476587,,3,1,0.1,0.630787956126772,0.2812371943343852,1.5084746053970437,1.9660782808670567,0.7548332971438747,0.8387036634931941,1,10,0.486959911963751,1.84112073972396,0.8,0.2812371943343852,0.2812371943343852,1,False,False,False,False,1e-07,0.9,-14.867283254965042
0.4856461468313729,0.0073039248487038,74.10077977602543,1.8924496948437912,-0.0292893009974339,0.9824708706369668,,3,1,0.1,32.46398031985992,0.2074269230247566,1.0104543917128297,0.3149502737306791,0.0160576938189543,0.0178418820210603,1,10,0.5767417762794051,1.8327486220818008,0.8,0.2074269230247566,0.2074269230247566,1,False,False,False,False,1e-07,0.9,-18.294142177904664
0.0532397670704093,0.0015969950892956,47.85530331618335,0.556780543866732,0.0267396217002646,0.4480881794773488,,3,1,0.1,1.7184018366000329,0.8621453458534267,0.2708877590849712,0.9418956330837576,1.1085332334581155,1.2317035927312394,1,10,0.1977380595574109,0.2952544268484295,0.8,0.8621453458534267,0.8621453458534267,1,False,False,False,False,1e-07,0.9,-7.695813179351516
0.1865893386269187,0.0145754536764266,10.541030078232351,1.2906077264121305,-0.0080509248463699,0.8961353308904064,,3,1,0.1,5.571451473360445,0.3853456073032406,1.7359302439120377,1.5990158932259215,0.1043125954042606,0.1159028837825117,1,10,0.6605288196486773,0.5865752581960263,0.8,0.3853456073032406,0.3853456073032406,1,False,False,False,False,1e-07,0.9,-9.951534820785904
0.2741195948203178,0.0009241275835882,80.68934123110053,0.5622831715686586,0.0035256393355815,0.4981932489937406,,3,1,0.1,1.1559606531691615,0.5320643503717748,0.5060539800061798,0.194141173258495,0.9065278921740418,1.0072532135267132,1,10,0.0289969828906644,1.2255375560801731,0.8,0.5320643503717748,0.5320643503717748,1,False,False,False,False,1e-07,0.9,-6.382973132226866
0.0553273428413209,8.899289744958059e-16,4245049818918.178,-20.195830359481374,1.6884716551184546e-11,0.3846096497246604,,3,1,0.1,0.0873953930781923,0.0526707260040661,1.7151754707057427,0.568314980485601,1.4400348915954246,1.6000387684393609,1,10,1.0837829632822906,0.2344042144942387,0.8,0.0526707260040661,0.0526707260040661,1,False,False,False,False,1e-07,0.9,-1.5927471905266124
0.1948822841602944,5.6111031010664135e-05,19.757030756029096,0.4229721381953031,0.0003888547960375,0.3464404671164633,,3,1,0.1,1.2500771723984343,0.7845225763704551,0.6548752966275913,0.0590562472434219,1.6978489392160008,1.886498821351112,1,10,1.754252504597109,0.8461300321408928,0.8,0.7845225763704551,0.7845225763704551,1,False,False,False,False,1e-07,0.9,-10.461435539060185
0.3058882572162245,0.0038418255156592,41.93616944029988,0.4720848288833258,0.0198766617049695,0.4760857549139169,,3,1,0.1,0.8418408072402361,0.4252874905652439,1.92344665709282,0.4770896510313085,0.9904157301718316,1.1004619224131462,1,10,0.2951643827872769,1.5543985601383912,0.8,0.4252874905652439,0.4252874905652439,1,False,False,False,False,1e-07,0.9,-10.812012445417436
0.1144101004634546,0.0001204484047927,317.08593796961605,1.259708559821057,0.0051226596031335,0.3466674178683353,,3,1,0.1,0.5912380958087154,0.364623659169739,0.5666442040325795,0.3637876112738152,1.6961482204878595,1.8846091338754,1,10,1.7992818485237767,0.4465700441000795,0.8,0.364623659169739,0.364623659169739,1,False,False,False,False,1e-07,0.9,-3.4517015805177813
0.0114675908685552,0.0001132377012876,53.90108343132558,0.8588979018902355,0.0294650013569712,0.3351821037608927,,3,1,0.1,0.787539827563337,0.5014653271204726,1.1718658273145155,0.7452949597393592,1.785107557657758,1.9834528418419533,1,10,0.7374116557929257,0.1294748231866397,0.8,0.5014653271204726,0.5014653271204726,1,False,False,False,False,1e-07,0.9,-5.988236453932643
0.0596784552946574,7.294698358028606e-07,1001.1445066464684,1.837848121987756,7.152588887053789e-05,0.4041776990570059,,3,1,0.1,0.4989145467256209,0.2894827709836749,1.5998673899477065,0.0329470677106553,1.326743341109135,1.4741592678990387,1,10,0.5669302727267856,0.2892783324480653,0.8,0.2894827709836749,0.2894827709836749,1,False,False,False,False,1e-07,0.9,-7.501532166137458
0.2254291809099971,0.0137982533704226,18.972628854152653,0.3955731459041861,0.0216266021556059,0.5725116732307185,,3,1,0.1,2.320312420978827,0.9179091796599076,0.5039743125226298,1.7387178243393595,0.6720203483734138,0.7466892759704599,1,10,0.3779264315389185,0.8968902505134893,0.8,0.9179091796599076,0.9179091796599076,1,False,False,False,False,1e-07,0.9,-16.478386358666853
0.3908926523351128,0.0012844310979076,306.3921654300311,1.673019991507211,0.0227205584961231,0.4583031025797739,,3,1,0.1,0.4561649808627704,0.2442325466589081,0.7694616612961548,1.0649951696354405,1.063765889722169,1.1819620996912985,1,10,1.1873229220414476,1.0520257172634948,0.8,0.2442325466589081,0.2442325466589081,1,False,False,False,False,1e-07,0.9,-17.787067710149323
0.0196870635488502,1.6143532595696567e-05,69.26728764313107,1.0114202940871069,0.0004840674577124,0.7115518094818766,,3,1,0.1,2.199063023018743,0.5087133505761493,1.4182745024601793,0.0634080915713553,0.3648411373661516,0.4053790415179462,1,10,1.5395413400202285,0.16840491779266,0.8,0.5087133505761493,0.5087133505761493,1,False,False,False,False,1e-07,0.9,-6.337520882652097
0.2953915697374322,0.0032697313760102,23.716064647506563,0.4662725480017774,0.0226449932405796,0.3574592202786752,,3,1,0.1,0.8973920615453899,0.5589918961984417,1.2784700094312451,0.5100016194933896,1.617769717335476,1.797521908150529,1,10,0.979719619049592,1.4844727335996115,0.8,0.5589918961984417,0.5589918961984417,1,False,False,False,False,1e-07,0.9,-10.17725249768459
0.2882545196786024,0.0005289602754238,13.178910506666098,0.399447272167844,0.000949514897477,0.5422294587676368,,3,1,0.1,2.817507074088364,0.6518450338117431,1.912455327995461,0.0962372006240845,0.7598139135514576,0.8442376817238417,1,10,1.9305695115813424,1.7250235127843616,0.8,0.6518450338117431,0.6518450338117431,1,False,False,False,False,1e-07,0.9,-1.5610675721169862
0.233410237426243,0.0244693220108043,5.9584678882681015,0.4596670460169815,0.0314143102713847,0.6231986166219212,,3,1,0.1,2.7487294116065115,0.8554450469769973,1.1164653700003486,1.4145469646846291,0.544162384182581,0.6046248713139789,1,10,1.0182417419213905,0.8470239033397613,0.8,0.8554450469769973,0.8554450469769973,1,False,False,False,False,1e-07,0.9,-8.128362095087171
0.1042973024367319,0.0026086797349767,108.81748946378944,0.4423843367982069,0.0287066096005229,0.3521161742338219,,3,1,0.1,1.5696870229292863,0.933267767675786,0.1522855919624067,0.4508132497854702,1.6559746068419932,1.8399717853799924,1,10,0.8233556376856207,0.469000115775559,0.8,0.933267767675786,0.933267767675786,1,False,False,False,False,1e-07,0.9,-6.162304996643133
0.3923948331635143,0.0020055211275251,1821.404352966175,0.9571634834666588,0.0152469662246617,0.4921396076343872,,3,1,0.1,0.6883544707317133,0.3228629049851755,0.1981153353622828,0.3608758203232657,0.9287493752557588,1.0319437502841764,1,10,1.2759412605033529,1.4040239602635054,0.8,0.3228629049851755,0.3228629049851755,1,False,False,False,False,1e-07,0.9,-4.092604805485127
0.1611819881306826,0.019346092331474,22.84563072917489,0.5964198077091601,0.070592285920688,0.5703480108760944,,3,1,0.1,1.802893414048472,0.733712398555724,0.3778080489714452,1.799678150965905,0.6779839375919571,0.7533154862132856,1,10,1.3573918172827724,0.5954889954070637,0.8,0.733712398555724,0.733712398555724,1,False,False,False,False,1e-07,0.9,-18.44448019507187
0.6579198094391846,0.0075208813046483,17.724610927245692,2.652108917807001,0.0350567724465732,0.8509348127308036,,3,1,0.1,0.8003531920769794,0.1114938111877852,1.547462439498694,1.5403760065453724,0.1576603360623328,0.1751781511803698,1,10,0.6589313511219166,1.553736409330482,0.8,0.1114938111877852,0.1114938111877852,1,False,False,False,False,1e-07,0.9,-9.72126549136548
0.0149841351372627,7.62385255315259e-07,12036.030042260874,1.0411024846628671,0.0003815152260257,0.475190334008373,,3,1,0.1,0.379783511103516,0.1970069286287119,1.5912642973937667,0.1032672801687086,0.9939779191386952,1.1044199101541057,1,10,0.9950112395269896,0.1513948966746707,0.8,0.1970069286287119,0.1970069286287119,1,False,False,False,False,1e-07,0.9,-15.410379311748926
0.4081155220064201,0.0009387456166042,277.5569857384692,0.8866912432934076,0.0116157667731827,0.358422579112658,,3,1,0.1,0.5464440975545587,0.3434639432981808,0.8157168088955185,1.1023195343482888,1.6110025217387751,1.7900028019319725,1,10,0.4519269272713255,1.87683509293528,0.8,0.3434639432981808,0.3434639432981808,1,False,False,False,False,1e-07,0.9,-9.445064934961936
0.2624133178334658,0.0114425340526573,18.116346682429675,1.6893153667744756,0.0491929773028778,0.7289283522193838,,3,1,0.1,1.2114995673211284,0.262792396984552,1.392111491842139,0.9402462172308802,0.3346892493065342,0.3718769436739269,1,10,0.7113096645980205,0.7652581960272181,0.8,0.262792396984552,0.262792396984552,1,False,False,False,False,1e-07,0.9,-3.5370862917646164
0.0875467812008023,0.0087182816923666,7.330733095730126,0.5754555758491956,0.061598369965797,0.5458134567271963,,3,1,0.1,1.9578940172785488,0.813859259731202,1.4125532623987436,1.6530517693450657,0.7489150073297481,0.8321277859219424,1,10,0.908323155603146,0.3936342643989723,0.8,0.813859259731202,0.813859259731202,1,False,False,False,False,1e-07,0.9,-11.536386906103417
0.3990421203725403,0.0541010974285861,3.498451270966007,0.430805439196186,0.0118574366194879,0.6883461812534359,,3,1,0.1,3.449544544311137,0.7901902411500031,1.997482558514451,1.952633768460596,0.4074816487848532,0.4527573875387258,1,10,1.691993312866806,1.7264813549148954,0.8,0.7901902411500031,0.7901902411500031,1,False,False,False,False,1e-07,0.9,-6.586402875114807
0.3165572374646282,0.0195182436107184,63.43143897645879,0.3581866285190898,0.0147228549027121,0.6060542690418923,,3,1,0.1,2.3770383801514807,0.8586290286366465,0.2926185864039753,0.7339894049084186,0.58501552744246,0.6500172527138445,1,10,0.7431991208124663,1.623276240628627,0.8,0.8586290286366465,0.8586290286366465,1,False,False,False,False,1e-07,0.9,-15.90014439922972
0.3112426583244439,0.0076768360399126,19.592963396575747,0.6843545704078385,0.0598293188511853,0.3742981562657131,,3,1,0.1,1.1436635984038013,0.521504447196867,1.5466210977959125,1.2445512950897868,1.504500222440563,1.6716669138228477,1,10,0.366574409022339,1.1876765684340072,0.8,0.521504447196867,0.521504447196867,1,False,False,False,False,1e-07,0.9,-1.1502053242371026
0.021618305375517,0.0034296935533222,7.228349261342629,0.9839836365581124,0.0363155477733327,0.8390690451106535,,3,1,0.1,6.273049982863461,0.5368146114977069,1.322691125964867,1.681506348757294,0.1726173313678985,0.1917970348532205,1,10,1.8170957547551865,0.1803707144374242,0.8,0.5368146114977069,0.5368146114977069,1,False,False,False,False,1e-07,0.9,-5.977270949730356
0.0166509869431588,0.0026435652084713,8.03982803955284,0.8972815099962015,0.0837569890751942,0.6962975920651076,,3,1,0.1,2.2353947464968926,0.5688507980530979,0.9861430132608384,1.8766753557393527,0.3925507861239957,0.436167540137773,1,10,1.943766120802321,0.1575917004591179,0.8,0.5688507980530979,0.5688507980530979,1,False,False,False,False,1e-07,0.9,-8.046022533448976
0.4908695015973841,0.0039437092745168,587.383561873807,2.699523484733618,-0.0169564375890132,0.9597022440560162,,3,1,0.1,4.670261412157831,0.1442823318861367,0.1882424086225071,0.3495462656289302,0.0377908675052222,0.0419898527835802,1,10,1.2641672051564412,1.1545815729267803,0.8,0.1442823318861367,0.1442823318861367,1,False,False,False,False,1e-07,0.9,-14.72452021265664
0.4636421877731003,0.0370923366557193,12.397519472270147,0.7742521883167708,0.0103002877365528,0.7182909691529619,,3,1,0.1,1.819537417295636,0.460406825603333,1.217254151411221,1.1452850226262945,0.3529741269910673,0.3921934744345192,1,10,1.76540236817928,1.832248181116058,0.8,0.460406825603333,0.460406825603333,1,False,False,False,False,1e-07,0.9,-11.533334025103146
0.0053862575021971,1.1242670535818807e-08,48402.50030037998,5.781847602253139,0.0003705713938963,0.633390070152872,,3,1,0.1,0.1736754446930632,0.0632866597149204,1.3914233098843716,0.5370516914853952,0.520925338761279,0.5788059319569766,1,10,0.2512707005164692,0.0688258887651918,0.8,0.0632866597149204,0.0632866597149204,1,False,False,False,False,1e-07,0.9,-18.10693061530372
0.3650261057573074,0.034339369801183,10.183536079567618,0.4772215981790456,0.0858370851350025,0.4505877140638253,,3,1,0.1,1.5311660755567624,0.7985113226014733,0.8701892542071566,1.8191956712684647,1.0973913444797476,1.2193237160886083,1,10,1.458155988039532,1.702948446969796,0.8,0.7985113226014733,0.7985113226014733,1,False,False,False,False,1e-07,0.9,-12.892837158773036
0.2518773465031295,0.0100881197611042,6.430191286022319,0.3342391043086065,0.0430761509157136,0.345330592689479,,3,1,0.1,1.4948243917785913,0.9536047976703252,1.1721788492930478,0.8203068984089887,1.7061982895598224,1.895775877288692,1,10,1.6471375133365989,1.2039832950928484,0.8,0.9536047976703252,0.9536047976703252,1,False,False,False,False,1e-07,0.9,-19.68169896352815
0.0775263927549264,0.006623160431879,9.288924439110266,0.4457194915240588,0.0622954933211026,0.4418912934697766,,3,1,0.1,1.868688544662698,0.999536638750452,0.6520630441970654,1.2382404740919264,1.13670000586141,1.263000006512678,1,10,1.1757111306718024,0.3779507436990039,0.8,0.999536638750452,0.999536638750452,1,False,False,False,False,1e-07,0.9,-19.020166644442543
0.001254908712169,4.73429080765986e-10,676723.5470589123,8.113162669892878,2.8895601149677567e-05,0.4159029414387657,,3,1,0.1,0.1771657892212276,0.1030744807306131,1.7313516775540552,1.9192009230036151,1.263966421796776,1.4044071353297511,1,10,0.7640580249999641,0.0334738546170605,0.8,0.1030744807306131,0.1030744807306131,1,False,False,False,False,1e-07,0.9,-18.63620268898549
0.3532426079718537,0.0077352563165139,41.52925815952946,0.5741162007603002,0.0486683655481538,0.3541690038168131,,3,1,0.1,0.90080771002798,0.5710647551220067,0.731037803893348,1.8944695725460527,1.6411597014444188,1.823510779382688,1,10,0.6321506850830997,1.888714295799955,0.8,0.5710647551220067,0.5710647551220067,1,False,False,False,False,1e-07,0.9,-17.019626602134714
0.241083426335843,0.0316385367496313,8.570081083384778,0.6368695463234176,0.0229587811966847,0.7269230555015885,,3,1,0.1,2.8629575224533186,0.6576674348360919,0.8129130866464028,1.7135055932185568,0.3380952745803138,0.3756614162003486,1,10,1.5548482815735452,0.7944264140017733,0.8,0.6576674348360919,0.6576674348360919,1,False,False,False,False,1e-07,0.9,-11.025468259816442
0.2926757249083627,0.0102701440484042,6.580720487514119,0.369550607258672,0.0439948418779469,0.3412854463612152,,3,1,0.1,1.3706127507487642,0.8734419373963327,1.4377657388329828,1.310144430018189,1.7370887173648872,1.930098574849875,1,10,0.4714464906339109,1.557304992813128,0.8,0.8734419373963327,0.8734419373963327,1,False,False,False,False,1e-07,0.9,-13.896644768662378
0.3075630606756883,0.0266308886860711,4.03954335697194,0.3024633575369255,0.0054814998395374,0.6787099062564601,,3,1,0.1,11.671311603476669,0.994964629893622,1.569278673383138,0.943696151416509,0.4260451802804869,0.4733835336449855,1,10,0.7630990968415823,1.6247940572341966,0.8,0.994964629893622,0.994964629893622,1,False,False,False,False,1e-07,0.9,-2.86090697776487
0.2460893262382049,0.0089625260823147,21.13669696751609,0.6288308545838008,0.0355127690593393,0.5279261842025397,,3,1,0.1,1.1943409520621076,0.5320810285185559,1.0539123242296262,0.5690129991750305,0.8047837878310529,0.8942042087011698,1,10,0.9225918594726488,0.953380667036122,0.8,0.5320810285185559,0.5320810285185559,1,False,False,False,False,1e-07,0.9,-10.571248058959648
0.3323695706848328,0.0001078257838335,4075.405909217482,8.43663325933498,0.0304148321176507,0.6921754017260592,,3,1,0.1,0.2785882452827331,0.0696806649645062,0.1489783348890649,1.996764665394576,0.4002484597916861,0.4447205108796512,1,10,1.0512864746718626,0.6568072049601207,0.8,0.0696806649645062,0.0696806649645062,1,False,False,False,False,1e-07,0.9,-0.8358391344266529
0.2892094190923061,0.003768255785928,1849.6074493855751,0.8700722425913489,0.0235870505111392,0.4857906817441756,,3,1,0.1,0.8994544102784097,0.4454903001061904,0.0934004153905424,0.6628729312873496,0.9526497807011308,1.05849975633459,1,10,0.2025667713996349,0.9799329458419922,0.8,0.4454903001061904,0.4454903001061904,1,False,False,False,False,1e-07,0.9,-11.438519932835856
0.1633987613977651,0.0045842884988115,11.029380663420984,0.4260740703444254,0.0086998661495551,0.6092566768755413,,3,1,0.1,2.6050673733474508,0.8257178189621809,0.9923369059934868,0.333533524212767,0.5772099086635887,0.6413443429595429,1,10,0.4144519450483798,0.7138879103317503,0.8,0.8257178189621809,0.8257178189621809,1,False,False,False,False,1e-07,0.9,-6.818818599688894
0.3612328693602117,0.0179346288787011,9.843915295842924,0.5172881780475072,0.077566456214982,0.4093630421240974,,3,1,0.1,1.105053198201552,0.6054800966475473,1.9511399094961792,1.2023220060601407,1.2985375018958532,1.4428194465509478,1,10,1.3344130383678945,1.870016762399832,0.8,0.6054800966475473,0.6054800966475473,1,False,False,False,False,1e-07,0.9,-5.802326866906444
0.2262717095986887,0.0005458724130978,61.05367555651742,0.7256392889680199,0.0039869912360082,0.4633867673236707,,3,1,0.1,1.0826744238517214,0.4666191913208719,1.1125589840687378,0.1584346028990406,1.0422220560980324,1.1580245067755917,1,10,1.868738177012904,0.8765255957292603,0.8,0.4666191913208719,0.4666191913208719,1,False,False,False,False,1e-07,0.9,-2.047088754322001
0.6271440596809782,8.8866795198887e-05,3196.8673838342884,2.087832929968416,0.0034960312842902,0.4899765778260814,,3,1,0.1,0.2677778110608306,0.1353920670095314,1.0819537859130095,1.182706663601439,0.9368224946447496,1.0409138829386106,1,10,1.5757531646905985,1.664038099744435,0.8,0.1353920670095314,0.1353920670095314,1,False,False,False,False,1e-07,0.9,-15.04299138570862
0.0496925879465604,0.0045511869798174,43.62274946245584,0.8827073064673308,0.0586107049176951,0.6529168132116766,,3,1,0.1,1.8401971726794413,0.5677971819917206,0.2701824825996333,0.985552403656598,0.4784298118667357,0.5315886798519286,1,10,1.8560223685413595,0.2778088732849441,0.8,0.5677971819917206,0.5677971819917206,1,False,False,False,False,1e-07,0.9,-9.621499597605364
0.0064006989742521,0.0003664654230316,13.471255295239333,0.6599516352440719,4.43519443627889e-05,0.9885809886054588,,3,1,0.1,-19.24801739806552,0.7461527083763804,1.8628608077560624,0.5836251282526937,0.0103958202449195,0.0115509113832438,1,10,1.830255981896126,0.1060764860066024,0.8,0.7461527083763804,0.7461527083763804,1,False,False,False,False,1e-07,0.9,-14.698503187596256
0.2661080516240057,0.009355674300711,5.9875122765253765,0.3410316476403452,0.0286061475145183,0.3998025234664207,,3,1,0.1,1.9326686342693409,0.9577332620369016,1.402233839321618,1.4559038272442306,1.3511113541673048,1.501234837963672,1,10,0.2271818167512796,1.2804202688223203,0.8,0.9577332620369016,0.9577332620369016,1,False,False,False,False,1e-07,0.9,-3.6589787052175247
0.0835418264392329,0.0058039047636612,207.6281756844257,0.4384373358875454,0.0494560018467786,0.4441476415810721,,3,1,0.1,1.8700410305059592,0.9940509215830988,0.1049098429381254,1.5803329066820655,1.126353211729752,1.2515035685886131,1,10,0.5732951464075684,0.400586676760293,0.8,0.9940509215830988,0.9940509215830988,1,False,False,False,False,1e-07,0.9,-18.17942747425751
0.4677519968913883,0.0057261417330394,293.1082021281635,0.9329508055454044,0.0126877272543908,0.6235719656626026,,3,1,0.1,0.9886449039667198,0.3608232524991648,0.4536037913014391,1.4296263165499778,0.5432977259387649,0.603664139931961,1,10,0.1329409960602849,1.895926237285736,0.8,0.3608232524991648,0.3608232524991648,1,False,False,False,False,1e-07,0.9,-19.63251706499696
0.6406421665155723,6.678982911371665e-08,1643161.23975045,1.4028689292671048,1.1291014241685772e-05,0.4257607508589237,,3,1,0.1,0.1598552154616025,0.0909932561560801,1.7121008878693735,1.0472595059946712,1.213863239352976,1.3487369326144178,1,10,1.3527955439178632,1.4542007377991026,0.8,0.0909932561560801,0.0909932561560801,1,False,False,False,False,1e-07,0.9,-7.723084258272069
0.0175000396561163,7.637622776589523e-06,1447.862000022069,3.0387810141741656,0.0050137425878554,0.3774021280969721,,3,1,0.1,0.3786507436274779,0.2304170515546744,1.52511591437952,1.9624350559503447,1.4847242317847988,1.6496935908719987,1,10,0.6502972634769131,0.1386722557433483,0.8,0.2304170515546744,0.2304170515546744,1,False,False,False,False,1e-07,0.9,-6.177642519764817
0.3463061633075406,0.0247137488209831,69.81656797694347,0.3647157564176002,0.0234703153242345,0.5720265302617884,,3,1,0.1,2.182077351929612,0.843391834263007,0.3146181292176018,0.8923278021995905,0.6733535988061852,0.7481706653402057,1,10,0.9065350287220282,1.9807171131372496,0.8,0.843391834263007,0.843391834263007,1,False,False,False,False,1e-07,0.9,-11.634991840341616
0.003355831353753,1.4997481332835938e-05,69.28642837457886,0.8736932162134766,0.0104127131917775,0.3489850924591038,,3,1,0.1,0.9284895878675132,0.5885954309464021,0.4341698828864931,0.3114644825529923,1.6789067196486829,1.8654519107207588,1,10,1.6975450850087277,0.0682080063148136,0.8,0.5885954309464021,0.5885954309464021,1,False,False,False,False,1e-07,0.9,-12.021456889657047
0.2157989228193948,0.000207256675964,155.15572671576842,0.8177698600060295,0.0039538621736334,0.3528807082453374,,3,1,0.1,0.6161948409439033,0.3722501219539511,1.5224101211517074,0.2713460793526063,1.6504369577899465,1.833818841988829,1,10,1.079735241370766,0.800451699866248,0.8,0.3722501219539511,0.3722501219539511,1,False,False,False,False,1e-07,0.9,-3.05429677752333
0.0989439199609073,0.0006602555379775,22.642478912211622,0.586638685765773,0.0086056856698325,0.3978066015989272,,3,1,0.1,1.265743665876517,0.734787304616341,0.736326821624422,0.422471341171346,1.3624058936744068,1.5137843263048965,1,10,0.0609241119985562,0.4419432006583914,0.8,0.734787304616341,0.734787304616341,1,False,False,False,False,1e-07,0.9,-13.48564296256123
0.3398799435052976,3.117977594964156e-05,2927.7302392418565,1.2182827690290556,0.0001778872547471,0.6629528914919448,,3,1,0.1,0.6861984050099083,0.2234840096735766,1.9878773957976767,0.037388991311152,0.4575625229940421,0.5084028033267135,1,10,1.1982394891997554,1.2241706682755185,0.8,0.2234840096735766,0.2234840096735766,1,False,False,False,False,1e-07,0.9,-13.038911753831345
0.3225525506913829,0.0032954624663457,97.30160931117942,0.4621788690129568,0.0046639056174174,0.5876945915759277,,3,1,0.1,1.4530510560907013,0.5737039089078312,0.4707853097794022,0.2281403479582034,0.6314076612252159,0.7015640680280176,1,10,1.1184168910388794,1.9630164420711456,0.8,0.5737039089078312,0.5737039089078312,1,False,False,False,False,1e-07,0.9,-19.290330322205907
0.1325440694235669,0.002139763226094,222.3373823388089,0.7271359582445701,0.0367101471041151,0.3485276174138021,,3,1,0.1,0.927022350149218,0.5824845259727498,0.1742074723955577,0.6969782881030536,1.6822917755508655,1.8692130839454064,1,10,1.8440585508466487,0.5266772210946027,0.8,0.5824845259727498,0.5824845259727498,1,False,False,False,False,1e-07,0.9,-8.775807683222503
0.2966068017064708,0.0246944233070333,8.434136203752255,0.5807450947481556,-0.0261637583274858,0.923677040401738,,3,1,0.1,22.12794163799736,0.6252372966960531,1.3544302588469208,0.8566161260365631,0.074366537906539,0.0826294865628212,1,10,1.039533418644573,1.1608148905419646,0.8,0.6252372966960531,0.6252372966960531,1,False,False,False,False,1e-07,0.9,-12.01473959334319
0.0177655187420744,0.0014863653547879,14.025215893440103,0.6716434228231223,0.0716836786596565,0.5145034582825884,,3,1,0.1,1.6710990978237947,0.7150497847803919,0.6501965284075331,0.948674797479868,0.8492593791384774,0.943621532376086,1,10,1.599995989275811,0.164001274337596,0.8,0.7150497847803919,0.7150497847803919,1,False,False,False,False,1e-07,0.9,-6.386562611306978
0.111393386146889,0.0009794440571472,55.59494143740973,1.0307338587429842,0.0193245119620341,0.4439444427877569,,3,1,0.1,0.8635386152483359,0.4671735062824215,1.1010301832711584,0.9732066210699948,1.1272806983424186,1.252534109269354,1,10,0.1404611479010101,0.4365574866381171,0.8,0.4671735062824215,0.4671735062824215,1,False,False,False,False,1e-07,0.9,-13.774646061330102
0.3671538245110103,0.0218620617077933,16.736346025345302,0.7058947432669508,0.0907433980078362,0.4628838362070285,,3,1,0.1,1.4249211622004938,0.5494931969117013,0.903012597069226,1.201866488179473,1.04433231321015,1.1603692369001664,1,10,0.7281770739430411,1.3774656766422115,0.8,0.5494931969117013,0.5494931969117013,1,False,False,False,False,1e-07,0.9,-1.6790478625762653
0.3254014879231315,4.898529683092878e-06,27386.124254176262,0.9559579681434436,0.0003232989669826,0.3708710655541765,,3,1,0.1,0.2665925535538892,0.166893869848445,1.755555385973331,0.7865693503722747,1.5267193739020035,1.6963548598911151,1,10,1.816269736052788,0.8717334593712025,0.8,0.166893869848445,0.166893869848445,1,False,False,False,False,1e-07,0.9,-19.947601935915177
0.2121690785617163,0.0036681078529439,20.418641809029804,0.4605449216001002,0.0123492117857462,0.4969181914732499,,3,1,0.1,8.20895724118269,0.7152086745724218,0.6829370765292366,0.2151035982374372,0.9111633171080008,1.0124036856755565,1,10,1.122992464886266,0.8995224379919255,0.8,0.7152086745724218,0.7152086745724218,1,False,False,False,False,1e-07,0.9,-0.8544169362676968
0.7130810389146486,1.0339697463644418e-06,50034497.13334878,3.2810336297936766,0.0001119516068782,0.4582444788543577,,3,1,0.1,0.1817187553699199,0.0974883227057,0.0428560541632402,1.6326239048536784,1.064017116474728,1.1822412405274754,1,10,0.9861458515996776,1.7700842939506929,0.8,0.0974883227057,0.0974883227057,1,False,False,False,False,1e-07,0.9,-8.466700147264831
0.2781290427053752,0.0112758970202087,9.09434308904415,0.4381963584913658,0.0617648651935626,0.3519084007024927,,3,1,0.1,1.1712956248694704,0.7343114987085214,1.397608869414522,1.033769893043806,1.657483703723431,1.8416485596927008,1,10,1.7648302172922576,1.2647911438916513,0.8,0.7343114987085214,0.7343114987085214,1,False,False,False,False,1e-07,0.9,-12.206921035876244
0.4654148361492308,0.0309085324376695,19.88007148777293,0.8500590793905086,0.0060309290588406,0.7324680176246043,,3,1,0.1,2.556330445104715,0.41564772375358,0.9947046913797912,0.8377704742663374,0.3287225903988304,0.3652473226653671,1,10,1.521958237799603,1.879004144304513,0.8,0.41564772375358,0.41564772375358,1,False,False,False,False,1e-07,0.9,-2.901265034873596
0.5015869853953405,0.0127803582724307,774.1229876156926,1.2974225874305565,0.0568705551843613,0.5817731462432011,,3,1,0.1,0.7942849131714107,0.3110739436994448,0.1729795036687143,1.5767784847083888,0.6469947449650231,0.7188830499611367,1,10,0.6330373358775779,1.556017051118316,0.8,0.3110739436994448,0.3110739436994448,1,False,False,False,False,1e-07,0.9,-6.806980066128379
0.1620146054486027,0.0009374469666722,1651.8454989403908,0.9294075108940208,0.0168192056335896,0.3788152175545859,,3,1,0.1,0.7476933601572637,0.4513068489431948,0.097965511702984,0.4824595471032315,1.4758285261344155,1.639809473482684,1,10,1.9344187216842683,0.5934080357307626,0.8,0.4513068489431948,0.4513068489431948,1,False,False,False,False,1e-07,0.9,-9.721512264725416
0.0028112730332576,3.0129403960559224e-06,648.644040197552,3.427529218606224,0.0137634675489554,0.5411935123431955,,3,1,0.1,0.3447071227632491,0.1555481659692572,1.233691846862259,0.7813694475520359,0.7629911103392332,0.8477679003769257,1,10,1.353050847724948,0.0558482146230551,0.8,0.1555481659692572,0.1555481659692572,1,False,False,False,False,1e-07,0.9,-11.136368803378057
0.5762179280770182,0.0003058867600854,2579.8122556147123,1.5343239362917749,0.0061210366243662,0.4327083480521569,,3,1,0.1,0.3655404324866486,0.2048136687098439,0.6596413859655046,0.9236441553161542,1.179922895066304,1.3110254389625595,1,10,0.7959207802475871,1.911825292253192,0.8,0.2048136687098439,0.2048136687098439,1,False,False,False,False,1e-07,0.9,-12.68254237643675
0.1052891708411236,0.0022612928052252,23.38892207990478,0.5496056804699466,0.0346519987591183,0.339563673476755,,3,1,0.1,1.1724317106993485,0.7561862605281381,0.5403876744685768,0.6177480601137573,1.7504601943576583,1.9449557715085093,1,10,1.6404845728631234,0.4644596120885705,0.8,0.7561862605281381,0.7561862605281381,1,False,False,False,False,1e-07,0.9,-16.604821454259746
0.2800067487612963,0.0026348283071298,114.57042842813792,1.5019017130125791,0.0017243789334889,0.8062142257481117,,3,1,0.1,1.4422556730371094,0.2631197901334006,1.5930251486471396,0.2907047053236396,0.2163286025682087,0.2403651139646763,1,10,1.909608184577148,0.9701148226119912,0.8,0.2631197901334006,0.2631197901334006,1,False,False,False,False,1e-07,0.9,-18.690816199010897
0.2706531456398157,0.0010078849368493,5.329804367890966,0.2614055706899386,0.002995227781816,0.373332366716545,,3,1,0.1,1.6268407239944946,0.9747335544259093,1.8094926142487715,0.1911410132857794,1.5107205274364304,1.678578363818256,1,10,1.5721548614839085,1.8550403459671485,0.8,0.9747335544259093,0.9747335544259093,1,False,False,False,False,1e-07,0.9,-13.227759125584988
0.1140310878764911,0.0032054849370266,10.326907222716814,0.5193150372160442,0.0355948735768967,0.3660815157606376,,3,1,0.1,1.3845433241227247,0.8462276725205218,1.853842343932305,1.6934734163182927,1.5584688416458183,1.7316320462731314,1,10,0.2918381185398842,0.4831714220712982,0.8,0.8462276725205218,0.8462276725205218,1,False,False,False,False,1e-07,0.9,-13.633701537862471
0.2583121480120322,0.0113433631270762,10.672527116227162,0.536164103770171,0.078628674055102,0.3357771612604779,,3,1,0.1,1.1934902425732912,0.7268908327443495,1.1391347095127713,1.6393372299067397,1.7803490643064557,1.9781656270071728,1,10,0.8872649319511372,1.0167744330868058,0.8,0.7268908327443495,0.7268908327443495,1,False,False,False,False,1e-07,0.9,-4.42349967568618
0.3911375909784164,0.013036608732925,17.464974921682654,0.7041895086631696,0.0505322007562942,0.4892376762141212,,3,1,0.1,0.977434209708829,0.4835529835070047,1.722142837381462,1.2025122274044582,0.9395966699958396,1.0439962999953771,1,10,0.5640840740086269,1.657372515615545,0.8,0.4835529835070047,0.4835529835070047,1,False,False,False,False,1e-07,0.9,-14.74368897679508
0.3596710859437942,0.0199599054045428,19.60642812292708,0.9988443958327086,-0.0072731557837775,0.8187921627239939,,3,1,0.1,2.498784060567442,0.4098660988816457,0.851759216900094,1.0675926425528832,0.1991800373440804,0.2213111526045338,1,10,0.5257774126555728,1.0693241223756806,0.8,0.4098660988816457,0.4098660988816457,1,False,False,False,False,1e-07,0.9,-19.53221886690269
0.2858027988407339,0.0226727902511546,5.470381068201999,0.4238397674157272,0.0650748909197192,0.4553244357401249,,3,1,0.1,1.5373680833057668,0.7912827181258865,1.9202451216766383,1.1999703216968365,1.0766125631651196,1.1962361812945772,1,10,1.6391916441365673,1.2512721404275498,0.8,0.7912827181258865,0.7912827181258865,1,False,False,False,False,1e-07,0.9,-12.019303276210762
0.1882672047168592,0.0128331375004369,14.400685198532228,1.030540739770132,0.02161422655649,0.7539244888985617,,3,1,0.1,2.1825058889646485,0.4411145082587196,1.1873472175362845,0.8859744212625417,0.2937535035038401,0.3263927816709334,1,10,0.6570791010361002,0.6457225307066284,0.8,0.4411145082587196,0.4411145082587196,1,False,False,False,False,1e-07,0.9,-7.564920629168457
0.223745956774465,0.0003676466299658,244806.77368287867,2.585499889757196,0.0116234518062927,0.5712976874467792,,3,1,0.1,0.4617205802647863,0.1924395335294069,0.0177987040713318,0.3300456850874168,0.6753608316222041,0.7504009240246712,1,10,0.2830527457133682,0.589243748581139,0.8,0.1924395335294069,0.1924395335294069,1,False,False,False,False,1e-07,0.9,-9.22747220074864
0.1138088173885331,3.126866989256457e-08,652190.275245709,9.070524281414368,2.358531940756213e-05,0.6899902154627271,,3,1,0.1,0.2324530774798206,0.0714514646861849,0.5089445454113436,0.0296299642345747,0.4043663226389875,0.4492959140433194,1,10,1.0706104816597528,0.3336414591915503,0.8,0.0714514646861849,0.0714514646861849,1,False,False,False,False,1e-07,0.9,-18.7482487338162
0.3208823460406822,0.0032659015856731,69.83536188891743,1.77530351464443,0.03623804771375,0.5535858737311143,,3,1,0.1,0.6310183810516942,0.2758670523600597,1.5289120601141286,1.766228092949205,0.7257640281427136,0.8064044757141262,1,10,0.3628164971757694,0.8308158884302698,0.8,0.2758670523600597,0.2758670523600597,1,False,False,False,False,1e-07,0.9,-16.533793577080726
0.295264623278668,0.0171381316915476,7.207251409358117,0.4292343658423807,0.0754237630479118,0.3549311605553694,,3,1,0.1,1.3941530324287126,0.845267175037323,1.1736022389808856,1.423021975709986,1.6357029757312609,1.817447750812512,1,10,1.009538133345364,1.348345095275456,0.8,0.845267175037323,0.845267175037323,1,False,False,False,False,1e-07,0.9,-7.737356275926334
0.2952836906564637,4.456509381332252e-07,1517.4038829568644,1.3362646271335703,5.2551690821057245e-06,0.5296939109000101,,3,1,0.1,0.5652534786607001,0.2609403908958789,1.1202139539493876,0.0081383556872953,0.7990944798115533,0.8878827553461703,1,10,1.97618186646324,0.9713403172234922,0.8,0.2609403908958789,0.2609403908958789,1,False,False,False,False,1e-07,0.9,-15.938862052440214
0.3068940738273332,0.0184054271528109,15.75938983010806,0.3143783527771544,0.0332227651780445,0.463715884912484,,3,1,0.1,2.140300019083184,0.9682109057860908,0.611399449115268,0.7568574618908,1.0408435839325514,1.1564928710361682,1,10,1.1853151932868264,1.7689303724667256,0.8,0.9682109057860908,0.9682109057860908,1,False,False,False,False,1e-07,0.9,-5.350509166339181
0.0045590540432514,0.0002644186365226,19.52902621655109,1.21385453868388,0.1222123198120744,0.4777624953860491,,3,1,0.1,0.9017820659032032,0.4515776882491431,1.403428469020295,1.7730098173328337,0.9837811856135082,1.0930902062372314,1,10,1.3217039077322328,0.0769266452775123,0.8,0.4515776882491431,0.4515776882491431,1,False,False,False,False,1e-07,0.9,-10.045923840407632
0.2560506313168004,0.000359183361879,242.559883309882,0.8759570865213994,0.0003299556309385,0.7460291595862555,,3,1,0.1,2.148887157597925,0.3937235920879077,0.5074514281251613,0.0712684584843756,0.3063871611923802,0.3404301791026447,1,10,0.9740493097319348,0.9555740973246756,0.8,0.3937235920879077,0.3937235920879077,1,False,False,False,False,1e-07,0.9,-4.151723823713267
0.2375430664214852,0.0030997936910877,69.42013219448528,1.2653441324940882,0.0638217943257657,0.390980871680947,,3,1,0.1,0.649447789917873,0.3360053184081243,1.2716758504174026,1.3610195456664789,1.4019028939462526,1.5576698821625028,1,10,1.926550655229257,0.724577336376276,0.8,0.3360053184081243,0.3360053184081243,1,False,False,False,False,1e-07,0.9,-1.4334319608022703
0.2680923606179796,0.0081716094272332,11.567252134787534,0.4756476556275459,0.0426070703808382,0.3740254437962158,,3,1,0.1,1.4946706511241203,0.7308747897097964,1.108617748743797,1.157703367076059,1.5062534111726271,1.6736149013029191,1,10,0.2636906557445281,1.1375931867974467,0.8,0.7308747897097964,0.7308747897097964,1,False,False,False,False,1e-07,0.9,-1.995554474765079
0.6165664149036041,0.000127791779917,1310.7956260914805,1.911291913012299,0.0060167701623467,0.5456226645067846,,3,1,0.1,0.2629649723538414,0.116131331905997,1.8892413419914609,1.2110428104534434,0.7494915965661993,0.8327684406291104,1,10,1.6443045504008498,1.5353614320706992,0.8,0.116131331905997,0.116131331905997,1,False,False,False,False,1e-07,0.9,-4.967956068974807
0.6889617624151265,4.61789856785986e-11,1850859245.0678177,5.0110803624228994,1.839817638325263e-08,0.3658371317963161,,3,1,0.1,0.1201397238892716,0.0759038559144482,1.061221556976439,1.8093613613036168,1.560111130821693,1.7334568120241034,1,10,1.4989029362614688,1.490809763517737,0.8,0.0759038559144482,0.0759038559144482,1,False,False,False,False,1e-07,0.9,-11.73457984883074
0.2789015504073398,0.0042250739576526,10.65411918593528,0.3615627171621983,0.0218929775160767,0.3590266412192286,,3,1,0.1,1.117044935813205,0.6871252027140696,1.865425867039172,0.5129884346002729,1.6067777615155932,1.7853086239062146,1,10,0.3786165177922717,1.5628819470133084,0.8,0.6871252027140696,0.6871252027140696,1,False,False,False,False,1e-07,0.9,-9.54495208805888
0.4701534512953699,0.0106151172919659,29.39786829420257,1.0360094979316636,0.0774228429608486,0.4386001800810264,,3,1,0.1,0.6866012230306129,0.3728348050332564,1.861593186561816,1.8410570717269208,1.151982741625266,1.2799808240280732,1,10,1.6026721636414505,1.7796061938448196,0.8,0.3728348050332564,0.3728348050332564,1,False,False,False,False,1e-07,0.9,-8.894618291897478
0.3728947983271145,0.0246700877582198,15.091545641350452,0.9136461437052056,0.0579812248148036,0.6160933531725988,,3,1,0.1,1.265437937698325,0.4449161120738224,0.9968284358433926,1.2332333867534098,0.5608175779943281,0.6231306422159201,1,10,1.0540707517751084,1.179252586976968,0.8,0.4449161120738224,0.4449161120738224,1,False,False,False,False,1e-07,0.9,-8.482165238116707
0.3757438351429644,0.0079928459471592,49.03565741949331,0.7383808114965409,0.0607092582868983,0.36794600698532,,3,1,0.1,0.781419158585987,0.4842009562180767,0.7649346936795759,1.6126161653868554,1.546011053018188,1.7177900589090975,1,10,1.222810547643052,1.6399878540375317,0.8,0.4842009562180767,0.4842009562180767,1,False,False,False,False,1e-07,0.9,-14.355066216484715
0.0710231788893617,0.0006162747294863,253.22208609188064,1.266836393229668,0.0342943744128851,0.3647309106647127,,3,1,0.1,0.6502989687518883,0.405071006497907,0.2866135106796635,0.9502343095904944,1.5675725958070648,1.7417473286745164,1,10,1.422055564235762,0.3262374489783144,0.8,0.405071006497907,0.405071006497907,1,False,False,False,False,1e-07,0.9,-11.94411742191354
0.2982988965410306,0.0107732287142445,28.953138056800867,1.3411602847731685,0.0170205361042165,0.7523118073775881,,3,1,0.1,1.3044408882599028,0.2954755742702176,1.149103794336391,0.5817561239326697,0.2963124746602396,0.3292360829558218,1,10,0.7418636400283714,0.9782224440108348,0.8,0.2954755742702176,0.2954755742702176,1,False,False,False,False,1e-07,0.9,-10.498697390633176
0.4283542365029628,0.0268244860559979,29.73378747645821,1.0923356194093186,0.034041893806806,0.7011169232601007,,3,1,0.1,1.320631439748105,0.3738276836852407,0.6077691268003962,1.5221527387157818,0.383666062167091,0.4262956246301011,1,10,0.8866193810800311,1.2495491820154585,0.8,0.3738276836852407,0.3738276836852407,1,False,False,False,False,1e-07,0.9,-16.57195038277877
0.4900285292774349,0.0011155507500515,437.2297492772488,1.3690175967519376,0.0059497523099145,0.6068869315679558,,3,1,0.1,0.6706015860750268,0.2569555006476287,1.0090526864358538,1.9658584083556443,0.5829780527235212,0.6477533919150236,1,10,0.0511519844847902,1.5591306157903448,0.8,0.2569555006476287,0.2569555006476287,1,False,False,False,False,1e-07,0.9,-15.686149007560005
0.1687455729704766,0.0005207530090153,384.0206687584667,-0.1128179058687034,0.0105822973339835,0.4544451088506455,,3,1,0.1,0.5145689794565199,0.2697991839244815,1.8152997434464824,0.429243330595394,1.0804372023636133,1.2004857804040148,1,10,0.8810590414837949,0.7731322558179197,0.8,0.2697991839244815,0.2697991839244815,1,False,False,False,False,1e-07,0.9,-5.774135820402508
0.3360095613871868,0.0354993560499078,23.976300039635618,0.3538891715979215,-0.0347621258328636,0.9755832927367344,,3,1,0.1,-22.742487075782247,0.8559259130802125,0.4289869972516751,1.186955489368978,0.022525023440381,0.0250278038226455,1,10,1.6644092695781476,1.4470901189269676,0.8,0.8559259130802125,0.8559259130802125,1,False,False,False,False,1e-07,0.9,-13.456836454958816
0.3231529482130182,0.0003502858242168,162.54845284188977,0.6650657363791035,0.0046871844989631,0.3576397244707342,,3,1,0.1,0.5685802663214135,0.3532843585834341,1.4299619312461298,0.3884448354422205,1.6164989748605163,1.7961099720672404,1,10,0.2007113416203836,1.399208732035083,0.8,0.3532843585834341,0.3532843585834341,1,False,False,False,False,1e-07,0.9,-6.012148933164491
0.2802914745514019,0.0060957462505931,26.66372312861505,0.7756761764935415,0.0770139074250429,0.334205307605425,,3,1,0.1,0.8162299303231038,0.4658913765306985,1.913799246195769,1.6370131436056774,1.7929554364306288,1.9921727071451432,1,10,1.6655405967063983,0.9920488745993008,0.8,0.4658913765306985,0.4658913765306985,1,False,False,False,False,1e-07,0.9,-1.6388066847023524
0.0873411686979035,0.0002245172278152,57.9858195815907,0.8727402145860459,0.0038685226912417,0.4807047060496048,,3,1,0.1,1.0158035482927867,0.5107322402031351,1.167682941241979,0.168841263556417,0.9722512774965996,1.0802791972184438,1,10,1.8855349507500887,0.3972981864023348,0.8,0.5107322402031351,0.5107322402031351,1,False,False,False,False,1e-07,0.9,-14.871489677455363
0.9053798361057004,5.552074516114465e-15,9588815396796.91,9.307360179842956,9.034336375079894e-12,0.3806767243427286,,3,1,0.1,0.0853002100685449,0.0525067893310482,0.6411299804056988,0.7706684668679142,1.4642107395820645,1.6269008217578491,1,10,1.8175223850787128,1.675145821288362,0.8,0.0525067893310482,0.0525067893310482,1,False,False,False,False,1e-07,0.9,-5.301319684249016
0.1150709368575761,0.0002622788761958,44.12138772152984,0.7890145228774976,0.0005984025760948,0.7552969687899845,,3,1,0.1,3.0387150154080613,0.5369598146992687,1.4762095542133016,0.0992469070069848,0.29158428696177,0.3239825410686333,1,10,1.3652870929243357,0.4899432911341496,0.8,0.5369598146992687,0.5369598146992687,1,False,False,False,False,1e-07,0.9,-5.964457091682609
0.0906573886699788,0.0061778148191585,14.152803034471606,1.7728920749387242,0.2223578639160655,0.5333691218229183,,3,1,0.1,0.9796857111550904,0.3018747572852341,1.5022206754235694,1.800025446468154,0.7873867705802536,0.8748741895336152,1,10,1.688478788740121,0.3595612796983585,0.8,0.3018747572852341,0.3018747572852341,1,False,False,False,False,1e-07,0.9,-1.0158620583736386
0.4049304858744108,0.0258296457722988,14.954258874992322,0.9864048596362518,0.0283653541092378,0.6997839691849512,,3,1,0.1,1.3678415328105482,0.3895779856178066,1.1481185727716907,1.0275363529395536,0.3861111995009595,0.429012443889955,1,10,1.4434925748832126,1.319260418034972,0.8,0.3895779856178066,0.3895779856178066,1,False,False,False,False,1e-07,0.9,-17.698247458269098
0.2997490797282512,0.000340509785018,615.8501524131838,0.1297735110334457,0.0041347086458067,0.4670273569904107,,3,1,0.1,0.5167694895703038,0.2673105032625526,1.408269490487758,0.2060373883193544,1.027081971813654,1.1412021909040602,1,10,0.3167873401370009,1.3530823146524318,0.8,0.2673105032625526,0.2673105032625526,1,False,False,False,False,1e-07,0.9,-7.951464177706608
0.2522682551611301,1.1285573251555578e-10,733946440.6504923,7.199879187345949,6.743533757168669e-08,0.3457639798933853,,3,1,0.1,0.1415502572482269,0.0915052631859231,0.3625130307847428,1.1281173162525315,1.7029316306386544,1.892146256265172,1,10,0.5878784064433102,0.5594509010060973,0.8,0.0915052631859231,0.0915052631859231,1,False,False,False,False,1e-07,0.9,-4.063960406971532
0.0391897706286644,8.862647704484435e-09,568739.8967644708,7.657308785866434,3.64728186870976e-05,0.5055628950554316,,3,1,0.1,0.1508725609062981,0.0742674103493282,1.7185654231452878,1.1893958434007457,0.880193935912407,0.9779932621248968,1,10,0.7397148058130008,0.1885519494415573,0.8,0.0742674103493282,0.0742674103493282,1,False,False,False,False,1e-07,0.9,-17.18780457690855
0.3396797476453853,0.0223101071253884,352.1796692307761,0.6663754714931698,0.0893703681379028,0.4597347288003877,,3,1,0.1,1.132127591874135,0.5950471692821007,0.1355716743249723,1.5194185112725045,1.0576506703081177,1.175167411453464,1,10,1.3430826710856572,1.260028625230792,0.8,0.5950471692821007,0.5950471692821007,1,False,False,False,False,1e-07,0.9,-18.65487452919602
0.3959663912546132,0.0005816784315978,72222.85297087433,0.8166933681262418,0.0034826789252054,0.5067211296936854,,3,1,0.1,0.6780943183601482,0.3277614977992997,0.0475355510736788,0.1899399333913137,0.8761248688091079,0.9734720764545644,1,10,1.6996406935414663,1.8585770027370527,0.8,0.3277614977992997,0.3277614977992997,1,False,False,False,False,1e-07,0.9,-16.738807668979593
0.6195799153926569,0.0190665937709718,19.452422831406967,1.85991059042342,0.0750725168192803,0.7302709037609459,,3,1,0.1,0.7054575775681992,0.1798500036236722,1.082430687542586,1.7966395066970484,0.3324193602195257,0.3693548446883619,1,10,1.846354540387677,1.7468502615477746,0.8,0.1798500036236722,0.1798500036236722,1,False,False,False,False,1e-07,0.9,-8.881367097803327
0.1792588785498202,0.0050384778456924,48.25812780002232,1.2081316515571268,-0.0098525531022422,0.9602616337978988,,3,1,0.1,-183.16581118486096,0.3776496039725233,1.3231415117816403,0.3063734080797556,0.0372445678584908,0.0413828531761008,1,10,0.2061329291459512,0.9105823840106672,0.8,0.3776496039725233,0.3776496039725233,1,False,False,False,False,1e-07,0.9,-8.675623509436683
0.0018697574747569,8.30090941019801e-05,23.398059979921182,0.9651936244322874,0.021524873297583,0.7345107900311266,,3,1,0.1,2.53637945042762,0.5894684445395633,0.6819907996677282,0.8488610887279893,0.3253053491043478,0.3614503878937198,1,10,0.2619736033836989,0.0488720906680802,0.8,0.5894684445395633,0.5894684445395633,1,False,False,False,False,1e-07,0.9,-13.087119607186494
0.143907890616435,0.0006144848916469,34.372570056212474,0.5339944129562344,0.0027069463108831,0.537351592646548,,3,1,0.1,1.9991353552900848,0.7164644012138688,0.4747904359377655,0.1114662854997894,0.7748810505377813,0.8609789450419792,1,10,0.6241319669015922,0.6025893815928685,0.8,0.7164644012138688,0.7164644012138688,1,False,False,False,False,1e-07,0.9,-3.69258205416444
0.2200817678411616,0.0089792908092968,245.85441197879348,1.303368896350024,0.112759770111573,0.4870113909785883,,3,1,0.1,0.7625037581149027,0.3670414398140431,0.1849642062336086,1.9276915564172503,0.948006056268136,1.053340062520151,1,10,1.500158804541897,0.6685035836356893,0.8,0.3670414398140431,0.3670414398140431,1,False,False,False,False,1e-07,0.9,-5.6522518444550425
0.2596650462915671,0.0002031419791532,12.033557567979374,0.2670926668737154,0.000120977227385,0.6119364917766419,,3,1,0.1,-5.812249109090391,0.98316276588869,0.7657423416516397,0.0533701511656737,0.5707408564359681,0.6341565071510756,1,10,1.8197796062408813,1.612314255421367,0.8,0.98316276588869,0.98316276588869,1,False,False,False,False,1e-07,0.9,-1.0797105519090096
0.3115879257136866,0.0166722061804386,96.76553200187494,0.34774191449642,0.0477523136368095,0.3986711779706224,,3,1,0.1,1.6826431803126074,0.8996809463619928,0.2453970439068315,0.8057940467346232,1.3574995377928218,1.508332819769802,1,10,1.1589976836422642,1.7887529273598957,0.8,0.8996809463619928,0.8996809463619928,1,False,False,False,False,1e-07,0.9,-5.3818473280192425
0.2192659791947288,0.0006337057742121,287.1532598199746,1.2557716092507776,0.0160253479899915,0.3509722730032749,,3,1,0.1,0.532198793482141,0.3406822908677155,0.5784032788161357,1.0085264105783822,1.6643051295724485,1.849227921747165,1,10,1.220830101473948,0.7021614323163275,0.8,0.3406822908677155,0.3406822908677155,1,False,False,False,False,1e-07,0.9,-13.454967139027712
0.7328044377506764,3.805772616654531e-05,17554.440642300477,2.902661650811321,0.0021275229668273,0.5285268449433032,,3,1,0.1,0.2497225827086446,0.1080730015343071,0.508910981553692,1.4677017468496192,0.8028463333712897,0.8920514815236552,1,10,0.4242290891040585,1.9923376289074293,0.8,0.1080730015343071,0.1080730015343071,1,False,False,False,False,1e-07,0.9,-1.4759207284607676
0.244553026572888,0.000276032055789,116.02634864051974,0.7343940229787156,0.0036482891805497,0.3438570933777912,,3,1,0.1,0.6919975044966407,0.4448804463081375,0.6349995158943574,0.2312234399294755,1.717366392413439,1.9081848804593768,1,10,1.198068733816376,0.9532053048823812,0.8,0.4448804463081375,0.4448804463081375,1,False,False,False,False,1e-07,0.9,-11.545505994635922
0.3984657676243208,0.0523850628616182,50.1362079295744,0.3478772602769865,-0.0339234337804847,0.8684834117103192,,3,1,0.1,8.9569369729625,0.8468944438810356,0.3204260142351475,1.8814651963323143,0.1362892231040023,0.1514324701155581,1,10,1.678680906360165,1.7984877096837917,0.8,0.8468944438810356,0.8468944438810356,1,False,False,False,False,1e-07,0.9,-19.89768252011556
0.4711153044424625,0.0369022054379052,13.791670611476988,1.0937839135440444,0.0639513907170019,0.6650873729798799,,3,1,0.1,1.1410022146377783,0.3672548584160419,0.9632761034468847,1.744129833837132,0.4532056637425091,0.5035618486027879,1,10,1.99107146070812,1.4386805790415311,0.8,0.3672548584160419,0.3672548584160419,1,False,False,False,False,1e-07,0.9,-18.728157667904537
0.2253112665984357,0.0023013628512127,66.56724335968563,0.7975348460651426,0.0373934283427767,0.3718722936948007,,3,1,0.1,0.6829166170414691,0.3920257728584841,1.52996226081024,0.9311664737437808,1.5201856800298192,1.6890952000331323,1,10,1.8137210881225945,0.7934294524399372,0.8,0.3920257728584841,0.3920257728584841,1,False,False,False,False,1e-07,0.9,-2.6956322888831536
0.2249294281464092,0.0045646241110306,6.405857043879856,0.3329440738624793,-0.0014093239099577,0.8157169110527712,,3,1,0.1,-19.189026137448906,0.9119321406694968,1.7765916958270294,0.2920151937554374,0.2033239446249218,0.2259154940276909,1,10,1.025846690420772,1.118390879238199,0.8,0.9119321406694968,0.9119321406694968,1,False,False,False,False,1e-07,0.9,-3.209046219773782
0.1163353398967941,9.277531111944213e-08,478324.8906285597,4.7217631246141885,4.515950660792058e-05,0.4343677996311262,,3,1,0.1,0.1945812278845165,0.1092656565953496,0.8477853038774744,0.5076640509807419,1.171976791935999,1.302196435484443,1,10,1.9119912947827824,0.3580654931614384,0.8,0.1092656565953496,0.1092656565953496,1,False,False,False,False,1e-07,0.9,-11.605524838473238
0.426197893513059,0.0229060539403684,921.275486179458,0.900886559338318,0.0927827267174655,0.5046740445710767,,3,1,0.1,0.9473744461215514,0.4550440213458298,0.1098815342101402,1.822094553579348,0.8833292789307434,0.9814769765897148,1,10,1.2695251256012738,1.497631595103141,0.8,0.4550440213458298,0.4550440213458298,1,False,False,False,False,1e-07,0.9,-15.305064777313952
0.317221786538584,0.019617994010515,9.34587632154657,0.5662991134462061,0.0894650015482003,0.4075378009477345,,3,1,0.1,1.1659384870481844,0.6670432765747342,1.29997888899834,1.474038987503012,1.308384100584138,1.453760111760153,1,10,1.4427922743372872,1.2759289732304473,0.8,0.6670432765747342,0.6670432765747342,1,False,False,False,False,1e-07,0.9,-13.356042276688578
0.0037545819862418,0.0001687972946664,24.5277894822594,0.8486241187244672,0.0190648729285565,0.7281010791477481,,3,1,0.1,2.7914157296856272,0.6513931842466281,0.5255576448723686,0.6855241572651833,0.3360921110753768,0.3734356789726408,1,10,0.2775296803419797,0.0704326940763259,0.8,0.6513931842466281,0.6513931842466281,1,False,False,False,False,1e-07,0.9,-12.305196322175474
0.3542548626674366,0.0343379617087153,7.185593217910714,0.3150708238359052,-0.0187704266604747,0.8474905926277824,,3,1,0.1,12.2262378969183,0.9039112882372236,1.0615782792918254,1.0907759628927705,0.161958690549477,0.17995410061053,1,10,1.6985998636936115,1.9651000692346297,0.8,0.9039112882372236,0.9039112882372236,1,False,False,False,False,1e-07,0.9,-9.749076619037131
0.3831113036058243,0.0028972435818632,152.38439533680756,1.0707142848295128,0.0029388379160489,0.7290374913434564,,3,1,0.1,1.469044728852687,0.2888867782999829,1.091392437587878,0.2161139892549762,0.3345044125803423,0.3716715695337136,1,10,0.0777055616232209,1.677307549736149,0.8,0.2888867782999829,0.2888867782999829,1,False,False,False,False,1e-07,0.9,-2.834080319886404
0.3071133647730267,0.0121487972781864,8.268218335228594,0.3874619140938478,0.0390075482313188,0.4321527794812171,,3,1,0.1,1.4406077612914616,0.7055429585930242,1.951462063806308,0.6893514128835565,1.1825968100457795,1.3139964556064216,1,10,1.948408873136526,1.7448225932182777,0.8,0.7055429585930242,0.7055429585930242,1,False,False,False,False,1e-07,0.9,-3.904322495924724
0.1519187993567613,0.0013911622400848,10.561137366760196,0.4088597981420974,0.0053821871531685,0.4887279546786716,,3,1,0.1,1.8110677979259489,0.8825703580736204,1.1968577584661677,0.2436883499986056,0.9415152875626508,1.0461280972918343,1,10,1.4966133204804026,0.6565132813403762,0.8,0.8825703580736204,0.8825703580736204,1,False,False,False,False,1e-07,0.9,-18.008681224149818
0.043650141613604,0.0003059204692904,32.33003170611327,0.7557998211737582,0.0031346577085581,0.6850498186295519,,3,1,0.1,2.0976319462455675,0.6072209373949218,1.6870561857168684,0.187784909741127,0.4137730651479591,0.4597478501643989,1,10,1.481129515042249,0.2739116793970254,0.8,0.6072209373949218,0.6072209373949218,1,False,False,False,False,1e-07,0.9,-16.331429045983047
0.4655134591297141,0.0102289129910318,32.49339345430498,1.4558300319776163,0.0457743080206894,0.6402838742217614,,3,1,0.1,0.7827492393303429,0.2617730750605488,1.291211640059856,1.0787548967441387,0.5056265294732166,0.5618072549702406,1,10,0.5645391998426714,1.344674200730788,0.8,0.2617730750605488,0.2617730750605488,1,False,False,False,False,1e-07,0.9,-6.627912723109294
0.3043807437462229,0.0002431871155846,613.2097688057895,1.7933623247197,0.0050476495143963,0.4616522312550675,,3,1,0.1,0.4775055418221102,0.2517910719093313,1.677203376854297,1.5644667755115238,1.0495194414055395,1.1661327126728216,1,10,0.0968162962516987,0.8213398258392688,0.8,0.2517910719093313,0.2517910719093313,1,False,False,False,False,1e-07,0.9,-10.526361759249149
0.1604235759291934,2.174980085015753e-07,550383.8707309046,3.777332462887113,3.999549889518681e-05,0.3532400982277219,,3,1,0.1,0.243825676120965,0.1561415335815997,0.278706832416647,1.4072574891694336,1.6478421179121074,1.8309356865690083,1,10,0.1594448086355332,0.4640966576148012,0.8,0.1561415335815997,0.1561415335815997,1,False,False,False,False,1e-07,0.9,-8.647673587151575
0.2846132901331336,0.0203224572809432,4.194207462783211,0.304476944987669,-0.0141485062788977,0.913630937898078,,3,1,0.1,36.6265934309145,0.9642778606372648,1.832934837451736,0.8414730964366127,0.0850804768833269,0.0945338632036965,1,10,1.9973534449249792,1.4673454146506086,0.8,0.9642778606372648,0.9642778606372648,1,False,False,False,False,1e-07,0.9,-14.6730121408982
0.2059561882242029,0.0065528964527676,10.205557481212498,0.3292495775255373,0.0380873194406764,0.3759346919395552,,3,1,0.1,1.6379612683865123,0.727543350053132,1.784559822363168,0.486300543539627,1.494032844791847,1.6600364942131631,1,10,0.6116448253941275,0.971249474516701,0.8,0.727543350053132,0.727543350053132,1,False,False,False,False,1e-07,0.9,-1.520429617326485
0.3880450272506069,0.042194022244309,4.915045313565887,0.3742334013049027,-0.0041376071851699,0.7373804215449669,,3,1,0.1,4.116672710586336,0.8312477255111025,1.5026368743010128,1.7161079713020044,0.3205368812400946,0.3561520902667717,1,10,1.0171253631102717,1.9014008572782897,0.8,0.8312477255111025,0.8312477255111025,1,False,False,False,False,1e-07,0.9,-10.09839462949746
0.2682229236273749,0.0121167658268959,8.748007891409289,0.4086836073228713,0.015112874735076,0.5923771220761859,,3,1,0.1,2.555810658866078,0.7339792416611032,1.4099019762309395,0.5275898295956702,0.6193024282329571,0.6881138091477301,1,10,0.4025764930033225,1.3035663249582432,0.8,0.7339792416611032,0.7339792416611032,1,False,False,False,False,1e-07,0.9,-3.6099658923707487
0.1010785861234628,0.0023541704346496,22.41594507435556,0.7988910707342262,0.0543669170689121,0.3489737116901203,,3,1,0.1,0.9191317272163522,0.5888188353564697,1.6431381531716789,1.6909631927828417,1.6789908232376465,1.8655453591529405,1,10,0.6834687944722083,0.4246577652193901,0.8,0.5888188353564697,0.5888188353564697,1,False,False,False,False,1e-07,0.9,-19.75561574649054
0.2744724696902999,0.0195721985560247,5.812044003826566,0.3650352661327776,0.0534175844065189,0.4352424310120807,,3,1,0.1,2.018534810321709,0.9008345864625544,1.265170937163041,0.9068199995691456,1.167813098799228,1.29757010977692,1,10,1.855936920250416,1.2617872311894682,0.8,0.9008345864625544,0.9008345864625544,1,False,False,False,False,1e-07,0.9,-3.30937025626379
0.1467829053710602,0.0051334658755053,12.637789779657597,0.5219838398938763,0.0108346336940793,0.6506600820858297,,3,1,0.1,5.953170823601276,0.811668508437965,0.860849309473117,0.8555718036776124,0.4832107190514254,0.5369007989460283,1,10,0.1519810476444102,0.5719957643871375,0.8,0.811668508437965,0.811668508437965,1,False,False,False,False,1e-07,0.9,-2.479464783564495
0.0475037186296103,0.0001619883905459,43.992989337996185,10.036268235296776,0.0378320811833286,0.9183792463565896,,3,1,0.1,1.1187818673751382,0.0795334384516414,0.7298943390618059,0.6602180021548716,0.0799873021635625,0.0888747801817361,1,10,0.2783686595973977,0.2073136261850059,0.8,0.0795334384516414,0.0795334384516414,1,False,False,False,False,1e-07,0.9,-6.9356023714667145
0.037611740454875,0.0022345175433556,23.33531627949661,0.7038260562884462,0.0354125805439696,0.6080741617372994,,3,1,0.1,1.9671542933169064,0.6884867047700548,0.4608226501213422,0.6845716637817965,0.5800826225351418,0.6445362472612686,1,10,1.9471169040052545,0.2436120640660091,0.8,0.6884867047700548,0.6884867047700548,1,False,False,False,False,1e-07,0.9,-9.983418470502192
0.0601499557117361,0.000584383495603,10.196044265797028,0.3937310118909663,0.0106056788459158,0.3367574917802607,,3,1,0.1,1.559502644920579,0.9954029496615086,1.68174510851262,0.3038514864609117,1.7725463336900706,1.9694959263223009,1,10,0.930322910967,0.3396714349492504,0.8,0.9954029496615086,0.9954029496615086,1,False,False,False,False,1e-07,0.9,-13.429756813885128
0.3372685246529792,0.0248140615566376,27.06535461542486,0.4048250266790753,0.0652195610350083,0.4210350832781481,,3,1,0.1,1.5977067678404235,0.8724632652107029,0.4881948670091426,1.8004218184813494,1.237589088758747,1.3750989875097188,1,10,0.8189552732307279,1.7663396601474233,0.8,0.8724632652107029,0.8724632652107029,1,False,False,False,False,1e-07,0.9,-11.167753495773503
0.4678600560421673,0.0114444581079465,50.25354804826007,0.9916586597166837,0.0092712101209864,0.7100500527106901,,3,1,0.1,1.342232905144942,0.3681256993346914,0.9358517550910348,1.744131685862107,0.3675162779921725,0.4083514199913028,1,10,0.2221685713853399,1.5990610701804553,0.8,0.3681256993346914,0.3681256993346914,1,False,False,False,False,1e-07,0.9,-16.66344276991416
0.2800288134840299,0.0009563091539724,543.7285633849665,4.070745840599544,0.0377612069758709,0.6786012108297488,,3,1,0.1,0.4197570764814017,0.1320229541855542,0.2461140572340534,0.7836901516171529,0.4262575805008356,0.4736195338898173,1,10,1.83782933931072,0.6433450693122819,0.8,0.1320229541855542,0.1320229541855542,1,False,False,False,False,1e-07,0.9,-13.028555504549674
0.2859526503733278,0.0089987512595493,6.445278414447804,0.2824936275980457,0.0010567818237588,0.6921771090840134,,3,1,0.1,5.238939622839116,0.9496018617659532,1.326441332705678,0.4314247399087819,0.4002452525351599,0.4447169472612888,1,10,1.4587054688558347,1.836484772146026,0.8,0.9496018617659532,0.9496018617659532,1,False,False,False,False,1e-07,0.9,-5.1933422582937165
0.0108487457385482,0.0007678349633825,9.205744786538228,0.4892839757303958,0.0453231272641588,0.4946084519899713,,3,1,0.1,1.9684202535368307,0.9126103050889924,1.2208228325775945,0.8246430492820095,0.9196211495760056,1.021801277306673,1,10,1.5972367560114773,0.1318301846918048,0.8,0.9126103050889924,0.9126103050889924,1,False,False,False,False,1e-07,0.9,-10.807520265079692
0.1269605752968831,0.005128934142255,19.426321748785465,0.6624394743237539,0.0402892069773462,0.5054528851562834,,3,1,0.1,1.4403155608948448,0.6099850493558491,0.8401076661456388,0.5643258715430016,0.8805813883557607,0.978423764839734,1,10,0.4983558820436765,0.521981610529989,0.8,0.6099850493558491,0.6099850493558491,1,False,False,False,False,1e-07,0.9,-4.34012111000386
0.381442439877794,0.0430090640959349,4.658118953214291,0.3501874219445861,-0.0412730716694247,0.956000556296018,,3,1,0.1,-47.359412843136056,0.8255571247669155,1.509439900280097,1.630031467030843,0.0414220463291467,0.0460244959212741,1,10,1.121512334082125,1.7641588820240943,0.8,0.8255571247669155,0.8255571247669155,1,False,False,False,False,1e-07,0.9,-12.847433197523475
0.1225561467038751,0.0035119379132167,3133.8206367638427,0.6781609803038475,0.0043613006559265,0.7835264852361742,,3,1,0.1,4.629109597072335,0.6709713602497521,0.0371710186447211,0.6842568320417028,0.2486529389350735,0.2762810432611928,1,10,0.1358222539932891,0.4828321282171658,0.8,0.6709713602497521,0.6709713602497521,1,False,False,False,False,1e-07,0.9,-7.349962219240245
0.3026926617289683,0.0026019866926212,43.479446843963686,0.4912612141600911,-0.002434858048771,0.8743661154225637,,3,1,0.1,11.529309898775145,0.5706032161308434,0.7258515634563788,0.1580782253762736,0.129317106559016,0.1436856739544622,1,10,0.7430393293066169,1.662740787412215,0.8,0.5706032161308434,0.5706032161308434,1,False,False,False,False,1e-07,0.9,-6.552412740733672
0.3517795711709337,0.0164855364636037,15.605352640155829,0.5888435078968507,0.0041571956706668,0.7216549398339221,,3,1,0.1,2.2906661294905244,0.5850399936867715,1.1816380066444387,1.9366172727649271,0.347133429457465,0.3857038105082944,1,10,0.2863946609121553,1.3585548799323226,0.8,0.5850399936867715,0.5850399936867715,1,False,False,False,False,1e-07,0.9,-18.40169696377123
0.2888353467992173,0.0065527065141662,284.59326874594166,0.9222294663945516,0.0536132831214402,0.440214532428746,,3,1,0.1,0.8160980593317165,0.4459978505357174,0.2135067215350055,0.9782039409425696,1.1444577216352485,1.2716196907058317,1,10,0.7827714532775639,0.9428894843453552,0.8,0.4459978505357174,0.4459978505357174,1,False,False,False,False,1e-07,0.9,-14.778513633542715
0.2927346039628649,0.0012822932241654,244.5230222068473,1.9825531355631807,0.0251288349868339,0.4761261557117817,,3,1,0.1,0.6194791504567843,0.2629965730435395,0.9219202864143918,1.851008542301356,0.9902553224671112,1.1002836916301235,1,10,0.2167450304895404,0.7585667139711423,0.8,0.2629965730435395,0.2629965730435395,1,False,False,False,False,1e-07,0.9,-1.260652283901834
0.3463671553664676,0.0010894803380586,110.85508606777138,0.6465793254307727,0.0054647792185823,0.4886114106737509,,3,1,0.1,0.7967304268705624,0.3995990233691244,1.0210523130568248,0.2127575263320186,0.9419545273389776,1.0466161414877528,1,10,1.307777075964254,1.744157356175953,0.8,0.3995990233691244,0.3995990233691244,1,False,False,False,False,1e-07,0.9,-19.842346018567905
0.5486749851614395,9.745892870013063e-05,367486.69958073023,1.3751745756179938,0.0020783407828509,0.4633100716777572,,3,1,0.1,0.3548734018886019,0.188016668602,0.0689917969865959,0.3888441516398785,1.0425435685887072,1.1583817428763412,1,10,0.169947446615178,1.6894909405043022,0.8,0.188016668602,0.188016668602,1,False,False,False,False,1e-07,0.9,-12.667653776638032
0.2125801548404061,0.0301264431494593,4.887052258016725,0.3863357440375571,-0.015223791770514,0.893697614224345,,3,1,0.1,-5.371052168245957,0.9800764483594102,0.981355771618472,1.4316619898715564,0.1070520337923525,0.118946704213725,1,10,1.7185204973901012,0.7944717671595665,0.8,0.9800764483594102,0.9800764483594102,1,False,False,False,False,1e-07,0.9,-3.033116796095957
0.1499716494270448,1.020799562176412e-09,5315787.057693082,4.48111805311025,3.782086002181969e-07,0.3591721554979895,,3,1,0.1,0.1913060433320214,0.1216163062026008,1.645702711656822,0.1322350102625867,1.605762170656456,1.7841801896182845,1,10,1.809671173850551,0.4296432282489493,0.8,0.1216163062026008,0.1216163062026008,1,False,False,False,False,1e-07,0.9,-8.545037541591578
0.2896230594253666,0.0088416976208831,97157.88802983968,0.3768016139113768,0.0078317493290577,0.6089134800318019,,3,1,0.1,3.621550150164157,0.770096150557754,0.0081208026627211,0.3151710944950312,0.5780424962065144,0.6422694402294604,1,10,0.422591937510973,1.5345013534419376,0.8,0.770096150557754,0.770096150557754,1,False,False,False,False,1e-07,0.9,-2.627840457950718
0.0179734307648941,1.7598758302560833e-05,1011.080012695917,3.105437525658056,0.0078248091354219,0.4933017344788805,,3,1,0.1,0.4448813993965886,0.2218625887779587,0.6043712981964066,0.8651179206170921,0.924441182942022,1.02715686993558,1,10,0.1446333742634473,0.1375062396971343,0.8,0.2218625887779587,0.2218625887779587,1,False,False,False,False,1e-07,0.9,-13.68452010550538
0.2240973008432672,9.73866897680468e-05,26.77672716755591,0.454680847290607,0.0002278876101491,0.5500207179409786,,3,1,0.1,1.6305599971731377,0.6897960893746095,0.6591208810882669,0.0485097654905317,0.7363019985304933,0.818113331700548,1,10,1.5413769225211993,0.995758848751778,0.8,0.6897960893746095,0.6897960893746095,1,False,False,False,False,1e-07,0.9,-14.08488131014595
0.2751267099635952,0.0016587130867981,15.467009102913812,0.3037436061867958,0.0053719765850379,0.3879253502940211,,3,1,0.1,1.6796629899300934,0.8590082082699831,0.7827339835195685,0.1967494657804219,1.4200339944730629,1.5778155494145143,1,10,1.2172057565237908,1.7472494605024085,0.8,0.8590082082699831,0.8590082082699831,1,False,False,False,False,1e-07,0.9,-3.31053887053978
0.133540911415686,0.0060476335229404,7.116567469779408,0.3713447973023989,0.0455013848718429,0.3652084788729719,,3,1,0.1,1.5245348589752723,0.9388337275868912,1.9407698891658385,1.0209409732360393,1.5643458519292517,1.7381620576991683,1,10,0.6742607599223892,0.5890216668804477,0.8,0.9388337275868912,0.9388337275868912,1,False,False,False,False,1e-07,0.9,-18.069551203872944
0.1516081053329302,3.678639856967149e-14,469824370388.618,14.395935315477766,1.9525880936888544e-10,0.3822049093697257,,3,1,0.1,0.0937502306677001,0.0577411733725122,0.4137810808101057,1.473260904933249,1.4547578221434765,1.616397580159418,1,10,1.3876653227249791,0.3778080014140429,0.8,0.0577411733725122,0.0577411733725122,1,False,False,False,False,1e-07,0.9,-11.672025068683794
0.3335479164307587,0.0483213034670978,3.805771035600382,0.3726608210313663,0.0074484810980882,0.7014908818143484,,3,1,0.1,-2.643988435890304,0.9041447357216016,1.4271586051253249,1.2173876769041283,0.3829817511985674,0.4255352791095193,1,10,1.0144953306898887,1.4629901933898848,0.8,0.9041447357216016,0.9041447357216016,1,False,False,False,False,1e-07,0.9,-0.9902848616346916
0.2498935609674304,0.0126753324803411,15.367822607102198,0.4178894951238817,0.0498679646921147,0.4061762222996751,,3,1,0.1,1.4766274290717096,0.8376767462905169,0.5808678563699096,0.8196155201123968,1.315787017035143,1.4619855744834918,1,10,1.2496036332961502,1.051303312671502,0.8,0.8376767462905169,0.8376767462905169,1,False,False,False,False,1e-07,0.9,-12.82331844383882
0.2295013793249828,0.0138979992098869,106.77488983110516,0.6016691846898434,0.0279064573901407,0.6153578907021041,,3,1,0.1,2.213373059239352,0.6706939346274089,0.1958755680827939,0.7600996694038584,0.562563515636613,0.62507057292957,1,10,0.5159200080745536,0.8091804606032927,0.8,0.6706939346274089,0.6706939346274089,1,False,False,False,False,1e-07,0.9,-5.056367628675185
0.4214010868776015,0.0049634402812601,38.89482221915725,3.321381762475116,0.0917139952878841,0.6908798580332882,,3,1,0.1,0.5745854543238665,0.1442170081417617,1.044419727698087,1.956852438036704,0.4026866965871741,0.4474296628746378,1,10,0.8315936247093028,0.911844564534762,0.8,0.1442170081417617,0.1442170081417617,1,False,False,False,False,1e-07,0.9,-1.7141195144263257
0.2321504377131233,0.0117286155648065,10.577516155079678,0.4438078564855622,0.0118132484451201,0.6453802264873728,,3,1,0.1,95.21064002564326,0.7871029297367552,0.8487508230382795,0.5117591271674671,0.4945267658701795,0.5494741843001995,1,10,0.2822774508517974,0.9538162478941704,0.8,0.7871029297367552,0.7871029297367552,1,False,False,False,False,1e-07,0.9,-1.4666566952902222
0.1212676947958727,0.0109928687371414,12.507217901978276,0.8649240107401722,0.1052353870112551,0.5286781030158514,,3,1,0.1,1.491677159580572,0.5567486747544863,0.8965287294224262,1.3790884664428833,0.8023591385115779,0.8915101539017533,1,10,1.0548636782452856,0.4635544234664878,0.8,0.5567486747544863,0.5567486747544863,1,False,False,False,False,1e-07,0.9,-3.000869355802674
0.3690778196731707,0.0087677986080573,174.4940577141059,0.665968586100966,0.0265724205755558,0.5327658495738802,,3,1,0.1,1.0892071643321402,0.4806698778694294,0.328785554340713,0.5285080886298524,0.7892974666447613,0.8769971851608459,1,10,0.3578937579115854,1.606588684486386,0.8,0.4806698778694294,0.4806698778694294,1,False,False,False,False,1e-07,0.9,-9.875375957087993
0.3313752934113187,0.0018878818699188,72.40072546680982,0.5246352753124359,0.0089756964346781,0.4275903953733836,,3,1,0.1,0.9451300211580376,0.518755773793968,0.7008758233612257,1.3581106737401225,1.2048180916554394,1.3386867685060435,1,10,0.0674206158077916,1.9063755110844247,0.8,0.518755773793968,0.518755773793968,1,False,False,False,False,1e-07,0.9,-9.424011809946736
0.1893317481458435,0.006134672166215,19.729791065841777,0.5916098199111015,0.0637741109442625,0.3418486862279971,,3,1,0.1,1.0441103419770297,0.6546226114661067,0.7609102247737689,1.0205056579004317,1.732743773073161,1.9252708589701788,1,10,1.5800999295733185,0.7208826596162601,0.8,0.6546226114661067,0.6546226114661067,1,False,False,False,False,1e-07,0.9,-7.176078173934656
0.0690391829478956,0.0073951551347659,28.21799364418664,0.5647558106663457,0.0994313151593951,0.4544497712007355,,3,1,0.1,1.7315286209405485,0.8002903788722617,0.2970190853766572,1.4098264282531867,1.0804168844051636,1.2004632048946262,1,10,1.4399256011363786,0.3474450630809264,0.8,0.8002903788722617,0.8002903788722617,1,False,False,False,False,1e-07,0.9,-4.362747127618061
0.0571774338404709,0.0005198099221705,103.67069771476854,1.1556245385651205,0.0346805275614548,0.4231479346098634,,3,1,0.1,0.5917002693988261,0.3353792984645309,1.888304878505036,1.2545710433594377,1.2269157341623036,1.3632397046247815,1,10,0.7225809775357923,0.2998324782599874,0.8,0.3353792984645309,0.3353792984645309,1,False,False,False,False,1e-07,0.9,-14.126516312913298
0.3172753221762762,0.0164017938345983,26.368781193488765,0.3427232660388416,0.0399732480993424,0.424614503515066,,3,1,0.1,2.1838871231398165,0.8961432478881214,0.5127977915689619,0.866079808600978,1.219569615615041,1.3550773506833789,1,10,0.3864230833218504,1.894159286101844,0.8,0.8961432478881214,0.8961432478881214,1,False,False,False,False,1e-07,0.9,-2.305563159813253
0.2640685685803439,1.0356300524946471e-05,229.19850525441245,0.9785434577251444,0.0001737224917823,0.3713771106691536,,3,1,0.1,0.549459687369418,0.3417358863224062,1.9644265528589504,0.0653005717035958,1.5234126825381482,1.6926807583757202,1,10,1.1834168858456122,0.9600856802010472,0.8,0.3417358863224062,0.3417358863224062,1,False,False,False,False,1e-07,0.9,-19.016243623021097
0.1931093920083011,0.0031737848494364,2496.4070668123663,0.4642352725832512,0.0073952239306587,0.5691230777875709,,3,1,0.1,1.986858988032779,0.7781804228626442,0.0435836654619277,0.9685656672145252,0.6813802587283783,0.7570891763648647,1,10,0.0773282288692195,0.7826192522643219,0.8,0.7781804228626442,0.7781804228626442,1,False,False,False,False,1e-07,0.9,-11.294143442730697
0.388027464466013,0.0442162317347657,11.82931606164999,0.5475440021724117,-0.0440947646977263,0.903023907384238,,3,1,0.1,-12.172445819571635,0.62151256702492,0.7698156611097012,1.2268058068475345,0.0966513540123237,0.1073903933470264,1,10,1.7266324536815745,1.4576769006692143,0.8,0.62151256702492,0.62151256702492,1,False,False,False,False,1e-07,0.9,-3.791268705368324
0.0307358283942532,0.0002810619312334,122.8352463265871,0.5297223703158565,0.0161913966015045,0.4738252932467735,,3,1,0.1,0.7447730294475557,0.3773225628236573,1.901884760034626,0.3616628455820156,0.9994342700301354,1.110482522255706,1,10,1.1462461945809876,0.2610155355037225,0.8,0.3773225628236573,0.3773225628236573,1,False,False,False,False,1e-07,0.9,-9.146358996811642
0.2719189401172197,0.0040069170261903,90.4245455661714,1.515997258003494,-0.0098552880330184,0.9540653184692016,,3,1,0.1,-5.5237515482963335,0.2943060723662182,1.5357022736974515,0.237742649498042,0.0433316383872441,0.0481462648747157,1,10,1.077482179527024,1.2023887238509992,0.8,0.2943060723662182,0.2943060723662182,1,False,False,False,False,1e-07,0.9,-2.8300943983867626
0.2377655677096635,0.0005170051870765,73.62510963911619,0.6981072545898825,0.0076361144060187,0.3405095266789518,,3,1,0.1,0.6606767897601968,0.4233769988434088,1.8700053537737773,0.448981776096951,1.7430978562563444,1.9367753958403824,1,10,1.8872593424797173,0.9248882671410206,0.8,0.4233769988434088,0.4233769988434088,1,False,False,False,False,1e-07,0.9,-7.722805310476739
0.2547721180106884,0.0054471112915712,21.17953555475598,0.5331364999520802,0.0133772526938941,0.5635765173885774,,3,1,0.1,1.562451252688344,0.5789748712106141,1.11682509868859,0.3392858005126452,0.6969437551626443,0.7743819501807159,1,10,1.1199432990153673,1.108977314500049,0.8,0.5789748712106141,0.5789748712106141,1,False,False,False,False,1e-07,0.9,-4.953795774226315
0.2102807527995621,0.0116276250163735,20.2460866846443,0.7162986717654888,0.0528908660920326,0.5852333632554674,,3,1,0.1,1.2995943371176293,0.410965196912225,1.7701050072515334,0.7473078818731288,0.6378480731064025,0.708720081229336,1,10,0.6642068244600351,0.871178086704369,0.8,0.410965196912225,0.410965196912225,1,False,False,False,False,1e-07,0.9,-2.4407183442056564
0.1181673579334798,0.0072484117851781,18859.96046643306,0.5609284235948305,0.0158641004293679,0.6947600195896769,,3,1,0.1,3.7774162663335953,0.798332255596507,0.0114870449213601,0.6509397340194627,0.395411328549874,0.4393459206109711,1,10,0.4977490267053974,0.4827407237674939,0.8,0.798332255596507,0.798332255596507,1,False,False,False,False,1e-07,0.9,-5.907028089739846
0.2452704240011043,0.0152365495426952,6.302074007926143,0.397062312576239,0.0644944387233274,0.399492599762801,,3,1,0.1,1.4106541036864315,0.8040077783269793,1.993966889862189,1.0786346692447146,1.3528577513935816,1.5031752793262017,1,10,1.7503366326583767,1.0686008654965682,0.8,0.8040077783269793,0.8040077783269793,1,False,False,False,False,1e-07,0.9,-10.512541422863915
0.347282313269492,0.0036175627365726,58.13892601459277,0.659660782738866,0.0169292933435803,0.501657377982652,,3,1,0.1,0.9004398054481078,0.4104134524664034,1.287469973599806,0.3897691017308045,0.8940531516136165,0.993392390681796,1,10,1.7105122876512655,1.5721021494355147,0.8,0.4104134524664034,0.4104134524664034,1,False,False,False,False,1e-07,0.9,-4.838659506964477
0.2300318183238158,0.0159549170332453,362.2268761974327,0.7384545547823965,0.0034991897890849,0.7941402764777729,,3,1,0.1,3.355357922583349,0.556667466676307,0.1349147942765935,1.9413844496324029,0.2333010384408958,0.2592233760454398,1,10,0.4167378545423525,0.7668168781723301,0.8,0.556667466676307,0.556667466676307,1,False,False,False,False,1e-07,0.9,-11.06406201481952
0.0746289640497815,6.575228014197469e-06,6182.155842870748,2.2134589013031145,0.0007411981649132,0.4526037479351552,,3,1,0.1,0.4153732215430046,0.2170619958804425,0.6501707185107952,0.1268545512057682,1.0884943598145893,1.2094381775717655,1,10,1.054408912050831,0.3186874718182582,0.8,0.2170619958804425,0.2170619958804425,1,False,False,False,False,1e-07,0.9,-3.957383220101331
0.2513640977331983,0.0194089729180837,4.823512656592214,0.3537955775022517,0.0340747776231869,0.5190728724218995,,3,1,0.1,2.2351903564440025,0.9323051570909722,1.6267944148051745,0.9380548902316046,0.8338605961062152,0.9265117734513504,1,10,1.7807022506487695,1.111189133134126,0.8,0.9323051570909722,0.9323051570909722,1,False,False,False,False,1e-07,0.9,-7.582339360053435
0.2120076455824566,0.0011254940141446,166.18902143700532,0.8831851219916911,0.0194292144754946,0.3390628973883584,,3,1,0.1,0.6929569445094694,0.4392600309405205,0.4036230708538499,0.6590931555144838,1.754374769201454,1.9493052991127269,1,10,0.6132190591148277,0.747299169534021,0.8,0.4392600309405205,0.4392600309405205,1,False,False,False,False,1e-07,0.9,-5.507026978459333
0.7387358720978646,1.2579725120818517e-07,302918.7396012874,4.66561201581008,4.639296944475472e-05,0.5635107640430882,,3,1,0.1,0.1426163771102496,0.0619227151125796,1.5853718081781685,1.3888961430630031,0.6971300948053986,0.7745889942282206,1,10,0.4569459483449075,1.6128129541229512,0.8,0.0619227151125796,0.0619227151125796,1,False,False,False,False,1e-07,0.9,-15.18150477877654
0.4195497172613883,0.0014935520124165,1310.481679875014,0.9020762155197612,0.0186962924131643,0.3683917652641082,,3,1,0.1,0.5375456009529266,0.3336397413952784,0.2928438881899219,1.0034376894412655,1.5430513514729898,1.7145015016366552,1,10,1.6770515243280764,1.7628728710100148,0.8,0.3336397413952784,0.3336397413952784,1,False,False,False,False,1e-07,0.9,-11.239253347819757
0.2246353508606262,0.0001539276871647,48.14005112029477,0.7054626485615748,0.0017536829304609,0.3614662459797848,,3,1,0.1,0.7994765524338971,0.4887510902923928,1.6505417689486737,1.873803096199098,1.5898590394255872,1.766510043806208,1,10,0.0163712540835816,0.8778993799860929,0.8,0.4887510902923928,0.4887510902923928,1,False,False,False,False,1e-07,0.9,-6.49633241857147
0.2501012284451963,0.0006366967304669,387.28719370843305,1.832536867351864,0.0185825494803089,0.3897216854831419,,3,1,0.1,0.4588692930740991,0.2773412606394673,0.7328599062136213,1.6837593765418308,1.409340315215616,1.5659336835729063,1,10,1.2223853621850505,0.7034351417041396,0.8,0.2773412606394673,0.2773412606394673,1,False,False,False,False,1e-07,0.9,-18.391726506769743
0.3417609248758023,0.0115970996116279,470.7869107780807,0.5943993318583751,0.0259763394904102,0.5570324206113929,,3,1,0.1,1.307664950872854,0.5458110886545254,0.1548049821105052,0.5202461464980622,0.7157048794613595,0.795227643845955,1,10,1.0619394632843593,1.4852912398896143,0.8,0.5458110886545254,0.5458110886545254,1,False,False,False,False,1e-07,0.9,-11.888468432279788
0.0650174857186059,5.518620696090392e-05,621.9462754412651,1.916991164473164,0.0059978032047147,0.3758639359161362,,3,1,0.1,0.4665341307253691,0.2877530943060978,0.9300416509947556,0.944013806839614,1.4944835191658563,1.6605372435176184,1,10,0.289890236459457,0.2941685728226577,0.8,0.2877530943060978,0.2877530943060978,1,False,False,False,False,1e-07,0.9,-14.720873537412036
0.284438180953839,0.0006802447255738,125.00048009288967,0.967409510031061,0.0067840648438314,0.4605019764704234,,3,1,0.1,0.7035874744459064,0.3559020810645485,1.9087107667067336,0.7728516288515156,1.054389005880421,1.1715433398671344,1,10,0.0593958027071111,0.9784416304099964,0.8,0.3559020810645485,0.3559020810645485,1,False,False,False,False,1e-07,0.9,-4.869252371407637
0.0903747103354507,0.0072499586761002,10.547840931456898,0.4889457095954321,0.0879499309372397,0.3831834837043074,,3,1,0.1,1.4789110992896923,0.8848271668224927,0.6760569119202353,1.3662937396157613,1.4487442394424976,1.6097158216027752,1,10,1.985224003985132,0.4166643001423648,0.8,0.8848271668224927,0.8848271668224927,1,False,False,False,False,1e-07,0.9,-18.3071696588477
0.2091450302548858,0.0002363320576321,43.28522110455448,0.6523969323554083,0.0013678678079341,0.4859334488365414,,3,1,0.1,1.3822133922800337,0.5265835116840344,1.04377001510494,0.0787549709791356,0.9521054727861354,1.0578949697623727,1,10,1.2264455244483143,0.833289384946156,0.8,0.5265835116840344,0.5265835116840344,1,False,False,False,False,1e-07,0.9,-1.9225657643323188
0.3122006365480507,0.0138168461592426,13.949816921777892,0.5666824254596741,0.0810705467964969,0.358267887191571,,3,1,0.1,1.060148684280812,0.6643657554162417,0.9819192255883248,1.704405671209975,1.6120867154882816,1.7912074616536462,1,10,1.1575884272081378,1.3150288251928646,0.8,0.6643657554162417,0.6643657554162417,1,False,False,False,False,1e-07,0.9,-15.804979808632766
0.2020537955399778,0.0059642201561705,6.048616542438858,0.3452858714762437,0.011492659761317,0.5297262985834812,,3,1,0.1,2.3734280886281427,0.998765949595367,1.4793188893207534,0.8215120662766067,0.7989905964771851,0.8877673294190945,1,10,0.1786137688034027,0.8626231936102523,0.8,0.998765949595367,0.998765949595367,1,False,False,False,False,1e-07,0.9,-10.69651359847686
0.01124255978002,0.0006111275402462,13.018946706907371,0.5615504853398964,0.0849282162001356,0.3511806234753913,,3,1,0.1,1.1967791839953836,0.7370750134231921,1.7920328890110002,1.3088896219473385,1.662783763788911,1.847537515321012,1,10,1.3573978458233762,0.1324343408957136,0.8,0.7370750134231921,0.7370750134231921,1,False,False,False,False,1e-07,0.9,-7.858796640741128
0.2911903105077138,0.0201339598447507,5.410534802114752,0.3958903653501586,0.0599674872333161,0.4321890287215875,,3,1,0.1,1.498615175249274,0.8197670986452551,1.860794799447496,1.1211166867880606,1.182422135199022,1.3138023724433578,1,10,1.4137914422118398,1.362803315123227,0.8,0.8197670986452551,0.8197670986452551,1,False,False,False,False,1e-07,0.9,-17.03784004041175
0.289614771814362,0.0236359994885459,337.09239741838945,0.4195759933248276,0.0198111604276757,0.6303434334442989,,3,1,0.1,2.5747111533578244,0.8330953433489418,0.1106764051953356,1.570153593770424,0.5277930922231614,0.586436769136846,1,10,0.5836196957304077,1.1591943379159249,0.8,0.8330953433489418,0.8330953433489418,1,False,False,False,False,1e-07,0.9,-11.39418190793246
0.0414918844578192,4.0149683662976825e-07,56792.70116554791,1.2370117757122805,0.0002122336452982,0.3815683737807953,,3,1,0.1,0.2591367709659199,0.1591765500540426,1.1120792948427467,0.5037371749245907,1.4586860490619045,1.6207622767354497,1,10,0.7075537763409064,0.228582888065409,0.8,0.1591765500540426,0.1591765500540426,1,False,False,False,False,1e-07,0.9,-14.548681545782657
0.0067568079544792,4.142189928397565e-05,176.92092620481955,3.303070013298368,0.0018858785767292,0.9599543913854452,,3,1,0.1,6.645825877123841,0.196598230270041,0.8626898831529881,0.2110168433220434,0.0375445417787853,0.0417161575319837,1,10,1.3015730880937075,0.0924965862648206,0.8,0.196598230270041,0.196598230270041,1,False,False,False,False,1e-07,0.9,-18.03671810774049
0.221768889023016,0.005394831477166,45020.44777771482,0.7947164884950764,0.0375247487983099,0.4697298342788757,,3,1,0.1,1.0152704350129402,0.5199270299274987,0.014590983641091,1.381383900970785,1.0159949705593436,1.128883300621493,1,10,0.2864873568353117,0.7711832126919425,0.8,0.5199270299274987,0.5199270299274987,1,False,False,False,False,1e-07,0.9,-13.446133648428768
0.0436953475328388,3.983779069269875e-05,216.6584397267732,1.2803210984447675,0.002503061104209,0.447101882046071,,3,1,0.1,0.7416596907655154,0.399935951135024,0.6344780746435333,0.1369654631782687,1.1129640159002072,1.2366266843335636,1,10,1.5488906010357135,0.2522055545975248,0.8,0.399935951135024,0.399935951135024,1,False,False,False,False,1e-07,0.9,-13.096371893231366
0.2669292470138791,0.0017618043188377,37.055218888812384,0.3275153363258304,0.0074715623277395,0.3515491376567166,,3,1,0.1,1.361126013444372,0.8488956712136966,0.426830157082195,0.4303900895304611,1.6600973053128032,1.8445525614586704,1,10,0.0632137052761317,1.5083544544189444,0.8,0.8488956712136966,0.8488956712136966,1,False,False,False,False,1e-07,0.9,-12.043491269273003
0.3019115117360454,0.0026413964133215,78.71768986025751,0.8730406575482095,0.0365415293556414,0.3348569371395846,,3,1,0.1,0.6423767810863447,0.416672685826564,0.8282894435676741,1.4606044903732087,1.7877149617624202,1.9863499575138,1,10,1.9498793466066184,1.0783623736251482,0.8,0.416672685826564,0.416672685826564,1,False,False,False,False,1e-07,0.9,-8.455661087980229
0.0189752165443236,0.000246083865576,84.22210719323198,0.9425420942075096,0.0405776742077269,0.4165224160730765,,3,1,0.1,0.6401142944648462,0.3682940929535428,1.66926919003246,0.9740440381739364,1.2607480540545506,1.400831171171723,1,10,1.0331623218938006,0.1727124122730702,0.8,0.3682940929535428,0.3682940929535428,1,False,False,False,False,1e-07,0.9,-18.89007044815763
0.1102388538193994,0.0044924807942415,372.71491528684624,1.8319799407117665,0.1466002272981623,0.52410632997968,,3,1,0.1,0.7155198691471268,0.2919177589489818,0.1293061403267797,1.9732888752593032,0.8172087962282263,0.908009773586918,1,10,1.7007343506878552,0.4029783824264761,0.8,0.2919177589489818,0.2919177589489818,1,False,False,False,False,1e-07,0.9,-2.2527987063979857
0.2592321708207522,0.0003492179887436,609.1679415081024,1.6717698444951878,0.01143358138958,0.4254779621959235,,3,1,0.1,0.4174335405559976,0.2313317102459715,1.0571283828820364,0.8658561780817005,1.215268192399514,1.3502979915550155,1,10,1.8842184937330435,0.7264327539476371,0.8,0.2313317102459715,0.2313317102459715,1,False,False,False,False,1e-07,0.9,-4.837661586037957
0.1894613982345342,0.0012723833951406,65.20191267309521,0.7358574246061482,0.0183638385744255,0.3738051506047247,,3,1,0.1,0.7422024673034042,0.4581822637858066,0.8961171273069647,0.46877659750045,1.5076714794967951,1.6751905327742167,1,10,0.8257713900566223,0.7128794735679217,0.8,0.4581822637858066,0.4581822637858066,1,False,False,False,False,1e-07,0.9,-19.315571439465984
0.0649461302396238,0.0011173813799259,80.46923956176458,1.1653868880155054,0.0431347379318819,0.4270604058272193,,3,1,0.1,0.825178995323918,0.4634796493690208,0.4718196854750176,1.1450216320966602,1.2074302082785997,1.341589120309555,1,10,0.3965585424837602,0.3075222866476268,0.8,0.4634796493690208,0.4634796493690208,1,False,False,False,False,1e-07,0.9,-17.56610047727329
0.2126577066143475,0.0010770070343857,128.368063434246,0.9083932145679906,0.0195311729450912,0.3416185378825701,,3,1,0.1,0.6505569586768907,0.4204806572098268,0.5730344203606483,0.742714273221565,1.734517452063363,1.927241613403737,1,10,1.6294352794474425,0.7471344073673717,0.8,0.4204806572098268,0.4204806572098268,1,False,False,False,False,1e-07,0.9,-11.928616441174563
0.2708180254393989,0.0101310890406902,16.504167210467145,0.5166530268011699,-0.0054668887821705,0.8448322866361894,,3,1,0.1,-8.312124085366708,0.6700061078193568,0.7838130489260743,0.5610440067001423,0.1653001953600377,0.1836668837333752,1,10,0.1854991275588371,1.0887821609018418,0.8,0.6700061078193568,0.6700061078193568,1,False,False,False,False,1e-07,0.9,-2.4007895669219934
0.019227172587685,0.0003132493071044,46.66906475855766,3.350690668296238,0.1020657883128605,0.6203186857909991,,3,1,0.1,0.539828301779606,0.1863934909903533,1.3139035121511224,1.2891345187152787,0.5508671439622447,0.6120746044024941,1,10,1.99939060417914,0.1472025615493469,0.8,0.1863934909903533,0.1863934909903533,1,False,False,False,False,1e-07,0.9,-3.3613010038470925
0.3459072357327217,0.0002104082058063,552.8461560356703,0.7080584098184807,0.003418358570914,0.3969390405979111,,3,1,0.1,3.072494924314924,0.2787327089716139,1.5393051953299337,0.0549500115977151,1.3673506708846923,1.5192785232052135,1,10,1.5327661536068586,1.3344846230703862,0.8,0.2787327089716139,0.2787327089716139,1,False,False,False,False,1e-07,0.9,-0.2159491814298348
0.1006124774338365,0.0010846449779614,356.10718327238607,0.8978432743951061,0.0017368715209649,0.7564777970656853,,3,1,0.1,1.1039688005813983,0.2569067906789812,1.7159953172763838,0.1267463272061102,0.2897242767613607,0.3219158630681786,1,10,0.2707453873522455,1.1368994326020423,0.8,0.2569067906789812,0.2569067906789812,1,False,False,False,False,1e-07,0.9,-17.977861810138087
0.3055903368897979,0.0015150548386237,78.37513078746179,0.6196154630458671,0.0074193592394116,0.5224770301049279,,3,1,0.1,0.8678471042387763,0.3811777568045618,1.9622953882933416,0.318814942920791,0.8225637648017846,0.9139597386686495,1,10,0.0725962081783606,1.4167794896289094,0.8,0.3811777568045618,0.3811777568045618,1,False,False,False,False,1e-07,0.9,-5.199813920469671
0.3118452291583912,0.0028285348544799,79.6637385875818,0.7224542254290222,0.0331487617160927,0.3333676545918984,,3,1,0.1,0.741785375220581,0.4451889502547799,0.6929044067873775,0.8660392739459283,1.799722026426831,1.9996911404742568,1,10,1.2222110420289116,1.2275993891476118,0.8,0.4451889502547799,0.4451889502547799,1,False,False,False,False,1e-07,0.9,-2.23263831361761
0.068943622092802,0.0014110154845415,10.3428997988703,0.4669785443984252,0.0168752459683126,0.4214015622126408,,3,1,0.1,1.9501437613635693,0.9821601227703092,1.1503373662297265,0.9161189786022276,1.23573009856536,1.3730334428504,1,10,0.1265222934462936,0.3499459392602093,0.8,0.9821601227703092,0.9821601227703092,1,False,False,False,False,1e-07,0.9,-5.521122302046992
0.4085923522551052,0.0217369605588943,359.30414041278186,0.6372453254193423,0.0615318853112267,0.5057665353806968,,3,1,0.1,1.2004398327607415,0.5416207662218661,0.1875913455949117,0.9433670405948495,0.8794771639498821,0.9771968488332022,1,10,1.4642673849836174,1.901846715100032,0.8,0.5416207662218661,0.5416207662218661,1,False,False,False,False,1e-07,0.9,-6.363417571486901
0.1076722192687283,0.0062315539886799,8.263722778196575,0.4687160528803185,-0.0012929431760965,0.8762645216739385,,3,1,0.1,-55.13919594584235,0.8541277801732119,1.9860056367877967,0.6554538890050943,0.1270871155215999,0.141207906135111,1,10,0.4049027288292668,0.5434492360524421,0.8,0.8541277801732119,0.8541277801732119,1,False,False,False,False,1e-07,0.9,-5.375738481644914
0.3098721317670446,0.001229400381048,75.91854325486102,0.4403635030961026,0.0081209448311253,0.3336237692456466,,3,1,0.1,0.9271491682529204,0.5973842203840593,0.5324495874177206,1.5114538466711012,1.797649517104195,1.9973883523379945,1,10,0.0793473985337298,1.9365699461594623,0.8,0.5973842203840593,0.5973842203840593,1,False,False,False,False,1e-07,0.9,-9.037599647851977
0.5342041131038517,4.630593470481413e-06,333937.88016220625,1.1528954068407091,0.0001766313201793,0.3723513584851811,,3,1,0.1,0.290774051702351,0.1725293802236214,0.2493517175589237,0.3232832610568558,1.517071885171647,1.6856354279684966,1,10,0.1508472626090512,1.851593489964384,0.8,0.1725293802236214,0.1725293802236214,1,False,False,False,False,1e-07,0.9,-1.8727421235830768
0.4694506773212314,0.0320952113361107,13.648094323213092,0.8930680063623553,-0.0215765968424723,0.8125246392084227,,3,1,0.1,2.3940226417910333,0.3974570788389715,1.383245069147922,0.959896453568538,0.2076587177427599,0.2307319086030665,1,10,1.6732743112162929,1.8341865670321769,0.8,0.3974570788389715,0.3974570788389715,1,False,False,False,False,1e-07,0.9,-15.052309103821813
0.1983622940483809,0.0042356090475941,45.17767625519389,1.0951048468673037,0.0539046084581346,0.444486973150708,,3,1,0.1,0.8026410402942624,0.433582818680583,0.8161982992979785,1.1940895948106458,1.1248062471222198,1.249784719024689,1,10,0.60072609961512,0.6377446661594168,0.8,0.433582818680583,0.433582818680583,1,False,False,False,False,1e-07,0.9,-12.581525099910433
0.3590838624974216,0.0316385847605776,57.09795858817211,0.3837374095359884,0.0406482884364095,0.5304885868546136,,3,1,0.1,2.191383259504071,0.8702039299046521,0.3332874629234932,1.6274122162981128,0.7965492233043181,0.8850546925603534,1,10,0.7609563324264714,1.9131220081180773,0.8,0.8702039299046521,0.8702039299046521,1,False,False,False,False,1e-07,0.9,-6.3753714267784485
0.3582839419703578,0.0039898590423667,57.37673706957107,0.6382295432072618,0.0323234786197828,0.351832496671229,,3,1,0.1,0.7543715145882414,0.4811961921503904,0.8428825277154192,1.0622499181220215,1.6580354529928698,1.842261614436522,1,10,0.6865300869673113,1.7892099845408596,0.8,0.4811961921503904,0.4811961921503904,1,False,False,False,False,1e-07,0.9,-16.452008129189274
0.2568508839892764,0.0296578559611935,4.159164616633666,0.3874931288931324,0.0347452131896275,0.5905149941973052,,3,1,0.1,2.695356216109431,0.9470562066162628,1.479822779142149,1.4228486340568585,0.6240933910973453,0.6934371012192725,1,10,1.758797426441952,1.0017036747103385,0.8,0.9470562066162628,0.9470562066162628,1,False,False,False,False,1e-07,0.9,-9.622493024144209
0.3056943390901718,0.0008071328691763,309.8856305756888,0.9991097255904128,0.0179791674078209,0.5202419955487289,,3,1,0.1,0.4284657374846577,0.1977947196081006,1.646714819491568,0.6955273267154071,0.8299641468788357,0.9221823854209286,1,10,1.4206823482122142,0.9119354905942058,0.8,0.1977947196081006,0.1977947196081006,1,False,False,False,False,1e-07,0.9,-5.677883599867041
0.364661264005935,6.23044341292212e-07,195416.5104865656,2.4938489668581574,7.643066868247942e-05,0.3660595413101304,,3,1,0.1,0.215075946111685,0.1313245823959041,1.7454661268565312,1.3208960946829145,1.5586164228335422,1.7317960253706024,1,10,1.810989659387148,0.8298013728074036,0.8,0.1313245823959041,0.1313245823959041,1,False,False,False,False,1e-07,0.9,-2.0593018370713345
0.01041285470909,0.000134085151502,26.89197226682548,0.8002783729470391,0.0253190494785022,0.3555799576070252,,3,1,0.1,1.051051569225388,0.6647408920581116,1.1408799318985208,1.4640129981910843,1.631076290285881,1.8123069892065344,1,10,0.1958451811400845,0.1199202962520306,0.8,0.6647408920581116,0.6647408920581116,1,False,False,False,False,1e-07,0.9,-19.751898535413385
0.2725967918836317,2.724583270284457e-05,11.226134565493505,0.3695572819260869,-7.481248997156224e-06,0.7792509436054214,,3,1,0.1,4.063931850277145,0.7215935957118381,1.606839591318934,0.017317773340013,0.254955290571609,0.2832836561906766,1,10,0.5249653383648778,1.560397291617895,0.8,0.7215935957118381,0.7215935957118381,1,False,False,False,False,1e-07,0.9,-13.019697224467327
0.3578676633021294,0.0158544303006095,196.86138920474883,0.7061298322007302,0.0401926174572118,0.556229800740908,,3,1,0.1,1.241383386372311,0.5313760717675673,0.2228957295796249,1.164479269782216,0.7180362842860699,0.7978180936511887,1,10,0.4728703572717532,1.3165290067492978,0.8,0.5313760717675673,0.5313760717675673,1,False,False,False,False,1e-07,0.9,-18.803590330076613
0.2394612918539573,0.00223481160629,7.891236288508412,0.3527943010975877,0.0030156928370677,0.5727090560839436,,3,1,0.1,2.493557094893879,0.8186646287616354,1.955303014458676,0.2284020581293422,0.6714785551917036,0.7460872835463374,1,10,1.5146641029173065,1.2004146007824248,0.8,0.8186646287616354,0.8186646287616354,1,False,False,False,False,1e-07,0.9,-4.736931520280264
0.5150692303362386,1.1794774736256475e-10,2075455592.2181385,7.308818201046318,7.631245622303751e-08,0.4201509020083797,,3,1,0.1,0.1175749229675013,0.0680024306909196,0.2570534240153243,1.0693417433628798,1.2420875111724734,1.3800972346360816,1,10,0.5808183446713703,0.9666901901005868,0.8,0.0680024306909196,0.0680024306909196,1,False,False,False,False,1e-07,0.9,-19.38608622507039
0.2899878494591763,0.0022327542701135,34.81620404220858,0.3282364367355723,0.0053095952588155,0.4516463295036194,,3,1,0.1,1.5578561706894896,0.7999807499009258,0.5448177907551388,0.921340242215459,1.0927096517957813,1.2141218353286458,1,10,0.0429046576261968,1.91335019563008,0.8,0.7999807499009258,0.7999807499009258,1,False,False,False,False,1e-07,0.9,-10.3705634401534
0.2293553867249476,0.0013866059757499,91.1866648122148,3.134988820154008,0.044224925086146,0.6011310415524881,,3,1,0.1,0.4614999263403549,0.1810648005996735,1.4462788215866151,1.6058449234274097,0.5971777163189733,0.6635307959099703,1,10,0.6954182987761254,0.5807085070883686,0.8,0.1810648005996735,0.1810648005996735,1,False,False,False,False,1e-07,0.9,-16.670463623434024
0.3638073141114981,0.0326221944947444,11.174835645623215,0.56522858256878,0.0129473040147372,0.6990934420057812,,3,1,0.1,2.454056899844914,0.6434682006312188,0.8933616275584255,1.5597009175358878,0.3873815514815792,0.4304239460906435,1,10,0.7973092503183447,1.329046520522173,0.8,0.6434682006312188,0.6434682006312188,1,False,False,False,False,1e-07,0.9,-11.623688966092232
0.3910605548552705,0.0095532590003098,37.440056636814674,0.7913245750903859,0.0024736382587671,0.7303101959442523,,3,1,0.1,1.6775750114825854,0.405163781861981,1.3839375132589815,0.4339347760205124,0.3323530535354881,0.3692811705949868,1,10,1.693646887977074,1.8441424708300744,0.8,0.405163781861981,0.405163781861981,1,False,False,False,False,1e-07,0.9,-10.50306747686652
0.1415680301313551,0.0029301368844281,7396.518475805858,1.020511433485516,0.0201070107717475,0.6171399825657368,,3,1,0.1,1.2605744358127964,0.4545991861670836,0.0338895979655639,0.3663694385747134,0.5583401261060467,0.6203779178956074,1,10,1.2019711672561535,0.5170334887466105,0.8,0.4545991861670836,0.4545991861670836,1,False,False,False,False,1e-07,0.9,-12.61958471206612
0.0122759441389605,0.0004249171481857,21.47953640116993,0.7523431416155175,0.0792667121294344,0.3367908893581783,,3,1,0.1,0.9343762409818408,0.6045258422217182,1.7538130377993904,1.503574203328931,1.7722813129391002,1.9692014588212223,1,10,1.578899053160732,0.1343008173914027,0.8,0.6045258422217182,0.6045258422217182,1,False,False,False,False,1e-07,0.9,-12.547850304283164
0.4117677328313694,0.0063375207742576,76.6089420945851,1.4629385699975317,0.0467795010971697,0.5967968082159557,,3,1,0.1,0.6993010008948418,0.2499187450371147,0.7445125828863239,0.674989969314544,0.6080509607456344,0.6756121786062603,1,10,1.199184439959146,1.175932188963906,0.8,0.2499187450371147,0.2499187450371147,1,False,False,False,False,1e-07,0.9,-3.2551768891775232
0.2648648227884875,0.0089394612302276,20.19035363744967,0.975385270154148,0.0270257533824192,0.6378182099436143,,3,1,0.1,1.349059924910277,0.4558013784138566,1.8365888809287925,1.894590225983657,0.51106037107276,0.5678448567475112,1,10,0.268380000048256,0.8066865427398073,0.8,0.4558013784138566,0.4558013784138566,1,False,False,False,False,1e-07,0.9,-11.955914780956864
0.1697338816304358,0.0011045122183318,12.559175416370316,0.4249548759740946,0.0051942916413032,0.444093113276788,,3,1,0.1,1.525181543851878,0.8173189159303252,1.076991436516786,0.2019007686816323,1.1266020190208643,1.2517800211342938,1,10,1.1331775168177296,0.7269828835066303,0.8,0.8173189159303252,0.8173189159303252,1,False,False,False,False,1e-07,0.9,-18.126668245691487
0.1488322089425165,0.0024967551502426,43.80676991573949,0.8332469947220998,0.0239484405377952,0.4999011939954606,,3,1,0.1,1.0138207012674902,0.4893291004040512,0.8746193798918823,0.4564791298720404,0.9003557719211461,1.0003953021346068,1,10,1.976355911937268,0.5698293713098099,0.8,0.4893291004040512,0.4893291004040512,1,False,False,False,False,1e-07,0.9,-14.025849943829776
0.3715973593979735,6.257264281470855e-08,15909750.112964291,8.163776353225838,3.0045974912438902e-05,0.5350060207057047,,3,1,0.1,0.1528271417024733,0.0706710927392376,0.0981211385729207,0.7780557369954403,0.782224059484128,0.8691378438712533,1,10,0.2242622944793478,0.7140652278216065,0.8,0.0706710927392376,0.0706710927392376,1,False,False,False,False,1e-07,0.9,-14.717762620191234
0.4108884968456932,0.0107350273120569,40.6247873080289,1.260806465750555,0.0023588317075745,0.7768049791493441,,3,1,0.1,1.855975838751997,0.2677135650802063,1.5879815733580172,0.4373806766327507,0.2585919557126978,0.2873243952363308,1,10,1.2177536811318908,1.6817292228648626,0.8,0.2677135650802063,0.2677135650802063,1,False,False,False,False,1e-07,0.9,-2.634057069223445
0.0146585609716836,1.3225102772686355e-10,41192740.24017716,7.138496974148365,8.707883103195249e-07,0.3604069606205468,,3,1,0.1,0.1609634959376904,0.1025155526535131,0.4523654181230782,0.7083883018737808,1.5971770757434454,1.7746411952704948,1,10,1.947155140457017,0.1164342941433049,0.8,0.1025155526535131,0.1025155526535131,1,False,False,False,False,1e-07,0.9,-13.653482783713793
0.1298095124574261,0.0062704391923581,12.34564161574182,0.4371742070545037,-0.0049434036326299,0.9677497391656168,,3,1,0.1,-11.451499341432736,0.933284497692711,0.5859552447676853,0.4953510897929676,0.0299925007223149,0.0333250008025721,1,10,1.0478271803304382,0.5533849040030944,0.8,0.933284497692711,0.933284497692711,1,False,False,False,False,1e-07,0.9,-7.940154400241226
0.0391371208558291,0.0024944654251714,15.525353738437198,0.7001866603073219,0.0944094950312158,0.4058074073823203,,3,1,0.1,1.1721372594688957,0.6715439653410676,0.8126938831635147,1.2354284314993145,1.317800817894114,1.4642231309934597,1,10,1.6417690812443255,0.2472729876404053,0.8,0.6715439653410676,0.6715439653410676,1,False,False,False,False,1e-07,0.9,-12.812319575804649
0.4720982182231723,1.5631402776815582e-05,8224.42128157251,1.8090076863800983,0.0006206960485091,0.3361248216752027,,3,1,0.1,0.296591934873473,0.1948692274324694,1.401429800605404,1.690358567663517,1.7775767273434804,1.9750852526038671,1,10,1.2031532711897608,1.4454617641060958,0.8,0.1948692274324694,0.1948692274324694,1,False,False,False,False,1e-07,0.9,-9.566142341788218
0.2085131105923346,0.0058164160692699,28.889836020865868,1.078562084842091,0.0517879182913508,0.514300472556455,,3,1,0.1,0.9257414249049368,0.4261280860978981,1.2801566868394,1.2261842503369598,0.8499497823253639,0.944388647028182,1,10,0.4328837096916592,0.6614243821686453,0.8,0.4261280860978981,0.4261280860978981,1,False,False,False,False,1e-07,0.9,-8.631840439245817
0.0984883936894387,0.000609523536587,21.92227568911252,0.4215862838145504,0.0037912772881092,0.4730176698416869,,3,1,0.1,1.973840415038247,0.9679991603669948,0.415190359467887,0.165008064032953,1.0026773361367636,1.1140859290408485,1,10,0.9086845693730454,0.4587865592966881,0.8,0.9679991603669948,0.9679991603669948,1,False,False,False,False,1e-07,0.9,-12.52126886678228
0.3182140626894074,0.0465780917365967,4.542248283597073,0.3963534649228178,0.0801161605974833,0.4951717522433634,,3,1,0.1,2.985259345479607,0.9843113664098402,1.060869472551323,1.9301528110050428,0.9175511747642554,1.019501305293617,1,10,1.8873494695233368,1.277371181496766,0.8,0.9843113664098402,0.9843113664098402,1,False,False,False,False,1e-07,0.9,-2.7835013919654727
0.22071866393336,1.107183696283725e-07,81691.38216625279,9.972260696008846,0.0002040805634487,0.6359354547547134,,3,1,0.1,0.1465145927652152,0.0530702658285863,1.391537395336976,0.8848409206779485,0.5152379667951349,0.5724866297723721,1,10,0.609211579373651,0.4850710221591173,0.8,0.0530702658285863,0.0530702658285863,1,False,False,False,False,1e-07,0.9,-18.27988612334496
0.2417887061113519,2.6272504466669565e-06,9663.915522980396,1.2714846276928302,0.0001317036704651,0.3759585318363187,,3,1,0.1,0.3315398023827056,0.2044868373217153,1.7140399871640748,0.1382680261716576,1.493881036836886,1.659867818707651,1,10,0.5023291582391975,0.7477303649932999,0.8,0.2044868373217153,0.2044868373217153,1,False,False,False,False,1e-07,0.9,-10.585953900893331
0.2755373754647154,0.0001679283330243,412.3481275047311,1.3135805594813978,0.0036230807005031,0.3864987197102021,,3,1,0.1,0.4976230972942518,0.2954661277387416,1.855214105582941,1.352683200401741,1.4285976229748512,1.587330692194279,1,10,0.1069268724954679,0.8608101538731731,0.8,0.2954661277387416,0.2954661277387416,1,False,False,False,False,1e-07,0.9,-5.783186191020675
0.0345051961084467,0.0002138988510106,421.2223440630675,1.898679930104208,0.0266665647597295,0.4521971576201811,,3,1,0.1,0.6263301150410602,0.3248639100550012,0.3062329522668688,1.0127091282086125,1.0902823023844546,1.2114247804271716,1,10,0.2915518288515163,0.2053260742581881,0.8,0.3248639100550012,0.3248639100550012,1,False,False,False,False,1e-07,0.9,-5.043962736371901
0.0459891715214918,7.764194686632994e-05,173.17631599696088,1.1475079101410337,0.0058115681166329,0.4043495758814602,,3,1,0.1,0.654709481978393,0.3775965395848354,1.9995628085204693,0.6507635525784888,1.3257968195911882,1.4731075773235425,1,10,0.0726037202418921,0.2653372276661729,0.8,0.3775965395848354,0.3775965395848354,1,False,False,False,False,1e-07,0.9,-8.07351087741488
0.2798006615575383,0.0032677477288611,16.65560677811576,0.3440281873348341,0.0127070573008775,0.3819515800368085,,3,1,0.1,1.866724847250404,0.7720986552010263,0.8295375303783391,0.2467607256927477,1.456319614945086,1.61813290549454,1,10,1.0980296960132965,1.6430561852213514,0.8,0.7720986552010263,0.7720986552010263,1,False,False,False,False,1e-07,0.9,-1.4425189925513635
0.1042912280601412,0.0068585731507604,19.22511122514981,0.6120108667695928,0.1061663150321949,0.3590597204787243,,3,1,0.1,1.1661416161610714,0.7289097567069629,0.5211045080293215,1.8141517367105249,1.6065468184514122,1.7850520205015692,1,10,1.5767000586150088,0.4470101627020796,0.8,0.7289097567069629,0.7289097567069629,1,False,False,False,False,1e-07,0.9,-16.482090115196833
0.172452696352286,2.565999585085857e-06,51868.47159490668,2.846979274915751,0.0003042320084178,0.3415349883441476,,3,1,0.1,0.2827864987440591,0.1851991278432656,0.3373604461913168,0.8290824882929848,1.7351619327889052,1.927957703098784,1,10,1.9204157740031536,0.5052118437484694,0.8,0.1851991278432656,0.1851991278432656,1,False,False,False,False,1e-07,0.9,-17.782117002366746
0.0074159830558943,0.0001802448396002,785.7263152495406,1.4594562839559215,0.056965507692315,0.5162110909969518,,3,1,0.1,0.8513795224723455,0.3868618190150014,0.0975850915910569,0.6179126266913404,0.8434728073390321,0.93719200815448,1,10,1.131446612579804,0.096741795778122,0.8,0.3868618190150014,0.3868618190150014,1,False,False,False,False,1e-07,0.9,-6.7937933885022606
0.0116534055291971,0.0001040910799029,14.73079028047342,0.5210765462151818,0.0098945064413783,0.3795602338151704,,3,1,0.1,1.5156700312660922,0.8913111980412509,1.3215347031401663,0.2935792506413831,1.4711651532975436,1.634627948108382,1,10,1.7181201631442553,0.1337730869606234,0.8,0.8913111980412509,0.8913111980412509,1,False,False,False,False,1e-07,0.9,-10.449413901115545
0.2960612916438664,0.0065172253617264,15.3491338902356,0.5445176420281034,0.0327578067313742,0.4055571508411856,,3,1,0.1,1.1491288122930745,0.6227305168631735,1.404910139581502,1.77759407187742,1.3191693529093658,1.4657437254548509,1,10,0.2363014477225409,1.2771095371668262,0.8,0.6227305168631735,0.6227305168631735,1,False,False,False,False,1e-07,0.9,-4.808009345627376
0.2167321317160603,0.0012802446378397,41.1055086049304,0.3321914136473465,-0.001151187196171,0.9788781095761198,,3,1,0.1,-9.989202043429474,0.9320550031606786,0.3133280004799099,0.1111168301718429,0.019419886087476,0.0215776512083067,1,10,0.1223958835589698,1.0225399743361532,0.8,0.9320550031606786,0.9320550031606786,1,False,False,False,False,1e-07,0.9,-7.973285418906627
0.0274611906899274,0.00138073648657,9.665311828560796,0.4686978255722361,0.0174230920256219,0.615527692993245,,3,1,0.1,2.8920339678053297,0.921586644760892,1.3726754120079194,0.5850455749427415,0.562160046160388,0.6246222735115421,1,10,0.455419894768546,0.2226709917652127,0.8,0.921586644760892,0.921586644760892,1,False,False,False,False,1e-07,0.9,-8.619895170746567
0.140869424105854,0.0148848211283598,6.91046795697224,0.5585790878588074,-0.0047512613915675,0.8804395874258918,,3,1,0.1,8.813265939263674,0.7590236636898121,1.5535386526160122,1.035822673279499,0.1222166436555815,0.1357962707284239,1,10,1.4116040176916758,0.5814063633021566,0.8,0.7590236636898121,0.7590236636898121,1,False,False,False,False,1e-07,0.9,-19.98574712134467
0.2445738134095988,0.0006377671874758,212.1817466588011,0.9527725561136484,0.0082811179754037,0.4602480080333467,,3,1,0.1,0.6244247206383088,0.3275751511209799,1.2537988253430563,0.3268775017197897,1.0554674529624284,1.172741614402698,1,10,1.7588990490230068,0.8495440770620248,0.8,0.3275751511209799,0.3275751511209799,1,False,False,False,False,1e-07,0.9,-9.952273869741727
0.3459758054608234,0.0316653071575932,77.00337607000495,0.7660345357772064,-0.0367732483422529,0.9100662759560436,,3,1,0.1,-16.585321759511594,0.5050772532714326,0.265317588508624,1.37056039491387,0.0889389638732974,0.0988210709703304,1,10,0.7623694237886566,1.069875339793559,0.8,0.5050772532714326,0.5050772532714326,1,False,False,False,False,1e-07,0.9,-3.818134883439367
0.2463116915338662,0.0016141034084904,158.7254326453792,0.6626875036988633,0.0015838326216042,0.7054664852821341,,3,1,0.1,1.905533237682432,0.5120089576072128,0.319031752047052,0.1967499616944046,0.3757516037633835,0.417501781959315,1,10,1.9595625963904963,0.9708511365437222,0.8,0.5120089576072128,0.5120089576072128,1,False,False,False,False,1e-07,0.9,-13.979815296710086
0.1185013779030217,0.0013698984511727,81.87017113777257,1.323201963616793,0.0389008191231173,0.4183148043318699,,3,1,0.1,0.6900201931564853,0.3949567031657726,0.770389007775917,1.117082613363996,1.2514897170265706,1.390544130029523,1,10,0.5467582667051416,0.4347972375872349,0.8,0.3949567031657726,0.3949567031657726,1,False,False,False,False,1e-07,0.9,-17.763414781511756
0.2566059791187218,0.0073346614744645,13.39375316665778,0.3565950805204779,0.0034346627432582,0.6689002284564629,,3,1,0.1,5.2061070229703805,0.8403029940831851,0.7317233923536561,0.3236151424804378,0.4454921402505978,0.4949912669451086,1,10,0.8007985184006325,1.2644735631417472,0.8,0.8403029940831851,0.8403029940831851,1,False,False,False,False,1e-07,0.9,-3.3123356882614488
0.1352536512590276,0.0025799709718775,1613.0564688745912,0.5191600858744774,-0.0018818369915065,0.9377028388958216,,3,1,0.1,-1624.974931617387,0.7791724829209017,0.0460400361002118,0.2631687748259071,0.0597923379007598,0.0664359310008442,1,10,1.02208532110546,0.5636998764836647,0.8,0.7791724829209017,0.7791724829209017,1,False,False,False,False,1e-07,0.9,-11.638597176678797
0.2895120797312225,0.009691202429077,712.4064554023303,0.4031296481326999,0.0374931815922274,0.3868774872746207,,3,1,0.1,1.343402143874782,0.796879668668054,0.0888912399216195,0.7777734660322565,1.4263178386007895,1.5847975984453218,1,10,0.46296257192713,1.4238306534103868,0.8,0.796879668668054,0.796879668668054,1,False,False,False,False,1e-07,0.9,-15.45939762729702
0.3697184380250425,0.00972460768563,30.523781098762385,1.4672226037745637,0.0547973722430301,0.6430687274642115,,3,1,0.1,0.7438815245558307,0.2571342487905327,1.3396141120998784,0.9135252302140872,0.4995393673533708,0.5550437415037454,1,10,1.1122672702062368,1.068405023355846,0.8,0.2571342487905327,0.2571342487905327,1,False,False,False,False,1e-07,0.9,-14.677765612453792
0.4053166441849039,0.0051510465612581,75.27008549801126,0.8223756396146826,0.0531654750710558,0.3391044895770711,,3,1,0.1,0.7313346824056473,0.4213481351240916,0.8638922142971687,1.554507685860778,1.7540492021278569,1.9489435579198409,1,10,1.2523925094267976,1.827755491949615,0.8,0.4213481351240916,0.4213481351240916,1,False,False,False,False,1e-07,0.9,-1.685720046186347
0.4573020686731083,5.918055488126549e-06,8306.732981308956,0.8346969287447887,0.0001946205847622,0.3433339767025082,,3,1,0.1,0.3080819505514465,0.2001608360292674,1.8419272039227068,0.3737245334120445,1.721354311169242,1.9126159012991577,1,10,1.0696067578611266,1.856045073225033,0.8,0.2001608360292674,0.2001608360292674,1,False,False,False,False,1e-07,0.9,-9.8652819427049
0.3371878380001582,0.0271177784740289,7.453560562273479,0.5811215368032734,0.0949719197030907,0.456627287691321,,3,1,0.1,1.2757326350809437,0.6518447324668498,1.5497229271192725,1.5122297323800256,1.070972879326471,1.1899698659183011,1,10,1.7769150596438896,1.331951055087527,0.8,0.6518447324668498,0.6518447324668498,1,False,False,False,False,1e-07,0.9,-9.182325486232902
0.1585365181965908,0.0048740562269927,23.16368950425508,0.9201212274307188,0.0489755324833873,0.48966288499849,,3,1,0.1,1.0713254986683574,0.5020403691988412,1.4064509249793755,1.28658928061503,0.937999218590511,1.0422213539894567,1,10,0.3560265915366569,0.5564493164440034,0.8,0.5020403691988412,0.5020403691988412,1,False,False,False,False,1e-07,0.9,-5.8922462112150935
0.104166462182634,0.001322807044563,49.69895605633005,0.7299449543873169,0.0247969858319187,0.3775195683572246,,3,1,0.1,1.0460451362162635,0.5865896167278627,0.4874078740483159,0.4211077725665733,1.48398238246655,1.6488693138517223,1,10,1.4406408797645212,0.4478166246770656,0.8,0.5865896167278627,0.5865896167278627,1,False,False,False,False,1e-07,0.9,-3.5884570952050083
0.2446404205679753,0.0235860586833104,11.95190085002395,1.006501243365681,0.1088870595877509,0.5887150733379208,,3,1,0.1,1.2661867691076016,0.4544686784833328,0.8988801041864466,1.662232468377339,0.6287531112413057,0.6986145680458953,1,10,1.785474687851301,0.7488083629584011,0.8,0.4544686784833328,0.4544686784833328,1,False,False,False,False,1e-07,0.9,-5.110072545259266
0.4078262387606501,2.4729379879254193e-09,44881196.65809899,-3.9363056057968335,4.956626462068362e-07,0.4619036518678399,,3,1,0.1,0.170480117651544,0.0913731539171351,1.867673791292484,0.0668716721637925,1.0484582907292284,1.1649536563658092,1,10,1.627054717945399,0.9218556169325792,0.8,0.0913731539171351,0.0913731539171351,1,False,False,False,False,1e-07,0.9,-19.89965599791521
0.3612112979146551,2.5804170370944287e-05,9046.377517067687,-0.7640984054292533,0.0006801133025723,0.4408682494535386,,3,1,0.1,0.3419905493384697,0.1888249313350095,1.307491104588071,0.1823506273906757,1.1414262109270985,1.2682513454745536,1,10,0.4219445969916527,1.350703362709917,0.8,0.1888249313350095,0.1888249313350095,1,False,False,False,False,1e-07,0.9,-11.897837270374922
0.513530712008559,2.730738814817652e-09,179151.8470334974,1.5828993140724528,1.5274873246844805e-07,0.3484209976033511,,3,1,0.1,0.2406599272026882,0.1534582588942241,1.5084867092427894,0.0157752495333678,1.6830819789586184,1.8700910877317984,1,10,0.0935773345787488,1.7574732085355054,0.8,0.1534582588942241,0.1534582588942241,1,False,False,False,False,1e-07,0.9,-3.840283529770208
0.1362631779125723,0.0070841094518978,7.848664041148981,0.4047948427878631,0.0244337688386238,0.5274754486332086,,3,1,0.1,2.3218821274657886,0.917299479575018,1.1833495095712974,0.5974637523290387,0.8062405507821737,0.8958228342024153,1,10,0.6585193810076982,0.5964219857915818,0.8,0.917299479575018,0.917299479575018,1,False,False,False,False,1e-07,0.9,-6.246701823838158
0.3577636186777361,0.0015996181681678,110.7857351932895,0.9314755770846888,0.0008413312363562,0.7433466324729989,,3,1,0.1,1.5289777294725233,0.353111886739064,1.2445270936477324,0.3010998896383959,0.3107406702117418,0.3452674113463797,1,10,0.0304792665964159,1.3875739657047743,0.8,0.353111886739064,0.353111886739064,1,False,False,False,False,1e-07,0.9,-10.210633661416544
0.3336063605829114,0.0134612332661566,11.598317224287992,0.432895687208168,0.0648687968224446,0.3366950397305512,,3,1,0.1,1.164848608554494,0.7573124838957508,1.112845680933354,1.3835879696626454,1.7730420522982695,1.970046724775855,1,10,0.9782266231578666,1.9878356716479249,0.8,0.7573124838957508,0.7573124838957508,1,False,False,False,False,1e-07,0.9,-19.365568535610603
0.3646225367059585,0.0258303335271842,29.754226911246413,0.8419079473236603,0.0575524942483966,0.6055178915270328,,3,1,0.1,1.3257685698030568,0.4909505162243746,0.5483881569436937,1.5859159643472802,0.5863309781488435,0.6514788646098261,1,10,0.8832831150569241,1.1572503086690906,0.8,0.4909505162243746,0.4909505162243746,1,False,False,False,False,1e-07,0.9,-12.300423419337465
0.3728110989264054,0.0003716242703132,6116.102830813527,0.952664884706823,0.0040972974103328,0.4183016974741818,,3,1,0.1,0.5700349318664577,0.320645265135201,0.1583632017796778,0.8157546628290656,1.251557130737078,1.3906190341523088,1,10,0.0657274235549453,1.4839316536288498,0.8,0.320645265135201,0.320645265135201,1,False,False,False,False,1e-07,0.9,-6.986763968936273
0.1505117154686009,0.0042260777445883,29.807151842565595,0.8686189614671902,0.0686279895234143,0.4006051586027534,,3,1,0.1,0.877963474592156,0.4805112354927591,1.148484393397565,1.0371301400887205,1.346601125005618,1.4962234722284644,1,10,1.0483160607581057,0.5543763819140817,0.8,0.4805112354927591,0.4805112354927591,1,False,False,False,False,1e-07,0.9,-3.695240436745671
0.3930606353441065,0.0010806461842922,191.7249337658192,0.7967465844690558,0.0094935314751002,0.4385256331828478,,3,1,0.1,0.6036290546676727,0.3341584753490824,1.105499813235263,0.5078866800170174,1.152331567182837,1.28036840798093,1,10,0.1633704391726614,1.6908130364801546,0.8,0.3341584753490824,0.3341584753490824,1,False,False,False,False,1e-07,0.9,-18.56808810502425
0.0738771130818782,0.0001258069484575,59.760645771468525,0.7868062843008026,0.0028143136316822,0.447317174822419,,3,1,0.1,1.1605436391607238,0.5085154392209728,1.427968994118646,0.0860804378165616,1.1119951807289588,1.235550200809954,1,10,0.1846665283200051,0.3722031686400746,0.8,0.5085154392209728,0.5085154392209728,1,False,False,False,False,1e-07,0.9,-1.986395370993009
0.260262049515735,0.0001899862338326,546.2644365603323,3.3148827007884063,0.0138466873315988,0.5797259732957404,,3,1,0.1,0.305210482317967,0.1268198407434969,1.6450815375969836,1.0673810184299293,0.652457611798041,0.7249529019978233,1,10,1.272671603002732,0.6316747165652233,0.8,0.1268198407434969,0.1268198407434969,1,False,False,False,False,1e-07,0.9,-15.451963607722684
0.269512702566842,0.0188401502899735,41.88226275677743,1.117271929116941,0.0323774508862247,0.7292473280354432,,3,1,0.1,1.632595792575798,0.4076851111879854,0.4403638746529812,1.7581528456436868,0.3341491910907045,0.3712768789896717,1,10,0.6798597970555058,0.778320598919981,0.8,0.4076851111879854,0.4076851111879854,1,False,False,False,False,1e-07,0.9,-14.132545418940577
0.4800777558936535,0.0001926207313943,1920.133053800664,0.9829289540730324,0.0037646910676273,0.3796517769720383,,3,1,0.1,0.3968062861602222,0.2402834714228778,0.8569882217119104,0.689361948257494,1.470593408459894,1.6339926760665489,1,10,1.838015065563396,1.905047963541503,0.8,0.2402834714228778,0.2402834714228778,1,False,False,False,False,1e-07,0.9,-6.161824849934739
0.3524670904560221,0.0465148492356687,3.602063204641213,0.3986282468150901,-0.0325401751236081,0.8829210856707063,,3,1,0.1,-27.693163024724985,0.8115023649300024,1.931356567016472,1.6966944223638816,0.1193436475880737,0.1326040528756375,1,10,1.383938463768352,1.423804075751878,0.8,0.8115023649300024,0.8115023649300024,1,False,False,False,False,1e-07,0.9,-4.894667855842464
0.4660721271919617,9.40544524482312e-12,269923884380.7178,6.1951682165025135,5.780473876111537e-09,0.3461620196144762,,3,1,0.1,0.1201369622344177,0.0765384432655068,0.0747448607423797,1.431594140928564,1.6999386096786078,1.8888206774206755,1,10,1.682903300264195,0.8970554159617876,0.8,0.0765384432655068,0.0765384432655068,1,False,False,False,False,1e-07,0.9,-1.5822675484201485
0.289301836943482,0.0094738540998522,4.982571546819676,0.2815591296984028,0.0291829762644274,0.3673489357185528,,3,1,0.1,1.616809082862802,0.9616502273800868,1.8021149853613512,0.6472604430253154,1.5499866815717191,1.7222074239685767,1,10,1.4854564114057116,1.9440845984940125,0.8,0.9616502273800868,0.9616502273800868,1,False,False,False,False,1e-07,0.9,-9.328686162430929
0.163168485398692,9.790394741515304e-05,2052.094756168407,2.619412876542667,0.0072385137895736,0.3871415674983119,,3,1,0.1,0.3590033901215106,0.2176808282043765,0.5037368010300506,1.6799153533994566,1.4247309913418795,1.5830344348243106,1,10,1.855001744825865,0.4879245776559067,0.8,0.2176808282043765,0.2176808282043765,1,False,False,False,False,1e-07,0.9,-12.943464267738229
0.390132786532707,0.0158372690546732,14.498626638217228,0.6406142493561072,0.0893984576647281,0.3833288350290391,,3,1,0.1,0.9183292435096112,0.5481688070844877,1.5785733707874838,1.6119993122766214,1.4478536383307046,1.6087262648118938,1,10,1.858942916298108,1.9020813568752053,0.8,0.5481688070844877,0.5481688070844877,1,False,False,False,False,1e-07,0.9,-10.638643818207107
0.2775638030366792,0.012629228544359,9.120915411036222,0.3427666558144662,0.0495537421545175,0.3380965725104592,,3,1,0.1,1.5592318280349322,0.996494434156996,0.7960829883542067,1.2471891535214104,1.761961324592126,1.9577348051023624,1,10,0.611787342247505,1.3878737396324068,0.8,0.996494434156996,0.996494434156996,1,False,False,False,False,1e-07,0.9,-14.770178073762734
0.4272787216487223,0.0343648779018048,9.146206409833136,0.8090605677231031,0.0280431319175181,0.6838770646229176,,3,1,0.1,1.5705541215605685,0.4441900922816987,1.88872431252924,1.2068676769683964,0.4160260031475836,0.4622511146084262,1,10,1.3937741348409407,1.6412446748305798,0.8,0.4441900922816987,0.4441900922816987,1,False,False,False,False,1e-07,0.9,-9.122502931750605
0.3621291412489905,0.0165119461084597,23.59735384297517,0.5438984078660494,-0.0112543683734501,0.8288344494450222,,3,1,0.1,4.488600249628007,0.5729775168462584,0.8824440377445986,0.5192097062121697,0.1858622015562089,0.2065135572846766,1,10,1.2197911876071907,1.872822240126674,0.8,0.5729775168462584,0.5729775168462584,1,False,False,False,False,1e-07,0.9,-10.913850536172609
0.1274201448218577,0.0014930036773669,38.26460415452289,0.8953374951391738,0.0323623040573633,0.3471838123025902,,3,1,0.1,0.8924935377616866,0.5284605202641102,1.2591909609011511,1.9548721157082367,1.692286760235236,1.8803186224835955,1,10,0.2973266011856025,0.4912164772665923,0.8,0.5284605202641102,0.5284605202641102,1,False,False,False,False,1e-07,0.9,-3.022654638442404
0.2206958987207384,0.0005357159459043,36.07898319075242,0.442328672166706,0.0017907067443997,0.4838944173724406,,3,1,0.1,1.5263758321832637,0.7163969032267221,0.4756200035842127,0.1230261149312613,0.9599098639885612,1.066566515542846,1,10,1.6312680154692203,0.9760286518633992,0.8,0.7163969032267221,0.7163969032267221,1,False,False,False,False,1e-07,0.9,-7.413522853937202
0.2915595595627517,0.0009282089566259,117.9687123345744,1.0829734320739377,0.0117008923579265,0.4211365758314301,,3,1,0.1,0.6302699434145138,0.3535917456916804,1.8595732086916656,1.481992552603806,1.237073936698973,1.3745265963321922,1,10,0.1505619739185556,0.9471185431855256,0.8,0.3535917456916804,0.3535917456916804,1,False,False,False,False,1e-07,0.9,-8.34368978414929
0.1274447708578103,0.000144263668484,764.8890713637156,1.8922806320366587,0.0085115297648476,0.3879713030752779,,3,1,0.1,0.4453840299817134,0.2700822249805592,0.6238479252773302,0.773231987218804,1.419759200915366,1.5775102232392957,1,10,0.6898843003658071,0.4376043777413862,0.8,0.2700822249805592,0.2700822249805592,1,False,False,False,False,1e-07,0.9,-18.626083100067355
0.3087881125585321,0.0004948346560284,936.740407125964,4.2654990556916506,0.0237620677215903,0.6259537470096113,,3,1,0.1,0.3686643783585484,0.131636314823877,0.3222884984551114,1.406749020794919,0.5378059150529869,0.5975621278366521,1,10,0.5099208000392146,0.6820403421687324,0.8,0.131636314823877,0.131636314823877,1,False,False,False,False,1e-07,0.9,-4.851662170302646
0.1018102277211257,9.754239466756768e-05,744.321378473622,3.9334791217039182,0.0140234223853698,0.4713455699517318,,3,1,0.1,0.3326097805621908,0.1729711832987349,0.9708747202142984,1.8869937935958427,1.0094270899632396,1.1215856555147106,1,10,1.6852171870680663,0.3450927351204547,0.8,0.1729711832987349,0.1729711832987349,1,False,False,False,False,1e-07,0.9,-9.466879602241152
0.2557099409823046,0.0035584284811905,104.54899508529638,1.1133452929164278,0.0259393761739322,0.530988636248308,,3,1,0.1,0.8743275716438282,0.3974103348578862,0.6366164759235439,1.7031117405388034,0.7949515273225729,0.8832794748028587,1,10,0.1852187328906507,0.7896427776373184,0.8,0.3974103348578862,0.3974103348578862,1,False,False,False,False,1e-07,0.9,-14.574417379491916
0.4049365192819412,0.0260171217659009,17.768099951264418,0.5951109976871007,-0.0040738707320563,0.7598885853901021,,3,1,0.1,2.627174441662855,0.5692946877533148,0.8645723309145015,1.3648463293194746,0.2843841548665576,0.3159823942961751,1,10,0.4940752749794915,1.625261481673743,0.8,0.5692946877533148,0.5692946877533148,1,False,False,False,False,1e-07,0.9,-18.473979427924128
0.1248398507153276,0.0057851928453819,8.917992034205886,0.4282693567421477,0.0436921524615777,0.4062604996896187,,3,1,0.1,1.5273967004939004,0.8614261464905165,1.3317731252763565,0.7697129641239795,1.31532735938541,1.4614748437615666,1,10,0.7342361694329328,0.5472742698933017,0.8,0.8614261464905165,0.8614261464905165,1,False,False,False,False,1e-07,0.9,-11.761003020534554
0.3020983612300971,0.0122541556728647,17.896680142428018,0.5143349251520073,0.0166958291838975,0.6044071060342969,,3,1,0.1,1.789255695931695,0.6569538313536434,0.765642974212487,0.7254535298448214,0.5890625722539566,0.654513969171063,1,10,0.3052316909124731,1.252453661974295,0.8,0.6569538313536434,0.6569538313536434,1,False,False,False,False,1e-07,0.9,-13.968017941967805
0.6173691809053243,0.0032902302390989,33.43504792901361,3.324228784505062,0.0599981288375854,0.7928165874548011,,3,1,0.1,0.4947980540644491,0.1003506367675616,1.4892511258330343,1.4956172472259617,0.2351932013547956,0.2613257792831063,1,10,0.801162027508993,1.3399217204143563,0.8,0.1003506367675616,0.1003506367675616,1,False,False,False,False,1e-07,0.9,-18.19707415637199
0.5158979980589276,0.003894755482044,245.5154399167949,1.1993077168817952,0.03795082622089,0.445927960454364,,3,1,0.1,0.5567575682090252,0.2962885298298457,0.6668958161831295,1.2110476782913024,1.1182632169621611,1.2425146855135123,1,10,1.1577114652034703,1.9284844912983945,0.8,0.2962885298298457,0.2962885298298457,1,False,False,False,False,1e-07,0.9,-6.031900909802383
0.375714453064589,0.0234707871839713,256.186712279069,0.5062769604928011,0.0485817659472121,0.5112606000641925,,3,1,0.1,2.0543098470834407,0.6676491579564311,0.1939915254523246,1.6068299153591574,0.8603546995152739,0.955949666128082,1,10,0.4132812413047887,1.887188100450784,0.8,0.6676491579564311,0.6676491579564311,1,False,False,False,False,1e-07,0.9,-2.084661017018977
0.0837689871844047,0.0001326909428066,11.606945946675117,0.4571424481631216,0.0009185805253867,0.5033411440204192,,3,1,0.1,2.1182793789548167,0.9198098557861016,1.8125538005295447,0.10562314329433,0.8880517233526404,0.9867241370584892,1,10,1.892283389963949,0.409106766125431,0.8,0.9198098557861016,0.9198098557861016,1,False,False,False,False,1e-07,0.9,-7.415497752480677
0.3248961216048226,0.0278342148277171,11.35968434118657,0.4095839220823968,0.0101855984539513,0.6788995866358002,,3,1,0.1,5.878496404556568,0.8188094070848899,0.7397539549129293,1.3185718103077833,0.4256746913926323,0.472971879325147,1,10,0.5466555164163341,1.373337295811179,0.8,0.8188094070848899,0.8188094070848899,1,False,False,False,False,1e-07,0.9,-3.05750397505118
0.3001588290818965,0.0022852262112211,35.637785621381774,0.530998524892664,0.016086562210958,0.4008531755548823,,3,1,0.1,0.8162748101370493,0.4704595687897068,1.8532817997297315,0.4561464575994005,1.3452111019307051,1.494679002145228,1,10,1.772960287564336,1.4268152396867384,0.8,0.4704595687897068,0.4704595687897068,1,False,False,False,False,1e-07,0.9,-8.272247574155083
0.2100613123229825,0.0125597077007301,7.385128591872645,0.3825905678349359,0.0016821926177074,0.757046153235099,,3,1,0.1,4.907318954077239,0.9162047089879616,0.9730134776023782,0.6305210317151406,0.2888310853360971,0.320923428151219,1,10,1.1610227410841112,0.8759722875155957,0.8,0.9162047089879616,0.9162047089879616,1,False,False,False,False,1e-07,0.9,-12.330356864842722
0.0238552722673666,0.0001020089862925,683.2671406320374,3.813237291310484,0.0237594596510187,0.6869074976033164,,3,1,0.1,0.632035586707805,0.1752731303530907,0.2110210068505741,0.3344730547922125,0.4102200851500137,0.4558000946111263,1,10,1.3736412901390287,0.1601934326519496,0.8,0.1752731303530907,0.1752731303530907,1,False,False,False,False,1e-07,0.9,-3.365170465699144
0.3493272670126405,0.0136695735827509,25.45445056698445,0.656940831174588,0.0903421779178078,0.3615575418937633,,3,1,0.1,0.9148007666040684,0.5701434161876302,0.7875765312660338,1.8238619834897336,1.589230331874663,1.7658114798607367,1,10,1.7602857945806525,1.4822360389464864,0.8,0.5701434161876302,0.5701434161876302,1,False,False,False,False,1e-07,0.9,-13.562538780010616
0.0142897470666509,0.0012069586034426,13.274572044644444,0.9635824707517184,0.017205293461438,0.8505651884473173,,3,1,0.1,4.660104855262399,0.5513782487055211,1.1310539641663453,0.859006221531626,0.1581199562645216,0.1756888402939128,1,10,0.7003280761325625,0.1473406090922612,0.8,0.5513782487055211,0.5513782487055211,1,False,False,False,False,1e-07,0.9,-15.072108493029338
0.0688065655989028,0.0002560128736221,196.664098563034,1.8002853885933403,0.0239182764551133,0.3489353150722095,,3,1,0.1,0.5156640872772856,0.3251968824398177,1.4348227235432487,1.872996956327359,1.679274613731064,1.8658606819234045,1,10,1.4769891372557715,0.3062386413624228,0.8,0.3251968824398177,0.3251968824398177,1,False,False,False,False,1e-07,0.9,-5.554863122258396
0.2684482280240506,0.0095793421991331,27.78484328994054,0.4635149589983315,0.0458706252931426,0.3789801756551083,,3,1,0.1,1.268666180735547,0.7621032348339805,0.4864990448761619,1.3013624366987475,1.474794403016602,1.6386604477962246,1,10,0.442892276865332,1.1513260469336897,0.8,0.7621032348339805,0.7621032348339805,1,False,False,False,False,1e-07,0.9,-14.222334178955222
0.4354565470427518,0.0117752779923627,132.27138027309311,1.4433989127001243,0.0762037519896993,0.557826329900137,,3,1,0.1,0.6949856501785622,0.300861010129984,0.3890585177074454,1.9043607001750973,0.7134053768331793,0.7926726409257547,1,10,1.0202977704150245,1.218928840552569,0.8,0.300861010129984,0.300861010129984,1,False,False,False,False,1e-07,0.9,-18.10211579127456
0.2174092713042698,9.712749609279382e-05,7.519008886300501,0.3365833029230595,0.000280178113792,0.450480579022975,,3,1,0.1,1.7114347968342811,0.9003398831445888,1.722594146257295,0.0457877014663568,1.0978663718466295,1.219851524274033,1,10,0.4945310289991919,1.032733974481285,0.8,0.9003398831445888,0.9003398831445888,1,False,False,False,False,1e-07,0.9,-17.2985084317226
0.0381279688630087,0.0012267002655351,46.2483824366196,0.5629533799695708,0.0234164493447149,0.4974220282942005,,3,1,0.1,1.807095069004354,0.8598558026778826,0.2968316061070415,1.2755743751820283,0.9093287968897398,1.0103653298774886,1,10,0.1867126958499798,0.2452895367093814,0.8,0.8598558026778826,0.8598558026778826,1,False,False,False,False,1e-07,0.9,-15.985706075306371
0.5515389186829461,0.0002073410318648,1254.1745195918884,2.1847680480747624,0.0067661829918363,0.4996253380235911,,3,1,0.1,0.317318785253189,0.149579185595841,1.1025877929995185,0.9744126473394829,0.9013497945484588,1.00149977172051,1,10,0.771917853510003,1.3772404975097905,0.8,0.149579185595841,0.149579185595841,1,False,False,False,False,1e-07,0.9,-2.5779015698483327
0.1070014239716449,0.0020240851685221,55.29064981770832,2.434736117232172,0.0513803876037902,0.6658650769211594,,3,1,0.1,0.8077012249047538,0.2538873186716561,1.047989045777716,1.917562361404608,0.4516251733180519,0.5018057481311688,1,10,0.3243023254412462,0.3669060393357977,0.8,0.2538873186716561,0.2538873186716561,1,False,False,False,False,1e-07,0.9,-8.537377424150288
0.2754563220692722,0.0002501910485929,5.700281016767889,0.270545392145976,-8.39867797996507e-06,0.7210544614881716,,3,1,0.1,4.3728819994384,0.9275372775374616,1.9354881706180656,0.0633525157535822,0.348172014832979,0.3868577942588656,1,10,0.9221209118968872,1.9733915197569385,0.8,0.9275372775374616,0.9275372775374616,1,False,False,False,False,1e-07,0.9,-10.006906237547192
0.0635468507089618,0.0020041572250967,15.2458975960696,0.5529920640634955,0.0161953692994428,0.5775609369500809,,3,1,0.1,2.008472673955333,0.8004054571208403,0.8164918931138749,0.4358060971895841,0.6582771313320103,0.7314190348133447,1,10,1.4747986087042868,0.3395396768438614,0.8,0.8004054571208403,0.8004054571208403,1,False,False,False,False,1e-07,0.9,-19.32251267164988
0.4933487371401266,0.0033141479454384,134.0275151037133,1.2257367948644906,0.0209985056039271,0.5394318562676357,,3,1,0.1,0.6602098762254961,0.2900101901786569,1.026913855820831,0.921965331545222,0.7684220435685032,0.8538022706316702,1,10,0.2194622537600847,1.6731643677382408,0.8,0.2900101901786569,0.2900101901786569,1,False,False,False,False,1e-07,0.9,-7.345169990346301
0.0221768454304652,0.0006288313445398,38.87685013854043,1.6557909663478765,0.0791138358604348,0.503426403048938,,3,1,0.1,0.7663981465772916,0.3711680936296998,1.2384143695733676,1.945003229447956,0.887748903413219,0.9863876704591322,1,10,0.6724181187291078,0.1641299347222384,0.8,0.3711680936296998,0.3711680936296998,1,False,False,False,False,1e-07,0.9,-15.226591625353064
0.0517520275973568,9.660808886126343e-10,9798931.755743455,6.683256128240507,1.3640213893389853e-06,0.3378002082197345,,3,1,0.1,0.1763934615590261,0.1160679175816017,0.7862528220475111,1.7958734266755787,1.7642967591498997,1.9603297323887767,1,10,0.4640165475110126,0.2272342103452894,0.8,0.1160679175816017,0.1160679175816017,1,False,False,False,False,1e-07,0.9,-9.348515412610327
0.3166324572955902,0.0185689983713121,30.480574057164134,0.5850634780223316,0.0694836870573256,0.4558951186457365,,3,1,0.1,1.261768019514277,0.645150463572756,0.4880251287419995,1.14873685633426,1.0741382681909453,1.1934869646566058,1,10,0.9577905008239036,1.2291802851945244,0.8,0.645150463572756,0.645150463572756,1,False,False,False,False,1e-07,0.9,-8.967603895218124
0.1903062322656643,0.0006867780002338,1486.442682299109,1.084558310866813,0.0038974318721389,0.6268562421552383,,3,1,0.1,1.1854563421544964,0.3877625825997409,0.1429843954201315,0.1698579482522958,0.5357358824499333,0.595262091611037,1,10,1.905470037176068,0.6561322324266625,0.8,0.3877625825997409,0.3877625825997409,1,False,False,False,False,1e-07,0.9,-5.279120870224709
0.2659075870718536,0.0006457668616717,8.255399733901097,0.3211720404259322,0.0007692509251987,0.5617181718275243,,3,1,0.1,2.0443239981979344,0.830325598319336,1.5059597959283326,0.1246647134721107,0.7022269620936262,0.7802521801040291,1,10,1.805089711308692,1.5608583530371478,0.8,0.830325598319336,0.830325598319336,1,False,False,False,False,1e-07,0.9,-14.52065623531563
0.2936421442779615,0.0136235091742491,12.838255529494296,0.6034304788922525,0.0881957271853939,0.3686389976957474,,3,1,0.1,1.0583171963297402,0.6279849292944861,1.1643598488586884,1.445030234829932,1.5414128880168183,1.7126809866853536,1,10,1.4028783287619169,1.1400759663773683,0.8,0.6279849292944861,0.6279849292944861,1,False,False,False,False,1e-07,0.9,-6.095247290408279
0.3011893979470601,0.0031764918388164,18.087751019553693,0.4426283325674348,0.0131195940924407,0.4391359122862779,,3,1,0.1,1.1084082321243984,0.5661790217671345,1.9760117291567665,0.34656556662176,1.1494793862663624,1.277199318073736,1,10,1.6123579890833493,1.701008811502146,0.8,0.5661790217671345,0.5661790217671345,1,False,False,False,False,1e-07,0.9,-4.96659201561611
0.3999960731378961,0.0031112350267847,5838.940913747926,0.715637443960073,0.0218472648522004,0.4271483183657455,,3,1,0.1,0.6952156255094905,0.3914870316902081,0.0985992724811718,0.5555462327743019,1.2069964724275828,1.3411071915862032,1,10,1.525918877743134,1.9339756496724687,0.8,0.3914870316902081,0.3914870316902081,1,False,False,False,False,1e-07,0.9,-17.176277378810653
0.6675586138998497,0.0002426852862564,1066.8269207225817,2.6581632672063003,0.0079483745946796,0.5217326699525761,,3,1,0.1,0.2941128150422687,0.1355120788963688,1.2506388532122423,1.821257596929494,0.8250213602337901,0.9166904002597668,1,10,0.9507541525779069,1.7873596856664389,0.8,0.1355120788963688,0.1355120788963688,1,False,False,False,False,1e-07,0.9,-4.035750946409983
0.3178995413613452,0.0007802274636022,99.54513708370143,0.585001499004576,0.0036547222316271,0.4704498269280816,,3,1,0.1,0.890841865302454,0.4605419489877076,0.7048872566867445,0.1692078582011987,1.0130626657400903,1.125625184155656,1,10,1.385498925018581,1.614195286852127,0.8,0.4605419489877076,0.4605419489877076,1,False,False,False,False,1e-07,0.9,-17.227760585062363
0.2143966000724974,0.0015644138929676,134.2035442052067,0.9895991879521212,0.0153276703256229,0.553135186033551,,3,1,0.1,0.7217041630995995,0.312142621329208,1.5327217942634186,0.386468916572905,0.7270886805335312,0.8078763117039235,1,10,1.9218815267706504,0.7722124532732583,0.8,0.312142621329208,0.312142621329208,1,False,False,False,False,1e-07,0.9,-12.025905418761836
0.0999296629203705,0.00038605967293,10.584935826844662,0.4073851604041144,0.002066249146082,0.4948633356444453,,3,1,0.1,2.043132598922938,0.9806237760295644,1.1046646191765448,0.1313742495155551,0.9186839379158244,1.0207599310175826,1,10,0.747942929175857,0.4686541066567918,0.8,0.9806237760295644,0.9806237760295644,1,False,False,False,False,1e-07,0.9,-19.275478105569697
0.104161379163993,0.007202882979582,12.992839896788173,0.6844901355337655,0.0497122144611803,0.5601146815122247,,3,1,0.1,1.6947040291798694,0.7049094099000226,0.8980592303154928,1.509684427236226,0.7068138002919983,0.7853486669911092,1,10,0.536987172447396,0.426954384013785,0.8,0.7049094099000226,0.7049094099000226,1,False,False,False,False,1e-07,0.9,-16.494601003995594
0.3633548036662478,0.0614478866959561,3.691834800932104,0.5450620884128718,-0.0710468500032051,0.9499605562795904,,3,1,0.1,-2.355298755805297,0.6523882219620112,1.8077084545271536,1.940109034175532,0.0474077571438808,0.0526752857154231,1,10,1.893399667102449,1.2333503371314751,0.8,0.6523882219620112,0.6523882219620112,1,False,False,False,False,1e-07,0.9,-1.8950828495915388
0.2742667344010686,0.0187114007335921,5.354553271978557,0.3486727647301896,0.0613199417089505,0.380055524170883,,3,1,0.1,1.6739350538203912,0.9893830571781896,1.1867863668293457,1.14335671923541,1.4680750384129035,1.6311944871254482,1,10,1.8513429492598843,1.2800815935776948,0.8,0.9893830571781896,0.9893830571781896,1,False,False,False,False,1e-07,0.9,-13.014584679457272
0.5601781666605811,0.001849413966092,251.05222581722344,1.827979246008456,0.0253429803935084,0.4726585158485295,,3,1,0.1,0.4475880755834459,0.2311849493655617,1.0643183300695858,1.9198701292425164,1.004123103302805,1.1156923370031169,1,10,0.8850456506348777,1.6765701483924362,0.8,0.2311849493655617,0.2311849493655617,1,False,False,False,False,1e-07,0.9,-10.090890506508948
0.2804021974070251,0.0074479762169903,6.548048473104512,0.2820418817960765,0.0043340418862334,0.6118115836832501,,3,1,0.1,-5.424574691907824,0.9438546102968244,1.3439098932757187,0.3194783309043762,0.5710411244288442,0.6344901382542714,1,10,1.6055666269092252,1.809886431110466,0.8,0.9438546102968244,0.9438546102968244,1,False,False,False,False,1e-07,0.9,-1.0271738383611826
0.0121894770218991,9.250961522153178e-05,14.807351453454052,0.5300276444308789,0.0038966540427603,0.56413287764364,,3,1,0.1,2.1317766618257927,0.8761005580163783,1.8412230648199588,0.2057184560280449,0.6953688140979538,0.7726320156643931,1,10,1.231458746666558,0.1388888933367796,0.8,0.8761005580163783,0.8761005580163783,1,False,False,False,False,1e-07,0.9,-19.85278449452591
0.1464182925795555,0.0067878416531055,486.65623493407713,0.4556815283433848,0.060511247921593,0.336636092635482,,3,1,0.1,1.417536243484655,0.9022932159701564,0.0740517357171226,1.2688113468786133,1.7735101187576532,1.9705667986196147,1,10,0.7008742995316909,0.5977306097329379,0.8,0.9022932159701564,0.9022932159701564,1,False,False,False,False,1e-07,0.9,-11.316116417054712
0.3212216984739185,0.0012942508650326,86.48989808695657,0.8946122842799634,0.0177232445087601,0.3411972152252709,,3,1,0.1,0.6100796399962443,0.3916810665980919,1.2999434129411491,1.3537882045382452,1.7377706494637917,1.9308562771819908,1,10,0.5608795253768953,1.1920832064953986,0.8,0.3916810665980919,0.3916810665980919,1,False,False,False,False,1e-07,0.9,-7.961190513610338
0.3027802478097903,0.0076953979313297,8.624224644996575,0.3442529117048379,0.0219672818833607,0.4281919048930063,,3,1,0.1,1.3783426682009527,0.7642389875970336,1.615214990009863,0.513776205688908,1.2018613143209376,1.3354014603565971,1,10,1.4430502953932272,1.9808102591170096,0.8,0.7642389875970336,0.7642389875970336,1,False,False,False,False,1e-07,0.9,-18.865675889515625
0.0433407959339459,0.0011024636404958,23.258530458571013,0.5668213636468561,0.0337228465742699,0.36166308006615,,3,1,0.1,1.3981576526950947,0.8493373167879874,0.4449812157136165,0.6761120942680013,1.5885039408373829,1.7650043787082033,1,10,0.3180283975714337,0.2628264155449384,0.8,0.8493373167879874,0.8493373167879874,1,False,False,False,False,1e-07,0.9,-9.95120943955783
0.5512663150251748,0.0003161922387658,859.572214497482,1.8588912686772807,0.0038015674521272,0.5795923290461071,,3,1,0.1,0.4587526563217945,0.1894442956295171,1.6817062007680743,1.6887816478161304,0.6528155824305331,0.7253506471450367,1,10,0.0511484354828196,1.521187049379284,0.8,0.1894442956295171,0.1894442956295171,1,False,False,False,False,1e-07,0.9,-14.733433151434388
0.3084996664115654,0.0244757510951475,15.896245363069363,0.3908833098164297,0.0842144739664206,0.3765091965348403,,3,1,0.1,2.124852524275992,0.9095561452433372,0.55929550483922,1.087310204673915,1.4903798586675912,1.6559776207417678,1,10,0.9011581433213148,1.4756149067098816,0.8,0.9095561452433372,0.9095561452433372,1,False,False,False,False,1e-07,0.9,-1.7522799040972288
0.6031836354761183,0.0453285140720598,7.517544916651891,1.1969710730157468,-0.0752077272014795,0.8753258963746793,,3,1,0.1,2.4156420971387247,0.264362244838665,1.5714269695626553,1.9222369436331024,0.1281884766890971,0.1424316407656634,1,10,1.5947306786599986,1.907870837894464,0.8,0.264362244838665,0.264362244838665,1,False,False,False,False,1e-07,0.9,-15.187486671029216
0.5220349602028833,8.83203921835358e-06,93314.913259288,2.986114410748689,0.0006659240622864,0.4607384360176413,,3,1,0.1,0.2272936498581661,0.1202982054444596,0.295953784423179,0.936075107255136,1.0533859770395615,1.1704288633772908,1,10,1.72670928225245,1.1494859778649582,0.8,0.1202982054444596,0.1202982054444596,1,False,False,False,False,1e-07,0.9,-5.543607597965641
0.3978573715084756,0.0041604690045441,82.73223556593823,0.8129282113691442,0.0386507248709612,0.3773466745476592,,3,1,0.1,0.6527923287032315,0.3998468945180592,0.906617437993338,1.1863352313457964,1.4850746825286505,1.6500829805873891,1,10,1.367139220279334,1.696688568217891,0.8,0.3998468945180592,0.3998468945180592,1,False,False,False,False,1e-07,0.9,-14.886282118298432
0.0204632191502462,0.001166281102709,29.02989125775684,0.5785454477632492,0.0199947131044158,0.6699734770187342,,3,1,0.1,2.976070615569755,0.8601584442586062,0.3877794669304972,1.4978516921522296,0.4433367601428702,0.4925964001587447,1,10,0.2962780522463892,0.1748133850244347,0.8,0.8601584442586062,0.8601584442586062,1,False,False,False,False,1e-07,0.9,-14.055127128827642
0.3531277410263249,0.0089246365599919,35.633954815497425,1.1838041093685183,0.0624645639915857,0.5525369623386026,,3,1,0.1,0.7102797480405695,0.3102625016852697,1.3551370713704278,1.0061846459400303,0.7288503056714365,0.8098336729682628,1,10,1.6575299380598978,1.0790734937264552,0.8,0.3102625016852697,0.3102625016852697,1,False,False,False,False,1e-07,0.9,-16.103341719004547
0.2689112106260138,0.0155556200437237,83.83429596300718,0.4103708426462164,0.0536339683636347,0.415101221761372,,3,1,0.1,1.5617000704018564,0.8470678983658975,0.2185128430003446,0.9046641495555052,1.2681458709783813,1.409050967753757,1,10,1.8929561755531696,1.1649889595345848,0.8,0.8470678983658975,0.8470678983658975,1,False,False,False,False,1e-07,0.9,-8.27384610679487
0.2841253718851769,8.281703248913704e-07,38.21199544642504,0.3483971495276531,2.371350494242529e-06,0.4407433941891956,,3,1,0.1,1.3885896730794127,0.7328388453058576,0.56784196281423,0.0049578829248633,1.1420045129789556,1.2688939033099509,1,10,1.9453761503739333,1.836103480261648,0.8,0.7328388453058576,0.7328388453058576,1,False,False,False,False,1e-07,0.9,-10.254119187494965
0.31263461070143,0.0054868428016807,43.632844641596336,2.064769775156942,0.0768304195487969,0.5560132358863562,,3,1,0.1,0.58172403233962,0.2492728351159593,1.2721511600838011,1.975252604180994,0.7186665027232398,0.7985183363591554,1,10,1.1012581539443973,0.7873880545545405,0.8,0.2492728351159593,0.2492728351159593,1,False,False,False,False,1e-07,0.9,-8.953575032095557
7.236407445447916e-05,4.669098092093639e-11,122781.0685340292,13.131215409043705,0.0001103782888141,0.6225756570788104,,3,1,0.1,0.1754365572461864,0.06554769071883,1.196140468183228,1.2211284857561175,0.5456074370509337,0.6062304856121485,1,10,0.0539448030818658,0.0077171929050391,0.8,0.06554769071883,0.06554769071883,1,False,False,False,False,1e-07,0.9,-10.744246001135917
0.4075289443830998,0.0393126845768207,6.6682213678345645,0.6016512210354066,0.0560018785986864,0.5872105706371377,,3,1,0.1,1.9336683908470569,0.5989137132696198,1.6954777200088265,1.3676950728437631,0.6326699569176323,0.7029666187973692,1,10,1.1949610858687965,1.7269192200565084,0.8,0.5989137132696198,0.5989137132696198,1,False,False,False,False,1e-07,0.9,-3.4124582232150686
0.5328709938019074,0.0100383096286148,819800.2762110152,3.17937679223294,-0.0219586522091153,0.932438429040456,,3,1,0.1,2.699910074636387,0.1181022730909394,0.0031063028860533,1.787918654651778,0.065211183891426,0.0724568709904733,1,10,0.6066110809275987,1.1309471849407993,0.8,0.1181022730909394,0.1181022730909394,1,False,False,False,False,1e-07,0.9,-4.6234209803878095
0.5461078557715886,0.0200857745294034,50.72489325865482,1.5426861710998416,-0.0755675085922017,0.9812134975818012,,3,1,0.1,29.55703214927416,0.2197522781148677,0.5262575414897348,0.7740601077098384,0.0172315731673569,0.0191461924081744,1,10,1.46290019542299,1.6112061799067945,0.8,0.2197522781148677,0.2197522781148677,1,False,False,False,False,1e-07,0.9,-18.994945196341945
0.0258765700000954,0.001952000532057,14.834115428849596,0.9362545491089492,0.0283136074508009,0.7684950066244646,,3,1,0.1,2.9826801181844225,0.5875012799826727,1.1584706027569909,1.970401532288604,0.2711201663536601,0.3012446292818445,1,10,0.4532570354854772,0.1864496744397276,0.8,0.5875012799826727,0.5875012799826727,1,False,False,False,False,1e-07,0.9,-13.073810898495507
0.4865864637991731,1.0686996451478656e-05,23908.621426584035,1.883716298150071,0.0005983944094217,0.4926305848449741,,3,1,0.1,0.2564746920619773,0.1283355511906946,0.7751576048349754,0.3686523352691865,0.9269267635569582,1.029918626174398,1,10,1.565824452524334,1.1309011984124864,0.8,0.1283355511906946,0.1283355511906946,1,False,False,False,False,1e-07,0.9,-9.049154195407487
0.4316523783400861,0.0470452352203407,294.6682012555825,0.5631392582891107,-0.0140010003843831,0.7767508172662291,,3,1,0.1,3.389838063660424,0.6068984643654152,0.1464613871068489,1.4614710686819,0.2586727429107133,0.2874141587896815,1,10,1.4899630377851785,1.6872234812823848,0.8,0.6068984643654152,0.6068984643654152,1,False,False,False,False,1e-07,0.9,-10.661853180060994
0.4700526446564906,6.74397480076626e-06,15584.906321928114,0.1745461525840891,0.0002143046428945,0.3782063692716169,,3,1,0.1,0.2997206523640819,0.1849017000815935,1.8396892019124107,0.2704559710493205,1.4796532082029688,1.6440591202255208,1,10,0.7140015844253271,1.935842907308703,0.8,0.1849017000815935,0.1849017000815935,1,False,False,False,False,1e-07,0.9,-14.329576677057846
0.4044588582080891,0.0049290755254146,77.23523298220053,0.900120962192098,0.0323415601546733,0.5591836283836249,,3,1,0.1,0.660363233263874,0.2761104329229722,1.5354691801926623,0.6158915927096507,0.709489180864501,0.7883213120716678,1,10,1.4580314609190674,1.4751113247530552,0.8,0.2761104329229722,0.2761104329229722,1,False,False,False,False,1e-07,0.9,-6.802400900928287
0.2388136063216032,0.0254850781215284,63.47625896351739,0.3662572328577977,0.011210921402935,0.6956521550213701,,3,1,0.1,3.7129837806784174,0.9868797813443826,0.2163875770645975,1.896297600436017,0.3937500351340854,0.4375000390378726,1,10,0.8504988097773385,0.9175883417506132,0.8,0.9868797813443826,0.9868797813443826,1,False,False,False,False,1e-07,0.9,-17.805791999859338
0.3861499864330273,0.0006885072947055,3461941.8091534856,1.8362551404971088,0.0147164363322701,0.4220634301779558,,3,1,0.1,0.4424506771907729,0.2447988609610164,0.0065378800292425,1.255265211797742,1.2323809068711076,1.369312118745675,1,10,0.7481368503597278,1.0283765042762023,0.8,0.2447988609610164,0.2447988609610164,1,False,False,False,False,1e-07,0.9,-4.190294219472442
0.5574304384051852,0.0023972000016292,1450.0241052167626,1.250811904146938,0.0189553876188669,0.5729374507771235,,3,1,0.1,0.5388680178848614,0.2222592890760533,0.3082619163657142,0.4801868254054132,0.6708521039761909,0.7453912266402121,1,10,0.430406888671546,1.9794669742069635,0.8,0.2222592890760533,0.2222592890760533,1,False,False,False,False,1e-07,0.9,-8.71798865359249
0.1879040477498877,0.0209864913782402,4.9942029042729095,0.4037704397258166,-0.0035871606492939,0.8328164783179709,,3,1,0.1,689.6171507185887,0.9562756232652364,1.2504908771391303,1.1268892660472447,0.1806702598124845,0.2007447331249828,1,10,1.3505482149794965,0.73124923861579,0.8,0.9562756232652364,0.9562756232652364,1,False,False,False,False,1e-07,0.9,-4.8034815987525565
0.627037594167139,0.0002384773188849,1271.1594059422987,2.4690530449616097,0.0060601655871902,0.5161116543494514,,3,1,0.1,0.3402814369538002,0.1542326895773733,1.196760883568302,1.670981793009512,0.8438087135126457,0.937565237236273,1,10,0.2954640436643506,1.6660806524985516,0.8,0.1542326895773733,0.1542326895773733,1,False,False,False,False,1e-07,0.9,-2.598125529113468
0.0006728937396565,9.445335586709082e-07,5979.403221558503,3.115068417997159,0.0118062928642541,0.4722078119210558,,3,1,0.1,0.4250253189557527,0.220163782955637,0.1575439207140003,1.3667676213070674,1.0059405144920877,1.117711682768986,1,10,0.3126103607937417,0.0269448140613221,0.8,0.220163782955637,0.220163782955637,1,False,False,False,False,1e-07,0.9,-10.61864210597058
0.2935994129129293,0.0217888444943192,11.207937666321964,0.955327710973372,0.1053859212829913,0.5354182451287995,,3,1,0.1,1.0477095247943369,0.4710473208562381,1.4315331414592452,1.8815140563429704,0.7809288965927884,0.8676987739919871,1,10,1.472048150854685,0.8909388035886626,0.8,0.4710473208562381,0.4710473208562381,1,False,False,False,False,1e-07,0.9,-16.83120846587133
0.0514521977956761,0.0061396417272636,8.869208201759314,0.6255374790469983,0.0317077205659151,0.7260460455287518,,3,1,0.1,4.156606167955686,0.7626361399640573,0.8270173554129427,1.1148251287755444,0.3395908021846797,0.377323113538533,1,10,1.881357734749852,0.2950098016748711,0.8,0.7626361399640573,0.7626361399640573,1,False,False,False,False,1e-07,0.9,-6.1198000529056085
0.248724854597804,0.0005502438982675,23.574100846451856,0.5041473005295438,0.0049080224167512,0.3358022278779036,,3,1,0.1,0.8722750522670172,0.5648142305849917,1.8706309180561007,0.3082665153186615,1.7801489843814753,1.9779433159794169,1,10,0.0804092750562434,1.1187465842443958,0.8,0.5648142305849917,0.5648142305849917,1,False,False,False,False,1e-07,0.9,-11.37134992898392
0.427489775260347,2.1315869489879147e-09,36493129.90722877,1.9325347298873328,6.517409865884287e-07,0.3714610725154376,,3,1,0.1,0.1467840275367098,0.0917758543316294,1.9831447090853644,1.2442939943104538,1.5228649153070988,1.6920721281189983,1,10,1.7916354556965717,0.8777797704581937,0.8,0.0917758543316294,0.0917758543316294,1,False,False,False,False,1e-07,0.9,-10.347024466233602
0.5277910774796112,2.1089714528710114e-06,88417.58424700105,2.334498493417119,0.0001062991654173,0.6011355240533517,,3,1,0.1,0.2873936035569221,0.1094953252846948,0.9520495882451634,0.0720784216759635,0.5971665522800208,0.6635183914222453,1,10,1.9929857619275224,1.1854741654619525,0.8,0.1094953252846948,0.1094953252846948,1,False,False,False,False,1e-07,0.9,-3.683317724774113
0.0792129411878419,9.146677364832184e-07,895.4741498922223,1.7871393486015954,3.301144193744546e-05,0.5643733997783333,,3,1,0.1,0.7094874192750494,0.29339512975995,1.5325379057628743,0.015429948904441,0.6946889069426188,0.7718765632695764,1,10,1.871543727352612,0.3415237929956784,0.8,0.29339512975995,0.29339512975995,1,False,False,False,False,1e-07,0.9,-7.4940410028716915
0.3574121962642749,0.0219991454225044,8.949517232558977,0.5236633038796012,0.0448680083894337,0.525562260126948,,3,1,0.1,1.482214096145036,0.6669433441245662,1.3690993703841443,1.333611855383158,0.81245172699921,0.9027241411102332,1,10,0.6180186886384068,1.580363035110396,0.8,0.6669433441245662,0.6669433441245662,1,False,False,False,False,1e-07,0.9,-14.32244263618074
0.5990708756644675,3.513806836317453e-05,1318.6204996786282,5.822942508496622,0.0060415168716637,0.767227407286185,,3,1,0.1,0.2775005850400421,0.0617376160511534,0.7842426225042328,0.8752927705185414,0.2730550700521172,0.3033945222801303,1,10,0.1224733688585623,1.1422146149457144,0.8,0.0617376160511534,0.0617376160511534,1,False,False,False,False,1e-07,0.9,-4.600876834929215
0.3936947764522737,0.00219449074751,252.5238582088418,0.7912538277218435,0.021669556516062,0.3995505700839654,,3,1,0.1,0.6294937439484019,0.3572779480000499,0.58368506173929,0.6165969960280219,1.3525308869184327,1.5028120965760363,1,10,0.8827101362748135,1.6354346735709822,0.8,0.3572779480000499,0.3572779480000499,1,False,False,False,False,1e-07,0.9,-4.340838396516165
0.2777921943325844,0.0004187782532092,11.217722579416543,0.2978482200764585,0.0007208949986183,0.4927101907777543,,3,1,0.1,1.7925549359826831,0.8482788494534992,1.080310421840579,0.0674277444669638,0.926631591644836,1.029590657383151,1,10,0.0705251762887395,1.897591061095116,0.8,0.8482788494534992,0.8482788494534992,1,False,False,False,False,1e-07,0.9,-12.268830597180964
0.35244790715607,0.0186381062458881,16.611415128055356,0.6390591779118207,-0.0044400895271225,0.7750509397035885,,3,1,0.1,11.418793211651405,0.5279711666807312,1.158195480482932,0.5907942548667022,0.261213997552467,0.2902377750582967,1,10,1.947966370870336,1.523512218653036,0.8,0.5279711666807312,0.5279711666807312,1,False,False,False,False,1e-07,0.9,-2.28974269227837
0.3544869096824466,0.0008201499733435,1946.6729497207373,1.3846671406897295,0.0168407542443253,0.3710393130900421,,3,1,0.1,0.4640082411509685,0.2862108528506781,0.2473862938298086,1.4709898971548794,1.525618979575871,1.6951321995287456,1,10,1.83157444892453,1.0604573160259756,0.8,0.2862108528506781,0.2862108528506781,1,False,False,False,False,1e-07,0.9,-8.749076056161407
0.2901315896227891,0.0010678568362745,198.1140336130144,1.3110134242227942,0.021541070513014,0.3816717200454962,,3,1,0.1,0.5091238677018957,0.3103771085088695,1.0353354796134062,1.2181073579857538,1.458047381379782,1.6200526459775355,1,10,1.4159078012697683,0.8714514704566235,0.8,0.3103771085088695,0.3103771085088695,1,False,False,False,False,1e-07,0.9,-13.618802842913716
0.4708248970311757,9.568677535243744e-05,1898.364588980328,1.2444372761078188,0.0025942241837611,0.3479161519257184,,3,1,0.1,0.3515004056267464,0.2251888484140269,1.5045036426680638,1.317370930651736,1.6868301745075456,1.8742557494528285,1,10,1.7933232350361017,1.6407715845908295,0.8,0.2251888484140269,0.2251888484140269,1,False,False,False,False,1e-07,0.9,-6.852378192448539
0.4528906091273763,0.048392614857162,6.286641012946053,0.731025515914922,0.0096784199260364,0.7258363846759394,,3,1,0.1,2.234247643064152,0.5058836124973174,1.6817627673905151,1.742043959451998,0.3399488631336917,0.3777209590374353,1,10,1.443990211911573,1.6066875841731618,0.8,0.5058836124973174,0.5058836124973174,1,False,False,False,False,1e-07,0.9,-7.691224072290899
0.379380221932396,0.001038632026864,255.2046249447416,0.8045451112017649,0.0023316474288003,0.6357211827226555,,3,1,0.1,1.01061383653839,0.3439141903829206,0.8280434919101404,0.1456870876049695,0.5157149776659885,0.5730166418510984,1,10,1.2794127377940678,1.7765260500692497,0.8,0.3439141903829206,0.3439141903829206,1,False,False,False,False,1e-07,0.9,-9.118644271517203
0.1585900359677529,0.0104736004612713,8.299448275852281,0.4749061738957565,0.044146335704713,0.5078935195183062,,3,1,0.1,1.6337861540083602,0.7512093388985832,1.9379622519438675,1.037203146367473,0.8720249725839646,0.968916636204405,1,10,0.6558081284613854,0.6653942978852198,0.8,0.7512093388985832,0.7512093388985832,1,False,False,False,False,1e-07,0.9,-11.808601425955931
0.3587585033105235,0.0057776549264805,24.281307632777267,5.002935114982302,-0.0051110205944312,0.9526757309002294,,3,1,0.1,-23.075857882205508,0.1027751244757617,0.5187409807496802,0.8036892438845787,0.0447075965182259,0.0496751072424732,1,10,1.550152255118331,0.744774388462549,0.8,0.1027751244757617,0.1027751244757617,1,False,False,False,False,1e-07,0.9,-1.8909816317042107
0.4256283449560266,8.271096587230389e-05,340.2489691104543,10.097284435859006,0.0402037395235991,0.8136214077979116,,3,1,0.1,0.2856742050933384,0.0503924045509213,0.4386792138728307,1.0559251122576312,0.2061655843543673,0.2290728715048526,1,10,1.5686430401200844,0.7819081549409959,0.8,0.0503924045509213,0.0503924045509213,1,False,False,False,False,1e-07,0.9,-4.108073101626513
0.091123460894852,7.812129397005435e-06,4985.648967216767,0.7464822037731894,0.0003874085763636,0.5055586672189847,,3,1,0.1,0.4560567846255803,0.2222526682250919,1.7125771286444529,0.056666357918163,0.8802088231436873,0.978009803492986,1,10,0.2615649036752534,0.441689068141894,0.8,0.2222526682250919,0.2222526682250919,1,False,False,False,False,1e-07,0.9,-15.812644488817352
0.0614640101750826,3.840644568597416e-12,865125989.3478671,11.205556215427691,3.111138700580888e-08,0.4488620019202386,,3,1,0.1,0.1099919547577943,0.0600760500898403,1.8171354922935123,1.3874717173674782,1.1050705921859856,1.227856213539984,1,10,0.1682466535142128,0.2327266562358749,0.8,0.0600760500898403,0.0600760500898403,1,False,False,False,False,1e-07,0.9,-5.445292558382098
0.0402323805369348,0.0033970847414599,45.63450024055802,1.4229065375984682,-0.0071071995178003,0.9743972842995604,,3,1,0.1,-12.744578206436517,0.3273193057706346,1.986005573999504,0.4000294773791926,0.0236478944488842,0.026275438276538,1,10,0.7095627274911439,0.4853044985522398,0.8,0.3273193057706346,0.3273193057706346,1,False,False,False,False,1e-07,0.9,-6.218864065645553
0.2850375862383764,0.0119964328844207,21.362631607006698,1.259448365575794,0.0916122315029678,0.5807148701970933,,3,1,0.1,0.8206869740038074,0.3040744815272323,1.7719872425920389,1.1744518932623869,0.6498139382835885,0.722015486981765,1,10,1.8602044683327792,0.8726231143184825,0.8,0.3040744815272323,0.3040744815272323,1,False,False,False,False,1e-07,0.9,-3.620457749346557
0.2648549790381911,0.0088249995123874,5.223340790849643,0.2894071423351061,0.0245075344979971,0.4042320645509822,,3,1,0.1,1.6894064829458788,0.9561628736566534,1.64511499683912,0.5723798129807287,1.3264438646145322,1.473826516238369,1,10,0.6400710472970028,1.4841541485783258,0.8,0.9561628736566534,0.9561628736566534,1,False,False,False,False,1e-07,0.9,-12.973534467101066
0.3964574091791863,4.9330769169491815e-05,7343.34421672725,2.476023302038492,0.0022320256714526,0.3749919315499917,,3,1,0.1,0.3069580070313281,0.1885062017152645,0.6148825150884988,1.9563963062627687,1.5000516391911152,1.6667240435456834,1,10,1.5772556438018308,0.982028010728863,0.8,0.1885062017152645,0.1885062017152645,1,False,False,False,False,1e-07,0.9,-6.486741617981178
0.282137764876595,0.0009539754963909,33.942996692834015,0.3682460402196923,-0.0008472771656932,0.9034756407857965,,3,1,0.1,17.613218132236142,0.720248206685132,0.5957723093021254,0.7385590509091361,0.0961530332098676,0.1068367035665196,1,10,0.0119916462244852,1.651558464205808,0.8,0.720248206685132,0.720248206685132,1,False,False,False,False,1e-07,0.9,-11.697011560200512
0.4969032337693563,0.0009172314558634,1341.9174370640203,1.0898288257379956,0.0060504649216059,0.6149547244143958,,3,1,0.1,0.5776411979363567,0.2169116428441438,0.5025708162084984,0.203219984184872,0.5635223769636779,0.6261359744040865,1,10,0.7693902976055765,1.7985998934982472,0.8,0.2169116428441438,0.2169116428441438,1,False,False,False,False,1e-07,0.9,-13.993252304404152
0.3744420403083003,0.0520885305617518,6.526615389891384,0.6787702279091995,0.1456548480139271,0.5518512897898851,,3,1,0.1,-1.952165531535344,0.4743418647066676,1.7287960814169174,0.7625372452065754,0.7308741442693215,0.8120823825214684,1,10,1.826750372952508,1.528857625218113,0.8,0.4743418647066676,0.4743418647066676,1,False,False,False,False,1e-07,0.9,-0.3787503792452753
0.0663565107238475,0.0035474232966872,11455.666866203665,0.5730806149506043,0.0764247618071897,0.3592526640556167,,3,1,0.1,1.275876312633064,0.7950784934565823,0.0150173538230165,1.3062412920994624,1.605200629105618,1.7835562545617978,1,10,0.9656655448273566,0.3391279282135723,0.8,0.7950784934565823,0.7950784934565823,1,False,False,False,False,1e-07,0.9,-16.243363239848367
0.3168201471489584,0.0003996663153728,43.02066300907632,0.5200073170997153,0.0032802514843543,0.3555459406443305,,3,1,0.1,0.7939039632129982,0.4697810651692395,1.65467820208037,0.1720636067629726,1.6313184517561758,1.812576057506862,1,10,0.804807319230107,1.7844885722263482,0.8,0.4697810651692395,0.4697810651692395,1,False,False,False,False,1e-07,0.9,-3.1683031516111484
0.0131208430665107,0.0004777479495422,80.5874778310251,0.9803972999884988,0.0229724723280062,0.6889808618334717,,3,1,0.1,1.88611485246272,0.5463600919882414,0.3885142288799711,1.901077864735544,0.4062772129910511,0.4514191255456123,1,10,0.1851325635745858,0.1338024112391915,0.8,0.5463600919882414,0.5463600919882414,1,False,False,False,False,1e-07,0.9,-17.636201243344928
0.0836050257302318,0.0124706945831553,8.02558059375222,0.6265189612447728,-0.0081915695693682,0.954388419048212,,3,1,0.1,180.6531541593149,0.7600779160815995,0.7763436242831057,1.7720114383621035,0.0430122809930446,0.0477914233256052,1,10,1.5198939058743703,0.385166615380992,0.8,0.7600779160815995,0.7600779160815995,1,False,False,False,False,1e-07,0.9,-17.520195643683458
0.2016545301346443,0.0170105546435064,6.143849870459454,0.3908154042809014,0.0448279894907837,0.5009314007486261,,3,1,0.1,3.1187822113561308,0.9249881020118876,1.107509552022884,0.8153331980088272,0.896653191744376,0.9962813241604176,1,10,1.3089750942671392,0.8188937779869871,0.8,0.9249881020118876,0.9249881020118876,1,False,False,False,False,1e-07,0.9,-2.2883758530799128
0.0771278695889341,0.0004769691791812,47728.89357023986,4.653295568832341,0.0235493363933157,0.8161915384518018,,3,1,0.1,1.1185418677710612,0.1526147922124495,0.0168582591811066,0.5079496058903663,0.202682345503325,0.2252026061148055,1,10,0.1205870523410588,0.2834966091858943,0.8,0.1526147922124495,0.1526147922124495,1,False,False,False,False,1e-07,0.9,-2.629705660575293
0.2903160893686975,0.0002844902865626,920.0259981853987,0.9144115620837736,0.0050116716067402,0.3429525306882059,,3,1,0.1,0.5335214134881731,0.3472902307390406,0.3121760924547999,0.3980142520688588,1.7242698900456035,1.915855433384004,1,10,0.5967707482300586,1.049701585079936,0.8,0.3472902307390406,0.3472902307390406,1,False,False,False,False,1e-07,0.9,-19.500191454868368
0.2451969997565475,0.0112854446439861,10.802216415454112,0.4874268523482704,0.054434004305525,0.3936031129439792,,3,1,0.1,1.3509139010640427,0.7891900671786906,0.9755142802243651,1.726593405304655,1.3865672816162289,1.540630312906921,1,10,0.5124283231961304,0.9653918017715613,0.8,0.7891900671786906,0.7891900671786906,1,False,False,False,False,1e-07,0.9,-13.987746436179734
0.4551699276232178,0.0084466906667836,127.2665471596479,1.5238739180631742,0.0556633032292027,0.5800001536236651,,3,1,0.1,0.666332693138335,0.2720332850715438,0.4553070914034186,1.1536277020222372,0.6517237269284722,0.7241374743649691,1,10,0.8187897780723806,1.2632305304456992,0.8,0.2720332850715438,0.2720332850715438,1,False,False,False,False,1e-07,0.9,-13.433289102403734
0.0355204023940204,0.0029469599081482,8.632776544734384,0.5919264682793318,0.016290237158897,0.7733870475219712,,3,1,0.1,7.62514410349144,0.8602523761876062,1.4786699109075727,1.9276276879878325,0.26371227431816,0.2930136381312889,1,10,0.4680855129608794,0.2293866748611713,0.8,0.8602523761876062,0.8602523761876062,1,False,False,False,False,1e-07,0.9,-5.846543835660825
0.253883958261203,0.0053162219422512,7.449176721118459,0.3244439497872171,0.0246694676463186,0.3359746044168135,,3,1,0.1,1.3986043592115704,0.8941568943603441,1.250303394894329,0.5462992625114641,1.7787738959086652,1.9764154398985168,1,10,1.5546930613227974,1.3044994473829403,0.8,0.8941568943603441,0.8941568943603441,1,False,False,False,False,1e-07,0.9,-12.160260855391288
0.5423380121067544,7.15628415586162e-08,1914085.6103490167,4.531087935268718,9.37381095247233e-06,0.3719728623272662,,3,1,0.1,0.1817790709100241,0.1130034569635702,1.1589791098992348,1.789168667240375,1.5195313452952086,1.6883681614391206,1,10,0.6974700230866614,1.1644244082279689,0.8,0.1130034569635702,0.1130034569635702,1,False,False,False,False,1e-07,0.9,-6.594222987828847
0.2645976061545869,0.0290704443279708,33.98176551047282,0.4884412446369242,0.0780838497691566,0.4964874151913366,,3,1,0.1,2.2598045392270536,0.8037731380440066,0.3078041585809643,1.244146682279403,0.9127347692250314,1.0141497435833682,1,10,1.6430238095522862,0.9797369572204316,0.8,0.8037731380440066,0.8037731380440066,1,False,False,False,False,1e-07,0.9,-2.699474190969621
0.2950668828467828,0.0041328183592984,10.668710716276848,0.4062957098842833,-0.0013017817458554,0.7858009543471012,,3,1,0.1,4.017083941959007,0.6949109090538164,1.8748555769553072,1.3969201991778868,0.245328209416319,0.2725868993514656,1,10,0.0563834257277918,1.552107554404605,0.8,0.6949109090538164,0.6949109090538164,1,False,False,False,False,1e-07,0.9,-13.250658790462406
0.212731034314904,0.0070733077157922,23.45956198182803,0.3945625259692981,0.0104797924269134,0.5914234673664208,,3,1,0.1,2.8354494467695908,0.8641747273964379,0.4288325979047923,0.4483985536679368,0.6217522632432143,0.6908358480480159,1,10,1.7383002214621774,0.8994426239550988,0.8,0.8641747273964379,0.8641747273964379,1,False,False,False,False,1e-07,0.9,-4.923764430747967
0.2670116056459005,0.0086446033451949,6.154868639403948,0.3043685663878886,0.0279775969577196,0.386885211666176,,3,1,0.1,1.7181135189262853,0.9140330977558624,1.443848832850535,0.5309742830696107,1.4262713922923609,1.5847459914359563,1,10,1.0068023015206833,1.4704318872470878,0.8,0.9140330977558624,0.9140330977558624,1,False,False,False,False,1e-07,0.9,-4.359470534347469
0.3724667364429494,0.0267120749931442,8.656318881941175,1.4573409131253146,-0.0364243534127396,0.8890130442305847,,3,1,0.1,2.9282040005753784,0.2868675126985187,1.82437867855942,1.457119703585923,0.1123585990562423,0.1248428878402692,1,10,1.0676604548084891,1.027872752955317,0.8,0.2868675126985187,0.2868675126985187,1,False,False,False,False,1e-07,0.9,-19.587622097802065
0.2824693447310251,0.0063488062367089,26.266751608491084,0.3035903815578624,0.008251113661076,0.5271036367770929,,3,1,0.1,2.2269475368650147,0.9285188066647566,0.4864588128897815,0.7645446507390068,0.8074441100481373,0.8971601222757081,1,10,0.1172156332502476,1.6403323089722222,0.8,0.9285188066647566,0.9285188066647566,1,False,False,False,False,1e-07,0.9,-8.747633223571745
0.0479492150798933,0.0005339090330607,47.610711401411976,0.7678488381805971,0.0315363152343337,0.3415828417923892,,3,1,0.1,0.767663507530669,0.4981692622158261,1.5406849144645394,0.9076391380420512,1.734792764406507,1.9275475160072304,1,10,0.7744823583387481,0.2824042935371433,0.8,0.4981692622158261,0.4981692622158261,1,False,False,False,False,1e-07,0.9,-17.959600570634844
0.0058364447842854,5.002669534331851e-05,69.46021976129742,5.1776387009505065,0.012082736448722,0.9362907835950652,,3,1,0.1,2.4803598608178827,0.1352975911216365,1.251963291486181,0.3977543473654857,0.0612398367783563,0.0680442630870625,1,10,1.833112499147736,0.0803842218128338,0.8,0.1352975911216365,0.1352975911216365,1,False,False,False,False,1e-07,0.9,-13.826971163433583
0.1959592616667747,0.000743903642174,318.8355640207756,0.9991524300642478,0.0129341203702955,0.373636839146015,,3,1,0.1,0.6688593968847049,0.4129872803350806,0.3385431016615629,1.6484786898107706,1.508756058575598,1.6763956206395534,1,10,0.1867504778162388,0.689292407866492,0.8,0.4129872803350806,0.4129872803350806,1,False,False,False,False,1e-07,0.9,-17.312426890620504
0.0117761675009272,0.0013849607603093,7.031181562570452,0.5675323726413614,0.0071232039197475,0.9025362283368552,,3,1,0.1,18.670109833055143,0.8812812325156932,1.3080736409210336,1.1555658487632148,0.0971898875001075,0.1079887638890083,1,10,1.4109480536328114,0.1367949933124289,0.8,0.8812812325156932,0.8812812325156932,1,False,False,False,False,1e-07,0.9,-15.82516255051141
0.3006450261480647,0.0269030905575009,52.25037830290356,0.8052383823343822,0.002413254222195,0.7835744475233078,,3,1,0.1,2.6424175614729686,0.5080872178257186,0.3056996496968546,1.0727821699866067,0.2485826303354908,0.2762029225949898,1,10,1.79013445705805,0.9472953258004548,0.8,0.5080872178257186,0.5080872178257186,1,False,False,False,False,1e-07,0.9,-16.489328101972557
0.3844236289702703,6.569110125746225e-05,442.6773615811083,0.8273912386404414,0.0004354269937112,0.5120022433657939,,3,1,0.1,0.6726247115320303,0.3007007997605468,1.461753320028645,0.0651349815150388,0.8578047980485226,0.9531164422761362,1,10,1.6916666085859546,1.906459997450272,0.8,0.3007007997605468,0.3007007997605468,1,False,False,False,False,1e-07,0.9,-3.760435882907071
0.1214729504586778,3.33618401436996e-05,16.64656271342116,0.46021030849309,2.7756091727674152e-05,0.7644115903501546,,3,1,0.1,5.0264044275538815,0.8543925369987189,0.7247803758590871,0.0312143086173045,0.2773761823623531,0.3081957581803923,1,10,1.0459056417111798,0.534135475407254,0.8,0.8543925369987189,0.8543925369987189,1,False,False,False,False,1e-07,0.9,-9.954761930110363
0.3780239599909289,0.011879473634991,2165.4980477873764,0.5954284857305192,0.0504844194205135,0.426751809874472,,3,1,0.1,1.0273669097612488,0.5628104325381902,0.0872977176296421,1.655291954832963,1.208954148934325,1.3432823877048057,1,10,0.4792931705989109,1.963173156186827,0.8,0.5628104325381902,0.5628104325381902,1,False,False,False,False,1e-07,0.9,-9.444819618776798
0.2877299073751294,0.0300469652871362,4.188345692426729,0.3543709379834356,0.0038730850914821,0.7252091831763304,,3,1,0.1,4.9507220968073,0.973931021435558,1.5004852934312964,1.8803769781112205,0.3410212403242144,0.3789124892491271,1,10,0.8375229077047531,1.122750585348968,0.8,0.973931021435558,0.973931021435558,1,False,False,False,False,1e-07,0.9,-9.047546618068877
0.561247973827466,0.000188510703137,73901.27328734132,1.5614890536575357,0.0040919326151159,0.4048229166841068,,3,1,0.1,0.3578636307944977,0.2109343008760187,0.1293960941026181,0.9833834379598048,1.3231942978225506,1.4702158864695007,1,10,0.7519894371476009,1.920989963753804,0.8,0.2109343008760187,0.2109343008760187,1,False,False,False,False,1e-07,0.9,-14.849062171668676
0.2630931424148798,0.0144463186588988,11.229627281387694,0.4364917127972915,0.0102883250655707,0.6646663852725025,,3,1,0.1,2.7099091865235905,0.8054593280981056,0.9247895006061856,1.7310687305340084,0.45406275981749,0.504514177574989,1,10,0.3094735727950767,1.0316211879395851,0.8,0.8054593280981056,0.8054593280981056,1,False,False,False,False,1e-07,0.9,-14.049206616596344
0.3726950150918171,0.0055687158066754,50.13927132193786,1.3084396677730263,0.1187491396003016,0.390016120733569,,3,1,0.1,0.964614619400346,0.2659953858876938,1.3367013623413586,1.0044809394119023,1.407596922679038,1.5639965807544869,1,10,0.5341314266331447,1.0469408083376996,0.8,0.2659953858876938,0.2659953858876938,1,False,False,False,False,1e-07,0.9,-0.3103917035490084
0.6444037127327018,0.0019069517840197,85.1195388155241,1.7027546227295718,0.0303983686994447,0.8019887506814296,,3,1,0.1,0.5048379089379076,0.0967048151566508,1.893475724077351,0.5240218989286104,0.2222102544895957,0.2469002827662174,1,10,0.7805022624223285,1.745325769833827,0.8,0.0967048151566508,0.0967048151566508,1,False,False,False,False,1e-07,0.9,-12.01474725382846
0.3136793239101281,0.0118241413675638,39.96991898587192,0.4683686932759424,0.0450351169629158,0.4234773254574557,,3,1,0.1,1.2821131714063598,0.6707600744176825,0.4806276978687273,0.6860291824330339,1.2252613679558573,1.3614015199509524,1,10,1.4922169365019653,1.5108512700572796,0.8,0.6707600744176825,0.6707600744176825,1,False,False,False,False,1e-07,0.9,-5.323799090174122
0.2617617931892583,5.505970843899463e-06,6.280178203296244,0.2921876294340426,1.5100003760732944e-05,0.4134858957538683,,3,1,0.1,1.8384704966830767,0.9035861372769872,1.8114378673199936,0.0120287320765327,1.2766159601626028,1.4184621779584474,1,10,1.4535428981544665,1.5829599834431096,0.8,0.9035861372769872,0.9035861372769872,1,False,False,False,False,1e-07,0.9,-3.931761898224664
0.0191555651544722,6.07718462705617e-05,92.1302182822164,1.005507017473655,0.0094526217656499,0.3351487387512243,,3,1,0.1,0.7959898615692372,0.5220408145932119,0.5379658505549796,1.837855168056032,1.7853748677480643,1.983749853053405,1,10,0.1040018986738097,0.1642115147434641,0.8,0.5220408145932119,0.5220408145932119,1,False,False,False,False,1e-07,0.9,-19.412669330468784
0.1727490835374174,0.0065645860467904,15.47314832501676,0.6385906247114578,0.007205087297947,0.7335549074930073,,3,1,0.1,3.5652536660903205,0.6551644295169302,0.9195586782609836,0.644308884798062,0.3269020230207911,0.3632244700231012,1,10,0.2151305921144555,0.6466869965979619,0.8,0.6551644295169302,0.6551644295169302,1,False,False,False,False,1e-07,0.9,-5.812667563581925
0.3646925227975738,0.0088784043702935,687.308571373414,1.1253746582199309,0.0276621434948373,0.6391740940817815,,3,1,0.1,1.015681563687854,0.3466956229920875,0.1506265711032001,0.5100989777089805,0.5080670795848091,0.5645189773164546,1,10,0.9126541433477232,1.12922348316398,0.8,0.3466956229920875,0.3466956229920875,1,False,False,False,False,1e-07,0.9,-11.373917686787989
0.151882009637435,0.0005547943262982,106.65764603009733,0.7485140465954498,0.0072670027512329,0.3956324626536681,,3,1,0.1,0.9022903477656776,0.534457439777254,0.3690199713242602,0.2478031555220757,1.374838606426108,1.5275984515845644,1,10,1.6187962877778856,0.5943271267411457,0.8,0.534457439777254,0.534457439777254,1,False,False,False,False,1e-07,0.9,-17.571923055566597
0.1932082469351321,0.0184420752071631,1855.7610832555608,0.5508695269778914,-0.0093970211908335,0.883608561617145,,3,1,0.1,9.841878954684724,0.7257612300021062,0.0451504736589775,1.9328697276877584,0.1185505653689639,0.1317228504099599,1,10,0.5897180977815631,0.6992936697939777,0.8,0.7257612300021062,0.7257612300021062,1,False,False,False,False,1e-07,0.9,-15.036328442107552
0.2107626254675936,0.0283338880436456,53.676245916556745,1.6668361501289262,-0.0587573967130625,0.957081579461958,,3,1,0.1,-1.1406720059774778,0.2975209609050406,0.213030919509704,1.7908327303716771,0.0403587105980584,0.0448430117756205,1,10,1.3575672234858212,0.6216959024116242,0.8,0.2975209609050406,0.2975209609050406,1,False,False,False,False,1e-07,0.9,-0.9374608656072994
0.2697989090043496,0.0090055095408763,9.226426590150208,0.3959497301495163,0.0366309241154858,0.4165089830518949,,3,1,0.1,1.2871447255675112,0.6926047675260614,1.9759219850660688,0.7598308410646826,1.2608177413255564,1.4009086014728402,1,10,0.4611194624809414,1.3192902432500069,0.8,0.6926047675260614,0.6926047675260614,1,False,False,False,False,1e-07,0.9,-6.354507411696256
0.4662873818263123,0.0174607903327837,45.32770097476846,0.9177177168015256,0.0475802486492268,0.5729441690880117,,3,1,0.1,1.0225061621124596,0.4198121459772307,0.7512415872158128,1.8444482444346928,0.6708336842533578,0.7453707602815086,1,10,0.5264342609792104,1.7176236292161142,0.8,0.4198121459772307,0.4198121459772307,1,False,False,False,False,1e-07,0.9,-14.5915896343544
0.007001245434073,0.0001988157715547,47.42685695221461,0.911095669142661,0.0352241609045547,0.5607504299487701,,3,1,0.1,1.0136272688099393,0.4261105096320012,1.0152541786004432,0.4436433547485363,0.7049920819181962,0.7833245354646624,1,10,0.5429809634795049,0.1099764993261735,0.8,0.4261105096320012,0.4261105096320012,1,False,False,False,False,1e-07,0.9,-12.664046864371215
0.3634414287610663,0.0024243278743569,114.7183205642394,0.9181652655410248,0.0275134323371765,0.4195578149656603,,3,1,0.1,0.5803183622208675,0.3318587397615476,1.1754070148082771,0.8644632916422477,1.24511556666788,1.383461740742089,1,10,1.777980248100151,1.259988156470133,0.8,0.3318587397615476,0.3318587397615476,1,False,False,False,False,1e-07,0.9,-16.216699683120105
0.3404172330299382,0.0098761903751792,30.12640514813864,0.5604796771103172,0.0661444307898051,0.3388960164782313,,3,1,0.1,0.9320699241164984,0.5987216068905646,0.7392346336629296,1.3901337034223955,1.755681850004308,1.9507576111158973,1,10,1.3743301938645152,1.6714032431969952,0.8,0.5987216068905646,0.5987216068905646,1,False,False,False,False,1e-07,0.9,-10.823286850172334
0.0664676900030125,0.0055324043828625,16.088240422827973,0.8324614624062981,0.0259515115240504,0.7400776619807259,,3,1,0.1,2.1096215910638234,0.5023307317935853,1.7085381282933192,0.72462296967318,0.3160885893937967,0.3512095437708852,1,10,1.092395933435169,0.3904754621416966,0.8,0.5023307317935853,0.5023307317935853,1,False,False,False,False,1e-07,0.9,-17.04697291210033
0.5403748273713762,6.662305127246655e-06,101218.74286758184,1.4633498522658763,0.0002625791163973,0.3557444422348679,,3,1,0.1,0.2765175490643405,0.1765044382247129,0.4181774831695276,0.717003552283289,1.6299060031577557,1.811006670175284,1,10,0.6382568631625488,1.8641211523041576,0.8,0.1765044382247129,0.1765044382247129,1,False,False,False,False,1e-07,0.9,-10.56425627771794
0.5764467720408847,0.0193591790088003,20.89375219879188,1.472535315086976,0.0374316170731308,0.7157683970687614,,3,1,0.1,0.914243588728354,0.2465278857310061,1.2704200585287682,1.792238333216086,0.3573899653654871,0.3970999615172079,1,10,0.7384071904071573,1.7305381617795006,0.8,0.2465278857310061,0.2465278857310061,1,False,False,False,False,1e-07,0.9,-12.103243946061228
0.2938944753821498,0.0206586311881991,42.3725453914,0.3472178853451592,0.0417709454702943,0.4604232751160785,,3,1,0.1,2.109213804669458,0.981774894994225,0.3055997147756619,1.113876049256716,1.0547230747035947,1.1719145274484386,1,10,0.6722680611702272,1.3874572550098156,0.8,0.981774894994225,0.981774894994225,1,False,False,False,False,1e-07,0.9,-6.099710136310293
0.2244217200381591,0.0062522767656279,18.60413313832177,0.5652258074725117,0.0454332989386741,0.3669953415831719,,3,1,0.1,1.1096039230621333,0.6811851042023934,0.8678428164886489,1.9634345983441408,1.5523472045108608,1.7248302272342897,1,10,0.403496697974385,0.867077547660582,0.8,0.6811851042023934,0.6811851042023934,1,False,False,False,False,1e-07,0.9,-13.084923008168182
0.0042599025655365,0.0003194602000144,12.896833617624626,0.7776407419384256,0.077204869256074,0.5154457222868939,,3,1,0.1,1.3932960262643446,0.6300050799014701,1.311202490014929,1.1652961686554495,0.8460616338165389,0.9400684820183766,1,10,0.8298175080300482,0.0784298592057275,0.8,0.6300050799014701,0.6300050799014701,1,False,False,False,False,1e-07,0.9,-10.027150354246883
0.2803757758999,0.0054329239056478,5.436320609962641,0.2658342169068266,0.0031365254576813,0.6048819908198766,,3,1,0.1,3.8289625260128863,0.9713408576579348,1.662632781282928,0.3562345989246009,0.5878935290834347,0.6532150323149275,1,10,0.1347652843799062,1.9589764872446465,0.8,0.9713408576579348,0.9713408576579348,1,False,False,False,False,1e-07,0.9,-4.154166608435512
0.2798851525630332,5.043588082949414e-05,4708.396288377755,2.974579962338509,0.0025186622689345,0.42462263089349,,3,1,0.1,0.3363173431450689,0.1920931487197121,0.8228856491273209,1.9395052308071472,1.2195290465471,1.3550322739412222,1,10,0.3037734721324865,0.6891389438581157,0.8,0.1920931487197121,0.1920931487197121,1,False,False,False,False,1e-07,0.9,-19.36991051618287
0.0656626339114278,0.0006289222612622,152.6963707524831,1.863742994464168,0.0469818258041112,0.4427428183650216,,3,1,0.1,0.5577242160249963,0.3009745621472871,0.568599137252363,1.1278589013533464,1.1327828316302355,1.2586475907002617,1,10,1.6595383048816212,0.2963926762374097,0.8,0.3009745621472871,0.3009745621472871,1,False,False,False,False,1e-07,0.9,-7.567170071603533
0.2273772990554199,0.0186994048058926,6.708421400955927,0.5180026319014643,0.0373684500275088,0.5857877839920707,,3,1,0.1,2.828914020987229,0.7703233581932921,1.4539811183040507,1.3293619783894213,0.6363925718399457,0.7071028575999396,1,10,0.5637504532526622,0.8215370906854395,0.8,0.7703233581932921,0.7703233581932921,1,False,False,False,False,1e-07,0.9,-3.179834302647567
0.2633289195204049,6.761161634126458e-05,78.71972889575144,0.7199098437933602,0.0007784830146618,0.360108771024147,,3,1,0.1,0.6905179302608158,0.4346590890111045,1.219284680805925,0.1146836314736629,1.5992448738207787,1.776938748689754,1,10,1.7179733781677753,1.06957955910443,0.8,0.4346590890111045,0.4346590890111045,1,False,False,False,False,1e-07,0.9,-15.017206275469192
0.0083610996727039,0.0001427343216764,23.75435485515577,5.816580745183599,0.1567227102006312,0.7514109974776461,,3,1,0.1,0.6038662620945966,0.1285521836839311,1.2479527207788506,1.7655598899413014,0.2977466433431783,0.3308296037146426,1,10,1.372429463766164,0.0896829360990645,0.8,0.1285521836839311,0.1285521836839311,1,False,False,False,False,1e-07,0.9,-2.705217088602147
0.1981565215118678,0.0011195973410697,13.334299476881492,0.3953337967336471,0.0067386210807958,0.3561181549416912,,3,1,0.1,1.3292679607417648,0.8303732382261153,0.8444676633540215,0.2559105887369732,1.6272511033518102,1.808056781502012,1,10,1.7454670641790822,0.8676496921582075,0.8,0.8303732382261153,0.8303732382261153,1,False,False,False,False,1e-07,0.9,-15.403832447064152
0.2786734390216654,2.2489726586464058e-05,62.46829118489449,0.6235466242755202,9.945001379005878e-06,0.7293168086687726,,3,1,0.1,2.308203595532595,0.4705771828839458,1.0131088332217872,0.0143109419627935,0.3340316160308669,0.3711462400342966,1,10,0.449176679643662,1.246378770943933,0.8,0.4705771828839458,0.4705771828839458,1,False,False,False,False,1e-07,0.9,-5.136831693652816
0.284752944343263,0.0110577976545151,7.60558643254852,0.3931578234452991,0.0519671408399717,0.3503869630027459,,3,1,0.1,1.2683936202338046,0.8039887712275832,1.3931028384437911,0.9797824396240392,1.66858871770565,1.8539874641173888,1,10,0.8785702803683774,1.4027602719363643,0.8,0.8039887712275832,0.8039887712275832,1,False,False,False,False,1e-07,0.9,-17.887011154538808
0.1331687442854534,0.001566471452465,18.15559227587065,0.5408092485657636,-0.001146693027363,0.929031935717426,,3,1,0.1,44.2204387862638,0.7302146798543412,0.898676679795838,0.1716553681352161,0.0687503361281045,0.0763892623645606,1,10,0.2474723607274905,0.5921113831794078,0.8,0.7302146798543412,0.7302146798543412,1,False,False,False,False,1e-07,0.9,-12.457858449961964
0.3122601398866744,0.0079820525533127,65.47552726004264,0.4337139703271316,0.0091244218226983,0.5960166538583953,,3,1,0.1,2.4654540821112447,0.686631358039,0.3874758516515909,0.8994262228463896,0.6100249198973333,0.6778054665525926,1,10,0.118590678325131,1.5891757079076765,0.8,0.686631358039,0.686631358039,1,False,False,False,False,1e-07,0.9,-3.2613642108783942
-0.1152399180611613,2.7478287182123226e-15,70973839397922.0,-0.1654087018379927,2.138686932400291e-12,0.3420455136467885,,3,1,0.1,0.0941007304862201,0.0604799537533003,0.1085082576297411,0.3053581247110888,1.731228781235764,1.9235875347064044,1,10,1.08675762921873,1.9220322913592631,0.8,0.0604799537533003,0.0604799537533003,1,False,False,False,False,1e-07,0.9,-1.3574562925138558
0.3678648715207646,0.0276686703679008,57.07187144609504,0.905178248315446,-0.0175883544851815,0.8368452182017282,,3,1,0.1,3.154218566579508,0.4348040786789162,0.3443612060412839,0.9718023953271688,0.1754676975199586,0.1949641083555096,1,10,1.8337985297154047,1.1430359708547837,0.8,0.4348040786789162,0.4348040786789162,1,False,False,False,False,1e-07,0.9,-14.378355417454902
0.3712334815983434,0.0182982954501504,15.59326141480316,1.4433890414874877,0.0793534073522596,0.6564523423946946,,3,1,0.1,0.9365746407745904,0.2824116137071049,1.4365415611421128,1.2213478022922637,0.4710058474570441,0.5233398305078268,1,10,1.6777324116976904,1.04734164546124,0.8,0.2824116137071049,0.2824116137071049,1,False,False,False,False,1e-07,0.9,-4.412889296247846
0.6913115155215173,6.24759881429545e-07,303094.2782344001,3.531860489094352,6.359254249685004e-05,0.4262758532741802,,3,1,0.1,0.1841062061581311,0.1050561306098144,1.0873484288640405,1.6593261297064006,1.2113088932605351,1.3458987702894836,1,10,1.040660771563463,1.698968005969868,0.8,0.1050561306098144,0.1050561306098144,1,False,False,False,False,1e-07,0.9,-14.463423317835543
0.0722156565572559,0.0012500050898728,39.56575687622614,1.1178249267111815,0.0434503705294949,0.4149422760905025,,3,1,0.1,0.8358964604651817,0.4795572137560663,1.5440635776938831,1.8786159234030133,1.2689763898718829,1.4099737665243144,1,10,0.3865571644560278,0.3273644489319002,0.8,0.4795572137560663,0.4795572137560663,1,False,False,False,False,1e-07,0.9,-17.52641229293104
0.3362751705718025,0.0316139402679472,7.706099923857256,0.6935099959394329,-0.0141380230567047,0.8135989450563105,,3,1,0.1,9.307861616763402,0.5388947764172213,1.6606254428755702,1.0631444940443768,0.2061961246000751,0.2291068051111945,1,10,0.8743308814105918,1.2461896839521218,0.8,0.5388947764172213,0.5388947764172213,1,False,False,False,False,1e-07,0.9,-3.411902526502661
0.4801967260892112,5.243352237299926e-06,13642.556210512204,3.465539961860723,0.0009434846111635,0.5727442879491369,,3,1,0.1,0.1914991377133198,0.0811105814273435,1.6008955817299657,0.9227564648053864,0.6713818870593877,0.7459798745104308,1,10,1.7688562142556463,0.955917719371789,0.8,0.0811105814273435,0.0811105814273435,1,False,False,False,False,1e-07,0.9,-12.556066139085292
0.2291033948438651,3.583644682575296e-05,6415.558393468753,4.84886633405963,0.0043634883293735,0.4962607949273755,,3,1,0.1,0.264212529519454,0.128972644255109,0.4013333089373999,1.900291388272996,0.9135625646827672,1.0150695163141856,1,10,1.1277240803770696,0.5501989019493084,0.8,0.128972644255109,0.128972644255109,1,False,False,False,False,1e-07,0.9,-4.102974247895894
0.0756919608292168,0.0037827130390169,11.407486229654108,0.60484540054145,0.072287731095322,0.3775025001303391,,3,1,0.1,1.2464744439909854,0.7428868783783348,1.8230288550782927,1.5986881267305002,1.48409017076512,1.648989078627911,1,10,0.7417971177443106,0.3649235173699943,0.8,0.7428868783783348,0.7428868783783348,1,False,False,False,False,1e-07,0.9,-10.579893674937685
0.3434474545969563,0.0064262307941484,49.42449638326168,0.7640530527978578,0.0541707328000603,0.3811971559559297,,3,1,0.1,0.7763640820157836,0.4577300576529832,0.7881816090975016,1.1072485607237366,1.460982987249908,1.6233144302776756,1,10,1.3186992871692282,1.3215234950262698,0.8,0.4577300576529832,0.4577300576529832,1,False,False,False,False,1e-07,0.9,-5.971204072459242
0.28370380778811,0.0083184513808436,36.94027458452212,1.1852559119796369,0.089875874438531,0.4499261690303582,,3,1,0.1,0.710862487544024,0.3823772624869992,0.918368083352527,1.686939366643669,1.1003281914888428,1.2225868794320476,1,10,1.8352043538242584,0.8460887986170035,0.8,0.3823772624869992,0.3823772624869992,1,False,False,False,False,1e-07,0.9,-14.139153916376555
0.5347968151745379,4.154160334626549e-08,895930.4626398045,2.087789190533676,3.1624319067318944e-06,0.3621706907663706,,3,1,0.1,0.211537084144728,0.1339668182300911,1.3842209728600885,1.266995880454478,1.585016106895775,1.7611290076619726,1,10,0.0384302844374122,1.514484181568623,0.8,0.1339668182300911,0.1339668182300911,1,False,False,False,False,1e-07,0.9,-10.716479567000892
0.433546438770967,0.0005477865115664,176.0440792884361,3.0434952226899035,0.0268670914341894,0.7580645217041065,,3,1,0.1,0.4067224096085238,0.0900873046324673,1.6144692853813245,0.570225493090438,0.2872340338218529,0.3191489264687254,1,10,0.3804846413308214,0.9416132723522448,0.8,0.0900873046324673,0.0900873046324673,1,False,False,False,False,1e-07,0.9,-3.3411476164396987
0.2194348183513736,0.0054968659305929,543.7037966924148,0.4802573396712637,0.0375588058864539,0.3567269544697691,,3,1,0.1,1.2029880370185166,0.7311552599589455,0.0921992441448052,0.6083674978454103,1.6229380306787853,1.803264478531984,1,10,1.36600335200951,0.8932105706184171,0.8,0.7311552599589455,0.7311552599589455,1,False,False,False,False,1e-07,0.9,-7.3491096100391005
0.1742060579803934,0.0099325311056858,10.778927066001623,0.5681849083545422,0.0957441721053337,0.3463155100979279,,3,1,0.1,1.1779332963085902,0.7380346366627094,1.0880936849628626,1.5725355905370637,1.698786290990855,1.8875403233231725,1,10,1.5798217123078968,0.6602499971077097,0.8,0.7380346366627094,0.7380346366627094,1,False,False,False,False,1e-07,0.9,-9.419638244564451
0.1890489086078601,0.0245129133072221,7.870891843259753,0.4442933323629972,-0.002035757174061,0.824448891866298,,3,1,0.1,6.537852441024668,0.9007039186076652,0.6824600426358387,1.5166199119680246,0.1916383160667215,0.2129314622963572,1,10,1.682169458626839,0.6967939062178037,0.8,0.9007039186076652,0.9007039186076652,1,False,False,False,False,1e-07,0.9,-19.653637744770403
0.7948299047015547,9.675879240966505e-09,4156879.6812408175,4.2773355386970735,4.464436150477081e-06,0.53489636763477,,3,1,0.1,0.1286319408619592,0.0594843452179272,1.4390711192629375,1.4114747223035848,0.7825689132638207,0.8695210147375786,1,10,0.2073357643517813,1.9038495846327943,0.8,0.0594843452179272,0.0594843452179272,1,False,False,False,False,1e-07,0.9,-11.938027213177747
0.3790647039353642,0.0200798062600359,11.027522360009664,0.7135045983681477,0.0238564886827009,0.6472318146738063,,3,1,0.1,1.5776565508636518,0.5248743216290795,1.8101887459064487,1.79606706271469,0.4905373308226275,0.5450414786918084,1,10,0.4376635040668685,1.350411656765253,0.8,0.5248743216290795,0.5248743216290795,1,False,False,False,False,1e-07,0.9,-16.921635251983783
0.0160025845749381,2.691386500274361e-05,281.37517831220583,1.3039367107641566,0.0073374576273405,0.3818908327073423,,3,1,0.1,0.5766647468567142,0.3509059050108445,0.9592402737496012,0.3560343274933224,1.4566944344267738,1.618549371585304,1,10,1.1492130285979651,0.1492251243862729,0.8,0.3509059050108445,0.3509059050108445,1,False,False,False,False,1e-07,0.9,-13.95944327163942
0.0487804598753648,0.0003844904634472,476.0764853212732,1.1717899687632212,0.017456819284521,0.4728626504008489,,3,1,0.1,0.9019478656757518,0.4313843855085862,0.175575198344358,0.2674444023381646,1.003301094381347,1.114778993757052,1,10,0.8232003044651153,0.2670913682372711,0.8,0.4313843855085862,0.4313843855085862,1,False,False,False,False,1e-07,0.9,-4.17519749033932
0.0041098220509807,0.0001698981786885,16.707873671149017,3.596531738488041,0.0735760631376172,0.8510427290423832,,3,1,0.1,1.340117217311427,0.1860325471765982,1.0682164473244238,1.042871452225521,0.1575262196443472,0.1750291329381635,1,10,1.1593883626540578,0.0675846508845591,0.8,0.1860325471765982,0.1860325471765982,1,False,False,False,False,1e-07,0.9,-15.61487575216807
0.1260369423452225,0.0108368603971529,56.44714459955974,0.6157595876774604,0.0561479703064749,0.5560740495194424,,3,1,0.1,1.7337213377444354,0.7327936912985371,0.2345980088132995,1.333491894238903,0.7184894813519486,0.7983216459466095,1,10,0.8002712967876081,0.4988741384588138,0.8,0.7327936912985371,0.7327936912985371,1,False,False,False,False,1e-07,0.9,-19.17139777406568
0.2630164243473729,0.0011304532240958,732.643533538784,0.7338241679587362,0.0032288704558497,0.6053367949218045,,3,1,0.1,1.1942547194265984,0.4532400901573153,0.1759869378007471,0.1416178835509701,0.5867756388677136,0.6519729320752373,1,10,0.864587814800397,1.024322235132452,0.8,0.4532400901573153,0.4532400901573153,1,False,False,False,False,1e-07,0.9,-18.114422036382297
0.4561525503498407,0.0040969997247165,183537.9607244468,1.1478436623953925,0.0413691564862657,0.4344744705883128,,3,1,0.1,0.5722699349289235,0.3163097656715266,0.0170567072153591,1.2083123800569036,1.1714680859874886,1.301631206652765,1,10,1.605287578133503,1.567461482976192,0.8,0.3163097656715266,0.3163097656715266,1,False,False,False,False,1e-07,0.9,-10.738894287873698
0.1600834248180413,0.0090606104556426,12.524908253272445,0.6813526712325453,0.1006387891957132,0.3895103766921329,,3,1,0.1,1.1667402156259945,0.6165980123407623,1.5620723191319312,1.4422902454769926,1.4105931288484148,1.567325698720461,1,10,1.0784504667676351,0.5964746746234474,0.8,0.6165980123407623,0.6165980123407623,1,False,False,False,False,1e-07,0.9,-2.9285486720138785
0.2944803384435419,0.0009053584251679,49.51410692503865,0.5268402193668366,0.0063814458965172,0.4136606426797316,,3,1,0.1,0.7729022291828883,0.4446208510838894,1.8701350733128663,0.2383557121780108,1.2756964698640834,1.4174405220712036,1,10,0.8143456764824164,1.453088285929895,0.8,0.4446208510838894,0.4446208510838894,1,False,False,False,False,1e-07,0.9,-16.602595882735343
0.3563304344657306,0.0367431340261219,17.917255259397894,0.3036529179002527,-0.0211716263087661,0.8650773403896801,,3,1,0.1,10.044335925421434,0.940470446803525,0.5476617580939,1.482306090997347,0.1403694074273043,0.1559660082525603,1,10,0.9964255696688176,1.7748888105913856,0.8,0.940470446803525,0.940470446803525,1,False,False,False,False,1e-07,0.9,-19.703683172038925
0.4951633666162379,0.0326449267704762,10.28064718412316,0.9763144900656052,0.0839408718665311,0.5838115820528862,,3,1,0.1,1.0675560097457295,0.4119380249347226,1.7856712680879736,1.938269064434737,0.6415932599954328,0.7128813999949253,1,10,1.2913195815754333,1.7414096448274607,0.8,0.4119380249347226,0.4119380249347226,1,False,False,False,False,1e-07,0.9,-7.932326261754802
0.2999434505998969,0.0134040053241317,17.895418832282086,0.878198844045134,0.0310317046938971,0.6352511023761148,,3,1,0.1,1.4444249330359802,0.4866323424206653,1.2760192040525216,1.7348758879001125,0.5167625945608113,0.5741806606231237,1,10,0.3662558612220337,0.9239597920380596,0.8,0.4866323424206653,0.4866323424206653,1,False,False,False,False,1e-07,0.9,-11.101934569356237
0.2933269478623136,0.0007066678267865,23.09966306130881,0.4971128579778059,0.0048960953226818,0.3557545830414106,,3,1,0.1,0.9568749698215968,0.5590898433593741,1.6100828391873052,0.8469368338288874,1.6298338880295962,1.8109265422551069,1,10,0.0377476361094512,1.5144337382485018,0.8,0.5590898433593741,0.5590898433593741,1,False,False,False,False,1e-07,0.9,-3.3172923641732943
0.1742308111647652,0.0026206477908344,79.40545978324774,0.779545923653356,0.0140857582705501,0.5587746194759664,,3,1,0.1,1.2595078637839807,0.5342350618123775,0.5079977957783239,1.8402207307395928,0.7106672862916429,0.7896303181018254,1,10,0.0952190663746145,0.6385529467945993,0.8,0.5342350618123775,0.5342350618123775,1,False,False,False,False,1e-07,0.9,-17.494344073456297
0.0049176082082019,2.385307289567552e-06,1136.1802813908428,4.684400069140823,0.0088860494396944,0.4816657894035726,,3,1,0.1,0.3020158057856374,0.1549288061166339,1.7025669806300598,1.7983684564094786,0.9685155138678908,1.076128348742101,1,10,1.4269442280390237,0.0700847774927593,0.8,0.1549288061166339,0.1549288061166339,1,False,False,False,False,1e-07,0.9,-13.94378874649242
0.4410469866748874,2.655018775138367e-05,12126.914302952482,1.819404591992359,0.0010553310235258,0.3491387194639404,,3,1,0.1,0.3041376705727419,0.1965120582339228,0.608032967302396,1.3946511025542414,1.6777719566075049,1.864191062897228,1,10,1.8011502178993462,1.2463102882306063,0.8,0.1965120582339228,0.1965120582339228,1,False,False,False,False,1e-07,0.9,-14.497173281727983
0.31095175208558,0.0084593254514434,11.153595292214495,0.3589884716811362,0.0274374457725257,0.3964849996862719,,3,1,0.1,1.996471694171969,0.800357620879546,1.1181963702950075,1.1200178340810587,1.369947162470576,1.5221635138561953,1,10,0.1488319397983476,1.957724062814174,0.8,0.800357620879546,0.800357620879546,1,False,False,False,False,1e-07,0.9,-1.566063322248766
0.3902928979889548,0.0326707746573517,54.60894159701977,0.5500333772083517,-0.0359221771511597,0.915862929828066,,3,1,0.1,47.262819825872576,0.5988509218684279,0.3733949928146597,1.6502978363396676,0.0826797992238381,0.0918664435820423,1,10,0.613868448711411,1.45873863562469,0.8,0.5988509218684279,0.5988509218684279,1,False,False,False,False,1e-07,0.9,-7.674449104615444
0.2939861375558659,0.0168861012455406,8.846202916154517,0.4200373579881323,0.060780280287614,0.3885245186853546,,3,1,0.1,1.463563647939802,0.8640007091296074,0.9561610203340076,1.706343294512351,1.4164561223711654,1.5738401359679617,1,10,0.6744162032370622,1.3295087966642951,0.8,0.8640007091296074,0.8640007091296074,1,False,False,False,False,1e-07,0.9,-15.882835659817069
0.2576146244417188,7.692914286887671e-09,5404746.578769427,9.031557614828095,5.695843564753945e-06,0.4419423140221339,,3,1,0.1,0.140952416881941,0.0765730612447719,0.8012539578411894,1.7385711338305705,1.136464876623977,1.2627387518044193,1,10,1.6177707117054851,0.5498327489223369,0.8,0.0765730612447719,0.0765730612447719,1,False,False,False,False,1e-07,0.9,-2.2860825723303115
0.3609428728361543,0.0020748945836914,116.12009619301182,1.1209123136736026,0.0034259027506389,0.7065760147151476,,3,1,0.1,1.2668139697324388,0.3414746147377895,1.0104682050627232,0.9286843167502437,0.373748303447337,0.4152758927192633,1,10,0.0436594515811765,1.132534646514889,0.8,0.3414746147377895,0.3414746147377895,1,False,False,False,False,1e-07,0.9,-10.107945537772578
0.2166219637765093,0.0107988428172018,6.290728286815847,0.3925678891285236,-0.0024950561625919,0.8250062872458668,,3,1,0.1,7.307912429273586,0.9113872664992528,1.5197024185469206,1.1770004901045674,0.1909007772589055,0.2121119747321173,1,10,0.2810799679727414,0.8540125096656301,0.8,0.9113872664992528,0.9113872664992528,1,False,False,False,False,1e-07,0.9,-14.953868927499885
0.2246331930062912,0.0012714929508181,15.98353217092936,0.4269586271010907,0.0081114673904464,0.3673575240944952,,3,1,0.1,1.1157722620611523,0.6801860646673358,1.252759986707729,0.225398291899001,1.5499294038373732,1.7221437820415255,1,10,0.5315759323891067,1.0167097135023844,0.8,0.6801860646673358,0.6801860646673358,1,False,False,False,False,1e-07,0.9,-10.848716044468512
0.2176048920839861,0.0179454528057716,5.109811878735815,0.3982865290856625,-0.0095678284532369,0.8786771394666879,,3,1,0.1,23.183223639273265,0.8884526983183029,1.8556794322601025,0.949844722314586,0.1242670027198544,0.1380744474665049,1,10,0.7371879208825445,0.9222058779711084,0.8,0.8884526983183029,0.8884526983183029,1,False,False,False,False,1e-07,0.9,-9.405604895379822
0.1881428691951796,0.0245886662162289,6.438674045201499,1.2663663402190992,0.0560596903021654,0.766723194047682,,3,1,0.1,2.9562261808567984,0.3815780266433267,1.7356325039196168,1.8562409791509915,0.2738264956466538,0.3042516618296154,1,10,1.6806564967426842,0.5982926568364083,0.8,0.3815780266433267,0.3815780266433267,1,False,False,False,False,1e-07,0.9,-2.8077027616728465
0.1840540286734535,0.0211062996856186,7.699049609355832,0.5765600505771231,0.0316071525174174,0.6800612645503076,,3,1,0.1,3.208834055230351,0.7506251120288528,0.9630095831836823,1.5739535062808545,0.4234101792213198,0.4704557546903553,1,10,0.9744381593755248,0.6495402346515702,0.8,0.7506251120288528,0.7506251120288528,1,False,False,False,False,1e-07,0.9,-5.934732184226487
0.2965342185290543,0.0181319082444038,13.760211294885888,0.5360086371399162,-0.0021352052764898,0.78179153493831,,3,1,0.1,11.188476356173698,0.6734518645386847,0.8391844827771279,1.279675184479631,0.2512020273678427,0.2791133637420475,1,10,0.3283426125011351,1.08102514428833,0.8,0.6734518645386847,0.6734518645386847,1,False,False,False,False,1e-07,0.9,-3.3319154822671493
0.7745728727428544,1.267401607591229e-06,101925.880788059,3.4906987096474977,0.0002235896928001,0.5404346185342397,,3,1,0.1,0.1640650928749683,0.0750295817207426,0.88338432863047,1.6365724874983183,0.7653263302061759,0.8503625891179732,1,10,1.1456584922046986,1.927949105351706,0.8,0.0750295817207426,0.0750295817207426,1,False,False,False,False,1e-07,0.9,-18.026045446962616
0.509388299636659,3.5599724998238496e-05,4043.282552886421,1.6518426284945882,0.0011484049413611,0.3381871986661544,,3,1,0.1,0.3162979310600803,0.2067167276732365,1.707795753735101,1.9537764658553152,1.761247982033897,1.9569422022598857,1,10,1.2663269786169526,1.7781037903189516,0.8,0.2067167276732365,0.2067167276732365,1,False,False,False,False,1e-07,0.9,-8.461379522085897
0.4248687260870818,0.000793468465318,3181.37601606073,2.2859010791476053,0.0174787334938853,0.4934227149040288,,3,1,0.1,0.3998939210196286,0.1999839994941523,0.2114126355732678,1.3019792606154184,0.9239938551978722,1.026659839108747,1,10,0.7757154104435336,1.0367870125757437,0.8,0.1999839994941523,0.1999839994941523,1,False,False,False,False,1e-07,0.9,-15.216927521465294
0.2656057979476192,7.808124497220376e-05,394.2439016114258,0.758421663542633,0.0008267661625447,0.3880755524961379,,3,1,0.1,0.6989732583931227,0.419149153943973,0.330596779252403,0.1003287173162166,1.4191360399054167,1.5768178221171296,1,10,1.5609028919824908,1.0587516489375373,0.8,0.419149153943973,0.419149153943973,1,False,False,False,False,1e-07,0.9,-13.267261489326009
0.2971030179585314,0.0028533428214027,103.6042640864077,0.6085587203376075,0.0170055780035442,0.5422917726472172,,3,1,0.1,0.7468297938553448,0.3274124622205149,1.4157146499957185,0.3548885842611375,0.7596231869914177,0.8440257633237974,1,10,0.8717366391401628,1.2713971107630178,0.8,0.3274124622205149,0.3274124622205149,1,False,False,False,False,1e-07,0.9,-9.197176245089222
0.3010103454955006,0.0167735170729326,20.57597910138049,0.3735504050428574,0.006786481665572,0.6672255657000269,,3,1,0.1,3.336310468625282,0.8179141641343138,0.5498699321244395,0.6379816873668804,0.4488691774808647,0.4987435305342941,1,10,1.7224317958538755,1.4818119036743542,0.8,0.8179141641343138,0.8179141641343138,1,False,False,False,False,1e-07,0.9,-6.22847041097247
0.1791584837789698,0.0059502597161395,28.598648633028684,1.552156984854239,0.084688230809745,0.5804239223328624,,3,1,0.1,0.7155790015459573,0.2922458705753653,1.5282322250852491,1.2067897342203893,0.6505908102179612,0.7228786780199569,1,10,1.3829597454684257,0.575165327490547,0.8,0.2922458705753653,0.2922458705753653,1,False,False,False,False,1e-07,0.9,-15.184108403977458
0.3441087551830659,0.000211811295786,8776.950346795713,0.7363783507669667,0.0026705935280291,0.3406896785176098,,3,1,0.1,0.5718026131966553,0.372482818056795,0.1021110004929054,1.1562909720228849,1.741700223840155,1.935222470933506,1,10,0.077438478580375,1.6504615288492408,0.8,0.372482818056795,0.372482818056795,1,False,False,False,False,1e-07,0.9,-16.080133486168982
0.2879609254115275,0.0310201303886335,41.34788198036485,0.481540746568904,0.1009776269747487,0.4350686783314774,,3,1,0.1,1.5631622425977918,0.837740883097987,0.2926782954554353,1.915811773154432,1.1686389180015693,1.2984876866684103,1,10,1.963105132587452,1.10357928232306,0.8,0.837740883097987,0.837740883097987,1,False,False,False,False,1e-07,0.9,-12.566233386777412
0.2803546047259554,0.0010396256996711,39.81354885267727,0.553077141476599,0.0049799008626535,0.4587831000772176,,3,1,0.1,1.0080747053274388,0.5154826202888647,1.048543735691833,0.1887929221962527,1.0617113181556197,1.179679242395133,1,10,1.309210501358372,1.2985025105862738,0.8,0.5154826202888647,0.5154826202888647,1,False,False,False,False,1e-07,0.9,-7.919240061800771
0.2787993953885204,1.211692143426662e-05,12.604425362422845,0.3936810328628179,6.786075558459133e-05,0.3476851640311216,,3,1,0.1,1.0703049419303587,0.6740121713197923,1.8160841468104365,0.0283091947504069,1.6885487593581652,1.8761652881757391,1,10,1.935752837504913,1.595027636279939,0.8,0.6740121713197923,0.6740121713197923,1,False,False,False,False,1e-07,0.9,-10.380049111407711
0.238729987727312,0.015588868572189,76.05944303393676,0.4096292517450653,0.0123420247112769,0.6542953865450715,,3,1,0.1,-3.301414267952428,0.858568726897585,0.2052566288978427,0.4550706407732421,0.4755255172321212,0.528361685813468,1,10,0.4421249448964604,0.9761531452798334,0.8,0.858568726897585,0.858568726897585,1,False,False,False,False,1e-07,0.9,-0.9273515171960938
0.6846998296197991,6.9107223810922406e-06,23143.44544424283,3.077730656032524,0.0004681303284702,0.446466293236076,,3,1,0.1,0.2163367693869132,0.1171816438681726,1.857687423791327,1.8286674524291944,1.1158296687452522,1.2398107430502805,1,10,1.1010294243258252,1.7686615164016752,0.8,0.1171816438681726,0.1171816438681726,1,False,False,False,False,1e-07,0.9,-4.4073255139769145
0.1079329547898347,0.0001261274495162,47.36205063078864,0.7531759132338103,0.0018544153444631,0.4432009399858669,,3,1,0.1,1.0086587336847952,0.5296640697777117,1.6806349929888011,0.0881990258424145,1.1306816136912972,1.2563129041014411,1,10,0.369044098796947,0.4726189532990345,0.8,0.5296640697777117,0.5296640697777117,1,False,False,False,False,1e-07,0.9,-7.409532106715968
0.1640691309683506,0.0272396451623482,4.180857325864959,0.444017357006323,0.0807544786637339,0.5346570442430858,,3,1,0.1,4.2629570635353,0.9580610839654278,1.40686610704127,1.956577964653784,0.7833220654076118,0.870357850452902,1,10,1.5987509633783503,0.6226236440119928,0.8,0.9580610839654278,0.9580610839654278,1,False,False,False,False,1e-07,0.9,-2.1289686989806285
0.0368532686280208,0.0005513944218202,575.7383070150322,1.3725833087040966,0.0568198337894973,0.38371844811487,,3,1,0.1,0.6536408688046766,0.3971308053618086,0.1471852718176148,1.5040477883212164,1.445469717240636,1.6060774636007067,1,10,1.4153448593510929,0.2244374411134893,0.8,0.3971308053618086,0.3971308053618086,1,False,False,False,False,1e-07,0.9,-17.48699541796268
0.0065809208766067,4.310848492446655e-06,2044.677590239821,5.354466815992654,0.0102850779722231,0.6072585165337212,,3,1,0.1,0.347761170550127,0.1348103136656532,0.2808390147554198,0.4882820120586628,0.5820706099558224,0.646745122173136,1,10,1.7901614338714376,0.0801722887802939,0.8,0.1348103136656532,0.1348103136656532,1,False,False,False,False,1e-07,0.9,-16.085076056955362
0.3221876906155891,0.0066242713690038,32653.401629102864,0.5084731742905301,0.0403329650749169,0.3483236290906704,,3,1,0.1,1.0224138132769254,0.6210913196198652,0.0189436273486184,1.2025267871662833,1.6838040397934806,1.870893377548312,1,10,0.4221656713008465,1.660277208093487,0.8,0.6210913196198652,0.6210913196198652,1,False,False,False,False,1e-07,0.9,-4.89448892776206
0.0732867509167341,0.0034749440154211,18.989515999936103,0.9990730563719008,0.0563345377087788,0.568271826159968,,3,1,0.1,1.3182451156695316,0.4805940848365778,1.789038630791355,1.308933999992404,0.6837491119023924,0.7597212354471027,1,10,0.3877973834049645,0.3449192522664133,0.8,0.4805940848365778,0.4805940848365778,1,False,False,False,False,1e-07,0.9,-4.06670664097086
0.3807477291459867,0.002183314153355,11647.24688845682,1.1069603858250767,0.028123572713305,0.3905585641780287,,3,1,0.1,0.5611854319144517,0.3353089986335903,0.0684586065297338,1.1506922974120315,1.4043919210788367,1.560435467865374,1,10,1.2223878701003117,1.269970081834403,0.8,0.3353089986335903,0.3353089986335903,1,False,False,False,False,1e-07,0.9,-10.967821937734964
0.21873505567275,0.0072722017163307,19.00076520610056,3.06817935775969,0.012516631609803,0.8959151925110385,,3,1,0.1,1.998129429144355,0.1838631388472147,1.0151789393708497,1.686091435785688,0.1045593684794124,0.116177076088236,1,10,0.5539222060806619,0.5564827005019568,0.8,0.1838631388472147,0.1838631388472147,1,False,False,False,False,1e-07,0.9,-13.650732266471426
0.1848648332910278,1.0410763707792508e-08,4135329.642334466,5.710027768845715,4.12782731441712e-06,0.3545625286900543,,3,1,0.1,0.1769927745228498,0.1134635646603626,1.3080724805109505,1.4268979765166774,1.6383392975142823,1.820376997238092,1,10,0.8951670857052719,0.4691759405330222,0.8,0.1134635646603626,0.1134635646603626,1,False,False,False,False,1e-07,0.9,-9.197065764529588
0.3356522744100821,0.0051316500926966,47.46337634559087,0.7906008205552311,-0.0051275103236411,0.8567722429937512,,3,1,0.1,4.922760863761124,0.421965874389751,1.2395829204512523,0.281653560014467,0.1504541987205393,0.1671713319117103,1,10,1.5039710554879744,1.497350510493345,0.8,0.421965874389751,0.421965874389751,1,False,False,False,False,1e-07,0.9,-6.286313847318411
0.0932373207270746,0.0088510672552725,8.12913108530816,0.4352808260451136,0.0565327897963073,0.4842085687546051,,3,1,0.1,2.240443096414737,0.994023137905476,0.710165388404639,1.1149891050419654,0.9587031665193768,1.0652257405770853,1,10,1.4499177037518929,0.4280881504764081,0.8,0.994023137905476,0.994023137905476,1,False,False,False,False,1e-07,0.9,-6.673905923168368
0.164902302583072,0.0097923179996011,67.54292339599024,0.734484505798167,0.0114232099132502,0.7576374891891398,,3,1,0.1,2.927721278153967,0.6158381775613551,0.2471985698667635,0.7164492018155703,0.2879032028407456,0.3198924476008284,1,10,0.4910204691115221,0.5847238899708769,0.8,0.6158381775613551,0.6158381775613551,1,False,False,False,False,1e-07,0.9,-14.573749117440125
0.1220551402217409,0.0019834359428963,17.206237798484867,0.5538079491050728,0.0127602947160274,0.4911055402925275,,3,1,0.1,1.6197539639641076,0.780520046599781,0.8311886811298601,0.8943574825609635,0.9325999732438656,1.0362221924931838,1,10,0.0953206803029288,0.504740081478053,0.8,0.780520046599781,0.780520046599781,1,False,False,False,False,1e-07,0.9,-14.187086036799336
0.3809343817993588,0.0248559685193519,15.645439249073736,0.5689186734783915,0.0882924222135813,0.4344099302819953,,3,1,0.1,1.1654147378021598,0.6380107934042285,0.907643826988446,1.4037660500672666,1.171775844110582,1.301973160122869,1,10,1.844314499285451,1.810310748148139,0.8,0.6380107934042285,0.6380107934042285,1,False,False,False,False,1e-07,0.9,-15.282034407077944
0.2842206244866019,0.0094046786262931,37.69141940600586,1.2899364950500347,0.0430667248706433,0.6510805535727012,,3,1,0.1,1.4292708903558704,0.3179866768553979,0.8146242410141002,0.5528997144375957,0.4823174337820302,0.5359082597578113,1,10,1.5693442679736411,0.8641453588048029,0.8,0.3179866768553979,0.3179866768553979,1,False,False,False,False,1e-07,0.9,-1.637446217662891
0.3360676064191722,0.0002946697421757,6416.254535069499,1.0763869853800994,0.0036650393799561,0.4425432549490031,,3,1,0.1,0.5554564480055928,0.3012301712196518,0.1585272806751032,0.2514361266849198,1.1336995083197292,1.2596661203552546,1,10,1.828924266737806,1.159311443748111,0.8,0.3012301712196518,0.3012301712196518,1,False,False,False,False,1e-07,0.9,-8.801669815296451
0.3471754472676017,4.265155299481259e-05,90174.18743792117,1.9648954522671336,0.0016676324268808,0.405097089100604,,3,1,0.1,0.3347882291140511,0.1977513211462274,0.1154098964772519,0.4945237834491308,1.3216896250678545,1.4685440278531714,1,10,0.5576771719014494,0.8892345694985677,0.8,0.1977513211462274,0.1977513211462274,1,False,False,False,False,1e-07,0.9,-18.95133506495788
0.4848841478574486,0.0116897740107728,43.7548176301372,1.3531598621001972,0.0720874972472914,0.5844763419663115,,3,1,0.1,0.7622158546498374,0.2608060334814667,0.9414914039501366,0.9535267904957166,0.6398399137460296,0.7109332374955883,1,10,1.982269336513233,1.4982987533677423,0.8,0.2608060334814667,0.2608060334814667,1,False,False,False,False,1e-07,0.9,-2.078031794452425
0.1117892820234366,0.0021593728817191,70.43573169385765,1.3177065114215896,0.0329455926204947,0.633224749516198,,3,1,0.1,0.8317177249646279,0.2832532104520989,1.3298699156883895,0.4740628281630434,0.521296310176799,0.5792181224186655,1,10,1.3209971301893704,0.4815193224044736,0.8,0.2832532104520989,0.2832532104520989,1,False,False,False,False,1e-07,0.9,-6.843005309609511
0.1703259944969847,2.0254161963672006e-05,21.70342919183448,0.4639235661254264,1.3229908667260528e-05,0.7346533172430542,,3,1,0.1,3.3292584321790413,0.7657416359287815,0.6461324502346091,0.0226966811605007,0.3250676324139461,0.3611862582377179,1,10,1.483242789907092,0.7190910006113796,0.8,0.7657416359287815,0.7657416359287815,1,False,False,False,False,1e-07,0.9,-15.916994184600451
0.2928814564420917,0.0018857421930472,146.35497157465232,0.9024824444697708,0.0111030731523605,0.5413898678784258,,3,1,0.1,0.8219616149697779,0.3687100373661947,0.6322566432582531,0.3151366910636571,0.7623879636441654,0.847097737382406,1,10,0.1184663998904696,1.0257758914542374,0.8,0.3687100373661947,0.3687100373661947,1,False,False,False,False,1e-07,0.9,-19.88834275784412
0.0121418600971333,7.322121535023078e-09,216948.9134775372,15.295838354226158,0.0002042130193343,0.5948449923655231,,3,1,0.1,0.1439263461856265,0.0574032069674189,0.3617596395230199,1.5168688105686945,0.6129992040799829,0.6811102267555366,1,10,1.7871377876930732,0.1005401617391428,0.8,0.0574032069674189,0.0574032069674189,1,False,False,False,False,1e-07,0.9,-5.404879411992434
0.4790386447491269,0.0006852686875381,759.2506102976909,1.7146335775352533,0.0149206441399748,0.4476142928792044,,3,1,0.1,0.3966965657531533,0.2068699757431022,0.6959485467750328,1.1124282914550343,1.1106596556845851,1.2340662840939831,1,10,1.9020978759473504,1.304411512093674,0.8,0.2068699757431022,0.2068699757431022,1,False,False,False,False,1e-07,0.9,-2.996303300123845
0.3216817959065452,0.0178075195060243,18.72848835552811,0.6341963021799137,0.0568283505912256,0.5696651398679393,,3,1,0.1,2.044962434295778,0.4110043245268245,1.874405277638128,0.594336579943514,0.6798755040700568,0.7554172267445075,1,10,1.4240533368972157,1.4416560433356578,0.8,0.4110043245268245,0.4110043245268245,1,False,False,False,False,1e-06,0.9,-1.020857883511038
0.3491089869678357,0.0374609988182076,6.294240845227508,1.160406373761117,-0.0643658205134541,0.9307471631120728,,3,1,0.1,-3.202787488326006,0.3615095512248092,1.7554228501789355,1.6582358326347937,0.0669650745866732,0.0744056384296368,1,10,1.0599099204199425,0.9879434031248284,0.8,0.3615095512248092,0.3615095512248092,1,False,False,False,False,1e-06,0.9,-1.8474766354634835
0.1976159666582459,0.0004939846958073,13.11014175121499,0.4265733009093557,0.0018952109384691,0.4629518796375493,,3,1,0.1,1.7024081544402443,0.7731999778667283,1.1788819368415309,0.1261409706176424,1.044046540440922,1.1600517116010245,1,10,1.6495177418774458,0.8578139224827771,0.8,0.7731999778667283,0.7731999778667283,1,False,False,False,False,1e-06,0.9,-4.319574237667915
0.5798848456591,1.3764213078766115e-06,191540.17032455967,-0.8034197187670918,7.456928918691378e-05,0.4097497669596046,,3,1,0.1,0.2372852773354539,0.1360946185656031,1.2285944882554245,0.2864076822541289,1.296462506075634,1.440513895639593,1,10,1.019242931104119,1.834049070988924,0.8,0.1360946185656031,0.1360946185656031,1,False,False,False,False,1e-06,0.9,-3.3388624915189125
0.5650330786239746,0.0401968138299998,334.70230410133087,1.37017881112021,0.1516652106485244,0.6359099571828102,,3,1,0.1,3.637651900277771,0.2596608977112258,0.1612650760021252,0.9691500615196966,0.5152947124576471,0.5725496805084967,1,10,1.8574367003359635,1.882689892232433,0.8,0.2596608977112258,0.2596608977112258,1,False,False,False,False,1e-06,0.9,-0.5641137948230321
0.3170463251449164,0.0322421249390915,9.465523431818852,0.5970278086306242,0.1650499882591991,0.3882773153084214,,3,1,0.1,2.03752502666864,0.6859552465686616,0.8813878321600783,1.381696674428421,1.417930933680997,1.575478815201108,1,10,1.186660180710798,1.1772234351614614,0.8,0.6859552465686616,0.6859552465686616,1,False,False,False,False,1e-06,0.9,-0.968295085552734
0.0898162046841378,3.490415964598166e-07,8996.901406190631,2.324519524865144,1.8185702954576705e-05,0.5536704282825494,,3,1,0.1,0.6487087738508716,0.2360422733746381,0.3711167549230161,0.0086472550315361,0.7255157473223612,0.8061286081359569,1,10,1.1034947434977458,0.3544479969208607,0.8,0.2360422733746381,0.2360422733746381,1,False,False,False,False,1e-06,0.9,-1.5847929669415226
0.2701477724340424,0.0125459811421717,14.941940724396536,0.5765696835908495,0.070422844824953,0.4191895817342473,,3,1,0.1,1.204018271802361,0.5992545857978996,1.0721003658900876,0.8715403554257256,1.2469999237017562,1.385555470779729,1,10,1.6128653645710669,1.0449148941757795,0.8,0.5992545857978996,0.5992545857978996,1,False,False,False,False,1e-06,0.9,-3.0229443144980945
0.2503644478830228,1.090342271474608e-06,90839.5248466518,6.425627870470601,0.0002477205333772,0.4572370529008018,,3,1,0.1,0.2074543856765181,0.1076655077725533,0.739941651419434,1.6144182295026477,1.0683444162939613,1.1870493514377347,1,10,0.4981295390250201,0.5603012824035772,0.8,0.1076655077725533,0.1076655077725533,1,False,False,False,False,1e-06,0.9,-2.070262741897124
0.2311727163187061,0.0186160825456268,11.98600357812418,0.4546898481787904,0.0785052205606155,0.4089047733038122,,3,1,0.1,1.7729037094900204,0.8794751346189748,0.6055151329743846,1.4134170869137412,1.3010014525590023,1.445557169510003,1,10,0.8921167438841707,0.8833025585816301,0.8,0.8794751346189748,0.8794751346189748,1,False,False,False,False,1e-06,0.9,-3.784278526074569
0.0452867461609746,1.1664496617872196e-08,76051.2294264653,3.331539140788752,5.794707592700783e-06,0.3541040175564295,,3,1,0.1,0.2781389177043055,0.1719623241223729,1.856602282484491,0.0521379463443291,1.6416260629027664,1.824028958780852,1,10,0.0299100954917169,0.230002481036301,0.8,0.1719623241223729,0.1719623241223729,1,False,False,False,False,1e-06,0.9,-2.203424200082142
0.1691107275284999,0.0132595200132763,4936.995831667425,1.8361629943086704,0.1293150245272644,0.6892027031442126,,3,1,0.1,1.658083040916673,0.2797447004186446,0.0281126900158787,1.952125338795566,0.4058567470703592,0.450951941189288,1,10,0.8727938823764431,0.5266543927653445,0.8,0.2797447004186446,0.2797447004186446,1,False,False,False,False,1e-06,0.9,-1.3569727303898222
0.3767307323849,0.0119473450180151,58.806191042269205,0.901725464968181,0.0746848579249324,0.4790997246338119,,3,1,0.1,1.0869425713228194,0.3959427618826226,0.5937661533911396,0.735305235468487,0.9785233088745624,1.087248120971736,1,10,1.8578391560148628,1.2938112655356513,0.8,0.3959427618826226,0.3959427618826226,1,False,False,False,False,1e-06,0.9,-1.2111228786183583
0.302258839794969,0.0006346644998451,70.96481792437292,0.5948065414581575,0.0059579972845571,0.347702345825326,,3,1,0.1,0.7562973332776417,0.4676198661381928,0.8601653943446251,0.3125805894489308,1.688420845604907,1.87602316178323,1,10,1.9632385130168968,1.430869101480868,0.8,0.4676198661381928,0.4676198661381928,1,False,False,False,False,1e-06,0.9,-4.782690890557179
0.0174014692993672,0.001608484035615,10.230830888854715,1.7665692619991344,0.0750742387964879,0.7885355157400796,,3,1,0.1,2.8289303159201604,0.3373696819832977,1.698918458445084,1.8735838804306524,0.2413563270581482,0.2681736967312758,1,10,0.8104266129276915,0.1479018395697686,0.8,0.3373696819832977,0.3373696819832977,1,False,False,False,False,1e-06,0.9,-2.8851011000384763
0.4665496929898243,0.0057169102969064,572.7136522208692,1.0162658132596805,0.0373002621367506,0.4666860309252659,,3,1,0.1,0.8477140407993512,0.3596199475880091,0.3005482662383203,1.281336698937272,1.0284914061293682,1.1427682290326313,1,10,0.2635779291775741,1.839080857158225,0.8,0.3596199475880091,0.3596199475880091,1,False,False,False,False,1e-06,0.9,-1.538439771786912
0.0955026162146963,9.475008609214473e-09,7636558.253427949,10.448555682630143,1.8962666517290903e-05,0.5208471886356686,,3,1,0.1,0.1495225110888913,0.0703957153640859,0.1625077912167615,0.4553895853233781,0.8279540326549557,0.919948925172173,1,10,1.591637163494087,0.2992066112378612,0.8,0.0703957153640859,0.0703957153640859,1,False,False,False,False,1e-06,0.9,-4.3914075279356535
0.5721496894245828,2.40535892659945e-05,7695.864014122227,3.2247841751929043,0.0017844251239021,0.3737659013508357,,3,1,0.1,0.286240606893325,0.1358439346784457,1.6713554440173524,1.9821824682032951,1.507924309701045,1.6754714552233834,1,10,1.6416011034952285,1.3474217867959966,0.8,0.1358439346784457,0.1358439346784457,1,False,False,False,False,1e-06,0.9,-0.3347992313745207
0.0615376122755884,0.0021081820118924,11.470164214904615,0.4004928341830126,0.0190583026978403,0.5010672241835986,,3,1,0.1,2.147887846229405,0.8369968239389777,1.9955219326718625,0.4896943949218136,0.89616617603834,0.9957401955981556,1,10,0.2974701956296194,0.3762193864539944,0.8,0.8369968239389777,0.8369968239389777,1,False,False,False,False,1e-06,0.9,-3.838856908803682
0.2820470138766636,0.0043901660886053,11.930747983095651,0.3787578843274795,-0.0038793314279266,0.9066546969083704,,3,1,0.1,-3.8475649367174953,0.7333601008747351,1.222169861228391,0.240531346707676,0.0926601638627557,0.1029557376252841,1,10,1.2714091255440283,1.6092087946298224,0.8,0.7333601008747351,0.7333601008747351,1,False,False,False,False,1e-06,0.9,-2.3416331104523103
0.4127867121711588,0.0008738000147314,270.58833667168807,1.5232868039205592,0.0183049895768057,0.392581012053024,,3,1,0.1,0.4476215036160301,0.2535214675357066,1.8929679740750032,1.672268938573089,1.3925204540418312,1.547244948935368,1,10,1.359433958779633,1.1824687050967142,0.8,0.2535214675357066,0.2535214675357066,1,False,False,False,False,1e-06,0.9,-2.4248822784475395
0.0979751142958441,0.0076547339644658,1052.1249404853857,0.4934736212185179,0.0593751983123166,0.4627359942268909,,3,1,0.1,2.07440256393266,0.9005411844716236,0.0450612443617124,1.0807019402315083,1.0449535182662009,1.161059464740223,1,10,0.6960425054307479,0.4342540322617734,0.8,0.9005411844716236,0.9005411844716236,1,False,False,False,False,1e-06,0.9,-4.040136149422133
0.3305643140333781,0.0239306811898263,10.714668341988933,0.7352009671945425,0.1329608464758509,0.4136651949210973,,3,1,0.1,1.2267196772784854,0.5851090502947358,1.21522957692364,1.9302669497462608,1.2756725270823586,1.4174139189803985,1,10,1.2927233984507949,1.153404271624508,0.8,0.5851090502947358,0.5851090502947358,1,False,False,False,False,1e-06,0.9,-2.213145901709115
0.3306880112315319,0.0424884815077634,9.694460291743956,0.6379419940026099,0.0045741845217636,0.7573415345428913,,3,1,0.1,-14.391166032795644,0.6153995183112815,0.8227829919011123,1.8372908021486625,0.2883674127858484,0.3204082364287204,1,10,0.8861492421334224,1.0701868232233631,0.8,0.6153995183112815,0.6153995183112815,1,False,False,False,False,1e-06,0.9,-1.6329141180727769
0.1564086477528646,0.0052720810314196,22.22888424674955,0.6688334207751281,0.0362569454480884,0.49851490397698,,3,1,0.1,1.5434343879107433,0.582196259418982,0.9298757048563288,0.509515068479116,0.9053622726624826,1.0059580807360915,1,10,1.834690759542976,0.6125011239380354,0.8,0.582196259418982,0.582196259418982,1,False,False,False,False,1e-06,0.9,-2.33537971937882
0.2777148785095601,0.0159153915155337,11.649356840419884,0.3080556934033315,0.0017485854036498,0.710875587695694,,3,1,0.1,-1.5357883211952477,0.983704448122,0.7220428807441285,1.6175332955438193,0.3660443199594929,0.4067159110661033,1,10,0.1629712454794008,1.361956571634226,0.8,0.983704448122,0.983704448122,1,False,False,False,False,1e-06,0.9,-0.7522132392875411
0.3457563612482826,0.0393749833978357,92.35836018498546,0.3413753059676759,-0.0381353390490908,0.9793016195646264,,3,1,0.1,-2.0148089070672786,0.877385361025865,0.2169210313294945,1.036528739338556,0.0190222726274239,0.0211358584749155,1,10,1.2832203598514471,1.6156174349529024,0.8,0.877385361025865,0.877385361025865,1,False,False,False,False,1e-06,0.9,-1.8835767435087003
0.2406990096411025,0.0195081866300026,21.80489795089744,0.9958978722686876,0.0598271635678365,0.6526327425610355,,3,1,0.1,1.812025527875078,0.4649034902944548,0.5742641863322346,1.4042653349784473,0.4790297993144743,0.5322553325716382,1,10,0.7722711961298575,0.7285249056147515,0.8,0.4649034902944548,0.4649034902944548,1,False,False,False,False,1e-06,0.9,-3.3414739777813818
0.0657346092846152,0.0088533953946883,8.507421402786818,1.3576499167307718,0.037797961010079,0.8457917617188387,,3,1,0.1,-10.891359931571085,0.3941457741963996,1.0547225706900805,1.260958673541244,0.1640917075983311,0.1823241195537012,1,10,1.702974329014224,0.3187507590624228,0.8,0.3941457741963996,0.3941457741963996,1,False,False,False,False,1e-06,0.9,-1.7508946928752729
0.0287466786955936,0.0005325096342292,17.7241864064581,0.6024800396833845,0.0081780808958574,0.6314386332157433,,3,1,0.1,3.193898037363971,0.7740969051778966,1.091582995615496,0.2940271271768251,0.5253166541561566,0.5836851712846184,1,10,1.5577772622785324,0.2167466942719736,0.8,0.7740969051778966,0.7740969051778966,1,False,False,False,False,1e-06,0.9,-3.873361591229996
0.5026119550243411,0.0076294506045884,1216.888436050658,1.0272454257446233,-0.00368071817909,0.7982636038774601,,3,1,0.1,2.46268879202564,0.3299206233166727,0.2033578883971009,1.5155906488534934,0.2274471185061786,0.2527190205624207,1,10,0.1097346293913669,1.86057293341882,0.8,0.3299206233166727,0.3299206233166727,1,False,False,False,False,1e-06,0.9,-3.88621053286676
0.3827003587320832,0.0105141940090834,42.33733912961222,0.7879726306663056,0.0587305191518044,0.4662642668670105,,3,1,0.1,0.8795525528642467,0.427103084199003,0.8531165286393247,0.8497487148708146,1.0302358425349831,1.1447064917055367,1,10,1.6744619658965278,1.4690756505211788,0.8,0.427103084199003,0.427103084199003,1,False,False,False,False,1e-06,0.9,-4.136365758287358
0.7833595796279,2.3661613260112304e-06,9372.95797330957,5.325676664351316,0.002215913264267,0.7680744163308473,,3,1,0.1,0.1901894362295825,0.042058270458281,0.6765545004574476,1.603045328579585,0.2717614606920143,0.3019571785466826,1,10,0.204760999922872,1.7303641829701568,0.8,0.042058270458281,0.042058270458281,1,False,False,False,False,1e-06,0.9,-2.9947748035950377
0.253765963120442,0.0043950658535118,86.38877991463492,2.334677407498871,-0.0123157147071434,0.9308939071418044,,3,1,0.1,6.762150459559713,0.1932519148130943,1.8346314395578536,0.2775475626066812,0.0668126443789279,0.0742362715321421,1,10,0.7545163123171543,1.2051404294657353,0.8,0.1932519148130943,0.1932519148130943,1,False,False,False,False,1e-06,0.9,-4.438874472783547
0.357755141080842,2.7142210975331893e-13,97976136244.22066,10.566616523848316,4.5141732964524894e-10,0.3682220511887685,,3,1,0.1,0.0995173555465696,0.0621792029157795,1.0525461637637838,1.9756094521924867,1.5441773573702031,1.715752619300226,1,10,1.9513778164622209,0.6859801169231717,0.8,0.0621792029157795,0.0621792029157795,1,False,False,False,False,1e-06,0.9,-3.284749148836572
0.0831516208260716,0.003886653546013,19.789546575468176,2.407517349710381,0.2088747592420388,0.5610461812753301,,3,1,0.1,0.8335345589025297,0.2467021701008023,1.099698625035893,1.9275663284376248,0.704146022265376,0.7823844691837512,1,10,1.4241822241317663,0.3267307353361955,0.8,0.2467021701008023,0.2467021701008023,1,False,False,False,False,1e-06,0.9,-0.96802848838671
0.4740652858812156,0.0054547136049241,68.98402447470735,0.6153149633308329,0.0585063129116505,0.5397271027158757,,3,1,0.1,0.7604828648974143,0.2146504005110499,1.7535174953206172,0.5997018049352176,0.7675093681070524,0.8527881867856137,1,10,0.5013045254295363,1.7907557689939446,0.8,0.2146504005110499,0.2146504005110499,1,False,False,False,False,1e-06,0.9,-0.6507935739796116
320.3542804908232,-1.1385952292388477e-15,9098426288873302.0,-5661645.631291994,4.5696034073729885e-12,0.576961275845243,,3,1,0.1,0.0553629459798046,0.0228816441208325,0.6323321746095507,0.6562579866736634,0.6598967169529846,0.7332185743922051,1,10,1.992845764774376,1.6696243930616053,0.8,0.0228816441208325,0.0228816441208325,1,False,False,False,False,1e-06,0.9,-1.355949267886845
0.5073003194356517,9.535862531146e-05,6195.0252929356375,2.164827514793765,0.0041966041782037,0.3847522424120773,,3,1,0.1,0.3427306101639319,0.1701194436681486,0.5306111238084271,1.0873476225743042,1.43916765333906,1.5990751703767334,1,10,1.383993637006098,1.277938169748534,0.8,0.1701194436681486,0.1701194436681486,1,False,False,False,False,1e-06,0.9,-0.550574208526891
0.1545592302918471,0.0003700911657599,36.58843430535993,0.4224080735616328,0.0005579121151686,0.6511099038674191,,3,1,0.1,5.6037278617550985,0.8630165123049381,0.3416166803793751,0.1005243949489911,0.4822551226056309,0.5358390251173677,1,10,1.7103360014791236,0.6617667631317142,0.8,0.8630165123049381,0.8630165123049381,1,False,False,False,False,1e-06,0.9,-2.8833708707570285
0.2722863166974955,0.0156692739572186,9.097654832887503,0.5107263084067798,0.0283129780967429,0.5738509378366973,,3,1,0.1,2.6775337064906086,0.7289812311155718,1.1897263074600972,1.2372705427336053,0.6683515363638144,0.742612818182016,1,10,0.3320463333249734,1.0250455361295767,0.8,0.7289812311155718,0.7289812311155718,1,False,False,False,False,1e-06,0.9,-2.7183374765528785
0.2429589290569419,0.0275058203771804,6.8783037931383415,0.9771031112213522,0.072804471832621,0.6670592026403743,,3,1,0.1,3.6532751735096856,0.4630622474780402,1.968833856692096,1.7876948093127665,0.4492055824094655,0.499117313788295,1,10,0.8715022195687665,0.7497652288444674,0.8,0.4630622474780402,0.4630622474780402,1,False,False,False,False,1e-06,0.9,-1.4980973064162022
0.2918568926752201,0.0327691610038244,4.6901360633035125,0.4664315840549667,0.0788293983935568,0.4856096406312407,,3,1,0.1,2.243157939407453,0.8566307615934928,1.4943127152701647,1.8668403977999104,0.9533404708153984,1.059267189794887,1,10,1.0863293569909525,1.0950219836414956,0.8,0.8566307615934928,0.8566307615934928,1,False,False,False,False,1e-06,0.9,-3.139431536065026
0.5534664461810692,0.0005226416978415,787.9639176200758,1.0433481333283905,0.009621109156815,0.476092379140916,,3,1,0.1,0.3863017878514382,0.192668599345139,1.2245999312809446,0.7142947156296935,0.9903894274132324,1.1004326971258138,1,10,1.6463901484495944,1.841417239972389,0.8,0.192668599345139,0.192668599345139,1,False,False,False,False,1e-06,0.9,-3.6463524158463088
0.4686693114018892,0.0309343032704738,11.14219674509688,1.2476724581140153,0.0377581790417558,0.7235570448208165,,3,1,0.1,1.588313253783717,0.3001984487223213,1.4317881600860398,1.1564484944564393,0.3438549336809763,0.382061037423307,1,10,1.343838850371384,1.454576787863164,0.8,0.3001984487223213,0.3001984487223213,1,False,False,False,False,1e-06,0.9,-2.484157029786316
0.2868812995920984,0.0081096131996535,16.043956016580392,0.3368330492963298,0.0572939567653226,0.3524057694883669,,3,1,0.1,1.3762236999961055,0.5623078869491025,1.8559697659398635,0.5415300269104227,1.6538741925441418,1.837637991715713,1,10,0.984784202997975,1.4830843987320703,0.8,0.5623078869491025,0.5623078869491025,1,False,False,False,False,1e-06,0.9,-0.8291004815296441
0.3399391688152097,0.0330500672915179,6.122222617939363,0.5299731634678572,-0.0418960344298227,0.9683686227100868,,3,1,0.1,-4.383439194998446,0.6443035893861004,1.9481430222930871,1.0027463442251878,0.0293981433240271,0.0326646036933634,1,10,0.9200912682391156,1.5274531715632689,0.8,0.6443035893861004,0.6443035893861004,1,False,False,False,False,1e-06,0.9,-3.493074807986529
0.2577028271375342,0.0271260653978507,6.20837148587979,0.4391863629066111,0.0170392996139976,0.6769712523249146,,3,1,0.1,4.368288716782167,0.828321122298686,1.0647762226209267,1.05640542730358,0.4294508399125373,0.4771675999028192,1,10,1.6913196215823532,0.9923801739302818,0.8,0.828321122298686,0.828321122298686,1,False,False,False,False,1e-06,0.9,-4.203289351709673
0.0093890550133855,3.887788695163148e-12,392069467.3935353,12.272069102784863,1.2599587044145728e-07,0.3937471628757932,,3,1,0.1,0.1236895379469266,0.0713161177205487,0.6152332882023935,1.4525366636107473,1.3857307553068094,1.5397008392297882,1,10,1.84293864136688,0.0894018490720973,0.8,0.0713161177205487,0.0713161177205487,1,False,False,False,False,1e-06,0.9,-0.9461323017964371
0.3242205568822101,0.0468145631440005,23771903.631692834,0.4630298443611204,-0.0035334541388502,0.7657432515472148,,3,1,0.1,63.52177821900676,0.7784753545779851,0.0003752447322588,1.88018256104398,0.275328673392177,0.30592074821353,1,10,1.234786272858302,1.1647121486681575,0.8,0.7784753545779851,0.7784753545779851,1,False,False,False,False,1e-06,0.9,-2.6851722032835283
0.3005647683433212,0.0019012228766582,27.08472569790936,0.4365330441384247,0.004949182700012,0.4954269642240038,,3,1,0.1,1.4254269384239284,0.6261960142320442,0.9116810876945206,1.158218623878518,0.9166148897641982,1.018460988626887,1,10,0.0344559651067322,1.6933780849615516,0.8,0.6261960142320442,0.6261960142320442,1,False,False,False,False,1e-06,0.9,-4.75317657985686
0.5074468267845862,0.0032542670575918,104.72392505864995,1.1198641748162306,0.0383026226396258,0.4218619394295885,,3,1,0.1,0.5190586045765442,0.285571347100593,1.8140553264757224,1.524314636460121,1.2333993799414935,1.3704437554905484,1,10,1.923504955014096,1.9130318088713405,0.8,0.285571347100593,0.285571347100593,1,False,False,False,False,1e-06,0.9,-4.307733123582025
0.3314436660504221,0.0257829252083836,17.800444423246283,0.685758647094043,0.1016768239442624,0.4807045681394227,,3,1,0.1,1.9672439122483667,0.5709344908847761,0.6714748825918875,0.9786037149063388,0.9722518146300736,1.080279794033415,1,10,0.8626178112120269,1.1753972257638492,0.8,0.5709344908847761,0.5709344908847761,1,False,False,False,False,1e-06,0.9,-1.1980831027154104
0.5610479678651485,0.0023202514871551,133.51823523812027,1.2858508813342278,0.025348582071654,0.6443576920125373,,3,1,0.1,0.4955705359082988,0.1605256585231345,1.712939241003807,0.5914405856669969,0.4967397474359452,0.5519330527066058,1,10,1.822781905707092,1.791752916646583,0.8,0.1605256585231345,0.1605256585231345,1,False,False,False,False,1e-06,0.9,-3.2607623408392623
0.245176497399772,0.0068423316891684,591.4912671696263,0.8615400799102267,0.0233038858037142,0.6044910449611763,,3,1,0.1,1.7424460138238755,0.4959276374625302,0.1217591961493515,0.8065793277592835,0.5888558027485798,0.6542842252761998,1,10,0.1779450979924382,0.7938504628473307,0.8,0.4959276374625302,0.4959276374625302,1,False,False,False,False,1e-06,0.9,-2.7033568585322536
0.1672446992051655,5.63600840206469e-08,238.29276808174845,1.1807715828030854,1.1833115540454782e-06,0.4161312320877685,,3,1,0.1,0.6730758489590067,0.357510752593771,1.647960854337441,0.0035977039133027,1.2627792643311522,1.403088071479058,1,10,1.5988744573250089,0.5985355931869909,0.8,0.357510752593771,0.357510752593771,1,False,False,False,False,1e-06,0.9,-2.822499801131157
0.012365665928066,6.337817486831212e-05,198.95020351397,1.8033360052602887,0.0298561285192158,0.3794863132045562,,3,1,0.1,0.5347555216036902,0.3148446753166247,0.9324594280617908,1.194923024546153,1.4716270355048855,1.635141150560984,1,10,1.7210713489862175,0.1238077699226993,0.8,0.3148446753166247,0.3148446753166247,1,False,False,False,False,1e-06,0.9,-3.7631353335634894
0.5352817210495668,0.0018055234317964,308.8766494987603,1.9401734380170268,0.0324022831524937,0.4513179551866774,,3,1,0.1,0.6592170187928311,0.2184522786081336,0.8189554526563195,1.492495673105309,1.0941595269076665,1.215732807675185,1,10,0.2120576673711927,1.484009402420606,0.8,0.2184522786081336,0.2184522786081336,1,False,False,False,False,1e-06,0.9,-0.4537098799160288
0.2561491419391171,0.0019948065830219,29.59048285765824,0.3454904619913079,-0.0015259263863358,0.9037234631156696,,3,1,0.1,-4.268996272001173,0.820640945185681,0.478990610019981,0.1528977399533006,0.0958798645076308,0.1065331827862565,1,10,0.9840370223905572,1.345890120749241,0.8,0.820640945185681,0.820640945185681,1,False,False,False,False,1e-06,0.9,-2.570566977608971
0.368121024643024,0.0007916605722073,8.641170576790243,11.99331549071474,0.0546691784265273,0.976912892454163,,3,1,0.1,-3.149051201530319,0.0467566584217122,1.2330953599293253,1.205058672160921,0.0212694467968934,0.0236327186632149,1,10,1.0946203376599857,0.6900469432171632,0.8,0.0467566584217122,0.0467566584217122,1,False,False,False,False,1e-06,0.9,-1.2040919058979769
0.5157037272588054,0.0007315106677782,54529.04686700742,1.6251544530313071,0.0138491674534392,0.4075978082828877,,3,1,0.1,0.4113144337014175,0.2345870130891849,0.0726664136650099,1.605519526246745,1.3080589780192524,1.453398864465836,1,10,1.3154802199734767,1.5949061509594216,0.8,0.2345870130891849,0.2345870130891849,1,False,False,False,False,1e-06,0.9,-4.332998356639407
0.2118270853460991,0.0003902576038716,101.96284325239962,0.5777071423297752,0.0033368282066137,0.3746744161824227,,3,1,0.1,1.1536171535569013,0.5829176060445387,0.3389018457491632,0.119982637855301,1.502085547153572,1.6689839412817469,1,10,1.0089676306304232,0.8646659044805574,0.8,0.5829176060445387,0.5829176060445387,1,False,False,False,False,1e-06,0.9,-1.81958043400824
0.2817399524078719,0.0323745341719571,7.181218881793939,0.5079703170095228,0.0358866045143341,0.6318705501608602,,3,1,0.1,3.831815418794482,0.7574286809463053,0.9304927271633624,1.2534966421960976,0.5243423748280086,0.5826026386977873,1,10,1.152102693076239,1.012856147945994,0.8,0.7574286809463053,0.7574286809463053,1,False,False,False,False,1e-06,0.9,-2.8076605990352457
0.0203545005023666,0.0007044231094163,18.626980887074364,0.8891837854450569,0.0019172858811269,0.9350311627562258,,3,1,0.1,-10.069953903730005,0.616105566377168,1.517041815158349,1.076732604084955,0.0625347644532367,0.0694830716147075,1,10,0.153867883442838,0.1688436903789221,0.8,0.616105566377168,0.616105566377168,1,False,False,False,False,1e-06,0.9,-4.5665598107627305
0.6115207401138919,0.0024248921367803,782.5259100021597,3.0374228116015995,0.0619514173257767,0.7077276884094957,,3,1,0.1,0.4032374916927626,0.108965332847043,0.2024299557504734,1.362940962629715,0.371675553661897,0.4129728374021077,1,10,1.51054391223971,1.3772489635093166,0.8,0.108965332847043,0.108965332847043,1,False,False,False,False,1e-06,0.9,-3.4980211120549374
0.2884660862008525,0.0102188283644048,55.63699439168371,0.2874303161381958,0.0229728552767,0.42187625316261,,3,1,0.1,2.0718628312444456,0.9878398010622996,0.314471015791084,0.5404629745521329,1.2333269963718478,1.3703633293020532,1,10,1.5604312308590031,1.7893310941085188,0.8,0.9878398010622996,0.9878398010622996,1,False,False,False,False,1e-06,0.9,-4.112537687384319
0.4004105040435133,0.0059141231510703,56.3006582095796,2.4943655360274186,-0.0109611261342755,0.9057324005623856,,3,1,0.1,-0.4245655424027608,0.1601387244273815,0.8277410656729051,0.2022858308446438,0.0936709776984611,0.1040788641094012,1,10,0.3132936700885411,1.1950636865495483,0.8,0.1601387244273815,0.1601387244273815,1,False,False,False,False,1e-06,0.9,-0.3076525139757384
0.3263357952566537,0.0039824296421003,92.27977831151978,0.6532879071607575,0.0306586411082492,0.5800183588862344,,3,1,0.1,0.7112520504209888,0.2497826644273296,1.4649042278729576,0.4630817387655637,0.6516750223703301,0.7240833581892557,1,10,0.5222084420634622,1.2699418915377945,0.8,0.2497826644273296,0.2497826644273296,1,False,False,False,False,1e-06,0.9,-2.10596484108222
0.1902752961697194,0.0189119263448224,7.855128072630388,0.642599815073973,0.0118687989722603,0.7556659903027614,,3,1,0.1,5.644505781455576,0.6368628402568062,1.5588571284374932,1.0002660919298847,0.2910023893485143,0.3233359881650158,1,10,0.8414429251759418,0.7226178985904452,0.8,0.6368628402568062,0.6368628402568062,1,False,False,False,False,1e-06,0.9,-3.6595934644450825
0.3558872267875935,0.0233086327016984,7.753728691270485,0.5380003546361306,0.1268917300801609,0.3576702432226433,,3,1,0.1,1.2663969299149629,0.6486422165711107,1.907631674423992,1.5108113775722567,1.6162842507973647,1.7958713897748495,1,10,1.8171114177440408,1.6918389670675718,0.8,0.6486422165711107,0.6486422165711107,1,False,False,False,False,1e-06,0.9,-1.7827679776212009
0.3155703195775876,0.0074371574198512,36.005738698484805,0.51473971084746,0.0552804177976682,0.3586335011437474,,3,1,0.1,1.69365161122677,0.5331576001916077,0.7656580202279063,0.414982596607559,1.6095257334569588,1.7883619260632877,1,10,1.3826657280044634,1.4339040213879308,0.8,0.5331576001916077,0.5331576001916077,1,False,False,False,False,1e-06,0.9,-0.5855065350860356
0.3759837658834301,0.0287737848621002,54.14392203508977,0.5056448122903748,-0.0160432403556167,0.8242784964986467,,3,1,0.1,163.34054192893035,0.6434053813994096,0.3844372396129384,1.5874842816878516,0.191863980223919,0.2131822002487989,1,10,0.4509068931004905,1.546437970379123,0.8,0.6434053813994096,0.6434053813994096,1,False,False,False,False,1e-06,0.9,-3.0873071568175607
0.1825109781147628,0.0139952184421204,20.831211983129943,1.0438912909977054,0.1455654357792671,0.4874246568559889,,3,1,0.1,1.1460402684008122,0.4598203731075529,0.6369505593705764,1.705409646989412,0.9464392134062838,1.051599126006982,1,10,1.2941899555192546,0.5977197985579532,0.8,0.4598203731075529,0.4598203731075529,1,False,False,False,False,1e-06,0.9,-2.012822096455229
0.2674273754656717,0.001233915081377,19.579001192442483,0.364132934732603,0.0066936013367369,0.335016936444521,,3,1,0.1,1.3780934104422249,0.7539352037386271,0.7496452534274306,0.230156278394639,1.7864313474761917,1.9849237194179905,1,10,1.893333595608232,1.459861178015988,0.8,0.7539352037386271,0.7539352037386271,1,False,False,False,False,1e-06,0.9,-2.1423809944183816
0.2948623698232495,3.815988223400832e-06,70847.33994797601,3.009286267423552,0.0003134070227122,0.4925744822051849,,3,1,0.1,0.3062643752307184,0.1344535684539126,0.4079109509838233,0.1318921185646381,0.9271348446042712,1.030149827338079,1,10,1.2660623310065515,0.6891619804805353,0.8,0.1344535684539126,0.1344535684539126,1,False,False,False,False,1e-06,0.9,-0.9680523634842492
0.4559669963441503,0.0010475609938926,313.2489959844757,0.629691469547847,0.0162930564953804,0.4590978839520127,,3,1,0.1,0.4371288090764118,0.2267812503427715,1.918746296110519,0.8585366856832253,1.0603662562166651,1.178184729129628,1,10,1.420713790935764,1.5949190016429144,0.8,0.2267812503427715,0.2267812503427715,1,False,False,False,False,1e-06,0.9,-4.710052315553841
0.2828404261101981,0.0330066531048734,4.244663930976095,0.3852525844305349,0.0568348578794499,0.5161904070602203,,3,1,0.1,3.9676545600261215,0.9304013152264254,1.3899982075533357,1.1932821103864135,0.8435426689264358,0.9372696321404842,1,10,1.2331312866144308,1.168565183021396,0.8,0.9304013152264254,0.9304013152264254,1,False,False,False,False,1e-06,0.9,-1.9263502321918928
0.0198304535160179,3.0274774182555107e-06,5061.256578534768,1.600222405664039,0.0026100828085315,0.4274988475283287,,3,1,0.1,0.293961993732946,0.1610001341559885,1.9522975323280685,1.0002749256666872,1.2052688333630193,1.339187592625577,1,10,1.731497201489421,0.1576734301662586,0.8,0.1610001341559885,0.1610001341559885,1,False,False,False,False,1e-06,0.9,-2.774083928312032
0.3066722338764791,0.0012934599225565,184.0500128198609,0.4832701312222103,0.0170755703167399,0.4343119753738978,,3,1,0.1,0.5532521391356185,0.2983774143728119,1.545817223483578,0.5995617287453492,1.1722431133177778,1.302492348130864,1,10,0.6196169038721681,1.1545492288491916,0.8,0.2983774143728119,0.2983774143728119,1,False,False,False,False,1e-06,0.9,-4.913770438607091
0.2128707687983289,0.0053014348165638,22.842850278342627,0.7893179978337397,0.0694082007309981,0.353778426824799,,3,1,0.1,0.9418337606186444,0.5118878010326385,1.8002063514835678,1.557628265029361,1.6439651820423336,1.8266279800470373,1,10,0.7226227547507678,0.7422801936111287,0.8,0.5118878010326385,0.5118878010326385,1,False,False,False,False,1e-06,0.9,-1.7629891366571022
0.3952822352643048,0.0029006422446084,1117.7078531218378,2.3002263068926143,0.0564545801790753,0.5541175094226444,,3,1,0.1,0.5300300880133925,0.1904707679590389,0.1617377187181347,0.9232500256557892,0.7242042250889049,0.8046713612098944,1,10,1.148576487303451,0.9555456817822652,0.8,0.1904707679590389,0.1904707679590389,1,False,False,False,False,1e-06,0.9,-1.2198128300571105
0.3354697709636251,0.0156740736566624,30.56393848210702,0.6907640250616958,0.0321834549567294,0.596732801572906,,3,1,0.1,1.6869693592157593,0.5123530688514457,0.661753407035431,0.6556750422197757,0.6082127170279947,0.675791907808883,1,10,1.970571605184252,1.2708067303096295,0.8,0.5123530688514457,0.5123530688514457,1,False,False,False,False,1e-06,0.9,-3.071043071648238
0.2909872004250133,0.0366679005577716,309.91977396175827,0.4878033571908452,0.0121128382387678,0.7176603673905441,,3,1,0.1,5.202716082337891,0.7689805122451543,0.0990935847794561,1.3485062600654738,0.3540751041783927,0.3934167824204364,1,10,1.6376029132093275,1.0384450064388278,0.8,0.7689805122451543,0.7689805122451543,1,False,False,False,False,1e-06,0.9,-4.102002256439744
0.3056680707004835,0.0247716507867304,5.602896116977052,0.390492182992228,0.0766058330590361,0.4043743150247149,,3,1,0.1,1.7723786915098605,0.87910843158309,1.31701686440356,1.1627881634959636,1.32566064796918,1.472956275521311,1,10,1.9145322695228213,1.4553212717930166,0.8,0.87910843158309,0.87910843158309,1,False,False,False,False,1e-06,0.9,-3.568418987032093
0.6671702612836291,0.0051844619409688,5.611606670160755,4.967011417074622,0.2499554195276797,0.9008582756995293,,3,1,0.1,4.681982649739396,0.061311488451423,1.323868253308524,1.7076363323037265,0.0990472688960283,0.110052520995587,1,10,1.3225999972724514,1.3287026368923998,0.8,0.061311488451423,0.061311488451423,1,False,False,False,False,1e-06,0.9,-0.6418964710431645
0.5486068312575881,3.509853547987614e-05,7098.779265811309,-0.1646961124179119,0.0014849237329781,0.4811377897382207,,3,1,0.1,0.2701638239710696,0.1350852789883765,1.7393842509605373,0.5738433387296449,0.9705660191224544,1.078406687913838,1,10,1.4349676243483125,1.5734121098567904,0.8,0.1350852789883765,0.1350852789883765,1,False,False,False,False,1e-06,0.9,-3.448037314875352
0.289620477486542,0.0094437295461516,13.6820629433116,0.5246767514810264,-0.0121770330752594,0.9557741267805572,,3,1,0.1,-7.708679751381649,0.6046488350623311,1.6062046253095217,0.3824560270960655,0.041645075737269,0.0462723063747434,1,10,1.2194853256125229,1.495706430992506,0.8,0.6046488350623311,0.6046488350623311,1,False,False,False,False,1e-06,0.9,-4.711334321921557
0.6060201048081353,0.0053198940517663,160.34985360999815,1.6557343055320473,0.0460030273029855,0.5419929315848172,,3,1,0.1,0.6418262920201516,0.2331295251485395,0.8019079344982144,1.9028210230351543,0.7605382608373699,0.845042512041522,1,10,0.4081164677457357,1.9910600165671573,0.8,0.2331295251485395,0.2331295251485395,1,False,False,False,False,1e-06,0.9,-1.33315367269176
0.3694548656654119,0.028963330284734,9.236204312588791,0.5957023792866971,-0.0229856507651039,0.850542835901332,,3,1,0.1,-7.918893810570859,0.5727607077793452,1.502774723299276,0.8079838217652225,0.1581477640056278,0.1757197377840309,1,10,0.6282334665639251,1.6866121978203708,0.8,0.5727607077793452,0.5727607077793452,1,False,False,False,False,1e-06,0.9,-2.196525176378177
0.8123564712658883,1.6806203243453042e-08,6290.051350196105,7.350588670796213,0.0018678028295005,0.8682413858982566,,3,1,0.1,0.1636945057164362,0.0209702424760724,1.1324149673149229,0.5497878177472132,0.1365780929330924,0.1517534365923249,1,10,0.2406835394874801,1.8614165064978403,0.8,0.0209702424760724,0.0209702424760724,1,False,False,False,False,1e-06,0.9,-4.984663869998774
0.3164631373235441,0.0265418945653785,5.932633521538129,0.4488859196671947,0.0019659022543243,0.7351914212547944,,3,1,0.1,5.602282070051082,0.7648667479665368,1.4707086900407629,1.3286082852259653,0.3241709764021961,0.3601899737802179,1,10,0.5705368413460621,1.2622033097245255,0.8,0.7648667479665368,0.7648667479665368,1,False,False,False,False,1e-06,0.9,-4.383533428132983
0.3983884027403019,0.000205018133935,1055.3254686288185,1.0808984124200576,0.0047582075518656,0.3729837408321492,,3,1,0.1,0.40289839761599,0.2452078152301543,1.1146450446800835,0.7794677381392574,1.5129738148693714,1.681082016521524,1,10,1.2360831674648562,1.2847398572133804,0.8,0.2452078152301543,0.2452078152301543,1,False,False,False,False,1e-06,0.9,-4.968762282626072
0.2760255411642744,0.0149095276534499,17.305010740530726,0.7204142935779972,0.11442318923423,0.3795079730655769,,3,1,0.1,1.039264721685429,0.5781425289824097,0.8573703823306756,1.7090854491176346,1.471491678369785,1.6349907537442054,1,10,1.6223644060750697,0.965223494162534,0.8,0.5781425289824097,0.5781425289824097,1,False,False,False,False,1e-06,0.9,-3.417998727674541
0.2110830538118995,0.0077608382351341,179.56747980301938,1.231990322452623,0.1087149198724337,0.4632302144790587,,3,1,0.1,1.1983321290003623,0.3777969543489466,0.208281621652213,0.7217135514801116,1.04287844762485,1.1587538306942775,1,10,0.7776257208458879,0.647505980582207,0.8,0.3777969543489466,0.3777969543489466,1,False,False,False,False,1e-06,0.9,-0.7900963066914741
0.3128109529082343,0.0087399073121994,2686.555284029669,0.3940373560709035,0.039722135754781,0.3574668350847665,,3,1,0.1,1.2576353673847456,0.7353158500109427,0.0574782110803408,0.6186164738061436,1.6177160834699027,1.7974623149665585,1,10,0.8388004246759385,1.8416285819701408,0.8,0.7353158500109427,0.7353158500109427,1,False,False,False,False,1e-06,0.9,-4.543516725196842
0.0757989559315948,0.0053684400802055,21.21219168822543,1.292679275434619,0.1251282825044567,0.5507381625064266,,3,1,0.1,1.1302530370601946,0.4139563982834755,0.6951855467165303,1.5367977961313322,0.7341703939746465,0.8157448821940516,1,10,0.9942396183372844,0.3322751693531935,0.8,0.4139563982834755,0.4139563982834755,1,False,False,False,False,1e-06,0.9,-2.746410222048353
0.2613347904070222,0.0124462499834966,11.872960519013526,0.6693057683697161,0.1077018085215754,0.3524763423095658,,3,1,0.1,1.0323245278260833,0.5951440752324493,1.855218877834843,1.8164141913807887,1.6533628557957676,1.8370698397730751,1,10,1.5140108768275964,0.9426896674686388,0.8,0.5951440752324493,0.5951440752324493,1,False,False,False,False,1e-06,0.9,-2.953944130143763
0.2627396665728008,0.0018675117130616,19.52182006819168,7.086818325518055,0.1979799374559048,0.767032998525479,,3,1,0.1,0.6639921999176548,0.0860500880294786,1.974831440249121,1.8701362990278805,0.2733523873550847,0.3037248748389831,1,10,0.8733406253797525,0.5668067820220424,0.8,0.0860500880294786,0.0860500880294786,1,False,False,False,False,1e-06,0.9,-0.638502440307585
0.3586259250905944,0.0700324363914782,3.266216126588534,0.5264892772550055,0.0431157576437231,0.6591193033485686,,3,1,0.1,-1.5429766454203075,0.6918888914884455,1.9544173255920896,1.2667592553617488,0.4654584161435854,0.5171760179373172,1,10,1.4002796660732872,1.4421907292619638,0.8,0.6918888914884455,0.6918888914884455,1,False,False,False,False,1e-06,0.9,-0.5777799008030353
0.3650914688486105,0.0162307440043387,96.91213335607442,0.740159617913089,0.0387765175627772,0.5872201433511017,,3,1,0.1,3.4359656840496138,0.4600461426897611,0.3550497806523893,0.4356626771778958,0.6326449717204026,0.7029388574671139,1,10,0.5097033939879884,1.417080603054302,0.8,0.4600461426897611,0.4600461426897611,1,False,False,False,False,1e-06,0.9,-0.9686608517959544
0.3296713343201123,0.0002838723088473,429.6740349710064,0.5782767201829151,0.0018596407203382,0.4062486063471803,,3,1,0.1,0.8402641685629829,0.4498183280527973,0.3437154631814813,1.2724008181306343,1.315392215354111,1.4615469059490125,1,10,0.0138073659493293,1.850290221361559,0.8,0.4498183280527973,0.4498183280527973,1,False,False,False,False,1e-06,0.9,-3.1279122340464527
0.3426469759740824,0.0273600939536084,169.0693333988023,0.4522354214957663,0.0647676307345657,0.4669784519919008,,3,1,0.1,1.938017733437367,0.7858837663303126,0.1895578484047355,1.838519107686935,1.0272837882798271,1.1414264314220302,1,10,0.630398641288892,1.6116655017636612,0.8,0.7858837663303126,0.7858837663303126,1,False,False,False,False,1e-06,0.9,-2.8780773992954014
0.6025354926526351,5.367013910581175e-05,4417.475068782055,2.684571572038997,0.0020725712526067,0.4770909422751162,,3,1,0.1,0.2896724443117974,0.1427855807867826,1.22203823526504,1.2892112914186322,0.9864327956178468,1.0960364395753852,1,10,0.3125231596409151,1.4993575252621472,0.8,0.1427855807867826,0.1427855807867826,1,False,False,False,False,1e-06,0.9,-2.271614745443919
0.7725677961144211,1.8647683028310906e-08,2032059.3218016657,3.552204044006701,9.910276557285477e-06,0.5397038690110749,,3,1,0.1,0.1275037426621615,0.0577248928043335,1.2945551748100002,0.989843636524062,0.7675811526960382,0.8528679474400425,1,10,0.667120095432995,1.7690028484343985,0.8,0.0577248928043335,0.0577248928043335,1,False,False,False,False,1e-06,0.9,-4.118132934961265
0.2526750395406866,0.0001431294974148,214.2924617295413,0.8929555920038904,0.0024447048427112,0.3728367864002816,,3,1,0.1,0.5785255069836442,0.3437567599138283,1.7428462280680137,0.241731887195332,1.5139248937569982,1.682138770841109,1,10,1.6537216256231098,0.9220856288860252,0.8,0.3437567599138283,0.3437567599138283,1,False,False,False,False,1e-06,0.9,-3.887495949118264
0.3122854733188213,0.0246388586028609,4.071801281659707,0.3280335217322205,0.0322721544264729,0.5215231847571532,,3,1,0.1,3.379097145964603,0.9423645331437024,1.833812141006833,1.0370623444646825,0.8257142660284301,0.9174602955871446,1,10,0.6003690029623616,1.6850235701583258,0.8,0.9423645331437024,0.9423645331437024,1,False,False,False,False,1e-06,0.9,-2.462295562122803
0.6288955468105019,9.04306644335746e-08,5858232.087084506,4.893788794548872,2.76536662916962e-05,0.4898186290847349,,3,1,0.1,0.1450093057636491,0.0725502422309411,0.2336716858370327,1.6886078184714528,0.9374148032746767,1.0415720036385296,1,10,1.548908131463566,1.264493111158978,0.8,0.0725502422309411,0.0725502422309411,1,False,False,False,False,1e-06,0.9,-3.6015532362027223
0.240737995317793,0.006354148324924,16.66285343239725,0.5774812083986138,-0.0075413296232059,0.940819828917468,,3,1,0.1,-4.177849295961446,0.5965475220744225,1.4842137766331345,0.3347962806339026,0.0566124908693342,0.0629027676325936,1,10,1.4553307839584435,1.0613272845204595,0.8,0.5965475220744225,0.5965475220744225,1,False,False,False,False,1e-06,0.9,-2.7788696504289008
0.1678825647347554,0.0013391170665294,62.72277041270746,1.1211748030448088,0.0332839206399392,0.3360112296922788,,3,1,0.1,0.6880442135562851,0.4246930126434827,1.6707805445430135,1.901262784158936,1.7784819091440056,1.9760910101600064,1,10,0.701010365931219,0.5776282311156576,0.8,0.4246930126434827,0.4246930126434827,1,False,False,False,False,1e-06,0.9,-3.0529582158634723
0.0692512855371028,0.0045388071915901,20.59990244177261,0.571297909864205,0.0367246255982786,0.5636974068367174,,3,1,0.1,2.512444103694664,0.8365215126458142,0.4092864161738677,0.8835711273342184,0.6966012777147603,0.774001419683067,1,10,0.4622489897959939,0.3409938102679398,0.8,0.8365215126458142,0.8365215126458142,1,False,False,False,False,1e-06,0.9,-4.56254547554885
0.295059699428463,0.0068121684387344,65.85008291435706,1.258843456205445,-0.0134363577784379,0.9258183397211628,,3,1,0.1,-2.3047368067648875,0.3389613923591919,1.4949094092075146,0.219043085846937,0.0721129528186504,0.0801255031318338,1,10,0.273437303057382,1.8872186750765951,0.8,0.3389613923591919,0.3389613923591919,1,False,False,False,False,1e-06,0.9,-1.4183593705131847
0.1359925370245738,0.0054411070258818,15.233845210521222,0.583643066522513,0.0696885979737503,0.3634141098199241,,3,1,0.1,1.1172934193249784,0.6550801361990501,1.256168831466092,0.9698879975948907,1.57651364017198,1.751681822413311,1,10,1.492560390439258,0.5541124462055897,0.8,0.6550801361990501,0.6550801361990501,1,False,False,False,False,1e-06,0.9,-4.735165297965756
0.7686974191767896,1.7593183211573287e-09,13244295.17499714,-6.498005115360503,2.234708308160682e-06,0.6105536041782093,,3,1,0.1,0.1267226358425283,0.0456413832534463,1.2986201215075994,0.1071173496290156,0.5740720451750977,0.6378578279723307,1,10,0.6726650856107165,1.722944533940843,0.8,0.0456413832534463,0.0456413832534463,1,False,False,False,False,1e-06,0.9,-0.9517631271857124
0.3928289662547719,0.0261137937507953,19.518869004291737,0.7106178066064348,0.0318862421947083,0.6405999541328262,,3,1,0.1,2.0655324035703835,0.5001462039263986,0.8389395455234278,0.7865757593294117,0.5049329760229551,0.5610366400255056,1,10,0.987790389723782,1.5445068727444708,0.8,0.5001462039263986,0.5001462039263986,1,False,False,False,False,1e-06,0.9,-2.7323137700075826
0.2780835982463757,3.0070733868783476e-11,558143932.2636076,3.438624942124876,1.6007968765493112e-08,0.3384409127104792,,3,1,0.1,0.1415268094916803,0.0916750824092811,1.3782317537242088,0.3600828301132058,1.7592529632193403,1.954725514688156,1,10,1.27376617661361,0.6208272347845886,0.8,0.0916750824092811,0.0916750824092811,1,False,False,False,False,1e-06,0.9,-2.2480803253956623
0.0850964164115658,0.0022320820031592,20.55009129208811,0.8049927658998284,0.0206927212099663,0.5845364614508907,,3,1,0.1,1.8284032406287087,0.6173711900091896,1.3363144024464615,1.210772530415163,0.6396815414492543,0.7107572682769492,1,10,0.1420597082728911,0.3724923260825988,0.8,0.6173711900091896,0.6173711900091896,1,False,False,False,False,1e-06,0.9,-4.638054821957213
0.2931289889467666,0.0006489488350611,329.30993117605146,1.1654284709304068,0.0152965202911887,0.4677493313891728,,3,1,0.1,0.4893201579229261,0.2263420081691942,1.4151479634710913,0.7466262639603349,1.0241075071707364,1.137897230189707,1,10,0.3301949938868159,0.851661275028844,0.8,0.2263420081691942,0.2263420081691942,1,False,False,False,False,1e-06,0.9,-1.519253157777047
0.0884310574460225,0.0114250243415891,209.9333014000539,0.5389781155956733,0.0780602589014625,0.5365330071333505,,3,1,0.1,2.310177124611001,0.8286726342226516,0.095006454232173,1.397160193022914,0.7774364075168873,0.8638182305743192,1,10,1.8074772169853848,0.4063532874816175,0.8,0.8286726342226516,0.8286726342226516,1,False,False,False,False,1e-06,0.9,-4.244012702391169
0.3680487200551773,0.0188633890376018,11.03061665944009,0.5862486339002233,-0.0281752440504295,0.98238671866892,,3,1,0.1,-0.6319008844657601,0.5708670677961927,1.6404895826995425,1.5596446459904252,0.016136163994003,0.0179290711044478,1,10,0.1872448396245959,1.4873299300575946,0.8,0.5708670677961927,0.5708670677961927,1,False,False,False,False,1e-06,0.9,-0.6088996894674379
0.3331076750748352,0.0034831674626074,69.90047615629709,1.1497404031476706,0.0470725263128919,0.3888742210485523,,3,1,0.1,0.6340704343710544,0.3574683040052223,1.2337013908011258,1.4394792199404456,1.4143730061953164,1.5715255624392404,1,10,1.191996291883639,1.0368300056232358,0.8,0.3574683040052223,0.3574683040052223,1,False,False,False,False,1e-06,0.9,-2.9352884686752314
0.0750454551209593,0.0001363161113601,198.1473149527057,1.2655909441472917,0.0017667859054073,0.6779293311084484,,3,1,0.1,2.213688941618164,0.3781090364835843,0.9129475035084674,0.0820148408723097,0.4275720030116632,0.4750800033462924,1,10,1.1056093021797064,0.3534295979883021,0.8,0.3781090364835843,0.3781090364835843,1,False,False,False,False,1e-06,0.9,-1.694575702975483
0.004110145827039,9.588087895017196e-05,15.236883857785418,6.050458833996943,0.1764051943500469,0.8014711788885193,,3,1,0.1,0.748838132872353,0.1239210611813716,1.4991503303214353,1.9018131812152188,0.222934952256325,0.2477055025070277,1,10,1.4773748096750294,0.0627414283715235,0.8,0.1239210611813716,0.1239210611813716,1,False,False,False,False,1e-06,0.9,-3.005629524046735
0.2565351584785564,0.0094432330628452,18.869658290994195,0.3335861994125624,0.0140125639029523,0.5335619472841238,,3,1,0.1,4.696509219821425,0.9370143736152412,0.4884005096369474,0.4698931278004981,0.7867769611027874,0.8741966234475416,1,10,0.2103196636868436,1.2128934543700531,0.8,0.9370143736152412,0.9370143736152412,1,False,False,False,False,1e-06,0.9,-1.873016792206271
0.3040444698359735,0.0156778638728493,57.74751857803845,0.3150497048594317,0.0295733354584455,0.4561577452804292,,3,1,0.1,2.419485224856078,0.9725804826668784,0.3128111253479156,1.4621192371081853,1.0730016848595054,1.1922240942883393,1,10,0.2970268138044323,1.7517249003974849,0.8,0.9725804826668784,0.9725804826668784,1,False,False,False,False,1e-06,0.9,-3.127292088732484
0.1025413088112343,0.0024029471723677,18.55699911835844,0.7346049296709567,0.0338033644198691,0.4287805921112865,,3,1,0.1,1.2555401676205593,0.645288549933603,1.8381720801257648,1.808209738843657,1.198975598612011,1.332195109568901,1,10,0.2067279187770487,0.4278409566073815,0.8,0.645288549933603,0.645288549933603,1,False,False,False,False,1e-06,0.9,-4.831573804113074
0.4122170455021729,0.0079235980741472,203.8000250172881,1.0665602817660411,0.0450631995611852,0.514245414354053,,3,1,0.1,1.7085804614121256,0.3660571185970095,0.3471078785339799,0.8239676937528781,0.85013714245852,0.9445968249539112,1,10,0.1503671089488642,1.3304305439050794,0.8,0.3660571185970095,0.3660571185970095,1,False,False,False,False,1e-06,0.9,-0.6933240553598994
0.6068853253348049,1.1683430132500908e-11,6190953332.012142,-4.26472023412745,5.034908575039819e-09,0.3785261844349942,,3,1,0.1,0.12231952616175,0.0747950850848267,1.7259350358317245,0.2988734909023904,1.4776426493278978,1.6418251659198864,1,10,1.854214188901439,1.2940285044009645,0.8,0.0747950850848267,0.0747950850848267,1,False,False,False,False,1e-06,0.9,-2.830953065526685
0.1909100958473325,0.0007795162276587,34.30275281048203,0.6103399911874667,0.003823378873328,0.5244309318352186,,3,1,0.1,1.419134404127878,0.5299697765598478,1.765450491584186,0.139893580370503,0.8161459123902112,0.9068287915446792,1,10,0.8537955481573651,0.7986467401584229,0.8,0.5299697765598478,0.5299697765598478,1,False,False,False,False,1e-06,0.9,-2.7215397302098863
0.2705007429348073,0.0012721687927905,89.93416437570002,1.0123431298673249,0.0209565121190725,0.3432116170994411,,3,1,0.1,0.6372960256425221,0.3924381787142892,1.2085322586888732,1.3733662547140424,1.7222888595849508,1.913654288427723,1,10,0.5234942139742312,0.9090931361982084,0.8,0.3924381787142892,0.3924381787142892,1,False,False,False,False,1e-06,0.9,-3.2849411648019657
0.5865083434438675,3.342477105490224e-06,89250.09575772568,2.2745061554783885,0.000161869762076,0.3606756275322952,,3,1,0.1,0.2603063486861869,0.1587021427593246,0.8386222769887042,1.8561306643695032,1.595316931054381,1.7725743678382015,1,10,0.3388289043734075,1.8158108431155304,0.8,0.1587021427593246,0.1587021427593246,1,False,False,False,False,1e-06,0.9,-1.930530842612297
0.3328465304032501,0.0181880496575126,10.28088387603713,0.4038060047757008,0.0765113678914242,0.3608773823162812,,3,1,0.1,1.5373512095965869,0.7609682381776783,1.141326078826124,0.9037890104038366,1.5939218806769648,1.7710243118632942,1,10,1.5032776338680598,1.9544036025495373,0.8,0.7609682381776783,0.7609682381776783,1,False,False,False,False,1e-06,0.9,-1.905257393377921
0.3237283622891694,0.0042274482965341,24.555047433199988,0.4556420924781556,0.0319912127518696,0.3362008641380631,,3,1,0.1,0.9920866431265682,0.539952220391463,1.375772535112865,0.5830184237962349,1.7769711086477429,1.974412342941936,1,10,0.4565215439294004,1.799949845914956,0.8,0.539952220391463,0.539952220391463,1,False,False,False,False,1e-06,0.9,-1.5185913090491154
0.2783602573204904,0.0233571720554179,4.792911010073645,0.3378954573010534,0.0717278481025987,0.3918436991930243,,3,1,0.1,2.5438981901075106,0.9766662229749256,1.313414969161157,0.9319903343514124,1.3968341761102434,1.552037973455826,1,10,1.4132176205132456,1.319103408478689,0.8,0.9766662229749256,0.9766662229749256,1,False,False,False,False,1e-06,0.9,-1.7067223814726216
0.1608651260648347,0.0001161791720074,549.7123095173476,0.7508091158301056,0.0011267216563306,0.4511278537085111,,3,1,0.1,1.0580989301508186,0.5217515116408611,0.1515330525034383,0.0752113926153945,1.094999848937548,1.2166664988194975,1,10,1.2665560302877872,0.6280322386791466,0.8,0.5217515116408611,0.5217515116408611,1,False,False,False,False,1e-06,0.9,-4.220535503264722
0.1410705945494376,0.004408672734307,14.253144311635427,0.5413894777309297,0.0572876003932248,0.3427384869887912,,3,1,0.1,1.1070140491308107,0.670087753743795,1.853467539485545,1.2074312830016698,1.7259087735000511,1.9176764150000567,1,10,0.6835360129308911,0.5787806227198792,0.8,0.670087753743795,0.670087753743795,1,False,False,False,False,1e-06,0.9,-4.420837068503393
0.3189275442885418,0.0344197245104016,11.434494700308337,1.0014648958940338,0.08010907232772,0.6532884101597976,,3,1,0.1,1.738407341376338,0.4404424353535132,0.8210982984764351,1.7569495940898412,0.4776457472739422,0.530717496971047,1,10,1.4814220542964485,0.9302977185437298,0.8,0.4404424353535132,0.4404424353535132,1,False,False,False,False,1e-06,0.9,-3.082273621281132
0.160595663794994,0.014555986139785,11.706597450546504,0.7593673814003186,-0.0128716894757572,0.912781402913786,,3,1,0.1,-1.7212483263686498,0.5586537369032201,1.6484410802047338,0.6144494763027797,0.0859973013549736,0.0955525570610818,1,10,1.346405379156624,0.7068402067047691,0.8,0.5586537369032201,0.5586537369032201,1,False,False,False,False,1e-06,0.9,-1.2383471958629948
0.3643757877496341,0.0125059761000389,62.00144039889241,1.008751832280947,0.0427739039358705,0.5921430485169363,,3,1,0.1,1.5191948936735256,0.4024250733802262,0.4809088829651709,0.7761780196500326,0.6199030069746033,0.6887811188606704,1,10,0.3265513059827068,1.1307743251178803,0.8,0.4024250733802262,0.4024250733802262,1,False,False,False,False,1e-06,0.9,-1.6668137873572038
0.1919113110991223,0.0070442389010554,7.729916837371728,0.4447014168663763,0.0251722399363969,0.4744202403405993,,3,1,0.1,1.988254410420704,0.8785912552433208,1.7982108172811346,1.7165878180591767,0.9970522829166506,1.1078358699073896,1,10,0.2170805248149624,0.7478815192870989,0.8,0.8785912552433208,0.8785912552433208,1,False,False,False,False,1e-06,0.9,-4.980600593348738
0.2662066708665332,0.008563047572083,6.98663457220032,0.3142504479199798,0.0173972893557188,0.4864811977712886,,3,1,0.1,10.109708925473251,0.8175013950534947,1.722960693480086,0.3074888347820506,0.9500201120272704,1.055577902252523,1,10,0.7444633135121822,1.5626027315144635,0.8,0.8175013950534947,0.8175013950534947,1,False,False,False,False,1e-06,0.9,-0.919204263522852
-0.1529134197216123,7.323685599378414e-18,82916430999192.36,-3.3890442398115823,2.864263342849784e-13,0.4691694313864905,,3,1,0.1,0.0597739932351093,0.031371704828012,0.5879503689432903,1.673814425852033,1.0182835449025698,1.131426161002855,1,10,1.899159248520996,1.0667206557760114,0.8,0.031371704828012,0.031371704828012,1,False,False,False,False,1e-06,0.9,-2.456436008566674
0.0719142841268249,1.9071976459743078e-16,88947865654.44891,35.50789125048388,6.45763377087621e-10,0.6291224753784053,,3,1,0.1,0.0617437726581386,0.0218884413630219,0.6863695486521266,0.6820325686586114,0.530564055844082,0.5895156176045355,1,10,1.7107805294996243,0.2491293235827563,0.8,0.0218884413630219,0.0218884413630219,1,False,False,False,False,1e-06,0.9,-0.8410454223151751
0.3313143746206152,0.0224561724372204,13.53585094060262,0.4547836622986798,0.1007622518541963,0.3402270588066212,,3,1,0.1,1.4058430914578066,0.8248457836929821,0.7589002165149443,1.9623945528223763,1.7452922444112338,1.9392136049013708,1,10,1.1452683556198755,1.6783813672180237,0.8,0.8248457836929821,0.8248457836929821,1,False,False,False,False,1e-06,0.9,-3.841883440396714
0.2210916491640047,0.0218815299677167,6.073397696853261,0.4636439360188492,0.1271630962918998,0.3523051710978263,,3,1,0.1,1.6175158863510222,0.8903885407706792,1.126634862582329,1.8248257762545983,1.654603434276849,1.83844826030761,1,10,1.9269581814892816,0.8399833884174212,0.8,0.8903885407706792,0.8903885407706792,1,False,False,False,False,1e-06,0.9,-3.226312266431925
0.2359497271413038,3.003321602061632e-08,4267543.049339216,5.222346300950855,9.019816460996037e-06,0.3968469564776627,,3,1,0.1,0.1875727294715568,0.1086150069162237,0.3802308220793449,0.5326771296572028,1.3678767855201086,1.5198630950223428,1,10,0.1819892965932102,0.5415360114802827,0.8,0.1086150069162237,0.1086150069162237,1,False,False,False,False,1e-06,0.9,-1.788705305645239
0.1548569732264393,0.0004565786807029,58.85412933317871,0.4843110904239283,0.0020582308221506,0.4957935662333269,,3,1,0.1,2.047621875124932,0.766408680135717,0.2938256983651279,0.1131727990941552,0.9152716398430396,1.0169684887144883,1,10,1.3459333681578074,0.6497594612998605,0.8,0.766408680135717,0.766408680135717,1,False,False,False,False,1e-06,0.9,-2.924854134702393
0.5465817810383574,0.0285012349748402,12.767623671260733,1.171422830630722,0.0667002256335837,0.6413697565623118,,3,1,0.1,1.916136047503877,0.3211868971981952,1.6905422727229875,1.6811958178421744,0.5032467087689396,0.5591630097432663,1,10,0.5330222615096375,1.888576969946281,0.8,0.3211868971981952,0.3211868971981952,1,False,False,False,False,1e-06,0.9,-1.0784861956151937
0.1083294016373561,0.0078749252285414,35.87375592662679,0.5846475467264325,-0.0029121350120621,0.91511137977056,,3,1,0.1,-5.522740295288972,0.7863937087207915,0.2791769303774011,0.6655533193894353,0.0834868409413191,0.0927631566014656,1,10,0.5727280461189274,0.4539103639349192,0.8,0.7863937087207915,0.7863937087207915,1,False,False,False,False,1e-06,0.9,-3.16629732360064
0.4464848989775834,0.0012999563955656,244.67148455923672,1.0210034171988478,0.0171481247054239,0.4513008760939052,,3,1,0.1,0.5009969405050254,0.2588639049216009,1.3619352545800338,0.7890809244258541,1.094234994156606,1.2158166601740064,1,10,0.517256582465821,1.492416787734523,0.8,0.2588639049216009,0.2588639049216009,1,False,False,False,False,1e-06,0.9,-3.65062054901458
0.3171756295868727,0.0171604284437653,28.706923602758792,0.395367907197699,0.0410307911108876,0.4575411376974753,,3,1,0.1,2.1975168573360366,0.814729461144102,0.4779213136488993,0.8712144626422317,1.0670362418757569,1.1855958243063964,1,10,0.3854726693341064,1.6174698681787014,0.8,0.814729461144102,0.814729461144102,1,False,False,False,False,1e-06,0.9,-2.170955679355573
0.3722118287394446,0.0273307023313826,9.137831949567088,0.7958432704961629,-0.0376671223770565,0.9269679987156526,,3,1,0.1,-2.0927671765796365,0.4810409008551707,1.6731105892661062,1.4733815516320483,0.0709073034311671,0.0787858927012968,1,10,0.430642478648312,1.2105934881888107,0.8,0.4810409008551707,0.4810409008551707,1,False,False,False,False,1e-06,0.9,-1.472179264523307
0.3774170783488929,0.006688660008302,220.2373515318941,1.0717742285658864,0.0627615268734086,0.4146448027988006,,3,1,0.1,0.7041231773672529,0.385309011949563,0.3455271713290168,1.7224092722396085,1.2705324507267728,1.4117027230297474,1,10,1.0195793950387395,1.240560064226364,0.8,0.385309011949563,0.385309011949563,1,False,False,False,False,1e-06,0.9,-4.189274374101455
0.3122812024498561,0.0028081774988457,78.52144430101099,2.2159840841213843,0.0644947839802171,0.5312162317915986,,3,1,0.1,0.5069407379519553,0.2047301034726314,1.2104030859631432,1.2844375118513696,0.7942253382669205,0.8824725980743562,1,10,1.6996181072465757,0.7908870484505546,0.8,0.2047301034726314,0.2047301034726314,1,False,False,False,False,1e-06,0.9,-1.674981306911267
0.4351771546410426,0.001533102021898,177.97382717897136,3.145390728764464,0.0045867111402283,0.8715393814807035,,3,1,0.1,-3.452946646502136,0.125624041434113,0.5278428344942184,0.1604053049000192,0.1326555737170971,0.1473950819078857,1,10,0.0686167648489027,1.0302128137036288,0.8,0.125624041434113,0.125624041434113,1,False,False,False,False,1e-06,0.9,-0.6641880899165189
0.193631842237221,6.99705507240531e-05,21.86258464652156,0.3270980957426277,9.221308992530828e-05,0.588373710485125,,3,1,0.1,3.7759424291715806,0.9832093653037484,0.4264147531211141,0.0371809924430578,0.629640063724012,0.6996000708044579,1,10,1.2023338291500665,0.8815186232508694,0.8,0.9832093653037484,0.9832093653037484,1,False,False,False,False,1e-06,0.9,-3.825048556425848
0.7486096106198452,3.864529981511157e-09,3069014.42655034,8.705451787003698,4.282337124751901e-05,0.7223100001098474,,3,1,0.1,0.1114521449059517,0.0303386231023714,0.2822233828096001,1.3633242934436298,0.3460024087485012,0.384447120831668,1,10,0.3775836964772652,1.5470820255711624,0.8,0.0303386231023714,0.0303386231023714,1,False,False,False,False,1e-06,0.9,-4.000422788169446
0.7848769699662888,2.1240075208190896e-10,610570558.6819553,5.107012538301063,1.454362759630802e-07,0.4561823980472972,,3,1,0.1,0.1102252918883356,0.0587215750620861,0.5052755438051899,1.6113918094217303,1.072895060950352,1.1921056232781688,1,10,0.8170545383120374,1.8333730487644408,0.8,0.0587215750620861,0.0587215750620861,1,False,False,False,False,1e-06,0.9,-2.4184934087272114
0.2361228601218891,0.0356407822629211,94.25599323161306,0.5507229678000889,0.0111120997963672,0.7578536811571353,,3,1,0.1,8.931227490074097,0.7364484905770474,0.1682593565972349,1.7848066749377511,0.2875643311857078,0.3195159235396753,1,10,1.465936397924414,0.8058840866828397,0.8,0.7364484905770474,0.7364484905770474,1,False,False,False,False,1e-06,0.9,-3.4950531159987417
0.1376751566020711,3.833095874819012e-12,3660161309.226112,9.51012429239019,6.604295054263628e-09,0.3530976141620365,,3,1,0.1,0.1246827486245167,0.0798607400556954,1.591785876941811,1.8804548679920088,1.648870238434944,1.8320780427054928,1,10,0.3205568486216237,0.3719395204702024,0.8,0.0798607400556954,0.0798607400556954,1,False,False,False,False,1e-06,0.9,-4.412352147400664
0.423853535837938,0.0056364334829891,112.7477709233933,0.8308090472469137,0.0486404013321582,0.3807534108811251,,3,1,0.1,0.7365216276159616,0.4050239523730293,0.6815590432639463,1.1301290657924494,1.4637345701441098,1.6263717446045665,1,10,0.927681651686884,1.8971232327863727,0.8,0.4050239523730293,0.4050239523730293,1,False,False,False,False,1e-06,0.9,-2.2242852229026115
0.4267510872399043,0.0060297891260919,49.49166195645154,1.136016338313775,0.0553136976156791,0.4646298367751119,,3,1,0.1,0.6817770304105497,0.3171388528619115,1.650255349261127,1.246693797117504,1.0370258402832924,1.1522509336481026,1,10,0.7438783007129809,1.375495083424654,0.8,0.3171388528619115,0.3171388528619115,1,False,False,False,False,1e-06,0.9,-2.098881213097669
0.2016438179017712,0.0067735846447441,9.666064264094656,0.4087688298102128,0.033950725095613,0.4108375644521264,,3,1,0.1,1.559665329055682,0.7651115998640218,1.5990150320290015,0.5683647236300825,1.2906468100116346,1.4340520111240385,1,10,1.711055761042216,0.8708930169404072,0.8,0.7651115998640218,0.7651115998640218,1,False,False,False,False,1e-06,0.9,-3.187964194980907
0.5445333584171606,6.99042951395727e-06,39571.81385943259,3.6174303229679055,0.0004327283675323,0.5759589675258334,,3,1,0.1,0.2617074556916986,0.1073588591668732,0.6663709850114631,1.407291028211167,0.6626113156396551,0.7362347951551723,1,10,0.0325982177340129,1.142922314528346,0.8,0.1073588591668732,0.1073588591668732,1,False,False,False,False,1e-06,0.9,-4.475445333663692
0.453923948942723,0.0005011126744826,420.2471988054669,1.3272946317890493,0.007596275410017,0.403026120272434,,3,1,0.1,0.4966753899091032,0.2716558161612596,1.5236233696371344,1.8662577320639635,1.3331058825458406,1.4812287583842674,1,10,0.2031371966305991,1.571856065844233,0.8,0.2716558161612596,0.2716558161612596,1,False,False,False,False,1e-06,0.9,-2.1885730657816977
0.4525357823328184,0.0060647898004202,81.43458123376284,2.0640395529483206,0.0674044245115075,0.5798683034100964,,3,1,0.1,0.5693077180858959,0.2176984442586152,0.7358984381773577,1.95151071222742,0.6520765572238888,0.724529508026543,1,10,0.8762421595704595,1.124793180735537,0.8,0.2176984442586152,0.2176984442586152,1,False,False,False,False,1e-06,0.9,-3.344881831828659
0.3448228762676812,3.500852853510075e-05,4599.819261604203,1.3572378907927585,0.0014249895775534,0.4305908814683334,,3,1,0.1,0.3332495868944758,0.1812439007110042,1.7472067929211743,0.8039133553902453,1.190151089430787,1.322390099367541,1,10,0.1657953477652994,0.9056765722606578,0.8,0.1812439007110042,0.1812439007110042,1,False,False,False,False,1e-06,0.9,-3.055583477343135
0.7194657659791325,3.491134761851613e-10,83907492.92591934,6.771715159424571,3.530829660863736e-07,0.5074990044379777,,3,1,0.1,0.1094453996091003,0.0526340510296173,1.027657952355959,1.5920814176048514,0.8734024936594545,0.9704472151771716,1,10,0.3113491948551125,1.4817088133216656,0.8,0.0526340510296173,0.0526340510296173,1,False,False,False,False,1e-06,0.9,-2.305730778820616
0.3984041569322996,0.0320534463592437,9.707529698946002,0.8708667727012286,-0.0629917036817634,0.9852145192523272,,3,1,0.1,-4.550780155395075,0.4364272948621541,1.7126559747733117,0.9833866093136028,0.0135066347611323,0.0150073719568136,1,10,0.833771565287443,1.5129868958101125,0.8,0.4364272948621541,0.4364272948621541,1,False,False,False,False,1e-06,0.9,-3.884593727441248
0.4216225243344595,0.0230098264363791,13.65623128040063,1.0937220009286788,0.0087068784890322,0.7588041347438478,,3,1,0.1,2.628232580756023,0.3679743730120208,1.4176680571689633,1.6172903326627035,0.2860768264050329,0.3178631404500366,1,10,0.4648987798358802,1.229941802492342,0.8,0.3679743730120208,0.3679743730120208,1,False,False,False,False,1e-06,0.9,-2.759434642579011
0.359366718107702,0.037264114013993,6.446904112932989,0.5267271794551376,0.0767501002616333,0.5391321170766724,,3,1,0.1,3.6830574157526814,0.6032063889106282,1.994605066895884,0.9733404105446316,0.7693496296975514,0.8548329218861682,1,10,0.9603055433209744,1.687195325118549,0.8,0.6032063889106282,0.6032063889106282,1,False,False,False,False,1e-06,0.9,-1.0946475539586848
0.763107793717413,7.543407243203861e-08,594623.001042758,1.7711575345860764,3.8299011453608834e-05,0.5771232964692771,,3,1,0.1,0.1382590619342058,0.056446801092729,1.047629402603118,0.5970416377481325,0.6594587941710497,0.7327319935233885,1,10,1.439421005431234,1.729547292356126,0.8,0.056446801092729,0.056446801092729,1,False,False,False,False,1e-06,0.9,-2.2300114917894205
0.6994935960931556,4.697727225261055e-07,33702.35008515628,6.417174368037396,0.0004161624618726,0.6451682515101299,,3,1,0.1,0.1443810368613718,0.0484427848006988,1.4525389988606767,1.7436797482765822,0.4949849483346267,0.5499832759273631,1,10,1.2892778883848466,1.3976778492326345,0.8,0.0484427848006988,0.0484427848006988,1,False,False,False,False,1e-06,0.9,-1.6184143886861744
0.1731834528826346,0.0193018186052316,6.718079712203279,0.5990529311399895,0.0983017115341643,0.4989396178950204,,3,1,0.1,1.6163544097513147,0.6958941543377845,1.7515690487175166,1.5805347827083598,0.9038254885371014,1.0042505428190016,1,10,1.5907894162010143,0.642397949085587,0.8,0.6958941543377845,0.6958941543377845,1,False,False,False,False,1e-06,0.9,-4.923050989183857
0.4386765241504698,0.0023386137282548,259.3286934038429,0.993381012703058,0.0239361335623006,0.4542772690953079,,3,1,0.1,0.5698955185276825,0.295177801607531,0.7035905737545818,0.646518017321787,1.0811689054844142,1.2012987838715714,1,10,0.9559609339952214,1.5475479661700775,0.8,0.295177801607531,0.295177801607531,1,False,False,False,False,1e-06,0.9,-4.828337036410537
0.2357204863512156,0.0336913166627379,5.232201391567522,0.4837324374999538,0.0722823400126576,0.5508494983211696,,3,1,0.1,4.590998332249213,0.8505036532324513,1.0887031795038016,1.625509210290458,0.733840101049271,0.8153778900547455,1,10,1.204305788130772,0.8360849272402029,0.8,0.8505036532324513,0.8505036532324513,1,False,False,False,False,1e-06,0.9,-1.775319525290776
0.1671299931620124,0.0132070159580632,9.130305450719623,0.5392390971641281,0.0696190636610152,0.4835482285484184,,3,1,0.1,2.341344049901842,0.7045130195123939,1.2096816016899083,0.8280360976984992,0.9612414374916516,1.0680460416573907,1,10,0.7133839394078003,0.6557059410037471,0.8,0.7045130195123939,0.7045130195123939,1,False,False,False,False,1e-06,0.9,-1.5804452539542369
0.1292104000996438,0.0190918998977701,6.689295406442488,0.4824729075533204,-0.0075145060136507,0.9057464965245432,,3,1,0.1,-3.925466371135252,0.8990517141070037,0.7548403448153421,1.3138007199292845,0.0936555133841608,0.1040616815379564,1,10,1.953208551914248,0.5281734100681272,0.8,0.8990517141070037,0.8990517141070037,1,False,False,False,False,1e-06,0.9,-2.518877552262013
0.4188296831705191,7.097301395670731e-06,22893.36478080005,3.865509714765985,0.0006343019797367,0.4174866239636421,,3,1,0.1,0.2304642880510834,0.1314630791986678,1.1597603705512856,1.901533849266956,1.255757689804163,1.3952863220046254,1,10,1.890970072344537,0.9027251826821076,0.8,0.1314630791986678,0.1314630791986678,1,False,False,False,False,1e-06,0.9,-4.541030677149216
0.2064143896193317,0.0108084964884075,9.103871148394331,0.423223004081376,0.0471905439838115,0.4055566307443945,,3,1,0.1,1.9202709874192363,0.924570114701112,0.9432082025073176,1.7767665035464937,1.319172198832159,1.4657468875912878,1,10,0.3658048875568833,0.8134981535931034,0.8,0.924570114701112,0.924570114701112,1,False,False,False,False,1e-06,0.9,-3.319325145139681
0.7024516887725983,0.0060835956359923,10.507465739425175,3.103415725602266,-0.0504749951250027,0.9848377811944532,,3,1,0.1,-5.572491328181148,0.0806730436518055,1.96637587979435,1.1364233353878048,0.0138560859316767,0.0153956510351963,1,10,0.6242767732386392,1.602662693567852,0.8,0.0806730436518055,0.0806730436518055,1,False,False,False,False,1e-06,0.9,-2.680563888365826
0.1385858196792509,0.0170766024521082,6.497803771995787,0.5932853291921996,-0.0017392638551849,0.8549305881477081,,3,1,0.1,103.62126229220183,0.7185306562199971,1.8824067749282587,1.1352565399034602,0.1527170421518537,0.1696856023909486,1,10,1.2191790682672397,0.5845071042381368,0.8,0.7185306562199971,0.7185306562199971,1,False,False,False,False,1e-06,0.9,-4.447047443919822
0.299270978438546,0.0109895856157618,24.22600971581618,0.5677287627309547,0.0866081420037473,0.430519360489513,,3,1,0.1,1.083497352446866,0.4214639061778813,1.7531449521669495,0.8009238085696185,1.1904983203930102,1.322775911547789,1,10,1.5970931373096957,1.1703474742115902,0.8,0.4214639061778813,0.4214639061778813,1,False,False,False,False,1e-06,0.9,-1.005276819267937
0.3849464397172872,0.0638911780088535,3.809977377911882,0.3536663946437917,-0.054804571851743,0.9380160576666596,,3,1,0.1,-0.964050711034612,0.8715232261673443,1.4527161600717515,1.4615429792629009,0.0594718476768662,0.0660798307520736,1,10,1.2477564508928412,1.816389432190873,0.8,0.8715232261673443,0.8715232261673443,1,False,False,False,False,1e-06,0.9,-0.8462708063835
0.2538457463531031,0.0226650007511424,6.388161156816435,0.5380387247814123,0.1309943210882511,0.3723910476141645,,3,1,0.1,1.4031025630985052,0.7561165130919479,1.5932173564141032,1.8089757544191192,1.5168142756549097,1.6853491951721218,1,10,1.8855470536265968,0.943167324516626,0.8,0.7561165130919479,0.7561165130919479,1,False,False,False,False,1e-06,0.9,-3.17370510797826
0.1340969730590668,0.0111014232574315,12.217037783146088,0.5422152181056035,0.1006435948572938,0.3896657670005483,,3,1,0.1,1.523153168971029,0.813055944770799,0.6612661798145507,1.7432653859016043,1.4096717141147626,1.5663019045719584,1,10,1.0375234513718616,0.5339566372755724,0.8,0.813055944770799,0.813055944770799,1,False,False,False,False,1e-06,0.9,-4.13947214928598
0.5454202504045483,3.092656448954996e-05,7645.261080726105,1.943510535885268,0.0009710529126661,0.3754341973145513,,3,1,0.1,0.3160030673216517,0.1910768930638661,1.1774883636147149,1.547532883755151,1.4972243509984515,1.663582612220502,1,10,0.3751662511812532,1.7315138779247528,0.8,0.1910768930638661,0.1910768930638661,1,False,False,False,False,1e-06,0.9,-3.605233938988894
0.3106475807508276,0.0106948944036964,7.033466344090337,0.3632631590296303,0.0406311730830307,0.3585587214772871,,3,1,0.1,1.636732356723884,0.8453772256675294,1.564798742722881,1.905759566067239,1.6100491107619328,1.7889434564021476,1,10,0.2653562648238154,1.8796886917578568,0.8,0.8453772256675294,0.8453772256675294,1,False,False,False,False,1e-06,0.9,-2.426137607125595
0.2904872606719447,0.0152040414770197,16.75879874070191,0.4396284166438174,0.0618087050983047,0.3945192229093002,,3,1,0.1,1.4200982534932791,0.7655772889844369,0.6457988200600251,0.8961738193965837,1.3812576618273162,1.5347307353636848,1,10,1.79169148540138,1.3090035258181578,0.8,0.7655772889844369,0.7655772889844369,1,False,False,False,False,1e-06,0.9,-4.550148485480256
0.5569117710890625,0.0208870976805152,34.807314977553055,1.453401805814327,0.1916491830074072,0.4571442725136231,,3,1,0.1,1.0064734842193457,0.2976650103226204,0.9032314585604372,1.8336783413367512,1.0687439045256322,1.1874932272507024,1,10,1.0880838012349576,1.8874022793132528,0.8,0.2976650103226204,0.2976650103226204,1,False,False,False,False,1e-06,0.9,-0.5506797319722825
0.5905443907473896,0.0004501626997669,1347.9294284360385,2.1499413412594146,0.0115071548006236,0.504862197868843,,3,1,0.1,0.3480113828911179,0.1595198047206502,0.6074430386267413,1.038753276345724,0.8826646633460344,0.9807385148289272,1,10,0.879852878416759,1.570835187054352,0.8,0.1595198047206502,0.1595198047206502,1,False,False,False,False,1e-06,0.9,-2.190694472548401
0.3483816696893558,0.0278120117265087,7.553671115941928,0.3328044352222863,-0.0143971231852494,0.8335078565726826,,3,1,0.1,-96.47325788661443,0.8619008520090148,1.1221753774546643,1.0047452463605695,0.1797738652407284,0.1997487391563648,1,10,0.5906480337057999,1.9576339985896245,0.8,0.8619008520090148,0.8619008520090148,1,False,False,False,False,1e-06,0.9,-4.095175015492814
0.5609838400876284,0.0043493792890592,81.82753990836966,1.5372384612401606,0.0525931493427523,0.5248190108991825,,3,1,0.1,0.4975463916861096,0.2115641005121369,1.4953253415605654,1.3355012085358131,0.8148769029117541,0.90541878101306,1,10,1.6009625636817275,1.7527390564319374,0.8,0.2115641005121369,0.2115641005121369,1,False,False,False,False,1e-06,0.9,-2.22216089438306
0.17942069527264,0.018600864530293,6.124184972098037,0.512296364134248,0.1306165210228382,0.377873895280615,,3,1,0.1,2.09079106065761,0.8318889815846966,1.4354964723481591,1.5994438568926934,1.48174695643277,1.646385507147522,1,10,1.016353018946998,0.6683078795251436,0.8,0.8318889815846966,0.8318889815846966,1,False,False,False,False,1e-06,0.9,-1.401819245492924
0.3967406969851358,0.0658325059937565,6.524657885562796,0.6695301350980365,-0.0009856721151689,0.7476951591713675,,3,1,0.1,-0.6670373477055195,0.5567540622336566,1.049468512408248,0.9314528034209508,0.3036991131484975,0.3374434590538862,1,10,1.5316885929910964,1.5080785634189826,0.8,0.5567540622336566,0.5567540622336566,1,False,False,False,False,1e-06,0.9,-0.3829743341563025
0.2726475949054775,0.009357428776916,9.730602078781082,0.4552085693878573,0.005658653590481,0.6765452038392291,,3,1,0.1,-2.007800052910427,0.7338619748571793,1.6245734808152734,1.6841049785861646,0.4302880500707406,0.478097833411934,1,10,0.0939008648740429,1.1390999571441969,0.8,0.7338619748571793,0.7338619748571793,1,False,False,False,False,1e-06,0.9,-0.720637745901203
0.4169356716037649,0.0078648476845478,21.154084268826647,2.887165502711472,-0.0187602217120358,0.9305236759960512,,3,1,0.1,5.5405419777467495,0.1517628619026264,1.0874781065971466,0.8388530551495725,0.0671973139604663,0.0746636821782959,1,10,0.3551646502224567,0.955831057054148,0.8,0.1517628619026264,0.1517628619026264,1,False,False,False,False,1e-06,0.9,-3.355565770609151
0.3325317035833782,0.0425917577058315,14.836290052729558,0.3836379541124337,0.069117768110153,0.498128651476962,,3,1,0.1,4.475583055603972,0.9444907010317098,0.5198862504539047,1.2768373562713942,0.9067621634119636,1.007513514902182,1,10,1.4703280380954429,1.4871855361806534,0.8,0.9444907010317098,0.9444907010317098,1,False,False,False,False,1e-06,0.9,-1.617654851713148
0.2908119539093357,0.0004791301334636,192.6092415215956,1.063823401102714,0.0050646463601522,0.4585365127654773,,3,1,0.1,0.6753288019002325,0.3442930982325326,1.352661879080156,1.9173085844564963,1.0627662682127847,1.1808514091253164,1,10,0.043672245519318,0.98180589397712,0.8,0.3442930982325326,0.3442930982325326,1,False,False,False,False,1e-06,0.9,-4.988342870761743
0.3106477651747464,0.0131390982952921,5.395009139989845,0.3320638760471696,0.0317750541080643,0.4221065098581426,,3,1,0.1,1.8773274281562264,0.9148499112037628,1.7003533276774652,1.439946950527199,1.232163278653208,1.3690703096146757,1,10,0.2883377369872031,1.8800490986095872,0.8,0.9148499112037628,0.9148499112037628,1,False,False,False,False,1e-06,0.9,-4.263311515245956
0.2807781450479591,0.0015789367324881,207.1659844892626,2.2363158723855547,0.0330829191898965,0.5726635503177083,,3,1,0.1,0.5408584404623616,0.203751468211596,0.5740617791704735,0.6196043176984415,0.6716034301479266,0.7462260334976961,1,10,1.86907701784022,0.728028769359119,0.8,0.203751468211596,0.203751468211596,1,False,False,False,False,1e-06,0.9,-2.305139069041633
0.3434862019288696,0.0014382420445751,70.81440994887032,0.6183054528251579,0.0141197023130554,0.3779154857906775,,3,1,0.1,0.6678408504741504,0.3909299047936293,1.916397060304982,0.7110771941682357,1.4814848394397324,1.646094266044147,1,10,0.2682623964118631,1.5865545292723322,0.8,0.3909299047936293,0.3909299047936293,1,False,False,False,False,1e-06,0.9,-4.02330809161037
0.1652831369304933,0.0140854588719401,14.618767303453511,0.8474463346616283,-0.01774883032271,0.9321548767637045,,3,1,0.1,-2.9918014388534866,0.4998560634522471,1.89431895940044,0.5784174437114052,0.0655047915692498,0.0727831017436109,1,10,0.6833196156618522,0.8552064701189165,0.8,0.4998560634522471,0.4998560634522471,1,False,False,False,False,1e-06,0.9,-1.983409106127278
0.3016863763276131,0.0260794227745091,7.246259299750447,0.4075701981324849,0.0944673512937375,0.3647478169507451,,3,1,0.1,1.742377486157484,0.9515793509303412,0.9071017664133318,1.816730791849257,1.5674582222970084,1.741620246996676,1,10,1.1430216436460674,1.3528855823321608,0.8,0.9515793509303412,0.9515793509303412,1,False,False,False,False,1e-06,0.9,-3.894871243155561
0.1292022561255761,0.0051959505098428,10.733909218272874,0.4951095364519645,0.0618143377165739,0.3336553311327372,,3,1,0.1,1.4694008385400494,0.8045271901708977,1.1842203933038191,0.9534372736337238,1.797394334880133,1.997104816533481,1,10,0.5699414655142523,0.5380323094694275,0.8,0.8045271901708977,0.8045271901708977,1,False,False,False,False,1e-06,0.9,-2.2590938795145887
0.4376493464978537,0.0097503829182565,31.05865224620644,1.0600187019882583,0.0795142823216693,0.4225516371173169,,3,1,0.1,0.713484429076536,0.3815468454330529,1.6244061011582025,1.8290716450823368,1.229917200510395,1.3665746672337724,1,10,1.4279893966199777,1.5362753320782858,0.8,0.3815468454330529,0.3815468454330529,1,False,False,False,False,1e-06,0.9,-3.7772344596588345
0.2597729311864085,0.0351793023490269,6.53770509285665,0.4860059936761032,0.0967457560462562,0.4968335925974692,,3,1,0.1,5.562540930960919,0.7980303451589134,0.8862346443694769,1.1112440953681753,0.9114717148950376,1.012746349883375,1,10,1.595909669239501,0.9621134391211376,0.8,0.7980303451589134,0.7980303451589134,1,False,False,False,False,1e-06,0.9,-1.1022708184392442
0.502639342681181,0.0495160885183425,25.26792557795784,0.7027454769285413,-0.0942052252108046,0.9899259746307034,,3,1,0.1,-4.703789391886674,0.4591870408032942,0.6335197195681165,1.290202114222187,0.0091588897197584,0.0101765441330649,1,10,1.5351257913003735,1.9202226629577257,0.8,0.4591870408032942,0.4591870408032942,1,False,False,False,False,1e-06,0.9,-4.2208319111476325
0.4539463005653226,0.0205662994872519,28.70304517483328,1.2301679309829774,0.055818677825726,0.6456720632137412,,3,1,0.1,1.0912016471835495,0.3328473155744824,0.7719141682462578,1.3442585266028446,0.4938964549904445,0.5487738388782717,1,10,0.7493328041082462,1.3277347137741675,0.8,0.3328473155744824,0.3328473155744824,1,False,False,False,False,1e-06,0.9,-4.359260149646922
0.4335368493332847,5.440052850512706e-05,8472.127683145982,3.82373933842148,0.002946554609898,0.5207852289979165,,3,1,0.1,0.2851905006403761,0.1325198157379674,0.5340949169166334,1.9802175913419648,0.8281596133818164,0.9201773482020182,1,10,0.2902526021640226,0.9248150692806312,0.8,0.1325198157379674,0.1325198157379674,1,False,False,False,False,1e-06,0.9,-4.74535601272154
0.4574801741566054,0.0487941248906014,8.764538661038689,0.6377024639041742,0.0703285091330154,0.5788331461333128,,3,1,0.1,1.8357114746317744,0.5953830745541802,1.2155956633268674,1.7131643450939604,0.6548522160697383,0.7276135734108203,1,10,1.470315114451746,1.9798467110080569,0.8,0.5953830745541802,0.5953830745541802,1,False,False,False,False,1e-06,0.9,-3.558981664647023
0.6006661681969236,0.0021006644804217,206.5611790272147,1.793698093138319,0.027332987347146,0.4777242717622308,,3,1,0.1,0.4575072658859856,0.2271219015721167,1.2784528718425738,1.8866857713033376,0.9839319105141489,1.0932576783490542,1,10,0.8379996580356267,1.9531867175656263,0.8,0.2271219015721167,0.2271219015721167,1,False,False,False,False,1e-06,0.9,-4.198606755236357
0.398701608472734,0.0205081780419275,13.639994125438552,0.6609184442000885,0.095651115658423,0.418112398655214,,3,1,0.1,1.035736331007726,0.553989948891446,1.3743024165769255,1.481763603982542,1.252531240151437,1.391701377946041,1,10,1.445677440641544,1.819679305450872,0.8,0.553989948891446,0.553989948891446,1,False,False,False,False,1e-06,0.9,-4.927026746211205
0.2233230260569558,0.0114992515692057,10.75920928063178,0.5558131895880606,0.0305114419211563,0.5573634984124289,,3,1,0.1,2.7972734098843857,0.72668054978306,1.1773875552706918,1.447687971608148,0.7147451395068436,0.7941612661187151,1,10,0.2644837324363125,0.8014665875168989,0.8,0.72668054978306,0.72668054978306,1,False,False,False,False,1e-06,0.9,-2.2150104643524395
0.2005960628039668,0.0143713995600925,11.301654231503433,1.64575507088199,0.0940314114681448,0.6917500404712096,,3,1,0.1,1.2267198800957422,0.3100175254317847,1.4997501232152952,1.740711464969327,0.4010479903794928,0.4456088781994365,1,10,1.0854168499485786,0.589002361765663,0.8,0.3100175254317847,0.3100175254317847,1,False,False,False,False,1e-06,0.9,-3.862012500005185
0.398383812714655,0.0075072411953366,52.521710634208944,1.0062926274441,0.037561667370489,0.5806566532768257,,3,1,0.1,0.9650323830402228,0.3039996528182787,1.326184103441728,0.5502537695830677,0.6499693233876177,0.722188137097353,1,10,1.9651283345186912,1.3946475186842116,0.8,0.3039996528182787,0.3039996528182787,1,False,False,False,False,1e-06,0.9,-1.6919599097640448
0.3663035543488464,0.0526998196908724,3.44493574807016,0.4528042499239662,0.2174434776533969,0.3394022881221436,,3,1,0.1,3.0183895678369224,0.8652788080832174,1.9976215121168293,1.572396017929673,1.7517204847956394,1.946356094217377,1,10,1.8807088712186333,1.8584420037108005,0.8,0.8652788080832174,0.8652788080832174,1,False,False,False,False,1e-06,0.9,-0.7853840081598555
0.3373360142350691,6.575894893926138e-07,208232.96135211512,3.800315911856666,6.51506547248638e-05,0.4068981274438283,,3,1,0.1,0.24264725318909,0.1389100146752422,1.1486749872432602,1.913384550349688,1.3118558412983692,1.4576176014426323,1,10,0.0723312568605683,0.7527839359506642,0.8,0.1389100146752422,0.1389100146752422,1,False,False,False,False,1e-06,0.9,-2.7405120496795305
0.24997266813763,0.0305046952552051,7.64908640897822,0.616769111420845,0.1059063409870285,0.5102697783740939,,3,1,0.1,1.8638149170651368,0.6901718970988134,0.952815603656556,1.6853231901603505,0.8637728867026556,0.9597476518918396,1,10,1.589964064286144,0.8498894816195639,0.8,0.6901718970988134,0.6901718970988134,1,False,False,False,False,1e-06,0.9,-2.9487997881590817
0.3700743139218824,0.0135133532896363,24.134023700730257,0.9048970035329604,0.0649667962351543,0.5679756542337224,,3,1,0.1,0.8473693024181935,0.3318511352481615,1.9351985686751687,0.9750820830720268,0.6845749607247239,0.7606388452496932,1,10,1.2388406576497877,1.336563983865197,0.8,0.3318511352481615,0.3318511352481615,1,False,False,False,False,1e-06,0.9,-4.665523411133951
0.3259163483675534,0.0098416855573344,17.667544162596986,0.5078663509390666,0.0603387950346593,0.3559159434282114,,3,1,0.1,1.030954447101205,0.6051604158903386,1.1009220151823067,0.9423261404214625,1.6286869459432662,1.8096521621591848,1,10,1.3924368928910689,1.5925407312393929,0.8,0.6051604158903386,0.6051604158903386,1,False,False,False,False,1e-06,0.9,-3.772510744152258
0.5327974834903225,0.0001034858443397,2388.114707327405,1.4655861451280805,0.003464057108272,0.4044727981726644,,3,1,0.1,0.3120024166742798,0.1774729107263781,1.9452443632827328,1.4196276161047898,1.3251187324983,1.4723541472203334,1,10,1.848854915206636,1.514680332289016,0.8,0.1774729107263781,0.1774729107263781,1,False,False,False,False,1e-06,0.9,-2.687677546976059
0.2530386607281739,0.0291813150414782,5.800200220520476,0.5039407962377427,0.1086078692713663,0.4411593393082167,,3,1,0.1,1.901436166869662,0.8259883595271826,1.1671839844642553,1.7673158286501802,1.1400792181149169,1.266754686794352,1,10,1.4472541780616708,0.9170360418556218,0.8,0.8259883595271826,0.8259883595271826,1,False,False,False,False,1e-06,0.9,-2.928298432749853
0.3712529364300371,0.0141149675615438,34.604566039824384,0.6126094458816801,0.1095831022225859,0.3373987179328315,,3,1,0.1,1.2855073758496138,0.5337124266647404,0.7246635348171688,0.907920741292878,1.7674671602610237,1.9638524002900264,1,10,1.044333972925355,1.7079166711098783,0.8,0.5337124266647404,0.5337124266647404,1,False,False,False,False,1e-06,0.9,-0.7277923903604879
0.259259576078221,0.0169347699165857,8.27433091114047,0.4559568821311865,0.0344939286263359,0.5481047062942568,,3,1,0.1,2.701305265496151,0.717665655347702,1.4441400837484353,0.6897925512048767,0.7420220254719431,0.8244689171910479,1,10,1.889317846369988,1.1077082133517169,0.8,0.717665655347702,0.717665655347702,1,False,False,False,False,1e-06,0.9,-2.1122998138656115
0.2780343160070579,0.0303719843855995,10.77155506720156,0.3805480716609823,0.098325795917019,0.4008086666412199,,3,1,0.1,4.369819933060109,0.942973017607154,0.5908861042933127,0.9315087910291596,1.3454604276449609,1.494956030716623,1,10,1.728163726114171,1.1872976934724202,0.8,0.942973017607154,0.942973017607154,1,False,False,False,False,1e-06,0.9,-0.9857918709343868
0.2307160160214897,0.0058677580232555,16.57373618298982,0.59531272668424,0.0528186541585921,0.3380069379439887,,3,1,0.1,1.162997568890647,0.6426425059425078,1.0866657866839549,1.1797234837860278,1.7626672383545554,1.958519153727284,1,10,0.4275367773006957,0.8747084011213985,0.8,0.6426425059425078,0.6426425059425078,1,False,False,False,False,1e-06,0.9,-1.985194462216672
0.6776609360567767,0.0138912163492585,16.419933199071995,2.172725534492287,0.0787735799772364,0.7811205192776771,,3,1,0.1,0.7614792668550927,0.1332503907499351,1.2732300640198528,1.5784578533083269,0.2521909587425176,0.2802121763805751,1,10,1.2795001210900427,1.823628122348956,0.8,0.1332503907499351,0.1332503907499351,1,False,False,False,False,1e-06,0.9,-2.3714547370722387
0.5462902191651382,0.0245900256845408,28.450749842124097,1.128073277161297,0.0625940361066933,0.6196682684071898,,3,1,0.1,1.0201407037575194,0.3378983612414622,0.9506110686596486,1.4967279200754204,0.5523900058871526,0.6137666732079473,1,10,0.8717152031527547,1.9533151555515973,0.8,0.3378983612414622,0.3378983612414622,1,False,False,False,False,1e-06,0.9,-4.264065599517666
0.2024777652190679,0.0133445567083031,6.3195632756810864,0.4219211589030239,0.0305916649120359,0.5385820237157075,,3,1,0.1,6.1595107863678535,0.9050576774240524,1.3091707481149308,0.9977375825548308,0.7710546590301132,0.856727398922348,1,10,0.330075815410001,0.7870661321146697,0.8,0.9050576774240524,0.9050576774240524,1,False,False,False,False,1e-06,0.9,-1.5500053695425282
0.3295286881978428,0.0458354364066273,7.9672892207510735,1.0014358845499574,-0.0885078007051797,0.9720477969359194,,3,1,0.1,-3.1365873362367336,0.4111371886103298,0.8706163979695379,1.8344963824993803,0.0258803968662572,0.0287559965180636,1,10,1.9814096141180968,0.9398858994320723,0.8,0.4111371886103298,0.4111371886103298,1,False,False,False,False,1e-06,0.9,-2.5130152399433707
0.3672588789256281,0.0212302455735188,13.482806790091017,0.6030955063126076,0.1025539279329289,0.4069811599552674,,3,1,0.1,1.1965537551568937,0.583953508719752,1.1632738431939158,1.206746948224654,1.3114045773001433,1.4571161970001592,1,10,1.726471175526474,1.620975426643463,0.8,0.583953508719752,0.583953508719752,1,False,False,False,False,1e-06,0.9,-2.2636396644367496
0.2748043076749087,0.0192804578934031,12.77803108305362,0.3989451331978089,0.0786912122710008,0.3643123026198366,,3,1,0.1,1.6648872052190822,0.9089342357621056,0.6028223517069676,1.1324875705591504,1.5704079261884232,1.7448976957649147,1,10,1.3936763704757078,1.2026514406098523,0.8,0.9089342357621056,0.9089342357621056,1,False,False,False,False,1e-06,0.9,-3.6897725474609
0.3973625854179353,0.0473022313381649,5.3010157609157424,0.5514804435824436,0.0594024813197206,0.5856566315156276,,3,1,0.1,2.103112874395854,0.688645787281929,1.5069361156530374,1.8506233678895048,0.636736632983869,0.7074851477598544,1,10,1.4709136140609291,1.5687066585111042,0.8,0.688645787281929,0.688645787281929,1,False,False,False,False,1e-06,0.9,-4.640965164767411
0.594047737660401,0.0032567070492822,151.25931364654616,1.7540612594867135,0.0148590735248992,0.7033983087213403,,3,1,0.1,0.7031807458481137,0.1892273442829283,0.8739654201861724,1.0395446701463842,0.379502649979424,0.4216696110882489,1,10,0.1456589268912876,1.7301726980975556,0.8,0.1892273442829283,0.1892273442829283,1,False,False,False,False,1e-06,0.9,-4.840133919013694
0.1191412569891175,0.0041693252156652,17.926617228282584,0.4048931967208535,0.0373982122903609,0.4393751065991685,,3,1,0.1,1.2457152265542828,0.6128758599644156,1.8507558912369544,0.5834024721207977,1.1483636566626172,1.275959618514019,1,10,0.5780221437949385,0.5899987995172651,0.8,0.6128758599644156,0.6128758599644156,1,False,False,False,False,1e-06,0.9,-3.923239710231589
0.4844628967747385,0.0432205079932635,8.084445344190225,0.9414012020337076,-0.067674299037131,0.9059699725998468,,3,1,0.1,-32.11469076589156,0.3788689604371488,1.445517502587156,1.6504864587056658,0.0934104078717806,0.1037893420797563,1,10,0.965252785071862,1.5177593468228974,0.8,0.3788689604371488,0.3788689604371488,1,False,False,False,False,1e-06,0.9,-3.243431313291909
0.3190258535147064,0.0046460823990378,70.05197819349425,0.7141470029041397,0.0371760798719263,0.3875978662566943,,3,1,0.1,0.8606503679088392,0.475884016593818,0.5839151443239361,0.7579855182288129,1.4219942067585,1.579993563065,1,10,0.4793010246295355,1.2429265524374662,0.8,0.475884016593818,0.475884016593818,1,False,False,False,False,1e-06,0.9,-3.101759215728128
0.3709234000121035,0.0307818864754829,8.22238797462981,0.5506313270881238,0.0404836761589895,0.598018824302844,,3,1,0.1,2.325084891606304,0.5868964592885473,1.7427993728377882,0.9058388864479888,0.6049693478281363,0.6721881642534847,1,10,1.0537364476299689,1.773729402723187,0.8,0.5868964592885473,0.5868964592885473,1,False,False,False,False,1e-06,0.9,-2.3466895485015766
0.2897700071607901,0.0046284029245311,24.24114669120266,0.7120521261319992,0.0255445329876679,0.4580379024622482,,3,1,0.1,1.2437370946006825,0.5130786909018159,1.9007350574641737,1.9968751669971865,1.0649028937603668,1.1832254375115188,1,10,0.1288999208628712,1.0722079958698654,0.8,0.5130786909018159,0.5130786909018159,1,False,False,False,False,1e-06,0.9,-1.815695176702228
0.4193959852466568,0.0165455732364119,15.395787702888937,2.010858550048221,0.0493142835511777,0.7596998412657177,,3,1,0.1,1.2688049826353809,0.2190839626934152,1.2922827667020922,1.956853583174324,0.284678409963245,0.3163093444036055,1,10,0.6478883207899957,1.0074871183862426,0.8,0.2190839626934152,0.2190839626934152,1,False,False,False,False,1e-06,0.9,-2.4609863902691016
0.4999562645059006,0.0003892945431252,666.4163787588922,1.431051564860728,0.0080801099570034,0.3468162342355448,,3,1,0.1,0.4323878164312938,0.2564994359903403,1.32357045523356,1.7538774400256014,1.695034231842657,1.883371368714064,1,10,1.001452712608237,1.8851731834733407,0.8,0.2564994359903403,0.2564994359903403,1,False,False,False,False,1e-06,0.9,-1.48343681993485
0.6777989453215879,4.393393853017609e-05,15353.36990267938,2.405148847899163,0.0020534589076682,0.4461690473867105,,3,1,0.1,0.2544511076950043,0.1339930256915684,0.6035385182544755,1.8988031096810165,1.117172650750777,1.2413029452786413,1,10,1.6694063684414515,1.922600466127946,0.8,0.1339930256915684,0.1339930256915684,1,False,False,False,False,1e-06,0.9,-2.1951320968917583
0.3042809696782444,0.000110690293455,1828.4418719759367,1.8354929009981884,0.0042883458954448,0.3557638452635521,,3,1,0.1,0.37313348053385,0.2322752909663872,0.8009718595268762,1.2431447293107782,1.629768024441253,1.810853360490281,1,10,1.744403809178955,0.8359631588788987,0.8,0.2322752909663872,0.2322752909663872,1,False,False,False,False,1e-06,0.9,-3.801596390927794
0.4895479298592018,0.0121519979188785,29.86101103513673,1.1138010114180965,0.0514184230688114,0.5758190814627708,,3,1,0.1,0.8409010146556023,0.3175596876920733,1.571066539950975,1.107897703005028,0.6629909271393065,0.7366565857103405,1,10,0.5715138099477959,1.7211793147900407,0.8,0.3175596876920733,0.3175596876920733,1,False,False,False,False,1e-06,0.9,-3.92913327073602
0.2476643111690687,0.0372015142518671,5.36995105818648,0.5543272156096715,-0.0302211818892975,0.9140376492446224,,3,1,0.1,-2.1163251473064286,0.7174080872630643,1.1710247268855585,1.313530250234049,0.0846421542304923,0.0940468380338804,1,10,1.4713800884662074,0.8610182869333749,0.8,0.7174080872630643,0.7174080872630643,1,False,False,False,False,1e-06,0.9,-1.543094484614662
0.1519215231608195,0.0022304840931997,47.37924520071383,0.7369003826142246,0.0417740514710278,0.3601974058864485,,3,1,0.1,1.0351901114793898,0.4706827418368242,1.0087278159361135,0.5070422814342629,1.5986298770950151,1.7762554189944613,1,10,1.522539662259764,0.5872663508162673,0.8,0.4706827418368242,0.4706827418368242,1,False,False,False,False,1e-06,0.9,-0.9158304899856916
0.1972338609142918,0.0151555056873503,6.238854257970877,0.4103892414567752,0.0910178885815161,0.364362358757076,,3,1,0.1,1.6278188655702912,0.8533131254744567,1.7412552619694803,1.1871997298477397,1.5700685413007742,1.7445206014453047,1,10,1.9280848547144784,0.8018005812800664,0.8,0.8533131254744567,0.8533131254744567,1,False,False,False,False,1e-06,0.9,-2.7901985051844576
0.3026164613885341,0.006416256513875,18.40091928556808,0.4888422063809571,0.048606608413469,0.3494882516330537,,3,1,0.1,0.930583788115199,0.5488313418212432,1.698392338000551,0.8756903665911278,1.6751938607222705,1.861326511913634,1,10,1.182817728843328,1.409767739326783,0.8,0.5488313418212432,0.5488313418212432,1,False,False,False,False,1e-06,0.9,-3.157849498938804
0.4486304263565484,0.014163796760362,23.188928880356137,1.1502069917741318,0.1118698702897281,0.470476888086889,,3,1,0.1,0.8112288244255782,0.3352833533054506,1.7197598621615198,1.514369746813649,1.012952629107225,1.12550292123025,1,10,1.3436517932687515,1.4540827075189695,0.8,0.3352833533054506,0.3352833533054506,1,False,False,False,False,1e-06,0.9,-1.3572792511274856
0.6310544191202841,6.985830159490521e-05,6586.072444413756,2.311873679457087,0.0021410174229911,0.4326722600981194,,3,1,0.1,0.3333276177316517,0.1667983085578249,0.918854921951906,1.591859534299343,1.180096375478063,1.3112181949756252,1,10,0.2225619158598354,1.8473556623974785,0.8,0.1667983085578249,0.1667983085578249,1,False,False,False,False,1e-06,0.9,-1.0783687302942837
0.6392509394819416,0.0118304454720777,63.61883326503664,1.8494742199501069,0.1069338143431129,0.6340118261990356,,3,1,0.1,0.589140632019144,0.1754474338387802,0.6908118257314421,1.6656404665113551,0.519531880652117,0.5772576451690189,1,10,1.8590531034033384,1.9494148244642555,0.8,0.1754474338387802,0.1754474338387802,1,False,False,False,False,1e-06,0.9,-1.6313605421873376
0.1855464058619969,0.0024352577810706,58.00250626808582,0.8730336756345524,0.0422360230693002,0.4118885466499837,,3,1,0.1,0.7434231016175985,0.3807034179998442,1.69460500920787,1.050135921098093,1.2850571163485285,1.4278412403872538,1,10,0.5159137505667003,0.6556086812143245,0.8,0.3807034179998442,0.3807034179998442,1,False,False,False,False,1e-06,0.9,-2.062814402005832
0.5521102548379301,4.9521482252159464e-08,1502778.6928119163,4.100806301143514,1.2611877028009508e-05,0.4453700644011927,,3,1,0.1,0.1515066863503004,0.0827375968331796,1.529915702930628,1.3320399399628158,1.1207914090725082,1.2453237878583423,1,10,1.4463237134776503,1.1020178427884009,0.8,0.0827375968331796,0.0827375968331796,1,False,False,False,False,1e-06,0.9,-4.319260797806861
0.1491717882840914,0.0135534748964473,6.50407829305471,0.4111750942289896,-0.0027027748301904,0.8594149717949446,,3,1,0.1,-4.7150679074535535,0.9693263113548172,0.984906506361738,0.8076997775916404,0.1472240181251332,0.1635822423612591,1,10,1.8066266133104985,0.6184379594568802,0.8,0.9693263113548172,0.9693263113548172,1,False,False,False,False,1e-06,0.9,-2.406517480528069
0.3100578793134032,0.0120354218708708,10.455910523090989,0.4779826490836731,0.0642613481039288,0.3820478393388665,,3,1,0.1,1.12875122511208,0.6224137159284885,1.9929598176802583,1.096019332574035,1.455725925730792,1.6174732508119911,1,10,0.8006291927878619,1.4534657658654222,0.8,0.6224137159284885,0.6224137159284885,1,False,False,False,False,1e-06,0.9,-3.573979548414183
0.5973462240441143,2.009627671501206e-05,8783.110886454577,1.5083990882849834,0.0012226894286667,0.4824519272515418,,3,1,0.1,0.234533524618875,0.1183533051262584,1.7037498981428,1.0191715115252191,0.965470835876164,1.0727453731957377,1,10,1.3258699105941716,1.4827180314817454,0.8,0.1183533051262584,0.1183533051262584,1,False,False,False,False,1e-06,0.9,-4.421099271701771
0.2829102014710223,0.0441923704592721,12.003438687739948,0.5129675306103406,0.001509409631598,0.7688693957285544,,3,1,0.1,25.27413215589432,0.7518974373981633,0.5326648868379323,1.6830478258968231,0.2705499074354375,0.3006110082615972,1,10,1.90271948148365,0.9667763146341756,0.8,0.7518974373981633,0.7518974373981633,1,False,False,False,False,1e-06,0.9,-2.870733367878677
0.2012848472232216,0.0237463988452024,9.25859013684396,0.4086588040559906,0.0252339407268987,0.6489287941495439,,3,1,0.1,4.28407946167778,0.956014247959591,0.579791458633009,1.237177692332763,0.4869010099628859,0.5410011221809843,1,10,1.7297948756532897,0.7611458186875341,0.8,0.956014247959591,0.956014247959591,1,False,False,False,False,1e-06,0.9,-4.849938521511636
0.4239503595858525,0.0119164635947458,34.883133984326804,0.8370254350403039,0.0812187951392664,0.4008413361796921,,3,1,0.1,0.8036732515844761,0.4502601868629453,1.018763310788425,1.636456347507147,1.3452774171886834,1.4947526857652038,1,10,1.4291003602259045,1.786187135255835,0.8,0.4502601868629453,0.4502601868629453,1,False,False,False,False,1e-06,0.9,-4.638963438196533
0.2650624039782273,0.0015563674188825,26.70844224157336,6.338643490953387,0.0663475486970144,0.8404469689148413,,3,1,0.1,1.5216045644290312,0.0950540077416255,1.8948144648179444,1.6082520132474216,0.170858761216132,0.1898430680179244,1,10,0.2117084938907768,0.5758070017132793,0.8,0.0950540077416255,0.0950540077416255,1,False,False,False,False,1e-06,0.9,-0.8228782251688207
0.3508533051811924,0.0420457385427195,5.110141882319697,0.4763007580791243,0.0988079508198505,0.4633009926107829,,3,1,0.1,2.1227842572002023,0.8372984902915219,1.2890395544023343,1.9939493022038268,1.0425816355979325,1.1584240395532583,1,10,1.3280752013900303,1.4536554631617893,0.8,0.8372984902915219,0.8372984902915219,1,False,False,False,False,1e-06,0.9,-2.726752639865905
0.5905581040298246,1.5331816621823527e-05,10007.668050947848,3.659040573782729,0.0013423168374182,0.4267950789565225,,3,1,0.1,0.2464536302773261,0.1161537400670238,1.511725618678193,1.909015528144532,1.2087403402129728,1.3430448224588587,1,10,1.4653038942157843,1.321529723660233,0.8,0.1161537400670238,0.1161537400670238,1,False,False,False,False,1e-06,0.9,-0.4864743392985566
0.4012597595096013,0.0056388289086121,135.7509974120773,1.2428604684692743,0.0537383886721799,0.4410134988716149,,3,1,0.1,0.7305706197157137,0.3482548882341162,0.5731301830628934,1.8011497752063923,1.1407538596953526,1.2675042885503918,1,10,0.5457129434061112,1.2410134150663832,0.8,0.3482548882341162,0.3482548882341162,1,False,False,False,False,1e-06,0.9,-1.866215559257136
0.1693984340346817,0.0085216577307329,14.365699120669994,0.6626881760953234,0.0848406439526166,0.381235687695799,,3,1,0.1,1.170077972824063,0.664352084644596,0.950427387144392,1.4056111208326891,1.4607443611578692,1.62304929017541,1,10,0.9209021082297224,0.6221484469676041,0.8,0.664352084644596,0.664352084644596,1,False,False,False,False,1e-06,0.9,-4.968133289019823
0.1640640651888598,0.0201781852767732,7.309873486056621,1.441262246929522,0.2178359821437458,0.6081221660541926,,3,1,0.1,1.826305210020403,0.3361818950102849,1.478753168790064,1.7052603521766163,0.579965786874141,0.6444064298601567,1,10,1.922667322128543,0.5387502881375436,0.8,0.3361818950102849,0.3361818950102849,1,False,False,False,False,1e-06,0.9,-0.9838279121473475
0.4255883807254814,0.0346455527372221,33.778531389365,0.8084239154058787,0.0159586383813698,0.7149749420105261,,3,1,0.1,2.1389014844037555,0.4642409876789271,0.5070413487598645,1.0664205799623738,0.3587853743086144,0.3986504158984604,1,10,1.7291121082861478,1.4746743309086106,0.8,0.4642409876789271,0.4642409876789271,1,False,False,False,False,1e-06,0.9,-4.882722875379944
0.2941640257008389,0.0286593659888613,3.635775995032897,0.3181272952899737,-0.0227220324936888,0.954554472419511,,3,1,0.1,-2.2022461271390443,0.9833914047264916,1.8113863513015,1.3503054793256215,0.0428482354901847,0.0476091505446496,1,10,0.5799147404176492,1.296904025007767,0.8,0.9833914047264916,0.9833914047264916,1,False,False,False,False,1e-06,0.9,-1.907983564119931
0.3659445295161573,0.0338035534661666,5.131712597244074,0.5229863714030378,0.1147286633377167,0.4152345620627053,,3,1,0.1,1.4443533352728366,0.7387308021261684,1.9417275837985,1.8427403190199088,1.2674496350428783,1.4082773722698647,1,10,1.6720389121909396,1.667130564020439,0.8,0.7387308021261684,0.7387308021261684,1,False,False,False,False,1e-06,0.9,-4.184572329601762
0.4267702660801523,0.0649828218837691,10.079797595169072,0.6350553609078295,0.1360936048526878,0.5269039437157425,,3,1,0.1,-3.63079186580401,0.6354104386609852,0.8137439178594954,1.6732173483915531,0.8080912199160492,0.8978791332400546,1,10,0.7052204416164422,1.6750927187712057,0.8,0.6354104386609852,0.6354104386609852,1,False,False,False,False,1e-06,0.9,-0.5165857008949537
0.2081915442629129,0.0173553468293944,10.878099584612862,0.9635092258061512,0.0876726271375345,0.5856862076368761,,3,1,0.1,7.540728935421106,0.4884129819494988,1.1656168428940823,1.207583187656108,0.6366590304923105,0.7073989227692339,1,10,0.4441090970335106,0.6579808515229695,0.8,0.4884129819494988,0.4884129819494988,1,False,False,False,False,1e-06,0.9,-0.8183716891062911
0.4722453403397899,0.0222790860694642,16.89665855043302,1.342216681618407,0.0530112466209073,0.6914655209026419,,3,1,0.1,1.074401415140404,0.2744803000410281,1.291147587571592,1.0628369094023835,0.4015833368309333,0.4462037075899258,1,10,1.9175086886796888,1.4439083239329027,0.8,0.2744803000410281,0.2744803000410281,1,False,False,False,False,1e-06,0.9,-3.5768475668789046
0.4274536288656424,0.039585643685175,8.364305669347731,0.8881926643306167,0.0144690155058481,0.7285505080505432,,3,1,0.1,-1.1713824712150207,0.4203763367805869,1.4702448045599226,0.9422403741765956,0.3353295894449675,0.3725884327166306,1,10,0.4438419743928765,1.5542987069378145,0.8,0.4203763367805869,0.4203763367805869,1,False,False,False,False,1e-06,0.9,-0.4858876168939172
0.2742517325488774,0.006796677052538,12.09388017753282,0.3348500460148423,-0.0034686437287771,0.8438965739807565,,3,1,0.1,-2.4080749635803547,0.8591507009296965,0.9397354310526792,1.6456029720393333,0.1664814003860653,0.1849793337622948,1,10,0.0768249016331535,1.4067826462381392,0.8,0.8591507009296965,0.8591507009296965,1,False,False,False,False,1e-06,0.9,-1.4136461375291756
0.3334708062695498,0.0142699433493913,12.13151003981316,0.5852370894761459,0.0582534993330013,0.433462032361504,,3,1,0.1,1.2403860516814047,0.6284151858636732,1.344803982949435,1.736977798445912,1.1763064185732586,1.3070071317480652,1,10,0.4792522445696402,1.387559868068222,0.8,0.6284151858636732,0.6284151858636732,1,False,False,False,False,1e-06,0.9,-4.546778520745914
0.5431547440673741,4.865868721293138e-16,18212730.91039099,38.5182416603793,1.1963021134610663e-06,0.8260224825554037,,3,1,0.1,0.0697518231535325,0.0110100337867052,1.973766709792019,1.8481037999774672,0.1895587214717663,0.2106208016352959,1,10,0.6555106643179593,0.9752642948351882,0.8,0.0110100337867052,0.0110100337867052,1,False,False,False,False,1e-06,0.9,-0.5637680717977336
0.330716534694171,0.0058777422465069,16.2100715231908,0.4927344956100862,0.0385294896034049,0.3516224106164088,,3,1,0.1,0.934668931879751,0.5664646990457259,1.890395063639954,1.002682638764405,1.6595638185355202,1.8439597983728,1,10,0.5250791596728649,1.787547240672796,0.8,0.5664646990457259,0.5664646990457259,1,False,False,False,False,1e-06,0.9,-4.706739914277305
0.3863060782019841,0.0027130655722629,79.91777156822822,0.639529294434113,0.0195406294937393,0.4191150482846182,,3,1,0.1,0.7488186679783314,0.3947476114740454,1.2367329998375738,0.5497421565767714,1.2473817360736146,1.3859797067484605,1,10,0.2623064341376661,1.9730698587020272,0.8,0.3947476114740454,0.3947476114740454,1,False,False,False,False,1e-06,0.9,-3.079503090862445
0.3291371625835277,0.0011749026791544,153.3415011766343,1.4738447881914298,0.0212270594851209,0.39578758525478,,3,1,0.1,0.527930660335233,0.3038753517763061,1.8633442803408464,1.8742742393463383,1.373947019891096,1.5266077998789953,1,10,0.6250540184734433,0.9478471669223756,0.8,0.3038753517763061,0.3038753517763061,1,False,False,False,False,1e-06,0.9,-4.202995859550976
0.2779043413716772,0.0152880201560978,9.207154078383716,0.4064626872569239,0.0884860939964308,0.3429975426734038,,3,1,0.1,1.860226818871753,0.7301384893681554,1.2145571719138428,0.7202377136530478,1.7239255039123242,1.9154727821248048,1,10,1.1376776682119047,1.2641633779959327,0.8,0.7301384893681554,0.7301384893681554,1,False,False,False,False,1e-06,0.9,-0.9468170422838648
0.3464463550378507,0.0400747073813651,21.025316438024323,0.7970112130572927,0.0781591102398434,0.616964303024983,,3,1,0.1,1.6897562813402762,0.5292466153947846,0.5126726463648612,1.9968611700081336,0.5587553859879573,0.6208393177643969,1,10,1.5425874858868722,1.0810718045845529,0.8,0.5292466153947846,0.5292466153947846,1,False,False,False,False,1e-06,0.9,-4.676227926731375
0.469563709265437,0.0023933404767851,124.16613684548912,2.0684243498899666,0.0305629566686062,0.5631519654045392,,3,1,0.1,0.5622481933331946,0.2092262751151438,1.1788132345895828,1.4295856227270531,0.6981476675722631,0.7757196306358479,1,10,0.3017103120824784,1.1719072012991076,0.8,0.2092262751151438,0.2092262751151438,1,False,False,False,False,1e-06,0.9,-1.820450909141744
0.4567597489091967,0.0001133953439015,2460.444465066946,1.137157788504559,0.0027700013333129,0.346931977029348,,3,1,0.1,0.3761451558263004,0.2380737792101245,0.804176323266105,0.9401885391783646,1.6941684814019498,1.882409423779944,1,10,1.6936823132858754,1.6918867326938856,0.8,0.2380737792101245,0.2380737792101245,1,False,False,False,False,1e-06,0.9,-4.101587751371891
0.3469914726210831,0.0433300292531061,15.558505068114552,0.3780983689027355,0.0299691343205055,0.6105899389368404,,3,1,0.1,19.658087331141363,0.9057171850500008,0.5366323090590971,1.3346116380520352,0.5739843266449504,0.6377603629388338,1,10,0.9577669799093662,1.555617175765836,0.8,0.9057171850500008,0.9057171850500008,1,False,False,False,False,1e-06,0.9,-1.6107280373846802
0.5692597886035758,0.0272097682304517,10.165606361083771,1.9200206353689613,-0.1338025284635339,0.9862510716756442,,3,1,0.1,-7.994544980550366,0.1688395934456604,1.0257725197796943,1.388852982187308,0.0125465369288742,0.013940596587638,1,10,1.7436425406427134,1.4242540233626682,0.8,0.1688395934456604,0.1688395934456604,1,False,False,False,False,1e-06,0.9,-4.7756367114377385
0.2429406662116686,0.008930962382967,14.665088236302395,0.5494978479788711,0.0501931855374176,0.4113953178521672,,3,1,0.1,1.2926067533350805,0.663431100577102,0.9458286609036446,0.8416265356773738,1.287676818245682,1.43075202027298,1,10,0.4773133286234806,0.9328841778008816,0.8,0.663431100577102,0.663431100577102,1,False,False,False,False,1e-06,0.9,-3.62199611944058
0.7147039334133716,4.134934873304227e-06,25553.88851478883,1.4653232977658757,0.0005325082255639,0.5508994413733691,,3,1,0.1,0.188084439584824,0.0818327091994193,1.4325754247009688,0.7950333061628602,0.7336919815281314,0.8152133128090349,1,10,1.1972119967849597,1.732162736658912,0.8,0.0818327091994193,0.0818327091994193,1,False,False,False,False,1e-06,0.9,-3.2165279812608483
0.1825176399931267,0.0160696832942343,6.311096289262781,0.4970761110559071,0.0542634567476224,0.5223968428165208,,3,1,0.1,2.653878782954536,0.8113264905582244,1.6420615276595532,1.2878115983141536,0.8228281762723115,0.9142535291914572,1,10,0.6327154989746222,0.6910067635922423,0.8,0.8113264905582244,0.8113264905582244,1,False,False,False,False,1e-06,0.9,-2.4657348736176363
0.4230368744467497,0.0318695166586217,10.084073241531051,0.7257232239345707,0.1037028248877381,0.5006246029179438,,3,1,0.1,1.298138973083261,0.51549590733497,1.5234833122235312,1.3666621803439245,0.8977542349182486,0.9975047054647206,1,10,1.4908283639588018,1.7235256898904552,0.8,0.51549590733497,0.51549590733497,1,False,False,False,False,1e-06,0.9,-2.523378125817876
0.3574687114778985,0.0101892273058993,20.069098050776564,0.7394810330348717,0.0864912097243314,0.3473259719066674,,3,1,0.1,0.9104289894687972,0.5039203249309877,1.4717357877257249,1.623869898212766,1.691225744102562,1.879139715669513,1,10,1.244893531958548,1.4394317383529345,0.8,0.5039203249309877,0.5039203249309877,1,False,False,False,False,1e-06,0.9,-1.7647816583475522
0.2524569031206501,0.0038933549330754,16.04682534065828,5.545811444824762,0.009633526551414,0.9485978347750852,,3,1,0.1,4.550663900147655,0.1025392384487766,1.7892252009522354,0.911008596750555,0.0487687690256981,0.0541875211396645,1,10,0.7488229709221936,0.6000345837936579,0.8,0.1025392384487766,0.1025392384487766,1,False,False,False,False,1e-06,0.9,-3.3692645345616485
0.5302257933770202,0.048139619358386,7.200020986708916,1.4067450327852546,0.0841445271329227,0.71234981098719,,3,1,0.1,2.187730899495244,0.2741913685179569,1.310691889364122,1.937629631222194,0.3634242139444948,0.4038046821605498,1,10,1.4833453230489624,1.5165986848367825,0.8,0.2741913685179569,0.2741913685179569,1,False,False,False,False,1e-06,0.9,-1.2033121141384329
0.2750833409508139,0.0391631741300913,4.470021083948135,0.3958188374189292,0.0198264083310411,0.6766641232201622,,3,1,0.1,16.115235180903635,0.944331320669721,1.1540239886826222,1.785543523704468,0.4300542604756547,0.4778380671951718,1,10,1.1933468808912329,1.010370360308434,0.8,0.944331320669721,0.944331320669721,1,False,False,False,False,1e-06,0.9,-2.4136959393003465
0.365615370583609,0.0394186751101841,5.50689941034449,0.4535707184184465,0.1212725350311473,0.3889114323110858,,3,1,0.1,1.6981924350354802,0.8787536849433256,1.290905895028755,1.968974544401749,1.4141515656965828,1.5712795174406475,1,10,1.9553167807292893,1.8528053547257417,0.8,0.8787536849433256,0.8787536849433256,1,False,False,False,False,1e-06,0.9,-3.650301061730353
0.4163373410110839,0.0142490507116751,74.5065201556739,0.7642922036292009,0.076201991109321,0.4289018489736581,,3,1,0.1,1.2256213911091205,0.4804290520256853,0.5177366889027505,1.1414930273606416,1.1983821873318043,1.3315357637020049,1,10,0.4586312875701656,1.78992839881968,0.8,0.4804290520256853,0.4804290520256853,1,False,False,False,False,1e-06,0.9,-1.1504488775141797
0.3333842972621595,0.0379739981728101,6.239429365442934,0.6176786390378745,0.0098783882656734,0.7340498537409998,,3,1,0.1,4.059258145627807,0.6245636347068559,1.3739090757503278,1.5875778291708007,0.3260747623792234,0.3623052915324704,1,10,1.0670894161642437,1.1184321694230497,0.8,0.6245636347068559,0.6245636347068559,1,False,False,False,False,1e-06,0.9,-4.090163885546019
0.3692111536986153,0.0177245340199258,13.920449737709095,0.6601645215789052,0.0261286483586483,0.6186726523314845,,3,1,0.1,1.8641253983443948,0.508210000995063,1.5224596322484656,0.8530884708892272,0.55472730467126,0.6163636718569555,1,10,0.3813127098208167,1.5544470624268696,0.8,0.508210000995063,0.508210000995063,1,False,False,False,False,1e-06,0.9,-2.892485790680848
0.2842319973992948,0.0072108653711998,26.65461382967096,1.5119550689256511,-0.0038844373935722,0.8689988828956169,,3,1,0.1,-15.19795208327245,0.3163411031025184,1.630457499413664,1.3637510399362744,0.1356745189373356,0.1507494654859285,1,10,0.1554044118311268,0.7766686048487376,0.8,0.3163411031025184,0.3163411031025184,1,False,False,False,False,1e-06,0.9,-1.8107469690339069
0.580101304775365,4.128271184209783e-08,2552558.7507724087,3.115091385851421,5.45632939671656e-06,0.4106211200660638,,3,1,0.1,0.1799268789768868,0.1038001593011605,1.725876588117086,1.0984157745962195,1.2918015319212055,1.435335035468006,1,10,0.1032585625461868,1.2619903333999876,0.8,0.1038001593011605,0.1038001593011605,1,False,False,False,False,1e-06,0.9,-3.416095569258526
0.3022365587575006,0.0248733497309444,10.25069623705896,0.5368466602704388,0.0887075299135176,0.4410131993609774,,3,1,0.1,1.7967501626905436,0.7402098836522022,0.8664037615762276,1.5736284258981887,1.140755245657247,1.267505828508052,1,10,0.7740444930380803,1.149784621103835,0.8,0.7402098836522022,0.7402098836522022,1,False,False,False,False,1e-06,0.9,-2.220465198064561
0.3298785849947344,0.0022529447809943,65.01691306845662,2.6590309645414094,0.0698962393255809,0.6616017039076789,,3,1,0.1,0.5428545850953069,0.13400266277866,1.4744047973110377,0.7604799422612996,0.4603350697016759,0.5114834107796399,1,10,1.00946823060072,0.8016085429824517,0.8,0.13400266277866,0.13400266277866,1,False,False,False,False,1e-06,0.9,-0.9683918214613972
0.281575989932143,0.0108868579406364,12.456830840682484,0.5576312565530676,0.0474139500070492,0.4370946683838175,,3,1,0.1,1.3437433347633905,0.6586674042805066,1.1792498569229035,1.1984622524297175,1.1590505103340685,1.2878339003711872,1,10,0.3780724671831667,1.0994225773556203,0.8,0.6586674042805066,0.6586674042805066,1,False,False,False,False,1e-06,0.9,-3.95837826322685
0.4269089038222283,0.0230827819403271,21.06339853507473,0.8690741833783842,0.0901441642263381,0.4995077460195342,,3,1,0.1,1.2146322138888002,0.4735973798951988,0.95030122956128,1.813605706290503,0.901773860709667,1.0019709563440744,1,10,0.7199523449362751,1.5267530719844398,0.8,0.4735973798951988,0.4735973798951988,1,False,False,False,False,1e-06,0.9,-2.139274487080549
0.5593498584085441,0.0008186967151934,369.2825124817272,1.5094141301012551,0.0166939382080079,0.3996952859957381,,3,1,0.1,0.4261712689128676,0.2225285052538853,1.9022473442417944,1.5777680447255809,1.3517153229813084,1.501905914423676,1,10,1.3879289580057408,1.8631362286646864,0.8,0.2225285052538853,0.2225285052538853,1,False,False,False,False,1e-06,0.9,-1.1381537357533134
0.6251142959186279,1.0426637622900973e-07,42611.985613250894,7.929459124140992,0.0003758206053764,0.7247113969599475,,3,1,0.1,0.1361780788189852,0.0364303120150446,1.101938853511691,0.7712185095037716,0.3418736669181154,0.3798596299090171,1,10,1.043793006619859,1.162172091810031,0.8,0.0364303120150446,0.0364303120150446,1,False,False,False,False,1e-06,0.9,-3.398329603423464
0.1353224109019463,0.0125702220385783,9.924407199420578,0.4698011319448666,0.0884958328941466,0.4043168289687041,,3,1,0.1,1.788921502510697,0.9228343261824372,0.6845428842770678,1.8338004454964527,1.3259770939924544,1.4733078822138383,1,10,0.9822904444219582,0.5457143923193515,0.8,0.9228343261824372,0.9228343261824372,1,False,False,False,False,1e-06,0.9,-4.674341897193458
0.3114244823386274,0.0194010589006405,6.833360336012095,0.4601931750101433,0.0423117844243751,0.5113636788840366,,3,1,0.1,3.581121488362402,0.7206042701062083,1.734892818246199,1.050007363770772,0.859999853654244,0.95555539294916,1,10,0.327184963622274,1.3805323908450398,0.8,0.7206042701062083,0.7206042701062083,1,False,False,False,False,1e-06,0.9,-1.282094172043461
0.6754034231096454,4.330354601567839e-05,3134.460001980868,1.678708327600387,0.0031944418393325,0.5597750356043066,,3,1,0.1,0.2338804794006228,0.0961705677863242,1.6785861359206884,0.9768375530914444,0.7077887414689766,0.7864319349655295,1,10,1.644974443933058,1.670723506277238,0.8,0.0961705677863242,0.0961705677863242,1,False,False,False,False,1e-06,0.9,-1.8544476590297945
0.5290232683938559,0.0009760508562679,324.83525825592324,1.611986853375072,0.0134628253055363,0.4696042065651197,,3,1,0.1,0.4654587448573495,0.2343392316836669,1.4127697985359182,1.2786613923547856,1.0165075342552272,1.1294528158391413,1,10,0.3362504170380333,1.6180395990554346,0.8,0.2343392316836669,0.2343392316836669,1,False,False,False,False,1e-06,0.9,-4.085314110973559
0.2389164048979274,0.002449544355135,72.8001040775385,1.4296557735919369,0.0665412190130637,0.3389705686578941,,3,1,0.1,0.6798856827946649,0.335022293899578,1.879950806844184,1.9359769998112328,1.755097767229238,1.9501086302547088,1,10,1.439636557989676,0.7101750725654292,0.8,0.335022293899578,0.335022293899578,1,False,False,False,False,1e-06,0.9,-0.6748968486185438
0.3215196766894017,0.0231782404171035,6.729228271902808,0.3536673829942346,-0.0230588568989156,0.967697313371476,,3,1,0.1,-4.133716759658846,0.8265094868604257,1.3208930547764015,0.6894086171143887,0.0300428838273641,0.0333809820304046,1,10,0.9219821744486636,1.80113066947712,0.8,0.8265094868604257,0.8265094868604257,1,False,False,False,False,1e-06,0.9,-3.443807968799095
0.4100806040552132,0.031493506073189,12.676961484242906,0.9335113690599884,-0.0552429503514418,0.9399145425755976,,3,1,0.1,-5.429543240533712,0.4057804064171316,1.2216683959312382,0.8694454872073838,0.0575338599760122,0.063926511084458,1,10,1.6830088636581446,1.4367663231722685,0.8,0.4057804064171316,0.4057804064171316,1,False,False,False,False,1e-06,0.9,-2.828925912111434
0.1500961037302677,0.0120880711095764,5.909040549591316,0.3807761356193083,0.083053877775617,0.3544490681034974,,3,1,0.1,1.932515524915528,0.9967561885114484,1.2966922214599117,1.1194985994478643,1.6391518302347594,1.8212798113719548,1,10,1.7728294857393594,0.6247697023273205,0.8,0.9967561885114484,0.9967561885114484,1,False,False,False,False,1e-06,0.9,-2.722520288481282
0.4693950120152367,0.0064740481209262,29.5219723474489,2.369005500212591,0.0575213831191415,0.6951165059857429,,3,1,0.1,0.7118020802110345,0.1740126033012481,1.7195449298166472,1.5623331352992038,0.3947469844982493,0.4386077605536104,1,10,0.465735479527621,1.1123852614085692,0.8,0.1740126033012481,0.1740126033012481,1,False,False,False,False,1e-06,0.9,-2.002108804649488
0.6236947747082945,0.0003792960319224,725.7923102666917,1.296773342501278,0.0100088476648545,0.564205379897016,,3,1,0.1,0.3257659004016404,0.1353898072847284,1.3623946570619578,0.7134555080434773,0.6951638039401118,0.7724042266001242,1,10,1.401538457300083,1.824131335314433,0.8,0.1353898072847284,0.1353898072847284,1,False,False,False,False,1e-06,0.9,-3.783436752687375
0.5821186094100637,3.876353917032499e-09,19035958.355390985,5.744021173166886,1.127182372040466e-06,0.4037150191394943,,3,1,0.1,0.1408352647927093,0.0828700413574209,1.438967559847726,1.7023690722951668,1.3292953131105243,1.4769947923450268,1,10,0.9630807503443316,1.1608119327532842,0.8,0.0828700413574209,0.0828700413574209,1,False,False,False,False,1e-06,0.9,-4.252836467719983
0.3264437484616454,0.02778650304956,10.483806541210493,0.3654589371216255,0.0403087632107854,0.5202841370611541,,3,1,0.1,3.7755500995969946,0.8702481581802396,0.7996711444239734,0.8047877650962565,0.8298240247793949,0.9220266941993276,1,10,1.156440808254965,1.7019963044421424,0.8,0.8702481581802396,0.8702481581802396,1,False,False,False,False,1e-06,0.9,-1.8167725774058896
0.1855977725010911,0.0134049261625203,13.22431286710728,0.5091733571971702,0.0964365395703672,0.3640145356745494,,3,1,0.1,1.6694823600998323,0.8248127181285837,0.6098207620399773,1.4187933302508526,1.572428740605714,1.74714304511746,1,10,0.8188408219087684,0.7015278938506875,0.8,0.8248127181285837,0.8248127181285837,1,False,False,False,False,1e-06,0.9,-2.1153987304258166
0.2808856744309803,0.0287421343460872,6.88206848885292,0.5969155489998437,0.1706972261239455,0.3776750571319222,,3,1,0.1,1.7448831754061496,0.6927186446465221,1.3243880883928547,1.5887211565341883,1.4830008972120958,1.6477787746801065,1,10,1.4714884684652,1.0102240868109424,0.8,0.6927186446465221,0.6927186446465221,1,False,False,False,False,1e-06,0.9,-1.1610901409323988
0.5556856897777079,0.0075618175051751,65.47843386955161,1.4066077746645491,0.0597420996349843,0.4930524867006183,,3,1,0.1,0.6205662957780472,0.2883024045434283,1.2114901227452342,1.7485047714057658,0.9253634740239742,1.0281816378044155,1,10,0.9188933270776776,1.923050347296211,0.8,0.2883024045434283,0.2883024045434283,1,False,False,False,False,1e-06,0.9,-3.3550865924318405
0.1585687653100384,0.0202744307736554,6.408993969872396,1.6068368425876465,0.0931307487696161,0.7639280113861066,,3,1,0.1,3.5176416150782344,0.3157841433605926,1.5829985166960163,1.7620098890669054,0.2781214808015719,0.3090238675573021,1,10,1.8341238379671865,0.5202810914364852,0.8,0.3157841433605926,0.3157841433605926,1,False,False,False,False,1e-06,0.9,-1.6489106694730915
0.3578705510842238,0.0601268262545336,5.53548096975028,0.4269898146355079,-0.0259124200278312,0.8187206716360979,,3,1,0.1,-1.4989185496619724,0.8025958677075508,0.9762673151947134,1.308184288025438,0.1992760182804189,0.2214177980893544,1,10,1.6779167367043764,1.436155270700102,0.8,0.8025958677075508,0.8025958677075508,1,False,False,False,False,1e-06,0.9,-0.916806170048888
0.1714377695006294,0.0084254099430592,13.647937157533514,0.5476048529956767,0.0639551673061565,0.4089640484591144,,3,1,0.1,1.3751811099571087,0.6909678322672236,0.9255018945063536,0.7727934562185987,1.3006824399137278,1.445202711015253,1,10,1.3606509758171628,0.6688290961033279,0.8,0.6909678322672236,0.6909678322672236,1,False,False,False,False,1e-06,0.9,-3.1901193048735
0.3521221730156216,0.0072094079952437,36.61547147844593,1.1161541739133325,0.0610869248854733,0.4410440141425726,,3,1,0.1,0.7770209272370778,0.4006479715533468,1.3271704006874794,1.970239179345422,1.140612662547245,1.2673474028302725,1,10,0.6488285568287687,1.0857605306813556,0.8,0.4006479715533468,0.4006479715533468,1,False,False,False,False,1e-06,0.9,-4.07757434478327
0.1876030224603863,0.0097903269064994,17.616961869902088,0.9013511715834216,0.1409279848078893,0.3712239794210439,,3,1,0.1,0.9630514187552608,0.5094039233401804,1.2476231403765166,1.930353389387456,1.524412349125798,1.6937914990286649,1,10,1.9942251959510016,0.6369874130043114,0.8,0.5094039233401804,0.5094039233401804,1,False,False,False,False,1e-06,0.9,-1.8942833885908028
0.3045666247859864,0.0286292553852024,3.817627359172069,0.3181225469298658,0.0399769624732872,0.5089386664200166,,3,1,0.1,3.676074242794251,0.974835525443336,1.802381891109279,0.9706543325794832,0.86838597532939,0.9648733059215444,1,10,1.819705191326884,1.6157530700194531,0.8,0.974835525443336,0.974835525443336,1,False,False,False,False,1e-06,0.9,-2.196462822830137
0.3794181990649951,0.00010140580633,500.6489013087941,0.991223418150689,0.0018049749442145,0.3503269706536134,,3,1,0.1,0.495087085659006,0.2912271114368975,1.4606535194620678,1.668617060045487,1.669028580131437,1.854476200146041,1,10,0.0715547185545778,1.5546045871041412,0.8,0.2912271114368975,0.2912271114368975,1,False,False,False,False,1e-06,0.9,-1.660587679351917
0.4159214939060002,0.0239400612607761,8.237282645262702,2.081841800793208,0.0721312005632375,0.7723470044121231,,3,1,0.1,1.1078713985297777,0.2045606780814625,1.7020105760781374,1.8076110779848584,0.2652793302215766,0.2947548113573073,1,10,1.8933068791615923,1.0166321702252374,0.8,0.2045606780814625,0.2045606780814625,1,False,False,False,False,1e-06,0.9,-3.673373052366635
0.6224030927616211,2.8476096117241964e-14,1165992998616.367,1.031875049121221,2.3246007361778148e-11,0.3383050865833569,,3,1,0.1,0.0999417704115091,0.0629384376232892,1.663440303853985,0.9961913442828968,1.760320626832326,1.9559118075914728,1,10,0.4909535532381079,1.976878706293132,0.8,0.0629384376232892,0.0629384376232892,1,False,False,False,False,1e-06,0.9,-0.6665571966500625
0.3919135859940571,0.0208006413835881,14.056193247464376,0.7821424205652668,0.1038848713845738,0.4748367799502151,,3,1,0.1,1.0943329642951432,0.4459212379655828,1.7401614167827,1.2254625275603006,0.9953881375708968,1.1059868195232183,1,10,1.1857299573487334,1.475313706309059,0.8,0.4459212379655828,0.4459212379655828,1,False,False,False,False,1e-06,0.9,-1.7992694216347918
0.373939636222843,0.0497183370176625,13.907541849514864,0.462123781100506,0.0173915942774783,0.6742331160884145,,3,1,0.1,-1.4415680484041935,0.7311518569687189,0.6687775947482775,0.8006790659663832,0.4348498887467578,0.4831665430519531,1,10,1.264191003548376,1.7504746274359797,0.8,0.7311518569687189,0.7311518569687189,1,False,False,False,False,1e-06,0.9,-0.5918260474074133
0.4501866433237028,1.0067615588659378e-05,21312.080936212617,1.321216621998716,0.0004384939648644,0.3784185175098274,,3,1,0.1,0.2913308021526683,0.1749640925519161,0.8679755653814112,0.5513125199681694,1.4783191317444642,1.6425768130494045,1,10,0.3856039629976718,1.2417699675033251,0.8,0.1749640925519161,0.1749640925519161,1,False,False,False,False,1e-06,0.9,-3.150887369017314
0.4281233158075571,0.003230385293216,86.81384311375952,0.975189695431844,0.0224759288903971,0.4609761383236213,,3,1,0.1,0.7495992165353266,0.3606572741926441,1.3144229762646062,1.917345303312912,1.0523787137289276,1.169309681921031,1,10,0.1889182709346664,1.6715942617383468,0.8,0.3606572741926441,0.3606572741926441,1,False,False,False,False,1e-06,0.9,-2.871882543635734
0.3940201395366884,0.0264917041060642,43.019078081247415,0.4573913981024314,-0.0340987564653412,0.9713201151361068,,3,1,0.1,-1.4320960275424222,0.6447539707121582,0.5157350485775959,1.4633047225660984,0.0265740366901459,0.0295267074334955,1,10,0.3089593680163459,1.9937777700974624,0.8,0.6447539707121582,0.6447539707121582,1,False,False,False,False,1e-06,0.9,-1.3077188990240387
0.2317042437913613,2.6479641932788176e-14,889484773687.7795,-1.8805348863128133,4.4393174121666834e-11,0.3507924139481924,,3,1,0.1,0.1004691502177685,0.0645830652690746,1.4958814288797369,0.5070638057798917,1.6656199057169985,1.850688784129998,1,10,1.3376305718926518,0.51716808449155,0.8,0.0645830652690746,0.0645830652690746,1,False,False,False,False,1e-06,0.9,-3.543924562105031
0.2610407014858366,0.0152413954760094,11.07043109612487,0.6085479840029443,0.0798915738298882,0.4398973964152997,,3,1,0.1,1.2502302319938554,0.6132283233922279,1.3544312983730695,1.1263772402131802,1.1459316361816454,1.2732573735351616,1,10,0.9907666400367262,0.9591912622205572,0.8,0.6132283233922279,0.6132283233922279,1,False,False,False,False,1e-06,0.9,-3.875254024507368
0.4289120595458878,0.0029918347713073,127.2744163326809,0.7599278200085694,0.0292102815625159,0.4885189085884663,,3,1,0.1,0.6233864609606383,0.2704188679194035,1.520538894899717,0.6008060895283333,0.9423033053121178,1.0470036725690195,1,10,1.7087163053759475,1.5913264478276934,0.8,0.2704188679194035,0.2704188679194035,1,False,False,False,False,1e-06,0.9,-1.700386465056522
0.4101011118685265,0.0328660194277863,8.010828585523605,0.661848291346997,0.1073818449416479,0.4707678840264852,,3,1,0.1,1.4782563039902052,0.5869144458821983,1.6305859811091183,1.6213270123321593,1.0117701749369257,1.1241890832632506,1,10,1.0506300641617186,1.7231988313813682,0.8,0.5869144458821983,0.5869144458821983,1,False,False,False,False,1e-06,0.9,-2.09001032941327
0.3773813972794865,7.518195793055923e-05,2715.825446828247,0.5699820652727429,0.0029057122293295,0.364506940807983,,3,1,0.1,0.3535423567531163,0.1997390647480496,1.9138916456559527,0.9724650517687616,1.5690887860873604,1.7434319845415114,1,10,1.4119247290083277,1.108638479046265,0.8,0.1997390647480496,0.1997390647480496,1,False,False,False,False,1e-06,0.9,-1.032302564486851
0.6703984591107573,2.048995313247113e-05,4755.3568765094615,3.4287006716893296,0.0026182858545324,0.5605219044480847,,3,1,0.1,0.2204106819122181,0.082922336608805,1.2075904496252798,1.1510755236758543,0.7056464392523268,0.784051599169252,1,10,1.035094293748871,1.4687974831668822,0.8,0.082922336608805,0.082922336608805,1,False,False,False,False,1e-06,0.9,-0.7347341882777272
0.3328053181167192,0.0194145993810317,26.041309253542632,0.3554181586314493,0.0104761636389253,0.6308962002501394,,3,1,0.1,5.136475789904588,0.8302878128800445,0.5771338387703235,1.8373142699568288,0.526542115237286,0.5850467947080955,1,10,0.2683878852963732,1.8807126600569868,0.8,0.8302878128800445,0.8302878128800445,1,False,False,False,False,1e-06,0.9,-2.5249664049189056
0.7224675126643002,0.0144815009288885,14.457633314704106,2.234801328188813,-0.0095330840981741,0.9044730775353174,,3,1,0.1,3.5545245757677923,0.1088060691703504,1.0043082161562833,1.5466479800307558,0.0950544934432913,0.1056161038258792,1,10,0.7510548898279413,1.87513632841474,0.8,0.1088060691703504,0.1088060691703504,1,False,False,False,False,1e-06,0.9,-1.515984432975657
0.2702011869107541,0.0017778192638433,20.377977718124463,0.292809432505965,0.0056819581007118,0.3793310388127814,,3,1,0.1,1.754369192357618,0.916805305715238,0.6328852458772812,1.6919927210004464,1.4725978312156904,1.6362198124618783,1,10,0.0362219423596672,1.6690947093448814,0.8,0.916805305715238,0.916805305715238,1,False,False,False,False,1e-06,0.9,-3.5456279631417287
0.4981269921371014,0.0283397830161921,31.311067243479727,0.9741646041163148,0.0895088613086493,0.5794679245784717,,3,1,0.1,1.648477537833902,0.3585730370408468,0.8015543925801256,0.8392850874177776,0.6531489523854084,0.7257210582060093,1,10,1.428068942394921,1.9563502570000533,0.8,0.3585730370408468,0.3585730370408468,1,False,False,False,False,1e-06,0.9,-1.0234820551185404
0.6616065647011625,0.0008199461062167,235.201012968133,2.0724402053904383,0.0268878854299708,0.6161927949155027,,3,1,0.1,0.3454823994609026,0.1143296140450745,1.3882273353917292,1.0131865878936677,0.5605818299505031,0.6228686999450034,1,10,1.309037787686737,1.7269190790031952,0.8,0.1143296140450745,0.1143296140450745,1,False,False,False,False,1e-06,0.9,-1.3322509141066732
0.2478304619569099,0.0339229154156303,11.26890985532484,0.5297388623796272,0.0586667308369434,0.598378958453927,,3,1,0.1,2.623738070959958,0.767381719958337,0.5675579953592931,1.5962953362368784,0.6040635825921956,0.6711817584357729,1,10,1.9667421376773453,0.8644983523281151,0.8,0.767381719958337,0.767381719958337,1,False,False,False,False,1e-06,0.9,-4.207128043863184
0.2638093520002781,0.0002751948200371,366.1105093850245,4.77213970578984,0.0218015563950293,0.5585907518273912,,3,1,0.1,0.3238402100354201,0.1308004317999445,1.3098529589150218,1.973407425899026,0.7111974590623136,0.7902193989581262,1,10,1.1539043304709429,0.6009068127665815,0.8,0.1308004317999445,0.1308004317999445,1,False,False,False,False,1e-06,0.9,-1.948110462314366
0.3339694930534269,0.0572716799846524,6.485196407677776,0.6571254918326218,0.2468193396923316,0.4284961575526248,,3,1,0.1,3.1979133215039086,0.6738183486298548,0.8883433964193526,1.884536613090363,1.2003688927816545,1.3337432142018384,1,10,1.869607848796097,1.1434002390378426,0.8,0.6738183486298548,0.6738183486298548,1,False,False,False,False,1e-06,0.9,-0.8002494613371276
0.5525601211666011,0.0005724397127571,448.5300627508743,1.492242882747486,0.0136432254707189,0.5018973743562122,,3,1,0.1,0.3477895656136689,0.1658396683300341,1.8755537565610068,1.1897166474511351,0.8931952745408113,0.9924391939342349,1,10,1.3955234626549538,1.5637351728192364,0.8,0.1658396683300341,0.1658396683300341,1,False,False,False,False,1e-06,0.9,-3.9144284134469993
0.3302780064795081,0.0010863221097044,198.7699659407745,1.9577349080139328,0.0259421593836995,0.4343503593675326,,3,1,0.1,0.4657858935286824,0.2441104041256822,1.581338712055448,1.6364156265382392,1.1720599870356048,1.302288874484005,1,10,0.977159988102938,0.8567755083169605,0.8,0.2441104041256822,0.2441104041256822,1,False,False,False,False,1e-06,0.9,-2.550821715301664
0.3550480442847303,0.0072505525102893,23.77113537635924,0.6205248667808416,0.0093854161029387,0.6327748002619366,,3,1,0.1,3.971679195367362,0.4809461352879127,1.673475661595133,0.5021059335357956,0.5223069560093825,0.5803410622326471,1,10,0.0971627608425422,1.7423569991929175,0.8,0.4809461352879127,0.4809461352879127,1,False,False,False,False,1e-06,0.9,-1.236456309069753
0.5910210188790341,0.0395453121576304,6.205435450854951,1.5737864668810182,-0.0753488889701492,0.8852782595492098,,3,1,0.1,111.84298842890055,0.2023126320631127,1.7427622078345089,1.4641069222312315,0.1166295063636676,0.1295883404040751,1,10,1.4207540959745697,1.7230205579714282,0.8,0.2023126320631127,0.2023126320631127,1,False,False,False,False,1e-06,0.9,-1.5862055365839014
0.2596776116373321,0.0254993870090774,9.795817262819243,0.4214204118883379,0.0861536874878012,0.413726590329141,,3,1,0.1,2.131489864169831,0.9382389306858951,0.6550627243588792,1.6010302513158747,1.275349665787744,1.4170551842086043,1,10,0.9695007375219364,1.0188993355866351,0.8,0.9382389306858951,0.9382389306858951,1,False,False,False,False,1e-06,0.9,-2.6570264078416383
0.2967012264504305,0.0322055713537695,4.3714812006470805,0.4510387619237816,0.094269655811131,0.435083310154319,,3,1,0.1,2.166801316305551,0.8883259929976127,1.6045176120146598,1.8809956897371405,1.1685693498120633,1.2984103886800702,1,10,1.0712436608003133,1.1614290229840838,0.8,0.8883259929976127,0.8883259929976127,1,False,False,False,False,1e-06,0.9,-2.494397542732344
0.2120555778763752,0.0134886581465977,5.746083371613939,0.3692414715357712,-0.0106227703681517,0.9620795722083904,,3,1,0.1,-3.818360948923031,0.976585025736748,1.4036059079685104,1.3666886943863124,0.0354735574876713,0.0394150638751903,1,10,0.3267835455891006,0.819211380514124,0.8,0.976585025736748,0.976585025736748,1,False,False,False,False,1e-06,0.9,-3.199231383343638
0.3586643453667166,0.0077440847810051,40.24598694832662,0.514622686197463,-0.0038556921638636,0.7978973883236075,,3,1,0.1,-11.344279253183258,0.5600532595209563,0.7639026997069605,0.6609733415352159,0.2279645893952748,0.2532939882169721,1,10,0.0862795572840524,1.9667016482418924,0.8,0.5600532595209563,0.5600532595209563,1,False,False,False,False,1e-06,0.9,-1.7770014512393466
0.2664230568540211,0.0058751351553205,23.6820683940206,0.531022090032493,0.0523107781944906,0.3567667457984415,,3,1,0.1,1.109151991928743,0.5260286271073185,1.3577137060200164,0.6385241790693335,1.6226566393843869,1.802951821538208,1,10,1.6914631967363414,1.0935422122895504,0.8,0.5260286271073185,0.5260286271073185,1,False,False,False,False,1e-06,0.9,-1.110659369060559
0.1953198156843708,0.0094455568628567,19.453086098341743,1.3492287706926176,0.0534426420250213,0.6762837863100083,,3,1,0.1,1.2569022926326845,0.3270004456401055,1.4384986779015123,0.9343616367109712,0.4308022729786993,0.4786691921985548,1,10,0.5838315452648474,0.6454031395161963,0.8,0.3270004456401055,0.3270004456401055,1,False,False,False,False,1e-06,0.9,-3.479726429391766
0.3250317519532394,0.0156627474088899,6.077714083518544,0.3414196018134129,0.0072583393198249,0.6392712865635608,,3,1,0.1,-13.549812505815012,0.8426008026413379,1.8253618586894127,1.9390889127747832,0.5078530021862879,0.56428111354032,1,10,0.1680447162203079,1.9270605151576543,0.8,0.8426008026413379,0.8426008026413379,1,False,False,False,False,1e-06,0.9,-1.2736639771502904
0.4314540127238284,0.008838794737999,115.43651482237732,0.8951639656357189,0.0667852487286374,0.3987844281133877,,3,1,0.1,0.7438293543629663,0.4206411062747029,0.5413820735705661,1.6825310757652945,1.356858434161576,1.507620482401751,1,10,1.175891659767296,1.8006128030744135,0.8,0.4206411062747029,0.4206411062747029,1,False,False,False,False,1e-06,0.9,-4.697685672913013
0.3465082099967979,0.012771131237762,20.675305932533373,0.6080799072191462,0.0546876870209788,0.4989170685473287,,3,1,0.1,1.015287789112281,0.4447942768084085,1.9985958507350128,0.8040997155920038,0.9039070152891016,1.0043411280990018,1,10,1.9230503114894,1.5310119977249883,0.8,0.4447942768084085,0.4447942768084085,1,False,False,False,False,1e-06,0.9,-3.523240145429337
0.2715543305205633,0.0210821939860976,8.00778674632326,0.4886342826640935,0.016112065218581,0.6637425784198394,,3,1,0.1,5.821077669458282,0.6956317835939746,1.3152569561348602,0.6950264168487956,0.4559473646283392,0.5066081829203769,1,10,0.7378493394910769,1.1497140219327375,0.8,0.6956317835939746,0.6956317835939746,1,False,False,False,False,1e-06,0.9,-2.1301470937110043
0.221620070601203,0.0093244546781337,27.689126435622253,1.2313152874047026,0.0185953201637758,0.7502088909504514,,3,1,0.1,1.865641804366122,0.3470497859712845,1.1365063244087827,0.5664532242728801,0.2996658675422732,0.3329620750469702,1,10,1.5153854716835302,0.7495870747717386,0.8,0.3470497859712845,0.3470497859712845,1,False,False,False,False,1e-06,0.9,-4.082830260244309
0.1213832423962321,0.0159580549945628,5.348996075382799,0.4734615486054907,0.1085421790025974,0.4386318254981712,,3,1,0.1,2.039080864242482,0.9157537243098012,1.42739307422749,1.8683598059997428,1.151834699814212,1.279816333126902,1,10,1.6980850367498452,0.5022862005590687,0.8,0.9157537243098012,0.9157537243098012,1,False,False,False,False,1e-06,0.9,-3.5778895539954867
0.1544180329604098,0.0116156816171932,18.17636190667491,0.9604659549126184,0.0686486396042136,0.6108489643488019,,3,1,0.1,1.5376535545750838,0.4845208179873866,0.6847705043297583,0.9190674712869714,0.5733592958767617,0.637065884307513,1,10,1.2502992210903567,0.5461254324996507,0.8,0.4845208179873866,0.4845208179873866,1,False,False,False,False,1e-06,0.9,-3.997042167876129
0.368378439633823,0.0078568211282923,84.1018210878135,1.5518139035737375,0.0617331175196624,0.5578148181168959,,3,1,0.1,0.8496503693217329,0.3006476470664828,0.5762386942593524,1.5376135600954597,0.7134386731393633,0.7927096368215147,1,10,0.4287922616365006,0.9777240659681974,0.8,0.3006476470664828,0.3006476470664828,1,False,False,False,False,1e-06,0.9,-1.898486768364656
0.5729648668353957,2.9637548437255524e-06,195594.68882360065,1.4152203348252264,0.0001478483884469,0.3597885639823724,,3,1,0.1,0.2523877333720974,0.1568970381701364,0.5016006431363496,0.7187679951048913,1.60146916855338,1.779410187281533,1,10,1.6275169832887204,1.8121306022417016,0.8,0.1568970381701364,0.1568970381701364,1,False,False,False,False,1e-06,0.9,-3.041371093323587
0.6326782926898624,0.0069994307982641,32.80616317891047,1.01499076467431,0.1975237619430788,0.568082212269695,,3,1,0.1,0.8644781117311022,0.1300731292779191,1.7816653310908004,0.7472788373413528,0.6842777340346089,0.7603085933717877,1,10,1.1385391185199878,1.904693209622124,0.8,0.1300731292779191,0.1300731292779191,1,False,False,False,False,1e-06,0.9,-0.2625380213362378
0.3654096058511935,0.0026235658132864,75.39771628917948,2.2359147368092978,0.0540640758728886,0.5416060570130724,,3,1,0.1,0.4718368208650261,0.196357631041765,1.976028992920193,1.6988525380291966,0.7617243997665947,0.8463604441851051,1,10,1.183245516017319,0.9017372603293085,0.8,0.196357631041765,0.196357631041765,1,False,False,False,False,1e-06,0.9,-2.517830619062619
0.3381391938318709,0.0151911691329331,7.855754498320252,0.4420562114447596,0.0766940102704056,0.335202100133734,,3,1,0.1,1.2533021476469934,0.734996492274538,1.7009319543271586,1.35233132065616,1.7849473784350731,1.9832748649278589,1,10,0.9296687517154676,1.9708571803235044,0.8,0.734996492274538,0.734996492274538,1,False,False,False,False,1e-06,0.9,-3.1445126769830365
0.4309543218996272,0.0278082809717617,14.03552926691233,0.7149619341988513,0.0931316243445246,0.4846962152844523,,3,1,0.1,1.1442103461981288,0.530305093696304,1.1939434734963736,1.4522396838414198,0.9568331495467104,1.0631479439407892,1,10,1.3698652561150892,1.8559692055701065,0.8,0.530305093696304,0.530305093696304,1,False,False,False,False,1e-06,0.9,-4.958694002630813
0.3087690915101989,0.0092713037822649,11.329605207973776,0.5107083270630518,0.0552952734438691,0.3621708361117046,,3,1,0.1,1.1628601059574692,0.62776204590827,1.859407157248298,1.2318137133229032,1.5850151096164258,1.7611278995738064,1,10,0.4751812873463263,1.408198722133812,0.8,0.62776204590827,0.62776204590827,1,False,False,False,False,1e-06,0.9,-2.3203012623875114
0.5037049211931223,0.033770742457927,13.349962373542988,1.1450699824313977,-0.0949402890560856,0.9895548128055184,,3,1,0.1,-2.4018837550692216,0.3082101208561376,1.0682036765082246,1.1330648620271528,0.0094998966741229,0.0105554407490255,1,10,0.7892539350570266,1.577198068032918,0.8,0.3082101208561376,0.3082101208561376,1,False,False,False,False,1e-06,0.9,-2.197888756980652
0.2819320903720492,0.0325691277736517,4.42665889776543,0.4141118991781365,0.0773268128605184,0.4846959110601389,,3,1,0.1,2.762603003778465,0.8243263942010602,1.929916726754429,1.1777729639236671,0.9568343150069034,1.063149238896559,1,10,1.7690304805845,1.1971721801078972,0.8,0.8243263942010602,0.8243263942010602,1,False,False,False,False,1e-06,0.9,-1.8419419259536485
0.473619823688799,0.0456868677197019,8.273588520855535,0.7192546286301907,-0.054477875417693,0.8874702897105229,,3,1,0.1,-4.889530154155672,0.4778158730276575,1.4267975519243183,1.3910627639185342,0.1141184560595983,0.1267982845106648,1,10,0.8391837368837143,1.8028367502451763,0.8,0.4778158730276575,0.4778158730276575,1,False,False,False,False,1e-06,0.9,-2.016853478561022
0.2845434039126307,0.0319046149815457,5.109218222399172,0.4881850971112616,0.1480569083153209,0.3922394251122746,,3,1,0.1,3.029754988791099,0.7543622627605038,1.7239812043129747,1.2856011107427994,1.3945169260901913,1.5494632512113236,1,10,0.8739593867358278,1.106278774629204,0.8,0.7543622627605038,0.7543622627605038,1,False,False,False,False,1e-06,0.9,-0.824722449648676
0.244624154258494,0.0001157539560845,1193.332224320544,3.772687907471453,0.0082990900513818,0.4604042334288894,,3,1,0.1,0.3209299146256429,0.1642599813181512,1.123851732137699,1.7747394583168254,1.054803919367104,1.1720043548523376,1,10,1.1397301776441793,0.5948640116056727,0.8,0.1642599813181512,0.1642599813181512,1,False,False,False,False,1e-06,0.9,-2.723231502645405
0.679912484028705,0.0166658781395726,24.84618704244421,1.8988257235685804,-0.0577042726361364,0.9290525997617104,,3,1,0.1,3.941540639246496,0.1370618416081671,0.821778019633665,0.8651485024931934,0.0687287891243594,0.0763653212492882,1,10,1.3815651569753846,1.9692870285955049,0.8,0.1370618416081671,0.1370618416081671,1,False,False,False,False,1e-06,0.9,-3.520169656099424
0.255008393491493,0.0341936984078229,4.9348246784588845,0.3863870593591045,-0.0134050502993187,0.8492901256385048,,3,1,0.1,-45.23288424190591,0.932772502084936,1.0323028912476322,1.472157664261604,0.1597085410870295,0.1774539345411439,1,10,1.6788582420362117,0.9465287602318502,0.8,0.932772502084936,0.932772502084936,1,False,False,False,False,1e-06,0.9,-4.623754491793399
0.3049502408798539,0.000233914041868,419.6858347019263,2.55379760933467,0.0156496507486296,0.6508151379601295,,3,1,0.1,0.3521072565667863,0.1085869837103674,1.7735788356619304,0.7227153354193514,0.4828811708665823,0.5365346342962025,1,10,0.3293848564581798,0.725019984078688,0.8,0.1085869837103674,0.1085869837103674,1,False,False,False,False,1e-06,0.9,-1.7324028922508927
0.520823763450452,5.014732617927229e-12,5930117151.013795,7.313048406411613,6.524002631114168e-09,0.4183582762234288,,3,1,0.1,0.1013146911222282,0.0576945437674092,0.925061423910861,1.115084215507304,1.251266154274297,1.390295726971441,1,10,1.211455022797553,0.961999189475506,0.8,0.0576945437674092,0.0576945437674092,1,False,False,False,False,1e-06,0.9,-1.9812170293950504
0.2284767516715393,0.0055133507405125,24.46969762212544,0.40913648077864,0.0368656754100785,0.4330644006602653,,3,1,0.1,1.3008333550074498,0.5005321253239574,1.8137626750254665,0.5276205193103932,1.1782128446204034,1.3091253829115592,1,10,0.2669165117338207,1.035150939914628,0.8,0.5005321253239574,0.5005321253239574,1,False,False,False,False,1e-06,0.9,-1.189973454034559
0.3151947238712164,0.0006209948637116,98.4374445836249,0.6529611949948725,0.0063259637958178,0.3439918231703243,,3,1,0.1,0.7102836771101435,0.4437357227175918,0.7720604423570472,0.8584511272508601,1.7163412598164387,1.907045844240488,1,10,0.0949790079826957,1.4605315124499323,0.8,0.4437357227175918,0.4437357227175918,1,False,False,False,False,1e-06,0.9,-4.880170698990688
0.3073123887942438,0.0007669361863807,157.60406474719372,0.7198374207888039,0.0110445510509775,0.3745319371831318,,3,1,0.1,0.5783887137192508,0.3416248104562953,1.428154669469491,0.6314955076997015,1.5029993457138324,1.6699992730153694,1,10,0.3557928719889105,1.1553375595782982,0.8,0.3416248104562953,0.3416248104562953,1,False,False,False,False,1e-06,0.9,-3.674711374144843
0.4327702339782847,4.0907139424467776e-08,509543.4712772176,7.267656791487516,3.739511760360926e-05,0.5566224198225312,,3,1,0.1,0.1316844482233596,0.0572974587021086,1.876932782034329,1.4162955896863132,0.7168949865277585,0.7965499850308427,1,10,1.6451325245381516,0.8048363334093993,0.8,0.0572974587021086,0.0572974587021086,1,False,False,False,False,1e-06,0.9,-3.858448997582009
0.315675957299953,0.0379195405202593,6.150136941151946,0.3754468785932365,-0.0104488897478555,0.7998580773134236,,3,1,0.1,-5.268257189044726,0.8949953424389628,1.026031217461955,1.9153210020202,0.2251996141902257,0.2502217935446952,1,10,0.7247628736149809,1.2396538829452817,0.8,0.8949953424389628,0.8949953424389628,1,False,False,False,False,1e-06,0.9,-1.9346435057694509
0.4223995576807786,0.0057672368394076,22.89416433089824,3.3732983034610995,0.0951312536511572,0.7723657044024456,,3,1,0.1,1.0749025507457888,0.1216140068154854,1.1323399975087691,0.7403773340784677,0.2652511172752043,0.2947234636391159,1,10,0.5827214930861968,0.9312586642106953,0.8,0.1216140068154854,0.1216140068154854,1,False,False,False,False,1e-06,0.9,-0.820391361257407
0.3911886096156821,0.0571085717719741,5.220055613430397,1.0026476695204654,-0.1030329332008694,0.943578758995261,,3,1,0.1,-0.6206931055035488,0.3951868569670955,1.604532953863559,1.158777169207501,0.0538154514609205,0.0597949460676894,1,10,1.5686290779576386,1.2749230373944198,0.8,0.3951868569670955,0.3951868569670955,1,False,False,False,False,1e-06,0.9,-0.5379971358531019
0.1998606099733007,0.0111015201904164,10.15800194371162,0.4578067250240515,0.0775101519139475,0.3490020899043911,,3,1,0.1,1.468987549688274,0.8116168261507998,0.8756141555256558,0.9789538340771692,1.6787811191805602,1.8653123546450667,1,10,1.6912639944579542,0.7919140337717825,0.8,0.8116168261507998,0.8116168261507998,1,False,False,False,False,1e-06,0.9,-2.87578007628153
0.2580239802347638,0.0222045390960238,6.247043347884369,0.4464617846473877,0.0359314081825533,0.5753812791395979,,3,1,0.1,2.288994886948597,0.752312707307866,1.7133768825574656,0.9177696899815376,0.6641801925600083,0.7379779917333426,1,10,1.3462412528168246,1.0868840646599407,0.8,0.752312707307866,0.752312707307866,1,False,False,False,False,1e-06,0.9,-4.511206481870646
0.5654747423483647,0.0403269984495731,7.485824259899674,1.2192223537925473,-0.0845135984090662,0.9062082892852156,,3,1,0.1,-10.217967189961325,0.2702122949616183,1.8488500689925385,1.48823720796058,0.0931491585779771,0.1034990650866412,1,10,0.915019204219527,1.8570022220975315,0.8,0.2702122949616183,0.2702122949616183,1,False,False,False,False,1e-06,0.9,-2.036557622947508
0.4195390830299347,0.028139025796683,22.06318385730448,1.076699983874289,0.1039146118155791,0.5701631716516625,,3,1,0.1,1.0460872286249931,0.3948963132172927,0.7336507792924936,1.6728459696424358,0.6784954987409273,0.7538838874899192,1,10,1.538539455395844,1.275186648159804,0.8,0.3948963132172927,0.3948963132172927,1,False,False,False,False,1e-06,0.9,-4.301916978824518
0.711747430654316,0.005071520939357,10.07747417549508,3.531371765020682,-0.0162306383829727,0.9689870101169006,,3,1,0.1,-1.446802756403201,0.0709693324930177,1.3344938575228116,1.2619352656635696,0.0288050207106719,0.0320055785674132,1,10,0.5129617976337592,1.5447034029845428,0.8,0.0709693324930177,0.0709693324930177,1,False,False,False,False,1e-06,0.9,-0.858901100682699
0.2027795074089959,0.0165333494306209,10.33692593818724,0.7316165119844842,-0.0014399834191501,0.8185415315506687,,3,1,0.1,11.418900788615993,0.5598655092979924,1.5598798621516248,0.8290320130941863,0.1995165978872375,0.2216851087635973,1,10,0.6021806625855569,0.788941973845825,0.8,0.5598655092979924,0.5598655092979924,1,False,False,False,False,1e-06,0.9,-3.460526336535202
0.2882292412258513,0.0290184190181356,3.784572964854693,0.3205705721491091,-0.0064526354113357,0.7741251265121599,,3,1,0.1,-1.107757203462704,0.9482942714892078,1.9796212107141475,0.7308614699105266,0.2626027488023444,0.2917808320026049,1,10,0.5351644104967399,1.5926356754930693,0.8,0.9482942714892078,0.9482942714892078,1,False,False,False,False,1e-06,0.9,-0.6785121836473964
0.7741845439972129,0.0002547006985726,22.92552480086104,5.502359968706344,0.1090146871563191,0.9271456995878272,,3,1,0.1,0.602303751062341,0.0381643741815735,1.2222110408024096,1.242862185303876,0.0707212150151857,0.0785791277946508,1,10,0.8450272466071415,1.6732341644013689,0.8,0.0381643741815735,0.0381643741815735,1,False,False,False,False,1e-06,0.9,-3.72843108493572
0.5173956864273421,8.793279060909406e-05,3123.5076696917,2.424585153416458,0.0030650014570651,0.4083485173135772,,3,1,0.1,0.3142283175052386,0.1788816079473076,1.149157669059485,1.5261156546211505,1.3039996763570372,1.4488885292855969,1,10,0.9676255161275884,1.31608794925978,0.8,0.1788816079473076,0.1788816079473076,1,False,False,False,False,1e-06,0.9,-3.26407806336004
0.2244579292361,0.0204232308488461,8.272592123645666,0.5743212928814722,-0.0030128852956319,0.7993540266527471,,3,1,0.1,-7.3047340395502225,0.6466834864216578,1.5952565861310417,0.6971082251009326,0.2259091341150837,0.2510101490167597,1,10,0.860050907074845,0.9533679861971164,0.8,0.6466834864216578,0.6466834864216578,1,False,False,False,False,1e-06,0.9,-1.7875972646963303
0.4647010801073258,0.0024284176896599,136.5021060273189,1.2010839852404955,0.0325636561543906,0.3826688363638178,,3,1,0.1,0.5394296077931534,0.3083127483447756,1.2900205128465176,1.6118157710494387,1.451903041156808,1.6132256012853423,1,10,1.4590872716688346,1.6615716976959658,0.8,0.3083127483447756,0.3083127483447756,1,False,False,False,False,1e-06,0.9,-2.577262373033287
0.8037385370855171,1.031878028560995e-05,5477.758581319209,4.090877621593621,0.0032350120213171,0.7026518837958002,,3,1,0.1,0.1899837381337592,0.0548876640586445,0.8007711432872211,1.766630664035581,0.3808618616918867,0.4231798463243186,1,10,0.6461979269080399,1.9189732072483248,0.8,0.0548876640586445,0.0548876640586445,1,False,False,False,False,1e-06,0.9,-4.569027913813549
0.1710533023865671,0.0091775429060886,10.307354132801064,0.4355416218503091,0.0561518634950317,0.422006993588959,,3,1,0.1,1.814603875541498,0.7214070228921082,1.5332214999038831,0.6435654787803012,1.2326660782228955,1.3696289758032172,1,10,1.4024958320029255,0.7280618875457422,0.8,0.7214070228921082,0.7214070228921082,1,False,False,False,False,1e-06,0.9,-1.687232313918944
0.3690972819686958,1.6097235780752752e-08,354588.2985061776,14.525071452014112,5.792943775658674e-05,0.6400610898467751,,3,1,0.1,0.1206101048963415,0.0423640669224538,1.086195222916777,1.7378633501964258,0.5061157821911216,0.5623508691012462,1,10,1.012223168969239,0.688061737245908,0.8,0.0423640669224538,0.0423640669224538,1,False,False,False,False,1e-06,0.9,-3.1200205679822512
0.344273582961108,0.016658494490341,17.356321140877583,0.574478095499225,0.0893139743797347,0.3726164719014235,,3,1,0.1,1.117276296296858,0.6332135904700357,0.8706317545016905,1.3923516549027162,1.5153521593057675,1.683724621450853,1,10,1.2397669117452992,1.5395749654763782,0.8,0.6332135904700357,0.6332135904700357,1,False,False,False,False,1e-06,0.9,-3.891184338306578
0.4382844309742972,0.0206681065316392,11.012814688922594,1.8469370453694889,-0.076416085139425,0.9803641606262208,,3,1,0.1,-2.512114527207151,0.2180088727468935,1.3843442557578831,1.4980856698909857,0.0180262153046403,0.020029128116267,1,10,0.5708915991548204,1.0822381504864051,0.8,0.2180088727468935,0.2180088727468935,1,False,False,False,False,1e-06,0.9,-2.0083667199467485
1.6806603084631984,3.3977205184899886e-14,943275961588.9034,14.65115448905248,3.3278142940576625e-11,0.3625947611324808,,3,1,0.1,0.093706061295099,0.0591513137627834,1.356447398404109,1.326010337948348,1.58210977232285,1.7578997470253888,1,10,0.6658903309211348,1.6921910894245171,0.8,0.0591513137627834,0.0591513137627834,1,False,False,False,False,1e-06,0.9,-3.480657694142871
0.3224913895489019,0.022180089380277,4.965941277457048,0.3461013189476958,0.0491241991281187,0.4478660602378103,,3,1,0.1,1.818226085934044,0.8598652160744056,1.9069811767988087,0.9396042600129207,1.1095293658155594,1.232810406461733,1,10,1.32895258037173,1.9491793395216963,0.8,0.8598652160744056,0.8598652160744056,1,False,False,False,False,1e-06,0.9,-4.861227765995236
0.3399931732925004,0.0113885064550661,43.32183345057385,0.5545325082896528,0.0678772861542414,0.3539288676406415,,3,1,0.1,1.095772874979208,0.6189437869843946,0.5379474120224992,1.2679914429034755,1.6428838455579349,1.825426495064372,1,10,0.7267499328870082,1.6381799087531117,0.8,0.6189437869843946,0.6189437869843946,1,False,False,False,False,1e-06,0.9,-2.6970001530482204
0.2826236936979757,0.0076547048719287,16.747291831851644,0.4713414778263349,0.0333368227760129,0.4553118417505447,,3,1,0.1,1.279461890644935,0.556905224265794,1.6781316501850658,0.5893337115184799,1.0766672365466174,1.1962969294962416,1,10,0.3108784095374613,1.3210325499470468,0.8,0.556905224265794,0.556905224265794,1,False,False,False,False,1e-06,0.9,-2.317297271478133
0.3773540955650844,0.049631295634992,14.86784539811248,0.3518803707241199,-0.0018068133066674,0.7277353959600499,,3,1,0.1,7.435027439245809,0.904165292407864,0.5847924949644282,1.700778729341793,0.3367132408238761,0.3741258231376401,1,10,1.4424643323741533,1.7455227412971328,0.8,0.904165292407864,0.904165292407864,1,False,False,False,False,1e-06,0.9,-4.367527697825937
0.2754372395597638,0.0068682622068451,21.04929456195144,0.4626323617106606,0.0270106545172011,0.4254433554707287,,3,1,0.1,1.7128658166689887,0.7072269756970819,0.7425528053725088,1.530579308146139,1.2154402540949345,1.3504891712165938,1,10,0.143991418679094,1.229709018098735,0.8,0.7072269756970819,0.7072269756970819,1,False,False,False,False,1e-06,0.9,-1.86115684984038
0.3612982653553545,0.0026635791554169,52.53275925899516,3.783134213179468,0.0526040081004564,0.7639680286432707,,3,1,0.1,0.6494154047068025,0.1258927774742409,0.8216483153774836,0.7233504575902033,0.2780597698549089,0.3089552998387876,1,10,0.4697870217831498,0.7897619326697272,0.8,0.1258927774742409,0.1258927774742409,1,False,False,False,False,1e-06,0.9,-2.2803747557672125
0.6030321835285256,9.070822387992965e-08,1618682.9850033976,3.937721522717817,1.4875330690344602e-05,0.4862510653489334,,3,1,0.1,0.1789004593740082,0.0872802408600532,0.668226584645985,0.703206439927035,0.9508956877126028,1.0565507641251142,1,10,0.0487274998547289,1.2443700915249731,0.8,0.0872802408600532,0.0872802408600532,1,False,False,False,False,1e-06,0.9,-1.6399742375228428
0.5495012388845393,0.0132492498101586,21.77586550407189,1.2973402784388242,0.1601072829788326,0.6258020850301141,,3,1,0.1,1.5748270151301549,0.163313211698038,1.4801077768385678,0.6114034550711631,0.5381543646609793,0.5979492940677548,1,10,0.7137577426956561,1.70485231547863,0.8,0.163313211698038,0.163313211698038,1,False,False,False,False,1e-06,0.9,-0.3778314674460201
0.5037199816373338,0.0440671623626391,10.875614022585058,0.797017338871141,-0.018135280291373,0.78357504822785,,3,1,0.1,3.017680191664583,0.4384461886844568,1.2898771997889114,1.2795589868660833,0.248581749808725,0.2762019442319167,1,10,1.225651412790284,1.9965952906274909,0.8,0.4384461886844568,0.4384461886844568,1,False,False,False,False,1e-06,0.9,-4.8297972012573736
0.2498105475553493,0.0074446229823278,18.358364386112523,0.4128485485844295,-0.0022918671400954,0.8149304778059189,,3,1,0.1,-7.585845434342898,0.790605313770994,0.6928409363202427,1.357153566459638,0.2043886865332589,0.2270985405925099,1,10,0.1080394231256073,1.0555444541628325,0.8,0.790605313770994,0.790605313770994,1,False,False,False,False,1e-06,0.9,-2.2271317154440458
0.2778184391439457,0.0149677492008212,4.990018457958365,0.3427452559955357,0.0369814014130638,0.4355088777638948,,3,1,0.1,2.282352610051685,0.9542201974252148,1.5274093546238616,1.0792414309777696,1.1665479992532384,1.2961644436147093,1,10,0.376578339072778,1.3280450877920584,0.8,0.9542201974252148,0.9542201974252148,1,False,False,False,False,1e-06,0.9,-2.8385073744871345
0.30459736991381,0.0039683867841021,118.49669190312044,0.950997567313598,0.0450217983310504,0.3745270664133943,,3,1,0.1,0.9035563631564476,0.42412515644652,0.5115516200715498,1.5732749730340243,1.5030305970105802,1.6700339966784223,1,10,0.3145161927095955,1.0346066164302266,0.8,0.42412515644652,0.42412515644652,1,False,False,False,False,1e-06,0.9,-1.0177396923059518
0.5891855294947715,0.0033642595549616,80.72314804958707,1.9347315947173065,0.017832990520325,0.7255671743641294,,3,1,0.1,0.7149660323289543,0.1688575320337015,1.319856668899885,1.0212061617210992,0.3404089266975723,0.3782321407750804,1,10,0.1629630630158601,1.6135369169667966,0.8,0.1688575320337015,0.1688575320337015,1,False,False,False,False,1e-06,0.9,-3.202466514581862
0.3169025224500468,0.0356660830033811,7.125101037099408,1.0795753487658315,-0.0251363315822918,0.8590052502980027,,3,1,0.1,9.586602445324198,0.3947957135786791,1.401544096668815,1.463980507858083,0.147723514713997,0.1641372385711078,1,10,1.5703422132429137,0.9257184188664556,0.8,0.3947957135786791,0.3947957135786791,1,False,False,False,False,1e-06,0.9,-3.3976789635632665
0.2818483692564117,0.0273283642075446,7.450018840249641,1.406310620549925,0.0492464311799303,0.7590844096324441,,3,1,0.1,1.8771680605803227,0.323790544593708,1.781362460873959,1.689140294763299,0.2856388941458943,0.3173765490509936,1,10,1.512139681160295,0.7964627148468286,0.8,0.323790544593708,0.323790544593708,1,False,False,False,False,1e-06,0.9,-3.5919338483367538
0.5267254413831651,0.0099354228131995,37.15147182565012,1.2696564505314598,0.076964560761286,0.4911086685031126,,3,1,0.1,0.8520083042812104,0.2970714438189028,1.5951760617604211,1.3208742160668208,0.932588300147864,1.0362092223865156,1,10,0.5239851138525182,1.8227530637092224,0.8,0.2970714438189028,0.2970714438189028,1,False,False,False,False,1e-06,0.9,-0.910591527930576
0.2627963749113758,0.0089665788611189,5.601277105569887,0.3350150567565417,0.015339019396127,0.5074013013614674,,3,1,0.1,11.953003023722204,0.9401809694385888,1.8399034373584904,1.6184485727441358,0.8737439726407981,0.9708266362675534,1,10,0.1135870876748867,1.249602755867982,0.8,0.9401809694385888,0.9401809694385888,1,False,False,False,False,1e-06,0.9,-1.1524531907301423
0.3746192496402288,0.0037274602121821,82.3160215593938,0.7522838316317146,0.032182360271726,0.3626807518716293,,3,1,0.1,0.7450303882694863,0.4432019867217664,0.781627041884736,1.6762939932439922,1.5815212700302177,1.7572458555891308,1,10,0.4699949817273768,1.7329431197973,0.8,0.4432019867217664,0.4432019867217664,1,False,False,False,False,1e-06,0.9,-3.78734879773572
0.5074407487807663,0.0012809440029647,258.0142129999371,1.169903387781141,0.0204261589885518,0.4382065567362758,,3,1,0.1,0.439911951883441,0.2340581679035298,1.684301431201688,1.1906640490768985,1.153825955282644,1.2820288392029378,1,10,1.5748153714335609,1.6819725912622332,0.8,0.2340581679035298,0.2340581679035298,1,False,False,False,False,1e-06,0.9,-3.4491451962610773
0.2562348132092503,0.0125567290064547,7.416676329102167,0.4143179172100582,0.061903258611952,0.3467313609322147,,3,1,0.1,1.6628757715616436,0.8834813709732876,1.117365039493454,1.296914218884897,1.6956694473216347,1.8840771636907048,1,10,0.5003895987324803,1.0894261716974671,0.8,0.8834813709732876,0.8834813709732876,1,False,False,False,False,1e-06,0.9,-2.511496922462864
0.2318171098955875,0.0118338950946136,9.630352325531618,0.5567085270054307,0.0922460217733826,0.3420093017240207,,3,1,0.1,1.2710878925942908,0.7107813910756858,1.4297395832503417,1.4841023645945512,1.731507375569106,1.9238970839656733,1,10,0.9573833115622348,0.871781874534324,0.8,0.7107813910756858,0.7107813910756858,1,False,False,False,False,1e-06,0.9,-2.460480985290712
0.3320712784444869,0.0173513304411583,14.386371440149093,0.4670675370879895,0.0622088006044197,0.4278989679817416,,3,1,0.1,1.5082715400176057,0.6698707385681457,0.9512693599465928,0.7675239702487715,1.2033002352050612,1.3370002613389569,1,10,1.4653318991535502,1.6503681942621198,0.8,0.6698707385681457,0.6698707385681457,1,False,False,False,False,1e-06,0.9,-2.239882816369578
0.4242072693776567,0.0423823899147317,9.63785305160496,0.7369256416479845,0.0718625943815139,0.5955309077442089,,3,1,0.1,2.8155272836944545,0.5352205089090706,1.091635135743915,1.5320233692556722,0.611256575093775,0.6791739723264166,1,10,0.8824219227307879,1.518752990733912,0.8,0.5352205089090706,0.5352205089090706,1,False,False,False,False,1e-06,0.9,-1.486848793940414
0.4847201973701261,0.0038516188383777,162.15081952328578,1.1541456739176763,0.0423005047859744,0.3900031067922274,,3,1,0.1,0.5821761885489692,0.3315037717564985,0.8295927583234637,1.862367174048808,1.4076739244527894,1.5640821382808772,1,10,1.287666056822686,1.918039364383296,0.8,0.3315037717564985,0.3315037717564985,1,False,False,False,False,1e-06,0.9,-3.186370352957873
0.592738194291166,0.0421295769205107,42.8037429884609,1.2055263120249065,-0.0132323710522486,0.7930052623450377,,3,1,0.1,6.7104154792680175,0.2812903918454538,0.5203911432554241,1.794462698548787,0.2349231117818344,0.2610256797575938,1,10,0.7893151363463626,1.9718545674130488,0.8,0.2812903918454538,0.2812903918454538,1,False,False,False,False,1e-06,0.9,-1.3512830922629164
0.3562084607359131,0.0365726896109125,8.367930397015144,1.033762385278321,0.0976627369037339,0.6276476541527809,,3,1,0.1,1.3718726132770012,0.4239508073294658,1.2700518323900918,1.993851635923717,0.5339255377523064,0.5932505975025627,1,10,1.7774423685286074,1.0323352071877765,0.8,0.4239508073294658,0.4239508073294658,1,False,False,False,False,1e-06,0.9,-4.202226419047364
0.2968894852172638,0.0187396168409392,4.415281780872694,0.3404196456580692,0.0606666634178996,0.3715781124422411,,3,1,0.1,1.8383624172477795,0.962237883120738,1.7071661345367208,1.1601954922063014,1.5221017596667454,1.691224177407495,1,10,0.7422109930324077,1.5558511230738177,0.8,0.962237883120738,0.962237883120738,1,False,False,False,False,1e-06,0.9,-3.405183174477516
0.2752236032282987,0.0278174069570953,6.619989080311398,0.4278234986159046,0.0925672657124112,0.4123407681077031,,3,1,0.1,1.861821220386392,0.912732132758646,0.908309148454715,1.5022178199719654,1.28266072532736,1.4251785836970663,1,10,1.6035303695605978,1.098997641351798,0.8,0.912732132758646,0.912732132758646,1,False,False,False,False,1e-06,0.9,-3.863117422332196
0.5712894935419564,0.0069405984537871,144.23180068262667,1.4596017271393191,0.0659177765059482,0.4922623410838374,,3,1,0.1,0.5776970275444993,0.2585445998822873,0.702114651147511,1.5604841839302428,0.9282934217929956,1.0314371353255507,1,10,1.3538723896403355,1.9690386090145875,0.8,0.2585445998822873,0.2585445998822873,1,False,False,False,False,1e-06,0.9,-2.1143572094818945
0.3166634110299962,0.015399265964006,14.525673678881612,0.4037785866451384,0.0368910964003938,0.4626868809700758,,3,1,0.1,1.9808747427847315,0.7956872325326504,0.7606885230031477,0.9873663445472596,1.045159971065199,1.1612888567391102,1,10,0.3351396908937181,1.6052818506254694,0.8,0.7956872325326504,0.7956872325326504,1,False,False,False,False,1e-06,0.9,-2.714433006700065
0.1129961845519046,0.0011928309953263,60.76255088801286,0.327642996688157,0.0245281891113424,0.3751768309689128,,3,1,0.1,0.8286886461831476,0.4424877944537342,1.8072556903254635,0.5091945513818767,1.4988688152082987,1.6654097946758877,1,10,0.5195774848312591,0.5537671325072844,0.8,0.4424877944537342,0.4424877944537342,1,False,False,False,False,1e-06,0.9,-1.8270750058236347
0.3508843067562493,0.0711513983424659,3.36906794857828,0.6783443635912914,0.1827402366044377,0.5346338822743127,,3,1,0.1,-11.712712252545767,0.6221447169464718,1.6893837105605656,1.764943518115501,0.7833949920484526,0.8704388800538363,1,10,1.5040572827326508,1.1675546748954029,0.8,0.6221447169464718,0.6221447169464718,1,False,False,False,False,1e-06,0.9,-0.641524482101814
0.5123434389455721,8.34908633297546e-07,74102.28166656867,6.208979516303529,0.0001876948680944,0.5103517017030618,,3,1,0.1,0.1708254040664072,0.0814230990797511,1.5713982141920615,1.948325343661522,0.8634897600942015,0.959433066771335,1,10,0.9677713432806432,0.986877324532906,0.8,0.0814230990797511,0.0814230990797511,1,False,False,False,False,1e-06,0.9,-3.195717879539032
0.5396116582340067,0.0358986309401433,11.82125571598267,1.210794919366971,0.097412883435987,0.6250562378791872,,3,1,0.1,1.344763751604367,0.3284659863843819,1.3580056569994838,1.878485494677109,0.5398704395842775,0.5998560439825306,1,10,1.0403577955168932,1.7510707778538972,0.8,0.3284659863843819,0.3284659863843819,1,False,False,False,False,1e-06,0.9,-1.5709885617940973
0.3602389371886256,0.0219563568038273,7.309017843333645,0.4215239399513213,0.0107679340766206,0.6508377786223801,,3,1,0.1,3.821422534961805,0.7357509437512334,1.6083345651180911,1.5933978728052,0.4828330646463367,0.5364811829403741,1,10,0.3259152643799596,1.8740095620267776,0.8,0.7357509437512334,0.7357509437512334,1,False,False,False,False,1e-06,0.9,-3.0572539704334165
0.3390029244728367,0.0185122746605257,30.434241133841915,0.5858801092746169,-0.0167802097522845,0.8774089344812833,,3,1,0.1,-218.68033303589016,0.5767446027887583,0.5803578826600141,0.6216087910556205,0.1257474760410006,0.1397194178233339,1,10,1.940774799893482,1.3904497317759676,0.8,0.5767446027887583,0.5767446027887583,1,False,False,False,False,1e-06,0.9,-4.040941642403108
0.2136243610955762,0.0145458801968199,9.828372713472984,0.6476696357761346,0.1131245054246774,0.3827718768757931,,3,1,0.1,1.2075553097858525,0.6746807538442297,1.3393118198481546,1.866238874806131,1.4512699191640042,1.612522132404449,1,10,1.3132331550023633,0.7544287610393167,0.8,0.6746807538442297,0.6746807538442297,1,False,False,False,False,1e-06,0.9,-4.413612651572559
0.1269571410617782,0.0123281003364459,7.511887044877598,0.4804595441278525,0.010792521280447,0.7645462676734862,,3,1,0.1,10.25232971098228,0.9175626833518404,0.9782656372938108,1.5569988581565788,0.2771687837005592,0.3079653152228436,1,10,0.6256012172425428,0.5049509746148173,0.8,0.9175626833518404,0.9175626833518404,1,False,False,False,False,1e-06,0.9,-4.806381792522759
0.4116804092207901,0.0037637528207402,62.38861229456705,1.1531051398385637,0.0148889544092722,0.6090454365078082,,3,1,0.1,0.9572659416902006,0.3188755222557944,1.91749143616703,1.0984371601150065,0.5777222618405772,0.6419136242673079,1,10,0.1082079046055724,1.3129473392962312,0.8,0.3188755222557944,0.3188755222557944,1,False,False,False,False,1e-06,0.9,-3.3574808120253063
0.690756082635339,2.2709738670264326e-06,1367.735934552297,7.816026995998405,0.0050353495357069,0.8246754611793609,,3,1,0.1,0.2145766624441025,0.035350086262378,1.6001243666414795,1.0452926690270856,0.1913384020338355,0.2125982244820395,1,10,0.1916523018406025,1.3441146578992746,0.8,0.035350086262378,0.035350086262378,1,False,False,False,False,1e-06,0.9,-2.7551206833070423
0.356549627440377,0.0072578016099312,29.8215582825126,0.9347047681155964,0.0363184295645237,0.5265411082007384,,3,1,0.1,0.9675296085456516,0.3992132712648239,1.818929234432856,1.2566885965820889,0.8092682527208952,0.8991869474676614,1,10,0.2714021579514532,1.1913148096469128,0.8,0.3992132712648239,0.3992132712648239,1,False,False,False,False,1e-06,0.9,-3.45454670120994
0.3002520422745347,0.0240650128657582,5.171983485502795,0.3721457838041139,0.0287757196746249,0.5656615099625565,,3,1,0.1,3.6100361683334574,0.8141557065424536,1.8388218506804308,0.8203624698812741,0.6910575214134238,0.7678416904593598,1,10,0.7429086222869342,1.5375267880164438,0.8,0.8141557065424536,0.8141557065424536,1,False,False,False,False,1e-06,0.9,-2.2054990373480616
0.4038924706262916,0.0084201460525686,117.70548236591642,0.8834537931711854,0.0639635563556758,0.3982423030627892,,3,1,0.1,0.9174025070761626,0.4325816111507342,0.510944960032175,1.963515403060919,1.359930683099984,1.5110340923333154,1,10,0.4877203997021544,1.6094274791598595,0.8,0.4325816111507342,0.4325816111507342,1,False,False,False,False,1e-06,0.9,-1.322841307081564
0.4913441595226802,0.056098753486856,10.12996068265676,0.7479151549951711,0.0383859498638976,0.6715716529742586,,3,1,0.1,2.9001978763724785,0.4987921011467998,1.061201520334894,1.5345832800374308,0.4401399478582474,0.4890443865091638,1,10,1.6106520854789743,1.9114292289953865,0.8,0.4987921011467998,0.4987921011467998,1,False,False,False,False,1e-06,0.9,-2.1411955246894547
0.1873695636410074,0.0026862611674382,44.57106246991684,0.6912276765447661,0.0283159533129596,0.3913757375948012,,3,1,0.1,1.0092826182423358,0.5456574062341097,0.6164117525233533,0.5039685522415632,1.3995804633443765,1.5550894037159737,1,10,1.9547338690412543,0.7068572279840704,0.8,0.5456574062341097,0.5456574062341097,1,False,False,False,False,1e-06,0.9,-3.1412195675497685
0.5207928811831158,0.0047687433124114,117.38692186393352,1.2323366590278126,0.0327271157423987,0.5852417586205039,,3,1,0.1,0.6051386503887762,0.2343742957448508,0.98722258860902,0.6484024543639576,0.6378260124865749,0.7086955694295276,1,10,1.5903344822128085,1.79111819472181,0.8,0.2343742957448508,0.2343742957448508,1,False,False,False,False,1e-06,0.9,-4.996658296330469
0.3632995728125618,0.0078982210335394,34.878253779709766,0.5549137170030252,0.0455979977153997,0.3975404046728079,,3,1,0.1,0.9309540921258932,0.507435249157559,1.0055304332263248,0.7220208244195154,1.363920822691563,1.515467580768403,1,10,1.370168795070473,1.911788360325004,0.8,0.507435249157559,0.507435249157559,1,False,False,False,False,1e-06,0.9,-3.515034369620463
0.3459517776555656,7.112020197004567e-05,2477.0636734440163,2.548438583063484,0.0037102376320076,0.3884059565289484,,3,1,0.1,0.3189268870051985,0.1829049636591625,1.741564337581111,1.7541862724540715,1.4171632279870092,1.5746258088744547,1,10,1.696392016013938,0.8400408134445456,0.8,0.1829049636591625,0.1829049636591625,1,False,False,False,False,1e-06,0.9,-1.864955111580073
0.3234223940829714,0.0012405894677446,110.12286285683776,1.0722416127546677,0.0190117432410588,0.3563005025128677,,3,1,0.1,0.5959318296569824,0.3586276603818126,1.4612085706579725,1.5110980234410591,1.625957706072831,1.8066196734142568,1,10,0.5102238756962786,1.084975578881845,0.8,0.3586276603818126,0.3586276603818126,1,False,False,False,False,1e-06,0.9,-3.049157385667902
0.5023429567122984,0.0005668425000529,678.1664744803666,1.3429588809087174,0.007431199866005,0.4370402823087741,,3,1,0.1,0.5028473470316595,0.2580410973607725,1.0367319186387736,1.670764817317484,1.1593067422653256,1.2881186025170284,1,10,0.1472711795944031,1.8211780967317963,0.8,0.2580410973607725,0.2580410973607725,1,False,False,False,False,1e-06,0.9,-2.2645538270826773
0.1533147121707956,0.0107862326244946,12.775030384123331,0.6134360191355217,0.0994392259796463,0.3903759644609837,,3,1,0.1,1.5076720504484642,0.73480988560752,0.821252182018024,1.81213025481058,1.4054698084260535,1.5616331204733929,1,10,0.7419886359814546,0.5776531172920805,0.8,0.73480988560752,0.73480988560752,1,False,False,False,False,1e-06,0.9,-2.3465617563236707
0.3804820888532588,0.0173143521022212,16.047160244322775,0.6015502368097446,0.0445528992748715,0.5117487807272231,,3,1,0.1,1.3834712064579748,0.5845787566418094,1.1553564170473805,1.7890302710611563,0.8586754163264457,0.954083795918273,1,10,0.3942693467003568,1.6951285762678163,0.8,0.5845787566418094,0.5845787566418094,1,False,False,False,False,1e-06,0.9,-4.552950875322203
0.2823396306036149,0.0079072671152587,5.5170918435030165,0.2763893849692135,0.0288184251001301,0.3432949925776837,,3,1,0.1,1.6965109261949445,0.9439909942934144,1.6532470163015145,0.5246752936471055,1.7216519886940689,1.9129466541045208,1,10,0.7059880311494685,1.8623229673771693,0.8,0.9439909942934144,0.9439909942934144,1,False,False,False,False,1e-06,0.9,-3.231813131436496
0.5375650021059527,0.0010180542530648,1004.8246579354924,1.5711907433660603,0.0149980870029952,0.4405903165392892,,3,1,0.1,0.4514795505639294,0.2413070581813475,0.547629847998025,1.1420350414746925,1.1427139821620282,1.2696822024022536,1,10,0.6147005333640837,1.736124415701739,0.8,0.2413070581813475,0.2413070581813475,1,False,False,False,False,1e-06,0.9,-4.264798824160206
0.2160643490016804,0.0295913369071016,8.693031950193353,1.0178375637239323,0.1032058303220589,0.6544590711218127,,3,1,0.1,5.525503990758921,0.4622344247779815,0.8772066522929917,1.6610188087562794,0.4751814891301053,0.5279794323667837,1,10,1.110538002719882,0.6702011076430632,0.8,0.4622344247779815,0.4622344247779815,1,False,False,False,False,1e-06,0.9,-1.155133369212586
0.239005001108315,0.0144014996935727,6.3598984222012085,0.4190200491082095,0.0195244393918908,0.5958278407213339,,3,1,0.1,3.186301606680077,0.8786230928704977,1.4223555151348315,1.3453564276805798,0.6105034348687409,0.6783371498541566,1,10,0.3467568286496431,0.9266947824109442,0.8,0.8786230928704977,0.8786230928704977,1,False,False,False,False,1e-06,0.9,-4.076466605820003
0.3787278275454357,0.0229951762424389,7.848395832227558,0.4425134289995061,-0.0139717638676997,0.8295412887500087,,3,1,0.1,-9.552475937052792,0.6791452783658861,1.7742842401442995,1.8773570925208736,0.1849369551648982,0.2054855057387758,1,10,0.2910585795215482,1.9151417019584167,0.8,0.6791452783658861,0.6791452783658861,1,False,False,False,False,1e-06,0.9,-2.332301649483019
0.1443687317686874,0.0072193420534727,28.856314550705218,1.4320359534078249,0.0010941118746193,0.8842010466516788,,3,1,0.1,6.937055211781287,0.3592883714838912,0.6367380459409587,0.5475534405236981,0.1178680554701323,0.1309645060779248,1,10,0.8039649026269398,0.5106589487977251,0.8,0.3592883714838912,0.3592883714838912,1,False,False,False,False,1e-06,0.9,-4.963309317057778
0.4730560975206097,1.1744221138087613e-08,6469001.200713428,5.0850631202188525,3.656091396672836e-06,0.4139706960309426,,3,1,0.1,0.1490490460194948,0.0848377795487834,1.128701400581124,1.2126008498907237,1.2740669294445148,1.4156299216050163,1,10,1.279061878264749,0.9252358526464276,0.8,0.0848377795487834,0.0848377795487834,1,False,False,False,False,1e-06,0.9,-2.086077612443612
0.2790575671523194,0.0148795623926692,7.220530854621607,0.3753979601680683,0.0401632974529674,0.4549036572722958,,3,1,0.1,1.790589354488412,0.7998288780797582,1.3848323913205949,0.681932719632028,1.0784408975663142,1.1982676639625711,1,10,1.078453151154053,1.363775973606077,0.8,0.7998288780797582,0.7998288780797582,1,False,False,False,False,1e-06,0.9,-3.697175367176869
0.4430410063975976,0.0312187089828097,10.07586806670625,0.8388029029328242,0.0480816613589091,0.6317969030533402,,3,1,0.1,1.4796172104245289,0.4555684033328513,1.5998018590297678,1.4877811737889617,0.5245084071328796,0.5827871190365329,1,10,0.8584268418674937,1.57156803610636,0.8,0.4555684033328513,0.4555684033328513,1,False,False,False,False,1e-06,0.9,-4.772693601384458
0.362895202454858,0.0343333213773514,4.729475561095108,0.4352664279796531,0.1087436669803536,0.3830773147552564,,3,1,0.1,2.1857742994084304,0.8684844117828084,1.6969683238214168,1.9050113459571327,1.4493951882141585,1.6104390980157317,1,10,0.823068984553072,1.9687654040856968,0.8,0.8684844117828084,0.8684844117828084,1,False,False,False,False,1e-06,0.9,-1.515096458490259
0.4773179704905059,0.0187588592593868,37.8187907093541,0.9285276762280836,0.0759693387622911,0.5048675832313113,,3,1,0.1,1.0292089535855613,0.4244390677820588,0.836628722093316,1.594449380508653,0.8826456478740761,0.9807173865267512,1,10,0.6720340308937688,1.873388625820939,0.8,0.4244390677820588,0.4244390677820588,1,False,False,False,False,1e-06,0.9,-2.5898996199102404
0.4203035743748727,0.0093382343281848,34.598550206111256,1.4685071654809452,0.1200252313404815,0.4042387218413053,,3,1,0.1,1.1488218397720795,0.328680889250206,1.4568467378388892,1.971188237526512,1.3264071979559615,1.4737857755066242,1,10,0.4042626373668149,1.1971230815888978,0.8,0.328680889250206,0.328680889250206,1,False,False,False,False,1e-06,0.9,-0.4290709164896986
0.411078005871864,0.0145483020667296,15.382317011725874,2.146616693372289,-0.0590199416097493,0.9806261512749396,,3,1,0.1,-6.61430388043683,0.1968348374776418,1.2686053834985578,0.8481599299729052,0.0177809492739764,0.0197566103044182,1,10,0.5816090536483441,1.0660249511571736,0.8,0.1968348374776418,0.1968348374776418,1,False,False,False,False,1e-06,0.9,-3.92856371530486
0.3766687862798438,0.0094565180419117,29.507734487698475,1.8538045927690985,0.1025814346354683,0.5580310589336002,,3,1,0.1,0.6243282561333753,0.253022590358445,1.298949116274525,1.951905015257408,0.7128134547204308,0.7920149496893675,1,10,1.5697805235682745,0.9611951899486544,0.8,0.253022590358445,0.253022590358445,1,False,False,False,False,1e-06,0.9,-3.8475526350004623
0.5940930262208417,2.380741999475242e-07,634466.0548568581,0.2842333171420282,2.0437439226103595e-05,0.3473864257620515,,3,1,0.1,0.2115875888714282,0.1282224562852232,1.6464778851049031,0.7544874803225927,1.6907748065448909,1.8786386739387675,1,10,1.5314783171168818,1.721296823966381,0.8,0.1282224562852232,0.1282224562852232,1,False,False,False,False,1e-06,0.9,-0.9556110239323212
0.3071477431852222,0.0334847630202451,3.857705332431794,0.4035143264340896,0.0325260187864788,0.5976112788883465,,3,1,0.1,3.2215002989934507,0.892275325777938,1.8779001134346367,1.734414712640349,0.605995672762645,0.6733285252918277,1,10,0.9197870744348544,1.2276701243999772,0.8,0.892275325777938,0.892275325777938,1,False,False,False,False,1e-06,0.9,-4.251800871503266
0.177298075687682,0.0143370810173415,14.067188005448829,0.854902851726422,-0.0041595540523872,0.8411926879235353,,3,1,0.1,-2.054643025960247,0.4882146679676913,1.4353400104194822,0.5500797077518498,0.1699094427718211,0.1887882697464679,1,10,0.4853876637736419,0.7847031487468683,0.8,0.4882146679676913,0.4882146679676913,1,False,False,False,False,1e-06,0.9,-1.0359716414599345
0.3283404888884027,0.0425404616624039,3.3443104978393343,0.3743370877938304,0.1076987595409248,0.4128544247466046,,3,1,0.1,3.5893453576501244,0.9736814312494616,1.7340756021692143,1.3933915271219617,1.279945147862683,1.4221612754029815,1,10,1.3458334325641308,1.5651584930694455,0.8,0.9736814312494616,0.9736814312494616,1,False,False,False,False,1e-06,0.9,-1.27261687199901
0.3128487965600975,0.0055250762891954,27.86166660829136,0.468288358881256,0.0350697557195768,0.3470077091874227,,3,1,0.1,1.0379442781539476,0.605342727746655,0.8355067684199433,0.6508411728512301,1.6936023211343123,1.8817803568159028,1,10,1.95652712652191,1.6505157473639338,0.8,0.605342727746655,0.605342727746655,1,False,False,False,False,1e-06,0.9,-3.0103340407984804
0.1714530392984735,0.0227822806688837,10.311104538668298,0.6228259913742844,0.0499412839685837,0.6543501343125292,,3,1,0.1,3.2118451358445186,0.7093461831284331,0.706175203963914,1.9534241777877683,0.4754104306031121,0.5282338117812357,1,10,1.054162577130488,0.6112939307872434,0.8,0.7093461831284331,0.7093461831284331,1,False,False,False,False,1e-06,0.9,-3.719335447955445
0.4364903316605513,0.0230854899865612,11.252310974429877,0.7298331334968176,0.018390712826716,0.6692942598052433,,3,1,0.1,-1.6255027832008409,0.4832804617064954,1.9678312289830928,1.6153343647781884,0.4447000132077772,0.4941111257864191,1,10,0.1880708925454448,1.7916553083649034,0.8,0.4832804617064954,0.4832804617064954,1,False,False,False,False,1e-06,0.9,-0.5150446268397699
0.2200500859960225,2.879479649611495e-06,35728.919386260786,2.188140900838844,0.0004367970852369,0.4340246055309334,,3,1,0.1,0.2404071689557391,0.1288960097867304,1.2465132373903638,0.6482025986303038,1.1736151557560848,1.304016839728983,1,10,1.58426206292085,0.5678591804185279,0.8,0.1288960097867304,0.1288960097867304,1,False,False,False,False,1e-06,0.9,-1.876164784905399
0.3046576641232004,0.0140549806490103,11.618399009196224,0.5470639865525729,0.0833368458425722,0.359957204684433,,3,1,0.1,1.1222326493728951,0.6626409942317344,1.1743328048048949,1.3437813873598603,1.6002972250243237,1.7781080278048038,1,10,1.2472306305635732,1.2752314919904704,0.8,0.6626409942317344,0.6626409942317344,1,False,False,False,False,1e-06,0.9,-4.811236841050741
0.3077819080338101,0.0195361130088907,22.25420913690333,0.4188401336908229,0.0730221100660128,0.3900919302954782,,3,1,0.1,1.7505724245280732,0.7984316423949823,0.522654377667061,0.8647720964847249,1.4071484696396772,1.5634982995996414,1,10,1.5171102421035938,1.4696836371500708,0.8,0.7984316423949823,0.7984316423949823,1,False,False,False,False,1e-06,0.9,-2.0249692017653964
0.4080478833588378,2.1136121172753528e-05,6414.444342381062,1.593548782078621,0.0020017337058851,0.5095533620086101,,3,1,0.1,0.257289407756159,0.1101901979099807,1.1862715021707697,0.58001625174484,0.8662526971704927,0.962502996856103,1,10,0.8730452045679553,0.9091056421533384,0.8,0.1101901979099807,0.1101901979099807,1,False,False,False,False,1e-06,0.9,-0.9030854292936344
0.4789656267360141,0.0007981832085285,376.1809101285583,1.5910390049455672,0.0164223110802572,0.4114618400610389,,3,1,0.1,0.4137987199715666,0.2300653258961165,1.4626050702874125,1.5321808486842576,1.287323130296817,1.43035903366313,1,10,1.7287251258935987,1.387746161860283,0.8,0.2300653258961165,0.2300653258961165,1,False,False,False,False,1e-06,0.9,-2.9078344290515674
0.3375648649902194,0.0018254245895658,169.8471492911592,0.6374311290196799,0.0250269747308428,0.4419917377247962,,3,1,0.1,0.6068742625741804,0.2830967343031033,1.2618811236354128,0.5516029334030614,1.13623715826195,1.2624857314021665,1,10,0.997870008447842,1.1716333422667229,0.8,0.2830967343031033,0.2830967343031033,1,False,False,False,False,1e-06,0.9,-1.3671294926157804
0.1132675868611241,0.003679702393427,11.792360872399088,0.42519857018649,0.0444655110674557,0.3471825680459706,,3,1,0.1,1.4210470981504084,0.7881348591508892,1.3589587146668476,0.6441116545454951,1.692296050649728,1.8803289451663645,1,10,0.6389744804970191,0.5161240111823435,0.8,0.7881348591508892,0.7881348591508892,1,False,False,False,False,1e-06,0.9,-2.786369871672064
0.3452744929490725,0.0079117093505119,25.885785086378725,0.5448494232607644,0.0518844236941045,0.3654826238279032,,3,1,0.1,0.9251025582501036,0.5383112794434234,1.0957282271260251,0.8798507496032479,1.5624973701178966,1.736108189019885,1,10,1.569747294228809,1.7349068983431728,0.8,0.5383112794434234,0.5383112794434234,1,False,False,False,False,1e-06,0.9,-3.738680875114354
0.3625371708265587,0.0509640431053025,5.8542861579290335,0.906569814512298,0.0599328299892745,0.6915490308707819,,3,1,0.1,2.876198284947678,0.4644158215311986,1.3000378622263302,1.975169740013413,0.4014261604368697,0.4460290671520774,1,10,1.961556785722836,1.0753123524860175,0.8,0.4644158215311986,0.4644158215311986,1,False,False,False,False,1e-06,0.9,-2.185067485550808
0.3114043362635208,0.0223152381092041,4.272156581893551,0.2992641078503941,0.0057535904177329,0.6626327995959536,,3,1,0.1,4.834969469902092,0.9409528401476954,1.933888560048752,0.7726336423494453,0.4582183081622028,0.5091314535135587,1,10,1.3525887344830454,1.963070018737689,0.8,0.9409528401476954,0.9409528401476954,1,False,False,False,False,1e-06,0.9,-4.3677220255470095
0.2851298804984429,0.0199713120030713,10.456735981994546,0.4952102917777781,0.0661202916928563,0.4602572155597317,,3,1,0.1,1.5335604486184569,0.7226349490335204,0.9093533705143098,0.9925750041053788,1.0554283334927943,1.172698148325327,1,10,1.7913548598865132,1.1479089523272992,0.8,0.7226349490335204,0.7226349490335204,1,False,False,False,False,1e-06,0.9,-4.853395634685857
0.5044372233108773,0.0014460026304314,280.8965149002911,2.143164751055432,0.0248447392877864,0.4812005184363337,,3,1,0.1,0.4610315001999475,0.2147703468222802,0.9915604718456356,1.9059818143944,0.9703221744742913,1.078135749415879,1,10,0.596309967749283,1.3045465050325282,0.8,0.2147703468222802,0.2147703468222802,1,False,False,False,False,1e-06,0.9,-1.9517210402431464
0.2837940115186997,0.0129395190622336,13.69269825908949,0.5758479800353434,0.0873153466794149,0.3604211780941721,,3,1,0.1,1.0866163125969186,0.6355228536778512,1.0545823052603769,1.2782690639925192,1.5970785700191148,1.774531744465683,1,10,1.663183086034237,1.116647370208184,0.8,0.6355228536778512,0.6355228536778512,1,False,False,False,False,1e-06,0.9,-4.186365536900328
0.5275679023653087,0.0228970688473385,24.841269978802355,1.2787790336568068,-0.0268970571886602,0.8454452062287777,,3,1,0.1,3.0440921887628054,0.2692759616331215,1.0725058811554689,0.6973383309912845,0.1645278882289383,0.1828087646988203,1,10,1.138573821215341,1.9417019813617464,0.8,0.2692759616331215,0.2692759616331215,1,False,False,False,False,1e-06,0.9,-3.444341704116737
0.3916565650582414,0.036944755559423,11.793335124347456,0.4682101881111341,-0.0445329063137433,0.9635916589870652,,3,1,0.1,-6.785264235722429,0.6686763332339766,0.8602859917152648,1.3763133500116358,0.034005594180928,0.0377839935343645,1,10,0.7498120988119884,1.6121748726659286,0.8,0.6686763332339766,0.6686763332339766,1,False,False,False,False,1e-06,0.9,-4.774354768469338
0.291512195020045,0.0240723588863234,9.467436549374256,0.7431639876799667,0.1210077433446905,0.4661760155779699,,3,1,0.1,1.221711797650047,0.564258789260735,1.370341848644861,1.6253814387185224,1.030601253443231,1.145112503825812,1,10,1.681383153158323,0.9747739350322804,0.8,0.564258789260735,0.564258789260735,1,False,False,False,False,1e-06,0.9,-3.655173622880084
0.3820278230588426,0.0524522030555402,9.90490157653676,0.4596852502974441,0.146534291908534,0.4059671769908996,,3,1,0.1,2.7259359172757205,0.8724276417476442,0.7887253805129057,1.6429789198462126,1.3169279956841808,1.4632533285379787,1,10,1.830738471545824,1.9075998106162029,0.8,0.8724276417476442,0.8724276417476442,1,False,False,False,False,1e-06,0.9,-1.2926836754590745
0.243516560588255,0.0014077627362807,103.91335077026784,2.9184445083172,0.0463743361049405,0.5483007968223604,,3,1,0.1,0.5787681333099216,0.1942746401140729,1.339760097634914,1.5802279693859926,0.7414347840015701,0.8238164266684113,1,10,0.3493008383191042,0.6086418949591379,0.8,0.1942746401140729,0.1942746401140729,1,False,False,False,False,1e-06,0.9,-0.9180465665751232
0.2218455062549503,6.934068983389937e-07,78904.94285947822,5.948467428818022,0.0001847289173553,0.4440204675591548,,3,1,0.1,0.1982608940544514,0.1078173214834825,1.8760829615396848,1.859606935016309,1.1269335892271612,1.2521484324746237,1,10,0.8303828860342304,0.5202075421705503,0.8,0.1078173214834825,0.1078173214834825,1,False,False,False,False,1e-06,0.9,-3.9355852291096096
0.3868054206294537,0.0089705590504197,35.22376384089745,1.3112363625600427,0.0219702966845644,0.6875643490087494,,3,1,0.1,1.2729594189955928,0.3222542011801007,1.1187307888770737,1.1752686006307012,0.4089683915367567,0.4544093239297297,1,10,0.2332735109217267,1.082278130525558,0.8,0.3222542011801007,0.3222542011801007,1,False,False,False,False,1e-06,0.9,-3.737561789738235
0.3795100548736789,0.034621011384579,7.1235618860776295,0.405444822439427,0.0164748394604525,0.6433234061527624,,3,1,0.1,4.870115287187882,0.7938271428370064,1.2684498040257015,1.743254351352481,0.4989853181034231,0.5544281312260257,1,10,0.5716117451917219,1.9374830817145008,0.8,0.7938271428370064,0.7938271428370064,1,False,False,False,False,1e-06,0.9,-2.6368012700256607
0.4872142898774631,0.0330194869871866,11.937765607799482,1.6188535878320929,0.0646878060691396,0.7394628156663035,,3,1,0.1,1.1719782768923606,0.2458706586491943,0.9496360940509508,1.8887725279293648,0.3170997390707769,0.3523330434119743,1,10,1.8676345786915007,1.279879122871322,0.8,0.2458706586491943,0.2458706586491943,1,False,False,False,False,1e-06,0.9,-3.582785842113202
0.3831173658403938,0.0053471902385623,35.63418364873714,0.750861341449303,-7.279410694624442e-05,0.75612058928571,,3,1,0.1,8.442688408386697,0.4331636020837753,1.4690931168458097,0.7753381705115362,0.2902863283358141,0.3225403648175712,1,10,0.0639375425804104,1.6042138995672135,0.8,0.4331636020837753,0.4331636020837753,1,False,False,False,False,1e-06,0.9,-1.7007775235641858
0.1330462506160339,0.0072205326119923,9.186362925026804,0.5409516963332186,0.0425957495244159,0.4885279962971497,,3,1,0.1,2.0736545693810213,0.7909894608432982,1.4509214507408414,1.1377392586147372,0.9422690343678276,1.0469655937420308,1,10,0.3571861324038486,0.5334827257371577,0.8,0.7909894608432982,0.7909894608432982,1,False,False,False,False,1e-06,0.9,-2.971895366965948
0.2000140234761014,0.0219728740005313,7.660414972380087,0.8035411047091672,0.0999333756766005,0.5721957968762564,,3,1,0.1,1.800771640798433,0.5308293464049584,1.9796334345497848,1.5851195577319406,0.6728881702964254,0.7476535225515838,1,10,1.1303627655629729,0.6873900661757157,0.8,0.5308293464049584,0.5308293464049584,1,False,False,False,False,1e-06,0.9,-2.283311069411326
0.3417882799948908,0.0245406276163208,28.507979376766112,0.3633389722494847,0.0357551441142883,0.5131790122934906,,3,1,0.1,2.187928735023782,0.8566940842529689,0.5044651748811657,0.8687947643086344,0.8537739822556965,0.9486377580618848,1,10,0.9686122922494864,1.997802913331544,0.8,0.8566940842529689,0.8566940842529689,1,False,False,False,False,1e-06,0.9,-4.614833614786118
0.2625469512648144,0.0030930590837039,43.719311866310704,3.042294243253355,0.091216823870465,0.6295017521977087,,3,1,0.1,0.5006572319216012,0.1632127841039713,1.64306159764779,1.4463156274878386,0.5297021364244516,0.5885579293605018,1,10,1.7385659949165546,0.6534534485887027,0.8,0.1632127841039713,0.1632127841039713,1,False,False,False,False,1e-06,0.9,-2.308763684915892
0.5620764906851935,0.0021125041225291,171.03510009066682,1.9769840631873747,0.0407192178426974,0.4422966243053828,,3,1,0.1,0.5246458365723606,0.21100082260839,1.246902553416968,1.506124945015214,1.1348335269649197,1.2609261410721329,1,10,0.7577279971138909,1.6095604539882291,0.8,0.21100082260839,0.21100082260839,1,False,False,False,False,1e-06,0.9,-0.6000611353005176
0.3336214676419436,0.000384018829442,493.5856017709753,0.8383764641671914,0.0080082188419735,0.3794791100338093,,3,1,0.1,0.4623892236033171,0.2712308263660146,1.3026027715106645,0.6683907150139388,1.4716720530935556,1.6351911701039508,1,10,1.173811418107886,1.1070929258901363,0.8,0.2712308263660146,0.2712308263660146,1,False,False,False,False,1e-06,0.9,-3.033014040258612
0.2983708226992213,0.0122698022326008,20.98413892083813,0.2960287784442237,0.0079219941826232,0.6016240630747324,,3,1,0.1,-4.538724059438329,0.948205508858765,0.5722720870431072,1.2479302559376846,0.5959508025665589,0.6621675584072876,1,10,0.1217139846670045,1.806651430044027,0.8,0.948205508858765,0.948205508858765,1,False,False,False,False,1e-06,0.9,-0.9393581163702632
0.3615120113395257,0.0285070981826233,9.329000890781463,1.457357574850162,-0.084953810238196,0.9893658036944194,,3,1,0.1,-4.7849216652463324,0.2878650190444269,1.9114833003605824,1.113764045170582,0.0096736481484239,0.0107484979426932,1,10,1.98302085938048,1.0885621871995923,0.8,0.2878650190444269,0.2878650190444269,1,False,False,False,False,1e-06,0.9,-4.022933334650884
0.3660058777546195,0.0281787948152564,9.553528835398286,0.4593926155393152,0.0253192941013666,0.6086514344008407,,3,1,0.1,2.417308773652984,0.704108071659516,1.1259613273002298,0.9462715433314804,0.5786788449549357,0.642976494394373,1,10,0.7792942234140321,1.8222851305790184,0.8,0.704108071659516,0.704108071659516,1,False,False,False,False,1e-06,0.9,-4.282527832060781
0.2677052148833801,0.008360475271638,15.406112023974837,0.5566437477442396,0.0345636430838871,0.4544142702140928,,3,1,0.1,1.4109196681028675,0.6578005717318248,1.1366789988885753,1.7879006036070135,1.0805716039154618,1.2006351154616242,1,10,0.2327562180532269,1.0442849933935254,0.8,0.6578005717318248,0.6578005717318248,1,False,False,False,False,1e-06,0.9,-3.76633906715204
0.3080034657106691,0.0255436362438623,8.467861809509717,0.3456336992391987,0.0279425051162403,0.5597977885236978,,3,1,0.1,-11.45743714946458,0.8809008736420574,0.9117672534025352,0.5927626829985697,0.7077233930728555,0.786359325636506,1,10,0.8458824513712582,1.6288277508275817,0.8,0.8809008736420574,0.8809008736420574,1,False,False,False,False,1e-06,0.9,-0.9536625506973068
0.816030374302515,1.2798440471795237e-11,2307109983.6356063,4.29581977480228,2.0732540811160083e-08,0.3880908147861029,,3,1,0.1,0.1119766846474526,0.0514944791880196,1.2299684634454175,1.641157760830987,1.4190448361836057,1.5767164846484507,1,10,1.8609799085714376,1.9916645341024968,0.8,0.0514944791880196,0.0514944791880196,1,False,False,False,False,1e-06,0.9,-0.1314414706257221
0.3468035083323845,0.0107065689261452,20.053733696807026,0.527732902072558,0.0451127564272688,0.4530936358770243,,3,1,0.1,1.0456077672671755,0.5220698315769039,1.4147298588221395,0.6774311565887081,1.0863443860956634,1.2070493178840704,1,10,1.1629551578791382,1.7422434197394523,0.8,0.5220698315769039,0.5220698315769039,1,False,False,False,False,1e-06,0.9,-4.968588068359305
0.3469560092013787,0.0059114182637667,29.517089225914656,0.8368980739222965,0.0422764278125294,0.4259397433080912,,3,1,0.1,1.0416800324054798,0.4456870024871786,1.765390985070114,1.6033629701262928,1.212974931641941,1.3477499240466009,1,10,0.2336670257250523,1.2488973844148412,0.8,0.4456870024871786,0.4456870024871786,1,False,False,False,False,1e-06,0.9,-1.29841125809733
0.2927540256710976,0.0105436112677784,14.14650561354028,0.6020872886046732,0.0716726955414489,0.3564513099809482,,3,1,0.1,1.058832957957568,0.6302863404281025,1.1661457484600923,1.5439111428132275,1.6248890235474334,1.805432248386037,1,10,0.8236246152754875,1.1594989703571967,0.8,0.6302863404281025,0.6302863404281025,1,False,False,False,False,1e-06,0.9,-4.653062050065427
0.3285253065805163,0.0145532059656226,15.446664233468775,2.262987361282532,0.0610109286757652,0.769982669809784,,3,1,0.1,-3.3793375316200023,0.2168066185393417,1.0609074437106465,1.571034726076355,0.2688574760031098,0.2987305288923442,1,10,0.3243403863173844,0.7914612436389474,0.8,0.2168066185393417,0.2168066185393417,1,False,False,False,False,1e-06,0.9,-0.5674784655259177
0.5908438996817538,0.0461174635029414,13.820467343073949,1.1557047645446477,-0.0409532497276151,0.8279736381887032,,3,1,0.1,2.365033945183314,0.2885921415157647,0.9585471610261116,1.875615241594492,0.1869911292935165,0.2077679214372405,1,10,1.360359759946098,1.9007773028687664,0.8,0.2885921415157647,0.2885921415157647,1,False,False,False,False,1e-06,0.9,-4.778758062641324
0.2977601672903601,0.0227355183857422,4.962195527949545,0.3353263863093414,0.0230290837221122,0.5687672631974134,,3,1,0.1,3.459634095925616,0.9038308484120154,1.5486074503232592,0.7902396123465509,0.6823695529530135,0.758188392170015,1,10,1.464401254035716,1.5547746237522349,0.8,0.9038308484120154,0.9038308484120154,1,False,False,False,False,1e-06,0.9,-3.024252151954918
0.3402934188945,0.0263546814892334,11.43690825144912,0.7498485431651204,-0.0161484902819089,0.8198216004295752,,3,1,0.1,-10.69141102853406,0.4824103315119394,1.821689728228596,0.6954338363398286,0.1977998134330841,0.2197775704812046,1,10,1.5725264732752693,1.4948703930283096,0.8,0.4824103315119394,0.4824103315119394,1,False,False,False,False,1e-06,0.9,-1.7553969943352268
0.4751326706102599,0.0431584517556271,6.587302497170329,1.0820775975035166,0.0306672560018914,0.7263159859863901,,3,1,0.1,2.787930651773463,0.361570919667447,1.9267176591699475,1.9451633649515387,0.3391300995223647,0.3768112216915164,1,10,0.985662714356868,1.4379248210179942,0.8,0.361570919667447,0.361570919667447,1,False,False,False,False,1e-06,0.9,-1.8238083304012915
0.2239679599639921,0.0148293885812506,13.491373595888584,0.5243809110624998,0.0173308004349024,0.6616444725980749,,3,1,0.1,3.4570578537906163,0.7144283555594237,0.7039287077983197,0.6405530867385079,0.4602471376598614,0.5113857085109571,1,10,1.3185736017553962,0.8554043885547085,0.8,0.7144283555594237,0.7144283555594237,1,False,False,False,False,1e-06,0.9,-3.589264458810038
0.3463298231270171,0.001578180005516,157.0914515496179,0.8729950131738762,0.0240332978637093,0.4323358363353511,,3,1,0.1,0.5172617363141144,0.2784578703451549,1.8516951937634705,1.0315271573037543,1.1817150103233507,1.3130166781370562,1,10,0.8310000157554448,1.1237520819921656,0.8,0.2784578703451549,0.2784578703451549,1,False,False,False,False,1e-06,0.9,-4.104094211294251
0.3343252502662979,0.0071423601625311,18.27749108938827,0.6159548353526829,0.0546110117356574,0.3423044535524412,,3,1,0.1,1.0296472569391302,0.5502535247770375,1.54358865072604,1.4253510031254513,1.729238359769455,1.9213759552993943,1,10,0.4659051029492265,1.4944934070379632,0.8,0.5502535247770375,0.5502535247770375,1,False,False,False,False,1e-06,0.9,-1.5277852363328654
0.394158101456302,0.0816997505728769,4.359160439266461,0.3705157185914933,0.0048670581130173,0.7066838591119049,,3,1,0.1,-1.2972429872374056,0.9210969489221132,1.089334137326779,1.6061417336115855,0.373553921453699,0.4150599127263322,1,10,1.5131588185096,1.78014518595811,0.8,0.9210969489221132,0.9210969489221132,1,False,False,False,False,1e-06,0.9,-0.6487457948172661
0.6665679578423116,0.0002861100768329,717.9759924396601,2.0552975922903527,0.0099655197487358,0.5194840148368148,,3,1,0.1,0.2894752122789119,0.1317693122334214,1.942711306190764,1.6515699725719757,0.8324883428467307,0.9249870476074784,1,10,1.8666417483673403,1.8804995641948232,0.8,0.1317693122334214,0.1317693122334214,1,False,False,False,False,1e-06,0.9,-2.7039784563454776
0.2537959427860029,0.0066608381893092,22.27047577545448,0.5905748904055641,0.035861231758008,0.4580329975736593,,3,1,0.1,1.165171671511759,0.5416438789174177,1.2072713550100578,0.5565392268444103,1.0649239351041848,1.1832488167824275,1,10,1.8141118381826684,1.0089591388039896,0.8,0.5416438789174177,0.5416438789174177,1,False,False,False,False,1e-06,0.9,-3.2175648093736253
0.5087823418627966,0.004464894053758,72.6501954709534,1.1410746751511542,0.0735929531659342,0.4016448359122515,,3,1,0.1,0.7850004965451348,0.2543777776114254,1.8331308962775967,1.0859129367547664,1.3407856880715017,1.4897618756350015,1,10,0.4965915318983858,1.7061637295072574,0.8,0.2543777776114254,0.2543777776114254,1,False,False,False,False,1e-06,0.9,-0.3724638073424993
0.2883932780947162,0.015869278886296,9.633897750910052,0.3795822818857509,0.0300557542587292,0.4995197943453118,,3,1,0.1,2.4814337985801767,0.8752075245660245,0.8377972599440784,0.9529525839097932,0.9017304022547724,1.0019226691719694,1,10,0.3557176094190858,1.317055089948857,0.8,0.8752075245660245,0.8752075245660245,1,False,False,False,False,1e-06,0.9,-2.9583828492276507
0.2607497716876564,0.0182109265395666,9.03925701768133,0.4658257224765131,0.0216513597145452,0.6197597154629099,,3,1,0.1,3.5950447361721194,0.7403612053474103,1.0119171410640295,0.6637261934746075,0.5521757022038347,0.6135285580042608,1,10,0.7359710218465321,1.0709251455206683,0.8,0.7403612053474103,0.7403612053474103,1,False,False,False,False,1e-06,0.9,-2.632493466179625
0.5418217543088267,0.0264373265052416,33.77806247105237,1.2546531065162616,0.1018311206314044,0.6041367263502436,,3,1,0.1,1.1650108678345927,0.2931299474411502,0.7357829424048803,1.118637576454364,0.5897289979987607,0.6552544422208452,1,10,1.2059675855174632,1.850320495284541,0.8,0.2931299474411502,0.2931299474411502,1,False,False,False,False,1e-06,0.9,-1.227647798771256
0.223332743943305,0.0195041856793155,10.35205432610474,0.9644472224034872,0.028500584105541,0.7353786595725398,,3,1,0.1,2.2870994660217807,0.452061470214214,1.4725543174623104,1.107631930848148,0.3238592843082379,0.3598436492313754,1,10,0.9157911781732264,0.741902964473285,0.8,0.452061470214214,0.452061470214214,1,False,False,False,False,1e-06,0.9,-4.964387028044165
0.6985558603372514,0.013358195913203,3.846308474256536,3.837471125950078,0.1952116413400799,0.9177293540885804,,3,1,0.1,-0.5500110096815042,0.0708431341695818,1.0219927041067995,1.4932499944328372,0.0806812825485052,0.0896458694983391,1,10,1.5762897072518025,1.4787496933720448,0.8,0.0708431341695818,0.0708431341695818,1,False,False,False,False,1e-06,0.9,-0.3080194425531832
0.1774569830308104,0.0051405119506261,25.994685393906792,0.8899822409397617,0.0685277212154321,0.394720148615226,,3,1,0.1,1.2407176232832615,0.5182540219522224,1.0072858898599737,1.1712545080741146,1.380096425676314,1.533440472973682,1,10,0.3417377927035386,0.6076308223084371,0.8,0.5182540219522224,0.5182540219522224,1,False,False,False,False,1e-06,0.9,-1.0905799047790818
0.2919627949482537,0.016094141055031,27.801541507761268,0.6797143359513151,0.0642561818799373,0.4958194800013451,,3,1,0.1,1.3150910134371958,0.5744027421321075,0.5410907850147582,0.909036284489802,0.915176765538858,1.0168630728209531,1,10,0.8508721497137357,1.0277698152179424,0.8,0.5744027421321075,0.5744027421321075,1,False,False,False,False,1e-06,0.9,-4.225358490511994
0.3838831363125853,0.0019141190492637,184.7451571966204,0.7193154660797767,0.027205530506563,0.4177101771931566,,3,1,0.1,0.6453029301532177,0.2842007139400729,1.124980540797285,0.546228295699294,1.254603955421043,1.39400439491227,1,10,1.2793498954035114,1.3288509921803489,0.8,0.2842007139400729,0.2842007139400729,1,False,False,False,False,1e-06,0.9,-0.8367449602795807
0.2518456222875191,0.0295266614588129,4.725970103673717,0.5144520382627288,0.0959200863238861,0.4764514793980344,,3,1,0.1,2.534593791755268,0.8055911876741307,1.9100057257313416,1.900199571939646,0.9889646457538376,1.098849606393153,1,10,0.9611029743139164,0.8969909064358752,0.8,0.8055911876741307,0.8055911876741307,1,False,False,False,False,1e-06,0.9,-1.865854129513723
0.5182374739120217,0.0434065620250929,19.651701888042368,0.9617691455953274,0.0710829336176432,0.6358929212064959,,3,1,0.1,2.050429041771734,0.4010076083049347,0.8060764807757197,1.4565967036179446,0.5153326291042948,0.5725918101158831,1,10,1.037465131295268,1.8765067681173344,0.8,0.4010076083049347,0.4010076083049347,1,False,False,False,False,1e-06,0.9,-1.5130304789386928
0.2234966883906715,0.0148261934938356,19.341859834780283,0.8142903579882375,0.1032303989542019,0.4702138638840245,,3,1,0.1,1.293157052629651,0.5369568001668348,0.6739838169077521,1.1317487500246295,1.014022680160659,1.1266918668451769,1,10,1.0844573983660533,0.7394847420006151,0.8,0.5369568001668348,0.5369568001668348,1,False,False,False,False,1e-06,0.9,-2.2040125657753147
0.3479128532331892,0.0293550568742077,4.615087641798643,0.4038146147943303,0.0562790708955038,0.483610318182578,,3,1,0.1,2.178649621688513,0.8241291531973111,1.954080857005141,1.3511889921232498,0.9610024769161806,1.0677805299068672,1,10,0.7458714462984364,1.8255422550704865,0.8,0.8241291531973111,0.8241291531973111,1,False,False,False,False,1e-06,0.9,-2.8857032145197654
0.2627301204431869,0.0345883810197726,5.6559419549829855,0.6820996138862203,-0.0434991391867382,0.9578075348647472,,3,1,0.1,-5.723019100036263,0.5946861479059659,1.721857549161329,1.460711573008,0.0396459802616709,0.0440510891796343,1,10,1.4031078605596712,0.8827945216447597,0.8,0.5946861479059659,0.5946861479059659,1,False,False,False,False,1e-06,0.9,-3.898564924900114
0.2490493075983519,0.0126300220320159,4.964613617477294,0.3053244791310625,0.0303281750863614,0.4490812243815483,,3,1,0.1,2.066734766201533,0.9402325099388638,1.8408887622532208,0.670125621778437,1.1040918015208367,1.2267686683564851,1,10,0.7636022058292228,1.2603291012176496,0.8,0.9402325099388638,0.9402325099388638,1,False,False,False,False,1e-06,0.9,-4.399140868378323
0.1587766640448532,0.0168058725022924,8.090130943848262,0.5397486625407609,0.0765488119645041,0.5259949155375859,,3,1,0.1,2.7653699781261225,0.6684618274640991,1.765991718538206,0.9314078183154044,0.8110431553889972,0.90115906154333,1,10,1.9852300739307192,0.6549998520788627,0.8,0.6684618274640991,0.6684618274640991,1,False,False,False,False,1e-06,0.9,-1.5137287352084048
0.161362132278739,0.0081419552926682,10.697003948140845,0.5069888953512013,0.0691304046047294,0.3845695751464785,,3,1,0.1,1.359983981372113,0.7165166307489031,1.4422917665804658,0.9758350617050272,1.4402787380078097,1.600309708897566,1,10,0.7999075118567823,0.6469427771267671,0.8,0.7165166307489031,0.7165166307489031,1,False,False,False,False,1e-06,0.9,-3.110972258096737
0.6258807068990242,0.0173363846804257,16.125235365308193,1.6310912957027406,0.0437067975306084,0.7411217645913506,,3,1,0.1,1.2974438003193898,0.1923535854422292,1.724084412833386,1.360317856933674,0.3143753469394517,0.3493059410438353,1,10,0.5031132736866012,1.9805552557464563,0.8,0.1923535854422292,0.1923535854422292,1,False,False,False,False,1e-06,0.9,-1.2886847491536455
0.5245892506476771,0.0247404846714948,33.13864144173343,1.353385927561138,-0.0463390449011653,0.8919293305438195,,3,1,0.1,-0.8979629549744755,0.2620565815487296,0.655571774688275,0.7284474346302294,0.1090485525924566,0.1211650584360629,1,10,0.3572715210640693,1.6813702604221117,0.8,0.2620565815487296,0.2620565815487296,1,False,False,False,False,1e-06,0.9,-0.5844784255614277
0.4022384588366388,0.0616592805680235,5.669761006096945,0.5323409125830459,0.0642055859307657,0.6007411566424786,,3,1,0.1,-16.55844006372016,0.7001001498565527,1.1592853434606638,1.3729917845791626,0.5981493943748893,0.6646104381943215,1,10,1.2881290023046763,1.6463175171626796,0.8,0.7001001498565527,0.7001001498565527,1,False,False,False,False,1e-06,0.9,-0.9525287410260592
0.2854305723206941,0.0209275554784139,7.444511259100627,0.4245539991370059,0.049159428147653,0.4903803414089868,,3,1,0.1,1.9035820862075468,0.7947422094304079,1.1294360905434069,0.8846510543782161,0.9353101133990656,1.0392334593322952,1,10,1.4529527481875704,1.2373066676271511,0.8,0.7947422094304079,0.7947422094304079,1,False,False,False,False,1e-06,0.9,-4.2305692645355375
0.1755748097985408,0.0070350916907157,23.07035900723337,1.0258805873144534,0.0353206551180434,0.6295057992758641,,3,1,0.1,1.7787292337296694,0.4832126483091933,1.2312318214544375,1.7975981181237812,0.5296929449026395,0.5885477165584884,1,10,0.2567967233755652,0.5668312461396765,0.8,0.4832126483091933,0.4832126483091933,1,False,False,False,False,1e-06,0.9,-3.077785473628919
0.2818467034972833,0.0017584910158651,18.66287417087261,0.3778863890501127,0.0093455175554063,0.3388778309157569,,3,1,0.1,1.351493039444864,0.7302892493032213,0.8734422303929088,1.2687611124118892,1.7558243646918723,1.9509159607687472,1,10,0.0522213975177705,1.6058205463358264,0.8,0.7302892493032213,0.7302892493032213,1,False,False,False,False,1e-06,0.9,-2.049263331957471
0.3093040647033598,0.0158383075681746,11.556069061587054,0.3948815639120256,0.0086267063854057,0.6497377346791473,,3,1,0.1,3.54519654454743,0.7683077625652404,0.9106753594229592,0.589707579265522,0.485174281811471,0.5390825353460789,1,10,0.4050315550824075,1.5716089763048768,0.8,0.7683077625652404,0.7683077625652404,1,False,False,False,False,1e-06,0.9,-3.738074368637557
0.3401051915701785,0.0003404572291858,603.7557437045011,0.7631416549803309,0.0074515719326989,0.3914706043885351,,3,1,0.1,0.4413421199177488,0.2539129521934015,1.6127752745980553,0.7025173118331132,1.399023195894292,1.5544702176603244,1,10,1.7472807576645797,1.1138969764394235,0.8,0.2539129521934015,0.2539129521934015,1,False,False,False,False,1e-06,0.9,-2.993113260344717
0.167087534996329,0.0051524627949556,11.919269030130272,0.370706694851135,0.0362154988500878,0.3893237811072702,,3,1,0.1,1.286266345397036,0.7091592504646494,1.9410567218370096,0.6359639583385284,1.411700552790078,1.5685561697667532,1,10,0.5890306799234001,0.7587042007448663,0.8,0.7091592504646494,0.7091592504646494,1,False,False,False,False,1e-06,0.9,-4.652358563283113
0.4147900689556538,0.0140648342413736,26.064497258634297,0.7677646799005218,0.0754266889589647,0.4490726367406434,,3,1,0.1,0.903643323644427,0.446413148057337,1.197481036003174,1.0949788821238045,1.1041301258793554,1.2268112509770617,1,10,1.252760755949324,1.7304555630544225,0.8,0.446413148057337,0.446413148057337,1,False,False,False,False,1e-06,0.9,-3.5224528618007653
0.1704726197691269,0.0137635729853912,10.391308011600085,0.4879359727009501,0.0387324952037676,0.5638746310394719,,3,1,0.1,2.4488684170871458,0.8172004405984372,0.70949458668434,0.8551061490067622,0.6960994704459386,0.7734438560510428,1,10,1.81290684827199,0.6637537968058171,0.8,0.8172004405984372,0.8172004405984372,1,False,False,False,False,1e-06,0.9,-4.499105807142327
0.1884858946206118,0.0133826853735572,5.74529253490525,0.3725944466155306,0.0633750896179143,0.398728704131376,,3,1,0.1,1.958575357898629,0.9117837229019584,1.7823238000202444,1.019977720090688,1.3571738394421229,1.5079709327134696,1,10,0.8228490328435162,0.7892259320350267,0.8,0.9117837229019584,0.9117837229019584,1,False,False,False,False,1e-06,0.9,-2.678370401204678
0.4328809377692005,0.0199210168872172,28.53342157447488,0.8410421523290342,0.122203922697071,0.408577930427911,,3,1,0.1,0.987294836374426,0.473361166657614,0.8669233170785087,1.6416001499868929,1.3027621488449308,1.4475134987165896,1,10,1.4759172763799613,1.7601107688509905,0.8,0.473361166657614,0.473361166657614,1,False,False,False,False,1e-06,0.9,-1.7273019573940172
0.3082293481842378,0.000954162554038,41.4729955105018,7.917442743434213,0.0148043038679656,0.9519424699709592,,3,1,0.1,7.284090005789942,0.0748399352169817,0.6737503350064896,0.7219619871352339,0.0454352845791785,0.0504836495324206,1,10,0.1966927279263179,0.6224050909874981,0.8,0.0748399352169817,0.0748399352169817,1,False,False,False,False,1e-06,0.9,-1.8855871769499588
0.4172256681697397,0.0044063454924326,47.072606368648415,0.8366863343840868,0.0427710991354436,0.3669552345967267,,3,1,0.1,0.6548991144916748,0.3945769457538585,1.8655546783852863,1.5594457013542162,1.5526152379024487,1.725128042113832,1,10,1.202006094217377,1.853902242025672,0.8,0.3945769457538585,0.3945769457538585,1,False,False,False,False,1e-06,0.9,-4.740378043031686
0.1236306224699301,0.00047212384976,14.708270008162687,0.4125185298156534,0.0036171325673176,0.3792362032793429,,3,1,0.1,2.0100512956189336,0.9547684438523036,0.9729295195367584,1.749342850915251,1.4731911463554703,1.6368790515060785,1,10,0.0183021593218307,0.543187814149019,0.8,0.9547684438523036,0.9547684438523036,1,False,False,False,False,1e-06,0.9,-2.48398745114488
0.7659503973638409,0.0002198421072458,12.982394524613127,6.604903027510761,0.1214976741472033,0.9635424688874914,,3,1,0.1,1.1555578971455678,0.0329801834155506,1.0136856191427144,1.9053461353059329,0.0340532763845296,0.0378369737605885,1,10,1.1358856769922463,1.624120833911766,0.8,0.0329801834155506,0.0329801834155506,1,False,False,False,False,1e-06,0.9,-4.013846696673167
0.3571872264181188,0.0297457074702002,16.215401624196044,0.4791748087188688,0.1177310253084178,0.366339537778872,,3,1,0.1,1.9188768036139887,0.792435159980119,0.7130201884952022,1.9892439186542128,1.5567372810937306,1.729708090104145,1,10,0.7518681090981186,1.8350990206952285,0.8,0.792435159980119,0.792435159980119,1,False,False,False,False,1e-06,0.9,-1.3154080196980318
0.2748382069723607,0.0009128753487635,146.5510911708974,2.047884442794375,-0.0028604817621268,0.9804992741446292,,3,1,0.1,-2.177622579657314,0.2489959224464008,1.889157749147651,0.8634759291414996,0.0178997106195151,0.0198885673550167,1,10,0.0215672677288469,0.7186315577528004,0.8,0.2489959224464008,0.2489959224464008,1,False,False,False,False,1e-06,0.9,-1.8240698225503067
0.4432352090872846,0.0045465278983506,212.48234787608013,1.3632308505548263,0.0541932242122895,0.4503279031453856,,3,1,0.1,0.5717137573592721,0.2860256127533482,0.5017524732888197,1.3223211298578863,1.0985437138445326,1.2206041264939251,1,10,1.8037002154795991,1.3296265502449338,0.8,0.2860256127533482,0.2860256127533482,1,False,False,False,False,1e-06,0.9,-2.6086117024131377
0.5779398561631011,0.0094856261119869,25.35620972826413,1.9205580741349688,0.0651995388657644,0.7028784570906793,,3,1,0.1,0.6497631698901878,0.1664624174121864,1.666473405364207,1.1927623219658496,0.3804489750976816,0.4227210834418685,1,10,0.9496663789150628,1.5931147459121775,0.8,0.1664624174121864,0.1664624174121864,1,False,False,False,False,1e-06,0.9,-2.858456807461675
0.4451787895496873,0.0121597917982818,30.19457864563908,1.4152973017420412,0.0843250092647456,0.5429852795981519,,3,1,0.1,0.7180449260305098,0.298586301179412,1.2005498049526262,1.5304471501904215,0.7575034974540463,0.8416705527267181,1,10,1.1570245115503102,1.270940012822157,0.8,0.298586301179412,0.298586301179412,1,False,False,False,False,1e-06,0.9,-3.936828351243687
0.4353703557546404,0.0010598517879289,300.2634211473335,1.366105623416733,0.0194195958619145,0.4834608705699189,,3,1,0.1,0.447113452299208,0.2109876473856752,1.1612517390243504,0.7909292676998947,0.9615777507268608,1.0684197230298451,1,10,0.8512865624369417,1.2248252887144186,0.8,0.2109876473856752,0.2109876473856752,1,False,False,False,False,1e-06,0.9,-2.284492355027812
0.6585859713858504,2.9413442374451814e-07,220720.61381778377,-1.525520191953475,8.771216435253807e-05,0.5341069536801448,,3,1,0.1,0.1594246337583068,0.0683015351955559,1.8515599236423528,0.655707088289036,0.7850557623314038,0.8722841803682265,1,10,0.9688648365513656,1.4218865976113413,0.8,0.0683015351955559,0.0683015351955559,1,False,False,False,False,1e-06,0.9,-0.973644245052852
0.4150468851310422,0.0683278734243627,4.770268068228592,0.6676646150795318,0.3578377616959498,0.3428439096525453,,3,1,0.1,3.3255967199795755,0.7086431506849252,1.3743693593634136,1.9169074696410244,1.7251013206333563,1.916779245148173,1,10,1.7584550108874737,1.7486842973327192,0.8,0.7086431506849252,0.7086431506849252,1,False,False,False,False,1e-06,0.9,-0.5471091705607218
0.192944677973411,0.0016309902747795,83.35673877258613,1.406935349948367,0.040798958446899,0.3855570783588742,,3,1,0.1,0.6072899067961701,0.3471506998852705,1.8352407787562035,1.8329532001391813,1.4342847285565468,1.593649698396163,1,10,0.9199556713977696,0.6038844727611249,0.8,0.3471506998852705,0.3471506998852705,1,False,False,False,False,1e-06,0.9,-3.126978659150871
0.239495301447681,0.0186696858720227,6.60966862318338,0.4815131484914949,0.0216105107635215,0.6413907256292042,,3,1,0.1,3.4160981826177603,0.814014800647466,1.496181332930894,1.7668696672190496,0.5032008322494842,0.5591120358327603,1,10,0.4767895615002443,0.8601224351608139,0.8,0.814014800647466,0.814014800647466,1,False,False,False,False,1e-06,0.9,-4.339224583278282
0.2121174629417515,0.0159938706755558,11.23167529750308,0.5705358382486405,0.0081448532396182,0.7389321496152558,,3,1,0.1,-2.324209378478096,0.6660750498578937,0.9540225074914854,0.511495592705479,0.3179738024236845,0.3533042249152051,1,10,1.2384809163849233,0.8356199854927513,0.8,0.6660750498578937,0.6660750498578937,1,False,False,False,False,1e-06,0.9,-0.8987217958158151
0.7902201110200275,1.9369100293198024e-10,101572310.51371288,4.54898769432861,2.490446367428982e-07,0.5017455090590865,,3,1,0.1,0.1006700355091811,0.0494373824444235,1.6057673048848122,1.7108448814417152,0.8937380280448393,0.9930422533831548,1,10,1.828134696314648,1.807664314379554,0.8,0.0494373824444235,0.0494373824444235,1,False,False,False,False,1e-06,0.9,-3.459021072135719
0.2759596247187397,0.0095622450058067,25.616245481837804,0.4091435758165336,-0.0045269590980958,0.8346424369031006,,3,1,0.1,-28.537745580287773,0.7680913697180906,0.5472659165593696,1.2298791225237276,0.1783060628206319,0.1981178475784799,1,10,0.1412259655827112,1.208481707237938,0.8,0.7680913697180906,0.7680913697180906,1,False,False,False,False,1e-06,0.9,-3.3342349114952743
0.1159178501881589,0.0033850275188621,21.03797921273624,0.5995248810346006,0.0235169713827504,0.5392332902652357,,3,1,0.1,1.4346432062864072,0.5701980529735293,1.9096101286808007,0.6773590592393144,0.7690364193896707,0.8544849104329675,1,10,0.2059600870316666,0.5396468255057614,0.8,0.5701980529735293,0.5701980529735293,1,False,False,False,False,1e-06,0.9,-4.856012941178608
0.4542216144568797,0.0443852747143136,7.553220093673701,0.7625055321409341,0.0162873597435576,0.7100382768775721,,3,1,0.1,2.266969109104392,0.4757849525919014,1.6717761809217977,1.3358540389058304,0.3675372994788305,0.4083747771987006,1,10,1.5349239105276853,1.7422663775832712,0.8,0.4757849525919014,0.4757849525919014,1,False,False,False,False,1e-06,0.9,-4.218358133086585
0.4547944810139258,0.0132466507018247,25.34045424605237,1.5744558084642215,0.069352470511695,0.6644318626251626,,3,1,0.1,0.8939046221059541,0.2252254613702059,1.249686565710527,0.8704377276774653,0.4545406995445859,0.5050452217162066,1,10,1.7225747613766915,1.3036759290508908,0.8,0.2252254613702059,0.2252254613702059,1,False,False,False,False,1e-06,0.9,-1.7897955506680754
0.1576478148736129,0.0046253495106831,22.50670998681032,0.7929663897873289,0.0545867298126354,0.4156035265776138,,3,1,0.1,1.0685355363551683,0.5576884237614167,1.0791857833998484,1.0773116556981122,1.2655254165220018,1.4061393516911131,1,10,0.4436921122509543,0.5735833020278215,0.8,0.5576884237614167,0.5576884237614167,1,False,False,False,False,1e-06,0.9,-3.709741563313757
0.7105056218482132,0.0107192862252247,15.80545174445244,3.026224182868881,-0.0058209437300093,0.9410013630644388,,3,1,0.1,2.256747897799196,0.08419916952862,0.6780155419471744,1.6818146573959267,0.056427945087226,0.0626977167635845,1,10,1.9470603460002207,1.5943110318873095,0.8,0.08419916952862,0.08419916952862,1,False,False,False,False,1e-06,0.9,-3.653128617356418
0.2258262277559146,0.0157127369855123,21.90626000749376,0.9366346436703952,0.0600452473265131,0.618733930467613,,3,1,0.1,2.554672436644,0.4641209117685929,0.5999989733062063,0.6950491454117819,0.5545832314704607,0.6162035905227341,1,10,0.8470411362187894,0.7344059116738864,0.8,0.4641209117685929,0.4641209117685929,1,False,False,False,False,1e-06,0.9,-1.4387808302308829
0.214492661321437,0.0192966748510238,9.332107984932662,0.4792332940031686,0.0513383805526075,0.5263840903509595,,3,1,0.1,2.254985058177902,0.852503042511315,0.8307076677231744,1.8491715122632584,0.8097781192435682,0.8997534658261869,1,10,0.6638914510959051,0.7834814353693329,0.8,0.852503042511315,0.852503042511315,1,False,False,False,False,1e-06,0.9,-4.69577919879653
0.1680829986763934,0.0121720099440254,11.9618523140675,0.817143071045294,-0.0105461529097302,0.9095346960661967,,3,1,0.1,-6.220715010028084,0.5354045856769866,1.9796764248146568,0.925333890368882,0.0895169517914654,0.0994632797682949,1,10,0.3842183122082509,0.6931816744367687,0.8,0.5354045856769866,0.5354045856769866,1,False,False,False,False,1e-06,0.9,-2.75851070609881
0.2676911811467216,0.018522306366876,4.423470193011063,0.321166173464979,0.0019062080158494,0.7125394134095501,,3,1,0.1,9.845761707562504,0.9308326573731176,1.9603020191835845,0.7122428487758765,0.3630880244131875,0.403431138236875,1,10,0.7097477954539433,1.404324715517638,0.8,0.9308326573731176,0.9308326573731176,1,False,False,False,False,1e-06,0.9,-3.437994755459353
0.7675849123848447,8.332836026188751e-11,777267.8633109245,8.270816910865426,2.896112599878549e-05,0.7898815186814931,,3,1,0.1,0.0973304961502432,0.0199784246730098,1.1059724358770888,0.6173560076942746,0.2394113910935929,0.2660126567706588,1,10,1.1235087912389692,1.6256451982159892,0.8,0.0199784246730098,0.0199784246730098,1,False,False,False,False,1e-06,0.9,-3.2505726157160875
0.4643013939829724,0.0474561737966127,12.846622802654052,0.6279731500323306,0.0196152754100772,0.6831679552317983,,3,1,0.1,2.9224860848278924,0.5651074419940456,0.947637762079124,1.4499621809414205,0.4173920016412811,0.4637688907125346,1,10,1.1281122908138,1.978250716819351,0.8,0.5651074419940456,0.5651074419940456,1,False,False,False,False,1e-06,0.9,-3.1268609442367827
0.2351028809757842,0.0020133360644344,97.14713779340153,1.3594044034748154,0.046649684178113,0.3704499082865657,,3,1,0.1,0.6001808594146323,0.3360801169202209,1.1874673939742888,1.5211552837439748,1.529478263775934,1.6994202930843711,1,10,1.7040124180178424,0.7113565070713804,0.8,0.3360801169202209,0.3360801169202209,1,False,False,False,False,1e-06,0.9,-1.789181767960648
0.3727546734604557,0.0641628064372433,3.884060964311706,0.6559484878067281,0.1641813908047792,0.5187814042529274,,3,1,0.1,10.316355657278994,0.6333615043665524,1.676435623371698,1.7094300466670145,0.8348347350577217,0.9275941500641351,1,10,1.4100079435544124,1.3011182412866231,0.8,0.6333615043665524,0.6333615043665524,1,False,False,False,False,1e-06,0.9,-0.7826509228548115
0.2388105265536964,0.0280344216980465,4.635002988319464,0.4277617398219965,0.0046148102669609,0.7486351637533545,,3,1,0.1,14.762450747400914,0.8608041363499411,1.5666443334283209,1.1768641548957657,0.3021877191658528,0.3357641324065031,1,10,1.2311881918444587,0.9226148207730838,0.8,0.8608041363499411,0.8608041363499411,1,False,False,False,False,1e-06,0.9,-3.338064623977902
0.4271390605043277,0.0019086228143545,7.440790527913544,9.43417901072933,0.0719234880419794,0.967864116088064,,3,1,0.1,-2.263275522162041,0.0534489314911888,1.042030120369579,1.2440154861735435,0.0298825992616,0.0332028880684444,1,10,1.7978218112809123,0.7879853018213462,0.8,0.0534489314911888,0.0534489314911888,1,False,False,False,False,1e-06,0.9,-0.9278886795964328
0.2949030840374151,0.0196513257094089,5.260277376019429,0.2880351183394984,0.0510379857421371,0.4026694088485046,,3,1,0.1,-8.747685049528277,0.9594267883298676,1.4089639026972984,0.529475841311074,1.3350841167042935,1.4834267963381038,1,10,0.2767412764528263,1.786551733798265,0.8,0.9594267883298676,0.9594267883298676,1,False,False,False,False,1e-06,0.9,-0.5464317347012653
0.2532013884273192,0.0128813724067602,15.12885045355683,0.4383911916200942,0.1052321106681216,0.3857892992013482,,3,1,0.1,1.3431703278125688,0.5151438652426025,1.8870438987444689,0.8955113827852361,1.432879636275963,1.59208848475107,1,10,0.9057539458681154,1.0399017991896191,0.8,0.5151438652426025,0.5151438652426025,1,False,False,False,False,1e-06,0.9,-0.8615178752859798
0.6389156976929673,0.0032875876901327,187.2631877942908,2.1096345770270504,0.0512793356066229,0.6239860022348581,,3,1,0.1,0.4576973092641612,0.1471956930766308,0.6256295060469783,1.1490381086049908,0.5423400473353163,0.6026000525947959,1,10,1.049227807651313,1.762965891018088,0.8,0.1471956930766308,0.1471956930766308,1,False,False,False,False,1e-06,0.9,-1.687965139718001
0.2838633055387234,0.0145792112646614,10.672957888114988,0.4762080814033034,0.040912959009641,0.4979155806093898,,3,1,0.1,1.6215321547313857,0.665290637199069,1.2873099641114916,0.6840775554255653,0.907535323354426,1.0083725815049176,1,10,1.6199973699949126,1.2440462168137365,0.8,0.665290637199069,0.665290637199069,1,False,False,False,False,1e-06,0.9,-3.608511706810467
0.4586098181555708,0.0024554641623324,136.84539499240728,1.333451830939783,0.0230191119408786,0.5420228420478086,,3,1,0.1,0.5942675289100695,0.2449796480636916,1.2284863045454522,0.74342212165057,0.760446627303977,0.8449406970044189,1,10,0.2690787764626223,1.3866596989202955,0.8,0.2449796480636916,0.2449796480636916,1,False,False,False,False,1e-06,0.9,-2.90308183468962
0.378467886320589,0.0231084712953375,9.217279260611518,0.6158172944164837,0.10719656400895,0.4077791893185025,,3,1,0.1,1.312956787729469,0.5944112216424935,1.739826465970175,1.4616828379406084,1.3070768287712704,1.4523075875236338,1,10,0.9456805929514568,1.677211935114958,0.8,0.5944112216424935,0.5944112216424935,1,False,False,False,False,1e-06,0.9,-1.7376314733357143
0.2131357951926411,0.0306946221278746,5.088790597578229,0.4856566237000754,0.0929508146491787,0.5192851590010601,,3,1,0.1,6.064831060923488,0.7575726449634983,1.7073191370055711,1.12457035548325,0.8331517845249312,0.9257242050277014,1,10,1.9915902880931835,0.8246947514362994,0.8,0.7575726449634983,0.7575726449634983,1,False,False,False,False,1e-06,0.9,-1.1056591907152091
0.1406871542384953,0.0033119466392807,22.269259214715944,0.8229079776478675,0.0306322625162118,0.500646581640496,,3,1,0.1,1.6636544041354648,0.5458137681513856,1.853281750405592,1.2670799617036144,0.8976753122949942,0.9974170136611048,1,10,0.1384607952215195,0.5252096468923343,0.8,0.5458137681513856,0.5458137681513856,1,False,False,False,False,1e-06,0.9,-1.5954708433358893
0.6403534560172804,6.29999239023324e-05,2452.147748334019,2.9637778946778828,0.0031441465982246,0.5324148313601199,,3,1,0.1,0.263429062702242,0.1163440117812518,1.587770532120536,1.400514549946431,0.7904112113121231,0.8782346792356923,1,10,0.4811813579580682,1.530461433535253,0.8,0.1163440117812518,0.1163440117812518,1,False,False,False,False,1e-06,0.9,-2.3885871930435387
0.3974872330093073,0.0046259453896725,74.58789820010541,1.161096097603067,0.0161692341117684,0.6189088441717361,,3,1,0.1,1.0175129063520691,0.341241503907981,1.2153678615252193,1.9233300666178,0.5541721425946631,0.6157468251051812,1,10,0.1232583948943991,1.2115276452429926,0.8,0.341241503907981,0.341241503907981,1,False,False,False,False,1e-06,0.9,-4.619069925254155
0.4292953733184028,0.0145077596821348,48.37911430220033,1.5039133683258676,0.1038175463929475,0.5587309280458782,,3,1,0.1,0.7545098206174543,0.2872407193292522,0.6021527897385999,1.5726189876167422,0.7107932366437741,0.7897702629375268,1,10,1.3770699195512786,1.1804880900713797,0.8,0.2872407193292522,0.2872407193292522,1,False,False,False,False,1e-06,0.9,-2.6496388660609784
0.3141656835624448,0.0263950765433707,6.638031976810284,0.331962549964493,-0.0135938419804518,0.8524342401187598,,3,1,0.1,-5.405583801997597,0.9233439177342564,1.0130962699207595,1.229149388475161,0.1557999170406544,0.1731110189340605,1,10,0.4880599479557124,1.4348286704473656,0.8,0.9233439177342564,0.9233439177342564,1,False,False,False,False,1e-06,0.9,-2.4721812547507422
0.2274409094755759,0.0002070601726589,718.5071905753488,1.6586370705591726,0.0125282559826969,0.4197054836241772,,3,1,0.1,0.3859111994773487,0.1855379305337439,1.955350819195829,1.2840203303973523,1.2443608318587027,1.3826231465096697,1,10,1.181230476549078,0.6363172790321291,0.8,0.1855379305337439,0.1855379305337439,1,False,False,False,False,1e-06,0.9,-0.7825025451638972
0.2357860207815736,0.0113084799684093,8.011696377471933,0.3243280630623642,0.0612021563541947,0.361122513395209,,3,1,0.1,1.9094172929565727,0.7537056653089496,1.8016403593134651,0.6072496637566095,1.5922289987914664,1.769143331990518,1,10,0.9396708063123012,1.1256554648244017,0.8,0.7537056653089496,0.7537056653089496,1,False,False,False,False,1e-06,0.9,-1.1148215864147692
0.2802584818847977,0.0396359615301946,6.849474157696867,0.8428326795355229,-0.0570789516477172,0.954113743578872,,3,1,0.1,-2.1242010154035187,0.5014581199515311,1.0594859168494428,1.5044457933393216,0.043283760512775,0.0480930672364167,1,10,1.447079665856911,0.8580597453703085,0.8,0.5014581199515311,0.5014581199515311,1,False,False,False,False,1e-06,0.9,-1.6968933366210184
0.7106604784732636,7.82963007849748e-06,1892.4112884310805,5.899011759720677,0.0060801201195773,0.7190465884105448,,3,1,0.1,0.181907567255109,0.0463550872722067,1.2905401915469843,1.7621863614086226,0.3516574231851282,0.390730470205698,1,10,1.9810480315141392,1.4326604346957912,0.8,0.0463550872722067,0.0463550872722067,1,False,False,False,False,1e-06,0.9,-1.2758109696024555
0.5719360595099989,4.9136112228733495e-06,35650.112455736074,2.2201584094430697,0.0002134092796645,0.3788678027282607,,3,1,0.1,0.2669576561307946,0.1623327725368659,1.4506817289353025,1.7265246430046672,1.475498771653384,1.6394430796148711,1,10,0.2364084534550561,1.690105655632973,0.8,0.1623327725368659,0.1623327725368659,1,False,False,False,False,1e-06,0.9,-4.713624769827343
0.1992911038118896,0.0032482541140526,18.584746896939432,0.4954440422795713,0.0279330751954852,0.3554028972071811,,3,1,0.1,1.1267340699973871,0.6544279702458642,1.0166233795042374,0.5239486841483685,1.6323372630678012,1.8137080700753347,1,10,0.3528482699471914,0.8133594927710831,0.8,0.6544279702458642,0.6544279702458642,1,False,False,False,False,1e-06,0.9,-3.646764191090199
0.3360057694182318,0.0451791031572412,13.116196239506667,0.4145924250466631,0.0613115726124335,0.5398422977310002,,3,1,0.1,2.8423495252087143,0.9092658930901484,0.562422298150325,1.9737679715108551,0.7671535442531479,0.852392826947942,1,10,1.425562386618893,1.3642107937956336,0.8,0.9092658930901484,0.9092658930901484,1,False,False,False,False,1e-06,0.9,-3.499687099010993
0.2958958731092251,0.0211065848643693,5.5638818001068,0.4279131588799251,0.0895434930736606,0.3717061955849642,,3,1,0.1,1.4565624055409945,0.8111399032227505,1.7732837498547975,1.343081574510903,1.521267147790327,1.690296830878141,1,10,1.5109857747761315,1.3353892811561416,0.8,0.8111399032227505,0.8111399032227505,1,False,False,False,False,1e-06,0.9,-4.222335841105551
0.3342959447099217,0.0008795220511632,249.6104905376312,0.7139398221133972,0.0155108965449177,0.3950446334111788,,3,1,0.1,0.4923912013944778,0.2830817440141751,1.7294511907603556,0.8797241491633531,1.378223582557171,1.5313595361746344,1,10,1.255129412589043,1.1396880121631916,0.8,0.2830817440141751,0.2830817440141751,1,False,False,False,False,1e-06,0.9,-3.722316995305138
0.1720267121524115,0.0225817796215462,7.048511365445026,0.771301762781328,0.0099687497369161,0.7992182914589652,,3,1,0.1,-33.54089111403454,0.5608015246632414,1.8367909201720365,1.1681567536856283,0.2261003528298369,0.2512226142553744,1,10,1.1217710099595002,0.6570717491518853,0.8,0.5608015246632414,0.5608015246632414,1,False,False,False,False,1e-06,0.9,-2.0606871229133965
0.5028254409826123,0.025072501824763255,6.580213499750439,2.2041114202368854,-0.03559761899825028,0.8920463010252648,,3,1,0.1,3.305905310219143,0.17201679425678723,1.9382091386789628,1.9523572170922405,0.1089162400713883,0.12101804452376477,1,10,1.1057270491350153,1.1849352055603877,0.8,0.17201679425678723,0.17201679425678723,1,False,False,False,False,1e-06,0.9,-2.744019033455252
0.18937935099825381,0.01491472781675159,11.352922755999334,0.48619213210471457,0.04010218863190907,0.5530273016270558,,3,1,0.1,2.6670211636141317,0.8146074243681937,0.6420747428429872,0.7888690973137371,0.7274060925240391,0.8082289916933767,1,10,0.9372129324647636,0.7204700963030835,0.8,0.8146074243681937,0.8146074243681937,1,False,False,False,False,1e-06,0.9,-3.1829476610484173
0.44083318355188883,0.04658624453977605,6.340050771212592,0.4599322847878679,-0.05688124385333677,0.9578005922196912,,3,1,0.1,-4.287647781099247,0.6516088142977879,1.5565628215126701,1.815266775620406,0.03965279131250179,0.044058657013890876,1,10,0.8147933577140993,1.9941764203510794,0.8,0.6516088142977879,0.6516088142977879,1,False,False,False,False,1e-06,0.9,-3.2142039519192
0.35167609893333796,0.019071744434817777,13.779870969904989,0.5937461757937248,0.08714932999713407,0.46347823845817243,,3,1,0.1,1.2488765719594659,0.4922564864910399,1.8679280904133124,0.9298733254319669,1.0418387430529217,1.1575986033921353,1,10,1.9076650936720034,1.5172951178046217,0.8,0.4922564864910399,0.4922564864910399,1,False,False,False,False,1e-06,0.9,-1.6026021629610891
0.25465715896155106,0.013745769335574327,6.509905889600578,0.4241096892422036,0.02978466494805358,0.5183959705381512,,3,1,0.1,3.2891605273430535,0.8219828467280672,1.5989698696679622,1.0688546512045256,0.8361246058022062,0.929027339780229,1,10,0.281013992227874,1.0468430116089804,0.8,0.8219828467280672,0.8219828467280672,1,False,False,False,False,1e-06,0.9,-1.839090546856061
0.34469812975430236,0.028337198264412514,11.997731060516195,0.9028504087893023,0.039932644807156144,0.6828550785062444,,3,1,0.1,-20.53615176773859,0.3879443691711744,1.7836581936799423,0.7078306802893901,0.4179956162422681,0.46443957360252014,1,10,1.9411594469370408,1.3051176758387375,0.8,0.3879443691711744,0.3879443691711744,1,False,False,False,False,1e-06,0.9,-0.7883381570517081
0.2879389416365212,0.0037904710653715325,20.934499490566918,0.5820926826310043,-0.0021482021944611296,0.8332266705948383,,3,1,0.1,-8.024749925919256,0.5593425962710533,1.4525143136551386,0.8311965516415744,0.18013825260477123,0.20015361400530138,1,10,0.04813272485022628,1.19088611852363,0.8,0.5593425962710533,0.5593425962710533,1,False,False,False,False,1e-06,0.9,-1.9708559351800732
0.7197397297232883,9.999842154841626e-16,29340429058573.44,4.288471029221534,1.5879838921063431e-12,0.36403198119283675,,3,1,0.1,0.08504952393206883,0.05335805717894534,1.1745416382183052,0.9904045723916368,1.5723102543104517,1.7470113936782796,1,10,0.3219938727664166,1.7557342412671428,0.8,0.05335805717894534,0.05335805717894534,1,False,False,False,False,1e-06,0.9,-2.2607909520987164
0.4840456465971629,0.012497940358961365,93.04205868588113,0.9342612402463101,0.04222687193625815,0.5615092564811749,,3,1,0.1,0.9402302971315728,0.37150732029702693,0.611792346190285,0.8154774095373722,0.7028230872631629,0.7809145414035144,1,10,0.5195487820199082,1.969478074709714,0.8,0.37150732029702693,0.37150732029702693,1,False,False,False,False,1e-06,0.9,-4.810220385571403
0.44890597850622027,0.005703659243353423,176.5143022863181,1.1461760711065896,0.05962047639933123,0.40573768114259406,,3,1,0.1,1.4233635001504161,0.34151644346415394,0.5847763725472924,1.6976750547773496,1.3181819481629566,1.4646466090699517,1,10,0.1369875218265812,1.5542264295502692,0.8,0.34151644346415394,0.34151644346415394,1,False,False,False,False,1e-06,0.9,-0.391069374569021
