efficiency,dark count rate,jitter,entropy production,entropy rate,d_l,e_max,e_s,TH,TC,g_sl,g_ml,e_C,e_C_factor,t_f,t_steps,rateM,rateD,rateB,Tb,Td,k,e_l,TV
0.3653167903497909,0.0247057360721433,24.002286389206738,0.29076330309362,-0.007719072046783,3,1,0.1,4.717090885441801,0.8832293158043086,1,0.8725267339209359,0.27,0.3,1,10,1,4.190224347941389,0.8,0.8832293158043086,0.8832293158043086,1,0.9,-5.228318264914124
0.6585867384090751,0.0333817772483716,36.5415068905027,1.217156756041125,0.0040650591463191,3,1,0.1,2.4841512415463343,0.242144395193723,1,0.9480100911749864,0.27,0.3,1,10,1,3.395480949960901,0.8,0.242144395193723,0.242144395193723,1,0.9,-1.044775092541025
0.7992935625173121,0.0068025353468166,64.99716451329598,1.5692767185688852,0.075789084080816,3,1,0.1,0.6985554375974896,0.1085236186730837,1,0.8118233306348042,0.27,0.3,1,10,1,3.1897525171402243,0.8,0.1085236186730837,0.1085236186730837,1,0.9,-0.5674379356650014
0.3454193860707569,0.0283206306588675,9.499221221390073,0.273412439455488,-0.0073684758875063,3,1,0.1,14.95046915609906,0.9893221314464768,1,0.911370341528936,0.27,0.3,1,10,1,2.5058298242076216,0.8,0.9893221314464768,0.9893221314464768,1,0.9,-3.899902578530786
0.221066155676069,0.0139983840671878,16.929103294530982,1.2197764413519412,0.0214971380723648,3,1,0.1,1.8256711901517424,0.3743597671815885,1,0.8235627199799165,0.27,0.3,1,10,1,0.7036900530601071,0.8,0.3743597671815885,0.3743597671815885,1,0.9,-2.3926448105051588
0.3453817547570557,0.0212162125764974,17.305312677620595,0.2807122417860456,-0.0062932798158601,3,1,0.1,14.095586101372575,0.9161428778287428,1,0.6947159105490114,0.27,0.3,1,10,1,3.465236578539021,0.8,0.9161428778287428,0.9161428778287428,1,0.9,-3.599726228360216
0.359882184989127,0.0209239681996445,17.29652493117552,0.3692762008328429,-0.0067250263023781,3,1,0.1,5.553092255706712,0.7448180943413425,1,0.6158582556117401,0.27,0.3,1,10,1,2.746866328469343,0.8,0.7448180943413425,0.7448180943413425,1,0.9,-3.613669551072843
0.2784160008633575,0.0172520036031111,10.224847922902097,0.4705294309225143,-0.0016464239501096,3,1,0.1,3.8030518976725607,0.7150003897972195,1,0.6342303938312093,0.27,0.3,1,10,1,1.1816628371581896,0.8,0.7150003897972195,0.7150003897972195,1,0.9,-4.245969145888323
0.3119654624090427,0.0262386440025985,7.48880376997478,0.382657215696231,-0.0047899592849687,3,1,0.1,9.942673480944128,0.8310120249724289,1,0.8370535942667139,0.27,0.3,1,10,1,1.4275695193217242,0.8,0.8310120249724289,0.8310120249724289,1,0.9,-3.441132461811552
0.3571469388208954,0.0220921204179401,20.702493642276128,0.2979019691752881,-0.0068878216813952,3,1,0.1,5.067309211984132,0.8665734514051955,1,0.7493592330867741,0.27,0.3,1,10,1,3.713456078591544,0.8,0.8665734514051955,0.8665734514051955,1,0.9,-4.806520600973631
0.2601330298286407,0.0186881828788603,11.146616741713109,0.6011438271162589,0.0018408749602767,3,1,0.1,2.77865835161853,0.6277659416531711,1,0.7724236790505167,0.27,0.3,1,10,1,0.9626502705082032,0.8,0.6277659416531711,0.6277659416531711,1,0.9,-4.425464579124918
0.3741182451684448,0.0162543899266717,49.99943479138717,0.3727254535656993,-0.0060432748640274,3,1,0.1,3.492659531494128,0.6927481001880238,1,0.5587973251136132,0.27,0.3,1,10,1,4.886786110185342,0.8,0.6927481001880238,0.6927481001880238,1,0.9,-4.298532959885182
0.3196754566221527,0.0142356945892,11.683654113048354,0.2977561236666977,-0.0039095300014626,3,1,0.1,4.173165867089654,0.885498228131195,1,0.5360117707166654,0.27,0.3,1,10,1,2.365142943867576,0.8,0.885498228131195,0.885498228131195,1,0.9,-5.846108420113342
0.008057728875095,0.0007784028134434,7.692157509399643,0.5140850912157787,0.0170436225475016,3,1,0.1,10.089358867058923,0.9604203204125668,1,0.916416197857932,0.27,0.3,1,10,1,0.1116827915834554,0.8,0.9604203204125668,0.9604203204125668,1,0.9,-4.115510715888881
0.1819726498646122,0.0168158916306421,12.005259761437332,0.9250357170830692,0.0193722845054217,3,1,0.1,159.14229300698346,0.4842470902443745,1,0.761107902331001,0.27,0.3,1,10,1,0.6470249630737261,0.8,0.4842470902443745,0.4842470902443745,1,0.9,-1.6256994293114089
0.3458002899551519,0.0220532028684787,16.037578368989845,1.072872169057936,0.0083936375372777,3,1,0.1,2.0672813520440783,0.3799114888159211,1,0.8600908060359767,0.27,0.3,1,10,1,1.073144626243734,0.8,0.3799114888159211,0.3799114888159211,1,0.9,-2.2170557479409974
0.025340082535215,0.0024003090463049,7.695557613940936,0.5141390565166715,0.0159016347494395,3,1,0.1,6.628729293607369,0.9428096151530208,1,0.9400918837242762,0.27,0.3,1,10,1,0.2020368379690096,0.8,0.9428096151530208,0.9428096151530208,1,0.9,-4.703736903200979
0.3869420409325146,0.0270023863706398,32.367998877547016,0.3269124419075103,-0.0091234804909447,3,1,0.1,3.5262244166836467,0.8007841826796859,1,0.9324441922237152,0.27,0.3,1,10,1,4.648580252080729,0.8,0.8007841826796859,0.8007841826796859,1,0.9,-5.677941443064952
0.0750439876169146,0.0065841974141024,10.479745410525949,0.6636995571042117,0.0168502844915975,3,1,0.1,6.192286366136974,0.7013477152419797,1,0.7580056509302808,0.27,0.3,1,10,1,0.3729118180079206,0.8,0.7013477152419797,0.7013477152419797,1,0.9,-3.1775889502743304
0.3323960910896332,0.0253005323556327,7.817508311815367,0.3023047050787182,-0.0060118526590859,3,1,0.1,4.126579955769861,0.939653921254523,1,0.9131882202331004,0.27,0.3,1,10,1,1.9175139953272435,0.8,0.939653921254523,0.939653921254523,1,0.9,-6.682951556866703
0.3573465999304712,0.0243026877567069,19.76673934209905,0.2823568339797784,-0.0073378946750203,3,1,0.1,7.219114527504274,0.9116360283726268,1,0.8221018567559361,0.27,0.3,1,10,1,3.812221220680579,0.8,0.9116360283726268,0.9116360283726268,1,0.9,-4.308229700530253
0.3890512610572445,0.029713180244161,25.237732754937827,0.354590562962256,-0.0101105790688863,3,1,0.1,33.04399784608008,0.7680423463064692,1,0.7970953403501506,0.27,0.3,1,10,1,3.90861096871074,0.8,0.7680423463064692,0.7680423463064692,1,0.9,-2.7069490621102563
0.1324601994572457,0.0136525219465282,9.1349276032625,0.6785279939367835,0.0163167070471682,3,1,0.1,13.162750439838051,0.6629473609178074,1,0.8988665064433905,0.27,0.3,1,10,1,0.5255930297771757,0.8,0.6629473609178074,0.6629473609178074,1,0.9,-2.504105221051799
0.0120859828969834,0.000919704819653,8.500871610068337,0.5052754936774699,0.0130083484770282,3,1,0.1,4.455953686862396,0.9628026846428178,1,0.7767539307912112,0.27,0.3,1,10,1,0.1382239767502276,0.8,0.9628026846428178,0.9628026846428178,1,0.9,-6.472612193146476
0.4249786538345299,0.0285505732228712,43.28478607676015,0.4484085341391192,-0.0110512335100852,3,1,0.1,5.509529122200839,0.6323934071220819,1,0.749409916455814,0.27,0.3,1,10,1,4.477822137479358,0.8,0.6323934071220819,0.6323934071220819,1,0.9,-2.8790595147463307
0.5135447125961727,0.0274443703709945,89.22705459795424,0.7328685496404322,-0.011893379437392,3,1,0.1,4.042651935599779,0.4326744804097857,1,0.6420172539193932,0.27,0.3,1,10,1,4.978620116826981,0.8,0.4326744804097857,0.4326744804097857,1,0.9,-1.922307130881684
0.3825247743787939,0.0269560896217178,14.073217659373634,0.5930990352537384,-0.0063046514394991,3,1,0.1,2.7296745955229715,0.5687862322897757,1,0.8214518212470592,0.27,0.3,1,10,1,1.646886750532949,0.8,0.5687862322897757,0.5687862322897757,1,0.9,-3.690062719426604
0.6644098314779346,0.0220575572797478,30.54886270442945,1.4576013784440618,0.0240358685916784,3,1,0.1,1.209843015862302,0.1954099440455854,1,0.9861957474093856,0.27,0.3,1,10,1,2.562306362942201,0.8,0.1954099440455854,0.1954099440455854,1,0.9,-1.0453181054974934
0.3640607037935228,0.0193569485760088,26.14169511380221,0.3573117660080043,-0.0066495775254379,3,1,0.1,11.555671530029572,0.7416045185630561,1,0.5651787195643272,0.27,0.3,1,10,1,3.613606947982273,0.8,0.7416045185630561,0.7416045185630561,1,0.9,-2.907382726113533
0.3628301237197813,0.0267175159213394,16.82307770553829,0.2808007297122411,-0.0078896867480233,3,1,0.1,4.527037634821748,0.9252447979390964,1,0.9482371961159868,0.27,0.3,1,10,1,3.521241963252691,0.8,0.9252447979390964,0.9252447979390964,1,0.9,-5.895808827292724
0.158888804160949,0.0140646313205012,11.147693971473638,0.7141124540986038,0.0125920786865161,3,1,0.1,1017.5372510324752,0.604183420309255,1,0.6974035016416177,0.27,0.3,1,10,1,0.6150779763802255,0.8,0.604183420309255,0.604183420309255,1,0.9,-2.016738853609927
0.5331487676438915,0.0243157264538133,56.01092248860076,0.8541112899146914,-0.009061917713003,3,1,0.1,1.7259476073374354,0.3811320854892256,1,0.7039237506540685,0.27,0.3,1,10,1,3.39617257900724,0.8,0.3811320854892256,0.3811320854892256,1,0.9,-2.620858340513436
0.5674210255039469,0.0364041251188477,32.36483531335179,0.9076862620905674,-0.0121766237317076,3,1,0.1,2.925797254498774,0.3660763119475763,1,0.9252368054875486,0.27,0.3,1,10,1,3.005761035107406,0.8,0.3660763119475763,0.3660763119475763,1,0.9,-1.723394389444426
0.4340378911388762,0.0362251411151231,18.096426327169425,0.485025905567943,-0.0125886075282015,3,1,0.1,4.738651817190001,0.6296050522661406,1,0.9538457750761876,0.27,0.3,1,10,1,2.715312536483665,0.8,0.6296050522661406,0.6296050522661406,1,0.9,-3.0416599708869168
0.3511320212493158,0.0206350833786979,18.42060410927804,0.2946589697578254,-0.0063149941887901,3,1,0.1,4.362795023031672,0.8753543767896221,1,0.719605590621397,0.27,0.3,1,10,1,3.449813424631663,0.8,0.8753543767896221,0.8753543767896221,1,0.9,-5.486344132419989
0.3107141942886731,0.0186837464461512,15.829939103745332,0.7128250374741056,0.0001065123247257,3,1,0.1,2.407084986862324,0.5197388179619105,1,0.6755963022685783,0.27,0.3,1,10,1,1.1590643910318938,0.8,0.5197388179619105,0.5197388179619105,1,0.9,-3.49156138388396
0.379236309591016,0.0268095054130114,21.106532647644485,0.3434966700627326,-0.0088427409885048,3,1,0.1,5.525610424103032,0.7854045005155279,1,0.798414018543576,0.27,0.3,1,10,1,3.507887783088772,0.8,0.7854045005155279,0.7854045005155279,1,0.9,-3.917176086099975
0.3708790685972136,0.0187006251179761,27.17654368045128,0.4064409204286708,-0.0066553918649596,3,1,0.1,43.24309781253944,0.6732956017866076,1,0.5021478554710529,0.27,0.3,1,10,1,3.28174518120749,0.8,0.6732956017866076,0.6732956017866076,1,0.9,-2.328928724673678
0.0035816805883104,0.0003758470080208,9.261617280438935,0.6528585490311221,0.0246777594121405,3,1,0.1,32.97868727333949,0.77232185349825,1,0.8431524104299646,0.27,0.3,1,10,1,0.074082596060534,0.8,0.77232185349825,0.77232185349825,1,0.9,-2.7232131868194003
0.1256151086848624,0.0084517230922287,7.413455374385955,0.4261360260512698,0.0053535917057921,3,1,0.1,4.656893345479864,0.9586009500772812,1,0.7046110110503113,0.27,0.3,1,10,1,0.5423892350644846,0.8,0.9586009500772812,0.9586009500772812,1,0.9,-6.148500446342517
0.3497777415104059,0.0167235047452973,19.52810568323672,0.3534203511584551,-0.0054487712977893,3,1,0.1,5.183484969734376,0.7530414812197825,1,0.5319309138108417,0.27,0.3,1,10,1,2.943509395092102,0.8,0.7530414812197825,0.7530414812197825,1,0.9,-3.797370091749559
0.4265222225511828,0.0185202625515248,27.82268018625262,0.9846514919396012,-0.0009846843697287,3,1,0.1,1.6215717942591892,0.3675616471097019,1,0.6452363415545477,0.27,0.3,1,10,1,1.600919316494365,0.8,0.3675616471097019,0.3675616471097019,1,0.9,-2.6007147175848067
0.3807097450609896,0.025636902579771,17.252431342544867,0.3958318528331678,-0.008399671050711,3,1,0.1,3.9504587465098338,0.716005191797155,1,0.7428945680100734,0.27,0.3,1,10,1,2.727081392066017,0.8,0.716005191797155,0.716005191797155,1,0.9,-4.135704636851217
0.0788722872327999,0.0066861098651765,8.248266854433872,0.5158635798993954,0.0115227633308495,3,1,0.1,8.470410065182222,0.8711572114858304,1,0.7721272308912868,0.27,0.3,1,10,1,0.3894496503536893,0.8,0.8711572114858304,0.8711572114858304,1,0.9,-3.820747295420901
0.1472826628082123,0.0111583776368194,7.054246596248525,0.4281037833268319,0.0051645302016154,3,1,0.1,4.634542185770526,0.9375491100663212,1,0.7971150980863142,0.27,0.3,1,10,1,0.6052953216614594,0.8,0.9375491100663212,0.9375491100663212,1,0.9,-5.919138364397903
0.0071674288458285,0.0004755479152841,11.795331482956634,0.6201762727492779,0.0145466051768206,3,1,0.1,3.7885094413077054,0.7919189626739651,1,0.6233519933930011,0.27,0.3,1,10,1,0.1065188653166643,0.8,0.7919189626739651,0.7919189626739651,1,0.9,-5.153114412042233
0.4699721218937953,0.0258715128039587,25.09224956232395,0.933261905848602,-0.0051682033433609,3,1,0.1,3.164487168699345,0.3765270882150599,1,0.6787503551240497,0.27,0.3,1,10,1,1.9610512575844408,0.8,0.3765270882150599,0.3765270882150599,1,0.9,-1.7374668604919314
0.1144096879975539,0.0088560513727945,11.06054403223368,0.6540043342306532,0.0124794330322482,3,1,0.1,3.0256909738842874,0.6812800232905323,1,0.7661400153707177,0.27,0.3,1,10,1,0.4857277353520437,0.8,0.6812800232905323,0.6812800232905323,1,0.9,-4.784793093063226
0.1932160786034933,0.0192467354145774,6.199217528000581,0.4285672329002049,0.0041816898546083,3,1,0.1,17.768740073735255,0.9079110136655892,1,0.9846992377364308,0.27,0.3,1,10,1,0.7407016495627512,0.8,0.9079110136655892,0.9079110136655892,1,0.9,-3.4360266478638497
0.7627271329308635,0.0072746581472386,79.46825280606319,1.586464438588307,0.0395937103080789,3,1,0.1,0.5885221487408362,0.1310881572816159,1,0.924633348948268,0.27,0.3,1,10,1,3.1216472480638946,0.8,0.1310881572816159,0.1310881572816159,1,0.9,-0.9098218476128288
0.3708266495123886,0.0191937137358984,23.157867012827204,0.3961672472796151,-0.0066205785596608,3,1,0.1,3.502721651112857,0.6909695146177419,1,0.5876431991884802,0.27,0.3,1,10,1,3.049506781695108,0.8,0.6909695146177419,0.6909695146177419,1,0.9,-4.267523218015631
0.6149587129340082,0.0135010895868788,45.24133981753085,1.4719677278058858,0.0173677826242203,3,1,0.1,1.0938870127713003,0.1925047114655848,1,0.6299206954069773,0.27,0.3,1,10,1,2.3083884401237813,0.8,0.1925047114655848,0.1925047114655848,1,0.9,-1.088751093251151
0.4717964346987767,0.0334001638718682,19.832878624431725,0.7441994074872933,-0.0101672150403276,3,1,0.1,3.274757352230639,0.4597876659525312,1,0.872892152681272,0.27,0.3,1,10,1,2.139461737182452,0.8,0.4597876659525312,0.4597876659525312,1,0.9,-2.2793643810484845
0.356977464397921,0.0267033009515216,11.136123398542004,0.3957798303458865,-0.0073786290793569,3,1,0.1,5.77331368963742,0.751629819648824,1,0.7715049492843151,0.27,0.3,1,10,1,2.006576747701917,0.8,0.751629819648824,0.751629819648824,1,0.9,-3.598609356487975
0.008405977661227,0.0004786503533467,17.15184765124196,0.768919669623996,0.0160920234830521,3,1,0.1,2.85018483229705,0.6417231085863975,1,0.5350431046874197,0.27,0.3,1,10,1,0.1162303055621845,0.8,0.6417231085863975,0.6417231085863975,1,0.9,-4.506671784943839
0.2427874433817904,0.0177800210326452,8.277484214326318,0.4543785214883289,0.0003095243924439,3,1,0.1,5.223933590566262,0.7831625774100933,1,0.7205617728513952,0.27,0.3,1,10,1,0.9721024839199676,0.8,0.7831625774100933,0.7831625774100933,1,0.9,-4.015038969867889
0.3514143727346397,0.017280595459315,29.629177186258417,0.2984387775782252,-0.0056149817668103,3,1,0.1,4.219587854992946,0.8415814646101453,1,0.6484663190573307,0.27,0.3,1,10,1,4.405586212263806,0.8,0.8415814646101453,0.8415814646101453,1,0.9,-5.247174721094599
0.3155810627833594,0.0125329566499002,12.352175861386977,0.2648256630071841,-0.003418081017938,3,1,0.1,4.7682235867669736,0.9578986236903256,1,0.5157042028977556,0.27,0.3,1,10,1,2.716601386182377,0.8,0.9578986236903256,0.9578986236903256,1,0.9,-6.010325281961618
0.4177968336763946,0.0274635243444787,19.809670629621312,0.5736952877509433,-0.0090219538611525,3,1,0.1,3.375110906188289,0.5548795303746558,1,0.7323233868804517,0.27,0.3,1,10,1,2.2617233991486736,0.8,0.5548795303746558,0.5548795303746558,1,0.9,-3.000684410766572
0.0414895678503221,0.0030032127742405,8.857400954998612,0.5087972693167392,0.011237989436387,3,1,0.1,5.655890872851422,0.916009244610419,1,0.6928576304909674,0.27,0.3,1,10,1,0.2686959372420069,0.8,0.916009244610419,0.916009244610419,1,0.9,-4.908147756186192
0.3847868178445111,0.0234084389746949,17.719802392794787,0.633590532121406,-0.0057995436347949,3,1,0.1,2.9855266272678374,0.529962465508001,1,0.6757071325650522,0.27,0.3,1,10,1,1.7328423401166757,0.8,0.529962465508001,0.529962465508001,1,0.9,-3.015560339500606
0.3329923532837934,0.0198250992212104,11.06255415288255,0.284506817710711,-0.0053912592551979,3,1,0.1,4.463744516260523,0.9310350759446088,1,0.7048605802409033,0.27,0.3,1,10,1,2.521547536113255,0.8,0.9310350759446088,0.9310350759446088,1,0.9,-6.0458393356428
0.3141476280524617,0.0177664361197255,8.973699967774666,0.3071647685080205,-0.0043445150154133,3,1,0.1,5.48949516911215,0.9049500625098464,1,0.6213681611814466,0.27,0.3,1,10,1,1.9353851470915195,0.8,0.9049500625098464,0.9049500625098464,1,0.9,-4.9021115522748495
0.5303428986741601,0.0263533907168294,18.61922736822308,1.3893754711643076,0.0145362270965862,3,1,0.1,2.253158649858342,0.2496184724182372,1,0.8567611112375906,0.27,0.3,1,10,1,1.7024863817603666,0.8,0.2496184724182372,0.2496184724182372,1,0.9,-1.1221340084265918
0.2317650152715575,0.0127848724994735,6.713448528543375,0.3386381657718093,-0.0006683659919722,3,1,0.1,23.57422541206846,0.9641506685582848,1,0.547128152798186,0.27,0.3,1,10,1,1.036596945285829,0.8,0.9641506685582848,0.9641506685582848,1,0.9,-3.552887055454206
0.3680558655466246,0.0160835187142051,44.26330001477807,0.3642574708569668,-0.0058762007971781,3,1,0.1,5.657154974479282,0.7077633356119701,1,0.5277200092364787,0.27,0.3,1,10,1,4.650860702939911,0.8,0.7077633356119701,0.7077633356119701,1,0.9,-3.331851849966128
0.4625684311830066,0.0302820418968074,22.207395179862928,0.681081967481617,-0.0100279017811993,3,1,0.1,2.40743528973629,0.4865765147476066,1,0.8466820103424095,0.27,0.3,1,10,1,2.2996588286320434,0.8,0.4865765147476066,0.4865765147476066,1,0.9,-3.069492963336578
0.3734733447247516,0.0246179179229335,19.286983859703746,0.3589009051436014,-0.0081048952235912,3,1,0.1,5.471661179264582,0.7606449886718014,1,0.7167350237694508,0.27,0.3,1,10,1,3.146723537646725,0.8,0.7606449886718014,0.7606449886718014,1,0.9,-3.752764467773474
0.0110878286970139,0.0008643073549867,15.9508022288887,1.382187827394959,0.0495327700115499,3,1,0.1,1.797439724030608,0.4009602651801374,1,0.9304939634621484,0.27,0.3,1,10,1,0.1239175503131522,0.8,0.4009602651801374,0.4009602651801374,1,0.9,-2.78737104180909
0.3825000345598219,0.0221277160790419,35.41822281736783,0.3649662602592067,-0.0079042010721913,3,1,0.1,4.321220045243105,0.726121531421163,1,0.6857424313180033,0.27,0.3,1,10,1,4.354283718909325,0.8,0.726121531421163,0.726121531421163,1,0.9,-3.981483057535312
0.6230118993277447,0.0278359140635717,54.13212809304371,1.0414079592898349,-0.0068279424541214,3,1,0.1,1.323362466886629,0.3022592818581122,1,0.9674497820949364,0.27,0.3,1,10,1,3.5843313993016217,0.8,0.3022592818581122,0.3022592818581122,1,0.9,-2.157172715906684
0.4104941774737307,0.0373495977755852,13.29961607838217,0.4449919340456404,-0.0118079958964619,3,1,0.1,8.310967301867144,0.6866727951157656,1,0.9826320302431022,0.27,0.3,1,10,1,2.3662765423403225,0.8,0.6866727951157656,0.6866727951157656,1,0.9,-2.835566236742069
0.3485203283351479,0.0240499997933618,11.821252710494152,0.3144422238414184,-0.0068537608342809,3,1,0.1,5.955951049658994,0.867439116402043,1,0.7564235274013462,0.27,0.3,1,10,1,2.5214660917103684,0.8,0.867439116402043,0.867439116402043,1,0.9,-4.379892815464197
0.2903581569059509,0.02138177401961,6.856744118802174,0.3458893528740279,-0.0033929892789071,3,1,0.1,4.810632326313869,0.9041999617325508,1,0.8024862318261192,0.27,0.3,1,10,1,1.34178643923246,0.8,0.9041999617325508,0.9041999617325508,1,0.9,-5.368435721558424
0.5946417211753764,0.0236893892360271,67.47142492807457,1.067367336982679,-0.0052287366323445,3,1,0.1,1.849980435309216,0.2930251672175988,1,0.6722035594163033,0.27,0.3,1,10,1,3.7118670310065656,0.8,0.2930251672175988,0.2930251672175988,1,0.9,-1.5493775815938091
0.2812862907277369,0.0164471407824976,7.321060390538978,0.324127330238695,-0.0029185153385083,3,1,0.1,18.91582797013053,0.9227591086673654,1,0.5793288661580757,0.27,0.3,1,10,1,1.4315352229932674,0.8,0.9227591086673654,0.9227591086673654,1,0.9,-3.470946050623009
0.3468822843412731,0.0177921231714432,32.1192084091214,0.2767632963028275,-0.0055835763015155,3,1,0.1,7.786695371168771,0.8961791278172981,1,0.6849113165290396,0.27,0.3,1,10,1,4.899125912954242,0.8,0.8961791278172981,0.8961791278172981,1,0.9,-4.08400678192481
0.3581695824877319,0.0243075486224593,13.990622996075578,0.3406923031783584,-0.0073689650625,3,1,0.1,6.507924654685867,0.8076228747311939,1,0.7195667557254569,0.27,0.3,1,10,1,2.653583230905462,0.8,0.8076228747311939,0.8076228747311939,1,0.9,-3.7893237205642754
0.5349421348216117,0.0336926787055356,36.66044123287828,0.7813494509175287,-0.0129483934458405,3,1,0.1,2.4519416270069736,0.4205522386322559,1,0.8847462506597032,0.27,0.3,1,10,1,3.1985602451459885,0.8,0.4205522386322559,0.4205522386322559,1,0.9,-2.337214582032149
0.4022329839313496,0.0268602927370005,19.21804781687829,0.5259635446003282,-0.008929679509549,3,1,0.1,6.489629848169163,0.5898883367921735,1,0.6693653398217652,0.27,0.3,1,10,1,2.349602460774164,0.8,0.5898883367921735,0.5898883367921735,1,0.9,-2.495592578794673
0.3692402423345258,0.0268418285496748,21.84537607605742,0.2919386768081872,-0.0083124095920438,3,1,0.1,5.109298899648998,0.8878921679005093,1,0.9239241429931347,0.27,0.3,1,10,1,4.010291640571104,0.8,0.8878921679005093,0.8878921679005093,1,0.9,-4.9782508029531725
0.5427571188712732,0.0353602806403951,70.89494537762334,0.7872057831838261,-0.0151098779588445,3,1,0.1,19.262103999623665,0.4125753563027364,1,0.7176215527266032,0.27,0.3,1,10,1,4.791107716232787,0.8,0.4125753563027364,0.4125753563027364,1,0.9,-1.4475988626014755
0.3867032497211122,0.0283113585732267,13.573153627234284,0.5445730492988439,-0.007455315220606,3,1,0.1,3.0258879951042905,0.6008495036903713,1,0.8393156008572678,0.27,0.3,1,10,1,1.7796245508811823,0.8,0.6008495036903713,0.6008495036903713,1,0.9,-3.731955547920928
0.3255995769525723,0.0118608118064245,23.967588361578283,0.2544831067439126,-0.0035121752806336,3,1,0.1,5.441712083645076,0.95266990240339,1,0.5398432217165499,0.27,0.3,1,10,1,4.239174988726326,0.8,0.95266990240339,0.95266990240339,1,0.9,-5.368595048475253
0.3543092187980417,0.0320076989182943,8.52599279020848,0.3625266150638999,-0.0080294943653602,3,1,0.1,9.274004951815554,0.8289763439191478,1,0.9593601940086603,0.27,0.3,1,10,1,1.87299834446246,0.8,0.8289763439191478,0.8289763439191478,1,0.9,-3.4914699648315093
0.459446952605675,0.0338469065996442,38.055506911400414,0.4839639613138257,-0.013257950637094,3,1,0.1,2.6233514554289625,0.6042106070153471,1,0.9896487801871162,0.27,0.3,1,10,1,4.158968469702311,0.8,0.6042106070153471,0.6042106070153471,1,0.9,-4.353857693776979
0.5442979879260241,0.0344567362947922,44.48841951935681,0.7611501946483933,-0.0139548355307957,3,1,0.1,2.34422567872601,0.426165920519538,1,0.9150373099318811,0.27,0.3,1,10,1,3.665214038514603,0.8,0.426165920519538,0.426165920519538,1,0.9,-2.4670335783368857
0.3769440734559675,0.0208264590301189,42.34406989783896,0.3546980554785452,-0.0074610535831745,3,1,0.1,7.920357802060518,0.7362279004175469,1,0.6425868934418753,0.27,0.3,1,10,1,4.865760719541911,0.8,0.7362279004175469,0.7362279004175469,1,0.9,-3.1337875894883016
0.3964177527640651,0.0246830798757149,28.574794594460936,0.4388657804668711,-0.009045518047364,3,1,0.1,27.112867250995613,0.647393179803184,1,0.6067767106676979,0.27,0.3,1,10,1,3.428951974710705,0.8,0.647393179803184,0.647393179803184,1,0.9,-2.2853020868264533
0.0645925744139289,0.0055189893155141,13.84249794140991,0.967868195502237,0.0289056814532973,3,1,0.1,3.142920180530277,0.5137141163026973,1,0.8004847561390973,0.27,0.3,1,10,1,0.330310476658452,0.8,0.5137141163026973,0.5137141163026973,1,0.9,-2.768092609623559
0.3339121161123835,0.0142776712188642,27.104077188156744,0.2609416954333992,-0.0043127424600536,3,1,0.1,5.6678917063818846,0.9358521465564076,1,0.6115702068390949,0.27,0.3,1,10,1,4.538709998885077,0.8,0.9358521465564076,0.9358521465564076,1,0.9,-5.074577379976968
0.2166783722673674,0.0147739996608699,8.28007253152305,0.4444107997712216,0.0013043309396575,3,1,0.1,9.47145273501308,0.8123614878850488,1,0.6319323039567948,0.27,0.3,1,10,1,0.8805411788575874,0.8,0.8123614878850488,0.8123614878850488,1,0.9,-3.3853844315409543
0.4212862789091675,0.02950142757102,17.86519500300624,0.7428087600620138,-0.007244895985376,3,1,0.1,7.880893882332014,0.471257401964463,1,0.7121207939982621,0.27,0.3,1,10,1,1.803381189853053,0.8,0.471257401964463,0.471257401964463,1,0.9,-1.8255758520930327
0.0203903456252953,0.0016200161950457,8.829451134699791,0.5285222878342624,0.0138798636937448,3,1,0.1,6.485494687228346,0.9117676566016528,1,0.7401014880913364,0.27,0.3,1,10,1,0.1821661119959009,0.8,0.9117676566016528,0.9117676566016528,1,0.9,-4.522880779149446
0.4633144827956099,0.0190931305747619,63.396850041070685,0.6856751923387628,-0.0077793748747168,3,1,0.1,2.3435731579280485,0.4516122078769135,1,0.5348377165016855,0.27,0.3,1,10,1,3.627343554162603,0.8,0.4516122078769135,0.4516122078769135,1,0.9,-2.7352482122007524
0.066325936548754,0.0039820208537233,8.541024914859511,0.4597507424512639,0.0074240892947079,3,1,0.1,5.411218804959841,0.9643027028100932,1,0.6096548618914956,0.27,0.3,1,10,1,0.3561294401744906,0.8,0.9643027028100932,0.9643027028100932,1,0.9,-5.502222057703429
0.0005825697652775,3.5596497223797545e-05,16.751042022539757,0.7814074680506709,0.0179383585870491,3,1,0.1,3.2457005904888923,0.6381585994164135,1,0.5489716259050991,0.27,0.3,1,10,1,0.030300741401799,0.8,0.6381585994164135,0.6381585994164135,1,0.9,-3.9303131954903554
0.7770136238396541,0.0140645345442511,46.613702592288334,1.5584994892465625,0.0733955526244201,3,1,0.1,0.950244374809766,0.1316756137328389,1,0.9821784667374518,0.27,0.3,1,10,1,3.426486615504009,0.8,0.1316756137328389,0.1316756137328389,1,0.9,-0.6486457383527373
0.4314470461995279,0.035495051398946,17.781214372019488,0.493658770658862,-0.0122389621598216,3,1,0.1,4.889665895672516,0.622626152404179,1,0.9235200761015993,0.27,0.3,1,10,1,2.6306684016163064,0.8,0.622626152404179,0.622626152404179,1,0.9,-2.952718121384808
0.3099425039984123,0.0137093305932683,9.718289094291052,0.2671146119742927,-0.0034767399206129,3,1,0.1,4.354034502139832,0.9778574147285384,1,0.5560033762148252,0.27,0.3,1,10,1,2.2855044069222634,0.8,0.9778574147285384,0.9778574147285384,1,0.9,-6.848247291998387
0.508707776383609,0.0354732412920101,44.58092995593046,0.641004856069997,-0.0147186179337273,3,1,0.1,3.164421560415261,0.4916357591955711,1,0.8927166732694729,0.27,0.3,1,10,1,3.981450720268749,0.8,0.4916357591955711,0.4916357591955711,1,0.9,-2.570704753907507
0.4115781810037221,0.0275964585709662,24.356001765198577,0.4716643599385035,-0.0099879446726962,3,1,0.1,5.113626772792468,0.6235705140235455,1,0.7081527634639141,0.27,0.3,1,10,1,3.039808331569312,0.8,0.6235705140235455,0.6235705140235455,1,0.9,-2.905192952987221
0.3426593938879292,0.0256978236774184,9.648603095682551,0.3059638379067762,-0.0068234249726155,3,1,0.1,7.4816704329622015,0.9064007112106328,1,0.812206971496674,0.27,0.3,1,10,1,2.2613682601447134,0.8,0.9064007112106328,0.9064007112106328,1,0.9,-4.211990372373623
0.314406172498101,0.0255057916349798,6.486378236556347,0.3008573808686822,-0.0051666396478596,3,1,0.1,6.260857660887459,0.9803224134051316,1,0.9217687529602802,0.27,0.3,1,10,1,1.624981989406683,0.8,0.9803224134051316,0.9803224134051316,1,0.9,-5.148906326284714
0.338570665605257,0.026841344413486,8.677565771323978,0.3756357916514097,-0.0062932825182581,3,1,0.1,4.550491293931036,0.8084699316276786,1,0.8690303034341065,0.27,0.3,1,10,1,1.7094322926747425,0.8,0.8084699316276786,0.8084699316276786,1,0.9,-4.603166317716099
0.4161583565428473,0.0319621901463949,23.897121252533424,0.4113816117685784,-0.0113537459808343,3,1,0.1,3.841482324350124,0.6906430063706087,1,0.9095108937613838,0.27,0.3,1,10,1,3.46876897410594,0.8,0.6906430063706087,0.6906430063706087,1,0.9,-3.9657912482126703
0.0822486535928317,0.004478156380986,8.800096051225088,0.4557958301888193,0.0061511262602356,3,1,0.1,4.908783438543696,0.9461708729209968,1,0.5666130032728403,0.27,0.3,1,10,1,0.4088819827861161,0.8,0.9461708729209968,0.9461708729209968,1,0.9,-5.731777766311794
0.073099941470528,0.005296135834752,9.327357687390377,0.5263285776417422,0.0102446248332967,3,1,0.1,9.51723857852432,0.8496428695439987,1,0.6406392373955702,0.27,0.3,1,10,1,0.3761444401574294,0.8,0.8496428695439987,0.8496428695439987,1,0.9,-3.577321160636715
0.3088766002138392,0.0184134176140483,11.921575991330489,0.4937519729613632,-0.0029996417147469,3,1,0.1,3.1672297259738773,0.6649697700520965,1,0.6330897660830707,0.27,0.3,1,10,1,1.3635830300611045,0.8,0.6649697700520965,0.6649697700520965,1,0.9,-4.345275702753931
0.4633329844109047,0.0230961176453811,31.62343689636793,0.9104383939269202,-0.0057299461684657,3,1,0.1,7.66673873974845,0.3786611980076297,1,0.5461559593048808,0.27,0.3,1,10,1,2.1645487729444457,0.8,0.3786611980076297,0.3786611980076297,1,0.9,-1.4266119293430854
0.3513441184322426,0.025473772221074,10.8304073509571,0.3636101212134756,-0.0070383789570258,3,1,0.1,5.153293986471757,0.7950304121857692,1,0.7706365080520214,0.27,0.3,1,10,1,2.0980789294890494,0.8,0.7950304121857692,0.7950304121857692,1,0.9,-4.140639178016754
0.3428057483287355,0.0292776912429515,7.899203582514258,0.3107554011772261,-0.0071396617298886,3,1,0.1,6.510184131626771,0.9246263604528114,1,0.9727721845346152,0.27,0.3,1,10,1,1.9668166466929309,0.8,0.9246263604528114,0.9246263604528114,1,0.9,-4.609749176639394
0.0105314870486886,0.0006822840181784,18.36017791669475,0.9041142505729002,0.0223913821629391,3,1,0.1,2.4807606852691784,0.5557234743485112,1,0.6013644104141407,0.27,0.3,1,10,1,0.1294238710283769,0.8,0.5557234743485112,0.5557234743485112,1,0.9,-3.8810035018930975
0.3575140938995318,0.0184096448089115,29.6333211073947,0.310507951613644,-0.0060860545174609,3,1,0.1,3.8113659577551897,0.8177586798980148,1,0.6677548965820747,0.27,0.3,1,10,1,4.310387788530877,0.8,0.8177586798980148,0.8177586798980148,1,0.9,-5.458658146100062
0.3385118731022724,0.0252413299095493,8.81633105820314,0.2750296470538941,-0.0063830593095927,3,1,0.1,4.760181030859502,0.9860738974611508,1,0.9087439140852326,0.27,0.3,1,10,1,2.301939387548896,0.8,0.9860738974611508,0.9860738974611508,1,0.9,-6.361986773122053
0.3635081968385014,0.0249675638956969,26.10287995427893,0.2754108241358037,-0.0076368638779409,3,1,0.1,4.740236933524433,0.9205880197236606,1,0.9434970763976028,0.27,0.3,1,10,1,4.56135078662822,0.8,0.9205880197236606,0.9205880197236606,1,0.9,-5.611460441281433
0.0852600797352865,0.0047220492463136,11.681939454911118,0.5584090427555851,0.0079323151557274,3,1,0.1,8.038495859682179,0.7806473772713238,1,0.5034071668860002,0.27,0.3,1,10,1,0.4186164910218216,0.8,0.7806473772713238,0.7806473772713238,1,0.9,-3.364562508687504
0.3608450700289274,0.024173518375881,18.9943259818912,0.290852965828725,-0.0073757478435335,3,1,0.1,4.167480311632017,0.889925875366675,1,0.8492803357469361,0.27,0.3,1,10,1,3.638250327365916,0.8,0.889925875366675,0.889925875366675,1,0.9,-5.912278538863273
0.6129722077788473,0.0290808382286371,29.51828493031724,1.2405502889364288,0.0045903030756804,3,1,0.1,2.2941903774213093,0.2499877162663473,1,0.8381723697129779,0.27,0.3,1,10,1,2.648385853175067,0.8,0.2499877162663473,0.2499877162663473,1,0.9,-1.1173928043543686
0.3953496523867814,0.0240521575664747,29.255697491376026,0.4383479010750232,-0.0088368562567581,3,1,0.1,21.15713156398029,0.6460905285043023,1,0.5975254817792264,0.27,0.3,1,10,1,3.454788935199856,0.8,0.6460905285043023,0.6460905285043023,1,0.9,-2.318865075988098
0.4124698509949971,0.0320999063874284,19.859099991333565,0.4282092233958416,-0.0111391133284852,3,1,0.1,4.594619455026828,0.6789379839893714,1,0.87081029068384,0.27,0.3,1,10,1,3.0146942721871266,0.8,0.6789379839893714,0.6789379839893714,1,0.9,-3.45405895987213
0.3197217312590766,0.0241648596726872,10.379573672284565,0.5284466536504894,-0.0031291718218309,3,1,0.1,3.120189875426594,0.6546296856662421,1,0.8327217839668533,0.27,0.3,1,10,1,1.280686930254795,0.8,0.6546296856662421,0.6546296856662421,1,0.9,-4.274800627286534
0.7102068675729091,0.0155475117676064,112.27759039898336,1.2931152301505964,0.0228249156685835,3,1,0.1,1.6621131083044431,0.173306432315625,1,0.5583281521606034,0.27,0.3,1,10,1,4.921701751342992,0.8,0.173306432315625,0.173306432315625,1,0.9,-0.7634244889117436
0.4945792919031362,0.0212012170516203,53.57385188686754,0.7942596793046747,-0.0079882391803349,3,1,0.1,1.8871605020071205,0.4074427669228905,1,0.6096780384344678,0.27,0.3,1,10,1,3.158394125482129,0.8,0.4074427669228905,0.4074427669228905,1,0.9,-2.7369359486028344
0.3471892516836712,0.0190623287591346,18.338918593737368,0.2961548847754827,-0.0058452893195407,3,1,0.1,4.270451274977454,0.8685876552616022,1,0.6720118802680463,0.27,0.3,1,10,1,3.3840437341743024,0.8,0.8685876552616022,0.8685876552616022,1,0.9,-5.510516826967317
0.3452433171939397,0.0166397823212276,18.25470825252958,0.335159517385503,-0.0052910387263403,3,1,0.1,5.094823511843604,0.7861022866572737,1,0.5454469319887056,0.27,0.3,1,10,1,2.959020449029281,0.8,0.7861022866572737,0.7861022866572737,1,0.9,-4.094411080272367
0.3435355445716288,0.0175543518042712,28.354654461276823,0.2737044397039351,-0.0054291274145114,3,1,0.1,11.327670600244955,0.9076472472247764,1,0.6563517675428273,0.27,0.3,1,10,1,4.599217131155383,0.8,0.9076472472247764,0.9076472472247764,1,0.9,-3.7212168450333074
0.3253406215590938,0.0225752183769156,9.199521562758996,0.3671255504942087,-0.0053453834701223,3,1,0.1,6.379408675686239,0.8114896594896195,1,0.7049385614378093,0.27,0.3,1,10,1,1.7295218636486025,0.8,0.8114896594896195,0.8114896594896195,1,0.9,-3.846709555322337
0.4382822707505962,0.0252067320663837,49.24036088340702,0.5197767070880498,-0.010181599569364,3,1,0.1,3.5600002827839594,0.5623102464913305,1,0.6633718899060158,0.27,0.3,1,10,1,4.192179064021913,0.8,0.5623102464913305,0.5623102464913305,1,0.9,-2.968379832935172
0.3203839341521979,0.0099844649549818,24.47434924566977,0.2455423929274706,-0.0029122288867734,3,1,0.1,4.239775369582223,0.975652144143952,1,0.5141026557750801,0.27,0.3,1,10,1,4.352359898982555,0.8,0.975652144143952,0.975652144143952,1,0.9,-7.023283049977897
0.6061444729626679,0.0355276306091534,71.09431114901139,0.8949825062694927,-0.0139732317371695,3,1,0.1,2.1545817395682216,0.3573750811488163,1,0.9610641201319124,0.27,0.3,1,10,1,4.72485227806703,0.8,0.3573750811488163,0.3573750811488163,1,0.9,-1.9433886200057435
0.3641913799390721,0.0268702125165989,12.678654738518894,0.4835540631233674,-0.0072283338543663,3,1,0.1,8.81608902044363,0.6540622271426967,1,0.7088071690896516,0.27,0.3,1,10,1,1.8309709757698391,0.8,0.6540622271426967,0.6540622271426967,1,0.9,-2.636632489353349
0.431731764757256,0.0220976454389693,27.87259742083809,0.6983032228648639,-0.0070669564238482,3,1,0.1,2.492009888972959,0.4705446164114041,1,0.6192854961869758,0.27,0.3,1,10,1,2.228819967854976,0.8,0.4705446164114041,0.4705446164114041,1,0.9,-2.803780240471008
0.254729296279204,0.0183197829585187,8.022901630402778,0.4341681265886655,-0.0005418554761763,3,1,0.1,3.851535593680599,0.7997635754956516,1,0.7567677301733811,0.27,0.3,1,10,1,1.0335947065949287,0.8,0.7997635754956516,0.7997635754956516,1,0.9,-5.171562307886343
0.4026262233208433,0.0273285166248041,38.85181743085896,0.3809472425773706,-0.0099552476558556,3,1,0.1,4.654948805649699,0.7113820836983623,1,0.8079442437554986,0.27,0.3,1,10,1,4.655083204620357,0.8,0.7113820836983623,0.7113820836983623,1,0.9,-3.685457822214426
0.3635753692588395,0.0239270503667586,29.097382261382336,0.2776635854488445,-0.0074196531030406,3,1,0.1,4.125517420911723,0.9088074992534966,1,0.9332354954126878,0.27,0.3,1,10,1,4.792421252082645,0.8,0.9088074992534966,0.9088074992534966,1,0.9,-6.233356024312755
0.5551038721795625,0.0317262257632275,37.71005433482858,0.9073934622627332,-0.0106757705170809,3,1,0.1,2.483973327526084,0.3651902722650259,1,0.8209226202366736,0.27,0.3,1,10,1,3.0470047050835483,0.8,0.3651902722650259,0.3651902722650259,1,0.9,-1.852939588792994
0.1355681602817107,0.0125861039988835,6.272758861572902,0.4214454723784397,0.0070169957134981,3,1,0.1,9.0044773711628,0.9830851696613498,1,0.9562619049506677,0.27,0.3,1,10,1,0.5590072045706871,0.8,0.9830851696613498,0.9830851696613498,1,0.9,-4.397099299210425
0.0677023102782555,0.0047473526640309,9.164661416384208,0.5124016175958754,0.0098268398509024,3,1,0.1,8.153412413205936,0.8757032274257311,1,0.6368068391911756,0.27,0.3,1,10,1,0.35921954713121,0.8,0.8757032274257311,0.8757032274257311,1,0.9,-3.895170215039172
0.44350781365036,0.0282379206014634,27.47904337035486,0.5591094296767798,-0.0105347183034549,3,1,0.1,2.664778714008493,0.5500716127732577,1,0.7703243893596183,0.27,0.3,1,10,1,2.9218750503031683,0.8,0.5500716127732577,0.5500716127732577,1,0.9,-3.5373492840196192
0.1436295957312363,0.009356102966472,8.979958124617196,0.4800677655985697,0.005159773045041,3,1,0.1,19.860814206527223,0.8332933031440234,1,0.5744972072232474,0.27,0.3,1,10,1,0.6065759955466915,0.8,0.8332933031440234,0.8332933031440234,1,0.9,-3.079083060847408
0.0161754240566239,0.0009041819241106,25.569007344220665,1.1842085344851183,0.0274924351279628,3,1,0.1,2.268709181132401,0.4275592177879399,1,0.5370183175907824,0.27,0.3,1,10,1,0.1616319346157489,0.8,0.4275592177879399,0.4275592177879399,1,0.9,-2.543806281133961
0.0010242706456787,0.0001094022834829,11.974596504231018,1.352268174213881,0.0659324222941735,3,1,0.1,97.64694124983292,0.4068840780120461,1,0.8608210862154188,0.27,0.3,1,10,1,0.0379336752308719,0.8,0.4068840780120461,0.4068840780120461,1,0.9,-1.3695964957288602
0.3391197755705935,0.0181675584505547,15.84450217383782,0.2823834551489035,-0.0053437187606437,3,1,0.1,4.479331802786416,0.9073225844001775,1,0.6602668490251546,0.27,0.3,1,10,1,3.1852699624557665,0.8,0.9073225844001775,0.9073225844001775,1,0.9,-5.73493658022384
0.3127627770442204,0.024685686895581,10.032839916232124,0.5499305364982303,-0.0021091954373984,3,1,0.1,2.8642112143450844,0.6479026264068719,1,0.9053357671522888,0.27,0.3,1,10,1,1.1919908441662226,0.8,0.6479026264068719,0.6479026264068719,1,0.9,-4.573787961419974
0.3288176717126091,0.0260203002185675,8.068546032943843,0.337597277430338,-0.0060942108484443,3,1,0.1,11.186220621173328,0.8743701921725919,1,0.7994151891829947,0.27,0.3,1,10,1,1.7786856328805831,0.8,0.8743701921725919,0.8743701921725919,1,0.9,-3.5647178134091755
0.346663986228116,0.0182734098806939,15.214014287089244,0.3723808348183115,-0.0055897057608845,3,1,0.1,4.367804351746167,0.7445087790331533,1,0.5719496476077074,0.27,0.3,1,10,1,2.400096027932681,0.8,0.7445087790331533,0.7445087790331533,1,0.9,-4.120539575462209
0.5750959433762836,0.0314232228112482,73.47830233743231,0.848564626578421,-0.0128185771811217,3,1,0.1,2.0394638342481293,0.3789268277381769,1,0.8459222454843787,0.27,0.3,1,10,1,4.546203540350731,0.8,0.3789268277381769,0.3789268277381769,1,0.9,-2.229743310773171
0.4532721750916734,0.0233537100413415,36.60753189534064,0.6522349298666527,-0.0088445651507868,3,1,0.1,2.401210981824071,0.4834121592570841,1,0.639499888420622,0.27,0.3,1,10,1,2.910634634505358,0.8,0.4834121592570841,0.4834121592570841,1,0.9,-3.0388775306955136
0.6299964994794715,0.014365981939328,32.116234276474295,1.662806618035621,0.0319739013634753,3,1,0.1,0.9615707700410192,0.1739521502551483,1,0.8247190822208423,0.27,0.3,1,10,1,2.0350985029194635,0.8,0.1739521502551483,0.1739521502551483,1,0.9,-1.003374692796612
0.5739747113424141,0.0320689702620893,61.25380929284764,0.8908873427231522,-0.0123410571435438,3,1,0.1,2.6941980703720656,0.3637699692346843,1,0.7911446783924228,0.27,0.3,1,10,1,4.112932285289014,0.8,0.3637699692346843,0.3637699692346843,1,0.9,-1.770289305945484
0.5823491271082202,0.0351500394146183,59.18327497504964,0.9514402153112808,-0.0125847361685089,3,1,0.1,14.147254425748244,0.3395510659771268,1,0.7163418560807847,0.27,0.3,1,10,1,4.222387697984229,0.8,0.3395510659771268,0.3395510659771268,1,0.9,-1.1989833055006027
0.1895482467311571,0.0184911550746699,5.806580607736618,0.3958169617617805,0.0035571967472645,3,1,0.1,34.625709370041804,0.969710353951798,1,0.961277887922478,0.27,0.3,1,10,1,0.7400756180835821,0.8,0.969710353951798,0.969710353951798,1,0.9,-3.458358317190732
0.0645287170388515,0.0037934036699422,10.89373137615098,0.5462522312129108,0.0090199347966314,3,1,0.1,6.443617704213248,0.8217905114011902,1,0.5434427212532987,0.27,0.3,1,10,1,0.3507388528967602,0.8,0.8217905114011902,0.8217905114011902,1,0.9,-3.899822710472749
0.1742613004077423,0.0116876432633169,13.858727705284188,0.7082117983683438,0.0083872719169567,3,1,0.1,4.15561078025311,0.5876242151051996,1,0.6152625670456646,0.27,0.3,1,10,1,0.6720134243243348,0.8,0.5876242151051996,0.5876242151051996,1,0.9,-2.9232637664835384
0.3768532665765911,0.0253289405413186,23.467240347649405,0.3422907310686923,-0.0084583905802883,3,1,0.1,5.878442937381687,0.7811911837069572,1,0.7574917981424745,0.27,0.3,1,10,1,3.70308046270502,0.8,0.7811911837069572,0.7811911837069572,1,0.9,-3.774300462155953
0.3609339155661106,0.025300202876899,17.080481043097155,0.2872899839739388,-0.0075683034565862,3,1,0.1,4.289588233574198,0.905447941051497,1,0.8869342439094032,0.27,0.3,1,10,1,3.46747166205648,0.8,0.905447941051497,0.905447941051497,1,0.9,-5.9473578527091
0.2475816447245221,0.0159071002351133,6.806179805034784,0.3559771157475808,-0.0011244278973268,3,1,0.1,5.819295417712613,0.9230825660390278,1,0.6690163049887337,0.27,0.3,1,10,1,1.0813113923559534,0.8,0.9230825660390278,0.9230825660390278,1,0.9,-4.884994131333995
0.3809033607661893,0.027314868523084,28.713990715536863,0.3125393738113507,-0.008950719800055,3,1,0.1,4.201659555833909,0.8336812744277337,1,0.9391893116385022,0.27,0.3,1,10,1,4.491364343454433,0.8,0.8336812744277337,0.8336812744277337,1,0.9,-5.174673299237456
0.5499340696380801,0.041472082935776,58.03811531771319,0.712515211485112,-0.0178714345053169,3,1,0.1,5.588749043365414,0.4509905361031019,1,0.9452292711797068,0.27,0.3,1,10,1,4.741704867496972,0.8,0.4509905361031019,0.4509905361031019,1,0.9,-1.8520206400738408
0.4740894340815,0.0284042536908639,51.74108158735423,0.6060766852227315,-0.0117789673988537,3,1,0.1,3.277188872386526,0.5066846146839428,1,0.7135695712050558,0.27,0.3,1,10,1,4.084834513054743,0.8,0.5066846146839428,0.5066846146839428,1,0.9,-2.6421015266283296
0.390222757408617,0.0213634225514189,16.58922341285795,1.3681045913211,0.0170633049255553,3,1,0.1,1.6272121850044998,0.2987475911439031,1,0.9448023909346056,0.27,0.3,1,10,1,1.111883857540259,0.8,0.2987475911439031,0.2987475911439031,1,0.9,-1.742134193168619
0.3284531259421305,0.0265124825503622,6.964104481255712,0.2868761288938341,-0.0059329063072948,3,1,0.1,4.651785336946688,0.9932800576656382,1,0.9933754576275176,0.27,0.3,1,10,1,1.8462794547554355,0.8,0.9932800576656382,0.9932800576656382,1,0.9,-6.598492668698216
0.2025915926737946,0.001718611043144,34.49467063508727,5.540032627299834,0.1092694174222985,3,1,0.1,0.6725600318980256,0.1065586288630969,1,0.8025894454929461,0.27,0.3,1,10,1,0.5001628022953873,0.8,0.1065586288630969,0.1065586288630969,1,0.9,-0.5635224300820809
0.0695579310825431,0.0061082173059403,8.395130846875018,0.5302904869599447,0.0128148534586073,3,1,0.1,18.199719242492307,0.8585981053615941,1,0.753912322212184,0.27,0.3,1,10,1,0.361147454103689,0.8,0.8585981053615941,0.8585981053615941,1,0.9,-3.216006460180087
0.4051602100577632,0.0247670313842971,18.28867647976583,0.992561418522901,0.0008728228663104,3,1,0.1,2.974712408820184,0.3807722466403944,1,0.7410151932365923,0.27,0.3,1,10,1,1.3979761904690025,0.8,0.3807722466403944,0.3807722466403944,1,0.9,-1.8097723588550487
0.3474338246060524,0.0135895216013419,36.56283325656198,0.3109121740239287,-0.0046015358485032,3,1,0.1,4.292065742899792,0.7982942641091908,1,0.533708719984124,0.27,0.3,1,10,1,4.652822273687618,0.8,0.7982942641091908,0.7982942641091908,1,0.9,-4.701244344226392
0.3821051110164026,0.0165622951470178,25.791642910062585,0.5777998946247527,-0.0052274628555855,3,1,0.1,2.5537486204455,0.5345942712482815,1,0.5116438740983835,0.27,0.3,1,10,1,2.136828300805395,0.8,0.5345942712482815,0.5345942712482815,1,0.9,-3.4835147677984715
0.4711683949072839,0.0342671840808119,19.345619830957187,0.6750066659349786,-0.0111665840628814,3,1,0.1,2.5907067275090623,0.4948124700146101,1,0.968313926600516,0.27,0.3,1,10,1,2.243823756618057,0.8,0.4948124700146101,0.4948124700146101,1,0.9,-2.975360245661681
0.2133160141938995,0.0163976764467816,11.388255528289646,0.6697275313908788,0.0066805929085137,3,1,0.1,3.1342549248712137,0.6080268843074773,1,0.7826541995497385,0.27,0.3,1,10,1,0.7727900173245705,0.8,0.6080268843074773,0.6080268843074773,1,0.9,-3.702871657148932
0.3209089097125408,0.0165228701328813,20.27869330257834,1.3084897052072717,0.015381553241029,3,1,0.1,2.2850610750371625,0.3164814296502628,1,0.6679284414118751,0.27,0.3,1,10,1,0.9875363958577104,0.8,0.3164814296502628,0.3164814296502628,1,0.9,-1.5586390269526635
0.2775429871119435,0.0180381993299854,16.693486019419677,1.269906382143463,0.0197832149034443,3,1,0.1,10.014836378861077,0.3361135394240374,1,0.6442442747572785,0.27,0.3,1,10,1,0.8770797700023446,0.8,0.3361135394240374,0.3361135394240374,1,0.9,-1.2155701370512233
0.3257936025152599,0.0129800562092438,20.06943833189927,0.256198582482195,-0.0037843347118272,3,1,0.1,6.041390989450302,0.9573351947173636,1,0.5510101911266779,0.27,0.3,1,10,1,3.828789441037616,0.8,0.9573351947173636,0.9573351947173636,1,0.9,-5.063226834372812
0.3505068198770269,0.0234229607013359,19.635721406731303,0.2512875454696798,-0.0066649644992907,3,1,0.1,4.822955153757329,0.9990198503208472,1,0.9332748396059196,0.27,0.3,1,10,1,4.0754595030896725,0.8,0.9990198503208472,0.9990198503208472,1,0.9,-6.445163463368226
0.3136789570595775,0.0260178737388511,9.400322628930692,0.5240186723243493,-0.002754786216595,3,1,0.1,3.805335737999064,0.6716373825941649,1,0.8975135954730934,0.27,0.3,1,10,1,1.2207091240879884,0.8,0.6716373825941649,0.6716373825941649,1,0.9,-3.806371885216112
0.4203410738090412,0.028830329648694,25.6371146712884,0.4573433343974248,-0.0105381318167141,3,1,0.1,3.09891825897943,0.6349079486566733,1,0.8096715593547588,0.27,0.3,1,10,1,3.2538926908422083,0.8,0.6349079486566733,0.6349079486566733,1,0.9,-4.05475266889677
0.3510209907748933,0.0197164000059501,26.858616959597125,0.2735617500803081,-0.0060627893307798,3,1,0.1,4.06152713309393,0.9127339162250492,1,0.7832335257479524,0.27,0.3,1,10,1,4.515455113523331,0.8,0.9127339162250492,0.9127339162250492,1,0.9,-6.396565259169246
0.4003626435052096,0.035590341199091,13.33816289865238,0.4001199846896128,-0.011169965626155,3,1,0.1,6.182206489252352,0.7361929407319996,1,0.9960799701078644,0.27,0.3,1,10,1,2.519002990853576,0.8,0.7361929407319996,0.7361929407319996,1,0.9,-3.3981971208214663
0.1218234812888161,0.0087377007598699,17.44412378682982,1.204000361528332,0.0293609723802345,3,1,0.1,4.961446902118714,0.3965826090257628,1,0.6448647753081928,0.27,0.3,1,10,1,0.4857934629263347,0.8,0.3965826090257628,0.3965826090257628,1,0.9,-1.625025527997188
0.3347926597895654,0.013802337916054,27.41309642802639,0.2759738306874202,-0.00430226672488,3,1,0.1,13.948228249245146,0.8916404134591969,1,0.5361741865933503,0.27,0.3,1,10,1,4.366401418774707,0.8,0.8916404134591969,0.8916404134591969,1,0.9,-3.493170095866033
0.3962097744469348,0.0255651814969948,41.64206245410615,0.3723928607617828,-0.0092893457737213,3,1,0.1,4.779329891565155,0.7189761472209355,1,0.77397968396702,0.27,0.3,1,10,1,4.843506398272171,0.8,0.7189761472209355,0.7189761472209355,1,0.9,-3.692817136932417
0.4769101518355963,0.0130815745482369,46.89026275219385,1.1918818920457206,0.0017695523926777,3,1,0.1,1.35246798873236,0.2872971211343326,1,0.5141003241218862,0.27,0.3,1,10,1,1.845340327817412,0.8,0.2872971211343326,0.2872971211343326,1,0.9,-1.898820211923024
0.3821628344234673,0.0292188109563888,20.554629962402213,0.3421117180296705,-0.0095812709483109,3,1,0.1,11.312217460193896,0.7941509926980087,1,0.8209879899061316,0.27,0.3,1,10,1,3.5330117427800256,0.8,0.7941509926980087,0.7941509926980087,1,0.9,-3.165739939894526
0.1508885062374932,0.0130130196277091,12.634119057337534,1.0045592791295654,0.0248866296902675,3,1,0.1,2.708567091724801,0.4730165645320937,1,0.9457536344729488,0.27,0.3,1,10,1,0.5419288927348946,0.8,0.4730165645320937,0.4730165645320937,1,0.9,-2.661074660557362
0.2545061446940016,0.0164391743491177,7.348297304619268,0.3710537296397776,-0.0014851738256515,3,1,0.1,26.31892566371526,0.8796808007482813,1,0.6043009918720275,0.27,0.3,1,10,1,1.131974076675251,0.8,0.8796808007482813,0.8796808007482813,1,0.9,-3.18029780376568
0.3478102424399178,0.0152283587136119,34.74353991865177,0.3091523789199351,-0.0051028059198704,3,1,0.1,52.84813789363672,0.8100080317157898,1,0.5244977262164392,0.27,0.3,1,10,1,4.618882500161043,0.8,0.8100080317157898,0.8100080317157898,1,0.9,-2.8001698170066307
0.280858861614833,0.0125002308662667,7.904752521690124,0.31206386659323,-0.0024150141360931,3,1,0.1,5.137570506925709,0.922962454525846,1,0.5092465744590242,0.27,0.3,1,10,1,1.5184038754899976,0.8,0.922962454525846,0.922962454525846,1,0.9,-5.296914966191111
0.6179198856870101,0.0364835867998193,43.346100769383405,1.049943439947003,-0.0089220528334569,3,1,0.1,3.911664181945389,0.3003495809986504,1,0.8662050274305777,0.27,0.3,1,10,1,3.678388178004701,0.8,0.3003495809986504,0.3003495809986504,1,0.9,-1.2196845585986529
0.3557029432576659,0.0280024765836133,12.790563618449957,0.274661158751072,-0.0078333882595762,3,1,0.1,8.38855848574063,0.9608728467410548,1,0.9278730830374322,0.27,0.3,1,10,1,3.042641741846493,0.8,0.9608728467410548,0.9608728467410548,1,0.9,-4.371219082748284
0.3390544956413308,0.0218250711508933,11.566227528583807,0.2900746766926097,-0.0060556189703835,3,1,0.1,6.327209805756792,0.918303926968492,1,0.7232601290980102,0.27,0.3,1,10,1,2.607252327014523,0.8,0.918303926968492,0.918303926968492,1,0.9,-4.628430890820337
0.4895503590675374,0.0390221585900607,20.578808424189454,0.6790033533124916,-0.0137391766104793,3,1,0.1,4.62653503190964,0.4900697855332505,1,0.9635167264093194,0.27,0.3,1,10,1,2.5144244255218338,0.8,0.4900697855332505,0.4900697855332505,1,0.9,-2.169872457449485
0.3949163518702518,0.0278975451623216,18.232990640246417,0.4240097479901035,-0.009383970507952,3,1,0.1,3.9992003108666574,0.6829126727667798,1,0.7786834437472498,0.27,0.3,1,10,1,2.745115404499155,0.8,0.6829126727667798,0.6829126727667798,1,0.9,-3.784154447380865
0.2145210878942528,0.019083708975596,7.521520162627663,0.4861822914615996,0.0035494205536499,3,1,0.1,4.626111741043038,0.7936079691889275,1,0.9316888445703118,0.27,0.3,1,10,1,0.8037223203587347,0.8,0.7936079691889275,0.7936079691889275,1,0.9,-4.411010577326196
0.3262563597194612,0.012761762365629,20.578983000138635,0.2560763372551841,-0.0037322858841388,3,1,0.1,4.693643714507154,0.955531251856192,1,0.5604695948542434,0.27,0.3,1,10,1,3.880471045817076,0.8,0.955531251856192,0.955531251856192,1,0.9,-6.067091992789248
0.3707309602757391,0.0299698671685055,11.709729129963115,0.3797907225457119,-0.0087669085168802,3,1,0.1,7.298625451050729,0.769043677064086,1,0.8410931020611272,0.27,0.3,1,10,1,2.2601571102510776,0.8,0.769043677064086,0.769043677064086,1,0.9,-3.3992052998286324
0.2414768979246151,0.0116360450686361,7.513305425624049,0.3526139468610108,-0.0008584561051378,3,1,0.1,4.053917302447597,0.9104830146195928,1,0.5449968188616022,0.27,0.3,1,10,1,1.0899112951694565,0.8,0.9104830146195928,0.9104830146195928,1,0.9,-6.376617827177049
0.4201572723860449,0.0188773214557297,41.252804806891575,0.5561663253904885,-0.0073414215097284,3,1,0.1,2.44047633745196,0.530805108928732,1,0.5510414794528742,0.27,0.3,1,10,1,3.238520130298287,0.8,0.530805108928732,0.530805108928732,1,0.9,-3.5926000698774407
0.3461190913192893,0.0189372281780148,16.272169323966853,0.3219078892479541,-0.0058373357480261,3,1,0.1,5.833345579384246,0.8217591624028728,1,0.6072407360831337,0.27,0.3,1,10,1,2.9207971981569862,0.8,0.8217591624028728,0.8217591624028728,1,0.9,-4.080454859206094
0.4533925626619335,0.0242793687263646,25.85095571072334,0.9132243957310664,-0.0048843284632054,3,1,0.1,3.812899129402426,0.3852181060223699,1,0.6243973235579137,0.27,0.3,1,10,1,1.917561270971196,0.8,0.3852181060223699,0.3852181060223699,1,0.9,-1.6801293872549614
0.6905915046114449,0.0017526863327198,37.229388968570895,3.836693089751201,0.1597474483998959,3,1,0.1,0.579771575540756,0.068504474772855,1,0.9188635204634752,0.27,0.3,1,10,1,1.4630656100863373,0.8,0.068504474772855,0.068504474772855,1,0.9,-0.3152680625048489
0.4613764243686749,0.0330172181733434,45.24122256431054,0.5028704689602543,-0.0132371083575442,3,1,0.1,3.2218178243120814,0.5854343780290218,1,0.8952902813668151,0.27,0.3,1,10,1,4.451846321050412,0.8,0.5854343780290218,0.5854343780290218,1,0.9,-3.3878625005894216
0.3620189550924654,0.0313766911612165,9.42105922871201,0.42868463494928,-0.0076574718852221,3,1,0.1,4.545936466764845,0.7355573709092175,1,0.9717298195793465,0.27,0.3,1,10,1,1.7173352999574554,0.8,0.7355573709092175,0.7355573709092175,1,0.9,-3.939019191922248
0.1052390008903064,0.0075265080761883,10.062719367884007,0.5617036259499435,0.0095120613429186,3,1,0.1,4.571893498141843,0.7737608614100481,1,0.668492354483099,0.27,0.3,1,10,1,0.4714891643064012,0.8,0.7737608614100481,0.7737608614100481,1,0.9,-4.262442659251845
0.3497552804838744,0.0237651514761338,16.320676087518912,0.2564342717425991,-0.006700219551051,3,1,0.1,4.663414511450008,0.9908266803300392,1,0.9102761621696458,0.27,0.3,1,10,1,3.611774365806724,0.8,0.9908266803300392,0.9908266803300392,1,0.9,-6.549952276547747
0.3899537501851672,0.0250349031039499,18.860513342931657,0.8149933886345331,-0.0037970520808128,3,1,0.1,32.48956922940955,0.4433591281241653,1,0.6051596723349428,0.27,0.3,1,10,1,1.5628521149689325,0.8,0.4433591281241653,0.4433591281241653,1,0.9,-1.5264682355794277
0.3143824028715571,0.0238644926988654,10.539926016742854,0.5335815726718146,-0.0029841952817119,3,1,0.1,4.5744717183586365,0.6500622535844252,1,0.7635232633889919,0.27,0.3,1,10,1,1.2725106107161177,0.8,0.6500622535844252,0.6500622535844252,1,0.9,-3.241794482480693
0.2302103648457121,0.0125622061323692,7.871888923878738,0.3870001885298333,-0.0001731333127992,3,1,0.1,4.590651469057827,0.8712895639723266,1,0.5775873395874008,0.27,0.3,1,10,1,0.9880893268757942,0.8,0.8712895639723266,0.8712895639723266,1,0.9,-5.212856159537036
0.3932316128051312,0.0302671274793139,29.632966277286155,0.3483965657626378,-0.0103861579561303,3,1,0.1,13.723458386129286,0.7740854377829234,1,0.8557066503875299,0.27,0.3,1,10,1,4.351201393908544,0.8,0.7740854377829234,0.7740854377829234,1,0.9,-2.9713569943165004
0.4033714175231365,0.0335610193958579,12.781839598134766,0.4620364194885524,-0.0101126737078354,3,1,0.1,3.4357729219475326,0.6696526543897181,1,0.9999370828845866,0.27,0.3,1,10,1,2.128939974827376,0.8,0.6696526543897181,0.6696526543897181,1,0.9,-4.094086714311086
0.4670139173534069,0.0357075907424881,34.60308378807219,0.5608639427182618,-0.01420099055427,3,1,0.1,13.10755231965271,0.551041025287856,1,0.7949366832667301,0.27,0.3,1,10,1,3.697888991646346,0.8,0.551041025287856,0.551041025287856,1,0.9,-2.036577967082996
0.4345914495032816,0.0331099265881092,16.94682875463794,0.6337965247702689,-0.0101557077141425,3,1,0.1,4.951276123281676,0.5272858766738123,1,0.8312111499997844,0.27,0.3,1,10,1,2.0690922134976413,0.8,0.5272858766738123,0.5272858766738123,1,0.9,-2.338778444559912
0.3381965679437968,0.0168201060405962,22.453295957971697,0.2591210190033623,-0.0049667900692462,3,1,0.1,4.28049410106813,0.9536224494521574,1,0.6997056755157375,0.27,0.3,1,10,1,4.1586590584942185,0.8,0.9536224494521574,0.9536224494521574,1,0.9,-6.62000067395014
0.3414153089579562,0.0268502991178219,8.510891260539095,0.2827974566894671,-0.0067472250770069,3,1,0.1,5.05278642655188,0.9728199809115956,1,0.9486283414983216,0.27,0.3,1,10,1,2.2183155157555,0.8,0.9728199809115956,0.9728199809115956,1,0.9,-5.887741854914241
0.1697834792866958,0.0087474298658704,22.3444790940299,0.9422962091634388,0.0112126405677865,3,1,0.1,2.471269630752448,0.4580263766404066,1,0.5323277414091615,0.27,0.3,1,10,1,0.6466913033118602,0.8,0.4580263766404066,0.4580263766404066,1,0.9,-2.690132497267556
0.3142028676951703,0.0189713632418238,9.20524798825346,0.3331720081908815,-0.004592554845847,3,1,0.1,19.26998659053924,0.858870342593189,1,0.5910230022941179,0.27,0.3,1,10,1,1.8313672278171345,0.8,0.858870342593189,0.858870342593189,1,0.9,-3.1951933204996994
0.3179672913457096,0.0140740631468766,13.09697862155881,0.255744917882045,-0.0038397368322102,3,1,0.1,31.178942690412008,0.98632823853078,1,0.5239889315966698,0.27,0.3,1,10,1,2.95915509431464,0.8,0.98632823853078,0.98632823853078,1,0.9,-3.549783375892994
0.4167542029046495,0.0345885803198395,16.797818449335132,0.4306412375004333,-0.0116350975112656,3,1,0.1,3.9997888056677215,0.6852327407762641,1,0.9802691292053648,0.27,0.3,1,10,1,2.759261982172222,0.8,0.6852327407762641,0.6852327407762641,1,0.9,-3.8052009364178296
0.4123608283085271,0.0304813720499536,41.111968705975386,0.3724763079604588,-0.0110349932977199,3,1,0.1,3.721361434364947,0.7264828710984133,1,0.9639503927025296,0.27,0.3,1,10,1,4.989521687547136,0.8,0.7264828710984133,0.7264828710984133,1,0.9,-4.447502704323166
0.516120051170146,0.0298483603453785,58.93437928683196,0.7616131143089152,-0.0123908175124858,3,1,0.1,5.297058251642846,0.4247780037074546,1,0.6655282736846264,0.27,0.3,1,10,1,4.02928523460189,0.8,0.4247780037074546,0.4247780037074546,1,0.9,-1.7418494201753152
0.5989078278171556,0.0245720115089579,52.553965228596496,1.0843762331583464,-0.0044609036092363,3,1,0.1,1.5435913910308665,0.2908563155342383,1,0.7651938777932075,0.27,0.3,1,10,1,3.2703050742708584,0.8,0.2908563155342383,0.2908563155342383,1,0.9,-1.7302557860530072
0.709354147549893,0.0044427030783682,37.40077739393875,2.46903231673202,0.1055272724610935,3,1,0.1,0.680479625126919,0.0937654588142182,1,0.7946220667101649,0.27,0.3,1,10,1,1.7753382807307023,0.8,0.0937654588142182,0.0937654588142182,1,0.9,-0.4606625876515551
0.0003492023432328,2.399736288784012e-05,12.21185807311666,0.6384167160256297,0.015801856118322,3,1,0.1,7.098600931137773,0.7733764561982304,1,0.5832291126603444,0.27,0.3,1,10,1,0.0234312389758624,0.8,0.7733764561982304,0.7733764561982304,1,0.9,-3.456638268997932
0.6267470889290286,0.0324885355169895,81.42520346149671,0.9749627977925815,-0.0111428848921041,3,1,0.1,1.8162721347915944,0.3216048818672631,1,0.9324058930698732,0.27,0.3,1,10,1,4.887501104743496,0.8,0.3216048818672631,0.3216048818672631,1,0.9,-1.8267614187681216
0.4618122403638683,0.0226963700635591,28.74911238644512,0.8344204852574694,-0.0060429034211411,3,1,0.1,1.8278468632279576,0.4104665311498358,1,0.6921934050339159,0.27,0.3,1,10,1,2.080937050957909,0.8,0.4104665311498358,0.4104665311498358,1,0.9,-2.8742948475473566
0.5007178424070089,0.0228032853500284,59.49413583362946,0.8012490275177249,-0.0089104101281889,3,1,0.1,2.868374525523506,0.4041685513903524,1,0.5780597294332966,0.27,0.3,1,10,1,3.482949523462102,0.8,0.4041685513903524,0.4041685513903524,1,0.9,-2.0071296287846607
0.3980329423593085,0.0323834415826334,16.03387058062022,0.3785232140170572,-0.0105130434416629,3,1,0.1,3.958738498594686,0.7499377110025051,1,0.9695657067863914,0.27,0.3,1,10,1,2.879313806035157,0.8,0.7499377110025051,0.7499377110025051,1,0.9,-4.480101722092975
0.3842183619014048,0.0245913332449312,18.16205810117405,0.5122353395398344,-0.0078499763562045,3,1,0.1,14.97017996273676,0.6028996085531728,1,0.6027911964498708,0.27,0.3,1,10,1,2.2152178133427256,0.8,0.6028996085531728,0.6028996085531728,1,0.9,-2.218103175727654
0.3319099897675312,0.0181489865925122,16.59418237798578,0.6262275385821009,-0.0026206945841097,3,1,0.1,2.548335022533784,0.5495762774705004,1,0.610170462133578,0.27,0.3,1,10,1,1.3846073302591757,0.8,0.5495762774705004,0.5495762774705004,1,0.9,-3.687506906251956
0.2832037934991636,0.0143951405714722,9.679573680130558,0.388665197409201,-0.002511276248115,3,1,0.1,10.28306574708874,0.7898555931171211,1,0.5017891062067755,0.27,0.3,1,10,1,1.388094675567217,0.8,0.7898555931171211,0.7898555931171211,1,0.9,-3.207768658944982
0.3360509958431206,0.0255755715260802,8.892229830437916,0.2748654548471432,-0.0064875986660648,3,1,0.1,11.0098445002594,0.9882845162135526,1,0.8391839414766589,0.27,0.3,1,10,1,2.329163432927009,0.8,0.9882845162135526,0.9882845162135526,1,0.9,-4.1670686826902505
0.3101299377426141,0.0169522541749628,19.54311601147844,0.8571510810283235,0.0024702628588445,3,1,0.1,2.4545034883519463,0.449107127475439,1,0.6176283626326537,0.27,0.3,1,10,1,1.1093661886160302,0.8,0.449107127475439,0.449107127475439,1,0.9,-2.612316485813337
0.2361550502833118,0.0185770341858533,13.39632624153422,1.2496978910308654,0.0267874489430004,3,1,0.1,6.357389082599046,0.3621673166352168,1,0.8011407078734016,0.27,0.3,1,10,1,0.7410805053599213,0.8,0.3621673166352168,0.3621673166352168,1,0.9,-1.3922955175692042
0.3434294895484804,0.0217464356740075,18.06064431867808,0.2590794772269148,-0.0062351263618398,3,1,0.1,13.977484543356828,0.9767730002049736,1,0.7643249480472363,0.27,0.3,1,10,1,3.776221416613712,0.8,0.9767730002049736,0.9767730002049736,1,0.9,-3.8902444590830383
0.4003240584429468,0.0243964627249561,36.40592424451102,0.4078887130193472,-0.009055602591936,3,1,0.1,4.142408212042437,0.6727630875580742,1,0.6999436084754959,0.27,0.3,1,10,1,4.159327693095519,0.8,0.6727630875580742,0.6727630875580742,1,0.9,-3.610911606556837
0.1010908230418075,0.0071087462959604,12.869608502195131,0.6755607322765155,0.0121785480734895,3,1,0.1,6.798764567862881,0.6566511995778903,1,0.5933139106915549,0.27,0.3,1,10,1,0.4592409066603395,0.8,0.6566511995778903,0.6566511995778903,1,0.9,-2.8256276592721736
0.140411490909447,0.0079529491187438,8.275901302508721,0.4356863282780225,0.0040374921680469,3,1,0.1,4.062863192679896,0.9081644118649732,1,0.6009967504720422,0.27,0.3,1,10,1,0.597322238732362,0.8,0.9081644118649732,0.9081644118649732,1,0.9,-6.3273369658181
0.617931521286598,0.0186430620371137,104.3340922656615,1.1089745735502088,-0.0027662514886949,3,1,0.1,1.194090556179929,0.2709348249781146,1,0.6690461841790935,0.27,0.3,1,10,1,4.25820512738854,0.8,0.2709348249781146,0.2709348249781146,1,0.9,-1.9191751946269344
0.6899062776246372,0.0320509891701046,26.14825794411973,1.4084496650470937,0.0346154606121481,3,1,0.1,3.9055139890228734,0.1908298441205987,1,0.924006606810835,0.27,0.3,1,10,1,3.054424613677482,0.8,0.1908298441205987,0.1908298441205987,1,0.9,-0.7179537529342177
0.1748954008717136,0.0125693485296944,10.11847256458026,0.5525130147374606,0.005543515156212,3,1,0.1,8.200457288888556,0.7208765483757464,1,0.6337195294772164,0.27,0.3,1,10,1,0.6941578556889163,0.8,0.7208765483757464,0.7208765483757464,1,0.9,-3.0229844002095616
0.3927762707704625,0.0215147576497917,34.92046380758468,0.4256295255843438,-0.0080318297082587,3,1,0.1,5.714417916322945,0.6489009427192033,1,0.591494790574739,0.27,0.3,1,10,1,3.8067298423250655,0.8,0.6489009427192033,0.6489009427192033,1,0.9,-2.942708297140001
0.3547430781056193,0.0241383912654346,20.764615278157265,0.2664284560357726,-0.0071161037772929,3,1,0.1,6.529253108381511,0.9527748783508896,1,0.8770971026375953,0.27,0.3,1,10,1,4.074012903234835,0.8,0.9527748783508896,0.9527748783508896,1,0.9,-4.815565048417585
0.3425897574211483,0.0193842961813515,21.38532032822385,0.2716742465687999,-0.005811207274396,3,1,0.1,25.800880911556337,0.9277533913076066,1,0.6675128478340884,0.27,0.3,1,10,1,3.980266323307473,0.8,0.9277533913076066,0.9277533913076066,1,0.9,-3.3757446551808075
0.2110767451670242,0.0101810813705257,13.243201258497484,0.5527071881303499,0.002102473293967,3,1,0.1,3.3170610234631184,0.6675452267213721,1,0.5007753663254451,0.27,0.3,1,10,1,0.8498544054850761,0.8,0.6675452267213721,0.6675452267213721,1,0.9,-4.195025601093314
0.0073185401504558,0.0005240637207104,9.60044769318136,0.5427024303143793,0.0134384384981053,3,1,0.1,4.758009676645782,0.9007807684077308,1,0.6882623549237106,0.27,0.3,1,10,1,0.1073772037020624,0.8,0.9007807684077308,0.9007807684077308,1,0.9,-5.3785397221967175
0.3356720051612429,0.0186677032465588,12.144975550185707,0.3182037028667323,-0.0052962708492015,3,1,0.1,3.933610979459002,0.8487314705813067,1,0.6396902050815474,0.27,0.3,1,10,1,2.4001744840326507,0.8,0.8487314705813067,0.8487314705813067,1,0.9,-5.697513912280523
0.4594964986665689,0.0160378803697864,46.88615056475396,0.8626296170293114,-0.0046123208233224,3,1,0.1,1.7441589822742498,0.3856193486361836,1,0.5154021968124236,0.27,0.3,1,10,1,2.3523762855361405,0.8,0.3856193486361836,0.3856193486361836,1,0.9,-2.6551278283166218
0.4735426470657619,0.0222001209674677,44.21820669258532,0.760656542272152,-0.008230638423158,3,1,0.1,2.8731391849759724,0.4274091588254043,1,0.5758266095331437,0.27,0.3,1,10,1,2.920636664026943,0.8,0.4274091588254043,0.4274091588254043,1,0.9,-2.182131213224868
0.617356108321458,0.0241905981681632,60.67066508831242,1.1100574766972493,-0.0034820345701252,3,1,0.1,1.4698055256272222,0.2772058770524012,1,0.7731861186639247,0.27,0.3,1,10,1,3.585104812529784,0.8,0.2772058770524012,0.2772058770524012,1,0.9,-1.6502340348839848
0.3543283470537408,0.0160823942130724,24.8947131028714,0.3454267186907481,-0.0054376090772065,3,1,0.1,4.146900124008269,0.7529194324895659,1,0.5393384306738718,0.27,0.3,1,10,1,3.478567359909575,0.8,0.7529194324895659,0.7529194324895659,1,0.9,-4.354486163835197
0.3914775967979205,0.0267858753526911,37.004587389729615,0.3410717381129872,-0.009308593377738,3,1,0.1,3.696663488771368,0.772108677807574,1,0.8959224201627214,0.27,0.3,1,10,1,4.86062159163207,0.8,0.772108677807574,0.772108677807574,1,0.9,-5.020423269335999
0.1886459168172934,0.0173241157307999,11.809492110558924,1.0051981623953474,0.0229120472468832,3,1,0.1,6.336819181476733,0.4564379023484182,1,0.8782364766569468,0.27,0.3,1,10,1,0.6408324183837861,0.8,0.4564379023484182,0.4564379023484182,1,0.9,-1.828828784679356
0.3905697916914805,0.0302598700466234,20.32826959721065,0.3608716389731652,-0.0100941747386948,3,1,0.1,7.083685679456428,0.7646590259471798,1,0.8494212233436889,0.27,0.3,1,10,1,3.4044945924958303,0.8,0.7646590259471798,0.7646590259471798,1,0.9,-3.407002748557149
0.3134875637499744,0.0176270795305469,12.60342932246312,0.4892009263367005,-0.0032373461006566,3,1,0.1,3.1268998408424378,0.6597812934679732,1,0.6015252321842183,0.27,0.3,1,10,1,1.4290479408403651,0.8,0.6597812934679732,0.6597812934679732,1,0.9,-4.332150733337564
0.4673651270121919,0.0284581421837604,49.9716247007748,0.573902651727765,-0.0117134259745188,3,1,0.1,2.8861581710131285,0.5270191838196324,1,0.7458446748713546,0.27,0.3,1,10,1,4.135254419279107,0.8,0.5270191838196324,0.5270191838196324,1,0.9,-3.0608906905004414
0.3369357401691317,0.0178953035446456,18.374782154557973,0.2593260243522766,-0.0051695255948951,3,1,0.1,5.374710228846231,0.9642804689287756,1,0.6950061763072765,0.27,0.3,1,10,1,3.7195067286500496,0.8,0.9642804689287756,0.9642804689287756,1,0.9,-5.528734314682744
0.3411340035464496,0.0143449407476823,33.26016926162465,0.2781531738744005,-0.004556186623478,3,1,0.1,4.035213308904001,0.8804287325882315,1,0.6175284038016688,0.27,0.3,1,10,1,4.854647934996655,0.8,0.8804287325882315,0.8804287325882315,1,0.9,-5.978350459600273
0.4225774589428416,0.0368277757632299,15.196709737688767,0.4818340556743885,-0.0121463093448123,3,1,0.1,7.096309433476844,0.6424544919322638,1,0.9413715451236374,0.27,0.3,1,10,1,2.440659395194466,0.8,0.6424544919322638,0.6424544919322638,1,0.9,-2.715057528278444
0.5368446080914021,0.0268784831081149,56.523141955260094,0.8269837897969654,-0.0105018857347507,3,1,0.1,1.969732783815938,0.39258005868463,1,0.7350852770041713,0.27,0.3,1,10,1,3.633482047151264,0.8,0.39258005868463,0.39258005868463,1,0.9,-2.446200787122802
0.3356661977955761,0.0161121938806659,24.71023858179939,0.2603253885955841,-0.0048074205099272,3,1,0.1,11.040567977053591,0.9468387430958716,1,0.6318547296345524,0.27,0.3,1,10,1,4.367421324087769,0.8,0.9468387430958716,0.9468387430958716,1,0.9,-3.9456871390383057
0.0202052175457548,0.0019016605735158,12.111741595299591,0.9095555373123752,0.0328794357339405,3,1,0.1,2.508548406530065,0.5742286077763319,1,0.986101369571311,0.27,0.3,1,10,1,0.1734094638822693,0.8,0.5742286077763319,0.5742286077763319,1,0.9,-4.108561850567294
0.3233759650150922,0.0190493859789698,10.158595852079436,0.3112641381965844,-0.0050248562435007,3,1,0.1,20.172958602662312,0.8830696243170556,1,0.5938428115527631,0.27,0.3,1,10,1,2.1531379932984747,0.8,0.8830696243170556,0.8830696243170556,1,0.9,-3.2784289946173963
0.46616220185322,0.0219234912112553,28.897315660897124,0.9470433292684652,-0.0039651573805104,3,1,0.1,1.961250412383183,0.3697750228676796,1,0.6622985579058405,0.27,0.3,1,10,1,1.9319233368141984,0.8,0.3697750228676796,0.3697750228676796,1,0.9,-2.2007576765568064
0.4119143366165132,0.0331487429686899,17.602255327417446,0.4087113616786849,-0.011160255983891,3,1,0.1,3.347695359196287,0.7061776692741294,1,0.9906970085002128,0.27,0.3,1,10,1,2.9101754956394283,0.8,0.7061776692741294,0.7061776692741294,1,0.9,-4.635570129765083
0.2714531159728525,0.0260859724937829,6.890094894604879,0.4384946958787276,-0.0012409185422145,3,1,0.1,18.23809819048457,0.8090509197310212,1,0.929356204019542,0.27,0.3,1,10,1,1.0607675873769542,0.8,0.8090509197310212,0.8090509197310212,1,0.9,-3.0082095626888483
0.4247797409677059,0.0363289547043183,31.90733772371439,0.3968315336190577,-0.0131633533058298,3,1,0.1,11.35329237156966,0.7091325212187752,1,0.964051957932552,0.27,0.3,1,10,1,4.357559804877772,0.8,0.7091325212187752,0.7091325212187752,1,0.9,-2.767047988223898
0.2959826201675416,0.0198075451475088,6.969460478689335,0.3100718382655859,-0.0038664451410314,3,1,0.1,9.987975213087129,0.9508605069918492,1,0.6885411688244073,0.27,0.3,1,10,1,1.5483698277546354,0.8,0.9508605069918492,0.9508605069918492,1,0.9,-4.074657229181923
0.0674462844989026,0.0043168432770205,17.84510875177685,0.8909435400632097,0.018754264584409,3,1,0.1,2.399409087880596,0.5349136269174616,1,0.6181032847792887,0.27,0.3,1,10,1,0.3500825200085575,0.8,0.5349136269174616,0.5349136269174616,1,0.9,-3.716094656678499
0.2694706303534,0.0198863894545283,7.335191999379085,0.389640062766702,-0.0020006075833369,3,1,0.1,7.211533746155111,0.8493045993437367,1,0.7298250211493718,0.27,0.3,1,10,1,1.1607982970899766,0.8,0.8493045993437367,0.8493045993437367,1,0.9,-3.903757840448802
0.336280324815928,0.019556498690583,15.070649520374074,0.261514605112952,-0.0055138656718931,3,1,0.1,8.361956223238924,0.9723673907384356,1,0.699129308239866,0.27,0.3,1,10,1,3.312066960789781,0.8,0.9723673907384356,0.9723673907384356,1,0.9,-4.448143483512505
0.8373408811585474,0.0016793128049127,466.62497369800826,1.05624074111448,0.0243804940024725,3,1,0.1,0.4506052630321221,0.0996162076386121,1,0.5024212926103901,0.27,0.3,1,10,1,4.945366388426587,0.8,0.0996162076386121,0.0996162076386121,1,0.9,-0.6858277656461063
0.3367976408216782,0.0192720893310105,13.70487248973254,0.281853079156014,-0.005510305538932,3,1,0.1,6.377397025260269,0.9208386764830992,1,0.6630893811638316,0.27,0.3,1,10,1,2.932315699768972,0.8,0.9208386764830992,0.9208386764830992,1,0.9,-4.629044260727826
0.3808371179797128,0.0242940039008111,18.600425294056524,0.4627333906167281,-0.0080494476037446,3,1,0.1,20.826464915986868,0.6417237983100352,1,0.6001938702070695,0.27,0.3,1,10,1,2.462720572296518,0.8,0.6417237983100352,0.6417237983100352,1,0.9,-2.3047859929723824
0.5321795944282249,0.0206313118596564,94.5509158602976,0.8816595175818992,-0.0080028201003871,3,1,0.1,2.2067485032616427,0.3639032349869336,1,0.5570091292712613,0.27,0.3,1,10,1,4.216072987871465,0.8,0.3639032349869336,0.3639032349869336,1,0.9,-1.9716624787193384
0.2032514891669378,0.0179863890695225,9.016460726971577,0.5786257060307727,0.0060769572401082,3,1,0.1,7.13051243232704,0.6947990558857715,1,0.8162626348425437,0.27,0.3,1,10,1,0.7554794402000742,0.8,0.6947990558857715,0.6947990558857715,1,0.9,-2.9975133835188084
0.3388986957793447,0.0182225556324257,23.51198822581448,0.2555439641298846,-0.0053424156747289,3,1,0.1,10.414528472141496,0.9690891873047512,1,0.7051845546062969,0.27,0.3,1,10,1,4.355348054530824,0.8,0.9690891873047512,0.9690891873047512,1,0.9,-4.126174563313816
0.3456222708692844,0.0174225760991677,17.99836401281358,0.5689893979487507,-0.0040544527413051,3,1,0.1,3.5192829648535087,0.568507242538086,1,0.5349689558119687,0.27,0.3,1,10,1,1.6422041757589068,0.8,0.568507242538086,0.568507242538086,1,0.9,-3.0414216476766454
0.4568775210764637,0.0301819442482009,14.86686668219225,1.2353002923842695,0.0091605459001921,3,1,0.1,4.9336964485872485,0.3046225830846562,1,0.8542223326444065,0.27,0.3,1,10,1,1.436376513169895,0.8,0.3046225830846562,0.3046225830846562,1,0.9,-1.1863187599336982
0.6610478457135498,0.0091317299333548,51.28591301099479,1.6528188077867727,0.0313008764035514,3,1,0.1,0.8036150565341583,0.1530802597854397,1,0.660847563238048,0.27,0.3,1,10,1,2.250279485487373,0.8,0.1530802597854397,0.1530802597854397,1,0.9,-0.9185330462018904
0.5931141498750727,0.027762755724801,44.27247009145878,1.0405717393986194,-0.0065087779695522,3,1,0.1,1.659768868993597,0.3091659351292596,1,0.8399519124994372,0.27,0.3,1,10,1,3.136736612194943,0.8,0.3091659351292596,0.3091659351292596,1,0.9,-1.8227977008215368
0.3919179552876006,0.0203449670115425,29.06315922439754,0.4444696682443408,-0.0074414219673017,3,1,0.1,2.8524898028707635,0.6313472707164609,1,0.6079382678623636,0.27,0.3,1,10,1,3.228486757788348,0.8,0.6313472707164609,0.6313472707164609,1,0.9,-4.352090116782208
0.3530725501542333,0.0233889925836218,26.206085445801584,0.251392264356082,-0.0068066827697043,3,1,0.1,5.597797634681895,0.9899424634467402,1,0.9605450906496772,0.27,0.3,1,10,1,4.803619211187673,0.8,0.9899424634467402,0.9899424634467402,1,0.9,-5.618017415822171
0.1367940291558654,0.006819446174857,8.626509042833419,0.4310055595421281,0.0035455106491973,3,1,0.1,5.543961696798414,0.9120502838113316,1,0.5199238865205164,0.27,0.3,1,10,1,0.5917903331619113,0.8,0.9120502838113316,0.9120502838113316,1,0.9,-4.934233232357769
0.3359933056081239,0.0141732533851381,31.58576344046878,0.2613833842640082,-0.0043329877054795,3,1,0.1,4.6070533939873,0.9296093280593,1,0.6390025340499914,0.27,0.3,1,10,1,4.936185719984747,0.8,0.9296093280593,0.9296093280593,1,0.9,-5.8556485661027695
0.3306729531545833,0.0278168113716722,7.648172655585837,0.3570633418821154,-0.0060466987301568,3,1,0.1,5.5647447997553465,0.8546558109189757,1,0.923105001661255,0.27,0.3,1,10,1,1.6276437769177523,0.8,0.8546558109189757,0.8546558109189757,1,0.9,-4.439973548834688
0.4443130396096431,0.0306772808783906,29.82814601398871,0.505366136156705,-0.0116938208501391,3,1,0.1,2.8652392451972952,0.589444575551282,1,0.844176212085795,0.27,0.3,1,10,1,3.3996135671221523,0.8,0.589444575551282,0.589444575551282,1,0.9,-3.77863248248962
0.3496668618305267,0.0265687008237389,11.883253099120587,0.2761117838269906,-0.0073348482372187,3,1,0.1,9.71217884592315,0.9600063467732418,1,0.864637035539549,0.27,0.3,1,10,1,2.86403114498657,0.8,0.9600063467732418,0.9600063467732418,1,0.9,-4.159327555436441
0.3448479471534986,0.0299249824534104,9.503617522870377,0.461073053084647,-0.0065743104618728,3,1,0.1,26.898077897420297,0.7070179791931329,1,0.8095893223159796,0.27,0.3,1,10,1,1.5692053573239342,0.8,0.7070179791931329,0.7070179791931329,1,0.9,-2.510713262156809
0.008971603785446,0.0005259663621478,9.319959698156463,0.4891095218277479,0.0097009426808198,3,1,0.1,5.899478636343688,0.9839219529496852,1,0.587746616698913,0.27,0.3,1,10,1,0.1197863770090842,0.8,0.9839219529496852,0.9839219529496852,1,0.9,-5.369194411075345
0.3000324888510857,0.0207165573957636,7.869092883249213,0.363573883031116,-0.00382627414419,3,1,0.1,5.229911829833818,0.8484707135079586,1,0.7198700678104708,0.27,0.3,1,10,1,1.441839612788597,0.8,0.8484707135079586,0.8484707135079586,1,0.9,-4.551001592331141
0.3423369110617706,0.0153031586822003,21.220670244574823,0.3195890868791661,-0.0049306552170276,3,1,0.1,8.720811475360144,0.8044818112438225,1,0.5093252188351982,0.27,0.3,1,10,1,3.355886625024663,0.8,0.8044818112438225,0.8044818112438225,1,0.9,-3.417131708792941
0.4474921854139787,0.0269820516506547,26.18205885108283,0.6226438022591533,-0.0096315415448306,3,1,0.1,2.424996259531142,0.5116870596325713,1,0.7463612654589475,0.27,0.3,1,10,1,2.5733360717327907,0.8,0.5116870596325713,0.5116870596325713,1,0.9,-3.3598130074784995
0.6070254663149643,0.0338638716856309,37.363977160787,1.024732102719056,-0.008615168193977,3,1,0.1,2.054339068602141,0.3146028953151584,1,0.9690306673780644,0.27,0.3,1,10,1,3.189366607484592,0.8,0.3146028953151584,0.3146028953151584,1,0.9,-1.6317448961917052
0.341785145268747,0.0159034647094633,17.005833759761867,0.3334804583819259,-0.0049684693546995,3,1,0.1,3.757635528088323,0.7908363241118245,1,0.5489109845581422,0.27,0.3,1,10,1,2.809518928273877,0.8,0.7908363241118245,0.7908363241118245,1,0.9,-5.179793568146319
0.3389922753735648,0.0327136897713838,7.085632771549919,0.3357965814119149,-0.0073498949396441,3,1,0.1,40.76400811257924,0.9002326301828878,1,0.9997187456572396,0.27,0.3,1,10,1,1.7257293463471195,0.8,0.9002326301828878,0.9002326301828878,1,0.9,-3.163804205242233
0.42395597143371,0.0365537320492075,14.329970097591298,0.525947297375226,-0.0115518766305875,3,1,0.1,6.218069702014739,0.6088740646264937,1,0.9403147471142266,0.27,0.3,1,10,1,2.189253232917894,0.8,0.6088740646264937,0.6088740646264937,1,0.9,-2.630626407730472
0.4009317325645622,0.0280232648885543,29.67590352959736,0.4086118444496053,-0.0101747814048344,3,1,0.1,24.27350631795554,0.6853172584413613,1,0.702408682976871,0.27,0.3,1,10,1,3.8339676832369713,0.8,0.6853172584413613,0.6853172584413613,1,0.9,-2.445493420088983
0.335979013967131,0.0188171079341998,16.508117536721368,0.2605304242934801,-0.0053673085493137,3,1,0.1,9.15533274511826,0.969015917787683,1,0.6812060930526652,0.27,0.3,1,10,1,3.497336338929476,0.8,0.969015917787683,0.969015917787683,1,0.9,-4.289373743520314
0.3495693344021289,0.0195241933942645,30.054880883334008,0.2676344887463832,-0.0059771359204798,3,1,0.1,4.893764950111289,0.9267291396064542,1,0.7911820857722842,0.27,0.3,1,10,1,4.8796987763193584,0.8,0.9267291396064542,0.9267291396064542,1,0.9,-5.534646009464236
0.3649931363668606,0.0210126016209043,24.47073533951632,0.3443398370482583,-0.0070718196887472,3,1,0.1,8.946413841870703,0.768289320059515,1,0.6226478283244434,0.27,0.3,1,10,1,3.640112341959116,0.8,0.768289320059515,0.768289320059515,1,0.9,-3.2027235158537337
0.3616473361056145,0.0297312168220632,10.991550550646611,0.351159559595769,-0.0084822616367438,3,1,0.1,18.14738500424552,0.8171637330843579,1,0.8198226565398811,0.27,0.3,1,10,1,2.3035565969007368,0.8,0.8171637330843579,0.8171637330843579,1,0.9,-3.043672708972985
0.4430735579416724,0.0260326617776924,56.63198376487564,0.4972361149482362,-0.0105700142011365,3,1,0.1,2.540779880425395,0.5776614248226967,1,0.7508899305465471,0.27,0.3,1,10,1,4.712782927284376,0.8,0.5776614248226967,0.5776614248226967,1,0.9,-4.101228270092061
0.3019309410105485,0.0285326642922294,10.54519441586208,1.0702031692381817,0.0170500855624212,3,1,0.1,18.45159080240889,0.4026209659446002,1,0.9900410428770744,0.27,0.3,1,10,1,0.9118827809644792,0.8,0.4026209659446002,0.4026209659446002,1,0.9,-1.414065997217401
0.3380004483993465,0.0285816309740789,8.543897877287097,0.3801268600407979,-0.0067147315041317,3,1,0.1,16.885731269864635,0.8062772549900784,1,0.8217384885666711,0.27,0.3,1,10,1,1.7108851225873254,0.8,0.8062772549900784,0.8062772549900784,1,0.9,-3.0245716854338385
0.4879829898912819,0.0277261622494957,80.50537870124212,0.6524310893119017,-0.011989087347346,3,1,0.1,5.866296410348901,0.4754515645147676,1,0.6382703887029331,0.27,0.3,1,10,1,4.989881413407792,0.8,0.4754515645147676,0.4754515645147676,1,0.9,-1.9544481203705943
0.0118600299472589,0.0009578450836268,15.558903616340553,0.9546062582157272,0.0299492441264004,3,1,0.1,3.619433702161624,0.5349655505706481,1,0.687829794967238,0.27,0.3,1,10,1,0.1360309161443098,0.8,0.5349655505706481,0.5349655505706481,1,0.9,-2.721952403604541
0.3195054299489022,0.0129637774185825,14.62557293937948,0.2573982652309441,-0.0036242150653812,3,1,0.1,7.609543622733179,0.9698499432319432,1,0.5210723600901312,0.27,0.3,1,10,1,3.133966860921327,0.8,0.9698499432319432,0.9698499432319432,1,0.9,-4.601160913569919
0.3416428261350264,0.0197489347714812,18.32342786937448,0.2634507215776728,-0.0057372678978451,3,1,0.1,6.199811788905089,0.9567587510980884,1,0.7320250558771039,0.27,0.3,1,10,1,3.716047241824799,0.8,0.9567587510980884,0.9567587510980884,1,0.9,-4.983752588915103
0.2916081981953887,0.0212515371645292,7.738638545635559,0.3813024138102248,-0.0033794632987477,3,1,0.1,8.093150887448765,0.8346292109833559,1,0.7157798539122763,0.27,0.3,1,10,1,1.3343408659498608,0.8,0.8346292109833559,0.8346292109833559,1,0.9,-3.6636993468871006
0.3634952049675179,0.0217221271195739,32.419691871528386,0.295702152051451,-0.0070313497721991,3,1,0.1,4.1617344117204125,0.8563893460735553,1,0.8086679719428163,0.27,0.3,1,10,1,4.815687434677333,0.8,0.8563893460735553,0.8563893460735553,1,0.9,-5.491221315695226
0.4097255768838643,0.0301460591231784,14.990074678457134,0.5525361936950272,-0.0088638823418073,3,1,0.1,2.7651418437335216,0.5857083253725722,1,0.8870161825242473,0.27,0.3,1,10,1,1.9752973133408136,0.8,0.5857083253725722,0.5857083253725722,1,0.9,-3.860277058113039
0.3293995880809518,0.0259073801690078,7.745323268680374,0.3377214419398263,-0.0058249225160755,3,1,0.1,4.2665710284281015,0.879904633347248,1,0.902837212404801,0.27,0.3,1,10,1,1.7050410473653066,0.8,0.879904633347248,0.879904633347248,1,0.9,-5.653554838563498
0.3715764764521412,0.0277600954918015,13.023995563273802,0.5917413673834998,-0.0059408777610102,3,1,0.1,3.7893632976071214,0.5774618742131556,1,0.8040068981386831,0.27,0.3,1,10,1,1.5651473356923653,0.8,0.5774618742131556,0.5774618742131556,1,0.9,-2.986971899146626
0.3867971683886892,0.0233823684809022,42.76894720506762,0.3594598937527906,-0.0084086563166467,3,1,0.1,5.0338523799969765,0.7335362564187119,1,0.7312151074512157,0.27,0.3,1,10,1,4.949777010555036,0.8,0.7335362564187119,0.7335362564187119,1,0.9,-3.704811966634821
0.4402817358372421,0.0406913853817409,19.438336296343547,0.4713400635237587,-0.0145049932181634,3,1,0.1,46.7085765183232,0.6445510445854848,1,0.9541301697909402,0.27,0.3,1,10,1,3.033718837346498,0.8,0.6445510445854848,0.6445510445854848,1,0.9,-2.219983935866771
0.3490485634938458,0.0158270417071679,19.660555080208987,0.3525579473253032,-0.0051564423933551,3,1,0.1,3.3371167989476773,0.7511271683529092,1,0.5406632859572593,0.27,0.3,1,10,1,2.9266907174805827,0.8,0.7511271683529092,0.7511271683529092,1,0.9,-5.273209360137696
0.1334153291810983,0.0085004497137597,18.94917110927199,1.1299890629630551,0.0228596911878785,3,1,0.1,2.1921434912860613,0.4171994271940226,1,0.6794140552355952,0.27,0.3,1,10,1,0.5148934018113087,0.8,0.4171994271940226,0.4171994271940226,1,0.9,-2.501510893891008
0.6680087201418254,0.0124994698415744,40.31232323247362,1.633570544338616,0.0331170208190726,3,1,0.1,0.8485996846911129,0.1627101345739466,1,0.8211079435625757,0.27,0.3,1,10,1,2.31211222765848,0.8,0.1627101345739466,0.1627101345739466,1,0.9,-0.9814686507347226
0.1059650332881328,0.009938526094939,12.254893910998872,1.276490096345683,0.0450888179671644,3,1,0.1,6.250047236863258,0.3977424350288182,1,0.8954903319731439,0.27,0.3,1,10,1,0.4238415058794939,0.8,0.3977424350288182,0.3977424350288182,1,0.9,-1.557007154374169
0.0440367911182477,0.0031052000701213,17.27099847482461,0.976180897457948,0.0251727973586636,3,1,0.1,2.277297615966817,0.5099441128401182,1,0.6867306989323091,0.27,0.3,1,10,1,0.2706672388307125,0.8,0.5099441128401182,0.5099441128401182,1,0.9,-3.559759027091225
0.0224870037212134,0.0018296957188846,9.829146527144264,0.5946736134181898,0.016299603330172,3,1,0.1,4.247542595751667,0.8188763677809183,1,0.7681648100015064,0.27,0.3,1,10,1,0.1907318291577764,0.8,0.8188763677809183,0.8188763677809183,1,0.9,-4.961437301528069
0.5404884894627645,0.0174860552131752,133.6957194793339,0.9216212044737998,-0.0065776797981411,3,1,0.1,1.8823398829603928,0.3438640653474561,1,0.5102194883933588,0.27,0.3,1,10,1,4.680999931572936,0.8,0.3438640653474561,0.3438640653474561,1,0.9,-1.997761727723704
0.2361240290304202,0.0143137514423252,14.960675694612805,0.6995196543850213,0.0040079246858026,3,1,0.1,3.006376569604765,0.5576403192523663,1,0.6125430086370827,0.27,0.3,1,10,1,0.8795494327943092,0.8,0.5576403192523663,0.5576403192523663,1,0.9,-3.277154648697344
0.0897127699977623,0.0055295083625748,11.741648661292167,0.5804157330109574,0.0090522410466145,3,1,0.1,20.286766112737933,0.7517467588484752,1,0.5187635704321515,0.27,0.3,1,10,1,0.4322587427519511,0.8,0.7517467588484752,0.7517467588484752,1,0.9,-2.742992767781593
0.3351274466506719,0.0161505457997407,19.430546045516223,0.2675091093033987,-0.0047783141137116,3,1,0.1,5.294596209646231,0.9330688501975352,1,0.6276898067542485,0.27,0.3,1,10,1,3.71448979845272,0.8,0.9330688501975352,0.9330688501975352,1,0.9,-5.282357570085451
0.5351289031556414,0.03365424580688,61.59000418222708,0.7407542325133759,-0.0142929366824854,3,1,0.1,3.427935995837456,0.4337631243444402,1,0.7995661850416733,0.27,0.3,1,10,1,4.409258807113109,0.8,0.4337631243444402,0.4337631243444402,1,0.9,-2.051630464471814
0.1325508411045527,0.0135774926644854,10.716061016732594,0.8877766164250438,0.0248988848775206,3,1,0.1,15.073769056100186,0.5292107269512972,1,0.8775969706826385,0.27,0.3,1,10,1,0.5111282453383283,0.8,0.5292107269512972,0.5292107269512972,1,0.9,-1.9214376146937544
0.3630632790478976,0.0283730902570271,12.514496830754805,0.309302428367953,-0.0082397248748103,3,1,0.1,5.653900912114059,0.8793400977035003,1,0.9006106117154951,0.27,0.3,1,10,1,2.756794640957689,0.8,0.8793400977035003,0.8793400977035003,1,0.9,-4.600734418563787
0.3941503896691234,0.0221892424399929,37.55192207312471,0.4087533105376478,-0.008267188798915,3,1,0.1,4.296127223943102,0.6669513610078216,1,0.6413750278354602,0.27,0.3,1,10,1,4.129675259922805,0.8,0.6669513610078216,0.6669513610078216,1,0.9,-3.485893864299465
0.3479926251563832,0.0192131434737491,30.566125540121654,0.2609261111793216,-0.0058081002592216,3,1,0.1,4.3202696976309625,0.9450439904278256,1,0.8198302366273678,0.27,0.3,1,10,1,4.9995612043760085,0.8,0.9450439904278256,0.9450439904278256,1,0.9,-6.43423555033932
0.4384622853197126,0.0233283064243608,39.34303777753983,0.592236148599579,-0.0091401731306217,3,1,0.1,4.0644444348140825,0.5162624639402943,1,0.5875330292360874,0.27,0.3,1,10,1,3.2580910127560827,0.8,0.5162624639402943,0.5162624639402943,1,0.9,-2.4457381698866945
0.3382474609222015,0.0144523998244714,18.058036863305915,0.3208919132032632,-0.0045319994754802,3,1,0.1,3.6374546213152414,0.8064852380991832,1,0.5254189632884461,0.27,0.3,1,10,1,2.982779155641899,0.8,0.8064852380991832,0.8064852380991832,1,0.9,-5.569720384583496
0.4723802476754654,0.0424879298583211,22.21146492496689,0.5478775536032421,-0.0159120386609452,3,1,0.1,12.741087299486429,0.5743953966834104,1,0.990774086098544,0.27,0.3,1,10,1,3.071653155110952,0.8,0.5743953966834104,0.5743953966834104,1,0.9,-2.1397333970824395
0.3420467525085131,0.0159818750175324,20.40458516958044,0.3011287999941305,-0.0050148517093447,3,1,0.1,4.331477292998313,0.8451695197043506,1,0.5800185393629069,0.27,0.3,1,10,1,3.471085022742061,0.8,0.8451695197043506,0.8451695197043506,1,0.9,-5.171949344302655
0.4703427237201383,0.0260352431496195,44.82702805331966,0.6182520062820064,-0.01052731623708,3,1,0.1,2.193278612693468,0.4985549516418053,1,0.7223992983726799,0.27,0.3,1,10,1,3.581527389909504,0.8,0.4985549516418053,0.4985549516418053,1,0.9,-3.5387934960704355
0.4148276982291599,0.0307863493491487,16.520347502620467,0.5379965510534054,-0.009832249522812,3,1,0.1,3.896942377217399,0.5899840334294586,1,0.8204815605666373,0.27,0.3,1,10,1,2.200249304741181,0.8,0.5899840334294586,0.5899840334294586,1,0.9,-3.040804604926397
0.3410795284509877,0.0207738198567523,13.844032515714714,0.2812570629637215,-0.0059502605479428,3,1,0.1,6.107274361980537,0.9246869632286312,1,0.7100918443176587,0.27,0.3,1,10,1,2.992401156023318,0.8,0.9246869632286312,0.9246869632286312,1,0.9,-4.766064771081561
0.34167897704658,0.0177664257728759,20.84139582626412,0.2877287448382231,-0.0054701593091632,3,1,0.1,20.29293518223727,0.8821898009827962,1,0.5945700062910229,0.27,0.3,1,10,1,3.711109929737371,0.8,0.8821898009827962,0.8821898009827962,1,0.9,-3.2725927950548988
0.5332585197384352,0.0214790353484712,40.75235949338185,1.0835113494284774,-0.0029781223058999,3,1,0.1,2.151169467691755,0.305722467005981,1,0.6094027966359139,0.27,0.3,1,10,1,2.467454885980918,0.8,0.305722467005981,0.305722467005981,1,0.9,-1.5246743643892966
0.5135504034725402,0.0290201268179199,35.455068286983895,0.7764911071804977,-0.0106775846996633,3,1,0.1,1.9666626904648328,0.4238255071078808,1,0.8188438657051773,0.27,0.3,1,10,1,2.897519716346989,0.8,0.4238255071078808,0.4238255071078808,1,0.9,-2.841671574932576
0.5203224185382329,0.0365287672575093,26.21267917402435,0.7501909799379204,-0.0132500579141216,3,1,0.1,2.6932713673903064,0.4434938745369258,1,0.9767039024884112,0.27,0.3,1,10,1,2.736560124148185,0.8,0.4434938745369258,0.4434938745369258,1,0.9,-2.400730959820044
0.3510195274362102,0.0181029472757221,15.896042255190018,0.4386815036181239,-0.0053488090563455,3,1,0.1,3.063842070927977,0.6677519069413093,1,0.5742344802578334,0.27,0.3,1,10,1,2.0638639823940625,0.8,0.6677519069413093,0.6677519069413093,1,0.9,-4.529039922926558
0.3331133872332605,0.0136982116734399,24.806413134338392,0.2710246129528525,-0.0041960629478892,3,1,0.1,6.713853817593563,0.9074619925241522,1,0.5545842304801036,0.27,0.3,1,10,1,4.174539993716598,0.8,0.9074619925241522,0.9074619925241522,1,0.9,-4.4183207343294
0.3910924868537311,0.0295728157151861,28.515156207457924,0.342711695500303,-0.0100570051320851,3,1,0.1,7.631217945721368,0.7826402838434573,1,0.8741087593351118,0.27,0.3,1,10,1,4.279511808455893,0.8,0.7826402838434573,0.7826402838434573,1,0.9,-3.429480128283388
0.3848075331071325,0.0309465000838659,23.321558054002587,0.3264027435068637,-0.0101009590794881,3,1,0.1,17.236890891997508,0.8216479125331644,1,0.8924066012122416,0.27,0.3,1,10,1,3.979008121360658,0.8,0.8216479125331644,0.8216479125331644,1,0.9,-3.081575559424028
0.276989143428464,0.0173329921612375,6.737955594945846,0.3242000422645049,-0.0026394442195098,3,1,0.1,4.377604092900701,0.9453754688935798,1,0.6991458384845093,0.27,0.3,1,10,1,1.3232252045884263,0.8,0.9453754688935798,0.9453754688935798,1,0.9,-6.352053179485508
0.3389048564973362,0.0290474243578544,8.240563819342853,0.3681672544045886,-0.0067967369303283,3,1,0.1,10.508523367322187,0.8268022755041169,1,0.8694084040151543,0.27,0.3,1,10,1,1.7231827585263066,0.8,0.8268022755041169,0.8268022755041169,1,0.9,-3.3757426770372065
0.376050003886812,0.0169631754656666,36.15598277671466,0.3966849734813106,-0.0062474115701521,3,1,0.1,3.358703047685134,0.6701599425376819,1,0.5425125375942785,0.27,0.3,1,10,1,3.884500236367472,0.8,0.6701599425376819,0.6701599425376819,1,0.9,-4.179893428773422
0.3853980415963978,0.0231483628744377,36.13066227235271,0.3563075552192694,-0.0082058855000143,3,1,0.1,3.373068791425519,0.7401692678890628,1,0.7576440410965157,0.27,0.3,1,10,1,4.519986874700853,0.8,0.7401692678890628,0.7401692678890628,1,0.9,-5.055955828397288
0.3139866738360111,0.0175576185583778,9.00963201677442,0.3176197316388659,-0.0042325214849443,3,1,0.1,3.864914941307663,0.8848862364695405,1,0.6391933331384528,0.27,0.3,1,10,1,1.86064894265659,0.8,0.8848862364695405,0.8848862364695405,1,0.9,-6.332717277576619
0.3163842041120146,0.0116118167983746,14.36571306108626,0.255092667638935,-0.0032266839103909,3,1,0.1,5.102448480007922,0.9737039218442662,1,0.5024247196593905,0.27,0.3,1,10,1,3.085425557379639,0.8,0.9737039218442662,0.9737039218442662,1,0.9,-5.850935737154384
0.4212795612466262,0.0343845663152269,40.02317816313195,0.3832159768346206,-0.0125175800076029,3,1,0.1,7.13020769205712,0.7196070058045068,1,0.983847836024278,0.27,0.3,1,10,1,4.974926870884974,0.8,0.7196070058045068,0.7196070058045068,1,0.9,-3.1375466597258184
0.3211135450469831,0.0114695292961206,20.97530760352929,0.2444679446621886,-0.003281817305811,3,1,0.1,5.436725625057901,0.9900849335137492,1,0.5378710515041978,0.27,0.3,1,10,1,4.031656021742219,0.8,0.9900849335137492,0.9900849335137492,1,0.9,-5.738869742345641
0.3794858060195805,0.0232086229554175,22.036105244173765,0.3960651663467465,-0.0079823800794669,3,1,0.1,5.606774255659459,0.7013484381684433,1,0.6466367477058919,0.27,0.3,1,10,1,3.1109670392709847,0.8,0.7013484381684433,0.7013484381684433,1,0.9,-3.3014362884225505
0.001060718540736,9.854113011010248e-05,8.59609575629458,0.5667060070808139,0.0187780423176649,3,1,0.1,5.074630219773702,0.8855788074124635,1,0.9081139965160716,0.27,0.3,1,10,1,0.0400186793239973,0.8,0.8855788074124635,0.8855788074124635,1,0.9,-4.9795735684422695
0.3456579206279075,0.023717099755098,13.252993769637454,0.2746562685361621,-0.006676192585968,3,1,0.1,8.106600151285308,0.9511507226293656,1,0.7911906026420708,0.27,0.3,1,10,1,3.0278310762018883,0.8,0.9511507226293656,0.9511507226293656,1,0.9,-4.3657058910772095
0.492518131268298,0.0367763326901752,44.05900355575341,0.588337894093612,-0.0151704168723528,3,1,0.1,4.70539344825924,0.5267101674021991,1,0.8838455647292139,0.27,0.3,1,10,1,4.185466163855311,0.8,0.5267101674021991,0.5267101674021991,1,0.9,-2.376382072430784
0.3807658155928347,0.035646988117867,11.001165019561943,0.3677338333467055,-0.0104120627625879,3,1,0.1,37.44165833016326,0.7966799451308484,1,0.954048648009102,0.27,0.3,1,10,1,2.3505398721788446,0.8,0.7966799451308484,0.7966799451308484,1,0.9,-2.794334144080441
0.0696817608893727,0.0072834497657884,11.183058837338812,0.956206353793434,0.03445434077169,3,1,0.1,8.307088379223197,0.5237523173586037,1,0.9018539680135668,0.27,0.3,1,10,1,0.3415838075185476,0.8,0.5237523173586037,0.5237523173586037,1,0.9,-2.046980480348595
0.360078264868806,0.0246786678963723,12.235294581848033,0.3782896949018201,-0.0071501067430281,3,1,0.1,3.314001784816145,0.7613041735052177,1,0.7811523076156899,0.27,0.3,1,10,1,2.1948642110404912,0.8,0.7613041735052177,0.7613041735052177,1,0.9,-5.46939330964228
0.5163761167420093,0.0259078530332123,24.12373255658907,1.0643398359073883,-0.0020954446215315,3,1,0.1,1.4918380972409684,0.3303141149761749,1,0.9101705758643832,0.27,0.3,1,10,1,1.90887922218056,0.8,0.3303141149761749,0.3303141149761749,1,0.9,-2.27787016625292
0.6832943435434907,0.013339627153795,114.6477307009394,1.2921462122460712,0.012260925347417,3,1,0.1,1.0723956341658585,0.1904574993084178,1,0.5913762339501905,0.27,0.3,1,10,1,4.298426296894145,0.8,0.1904574993084178,0.1904574993084178,1,0.9,-1.0841161421341887
0.3643126961777776,0.0198760782455592,35.34692415381674,0.319403736077017,-0.0067308174358324,3,1,0.1,5.4958390233506895,0.7998074876941784,1,0.6795674096329858,0.27,0.3,1,10,1,4.720725168722852,0.8,0.7998074876941784,0.7998074876941784,1,0.9,-4.036796618220272
0.3909165008070789,0.0344981856089792,11.277630255477394,0.577043235644915,-0.0079236008863032,3,1,0.1,5.346665558771765,0.5943087564888104,1,0.9718240586177382,0.27,0.3,1,10,1,1.6182763250188312,0.8,0.5943087564888104,0.5943087564888104,1,0.9,-2.674759420240532
0.0253896178627046,0.0015211501996253,14.25514231084691,0.6741711304617679,0.0136819614608149,3,1,0.1,5.4634713545451685,0.7097569015255183,1,0.5230496114883687,0.27,0.3,1,10,1,0.2074001043024995,0.8,0.7097569015255183,0.7097569015255183,1,0.9,-3.3949371412836227
0.0003205013265084,2.9881345913312748e-05,11.437099404122822,0.7700303753324204,0.027196793916646,3,1,0.1,3.925678471210367,0.6677904119233075,1,0.8365585709504777,0.27,0.3,1,10,1,0.0218921110959138,0.8,0.6677904119233075,0.6677904119233075,1,0.9,-3.690995437499746
0.3793145972794634,0.0308334078234133,11.965300473300925,0.6409203016449919,-0.0052860625553304,3,1,0.1,3.199883212351434,0.555463017276893,1,0.9642480766878154,0.27,0.3,1,10,1,1.4476040533078929,0.8,0.555463017276893,0.555463017276893,1,0.9,-3.112046317560746
0.4877389641367042,0.0349733942385288,24.731101183329024,0.713659489483142,-0.0125330783291781,3,1,0.1,4.927244100569173,0.4663432360926035,1,0.8221922417616432,0.27,0.3,1,10,1,2.620729084745644,0.8,0.4663432360926035,0.4663432360926035,1,0.9,-1.9950691947636443
0.419050746819811,0.0289617119182061,24.78815794933083,0.4761191275006375,-0.0105679989558887,3,1,0.1,4.513062364441144,0.6200666115113519,1,0.7495746159670376,0.27,0.3,1,10,1,3.103198259742419,0.8,0.6200666115113519,0.6200666115113519,1,0.9,-3.0421613448486324
0.2778443058350625,0.0121527766590635,25.74477322321514,0.9482560715811283,0.0047189278604077,3,1,0.1,2.144840158357592,0.4156126338331035,1,0.5181041099414498,0.27,0.3,1,10,1,0.9929035265272868,0.8,0.4156126338331035,0.4156126338331035,1,0.9,-2.5286921759930268
0.2336049655654987,0.0210445372971578,6.730519675021184,0.4326050288706757,0.0013804232896579,3,1,0.1,4.978698151865082,0.8524776307847859,1,0.9792443659123876,0.27,0.3,1,10,1,0.8903498328857966,0.8,0.8524776307847859,0.8524776307847859,1,0.9,-4.732240627393297
0.3134479284936846,0.0176128586411353,8.960879064824084,0.2835912004946567,-0.0043721177428047,3,1,0.1,14.780871118088658,0.9552855201378782,1,0.5955006357193597,0.27,0.3,1,10,1,2.107019549814716,0.8,0.9552855201378782,0.9552855201378782,1,0.9,-3.749760098630596
0.3313406482319898,0.0121370466221951,32.40360109342955,0.2609034588655837,-0.003726946798151,3,1,0.1,4.567663514708421,0.9242526388015476,1,0.5751242650946706,0.27,0.3,1,10,1,4.94681741201237,0.8,0.9242526388015476,0.9242526388015476,1,0.9,-5.836506904258867
0.4536392502757657,0.0338320441684569,23.430527610008856,0.5615407499216807,-0.0124484126645036,3,1,0.1,4.023172138611363,0.5577886619215389,1,0.854176705382865,0.27,0.3,1,10,1,2.840308213483601,0.8,0.5577886619215389,0.5577886619215389,1,0.9,-2.748415141521376
0.3441490763229334,0.0230501834567333,12.347831710364916,0.3119853456844071,-0.0066258646688263,3,1,0.1,21.21966568738894,0.8689267825895397,1,0.6791680402114164,0.27,0.3,1,10,1,2.596073188486658,0.8,0.8689267825895397,0.8689267825895397,1,0.9,-3.202405975384022
0.3767039783867154,0.0254247091747973,19.21327582354372,0.3487880718460505,-0.0083116326601937,3,1,0.1,3.6997664563089536,0.7768119642726823,1,0.7944062702417536,0.27,0.3,1,10,1,3.2309540177195184,0.8,0.7768119642726823,0.7768119642726823,1,0.9,-5.076329870613844
0.3016432994736736,0.0186618909383973,7.799393464867234,0.3300473356788899,-0.0038129773149827,3,1,0.1,4.03235979014169,0.8936341892405263,1,0.6914385955883011,0.27,0.3,1,10,1,1.5694286003893945,0.8,0.8936341892405263,0.8936341892405263,1,0.9,-6.168566607277217
0.3458012928081647,0.0149505499560992,26.882018368200864,1.0684949497801293,0.0042265840210909,3,1,0.1,2.175259404651233,0.3606283344189694,1,0.5493905447973482,0.27,0.3,1,10,1,1.1985379347915173,0.8,0.3606283344189694,0.3606283344189694,1,0.9,-1.960474138728376
0.0045198698006794,0.000454276075345,9.0560568642048,0.6302799855168303,0.02279584581403,3,1,0.1,6.010929014408268,0.8020376236180085,1,0.9258756518278162,0.27,0.3,1,10,1,0.0826962966292561,0.8,0.8020376236180085,0.8020376236180085,1,0.9,-3.882096896133045
0.4681389683703225,0.0172229354218242,59.28388013791938,0.7538535898621384,-0.0065502031331397,3,1,0.1,1.8352120968193044,0.4206480595987662,1,0.525149872001058,0.27,0.3,1,10,1,3.121732428916857,0.8,0.4206480595987662,0.4206480595987662,1,0.9,-3.014245619771966
0.0426053404642956,0.0036179190299259,8.374591705501192,0.5247685444871053,0.0136965518746373,3,1,0.1,6.120739366690753,0.8983521429979507,1,0.8055799061820197,0.27,0.3,1,10,1,0.270299099509113,0.8,0.8983521429979507,0.8983521429979507,1,0.9,-4.554159159685428
0.316337652584209,0.0188024148059797,11.793900358072564,0.4606561583432254,-0.0038613802282533,3,1,0.1,5.1023384529746565,0.6872596870999541,1,0.5908026604844361,0.27,0.3,1,10,1,1.5044995637903535,0.8,0.6872596870999541,0.6872596870999541,1,0.9,-3.340858927458525
0.3959957486870074,0.0306462405977649,15.777992127218292,0.4439472434217538,-0.0099813427114011,3,1,0.1,7.408469796014269,0.6735775979856902,1,0.7876892086438736,0.27,0.3,1,10,1,2.47957708317984,0.8,0.6735775979856902,0.6735775979856902,1,0.9,-2.8498429058200463
0.6160640844982226,0.0190156488789195,105.02037216948888,1.1006323298095904,-0.0031626258924301,3,1,0.1,1.2313961282525423,0.2739446544026009,1,0.6666849865313053,0.27,0.3,1,10,1,4.310505567870557,0.8,0.2739446544026009,0.2739446544026009,1,0.9,-1.89878971693091
0.5248277598123335,0.026051210518809,29.65196917872744,1.0362266804419222,-0.0043827827607855,3,1,0.1,2.187018178952011,0.3290369873867074,1,0.7331489733316706,0.27,0.3,1,10,1,2.243609230329272,0.8,0.3290369873867074,0.3290369873867074,1,0.9,-1.6900996109627415
0.3224771224082587,0.0105452133392031,29.6360192420604,0.2436245691674102,-0.0030984901226349,3,1,0.1,6.341928739897862,0.9795472343474874,1,0.537493937943869,0.27,0.3,1,10,1,4.902719858004005,0.8,0.9795472343474874,0.9795472343474874,1,0.9,-5.104972827892404
0.1908976898237568,0.0159284008039817,13.0486737168391,0.9846345261230836,0.0196242136610089,3,1,0.1,3.945518202678111,0.4599023661442339,1,0.8284579833787522,0.27,0.3,1,10,1,0.6542503865333192,0.8,0.4599023661442339,0.4599023661442339,1,0.9,-2.105724766561916
0.3862438977156577,0.0316284209116965,24.590926582546068,0.3137295086754755,-0.0101984702716844,3,1,0.1,8.609680465876975,0.8453230809136644,1,0.988118512447818,0.27,0.3,1,10,1,4.22122967204325,0.8,0.8453230809136644,0.8453230809136644,1,0.9,-3.6551035009339055
0.3981744993437298,0.0323319466730429,16.50382136147763,0.3827645256628842,-0.0105827915603968,3,1,0.1,4.537528336806049,0.7431631195694339,1,0.9358046744794292,0.27,0.3,1,10,1,2.9105930687243675,0.8,0.7431631195694339,0.7431631195694339,1,0.9,-4.009448306562187
0.0047176053233908,0.0003098847091967,11.822174070024287,0.6095400317066638,0.0141369940800447,3,1,0.1,7.370856057705862,0.8027110125835832,1,0.5693384048983285,0.27,0.3,1,10,1,0.0866556785747651,0.8,0.8027110125835832,0.8027110125835832,1,0.9,-3.5872523449778795
0.3601798185170809,0.0266496281793068,12.17891361173175,0.314072529180277,-0.007701889519296,3,1,0.1,3.994151100021005,0.8679113393936266,1,0.8852698347022504,0.27,0.3,1,10,1,2.6341149409859184,0.8,0.8679113393936266,0.8679113393936266,1,0.9,-5.868504568217463
0.3253407115194064,0.01677352017481,12.835034161052407,0.260698994673365,-0.0045937807367718,3,1,0.1,9.546793224269418,0.9785989788111946,1,0.6090708186680479,0.27,0.3,1,10,1,2.9347545763725247,0.8,0.9785989788111946,0.9785989788111946,1,0.9,-4.287472235498368
0.3439487377859269,0.019687467039297,16.735167098623275,0.2878971753720826,-0.0058824316635037,3,1,0.1,6.09669110881937,0.8949777615028928,1,0.6729704279757847,0.27,0.3,1,10,1,3.288248724931864,0.8,0.8949777615028928,0.8949777615028928,1,0.9,-4.537462831675745
0.2823593489491595,0.0111927358773389,19.954246413272017,1.9755199641557697,0.0405877000918362,3,1,0.1,1.049401002886022,0.2397712581208598,1,0.9722389692969288,0.27,0.3,1,10,1,0.7527990673923317,0.8,0.2397712581208598,0.2397712581208598,1,0.9,-1.7119028400182064
0.3353555973867531,0.0177841818995259,13.158733752747622,0.3041775026759588,-0.0051354028598129,3,1,0.1,4.089115826850645,0.8682407338221582,1,0.6240156311633203,0.27,0.3,1,10,1,2.629120901784814,0.8,0.8682407338221582,0.8682407338221582,1,0.9,-5.735913736468501
0.2801811177905862,0.0170866198439387,16.96692892791515,1.2426394540762182,0.0180843360914952,3,1,0.1,2.052751623249089,0.3503506123117797,1,0.7965001404792942,0.27,0.3,1,10,1,0.8549677819688272,0.8,0.3503506123117797,0.3503506123117797,1,0.9,-1.9406947889179111
0.3345768309235677,0.0217099045967353,10.2290791199202,0.3618995097980718,-0.005610504566806,3,1,0.1,4.03302043558898,0.8017391143762242,1,0.7058920345560775,0.27,0.3,1,10,1,1.9059580674052607,0.8,0.8017391143762242,0.8017391143762242,1,0.9,-4.984563443150671
0.4804407198445002,0.0272284060386265,69.25290480101306,0.5996376359520461,-0.0115758677520949,3,1,0.1,2.4291720286187304,0.5044895248669201,1,0.7394057155682714,0.27,0.3,1,10,1,4.76187272288986,0.8,0.5044895248669201,0.5044895248669201,1,0.9,-3.262680165951081
0.501078486027358,0.030949264830131,28.037710212951005,0.91276279852655,-0.0088944385208856,3,1,0.1,64.93921031845053,0.3752678971482861,1,0.647645340340979,0.27,0.3,1,10,1,2.43480656275576,0.8,0.3752678971482861,0.3752678971482861,1,0.9,-1.267990274196389
0.3751423245879666,0.027761055047061,20.0228494845012,0.3235244530444166,-0.0088907226013964,3,1,0.1,7.329156062421627,0.8259078155079346,1,0.835655943156054,0.27,0.3,1,10,1,3.576180945669486,0.8,0.8259078155079346,0.8259078155079346,1,0.9,-3.7351381507871935
0.1925324675823186,0.0131177968762962,16.30358824630396,0.9175012854746828,0.0130461718956716,3,1,0.1,3.4519709255008952,0.4725290644373645,1,0.6556480403804521,0.27,0.3,1,10,1,0.692535822764062,0.8,0.4725290644373645,0.4725290644373645,1,0.9,-2.31428511353106
0.3052161461874408,0.0260297289981992,9.542777728674729,0.528530984300863,-0.0027664407875017,3,1,0.1,93.12497535996012,0.6663721291827447,1,0.7496470550335188,0.27,0.3,1,10,1,1.2239195126586326,0.8,0.6663721291827447,0.6663721291827447,1,0.9,-2.258957284354806
0.3360139612348755,0.0184029421118161,12.420324022578308,0.3654756626760762,-0.0051667272252361,3,1,0.1,3.806969336376901,0.7718538909069573,1,0.6027641705464764,0.27,0.3,1,10,1,2.100514304960233,0.8,0.7718538909069573,0.7718538909069573,1,0.9,-4.882781483854785
0.3813013573318038,0.0259038358725946,37.571985971827566,0.3356663514247422,-0.0089306653880137,3,1,0.1,32.35358097915591,0.7832467779144592,1,0.7646284653548079,0.27,0.3,1,10,1,4.94122649439938,0.8,0.7832467779144592,0.7832467779144592,1,0.9,-2.767131163495643
0.338066752533102,0.0145086639049673,19.57718971309611,0.3037112990638689,-0.0045420611891918,3,1,0.1,3.843733049756527,0.837241479000083,1,0.5433757107395215,0.27,0.3,1,10,1,3.30955251442939,0.8,0.837241479000083,0.837241479000083,1,0.9,-5.675209860492721
0.6463121853883151,0.001202873092492,98.23131183994184,3.3565419354898856,0.043028262038464,3,1,0.1,0.380985889619125,0.0872734404915947,1,0.9561562553187736,0.27,0.3,1,10,1,1.405688604397946,0.8,0.0872734404915947,0.0872734404915947,1,0.9,-0.624947847830942
0.1553609623243521,0.0142055853481051,7.751220047941063,0.5163465455468742,0.0081603190602448,3,1,0.1,5.441738955992863,0.8079296781976506,1,0.9096134794081356,0.27,0.3,1,10,1,0.6080659767367168,0.8,0.8079296781976506,0.8079296781976506,1,0.9,-4.120583189156092
0.4773575829187853,0.026000170594748,72.80452917771,0.6235516888438691,-0.0111053940951787,3,1,0.1,3.3504956240674355,0.489901837407904,1,0.6536269566391633,0.27,0.3,1,10,1,4.713834861806421,0.8,0.489901837407904,0.489901837407904,1,0.9,-2.478663290775976
0.3484219494360072,0.0181454112406211,26.290891533343192,0.2912853517812944,-0.0057563096460525,3,1,0.1,7.736721161204279,0.8654436300578877,1,0.6403042344265438,0.27,0.3,1,10,1,4.223246546394383,0.8,0.8654436300578877,0.8654436300578877,1,0.9,-3.9037274815185694
0.1918958356949416,0.0107615588426999,7.228089686455566,0.3795816914938232,0.001312790228875,3,1,0.1,6.3552453771608,0.9415330978533608,1,0.5805349212138593,0.27,0.3,1,10,1,0.8062230725841537,0.8,0.9415330978533608,0.9415330978533608,1,0.9,-4.796530448733416
0.6001365986793306,0.0302750076765895,58.02892329584606,1.0303456531466206,-0.0083369165220489,3,1,0.1,2.9390191497579856,0.3068750216959938,1,0.7392324556448957,0.27,0.3,1,10,1,3.889116250024003,0.8,0.3068750216959938,0.3068750216959938,1,0.9,-1.3524077395391745
0.4167704173954057,0.0276613883389504,15.40097615296836,1.1309520283206895,0.0062615900835144,3,1,0.1,3.2803769199532016,0.3426443845580747,1,0.8540075445653353,0.27,0.3,1,10,1,1.316103873909121,0.8,0.3426443845580747,0.3426443845580747,1,0.9,-1.5102245185075098
0.3041982785729499,0.0191929212160178,7.66539532181011,0.3189255547492945,-0.0040487100395892,3,1,0.1,4.742538289201055,0.9137387845778542,1,0.6947248815426252,0.27,0.3,1,10,1,1.6300468422188172,0.8,0.9137387845778542,0.9137387845778542,1,0.9,-5.533387607338272
0.0592488390368439,0.0034378759288078,8.402231374825655,0.4481652859110729,0.0071710592873252,3,1,0.1,6.446639395985086,0.9950774053282008,1,0.5890778075391543,0.27,0.3,1,10,1,0.3334197824796289,0.8,0.9950774053282008,0.9950774053282008,1,0.9,-5.184023033938487
0.3652932657972156,0.0196595617845524,33.51762085969738,0.3342702755835127,-0.0067629753070108,3,1,0.1,8.451649746667945,0.7731773309177677,1,0.6221715503015096,0.27,0.3,1,10,1,4.420510358704303,0.8,0.7731773309177677,0.7731773309177677,1,0.9,-3.2766984393600183
0.3560872459800075,0.0258750686515974,13.747146538429716,0.2770541816178848,-0.0073696519362345,3,1,0.1,4.226159735261807,0.943852205827868,1,0.9297726627484362,0.27,0.3,1,10,1,3.1187003199167624,0.8,0.943852205827868,0.943852205827868,1,0.9,-6.5698116527520005
0.3411362556724664,0.0181033500003594,14.182389630091858,0.3295493310183917,-0.0054064685419003,3,1,0.1,3.9663394311928175,0.8145130611632215,1,0.6074804432140426,0.27,0.3,1,10,1,2.576193790906917,0.8,0.8145130611632215,0.8145130611632215,1,0.9,-5.212865503473791
0.0530636427305455,0.0032240888700891,22.35694365429172,1.5801457197066713,0.0446420801242664,3,1,0.1,12.609198330536003,0.3213940181185357,1,0.5232732083994908,0.27,0.3,1,10,1,0.296524295202713,0.8,0.3213940181185357,0.3213940181185357,1,0.9,-1.139057703847211
0.219913464466483,0.0109144582683937,19.608416733707045,0.7840593203411793,0.0052691887328538,3,1,0.1,2.2173316402498418,0.5089958942448497,1,0.5446737702811059,0.27,0.3,1,10,1,0.8200692173309004,0.8,0.5089958942448497,0.5089958942448497,1,0.9,-3.653622713553468
0.6235557399855779,0.0194149513557141,114.27880028074247,1.109968533229083,-0.0028698266469613,3,1,0.1,1.2877768114047583,0.2683885507893314,1,0.6620754953793236,0.27,0.3,1,10,1,4.602641770852708,0.8,0.2683885507893314,0.2683885507893314,1,0.9,-1.7415232784930073
0.3424568389832015,0.0231451537001924,11.268526072322713,0.2859517584358295,-0.0063665717312189,3,1,0.1,5.127729731226184,0.9318539652493332,1,0.7891777403611651,0.27,0.3,1,10,1,2.6187822335158177,0.8,0.9318539652493332,0.9318539652493332,1,0.9,-5.392981100712788
0.4337352609658153,0.029262374947191,19.0676858473618,0.5958689550596021,-0.0094661057627158,3,1,0.1,2.359691115828224,0.5419446768400341,1,0.8540694824921613,0.27,0.3,1,10,1,2.206428840470029,0.8,0.5419446768400341,0.5419446768400341,1,0.9,-3.892367589102812
0.3520776345239307,0.0230837606839671,24.61972554521858,0.2523789460105253,-0.0067078323916885,3,1,0.1,5.389901188375151,0.9876749387518432,1,0.9369511592708656,0.27,0.3,1,10,1,4.619840171485949,0.8,0.9876749387518432,0.9876749387518432,1,0.9,-5.751385487841746
0.2457263095323046,0.0229640169704692,10.653025115283045,0.8322102164354671,0.0115496920468917,3,1,0.1,5.263441620050244,0.5135665132582947,1,0.9575213789733664,0.27,0.3,1,10,1,0.8068808286354692,0.8,0.5135665132582947,0.5135665132582947,1,0.9,-2.216521302317317
0.3363569877550953,0.0138186821026541,22.914907373767218,0.2898746911254514,-0.0043382378808012,3,1,0.1,4.976959232993326,0.8608103601846808,1,0.5337838806911114,0.27,0.3,1,10,1,3.773251183407524,0.8,0.8608103601846808,0.8608103601846808,1,0.9,-4.81091449831156
0.4302498679263871,0.033186556416962,33.64609572871716,0.4352318963973987,-0.0124619087533294,3,1,0.1,5.939270313432967,0.65732701900539,1,0.869089319783029,0.27,0.3,1,10,1,4.132293285129909,0.8,0.65732701900539,0.65732701900539,1,0.9,-2.9539109511030466
0.5991655805722549,0.0344702382173263,66.41332633846186,0.9148864770452336,-0.013103791279437,3,1,0.1,2.438795927006913,0.3506664583814104,1,0.8834968103333125,0.27,0.3,1,10,1,4.472679704869853,0.8,0.3506664583814104,0.3506664583814104,1,0.9,-1.7590553918114509
0.2304769578224704,0.0130754769268356,7.30917262168705,0.3667295673568906,-0.0004097966818553,3,1,0.1,14.597111877558005,0.9088120852702952,1,0.5536038683674839,0.27,0.3,1,10,1,1.0077366501074398,0.8,0.9088120852702952,0.9088120852702952,1,0.9,-3.544257378110536
0.3542552796782255,0.0256087051988869,11.94949922023142,0.3180773103509159,-0.0073612263660009,3,1,0.1,5.596303640223286,0.8614394108697471,1,0.8020624435594759,0.27,0.3,1,10,1,2.5524357397210147,0.8,0.8614394108697471,0.8614394108697471,1,0.9,-4.480853634158153
0.2138277097267164,0.0144394871553602,15.89706072487608,0.8341702926969002,0.0088970258202883,3,1,0.1,6.161108968834004,0.4973872806549243,1,0.6017990758517126,0.27,0.3,1,10,1,0.7784804533431493,0.8,0.4973872806549243,0.4973872806549243,1,0.9,-2.042751426040909
0.2904936746988287,0.0142608911640008,22.202635631495248,1.3140803148609037,0.0159705699992835,3,1,0.1,2.373918030039443,0.319580063656906,1,0.61122088856554,0.27,0.3,1,10,1,0.9143766811812742,0.8,0.319580063656906,0.319580063656906,1,0.9,-1.5531309235890358
0.3615029665451619,0.0236801985067192,24.40908734595454,0.2827293119964678,-0.0073155735204019,3,1,0.1,4.397217408276608,0.9003201840601834,1,0.8718697464783766,0.27,0.3,1,10,1,4.283622981793923,0.8,0.9003201840601834,0.9003201840601834,1,0.9,-5.746360063166766
0.4699946606779066,0.0035883914311677,43.477232438822746,3.153957113109083,0.0693513824129669,3,1,0.1,0.8484488309488861,0.112002741013058,1,0.511573338632552,0.27,0.3,1,10,1,1.042843442147874,0.8,0.112002741013058,0.112002741013058,1,0.9,-0.5395283112064853
0.3560515754153885,0.0253247554506892,18.34068980690486,0.2657581555551313,-0.0073568519844331,3,1,0.1,5.9732934561603725,0.9615610572597192,1,0.9161019900336348,0.27,0.3,1,10,1,3.81836863151203,0.8,0.9615610572597192,0.9615610572597192,1,0.9,-5.133354646880558
0.0320337491994617,0.0032651170205191,12.285194178408675,1.0013875985390308,0.0387685650030424,3,1,0.1,13.61586813270796,0.5123390633150113,1,0.802708333324307,0.27,0.3,1,10,1,0.2248170692705273,0.8,0.5123390633150113,0.5123390633150113,1,0.9,-1.8721714088759656
0.4819801764894142,0.0364243414994335,49.87753280465448,0.5261486814024925,-0.0148971078981857,3,1,0.1,3.321344810172247,0.5680633898640702,1,0.9814848804791104,0.27,0.3,1,10,1,4.730567756162899,0.8,0.5680633898640702,0.5680633898640702,1,0.9,-3.15107442349262
0.0842695203933241,0.0067377161163855,11.097413689055466,0.6468544642977467,0.0141422942507266,3,1,0.1,7.94840259984437,0.7021958664423594,1,0.6688022901326844,0.27,0.3,1,10,1,0.4056833612248262,0.8,0.7021958664423594,0.7021958664423594,1,0.9,-2.9484329573096746
0.2014715415574899,0.0128270783263916,9.708834050765768,0.5028841628284313,0.0028720321365859,3,1,0.1,3.298306495243428,0.7505585775818023,1,0.6559893003567129,0.27,0.3,1,10,1,0.7954492719244267,0.8,0.7505585775818023,0.7505585775818023,1,0.9,-5.33412453063464
0.4322943822365981,0.0296814488941402,28.23831844507889,0.474976758776632,-0.0111045175586446,3,1,0.1,2.779381298934296,0.6158848418785783,1,0.8424990235047989,0.27,0.3,1,10,1,3.3908568402973,0.8,0.6158848418785783,0.6158848418785783,1,0.9,-4.250807212062912
0.3274714429886263,0.0164309612545631,13.491589788624914,0.2708895271155848,-0.0046133390510922,3,1,0.1,7.373945082755939,0.9446867606534424,1,0.5943117030699326,0.27,0.3,1,10,1,2.9298615053351167,0.8,0.9446867606534424,0.9446867606534424,1,0.9,-4.491621478624566
0.3574065638260499,0.0182431790167609,23.427974485914948,0.3393262354500097,-0.006081226343677,3,1,0.1,4.756388515367362,0.7710652288183767,1,0.5893740323245108,0.27,0.3,1,10,1,3.487626630513482,0.8,0.7710652288183767,0.7710652288183767,1,0.9,-4.133911315110038
0.336554333066721,0.0254823113823343,8.5617361985252,0.3099694571751948,-0.0063801567489791,3,1,0.1,5.580679360914048,0.9120760216703612,1,0.8449632772036055,0.27,0.3,1,10,1,2.027321590727808,0.8,0.9120760216703612,0.9120760216703612,1,0.9,-4.914314182974902
0.0263900450220785,0.0018397833651896,17.132359694339065,0.921319787452812,0.0238939828642344,3,1,0.1,2.4397589291504858,0.5426929944495373,1,0.6559927300885972,0.27,0.3,1,10,1,0.2069917202253869,0.8,0.5426929944495373,0.5426929944495373,1,0.9,-3.7610225135335007
0.2254968232793127,0.0140467437301552,18.43104974588214,1.0246253335803874,0.0128699434208195,3,1,0.1,3.43553328752794,0.4178348298049195,1,0.6241554542092362,0.27,0.3,1,10,1,0.7772309855655597,0.8,0.4178348298049195,0.4178348298049195,1,0.9,-1.9446395356229085
0.2836423275470777,0.0164539565513384,8.277716009813647,0.3657735757524956,-0.0027374786308684,3,1,0.1,4.925528564563862,0.8429152841163171,1,0.6081669026545659,0.27,0.3,1,10,1,1.3627374179916976,0.8,0.8429152841163171,0.8429152841163171,1,0.9,-4.677467013075132
0.3497537236684718,0.0273818922000563,10.925686813643722,0.3063742059634999,-0.0076258723419239,3,1,0.1,74.41023101447396,0.8974796371608473,1,0.7872563430307882,0.27,0.3,1,10,1,2.5156429430427227,0.8,0.8974796371608473,0.8974796371608473,1,0.9,-3.078229060959286
0.368747232103491,0.0264796320131229,18.217625416122395,0.3187905254329803,-0.0083254164477683,3,1,0.1,7.049495187318954,0.8368204522596767,1,0.8052611496814571,0.27,0.3,1,10,1,3.3806217959064533,0.8,0.8368204522596767,0.8368204522596767,1,0.9,-3.857995640776856
0.3354315115358633,0.0237396814533018,14.602415263910284,0.7851692377195444,0.0002533938781632,3,1,0.1,4.0149502545037965,0.4838483687736993,1,0.7356582331447503,0.27,0.3,1,10,1,1.199535329263933,0.8,0.4838483687736993,0.4838483687736993,1,0.9,-2.243759338846784
0.3552695235409198,0.0159461895211795,34.96811880564586,0.3191236119875726,-0.0054265649234469,3,1,0.1,3.800065528549943,0.789362765509198,1,0.59332691368631,0.27,0.3,1,10,1,4.5369997667204505,0.8,0.789362765509198,0.789362765509198,1,0.9,-5.106051500166492
0.530599076281427,0.0275833192560624,21.32702977805005,1.1640545963199391,0.0014845676897181,3,1,0.1,1.6235789136661738,0.3018204552951845,1,0.9676507157925992,0.27,0.3,1,10,1,1.8497363553714663,0.8,0.3018204552951845,0.3018204552951845,1,0.9,-1.7767602329299237
0.2471767817475463,0.0216980744688039,5.659782238039915,0.3473202873647576,-0.0010501770958717,3,1,0.1,34.985037999709824,0.9810343659589946,1,0.8642042353338952,0.27,0.3,1,10,1,1.0262653261046089,0.8,0.9810343659589946,0.9810343659589946,1,0.9,-3.499058891718658
0.3494377333830452,0.0205722679030026,18.18687822828108,0.3023063535423261,-0.0063415839562369,3,1,0.1,8.876538008950844,0.8601518291903069,1,0.6571964561644748,0.27,0.3,1,10,1,3.3578388726847743,0.8,0.8601518291903069,0.8601518291903069,1,0.9,-3.7048554858785394
0.2686960652122481,0.0117654094996717,6.9202662072116485,0.2921081338625518,-0.0020044829764223,3,1,0.1,7.0086906322174585,0.9928658391686804,1,0.5022561941688721,0.27,0.3,1,10,1,1.4223641168557095,0.8,0.9928658391686804,0.9928658391686804,1,0.9,-4.9436516459962085
0.4051626057768667,0.0295900637926641,37.92125160863889,0.3860426296013863,-0.0107821589357062,3,1,0.1,16.55725370032337,0.7108056004815382,1,0.7887269282555545,0.27,0.3,1,10,1,4.646016188845266,0.8,0.7108056004815382,0.7108056004815382,1,0.9,-2.633111813536477
0.4644219794666564,0.0302545068223781,41.55292295902055,0.5393184995786012,-0.0121561519658779,3,1,0.1,2.4231626822690706,0.5546702462515403,1,0.8492111238450316,0.27,0.3,1,10,1,3.944065554302665,0.8,0.5546702462515403,0.5546702462515403,1,0.9,-3.9685180727748826
0.4995176911793293,0.0438545550916603,21.45973401116895,0.654865442047006,-0.0163037823224102,3,1,0.1,13.114887643003184,0.5033159412157308,1,0.9940021482743692,0.27,0.3,1,10,1,2.794659972526495,0.8,0.5033159412157308,0.5033159412157308,1,0.9,-1.842731595443132
0.37794054468438,0.0264602090491984,29.00908722272244,0.3139339496546977,-0.0086976233682342,3,1,0.1,4.961090041311828,0.8296692280363683,1,0.8836557388213477,0.27,0.3,1,10,1,4.482319609891072,0.8,0.8296692280363683,0.8296692280363683,1,0.9,-4.535314809430131
0.4661002591238439,0.0177464035871605,42.704322618629234,0.8765525473055736,-0.0049706773439962,3,1,0.1,1.850744030001076,0.3828685533448789,1,0.5467807816869813,0.27,0.3,1,10,1,2.322183553318583,0.8,0.3828685533448789,0.3828685533448789,1,0.9,-2.4671105009180048
0.1078529052575564,0.0078795557303835,10.66993848138974,0.5978987499023528,0.0104823178568623,3,1,0.1,4.284143623871887,0.7320885394379656,1,0.676900937046587,0.27,0.3,1,10,1,0.4767082624885138,0.8,0.7320885394379656,0.7320885394379656,1,0.9,-4.058552168995097
0.5449383786457307,0.017532569797107,85.89102153834942,0.974410576767249,-0.0054849698497548,3,1,0.1,1.493833344975857,0.3287100549103878,1,0.5600587454143755,0.27,0.3,1,10,1,3.576865243570264,0.8,0.3287100549103878,0.3287100549103878,1,0.9,-2.251920952916338
0.2582171641478593,0.0165349428312837,8.47299008984021,0.4144736630698603,-0.00131696576388,3,1,0.1,17.048725143609282,0.8032383957536213,1,0.5888402708265057,0.27,0.3,1,10,1,1.1230345504953807,0.8,0.8032383957536213,0.8032383957536213,1,0.9,-3.008158122815169
0.2873172217559891,0.0156734123199919,15.317020534050677,0.616872627207074,-0.0005114428086821,3,1,0.1,3.401803384693518,0.5750163635632585,1,0.5587419487864862,0.27,0.3,1,10,1,1.1558685959257684,0.8,0.5750163635632585,0.5750163635632585,1,0.9,-3.165047006702255
0.0402497458613168,0.0039677911370696,11.233838830212612,0.850511015787938,0.0299257273413893,3,1,0.1,3.4995682527258585,0.5963720544413114,1,0.9498776770488746,0.27,0.3,1,10,1,0.252166032203671,0.8,0.5963720544413114,0.5963720544413114,1,0.9,-3.3001448175883983
0.0836356700512561,0.0067258495492616,11.663157506837493,0.6811386463974871,0.0152965943305173,3,1,0.1,7.542544854740483,0.6716856697723693,1,0.6674483983499537,0.27,0.3,1,10,1,0.4026955956872752,0.8,0.6716856697723693,0.6716856697723693,1,0.9,-2.82621106779229
0.3568726568959528,0.0230616498418266,22.885772967983527,0.2789130016243578,-0.0070350471584435,3,1,0.1,5.578143743810518,0.9119807406535304,1,0.8274246381896733,0.27,0.3,1,10,1,4.153545192119731,0.8,0.9119807406535304,0.9119807406535304,1,0.9,-4.914861312823555
0.3532396335112935,0.0275762311847508,10.295626650071112,0.4376009189330464,-0.00676553523509,3,1,0.1,4.356826107529564,0.716828822735078,1,0.8343319136619205,0.27,0.3,1,10,1,1.7134937298091146,0.8,0.716828822735078,0.716828822735078,1,0.9,-3.87833598545339
0.5002692673665902,0.02517971424039,52.18623811967621,0.7394397747572079,-0.0100939823882751,3,1,0.1,2.148900264685857,0.4332364169043324,1,0.6811298202865952,0.27,0.3,1,10,1,3.503432128917943,0.8,0.4332364169043324,0.4332364169043324,1,0.9,-2.7269166403891933
0.2267279427859,0.0187368409254323,5.760216653080839,0.3558466162686674,0.0003429668435269,3,1,0.1,5.718767840640397,0.9901918946005166,1,0.9170633601793968,0.27,0.3,1,10,1,0.912185662899349,0.8,0.9901918946005166,0.9901918946005166,1,0.9,-5.53809249040605
0.00215355880556,0.0001808644363493,8.261561051488073,0.5128043179796772,0.0150285785283411,3,1,0.1,5.903219754263112,0.9640018781011354,1,0.8222731086849183,0.27,0.3,1,10,1,0.0574977845942184,0.8,0.9640018781011354,0.9640018781011354,1,0.9,-5.191478423669183
0.528512739482175,0.0288814731476772,49.83300477945569,0.8285485276190274,-0.0111693473194253,3,1,0.1,3.216772491168301,0.3956409567035585,1,0.6923612542073769,0.27,0.3,1,10,1,3.491182357642665,0.8,0.3956409567035585,0.3956409567035585,1,0.9,-1.8496123320389
0.3239345706300569,0.0133978663649203,20.065258734648687,0.2474748285857268,-0.0038282813997728,3,1,0.1,16.294904110689423,0.9885289494123024,1,0.5528066970494591,0.27,0.3,1,10,1,3.944618701861863,0.8,0.9885289494123024,0.9885289494123024,1,0.9,-3.838432199056041
0.2590029370472402,0.0137346595617832,20.91965461492732,0.917019593861833,0.0062359467289258,3,1,0.1,2.787574604329358,0.43907566509093,1,0.5636676142663959,0.27,0.3,1,10,1,0.9187069170388532,0.8,0.43907566509093,0.43907566509093,1,0.9,-2.314069283475435
0.4147337991769715,0.0257362091763687,29.438738188229923,0.4687863545984549,-0.0095991413104182,3,1,0.1,3.3959569104265896,0.6167139146787705,1,0.704566287655029,0.27,0.3,1,10,1,3.3543876397172694,0.8,0.6167139146787705,0.6167139146787705,1,0.9,-3.567329361600417
0.5429433765999948,0.0236927610685103,79.10629901341458,0.8732074683696025,-0.0092172253450033,3,1,0.1,2.028427929487325,0.3690551361365308,1,0.6409640271914907,0.27,0.3,1,10,1,4.088968847087912,0.8,0.3690551361365308,0.3690551361365308,1,0.9,-2.1377029851353804
0.399249357418193,0.0199070311846958,49.97154215874739,0.4305118829900957,-0.0077228786314245,3,1,0.1,3.4450679675021694,0.6315792960270084,1,0.5972577543071609,0.27,0.3,1,10,1,4.538451443709455,0.8,0.6315792960270084,0.6315792960270084,1,0.9,-3.67903085314041
0.4527564218334601,0.0307261354587078,43.828257579441214,0.5116168347067945,-0.0123032167828007,3,1,0.1,3.699828877467992,0.5772335225034609,1,0.7981734640036365,0.27,0.3,1,10,1,4.230710489414193,0.8,0.5772335225034609,0.5772335225034609,1,0.9,-3.025513586630008
0.3336742842237779,0.0193557296702004,12.815261048139307,0.2706106302401535,-0.0053787630535045,3,1,0.1,6.6800558328197805,0.9553706056257976,1,0.6810141551835088,0.27,0.3,1,10,1,2.90122677192732,0.8,0.9553706056257976,0.9553706056257976,1,0.9,-4.779549876107916
0.5272347844998593,0.0137014529841273,39.91436177780655,1.3912417822060024,0.0085179040644613,3,1,0.1,1.0737912968515573,0.2373891085330511,1,0.6332155154391176,0.27,0.3,1,10,1,1.8250144916147768,0.8,0.2373891085330511,0.2373891085330511,1,0.9,-1.6343816710711856
0.3324565123275964,0.0161332096876152,19.971936713551106,0.2503080306113426,-0.0046246322912943,3,1,0.1,5.22225514813246,0.9851378344596864,1,0.6719924071133021,0.27,0.3,1,10,1,3.964999056065506,0.8,0.9851378344596864,0.9851378344596864,1,0.9,-5.865645977360531
0.4270788274412602,0.0191489223878742,60.47336597444258,0.5351201070585209,-0.0078612395697344,3,1,0.1,2.808582101727722,0.5376353253337728,1,0.5473871348085295,0.27,0.3,1,10,1,4.21782755483491,0.8,0.5376353253337728,0.5376353253337728,1,0.9,-3.238730383808892
0.3551300891688025,0.025333413466868,17.154725633924276,0.2695494319249102,-0.0073527515808865,3,1,0.1,6.757826114815708,0.9539828633306056,1,0.885396162711501,0.27,0.3,1,10,1,3.6367211427515023,0.8,0.9539828633306056,0.9539828633306056,1,0.9,-4.74186583341833
0.4518787319549302,0.0396554059979755,41.04385077509622,0.4480944665400559,-0.0152630284553816,3,1,0.1,23.26772706793384,0.648597634366114,1,0.9765685402011794,0.27,0.3,1,10,1,4.785306026723642,0.8,0.648597634366114,0.648597634366114,1,0.9,-2.312396495804082
0.2439232984367475,0.0152160124209554,6.760747791641571,0.3517338069415219,-0.0009981474751619,3,1,0.1,6.030305418781747,0.933493998573132,1,0.6505545957150183,0.27,0.3,1,10,1,1.068828363988838,0.8,0.933493998573132,0.933493998573132,1,0.9,-4.87108921112547
0.5348371325288785,0.0318169161713726,66.48289350888189,0.7734027472811533,-0.0134316351050912,3,1,0.1,4.061441159761266,0.4174757797098681,1,0.7279025381053421,0.27,0.3,1,10,1,4.42304179423726,0.8,0.4174757797098681,0.4174757797098681,1,0.9,-1.8306570853757835
0.0559159574407559,0.0051229578311633,12.011012992340271,0.8311086477749916,0.0255949994770326,3,1,0.1,4.011202627538762,0.5922238420745306,1,0.8238163579426162,0.27,0.3,1,10,1,0.3071019777032373,0.8,0.5922238420745306,0.5922238420745306,1,0.9,-3.011558681053822
0.1005835334536476,0.0074648319270215,10.58524253625722,0.5860503452843187,0.0105371358849741,3,1,0.1,20.983108742620743,0.7451805961836846,1,0.6071482061711015,0.27,0.3,1,10,1,0.4610894444477674,0.8,0.7451805961836846,0.7451805961836846,1,0.9,-2.708362405554019
0.3312580497958164,0.0132186631591175,20.53937300380627,0.2763537000609623,-0.0040125762838878,3,1,0.1,4.030216898781698,0.8973903086684787,1,0.545801792990632,0.27,0.3,1,10,1,3.6567163980019046,0.8,0.8973903086684787,0.8973903086684787,1,0.9,-6.226077306116206
0.3105054285019782,0.0194228654577177,13.477081933361536,0.5860074015392761,-0.0020881713436067,3,1,0.1,3.610723629350992,0.5943490349979424,1,0.637683229458243,0.27,0.3,1,10,1,1.2679882985286943,0.8,0.5943490349979424,0.5943490349979424,1,0.9,-3.2166032841268324
0.0009679970961294,6.896450019487108e-05,18.813224584231644,1.2604148830466475,0.0398302025293822,3,1,0.1,1.954807991019843,0.4259365060495512,1,0.7386305071507944,0.27,0.3,1,10,1,0.0374583257265514,0.8,0.4259365060495512,0.4259365060495512,1,0.9,-2.8881792759682146
0.4093447439473916,0.0304989787812519,27.0647052886559,0.3924377875981026,-0.010852335558545,3,1,0.1,4.071392437261296,0.7089668039791155,1,0.8812439788084501,0.27,0.3,1,10,1,3.8095037406362113,0.8,0.7089668039791155,0.7089668039791155,1,0.9,-3.980580617844064
0.4057131874407827,0.0133706851618425,22.33995368782712,1.8726882132880536,0.0331291511366897,3,1,0.1,1.2051481063380458,0.2138999826589236,1,0.7677393975840308,0.27,0.3,1,10,1,1.0794089090094698,0.8,0.2138999826589236,0.2138999826589236,1,0.9,-1.2170140719877374
0.2837113710496385,0.0161874757343392,7.118022842266825,0.3059634976758115,-0.0030439869251759,3,1,0.1,29.738661300060546,0.956393130653434,1,0.5718456829469175,0.27,0.3,1,10,1,1.5062136454183996,0.8,0.956393130653434,0.956393130653434,1,0.9,-3.4466101266117226
0.3685815390993716,0.0275962110633306,15.495097649044007,0.3029886670624251,-0.0083118683534858,3,1,0.1,4.021472518766411,0.8772789182330701,1,0.9365713939604808,0.27,0.3,1,10,1,3.1917779408093825,0.8,0.8772789182330701,0.8772789182330701,1,0.9,-5.955894032182638
0.3772510722775317,0.0278271172560178,14.04646213023141,0.785896952153859,-0.002068809137561,3,1,0.1,2.995203465475328,0.4759629627563493,1,0.8700085637845933,0.27,0.3,1,10,1,1.3382374232106071,0.8,0.4759629627563493,0.4759629627563493,1,0.9,-2.521469368660677
0.0754198909597037,0.0054159859857623,16.067511031765186,0.926648414603202,0.0220154125700144,3,1,0.1,2.337197597204375,0.5211988834328379,1,0.7107494249112092,0.27,0.3,1,10,1,0.3671167289707007,0.8,0.5211988834328379,0.5211988834328379,1,0.9,-3.6219807265679895
0.4759855390563103,0.0382470375164143,18.356411560520325,0.7519039445649986,-0.0119044741146775,3,1,0.1,20.599880899604106,0.4585623084203704,1,0.8444058157872414,0.27,0.3,1,10,1,2.1901005466850805,0.8,0.4585623084203704,0.4585623084203704,1,0.9,-1.612284733339468
0.0740413627530499,0.0047662916698263,8.402887947851864,0.4615959281250527,0.0076782576313821,3,1,0.1,9.59978015810638,0.95090006962448,1,0.6086651791119299,0.27,0.3,1,10,1,0.381797837341012,0.8,0.95090006962448,0.95090006962448,1,0.9,-4.122483464828593
0.3445011291607567,0.0219079210411878,12.42806783613679,0.2978988447757962,-0.0062421954950594,3,1,0.1,4.301886556493623,0.8936952379959583,1,0.7476998794196087,0.27,0.3,1,10,1,2.679068837765936,0.8,0.8936952379959583,0.8936952379959583,1,0.9,-5.781496548702134
0.3858266607550744,0.0255848289815216,37.42279879658537,0.3336249020280303,-0.008819528450262,3,1,0.1,3.894187641504727,0.7830498993939181,1,0.8662858206378458,0.27,0.3,1,10,1,4.923983979936791,0.8,0.7830498993939181,0.7830498993939181,1,0.9,-4.9173329987547305
0.4046320366352626,0.0186909424499549,27.21582251867101,0.658162572092223,-0.0057008503673171,3,1,0.1,2.278572906421318,0.4909679772203885,1,0.5641426918322806,0.27,0.3,1,10,1,2.087620168931717,0.8,0.4909679772203885,0.4909679772203885,1,0.9,-3.291336073396269
0.1363380430116247,0.0109273096119382,12.24314378535613,0.744566843156907,0.0141046363203709,3,1,0.1,3.88491605313896,0.5972916972175105,1,0.739209413592969,0.27,0.3,1,10,1,0.5430958594200038,0.8,0.5972916972175105,0.5972916972175105,1,0.9,-3.1047889980367493
0.5687183745028194,0.0242350085578813,76.33054942758424,0.9945014122965534,-0.0076555657111763,3,1,0.1,2.862527897866426,0.3211705556459869,1,0.6003141970653303,0.27,0.3,1,10,1,3.991820308755608,0.8,0.3211705556459869,0.3211705556459869,1,0.9,-1.4502337037526625
0.468886812054484,0.0180719888358914,61.31621816821111,0.7394802750142005,-0.007071381800685,3,1,0.1,2.142971999135137,0.4269879272354009,1,0.5207557981857124,0.27,0.3,1,10,1,3.3035039760039595,0.8,0.4269879272354009,0.4269879272354009,1,0.9,-2.659950689648813
0.3897319490350268,0.0190742726541586,46.27235106793648,0.4297496992389757,-0.0073406433462126,3,1,0.1,45.643411146228765,0.6338544987384345,1,0.5070960444639526,0.27,0.3,1,10,1,4.315904487484126,0.8,0.6338544987384345,0.6338544987384345,1,0.9,-2.1836041509695345
0.3212651175977051,0.0140281271515332,12.448850909222868,0.2855204981680186,-0.0039128936246173,3,1,0.1,4.326121501974395,0.90675414315711,1,0.5386026066974312,0.27,0.3,1,10,1,2.5803940677089927,0.8,0.90675414315711,0.90675414315711,1,0.9,-5.915665833979274
0.22821474060634,0.0167039189181181,6.353027022774161,0.3627765080152241,-9.39365153484342e-05,3,1,0.1,14.885062756429804,0.9489324307919798,1,0.707488071470573,0.27,0.3,1,10,1,0.9567780582184656,0.8,0.9489324307919798,0.9489324307919798,1,0.9,-3.715845804549743
0.346988903060755,0.0226455215419476,11.63215140039555,0.3322128660038068,-0.0064248986813344,3,1,0.1,3.9241185033857096,0.8331373413005176,1,0.7403432199171169,0.27,0.3,1,10,1,2.334926951666133,0.8,0.8331373413005176,0.8331373413005176,1,0.9,-5.503556818346481
0.3517372355004893,0.0183271846169053,18.748401607032257,0.6475203388202361,-0.0033816888001193,3,1,0.1,2.4644968575629016,0.5254944204799004,1,0.5951638072749069,0.27,0.3,1,10,1,1.5134041534537654,0.8,0.5254944204799004,0.5254944204799004,1,0.9,-3.486053886933135
0.0015151603915325,0.0001425159412803,10.681815614317882,0.7327546117654304,0.025914377816342,3,1,0.1,3.1276803928600527,0.7032745185005552,1,0.9299467035029628,0.27,0.3,1,10,1,0.0473280878389918,0.8,0.7032745185005552,0.7032745185005552,1,0.9,-4.931746555465852
0.605751528668545,0.0138189659201037,30.8017959127412,1.7097619562962936,0.0273679994408163,3,1,0.1,0.8057994495024922,0.1840210538819643,1,0.9939241393167888,0.27,0.3,1,10,1,1.8172016042384989,0.8,0.1840210538819643,0.1840210538819643,1,0.9,-1.3131187634917083
0.7548339748198866,0.0049784605724565,93.88887896948268,1.5752887067483767,0.0375877498451955,3,1,0.1,0.5745973662759888,0.1211170346742942,1,0.6969424551907846,0.27,0.3,1,10,1,2.8698554261158145,0.8,0.1211170346742942,0.1211170346742942,1,0.9,-0.7944712972525512
0.3588051197513787,0.0146654643686322,10.545533432840765,3.0432946464751343,0.152564222284412,3,1,0.1,4.62769741681723,0.1508242281436939,1,0.8992045841045248,0.27,0.3,1,10,1,0.8295363057452074,0.8,0.1508242281436939,0.1508242281436939,1,0.9,-0.5441267128230596
0.4027823038294928,0.0226965405034385,37.93547334778231,0.4231585835652768,-0.0085512852201318,3,1,0.1,2.83963807724008,0.6500674645750562,1,0.6871665395699345,0.27,0.3,1,10,1,4.06140444701421,0.8,0.6500674645750562,0.6500674645750562,1,0.9,-4.651589552341624
0.3556659160464921,0.0225416575870398,27.568872172783912,0.2737657072770119,-0.0069115693516534,3,1,0.1,7.795368122663017,0.9200609304508122,1,0.8240746453023238,0.27,0.3,1,10,1,4.664555257952692,0.8,0.9200609304508122,0.9200609304508122,1,0.9,-4.232473737306546
0.2878860287596392,0.0147435162793257,10.02484267301042,0.4008457644912973,-0.0025796322921198,3,1,0.1,4.29468532000116,0.7706554327164931,1,0.5411041850219939,0.27,0.3,1,10,1,1.3888673156628388,0.8,0.7706554327164931,0.7706554327164931,1,0.9,-4.419169164170568
0.4029616277954577,0.0349431845159819,27.286524672710545,0.3466030315778132,-0.0118486267038691,3,1,0.1,19.51100569698256,0.7867492750838281,1,0.982058599842884,0.27,0.3,1,10,1,4.297998958639692,0.8,0.7867492750838281,0.7867492750838281,1,0.9,-2.894869600462893
0.4055205029659861,0.0344449379161633,20.28665025742896,0.3715358156036471,-0.011614640334348,3,1,0.1,6.716058194676724,0.7538431210314546,1,0.9668877823385869,0.27,0.3,1,10,1,3.44181901424925,0.8,0.7538431210314546,0.7538431210314546,1,0.9,-3.404452571145569
0.3354384277584117,0.0189607647338409,14.607843058840146,0.2554974611982798,-0.005270474022881,3,1,0.1,4.520148161985585,0.9895145412001736,1,0.7386660774510937,0.27,0.3,1,10,1,3.287076091999777,0.8,0.9895145412001736,0.9895145412001736,1,0.9,-6.7423249820381015
0.4485254023063788,0.028415453094867,22.93623672585564,0.6451263359624995,-0.0096071199218896,3,1,0.1,2.4806120830529808,0.5048034744941944,1,0.7876076331144615,0.27,0.3,1,10,1,2.351246286216346,0.8,0.5048034744941944,0.5048034744941944,1,0.9,-3.204078032519842
0.104575593833175,0.006599885404923,18.505782623785706,0.9070012831218972,0.0167160535653961,3,1,0.1,3.306089965938965,0.5054255290220176,1,0.5743046209944532,0.27,0.3,1,10,1,0.4611046240927375,0.8,0.5054255290220176,0.5054255290220176,1,0.9,-2.6189749324088725
0.0033610879690925,0.0002489523079282,12.327934126026316,0.6885630568166831,0.0186395878189589,3,1,0.1,3.154498789909427,0.7269256606605495,1,0.6943538330708204,0.27,0.3,1,10,1,0.0721063335841069,0.8,0.7269256606605495,0.7269256606605495,1,0.9,-5.241319634887653
0.419011378922672,0.0271691501742573,19.92747543580778,0.5661715228853643,-0.0089731004220632,3,1,0.1,2.8071093772816886,0.5587868822681965,1,0.7555703113483164,0.27,0.3,1,10,1,2.283389476925578,0.8,0.5587868822681965,0.5587868822681965,1,0.9,-3.478134188131857
0.2136303869806143,0.015653911936391,14.363108092786645,1.0168138280729346,0.0172887852988663,3,1,0.1,2.022562518817241,0.4429216960920631,1,0.9016885508790272,0.27,0.3,1,10,1,0.6986532798061442,0.8,0.4429216960920631,0.4429216960920631,1,0.9,-3.019095605298575
0.3556665675775852,0.0218578470431878,24.018234781395503,0.2760091209858996,-0.0066753435504469,3,1,0.1,4.009499779843314,0.9142178444030846,1,0.8387005065329991,0.27,0.3,1,10,1,4.265653202402705,0.8,0.9142178444030846,0.9142178444030846,1,0.9,-6.511943325178885
0.3663289104514646,0.0268112584305976,19.233866027317568,0.3079495393988593,-0.0083693232205383,3,1,0.1,17.229915809636676,0.8588425017362886,1,0.7967370329524174,0.27,0.3,1,10,1,3.594021570659558,0.8,0.8588425017362886,0.8588425017362886,1,0.9,-3.2395973159029365
0.2411513931494763,0.0183789008190907,7.976852859884976,0.4546049887172123,0.0006264255797991,3,1,0.1,4.1157181561546645,0.7917896059622426,1,0.7892237608581981,0.27,0.3,1,10,1,0.9480168649625308,0.8,0.7917896059622426,0.7917896059622426,1,0.9,-4.789068891699142
0.0267884843677412,0.0021036138541134,9.049443543885191,0.5427965505797872,0.0139322757648852,3,1,0.1,4.255549979721252,0.8855247027759706,1,0.7735372694734868,0.27,0.3,1,10,1,0.2097037066795981,0.8,0.8855247027759706,0.8855247027759706,1,0.9,-5.737527125353335
0.3264115735420191,0.0201669137420364,9.772459273998024,0.2668221386438963,-0.0052002173629179,3,1,0.1,6.753635574845943,0.9906863922735176,1,0.7125820210907025,0.27,0.3,1,10,1,2.4469887602839435,0.8,0.9906863922735176,0.9906863922735176,1,0.9,-5.020774171702286
0.2178462657683141,0.011786283294733,7.807112352407547,0.3900947293412961,0.0003703212296273,3,1,0.1,4.155064967443035,0.8826567650524564,1,0.5829934943315456,0.27,0.3,1,10,1,0.9214850709840688,0.8,0.8826567650524564,0.8826567650524564,1,0.9,-5.833833286367169
0.09625279660829,0.0095282739696962,9.142316406796851,0.6593590759555698,0.0179079335783449,3,1,0.1,4.180289865081472,0.7070008145151407,1,0.9919823423981876,0.27,0.3,1,10,1,0.4231819947779289,0.8,0.7070008145151407,0.7070008145151407,1,0.9,-3.8929416819478417
0.3670329759965556,0.0180553888337826,22.16260978722244,0.4173483345301165,-0.0061636761490291,3,1,0.1,4.134384402674059,0.6670541252969556,1,0.5378986922256297,0.27,0.3,1,10,1,2.7739425449872472,0.8,0.6670541252969556,0.6670541252969556,1,0.9,-3.565992558552809
0.3537682099117463,0.023931630273472,22.66609607408213,0.2627466329018001,-0.0070549756660989,3,1,0.1,8.38512530127866,0.9609399729653212,1,0.8747643932963926,0.27,0.3,1,10,1,4.320751560932981,0.8,0.9609399729653212,0.9609399729653212,1,0.9,-4.37228891112845
0.5692670123383162,0.0373094742623706,47.11933400688323,0.8412049669408054,-0.0147802672810551,3,1,0.1,3.516995247796743,0.3886583975050905,1,0.8865294640202197,0.27,0.3,1,10,1,3.853539444526221,0.8,0.3886583975050905,0.3886583975050905,1,0.9,-1.7456499781238095
0.4940989117182128,0.0313497002721719,27.57704344877744,0.7003152678314991,-0.0113867156559327,3,1,0.1,2.047396949753821,0.4672143105367911,1,0.904331232459138,0.27,0.3,1,10,1,2.6829136960193782,0.8,0.4672143105367911,0.4672143105367911,1,0.9,-3.331045235596278
0.3659724373048587,0.0252945178007581,19.34363912278116,0.3295073744610746,-0.0081105647595431,3,1,0.1,45.03085458987762,0.813261784644871,1,0.7061365086695515,0.27,0.3,1,10,1,3.395697351109684,0.8,0.813261784644871,0.813261784644871,1,0.9,-2.8301351792933165
0.4054162396026597,0.027377453026307,31.93411656429176,0.3987942875925436,-0.009964529644703,3,1,0.1,3.782694899639436,0.6916725087583321,1,0.7964709808764917,0.27,0.3,1,10,1,4.0341438810991175,0.8,0.6916725087583321,0.6916725087583321,1,0.9,-4.021264085626068
0.3539801444423043,0.0237481202343551,11.946195814161271,0.4127744264491783,-0.0065206708866278,3,1,0.1,3.386784900537182,0.7232741562427903,1,0.7395267367040242,0.27,0.3,1,10,1,1.9434850713848884,0.8,0.7232741562427903,0.7232741562427903,1,0.9,-4.805502569781818
0.3365254474167478,0.0190111102283702,14.379162334249733,0.2715883820905438,-0.0054110606214428,3,1,0.1,5.619917708520709,0.943966895233241,1,0.6837546455847001,0.27,0.3,1,10,1,3.109850784422807,0.8,0.943966895233241,0.943966895233241,1,0.9,-5.1746235912140985
0.3553100539223024,0.0260002064974779,13.888150716705196,0.2719923336269307,-0.007359133843581,3,1,0.1,4.537123936925298,0.9574800980952328,1,0.9377105793945606,0.27,0.3,1,10,1,3.1829662363857847,0.8,0.9574800980952328,0.9574800980952328,1,0.9,-6.28773900368779
0.1911200570551586,0.0123636522248855,7.53415670031547,0.4103309382892744,0.001975290850343,3,1,0.1,11.010132563571268,0.8927774064150084,1,0.6129975548426051,0.27,0.3,1,10,1,0.7883293607155645,0.8,0.8927774064150084,0.8927774064150084,1,0.9,-3.670368470410263
0.3322959038973589,0.014751827831419,23.04782230632713,0.2622590780237789,-0.0044026370061273,3,1,0.1,9.177550913963763,0.9391341513138848,1,0.5858419594364621,0.27,0.3,1,10,1,4.134208127778454,0.8,0.9391341513138848,0.9391341513138848,1,0.9,-4.11234755110096
0.4595837894926128,0.0218570045419268,28.49632235770965,0.8842787706177363,-0.0048452014521533,3,1,0.1,1.7655824932982562,0.3930564205900197,1,0.6849632206985456,0.27,0.3,1,10,1,1.957492008574844,0.8,0.3930564205900197,0.3930564205900197,1,0.9,-2.726433864548132
0.2202588807313685,0.021421441536132,6.947214682121123,0.4685073676381679,0.0029851951963345,3,1,0.1,20.11228284802252,0.8150647805724839,1,0.9118412077223604,0.27,0.3,1,10,1,0.8323362275095032,0.8,0.8150647805724839,0.8150647805724839,1,0.9,-3.000621416003047
0.3766663071779121,0.0309924419043129,17.166239538404206,0.3119913771467335,-0.009574089307846,3,1,0.1,10.485921567066637,0.8614414320908097,1,0.928952597668901,0.27,0.3,1,10,1,3.417581015435671,0.8,0.8614414320908097,0.8614414320908097,1,0.9,-3.55243151661492
0.3757767050333036,0.0197454986281126,23.41097443123279,0.4506431934877981,-0.0068694373683967,3,1,0.1,12.374307814583664,0.6350164303653287,1,0.5183429063247877,0.27,0.3,1,10,1,2.750330991314848,0.8,0.6350164303653287,0.6350164303653287,1,0.9,-2.404655989462776
0.7180955250730555,0.0095642060360976,38.73291854536607,1.7995377980604543,0.065188186117794,3,1,0.1,0.8236567904924283,0.1270533105864373,1,0.8084559046073132,0.27,0.3,1,10,1,2.32541617834536,0.8,0.1270533105864373,0.1270533105864373,1,0.9,-0.6616622879259815
0.0129634978634579,0.0006820837871646,9.612431655703428,0.4853440600396224,0.0085293941460275,3,1,0.1,5.502221827301267,0.9835682729252946,1,0.5444759588422728,0.27,0.3,1,10,1,0.1449511399597793,0.8,0.9835682729252946,0.9835682729252946,1,0.9,-5.6245962880793074
0.2381879857889718,0.016452263249061,6.124938722011987,0.3426153818007529,-0.0006557744893596,3,1,0.1,4.580354787086033,0.9786822729908602,1,0.7685849566716012,0.27,0.3,1,10,1,1.0099646653496026,0.8,0.9786822729908602,0.9786822729908602,1,0.9,-6.505840889608022
0.4862067385101467,0.0372187495989927,26.24822745567991,0.6580370657400268,-0.0141150216711468,3,1,0.1,7.850195769473258,0.4954560534511779,1,0.8362723156397827,0.27,0.3,1,10,1,2.9239970257343244,0.8,0.4954560534511779,0.4954560534511779,1,0.9,-1.9367346511679264
0.4113951343246755,0.0339732922280137,18.073309085142608,0.4185031344160828,-0.0115565846524314,3,1,0.1,5.834247433922707,0.6963077571759614,1,0.9089463465103832,0.27,0.3,1,10,1,2.94009552026591,0.8,0.6963077571759614,0.6963077571759614,1,0.9,-3.21685349544232
0.3284250820255976,0.0139712426201943,17.429398518265852,0.2690523308613514,-0.0040952770176867,3,1,0.1,4.634666817839649,0.9274937532583404,1,0.5623368032743024,0.27,0.3,1,10,1,3.401887354358742,0.8,0.9274937532583404,0.9274937532583404,1,0.9,-5.799904064753028
0.3071998774338436,0.0137780207761183,9.344537716482682,0.274412357100673,-0.0034364256021027,3,1,0.1,5.338969222154669,0.964619749578548,1,0.5387526720291792,0.27,0.3,1,10,1,2.1554410504211634,0.8,0.964619749578548,0.964619749578548,1,0.9,-5.558893156211105
0.1376418285373988,0.0125653975377691,7.674970060572849,0.5084343761580399,0.0089356733301793,3,1,0.1,7.028297571203746,0.8323188267232562,1,0.8733806800903687,0.27,0.3,1,10,1,0.5591418559061974,0.8,0.8323188267232562,0.8323188267232562,1,0.9,-3.83374689069092
0.459230251445579,0.018073864905953,33.70647091272614,1.017985918310753,-0.0018085157007611,3,1,0.1,1.6709597312277005,0.3450947604601497,1,0.6003861954168795,0.27,0.3,1,10,1,1.8435834339463977,0.8,0.3450947604601497,0.3450947604601497,1,0.9,-2.220221486957083
0.3975198302968716,0.0256736912670285,34.68278561912601,0.3971294580542227,-0.0093989873143728,3,1,0.1,7.379752515759981,0.690574300441603,1,0.6999505776879589,0.27,0.3,1,10,1,4.183341983818815,0.8,0.690574300441603,0.690574300441603,1,0.9,-2.944927769664604
0.4367098568752627,0.031377252425289,42.46975253689975,0.4510537516643957,-0.0121556469057314,3,1,0.1,4.132572846050429,0.633020551393962,1,0.8526213656002477,0.27,0.3,1,10,1,4.528580449302244,0.8,0.633020551393962,0.633020551393962,1,0.9,-3.283724369994947
0.082917669776825,0.0040766521845258,26.08049898619434,1.6150731227007968,0.0364735285176597,3,1,0.1,2.166553055294786,0.3109684852913871,1,0.5593563475344664,0.27,0.3,1,10,1,0.3765263289912471,0.8,0.3109684852913871,0.3109684852913871,1,0.9,-1.558520611107605
0.0356358500060965,0.0027570759670938,10.454876896659089,0.6074781785282961,0.0152056382773787,3,1,0.1,4.476179216351152,0.7868618936838992,1,0.709031776565377,0.27,0.3,1,10,1,0.2454867983447656,0.8,0.7868618936838992,0.7868618936838992,1,0.9,-4.446856765386079
0.9223898987303468,8.581481774019407e-05,1819.5441499807555,0.6080009732458737,0.0112875383206254,3,1,0.1,0.2582669833220001,0.0589586155841288,1,0.5568251545436724,0.27,0.3,1,10,1,4.238267064636732,0.8,0.0589586155841288,0.0589586155841288,1,0.9,-0.4205318245970026
0.1033077801223557,0.0053141634953766,11.01724523912263,0.5235782826220079,0.0061826967498314,3,1,0.1,4.640101450169934,0.8070413795048388,1,0.5110067617865074,0.27,0.3,1,10,1,0.4756909773201936,0.8,0.8070413795048388,0.8070413795048388,1,0.9,-4.527562837138932
0.2290865118564072,0.0133119317959176,17.427169646486487,1.4597676207961066,0.0293937348305632,3,1,0.1,1.7333782963074302,0.3193128684797646,1,0.8275201864306032,0.27,0.3,1,10,1,0.6977615618553347,0.8,0.3193128684797646,0.3193128684797646,1,0.9,-1.866780097117207
0.267883288993706,0.0262104601591072,6.008180091602617,0.3825821817160184,-0.0018122376441515,3,1,0.1,71.85651364801744,0.9014821881518974,1,0.9584657600099304,0.27,0.3,1,10,1,1.0813571313573287,0.8,0.9014821881518974,0.9014821881518974,1,0.9,-3.0955569837188923
0.3979704429068089,0.01850244051201,53.65172657433475,0.4450180489456587,-0.0072799427253646,3,1,0.1,4.653594951178747,0.612966152632901,1,0.5352019648715453,0.27,0.3,1,10,1,4.519370976143037,0.8,0.612966152632901,0.612966152632901,1,0.9,-2.94983429874939
0.0256830565852139,0.0020051234488931,10.59815845143354,0.6234915779248402,0.0164059835196285,3,1,0.1,3.5501902734564714,0.7801638321786407,1,0.7458652586425174,0.27,0.3,1,10,1,0.2046503707362406,0.8,0.7801638321786407,0.7801638321786407,1,0.9,-5.337259108734014
0.4026400243055111,0.029011454769739,14.492459273476126,0.614960712045156,-0.0071881212394793,3,1,0.1,2.460007335704222,0.551030396004875,1,0.8978753160319641,0.27,0.3,1,10,1,1.7170039727161082,0.8,0.551030396004875,0.551030396004875,1,0.9,-3.847891628278229
0.3037475971994879,0.0258746464994323,6.463967278160784,0.3341658921449795,-0.0045984336221315,3,1,0.1,12.397332719013631,0.9278697666297904,1,0.8747375014713048,0.27,0.3,1,10,1,1.43484474011454,0.8,0.9278697666297904,0.9278697666297904,1,0.9,-3.747318637374175
0.3543198389644297,0.0277741009569633,11.411682775758797,0.2713902469474396,-0.0075648897752099,3,1,0.1,5.02067106012789,0.9753690523521424,1,0.9896727489492878,0.27,0.3,1,10,1,2.839443550010432,0.8,0.9753690523521424,0.9753690523521424,1,0.9,-5.946989997791158
0.7950224556523589,1.6153971099103972e-05,1741.425481332303,2.9580054358398225,0.006345141524508,3,1,0.1,0.2125197559046886,0.048934056681839,1,0.6264031248566155,0.27,0.3,1,10,1,1.848086571129388,0.8,0.048934056681839,0.048934056681839,1,0.9,-0.3524989180688713
0.325705022789798,0.0242780573328792,8.103367802773915,0.2824368814607277,-0.0059052412376224,3,1,0.1,59.70646838559436,0.9805859196479002,1,0.7592167109643781,0.27,0.3,1,10,1,2.0940783864951342,0.8,0.9805859196479002,0.9805859196479002,1,0.9,-3.39886905927961
0.5149090094916668,0.0224969223522413,39.06201186665191,0.9839791860498188,-0.0053865644275371,3,1,0.1,2.1005230055169952,0.3420310159495671,1,0.6333924097536975,0.27,0.3,1,10,1,2.4690611927509614,0.8,0.3420310159495671,0.3420310159495671,1,0.9,-1.838698011051207
0.4649793020284816,0.0187738740753749,72.61642273341542,0.6837011393934195,-0.0077974517340978,3,1,0.1,2.52315196732782,0.4502696260707105,1,0.5190015506176355,0.27,0.3,1,10,1,3.9125429741884137,0.8,0.4502696260707105,0.4502696260707105,1,0.9,-2.571773788762477
0.3190474091507465,0.0146634170558793,11.400299948238256,0.277390326476965,-0.0039654962296968,3,1,0.1,4.768289310060107,0.936215694735169,1,0.5601196252337284,0.27,0.3,1,10,1,2.5081909348216564,0.8,0.936215694735169,0.936215694735169,1,0.9,-5.759180843550291
0.4740226071593558,0.0185018495974024,62.63970690077832,0.744220578934409,-0.007283507735112,3,1,0.1,2.059680263385743,0.4247475859429216,1,0.53453232278216,0.27,0.3,1,10,1,3.372126796007193,0.8,0.4247475859429216,0.4247475859429216,1,0.9,-2.7289354343061705
0.2844013298783978,0.004801068455789,42.3645180822011,2.4518191261132443,0.0337625394592704,3,1,0.1,0.7980756443725688,0.1837791952033614,1,0.5958962528198759,0.27,0.3,1,10,1,0.7564662666807493,0.8,0.1837791952033614,0.1837791952033614,1,0.9,-1.3240055228293617
0.0001276060039062,7.4984822247584835e-06,19.554988258627976,0.8669726181040167,0.0196249111609733,3,1,0.1,3.002509047000568,0.5774449777456437,1,0.5263488554839749,0.27,0.3,1,10,1,0.0142143960548916,0.8,0.5774449777456437,0.5774449777456437,1,0.9,-3.491721666194576
0.4185855594971307,0.0338999133958237,17.903380463034722,0.4321993584189157,-0.0115674182491891,3,1,0.1,3.6147449997835857,0.6795849126182401,1,0.9719887708532288,0.27,0.3,1,10,1,2.848864243243672,0.8,0.6795849126182401,0.6795849126182401,1,0.9,-4.035599506879595
0.3464182914214433,0.018014572154372,25.466909441404763,0.2751902626129834,-0.0055456866325286,3,1,0.1,4.038674448025756,0.90570081178703,1,0.7151915094999822,0.27,0.3,1,10,1,4.315061850277111,0.8,0.90570081178703,0.90570081178703,1,0.9,-6.332680427301858
0.3436450409392044,0.0239351764740497,10.235779647911198,0.3286471385129109,-0.0064721014881956,3,1,0.1,4.323262722646664,0.8538692692082311,1,0.7821541484517633,0.27,0.3,1,10,1,2.172369567637821,0.8,0.8538692692082311,0.8538692692082311,1,0.9,-5.279075962369625
0.4012969864906726,0.028999113098435,39.28153674344113,0.3606178053811263,-0.0103308088121111,3,1,0.1,5.200108945037954,0.7441044654933857,1,0.8859598076955981,0.27,0.3,1,10,1,4.923769896804164,0.8,0.7441044654933857,0.7441044654933857,1,0.9,-3.723609390405535
0.3664042646345895,0.0238782202662042,22.005727394271645,0.3149961599639586,-0.0076691523087688,3,1,0.1,5.2022415474202255,0.8312013345788566,1,0.7699800701508859,0.27,0.3,1,10,1,3.745248087986485,0.8,0.8312013345788566,0.8312013345788566,1,0.9,-4.417624467946062
0.3464910455756956,0.0214271541514789,16.442325078452818,0.6962237521116321,-0.0026365125357371,3,1,0.1,3.649551188285835,0.5126039525129064,1,0.6440177931173091,0.27,0.3,1,10,1,1.377835361808374,0.8,0.5126039525129064,0.5126039525129064,1,0.9,-2.5416659173324323
0.3351113676631438,0.0158659264501135,24.39228405747481,0.2501211188433735,-0.0046311482259838,3,1,0.1,4.277675234711462,0.9773523134050944,1,0.703610080248031,0.27,0.3,1,10,1,4.446225008592065,0.8,0.9773523134050944,0.9773523134050944,1,0.9,-6.977808998566525
0.1598916728951943,0.0026800679224527,36.15666024233623,3.4831382014462244,0.0666751241215518,3,1,0.1,0.9634068088917837,0.1537692528886451,1,0.5711360991073543,0.27,0.3,1,10,1,0.4784777709731311,0.8,0.1537692528886451,0.1537692528886451,1,0.9,-0.8167352136007153
0.3686942694102861,0.024478534021485,24.32209724770483,0.3040197583819344,-0.0078250871800797,3,1,0.1,4.194465510707062,0.8513401217570147,1,0.8453247324780593,0.27,0.3,1,10,1,4.0875200600248105,0.8,0.8513401217570147,0.8513401217570147,1,0.9,-5.390864018436111
0.4414617037247257,0.0338423517384611,20.8399753333902,0.5234167911683695,-0.0121074606606561,3,1,0.1,3.797680942552368,0.5899685839922536,1,0.8875212057635944,0.27,0.3,1,10,1,2.7538727519750106,0.8,0.5899685839922536,0.5899685839922536,1,0.9,-3.084718987077472
0.3704744204440144,0.0303317806969178,10.724030331839382,0.364436696392337,-0.0085792332439605,3,1,0.1,4.011518349233027,0.7970097357156806,1,0.9581965228112456,0.27,0.3,1,10,1,2.196191023724656,0.8,0.7970097357156806,0.7970097357156806,1,0.9,-4.952715774987063
0.7293414375884936,0.0221192912925226,18.21130724201897,1.7646059275794963,0.1238680343853389,3,1,0.1,3.1421021750781506,0.1329164850986934,1,0.9046775752629592,0.27,0.3,1,10,1,2.4766126953094005,0.8,0.1329164850986934,0.1329164850986934,1,0.9,-0.4915754810935091
0.3423426970703345,0.0294668237443004,8.32636166007844,0.2766121692649834,-0.0073596880030096,3,1,0.1,23.407675003487576,0.9969187541444312,1,0.9385070247970224,0.27,0.3,1,10,1,2.274566863664533,0.8,0.9969187541444312,0.9969187541444312,1,0.9,-3.689730429921276
0.3969609554963516,0.0247315873303049,18.22409376995381,0.632329379424547,-0.0066786111892749,3,1,0.1,3.1806708881476125,0.5272548526921594,1,0.6892074187802897,0.27,0.3,1,10,1,1.8415976883006773,0.8,0.5272548526921594,0.5272548526921594,1,0.9,-2.8661059887374574
0.475142570473818,0.0289091649340279,27.315762180262382,0.7582306227888989,-0.009730021845993,3,1,0.1,3.426526275002918,0.4423238825156486,1,0.718449374879987,0.27,0.3,1,10,1,2.445471446899993,0.8,0.4423238825156486,0.4423238825156486,1,0.9,-2.1099382567508727
0.3740117843318573,0.0253023154473226,17.41722553471665,0.3504541984459288,-0.0081360596353865,3,1,0.1,3.607781763111424,0.7784668672655733,1,0.7920760848923385,0.27,0.3,1,10,1,3.0216043519009417,0.8,0.7784668672655733,0.7784668672655733,1,0.9,-5.226085247253035
0.0328274779501555,0.002870029485983,14.52084658211658,1.074302590562917,0.0367392084776591,3,1,0.1,3.7308735727004496,0.4797976644731772,1,0.7745585502189871,0.27,0.3,1,10,1,0.226953929978286,0.8,0.4797976644731772,0.4797976644731772,1,0.9,-2.284983350685188
0.3472919646042403,0.0198631880433825,26.13005327308457,0.2652857983437927,-0.005986293065085,3,1,0.1,6.346994166092345,0.9390123482455272,1,0.7682157528686331,0.27,0.3,1,10,1,4.549400112121523,0.8,0.9390123482455272,0.9390123482455272,1,0.9,-4.78020178164377
0.1625850930841059,0.0091286578126247,13.502366050640005,0.617417927346105,0.005836482126264,3,1,0.1,3.6109582110339087,0.6544776384090818,1,0.5436887296382192,0.27,0.3,1,10,1,0.655708271609742,0.8,0.6544776384090818,0.6544776384090818,1,0.9,-3.780340112308085
0.3466027733789403,0.0155388078731433,28.275140334908983,0.2990589747196207,-0.0050461660673886,3,1,0.1,4.004203643683505,0.8366286095104086,1,0.5957981189451533,0.27,0.3,1,10,1,4.221277742899266,0.8,0.8366286095104086,0.8366286095104086,1,0.9,-5.441710021298772
0.3293334345827894,0.029269866661455,8.587966496447963,0.4587921744771155,-0.0052544919642607,3,1,0.1,9.78283982622582,0.7268590593539006,1,0.8757043736345216,0.27,0.3,1,10,1,1.4054028742260327,0.8,0.7268590593539006,0.7268590593539006,1,0.9,-2.930996466181057
0.5193849889784511,0.0382630987838631,16.928671607764933,1.0625187784882455,-0.0039490975466706,3,1,0.1,68.50280560846198,0.3310674643271654,1,0.8566389004427946,0.27,0.3,1,10,1,1.969970835451652,0.8,0.3310674643271654,0.3310674643271654,1,0.9,-1.1161447277837944
0.0998952102341392,0.0071343912111996,8.44128359370066,0.4814214510932459,0.0078616891944654,3,1,0.1,10.146768468679516,0.8891692159088931,1,0.6497031458903754,0.27,0.3,1,10,1,0.4611853654000374,0.8,0.8891692159088931,0.8891692159088931,1,0.9,-3.725697522962191
0.6661184830536032,0.0240395661727932,85.75695061005996,1.1418905918183486,-0.0015882512722935,3,1,0.1,1.1351925729312964,0.2559424622457186,1,0.93394898522618,0.27,0.3,1,10,1,4.504806568004871,0.8,0.2559424622457186,0.2559424622457186,1,0.9,-1.8001703569905718
0.3455432494611539,0.0269688260062035,9.341422432994513,0.4073014141943403,-0.0063368285982789,3,1,0.1,3.455067222035134,0.7604423809366186,1,0.8921244406788948,0.27,0.3,1,10,1,1.6754500901107494,0.8,0.7604423809366186,0.7604423809366186,1,0.9,-5.210878283683976
0.4931095130794556,0.0221138639978064,75.79741571723956,0.7619368780819377,-0.0091609688691499,3,1,0.1,4.1462781358767655,0.4180880597811087,1,0.5337481700207963,0.27,0.3,1,10,1,4.057092047083485,0.8,0.4180880597811087,0.4180880597811087,1,0.9,-1.822402917086816
0.2695689491154879,0.0192838352372081,14.075707882172178,1.2486509241765915,0.0226465581015697,3,1,0.1,2.563150220126388,0.3575435956600901,1,0.9011172281813048,0.27,0.3,1,10,1,0.8089363195832995,0.8,0.3575435956600901,0.3575435956600901,1,0.9,-1.7669184206898887
0.6499102790135636,0.01001347152869,46.13838274798974,1.6559719128867192,0.0326812858002715,3,1,0.1,0.9008867478682246,0.1557362202472741,1,0.638921648854435,0.27,0.3,1,10,1,2.187223026574684,0.8,0.1557362202472741,0.1557362202472741,1,0.9,-0.870078225540551
0.0245922519519496,0.0023107983905164,7.480179131612039,0.4976615255258977,0.0152329540147547,3,1,0.1,6.414511148205612,0.9726917794585002,1,0.9570548136519612,0.27,0.3,1,10,1,0.1988386160631901,0.8,0.9726917794585002,0.9726917794585002,1,0.9,-5.017689839595808
0.2341166867304761,0.0191972311101322,6.776564075174878,0.4131425001304604,0.0007840435526843,3,1,0.1,3.822725368079097,0.8728610852766057,1,0.9236511616033322,0.27,0.3,1,10,1,0.9126245484443194,0.8,0.8728610852766057,0.8728610852766057,1,0.9,-6.227352991335177
0.3628396012677366,0.0239659527055578,17.9921900814266,0.3186302148815523,-0.007522000797675,3,1,0.1,5.307562951387844,0.8324768882592265,1,0.7550446586711509,0.27,0.3,1,10,1,3.288671353223851,0.8,0.8324768882592265,0.8324768882592265,1,0.9,-4.376691458444737
0.2993566274713177,0.0179185770230862,9.830004856888744,0.4063550369762366,-0.0034412420887316,3,1,0.1,9.605863358284154,0.7640131327970159,1,0.5732141525031272,0.27,0.3,1,10,1,1.4554512741765644,0.8,0.7640131327970159,0.7640131327970159,1,0.9,-3.1270399188577374
0.3953867674682738,0.0173579743674844,38.63477380958745,0.4820196025280089,-0.0066494298210861,3,1,0.1,3.4256249175153,0.5839915248622317,1,0.5065048423798693,0.27,0.3,1,10,1,3.419819646526338,0.8,0.5839915248622317,0.5839915248622317,1,0.9,-3.2324401808257104
0.3605921822116736,0.0181737083386366,18.27410831048165,0.4526709941578421,-0.0057038637709465,3,1,0.1,3.3544279357185154,0.6443674149761718,1,0.5536128992939141,0.27,0.3,1,10,1,2.2252216524807182,0.8,0.6443674149761718,0.6443674149761718,1,0.9,-3.892663793269709
0.4668913355417818,0.0307955258050673,30.926941250251048,0.6101760049375213,-0.0118691581486466,3,1,0.1,3.248324744829281,0.5159645880246215,1,0.7802391348235191,0.27,0.3,1,10,1,3.0915677677305347,0.8,0.5159645880246215,0.5159645880246215,1,0.9,-2.73269173430221
0.1536773267872644,0.0130061120337375,11.900540476849171,0.7311610651523358,0.0128067282282208,3,1,0.1,107.96122499120536,0.5918162191113437,1,0.6635478017700205,0.27,0.3,1,10,1,0.6025296123437023,0.8,0.5918162191113437,0.5918162191113437,1,0.9,-1.9982802233784671
0.825059044883107,0.0025650410520257,89.7646202589983,1.7668929598351282,0.0721121200681985,3,1,0.1,0.4851398120559425,0.08603693709622,1,0.8926520972518011,0.27,0.3,1,10,1,2.7653427459374305,0.8,0.08603693709622,0.08603693709622,1,0.9,-0.489238836926539
0.3847452604760952,0.0296632459782304,18.04545516996925,0.3386655647840846,-0.0095284888538752,3,1,0.1,4.221187160270065,0.8034863764925859,1,0.9263581738610474,0.27,0.3,1,10,1,3.290262781919471,0.8,0.8034863764925859,0.8034863764925859,1,0.9,-4.81828498840326
0.3512673038223579,0.0223720130124833,20.55828829119744,0.260653376572353,-0.0065323756238417,3,1,0.1,4.206531929367578,0.9648242884927154,1,0.8830663395828118,0.27,0.3,1,10,1,4.064071261546884,0.8,0.9648242884927154,0.9648242884927154,1,0.9,-6.918998851725952
0.5899249018683557,0.0199236770561603,58.43701835633868,1.1530167691847666,-0.0009893037419476,3,1,0.1,1.5892250960458607,0.2679444171880077,1,0.62827392473026,0.27,0.3,1,10,1,3.108768736790999,0.8,0.2679444171880077,0.2679444171880077,1,0.9,-1.4723876718598738
0.3312278979630623,0.0152190253547409,21.1029430469668,0.2636308045313555,-0.0045096654146426,3,1,0.1,42.70140610091481,0.9404798229460696,1,0.5647439931984881,0.27,0.3,1,10,1,3.925385672247825,0.8,0.9404798229460696,0.9404798229460696,1,0.9,-3.30476685242802
0.4012088144670811,0.0325308695072573,20.61795498859757,0.3879444513455817,-0.0111165632615691,3,1,0.1,12.399817552031482,0.729010120929372,1,0.8442498593884927,0.27,0.3,1,10,1,3.328579156529416,0.8,0.729010120929372,0.729010120929372,1,0.9,-2.816389880559069
0.4241890308298277,0.0309284553834509,31.58817743045656,0.4540506154344639,-0.0116461524216636,3,1,0.1,8.8617545580948,0.6373541611959286,1,0.7621020568063455,0.27,0.3,1,10,1,3.799462972587496,0.8,0.6373541611959286,0.6373541611959286,1,0.9,-2.552943024452894
0.3690507989424746,0.0244663558038482,14.986884343173635,0.4245979394837532,-0.0075757428742394,3,1,0.1,6.164435554276981,0.6920130010558573,1,0.6677206858916688,0.27,0.3,1,10,1,2.284716350813292,0.8,0.6920130010558573,0.6920130010558573,1,0.9,-3.125358742522661
0.6840457680700847,0.0065809451755566,78.56801215146346,1.589372112350081,0.0243311914688764,3,1,0.1,0.6486158720980056,0.1479869867546866,1,0.6363720402719234,0.27,0.3,1,10,1,2.4944549961900755,0.8,0.1479869867546866,0.1479869867546866,1,0.9,-1.054870042591677
0.3173654649784346,0.0157178052511324,10.58896146225469,0.2779666157283854,-0.0041565954969183,3,1,0.1,8.880721894874084,0.9452575261266252,1,0.5592204736865731,0.27,0.3,1,10,1,2.3982279526076047,0.8,0.9452575261266252,0.9452575261266252,1,0.9,-4.191968558991693
0.4260786345334252,0.0362391940322853,19.05371601680228,0.4541020179958814,-0.0126788926587759,3,1,0.1,7.83079302829492,0.6580191981271558,1,0.9128819233600728,0.27,0.3,1,10,1,2.9394088347168545,0.8,0.6580191981271558,0.6580191981271558,1,0.9,-2.7283413042538136
0.348380839864467,0.01728359451028,24.409537852194056,0.3060897587899323,-0.0055735096423395,3,1,0.1,6.847250681856449,0.8316468477216816,1,0.5905931937646861,0.27,0.3,1,10,1,3.86284510205476,0.8,0.8316468477216816,0.8316468477216816,1,0.9,-3.868483524425756
0.5454342324177189,0.0303478942390118,51.25580919791818,0.870714751872726,-0.0114885130963218,3,1,0.1,3.6189967773709326,0.3767816184465971,1,0.7069925316630006,0.27,0.3,1,10,1,3.603641943069764,0.8,0.3767816184465971,0.3767816184465971,1,0.9,-1.658943135766675
0.2069515149303989,0.0165258549684801,13.14542863594824,1.1206772454110614,0.0241078201189463,3,1,0.1,2.3301844127240106,0.4154628608410078,1,0.9904641563573848,0.27,0.3,1,10,1,0.661380745853558,0.8,0.4154628608410078,0.4154628608410078,1,0.9,-2.371462041384051
0.3418839277862721,0.0248340135128254,10.387415562149036,0.4451886088683728,-0.0056462015490369,3,1,0.1,3.3288660083778003,0.710483814082342,1,0.801932348276168,0.27,0.3,1,10,1,1.608082425131854,0.8,0.710483814082342,0.710483814082342,1,0.9,-4.717745301644079
0.6534379318167223,0.0240627090609412,104.36132633064872,1.1191826337039217,-0.002968192378779,3,1,0.1,1.3262163588725349,0.2621726235937152,1,0.8119139276016728,0.27,0.3,1,10,1,4.980289893465633,0.8,0.2621726235937152,0.2621726235937152,1,0.9,-1.6221471412727997
0.3332868217857552,0.0126514253972275,28.398507799085944,0.2745115375758442,-0.0039539699785747,3,1,0.1,6.211896491973936,0.8902111555889685,1,0.5315172368185591,0.27,0.3,1,10,1,4.431968958899982,0.8,0.8902111555889685,0.8902111555889685,1,0.9,-4.458082325494935
0.3876596404753143,0.0276811103137249,23.61879324415304,0.3493417446891409,-0.0093233070367696,3,1,0.1,4.076272977706542,0.7720018994401472,1,0.8552121362517795,0.27,0.3,1,10,1,3.72810942286217,0.8,0.7720018994401472,0.7720018994401472,1,0.9,-4.610959855541742
0.0063450341690509,0.0001638949362263,18.55649026996554,5.021814554801657,0.174258584257351,3,1,0.1,1.560764656141415,0.1355263943992408,1,0.7575481742244923,0.27,0.3,1,10,1,0.0811302298969822,0.8,0.1355263943992408,0.1355263943992408,1,0.9,-0.5665424381329736
0.2811800374832224,0.0246986211416252,7.356896056534164,0.4423405143627094,-0.0015849549164341,3,1,0.1,3.9869687825533497,0.7918921763373784,1,0.992140835817541,0.27,0.3,1,10,1,1.095703951865426,0.8,0.7918921763373784,0.7918921763373784,1,0.9,-4.919626216571399
0.3786668045496946,0.0237634758211554,20.11536038156021,0.3856290778898911,-0.0080031686206708,3,1,0.1,3.943866515653819,0.7186892970264531,1,0.6984626897353844,0.27,0.3,1,10,1,3.017986027731023,0.8,0.7186892970264531,0.7186892970264531,1,0.9,-4.167782165298309
0.1459568539139283,0.0073986731164005,7.388559559049621,0.3824890631084133,0.0026770462838004,3,1,0.1,24.686306543826348,0.996778278312823,1,0.5061632260678962,0.27,0.3,1,10,1,0.632126995842548,0.8,0.996778278312823,0.996778278312823,1,0.9,-3.668192351359461
0.339974707655107,0.0225938670627215,11.050304461151924,0.4016952549342061,-0.0058577369175254,3,1,0.1,4.792548873534332,0.7448763633616343,1,0.6863629282996935,0.27,0.3,1,10,1,1.837019220566228,0.8,0.7448763633616343,0.7448763633616343,1,0.9,-3.89572943880704
0.2563811289469987,0.011805792571744,25.138981139962087,0.9904757381987616,0.0068638609188867,3,1,0.1,2.512071713672904,0.4084539404383221,1,0.5142862247185379,0.27,0.3,1,10,1,0.9086339708972304,0.8,0.4084539404383221,0.4084539404383221,1,0.9,-2.1938365416141368
0.3580765671149779,0.0167274446634126,23.651701017650847,0.3568717566820963,-0.0056637328867514,3,1,0.1,3.234169390318525,0.7378950570284847,1,0.5639065183436649,0.27,0.3,1,10,1,3.29443417231506,0.8,0.7378950570284847,0.7378950570284847,1,0.9,-5.2597529529705085
0.3838410990297323,0.0193807274851985,47.25967478431856,0.3903684540962798,-0.0072639799383477,3,1,0.1,7.023031959780014,0.6793504260588383,1,0.5750331025445379,0.27,0.3,1,10,1,4.731664679907891,0.8,0.6793504260588383,0.6793504260588383,1,0.9,-2.924607204071985
0.5267783792345084,0.0282787145823628,23.449859147194285,1.066446499327054,-0.0028307702572225,3,1,0.1,1.829965861091098,0.326374255866946,1,0.8913319012530863,0.27,0.3,1,10,1,2.006439733028224,0.8,0.326374255866946,0.326374255866946,1,0.9,-1.8633447235932576
0.3912648244925121,0.0226965744236793,45.1328143909035,0.3848393497229687,-0.008412293545225,3,1,0.1,6.394878063182394,0.6949807540687838,1,0.6639564437302196,0.27,0.3,1,10,1,4.824059788592696,0.8,0.6949807540687838,0.6949807540687838,1,0.9,-3.1036235334035647
0.4897451037122118,0.0275025081462679,72.86875083866997,0.6335804212674944,-0.0117883023388544,3,1,0.1,2.6783053235916383,0.4847359339661492,1,0.7163474359191832,0.27,0.3,1,10,1,4.7717852930124245,0.8,0.4847359339661492,0.4847359339661492,1,0.9,-2.7969339056598823
0.169952998202933,0.0122560859108377,10.47496471663217,0.569546734569036,0.0061481143218461,3,1,0.1,9.938346378794447,0.706394547388002,1,0.6222188742779946,0.27,0.3,1,10,1,0.676742820955364,0.8,0.706394547388002,0.706394547388002,1,0.9,-2.8228047504384666
0.3286761884904948,0.0298167352213142,8.877936395480639,0.5127901095999741,-0.004157435465211,3,1,0.1,5.9973806113267125,0.6800590854719956,1,0.9477217412338148,0.27,0.3,1,10,1,1.2949052041999185,0.8,0.6800590854719956,0.6800590854719956,1,0.9,-3.082419092291686
0.3056815344833841,0.0226450152721222,7.537805926144868,0.3616000637425586,-0.0041748787437561,3,1,0.1,4.3688205624457765,0.8575510448610768,1,0.8087238603366177,0.27,0.3,1,10,1,1.4429973140033916,0.8,0.8575510448610768,0.8575510448610768,1,0.9,-5.274064321786445
0.3821340523928686,0.0199401713955406,22.71525027464978,0.6444035664335542,-0.0055458558504018,3,1,0.1,10.094672971440826,0.5095977283332532,1,0.509993405011568,0.27,0.3,1,10,1,1.900997646586291,0.8,0.5095977283332532,0.5095977283332532,1,0.9,-1.925461024834641
0.2728355721663977,0.0234523070391648,7.005608312793815,0.4195866342299547,-0.0013364877424467,3,1,0.1,3.66347087189592,0.8294457477765416,1,0.9998283256371594,0.27,0.3,1,10,1,1.0722327382976904,0.8,0.8294457477765416,0.8294457477765416,1,0.9,-5.861263434496876
0.3323055604278262,0.0166542341501634,14.819703209648212,0.2699671832467238,-0.0047587453238476,3,1,0.1,4.095512605324691,0.9402790491279148,1,0.6438259721475676,0.27,0.3,1,10,1,3.126642995681665,0.8,0.9402790491279148,0.9402790491279148,1,0.9,-6.750578796886263
0.3850908280564677,0.0193742023034461,32.59004569209685,0.4117671221237778,-0.0071149555981136,3,1,0.1,3.044523356705536,0.6604679141385297,1,0.5976574864522846,0.27,0.3,1,10,1,3.648840330354365,0.8,0.6604679141385297,0.6604679141385297,1,0.9,-4.458267447164425
0.007801550600708,0.0004966790013254,10.516266256837698,0.5540167825233336,0.0121944402269538,3,1,0.1,5.068122409437254,0.8775153429146219,1,0.603176079605575,0.27,0.3,1,10,1,0.1114642691719328,0.8,0.8775153429146219,0.8775153429146219,1,0.9,-4.907827241628227
0.3561033797652748,0.0291821072094418,9.13634666075604,0.3758359892666651,-0.0073694257054383,3,1,0.1,3.4726902964274795,0.7992508571209531,1,0.9840052114067914,0.27,0.3,1,10,1,1.846142249195453,0.8,0.7992508571209531,0.7992508571209531,1,0.9,-5.754446391245181
0.7734901034385545,0.0037789130476449,79.8013234441271,1.7361158085389303,0.0552141897095035,3,1,0.1,0.5494950415461024,0.1026055709466501,1,0.7352600678945369,0.27,0.3,1,10,1,2.551982096424035,0.8,0.1026055709466501,0.1026055709466501,1,0.9,-0.606089622653915
0.3506919838124525,0.0257621301879171,12.613438024130412,0.2697105662254059,-0.0071384953479325,3,1,0.1,5.533490121322717,0.9703418718905548,1,0.904383382022156,0.27,0.3,1,10,1,3.008620951702981,0.8,0.9703418718905548,0.9703418718905548,1,0.9,-5.474444194998325
0.3406905552069839,0.0188678235480828,15.76926721081455,0.2891768917406992,-0.0055924004165835,3,1,0.1,5.918268853222921,0.8931776805981732,1,0.6476968935634542,0.27,0.3,1,10,1,3.1345467883193456,0.8,0.8931776805981732,0.8931776805981732,1,0.9,-4.59555469634518
0.4144604220579501,0.0326647510051147,14.580194290397234,0.5703922355799094,-0.0095864359660164,3,1,0.1,4.209087341442633,0.576109873284133,1,0.8756750419732585,0.27,0.3,1,10,1,1.9686704219319304,0.8,0.576109873284133,0.576109873284133,1,0.9,-2.8214541566741254
0.5507528855216863,0.0247546034394193,79.34933154576564,0.8735717014675994,-0.0096884241834943,3,1,0.1,1.9331473902834964,0.3684891704026137,1,0.6767923112330512,0.27,0.3,1,10,1,4.189083415487959,0.8,0.3684891704026137,0.3684891704026137,1,0.9,-2.21223571722686
0.3326967635351762,0.0153014805906461,14.26109654108597,0.329648266596888,-0.0045373677429903,3,1,0.1,3.895964477679342,0.8086445709780726,1,0.5368929484550434,0.27,0.3,1,10,1,2.494579544671,0.8,0.8086445709780726,0.8086445709780726,1,0.9,-5.226897545726717
0.3393241922377282,0.0253038974511706,9.690202707771808,0.3702372488271513,-0.0064655200244806,3,1,0.1,9.359937448058457,0.8002301723906079,1,0.7377907367439387,0.27,0.3,1,10,1,1.8752071387528688,0.8,0.8002301723906079,0.8002301723906079,1,0.9,-3.332163597890906
0.1660186512769245,0.0114095234529229,15.984233045163728,1.3593376204549,0.0331609309525531,3,1,0.1,2.2128745272354142,0.3566094832128639,1,0.8240789937585971,0.27,0.3,1,10,1,0.5631467716827497,0.8,0.3566094832128639,0.3566094832128639,1,0.9,-1.905031371320776
0.3059270812105366,0.0172262816053338,10.35134647997276,0.40517049687877,-0.0035612240081228,3,1,0.1,4.294291985487991,0.7551231637210039,1,0.5872812068524469,0.27,0.3,1,10,1,1.518910393858435,0.8,0.7551231637210039,0.7551231637210039,1,0.9,-4.268413130402712
0.3471442247494418,0.0203277904138229,15.308150675995332,0.3220130233050187,-0.0061906128925374,3,1,0.1,7.888311121529355,0.8285359939611477,1,0.6267812986354362,0.27,0.3,1,10,1,2.8453602028665403,0.8,0.8285359939611477,0.8285359939611477,1,0.9,-3.6583729808875294
0.4352977604948426,0.031841700159485,19.102852989327108,0.5296304321490781,-0.0109620661949366,3,1,0.1,2.6951925336015887,0.5869477638635793,1,0.910355363683412,0.27,0.3,1,10,1,2.507161473361772,0.8,0.5869477638635793,0.5869477638635793,1,0.9,-3.977771695092053
0.626923167866837,0.0382189859721301,62.08125301552519,0.9697622804465748,-0.0131680429386846,3,1,0.1,2.789310085013297,0.3260291999496562,1,0.9728471659479954,0.27,0.3,1,10,1,4.577271835970994,0.8,0.3260291999496562,0.3260291999496562,1,0.9,-1.4943107150030688
0.3199693959241573,0.0233904079752638,14.19925168303854,0.8590858272707441,0.0036344793147937,3,1,0.1,3.727514318900896,0.4603628812172095,1,0.7775029577844073,0.27,0.3,1,10,1,1.082497273310736,0.8,0.4603628812172095,0.4603628812172095,1,0.9,-2.155789736877084
0.3540063678386351,0.0187879911930959,34.112158751387355,0.2888977735060739,-0.0060509344466606,3,1,0.1,5.147886204693416,0.8651502572085825,1,0.7168239746495304,0.27,0.3,1,10,1,4.941758304899072,0.8,0.8651502572085825,0.8651502572085825,1,0.9,-4.744228388016104
0.3503825226356682,0.0270419934114529,12.059541347539795,0.262648887626817,-0.0073437231913407,3,1,0.1,7.470126951513903,0.9969164761875412,1,0.9372058735374722,0.27,0.3,1,10,1,3.0022839214658363,0.8,0.9969164761875412,0.9969164761875412,1,0.9,-4.825757695565258
0.2932389873419491,0.0145673784825571,7.756923787207502,0.284213224617895,-0.003199623990516,3,1,0.1,44.67595996621348,0.9755076669230704,1,0.5210227252706965,0.27,0.3,1,10,1,1.773532284087159,0.8,0.9755076669230704,0.9755076669230704,1,0.9,-3.4262556859243265
0.3174220807047998,0.0165798660787845,9.98121079309123,0.3182930954949169,-0.004240700048264,3,1,0.1,4.207341323049741,0.8679795633604163,1,0.5921463756762877,0.27,0.3,1,10,1,1.9994774550920404,0.8,0.8679795633604163,0.8679795633604163,1,0.9,-5.578663468550212
0.1586504783829207,0.0102423819372069,7.345770341117806,0.4088659995103441,0.0033894658673572,3,1,0.1,10.178914264497449,0.9393006508224347,1,0.6218106988165174,0.27,0.3,1,10,1,0.6636678309341375,0.8,0.9393006508224347,0.9393006508224347,1,0.9,-3.990153218426968
0.4114680265519377,0.0200009657614635,55.97157886492699,0.4643474283748323,-0.0079789083284161,3,1,0.1,2.868847070285512,0.5963435239004155,1,0.5978506830867769,0.27,0.3,1,10,1,4.561623176644195,0.8,0.5963435239004155,0.5963435239004155,1,0.9,-3.8600308330161095
0.4656208713293321,0.0305597633338184,57.94992744851061,0.5746641094099445,-0.012774993502487,3,1,0.1,20.299334337222827,0.5294586147205395,1,0.6744638019726712,0.27,0.3,1,10,1,4.62362295010957,0.8,0.5294586147205395,0.5294586147205395,1,0.9,-1.8792307303062208
0.3573686830869957,0.013869051004371,20.37399216276867,1.790096687967182,0.0312759491480455,3,1,0.1,1.1501944395042851,0.2398535770785924,1,0.8811553328849671,0.27,0.3,1,10,1,0.9514456458466176,0.8,0.2398535770785924,0.2398535770785924,1,0.9,-1.5572192449480902
0.4014963054391769,0.0323297573129228,29.65132435960738,0.3533967700252091,-0.0111528546323904,3,1,0.1,8.65137512612294,0.7683427804586588,1,0.9322900887650516,0.27,0.3,1,10,1,4.370982708629427,0.8,0.7683427804586588,0.7683427804586588,1,0.9,-3.2306134163165288
0.3493910994354574,0.0219323220871324,16.90172780094516,0.2798125797888572,-0.0064813761080207,3,1,0.1,5.066317498382212,0.9191114855436135,1,0.7718187859249944,0.27,0.3,1,10,1,3.4353218719240664,0.8,0.9191114855436135,0.9191114855436135,1,0.9,-5.312514746992071
0.3572524479619763,0.0231635804050607,19.82067683791947,0.2909070816116322,-0.0071030874272171,3,1,0.1,5.619295105057245,0.8872345678030742,1,0.7854043544454701,0.27,0.3,1,10,1,3.709953261578407,0.8,0.8872345678030742,0.8872345678030742,1,0.9,-4.682557451190697
0.2696981345453559,0.0139638719082986,7.999814255709508,0.3477874436586935,-0.0021655983493287,3,1,0.1,32.93776192819025,0.8779496405324891,1,0.5064911900429192,0.27,0.3,1,10,1,1.3239021924014762,0.8,0.8779496405324891,0.8779496405324891,1,0.9,-3.1205819825599423
0.3741018387493176,0.0163453386437856,29.59395023090602,0.4218923726126566,-0.0059123900844987,3,1,0.1,2.983580947441973,0.6458695359784479,1,0.5196943038953074,0.27,0.3,1,10,1,3.220891775446571,0.8,0.6458695359784479,0.6458695359784479,1,0.9,-4.350233974644909
0.342316745077623,0.0202190910561934,21.58808201367357,0.2557539644720856,-0.0058715505956324,3,1,0.1,10.8626129080717,0.9763657468846902,1,0.7551076413523512,0.27,0.3,1,10,1,4.19174700858142,0.8,0.9763657468846902,0.9763657468846902,1,0.9,-4.118265240189452
0.4762879374423898,0.0276804193595096,35.7699317111091,0.6743447343355967,-0.0106715724576147,3,1,0.1,2.654117379483352,0.4744928281033128,1,0.7203534829681243,0.27,0.3,1,10,1,3.0444227943854,0.8,0.4744928281033128,0.4744928281033128,1,0.9,-2.713609485349793
0.3338854570758331,0.016731812453797,17.25041431105388,0.2638596478605599,-0.0048422294388988,3,1,0.1,5.158433186538265,0.9505159113879944,1,0.6467632644747898,0.27,0.3,1,10,1,3.5059724315917324,0.8,0.9505159113879944,0.9505159113879944,1,0.9,-5.55808902065809
0.7506604035176836,0.0160920686948214,30.79755274280829,1.5753728549179349,0.1004960736539794,3,1,0.1,2.2945904655897715,0.1271022758783403,1,0.6875539236049985,0.27,0.3,1,10,1,2.929945410823935,0.8,0.1271022758783403,0.1271022758783403,1,0.9,-0.486561514250166
0.3457810583941446,0.023014096790892,12.46969243700322,0.4252273714743721,-0.0063258267160925,3,1,0.1,41.82814708924671,0.7080333491036683,1,0.608212873445861,0.27,0.3,1,10,1,1.9257554821328984,0.8,0.7080333491036683,0.7080333491036683,1,0.9,-2.457161157962515
0.5015604712503097,0.0299915708683551,52.00339075363569,0.6874829133757531,-0.0124690717969312,3,1,0.1,3.1941542939594463,0.461919358838203,1,0.7333151923557931,0.27,0.3,1,10,1,3.9212506366438458,0.8,0.461919358838203,0.461919358838203,1,0.9,-2.3238861915529965
0.3416423721801624,0.0192616049078027,25.512091045428104,0.249954114616757,-0.0056036727893372,3,1,0.1,7.674618831946809,0.9870075085748514,1,0.7827387614108543,0.27,0.3,1,10,1,4.654996435612569,0.8,0.9870075085748514,0.9870075085748514,1,0.9,-4.700588628165439
0.3845883093145963,0.025829091498253,15.080657852437197,0.5309156138652145,-0.0072828632447613,3,1,0.1,2.923451515091086,0.6015981707385925,1,0.7589009283157353,0.27,0.3,1,10,1,1.894800407660062,0.8,0.6015981707385925,0.6015981707385925,1,0.9,-3.8575971195310217
0.3890866433429538,0.0254304577109931,37.13837695527508,0.3524127049572567,-0.0089687713539492,3,1,0.1,4.58828719355579,0.7514008603248086,1,0.7989618080739262,0.27,0.3,1,10,1,4.718727763241548,0.8,0.7514008603248086,0.7514008603248086,1,0.9,-4.053639533550859
0.3443000786820065,0.0246791790604029,9.982866553535802,0.3288295990127252,-0.0066190993024985,3,1,0.1,4.57212818397897,0.8571724259483037,1,0.8003678896617447,0.27,0.3,1,10,1,2.147458011154634,0.8,0.8571724259483037,0.8571724259483037,1,0.9,-5.079072081354538
0.2751988288117491,0.0239560503728471,6.331844227565631,0.3687321594876906,-0.0025106229196242,3,1,0.1,12.624101110434465,0.9015695677331698,1,0.8695549724740341,0.27,0.3,1,10,1,1.1656443744067926,0.8,0.9015695677331698,0.9015695677331698,1,0.9,-3.606156743385698
0.3687697780321832,0.02276086488314,15.968507678049848,0.4389978968188419,-0.0070938987561265,3,1,0.1,4.524502860543333,0.6710748340049788,1,0.6418150784584697,0.27,0.3,1,10,1,2.2574631792448634,0.8,0.6710748340049788,0.6710748340049788,1,0.9,-3.420781010563508
0.3278331981103564,0.0193308725326803,11.013681374275013,0.3012242892463209,-0.0052813094185108,3,1,0.1,57.807106042047536,0.8953123627547098,1,0.5945526509347162,0.27,0.3,1,10,1,2.376614743222894,0.8,0.8953123627547098,0.8953123627547098,1,0.9,-3.09626906635111
0.105297277160731,0.0086282283848651,8.621096113619187,0.5361502500811111,0.0104635353965023,3,1,0.1,3.9115794622059608,0.8199755555743586,1,0.8251638312026719,0.27,0.3,1,10,1,0.4641072826054429,0.8,0.8199755555743586,0.8199755555743586,1,0.9,-5.350205109820322
0.4560654702527462,0.0327521966110351,17.381791308313147,0.7154637733256476,-0.0091529036604255,3,1,0.1,2.522274563952433,0.4809189149746575,1,0.952945309700398,0.27,0.3,1,10,1,1.9469695539382927,0.8,0.4809189149746575,0.4809189149746575,1,0.9,-2.887848925666437
0.4755171141814261,0.0199360047108831,23.57282034660105,1.327300365433701,0.0091708706027413,3,1,0.1,1.5094006212591733,0.2736467920615449,1,0.7608163222579329,0.27,0.3,1,10,1,1.5162788105342138,0.8,0.2736467920615449,0.2736467920615449,1,0.9,-1.580918964467628
0.2029958329571066,0.0179021439757897,6.037169374356959,0.390273822439441,0.0023169573265385,3,1,0.1,7.320773278955551,0.9557817035482176,1,0.9293253638870236,0.27,0.3,1,10,1,0.7954238969150761,0.8,0.9557817035482176,0.9557817035482176,1,0.9,-4.581672889984095
0.1457985471836597,0.0103472498058663,13.439184251706989,0.7452455864077738,0.011951794779183,3,1,0.1,2.60428024667772,0.5879182607531225,1,0.714795943493903,0.27,0.3,1,10,1,0.5713861819611932,0.8,0.5879182607531225,0.5879182607531225,1,0.9,-4.141014131875294
0.0109495785974703,0.000838234590157,14.55985501446777,0.7840759192113066,0.0218328903951018,3,1,0.1,13.6583639226044,0.6299466743581058,1,0.5790049319736247,0.27,0.3,1,10,1,0.1334262448227947,0.8,0.6299466743581058,0.6299466743581058,1,0.9,-2.353051142406072
0.2966502403692636,0.0182619458918139,6.913140033274733,0.2909702554586256,-0.0036906749804096,3,1,0.1,5.600111085956125,0.986445949226271,1,0.688281636997714,0.27,0.3,1,10,1,1.6268500598042186,0.8,0.986445949226271,0.986445949226271,1,0.9,-5.582707183889041
0.4414725722215868,0.0270541902443452,40.3763839416184,0.5095192884874087,-0.0106938149254147,3,1,0.1,2.670473905988532,0.5751934930994823,1,0.753037915247053,0.27,0.3,1,10,1,3.874718942444214,0.8,0.5751934930994823,0.5751934930994823,1,0.9,-3.854487544584378
0.1955790346955833,0.0139717058098626,15.056882778336249,1.1836329553493046,0.024626854644489,3,1,0.1,2.019890144440761,0.3956269586168809,1,0.8924578970544901,0.27,0.3,1,10,1,0.6380114866228197,0.8,0.3956269586168809,0.3956269586168809,1,0.9,-2.4287372992963343
0.3559211306653548,0.0264080675278307,10.750487846243692,0.3680141893615212,-0.0072960717913447,3,1,0.1,4.158762618389724,0.7896977012687614,1,0.8215426350551406,0.27,0.3,1,10,1,2.085101663673276,0.8,0.7896977012687614,0.7896977012687614,1,0.9,-4.726503100930644
0.3060480475440332,0.019740007203525,14.46097232497914,0.6969000535917718,0.000310134997658,3,1,0.1,2.5548555670972264,0.5349359147755332,1,0.7139121520049747,0.27,0.3,1,10,1,1.1296594598736924,0.8,0.5349359147755332,0.5349359147755332,1,0.9,-3.48642516943642
0.0676199457712789,0.0040900154419708,19.21226983168822,1.7007913414180411,0.0500189151788995,3,1,0.1,1.8489425530132424,0.3139159140146453,1,0.7520451823058976,0.27,0.3,1,10,1,0.3212260750346912,0.8,0.3139159140146453,0.3139159140146453,1,0.9,-1.732876556010142
0.3778537871791636,0.0265851637502903,19.38900525109301,0.3480242187463744,-0.0086974638652748,3,1,0.1,5.104957687719859,0.7806776507207187,1,0.7905318345646666,0.27,0.3,1,10,1,3.2915011655674107,0.8,0.7806776507207187,0.7806776507207187,1,0.9,-4.04596342758204
0.5831109461072084,0.0294226297823452,33.81707808642245,1.1289405783561823,-0.0028100003330539,3,1,0.1,3.36174997345979,0.2839249184632051,1,0.7326420623063405,0.27,0.3,1,10,1,2.774222058547029,0.8,0.2839249184632051,0.2839249184632051,1,0.9,-1.1786997406299324
0.1361941104302375,0.014717198447401,8.07920827949508,0.6137051863594944,0.0145699470660655,3,1,0.1,13.788372850047567,0.724140771758359,1,0.9923228740420637,0.27,0.3,1,10,1,0.5359963232452356,0.8,0.724140771758359,0.724140771758359,1,0.9,-2.750905424624067
0.5033370409636149,0.027941794360131,60.74445450986213,0.7155671450716133,-0.0117089734034024,3,1,0.1,3.4002081001449818,0.44496869203044,1,0.6726105142681909,0.27,0.3,1,10,1,4.082278677234865,0.8,0.44496869203044,0.44496869203044,1,0.9,-2.1352237885305136
0.3797955383162443,0.0343098111565031,12.163097027589147,0.3539367365919226,-0.0102755128130448,3,1,0.1,40.7905193370556,0.8092704454247961,1,0.9179141985434977,0.27,0.3,1,10,1,2.5680632038651923,0.8,0.8092704454247961,0.8092704454247961,1,0.9,-2.828506990857644
0.2979066221432896,0.0190163800298386,13.732028984137203,0.6164464867225528,-0.0010526837235357,3,1,0.1,5.407381710235925,0.5797022293830524,1,0.6076831812092077,0.27,0.3,1,10,1,1.186434510218817,0.8,0.5797022293830524,0.5797022293830524,1,0.9,-2.5769583072234106
0.3767693536550675,0.0313184595473809,10.83953305453911,0.3887625102543444,-0.008875740762846,3,1,0.1,3.751311480876416,0.7633594720405616,1,0.9835873449883992,0.27,0.3,1,10,1,2.114342388424926,0.8,0.7633594720405616,0.7633594720405616,1,0.9,-4.845002645283592
0.3571437399921027,0.0279576739023756,10.116562279944976,0.3223845823061627,-0.0076517478841263,3,1,0.1,3.9245299912987366,0.8695320451431191,1,0.94020774264951,0.27,0.3,1,10,1,2.2822801697156807,0.8,0.8695320451431191,0.8695320451431191,1,0.9,-6.000677341168306
0.7201895174116381,0.0262754597648471,39.9866627044881,1.3957486604861733,0.0365889617653384,3,1,0.1,1.915471703541974,0.1783461763437117,1,0.9187404291539474,0.27,0.3,1,10,1,3.6534423285776296,0.8,0.1783461763437117,0.1783461763437117,1,0.9,-0.7594879306638003
0.3525471734021979,0.0188834898735882,30.8354971313234,0.2824934368442476,-0.0059727026719192,3,1,0.1,4.104908362696054,0.8832462837952759,1,0.7451424515211664,0.27,0.3,1,10,1,4.746790728347651,0.8,0.8832462837952759,0.8832462837952759,1,0.9,-5.912662109228892
0.3003076620839178,0.0163740029256196,7.881275216948304,0.2896990811601262,-0.0036821197236567,3,1,0.1,12.082720698632867,0.9613952974029906,1,0.5777138211446242,0.27,0.3,1,10,1,1.8079019411631168,0.8,0.9613952974029906,0.9613952974029906,1,0.9,-3.935265062331295
0.3709226103948098,0.0279106324173052,12.58006101193565,0.3727733507931792,-0.0083311615340294,3,1,0.1,4.170228199868611,0.7696540906732093,1,0.8411046431820633,0.27,0.3,1,10,1,2.3634949511489527,0.8,0.7696540906732093,0.7696540906732093,1,0.9,-4.505946154512525
0.587296836758414,0.0224100556348025,13.043991400258072,2.023530888378428,0.0985094756433135,3,1,0.1,9.854747563350513,0.1538105746978272,1,0.7754804620944041,0.27,0.3,1,10,1,1.5861850779216322,0.8,0.1538105746978272,0.1538105746978272,1,0.9,-0.5320792391693097
0.4076035870311378,0.0273983497863934,31.74254141855004,0.4193586928960043,-0.0101050140225825,3,1,0.1,5.366679462009195,0.668351763711108,1,0.737264158448038,0.27,0.3,1,10,1,3.883994200246672,0.8,0.668351763711108,0.668351763711108,1,0.9,-3.140398199975892
0.619769760299939,0.0301255080369065,80.65993025916792,0.9731415151124112,-0.0102709529288058,3,1,0.1,1.6129848270371552,0.3230620673929971,1,0.9047444049994038,0.27,0.3,1,10,1,4.668180273294825,0.8,0.3230620673929971,0.3230620673929971,1,0.9,-2.0216883322098784
0.1696307317443613,0.0156264270209271,10.584183901253867,0.776283587992595,0.015702433737073,3,1,0.1,3.188382266773908,0.5777018482372578,1,0.984168995297187,0.27,0.3,1,10,1,0.6069791648070919,0.8,0.5777018482372578,0.5777018482372578,1,0.9,-3.3360918487058564
0.3329523615026896,0.0254096328630815,8.214739306740714,0.2755973853643215,-0.0062423895584456,3,1,0.1,7.732896568756036,0.995130347848568,1,0.8651086393261287,0.27,0.3,1,10,1,2.182820663889891,0.8,0.995130347848568,0.995130347848568,1,0.9,-4.740556667364156
0.4341524604003932,0.0374424431132335,17.2586633051319,0.4950341786046289,-0.012898718695213,3,1,0.1,7.156028111549188,0.6244581908655026,1,0.93670852658498,0.27,0.3,1,10,1,2.632047684592486,0.8,0.6244581908655026,0.6244581908655026,1,0.9,-2.613717329012468
0.3486873012965167,0.0258779424899882,13.79800242690488,0.9160363109492052,0.003933537429051,3,1,0.1,2.9012478663470507,0.4340972899201594,1,0.891282070882407,0.27,0.3,1,10,1,1.1303847427172022,0.8,0.4340972899201594,0.4340972899201594,1,0.9,-2.2231419700926924
0.4141610230926855,0.0261390660552771,37.26310693615721,0.4698195026069502,-0.0100640965710864,3,1,0.1,88.64163074786651,0.6129521484301479,1,0.6151288539939136,0.27,0.3,1,10,1,3.8852615190339854,0.8,0.6129521484301479,0.6129521484301479,1,0.9,-2.0766808145774496
0.4828946775027114,0.0296387582391258,50.2053939251844,0.6128852860293441,-0.0122905113759488,3,1,0.1,2.793526582612385,0.5033127443965628,1,0.7669485234857631,0.27,0.3,1,10,1,4.054099227363031,0.8,0.5033127443965628,0.5033127443965628,1,0.9,-2.894594371425711
0.4209718673590998,0.0340779283681783,38.07771194906046,0.3865728930057532,-0.0124111220534279,3,1,0.1,6.699643457645942,0.7153314174450248,1,0.96731626358117,0.27,0.3,1,10,1,4.803987042827637,0.8,0.7153314174450248,0.7153314174450248,1,0.9,-3.175582530804669
0.3575869800307785,0.0210043249157976,18.500024003476675,0.3331930748754209,-0.0067111766496124,3,1,0.1,5.435043363510027,0.7983075787694558,1,0.6526337435694911,0.27,0.3,1,10,1,3.1448049432690506,0.8,0.7983075787694558,0.7983075787694558,1,0.9,-4.048563594176824
0.421063222973324,0.0215194382472216,45.838090810561866,0.5025760264078721,-0.0085459724408683,3,1,0.1,2.938554772498684,0.5708039641886858,1,0.6058585889224484,0.27,0.3,1,10,1,3.9133612295034337,0.8,0.5708039641886858,0.5708039641886858,1,0.9,-3.479929434981093
0.5200080777494549,0.0238606031273805,43.295767059483,0.9607057249277328,-0.0068120864751396,3,1,0.1,3.23519840787898,0.346954918762147,1,0.5943485973687017,0.27,0.3,1,10,1,2.7609979962279594,0.8,0.346954918762147,0.346954918762147,1,0.9,-1.5425061991587334
0.065191634655145,0.0038264491922458,10.422621661126875,0.5326420982697659,0.008754423683026,3,1,0.1,4.075083843326973,0.843257718815101,1,0.5820781999344014,0.27,0.3,1,10,1,0.351436123373962,0.8,0.843257718815101,0.843257718815101,1,0.9,-5.435151350235216
0.2917609992368882,0.0128736488356114,7.866555813474949,0.2759201764518413,-0.0028576142249931,3,1,0.1,10.183148311335982,0.9889607941754855,1,0.5016199416725171,0.27,0.3,1,10,1,1.8184559583780115,0.8,0.9889607941754855,0.9889607941754855,1,0.9,-4.262434526536782
0.2809462276982218,0.0242132961389698,6.708322387975949,0.3846571109339955,-0.002704547018076,3,1,0.1,10.17440541393019,0.8660258993387554,1,0.8597871257980283,0.27,0.3,1,10,1,1.1870098979685435,0.8,0.8660258993387554,0.8660258993387554,1,0.9,-3.602177347825519
0.3812120338904252,0.0237275148414772,21.9789725217543,0.379203247724411,-0.0080969855371775,3,1,0.1,3.496755961703373,0.7229894624117673,1,0.7175251462954303,0.27,0.3,1,10,1,3.233774504141042,0.8,0.7229894624117673,0.7229894624117673,1,0.9,-4.6563982831367685
0.3158480290595837,0.0125008839919361,12.6611711433588,0.2648343151556788,-0.0034296057485546,3,1,0.1,5.619097891209378,0.9561156479827853,1,0.5062705883591091,0.27,0.3,1,10,1,2.7632480325574376,0.8,0.9561156479827853,0.9561156479827853,1,0.9,-5.285568208405242
0.4902123634007753,0.0272135065021364,62.02311236146896,0.632880982294843,-0.0114935758797916,3,1,0.1,2.107978066050292,0.4856504027904545,1,0.7571519708552983,0.27,0.3,1,10,1,4.340772107393565,0.8,0.4856504027904545,0.4856504027904545,1,0.9,-3.500707549077176
0.3598290276588787,0.0262383953135051,15.179825646084524,0.2852099057612078,-0.0076860466932331,3,1,0.1,4.765265175474768,0.9185812935520804,1,0.9046012005044222,0.27,0.3,1,10,1,3.2617029351520213,0.8,0.9185812935520804,0.9185812935520804,1,0.9,-5.565008476754588
0.3881829977676245,0.0207873018029531,39.219794301108905,0.3935803463387974,-0.0076943253087684,3,1,0.1,3.675563745674328,0.6811665649218926,1,0.6363801299939871,0.27,0.3,1,10,1,4.291952162722313,0.8,0.6811665649218926,0.6811665649218926,1,0.9,-4.000417059535191
0.3835365519463736,0.0257118910327751,17.963788684194892,0.3937836010721908,-0.0085087304818854,3,1,0.1,3.4710011923186235,0.7160400405312248,1,0.7624899834802084,0.27,0.3,1,10,1,2.8149076098946093,0.8,0.7160400405312248,0.7160400405312248,1,0.9,-4.601931444152872
0.355193674984994,0.026899188927814,15.645696003267268,0.2570874161144231,-0.0075317205721943,3,1,0.1,6.52286114782572,0.998133377486616,1,0.9802524414606526,0.27,0.3,1,10,1,3.5773963486059346,0.8,0.998133377486616,0.998133377486616,1,0.9,-5.174746977778204
0.4248925008921054,0.02749806576634,38.90995076236037,0.4620109613645932,-0.0106224642201203,3,1,0.1,4.158135464611944,0.6190209303214359,1,0.7329103719721741,0.27,0.3,1,10,1,4.083084032957204,0.8,0.6190209303214359,0.6190209303214359,1,0.9,-3.1616395019259285
0.0388654567378829,0.0038515491526074,11.902127262239736,0.8767528067806836,0.0308952385083543,3,1,0.1,9.964076612357866,0.5714007372313367,1,0.7896848458929938,0.27,0.3,1,10,1,0.2519087099239604,0.8,0.5714007372313367,0.5714007372313367,1,0.9,-2.198898246601168
0.5714869873729087,0.0078161339845948,45.76420342873707,1.86987484359554,0.0278879387848183,3,1,0.1,0.7579544272542371,0.1618368079493293,1,0.6434822662301974,0.27,0.3,1,10,1,1.6342220593734744,0.8,0.1618368079493293,0.1618368079493293,1,0.9,-1.0750597742036554
0.4270514471860194,0.0339318945307685,40.94783126798926,0.3992446759188353,-0.0125790328215145,3,1,0.1,5.270978543562459,0.6963493512393363,1,0.9729153002656424,0.27,0.3,1,10,1,4.893226162935523,0.8,0.6963493512393363,0.6963493512393363,1,0.9,-3.355529356873792
0.1639899374943668,0.0117495949892628,12.007778070856917,0.6369097580386759,0.0077895738780279,3,1,0.1,14.91870499531187,0.6464451206568135,1,0.592526873762075,0.27,0.3,1,10,1,0.6527888946045718,0.8,0.6464451206568135,0.6464451206568135,1,0.9,-2.397187307443308
0.5330784553715036,0.0262956692795469,84.85152001957027,0.8221983612676388,-0.010925046223096,3,1,0.1,3.353883400662485,0.3916852554639624,1,0.6254887002889985,0.27,0.3,1,10,1,4.553088216246339,0.8,0.3916852554639624,0.3916852554639624,1,0.9,-1.794662546273143
0.3484917386406208,0.0157029853121141,29.33939170315081,0.3076864091816902,-0.0051800097967571,3,1,0.1,5.1673794102884285,0.8175711530648871,1,0.5712911703116375,0.27,0.3,1,10,1,4.222096535191694,0.8,0.8175711530648871,0.8175711530648871,1,0.9,-4.320114318770219
0.088947431250704,0.0065734736887809,10.636967007180347,0.6040023450819791,0.0118116822501627,3,1,0.1,3.7379390615230914,0.743488513824059,1,0.7010506530710602,0.27,0.3,1,10,1,0.4186726480487545,0.8,0.743488513824059,0.743488513824059,1,0.9,-4.624614559133735
0.5447745388386234,0.0282744854759572,62.5746766809518,0.8429027954315031,-0.011213701256882,3,1,0.1,2.485576211671785,0.3851280832629503,1,0.7138616289445241,0.27,0.3,1,10,1,3.9369357128880993,0.8,0.3851280832629503,0.3851280832629503,1,0.9,-2.010709875320785
0.4269170135397537,0.0358294576273672,22.632034203440657,0.4260912475119024,-0.012773370949787,3,1,0.1,5.621580213984777,0.6805837325889617,1,0.9570472528088922,0.27,0.3,1,10,1,3.3954131048749625,0.8,0.6805837325889617,0.6805837325889617,1,0.9,-3.1617761177370785
0.4369982938100719,0.036157182368329,14.531421146712708,0.6245095845667901,-0.0105018360694768,3,1,0.1,4.206929311000044,0.5406627816514908,1,0.9717709552418548,0.27,0.3,1,10,1,1.9514503984446343,0.8,0.5406627816514908,0.5406627816514908,1,0.9,-2.574119384053308
0.2967478492400111,0.0139282775163176,8.989382440286239,0.3204362217794731,-0.0031571973478182,3,1,0.1,9.017309096032534,0.8811143945605024,1,0.5004741943665796,0.27,0.3,1,10,1,1.7213424304294098,0.8,0.8811143945605024,0.8811143945605024,1,0.9,-3.804459255098744
0.3130338694476283,0.0221475787709726,10.666463409403372,0.5148372294207655,-0.0029420624801605,3,1,0.1,3.0060326256199503,0.6630217875958383,1,0.7721766805291563,0.27,0.3,1,10,1,1.2850281767466465,0.8,0.6630217875958383,0.6630217875958383,1,0.9,-4.553552670646437
0.397355839639353,0.036973139168729,11.945128397654884,0.4514595411669269,-0.0111094954283954,3,1,0.1,105.89759362161938,0.6891272972427052,1,0.9082190556620664,0.27,0.3,1,10,1,2.157671205971308,0.8,0.6891272972427052,0.6891272972427052,1,0.9,-2.3325081163332646
0.4405977152900558,0.0294497593439423,19.191357567050503,0.6803289688330205,-0.008740195327904,3,1,0.1,2.63709812909398,0.4952879015266878,1,0.8239466498928663,0.27,0.3,1,10,1,2.02760960658845,0.8,0.4952879015266878,0.4952879015266878,1,0.9,-2.9388856459472503
0.3501825610810192,0.0252383557529365,14.541571304506462,0.2779277206173862,-0.0072487928158343,3,1,0.1,24.15720251030329,0.9411911863656828,1,0.7919361243953333,0.27,0.3,1,10,1,3.220831417996222,0.8,0.9411911863656828,0.9411911863656828,1,0.9,-3.451034892004857
0.2413707687477129,0.0203503383720433,6.959646477083709,0.4281648518123325,0.0006794399881327,3,1,0.1,3.779689272310947,0.8452093288938816,1,0.951690931355856,0.27,0.3,1,10,1,0.9304049441468883,0.8,0.8452093288938816,0.8452093288938816,1,0.9,-5.891319942096866
0.0023863719535962,0.0002139713840367,9.451290297319805,0.5983766034593696,0.0190987228620483,3,1,0.1,7.976817339893478,0.83330563473769,1,0.7793257292926405,0.27,0.3,1,10,1,0.0606431704852223,0.8,0.83330563473769,0.83330563473769,1,0.9,-3.6729911187100655
0.3711175088015114,0.0322651795413972,9.89137450532553,0.4363130498029942,-0.0082483849796071,3,1,0.1,4.419092814238351,0.7210822607824797,1,0.9856817770584008,0.27,0.3,1,10,1,1.7860431747800896,0.8,0.7210822607824797,0.7210822607824797,1,0.9,-3.8814188353277617
0.199768613035825,0.010358503179463,22.85263744920685,1.061444864712591,0.0128862074662161,3,1,0.1,2.229765942005904,0.4082320117369211,1,0.5710363759007401,0.27,0.3,1,10,1,0.7111229113806573,0.8,0.4082320117369211,0.4082320117369211,1,0.9,-2.375624588774944
0.6116125490331574,0.0383617909525273,57.45347885984459,0.9573088218859646,-0.0135416793759877,3,1,0.1,3.918357909081188,0.3336980182571886,1,0.8942853395593338,0.27,0.3,1,10,1,4.37432407904525,0.8,0.3336980182571886,0.3336980182571886,1,0.9,-1.3881752064902724
0.3465010397977552,0.0172908335437543,25.895753887876136,0.2870354959369045,-0.0054482463784669,3,1,0.1,4.889091910174339,0.8731541250456536,1,0.6489493542682775,0.27,0.3,1,10,1,4.203252458682262,0.8,0.8731541250456536,0.8731541250456536,1,0.9,-4.989868545806294
0.2907959687605138,0.013319447339203,25.11277146497564,1.031317570125385,0.006241569742307,3,1,0.1,2.188605216349252,0.3874999933797245,1,0.5483535008715552,0.27,0.3,1,10,1,1.0037825346877454,0.8,0.3874999933797245,0.3874999933797245,1,0.9,-2.200921424270687
0.4111535053945969,0.0253422117794536,39.60431202468118,0.4242587755736104,-0.0095936440332764,3,1,0.1,3.2585797475214218,0.6530295922742858,1,0.7402888470986093,0.27,0.3,1,10,1,4.2776621982396765,0.8,0.6530295922742858,0.6530295922742858,1,0.9,-4.088646134566449
0.0014377030848046,0.0001184684599294,10.01296411205069,0.6044803235779518,0.0178399226113054,3,1,0.1,4.945386589176511,0.8249648679406003,1,0.7517044929259282,0.27,0.3,1,10,1,0.0470174232475676,0.8,0.8249648679406003,0.8249648679406003,1,0.9,-4.502359052394836
0.3575741119371047,0.0308128254097577,11.494157572145491,0.2756397431445405,-0.0084486148012899,3,1,0.1,25.72348723975528,0.9715406151522948,1,0.9651009234177048,0.27,0.3,1,10,1,2.884461444461092,0.8,0.9715406151522948,0.9715406151522948,1,0.9,-3.551446238701418
0.302664898187818,0.0149736074093813,8.666630188631858,0.2897906128708952,-0.0035651381383758,3,1,0.1,17.12433091650667,0.9434767773385474,1,0.5264055512867689,0.27,0.3,1,10,1,1.93096219907208,0.8,0.9434767773385474,0.9434767773385474,1,0.9,-3.608866166735921
0.3763546947525627,0.0316018789720538,10.534277710826805,0.4495941223900117,-0.0082770726044495,3,1,0.1,3.638421028318735,0.700528505507708,1,0.9800605502111488,0.27,0.3,1,10,1,1.814275373892888,0.8,0.700528505507708,0.700528505507708,1,0.9,-4.239858109628296
0.3859196084292287,0.026941020136269,27.434017852649347,0.339925074101515,-0.0091249100835059,3,1,0.1,4.206753386692371,0.7822103057987247,1,0.8544166709303919,0.27,0.3,1,10,1,4.123806917708934,0.8,0.7822103057987247,0.7822103057987247,1,0.9,-4.605547210148254
0.3583822276457058,0.0217145516669964,14.587094263240456,0.4424306350874941,-0.006362271585527,3,1,0.1,4.153333304449229,0.6744200735177895,1,0.6332591215450267,0.27,0.3,1,10,1,2.049265141737924,0.8,0.6744200735177895,0.6744200735177895,1,0.9,-3.619420924709112
0.6414617548948387,0.009538516950995,40.71115626597463,1.7667135950348027,0.0418599365375824,3,1,0.1,0.9729241683725744,0.1462797743357585,1,0.6126420498350927,0.27,0.3,1,10,1,1.998077557918724,0.8,0.1462797743357585,0.1462797743357585,1,0.9,-0.751098110043948
0.3206784773821187,0.0236118921676239,10.356937003148628,0.4844037857722105,-0.0041790045785818,3,1,0.1,6.0338114027308,0.6842532435788726,1,0.7167435242965274,0.27,0.3,1,10,1,1.4018242001805303,0.8,0.6842532435788726,0.6842532435788726,1,0.9,-3.1015324589554547
0.0485563820998561,0.0033087446275214,12.450206861821291,0.6461052495333247,0.0137065184411369,3,1,0.1,6.1411803372700575,0.7230923201470522,1,0.5842293015858275,0.27,0.3,1,10,1,0.2951577503722381,0.8,0.7230923201470522,0.7230923201470522,1,0.9,-3.3233612557918475
0.4147742902499511,0.0193722573255142,54.38374756103482,0.5096447624403775,-0.0078247835484372,3,1,0.1,5.979772491255326,0.5594592412025772,1,0.5109327493736776,0.27,0.3,1,10,1,4.142436968266013,0.8,0.5594592412025772,0.5594592412025772,1,0.9,-2.3856624541162432
0.38687104780531,0.0188414180307808,24.14712956948718,0.6616563465040581,-0.0051461474069274,3,1,0.1,3.4988886897602858,0.4973200662364495,1,0.5331061420451794,0.27,0.3,1,10,1,1.8889332887316967,0.8,0.4973200662364495,0.4973200662364495,1,0.9,-2.480344960896141
0.542368544560712,0.038491665430231,21.27509225899411,0.9521534227425634,-0.0097498178867716,3,1,0.1,4.757045336868839,0.3607859135030464,1,0.9383095415855086,0.27,0.3,1,10,1,2.341242494345126,0.8,0.3607859135030464,0.3607859135030464,1,0.9,-1.4612023986232805
0.0001090071537348,9.182211503521827e-06,8.38842445848559,0.5116364060507661,0.0150141247312414,3,1,0.1,25.2853874213924,0.9619996778479526,1,0.733436716556332,0.27,0.3,1,10,1,0.0130007061017539,0.8,0.9619996778479526,0.9619996778479526,1,0.9,-3.5190643584184844
0.3897325342787239,0.0323339369937324,20.92352029337481,0.344216520569032,-0.0106438746533158,3,1,0.1,28.3500627267784,0.7954724258705805,1,0.8782490627960875,0.27,0.3,1,10,1,3.64010996592726,0.8,0.7954724258705805,0.7954724258705805,1,0.9,-2.8373376209254664
0.2607933026959964,0.0219175019052313,8.182757311184963,0.4949277798640927,0.000558213541713,3,1,0.1,3.3926839588057884,0.741300498996628,1,0.9348691648117872,0.27,0.3,1,10,1,0.9788333301124142,0.8,0.741300498996628,0.741300498996628,1,0.9,-5.041139170628071
0.3322263472541467,0.0170874954188201,13.354483784198518,0.2925514961775933,-0.0049053392459929,3,1,0.1,4.844430097553331,0.8916309463339527,1,0.6052513958176838,0.27,0.3,1,10,1,2.734721454238272,0.8,0.8916309463339527,0.8916309463339527,1,0.9,-5.209249399001157
0.2562845486953294,0.016847797281315,16.175157675584284,1.3979791951221088,0.0276917602871571,3,1,0.1,141.33930849453404,0.3131991861914676,1,0.6285353563790983,0.27,0.3,1,10,1,0.8035783866346696,0.8,0.3131991861914676,0.3131991861914676,1,0.9,-1.0494233545677858
0.4052992475346815,0.0361878005451654,23.70840106885897,0.3536204343898816,-0.01220323334212,3,1,0.1,22.633449637059105,0.7806966818253729,1,0.9901254389756486,0.27,0.3,1,10,1,3.9487730583922698,0.8,0.7806966818253729,0.7806966818253729,1,0.9,-2.8300993689525145
0.5459925967896577,0.0337266237090891,60.99043475288644,0.7694788728312187,-0.0141932405140711,3,1,0.1,2.998343955822879,0.4192652008036854,1,0.8208503656435564,0.27,0.3,1,10,1,4.335500874605066,0.8,0.4192652008036854,0.4192652008036854,1,0.9,-2.074364494282025
0.6941680349678415,0.0101820275956207,84.67670869021153,1.3943793610422917,0.0228389894541867,3,1,0.1,0.9873171179773692,0.1621516646373889,1,0.5504392570255707,0.27,0.3,1,10,1,3.331062100086511,0.8,0.1621516646373889,0.1621516646373889,1,0.9,-0.8763261081178904
0.4043642896422232,0.0214492837483105,54.31215020820316,0.4267205572537685,-0.0083459822582929,3,1,0.1,3.581757797972187,0.6375759646087129,1,0.6399006479136315,0.27,0.3,1,10,1,4.876052312978006,0.8,0.6375759646087129,0.6375759646087129,1,0.9,-3.6350761611823055
0.3477934561204656,0.0246959535150263,13.191787711765128,0.2881451925143596,-0.0070670065453627,3,1,0.1,25.766137535666623,0.9201174284651992,1,0.7523261637095017,0.27,0.3,1,10,1,2.935895627103962,0.8,0.9201174284651992,0.9201174284651992,1,0.9,-3.345847919391062
0.6188277492408284,0.0160743026641957,135.35654112785136,1.1290410010891725,-0.0015999962656157,3,1,0.1,1.1680959705965486,0.2604160582231752,1,0.5964746219679437,0.27,0.3,1,10,1,4.58924456933869,0.8,0.2604160582231752,0.2604160582231752,1,0.9,-1.8091791365124053
0.3454312383961051,0.0183078265354365,20.241544026573493,0.2888044838395565,-0.0056310113833966,3,1,0.1,4.776020481560699,0.8801759784950022,1,0.6588083661465578,0.27,0.3,1,10,1,3.6454991864531183,0.8,0.8801759784950022,0.8801759784950022,1,0.9,-5.147332207264109
0.3368071429934438,0.0214109135864704,12.897907043036474,0.5246670852390211,-0.0042960861889129,3,1,0.1,3.005856671944723,0.6274410513709509,1,0.6884534440996597,0.27,0.3,1,10,1,1.49602448612369,0.8,0.6274410513709509,0.6274410513709509,1,0.9,-4.077407723001827
0.3951998557971481,0.0313858403977962,26.90422803090884,0.3590617725136502,-0.0107924857938135,3,1,0.1,107.17554557523228,0.7620467731083214,1,0.8286473360494999,0.27,0.3,1,10,1,4.072945876937865,0.8,0.7620467731083214,0.7620467731083214,1,0.9,-2.583009651276462
0.3138264061233419,0.014460281321436,10.534064508038618,0.2723849103368891,-0.0037943894812802,3,1,0.1,8.352170721517117,0.9574627386583998,1,0.534830773568196,0.27,0.3,1,10,1,2.404489611041156,0.8,0.9574627386583998,0.9574627386583998,1,0.9,-4.356964863389299
0.3378981732872308,0.0185365549516606,23.66976139851159,0.2508811038656698,-0.0053751860964119,3,1,0.1,20.49770704524005,0.9856544330225604,1,0.7114949682556304,0.27,0.3,1,10,1,4.43663252278397,0.8,0.9856544330225604,0.9856544330225604,1,0.9,-3.700741109157392
0.3471936957815189,0.0205695497533911,15.665644937105991,0.5939904244112368,-0.0040733704186539,3,1,0.1,3.1989845297141986,0.5663941263288498,1,0.6311460650008649,0.27,0.3,1,10,1,1.5176472313168663,0.8,0.5663941263288498,0.5663941263288498,1,0.9,-3.217015999623976
0.5983971877467389,0.0258998210487394,74.46375519564411,1.013042343858518,-0.0076770755983799,3,1,0.1,1.7760220724348057,0.3111585051769132,1,0.7348808138174339,0.27,0.3,1,10,1,4.111170562510455,0.8,0.3111585051769132,0.3111585051769132,1,0.9,-1.754387215994969
0.6979581518492631,0.0045270998869483,26.6450070305156,2.945661121400881,0.163228308352228,3,1,0.1,0.7736951293147608,0.0851150653723115,1,0.8804627800101648,0.27,0.3,1,10,1,1.6147073514875578,0.8,0.0851150653723115,0.0851150653723115,1,0.9,-0.3816952272606553
0.0397987742797545,0.0025493477503037,11.198498200031793,0.5785619544949911,0.0116064630813579,3,1,0.1,6.362609175312462,0.8073391298562909,1,0.5740657054089501,0.27,0.3,1,10,1,0.2643563237679968,0.8,0.8073391298562909,0.8073391298562909,1,0.9,-3.8230201968880673
0.3381645726408318,0.0188745837449249,13.845755881318812,0.2968703425770068,-0.0054960032343779,3,1,0.1,5.598136475701283,0.8833109780042384,1,0.6380815860049228,0.27,0.3,1,10,1,2.814989167770108,0.8,0.8833109780042384,0.8833109780042384,1,0.9,-4.660057507525037
0.0649066818059766,0.0049116650678276,15.478909972648896,0.9605669180771688,0.0252862336765935,3,1,0.1,2.277479159507247,0.5138806200957277,1,0.7615728929514738,0.27,0.3,1,10,1,0.3328606161622374,0.8,0.5138806200957277,0.5138806200957277,1,0.9,-3.617476339323368
0.5445083518640202,0.0369499294218121,28.579054819872216,0.8823852637235675,-0.0123319056530052,3,1,0.1,4.706264933552382,0.381413975198637,1,0.8581464012256639,0.27,0.3,1,10,1,2.799212509393669,0.8,0.381413975198637,0.381413975198637,1,0.9,-1.5678673855471017
0.3365356582100383,0.0175358325027187,16.63710880176288,0.26670788883637,-0.0050744450826219,3,1,0.1,4.178633900713763,0.9452717862398335,1,0.6813169816989271,0.27,0.3,1,10,1,3.418272838561758,0.8,0.9452717862398335,0.9452717862398335,1,0.9,-6.673332093702729
0.286802219696435,0.0170406740079461,13.516090880860627,0.59652050036455,-0.0004589504754562,3,1,0.1,2.6059352462652567,0.5985462579867834,1,0.6442400089673511,0.27,0.3,1,10,1,1.12883853375823,0.8,0.5985462579867834,0.5985462579867834,1,0.9,-4.299284889123412
0.3477393754331075,0.0214141951904915,22.97061212464884,0.2558042550188793,-0.0062496092142905,3,1,0.1,5.697544695144067,0.9753422552968,1,0.8439223336132455,0.27,0.3,1,10,1,4.367390210476244,0.8,0.9753422552968,0.9753422552968,1,0.9,-5.413470132015215
0.3637340754790732,0.0271033571520952,16.069028190273492,0.3080212497608267,-0.0082466184725822,3,1,0.1,11.668553653449944,0.8669110902886492,1,0.8102962958564894,0.27,0.3,1,10,1,3.2243573720429906,0.8,0.8669110902886492,0.8669110902886492,1,0.9,-3.495697386319893
0.4196379618746082,0.0273374395505725,38.39271531326672,0.4702873961240584,-0.0105738403880846,3,1,0.1,21.70572816797034,0.6133750519303446,1,0.6502764364428878,0.27,0.3,1,10,1,4.004054465605411,0.8,0.6133750519303446,0.6133750519303446,1,0.9,-2.1889136923873043
0.1476558101606698,0.0143230590982192,10.662185732820015,0.8125610550573693,0.0193257651324074,3,1,0.1,5.855483708622088,0.5632059760446151,1,0.8976264821866557,0.27,0.3,1,10,1,0.5537275773768466,0.8,0.5632059760446151,0.5632059760446151,1,0.9,-2.4206115441276026
0.388406351212363,0.0372689897798285,10.777149436707678,0.6869287506046382,-0.0059687197451409,3,1,0.1,77.99309942445721,0.5327739135193018,1,0.9578278130855948,0.27,0.3,1,10,1,1.4397566321209312,0.8,0.5327739135193018,0.5327739135193018,1,0.9,-1.804677972005216
0.3243474254163097,0.0182425188144434,10.402711968585564,0.267344148280891,-0.0047861746743763,3,1,0.1,5.567599751324373,0.9790394826501464,1,0.6668379879757397,0.27,0.3,1,10,1,2.5134072592641443,0.8,0.9790394826501464,0.9790394826501464,1,0.9,-5.534176679503475
0.3197092382588639,0.0275799021553409,6.521848979829208,0.3123720815297673,-0.0055997136883536,3,1,0.1,6.936660720870526,0.9574967339162764,1,0.9751983892065386,0.27,0.3,1,10,1,1.6085371645841802,0.8,0.9574967339162764,0.9574967339162764,1,0.9,-4.70801178001055
0.3984265947919089,0.0348413059631796,12.963890924012516,0.4374471034720806,-0.0107778854504329,3,1,0.1,8.708651677181138,0.6955151899876748,1,0.9122074534283996,0.27,0.3,1,10,1,2.29039621646096,0.8,0.6955151899876748,0.6955151899876748,1,0.9,-2.8493673462329587
0.3751714917261854,0.0261404310753871,24.27466641114168,0.3295713823070456,-0.0086280555286215,3,1,0.1,9.434787540634847,0.8051883808772031,1,0.7741809694803118,0.27,0.3,1,10,1,3.910657736242352,0.8,0.8051883808772031,0.8051883808772031,1,0.9,-3.3513175281418324
0.0857817573159259,0.005890088684041,8.385305773646046,0.4781508596244416,0.0081895900645641,3,1,0.1,4.18771012474796,0.9151129309218966,1,0.7032031874961795,0.27,0.3,1,10,1,0.4142196423083554,0.8,0.9151129309218966,0.9151129309218966,1,0.9,-6.223836550553017
0.2872517175330041,0.0273727860049149,8.686008155033322,0.5717772809341091,0.0002256649069617,3,1,0.1,9.01525152493052,0.6573253037854846,1,0.9339326048886344,0.27,0.3,1,10,1,1.042552620037644,0.8,0.6573253037854846,0.6573253037854846,1,0.9,-2.640272183203872
0.3161925906966499,0.0234635579808901,7.215547440590682,0.283893484342388,-0.0052953296693085,3,1,0.1,23.461697636131,0.9945873025729268,1,0.7648328699426177,0.27,0.3,1,10,1,1.8715674924359087,0.8,0.9945873025729268,0.9945873025729268,1,0.9,-3.679219410216949
0.3582915121489453,0.0269679310536742,12.145604803943042,0.3060778883518237,-0.0077405000716696,3,1,0.1,5.035394852839777,0.8859471614850983,1,0.87547061481565,0.27,0.3,1,10,1,2.6928804710979763,0.8,0.8859471614850983,0.8859471614850983,1,0.9,-5.009901183534134
0.6072456497048765,0.0186586220815063,120.6151229040095,1.132826551254129,-0.0017900727587948,3,1,0.1,2.546760823984047,0.2594408756549039,1,0.5066055562467684,0.27,0.3,1,10,1,4.665135796805964,0.8,0.2594408756549039,0.2594408756549039,1,0.9,-1.1344635713112066
0.4686612134858253,0.0123655639439409,19.28364734719672,2.3500366648727327,0.0764507469493708,3,1,0.1,2.291397707228772,0.1536816073905254,1,0.6185016468394737,0.27,0.3,1,10,1,1.1617474524824087,0.8,0.1536816073905254,0.1536816073905254,1,0.9,-0.6073129736259748
0.4171090294352553,0.0358697338510313,22.04618448037312,0.4031121157144545,-0.0125447191459646,3,1,0.1,10.387358085635103,0.7103771720202355,1,0.9300876228392112,0.27,0.3,1,10,1,3.470585620962769,0.8,0.7103771720202355,0.7103771720202355,1,0.9,-2.8175263530967074
0.3075544616996942,0.0177325151316232,9.650703237483102,0.3676513274949186,-0.0039991528477882,3,1,0.1,11.020773143142868,0.8052261768983953,1,0.5636748535899112,0.27,0.3,1,10,1,1.6454166879904542,0.8,0.8052261768983953,0.8052261768983953,1,0.9,-3.235725364916311
0.5544589798151459,0.0127202180898836,76.6175877660036,1.1694752567875095,6.719874401359478e-05,3,1,0.1,1.1700208217357375,0.267427385709895,1,0.5113367113849693,0.27,0.3,1,10,1,2.7340943788635204,0.8,0.267427385709895,0.267427385709895,1,0.9,-1.9101470841369887
0.140492217640254,0.011451378298683,13.576525928268447,0.8898760952228767,0.0189431772901363,3,1,0.1,4.213912387317815,0.5138706543942313,1,0.7423448756726928,0.27,0.3,1,10,1,0.5428871932933894,0.8,0.5138706543942313,0.5138706543942313,1,0.9,-2.394130996987551
0.4225289084393668,0.0230994899135258,21.4188806325009,1.0121608837605436,-3.701965215680993e-05,3,1,0.1,2.727612738623647,0.365454492534389,1,0.6831334831183473,0.27,0.3,1,10,1,1.514782319821153,0.8,0.365454492534389,0.365454492534389,1,0.9,-1.7722296138532343
0.3917781858765266,0.0200626393708228,26.096217033748644,0.5119813079062426,-0.0070976938500397,3,1,0.1,4.978686379093995,0.5794195263697669,1,0.5363277596730482,0.27,0.3,1,10,1,2.641689285432695,0.8,0.5794195263697669,0.5794195263697669,1,0.9,-2.6513930484339987
0.4273649075626866,0.0255444466996112,26.568870069345152,0.539173377179101,-0.009346336118684,3,1,0.1,2.5049779241704377,0.5629212061436776,1,0.7204405958547744,0.27,0.3,1,10,1,2.816129662753379,0.8,0.5629212061436776,0.5629212061436776,1,0.9,-3.944918119533469
0.0941797935707042,0.0086907862212376,11.221608780838125,0.7552189331518575,0.0197329438754619,3,1,0.1,8.63585482218182,0.6169782392705444,1,0.7643852990953368,0.27,0.3,1,10,1,0.4245112970128867,0.8,0.6169782392705444,0.6169782392705444,1,0.9,-2.468018156987528
0.0055122069742253,0.0005742461311648,8.47101563714588,0.5912786926987693,0.0217073138553547,3,1,0.1,27.130817495058785,0.8457180736847857,1,0.8794568591856302,0.27,0.3,1,10,1,0.0921011399334186,0.8,0.8457180736847857,0.8457180736847857,1,0.9,-3.040186189155067
0.3989063116871073,0.0246378033182247,23.459621831250924,0.4556141442487965,-0.0087498895336053,3,1,0.1,3.823404557007572,0.6357336193972078,1,0.6746852807295535,0.27,0.3,1,10,1,2.9324870148623425,0.8,0.6357336193972078,0.6357336193972078,1,0.9,-3.462449706926697
0.3261068116038508,0.0137109051804463,16.274053576789274,0.2665858155752399,-0.0039622663658868,3,1,0.1,4.486726937751924,0.9373151045884,1,0.5579975134860145,0.27,0.3,1,10,1,3.2762727285442588,0.8,0.9373151045884,0.9373151045884,1,0.9,-6.095799563643968
0.327618678348863,0.0126788870381077,22.50660847824316,0.2567413596655141,-0.0037475322929888,3,1,0.1,4.44908985716763,0.9496564684612306,1,0.5673277808719083,0.27,0.3,1,10,1,4.080494169064489,0.8,0.9496564684612306,0.9496564684612306,1,0.9,-6.306436368849559
0.3710919078725663,0.0175689013160855,42.005775571732286,0.3580451263618344,-0.0063439525788585,3,1,0.1,4.023443765098269,0.721783623837183,1,0.5896900591633585,0.27,0.3,1,10,1,4.652713188544727,0.8,0.721783623837183,0.721783623837183,1,0.9,-4.138101421279787
0.3318403895071409,0.0210974446916789,10.84018539598206,0.2744496247824838,-0.0056586098330251,3,1,0.1,11.601084552483265,0.9626291312404798,1,0.6970520676569176,0.27,0.3,1,10,1,2.595719715152624,0.8,0.9626291312404798,0.9626291312404798,1,0.9,-3.9791917819458007
0.2556682494065315,0.0235891877319114,8.432378464984488,0.5367633530742608,0.0014154661803374,3,1,0.1,32.78396419740864,0.7004780082788489,1,0.8177037399153171,0.27,0.3,1,10,1,0.9584873827315566,0.8,0.7004780082788489,0.7004780082788489,1,0.9,-2.4574428170547584
0.1305917975017455,0.0115579524701093,6.88190395020257,0.4448603754326106,0.0072709300476243,3,1,0.1,42.73779496373418,0.9325821816392702,1,0.7972229955038361,0.27,0.3,1,10,1,0.5508572178368525,0.8,0.9325821816392702,0.9325821816392702,1,0.9,-3.2753753259357685
0.4644492403635321,0.0214201973727352,47.11280790666265,0.7291413879176529,-0.008193573285534,3,1,0.1,3.523284396002776,0.4399920306140013,1,0.5418749715949284,0.27,0.3,1,10,1,3.0610125303226834,0.8,0.4399920306140013,0.4399920306140013,1,0.9,-2.069740849013211
0.3069640793490181,0.0189175064219828,8.348155357903888,0.3405155831561496,-0.0040721936764659,3,1,0.1,4.358437764653672,0.8645966348954279,1,0.6709513766608921,0.27,0.3,1,10,1,1.6208638139323317,0.8,0.8645966348954279,0.8645966348954279,1,0.9,-5.365537800798267
0.5764562564298529,0.0141695561994705,63.59920488862009,1.2321622226554214,0.0023519294860696,3,1,0.1,1.1470400634487266,0.2488314997810694,1,0.572341977216414,0.27,0.3,1,10,1,2.66100092531947,0.8,0.2488314997810694,0.2488314997810694,1,0.9,-1.6796313249569792
0.2517733590473827,0.0172258702619612,8.789801620084978,0.4591764459587816,-0.0001629441507264,3,1,0.1,3.624850116511673,0.7639462227436231,1,0.712425653288275,0.27,0.3,1,10,1,1.0158123611492689,0.8,0.7639462227436231,0.7639462227436231,1,0.9,-5.01036228554007
0.3565225104820735,0.0231892795183117,18.655038059694448,0.3099827827517101,-0.0072353516565446,3,1,0.1,24.48400116617951,0.848979050254309,1,0.6878282978767234,0.27,0.3,1,10,1,3.419097525166257,0.8,0.848979050254309,0.848979050254309,1,0.9,-3.079049878616578
0.3599846621201243,0.0302084890918898,9.51649628936473,0.357931538033646,-0.0080542767449467,3,1,0.1,5.011038928422155,0.8199341966804905,1,0.9454171992792492,0.27,0.3,1,10,1,2.031438178233132,0.8,0.8199341966804905,0.8199341966804905,1,0.9,-4.421034008444655
0.4429414524302557,0.0287143294457664,17.18162919110964,0.8629311059003715,-0.0040990275969144,3,1,0.1,1.9079079586199568,0.4227787528739934,1,0.9625453712633738,0.27,0.3,1,10,1,1.5946420479610235,0.8,0.4227787528739934,0.4227787528739934,1,0.9,-2.918029667798333
0.1996800769861045,0.0149640732389132,8.259078357035403,0.4812933102008082,0.0034158092923894,3,1,0.1,3.4904893886386046,0.7959478460118778,1,0.7887109884403148,0.27,0.3,1,10,1,0.7731591703488907,0.8,0.7959478460118778,0.7959478460118778,1,0.9,-5.670085842025631
0.3410942210680122,0.0199280741415195,13.317287968648122,0.2921169250797569,-0.0057335875365051,3,1,0.1,3.933443802344109,0.8978523832597544,1,0.7065473526044654,0.27,0.3,1,10,1,2.8048357238713155,0.8,0.8978523832597544,0.8978523832597544,1,0.9,-6.40329709628811
0.1742004523816546,0.0184446477010848,6.978327307309731,0.5071690931645247,0.0078688683141227,3,1,0.1,62.26800438018216,0.8123406551269636,1,0.9715082930427344,0.27,0.3,1,10,1,0.6616211826864997,0.8,0.8123406551269636,0.8123406551269636,1,0.9,-2.7928165731466006
0.2773010291133585,0.0162857627852645,19.728334009118456,1.1504210629323928,0.0127618453350026,3,1,0.1,8.84107978781896,0.3605755943753502,1,0.5682476917853028,0.27,0.3,1,10,1,0.9220851507679826,0.8,0.3605755943753502,0.3605755943753502,1,0.9,-1.3283260459283266
0.3086016746555463,0.0156191229629836,8.7239158851745,0.2720895141138679,-0.0037999290957543,3,1,0.1,6.037151884335709,0.9830174591944736,1,0.588776719639167,0.27,0.3,1,10,1,2.101862988494597,0.8,0.9830174591944736,0.9830174591944736,1,0.9,-5.28446082080572
0.3252413383475427,0.0209815428492587,10.073256159305878,0.4002872305826857,-0.0048198708256573,3,1,0.1,3.5679457129715315,0.7597930595502901,1,0.6982098788001054,0.27,0.3,1,10,1,1.6426407736264306,0.8,0.7597930595502901,0.7597930595502901,1,0.9,-5.033902618132036
0.3400036501124637,0.0155379864435832,31.08284405686085,0.2713875629420784,-0.004831901101938,3,1,0.1,7.828630037987077,0.9055826319908128,1,0.6250496512067325,0.27,0.3,1,10,1,4.806512479834318,0.8,0.9055826319908128,0.9055826319908128,1,0.9,-4.134571209414218
0.4137754576605457,0.0296537896198408,16.416703644710545,0.7048139791329264,-0.0071513691620777,3,1,0.1,4.6692576869482485,0.4945904093969549,1,0.7690998036879437,0.27,0.3,1,10,1,1.7460050992528142,0.8,0.4945904093969549,0.4945904093969549,1,0.9,-2.1898813426690653
0.7187029011942817,0.0248344083172184,41.54548279134491,1.398646931956225,0.0362385110943845,3,1,0.1,1.798075180966708,0.1767644390669606,1,0.8861255302539595,0.27,0.3,1,10,1,3.627231983264801,0.8,0.1767644390669606,0.1767644390669606,1,0.9,-0.7646027155765402
0.2253466011458877,0.0218883193024685,7.469609697886254,0.5076911845690283,0.0035991067352499,3,1,0.1,9.79203387722136,0.7635814260113065,1,0.9387415071986708,0.27,0.3,1,10,1,0.8327804547921138,0.8,0.7635814260113065,0.7635814260113065,1,0.9,-3.1114000016927497
0.0473972785280284,0.0046190323859464,7.076657931334367,0.4789516474004029,0.013881429825496,3,1,0.1,14.093930434336167,0.9789174393529678,1,0.9322726171264442,0.27,0.3,1,10,1,0.2859379306489056,0.8,0.9789174393529678,0.9789174393529678,1,0.9,-3.894168762246992
0.3669569147611811,0.01863285358141,28.596748754142347,0.355903539671372,-0.0064714485012157,3,1,0.1,3.905464439767154,0.7375918365122017,1,0.6022308959159524,0.27,0.3,1,10,1,3.7895675229910815,0.8,0.7375918365122017,0.7375918365122017,1,0.9,-4.39574025822824
0.399526047245605,0.0221241349025042,29.936284112973315,0.4804576487049567,-0.0082151003908403,3,1,0.1,7.81042488677317,0.6023680749263024,1,0.5627133041311122,0.27,0.3,1,10,1,3.167439584312529,0.8,0.6023680749263024,0.6023680749263024,1,0.9,-2.4485165315335777
0.3718605805522217,0.0207657874473214,21.091647517093985,0.4407469949457246,-0.0070602791999118,3,1,0.1,248.8258132090169,0.6515332923275322,1,0.524980967686328,0.27,0.3,1,10,1,2.660795861869818,0.8,0.6515332923275322,0.6515332923275322,1,0.9,-2.185128058960884
0.3951148754291096,0.0197775129403709,40.33897281912835,0.4366040285118523,-0.0075440708316428,3,1,0.1,3.8240588958459054,0.6296410130829375,1,0.5738955172575374,0.27,0.3,1,10,1,3.964940820946095,0.8,0.6296410130829375,0.6296410130829375,1,0.9,-3.408195483418148
0.3518873391741171,0.027595273099761,11.846717632962497,0.2817278292041232,-0.0076694513640584,3,1,0.1,15.226205257411724,0.9479514955269196,1,0.8623503777579389,0.27,0.3,1,10,1,2.837921494708058,0.8,0.9479514955269196,0.9479514955269196,1,0.9,-3.696877947057482
0.382350523218371,0.0261665705462047,22.359040674497656,0.3483514966419861,-0.0087463194006496,3,1,0.1,3.808009378750965,0.7727801747871376,1,0.8170558831451911,0.27,0.3,1,10,1,3.571080690102895,0.8,0.7727801747871376,0.7727801747871376,1,0.9,-4.8927116382519245
0.3756716748167426,0.0245609680286372,34.187080843888204,0.3286556005290157,-0.0083497408810341,3,1,0.1,14.405771323327384,0.7948972020812276,1,0.7467728361772882,0.27,0.3,1,10,1,4.709814407030367,0.8,0.7948972020812276,0.7948972020812276,1,0.9,-3.04121772868113
0.48159312899458,0.0313752648352,22.27268640339576,0.8086295819619699,-0.0091550939227069,3,1,0.1,3.052939167738133,0.4261088596678813,1,0.8168506048704113,0.27,0.3,1,10,1,2.1612561403789297,0.8,0.4261088596678813,0.4261088596678813,1,0.9,-2.106335395538835
0.6542211093692859,0.0167190655785041,96.24970588708936,1.2216052092234144,0.0036088859471827,3,1,0.1,1.0366540506980189,0.2285312434463936,1,0.6994736578672449,0.27,0.3,1,10,1,4.053945996928766,0.8,0.2285312434463936,0.2285312434463936,1,0.9,-1.5686731801307214
0.3259243066326214,0.0153831207045839,15.74682469485878,0.5042114550540931,-0.003453798120455,3,1,0.1,2.9718947932291258,0.6219532616732133,1,0.5211217993462964,0.27,0.3,1,10,1,1.5892844506770525,0.8,0.6219532616732133,0.6219532616732133,1,0.9,-4.051676854739672
0.0479926487151811,0.0043609093262561,7.770905034959967,0.5046396670602711,0.0136850465477072,3,1,0.1,11.414524842463983,0.926821280906362,1,0.8331403596413649,0.27,0.3,1,10,1,0.2892521732695013,0.8,0.926821280906362,0.926821280906362,1,0.9,-3.811533010308605
0.5153463051777176,0.0421290208424224,32.33272358331028,0.654734585685995,-0.0169975522355035,3,1,0.1,7.8398437678641875,0.4927834064132902,1,0.9542533635036056,0.27,0.3,1,10,1,3.529395896638372,0.8,0.4927834064132902,0.4927834064132902,1,0.9,-1.924930633884236
0.3308847091938629,0.0138050349583982,27.69395304758074,0.2535020518239587,-0.0041093311909019,3,1,0.1,7.677637279815991,0.9579950996316882,1,0.603597065636253,0.27,0.3,1,10,1,4.680067211007007,0.8,0.9579950996316882,0.9579950996316882,1,0.9,-4.504907915314847
0.1470387728203941,0.0116409580398769,11.176841975440931,0.6517520160572651,0.0103637604627159,3,1,0.1,7.314599027097389,0.6547174609331118,1,0.6792994594296323,0.27,0.3,1,10,1,0.5885272766035959,0.8,0.6547174609331118,0.6547174609331118,1,0.9,-2.758514952719321
0.3245830666760829,0.0155228104447116,13.528219082653738,0.2639771505718215,-0.0043185689329943,3,1,0.1,7.245178486604681,0.961825463997046,1,0.5811602994713738,0.27,0.3,1,10,1,2.976999901513146,0.8,0.961825463997046,0.961825463997046,1,0.9,-4.644877645638948
0.0039079573463299,0.0002294649750012,23.71545849815707,1.1143174565839091,0.0271511558686819,3,1,0.1,2.2141585838626616,0.4585988701618079,1,0.5586735135489691,0.27,0.3,1,10,1,0.0783116590372967,0.8,0.4585988701618079,0.4585988701618079,1,0.9,-2.958411149455462
0.3436632983677028,0.0192250611535976,17.035930122387203,0.3007456781519486,-0.0058536537334897,3,1,0.1,11.72406083044296,0.8641217842795335,1,0.6133717926625354,0.27,0.3,1,10,1,3.2005972019659605,0.8,0.8641217842795335,0.8641217842795335,1,0.9,-3.478660017012765
0.4956839153296943,0.02314351592922,39.96167937899859,0.8940846286881842,-0.007132869990489,3,1,0.1,2.970789118303747,0.3754822968610668,1,0.5925527020753447,0.27,0.3,1,10,1,2.601955022049524,0.8,0.3754822968610668,0.3754822968610668,1,0.9,-1.7751118238084498
0.3731969894626594,0.0324735112159174,14.91478566646145,0.3005175450543171,-0.0096685665986708,3,1,0.1,22.560029312878168,0.8964212737178738,1,0.9653160406778916,0.27,0.3,1,10,1,3.246669389754277,0.8,0.8964212737178738,0.8964212737178738,1,0.9,-3.2934198234314875
0.3296448319402736,0.0154362782013247,14.954500263387024,0.2827529334905876,-0.0044926925082062,3,1,0.1,5.857550558883166,0.9039945444127738,1,0.5630665144876436,0.27,0.3,1,10,1,2.9953369588125254,0.8,0.9039945444127738,0.9039945444127738,1,0.9,-4.709061621144541
0.4109408117112791,0.029803250978041,28.30283686517312,0.397455948052143,-0.0107030709298652,3,1,0.1,3.5252424493982235,0.6997021206219172,1,0.8778532813901345,0.27,0.3,1,10,1,3.851002816201607,0.8,0.6997021206219172,0.6997021206219172,1,0.9,-4.344313264803265
0.0272472173076039,0.002223456539655,9.099530519248074,0.5500696933763961,0.0146103742474091,3,1,0.1,6.747104002895682,0.8719395798219836,1,0.7409639123324483,0.27,0.3,1,10,1,0.2124414757056153,0.8,0.8719395798219836,0.8719395798219836,1,0.9,-4.161251466471931
0.3512923662367544,0.0173405609611381,18.68564570022706,0.3671355390102683,-0.0056262360059205,3,1,0.1,5.711219501987084,0.7367946171040078,1,0.5324254268443727,0.27,0.3,1,10,1,2.777127454129784,0.8,0.7367946171040078,0.7367946171040078,1,0.9,-3.513662315939567
0.3304053320615561,0.0147386720373376,14.4399313728669,0.401317267942758,-0.0041290225033153,3,1,0.1,3.131483678314812,0.7108461747035735,1,0.5103543793056259,0.27,0.3,1,10,1,1.978248639160646,0.8,0.7108461747035735,0.7108461747035735,1,0.9,-5.037884310293384
0.3282316954091522,0.0134764810373383,23.16570525312527,0.2516195172808012,-0.0039427010325546,3,1,0.1,5.734180639045002,0.9682078310652324,1,0.5919443127177407,0.27,0.3,1,10,1,4.237681723429311,0.8,0.9682078310652324,0.9682078310652324,1,0.9,-5.325498527141598
0.538809278829913,0.0228566246081578,99.5043501849236,0.8275290162615849,-0.0094543116027783,3,1,0.1,1.750689679238077,0.3847153265802571,1,0.6536448564189901,0.27,0.3,1,10,1,4.652568557524556,0.8,0.3847153265802571,0.3847153265802571,1,0.9,-2.6318909704068707
0.4049986948700645,0.0306762899613162,30.832439611088613,0.3566367347593168,-0.0106903733581931,3,1,0.1,3.45960533630818,0.7564188002541884,1,0.9922104556287026,0.27,0.3,1,10,1,4.3781492236936845,0.8,0.7564188002541884,0.7564188002541884,1,0.9,-5.1474626648970325
0.3752890041265609,0.0215589021901106,17.31625935070733,0.5098024007962841,-0.006428715695684,3,1,0.1,2.714685109359149,0.6052175234252972,1,0.6502234933034722,0.27,0.3,1,10,1,2.018245838311447,0.8,0.6052175234252972,0.6052175234252972,1,0.9,-4.204635354325666
0.4251660615508097,0.0333316019362506,36.85954537147192,0.4086768738541057,-0.0123654284897551,3,1,0.1,6.042625472126119,0.6861728689473758,1,0.9123519864144848,0.27,0.3,1,10,1,4.532010450652113,0.8,0.6861728689473758,0.6861728689473758,1,0.9,-3.111736948851152
0.3729249411170952,0.015808944776815,32.047911721722954,0.4115253791729878,-0.0057705752809526,3,1,0.1,2.974600641564647,0.653173370495517,1,0.5130788791357371,0.27,0.3,1,10,1,3.4359151275321844,0.8,0.653173370495517,0.653173370495517,1,0.9,-4.464875303086901
0.4481581855397689,0.0236150372132561,33.937961974636394,0.6833355092303292,-0.0086122032767749,3,1,0.1,3.8121322234398782,0.4711690365772963,1,0.5909023154566425,0.27,0.3,1,10,1,2.697081393975489,0.8,0.4711690365772963,0.4711690365772963,1,0.9,-2.207067541227242
0.356109602072026,0.0259794234267595,19.50607170215091,0.2722239005291951,-0.0076705229264029,3,1,0.1,45.53241987821325,0.9449058164382568,1,0.8413057690367007,0.27,0.3,1,10,1,3.9204654059824606,0.8,0.9449058164382568,0.9449058164382568,1,0.9,-3.3099617039723483
0.5031193698736571,0.0315887804258417,51.94796041662746,0.6861019952931415,-0.0131990162479397,3,1,0.1,4.342207180951685,0.46415866337145,1,0.7320941927716305,0.27,0.3,1,10,1,4.0138189147567,0.8,0.46415866337145,0.46415866337145,1,0.9,-2.061335550488658
0.7083260156031994,0.000519433511486,75.8309163354666,4.316628575303822,0.1015247410055446,3,1,0.1,0.4201171995074519,0.0576160906416294,1,0.903658134709706,0.27,0.3,1,10,1,1.472963721236669,0.8,0.0576160906416294,0.0576160906416294,1,0.9,-0.2824318573928313
0.5079099495818209,0.0361987380950405,32.754658884167945,0.6582807354614879,-0.0143549969861961,3,1,0.1,2.85997390879403,0.4868634845483242,1,0.9444198725805322,0.27,0.3,1,10,1,3.308049310263583,0.8,0.4868634845483242,0.4868634845483242,1,0.9,-2.6922851662636527
0.345899229550485,0.0148871527727865,25.29304097333851,0.315563024198872,-0.0048931786482084,3,1,0.1,4.392910567063336,0.8033810699056136,1,0.5388207802857454,0.27,0.3,1,10,1,3.7579442296653127,0.8,0.8033810699056136,0.8033810699056136,1,0.9,-4.671278883151278
0.3541321129382995,0.0175896482015605,33.49740195303871,0.3045154845240115,-0.0058200788435428,3,1,0.1,5.725790832518835,0.8263304380860332,1,0.6353709000940322,0.27,0.3,1,10,1,4.664351887163574,0.8,0.8263304380860332,0.8263304380860332,1,0.9,-4.152875068982225
0.3506354115041099,0.0177389358467322,18.77482501468694,0.3489351875235996,-0.0057272508040905,3,1,0.1,5.716253045143706,0.76447895657076,1,0.5542121937715283,0.27,0.3,1,10,1,2.940989183878506,0.8,0.76447895657076,0.76447895657076,1,0.9,-3.7041659841761625
0.6549745094276687,0.0243685608570209,99.7141246213786,1.108739553651653,-0.0035760296746994,3,1,0.1,1.237823099082333,0.2666780385357725,1,0.8641344555531628,0.27,0.3,1,10,1,4.868222553156411,0.8,0.2666780385357725,0.2666780385357725,1,0.9,-1.787491850172195
0.485344674021462,0.0339676882048194,37.17457424001991,0.6100104103897988,-0.0136859701289404,3,1,0.1,3.7400997754716654,0.5136710008464921,1,0.8335926413957833,0.27,0.3,1,10,1,3.6067336277371465,0.8,0.5136710008464921,0.5136710008464921,1,0.9,-2.519712785241916
0.3228140831462021,0.0123952000039544,17.913928136017294,0.2544550103480041,-0.0035567567807499,3,1,0.1,4.789029041027268,0.9656924773679914,1,0.5413885311019488,0.27,0.3,1,10,1,3.5768714172770046,0.8,0.9656924773679914,0.9656924773679914,1,0.9,-6.079378922773229
0.1503373614437909,0.0123605230439245,12.468778948497082,0.7453313779710801,0.0130147567016952,3,1,0.1,134.09287271608054,0.5818602387077825,1,0.6405138790588629,0.27,0.3,1,10,1,0.5944781037444185,0.8,0.5818602387077825,0.5818602387077825,1,0.9,-1.9593725356404228
0.4865461094144547,0.0351490624318331,21.4157526905169,0.8119647689400372,-0.0107350517451699,3,1,0.1,10.016641697410584,0.4250258933853647,1,0.7834346933441804,0.27,0.3,1,10,1,2.255855817586647,0.8,0.4250258933853647,0.4250258933853647,1,0.9,-1.5724367002519042
0.5268468079541899,0.0288291611630645,77.17951838159225,0.7101675815600051,-0.0124209669607436,3,1,0.1,1.9445579695053985,0.4426494370487331,1,0.8043144061468623,0.27,0.3,1,10,1,4.745828021187442,0.8,0.4426494370487331,0.4426494370487331,1,0.9,-3.1470466390439613
0.3398367168737932,0.0150916372509623,24.55912793747665,0.7934480291913497,-0.0009121861664897,3,1,0.1,2.802686321036425,0.4523965264618929,1,0.5039956798238804,0.27,0.3,1,10,1,1.3568673267713427,0.8,0.4523965264618929,0.4523965264618929,1,0.9,-2.419112818708311
0.3457464927149285,0.0145498929777076,37.39262006657189,0.2968652057883161,-0.0048129991517066,3,1,0.1,7.128380098626295,0.8326543505339712,1,0.5635298853121886,0.27,0.3,1,10,1,4.938836958688336,0.8,0.8326543505339712,0.8326543505339712,1,0.9,-3.8154172655206073
0.3107932092552982,0.015098053450028,9.674423405150597,0.2718714494253036,-0.0038409663446558,3,1,0.1,17.873922286979024,0.9702506515575668,1,0.5362379896232099,0.27,0.3,1,10,1,2.273406866750393,0.8,0.9702506515575668,0.9702506515575668,1,0.9,-3.703220198560161
0.3959675733467223,0.0299850993108566,23.802269935452333,0.3710992563501782,-0.0103094940132519,3,1,0.1,6.957756753684751,0.7432625308887117,1,0.8327425179757659,0.27,0.3,1,10,1,3.6616428096991553,0.8,0.7432625308887117,0.7432625308887117,1,0.9,-3.3001258129003217
0.2694115282060617,0.0182521435130495,6.678100963992891,0.3410163435484986,-0.0023088155400815,3,1,0.1,6.14012748502066,0.9289225795190754,1,0.709220720215409,0.27,0.3,1,10,1,1.228060554571396,0.8,0.9289225795190754,0.9289225795190754,1,0.9,-4.785819133668509
0.1890217130006591,0.0117643009005428,16.27812652118557,1.5558201313310085,0.0383938508876767,3,1,0.1,1.8595354575337728,0.3139652309156616,1,0.8638068475897782,0.27,0.3,1,10,1,0.5974680278743327,0.8,0.3139652309156616,0.3139652309156616,1,0.9,-1.7268720038541383
0.613975945068407,0.0282783357177683,60.78834650166925,1.063838151354532,-0.0064609732196378,3,1,0.1,2.017646755037016,0.292642563600154,1,0.7758794076698499,0.27,0.3,1,10,1,3.883934815258274,0.8,0.292642563600154,0.292642563600154,1,0.9,-1.4744857627187375
0.5325060795704448,0.0268323522053946,65.62705931045728,0.7885101202238453,-0.011004480632044,3,1,0.1,1.9730413172806665,0.4073368624843799,1,0.7329012041818225,0.27,0.3,1,10,1,4.025525521607412,0.8,0.4073368624843799,0.4073368624843799,1,0.9,-2.6197972144719284
0.3135390798341446,0.0216923406360185,7.1662698575528205,0.2891270268201755,-0.0047663713739616,3,1,0.1,4.892757278970938,0.9815670694869052,1,0.7982319419928203,0.27,0.3,1,10,1,1.7829435397606632,0.8,0.9815670694869052,0.9815670694869052,1,0.9,-6.151381371466808
0.4328225662853622,0.0251745028722109,31.972491171849683,0.5666488493210236,-0.0095690719047727,3,1,0.1,3.973392254489653,0.5394228622920818,1,0.6369185595657257,0.27,0.3,1,10,1,3.044102510771519,0.8,0.5394228622920818,0.5394228622920818,1,0.9,-2.631730827727897
0.2977472494680756,0.0135474860077359,22.711474954725848,1.396643530837292,0.0178510747832509,3,1,0.1,1.6446811506855,0.3043652324822964,1,0.6697791000929343,0.27,0.3,1,10,1,0.9037718938354584,0.8,0.3043652324822964,0.3043652324822964,1,0.9,-1.7855755781720344
0.3386637689758424,0.0252939141214442,10.95018314287763,0.4682415302349927,-0.0057793786274698,3,1,0.1,17.403520264748117,0.6852181300897181,1,0.684723804581983,0.27,0.3,1,10,1,1.607497769004693,0.8,0.6852181300897181,0.6852181300897181,1,0.9,-2.5151219240407032
0.2350489414393093,0.0201649993137027,7.499476155851211,0.4604342245811584,0.0013078933702959,3,1,0.1,8.101157032290343,0.7992378738089972,1,0.8230295196132602,0.27,0.3,1,10,1,0.9099101579047276,0.8,0.7992378738089972,0.7992378738089972,1,0.9,-3.460804248400538
0.3500815741412533,0.0253389528102605,13.653135905599749,0.64726705973821,-0.0038185090656422,3,1,0.1,5.874074505219033,0.5476757642504817,1,0.709939711691896,0.27,0.3,1,10,1,1.4014167190783828,0.8,0.5476757642504817,0.5476757642504817,1,0.9,-2.3331688279509324
0.3186140190179913,0.0287297573241423,9.131485731958657,0.548029746745836,-0.0027200553744831,3,1,0.1,5.5319707867578725,0.6554031990534924,1,0.9404141074338076,0.27,0.3,1,10,1,1.205709558046962,0.8,0.6554031990534924,0.6554031990534924,1,0.9,-3.019357250575152
0.3314520889698563,0.0247480872486825,7.84482674297236,0.2854543956476007,-0.0059297088957814,3,1,0.1,4.336228676924788,0.9751690792944184,1,0.9060192058055432,0.27,0.3,1,10,1,2.021585598729933,0.8,0.9751690792944184,0.9751690792944184,1,0.9,-6.839554279351649
0.4362451002862686,0.0360210609949195,38.84438603963316,0.4188172353626103,-0.0135203467622819,3,1,0.1,6.797210304442346,0.6765753478719889,1,0.9730330757842288,0.27,0.3,1,10,1,4.691967656963728,0.8,0.6765753478719889,0.6765753478719889,1,0.9,-2.9374945096713105
0.3220875324885569,0.0203625039254635,15.831110218379902,0.7843437770810245,0.0011339985428677,3,1,0.1,2.2929113156863696,0.4860793765223073,1,0.7387392209390822,0.27,0.3,1,10,1,1.1426654902860696,0.8,0.4860793765223073,0.4860793765223073,1,0.9,-3.206213269019435
0.3496109203240403,0.0177501712519844,32.87246033344278,0.2872845879875798,-0.0056923443817291,3,1,0.1,7.454922320546674,0.868061176272141,1,0.6620449781859324,0.27,0.3,1,10,1,4.829159446967691,0.8,0.868061176272141,0.868061176272141,1,0.9,-3.972982602315424
0.3397076638601328,0.011339363453309,38.83502273891718,0.2965625729320967,-0.0037851528250948,3,1,0.1,3.679791050363497,0.8210390551051766,1,0.5054545113661068,0.27,0.3,1,10,1,4.904018277971398,0.8,0.8210390551051766,0.8210390551051766,1,0.9,-5.708985659631997
0.3511538880885421,0.0283558711208572,10.928405886292666,0.2673333119435888,-0.007599689209495,3,1,0.1,8.665558710744497,0.992957437009528,1,0.9573871837807196,0.27,0.3,1,10,1,2.802878435318777,0.8,0.992957437009528,0.992957437009528,1,0.9,-4.517768917788808
0.4966612761843421,0.0243772281705314,32.74505688896412,0.9541596412107304,-0.0058974885357217,3,1,0.1,2.947156665638939,0.3582441501116984,1,0.6316283221872806,0.27,0.3,1,10,1,2.298345907726504,0.8,0.3582441501116984,0.3582441501116984,1,0.9,-1.6669426647245569
0.4916158623049227,0.0231644547152208,62.20803746868113,0.7592226401285194,-0.0093824274529644,3,1,0.1,3.644700313489656,0.422313414796275,1,0.5644646641138585,0.27,0.3,1,10,1,3.695316172608804,0.8,0.422313414796275,0.422313414796275,1,0.9,-1.929335386061256
0.055385125226793,0.0043807813581528,12.870514541903068,0.7603597502785757,0.0194843635545762,3,1,0.1,3.311240417829734,0.6320292062842404,1,0.7233773895122886,0.27,0.3,1,10,1,0.3106932874314081,0.8,0.6320292062842404,0.6320292062842404,1,0.9,-3.798519408251577
0.5250245436898513,0.0268468085588805,22.52793455947604,1.0991335003902118,-0.0009295003952828,3,1,0.1,1.438574650101466,0.3209824523616324,1,0.9942522263565589,0.27,0.3,1,10,1,1.8680117175931488,0.8,0.3209824523616324,0.3209824523616324,1,0.9,-2.2319546460213733
0.2565359634662095,0.0169338651993096,6.3998237207801925,0.3331620998301265,-0.0017564130341085,3,1,0.1,9.03623431113879,0.9599733991229572,1,0.6723510636558692,0.27,0.3,1,10,1,1.1594602367041231,0.8,0.9599733991229572,0.9599733991229572,1,0.9,-4.254544966898791
0.6866435812749798,0.0129905197402104,49.24182621523359,1.5275153840790032,0.0253528882717068,3,1,0.1,0.7822987551734448,0.1714525510437267,1,0.8920687621751793,0.27,0.3,1,10,1,2.664119548540891,0.8,0.1714525510437267,0.1714525510437267,1,0.9,-1.1696502527716175
0.346879769278182,0.0221780614747552,14.997065104731384,0.280945135234424,-0.0064433676037628,3,1,0.1,5.888462679941624,0.9234016395319776,1,0.757685787899916,0.27,0.3,1,10,1,3.185765349602664,0.8,0.9234016395319776,0.9234016395319776,1,0.9,-4.854152504650355
0.0364415852190324,0.0037568629560319,10.129408891603928,0.7637209020979449,0.0274334405177142,3,1,0.1,4.261368765041526,0.6588165303106187,1,0.9820080033901022,0.27,0.3,1,10,1,0.2401191738206021,0.8,0.6588165303106187,0.6588165303106187,1,0.9,-3.435298589394153
0.5239003019533692,0.037277874200311,20.20691296509755,0.951842200325536,-0.0087431584878201,3,1,0.1,6.276178235903775,0.3650640759792483,1,0.8785742739646734,0.27,0.3,1,10,1,2.1968793379120406,0.8,0.3650640759792483,0.3650640759792483,1,0.9,-1.4079733761691795
0.3214725675927468,0.0254777048903387,8.834616445722705,0.411942647221806,-0.0052762420304453,3,1,0.1,30.613977032061808,0.7685582492977749,1,0.7279045646106528,0.27,0.3,1,10,1,1.524351592171844,0.8,0.7685582492977749,0.7685582492977749,1,0.9,-2.721266942396173
0.345519291619246,0.0217612816708517,17.186143706302875,0.2541788241620299,-0.0061555930060953,3,1,0.1,4.362606900392364,0.991245159663718,1,0.8575729874012501,0.27,0.3,1,10,1,3.705730044737084,0.8,0.991245159663718,0.991245159663718,1,0.9,-7.032589728773508
0.6203215541147502,0.0307291678697547,78.44797418140936,0.9577070006417536,-0.0108156771906342,3,1,0.1,1.5534114192868078,0.3291605758642532,1,0.948777721083068,0.27,0.3,1,10,1,4.640332223149876,0.8,0.3291605758642532,0.3291605758642532,1,0.9,-2.1701947197041944
0.384426834161638,0.023646753979185,19.678945666076448,0.4206056096981634,-0.0079975899439739,3,1,0.1,3.221388048804809,0.6772892655588632,1,0.6951758877063218,0.27,0.3,1,10,1,2.7568809824918192,0.8,0.6772892655588632,0.6772892655588632,1,0.9,-4.431748561723079
0.5950346332705705,0.0136886564454596,95.97032643030502,1.1722972355310588,0.000140162693892,3,1,0.1,1.104843544016541,0.2548974785450623,1,0.5523763725795449,0.27,0.3,1,10,1,3.4029359330835702,0.8,0.2548974785450623,0.2548974785450623,1,0.9,-1.8403669314722872
0.1708433017680572,0.016578793127659,10.210180121043674,0.7433571723343162,0.0144803567623339,3,1,0.1,14.093708527019611,0.5901010252862899,1,0.8341907751638273,0.27,0.3,1,10,1,0.6288870480012455,0.8,0.5901010252862899,0.5901010252862899,1,0.9,-2.1799791980778016
0.3785764511750358,0.0252214480892155,31.783275240902547,0.3208371485289737,-0.0084458340257612,3,1,0.1,4.292725577647957,0.8105385835772616,1,0.8528146670055742,0.27,0.3,1,10,1,4.608693232165219,0.8,0.8105385835772616,0.8105385835772616,1,0.9,-4.829571510105414
0.3862781203526522,0.0187428738795036,36.07466486174963,0.4231823754984914,-0.007007098846486,3,1,0.1,3.832795231692703,0.6442361284548118,1,0.5559356089009911,0.27,0.3,1,10,1,3.7581256830329535,0.8,0.6442361284548118,0.6442361284548118,1,0.9,-3.5331514787292075
0.4624088705771906,0.0287399914945949,22.37166541783656,0.8638372407857239,-0.0069425483672113,3,1,0.1,4.692674693389589,0.4061598963301992,1,0.7034476307948296,0.27,0.3,1,10,1,1.9806360098213789,0.8,0.4061598963301992,0.4061598963301992,1,0.9,-1.6964774512239522
0.1090758789836784,0.0095584326858913,7.422007883527049,0.4752981628462855,0.0091278759389554,3,1,0.1,18.86528619592292,0.9037979636968648,1,0.7860421124805148,0.27,0.3,1,10,1,0.4827922255643854,0.8,0.9037979636968648,0.9037979636968648,1,0.9,-3.391814976528794
0.3226485849824277,0.0166308022489446,10.741890993475078,0.3066160134695835,-0.0044557993129553,3,1,0.1,4.298367776089102,0.8804856473774724,1,0.5940443198544563,0.27,0.3,1,10,1,2.2152120840440985,0.8,0.8804856473774724,0.8804856473774724,1,0.9,-5.622129624737422
0.2999690143426924,0.0252310524082512,6.070296542848999,0.3124345181568481,-0.0044125609350026,3,1,0.1,10.968434562239317,0.9790553926981695,1,0.8932238185251501,0.27,0.3,1,10,1,1.441076991839172,0.8,0.9790553926981695,0.9790553926981695,1,0.9,-4.122040403187159
0.3944395795547208,0.0261310422825651,33.62579946207088,0.3645046530532688,-0.0092697580604732,3,1,0.1,3.619248040459796,0.7351920517773297,1,0.819524300022046,0.27,0.3,1,10,1,4.379107454851679,0.8,0.7351920517773297,0.7351920517773297,1,0.9,-4.658827091541999
0.179673640510337,0.0103904685098957,7.780423664109469,0.411241325106328,0.0022715054523768,3,1,0.1,4.063549820024154,0.902002506392738,1,0.6178863885892086,0.27,0.3,1,10,1,0.7416556316411059,0.8,0.902002506392738,0.902002506392738,1,0.9,-6.237130681872733
0.2449722650525069,0.0182659530889232,8.507339650270305,0.4626870257853571,0.0001330105370222,3,1,0.1,15.680057424160294,0.7674490837241997,1,0.6670368482338326,0.27,0.3,1,10,1,0.9913727129469472,0.8,0.7674490837241997,0.7674490837241997,1,0.9,-2.8879805650222634
0.037363822549951,0.0027951081040775,8.743303774014835,0.5071116039081205,0.0117052704099221,3,1,0.1,8.93240545932628,0.9227234602373944,1,0.6820132284943153,0.27,0.3,1,10,1,0.2539856592425332,0.8,0.9227234602373944,0.9227234602373944,1,0.9,-4.052551092313914
0.3366320875634292,0.0204543400592226,11.703367132956872,0.4013186138032965,-0.0053768385275184,3,1,0.1,4.151843304863375,0.7377372164549827,1,0.6400371928351539,0.27,0.3,1,10,1,1.858708160460048,0.8,0.7377372164549827,0.7377372164549827,1,0.9,-4.200814901981247
0.5009831400175158,0.0432467391943994,30.659580372384937,0.609978305150321,-0.0173110452657796,3,1,0.1,20.248244183659807,0.5231388633940428,1,0.9479639897968044,0.27,0.3,1,10,1,3.568127547560856,0.8,0.5231388633940428,0.5231388633940428,1,0.9,-1.8556641889498025
0.3778336944177916,0.0260660873022498,18.899750781824523,0.3697567539167052,-0.0086214054347155,3,1,0.1,7.095570781624274,0.748278101847734,1,0.7244383661989318,0.27,0.3,1,10,1,3.078461281149633,0.8,0.748278101847734,0.748278101847734,1,0.9,-3.308329349288824
0.3669129143010745,0.029675960931208,12.776446358708773,0.3028843745870571,-0.0086159909892771,3,1,0.1,5.379953112084803,0.8931814053846712,1,0.965706474471619,0.27,0.3,1,10,1,2.865152330998239,0.8,0.8931814053846712,0.8931814053846712,1,0.9,-4.859904511867663
0.5860342648787188,0.017907564053508,41.07730141479806,1.345385411189125,0.0107445568034018,3,1,0.1,2.544549398522008,0.2194964776366608,1,0.5381331458873242,0.27,0.3,1,10,1,2.4413154823590464,0.8,0.2194964776366608,0.2194964776366608,1,0.9,-0.9160305008489916
0.3954349271765802,0.0267795480064919,28.172557627126324,0.4022873575207061,-0.0096198719788163,3,1,0.1,14.627508081698837,0.6921784131823109,1,0.6880447096471538,0.27,0.3,1,10,1,3.714618266885872,0.8,0.6921784131823109,0.6921784131823109,1,0.9,-2.593635247668544
0.4270439980810208,0.0312262114340685,26.992303341788286,0.4644749069602043,-0.0115771595006626,3,1,0.1,4.772506781615116,0.6305153705720535,1,0.807316768824623,0.27,0.3,1,10,1,3.4139610879313103,0.8,0.6305153705720535,0.6305153705720535,1,0.9,-3.038333391731644
0.013154248318854,0.0004906912237405,16.310302352193254,4.007842027441614,0.1490908670441197,3,1,0.1,1.3943422039714253,0.1664722990025796,1,0.9610296329799805,0.27,0.3,1,10,1,0.1194724316862077,0.8,0.1664722990025796,0.1664722990025796,1,0.9,-0.7691877058792329
0.3776510087560119,0.0201938463250294,22.229888296857503,0.4247619460031696,-0.0069586545289354,3,1,0.1,3.1218213564040163,0.6620004015396803,1,0.6076515886778648,0.27,0.3,1,10,1,2.8236887474415355,0.8,0.6620004015396803,0.6620004015396803,1,0.9,-4.367883151934532
0.3182049074302958,0.015438367474973,10.918964993014766,0.2625158468157993,-0.0040736089895527,3,1,0.1,5.993458893990385,0.982580672518574,1,0.5879944951689907,0.27,0.3,1,10,1,2.579731687036924,0.8,0.982580672518574,0.982580672518574,1,0.9,-5.304351818233775
0.3458921060451092,0.0174011117474323,17.088048626266996,0.3278354085365508,-0.0054372238552481,3,1,0.1,3.7136482500410217,0.8037004640040525,1,0.5941371922980587,0.27,0.3,1,10,1,2.915808785113608,0.8,0.8037004640040525,0.8037004640040525,1,0.9,-5.41185559632178
0.5978709007714197,0.0174923320268192,73.67801574026464,1.155234953792575,-0.0007363365223827,3,1,0.1,1.2951110220063526,0.2630935111514704,1,0.6160237005138067,0.27,0.3,1,10,1,3.337054055260705,0.8,0.2630935111514704,0.2630935111514704,1,0.9,-1.667264729350595
0.3323688230615885,0.0284277466575013,7.46334442232781,0.3132930895614167,-0.0066230460814663,3,1,0.1,16.237322046546804,0.9296946583996464,1,0.8877149167669218,0.27,0.3,1,10,1,1.8460245985117936,0.8,0.9296946583996464,0.9296946583996464,1,0.9,-3.5768445033685783
0.3344497497255645,0.017939250759962,15.469075301335032,0.2697788958175017,-0.0051544954780077,3,1,0.1,7.41647951164183,0.9429227790734784,1,0.6424763167032116,0.27,0.3,1,10,1,3.250486356214396,0.8,0.9429227790734784,0.9429227790734784,1,0.9,-4.468769135467605
0.8820528809261499,6.219289733511798e-05,634.5571703060293,1.9736963159269991,0.0220654715670928,3,1,0.1,0.2597446240248978,0.0488985622678509,1,0.8260883553221176,0.27,0.3,1,10,1,2.643031703781653,0.8,0.0488985622678509,0.0488985622678509,1,0.9,-0.2906811977318533
0.2845291368494066,0.0203423248198138,10.548777420532671,0.5266335025015093,-0.0013738282853851,3,1,0.1,6.454472496152421,0.6663552964313803,1,0.6715561381586247,0.27,0.3,1,10,1,1.150038923586242,0.8,0.6663552964313803,0.6663552964313803,1,0.9,-2.926044149137501
0.3923996155598393,0.0262682960280178,18.936719622130305,0.4999342486640528,-0.0087527827452368,3,1,0.1,29.547754692029343,0.6110179035832893,1,0.6231165638245415,0.27,0.3,1,10,1,2.404037056317973,0.8,0.6110179035832893,0.6110179035832893,1,0.9,-2.1399826274853666
0.3325928320810765,0.0148387629661005,22.23089637776286,0.2564129679470603,-0.0043640853995867,3,1,0.1,4.413621815709885,0.9572969609627798,1,0.6375318755120589,0.27,0.3,1,10,1,4.114378439572669,0.8,0.9572969609627798,0.9572969609627798,1,0.9,-6.460679731105978
0.3567462187436976,0.02394477204785,20.24001096947732,0.2826861427647377,-0.0072539347929307,3,1,0.1,7.602842238800429,0.9092724736791784,1,0.8084721081112243,0.27,0.3,1,10,1,3.854516857578627,0.8,0.9092724736791784,0.9092724736791784,1,0.9,-4.204095826490965
0.4076538334173403,0.0285921208618322,30.286384806965792,0.3965588586929462,-0.0103327628198429,3,1,0.1,3.748664050948433,0.6976252280679568,1,0.8341660581013964,0.27,0.3,1,10,1,3.970878346639616,0.8,0.6976252280679568,0.6976252280679568,1,0.9,-4.110200577614685
0.7801700500682462,0.0061501599049604,92.28495023547453,1.4368010360176977,0.0501702868632714,3,1,0.1,0.7010483570821741,0.1173288211700547,1,0.6425349544658603,0.27,0.3,1,10,1,3.407200473303918,0.8,0.1173288211700547,0.1173288211700547,1,0.9,-0.6416788685496222
0.5750009579017645,0.0164730130154251,28.65095492171784,1.5881368490678458,0.0278934159286996,3,1,0.1,1.9536654210200648,0.1892993424603955,1,0.6004093698052826,0.27,0.3,1,10,1,1.890065453547745,0.8,0.1892993424603955,0.1892993424603955,1,0.9,-0.8153343525915702
0.4217833645046321,0.0310225919196923,16.95864136487766,0.5286116977899581,-0.0101195714692816,3,1,0.1,2.9086877811662712,0.5942687074729515,1,0.8815583209439755,0.27,0.3,1,10,1,2.2810848653165703,0.8,0.5942687074729515,0.5942687074729515,1,0.9,-3.7855301870810014
0.4106750123030966,0.03117644723602,33.80605412925169,0.3685607406995019,-0.0110835760234615,3,1,0.1,3.62468025335858,0.7370242420733991,1,0.9821206583150696,0.27,0.3,1,10,1,4.52998803382097,0.8,0.7370242420733991,0.7370242420733991,1,0.9,-4.674606278676098
0.3561452719921147,0.0191224472568602,34.4344981086753,0.2976510930463772,-0.0062518546625612,3,1,0.1,6.883453624211121,0.8455370040586321,1,0.6879479130092677,0.27,0.3,1,10,1,4.875566704394256,0.8,0.8455370040586321,0.8455370040586321,1,0.9,-3.95083631538306
0.3973837156632391,0.0310369485447364,19.10130689178453,0.3701823678907645,-0.0103472086912091,3,1,0.1,4.029130853989094,0.7523230119712432,1,0.9271330178835516,0.27,0.3,1,10,1,3.2326366098048376,0.8,0.7523230119712432,0.7523230119712432,1,0.9,-4.443849043814645
0.556504444475415,0.0382413122975767,54.48518492142077,0.7402280831754147,-0.016210446520322,3,1,0.1,2.8766248336005065,0.4345144833445215,1,0.9715200492789164,0.27,0.3,1,10,1,4.361938781116432,0.8,0.4345144833445215,0.4345144833445215,1,0.9,-2.236710924987422
0.0009079473606265,8.835826935652113e-05,9.926948715432037,0.6566266763918722,0.0231366730070489,3,1,0.1,25.910537412082693,0.765240253012562,1,0.7666748472305149,0.27,0.3,1,10,1,0.0373896409644074,0.8,0.765240253012562,0.765240253012562,1,0.9,-2.739593126719247
0.3841889475299789,0.0261355661064356,28.220660966939622,0.3488294460009479,-0.008963957304699,3,1,0.1,5.913977649365275,0.7659893468689767,1,0.7798766842328344,0.27,0.3,1,10,1,4.094887120899434,0.8,0.7659893468689767,0.7659893468689767,1,0.9,-3.659160844379099
0.434994969734315,0.0341184961446538,18.75213070086176,0.5031614669489142,-0.0118760799418665,3,1,0.1,3.4751351391349368,0.6104422064817301,1,0.9327120476088384,0.27,0.3,1,10,1,2.645052993831511,0.8,0.6104422064817301,0.6104422064817301,1,0.9,-3.448085632549545
0.3499166530847415,0.032282294480839,10.071677425961504,0.6342180364367181,-0.0033300762559345,3,1,0.1,5.936655677698126,0.5801554376759277,1,0.992977464672793,0.27,0.3,1,10,1,1.2700880396090994,0.8,0.5801554376759277,0.5801554376759277,1,0.9,-2.5050646534172225
0.3611838008709456,0.0218991924256505,20.33936614799692,0.3136025522402587,-0.0069634166694909,3,1,0.1,3.699260781454171,0.831896113503194,1,0.7460545543174453,0.27,0.3,1,10,1,3.525830854476842,0.8,0.831896113503194,0.831896113503194,1,0.9,-5.834477381920323
0.3597223983363231,0.024205442285416,19.70681456944359,0.2878208194014857,-0.0073782628612423,3,1,0.1,5.099586688400415,0.8967233313611243,1,0.8355678721871609,0.27,0.3,1,10,1,3.749875974012928,0.8,0.8967233313611243,0.8967233313611243,1,0.9,-5.06880079512797
0.0412372853949257,0.0025271039238702,18.67596916348877,1.813228297261397,0.0577498543985111,3,1,0.1,1.7216689619226475,0.305911004363837,1,0.8001561315721337,0.27,0.3,1,10,1,0.2418338100767091,0.8,0.305911004363837,0.305911004363837,1,0.9,-1.7418715469234964
0.529504083645983,0.0359278836063697,22.58090808284249,0.946771342581617,-0.0091383734878802,3,1,0.1,5.138212061022308,0.3634827986035505,1,0.850389930289563,0.27,0.3,1,10,1,2.3218877769601955,0.8,0.3634827986035505,0.3634827986035505,1,0.9,-1.4511378901315926
0.679415554507173,0.0246015983487033,77.56224387240843,1.2082447615194478,0.0039739122724673,3,1,0.1,1.3446103420618103,0.2309860552942781,1,0.8699055438119954,0.27,0.3,1,10,1,4.486100760383592,0.8,0.2309860552942781,0.2309860552942781,1,0.9,-1.2850451345271274
0.5754417000304135,0.0324240947623714,33.21650685752699,0.9761242567463406,-0.009072539069352,3,1,0.1,2.0497299774595064,0.3389328857335852,1,0.9198547141382848,0.27,0.3,1,10,1,2.848012593055598,0.8,0.3389328857335852,0.3389328857335852,1,0.9,-1.839511487634887
0.6409960064926072,0.0192399706087566,27.23297694775161,1.5747517683037615,0.0321312099458603,3,1,0.1,1.235485176950886,0.1834154029172073,1,0.8770839737017886,0.27,0.3,1,10,1,2.19897448898647,0.8,0.1834154029172073,0.1834154029172073,1,0.9,-0.9354078375953012
0.4362576533366855,0.0214692190086573,38.974759354039,0.5926473482139165,-0.008312624475787,3,1,0.1,2.4220810289284254,0.5131583836359414,1,0.6032595574048896,0.27,0.3,1,10,1,3.1264971520209714,0.8,0.5131583836359414,0.5131583836359414,1,0.9,-3.3828680447536703
0.2927041142075492,0.0220519018993956,6.729181441211954,0.3413946776391017,-0.0035687669556892,3,1,0.1,4.89217511291331,0.913466236577941,1,0.8273969616160508,0.27,0.3,1,10,1,1.3566590763661672,0.8,0.913466236577941,0.913466236577941,1,0.9,-5.395672052249629
0.2456982699762286,0.0165977124601644,6.242342619525278,0.3375214514906016,-0.0011845567463363,3,1,0.1,7.988808773462139,0.9708354678050172,1,0.6953038614292659,0.27,0.3,1,10,1,1.0766976920669882,0.8,0.9708354678050172,0.9708354678050172,1,0.9,-4.516923589947541
0.3797891670046631,0.0224965683105039,38.598451166044704,0.3539837431121867,-0.0079860051627572,3,1,0.1,7.932435657845929,0.7431392747949463,1,0.6792961649599671,0.27,0.3,1,10,1,4.697345476290311,0.8,0.7431392747949463,0.7431392747949463,1,0.9,-3.170099069103584
0.0042416124217906,0.0002483792745588,20.54557037530675,0.8947965711972033,0.0201052607698416,3,1,0.1,3.630611886830667,0.5560849853937275,1,0.5043084183684098,0.27,0.3,1,10,1,0.0826966548472596,0.8,0.5560849853937275,0.5560849853937275,1,0.9,-2.8844967997205355
0.5776649583324307,0.0290982539157726,39.73999321158163,0.9772281638122772,-0.0083390473821811,3,1,0.1,1.6550286265828404,0.3355324344443033,1,0.8862190146332927,0.27,0.3,1,10,1,2.991705683917562,0.8,0.3355324344443033,0.3355324344443033,1,0.9,-2.122475617455245
0.3682272574889088,0.0283705745518009,13.546169004832906,0.3293738195288842,-0.0085338803279725,3,1,0.1,5.915754169287284,0.834982767742219,1,0.8582308622271426,0.27,0.3,1,10,1,2.77029973864908,0.8,0.834982767742219,0.834982767742219,1,0.9,-4.1500535935382254
0.2870120064263562,0.0143039283548095,11.171514859231106,0.4362016370920408,-0.0022809798384369,3,1,0.1,3.93761898247945,0.7241361080676001,1,0.5259166425989387,0.27,0.3,1,10,1,1.339666657902606,0.8,0.7241361080676001,0.7241361080676001,1,0.9,-4.228073241084553
0.4384416879968937,0.022463091249487,61.051625971824,0.5507540073296098,-0.0092991428256647,3,1,0.1,5.016679260318134,0.5335322470208612,1,0.568219796340599,0.27,0.3,1,10,1,4.385503178595832,0.8,0.5335322470208612,0.5335322470208612,1,0.9,-2.365432032351885
0.3494478957161258,0.0225508082835667,18.65032798101624,0.25937240905248,-0.0065002087156919,3,1,0.1,4.617810095963293,0.9733719413415166,1,0.8696464060881346,0.27,0.3,1,10,1,3.856067237740109,0.8,0.9733719413415166,0.9733719413415166,1,0.9,-6.384882711406018
0.5703940562465071,0.01807440450711,83.61539372823326,1.0557951164639725,-0.0041749359422598,3,1,0.1,1.5155692326301349,0.2980227641549037,1,0.5739637364174691,0.27,0.3,1,10,1,3.5816258234800507,0.8,0.2980227641549037,0.2980227641549037,1,0.9,-1.8356645265504448
0.0004291973509727,2.6698494342746867e-05,15.036908300089207,0.7219707322739221,0.0165906380400436,3,1,0.1,3.8295722623526194,0.6877186203444302,1,0.5537429765385044,0.27,0.3,1,10,1,0.0259924235052417,0.8,0.6877186203444302,0.6877186203444302,1,0.9,-3.9457556165603327
0.4285075420538037,0.0339192684720984,17.65153389771472,0.4835982281036717,-0.0115979509388456,3,1,0.1,3.313550050844262,0.6297049298795848,1,0.9547492397731242,0.27,0.3,1,10,1,2.604399357173216,0.8,0.6297049298795848,0.6297049298795848,1,0.9,-3.771310396039624
0.3699805653930701,0.0244630448455163,18.55711396403872,0.3684462494430822,-0.0080354283691958,3,1,0.1,18.91752299044058,0.749469910378753,1,0.6540480826545718,0.27,0.3,1,10,1,3.0048120746173472,0.8,0.749469910378753,0.749469910378753,1,0.9,-2.7526962480511754
0.7223133100430928,0.0177491250537063,27.63074504765835,1.6821530121778434,0.0702661698083871,3,1,0.1,1.1955658642852018,0.1447778921089829,1,0.986250316087518,0.27,0.3,1,10,1,2.58773039853591,0.8,0.1447778921089829,0.1447778921089829,1,0.9,-0.6726565540179532
0.3125889304218615,0.0149090239218496,10.943818330612247,0.3623864669687455,-0.0036760347363252,3,1,0.1,3.522777343229249,0.7898599128633844,1,0.5395487301632527,0.27,0.3,1,10,1,1.7837637770556156,0.8,0.7898599128633844,0.7898599128633844,1,0.9,-5.521587574206742
0.2424905901403271,0.021446070495942,7.988608366824617,0.5003700562473363,0.0017075601602482,3,1,0.1,7.118778156212931,0.7481406906891735,1,0.8542916379321217,0.27,0.3,1,10,1,0.9153292201366132,0.8,0.7481406906891735,0.7481406906891735,1,0.9,-3.30400898773222
0.4337723218186102,0.0322986290785115,33.56299987095743,0.4285541028653845,-0.0120917067210067,3,1,0.1,2.904331963176112,0.6607132927578431,1,0.9678787860789232,0.27,0.3,1,10,1,4.122941027674123,0.8,0.6607132927578431,0.6607132927578431,1,0.9,-4.694054308795584
0.3776760100123379,0.0282730964401647,13.70681867860293,0.3971533232997708,-0.0087098753012494,3,1,0.1,4.770720251273651,0.7321388776680157,1,0.8057340644390105,0.27,0.3,1,10,1,2.391240568932245,0.8,0.7321388776680157,0.7321388776680157,1,0.9,-3.801848333208974
0.3608713049816456,0.0188356232846368,30.774023282755586,0.316801324112029,-0.006300776112172,3,1,0.1,3.645648982327249,0.804732764484864,1,0.6762330249266095,0.27,0.3,1,10,1,4.351088626049469,0.8,0.804732764484864,0.804732764484864,1,0.9,-5.53143680191844
0.4438314341754585,0.0213722005649079,67.08166899005668,0.5602868520037706,-0.0089291460729571,3,1,0.1,2.838787179959106,0.5230513160814331,1,0.588677808098431,0.27,0.3,1,10,1,4.487960173529736,0.8,0.5230513160814331,0.5230513160814331,1,0.9,-3.0583535711222565
0.3349308484584279,0.0190362742716057,14.41890272183909,0.2621266420159299,-0.0053387756541601,3,1,0.1,6.309786915403588,0.9712507543863756,1,0.6961129562318905,0.27,0.3,1,10,1,3.202703457876153,0.8,0.9712507543863756,0.9712507543863756,1,0.9,-5.052002819669081
0.2805947333304975,0.0227627260173443,6.799591703337829,0.3829377443754169,-0.0024014144720943,3,1,0.1,3.8736366778811537,0.8684406847402613,1,0.927683138254922,0.27,0.3,1,10,1,1.170579108029402,0.8,0.8684406847402613,0.8684406847402613,1,0.9,-6.070244987901996
0.4375005108435559,0.0268023758992773,39.3710724601221,0.5057402566665669,-0.0105451157406769,3,1,0.1,2.916711089462804,0.5788007012834804,1,0.7329527680980142,0.27,0.3,1,10,1,3.827239023423079,0.8,0.5788007012834804,0.5788007012834804,1,0.9,-3.593028060889477
0.8567157941693985,0.0095575954433077,18.913437350708083,1.8240238147150567,0.4075443370166539,3,1,0.1,3.826549310117904,0.0772383049938512,1,0.8814747653622858,0.27,0.3,1,10,1,2.9679084525118933,0.8,0.0772383049938512,0.0772383049938512,1,0.9,-0.2701862405973827
0.4106618980768748,0.0208852718126636,37.24256342323592,0.4847907156802223,-0.0080309002633976,3,1,0.1,2.556948900206073,0.5883925743685774,1,0.6151263458277137,0.27,0.3,1,10,1,3.523079655055008,0.8,0.5883925743685774,0.5883925743685774,1,0.9,-4.235495354833396
0.4042468112134291,0.0327357111374331,17.645669689797934,0.4440684254723984,-0.0111075126497128,3,1,0.1,79.39903796737197,0.6704868996665104,1,0.7719769158617067,0.27,0.3,1,10,1,2.7439571867796086,0.8,0.6704868996665104,0.6704868996665104,1,0.9,-2.2798787995864744
0.3508568834903958,0.0244117267516616,21.32056324760115,0.2531921849536206,-0.0070048896995895,3,1,0.1,13.460220368970727,0.99491430633381,1,0.8916410166608026,0.27,0.3,1,10,1,4.283161796659222,0.8,0.99491430633381,0.99491430633381,1,0.9,-4.007559620896191
0.0365327689574921,0.0024061186080661,19.02524080863818,0.9280918497978924,0.0219219003694367,3,1,0.1,4.533320257140198,0.5240162425881548,1,0.5451205162826764,0.27,0.3,1,10,1,0.2513268236669815,0.8,0.5240162425881548,0.5240162425881548,1,0.9,-2.391834499728387
0.3848957699808225,0.0267862592693679,15.999052034482704,0.7533238221701083,-0.0041985411612827,3,1,0.1,5.246168257056313,0.4791488658840568,1,0.7172335338353941,0.27,0.3,1,10,1,1.5036063272358733,0.8,0.4791488658840568,0.4791488658840568,1,0.9,-2.029717097520673
0.2605702108659903,0.01290700457266,7.831578168609523,0.3496127678320455,-0.0016642445986775,3,1,0.1,5.82220231585531,0.887263076876238,1,0.529544821236375,0.27,0.3,1,10,1,1.235335872708564,0.8,0.887263076876238,0.887263076876238,1,0.9,-4.589492542757518
0.3366233549582443,0.0164328184730229,14.274381820955655,0.3417226267539244,-0.0048962695274342,3,1,0.1,4.041040883670331,0.7908122123181048,1,0.5539783227623261,0.27,0.3,1,10,1,2.441145185196136,0.8,0.7908122123181048,0.7908122123181048,1,0.9,-4.851210571490747
0.3119394409885422,0.0152306201606082,10.332213285247706,0.3388357784009402,-0.0038056412196555,3,1,0.1,4.633079830280557,0.8298565226616039,1,0.5389321816109934,0.27,0.3,1,10,1,1.8645492542906643,0.8,0.8298565226616039,0.8298565226616039,1,0.9,-4.752380270496434
0.6368265879242581,0.0451936461649088,52.12065514123079,1.0043590389659431,-0.0142189014923346,3,1,0.1,14.170998506651252,0.3123484687869595,1,0.9701723964064068,0.27,0.3,1,10,1,4.581773752962032,0.8,0.3123484687869595,0.3123484687869595,1,0.9,-1.0976116231107866
0.2637626935014366,0.0232362695389199,7.097946714729755,0.4326448096403865,-0.0008052827561758,3,1,0.1,6.295921090094796,0.8165037110443722,1,0.904407780688121,0.27,0.3,1,10,1,1.0366918323245569,0.8,0.8165037110443722,0.8165037110443722,1,0.9,-3.9026346247550574
0.3106620862097575,0.0146495173470448,9.904278595692697,0.2839935824433885,-0.0037621125915778,3,1,0.1,12.942207501341889,0.9366333658273586,1,0.5191106730059136,0.27,0.3,1,10,1,2.201146735546652,0.8,0.9366333658273586,0.9366333658273586,1,0.9,-3.756440160465652
0.4461998136878415,0.024483155842174,63.62437547995812,0.5325385103321811,-0.0101487601475287,3,1,0.1,3.1083726253931525,0.5475891950478063,1,0.6613960752041399,0.27,0.3,1,10,1,4.717909800950627,0.8,0.5475891950478063,0.5475891950478063,1,0.9,-3.09925942280628
0.359032988969661,0.0182048904012254,22.31407597067983,0.3459725504016771,-0.0060624663939584,3,1,0.1,3.35811690754806,0.7609387205541601,1,0.6086999122208844,0.27,0.3,1,10,1,3.3235577513378733,0.8,0.7609387205541601,0.7609387205541601,1,0.9,-5.382139349325443
0.269721302611555,0.0198293668173553,13.411154985554685,0.8363995758596228,0.0072772960483451,3,1,0.1,2.2792528343850544,0.4932445431117774,1,0.870631474975632,0.27,0.3,1,10,1,0.8933162525843259,0.8,0.4932445431117774,0.4932445431117774,1,0.9,-3.321162518899893
0.1125388146991308,0.0080802158084345,9.05923869401635,0.5118058595565866,0.0079954797886567,3,1,0.1,7.460640811285127,0.8297217743588283,1,0.6520170682726587,0.27,0.3,1,10,1,0.4982094692866346,0.8,0.8297217743588283,0.8297217743588283,1,0.9,-3.734949125828562
0.3609179671600442,0.018340097817633,28.859802389341205,0.3322261323880301,-0.0062214382516986,3,1,0.1,4.355605874680166,0.7764997641768131,1,0.6161345918511519,0.27,0.3,1,10,1,4.022492603995771,0.8,0.7764997641768131,0.7764997641768131,1,0.9,-4.431903335119844
0.6416405725845565,0.0146951710740395,118.29748543390896,1.2257991955424974,0.0043723512009955,3,1,0.1,1.3378519317414703,0.2212682436379764,1,0.5366298862836973,0.27,0.3,1,10,1,4.276643534927932,0.8,0.2212682436379764,0.2212682436379764,1,0.9,-1.2010661693069444
0.3283091404906921,0.0136125851327334,17.31170100820257,0.2782039442070633,-0.0040432910394232,3,1,0.1,5.300725675070188,0.9022539640794168,1,0.529222844596424,0.27,0.3,1,10,1,3.283575199690328,0.8,0.9022539640794168,0.9022539640794168,1,0.9,-4.988943830533417
0.0254193740770923,0.0011822689275609,19.78682629863003,2.5548620187197693,0.0795392213246388,3,1,0.1,1.2002301184372226,0.2369519071211441,1,0.9128551116536936,0.27,0.3,1,10,1,0.1775089491309772,0.8,0.2369519071211441,0.2369519071211441,1,0.9,-1.4644328567410252
0.362776408450685,0.0248614395901503,28.964290744174644,0.2681397992283825,-0.0075484850621791,3,1,0.1,4.6498589681828975,0.937832575228206,1,0.9896145889795736,0.27,0.3,1,10,1,4.913575395095903,0.8,0.937832575228206,0.937832575228206,1,0.9,-5.905128641000924
0.3831332418764411,0.0318578195241291,11.751611303445282,0.5184962509825457,-0.0082411649183203,3,1,0.1,5.37755456194527,0.632169941382065,1,0.8785546308984624,0.27,0.3,1,10,1,1.7571739613824802,0.8,0.632169941382065,0.632169941382065,1,0.9,-2.903724854978269
0.3123650505529502,0.0234728175526708,7.1627486532976254,0.3143257866871831,-0.0049864364211193,3,1,0.1,9.355093471127468,0.9350622549180416,1,0.7807641340968717,0.27,0.3,1,10,1,1.6609446416729128,0.8,0.9350622549180416,0.9350622549180416,1,0.9,-4.0648968182191885
0.3393117703979518,0.0215311308595771,11.125228171532688,0.397393268262457,-0.0055693407231213,3,1,0.1,3.256938121901374,0.7478007508507453,1,0.7036518301214695,0.27,0.3,1,10,1,1.8354041002286925,0.8,0.7478007508507453,0.7478007508507453,1,0.9,-5.369110449070719
0.3784145709295139,0.027915240296519,17.895257062225223,0.3330016875470677,-0.0088999439484311,3,1,0.1,4.125404472362891,0.8112974733619731,1,0.881577283134684,0.27,0.3,1,10,1,3.2692215848146327,0.8,0.8112974733619731,0.8112974733619731,1,0.9,-4.997558168224651
0.6108921909279583,0.0234259127929378,46.89149266852817,1.1454477068618618,-0.001543322082314,3,1,0.1,1.290286705332374,0.2725905853506826,1,0.8310744759803822,0.27,0.3,1,10,1,3.008871559355455,0.8,0.2725905853506826,0.2725905853506826,1,0.9,-1.7919974818388926
0.3292497162433048,0.0199045811610732,10.105083838377208,0.3362561420578165,-0.005178331872934,3,1,0.1,3.8118540378890144,0.8392157498042385,1,0.6784607816455637,0.27,0.3,1,10,1,1.9930459228761768,0.8,0.8392157498042385,0.8392157498042385,1,0.9,-5.752451194824173
0.485872669214956,0.0362636689690284,33.501266225905034,0.603536802275599,-0.0144636264254556,3,1,0.1,4.759327881007862,0.5214712048622197,1,0.8645805706513346,0.27,0.3,1,10,1,3.505088061137215,0.8,0.5214712048622197,0.5214712048622197,1,0.9,-2.335270941544798
0.3520484232209292,0.0207906032812384,15.400782938237466,0.3569624431276025,-0.0064507056267299,3,1,0.1,8.718588054303376,0.7703003690465658,1,0.6029393608029935,0.27,0.3,1,10,1,2.6149215689533865,0.8,0.7703003690465658,0.7703003690465658,1,0.9,-3.2344640034001992
0.3164754552574437,0.0182839516054787,8.576253454879119,0.2790451792498994,-0.0044614137365589,3,1,0.1,4.40162226999434,0.9710707309067496,1,0.6841339482696305,0.27,0.3,1,10,1,2.080709973305278,0.8,0.9710707309067496,0.9710707309067496,1,0.9,-6.670889031058298
0.4154437001789786,0.0308165735751474,36.87292177498035,0.3840704934070534,-0.0112054462171856,3,1,0.1,3.5738509844017745,0.7125468047965285,1,0.9478956764699322,0.27,0.3,1,10,1,4.61701098514191,0.8,0.7125468047965285,0.7125468047965285,1,0.9,-4.441329079780384
0.3853107359063563,0.0269924489838655,18.239491244016005,0.3714836141235744,-0.0088972899354662,3,1,0.1,3.32035870192152,0.7465017564705654,1,0.8301377320483905,0.27,0.3,1,10,1,3.0188647340460264,0.8,0.7465017564705654,0.7465017564705654,1,0.9,-5.234125654935314
0.3257555425826837,0.0109354106394791,26.251130307828014,0.2576356494677437,-0.0032922078616093,3,1,0.1,4.225881690519466,0.9361965943427552,1,0.5257583577362189,0.27,0.3,1,10,1,4.39515250305008,0.8,0.9361965943427552,0.9361965943427552,1,0.9,-6.459964616431166
0.3587880541820141,0.0192135328889079,29.78948444085454,0.3174035211763816,-0.0064042976730756,3,1,0.1,7.364079408218532,0.8070007500684788,1,0.6339659520414946,0.27,0.3,1,10,1,4.284934500776692,0.8,0.8070007500684788,0.8070007500684788,1,0.9,-3.614141826810619
0.1922081890428527,0.017501352731324,6.617471550183138,0.4380168674696224,0.0041068167472831,3,1,0.1,5.261956927382058,0.8883020606174082,1,0.9814116043294588,0.27,0.3,1,10,1,0.7353862213865431,0.8,0.8883020606174082,0.8883020606174082,1,0.9,-4.885374383149982
0.4441307533823044,0.036962955867184,26.82098630030837,0.4530890887335031,-0.013716225511567,3,1,0.1,4.622816276786352,0.6469168956558199,1,0.9922306611174682,0.27,0.3,1,10,1,3.646716067485227,0.8,0.6469168956558199,0.6469168956558199,1,0.9,-3.2018931153473824
0.1628236292623392,0.0111970483775458,16.462319764200895,1.1856448714171903,0.0255279343222403,3,1,0.1,2.0707543069708474,0.3998892097591612,1,0.8008777428923253,0.27,0.3,1,10,1,0.5699405685831077,0.8,0.3998892097591612,0.3998892097591612,1,0.9,-2.4262026781137607
0.2600547802186139,0.0140617378733097,6.926470815624292,0.3278782668369142,-0.0017762042412958,3,1,0.1,4.944011662229582,0.9447612731011784,1,0.5961930904840957,0.27,0.3,1,10,1,1.2280123877825635,0.8,0.9447612731011784,0.9447612731011784,1,0.9,-5.683267791330737
0.3167612155057607,0.0195513814670321,13.04770821285386,0.5534255177951191,-0.0027758690989096,3,1,0.1,3.031626837444449,0.6144937575332482,1,0.6568875158605925,0.27,0.3,1,10,1,1.3307573873321583,0.8,0.6144937575332482,0.6144937575332482,1,0.9,-3.8863987106517657
0.0432398991254262,0.0025294213752284,21.19719177853177,1.645849177695446,0.0467836174020467,3,1,0.1,1.7529070242964295,0.326007535817861,1,0.707128183887834,0.27,0.3,1,10,1,0.2544563974694674,0.8,0.326007535817861,0.326007535817861,1,0.9,-1.9198003864038284
0.5733081946725904,0.0228179189162269,28.846735911263536,1.2748426383448166,0.0054713791783078,3,1,0.1,1.3652623029253723,0.2568048725048323,1,0.8475955982604505,0.27,0.3,1,10,1,2.1346227486660343,0.8,0.2568048725048323,0.2568048725048323,1,0.9,-1.5255992179844622
0.5005150324996888,0.0309564585010568,74.08543873452395,0.6462448449668319,-0.013364424039878,3,1,0.1,4.027461335628992,0.4812437397490777,1,0.7387736129179605,0.27,0.3,1,10,1,4.995088288618437,0.8,0.4812437397490777,0.4812437397490777,1,0.9,-2.224308257624271
0.3475392435892299,0.0197413597985571,28.16329650954425,0.2676559194894969,-0.0060092354032377,3,1,0.1,8.937609673384978,0.9303954183529354,1,0.7476850130503244,0.27,0.3,1,10,1,4.716365874315025,0.8,0.9303954183529354,0.9303954183529354,1,0.9,-4.09629855476178
0.3539777606624454,0.0228552375355362,18.955253983474257,0.2990999275960641,-0.0070456635125816,3,1,0.1,25.67587830422289,0.8713990027227991,1,0.6973758196934935,0.27,0.3,1,10,1,3.5375562023264755,0.8,0.8713990027227991,0.8713990027227991,1,0.9,-3.1544643331870184
0.3522607569448892,0.0222859698008288,23.16187913652711,0.2663263783243168,-0.0066480686194966,3,1,0.1,5.696866435307909,0.9449374405822925,1,0.8395348424342808,0.27,0.3,1,10,1,4.294351943680666,0.8,0.9449374405822925,0.9449374405822925,1,0.9,-5.1385674513378445
0.3119382434348391,0.0218618909485489,8.6986452837974,0.3977642818966887,-0.0041732025376014,3,1,0.1,3.562886046459337,0.7887626293478042,1,0.7674226000238995,0.27,0.3,1,10,1,1.4548162501157489,0.8,0.7887626293478042,0.7887626293478042,1,0.9,-5.438547469032349
0.0477685600780248,0.0036375614920585,14.18049169934009,0.8082677488350477,0.0207292038660986,3,1,0.1,3.264697651402622,0.6000841487997355,1,0.6841003555549267,0.27,0.3,1,10,1,0.2864811936211293,0.8,0.6000841487997355,0.6000841487997355,1,0.9,-3.502443802379319
0.4598509162992737,0.0037139620120799,37.01647586996773,3.549749097204478,0.0793957506824329,3,1,0.1,0.6794893769126115,0.1107402908042345,1,0.7155862358332504,0.27,0.3,1,10,1,0.9853205234614716,0.8,0.1107402908042345,0.1107402908042345,1,0.9,-0.5956437855927348
0.3289477701367475,0.0242603832301066,9.350112521373514,0.3731540619776627,-0.0059054909831166,3,1,0.1,131.44712040960488,0.8023957038523744,1,0.6784319689392926,0.27,0.3,1,10,1,1.7721073846367064,0.8,0.8023957038523744,0.8023957038523744,1,0.9,-2.713299005529916
0.4306434596149682,0.0374339166184082,16.10837949314114,0.5055248809204707,-0.0125992422753534,3,1,0.1,8.61468978056228,0.6191971591282944,1,0.9226229354356889,0.27,0.3,1,10,1,2.4763208761835327,0.8,0.6191971591282944,0.6191971591282944,1,0.9,-2.479901677056482
0.2616136601717505,0.0127489217060993,11.142286503691862,0.4569091709614373,-0.0010223428986735,3,1,0.1,4.565874923150359,0.7222571212582584,1,0.500931923148233,0.27,0.3,1,10,1,1.1486598844305635,0.8,0.7222571212582584,0.7222571212582584,1,0.9,-3.816017691057756
0.1277144816186254,0.0126306082005533,6.803742106876083,0.4700968331389293,0.0091945602901028,3,1,0.1,31.96400948246767,0.9041720326898184,1,0.9095513869236236,0.27,0.3,1,10,1,0.5322155761325893,0.8,0.9041720326898184,0.9041720326898184,1,0.9,-3.22689281840285
0.3482534738918728,0.0248420500998001,12.746647586953827,0.2772297667063991,-0.0069677341941915,3,1,0.1,7.331339916708449,0.9486136824509472,1,0.8268700184842457,0.27,0.3,1,10,1,2.95412484597444,0.8,0.9486136824509472,0.9486136824509472,1,0.9,-4.529591236583703
0.2106220067898022,0.0129808932833538,18.743788259060995,1.3323094154649735,0.0251764437419479,3,1,0.1,6.600938045461754,0.3364039290212491,1,0.6002632409161908,0.27,0.3,1,10,1,0.702494210094212,0.8,0.3364039290212491,0.3364039290212491,1,0.9,-1.2726863794640997
0.3429881617147423,0.026284467513215,10.121908463658109,0.2734510605877349,-0.0069506274097144,3,1,0.1,11.38604156574125,0.9799590324623888,1,0.8549524966359587,0.27,0.3,1,10,1,2.582150690694705,0.8,0.9799590324623888,0.9799590324623888,1,0.9,-4.087363943725346
0.3352626913584442,0.0173298274990633,16.55348423696235,0.2703097970856021,-0.00503929451658,3,1,0.1,5.64334566507145,0.9357572040354584,1,0.6426785761294986,0.27,0.3,1,10,1,3.3696970292444544,0.8,0.9357572040354584,0.9357572040354584,1,0.9,-5.0876063442295925
0.4355003424269497,0.0318442979366117,36.89668664664777,0.4558174663254903,-0.0122194687616056,3,1,0.1,4.612424083990696,0.6318644325098144,1,0.8404052312073909,0.27,0.3,1,10,1,4.175335729659374,0.8,0.6318644325098144,0.6318644325098144,1,0.9,-3.095770384883938
0.4695052696334764,0.0283480155373509,28.04984136851613,0.6616559460284314,-0.0102902960248882,3,1,0.1,2.1249942475392807,0.4873336445468104,1,0.8047315394770376,0.27,0.3,1,10,1,2.6577255131797752,0.8,0.4873336445468104,0.4873336445468104,1,0.9,-3.4942795503303463
0.3690540527252787,0.0278822580027723,12.12884156191078,0.4906282912941707,-0.0072456251362816,3,1,0.1,4.252786527128574,0.6518651589512044,1,0.7994327164229074,0.27,0.3,1,10,1,1.7705019558530768,0.8,0.6518651589512044,0.6518651589512044,1,0.9,-3.38272203838564
0.3952377140797516,0.0355120583388603,17.117857096308825,0.353025708024106,-0.0114699343596705,3,1,0.1,31.499804866782966,0.7928480798213663,1,0.9487583558590528,0.27,0.3,1,10,1,3.241784470326447,0.8,0.7928480798213663,0.7928480798213663,1,0.9,-2.807724154569705
0.384843143458089,0.0220042415997676,31.699385102214883,0.3843993873512621,-0.0079138338442292,3,1,0.1,4.07529746579691,0.7011581235474325,1,0.6584995785467178,0.27,0.3,1,10,1,3.9190653770268566,0.8,0.7011581235474325,0.7011581235474325,1,0.9,-3.9047713427816912
0.8185851358470566,0.0164679690652576,46.8820521168794,1.3747075145962104,0.1481612944386565,3,1,0.1,3.7217576463413633,0.1131163581541961,1,0.6970894174272881,0.27,0.3,1,10,1,4.392700809300079,0.8,0.1131163581541961,0.1131163581541961,1,0.9,-0.4058354054711763
0.4475814347678319,0.0270713710951753,18.28489598941762,1.0969908495135172,0.0020437317148864,3,1,0.1,3.295891174121321,0.3385447085570239,1,0.7715807783906437,0.27,0.3,1,10,1,1.5230496808125726,0.8,0.3385447085570239,0.3385447085570239,1,0.9,-1.484207518492127
0.0366580729704489,0.0030904715846467,8.91407549212216,0.5532568323948781,0.0147848317813176,3,1,0.1,5.638654691409669,0.8613037718769381,1,0.7867615979827749,0.27,0.3,1,10,1,0.2485621362612404,0.8,0.8613037718769381,0.8613037718769381,1,0.9,-4.460978202071692
0.4011998863979156,0.0271461401481458,33.28091546381294,0.3780643153930833,-0.0097477802037819,3,1,0.1,3.4605288241199013,0.717332883256734,1,0.8347547454488093,0.27,0.3,1,10,1,4.27823345337104,0.8,0.717332883256734,0.717332883256734,1,0.9,-4.631030653949461
0.3396690920727305,0.0213920413291253,16.347517241015787,0.2549972383501218,-0.0060123103782587,3,1,0.1,20.2938727366781,0.9937414820197286,1,0.7457683200677133,0.27,0.3,1,10,1,3.5886956427272354,0.8,0.9937414820197286,0.9937414820197286,1,0.9,-3.739768784150825
0.4276107929581796,0.0197877865255415,51.30835256805075,0.541679081247438,-0.0079921770672637,3,1,0.1,2.5887462301183146,0.5369651804543485,1,0.5670473147109122,0.27,0.3,1,10,1,3.839020639213486,0.8,0.5369651804543485,0.5369651804543485,1,0.9,-3.468677934006734
0.2405846704771942,0.0197601802683798,6.593238090996564,0.3979610990704064,9.138332915560294e-05,3,1,0.1,4.803597194175175,0.8884112430576356,1,0.8867189710876096,0.27,0.3,1,10,1,0.9561126238257722,0.8,0.8884112430576356,0.8884112430576356,1,0.9,-5.209491136386198
0.2237518109932147,0.0178910808471984,11.81398326142783,0.7087224616213086,0.0068983491264114,3,1,0.1,6.115828125177241,0.5741081235699337,1,0.7256170127519308,0.27,0.3,1,10,1,0.8079080525147148,0.8,0.5741081235699337,0.5741081235699337,1,0.9,-2.4504245798787423
0.343788910042337,0.0219917333366075,15.59050470426478,0.2544657287933581,-0.0061460768035684,3,1,0.1,4.90231140122705,0.9960402609173764,1,0.8409563087653795,0.27,0.3,1,10,1,3.496777922848997,0.8,0.9960402609173764,0.9960402609173764,1,0.9,-6.3130174298880295
0.5864184076664125,0.0325559911516582,56.98154524382608,0.8916158883576291,-0.012351929112019,3,1,0.1,1.9671714148802584,0.3624037541490338,1,0.9015764793547334,0.27,0.3,1,10,1,3.982653710266967,0.8,0.3624037541490338,0.3624037541490338,1,0.9,-2.1188006528286367
0.4835529309498305,0.0234470176771203,72.02342800000501,0.6688560563165625,-0.009942349032272,3,1,0.1,2.376226931928546,0.4621620174582365,1,0.6299859948076947,0.27,0.3,1,10,1,4.321938364581723,0.8,0.4621620174582365,0.4621620174582365,1,0.9,-2.820569328862052
0.372404814723813,0.0303968785515433,11.401850816230455,0.3640406604320365,-0.0088280587479985,3,1,0.1,4.8132202074738695,0.7926554954076129,1,0.9181346707264004,0.27,0.3,1,10,1,2.3054822324078788,0.8,0.7926554954076129,0.7926554954076129,1,0.9,-4.291074666513458
0.3261874528369279,0.0150334362745528,15.87646742615648,0.2676324190835792,-0.0043256381255026,3,1,0.1,40.29656849994479,0.9413771440277452,1,0.5359841695183241,0.27,0.3,1,10,1,3.2544266561315545,0.8,0.9413771440277452,0.9413771440277452,1,0.9,-3.318831743921522
0.3207923703400994,0.0165363609257922,10.906800957755646,0.3315789768502831,-0.0043919897505886,3,1,0.1,5.817792056456553,0.8348385534562469,1,0.5548043211298481,0.27,0.3,1,10,1,2.052040840685597,0.8,0.8348385534562469,0.8348385534562469,1,0.9,-4.183569034920645
0.0001746612885737,1.6031150891920404e-05,13.497153074672916,1.016262114548686,0.0383782749136949,3,1,0.1,2.8016101964123536,0.5243406844895974,1,0.8785424647074147,0.27,0.3,1,10,1,0.015872521220951,0.8,0.5243406844895974,0.5243406844895974,1,0.9,-3.102788099801325
0.4370627906044682,0.0267379473008345,52.11469743423025,0.4807995765254633,-0.010703784156046,3,1,0.1,2.98949363317624,0.594502214262997,1,0.7514503503303991,0.27,0.3,1,10,1,4.642630726534933,0.8,0.594502214262997,0.594502214262997,1,0.9,-3.697261029929312
0.3176800386133989,0.0212318087197396,8.333609768402964,0.293559839775775,-0.0051444591226651,3,1,0.1,317.30172972252274,0.9482812966455384,1,0.6605126761581643,0.27,0.3,1,10,1,1.997648728929151,0.8,0.9482812966455384,0.9482812966455384,1,0.9,-3.183134771775581
0.1142603762026184,0.0102206329413287,10.906532203821987,0.7203580019210152,0.0166034762768797,3,1,0.1,5.523529470509999,0.6320244737248126,1,0.7901028800205753,0.27,0.3,1,10,1,0.4800467945797289,0.8,0.6320244737248126,0.6320244737248126,1,0.9,-2.8741033502039697
0.4099034525220997,0.0251688134195201,46.70131766812264,0.4194690243182078,-0.0096176528348349,3,1,0.1,4.391224612746548,0.6558603370154474,1,0.715481694213529,0.27,0.3,1,10,1,4.727447798656938,0.8,0.6558603370154474,0.6558603370154474,1,0.9,-3.355641390576321
0.3533966167356438,0.0162905703207235,20.14730029165397,0.3810774240268991,-0.0053841959852688,3,1,0.1,4.127517338472924,0.7112279556828105,1,0.5173800751764762,0.27,0.3,1,10,1,2.7713237430642863,0.8,0.7112279556828105,0.7112279556828105,1,0.9,-3.964914958401049
0.3258577574126882,0.0151113114079066,16.09162157064761,0.2561562703574579,-0.0042723230562622,3,1,0.1,10.885005018913253,0.9746343067600252,1,0.5767729423820759,0.27,0.3,1,10,1,3.3994792828876785,0.8,0.9746343067600252,0.9746343067600252,1,0.9,-4.106791273377664
0.3546088241983214,0.0241579662747504,15.528296757666878,0.2822071682625034,-0.0070736307485708,3,1,0.1,4.479348014721508,0.921025569086639,1,0.8492577491364646,0.27,0.3,1,10,1,3.2874363171841576,0.8,0.921025569086639,0.921025569086639,1,0.9,-5.901407077176018
0.3710906725066583,0.0298583837277328,14.309109735104196,0.3054583398843827,-0.0088936656081132,3,1,0.1,5.37484117718793,0.8809154646638654,1,0.9650646705418692,0.27,0.3,1,10,1,3.06821806400494,0.8,0.8809154646638654,0.8809154646638654,1,0.9,-4.754695623097911
0.2519096973572381,0.0235685691167313,6.960207458305556,0.4484100673320296,0.0003797713671432,3,1,0.1,8.339349773145635,0.8124848892315539,1,0.9409078530725928,0.27,0.3,1,10,1,0.9633076808993568,0.8,0.8124848892315539,0.8124848892315539,1,0.9,-3.50510401404578
0.3158705575382805,0.027367908600841,10.80733570971428,0.6371725207709557,-0.0015012856172769,3,1,0.1,95.9014663125902,0.5806952986771335,1,0.7655664772008748,0.27,0.3,1,10,1,1.1848252832607744,0.8,0.5806952986771335,0.5806952986771335,1,0.9,-1.963391007639883
0.3550804330395257,0.0279622477352756,10.32086613729719,0.3041077920487757,-0.0076565892586112,3,1,0.1,4.828161393411698,0.9047110967123664,1,0.930926688788546,0.27,0.3,1,10,1,2.434162964192696,0.8,0.9047110967123664,0.9047110967123664,1,0.9,-5.358630564297578
0.3027983105495774,0.0187577195180285,8.096620761757412,0.3430506002124336,-0.0038213985699234,3,1,0.1,3.85718658592977,0.86781959972222,1,0.6883956168847822,0.27,0.3,1,10,1,1.5498868628526217,0.8,0.86781959972222,0.86781959972222,1,0.9,-6.089594638866444
0.3746617732699238,0.0309019752526225,11.672434268967864,0.3647023813167824,-0.0090739435319889,3,1,0.1,5.294215826463023,0.790366181802296,1,0.9168827793589416,0.27,0.3,1,10,1,2.3546829087897043,0.8,0.790366181802296,0.790366181802296,1,0.9,-4.042835850224924
0.2625442115620868,0.0241007361893713,9.30342344299006,0.5989117251792018,0.0022247909236936,3,1,0.1,28.310370751680985,0.641116135495116,1,0.8096668648755081,0.27,0.3,1,10,1,0.9597618949418334,0.8,0.641116135495116,0.641116135495116,1,0.9,-2.256276861740763
0.4646703591345464,0.0386130293649703,37.40770529831122,0.5158263717219662,-0.0153251855962208,3,1,0.1,51.14138026954208,0.5867193911353265,1,0.8616487514575462,0.27,0.3,1,10,1,4.170047904365509,0.8,0.5867193911353265,0.5867193911353265,1,0.9,-2.009524593941385
0.499178823904701,0.024177694493039,17.57578486451485,1.4671440883546982,0.0190915468678638,3,1,0.1,1.8957854874946485,0.2471550925599366,1,0.8888861761889411,0.27,0.3,1,10,1,1.4894044252763885,0.8,0.2471550925599366,0.2471550925599366,1,0.9,-1.184030761582088
0.3394169656324632,0.0189412686390521,16.631545876332666,0.2679545285026099,-0.005485430917577,3,1,0.1,5.0650914773483455,0.945673979648548,1,0.7045836105480636,0.27,0.3,1,10,1,3.4408185579224564,0.8,0.945673979648548,0.945673979648548,1,0.9,-5.585556077967248
0.3798285932637935,0.0231949724010413,39.08581888310053,0.3335340067578135,-0.0080381156851132,3,1,0.1,3.860519626019869,0.7774522523955216,1,0.7939659400198065,0.27,0.3,1,10,1,4.957379455573788,0.8,0.7774522523955216,0.7774522523955216,1,0.9,-4.888707441044044
0.4104711634758899,0.0293101225557398,39.83172160748582,0.3892037209166344,-0.0107675822956078,3,1,0.1,5.053160284872905,0.7032204105066734,1,0.8466235716167505,0.27,0.3,1,10,1,4.72877044576713,0.8,0.7032204105066734,0.7032204105066734,1,0.9,-3.4712386227744103
0.511100173175433,0.0276915824592317,57.90627177928168,0.7255008780622326,-0.0114884293148051,3,1,0.1,2.3423845333171407,0.4392854758755997,1,0.7243543485278645,0.27,0.3,1,10,1,3.92858659755186,0.8,0.4392854758755997,0.4392854758755997,1,0.9,-2.60358066526194
0.3648224505794206,0.0256851696022305,18.92526706337916,0.2916474900247541,-0.0078365321094316,3,1,0.1,4.286577120632013,0.8910956127048683,1,0.89555838445956,0.27,0.3,1,10,1,3.659426705382558,0.8,0.8910956127048683,0.8910956127048683,1,0.9,-5.768218454659892
0.3698667039255632,0.0180634603019852,31.18753144928109,0.383041523268266,-0.0064734982083581,3,1,0.1,9.315226269463206,0.6958614237656305,1,0.5250353474108385,0.27,0.3,1,10,1,3.72797879762392,0.8,0.6958614237656305,0.6958614237656305,1,0.9,-2.809189712460797
0.3441560394367,0.0204737998653561,21.26037747123252,0.2486589283591315,-0.0058528543139361,3,1,0.1,4.4598550577610165,0.9982183291185008,1,0.8522004902536189,0.27,0.3,1,10,1,4.231066395727094,0.8,0.9982183291185008,0.9982183291185008,1,0.9,-6.96477375645909
0.3699353776120699,0.0188627160874755,25.18261048125004,0.4067677894352373,-0.0066261328325818,3,1,0.1,12.643561636091016,0.6758082860962709,1,0.5174081092207491,0.27,0.3,1,10,1,3.131375095285943,0.8,0.6758082860962709,0.6758082860962709,1,0.9,-2.573679757469772
0.3547257802782142,0.0256239696371617,12.352529543111656,0.2971313251524966,-0.0073162591721468,3,1,0.1,4.473903828905014,0.901839234006103,1,0.8633224641025014,0.27,0.3,1,10,1,2.7572258148523647,0.8,0.901839234006103,0.901839234006103,1,0.9,-5.67567112308987
0.0516188234434735,0.0050790415784519,12.172926555401707,1.1696356266642527,0.0458149902193062,3,1,0.1,3.6243378083965374,0.4508990941168952,1,0.9887708845654988,0.27,0.3,1,10,1,0.2805412782865349,0.8,0.4508990941168952,0.4508990941168952,1,0.9,-2.1177529883893547
0.5253354821938714,0.0281138258982496,59.17568573757168,0.7795399901103726,-0.0114903039843123,3,1,0.1,2.52732572433757,0.4140873730407455,1,0.7125455340248243,0.27,0.3,1,10,1,3.89203882202257,0.8,0.4140873730407455,0.4140873730407455,1,0.9,-2.234576088959458
0.3651350724964275,0.0222461101036638,24.47095564340584,0.3337704502588982,-0.0073979754930618,3,1,0.1,15.698497427864147,0.7898637779588601,1,0.6504827853996303,0.27,0.3,1,10,1,3.774615719173827,0.8,0.7898637779588601,0.7898637779588601,1,0.9,-2.983097119973179
0.3398642853087077,0.0191601413757006,21.95618671906663,0.2480555071701243,-0.005488700215191,3,1,0.1,6.189184465049037,0.9973678454901193,1,0.77848372068989,0.27,0.3,1,10,1,4.290884243326804,0.8,0.9973678454901193,0.9973678454901193,1,0.9,-5.327900088587434
0.3725266463045493,0.0317646846284231,15.49973216527404,0.2985212938144242,-0.0094905041407856,3,1,0.1,15.785697347190336,0.89760294052454,1,0.96117924172549,0.27,0.3,1,10,1,3.323973850062311,0.8,0.89760294052454,0.89760294052454,1,0.9,-3.44970850181289
0.2504657767780056,0.0214759660027942,8.030298013337461,0.4923137237226105,0.0010585202544148,3,1,0.1,4.68116262480627,0.750734897712008,1,0.8824704331505607,0.27,0.3,1,10,1,0.946694126628154,0.8,0.750734897712008,0.750734897712008,1,0.9,-3.9988333502711386
0.3240745824766486,0.0136038796077475,15.878688568704131,0.2677444776761687,-0.0039204847799788,3,1,0.1,8.233437623496666,0.9361560003944172,1,0.5231863675735874,0.27,0.3,1,10,1,3.213253202898968,0.8,0.9361560003944172,0.9361560003944172,1,0.9,-4.247362222177052
0.3071211309532645,0.0235985950612972,6.879489734866964,0.3228497942125061,-0.0046440799464465,3,1,0.1,7.50760858783791,0.9302362440294846,1,0.811501205012803,0.27,0.3,1,10,1,1.545152008824526,0.8,0.9302362440294846,0.9302362440294846,1,0.9,-4.361860324946576
0.4185479175689561,0.0317960092668176,30.887905406901204,0.3896081780575703,-0.0114534295929549,3,1,0.1,3.164868055189708,0.7096267111334258,1,0.9862556016848252,0.27,0.3,1,10,1,4.168358366203102,0.8,0.7096267111334258,0.7096267111334258,1,0.9,-4.960828730085023
0.4165870778432393,0.0232260479464011,27.52658928400581,0.5536578924876814,-0.0084205308748614,3,1,0.1,3.370493197769716,0.5509123909890739,1,0.6193906263587708,0.27,0.3,1,10,1,2.716133832646976,0.8,0.5509123909890739,0.5509123909890739,1,0.9,-2.9685354143066416
0.2667258000785599,0.0246084290351893,6.5155510278002,0.4067620906996159,-0.0012530137496503,3,1,0.1,7.053541205751659,0.8590981482561921,1,0.97588844146324,0.27,0.3,1,10,1,1.0538298847320902,0.8,0.8590981482561921,0.8590981482561921,1,0.9,-4.000600488897919
0.6321204230955764,0.016745116964732,42.39639737687354,1.40681087990752,0.0148941144353543,3,1,0.1,1.1072165364507662,0.2035681181471948,1,0.7376959617576886,0.27,0.3,1,10,1,2.533563947447389,0.8,0.2035681181471948,0.2035681181471948,1,0.9,-1.188365166662047
0.2957941643888661,0.0273915946271141,7.612288228457435,0.4586970300113279,-0.0026717645731657,3,1,0.1,9.110754657520918,0.7595679212370859,1,0.9236290099520864,0.27,0.3,1,10,1,1.1721169722432363,0.8,0.7595679212370859,0.7595679212370859,1,0.9,-3.143377825187528
0.3817953857794718,0.0270364175910508,28.059986080541183,0.3240717019635414,-0.0089886291756046,3,1,0.1,4.751255966660133,0.8112552226638675,1,0.8788898121793713,0.27,0.3,1,10,1,4.3213701694019,0.8,0.8112552226638675,0.8112552226638675,1,0.9,-4.4950316085079205
0.4443405791421421,0.0274735648127089,26.290985778438937,0.6238355411077331,-0.0098596984390902,3,1,0.1,3.348650655802126,0.5120197567673935,1,0.7032069080934845,0.27,0.3,1,10,1,2.600103541199705,0.8,0.5120197567673935,0.5120197567673935,1,0.9,-2.653396371105189
0.4127317751519348,0.027908127802334,17.403815799265274,0.6544950372243866,-0.0075856042204967,3,1,0.1,3.317983214530402,0.516658362639564,1,0.7605702021681977,0.27,0.3,1,10,1,1.8601079283792432,0.8,0.516658362639564,0.516658362639564,1,0.9,-2.7050205227258752
0.248548246253165,0.0143546300736085,12.67424724433006,0.5718618825236198,0.0011236481043892,3,1,0.1,2.896973571133119,0.6372108830618317,1,0.6032037165355443,0.27,0.3,1,10,1,0.976049615090522,0.8,0.6372108830618317,0.6372108830618317,1,0.9,-4.363567642879393
0.1078229934726814,0.007527501513446,7.794814515390144,0.4471042081141941,0.0066416490308095,3,1,0.1,9.424532511077333,0.9392715755909484,1,0.6591455044550337,0.27,0.3,1,10,1,0.4874752822259925,0.8,0.9392715755909484,0.9392715755909484,1,0.9,-4.079597822485319
0.2221273054074429,0.0110188780158166,24.42403208770344,1.1774338213864288,0.0142873086219134,3,1,0.1,2.931949287575131,0.3648240622747217,1,0.533489063517122,0.27,0.3,1,10,1,0.766611830631355,0.8,0.3648240622747217,0.3648240622747217,1,0.9,-1.7136046761657244
0.3527733712908736,0.025159999598877,14.939201240344447,0.270529005233509,-0.0071823104482952,3,1,0.1,5.948975979379485,0.957231313563451,1,0.8790369873837671,0.27,0.3,1,10,1,3.330032504197375,0.8,0.957231313563451,0.957231313563451,1,0.9,-5.108907551637498
0.401381094582341,0.0223759254157071,22.32877585204634,0.5366635558229473,-0.0075344333136885,3,1,0.1,2.5695213381982547,0.5703391884599412,1,0.6499671075788611,0.27,0.3,1,10,1,2.371230204713041,0.8,0.5703391884599412,0.5703391884599412,1,0.9,-3.943551957485697
0.0175937070286786,0.0010861289414689,20.886304257553387,1.6314464758339542,0.0498681925454274,3,1,0.1,1.9554910028832064,0.3339187322834103,1,0.6933932840250725,0.27,0.3,1,10,1,0.1594196396164817,0.8,0.3339187322834103,0.3339187322834103,1,0.9,-1.8502899608013
0.3507292777028157,0.0186673243251794,19.910388011007484,0.3247365857016508,-0.0059858009995123,3,1,0.1,7.521447124207158,0.805793351991381,1,0.5882737224061282,0.27,0.3,1,10,1,3.291581263313414,0.8,0.805793351991381,0.805793351991381,1,0.9,-3.581191233749566
0.3985691612937949,0.022194946132166,34.89912713288562,0.4423687634684564,-0.008356499427982,3,1,0.1,5.55011368312839,0.6327636049793782,1,0.5974279383044441,0.27,0.3,1,10,1,3.7214703364611297,0.8,0.6327636049793782,0.6327636049793782,1,0.9,-2.873669212787382
0.2999263157311023,0.0175808725230204,11.211557314144546,0.4600832707036018,-0.0029835466009235,3,1,0.1,5.690494460279786,0.6995611742233995,1,0.5737877789073942,0.27,0.3,1,10,1,1.3756038995642808,0.8,0.6995611742233995,0.6995611742233995,1,0.9,-3.269810628652154
0.456009429608581,0.0414209424045609,16.87203902194245,0.5808339699743963,-0.0142691339248223,3,1,0.1,66.96354305442108,0.561234386496014,1,0.9303527188541664,0.27,0.3,1,10,1,2.457729097905555,0.8,0.561234386496014,0.561234386496014,1,0.9,-1.908096242224996
0.2983290051820024,0.0186984740273458,6.877938432625155,0.2926269932575974,-0.0037624681248076,3,1,0.1,4.578679947337746,0.9839310816301902,1,0.7215010753121243,0.27,0.3,1,10,1,1.6175806504620698,0.8,0.9839310816301902,0.9839310816301902,1,0.9,-6.578215467534054
0.3444522345885881,0.0179933002696423,19.43566970578337,0.2870567370590683,-0.0054947891654971,3,1,0.1,3.921834731741196,0.8847729234144135,1,0.6682601233261521,0.27,0.3,1,10,1,3.563255162779037,0.8,0.8847729234144135,0.8847729234144135,1,0.9,-6.227341728379637
0.3489497661151607,0.0210643059315186,13.39270588450495,0.3989651546647564,-0.0061151614542406,3,1,0.1,5.012996731877299,0.7262694985638575,1,0.6236381888500926,0.27,0.3,1,10,1,2.115614196687812,0.8,0.7262694985638575,0.7262694985638575,1,0.9,-3.657206123009747
0.0141100469703796,0.0012813838890751,12.172130458033031,0.7681968960558774,0.0251782607331699,3,1,0.1,15.76552895164547,0.649041473641409,1,0.6891640872313123,0.27,0.3,1,10,1,0.1502814915149627,0.8,0.649041473641409,0.649041473641409,1,0.9,-2.3933785162206664
0.3881981021130745,0.0237898627436342,35.171480165515604,0.3667104126984264,-0.0085000570706525,3,1,0.1,3.93596642781224,0.7268167028540908,1,0.7384323468640663,0.27,0.3,1,10,1,4.385911694957725,0.8,0.7268167028540908,0.7268167028540908,1,0.9,-4.256917427066381
0.3510950518469436,0.0171113681659441,17.60156826577348,0.427884961043351,-0.0053342264261998,3,1,0.1,5.194193449884264,0.6693459447248954,1,0.5098713086541546,0.27,0.3,1,10,1,2.254087546298566,0.8,0.6693459447248954,0.6693459447248954,1,0.9,-3.19047598171288
0.5133490338913402,0.03299688038632,32.89325974308421,0.7430055576642185,-0.0125415708852143,3,1,0.1,2.710807551346512,0.4421017997641618,1,0.8479033887933058,0.27,0.3,1,10,1,3.008791405164628,0.8,0.4421017997641618,0.4421017997641618,1,0.9,-2.3789636243770067
0.2743087256961163,0.0201306594796092,7.096577427283882,0.3712890624479107,-0.0024443321533092,3,1,0.1,7.909634125134515,0.8735197594505307,1,0.7293485540909338,0.27,0.3,1,10,1,1.213351213985709,0.8,0.8735197594505307,0.8735197594505307,1,0.9,-3.922515113369696
0.1631207229050702,0.0128108741261434,13.02308121270379,0.8343835563516492,0.0152142495131076,3,1,0.1,2.5732534276261902,0.5369292982101066,1,0.824010093010825,0.27,0.3,1,10,1,0.5982875116581867,0.8,0.5369292982101066,0.5369292982101066,1,0.9,-3.487922612544117
0.1991391463807589,0.0183643893808666,7.2526648079217155,0.4839387499248744,0.0047871231966263,3,1,0.1,4.599181000226758,0.8153740866055237,1,0.989476320092406,0.27,0.3,1,10,1,0.7448995059440291,0.8,0.8153740866055237,0.8153740866055237,1,0.9,-4.635461129611968
0.3744908698412164,0.0246288525810596,21.18610416363697,0.362574990547103,-0.0082547373056206,3,1,0.1,10.534705454772151,0.7521286184880689,1,0.6793726571956467,0.27,0.3,1,10,1,3.313578947830838,0.8,0.7521286184880689,0.7521286184880689,1,0.9,-3.0082343564735456
0.0256699527914451,0.0016280759647217,10.840682365895926,0.5583132479588165,0.0115184031319578,3,1,0.1,16.317030251379947,0.8469378165836713,1,0.545410609034288,0.27,0.3,1,10,1,0.2087005747280226,0.8,0.8469378165836713,0.8469378165836713,1,0.9,-3.2121568040913866
0.3368035712752094,0.0310568808839175,9.439258216319848,0.5599966663324621,-0.0041117152944103,3,1,0.1,8.748667070505974,0.6358674949649796,1,0.9249449164374876,0.27,0.3,1,10,1,1.2964225342474052,0.8,0.6358674949649796,0.6358674949649796,1,0.9,-2.5524254192532947
0.2837607714772762,0.0169728811957072,8.422131088907282,0.3763654748430141,-0.0027522128365994,3,1,0.1,5.86343961187502,0.8277534405704037,1,0.6074235912668485,0.27,0.3,1,10,1,1.345224727799871,0.8,0.8277534405704037,0.8277534405704037,1,0.9,-4.114499745039334
0.0048827795542307,0.0003550202561964,14.467853738894457,0.7797318255931825,0.0211362118990675,3,1,0.1,3.243075966168627,0.6438401884222859,1,0.6474258466886245,0.27,0.3,1,10,1,0.0873830956583837,0.8,0.6438401884222859,0.6438401884222859,1,0.9,-3.9982460170342895
0.1894143098253911,0.0142555643120031,7.3596903497357555,0.4331859791446705,0.0030052353161169,3,1,0.1,6.457491295426481,0.8729962560536482,1,0.7354037816497732,0.27,0.3,1,10,1,0.7565645804508745,0.8,0.8729962560536482,0.8729962560536482,1,0.9,-4.250926127880318
0.4637251986232091,0.0230082194765722,74.70812434786866,0.6021235345434284,-0.0097817938138084,3,1,0.1,2.705129332631978,0.4980580581687463,1,0.6191142633989192,0.27,0.3,1,10,1,4.664627410212285,0.8,0.4980580581687463,0.4980580581687463,1,0.9,-2.910600174363571
0.2759825913133744,0.0107482826624556,20.07064715321737,2.0518298119501748,0.0443357383563902,3,1,0.1,1.1617214025040798,0.2298705117216513,1,0.8687250564259843,0.27,0.3,1,10,1,0.7431123916165585,0.8,0.2298705117216513,0.2298705117216513,1,0.9,-1.4234298519866897
0.0258136014189849,0.0018892589794634,17.487827400223605,1.017520873968221,0.0287367726512638,3,1,0.1,2.704815442895986,0.4978198758985231,1,0.6680486325003561,0.27,0.3,1,10,1,0.2034495076811229,0.8,0.4978198758985231,0.4978198758985231,1,0.9,-2.908414788882485
0.4816652184313656,0.0301450444052803,22.902791265987208,0.7534761742695698,-0.0094140577477964,3,1,0.1,1.9854783232980004,0.4490538377050938,1,0.8995575300676448,0.27,0.3,1,10,1,2.222395627357012,0.8,0.4490538377050938,0.4490538377050938,1,0.9,-3.169456965246364
0.3657221482556174,0.0282383550639634,11.626753563319106,0.4066599919840476,-0.0080367294656937,3,1,0.1,6.303550313452472,0.7353315234330594,1,0.791976920499863,0.27,0.3,1,10,1,2.0674614808060445,0.8,0.7353315234330594,0.7353315234330594,1,0.9,-3.3677890176048804
0.6462765028061209,0.0199061017483217,114.11168818221108,1.1468744732571667,-0.0009680897375661,3,1,0.1,1.20196489644209,0.2522159466889286,1,0.7170955631738658,0.27,0.3,1,10,1,4.7624051986932185,0.8,0.2522159466889286,0.2522159466889286,1,0.9,-1.6472370367860891
0.4151574418482573,0.018840252047944,61.967118883357,0.4886310595946085,-0.0076534531755329,3,1,0.1,2.940088529889233,0.571526425035643,1,0.5562680139317262,0.27,0.3,1,10,1,4.565563386617029,0.8,0.571526425035643,0.571526425035643,1,0.9,-3.4864823751448686
0.5429100651397585,0.0243438749966003,34.98318505737573,1.0338085959086656,-0.0046413231341971,3,1,0.1,1.590457895018851,0.3243963997116105,1,0.7671064397758337,0.27,0.3,1,10,1,2.4261321173480903,0.8,0.3243963997116105,0.3243963997116105,1,0.9,-2.063260996010712
0.2469822150057144,0.0178732087496342,9.757194553803489,0.525277414057942,0.0011439906072175,3,1,0.1,3.953830596018295,0.6990716959446227,1,0.7222466513244732,0.27,0.3,1,10,1,0.9549448228824468,0.8,0.6990716959446227,0.6990716959446227,1,0.9,-3.966726550097249
0.3343758028632322,0.0171279310943369,14.103848705474146,0.2920844051114804,-0.004979846087972,3,1,0.1,4.465475193738597,0.888694707720609,1,0.6132079404010008,0.27,0.3,1,10,1,2.842794813955164,0.8,0.888694707720609,0.888694707720609,1,0.9,-5.530498970360791
0.4476360270791137,0.0312118180075177,34.85419687553646,0.4947316063227729,-0.0121284499348584,3,1,0.1,2.9893907402291844,0.5951561651912358,1,0.8572101129337271,0.27,0.3,1,10,1,3.803707602828565,0.8,0.5951561651912358,0.5951561651912358,1,0.9,-3.704966755798763
0.371344684108549,0.028280933418792,22.849375593855907,0.2906504495486405,-0.0087583069200102,3,1,0.1,7.600777472276419,0.8934765612159556,1,0.9418468725962248,0.27,0.3,1,10,1,4.166653664616023,0.8,0.8934765612159556,0.8934765612159556,1,0.9,-4.103890475980932
0.3425787618267977,0.0182179964606699,25.29857656920503,0.2631742308099535,-0.0054655151871082,3,1,0.1,6.22909629184249,0.94211491841005,1,0.7177648235446438,0.27,0.3,1,10,1,4.447378902191953,0.8,0.94211491841005,0.94211491841005,1,0.9,-4.85303460231437
0.259104038607527,0.0229190740368863,6.198693552965118,0.3751136800048941,-0.0014687675222819,3,1,0.1,23.673230516420045,0.9099968372368246,1,0.8550194087560042,0.27,0.3,1,10,1,1.0693653412827773,0.8,0.9099968372368246,0.9099968372368246,1,0.9,-3.3321980358465897
0.250777699367447,0.0153278886659569,16.514238266715726,0.7980295991000916,0.0052474811441375,3,1,0.1,2.807464048294291,0.500124776922457,1,0.6340873809807867,0.27,0.3,1,10,1,0.8992268398687608,0.8,0.500124776922457,0.500124776922457,1,0.9,-2.8529452281422616
0.3538385248940132,0.0169853599193814,30.85066688491769,0.3224845823803018,-0.0057308712643072,3,1,0.1,14.336854784445771,0.7907380096196711,1,0.5526285962507944,0.27,0.3,1,10,1,4.236141287980756,0.8,0.7907380096196711,0.7907380096196711,1,0.9,-3.025103543914613
0.0466619284960391,0.0032293910461197,11.963428508965707,0.6437985949266396,0.0140957086992494,3,1,0.1,3.254600593531995,0.7334650991995575,1,0.6589841602865628,0.27,0.3,1,10,1,0.2856591390307478,0.8,0.7334650991995575,0.7334650991995575,1,0.9,-5.156306693448975
0.5162279235292131,0.0312160618167422,35.91447257606367,0.8210627492892739,-0.0113916587070441,3,1,0.1,4.3224572653306135,0.4056127704905303,1,0.7204453853068526,0.27,0.3,1,10,1,2.9774273339102493,0.8,0.4056127704905303,0.4056127704905303,1,0.9,-1.7310718821509994
0.4024582795705509,0.0222415932332904,36.61734682109015,0.4372038568333466,-0.0084086133568173,3,1,0.1,3.19837432396605,0.6356534663881879,1,0.6473630935121066,0.27,0.3,1,10,1,3.8606876575688247,0.8,0.6356534663881879,0.6356534663881879,1,0.9,-3.951099953633277
0.0977823948161108,0.0060650687375581,11.369736754209834,0.5733851644644935,0.0086906503261257,3,1,0.1,5.802745500268068,0.7561873760756709,1,0.5624470877187524,0.27,0.3,1,10,1,0.4545720581261119,0.8,0.7561873760756709,0.7561873760756709,1,0.9,-3.6219480860120106
0.3700853578554994,0.0293175088358724,15.554978828494589,0.3039549764686035,-0.0088372523039733,3,1,0.1,6.73570899523871,0.8797380881703193,1,0.9237459978257312,0.27,0.3,1,10,1,3.235584971115996,0.8,0.8797380881703193,0.8797380881703193,1,0.9,-4.217863527623806
0.3670527520357027,0.027178631453139,12.60736565238511,0.3849606180629302,-0.0080753209000038,3,1,0.1,5.575097619098963,0.7534438498666922,1,0.7765787096488247,0.27,0.3,1,10,1,2.2827575115225605,0.8,0.7534438498666922,0.7534438498666922,1,0.9,-3.668199125557475
0.5998483271175901,0.0302486010545718,51.87487606906458,1.0508857262050222,-0.007386092996113,3,1,0.1,3.01948467001967,0.3007156611844611,1,0.7397732359104281,0.27,0.3,1,10,1,3.650696297065757,0.8,0.3007156611844611,0.3007156611844611,1,0.9,-1.3058367610764812
0.3847169362868636,0.0225421544711081,30.726328894852905,0.4040984668522638,-0.0081808913538835,3,1,0.1,56.5415432726357,0.6802461086485293,1,0.5813887720056313,0.27,0.3,1,10,1,3.729019834339464,0.8,0.6802461086485293,0.6802461086485293,1,0.9,-2.332978683604625
0.2258822871231796,0.0115650275802663,7.353147491208246,0.3594051491100055,-0.0003011874519548,3,1,0.1,10.77222687591511,0.922032035227256,1,0.5203155168616352,0.27,0.3,1,10,1,0.9958126088392044,0.8,0.922032035227256,0.922032035227256,1,0.9,-3.840446601030231
0.3774708316685595,0.0275403073582476,29.74013227488909,0.311067285647188,-0.0090092186218617,3,1,0.1,9.851011412546493,0.8388550647930578,1,0.873647572898667,0.27,0.3,1,10,1,4.611614498919284,0.8,0.8388550647930578,0.8388550647930578,1,0.9,-3.489529071153873
0.2639190231823017,0.0170852098442735,8.491629313350987,0.4187707779399637,-0.0014318487471399,3,1,0.1,5.231072615269038,0.7962269776409597,1,0.6463184858902484,0.27,0.3,1,10,1,1.1333652082601304,0.8,0.7962269776409597,0.7962269776409597,1,0.9,-4.115883237736293
0.3603505889315297,0.0146027383172135,38.31725995635249,0.3521673929615028,-0.00522025971637,3,1,0.1,3.698591869799394,0.724562824299433,1,0.5188095703099223,0.27,0.3,1,10,1,4.334617765253052,0.8,0.724562824299433,0.724562824299433,1,0.9,-4.4487636160802575
0.8175904073308325,9.075579046523324e-09,6631.836678362703,8.16946487480284,0.0042012089734991,3,1,0.1,0.1619607264679116,0.019570244243868,1,0.9153084320286676,0.27,0.3,1,10,1,1.89379381010448,0.8,0.019570244243868,0.019570244243868,1,0.9,-0.0908483105785933
0.3426842631145717,0.0175891043456319,19.408041091630256,0.3027101845586639,-0.0054808375713181,3,1,0.1,14.922608060435522,0.8497038380785802,1,0.5692383548908485,0.27,0.3,1,10,1,3.404967679999796,0.8,0.8497038380785802,0.8497038380785802,1,0.9,-3.266313983338251
0.5841032125237074,0.0206607063316198,24.89239560429684,1.52584669580694,0.0288812677571831,3,1,0.1,4.908378172600498,0.1947175909066772,1,0.5937395351507052,0.27,0.3,1,10,1,2.018490030771737,0.8,0.1947175909066772,0.1947175909066772,1,0.9,-0.7152668809168645
0.6661230500258987,0.0357976140143753,57.43783955678093,1.1295381418638146,-0.0036780318250668,3,1,0.1,2.646347355795639,0.2616334462047128,1,0.9598037183822286,0.27,0.3,1,10,1,4.469658774917965,0.8,0.2616334462047128,0.2616334462047128,1,0.9,-1.1336238096895848
0.3216815835683138,0.0185173557435793,9.677408056845488,0.2708191531698719,-0.0047569239233037,3,1,0.1,6.631600544475264,0.9780263662048492,1,0.6599976641788782,0.27,0.3,1,10,1,2.3622565549339174,0.8,0.9780263662048492,0.9780263662048492,1,0.9,-4.970549865817537
0.4307650810400528,0.0327056916204442,15.48018967276244,0.6208009625762038,-0.0094395139896235,3,1,0.1,2.895168659429722,0.5396537725158235,1,0.9392972413360132,0.27,0.3,1,10,1,1.940228883620636,0.8,0.5396537725158235,0.5396537725158235,1,0.9,-3.183396718781493
0.6044696363051018,0.0247189765320691,35.351459727906324,1.2171315363392832,0.0024056340415066,3,1,0.1,1.5385173738587408,0.2573424129312452,1,0.8219532125696525,0.27,0.3,1,10,1,2.6343053996852306,0.8,0.2573424129312452,0.2573424129312452,1,0.9,-1.4069080801085363
0.4959631111549321,0.0389841568153824,56.30198722976938,0.5772389594181847,-0.0163932391701172,3,1,0.1,10.843219854057033,0.5338716797158622,1,0.8823446516696176,0.27,0.3,1,10,1,4.953713277588841,0.8,0.5338716797158622,0.5338716797158622,1,0.9,-2.010550099921103
0.3792172927970449,0.0238121225782851,32.70262081310737,0.3535488449489828,-0.0083256640246823,3,1,0.1,14.26607040122596,0.7511115404341243,1,0.6812883789200913,0.27,0.3,1,10,1,4.334075638558725,0.8,0.7511115404341243,0.7511115404341243,1,0.9,-2.8543652789647744
0.3395512544501242,0.01580649618974,22.117244539389063,0.2947722869166365,-0.0049634509145219,3,1,0.1,17.253026605286188,0.8575251137459696,1,0.5397285587500968,0.27,0.3,1,10,1,3.7109930708206,0.8,0.8575251137459696,0.8575251137459696,1,0.9,-3.2334061032879484
0.670867486760036,0.0128922198511339,64.5304693587739,1.4048977953343462,0.0150852569821992,3,1,0.1,0.8185361477724641,0.1885638473138671,1,0.7610466334379646,0.27,0.3,1,10,1,2.968145161296153,0.8,0.1885638473138671,0.1885638473138671,1,0.9,-1.3590874000940438
0.4564695353341616,0.0261401025301668,29.254324592877182,0.6770846169011775,-0.0093321342379293,3,1,0.1,2.6764352274188368,0.4787790432570254,1,0.6934480216808305,0.27,0.3,1,10,1,2.5852364333282143,0.8,0.4787790432570254,0.4787790432570254,1,0.9,-2.739336331241057
0.0578291815759477,0.0034284250768738,9.039610791836374,0.4774588207467434,0.0079527397403356,3,1,0.1,6.457720411437918,0.9404970730255856,1,0.5813597569981068,0.27,0.3,1,10,1,0.3283859237702249,0.8,0.9404970730255856,0.9404970730255856,1,0.9,-4.7487242269594026
0.3648071284429943,0.0195764151006091,27.52113461856287,0.3340145081823475,-0.0066183353503301,3,1,0.1,3.638295226981332,0.7771766389677317,1,0.6611573530760828,0.27,0.3,1,10,1,3.938361064024103,0.8,0.7771766389677317,0.7771766389677317,1,0.9,-5.164893582328597
0.0356739985188107,0.0022496636158074,16.856774401342914,0.8069010018138622,0.0175900291384905,3,1,0.1,3.025787825798812,0.5986107384578311,1,0.5730213270920796,0.27,0.3,1,10,1,0.2472884512328793,0.8,0.5986107384578311,0.5986107384578311,1,0.9,-3.706233590627239
0.3280584578219088,0.0111519193412193,27.93592749124888,0.2636614874296423,-0.0034162517818024,3,1,0.1,4.450834905209539,0.916556186263792,1,0.5223075237986128,0.27,0.3,1,10,1,4.480066586367718,0.8,0.916556186263792,0.916556186263792,1,0.9,-5.881027528051451
0.247508638933255,0.0211942282678015,10.079809189508808,0.6585559208198768,0.0053354672214175,3,1,0.1,2.918415190369556,0.6110534043246986,1,0.965834438255944,0.27,0.3,1,10,1,0.8556399869468465,0.8,0.6110534043246986,0.6110534043246986,1,0.9,-3.982489094194964
0.1112512076456641,0.0100748270875379,7.146250881288148,0.4651275040382083,0.0090166415589933,3,1,0.1,907.0442549228042,0.9195270318049328,1,0.7905956036585424,0.27,0.3,1,10,1,0.4901888598346101,0.8,0.9195270318049328,0.9195270318049328,1,0.9,-3.072357598178648
0.5037543991189413,0.0426715722227906,50.87434261881614,0.5690490221990361,-0.0178128081247018,3,1,0.1,11.377916344829837,0.54270890387099,1,0.9836391671079228,0.27,0.3,1,10,1,4.874597080753248,0.8,0.54270890387099,0.54270890387099,1,0.9,-2.0355826356720685
0.3333980208855533,0.0178096146826911,12.292025287941916,0.3457690312882974,-0.0050260706633598,3,1,0.1,4.102427878314112,0.8002408912310817,1,0.5921948842988454,0.27,0.3,1,10,1,2.1961117912062864,0.8,0.8002408912310817,0.8002408912310817,1,0.9,-4.895806216091416
0.7485698736263914,0.0168890469446284,72.49460115122878,1.400550383395631,0.0334837712170801,3,1,0.1,0.9393103013996374,0.1640323428731773,1,0.956752670412438,0.27,0.3,1,10,1,4.205806494857671,0.8,0.1640323428731773,0.1640323428731773,1,0.9,-0.9227816601463452
0.0006544711541832,5.384015000192895e-05,9.256746476294712,0.556284044050033,0.0161448873169364,3,1,0.1,9.065562877552589,0.8891850915892255,1,0.7237132125819643,0.27,0.3,1,10,1,0.0318324946715329,0.8,0.8891850915892255,0.8891850915892255,1,0.9,-3.8436068601417066
0.1685349425069127,0.0080522223545099,7.410705921348286,0.3768081788608437,0.0018108911183232,3,1,0.1,4.764507492740979,0.9738104563934185,1,0.5339533125450253,0.27,0.3,1,10,1,0.7159648985122996,0.8,0.9738104563934185,0.9738104563934185,1,0.9,-6.205457727032414
0.3706958919411458,0.0252063087368867,17.214645114359577,0.3696528279194011,-0.0081648079759196,3,1,0.1,10.960798909947552,0.7523040794780176,1,0.6843770769015863,0.27,0.3,1,10,1,2.875084694911722,0.8,0.7523040794780176,0.7523040794780176,1,0.9,-2.9858682145205035
0.3242112993427017,0.0101490018404556,31.422202870055564,0.2506282431969944,-0.0030493636357483,3,1,0.1,4.548228943481004,0.9517615247147984,1,0.5292213334091667,0.27,0.3,1,10,1,4.945737943573758,0.8,0.9517615247147984,0.9517615247147984,1,0.9,-6.199668444851901
0.3948008363372741,0.0295867391487571,22.54826973917111,0.3604763730415857,-0.0100169061898408,3,1,0.1,4.10407819568704,0.7587715829052336,1,0.894295131946043,0.27,0.3,1,10,1,3.6009703108269053,0.8,0.7587715829052336,0.7587715829052336,1,0.9,-4.448124506770767
0.6746343021219325,0.024624001500645,38.21380461287753,1.3408170271466795,0.0152625756523843,3,1,0.1,1.347321671042554,0.2096330154754054,1,0.9592335980505148,0.27,0.3,1,10,1,3.083959882153826,0.8,0.2096330154754054,0.2096330154754054,1,0.9,-1.0970650034534053
0.3348863424962689,0.0244280066975461,9.013328991999073,0.3275439608645679,-0.0061907148226591,3,1,0.1,6.440470727820927,0.8727280473069078,1,0.7742646575107459,0.27,0.3,1,10,1,1.9799747862785544,0.8,0.8727280473069078,0.8727280473069078,1,0.9,-4.254196996845071
0.348971403440825,0.0183186950085164,16.88259527711221,0.3474580553506819,-0.0057740075675972,3,1,0.1,5.018991296062446,0.773845890517857,1,0.5769601648940095,0.27,0.3,1,10,1,2.7698567082303907,0.8,0.773845890517857,0.773845890517857,1,0.9,-4.028946654315913
0.4732632550928698,0.0231646488256677,38.91077187887907,0.7279616108865373,-0.0085391433703527,3,1,0.1,2.0184703410207696,0.4442874704205513,1,0.6575250784319152,0.27,0.3,1,10,1,2.8164714615072,0.8,0.4442874704205513,0.4442874704205513,1,0.9,-3.04468482572803
0.4152488111611854,0.0219968097972305,53.18645832343484,0.4858426502727696,-0.008814781047947,3,1,0.1,13.220509826596958,0.5844676017357184,1,0.550734154603871,0.27,0.3,1,10,1,4.412840902725844,0.8,0.5844676017357184,0.5844676017357184,1,0.9,-2.172309250159671
0.351808815115576,0.020318618209633,14.950836137828045,0.4747675398317204,-0.0056181036792158,3,1,0.1,4.408879770858755,0.6448832678363325,1,0.5924016898294455,0.27,0.3,1,10,1,1.8779659331716685,0.8,0.6448832678363325,0.6448832678363325,1,0.9,-3.2633882469917
0.2942289962947926,0.0245784067556159,7.543448211689284,0.4038614300496795,-0.0035859417920183,3,1,0.1,60.43616130912544,0.813085654165097,1,0.7629283478724497,0.27,0.3,1,10,1,1.2896874614305431,0.8,0.813085654165097,0.813085654165097,1,0.9,-2.798123650560908
0.3901956069196619,0.0309221171838981,16.882388967059285,0.3460820861257181,-0.0099024566025418,3,1,0.1,3.5493143047818965,0.794579443748974,1,0.99247500454606,0.27,0.3,1,10,1,3.135085005205825,0.8,0.794579443748974,0.794579443748974,1,0.9,-5.54517293127856
0.3490493370753604,0.0207068962796425,22.440687600886594,0.2678845864341272,-0.0061929725315387,3,1,0.1,4.798852054887051,0.9373271963407304,1,0.7935925958930263,0.27,0.3,1,10,1,4.160310062997979,0.8,0.9373271963407304,0.9373271963407304,1,0.9,-5.740832107882791
0.5431661857245381,0.0289247967680309,52.67388896319267,0.9264253756450924,-0.0101916615824376,3,1,0.1,9.677084655534472,0.3546096510056288,1,0.6138425304219421,0.27,0.3,1,10,1,3.529496794712,0.8,0.3546096510056288,0.3546096510056288,1,0.9,-1.2925493875784309
0.2927280532832191,0.0202876943780882,7.48440106630283,0.3622165514178162,-0.003325898382912,3,1,0.1,3.911956888617923,0.8636331927827805,1,0.7638845912861221,0.27,0.3,1,10,1,1.3561122081394197,0.8,0.8636331927827805,0.8636331927827805,1,0.9,-5.937145136999422
0.3715649939744311,0.0181272752578254,21.958073260863763,0.4378221794447253,-0.0061579460236912,3,1,0.1,2.81632141364041,0.6460533670921691,1,0.5650879437668551,0.27,0.3,1,10,1,2.629818952945042,0.8,0.6460533670921691,0.6460533670921691,1,0.9,-4.633775415925574
0.35481712500169,0.0290122587267127,10.185892968620506,0.4459272603755599,-0.0071018934056027,3,1,0.1,6.895490478741613,0.7104539440068125,1,0.8239154371553321,0.27,0.3,1,10,1,1.706363852746147,0.8,0.7104539440068125,0.7104539440068125,1,0.9,-3.117696684127819
0.5043370954002415,0.0308058182337792,28.154076256634912,0.8470342999557734,-0.0098305240474166,3,1,0.1,3.545875396154644,0.4009389317570692,1,0.7515156996844281,0.27,0.3,1,10,1,2.4889079561907703,0.8,0.4009389317570692,0.4009389317570692,1,0.9,-1.815438322968662
0.3574612932614327,0.0145217172048426,45.02958527649098,0.3358623660706599,-0.0051541841208013,3,1,0.1,5.773293305977886,0.7489293729734878,1,0.5228851839042333,0.27,0.3,1,10,1,4.945427649086309,0.8,0.7489293729734878,0.7489293729734878,1,0.9,-3.5800736366093338
0.3792232840006166,0.0270918238846388,14.340017693873849,0.4189686469106209,-0.008400991446994,3,1,0.1,3.970140876354746,0.7022859883046061,1,0.778842445161172,0.27,0.3,1,10,1,2.3218576005509663,0.8,0.7022859883046061,0.7022859883046061,1,0.9,-3.9862833882747495
0.3682309979007585,0.0292477988581612,10.820135104980787,0.3792953143966375,-0.0082117988152282,3,1,0.1,3.78867397674572,0.7749613924805365,1,0.9173777901839258,0.27,0.3,1,10,1,2.108040449251102,0.8,0.7749613924805365,0.7749613924805365,1,0.9,-4.941813952758087
0.3713397853976863,0.0298378070524906,22.870293391202264,0.2868836998452788,-0.0091557374178659,3,1,0.1,30.68223467970813,0.9076289727214192,1,0.9448686756087744,0.27,0.3,1,10,1,4.246094162259246,0.8,0.9076289727214192,0.9076289727214192,1,0.9,-3.249738864461856
0.7870396040085104,0.0199442531702325,35.407048688860606,1.4499236048527149,0.1271587734471031,3,1,0.1,7.26654375578853,0.124364593304463,1,0.70282163833982,0.27,0.3,1,10,1,3.802063886697817,0.8,0.124364593304463,0.124364593304463,1,0.9,-0.4317919359878086
0.3844476680676858,0.0294843521134699,23.674458822010774,0.3382522301464482,-0.0097890403423333,3,1,0.1,14.452456915305191,0.7967140817693418,1,0.8329439487462713,0.27,0.3,1,10,1,3.880221392587064,0.8,0.7967140817693418,0.7967140817693418,1,0.9,-3.0477402095725417
0.3256568725538776,0.027833947385305,9.17446069750698,0.4828736712576573,-0.0047124430688443,3,1,0.1,10.641805819796527,0.6988623054154068,1,0.8166884095695224,0.27,0.3,1,10,1,1.3744696351947412,0.8,0.6988623054154068,0.6988623054154068,1,0.9,-2.751101262754819
0.0185750381373785,0.0015976272335847,8.444103863991968,0.5253791101438354,0.0149840044953367,3,1,0.1,11.143837562095102,0.9206244219343264,1,0.7680700647036004,0.27,0.3,1,10,1,0.1733807271777381,0.8,0.9206244219343264,0.9206244219343264,1,0.9,-3.8015470905856095
0.3997901351646378,0.0315484050611096,18.427774850267323,0.3789433649035222,-0.0105218155583118,3,1,0.1,4.015271916281423,0.7419409651068255,1,0.9324164823721393,0.27,0.3,1,10,1,3.122029683341325,0.8,0.7419409651068255,0.7419409651068255,1,0.9,-4.347628667596428
0.5895685903640763,0.0275024559379527,49.37229195772347,1.1287736465031146,-0.0031022754516682,3,1,0.1,26.20091311655712,0.2738939966731106,1,0.5840468991134286,0.27,0.3,1,10,1,3.402881039214934,0.8,0.2738939966731106,0.2738939966731106,1,0.9,-0.935805928514288
0.428470333313645,0.0363174742793533,31.3259335923764,0.4220049397297924,-0.0134054093081408,3,1,0.1,52.22234119422996,0.6795650589273508,1,0.8846257074103899,0.27,0.3,1,10,1,4.158057545064333,0.8,0.6795650589273508,0.6795650589273508,1,0.9,-2.3361505131588896
0.3003952459936648,0.0165383982272303,7.988840354646124,0.2984798153731682,-0.0037013597513584,3,1,0.1,10.899147148735882,0.9415801213673624,1,0.5787387805873256,0.27,0.3,1,10,1,1.7688363115040366,0.8,0.9415801213673624,0.9415801213673624,1,0.9,-3.9310007977244528
0.318436399735632,0.0168559755192731,15.431268565570036,0.5682266372297495,-0.0026552422370378,3,1,0.1,2.96131846171487,0.5891422374024645,1,0.5690729922136957,0.27,0.3,1,10,1,1.3852726049831043,0.8,0.5891422374024645,0.5891422374024645,1,0.9,-3.6652364423293218
0.3493535851545406,0.0181975803595037,21.258178301051824,0.3161625786893768,-0.0058386838484976,3,1,0.1,8.455033092747632,0.8185897610459639,1,0.5848333078293063,0.27,0.3,1,10,1,3.490774610309161,0.8,0.8185897610459639,0.8185897610459639,1,0.9,-3.5249369791928835
0.3546779144050195,0.0283885537261367,11.771362785766897,0.5407296692247425,-0.0062692208894297,3,1,0.1,90.5526530598002,0.6208538166346862,1,0.7168085984204537,0.27,0.3,1,10,1,1.574323162000427,0.8,0.6208538166346862,0.6208538166346862,1,0.9,-2.1031590032206697
0.3205759086892109,0.0221682738838598,9.593155682688874,0.3950094151274353,-0.005020372905903,3,1,0.1,13.88856754839964,0.7738622068296861,1,0.6512240579214456,0.27,0.3,1,10,1,1.6311946358644898,0.8,0.7738622068296861,0.7738622068296861,1,0.9,-2.9650297138321404
0.6193523499827767,0.0238540971781275,90.07616053959936,1.056485785829805,-0.005830117292638,3,1,0.1,1.420896703869778,0.290829290418384,1,0.7573314733090827,0.27,0.3,1,10,1,4.4334706775380415,0.8,0.290829290418384,0.290829290418384,1,0.9,-1.8556789665549245
0.1823310479922275,0.0144571268967383,10.143590238867368,0.5825620140273847,0.0062768696976925,3,1,0.1,391.4812820971332,0.68890110801695,1,0.6424891244260409,0.27,0.3,1,10,1,0.7129130639371739,0.8,0.68890110801695,0.68890110801695,1,0.9,-2.305804742124934
0.327295867907198,0.0150315455354373,15.56671242090077,0.269412288597144,-0.0043259782746427,3,1,0.1,8.065028218061993,0.9364265249503472,1,0.5593018475783134,0.27,0.3,1,10,1,3.19391799666217,0.8,0.9364265249503472,0.9364265249503472,1,0.9,-4.281328782014571
0.0888620311746775,0.0095060226398232,7.2031952396956935,0.5236385467681404,0.0144515512280899,3,1,0.1,18.65893517156853,0.8684669338082112,1,0.9996385949368832,0.27,0.3,1,10,1,0.4109333182254953,0.8,0.8684669338082112,0.8684669338082112,1,0.9,-3.247588798562819
0.3142224348244549,0.0173547288022569,9.135369722065091,0.3127840906713481,-0.004248647658954,3,1,0.1,4.452033026826033,0.8912721933463758,1,0.6209556826478047,0.27,0.3,1,10,1,1.9128678429234216,0.8,0.8912721933463758,0.8912721933463758,1,0.9,-5.575193528296004
0.0023226568242599,0.0002277057814148,9.628509800748471,0.639463084968833,0.0224977934356741,3,1,0.1,39.95357526010411,0.7832816218736817,1,0.7733567877341437,0.27,0.3,1,10,1,0.059915912005205,0.8,0.7832816218736817,0.7832816218736817,1,0.9,-2.736100335778694
0.0170791993366319,0.0016298099517046,8.464929745027378,0.5623368875804099,0.0181622451288056,3,1,0.1,9.444631697412497,0.872723014219917,1,0.8560158921539518,0.27,0.3,1,10,1,0.1646816275540273,0.8,0.872723014219917,0.872723014219917,1,0.9,-3.708710465900839
0.4968481778504416,0.0323498118719134,26.843410074213125,0.8499481072641137,-0.0102891049596171,3,1,0.1,13.186610858019096,0.4018206542306993,1,0.6962310088143304,0.27,0.3,1,10,1,2.474033750258517,0.8,0.4018206542306993,0.4018206542306993,1,0.9,-1.4419244874195858
0.2383058175518527,0.0136613275754331,10.312828335103893,0.4808401246031593,0.000388184573179,3,1,0.1,4.377467709105582,0.7305876192052527,1,0.5709177426358399,0.27,0.3,1,10,1,0.9799789458748904,0.8,0.7305876192052527,0.7305876192052527,1,0.9,-3.988535952620677
0.3454443851702149,0.0220214552776113,17.36432966012998,0.2567407533299923,-0.0062631861820444,3,1,0.1,5.639476899600642,0.9843565999525936,1,0.8290921255357979,0.27,0.3,1,10,1,3.712007944643816,0.8,0.9843565999525936,0.9843565999525936,1,0.9,-5.535792347747792
0.310694057086893,0.0176248897325774,8.380320710070489,0.3011197505726271,-0.0041360751453155,3,1,0.1,4.146279180386992,0.926750112531726,1,0.6542058405055347,0.27,0.3,1,10,1,1.8598709405071336,0.8,0.926750112531726,0.926750112531726,1,0.9,-6.456370134891035
0.3088598599425098,0.0211511058741666,7.266330190990069,0.2999314454423251,-0.0045805618360015,3,1,0.1,7.544901037124338,0.9580307902760804,1,0.7315983074498644,0.27,0.3,1,10,1,1.7211279282411884,0.8,0.9580307902760804,0.9580307902760804,1,0.9,-4.537937118700989
0.3128526473333107,0.0167046418703649,18.535762211267816,0.7396524356637219,2.7722405687005155e-05,3,1,0.1,2.509597851722668,0.4967066749864818,1,0.5940396023913487,0.27,0.3,1,10,1,1.1931227490422327,0.8,0.4967066749864818,0.4967066749864818,1,0.9,-3.0764588512384288
0.4673875637615809,0.0286280278642439,33.3361552482484,0.6097247712455205,-0.0111015678010876,3,1,0.1,2.3309028118814568,0.5119523885056081,1,0.7875775908602456,0.27,0.3,1,10,1,3.1378410284817586,0.8,0.5119523885056081,0.5119523885056081,1,0.9,-3.5004302126303326
0.3121882644125331,0.0117885120472139,24.987834187464763,1.6469957834720697,0.0243230766744156,3,1,0.1,1.576430506582093,0.2563789438356318,1,0.6221618949017585,0.27,0.3,1,10,1,0.9093096847340078,0.8,0.2563789438356318,0.2563789438356318,1,0.9,-1.3772174373194923
0.1368786586927417,0.01184949731423,6.5024317763898685,0.4249007550609786,0.0066312416783063,3,1,0.1,4.413014800138192,0.973557850699448,1,0.9818600589896196,0.27,0.3,1,10,1,0.5608643224735071,0.8,0.973557850699448,0.973557850699448,1,0.9,-6.687783228187183
0.3598234531902782,0.0220813074287416,23.55082330686272,0.3083645667399102,-0.0070847176185605,3,1,0.1,8.375379637879306,0.8399096610407765,1,0.7042968637294826,0.27,0.3,1,10,1,3.9102764449749423,0.8,0.8399096610407765,0.8399096610407765,1,0.9,-3.654931088481892
0.3201619028403809,0.0173633990713962,9.816590327131616,0.2623309200899558,-0.004446661317667,3,1,0.1,4.7839237631407965,0.9969853710755908,1,0.6626341695745667,0.27,0.3,1,10,1,2.43015862053206,0.8,0.9969853710755908,0.9969853710755908,1,0.9,-6.468986459698214
0.3717935252887495,0.0268078048481792,14.861540443744586,0.3476715497483574,-0.0083282809640638,3,1,0.1,4.1505957081813465,0.7944212835771114,1,0.8242278230097921,0.27,0.3,1,10,1,2.78178226633842,0.8,0.7944212835771114,0.7944212835771114,1,0.9,-4.785080571258768
0.0820070884518501,0.0077907154139964,7.800045588149186,0.5245456497695763,0.013124184263577,3,1,0.1,10.33509061749214,0.8640004608785323,1,0.870331350887181,0.27,0.3,1,10,1,0.3949793371569984,0.8,0.8640004608785323,0.8640004608785323,1,0.9,-3.577924808372304
0.329422592420982,0.0263987236872276,8.241779604420401,0.3728959326932256,-0.0058478098500086,3,1,0.1,6.197868207019501,0.821477979344242,1,0.8362618604615197,0.27,0.3,1,10,1,1.6308585032043172,0.8,0.821477979344242,0.821477979344242,1,0.9,-3.964268215604308
0.5388487972576732,0.0299817666976638,48.17953043208973,0.8299161414353031,-0.0115738877491593,3,1,0.1,2.547899565240849,0.394514621642519,1,0.7581123896009385,0.27,0.3,1,10,1,3.489836093478791,0.8,0.394514621642519,0.394514621642519,1,0.9,-2.058918059151321
0.4543823019486756,0.0419310902111766,15.418806697860148,0.5933307601991878,-0.0138906260796216,3,1,0.1,33.40463337573592,0.5567564505715212,1,0.9651684407862956,0.27,0.3,1,10,1,2.292499435681722,0.8,0.5567564505715212,0.5567564505715212,1,0.9,-1.9309489901654315
0.0486131022960217,0.003972592476063,10.900752471032668,0.6642691175050042,0.0173504507917424,3,1,0.1,3.3212481195878407,0.721750656512532,1,0.7823817433656355,0.27,0.3,1,10,1,0.2884042440327806,0.8,0.721750656512532,0.721750656512532,1,0.9,-4.880623041762279
0.4966665782741073,0.0242202316130661,64.05435984782537,0.7663504469119897,-0.0098892320157199,3,1,0.1,4.613124867542838,0.4195813506549039,1,0.5664887946543364,0.27,0.3,1,10,1,3.823726340420032,0.8,0.4195813506549039,0.4195813506549039,1,0.9,-1.7753870730820456
0.3701499428370889,0.0318250367638621,14.23310257880846,0.292797239757918,-0.0093092989088586,3,1,0.1,12.441574312788862,0.91514614010922,1,0.9874497772949976,0.27,0.3,1,10,1,3.193402994277385,0.8,0.91514614010922,0.91514614010922,1,0.9,-3.682515346649069
0.3350164730943721,0.0156856573693154,18.87581418628157,0.2837310134020753,-0.0047495970546634,3,1,0.1,8.866213918602101,0.8902373913844238,1,0.5595352601618724,0.27,0.3,1,10,1,3.4724937004253285,0.8,0.8902373913844238,0.8902373913844238,1,0.9,-3.875407715875036
0.3566429886015341,0.0189925239126904,20.73787508891808,0.3414598428307783,-0.0062257538521026,3,1,0.1,4.99119461099286,0.7743207626036709,1,0.5998827408143775,0.27,0.3,1,10,1,3.242186414581543,0.8,0.7743207626036709,0.7743207626036709,1,0.9,-4.045481712607623
0.3064340632002955,0.0191382886226687,13.8350304582243,0.5824195241430358,-0.0022641343233222,3,1,0.1,19.751558381884045,0.5936293364490263,1,0.5552633578686409,0.27,0.3,1,10,1,1.2906885456578463,0.8,0.5936293364490263,0.5936293364490263,1,0.9,-2.127996349253202
0.4022155358246688,0.0234153098907266,31.7991118738126,0.4591221579985044,-0.0087708899241314,3,1,0.1,7.2579681518367165,0.6215115952905564,1,0.6005351176103702,0.27,0.3,1,10,1,3.4732857629793967,0.8,0.6215115952905564,0.6215115952905564,1,0.9,-2.5890074413069035
0.3252998010919978,0.0131032241873143,20.08952090445052,0.2550699626655461,-0.0038097761542973,3,1,0.1,8.557677576956506,0.9617847014079528,1,0.5434430983112732,0.27,0.3,1,10,1,3.8489905059800016,0.8,0.9617847014079528,0.9617847014079528,1,0.9,-4.345516786151492
0.4059919101758476,0.0362993567501973,12.370901606379922,0.6914548147696848,-0.0075819193396135,3,1,0.1,52.577658332884205,0.517608579177928,1,0.8790954709709582,0.27,0.3,1,10,1,1.5976481571972336,0.8,0.517608579177928,0.517608579177928,1,0.9,-1.7659267643187864
0.3806932194080508,0.0258779999347627,32.491477094616144,0.3165485866685044,-0.0086241132796101,3,1,0.1,3.712268237684867,0.8191473023360943,1,0.9115727812402672,0.27,0.3,1,10,1,4.726294385308215,0.8,0.8191473023360943,0.8191473023360943,1,0.9,-5.62839522704376
0.3638905828843279,0.0149683870317464,39.29060944856702,0.3635727426079093,-0.0054206777766359,3,1,0.1,4.0695753996938535,0.7076980742059896,1,0.5112925242681688,0.27,0.3,1,10,1,4.294672464512014,0.8,0.7076980742059896,0.7076980742059896,1,0.9,-3.969806088592256
0.1729167898905422,0.0139253670240017,13.448142035692085,1.142519820195373,0.0276868785751696,3,1,0.1,2.4022338460971984,0.4179092290629537,1,0.951758737808086,0.27,0.3,1,10,1,0.5831051709941705,0.8,0.4179092290629537,0.4179092290629537,1,0.9,-2.3448649567366315
0.0218406360907662,0.0014853109121615,9.627335979071216,0.5306172961386134,0.0118654487600303,3,1,0.1,5.210642998775519,0.9004062882741134,1,0.6492643787374965,0.27,0.3,1,10,1,0.1898199782919475,0.8,0.9004062882741134,0.9004062882741134,1,0.9,-5.029105997970782
0.3332809026142316,0.0201765184469754,12.142341916923003,0.2697612818339912,-0.0055348179133657,3,1,0.1,9.06584811952695,0.9639384979814272,1,0.6890834930561078,0.27,0.3,1,10,1,2.8245351811738573,0.8,0.9639384979814272,0.9639384979814272,1,0.9,-4.273315773569025
0.3715065014266754,0.0243133512140685,33.964935292574026,0.2976757140277101,-0.0078955751745703,3,1,0.1,4.038789528348892,0.8561797309510583,1,0.9053582607426304,0.27,0.3,1,10,1,4.999414959934708,0.8,0.8561797309510583,0.8561797309510583,1,0.9,-5.647341738486291
0.4243398951430158,0.0349256171511918,16.75493241557344,0.4649582455732,-0.0118072466319297,3,1,0.1,3.86052095350402,0.6504434033086433,1,0.9712138654340045,0.27,0.3,1,10,1,2.616583558060091,0.8,0.6504434033086433,0.6504434033086433,1,0.9,-3.572689794728732
0.4398012718838383,0.0308753672749641,21.34197436829164,0.5564778615343415,-0.0108848882766257,3,1,0.1,2.9355552276242154,0.5628408424525835,1,0.8397639609277516,0.27,0.3,1,10,1,2.57778958422408,0.8,0.5628408424525835,0.5628408424525835,1,0.9,-3.394956110887403
0.1211048856255127,0.0116010818616155,10.874946076045417,0.8008879731495896,0.0206334014363199,3,1,0.1,5.412293759271736,0.5809761342049057,1,0.8712039852401587,0.27,0.3,1,10,1,0.4874999536027219,0.8,0.5809761342049057,0.5809761342049057,1,0.9,-2.583731319724051
0.3368029589195966,0.0176648362641741,22.41230637425096,0.2487676512905514,-0.0050877570650962,3,1,0.1,6.112738132257876,0.9905037964560464,1,0.7288996060264674,0.27,0.3,1,10,1,4.298273900729178,0.8,0.9905037964560464,0.9905037964560464,1,0.9,-5.308948759899998
0.3426272538350252,0.017220295221231,24.007122306540868,0.271827626474215,-0.0052449391393073,3,1,0.1,4.300689572963118,0.9150669150681648,1,0.6855403395840175,0.27,0.3,1,10,1,4.186825619584832,0.8,0.9150669150681648,0.9150669150681648,1,0.9,-6.057658698923695
0.1152120179089741,0.0076109295344318,14.109288878901198,0.7063386127206631,0.011441019258272,3,1,0.1,4.829620730639789,0.6208846175155822,1,0.5792458944338471,0.27,0.3,1,10,1,0.500344833851257,0.8,0.6208846175155822,0.6208846175155822,1,0.9,-2.956457479861288
0.5339643729574369,0.0418872787076774,32.986011898323014,0.7342389030017575,-0.0167538218546587,3,1,0.1,8.863507497673309,0.4481036573333582,1,0.9187358322582736,0.27,0.3,1,10,1,3.418641179280141,0.8,0.4481036573333582,0.4481036573333582,1,0.9,-1.6934444110910292
0.4015850801094345,0.0329767425809189,36.1267874370353,0.3473221151261598,-0.0114365705313327,3,1,0.1,37.90656300899213,0.7765978807692843,1,0.9361140285863772,0.27,0.3,1,10,1,4.95936672814167,0.8,0.7765978807692843,0.7765978807692843,1,0.9,-2.718618760033721
0.3564344209535246,0.0271456276941256,12.536990448523452,0.2861343721962873,-0.0076869558979541,3,1,0.1,5.697867341197266,0.9299713842711308,1,0.907316110412424,0.27,0.3,1,10,1,2.898794232263528,0.8,0.9299713842711308,0.9299713842711308,1,0.9,-5.006568916935849
0.1575880050690957,0.0091075491520407,8.49061700614041,0.4402201687556101,0.0034395175849864,3,1,0.1,8.001250872341238,0.8749415922922759,1,0.5576824681675514,0.27,0.3,1,10,1,0.6611324411761517,0.8,0.8749415922922759,0.8749415922922759,1,0.9,-3.91552321396052
0.0256120707039728,0.0021631038744967,9.137822604881991,0.5737185194113845,0.0161430306756291,3,1,0.1,3.728868449844658,0.8485695672906218,1,0.84946081549588,0.27,0.3,1,10,1,0.2032093604821437,0.8,0.8485695672906218,0.8485695672906218,1,0.9,-6.030940424283729
0.3305757818134717,0.0143691399996047,15.121834429783858,0.3145682570797697,-0.004304244386322,3,1,0.1,4.880753715869657,0.8301737133417332,1,0.5100397475451549,0.27,0.3,1,10,1,2.697451128223298,0.8,0.8301737133417332,0.8301737133417332,1,0.9,-4.588215058865596
0.2011278653948764,0.0177119541282251,9.521581242298296,0.6277603941475619,0.0078308530362484,3,1,0.1,3.683582793396037,0.6587767663010579,1,0.9073465092254872,0.27,0.3,1,10,1,0.7257960243675071,0.8,0.6587767663010579,0.6587767663010579,1,0.9,-3.768506840212616
0.1287450714177015,0.008067573099184,7.648539883303092,0.4188894428736527,0.004573975135543,3,1,0.1,102.4646625585278,0.9556842965653012,1,0.5719338953308408,0.27,0.3,1,10,1,0.5633703530306383,0.8,0.9556842965653012,0.9556842965653012,1,0.9,-3.2564849357516685
0.2833090015700223,0.0126222068021445,7.460227043381064,0.2909023190743633,-0.0025202213565301,3,1,0.1,4.6849037743569175,0.9704630316794224,1,0.5298308406147356,0.27,0.3,1,10,1,1.594210369346965,0.8,0.9704630316794224,0.9704630316794224,1,0.9,-6.261164552843876
0.418271867872011,0.0272958397061537,33.289499448505566,0.4484634205391014,-0.0102961932737873,3,1,0.1,3.7051076138516303,0.6350387797795728,1,0.7479774362369433,0.27,0.3,1,10,1,3.798649609917997,0.8,0.6350387797795728,0.6350387797795728,1,0.9,-3.527539568907419
0.2488793363115772,0.0168098797124269,7.443523137310125,0.3919596766773453,-0.0008810526619059,3,1,0.1,6.0372483421996215,0.8596757173767142,1,0.6767531530557152,0.27,0.3,1,10,1,1.0564646055540623,0.8,0.8596757173767142,0.8596757173767142,1,0.9,-4.29144150840931
0.3625262928325479,0.0216632071589431,15.300585407494642,0.4018401473199566,-0.0067093599633459,3,1,0.1,3.327756819419693,0.7114699995855099,1,0.6643615053714812,0.27,0.3,1,10,1,2.345492499238412,0.8,0.7114699995855099,0.7114699995855099,1,0.9,-4.73237735248722
0.3781176289235315,0.0175712598732016,44.080488081326926,0.3964211149770348,-0.006590223553576,3,1,0.1,11.289906422007578,0.6688334553157582,1,0.5115522386083462,0.27,0.3,1,10,1,4.400623165754539,0.8,0.6688334553157582,0.6688334553157582,1,0.9,-2.5870552463920173
0.4882804116333434,0.0290502416147824,36.12585243590222,0.7747353460628349,-0.0107899265135908,3,1,0.1,10.172870793945474,0.4279571787011853,1,0.6297273618293558,0.27,0.3,1,10,1,2.928248154142702,0.8,0.4279571787011853,0.4279571787011853,1,0.9,-1.581792313094807
0.2201421263991758,0.017361782979983,7.853440424241164,0.4680966571060054,0.0022686327986127,3,1,0.1,3.714851011903887,0.7994874043843677,1,0.8375459854027457,0.27,0.3,1,10,1,0.8458366770862702,0.8,0.7994874043843677,0.7994874043843677,1,0.9,-5.353102027204789
0.5563153649895967,0.0209564293438117,51.15307718459662,1.119859778276313,-0.0023574837502256,3,1,0.1,3.114611837923875,0.2845850945042381,1,0.5441142016354892,0.27,0.3,1,10,1,2.875276956575373,0.8,0.2845850945042381,0.2845850945042381,1,0.9,-1.2056630431084692
0.013212833287243,0.0013024467974102,9.393856564394255,0.6462497784618187,0.0224755049390551,3,1,0.1,6.0139343569054375,0.7750462128527237,1,0.8884312602151212,0.27,0.3,1,10,1,0.1430921271640541,0.8,0.7750462128527237,0.7750462128527237,1,0.9,-3.694435533964042
0.0044328269342968,0.0004158954826556,12.861241937647874,1.0006822525489003,0.0383193314098438,3,1,0.1,2.528563001990884,0.5340879324627756,1,0.9596840813231,0.27,0.3,1,10,1,0.079702860293425,0.8,0.5340879324627756,0.5340879324627756,1,0.9,-3.510395611886959
0.4373718856572419,0.0182182471329782,81.77548082687461,0.5596393958870034,-0.0077044105854519,3,1,0.1,2.512122295169745,0.5150877949534792,1,0.5347842296771647,0.27,0.3,1,10,1,4.757504383472309,0.8,0.5150877949534792,0.5150877949534792,1,0.9,-3.2918979067030696
0.4801107685117831,0.0265231223870848,58.15062513583441,0.6364956067135676,-0.0111061123440036,3,1,0.1,2.7542911553053298,0.4852644238470193,1,0.685541115038192,0.27,0.3,1,10,1,4.133666927902018,0.8,0.4852644238470193,0.4852644238470193,1,0.9,-2.746718723278539
0.4328912016233421,0.0226595604856592,49.27585434293799,0.5548470205416624,-0.009175718324352,3,1,0.1,6.766079167565403,0.5349777213948038,1,0.5544375735937929,0.27,0.3,1,10,1,3.868890821849278,0.8,0.5349777213948038,0.5349777213948038,1,0.9,-2.1866825229117763
0.276114450209536,0.0204809728103921,6.050756279580661,0.3234475961923951,-0.0026608806776949,3,1,0.1,4.274978036089069,0.9761801749141082,1,0.8611646522203905,0.27,0.3,1,10,1,1.2422986610243016,0.8,0.9761801749141082,0.9761801749141082,1,0.9,-6.964914286724305
0.6083809206839143,0.0363851990419328,46.97011120179817,0.9635163036738286,-0.0120928312126383,3,1,0.1,2.528390432152446,0.3336422732525687,1,0.9512374857805396,0.27,0.3,1,10,1,3.788038701083839,0.8,0.3336422732525687,0.3336422732525687,1,0.9,-1.6069144657484298
0.3595246952239604,0.0243680351879865,14.437082631664238,0.3261939676274033,-0.0073864447187397,3,1,0.1,4.675426596261669,0.8303106278438653,1,0.7663736960538465,0.27,0.3,1,10,1,2.811091275819446,0.8,0.8303106278438653,0.8303106278438653,1,0.9,-4.726085442576943
0.0173319160741606,0.0015722901033957,10.57690994094344,0.66571997097938,0.0209371861514349,3,1,0.1,15.866632558919113,0.739266062485562,1,0.7173361858998514,0.27,0.3,1,10,1,0.1672528691407318,0.8,0.739266062485562,0.739266062485562,1,0.9,-2.764797462290744
0.0016321826266487,0.0001783570385839,10.254006605336391,0.7868977264017514,0.0325752665375023,3,1,0.1,10.9933074954795,0.6571255332688489,1,0.8943920685226278,0.27,0.3,1,10,1,0.049342010595594,0.8,0.6571255332688489,0.6571255332688489,1,0.9,-2.545444648741987
0.3438415850504572,0.0151296346823499,32.3917309544677,0.2905397823761095,-0.0048965766484769,3,1,0.1,7.740197900603538,0.8530041101498036,1,0.5755926965415161,0.27,0.3,1,10,1,4.657289345976374,0.8,0.8530041101498036,0.8530041101498036,1,0.9,-3.827586753108932
0.3810695060766633,0.0270848804165704,35.701224649489944,0.3195942618374164,-0.0090921761940679,3,1,0.1,9.628642767678295,0.8161816891640165,1,0.8625264713054538,0.27,0.3,1,10,1,4.999433943597241,0.8,0.8161816891640165,0.8161816891640165,1,0.9,-3.391377214623992
0.4036852299092444,0.0339434829753116,26.258441285973618,0.3569578081543866,-0.0116188019569494,3,1,0.1,11.366301020290212,0.7685576440086417,1,0.948195081534676,0.27,0.3,1,10,1,4.099466489899813,0.8,0.7685576440086417,0.7685576440086417,1,0.9,-3.041769445061496
0.4273231417306995,0.0317272153784548,25.13166457992781,0.4404003368869878,-0.0115386876672968,3,1,0.1,2.954850518412317,0.6551355063361685,1,0.9247224740288686,0.27,0.3,1,10,1,3.40065144966909,0.8,0.6551355063361685,0.6551355063361685,1,0.9,-4.524438200046715
0.3378364453871575,0.0227152278371153,10.004460631926529,0.3439202182588151,-0.0059683600876595,3,1,0.1,4.146694257293364,0.8306955320565583,1,0.7428453898938225,0.27,0.3,1,10,1,2.0067528124692857,0.8,0.8306955320565583,0.8306955320565583,1,0.9,-5.199289211865136
0.1171058055437698,0.003643162312891,32.110234865646774,2.218591086750415,0.0423509877189542,3,1,0.1,1.124564543021636,0.2338827732203067,1,0.6034667060738002,0.27,0.3,1,10,1,0.4326335154744793,0.8,0.2338827732203067,0.2338827732203067,1,0.9,-1.5146220600128313
0.3107712789493346,0.0143291114035407,9.537961916147005,0.2608351513477386,-0.0036040098199117,3,1,0.1,4.572097494721775,0.9987278438360508,1,0.5788375177090626,0.27,0.3,1,10,1,2.32207976364049,0.8,0.9987278438360508,0.9987278438360508,1,0.9,-6.7898095486677565
0.4531583046460445,0.0357941028677556,24.711665779358768,0.5036578985427226,-0.0133563300692636,3,1,0.1,3.628521672973519,0.6007754432222449,1,0.9570462237625306,0.27,0.3,1,10,1,3.2139362731113,0.8,0.6007754432222449,0.6007754432222449,1,0.9,-3.263296461756425
0.5756292493817847,0.0332451502091838,45.98215740806831,0.920377787964774,-0.0117392389342487,3,1,0.1,2.7204123687845856,0.3549002782820625,1,0.8305238770379872,0.27,0.3,1,10,1,3.537592683715707,0.8,0.3549002782820625,0.3549002782820625,1,0.9,-1.700697788134052
0.3336905209267637,0.0141734061295518,31.02875796836561,0.2596612690426632,-0.0043067410970506,3,1,0.1,11.871328330377564,0.936899645774568,1,0.599315050168507,0.27,0.3,1,10,1,4.916575472812198,0.8,0.936899645774568,0.936899645774568,1,0.9,-3.827905747821659
0.2529253656826878,0.0167430062592914,15.825009255101245,1.1840560039087673,0.0190300349897134,3,1,0.1,2.081944120279203,0.375608771786785,1,0.8409818583054804,0.27,0.3,1,10,1,0.7849436505762507,0.8,0.375608771786785,0.375608771786785,1,0.9,-2.162259452273716
0.4963260535870126,0.0339870615926196,21.49513138053881,0.8314380192203473,-0.0098955877772508,3,1,0.1,3.4493288166588223,0.4156034490706334,1,0.8650090401510218,0.27,0.3,1,10,1,2.2014215972430624,0.8,0.4156034490706334,0.4156034490706334,1,0.9,-1.9271390778718047
0.269402477791911,0.0174783693941547,6.250000179626885,0.3160825974059278,-0.0023294722737038,3,1,0.1,4.464212275420507,0.9822243077089696,1,0.7353013671089619,0.27,0.3,1,10,1,1.2549785486992842,0.8,0.9822243077089696,0.9822243077089696,1,0.9,-6.728269069777896
0.9556747806961976,0.0001080099824819,343.7193840996052,1.0222845663501858,0.1000074895737805,3,1,0.1,0.3616941348343164,0.0406788717035484,1,0.8989884872552347,0.27,0.3,1,10,1,4.539050226118187,0.8,0.0406788717035484,0.0406788717035484,1,0.9,-0.1838404626121867
0.3366417895295155,0.0177999911369763,14.922331817352,0.2861955198579149,-0.0052036893078402,3,1,0.1,5.040013647054709,0.9008608409714064,1,0.6321392023616945,0.27,0.3,1,10,1,3.022438725531769,0.8,0.9008608409714064,0.9008608409714064,1,0.9,-5.151285656523701
0.259411844379021,0.0222519047718674,7.272369574032453,0.441971106636353,-0.0002708905250688,3,1,0.1,4.237903550107395,0.8079092375910789,1,0.9352402624984332,0.27,0.3,1,10,1,1.0042673227407992,0.8,0.8079092375910789,0.8079092375910789,1,0.9,-4.850770183791262
0.4033532994066613,0.0240719171593502,44.2499810523719,0.3990877930121217,-0.0090274729601896,3,1,0.1,3.054632644615622,0.6777495505698655,1,0.7497312475846561,0.27,0.3,1,10,1,4.696986726344288,0.8,0.6777495505698655,0.6777495505698655,1,0.9,-4.684251911829392
0.3214709433746018,0.0171275186525223,17.461251934821593,0.6427627197501552,-0.0020945024884654,3,1,0.1,4.160554226937381,0.5396505623338771,1,0.5392447359803585,0.27,0.3,1,10,1,1.3453386784697738,0.8,0.5396505623338771,0.5396505623338771,1,0.9,-2.579523641191331
0.0563941945362837,0.0034985040399998,15.5812226152866,0.7498454799892714,0.0148070343268612,3,1,0.1,2.855238670113108,0.6269278147175685,1,0.5847890989451383,0.27,0.3,1,10,1,0.3194543323115701,0.8,0.6269278147175685,0.6269278147175685,1,0.9,-4.285213562460522
0.6493820649958865,0.0033368223502685,73.82792586851093,2.1494979005491635,0.0380478699448181,3,1,0.1,0.5546128140648865,0.1153687978130476,1,0.6078831638344516,0.27,0.3,1,10,1,1.7122535801405232,0.8,0.1153687978130476,0.1153687978130476,1,0.9,-0.7472642472837503
0.3347440867011479,0.015979452153125,17.3250974538771,0.2857843841325899,-0.0047918210160991,3,1,0.1,6.697076418678067,0.8896768835078006,1,0.5711399320368638,0.27,0.3,1,10,1,3.2792791452325885,0.8,0.8896768835078006,0.8896768835078006,1,0.9,-4.297787653962968
0.3035556907100928,0.01684564032253,14.558592330661806,0.580412581635736,-0.0017502717650613,3,1,0.1,3.020967739165676,0.5929945710243988,1,0.5870118659193364,0.27,0.3,1,10,1,1.261798551337168,0.8,0.5929945710243988,0.5929945710243988,1,0.9,-3.6470661765087593
0.4133433389857828,0.0297489019317427,39.61397562493491,0.3890715685097985,-0.0109265612312357,3,1,0.1,4.090620889311069,0.703447648654253,1,0.8863961934169947,0.27,0.3,1,10,1,4.728213637282094,0.8,0.703447648654253,0.703447648654253,1,0.9,-3.916227172024638
0.3602761345598186,0.0301900887821426,11.507912229323052,0.2827976665599649,-0.0083666683648376,3,1,0.1,7.548130780018321,0.9496641896965036,1,0.9950193587110284,0.27,0.3,1,10,1,2.820223106187484,0.8,0.9496641896965036,0.9496641896965036,1,0.9,-4.48103060446223
0.4545857474327492,0.0285715717819565,47.1922773032745,0.5275562655994553,-0.0115670672958562,3,1,0.1,2.8604806977433044,0.5604189547543378,1,0.7729613190565265,0.27,0.3,1,10,1,4.220677698424492,0.8,0.5604189547543378,0.5604189547543378,1,0.9,-3.441159954084159
0.3862695130410915,0.0309169553189171,14.744163946065951,0.3937160136280939,-0.0098425996243806,3,1,0.1,9.027368564214852,0.7352129850585565,1,0.8198463368878931,0.27,0.3,1,10,1,2.6128188184411267,0.8,0.7352129850585565,0.7352129850585565,1,0.9,-3.0256907092282104
0.1638277261930417,0.0149258074227177,6.474133449193664,0.4295968436803942,0.0054664111248574,3,1,0.1,8.416705819489033,0.9307386860976236,1,0.9192165127675872,0.27,0.3,1,10,1,0.648796766806713,0.8,0.9307386860976236,0.9307386860976236,1,0.9,-4.181358964949632
0.253841726813558,0.0174645576002761,8.27013744524218,0.4234420813588817,-0.001002809919485,3,1,0.1,48.79591054129695,0.8015565595784773,1,0.6121367090070339,0.27,0.3,1,10,1,1.0804793127464234,0.8,0.8015565595784773,0.8015565595784773,1,0.9,-2.7783464501525463
0.3587600526871131,0.0204524513186831,18.228430615317247,0.3449388627464313,-0.0065739452328107,3,1,0.1,4.0521857439841655,0.77724129549002,1,0.6486111001695474,0.27,0.3,1,10,1,3.0049632791597864,0.8,0.77724129549002,0.77724129549002,1,0.9,-4.689678267252601
0.4766988327187295,0.0369547242358266,25.03844865560017,0.5759170639570089,-0.0139852802848938,3,1,0.1,3.3052359751189506,0.54582020382738,1,0.9759727447463128,0.27,0.3,1,10,1,3.029704116244748,0.8,0.54582020382738,0.54582020382738,1,0.9,-2.959925331930384
0.4632432066886611,0.0304048881353512,55.56426522859766,0.5118005484618828,-0.0124290626893963,3,1,0.1,2.511440201776047,0.571274499285697,1,0.8713040089844337,0.27,0.3,1,10,1,4.80322788113837,0.8,0.571274499285697,0.571274499285697,1,0.9,-4.058160617748096
0.3461321211325572,0.0175524744872721,27.149363880654786,0.2760108043221577,-0.005443136093069,3,1,0.1,4.150346045001117,0.9004913427179742,1,0.7020756247789626,0.27,0.3,1,10,1,4.452771084258969,0.8,0.9004913427179742,0.9004913427179742,1,0.9,-6.079366665451385
0.0125718388654707,0.001387822683433,11.307210971727176,1.1681375216171637,0.0546495201949161,3,1,0.1,7.682447657957376,0.4641109048496088,1,0.9820030943758148,0.27,0.3,1,10,1,0.1340698001188532,0.8,0.4641109048496088,0.4641109048496088,1,0.9,-1.800891851839577
0.5180375049143434,0.0247762522466657,29.04836613457407,1.17174670707391,0.0007405102916968,3,1,0.1,55.34077573194831,0.2854154283752754,1,0.5593268738531163,0.27,0.3,1,10,1,2.147140186954635,0.8,0.2854154283752754,0.2854154283752754,1,0.9,-0.9629731529890382
0.3500379939918487,0.0140908200052463,28.215734398310943,0.3336214914132253,-0.004792744269802,3,1,0.1,3.4642531365122866,0.7627554966935106,1,0.5168883939627289,0.27,0.3,1,10,1,3.783077032996407,0.8,0.7627554966935106,0.7627554966935106,1,0.9,-5.228838073893812
0.3648425190414444,0.0278417155037802,20.46330084369624,0.2814186290694158,-0.0083934762343992,3,1,0.1,12.69472604312389,0.9207927617279172,1,0.9098268434360668,0.27,0.3,1,10,1,3.984470860331777,0.8,0.9207927617279172,0.9207927617279172,1,0.9,-3.694601282351933
0.3929531466039009,0.0194448396298868,54.16346091965184,0.4054129792482835,-0.0074562034244421,3,1,0.1,3.456665177899465,0.6571860480557566,1,0.6127289026791298,0.27,0.3,1,10,1,4.948861062178215,0.8,0.6571860480557566,0.6571860480557566,1,0.9,-3.937249434294993
0.2809026166486192,0.0229606078051971,7.56047719554316,0.4150213604466958,-0.002535470785247,3,1,0.1,18.48593904629345,0.8087347922733131,1,0.7574959488180322,0.27,0.3,1,10,1,1.191172992222365,0.8,0.8087347922733131,0.8087347922733131,1,0.9,-3.002253161884431
0.671596206713756,0.0016962455279344,78.15150914212055,3.0439634964004862,0.0526498370807346,3,1,0.1,0.4199464664896682,0.0893692188085565,1,0.9419679128779396,0.27,0.3,1,10,1,1.5228795926051208,0.8,0.0893692188085565,0.0893692188085565,1,0.9,-0.5917225007863998
0.4072092752103531,0.0225733112840892,50.198191758482295,0.4277118996054435,-0.0087365913881716,3,1,0.1,3.3961335212056007,0.639947352642977,1,0.6691646878238935,0.27,0.3,1,10,1,4.717912700253024,0.8,0.639947352642977,0.639947352642977,1,0.9,-3.807031988694313
0.3663942617005551,0.0241631370511864,26.90023641526688,0.2916471361510532,-0.0076403838658428,3,1,0.1,4.239920969488306,0.8761358374211652,1,0.8786391588896738,0.27,0.3,1,10,1,4.445993474005081,0.8,0.8761358374211652,0.8761358374211652,1,0.9,-5.639673157467167
0.617265045223031,0.0253160481370987,92.392291576923,1.020325007968603,-0.007436013425052,3,1,0.1,1.4364472060011155,0.3041958149708708,1,0.7952399119497224,0.27,0.3,1,10,1,4.614729032159096,0.8,0.3041958149708708,0.3041958149708708,1,0.9,-2.004436049329056
0.2476995964185124,0.0197800809821146,10.61762220449053,0.632740352556795,0.0037710943464899,3,1,0.1,3.583730909833367,0.6184809562198225,1,0.8147437665058863,0.27,0.3,1,10,1,0.8923337447695966,0.8,0.6184809562198225,0.6184809562198225,1,0.9,-3.451462726545926
0.3412815695855952,0.0280689427838334,7.892461997070103,0.3046761574455255,-0.0068135071343399,3,1,0.1,4.669953938147431,0.9352289753580518,1,0.9888791219793498,0.27,0.3,1,10,1,1.9746700778802,0.8,0.9352289753580518,0.9352289753580518,1,0.9,-5.851969286055828
0.4622273074012391,0.0318960670282741,56.18580538961793,0.5288061989051772,-0.0131273609014194,3,1,0.1,5.924255403201577,0.5625181102003399,1,0.7747566273559527,0.27,0.3,1,10,1,4.830760875012263,0.8,0.5625181102003399,0.5625181102003399,1,0.9,-2.408722346918469
0.3307816276854427,0.0243935141794697,10.953225878416738,0.5135977021366743,-0.0043361301634386,3,1,0.1,4.271673179945215,0.6537918131115994,1,0.7552584920339406,0.27,0.3,1,10,1,1.411743459879743,0.8,0.6537918131115994,0.6537918131115994,1,0.9,-3.389928751206118
0.3410714379727358,0.0204353025674326,12.996038515135533,0.2890955309262998,-0.0058304019047738,3,1,0.1,4.179876402101045,0.9078514007972605,1,0.7200523806705725,0.27,0.3,1,10,1,2.7960184177055347,0.8,0.9078514007972605,0.9078514007972605,1,0.9,-6.135666113961824
0.4452666516681867,0.0329089331914391,20.394247651622106,0.6192573225623741,-0.0112747683411804,3,1,0.1,6.438604413541302,0.526791644690775,1,0.7782943220615023,0.27,0.3,1,10,1,2.3995556322986493,0.8,0.526791644690775,0.526791644690775,1,0.9,-2.17029948518989
0.5708282091859753,0.0243875968625497,33.68734710725067,1.1905785456806717,0.0009963138372442,3,1,0.1,2.1084064805665936,0.2702963978591293,1,0.7049270696296859,0.27,0.3,1,10,1,2.453850030995656,0.8,0.2702963978591293,0.2702963978591293,1,0.9,-1.2855314253292054
0.311305862926956,0.0142655767723902,9.741608450287387,0.2712104087454099,-0.003631779089211,3,1,0.1,4.623927701586275,0.9679585041568796,1,0.5627902750342901,0.27,0.3,1,10,1,2.2685579044602275,0.8,0.9679585041568796,0.9679585041568796,1,0.9,-6.307389704510356
0.3566921476250914,0.0316161555098179,9.40927060242234,0.336894163110417,-0.0085060155462421,3,1,0.1,59.982671872122985,0.8580425228875046,1,0.8834627135503754,0.27,0.3,1,10,1,2.163146133917267,0.8,0.8580425228875046,0.8580425228875046,1,0.9,-2.9589039195107096
0.1032398786508154,0.0095664479232529,6.976125688453183,0.4616675526586255,0.0096474468586095,3,1,0.1,38.44645278319336,0.9385916059629172,1,0.8363083514631515,0.27,0.3,1,10,1,0.4638356986662042,0.8,0.9385916059629172,0.9385916059629172,1,0.9,-3.31762228513402
0.2985625787870007,0.0241222702037756,6.747885477447858,0.3574641185146212,-0.003755398933135,3,1,0.1,4.078866221079986,0.889850480066559,1,0.9321087370200696,0.27,0.3,1,10,1,1.3276666864291564,0.8,0.889850480066559,0.889850480066559,1,0.9,-6.041603460309696
0.6811354618834198,0.0309042121436632,58.10977865652147,1.209791789957552,0.0047577192471803,3,1,0.1,2.0827141148400043,0.2323343016389372,1,0.9093750141851932,0.27,0.3,1,10,1,4.334939184614116,0.8,0.2323343016389372,0.2323343016389372,1,0.9,-1.0469637275367631
0.0105672908292483,0.0008153213698712,15.702171046258192,1.567434424140724,0.0591618966457474,3,1,0.1,1.969248835892518,0.3597979758647503,1,0.920933797731834,0.27,0.3,1,10,1,0.1197361599852905,0.8,0.3597979758647503,0.3597979758647503,1,0.9,-2.090581747908928
0.495458171779336,0.0349215226185041,46.04120253109707,0.6021210853994388,-0.0144714915945972,3,1,0.1,3.3898310699244507,0.5150092406410798,1,0.8781681187056203,0.27,0.3,1,10,1,4.154228886174961,0.8,0.5150092406410798,0.5150092406410798,1,0.9,-2.6594764776532074
0.3519878957362996,0.0275759610685531,9.579591171121436,0.3038885256529947,-0.0073439822202319,3,1,0.1,4.056705214932188,0.9113980994371724,1,0.958166398534033,0.27,0.3,1,10,1,2.296087122103104,0.8,0.9113980994371724,0.9113980994371724,1,0.9,-6.385256270583609
0.3549170886981335,0.0265585802562272,11.35721436087782,0.309809761253015,-0.0074984599672594,3,1,0.1,5.065548761707423,0.8829352135905283,1,0.8582768460022727,0.27,0.3,1,10,1,2.5374929499780263,0.8,0.8829352135905283,0.8829352135905283,1,0.9,-4.960627635064195
0.3550213128573745,0.022325150881902,30.03692238836741,0.2640479945788075,-0.0067530923738563,3,1,0.1,5.483590198628492,0.9442444956811084,1,0.8939205040366396,0.27,0.3,1,10,1,4.999385064936884,0.8,0.9442444956811084,0.9442444956811084,1,0.9,-5.261476224529586
0.0016024025547069,0.0001044388606353,22.48811312821261,1.3069643395256076,0.0379433935018852,3,1,0.1,3.365766532991835,0.3987463447533975,1,0.5690030458020232,0.27,0.3,1,10,1,0.0495884603637192,0.8,0.3987463447533975,0.3987463447533975,1,0.9,-1.8369467439239155
0.6205005291774914,0.0316978420579547,27.953872698591155,1.2312444831520846,0.0041487861800916,3,1,0.1,2.600282997972572,0.2515982585365485,1,0.8884272535982447,0.27,0.3,1,10,1,2.7109143693964177,0.8,0.2515982585365485,0.2515982585365485,1,0.9,-1.0832175084716802
0.3668944392843134,0.0282290261594925,12.30930676745068,0.3656852658133928,-0.0083664216850577,3,1,0.1,6.8364579073000575,0.7829959576232358,1,0.8042954423940343,0.27,0.3,1,10,1,2.376767912898802,0.8,0.7829959576232358,0.7829959576232358,1,0.9,-3.5618683205802784
0.5825432036570167,0.0320881148397091,70.2635792305928,0.8326485809018471,-0.0131752451992107,3,1,0.1,1.694618079928209,0.3847666224523093,1,0.950388230719123,0.27,0.3,1,10,1,4.497014060747957,0.8,0.3847666224523093,0.3847666224523093,1,0.9,-2.7276125501476285
0.4279507737173711,0.0255388269085967,54.65821507509291,0.4549382138234124,-0.0101171773047416,3,1,0.1,2.755223185695906,0.6153126995699667,1,0.7574385407656474,0.27,0.3,1,10,1,4.882281281457816,0.8,0.6153126995699667,0.6153126995699667,1,0.9,-4.2827639235361605
0.362998541885057,0.0224343320713147,26.333923496065488,0.3065285549996784,-0.00725785829771,3,1,0.1,6.432420608224615,0.8405504593596891,1,0.7417231621227403,0.27,0.3,1,10,1,4.199489618607373,0.8,0.8405504593596891,0.8405504593596891,1,0.9,-4.030872580253207
0.3940646890314401,0.0294954934879046,29.14759045517389,0.3555729864396326,-0.0101997934524951,3,1,0.1,8.591696471296547,0.7607986618136239,1,0.8409760947835418,0.27,0.3,1,10,1,4.226477287441279,0.8,0.7607986618136239,0.7607986618136239,1,0.9,-3.196435887261148
0.0548559319137883,0.0040001952077582,8.29618458783045,0.4757058114062449,0.0098129639753278,3,1,0.1,81.81165049557048,0.9522885249834068,1,0.6348904040769823,0.27,0.3,1,10,1,0.3181328333477667,0.8,0.9522885249834068,0.9522885249834068,1,0.9,-3.262915965896429
0.3817377150913899,0.0274979698119388,27.181698982417647,0.3191574423671197,-0.009053937147834,3,1,0.1,4.493943975521524,0.822341026632533,1,0.9110192968018908,0.27,0.3,1,10,1,4.300187181223912,0.8,0.822341026632533,0.822341026632533,1,0.9,-4.783613923557748
0.3635515654020833,0.0305131462456323,9.947658829987043,0.3953020009272654,-0.0081280764445337,3,1,0.1,5.443982555304245,0.7654800215935971,1,0.907631218261034,0.27,0.3,1,10,1,1.9278011334838017,0.8,0.7654800215935971,0.7654800215935971,1,0.9,-3.797536474179682
0.3436034643008545,0.0168341854765843,18.21289751449603,0.3264861519926023,-0.0053175352388465,3,1,0.1,7.523517900118117,0.8026310820513125,1,0.5406282174098467,0.27,0.3,1,10,1,3.0360595930930394,0.8,0.8026310820513125,0.8026310820513125,1,0.9,-3.562152443870686
0.6034961739889713,0.0235356581846763,108.31859955963884,1.0507700825974713,-0.0062067430065375,3,1,0.1,2.164846373614864,0.2926834530924711,1,0.6258032218861523,0.27,0.3,1,10,1,4.863023917135521,0.8,0.2926834530924711,0.2926834530924711,1,0.9,-1.4252128587490294
0.3903720283617975,0.0270190346181935,28.605846686049023,0.3572158350567039,-0.0093642285201175,3,1,0.1,4.632830341185287,0.7529775231428777,1,0.8155926934455626,0.27,0.3,1,10,1,4.083792202884972,0.8,0.7529775231428777,0.7529775231428777,1,0.9,-4.043300061916116
0.2502228566698481,0.0178196672465908,10.602597600986224,0.5681798146823421,0.0017658777330376,3,1,0.1,2.955248482310482,0.6587930013145158,1,0.7516985818671057,0.27,0.3,1,10,1,0.942351722861515,0.8,0.6587930013145158,0.6587930013145158,1,0.9,-4.576417570444693
0.3497233582215697,0.0196522665682783,28.796587051101667,0.2845178721042375,-0.0061872510161842,3,1,0.1,149.5294363859583,0.8849885680861032,1,0.6655562873572463,0.27,0.3,1,10,1,4.579578684286302,0.8,0.8849885680861032,0.8849885680861032,1,0.9,-2.991270779132458
0.3701498507911435,0.0188531073761202,21.77812110204388,0.4145876337451825,-0.0064285033378188,3,1,0.1,3.3354893517813564,0.6718624329313327,1,0.5746287091557963,0.27,0.3,1,10,1,2.792922717257893,0.8,0.6718624329313327,0.6718624329313327,1,0.9,-4.225547537838362
0.1212357607586718,0.0093969124905675,14.30865862592504,0.9674960566729436,0.0227201213024647,3,1,0.1,2.1480963020505177,0.4935705330376467,1,0.8522889691107485,0.27,0.3,1,10,1,0.4778668087576375,0.8,0.4935705330376467,0.4935705330376467,1,0.9,-3.5467793402469407
0.3273323110785487,0.0306205707881149,8.447870388615518,0.4953864635416378,-0.0043892989395405,3,1,0.1,7.470540201974035,0.7000678814668525,1,0.9662388098671728,0.27,0.3,1,10,1,1.298885054364514,0.8,0.7000678814668525,0.7000678814668525,1,0.9,-2.986603744356116
0.1224820424866331,0.0105394562534231,7.297771981259437,0.4670167230815638,0.0081211020030781,3,1,0.1,8.179958854639931,0.9048770186668372,1,0.8232134767509507,0.27,0.3,1,10,1,0.5215585566113075,0.8,0.9048770186668372,0.9048770186668372,1,0.9,-4.065672598180412
0.3485523615413699,0.0242428828590483,10.71329815859272,0.3734231967955657,-0.0065381865222347,3,1,0.1,3.5906056307620657,0.7814485372555481,1,0.7780906599319323,0.27,0.3,1,10,1,1.9893826386615103,0.8,0.7814485372555481,0.7814485372555481,1,0.9,-5.292426242538998
0.407214225015756,0.027055188443604,33.4430860151901,0.4099664529097292,-0.0099736413459527,3,1,0.1,4.189926021172044,0.67677660625936,1,0.7635045517230435,0.27,0.3,1,10,1,4.051828864544217,0.8,0.67677660625936,0.67677660625936,1,0.9,-3.6204292130791993
0.5937048107488082,0.0134679569189036,59.63731295372826,1.3206974255195263,0.0068603084000735,3,1,0.1,1.1582932454131705,0.2224909685758432,1,0.5638739759455151,0.27,0.3,1,10,1,2.576224878881452,0.8,0.2224909685758432,0.2224909685758432,1,0.9,-1.344028437625111
0.3359685609411662,0.0181875996368578,18.08532895178405,0.2508030601312895,-0.005152396012761,3,1,0.1,5.229233500007474,0.9927659265318084,1,0.7282720946378768,0.27,0.3,1,10,1,3.779296377305988,0.8,0.9927659265318084,0.9927659265318084,1,0.9,-5.940951515145694
0.5673739538801784,0.0207521717567391,47.10101738095989,1.1787694800400972,0.0002739199489127,3,1,0.1,2.8541479287172264,0.2657044402902794,1,0.5569561992980041,0.27,0.3,1,10,1,2.7560883092977653,0.8,0.2657044402902794,0.2657044402902794,1,0.9,-1.1314559350843787
0.2949702406660813,0.0160219029775308,9.57109294266376,0.3871706197701309,-0.0030426134086424,3,1,0.1,3.9165503603614367,0.7887747138654969,1,0.582684576565958,0.27,0.3,1,10,1,1.4505358782564914,0.8,0.7887747138654969,0.7887747138654969,1,0.9,-4.960120034391933
0.4190823181117452,0.0271883080375329,18.42075728014285,0.7119484028955877,-0.006826192016875,3,1,0.1,2.9338034147391885,0.4848313705868119,1,0.7570285407375899,0.27,0.3,1,10,1,1.802683292927556,0.8,0.4848313705868119,0.4848313705868119,1,0.9,-2.63037648859639
0.3298008484647226,0.0195853547594483,11.000332817064448,0.2620332426322567,-0.0051972631165596,3,1,0.1,5.222418925885221,0.9913860970649396,1,0.7216597567184693,0.27,0.3,1,10,1,2.6883057176380105,0.8,0.9913860970649396,0.9913860970649396,1,0.9,-5.9322846446045965
0.3503554177102765,0.0169809304687737,34.66578514005708,0.3013265541467064,-0.0056031113747256,3,1,0.1,24.708155564837664,0.8322617371885576,1,0.5881414816492851,0.27,0.3,1,10,1,4.776454589527348,0.8,0.8322617371885576,0.8322617371885576,1,0.9,-3.0108438643560165
0.4030236897096477,0.0352451167425207,28.677530817693235,0.3456634362531459,-0.0119784451920167,3,1,0.1,67.93239060396535,0.7882100560739905,1,0.9755348214132324,0.27,0.3,1,10,1,4.438322699704573,0.8,0.7882100560739905,0.7882100560739905,1,0.9,-2.700477811086654
0.2741388468770345,0.024053259629917,6.524982440730612,0.391465234036036,-0.001851446932905,3,1,0.1,4.522220252440434,0.8725737874081276,1,0.9994560504968136,0.27,0.3,1,10,1,1.1029879913573917,0.8,0.8725737874081276,0.8725737874081276,1,0.9,-5.2904666361654495
0.3650391612240891,0.0279815266562156,13.81115915246694,0.3197699206318463,-0.0083824482616126,3,1,0.1,7.747483433350435,0.8520610994762546,1,0.8375497222956607,0.27,0.3,1,10,1,2.863325790415524,0.8,0.8520610994762546,0.8520610994762546,1,0.9,-3.820650894955018
0.2379991442345397,0.0137347125538003,6.452941131349129,0.3326060659069232,-0.0008614466488084,3,1,0.1,5.454808272906544,0.9776806976500884,1,0.6274094912100459,0.27,0.3,1,10,1,1.0566109226617229,0.8,0.9776806976500884,0.9776806976500884,1,0.9,-5.601566271790245
0.5996468043919718,0.0367793369853875,56.37745370843478,0.9010933485884872,-0.0140422773147095,3,1,0.1,2.555953497138715,0.3578239438025034,1,0.9470605256056296,0.27,0.3,1,10,1,4.220591670624185,0.8,0.3578239438025034,0.3578239438025034,1,0.9,-1.77138273691477
0.3265985189283319,0.0225398193072453,8.671881881658377,0.3084576369710807,-0.0055875978027808,3,1,0.1,7.1565677467773146,0.9116489459245842,1,0.7349624285355908,0.27,0.3,1,10,1,1.9922609649316083,0.8,0.9116489459245842,0.9116489459245842,1,0.9,-4.324103916704212
0.4019839142516198,0.0311637402527143,17.172181209829557,0.4802011060543836,-0.0104125249139294,3,1,0.1,1529.2059155824531,0.636267856903974,1,0.7185788970201263,0.27,0.3,1,10,1,2.490537251708383,0.8,0.636267856903974,0.636267856903974,1,0.9,-2.122953919823983
0.4617476145885812,0.0248808561720197,55.33233736278646,0.5886312410556607,-0.0103032522038878,3,1,0.1,2.5128171354079782,0.5121128605086033,1,0.6751149664010833,0.27,0.3,1,10,1,4.106086283172184,0.8,0.5121128605086033,0.5121128605086033,1,0.9,-3.254820902952046
0.3694242816886008,0.0294906986696176,12.341777122909054,0.3500614429904522,-0.008759576828989,3,1,0.1,7.177144907689201,0.8078992688233455,1,0.8514777324384478,0.27,0.3,1,10,1,2.5021804096274307,0.8,0.8078992688233455,0.8078992688233455,1,0.9,-3.652279572441066
0.3930078742961767,0.0309030057173865,13.135409737801318,0.4271514521501739,-0.0094230830101269,3,1,0.1,3.08172268697967,0.7011149693871624,1,0.9501464860736076,0.27,0.3,1,10,1,2.2434367963376696,0.8,0.7011149693871624,0.7011149693871624,1,0.9,-4.981464014511126
0.4877473210409768,0.0159699051983041,41.66827885804321,1.158097888908536,0.0007126885829645,3,1,0.1,1.949569667019729,0.2935108297231881,1,0.5153495305553507,0.27,0.3,1,10,1,1.975514270959864,0.8,0.2935108297231881,0.2935108297231881,1,0.9,-1.5081700653691108
0.0807084563657073,0.0066878153224054,13.6945233970043,0.9329920487602188,0.0256222794335722,3,1,0.1,2.5886863745206625,0.5250190065705529,1,0.8303698000447661,0.27,0.3,1,10,1,0.3751601651172218,0.8,0.5250190065705529,0.5250190065705529,1,0.9,-3.322253990669754
0.4247576576001224,0.0286779297658972,37.04760650936424,0.4322396115052851,-0.010855153260942,3,1,0.1,2.838044560399684,0.6500638284765372,1,0.8509930952475827,0.27,0.3,1,10,1,4.197851074201249,0.8,0.6500638284765372,0.6500638284765372,1,0.9,-4.654530408953884
0.7658052296652569,0.0108881033141515,93.84270854736494,1.3898359871801886,0.0427871337885122,3,1,0.1,0.8615276226326526,0.1398181962143991,1,0.7234359428241532,0.27,0.3,1,10,1,4.219707784431343,0.8,0.1398181962143991,0.1398181962143991,1,0.9,-0.7501125637123192
0.3287119449250757,0.017681813958626,12.906572245857657,0.2684164437830374,-0.0049027822026441,3,1,0.1,8.785823706109746,0.9578273430231212,1,0.6242721093328643,0.27,0.3,1,10,1,2.8967004188491456,0.8,0.9578273430231212,0.9578273430231212,1,0.9,-4.282012579354028
0.3381720929987613,0.0170220749438591,17.97278641349607,0.2901103905310505,-0.0051605642256005,3,1,0.1,9.278664706275086,0.8804035859546496,1,0.5812119074749068,0.27,0.3,1,10,1,3.3450203713795728,0.8,0.8804035859546496,0.8804035859546496,1,0.9,-3.769162540934399
0.3404576713850549,0.0180201191148409,28.307436527160466,0.2586088197490417,-0.0053914629118726,3,1,0.1,22.909020868764795,0.9540811440058228,1,0.6953600044035537,0.27,0.3,1,10,1,4.796398842876791,0.8,0.9540811440058228,0.9540811440058228,1,0.9,-3.522577780499377
0.33389179136595,0.0146075264703893,21.041060045186097,0.2756480636767197,-0.0044324049819967,3,1,0.1,5.858599750640339,0.903102406762216,1,0.5661782078055682,0.27,0.3,1,10,1,3.762841122644488,0.8,0.903102406762216,0.903102406762216,1,0.9,-4.701330010613759
0.5293887364768629,0.0298754810785085,40.00393701443643,0.8075645457476001,-0.0112117588004702,3,1,0.1,2.1368240822417346,0.4071835742369819,1,0.8081441477198703,0.27,0.3,1,10,1,3.1337313105994884,0.8,0.4071835742369819,0.4071835742369819,1,0.9,-2.443915479242399
0.3523050372260269,0.0167387379196328,22.31169289172696,0.7571379189067686,-0.0018261557912172,3,1,0.1,2.176316906983535,0.4687758022981383,1,0.570807475061852,0.27,0.3,1,10,1,1.415404471241679,0.8,0.4687758022981383,0.4687758022981383,1,0.9,-3.1414884933223464
0.0494521894275131,0.0037449844130989,9.347694364683854,0.5481199572813428,0.0125536036352732,3,1,0.1,4.15503323708035,0.8514994931548964,1,0.7371603802652197,0.27,0.3,1,10,1,0.2948285051045918,0.8,0.8514994931548964,0.8514994931548964,1,0.9,-5.439238266277158
0.4353234417629736,0.0232165755038178,32.634433283608,0.5956092990849412,-0.0087055503249941,3,1,0.1,2.6224462580366352,0.5182783176950562,1,0.6356181260563706,0.27,0.3,1,10,1,2.8723353346241303,0.8,0.5182783176950562,0.5182783176950562,1,0.9,-3.206019871848163
0.4491102619868226,0.0318581476640825,42.26923234979344,0.4892957668461114,-0.0126024169870423,3,1,0.1,3.962671362891789,0.597846343228138,1,0.8351195277696348,0.27,0.3,1,10,1,4.311469604814857,0.8,0.597846343228138,0.597846343228138,1,0.9,-3.075478386291251
0.382170404260459,0.0239529190455712,16.234239743885876,0.5032326059268539,-0.0071833090704613,3,1,0.1,2.759192210818864,0.6152007771460686,1,0.7133791092845354,0.27,0.3,1,10,1,2.040871701673341,0.8,0.6152007771460686,0.6152007771460686,1,0.9,-4.274449803688004
0.1306340370731798,0.0100165371247826,7.327566707534893,0.4473034693205348,0.0064547346627725,3,1,0.1,4.127944976582573,0.9252182977508244,1,0.8164369808341774,0.27,0.3,1,10,1,0.5485445297455396,0.8,0.9252182977508244,0.9252182977508244,1,0.9,-6.465298526616039
0.3084191809072167,0.0217632085513563,7.651625152767421,0.3471847721841523,-0.0043251525335861,3,1,0.1,4.068252410737491,0.8721223727013927,1,0.7841395847688915,0.27,0.3,1,10,1,1.5232639357752809,0.8,0.8721223727013927,0.8721223727013927,1,0.9,-5.816511061912197
0.3729006718086163,0.0205075224812271,39.44536828423639,0.3397278416798982,-0.0071879942656502,3,1,0.1,4.91577973743482,0.7609592818729608,1,0.6781991493067507,0.27,0.3,1,10,1,4.8149327526674695,0.8,0.7609592818729608,0.7609592818729608,1,0.9,-3.970764700794605
0.3495147864572203,0.0147006914904134,30.493375633193263,0.3216707552471695,-0.0049669962962912,3,1,0.1,4.958403267930768,0.7850085929720658,1,0.5284486391510531,0.27,0.3,1,10,1,4.119782078813612,0.8,0.7850085929720658,0.7850085929720658,1,0.9,-4.149602422927857
0.6295222389601756,0.0240580864635172,88.80592903143348,1.150971121813806,-0.0010627767295636,3,1,0.1,3.0474936831007247,0.252506381592416,1,0.6048596758040123,0.27,0.3,1,10,1,4.5833981156861885,0.8,0.252506381592416,0.252506381592416,1,0.9,-1.0434145643951869
0.359442468640569,0.0175857926690511,25.24836626129706,0.3669353914960599,-0.0060526159559092,3,1,0.1,21.948016683815386,0.7245349352490748,1,0.5076535784656709,0.27,0.3,1,10,1,3.3880397936980726,0.8,0.7245349352490748,0.7245349352490748,1,0.9,-2.6166696679992283
0.0102372761276959,0.0006673310898586,9.138820348813711,0.5017158124231327,0.0110791068828218,3,1,0.1,4.742497116627513,0.9634570708653782,1,0.6566202519026676,0.27,0.3,1,10,1,0.1277324490104918,0.8,0.9634570708653782,0.9634570708653782,1,0.9,-6.10585885172716
0.0054791858027449,0.0005128425284892,13.504597515619972,1.1595519874911713,0.0464562042026138,3,1,0.1,2.934140367617418,0.4671430720870505,1,0.9155727738566432,0.27,0.3,1,10,1,0.0882746783142678,0.8,0.4671430720870505,0.4671430720870505,1,0.9,-2.477511549736307
0.5065812519536618,0.0237979627290936,64.75466649086368,0.7706347620021491,-0.0096785265781491,3,1,0.1,2.344879802515404,0.4157309553075315,1,0.6263594042719532,0.27,0.3,1,10,1,3.8069117632447806,0.8,0.4157309553075315,0.4157309553075315,1,0.9,-2.363519821483884
0.357776112823886,0.0115758953965535,34.724612593600575,1.255169964540998,0.00698854787749,3,1,0.1,1.3773161018661029,0.3080377429655677,1,0.5371725344859909,0.27,0.3,1,10,1,1.1756315924607026,0.8,0.3080377429655677,0.3080377429655677,1,0.9,-2.1474351204717017
0.3740011357178723,0.0277245766889409,30.408900481578065,0.2918993044421699,-0.0087999606468885,3,1,0.1,7.789709274411677,0.8814917061060143,1,0.9570717990564532,0.27,0.3,1,10,1,4.866668470095975,0.8,0.8814917061060143,0.8814917061060143,1,0.9,-3.9924934765854254
0.2185096638294097,0.0221292460229307,7.269497463810453,0.5075347532088745,0.0042107555483278,3,1,0.1,39.88367476887042,0.7706220208062303,1,0.9263530129119564,0.27,0.3,1,10,1,0.8101378665489127,0.8,0.7706220208062303,0.7706220208062303,1,0.9,-2.690016959558231
0.3391876419917253,0.0237361911754507,10.13065576832578,0.2669355766482142,-0.0062228646315281,3,1,0.1,4.81433013094206,0.9914604087447316,1,0.8597835553055115,0.27,0.3,1,10,1,2.579321826226136,0.8,0.9914604087447316,0.9914604087447316,1,0.9,-6.361942708932197
0.3284244444645656,0.0121110006514561,26.98890118893421,0.2576781858305266,-0.0036456177834649,3,1,0.1,5.013082547927767,0.9393379429911088,1,0.5564285403586792,0.27,0.3,1,10,1,4.5034425149906,0.8,0.9393379429911088,0.9393379429911088,1,0.9,-5.5636156373369605
0.7842186235430249,0.0151759640977519,62.67508595211099,1.2925005762706243,0.0939030982250967,3,1,0.1,14.93463327997515,0.124468615736371,1,0.5160226424708457,0.27,0.3,1,10,1,4.479620696169192,0.8,0.124468615736371,0.124468615736371,1,0.9,-0.4231236722930145
0.4126813878668454,0.0287595181571037,28.87491463750169,0.4295634947594646,-0.010561333512562,3,1,0.1,4.830678381940542,0.6611876264486114,1,0.7699107434891446,0.27,0.3,1,10,1,3.659720972275777,0.8,0.6611876264486114,0.6611876264486114,1,0.9,-3.238113210191827
0.3831582750359951,0.0277022729606152,14.809029134321982,0.5013499030150362,-0.0082739068591365,3,1,0.1,8.121539127460416,0.6259425495207046,1,0.7048484540281288,0.27,0.3,1,10,1,2.04057102421543,0.8,0.6259425495207046,0.6259425495207046,1,0.9,-2.5439683419132555
0.3344786454073949,0.0139469767047104,31.36180387042637,0.2556363199499869,-0.004209424240793,3,1,0.1,4.130889302613,0.9468461056217397,1,0.6559669225675896,0.27,0.3,1,10,1,4.987824836743347,0.8,0.9468461056217397,0.9468461056217397,1,0.9,-6.784890458497571
0.3868044823482641,0.0260865849412985,26.817791379721605,0.3520976786648532,-0.0089420830454841,3,1,0.1,3.781336992441799,0.760567055081528,1,0.8179283508584119,0.27,0.3,1,10,1,3.942171268248502,0.8,0.760567055081528,0.760567055081528,1,0.9,-4.777309752396621
0.4141495161852199,0.0300748034113068,17.763566398080908,0.4947684346406146,-0.0100764206717707,3,1,0.1,3.334412223863214,0.6182932924499127,1,0.8308500219883269,0.27,0.3,1,10,1,2.4500462849294764,0.8,0.6182932924499127,0.6182932924499127,1,0.9,-3.6327365750759535
0.4517939689774954,0.0317866137000683,13.991092310135572,1.1696992511404003,0.0068365461791115,3,1,0.1,3.634175012813798,0.3265506879261826,1,0.9678380621978712,0.27,0.3,1,10,1,1.4042586410145277,0.8,0.3265506879261826,0.3265506879261826,1,0.9,-1.377263281257477
0.0400809934032621,0.0028888306707909,9.041500049099271,0.5202471304090922,0.0115945865502425,3,1,0.1,4.205121833202498,0.901251039360564,1,0.7184856445168053,0.27,0.3,1,10,1,0.2626135333785111,0.8,0.901251039360564,0.901251039360564,1,0.9,-6.009363968953821
0.3632984039090332,0.0169948550138265,25.66608388551175,0.3758464449397032,-0.0058992166157417,3,1,0.1,3.778050630111491,0.7084012300526705,1,0.5429818180056668,0.27,0.3,1,10,1,3.317743359667373,0.8,0.7084012300526705,0.7084012300526705,1,0.9,-4.198010359665861
0.5166266645490625,0.0346411111986283,63.295967845597104,0.6130665555022301,-0.0147995200353347,3,1,0.1,2.1893373611871287,0.5013069744088566,1,0.9904090145905596,0.27,0.3,1,10,1,4.890912341585286,0.8,0.5013069744088566,0.5013069744088566,1,0.9,-3.5880325279020138
0.4040641585580167,0.0308818722528976,19.117546442403185,0.405264446615895,-0.0105139879327477,3,1,0.1,3.962701890295845,0.7053404822603166,1,0.8800048906891953,0.27,0.3,1,10,1,3.0249214639285285,0.8,0.7053404822603166,0.7053404822603166,1,0.9,-4.021242604296671
0.3145695884446124,0.0237642753749708,7.428248007284612,0.3323094809811696,-0.0050156539196357,3,1,0.1,6.759652148071402,0.8981326443615345,1,0.7955272687774455,0.27,0.3,1,10,1,1.6179325949706558,0.8,0.8981326443615345,0.8981326443615345,1,0.9,-4.338945210434024
0.5858001004633124,0.0183944504323866,48.20931305916832,1.2697932804409977,0.0055840126424043,3,1,0.1,2.486550247267919,0.2351589624086374,1,0.5348207929942718,0.27,0.3,1,10,1,2.699664301712588,0.8,0.2351589624086374,0.2351589624086374,1,0.9,-1.0058153496670368
0.3365327542087342,0.0179671130106785,17.925847754598788,0.2740728737210728,-0.0053074808418646,3,1,0.1,34.253664894747054,0.9249261531570526,1,0.6082969704558243,0.27,0.3,1,10,1,3.523245953171269,0.8,0.9249261531570526,0.9249261531570526,1,0.9,-3.290399659533832
0.3531811040269117,0.020785806984385,28.905875731324507,0.2713062402399031,-0.0063842182152439,3,1,0.1,4.803467848093483,0.920191249938906,1,0.8191682512419833,0.27,0.3,1,10,1,4.765455886455177,0.8,0.920191249938906,0.920191249938906,1,0.9,-5.546584445032599
0.1085887354239637,0.0098805058616697,12.635860170740491,1.1023168932276708,0.0342280822947289,3,1,0.1,3.4794446231251754,0.4509675930060002,1,0.9197529336197818,0.27,0.3,1,10,1,0.4358664193414533,0.8,0.4509675930060002,0.4509675930060002,1,0.9,-2.154918193207817
0.4135731986649976,0.0327868972076474,16.23486025952625,0.5005874162318183,-0.0107788114284741,3,1,0.1,6.492200263581212,0.6211643272214427,1,0.8246104515081099,0.27,0.3,1,10,1,2.366272319465799,0.8,0.6211643272214427,0.6211643272214427,1,0.9,-2.665655156727852
0.1367379732137372,0.0102647460974324,8.965315117978486,0.52615207276699,0.0076584888822491,3,1,0.1,3.67727131401036,0.7959495466913941,1,0.7553667879179005,0.27,0.3,1,10,1,0.5628048123207354,0.8,0.7959495466913941,0.7959495466913941,1,0.9,-5.36049973141757
0.7123039248655018,0.0220442650313417,38.39613672968442,1.4436039785969923,0.0392296805447138,3,1,0.1,1.565968945295252,0.1710529514793543,1,0.8549826562720784,0.27,0.3,1,10,1,3.2674568655788865,0.8,0.1710529514793543,0.1710529514793543,1,0.9,-0.7652073756306415
0.4039976872727568,0.0283830158214333,21.434565235135462,0.4145775466321816,-0.0098822746049762,3,1,0.1,3.1286928692662497,0.685812851253078,1,0.8338833394069145,0.27,0.3,1,10,1,3.115188058206457,0.8,0.685812851253078,0.685812851253078,1,0.9,-4.679424017464415
0.3667461036523732,0.0166147671597659,20.357026495024567,1.4861970825435544,0.0198428517927265,3,1,0.1,1.631995207699433,0.2745209470666035,1,0.7450172695424546,0.27,0.3,1,10,1,1.059904755539203,0.8,0.2745209470666035,0.2745209470666035,1,0.9,-1.5062737333740053
0.3650044865002906,0.0274679432220552,17.645254982710213,0.2901968471912438,-0.0082718153263685,3,1,0.1,7.090072199833076,0.9026577516208673,1,0.8970638153752029,0.27,0.3,1,10,1,3.565829714364376,0.8,0.9026577516208673,0.9026577516208673,1,0.9,-4.280413701203187
0.3230775519330668,0.020970538461986,8.288024102831377,0.277887694823057,-0.0050927845694359,3,1,0.1,4.317638330950641,0.9816432619201876,1,0.7765464335307035,0.27,0.3,1,10,1,2.090597336888253,0.8,0.9816432619201876,0.9816432619201876,1,0.9,-6.969401947913349
0.0572379654225164,0.0047360288679112,8.264815333710548,0.5131695402970843,0.0123033067756496,3,1,0.1,5.536105877242748,0.9000775222018528,1,0.8003363577145586,0.27,0.3,1,10,1,0.3201940434968942,0.8,0.9000775222018528,0.9000775222018528,1,0.9,-4.834141676632735
0.4450540553699214,0.03341223563675,36.37780455540522,0.4944528211569773,-0.0130525650098618,3,1,0.1,10.478289682564316,0.5998399390522013,1,0.7871536535231372,0.27,0.3,1,10,1,4.002139206376103,0.8,0.5998399390522013,0.5998399390522013,1,0.9,-2.307717386396102
0.7891925691537442,0.0084018451188131,97.93604487584824,1.486647221497292,0.0436273000243116,3,1,0.1,0.6184811775130604,0.1308373167648136,1,0.9800535518548752,0.27,0.3,1,10,1,3.939045784589086,0.8,0.1308373167648136,0.1308373167648136,1,0.9,-0.8612381951801265
0.4027824242853928,0.0331248295544085,31.17727784935572,0.3527456307285833,-0.0114527773757113,3,1,0.1,13.75637436324759,0.7701586442101468,1,0.937585843288668,0.27,0.3,1,10,1,4.527967389717166,0.8,0.7701586442101468,0.7701586442101468,1,0.9,-2.9529480221743487
0.3267110658671388,0.0212817905101332,12.187030721979278,0.529360998041005,-0.0035904174029418,3,1,0.1,2.798195911142548,0.633483752537245,1,0.7169366228070646,0.27,0.3,1,10,1,1.3918477426826357,0.8,0.633483752537245,0.633483752537245,1,0.9,-4.476064315143206
0.3940519803338086,0.0344736827737998,13.36458120097861,0.4082793180715173,-0.0107939029102135,3,1,0.1,12.427260419450402,0.7265607760221359,1,0.8952403548945976,0.27,0.3,1,10,1,2.4613873346862185,0.8,0.7265607760221359,0.7265607760221359,1,0.9,-2.8044478838914584
0.3880043900814822,0.0206405611140675,46.5379036005721,0.3785324639283995,-0.0076441958592238,3,1,0.1,3.1718508694057213,0.6967516147103746,1,0.6770367625153408,0.27,0.3,1,10,1,4.859495471921353,0.8,0.6967516147103746,0.6967516147103746,1,0.9,-4.764668860664467
0.6993275771615326,0.0149351470593871,112.09802234665108,1.2925581840225877,0.0185490518180223,3,1,0.1,1.4648407041904803,0.1794401671011548,1,0.5601872539314765,0.27,0.3,1,10,1,4.69862015932512,0.8,0.1794401671011548,0.1794401671011548,1,0.9,-0.8375217680428957
0.3529680002019827,0.0271300996536316,10.85430650484496,0.2757269517733132,-0.0073448327158525,3,1,0.1,4.203496272292489,0.9657190799038542,1,0.9860380901725354,0.27,0.3,1,10,1,2.700797222890899,0.8,0.9657190799038542,0.9657190799038542,1,0.9,-6.9385994315888535
0.3870009172584838,0.017653077765571,32.57423657091297,0.4545437816351847,-0.0065552422249355,3,1,0.1,3.0501158154799803,0.6132626134214921,1,0.5329149895953161,0.27,0.3,1,10,1,3.259837144478676,0.8,0.6132626134214921,0.6132626134214921,1,0.9,-3.850784296064222
0.2234092791236683,0.0129805902213927,14.236045475430574,0.6467774168636992,0.0035507566067466,3,1,0.1,2.999081640146697,0.5956431197205616,1,0.5880596411585853,0.27,0.3,1,10,1,0.8531208044313265,0.8,0.5956431197205616,0.5956431197205616,1,0.9,-3.7002431859878495
0.2805797652619489,0.023138722706905,7.453013896457109,0.4129460767091984,-0.0025051970700589,3,1,0.1,15.080454828671702,0.8138509811938853,1,0.7738509135716745,0.27,0.3,1,10,1,1.1850047369556511,0.8,0.8138509811938853,0.8138509811938853,1,0.9,-3.103660845758659
0.3820057938499692,0.0281210440926776,22.92203077455966,0.3518617007504827,-0.0094398917780363,3,1,0.1,39.91456134720314,0.7729621037130944,1,0.7530425738749196,0.27,0.3,1,10,1,3.668107825175269,0.8,0.7729621037130944,0.7729621037130944,1,0.9,-2.698473492759369
0.3481668834781453,0.027621441077835,9.48375341942974,0.3045139339678804,-0.0073266056573344,3,1,0.1,6.602014099570532,0.9129983346870894,1,0.8876980167112622,0.27,0.3,1,10,1,2.280547241539701,0.8,0.9129983346870894,0.9129983346870894,1,0.9,-4.493181986671561
0.6408014717535704,0.0395597751686932,49.02897628518875,1.064018580872158,-0.0091791729402239,3,1,0.1,4.615112578028555,0.2900006653093357,1,0.929969184207339,0.27,0.3,1,10,1,4.18381867883325,0.8,0.2900006653093357,0.2900006653093357,1,0.9,-1.1327532701724028
0.4600866174280646,0.0314286427452192,39.21087747620509,0.573201397690786,-0.0126289677626712,3,1,0.1,9.305102788383994,0.5367733763839734,1,0.7094973171480345,0.27,0.3,1,10,1,3.740891450007501,0.8,0.5367733763839734,0.5367733763839734,1,0.9,-2.0675358912886663
0.395914443943143,0.0255687991625668,40.11393300037907,0.3622489948592514,-0.0091762248396636,3,1,0.1,3.276828808099754,0.733326197502117,1,0.8371715277697813,0.27,0.3,1,10,1,4.829615935573846,0.8,0.733326197502117,0.733326197502117,1,0.9,-5.115777172783883
0.3410203603900977,0.025378168080548,11.384143175390127,0.4931046630449542,-0.0056323074142629,3,1,0.1,12.817235586272664,0.6609789011842823,1,0.6884504128982132,0.27,0.3,1,10,1,1.5746055626123387,0.8,0.6609789011842823,0.6609789011842823,1,0.9,-2.5046441238721533
0.0048712573532265,0.0004453552379451,13.455500923385731,0.952034401294242,0.0345359280850295,3,1,0.1,3.648903226237004,0.5481631728803458,1,0.8027208517298003,0.27,0.3,1,10,1,0.0853077839935681,0.8,0.5481631728803458,0.5481631728803458,1,0.9,-2.81338404744859
0.3638626490671715,0.0295189749726966,14.362925174848195,0.2883357799813839,-0.0085938639308197,3,1,0.1,11.128582095075982,0.9217808528362804,1,0.9269315699164372,0.27,0.3,1,10,1,3.1991721700532283,0.8,0.9217808528362804,0.9217808528362804,1,0.9,-3.808713151291189
0.3192905587380382,0.0249370065051455,7.795265505869667,0.359238387714938,-0.005224703649659,3,1,0.1,6.2250588361027,0.8502791934558663,1,0.8162202375633092,0.27,0.3,1,10,1,1.574372739063686,0.8,0.8502791934558663,0.8502791934558663,1,0.9,-4.160139579629971
0.3492629411370558,0.023889398772396,20.33512551509113,0.2613871007179299,-0.0069455057969106,3,1,0.1,165.27262016832395,0.9708881810780644,1,0.8063714205303458,0.27,0.3,1,10,1,4.0772365027035775,0.8,0.9708881810780644,0.9708881810780644,1,0.9,-3.281270589885204
0.2220282631484065,0.0127867483530635,12.485269201771686,0.565874601685666,0.002182265583404,3,1,0.1,5.829745486633489,0.6559174276576225,1,0.5365657685420878,0.27,0.3,1,10,1,0.8831344643779261,0.8,0.6559174276576225,0.6559174276576225,1,0.9,-2.964712877118222
0.3971544212823765,0.0273867488477218,18.928405102233363,0.4475721633428985,-0.0093028493300719,3,1,0.1,4.4538646282229415,0.6564481351517784,1,0.7370624306099337,0.27,0.3,1,10,1,2.677966061552397,0.8,0.6564481351517784,0.6564481351517784,1,0.9,-3.335134307840689
0.0009717550080156,8.26256152322358e-05,10.707530428202311,0.6537573345748439,0.0201935891064309,3,1,0.1,5.2324728726924565,0.7673592697507698,1,0.7435517580707243,0.27,0.3,1,10,1,0.0386323006413723,0.8,0.7673592697507698,0.7673592697507698,1,0.9,-3.888460194514343
0.3559233612447183,0.0254623190452383,20.44217075018383,0.2551352283009177,-0.0073149037168552,3,1,0.1,5.759970712413285,0.989943761029519,1,0.9797853168796864,0.27,0.3,1,10,1,4.176419254659448,0.8,0.989943761029519,0.989943761029519,1,0.9,-5.509061447188277
0.3763501108865159,0.0301452711452222,11.073747564415036,0.4482156077192038,-0.0080831385520076,3,1,0.1,3.186989110204109,0.6961761982825947,1,0.947928023045652,0.27,0.3,1,10,1,1.85712749702312,0.8,0.6961761982825947,0.6961761982825947,1,0.9,-4.733003173518792
0.3307702709982409,0.0185252942427171,11.394657107540532,0.336627397085002,-0.0050919890615762,3,1,0.1,4.878325399549225,0.8236072189070962,1,0.6075631644821211,0.27,0.3,1,10,1,2.1529881578025134,0.8,0.8236072189070962,0.8236072189070962,1,0.9,-4.5298176814114735
0.1544064405781229,0.0115091062851345,12.322978969353429,0.6749342593139447,0.0096742506867466,3,1,0.1,12.11585191479292,0.624986471097566,1,0.6140983486179057,0.27,0.3,1,10,1,0.616155658567523,0.8,0.624986471097566,0.624986471097566,1,0.9,-2.368350270238439
0.3109030883155042,0.0158166791573962,19.19554193650153,0.7044777306662259,-0.0007202288578044,3,1,0.1,3.8389139553375338,0.5085700235763315,1,0.5217920747971418,0.27,0.3,1,10,1,1.2442112604081497,0.8,0.5085700235763315,0.5085700235763315,1,0.9,-2.453710551924696
0.1917991267844936,0.0158037131036286,9.744976819330669,0.605141133504854,0.0071873579478592,3,1,0.1,3.39699584030597,0.6778011922871092,1,0.8428714545053475,0.27,0.3,1,10,1,0.7099791467013046,0.8,0.6778011922871092,0.6778011922871092,1,0.9,-4.227556982006433
0.2674757053377345,0.0162408023384288,8.54172717053255,0.3981659368002828,-0.0019138646238052,3,1,0.1,18.048957025362608,0.8114354711009605,1,0.5658966508471606,0.27,0.3,1,10,1,1.2095410683347447,0.8,0.8114354711009605,0.8114354711009605,1,0.9,-3.0217709986322507
0.3513041284183156,0.0273242864065221,10.800006504122871,0.4981074956566038,-0.0058982357116525,3,1,0.1,3.981662875655733,0.6612906735436359,1,0.8317770817246017,0.27,0.3,1,10,1,1.548445607809091,0.8,0.6612906735436359,0.6612906735436359,1,0.9,-3.599033778068251
0.3511802215736188,0.0218166258484058,14.241299588641771,0.3164882399960996,-0.006524632007224,3,1,0.1,4.082136111191184,0.8449971646530275,1,0.7210388983290436,0.27,0.3,1,10,1,2.788884449728031,0.8,0.8449971646530275,0.8449971646530275,1,0.9,-5.448049541230359
0.424120039135035,0.0361566119548762,34.87473838082469,0.3953366219331535,-0.0131708957749064,3,1,0.1,18.41087493538067,0.7095886105018689,1,0.9471861450965846,0.27,0.3,1,10,1,4.587071498380962,0.8,0.7095886105018689,0.7095886105018689,1,0.9,-2.599028356522335
0.3501778644634319,0.0180017448143106,30.81829130706377,0.2824060955555354,-0.0056996916374124,3,1,0.1,4.204659609496066,0.8813457929845777,1,0.7134804545640087,0.27,0.3,1,10,1,4.719003256213712,0.8,0.8813457929845777,0.8813457929845777,1,0.9,-5.750214208853111
0.7225394684026206,0.0157623336904255,96.83871085850568,1.3318061955903104,0.017875281726904,3,1,0.1,0.8764713011045692,0.1830874585142732,1,0.8622491097933218,0.27,0.3,1,10,1,4.439910470852063,0.8,0.1830874585142732,0.1830874585142732,1,0.9,-1.1906121184472251
0.0496009768726559,0.0042548656716034,7.637482750311633,0.4796388239074631,0.0120229156414733,3,1,0.1,16.915882129080398,0.9637539893030148,1,0.7775345246251637,0.27,0.3,1,10,1,0.2966295858541604,0.8,0.9637539893030148,0.9637539893030148,1,0.9,-3.7050549685779712
0.3261353476042226,0.0105273790146188,29.57009726945765,0.2581087456188592,-0.0032035670968508,3,1,0.1,4.371594431086331,0.9300293627277972,1,0.5203266869557491,0.27,0.3,1,10,1,4.68420605265755,0.8,0.9300293627277972,0.9300293627277972,1,0.9,-6.155898732941763
0.3214632299349669,0.0083253491036319,37.46179278380184,1.6677949754050347,0.0176561504092883,3,1,0.1,1.127043190553277,0.2454768141512783,1,0.5399290912693109,0.27,0.3,1,10,1,0.94980646578962,0.8,0.2454768141512783,0.2454768141512783,1,0.9,-1.6638460674886737
0.0128300718469288,0.0009729159695939,12.85668114181397,0.6915348524561082,0.0184157911985882,3,1,0.1,133.04849254372203,0.7055371108236436,1,0.5701416722414359,0.27,0.3,1,10,1,0.1450754997219925,0.8,0.7055371108236436,0.7055371108236436,1,0.9,-2.3812544225380634
0.4669294921891009,0.0231789030891742,32.04539933488967,0.7770441214505563,-0.0074874448733216,3,1,0.1,1.9890175496883995,0.4289935067274212,1,0.6715131978383281,0.27,0.3,1,10,1,2.374571198853423,0.8,0.4289935067274212,0.4289935067274212,1,0.9,-2.878702337871913
0.3841838180971448,0.0289434537490062,26.17091702678902,0.3219479241719122,-0.0095195076523447,3,1,0.1,5.715210036727128,0.8213249551050239,1,0.9192750336745432,0.27,0.3,1,10,1,4.226979472613019,0.8,0.8213249551050239,0.8213249551050239,1,0.9,-4.11889981665677
0.4142564632912364,0.018099662794443,67.47319182611429,0.4839992629894261,-0.0073882187187444,3,1,0.1,2.594789947325176,0.57209247466058,1,0.5568198052236503,0.27,0.3,1,10,1,4.767335019248094,0.8,0.57209247466058,0.57209247466058,1,0.9,-3.9274306370097305
0.3594541246010494,0.0209622453177651,24.857252010333323,0.3014617112717146,-0.006710433656204,3,1,0.1,3.9365927253955633,0.8487010421853529,1,0.7468274133702973,0.27,0.3,1,10,1,4.06259397149739,0.8,0.8487010421853529,0.8487010421853529,1,0.9,-5.69273104913885
0.355248657788221,0.0206145373998514,19.07690563226337,0.3192943513559086,-0.0065329786435346,3,1,0.1,5.191404856984503,0.8218011649029516,1,0.6642476360779912,0.27,0.3,1,10,1,3.308718054790767,0.8,0.8218011649029516,0.8218011649029516,1,0.9,-4.343793039525327
0.3247126131214325,0.0178639453556754,11.411875674789508,0.2756855645513102,-0.0048457338889354,3,1,0.1,21.969585076031457,0.9490648300017356,1,0.5949704786122044,0.27,0.3,1,10,1,2.6075136154323824,0.8,0.9490648300017356,0.9490648300017356,1,0.9,-3.518173370671632
0.4454895637573295,0.0298417406724135,32.208549606515106,0.5202286695245572,-0.0115260325599648,3,1,0.1,3.1213973040245806,0.575401741786343,1,0.7943413966848061,0.27,0.3,1,10,1,3.4605255075668264,0.8,0.575401741786343,0.575401741786343,1,0.9,-3.365685239670097
0.4167865873070899,0.026206438391856,30.32871327190105,0.4564889268020262,-0.0097918737612448,3,1,0.1,2.8853813083382525,0.6272617468354256,1,0.7487232358666625,0.27,0.3,1,10,1,3.501632349124353,0.8,0.6272617468354256,0.6272617468354256,1,0.9,-4.243275634361615
0.3665509297276923,0.0258358597117244,23.000538783042447,0.2956466462444008,-0.0080890227565211,3,1,0.1,7.340014424571086,0.876663636881398,1,0.8493158718253018,0.27,0.3,1,10,1,4.075972525649326,0.8,0.876663636881398,0.876663636881398,1,0.9,-4.051226201681732
0.4093447115265851,0.024464391315494,48.01358004429159,0.4280314127684666,-0.0094257788361384,3,1,0.1,5.30622641263694,0.6450478938935542,1,0.6752674107915779,0.27,0.3,1,10,1,4.70089583699677,0.8,0.6450478938935542,0.6450478938935542,1,0.9,-3.0015495259987093
0.2400540572702728,0.0133630238988935,6.653442195729176,0.3353333372058905,-0.0009399618397042,3,1,0.1,5.600208167640248,0.9634691766157092,1,0.6020958544681722,0.27,0.3,1,10,1,1.0752158633299342,0.8,0.9634691766157092,0.9634691766157092,1,0.9,-5.365399150292844
0.4182298146716725,0.0325753098133381,34.654723919183816,0.3999882738997301,-0.0119336321880776,3,1,0.1,7.381012097467131,0.6977497859302055,1,0.8806987842427105,0.27,0.3,1,10,1,4.414504169782148,0.8,0.6977497859302055,0.6977497859302055,1,0.9,-2.984044808566698
0.3905211781899653,0.0185949296530743,25.33059665874562,0.9228491491856816,-0.0010298762132935,3,1,0.1,2.613334262525864,0.395372527590983,1,0.573886847390578,0.27,0.3,1,10,1,1.4947108041557415,0.8,0.395372527590983,0.395372527590983,1,0.9,-2.0369875642127893
0.0017711695134833,0.0002033194017918,8.293946659877525,0.6246971352292617,0.0258494768374222,3,1,0.1,71.87548547058486,0.8126070493213338,1,0.9700682617151536,0.27,0.3,1,10,1,0.0516413068427384,0.8,0.8126070493213338,0.8126070493213338,1,0.9,-2.782081784107457
0.5265874631204107,0.0406042843867611,27.959964118251417,0.7441918091941154,-0.0155074225062147,3,1,0.1,6.010969369339139,0.4460162231393542,1,0.930428566269906,0.27,0.3,1,10,1,3.0280850271557265,0.8,0.4460162231393542,0.4460162231393542,1,0.9,-1.798019446408814
0.035497293315982,0.0028455846702994,10.7935381398375,0.6383969611608592,0.0167565817965035,3,1,0.1,4.528444991415435,0.7534855877595666,1,0.7208147844151612,0.27,0.3,1,10,1,0.2444150707745139,0.8,0.7534855877595666,0.7534855877595666,1,0.9,-4.105576187207555
0.4586946721640403,0.0332992024478865,50.37839925758959,0.4831047704753648,-0.0133292317534691,3,1,0.1,3.251627621347656,0.6010984439397226,1,0.9269942359905068,0.27,0.3,1,10,1,4.851015182099202,0.8,0.6010984439397226,0.6010984439397226,1,0.9,-3.5234902353745845
0.3822972879399864,0.0195287305084428,21.747038859125723,0.6602741849170548,-0.0048940779469307,3,1,0.1,2.676999425941552,0.5045569803777045,1,0.58389342833887,0.27,0.3,1,10,1,1.7723424272464918,0.8,0.5045569803777045,0.5045569803777045,1,0.9,-3.00215359160198
0.3034177320255173,0.0264225610766339,7.43199820545643,0.415556933293434,-0.0036893354096751,3,1,0.1,5.61404286699782,0.8017179539776753,1,0.9234412397739676,0.27,0.3,1,10,1,1.2711416668602018,0.8,0.8017179539776753,0.8017179539776753,1,0.9,-4.007869733405865
0.3354453805700361,0.0195932410514094,12.744985471958454,0.275569218506027,-0.0054755148955739,3,1,0.1,5.41211937464857,0.9423304866116918,1,0.6936726681457204,0.27,0.3,1,10,1,2.852758792780388,0.8,0.9423304866116918,0.9423304866116918,1,0.9,-5.290437164226215
0.2151700520725007,0.0196165771431427,9.649142267368068,0.6558874845649456,0.0077942330543615,3,1,0.1,4.882158281273,0.6292465608367281,1,0.8971100478486398,0.27,0.3,1,10,1,0.7636389886759348,0.8,0.6292465608367281,0.6292465608367281,1,0.9,-2.9995670979238644
0.4822760697487833,0.0232978792948172,46.351370118200286,0.7190239561433515,-0.0090744338255817,3,1,0.1,2.001293389498396,0.4441360759291905,1,0.6563492937887259,0.27,0.3,1,10,1,3.183582619285149,0.8,0.4441360759291905,0.4441360759291905,1,0.9,-3.070358586644197
0.6714934369630677,0.0307534564777553,51.04096352885338,1.2164054353169136,0.0050038513414818,3,1,0.1,2.2936435201269747,0.2333606829033651,1,0.8724735096835943,0.27,0.3,1,10,1,4.000486532461972,0.8,0.2333606829033651,0.2333606829033651,1,0.9,-1.0200206361549142
0.034410254188482,0.0033172983835146,10.100855512536128,0.714098756873946,0.0237298897723006,3,1,0.1,3.205073456967748,0.6997951497327382,1,0.9820615578952484,0.27,0.3,1,10,1,0.2334054359057763,0.8,0.6997951497327382,0.6997951497327382,1,0.9,-4.755266564466023
0.3387251456529583,0.0160921957694627,21.876969151826746,0.7719810633810456,-0.0008706237743238,3,1,0.1,2.0452950459847816,0.4677865201632424,1,0.5775109051849845,0.27,0.3,1,10,1,1.31810231239874,0.8,0.4677865201632424,0.4677865201632424,1,0.9,-3.343706954405844
0.4909014417138109,0.028413362182851,40.0431873094486,0.6924888483785936,-0.0112193841493435,3,1,0.1,2.4770059176365664,0.462461717658414,1,0.7445281345758077,0.27,0.3,1,10,1,3.2608000156422023,0.8,0.462461717658414,0.462461717658414,1,0.9,-2.731471003196071
0.4848652282794257,0.0308250455181986,20.18664455127952,0.9981642025182944,-0.0042742617876349,3,1,0.1,4.902302385246135,0.3566532144291903,1,0.7633165163052693,0.27,0.3,1,10,1,1.876250192036564,0.8,0.3566532144291903,0.3566532144291903,1,0.9,-1.4319197247587638
0.3572293950696323,0.0231123519884301,19.39633224524893,0.2963538494749614,-0.0071253257258558,3,1,0.1,6.402486502326922,0.8755364584735975,1,0.7599108620357301,0.27,0.3,1,10,1,3.6132220503581634,0.8,0.8755364584735975,0.8755364584735975,1,0.9,-4.286059406261573
0.347886579286131,0.0193298060770564,24.2189370373677,0.2755225089214166,-0.0059148554234236,3,1,0.1,5.293968052582756,0.910549348863646,1,0.7263140965366532,0.27,0.3,1,10,1,4.227798462515407,0.8,0.910549348863646,0.910549348863646,1,0.9,-5.069824774244563
0.1578483511452853,0.0142298149619715,10.02590862873134,0.6899293891669888,0.0131683229305933,3,1,0.1,3.176467563535517,0.6392155490855812,1,0.9487323177466768,0.27,0.3,1,10,1,0.58865529533819,0.8,0.6392155490855812,0.6392155490855812,1,0.9,-4.016795444636145
0.5803759726300738,0.0266643405429558,51.34602639392584,1.019861394655992,-0.0071410361171425,3,1,0.1,2.0095097962308595,0.3155043142090377,1,0.7318802969363336,0.27,0.3,1,10,1,3.3368989975112213,0.8,0.3155043142090377,0.3155043142090377,1,0.9,-1.6597098029334187
0.1812845274724273,0.010935750854762,6.820289816707514,0.3759207122288066,0.0019104438151697,3,1,0.1,4.522737729501798,0.9748390160560118,1,0.6569371180426476,0.27,0.3,1,10,1,0.7521007493468359,0.8,0.9748390160560118,0.9748390160560118,1,0.9,-6.537246266276297
0.7515893798824189,0.0259479250635132,44.123085944175294,1.4146983567811993,0.0558311988372839,3,1,0.1,2.109827494808851,0.1612829902705632,1,0.935273639951047,0.27,0.3,1,10,1,4.120789714315766,0.8,0.1612829902705632,0.1612829902705632,1,0.9,-0.6543201340880458
0.226749896200619,0.0161676408534529,8.861263057530305,0.4791666764932105,0.0014003775729468,3,1,0.1,7.030325180783227,0.7613599859763877,1,0.6645952892656325,0.27,0.3,1,10,1,0.9025364799292276,0.8,0.7613599859763877,0.7613599859763877,1,0.9,-3.3960113857070624
0.0115753099618353,0.0010445298814546,10.713958267293112,0.7077066749292288,0.0231968042911141,3,1,0.1,3.147409917816671,0.7156945787087533,1,0.8845142052874662,0.27,0.3,1,10,1,0.1329209551144181,0.8,0.7156945787087533,0.7156945787087533,1,0.9,-5.082123971553049
0.195428467890013,0.0171900172103891,11.888145726050412,1.251990948881544,0.0342075190142324,3,1,0.1,4.357308566533397,0.3812785868887436,1,0.9682215079543954,0.27,0.3,1,10,1,0.6256111340981324,0.8,0.3812785868887436,0.3812785868887436,1,0.9,-1.596993512378171
0.4003758507586354,0.035390539183366,20.9154383236296,0.3530020051959224,-0.0117602082662011,3,1,0.1,22.326741414472764,0.78470387799769,1,0.9591481915547936,0.27,0.3,1,10,1,3.654884955976967,0.8,0.78470387799769,0.78470387799769,1,0.9,-2.849349605208036
0.3879468656411191,0.0264631264985035,32.67332611632166,0.33999837325858,-0.0091031406129094,3,1,0.1,3.938919058247901,0.7764384867507641,1,0.8636666396591731,0.27,0.3,1,10,1,4.535843709063265,0.8,0.7764384867507641,0.7764384867507641,1,0.9,-4.792350338104074
0.4350474018183456,0.0282370854980342,55.22733918696032,0.4747780511614676,-0.0113030519041191,3,1,0.1,6.17822926207624,0.6030885597749995,1,0.7226401300861658,0.27,0.3,1,10,1,4.923121342456105,0.8,0.6030885597749995,0.6030885597749995,1,0.9,-2.6032290365972104
0.3638380845031399,0.0313306737333898,11.390023701812012,0.7284803565333999,-0.0020114458943848,3,1,0.1,3.919155635600905,0.5180588501384168,1,0.9993553949763914,0.27,0.3,1,10,1,1.2619998092241893,0.8,0.5180588501384168,0.5180588501384168,1,0.9,-2.497035468486387
0.3367440304050322,0.0186757117725978,16.423676595835257,0.254501675726938,-0.005268854461503,3,1,0.1,4.596159127767553,0.9858869163235336,1,0.7379886642878758,0.27,0.3,1,10,1,3.5382378725469006,0.8,0.9858869163235336,0.9858869163235336,1,0.9,-6.579230707814197
0.6979478960878007,0.0288665904054178,44.05230737162383,1.3177103064314528,0.0206763034036087,3,1,0.1,2.2993540638947483,0.200203644673135,1,0.8769293753967994,0.27,0.3,1,10,1,3.819313991534281,0.8,0.200203644673135,0.200203644673135,1,0.9,-0.8374922536662588
0.3712053307466543,0.0235413571872949,26.92695368416653,0.3217516195930198,-0.0077949329040569,3,1,0.1,4.654092431739509,0.8101174771872758,1,0.7717670116158344,0.27,0.3,1,10,1,4.13753434375028,0.8,0.8101174771872758,0.8101174771872758,1,0.9,-4.547285898436414
0.3421343415396798,0.0187607380489078,19.609764390891,0.7799082778973511,-0.0010492560491721,3,1,0.1,3.2479972579365706,0.4681868297356009,1,0.5883092119469393,0.27,0.3,1,10,1,1.3203752696581892,0.8,0.4681868297356009,0.4681868297356009,1,0.9,-2.351544543166688
0.528926557823302,0.0292102588844754,69.59256921621348,0.7984614428753284,-0.0121645921290657,3,1,0.1,4.835494241464265,0.4055021187707882,1,0.6542631073526948,0.27,0.3,1,10,1,4.3165129247059495,0.8,0.4055021187707882,0.4055021187707882,1,0.9,-1.6805009905748136
0.4640220165659616,0.0305323840608114,34.31991784039504,0.5762937833631635,-0.0120130605757884,3,1,0.1,3.005240355935072,0.5343586849987194,1,0.793963317284434,0.27,0.3,1,10,1,3.398581016865536,0.8,0.5343586849987194,0.5343586849987194,1,0.9,-3.044193883566005
9.928626967073664e-05,7.6086332705200436e-06,10.037846569367868,0.5778044379023318,0.0157495723105256,3,1,0.1,6.238292279346914,0.8567227817434075,1,0.6858516143467281,0.27,0.3,1,10,1,0.0124017453501746,0.8,0.8567227817434075,0.8567227817434075,1,0.9,-4.202361899964915
0.4621581236829768,0.030904696440857,36.662722661013134,0.5517993778762357,-0.0122638462183714,3,1,0.1,2.9801363746813547,0.54979236031616,1,0.8147134230970979,0.27,0.3,1,10,1,3.647011400646442,0.8,0.54979236031616,0.54979236031616,1,0.9,-3.2177934473545022
0.3668687156484662,0.0239326235947721,18.751405983368784,0.3441724424132879,-0.0077461601314959,3,1,0.1,7.396841778848533,0.7849021690769267,1,0.6960867520823755,0.27,0.3,1,10,1,3.1778399298979303,0.8,0.7849021690769267,0.7849021690769267,1,0.9,-3.4773143745386905
0.3466026635580317,0.0219240438243059,15.06534081384615,0.2794277239776352,-0.0063619649468547,3,1,0.1,5.259623155832547,0.9262013891513988,1,0.7632499082966916,0.27,0.3,1,10,1,3.201284069876262,0.8,0.9262013891513988,0.9262013891513988,1,0.9,-5.24069858597795
0.4674237247505455,0.0362236389971305,15.887478313871044,0.8138810558501585,-0.0084309787446141,3,1,0.1,4.086193659597109,0.4378587410422365,1,0.9607701965629868,0.27,0.3,1,10,1,1.83064685634822,0.8,0.4378587410422365,0.4378587410422365,1,0.9,-1.9461163095765048
0.2018948299310702,0.0167728695873852,6.581700953265576,0.4134700741805099,0.0026253213133385,3,1,0.1,4.428463188066146,0.9094717890849662,1,0.911369970743437,0.27,0.3,1,10,1,0.7857142753501868,0.8,0.9094717890849662,0.9094717890849662,1,0.9,-5.820944750242708
0.3264805937311613,0.0226377268744792,8.539699916684633,0.299115053852959,-0.0055964663960662,3,1,0.1,7.149805193363774,0.9326002907058024,1,0.7485815745683385,0.27,0.3,1,10,1,2.0313913613060905,0.8,0.9326002907058024,0.9326002907058024,1,0.9,-4.46874537492826
0.415921980654613,0.0377235847698071,23.22864020857549,0.3836327899042854,-0.0130763776884174,3,1,0.1,45.09424985898214,0.7379526871471913,1,0.9667861906130316,0.27,0.3,1,10,1,3.749481542953494,0.8,0.7379526871471913,0.7379526871471913,1,0.9,-2.5574984208210063
0.6005107430400698,0.0176252197023669,41.82176004979314,1.3363094753731106,0.0088195238001594,3,1,0.1,1.2490879965854118,0.2256894660389622,1,0.6882436168082926,0.27,0.3,1,10,1,2.440708323939057,0.8,0.2256894660389622,0.2256894660389622,1,0.9,-1.3006417642842507
0.5610118311995352,0.0394698309595348,43.22758652783425,0.7888061901146286,-0.0160478399782162,3,1,0.1,3.69860104448385,0.4142428692704444,1,0.9462960085331372,0.27,0.3,1,10,1,3.8184878273706655,0.8,0.4142428692704444,0.4142428692704444,1,0.9,-1.86932631261039
0.1009433616051956,0.0015337451272023,20.114964200543668,5.912273497005489,0.2189491083133571,3,1,0.1,9.26146685184534,0.1030072780876867,1,0.503289324170895,0.27,0.3,1,10,1,0.334529774335644,0.8,0.1030072780876867,0.1030072780876867,1,0.9,-0.3525056969272615
0.0499491640599469,0.0037371976085559,17.324365130485976,1.094308832470937,0.0309467204262019,3,1,0.1,3.127887524384938,0.4582172775925255,1,0.6757920014134396,0.27,0.3,1,10,1,0.2888132300959279,0.8,0.4582172775925255,0.4582172775925255,1,0.9,-2.3206270061485537
0.3769414855897999,0.0266272335718709,31.37801492201801,0.3111605611630897,-0.0087576239016934,3,1,0.1,7.20858260719756,0.8349323224951135,1,0.8710694232791432,0.27,0.3,1,10,1,4.721190071673547,0.8,0.8349323224951135,0.8349323224951135,1,0.9,-3.8138230261000254
0.3442673623136703,0.0289049468325945,8.456339650500183,0.2750594024579894,-0.0072493671496616,3,1,0.1,7.985922018870276,0.9968142871205292,1,0.9839984771476544,0.27,0.3,1,10,1,2.297578549549552,0.8,0.9968142871205292,0.9968142871205292,1,0.9,-4.6881332159222815
0.1092091992144172,0.0084906610090346,14.710264916245224,0.8605614872399887,0.0187341210884114,3,1,0.1,7.845421010226376,0.5331470444355533,1,0.6323820766677839,0.27,0.3,1,10,1,0.4715679112019755,0.8,0.5331470444355533,0.5331470444355533,1,0.9,-2.112054969240626
0.3427991739510664,0.0281854161126817,10.660408878637908,0.5440881322711255,-0.004969514708631,3,1,0.1,6.985030204888105,0.6318882030428885,1,0.8083571369157444,0.27,0.3,1,10,1,1.4149442619725083,0.8,0.6318882030428885,0.6318882030428885,1,0.9,-2.66984759243056
0.3683560547087667,0.0194538922473888,32.2593287551345,0.3482349818695234,-0.0067833963216957,3,1,0.1,5.665140811387699,0.7491084314970076,1,0.6129526175363937,0.27,0.3,1,10,1,4.177169057176362,0.8,0.7491084314970076,0.7491084314970076,1,0.9,-3.611237488717292
0.4594493701777044,0.0200576068978073,43.6473218920212,0.7238758502596166,-0.007405781022466,3,1,0.1,2.132977518818792,0.4425323468206228,1,0.5733169088967314,0.27,0.3,1,10,1,2.8314156209812,0.8,0.4425323468206228,0.4425323468206228,1,0.9,-2.8592929684363018
0.0048055892755342,0.0003139324161286,12.66225071245542,0.6390170872147165,0.014837199102811,3,1,0.1,8.691481058790687,0.7662350950866404,1,0.5491844419458135,0.27,0.3,1,10,1,0.0876592284531957,0.8,0.7662350950866404,0.7662350950866404,1,0.9,-3.2155776773272304
0.6252577682327131,0.0268448790979903,62.24220466985742,1.180062893034887,0.0010497969103281,3,1,0.1,15.68276273693842,0.245690221185598,1,0.585180706742179,0.27,0.3,1,10,1,4.016473451974971,0.8,0.245690221185598,0.245690221185598,1,0.9,-0.850040290214853
0.4315506679895198,0.0263055744139993,49.48233071321606,0.4742558659680778,-0.0104499272305892,3,1,0.1,3.3028267238543485,0.6008856120269629,1,0.7284163420726106,0.27,0.3,1,10,1,4.532431301286337,0.8,0.6008856120269629,0.6008856120269629,1,0.9,-3.4803986274623435
0.3699985141210815,0.0290638976072017,27.65968285361349,0.2799566223442979,-0.0089385723396647,3,1,0.1,45.84870475909309,0.9188294206315958,1,0.9649445220638762,0.27,0.3,1,10,1,4.778921217538349,0.8,0.9188294206315958,0.9188294206315958,1,0.9,-3.213008508847028
0.3387777600405504,0.017100359316375,21.629138549671385,0.2660199190681705,-0.0050980066845012,3,1,0.1,5.447440883169556,0.9357040017898886,1,0.6669570760977319,0.27,0.3,1,10,1,4.001664100644021,0.8,0.9357040017898886,0.9357040017898886,1,0.9,-5.205256143014139
0.4622074485781258,0.0305847157333114,42.00328455001311,0.5521832191977194,-0.0123381474853169,3,1,0.1,3.5325045570380222,0.5472890846112859,1,0.7772866408807251,0.27,0.3,1,10,1,3.934395595802489,0.8,0.5472890846112859,0.5472890846112859,1,0.9,-2.8571699106656734
0.3365417045667839,0.018460130061763,13.297478317236935,0.3446679385619948,-0.005404003677924,3,1,0.1,13.608850067816036,0.796886062454673,1,0.551930508887794,0.27,0.3,1,10,1,2.363587258464527,0.8,0.796886062454673,0.796886062454673,1,0.9,-3.076655682413831
0.3744418409929757,0.0304437873535112,25.763167426344108,0.2867878983472767,-0.0094245536350941,3,1,0.1,29.992058377239854,0.9054083371007312,1,0.9833474209671076,0.27,0.3,1,10,1,4.557687836462007,0.8,0.9054083371007312,0.9054083371007312,1,0.9,-3.2467247966724893
0.4293838618345815,0.0311266028352528,36.618226002993445,0.4358383590581288,-0.0117913029073572,3,1,0.1,3.913557487619842,0.6510912269424615,1,0.8630319273665763,0.27,0.3,1,10,1,4.248717285048928,0.8,0.6510912269424615,0.6510912269424615,1,0.9,-3.54736312111009
0.1853276465759855,0.0168177853003077,11.91195132581342,1.1433453458655456,0.0298416680948983,3,1,0.1,5.712777731676423,0.4123861516182419,1,0.911843024344416,0.27,0.3,1,10,1,0.6164333299774045,0.8,0.4123861516182419,0.4123861516182419,1,0.9,-1.6530533010714183
0.5594344718674941,0.0070674522083422,32.38320464544636,2.4517255205983988,0.0620731085241484,3,1,0.1,0.7956664009204358,0.1310370879856293,1,0.7230203706984317,0.27,0.3,1,10,1,1.3583732026466822,0.8,0.1310370879856293,0.1310370879856293,1,0.9,-0.7093896709092089
0.3642713515043043,0.0299082638729623,10.227926739669806,0.3309450734533923,-0.008286782438414,3,1,0.1,4.081089282911656,0.8547789574697179,1,0.9903026448476312,0.27,0.3,1,10,1,2.2913321074494064,0.8,0.8547789574697179,0.8547789574697179,1,0.9,-5.572735234151584
0.3743465541232007,0.028328586132407,20.535169581787613,0.3020553891885056,-0.0088466386163239,3,1,0.1,5.171115533850951,0.8693569205093751,1,0.9404276120329622,0.27,0.3,1,10,1,3.815944631057544,0.8,0.8693569205093751,0.8693569205093751,1,0.9,-4.768368137429379
0.0226755244536841,0.0012375351080554,24.4081445355114,1.566259865397127,0.041092514988321,3,1,0.1,1.6158796257885806,0.3413735879160139,1,0.6496069283349014,0.27,0.3,1,10,1,0.18385279234813,0.8,0.3413735879160139,0.3413735879160139,1,0.9,-2.2441549753669
0.5778110289557592,0.0234139026719516,39.680237015769066,1.208477656259455,0.002023280250438,3,1,0.1,3.890965908781046,0.2569638643518335,1,0.5906927363352253,0.27,0.3,1,10,1,2.7069532270250765,0.8,0.2569638643518335,0.2569638643518335,1,0.9,-1.012580898146446
0.3677935087502924,0.0293456399611972,13.804804018372453,0.2967282016290354,-0.0085925209998193,3,1,0.1,4.959041212833139,0.9013398279819012,1,0.9801088978916992,0.27,0.3,1,10,1,3.0490478986119807,0.8,0.9013398279819012,0.9013398279819012,1,0.9,-5.216987008637553
0.3516320387548628,0.0281519626670136,10.241751694860508,0.3094164973731933,-0.0077073140924406,3,1,0.1,11.149008366179162,0.8967095311204936,1,0.8498100714113862,0.27,0.3,1,10,1,2.3956921636264257,0.8,0.8967095311204936,0.8967095311204936,1,0.9,-3.679573273055147
0.6064654906618501,0.0397484721258296,63.17445470105124,0.8796283427987516,-0.0159134352954108,3,1,0.1,2.9446643091724125,0.3654678535951653,1,0.9990752099409722,0.27,0.3,1,10,1,4.687250564279746,0.8,0.3654678535951653,0.3654678535951653,1,0.9,-1.7148319169257142
0.2174122719421248,0.0191094561622624,11.711809408828191,0.9068389345620016,0.0158662977241847,3,1,0.1,3.556468344018744,0.4882638136812745,1,0.9356449158981937,0.27,0.3,1,10,1,0.719361092746908,0.8,0.4882638136812745,0.4882638136812745,1,0.9,-2.394650523871229
0.3440737436043255,0.0208631883264829,23.583076784953903,0.248254402613312,-0.0059974284428992,3,1,0.1,7.691621976954761,0.9989979538372296,1,0.8320014325312866,0.27,0.3,1,10,1,4.509072063647554,0.8,0.9989979538372296,0.9989979538372296,1,0.9,-4.777995169286451
0.2651659621987456,0.0200831262092761,12.129544177609436,0.6902492038794281,0.0033724613911006,3,1,0.1,3.906564064598809,0.5655318636044798,1,0.7522975914346934,0.27,0.3,1,10,1,0.9506368299475368,0.8,0.5655318636044798,0.5655318636044798,1,0.9,-2.8466631079848224
0.3774363801774867,0.0302118134505069,20.88277186211859,0.3121223483885835,-0.0095634842561609,3,1,0.1,17.84861375081548,0.8528581425954723,1,0.8922814888526256,0.27,0.3,1,10,1,3.824208538278997,0.8,0.8528581425954723,0.8528581425954723,1,0.9,-3.199594039710542
0.7410347973163683,0.0133091716921976,79.09128992269979,1.367344027315821,0.0407603925901577,3,1,0.1,1.2511045402863328,0.1487554890014547,1,0.6189534853207346,0.27,0.3,1,10,1,4.079288229976295,0.8,0.1487554890014547,0.1487554890014547,1,0.9,-0.6862350240324293
0.36081987593504,0.0245889155130042,12.561968106715245,0.4665636763262283,-0.0064911559267885,3,1,0.1,3.0469146673148177,0.6679092306843801,1,0.7602893764152456,0.27,0.3,1,10,1,1.805209012952952,0.8,0.6679092306843801,0.6679092306843801,1,0.9,-4.557423356370916
0.3418883106771476,0.0150713913640069,24.126832233755465,0.7595359968800416,-0.0014519566010133,3,1,0.1,2.648984222393036,0.4654858512741371,1,0.5060164244215122,0.27,0.3,1,10,1,1.3963617253886482,0.8,0.4654858512741371,0.4654858512741371,1,0.9,-2.6299479082207933
0.2286386549976606,0.0189369046987115,6.506134278809812,0.4015664085834812,0.000967203917846,3,1,0.1,3.9543020606173176,0.9003633808725602,1,0.9427867833093307,0.27,0.3,1,10,1,0.8922226084416053,0.8,0.9003633808725602,0.9003633808725602,1,0.9,-6.403015562758382
0.5636554396054155,0.0074789538430008,44.53480836374637,1.9297219154430547,0.0332180841070613,3,1,0.1,0.8878485391975047,0.1534958213804286,1,0.555666995034118,0.27,0.3,1,10,1,1.5808037115342863,0.8,0.1534958213804286,0.1534958213804286,1,0.9,-0.8576124607841926
0.4528727435325196,0.0249771846487743,35.836143517728885,0.6181905769152555,-0.0096330607143278,3,1,0.1,2.55433812682605,0.5036137376114829,1,0.6725336824836388,0.27,0.3,1,10,1,3.0682368414078165,0.8,0.5036137376114829,0.5036137376114829,1,0.9,-3.10895934340735
0.7305268781571231,0.0298351897042219,36.69536693802748,1.399194871359689,0.0473024373200513,3,1,0.1,3.370158448585668,0.1730454755903626,1,0.9085479072954415,0.27,0.3,1,10,1,3.8324470763779774,0.8,0.1730454755903626,0.1730454755903626,1,0.9,-0.6553324887525083
0.3789481136350145,0.0199106223214951,40.10124483496105,0.3720341749129611,-0.0072456317636232,3,1,0.1,5.483245199678271,0.7085146800843294,1,0.6098403624025629,0.27,0.3,1,10,1,4.506440030248675,0.8,0.7085146800843294,0.7085146800843294,1,0.9,-3.3811268965276096
0.1755743572182029,0.0127332404991621,7.056909448716858,0.4157017631398655,0.0033350511220287,3,1,0.1,4.844490406104247,0.919563133670612,1,0.7530807971886111,0.27,0.3,1,10,1,0.708233991000321,0.8,0.919563133670612,0.919563133670612,1,0.9,-5.50212890409473
0.46250618105267,0.0342529231016059,32.44753391489839,0.5033545005802313,-0.0132927209643667,3,1,0.1,2.604453695918693,0.591107130824598,1,0.986900107718981,0.27,0.3,1,10,1,3.719765037974218,0.8,0.591107130824598,0.591107130824598,1,0.9,-4.188449429293346
0.4521185942040359,0.0321539348619897,21.24700770119865,0.5685343459260406,-0.0113734048510324,3,1,0.1,2.428524383552117,0.5541831790211087,1,0.926101415037864,0.27,0.3,1,10,1,2.577821950677245,0.8,0.5541831790211087,0.5541831790211087,1,0.9,-3.951064086134165
0.5799184193805137,0.0210506558911295,105.63799310543727,1.0004012908313873,-0.0066608606820028,3,1,0.1,1.7091987042320815,0.3143166584522058,1,0.6119973562375994,0.27,0.3,1,10,1,4.47453607544664,0.8,0.3143166584522058,0.3143166584522058,1,0.9,-1.835189543060947
0.1154089594320732,0.0101327508789553,6.586671080283775,0.4319928806270566,0.0079550550246473,3,1,0.1,5.249944817955059,0.9856582495449842,1,0.9579080300895706,0.27,0.3,1,10,1,0.4965595630485426,0.8,0.9856582495449842,0.9856582495449842,1,0.9,-5.846913972668181
0.3142708590959966,0.0159687021662287,9.606661695164824,0.2933478265879056,-0.0040591260474822,3,1,0.1,5.082424935777485,0.9206887800730628,1,0.5825972557330661,0.27,0.3,1,10,1,2.10702768686256,0.8,0.9206887800730628,0.9206887800730628,1,0.9,-5.315940260704494
0.5284575057590445,0.0370159605061712,30.046313740917967,0.785238271877557,-0.0137864950267274,3,1,0.1,4.142610602451122,0.424176722297128,1,0.8758290913581351,0.27,0.3,1,10,1,2.965073236746061,0.8,0.424176722297128,0.424176722297128,1,0.9,-1.8577801812097563
0.4321638869249802,0.0320235536172695,25.259409452243755,0.4538849516918855,-0.011729386689003,3,1,0.1,2.879286239625533,0.6414246119379431,1,0.927839268378333,0.27,0.3,1,10,1,3.3510532911453788,0.8,0.6414246119379431,0.6414246119379431,1,0.9,-4.452496681654195
0.3372019870483973,0.0236611023024,9.388816464464336,0.2802233614426441,-0.0061228862679366,3,1,0.1,4.496316166709632,0.9636280740688484,1,0.8439048952419526,0.27,0.3,1,10,1,2.344508696387375,0.8,0.9636280740688484,0.9636280740688484,1,0.9,-6.425065751584596
0.1906017539048128,0.010531040146977,8.959207458201885,0.4405070631907798,0.001901637232131,3,1,0.1,20.264080703288485,0.8283847750063252,1,0.510821545414826,0.27,0.3,1,10,1,0.7942958665408746,0.8,0.8283847750063252,0.8283847750063252,1,0.9,-3.052440938174425
0.3276492490015791,0.0164337836986475,12.82621191062004,0.2904593857732501,-0.0046546834067393,3,1,0.1,7.388102491412643,0.8989416633360094,1,0.5676322928668376,0.27,0.3,1,10,1,2.660929161312426,0.8,0.8989416633360094,0.8989416633360094,1,0.9,-4.1844707990570855
0.3532527410979807,0.0264108872596726,12.124910903617511,0.3275102047742513,-0.0076667606180413,3,1,0.1,105.986977388937,0.8460279905151986,1,0.7302920695740539,0.27,0.3,1,10,1,2.540108206144515,0.8,0.8460279905151986,0.8460279905151986,1,0.9,-2.8736159677985658
0.5646149527424896,0.0229995027197835,115.88957882226306,0.9156298594030317,-0.0088896295871127,3,1,0.1,1.91824526108848,0.3475344211737823,1,0.6312576607961209,0.27,0.3,1,10,1,4.959102705789241,0.8,0.3475344211737823,0.3475344211737823,1,0.9,-2.0067949818829565
0.0174230825584195,0.0016651152009389,13.99804874591559,1.1393475835786493,0.0446218459877716,3,1,0.1,24.237847209567366,0.4573273750542524,1,0.7216517914600821,0.27,0.3,1,10,1,0.1637958847221826,0.8,0.4573273750542524,0.4573273750542524,1,0.9,-1.5946298732651716
0.3584078993121745,0.0293393728318434,9.363601870091028,0.3793928058953834,-0.007527905833551,3,1,0.1,3.552817461323868,0.7914492575499686,1,0.9732296787263386,0.27,0.3,1,10,1,1.8726190772847204,0.8,0.7914492575499686,0.7914492575499686,1,0.9,-5.493758820486979
0.1722037672812388,0.0126074828692886,10.458482925086818,0.5789415591908975,0.0064266550192768,3,1,0.1,5.918997796399957,0.6988828530825556,1,0.6596586263449465,0.27,0.3,1,10,1,0.6773359252944513,0.8,0.6988828530825556,0.6988828530825556,1,0.9,-3.215504129792513
0.3797254655871911,0.0233861334031112,24.80059286772688,0.3740550488220263,-0.0080942863683738,3,1,0.1,5.21661897565629,0.7261423901161236,1,0.6764909875596957,0.27,0.3,1,10,1,3.512725404690944,0.8,0.7261423901161236,0.7261423901161236,1,0.9,-3.584800121313404
0.3752102697838992,0.0201768775551865,36.995678116532055,0.3524062573669219,-0.0071510509185269,3,1,0.1,3.9427735504488144,0.7398760806672345,1,0.6614910309437987,0.27,0.3,1,10,1,4.500784420722032,0.8,0.7398760806672345,0.7398760806672345,1,0.9,-4.387248192467531
0.1489676788083794,0.0131926535059212,6.332362700996528,0.416751385646588,0.0058935447793571,3,1,0.1,6.003513700087391,0.9734363551406372,1,0.9509391511480432,0.27,0.3,1,10,1,0.6014600905814884,0.8,0.9734363551406372,0.9734363551406372,1,0.9,-5.219528853629546
0.4725799695283815,0.0359337519619291,19.82608045961196,0.6455209063469641,-0.0123314322899771,3,1,0.1,3.1633493501260745,0.5103129677082249,1,0.961112042826304,0.27,0.3,1,10,1,2.4036313299444894,0.8,0.5103129677082249,0.5103129677082249,1,0.9,-2.727842391861657
0.3700074034926847,0.0193660562988029,20.77985773367103,0.6725934624356914,-0.0042811261453227,3,1,0.1,3.5638250619427607,0.5033980295515331,1,0.5599190629907937,0.27,0.3,1,10,1,1.6572458278099922,0.8,0.5033980295515331,0.5033980295515331,1,0.9,-2.502930190069116
0.4519590879437638,0.0279144384294561,51.762069316760254,0.516009485084808,-0.0113469308470142,3,1,0.1,2.7338503503510503,0.5667946247138737,1,0.7728348449096905,0.27,0.3,1,10,1,4.473910894179429,0.8,0.5667946247138737,0.5667946247138737,1,0.9,-3.659744513210548
0.0553400931797284,0.0042580540066469,10.659421815425944,0.6204566507932004,0.0145664554830768,3,1,0.1,3.730264831052559,0.7563779283121131,1,0.7254588557666618,0.27,0.3,1,10,1,0.3133449401017904,0.8,0.7563779283121131,0.7563779283121131,1,0.9,-4.785309847788277
0.2189471305637807,0.0145342356838991,7.965499187349387,0.4288746617738616,0.0010634557083957,3,1,0.1,4.523451904760432,0.8350223606345892,1,0.6754616781627211,0.27,0.3,1,10,1,0.888035402309066,0.8,0.8350223606345892,0.8350223606345892,1,0.9,-4.889431838467224
0.608020634223955,0.032114069007066,38.63947209307414,1.0329501950714115,-0.0078096257928469,3,1,0.1,1.7754865980046932,0.311510842233601,1,0.9744811506803508,0.27,0.3,1,10,1,3.158173692889587,0.8,0.311510842233601,0.311510842233601,1,0.9,-1.75811741114771
0.2931442450244405,0.022683499680249,8.753862125371397,0.4708173668587207,-0.0021783464147868,3,1,0.1,3.2867877038093933,0.7313056646908844,1,0.8528467400430207,0.27,0.3,1,10,1,1.1773315642677749,0.8,0.7313056646908844,0.7313056646908844,1,0.9,-5.06967555405197
0.5939556151168385,0.0304622107046876,37.45802716404285,1.0721674218354582,-0.0058355358934542,3,1,0.1,2.2671471118974065,0.2999408046725155,1,0.8271072888895199,0.27,0.3,1,10,1,3.005396154702275,0.8,0.2999408046725155,0.2999408046725155,1,0.9,-1.4462586093865577
0.4090638310150942,0.0211728432253707,41.007837704669335,0.4971433913826299,-0.0082705371035484,3,1,0.1,10.073608625476632,0.5786644937378237,1,0.5311468565615124,0.27,0.3,1,10,1,3.683935868355687,0.8,0.5786644937378237,0.5786644937378237,1,0.9,-2.227436295136222
0.4753917444392357,0.0232579816528607,86.63937171114245,0.6332019954538265,-0.0100310532002005,3,1,0.1,2.8051187478849147,0.4792576829858731,1,0.6131644320659577,0.27,0.3,1,10,1,4.933207369634527,0.8,0.4792576829858731,0.4792576829858731,1,0.9,-2.656576967646007
0.3867951658322012,0.032652174509934,12.130061980043928,0.3949514690136392,-0.0097956990347152,3,1,0.1,4.660581449486586,0.7469645291897924,1,0.9587048760865016,0.27,0.3,1,10,1,2.30766617036221,0.8,0.7469645291897924,0.7469645291897924,1,0.9,-3.9772557452114334
0.5099978199461791,0.0244012041898579,14.14489183197966,1.7596462895633045,0.0465815761639573,3,1,0.1,3.583258011166913,0.2022322469145542,1,0.8370121549934455,0.27,0.3,1,10,1,1.4146338768937992,0.8,0.2022322469145542,0.2022322469145542,1,0.9,-0.7763432668806161
0.4191887358384081,0.0289803143682169,36.2581279202945,0.4277147994510293,-0.010902837588447,3,1,0.1,4.309828834918196,0.6576182951425579,1,0.7970937660317876,0.27,0.3,1,10,1,4.196553187520488,0.8,0.6576182951425579,0.6576182951425579,1,0.9,-3.4039975477554867
0.4143781345452574,0.0278151538530061,20.110628463268785,0.4923060173979018,-0.0095983110450991,3,1,0.1,2.7248761573054403,0.6120168400313141,1,0.7976795624842858,0.27,0.3,1,10,1,2.5956516291096148,0.8,0.6120168400313141,0.6120168400313141,1,0.9,-4.286507017433084
0.3497258243882954,0.0262269701493628,9.986618493763938,0.3400937948699433,-0.007067260559147,3,1,0.1,4.534780765235113,0.8394542235376894,1,0.8379398130694365,0.27,0.3,1,10,1,2.117054393568942,0.8,0.8394542235376894,0.8394542235376894,1,0.9,-4.925803193756401
0.3909327849493822,0.0320672342630302,21.823174134849584,0.337357836963525,-0.0105373429405921,3,1,0.1,8.949484662194648,0.8042883873989922,1,0.931303075397582,0.27,0.3,1,10,1,3.7703279391074886,0.8,0.8042883873989922,0.8042883873989922,1,0.9,-3.3923173381027967
0.3646889930396346,0.0253710742956702,26.66756876015706,0.2718835776822308,-0.0077181755778373,3,1,0.1,4.246642535013903,0.9299183412391676,1,0.9941141923207903,0.27,0.3,1,10,1,4.662365001474922,0.8,0.9299183412391676,0.9299183412391676,1,0.9,-6.338225308851191
0.300813130633647,0.0188199737846343,8.211137604945096,0.343928321393958,-0.0038960067031154,3,1,0.1,9.171979702799552,0.8647656377663759,1,0.62497806244138,0.27,0.3,1,10,1,1.5679247689520617,0.8,0.8647656377663759,0.8647656377663759,1,0.9,-3.695554313051305
0.321035472919837,0.0134619001063699,12.958812606945372,0.2847176933482978,-0.0037920195897575,3,1,0.1,4.411237443158709,0.9040606339705504,1,0.5223532835027592,0.27,0.3,1,10,1,2.6461251091814946,0.8,0.9040606339705504,0.9040606339705504,1,0.9,-5.77532201700156
0.4800336019630946,0.0375542212591795,46.9308181323311,0.566866578499124,-0.015492562668037,3,1,0.1,92.05255910580227,0.5436283902577984,1,0.8063837936596175,0.27,0.3,1,10,1,4.463286066045107,0.8,0.5436283902577984,0.5436283902577984,1,0.9,-1.8374138371700628
0.7363894555020916,0.0180425555441511,65.97308591625398,1.3713135404691124,0.0408954097237025,3,1,0.1,1.5473351620368496,0.1592445519599815,1,0.7034687289273971,0.27,0.3,1,10,1,4.202227105535612,0.8,0.1592445519599815,0.1592445519599815,1,0.9,-0.698565872277678
0.365023916399311,0.0262243110274314,18.70162712283309,0.2887580792752765,-0.0079500260566543,3,1,0.1,4.55624286485384,0.8998196822527795,1,0.9129304345828236,0.27,0.3,1,10,1,3.671603297453163,0.8,0.8998196822527795,0.8998196822527795,1,0.9,-5.562825121118983
0.4105544804063081,0.0288164418365788,24.85982510495421,0.4599382324837324,-0.0104696238365662,3,1,0.1,11.301006315711064,0.6362186606247694,1,0.6985845885606078,0.27,0.3,1,10,1,3.1873015238762887,0.8,0.6362186606247694,0.6362186606247694,1,0.9,-2.441438378519156
0.5812726483265894,0.0190282102995261,26.9917381324265,1.520082814000959,0.023608816230442,3,1,0.1,1.8697090229850328,0.2011670141606094,1,0.6697552921332066,0.27,0.3,1,10,1,1.973375404032793,0.8,0.2011670141606094,0.2011670141606094,1,0.9,-0.8953285993437241
0.3073491268661221,0.0177062446677513,18.18282841473228,0.871463276769231,0.0034817884571431,3,1,0.1,2.1107126923098583,0.4495909705543921,1,0.6852898513077739,0.27,0.3,1,10,1,1.0649867145844265,0.8,0.4495909705543921,0.4495909705543921,1,0.9,-2.979456783730641
0.170142547712797,0.0148575573183117,9.725865742161307,0.6435340923888636,0.010435951602219,3,1,0.1,3.1158442517955494,0.6660014269770125,1,0.92514076502692,0.27,0.3,1,10,1,0.6306907557040333,0.8,0.6660014269770125,0.6660014269770125,1,0.9,-4.428869138678836
0.0011166076083301,7.142115525805447e-05,9.016409654488472,0.4900546628121112,0.0108623382410722,3,1,0.1,6.385147385308798,0.994754430412298,1,0.6294278116702012,0.27,0.3,1,10,1,0.0417396871058996,0.8,0.994754430412298,0.994754430412298,1,0.9,-5.209620817714637
0.3343962349901392,0.0162659355096112,23.17545603787599,0.8636513881626267,0.0006040934281429,3,1,0.1,3.150155879677432,0.4311342753595663,1,0.5341049689509267,0.27,0.3,1,10,1,1.259177402074909,0.8,0.4311342753595663,0.4311342753595663,1,0.9,-2.111363111616452
0.2819661777164502,0.0186001876887009,7.71993072886729,0.3702190707193696,-0.0027792300977979,3,1,0.1,5.835096488030937,0.8527253976816571,1,0.6724619356398057,0.27,0.3,1,10,1,1.301521489078077,0.8,0.8527253976816571,0.8527253976816571,1,0.9,-4.313144653677574
0.3303606440260061,0.0256712252080991,8.33007191717577,0.3565527894102037,-0.0059320352101849,3,1,0.1,5.974906116159488,0.8407600943810373,1,0.8188553773217394,0.27,0.3,1,10,1,1.7145598169693024,0.8,0.8407600943810373,0.8407600943810373,1,0.9,-4.17251988878637
0.3522429752949887,0.0172831499945391,17.787228522678706,0.4077244309212997,-0.0054948156128397,3,1,0.1,4.851833784104064,0.6893943167477264,1,0.5219359447124555,0.27,0.3,1,10,1,2.4042016773252795,0.8,0.6893943167477264,0.6893943167477264,1,0.9,-3.437734457813102
0.3609613370695079,0.0272403247589313,11.224565795585663,0.3622599487948756,-0.0077464465923306,3,1,0.1,4.467344062377866,0.7941615497258098,1,0.8340741928214723,0.27,0.3,1,10,1,2.21105712585552,0.8,0.7941615497258098,0.7941615497258098,1,0.9,-4.523571992510637
0.3586812746607641,0.0244644391019791,25.70502161638116,0.263532194165653,-0.0072978926220382,3,1,0.1,5.231276215267899,0.9542891413364076,1,0.9550860282270948,0.27,0.3,1,10,1,4.639152377901523,0.8,0.9542891413364076,0.9542891413364076,1,0.9,-5.538338446229791
0.3512338730321893,0.0207329471250687,22.6642832870742,0.2760757061340005,-0.0063046920812776,3,1,0.1,4.555293601237343,0.9140392739429224,1,0.7773995368368792,0.27,0.3,1,10,1,4.097860592656582,0.8,0.9140392739429224,0.9140392739429224,1,0.9,-5.729145637669624
0.7284571460012802,0.0096138638788994,41.761742036502135,1.6620094960378289,0.0700904634392253,3,1,0.1,1.0543291743613803,0.1236514125175932,1,0.6422866956589341,0.27,0.3,1,10,1,2.525959254865122,0.8,0.1236514125175932,0.1236514125175932,1,0.9,-0.5674576628923216
0.3280218369313073,0.0254714424035048,7.579228732296836,0.2899637512385183,-0.0059916577554519,3,1,0.1,7.526482376245922,0.9724617563808252,1,0.861673474019796,0.27,0.3,1,10,1,1.952518418185415,0.8,0.9724617563808252,0.9724617563808252,1,0.9,-4.640576068721858
0.5740289141669866,0.0200441920410394,19.3583557172728,1.7392709920493012,0.0447169505246279,3,1,0.1,2.041323932931172,0.18183449671731,1,0.76280581319195,0.27,0.3,1,10,1,1.6996123415723032,0.8,0.18183449671731,0.18183449671731,1,0.9,-0.7651476776775787
0.4154430705973083,0.0142228363993902,33.45832059518968,1.269899376476964,0.0061733269836992,3,1,0.1,2.175515681341153,0.287530574222661,1,0.5027280049376316,0.27,0.3,1,10,1,1.4242449343044483,0.8,0.287530574222661,0.287530574222661,1,0.9,-1.38580064813228
0.3711830621806905,0.0291296193517774,12.41684457032083,0.5922024415392475,-0.0060819060706389,3,1,0.1,4.708767573809618,0.5809512251252579,1,0.8212894986763709,0.27,0.3,1,10,1,1.5445620319995843,0.8,0.5809512251252579,0.5809512251252579,1,0.9,-2.71934498999583
0.3336721218509781,0.0150134927212204,24.586754848095005,0.2669775355679238,-0.0045455330084038,3,1,0.1,39.6100849994034,0.9245438214787332,1,0.5659013317221714,0.27,0.3,1,10,1,4.245739801028103,0.8,0.9245438214787332,0.9245438214787332,1,0.9,-3.25932405845091
0.0113710473633162,0.0012760830805518,10.058988521510726,0.8106894549724905,0.0340794724452909,3,1,0.1,9.371614948616328,0.637635891985575,1,0.9520678903364026,0.27,0.3,1,10,1,0.1307514937693596,0.8,0.637635891985575,0.637635891985575,1,0.9,-2.5265648856368665
0.3516119259891712,0.0171702645171706,26.220424335353165,0.3124094224525958,-0.0056308775368807,3,1,0.1,4.850021964107682,0.8149820615158161,1,0.6006002973522279,0.27,0.3,1,10,1,3.956688850054641,0.8,0.8149820615158161,0.8149820615158161,1,0.9,-4.468734131776803
0.5051117025380258,0.0276471078653446,72.61568201596047,0.6852498433744386,-0.011848421985366,3,1,0.1,2.5374826211913253,0.456876412059428,1,0.7144930121646934,0.27,0.3,1,10,1,4.586083215886667,0.8,0.456876412059428,0.456876412059428,1,0.9,-2.6262658789866373
0.4522254251602456,0.0197260594551006,32.522603279657325,0.9760739186212096,-0.0030928617168933,3,1,0.1,3.175043519068854,0.3581922027795808,1,0.5411960071132513,0.27,0.3,1,10,1,1.9244989949087663,0.8,0.3581922027795808,0.3581922027795808,1,0.9,-1.6205623422392392
0.2976465067300354,0.0149738527300806,7.907619033058624,0.2774450668550435,-0.0033978133915834,3,1,0.1,25.19535852104382,0.9866292772279556,1,0.5368808815475317,0.27,0.3,1,10,1,1.872548476728217,0.8,0.9866292772279556,0.9866292772279556,1,0.9,-3.61948130236954
0.3441954961986004,0.020116770171797,16.069320367537223,0.2879889233081069,-0.0059719304778339,3,1,0.1,5.969873698521074,0.8977756728251065,1,0.6848105062636679,0.27,0.3,1,10,1,3.215219764052782,0.8,0.8977756728251065,0.8977756728251065,1,0.9,-4.610339046050562
0.2681616672711437,0.023821634792658,8.660764716522566,0.5508541563134425,0.0013684648885405,3,1,0.1,3.656730821804096,0.6860014967150688,1,0.9808892128722118,0.27,0.3,1,10,1,0.968833146905026,0.8,0.6860014967150688,0.6860014967150688,1,0.9,-4.066875493551488
0.4066938742240016,0.0273718595303351,24.308791931889147,0.4829774333722285,-0.0099024420169888,3,1,0.1,66.18599553700221,0.6150536512012029,1,0.6336442976540723,0.27,0.3,1,10,1,2.977099855099218,0.8,0.6150536512012029,0.6150536512012029,1,0.9,-2.09561858617165
0.3233604359653925,0.0252950409968123,7.942300782030586,0.372432028299501,-0.0052116148779327,3,1,0.1,3.959179200752637,0.8295136841688938,1,0.8808007981373355,0.27,0.3,1,10,1,1.5428951493741894,0.8,0.8295136841688938,0.8295136841688938,1,0.9,-5.409693300020845
0.4376870490349653,0.0249981362928788,39.52306347441284,0.537716875111066,-0.0098692727983298,3,1,0.1,2.9833745604551525,0.5526991825801838,1,0.6701350555217467,0.27,0.3,1,10,1,3.589424199018061,0.8,0.5526991825801838,0.5526991825801838,1,0.9,-3.2450978887547217
0.3663071555766155,0.0249168878829426,13.59279504205563,0.4415347345260649,-0.0072789300528745,3,1,0.1,4.555951913214469,0.6828975386547516,1,0.7061512539160086,0.27,0.3,1,10,1,2.0537782225827024,0.8,0.6828975386547516,0.6828975386547516,1,0.9,-3.500672634244013
0.3388747638774041,0.0201448484950964,14.389478508731877,0.2798158049606948,-0.0057976635087621,3,1,0.1,10.262641798014643,0.9256415582334973,1,0.668991828173845,0.27,0.3,1,10,1,3.0680544767311253,0.8,0.9256415582334973,0.9256415582334973,1,0.9,-3.907914247138196
0.5055056169751926,0.0323338646159438,25.06096229762462,0.8050776013628367,-0.010446276150807,3,1,0.1,2.460869175485759,0.4212150147543628,1,0.8777020596030136,0.27,0.3,1,10,1,2.40916902905352,0.8,0.4212150147543628,0.4212150147543628,1,0.9,-2.33768854919271
0.5480585813668594,0.0348769349107912,48.64589058010426,0.8533447465427308,-0.0136586714462013,3,1,0.1,11.104116055931843,0.3857253299569251,1,0.7228692537557024,0.27,0.3,1,10,1,3.773871386209895,0.8,0.3857253299569251,0.3857253299569251,1,0.9,-1.3991574977919008
0.3507633431871806,0.0143886087091755,36.2338443850653,0.3172377412035619,-0.0049073545547585,3,1,0.1,4.311802490273369,0.7879993698235153,1,0.5454773567766955,0.27,0.3,1,10,1,4.586132026520468,0.8,0.7879993698235153,0.7879993698235153,1,0.9,-4.579470312676008
0.0012702472646744,0.0001210153958709,10.806582852189848,0.7408813219285281,0.0265084456865615,3,1,0.1,3.831026585691116,0.6935875272042318,1,0.8814567787515989,0.27,0.3,1,10,1,0.0435145884129344,0.8,0.6935875272042318,0.6935875272042318,1,0.9,-4.002960890805799
0.5737240130051358,0.0213317238553852,75.31491108092295,0.9973316417635332,-0.0063828440428123,3,1,0.1,1.4567431344888626,0.3196110095058597,1,0.6694204358790156,0.27,0.3,1,10,1,3.696446319897881,0.8,0.3196110095058597,0.3196110095058597,1,0.9,-2.1828483259772087
0.420833525707516,0.0232264716769797,36.24362127421616,0.5107568039044178,-0.0089784979947169,3,1,0.1,3.377066740258589,0.5727617264294235,1,0.6253324924624266,0.27,0.3,1,10,1,3.4484116337830484,0.8,0.5727617264294235,0.5727617264294235,1,0.9,-3.159582228039397
0.3274785788314674,0.0267252787424898,7.434589781452336,0.3460137343005759,-0.0056822960185685,3,1,0.1,4.055695897791084,0.8755691430870217,1,0.9571211438202682,0.27,0.3,1,10,1,1.611253939937674,0.8,0.8755691430870217,0.8755691430870217,1,0.9,-5.881055316579055
0.4028027393396787,0.021448359771375,53.24980256238051,0.4413899201674882,-0.0084046021197433,3,1,0.1,15.02699731039582,0.6243381326370672,1,0.5639128758685985,0.27,0.3,1,10,1,4.712213731242933,0.8,0.6243381326370672,0.6243381326370672,1,0.9,-2.3045402617341493
0.0967750466421241,0.008458654234441,8.245238672585593,0.5269678245585304,0.0112736928878733,3,1,0.1,7.535928100629286,0.840107326376486,1,0.8032245330402028,0.27,0.3,1,10,1,0.4413226728005215,0.8,0.840107326376486,0.840107326376486,1,0.9,-3.7848842659993824
0.2523725472725129,0.0120684867465629,17.509848337068224,0.6622395791453201,0.0015979763077913,3,1,0.1,2.8772615274314024,0.5568186360466926,1,0.5060898179270583,0.27,0.3,1,10,1,0.9877846321734038,0.8,0.5568186360466926,0.5568186360466926,1,0.9,-3.384230081173624
0.368653994739891,0.0279916923533837,19.059943595908702,0.2911216844869893,-0.0085216215864298,3,1,0.1,6.204143481887574,0.8976862965415342,1,0.9313413813110164,0.27,0.3,1,10,1,3.736578916337297,0.8,0.8976862965415342,0.8976862965415342,1,0.9,-4.517433182238441
0.3451932554499332,0.0308849318293676,7.796898580190508,0.3060399801589618,-0.007553552101025,3,1,0.1,10.119645706842473,0.937667293182131,1,0.994600368587293,0.27,0.3,1,10,1,2.0053634935657194,0.8,0.937667293182131,0.937667293182131,1,0.9,-3.987709475775576
0.7072067811547046,0.0176638869418701,82.18638113534197,1.3222518746447505,0.0196233409927625,3,1,0.1,1.198734369796285,0.1841751804309817,1,0.727075327850348,0.27,0.3,1,10,1,4.286683351269075,0.8,0.1841751804309817,0.1841751804309817,1,0.9,-0.956997549382649
0.5324652263312257,0.0215702890855334,30.8348495342572,1.260045957486926,0.0049659571376172,3,1,0.1,3.5798335452824697,0.2600705685110345,1,0.5813637515404386,0.27,0.3,1,10,1,2.0840284743862023,0.8,0.2600705685110345,0.2600705685110345,1,0.9,-1.043848694340836
0.3782584718136791,0.0217353512040618,18.082411620267944,0.5527846601506158,-0.0062609124965841,3,1,0.1,3.055377894747876,0.5739818823995387,1,0.6310590086264428,0.27,0.3,1,10,1,1.9305861036906269,0.8,0.5739818823995387,0.5739818823995387,1,0.9,-3.406454574185956
0.3543173536391413,0.0309074359911141,8.977451217613549,0.423651146786184,-0.0071752837754079,3,1,0.1,4.7890267227643495,0.748052157370077,1,0.9685975315999444,0.27,0.3,1,10,1,1.6506266021924376,0.8,0.748052157370077,0.748052157370077,1,0.9,-3.9235062593630943
0.3424041095050142,0.0272398741542468,8.737365865022086,0.2800710223794965,-0.0069156905751238,3,1,0.1,6.255802421963532,0.9776014634505996,1,0.9344807377224178,0.27,0.3,1,10,1,2.290624472806112,0.8,0.9776014634505996,0.9776014634505996,1,0.9,-5.128799525553955
0.382489335802753,0.0223148115173254,25.19877751737484,0.4097963270747765,-0.0078962077776893,3,1,0.1,6.864196355677096,0.6784055813840888,1,0.606195446469682,0.27,0.3,1,10,1,3.25553626014857,0.8,0.6784055813840888,0.6784055813840888,1,0.9,-2.939145795779845
0.4678382310867199,0.0202793557470255,60.87089715791428,0.7084867108393645,-0.0082039828100745,3,1,0.1,3.18978722666754,0.443466089596586,1,0.5253595014120607,0.27,0.3,1,10,1,3.56161027045109,0.8,0.443466089596586,0.443466089596586,1,0.9,-2.187998136605427
0.2233875814455495,0.0173574135487499,6.860017770422949,0.3994908756128071,0.000625021537072,3,1,0.1,54.01898740655065,0.8889388183607468,1,0.70340694958427,0.27,0.3,1,10,1,0.9138724765812604,0.8,0.8889388183607468,0.8889388183607468,1,0.9,-3.0814491385941825
0.1772669496836128,0.0171796355146402,6.642789042212884,0.4545560856160113,0.0056180672088763,3,1,0.1,12.145217075788464,0.878650209523745,1,0.9436116453231674,0.27,0.3,1,10,1,0.6848099239131229,0.8,0.878650209523745,0.878650209523745,1,0.9,-3.5236461536115256
0.4956131215711415,0.0300027030303923,25.676780620744463,0.7927373085822121,-0.0095808462137006,3,1,0.1,2.1029233198833506,0.4267806140354823,1,0.8562624468677174,0.27,0.3,1,10,1,2.353466037824244,0.8,0.4267806140354823,0.4267806140354823,1,0.9,-2.7022111098036943
0.629925383809867,0.0221589869131445,61.39183070102446,1.2310826187523607,0.005247596198987,3,1,0.1,3.368914087017905,0.22946347501542,1,0.5747016390744918,0.27,0.3,1,10,1,3.646127730822971,0.8,0.22946347501542,0.22946347501542,1,0.9,-0.9094087655342982
0.2605311674531836,0.0215370358614828,6.373856546396285,0.3748048288057676,-0.0013928328670071,3,1,0.1,5.439582831004426,0.9058329754472858,1,0.8918061951352839,0.27,0.3,1,10,1,1.0712825304814406,0.8,0.9058329754472858,0.9058329754472858,1,0.9,-4.93825832853156
0.4081102944436774,0.0247926196807802,29.061443028200745,0.4456073289353889,-0.0091487001520969,3,1,0.1,2.8814314877319123,0.6371754810119096,1,0.7184936550646018,0.27,0.3,1,10,1,3.417163080064592,0.8,0.6371754810119096,0.6371754810119096,1,0.9,-4.388022206208319
0.352826148700978,0.0156930143303755,32.694184992652325,0.3154453703717013,-0.0052863517464971,3,1,0.1,3.800277038526682,0.7977148166487776,1,0.5870053677539966,0.27,0.3,1,10,1,4.398430343180271,0.8,0.7977148166487776,0.7977148166487776,1,0.9,-5.211667964402587
0.3814041511449253,0.0201391535769193,34.974728879873744,0.3792883744837934,-0.0072928038113294,3,1,0.1,3.3455255870149854,0.70095387573347,1,0.6388632250749191,0.27,0.3,1,10,1,4.109006255332649,0.8,0.70095387573347,0.70095387573347,1,0.9,-4.571354793090461
0.4677419000300701,0.0279181119063367,23.601366745109164,0.7560136764282452,-0.0084639110361042,3,1,0.1,2.059836965903599,0.4483511331976463,1,0.8160358463255479,0.27,0.3,1,10,1,2.1605429218234127,0.8,0.4483511331976463,0.4483511331976463,1,0.9,-3.0368765305798995
0.0118742127669731,0.0009150897075905,16.8648440748664,1.3934603114357111,0.04915237497662,3,1,0.1,2.42680740084191,0.3897863514334673,1,0.7821664637541905,0.27,0.3,1,10,1,0.1307204007892773,0.8,0.3897863514334673,0.3897863514334673,1,0.9,-2.078105220522181
0.3575548196487101,0.0248765309471812,21.242561525025103,0.277060188210235,-0.0074883122800929,3,1,0.1,11.165818975927222,0.9249641126643394,1,0.8366709307097231,0.27,0.3,1,10,1,4.044096231708682,0.8,0.9249641126643394,0.9249641126643394,1,0.9,-3.821964026722891
0.2823155408782434,0.0128294659707774,8.210855864951219,0.3242335002877679,-0.0024707574529806,3,1,0.1,4.635712304696771,0.8964783212673353,1,0.5169290675853262,0.27,0.3,1,10,1,1.5007868134880962,0.8,0.8964783212673353,0.8964783212673353,1,0.9,-5.4454018148229935
0.0014020674293845,0.0001100460148768,10.37293946157033,0.6095203527407695,0.0171786470729862,3,1,0.1,4.067903019251638,0.8179144542957077,1,0.7364302166607353,0.27,0.3,1,10,1,0.0464278838401242,0.8,0.8179144542957077,0.8179144542957077,1,0.9,-5.135903913396668
0.3659204943902745,0.0157039441162965,39.2447080753561,0.3652229302631113,-0.0056905904654186,3,1,0.1,4.5390699093572975,0.7075933161276574,1,0.5217333477464969,0.27,0.3,1,10,1,4.313742369306767,0.8,0.7075933161276574,0.7075933161276574,1,0.9,-3.707057454750804
0.3508532238465571,0.0257935229880267,15.50175779197333,0.2604377004903693,-0.0072576071679142,3,1,0.1,12.03875375963069,0.9878752807331342,1,0.8812992192798811,0.27,0.3,1,10,1,3.511438045264515,0.8,0.9878752807331342,0.9878752807331342,1,0.9,-4.072714135754697
0.038594627524638,0.003406282650056,15.084500186389215,1.0552670599603664,0.0351825807389589,3,1,0.1,38.0429980506101,0.4753440927246499,1,0.652081458220783,0.27,0.3,1,10,1,0.2532779731594058,0.8,0.4753440927246499,0.4753440927246499,1,0.9,-1.6320627823906726
0.4136703684976456,0.0346350122079632,12.795752396090656,0.5927274126401207,-0.0090612241557657,3,1,0.1,3.688191602208783,0.5710375913922346,1,0.9965706004600234,0.27,0.3,1,10,1,1.7745134187554443,0.8,0.5710375913922346,0.5710375913922346,1,0.9,-2.980052597634959
0.5708453899354681,0.0273986815964659,37.32239146809806,1.142261860431924,-0.0020003373610485,3,1,0.1,10.493064901244852,0.2782993717965876,1,0.6088133472755752,0.27,0.3,1,10,1,2.8198389992417416,0.8,0.2782993717965876,0.2782993717965876,1,0.9,-0.9888603740193034
0.2814598194163289,0.0231448581009097,9.916577118311746,0.5981479686957957,0.0011652026059545,3,1,0.1,2.8960499961580304,0.6326895224833055,1,0.9352480852953132,0.27,0.3,1,10,1,1.008258520493668,0.8,0.6326895224833055,0.6326895224833055,1,0.9,-4.301858174940878
0.129124765473405,0.0146529789386943,8.4308410647649,0.6821774592216233,0.0186345246900809,3,1,0.1,57.108500613020176,0.6689112154345866,1,0.9933957706462322,0.27,0.3,1,10,1,0.5107503021979569,0.8,0.6689112154345866,0.6689112154345866,1,0.9,-2.292354811474638
0.4904868043566961,0.0282924255935705,57.676008780237495,0.633575295029929,-0.0118887026312777,3,1,0.1,2.3327891660801914,0.4875074971919335,1,0.7617370170724097,0.27,0.3,1,10,1,4.2290348449527295,0.8,0.4875074971919335,0.4875074971919335,1,0.9,-3.171530606448216
0.1580397116182543,0.0114939008389987,9.120609127303888,0.5218036159048682,0.0061798725668239,3,1,0.1,3.677062163905477,0.7785648016721335,1,0.7296850162415073,0.27,0.3,1,10,1,0.6318388902188261,0.8,0.7785648016721335,0.7785648016721335,1,0.9,-5.129388498785015
0.3663528414782178,0.0173198716256522,37.60325089761027,0.3434996306513004,-0.0061055500175152,3,1,0.1,3.295737342651271,0.7464865064570377,1,0.6128513228861451,0.27,0.3,1,10,1,4.507974069059364,0.8,0.7464865064570377,0.7464865064570377,1,0.9,-5.277403650745413
0.3662649759165446,0.0272031349790305,14.486951594625484,0.7010177502149647,-0.0042933236006259,3,1,0.1,17.811947902421075,0.5119917632507622,1,0.6889886989383198,0.27,0.3,1,10,1,1.458063586266622,0.8,0.5119917632507622,0.5119917632507622,1,0.9,-1.8293325558057791
0.4035474513107483,0.0296332216779477,18.10216299641712,0.4500694169941236,-0.0100297937881563,3,1,0.1,4.57021171021069,0.6582284212122089,1,0.7923050320834236,0.27,0.3,1,10,1,2.660635011138263,0.8,0.6582284212122089,0.6582284212122089,1,0.9,-3.3046592130628563
0.2197462610166314,0.0196151804732295,8.194058224814764,0.5314858809686995,0.0041917138737466,3,1,0.1,4.489375519726171,0.7364611801360976,1,0.9192304957442092,0.27,0.3,1,10,1,0.8088837975601672,0.8,0.7364611801360976,0.7364611801360976,1,0.9,-3.977253990990453
3.3130197484179125e-05,2.442471723252012e-06,19.19768984508925,1.2143404110164389,0.0387875864610406,3,1,0.1,3.5336788285084584,0.4314991706451305,1,0.629842074134288,0.27,0.3,1,10,1,0.00707858966321,0.8,0.4314991706451305,0.4314991706451305,1,0.9,-2.011438529451973
0.3435614293518747,0.0174931921779829,23.95109160989489,0.2907061297001888,-0.0054950908695519,3,1,0.1,63.920134280105216,0.8693547616908163,1,0.5824786634119621,0.27,0.3,1,10,1,3.9907473906666926,0.8,0.8693547616908163,0.8693547616908163,1,0.9,-2.99282602364548
0.5639331935481141,0.0286267437605867,42.92607751859245,0.909318835329811,-0.0096414831780387,3,1,0.1,1.6096686469102242,0.3611284065339176,1,0.8726780473699114,0.27,0.3,1,10,1,3.120168548419995,0.8,0.3611284065339176,0.3611284065339176,1,0.9,-2.5261626230742724
0.3432810123560653,0.0241595375283703,10.364322313161706,0.3495915144919955,-0.0065180684711116,3,1,0.1,5.696896003294871,0.8195756405737934,1,0.7409617081768138,0.27,0.3,1,10,1,2.071292520910636,0.8,0.8195756405737934,0.8195756405737934,1,0.9,-4.112363587952544
0.3370196859032806,0.0178978206986062,16.935668116146953,0.2655500077574359,-0.0051787115225276,3,1,0.1,4.75846325626771,0.9490587517905912,1,0.6841502027183952,0.27,0.3,1,10,1,3.477388458431271,0.8,0.9490587517905912,0.9490587517905912,1,0.9,-5.91728762695713
0.3579719663644845,0.0147151484859347,40.49396792472502,0.3365954627215094,-0.0051904214233504,3,1,0.1,3.777206616987602,0.7497388515671675,1,0.5429788769516894,0.27,0.3,1,10,1,4.657595558373792,0.8,0.7497388515671675,0.7497388515671675,1,0.9,-4.655120915576084
0.0407839595410944,0.0042013409655464,10.522998320245518,0.7765243394841188,0.0273214731031929,3,1,0.1,9.512965086471716,0.6390611386517117,1,0.8506638037527467,0.27,0.3,1,10,1,0.2586068115360705,0.8,0.6390611386517117,0.6390611386517117,1,0.9,-2.5261783729960987
0.3417505141843922,0.0212370121086417,14.806835070106647,0.2841894069769081,-0.0061772074555128,3,1,0.1,26.54729115676872,0.9159570565292444,1,0.6694723839867873,0.27,0.3,1,10,1,3.1151925224715344,0.8,0.9159570565292444,0.9159570565292444,1,0.9,-3.32051356890224
0.3455805592892458,0.0308869180083657,8.659851247768101,0.3935316076405676,-0.0074032713004353,3,1,0.1,116.64854968622576,0.7877180542001889,1,0.8451363498623997,0.27,0.3,1,10,1,1.7288827352964709,0.8,0.7877180542001889,0.7877180542001889,1,0.9,-2.667762264955252
0.348503958555737,0.0209689589420139,24.99408255192593,0.2621527769512378,-0.0062469222473546,3,1,0.1,6.717477493088476,0.9524841044335932,1,0.8049889721829029,0.27,0.3,1,10,1,4.500288154645001,0.8,0.9524841044335932,0.9524841044335932,1,0.9,-4.744731017203323
0.4268605720765714,0.0271572507258212,36.00945555442423,0.4748141113749513,-0.0104615101629907,3,1,0.1,3.4396185852917034,0.6078934143698624,1,0.7359407140607581,0.27,0.3,1,10,1,3.8134638274832273,0.8,0.6078934143698624,0.6078934143698624,1,0.9,-3.448315928131403
0.321859121280334,0.0215286986525206,8.98652891375346,0.3323292213201241,-0.0052768974330874,3,1,0.1,14.345357272179136,0.8647402806397995,1,0.6591468920961103,0.27,0.3,1,10,1,1.870686068358125,0.8,0.8647402806397995,0.8647402806397995,1,0.9,-3.3542560689674703
0.4129324357504447,0.0275126930367473,25.0505214958784,0.4542436537486945,-0.0099774990143923,3,1,0.1,3.379146437622744,0.6375920067247971,1,0.7615417036084748,0.27,0.3,1,10,1,3.176486444814409,0.8,0.6375920067247971,0.6375920067247971,1,0.9,-3.796976817841197
0.2683335849277975,0.0113354379809449,25.87026639829136,1.3496502023129993,0.0158584772316131,3,1,0.1,1.4750982422030656,0.3183572333136667,1,0.6273253047306903,0.27,0.3,1,10,1,0.8432602046732045,0.8,0.3183572333136667,0.3183572333136667,1,0.9,-2.1376978236677227
0.1250051414965008,0.0090621536291858,12.17926221308367,0.674624596075171,0.0114435607671701,3,1,0.1,3.360239691584152,0.6495072074269368,1,0.6864624558274847,0.27,0.3,1,10,1,0.5209699134570938,0.8,0.6495072074269368,0.6495072074269368,1,0.9,-3.943681602668588
0.1486426735091817,0.0122061455532424,6.880545725340893,0.4330520423209431,0.0056681067303929,3,1,0.1,6.110392302668095,0.932402110548834,1,0.8329228710086423,0.27,0.3,1,10,1,0.6062140629752334,0.8,0.932402110548834,0.932402110548834,1,0.9,-4.826472294339962
0.3498104369432177,0.0244726144222309,10.938145597654904,0.3390079361210166,-0.0068215192927249,3,1,0.1,4.086121495752491,0.8297771381524457,1,0.7878594790118407,0.27,0.3,1,10,1,2.233182161703128,0.8,0.8297771381524457,0.8297771381524457,1,0.9,-5.25675950203
0.0503120511671487,0.0052057694349746,9.262571615846376,0.6668767915261381,0.0219512644607216,3,1,0.1,10.67460925141206,0.7260474235560268,1,0.884164786734624,0.27,0.3,1,10,1,0.2920357539631932,0.8,0.7260474235560268,0.7260474235560268,1,0.9,-2.8767046213968834
0.3675037559148424,0.0277806141758634,17.917850414491717,0.2855099372406367,-0.0083279659273742,3,1,0.1,4.716937344301753,0.9124841892094638,1,0.9718123258615606,0.27,0.3,1,10,1,3.640358058680582,0.8,0.9124841892094638,0.9124841892094638,1,0.9,-5.544114895983109
0.495709285933807,0.0265511401254791,58.67896855516048,0.6733176755239818,-0.0111029059988438,3,1,0.1,2.1302074412823,0.4642274026618355,1,0.7259533909953172,0.27,0.3,1,10,1,4.028980640059524,0.8,0.4642274026618355,0.4642274026618355,1,0.9,-3.1483319437867285
0.3362849529524921,0.0254592502329514,11.581527060201353,0.5910761346331129,-0.0032920260305406,3,1,0.1,3.210099271018564,0.5979981327757843,1,0.8312628979397672,0.27,0.3,1,10,1,1.3115597160823764,0.8,0.5979981327757843,0.5979981327757843,1,0.9,-3.5259437073435125
0.2824702738767045,0.0177737150678864,10.467905427227846,0.4843000216305979,-0.0016662236209437,3,1,0.1,3.365983644693583,0.6997515896813745,1,0.6570500233194875,0.27,0.3,1,10,1,1.1839620644369877,0.8,0.6997515896813745,0.6997515896813745,1,0.9,-4.529794072248369
0.7570615645679198,0.0233028192100202,65.73122427783683,1.371379938144776,0.0460033457677528,3,1,0.1,1.5893546420802076,0.1630977289674525,1,0.9142248239070178,0.27,0.3,1,10,1,4.819396591487488,0.8,0.1630977289674525,0.1630977289674525,1,0.9,-0.714817932113986
0.2912864191274849,0.0146138025486821,8.724942061333731,0.3449677451926345,-0.0029148339636329,3,1,0.1,3.791309883918924,0.8538059603939816,1,0.5652891522255159,0.27,0.3,1,10,1,1.5182874487617886,0.8,0.8538059603939816,0.8538059603939816,1,0.9,-5.997536205542037
0.3499721956899453,0.0256021546700749,12.051340858873502,0.2779193266509353,-0.0071091589759734,3,1,0.1,5.692333273452096,0.9511540328241608,1,0.8738705595000328,0.27,0.3,1,10,1,2.854956779521996,0.8,0.9511540328241608,0.9511540328241608,1,0.9,-5.19658939953496
0.3211368781774023,0.0133399215926656,13.31000378665058,0.2809641315582796,-0.0037714604414685,3,1,0.1,4.760942017476725,0.9109997569738396,1,0.5185837831878849,0.27,0.3,1,10,1,2.7277537645640706,0.8,0.9109997569738396,0.9109997569738396,1,0.9,-5.486101083982693
0.5780926694139074,0.0244442333437402,33.744136315709724,1.1386862314141215,-0.0013735078026034,3,1,0.1,1.3465907203450465,0.2878965389041495,1,0.8696642926810267,0.27,0.3,1,10,1,2.434748164405564,0.8,0.2878965389041495,0.2878965389041495,1,0.9,-1.914939487521437
0.4391531515759528,0.025413849572312,28.117820912131588,0.6373670795025487,-0.0090900852399492,3,1,0.1,3.620345191286624,0.5016690511238489,1,0.6444896465597342,0.27,0.3,1,10,1,2.58107975705557,0.8,0.5016690511238489,0.5016690511238489,1,0.9,-2.4712588041450543
0.8201396513947123,0.0078958684963485,32.80509449826535,1.4238209325770916,0.2020974753180084,3,1,0.1,5.566489087399069,0.0878143400112188,1,0.507993279095541,0.27,0.3,1,10,1,2.935622623936628,0.8,0.0878143400112188,0.0878143400112188,1,0.9,-0.3039009324611452
0.2845415581697159,0.0156017558796635,14.75153062614813,1.8613182957045984,0.0485285472736314,3,1,0.1,2.061842002344438,0.24872606924767,1,0.8843774434602658,0.27,0.3,1,10,1,0.7766249193012899,0.8,0.24872606924767,0.24872606924767,1,0.9,-1.1538764168782354
0.4098256796347839,0.0360774776028079,13.15838081513071,0.4726695422343666,-0.0111866887357368,3,1,0.1,6.395799118831661,0.65958685515223,1,0.9580674105792996,0.27,0.3,1,10,1,2.210892906029869,0.8,0.65958685515223,0.65958685515223,1,0.9,-2.895333729978804
0.3216904951909332,0.0157783676536276,11.961294758430247,0.3748275019182899,-0.0041303217492824,3,1,0.1,3.8420870391419344,0.7629442787441423,1,0.5403883947312473,0.27,0.3,1,10,1,1.880817269718058,0.8,0.7629442787441423,0.7629442787441423,1,0.9,-4.7388678187347
0.277963048198409,0.0180047129215754,13.499974279950674,0.6485169931443641,0.0009687116859142,3,1,0.1,3.1910201652025747,0.5736709000863469,1,0.6635908352736691,0.27,0.3,1,10,1,1.048868011111293,0.8,0.5736709000863469,0.5736709000863469,1,0.9,-3.2939993603646816
0.3318314353105345,0.01659413641456,17.50185188984692,0.2488711740363614,-0.0046733839658512,3,1,0.1,4.524656075012845,0.9962433807913648,1,0.6907885475427962,0.27,0.3,1,10,1,3.688919157373837,0.8,0.9962433807913648,0.9962433807913648,1,0.9,-6.829512096756249
0.4417633477596141,0.0284538540978497,34.24064214105138,0.5126887347299081,-0.0110422068222086,3,1,0.1,2.854705591892005,0.5781234160755364,1,0.7763952831467849,0.27,0.3,1,10,1,3.5630332631441366,0.8,0.5781234160755364,0.5781234160755364,1,0.9,-3.6534863083238927
0.3076757498019323,0.0133934177981918,9.89135345604083,0.2627927148589398,-0.0034077935548357,3,1,0.1,14.296575499149505,0.988618364669012,1,0.5053265979724233,0.27,0.3,1,10,1,2.349104087314205,0.8,0.988618364669012,0.988618364669012,1,0.9,-3.9294116382042814
0.1347600997323852,0.0132520903060353,7.938746666543491,0.553241918292603,0.0112356120499119,3,1,0.1,9.177564075970544,0.782765921993578,1,0.9113733662404704,0.27,0.3,1,10,1,0.543225054506412,0.8,0.782765921993578,0.782765921993578,1,0.9,-3.257505398715498
0.3308293739767959,0.0200552556031913,11.275757322465155,0.2894241087593211,-0.005500571721773,3,1,0.1,20.863665330011283,0.9203861224513992,1,0.633672313963567,0.27,0.3,1,10,1,2.527122933105489,0.8,0.9203861224513992,0.9203861224513992,1,0.9,-3.419984288350504
0.4832787722683571,0.0263211992718918,78.88897512205867,0.6258295774727076,-0.0113221805772029,3,1,0.1,2.885869934857781,0.4875599628020623,1,0.6803035176105571,0.27,0.3,1,10,1,4.938242528904289,0.8,0.4875599628020623,0.4875599628020623,1,0.9,-2.682779383841196
0.7160775910666495,0.0397945422276057,28.93218829591361,1.358785316693507,0.0379429603083979,3,1,0.1,275.5707824245949,0.1912402531236541,1,0.9965270720969388,0.27,0.3,1,10,1,3.73734372427619,0.8,0.1912402531236541,0.1912402531236541,1,0.9,-0.6385014253188626
0.355948983640864,0.0219699839938681,16.306235179417286,0.3171928784705634,-0.00676783874834,3,1,0.1,4.048157071036698,0.8357090860350692,1,0.7250941219533648,0.27,0.3,1,10,1,3.046929027099804,0.8,0.8357090860350692,0.8357090860350692,1,0.9,-5.374656534091923
0.2683329690626466,0.0222295699863245,5.829752741366924,0.3353379536497106,-0.0023031186517261,3,1,0.1,7.921512742728209,0.9734178078813822,1,0.8848755570979425,0.27,0.3,1,10,1,1.1587487473542246,0.8,0.9734178078813822,0.9734178078813822,1,0.9,-4.549063392847677
0.0201939262111521,0.0015925573062271,12.067330065322992,0.6867490685799648,0.0187473411751189,3,1,0.1,6.620422488580128,0.7115114716200436,1,0.6517698006659851,0.27,0.3,1,10,1,0.1818875981655734,0.8,0.7115114716200436,0.7115114716200436,1,0.9,-3.165516817573649
0.3571966619325302,0.0254964505459246,12.42424508743914,0.315817608959077,-0.0074024131039681,3,1,0.1,4.17171651555434,0.8616385035752004,1,0.83572636181995,0.27,0.3,1,10,1,2.632973346067653,0.8,0.8616385035752004,0.8616385035752004,1,0.9,-5.54393733775724
0.4636911243598049,0.0295500239921894,20.137156742532905,0.920996595682322,-0.0052913292886005,3,1,0.1,3.991983290704871,0.3881639357692713,1,0.7567309763809666,0.27,0.3,1,10,1,1.8255578117908584,0.8,0.3881639357692713,0.3881639357692713,1,0.9,-1.6735900517159834
0.4808882473046513,0.0225121958865624,21.08765788492416,1.24264640546839,0.0063300633109116,3,1,0.1,1.3228419152204205,0.2976890296077282,1,0.9394861440437644,0.27,0.3,1,10,1,1.511561797751697,0.8,0.2976890296077282,0.2976890296077282,1,0.9,-2.089430655721448
0.3457204926811283,0.0167855142642843,20.52108185870244,0.314903704663171,-0.0053549512960643,3,1,0.1,5.483784795020481,0.8184786423261239,1,0.5683580642691717,0.27,0.3,1,10,1,3.379212292614486,0.8,0.8184786423261239,0.8184786423261239,1,0.9,-4.18612115831671
0.690048161587911,0.0100567496924228,141.64013515907388,1.3077307782124608,0.0117626395962597,3,1,0.1,0.8229134223156843,0.1826147122459066,1,0.5862524866605867,0.27,0.3,1,10,1,4.215053679048858,0.8,0.1826147122459066,0.1826147122459066,1,0.9,-1.262360480383684
0.3543955351367391,0.0209487022255399,19.266231719167976,0.3053931651981431,-0.00654237552257,3,1,0.1,4.741718275537121,0.8503031441574064,1,0.7031453057861505,0.27,0.3,1,10,1,3.4583267155795743,0.8,0.8503031441574064,0.8503031441574064,1,0.9,-4.873542807499216
0.3580659313040621,0.0189383036115586,34.610492897655114,0.3002476861320977,-0.0062280120302348,3,1,0.1,4.263000189389175,0.8378484590327767,1,0.710925259614459,0.27,0.3,1,10,1,4.846920599434023,0.8,0.8378484590327767,0.8378484590327767,1,0.9,-5.158458246458003
0.4906081758093567,0.0324350433493174,36.58105403153708,0.717722521304595,-0.0127519351336698,3,1,0.1,19.725603568518544,0.4556800192107335,1,0.6788039357477718,0.27,0.3,1,10,1,3.2317888016303336,0.8,0.4556800192107335,0.4556800192107335,1,0.9,-1.6054718584673555
0.410271116809743,0.0182505006936802,23.41374485810396,1.2148878302391484,0.0068301843747526,3,1,0.1,1.48166145330834,0.3156654579785441,1,0.7326642630733351,0.27,0.3,1,10,1,1.3040053667214135,0.8,0.3156654579785441,0.3156654579785441,1,0.9,-2.092353907169448
0.407316979682633,0.0196385900136977,43.4756352131965,0.4907442770102728,-0.0077007361916052,3,1,0.1,4.319538862069566,0.5788270825681389,1,0.5365453451690524,0.27,0.3,1,10,1,3.7594356569474736,0.8,0.5788270825681389,0.5788270825681389,1,0.9,-2.8071344321167
0.4271227245148834,0.0271461333944016,40.18488489733976,0.4628105225541223,-0.0105275418784007,3,1,0.1,3.2794424339079136,0.6163405961982933,1,0.7536035589717851,0.27,0.3,1,10,1,4.134821075964428,0.8,0.6163405961982933,0.6163405961982933,1,0.9,-3.6590773256598856
0.4375314683300142,0.0392333068303286,17.845487505163334,0.4852165196765592,-0.0137160186149118,3,1,0.1,12.28843799989916,0.6332572718148093,1,0.9498329344535684,0.27,0.3,1,10,1,2.779737812079501,0.8,0.6332572718148093,0.6332572718148093,1,0.9,-2.3993647052293543
0.3253713762512162,0.0146583328314821,14.783509659050107,0.2645939487898047,-0.0041522294806936,3,1,0.1,5.590504662610197,0.9516431389752834,1,0.5714457504868098,0.27,0.3,1,10,1,3.125476768865788,0.8,0.9516431389752834,0.9516431389752834,1,0.9,-5.262274068207848
0.5590173557020182,0.0280146345010944,35.454786343486234,1.006250350801771,-0.0068338810690561,3,1,0.1,1.9477229990630405,0.3297534612494274,1,0.7980685513637225,0.27,0.3,1,10,1,2.699219819335404,0.8,0.3297534612494274,0.3297534612494274,1,0.9,-1.81693782295824
0.3419848574159229,0.0247363413373576,14.047103710371644,0.7889964436126669,0.0003050550044296,3,1,0.1,3.1596809471270286,0.4838405571292002,1,0.8046821925048899,0.27,0.3,1,10,1,1.1974318418543182,0.8,0.4838405571292002,0.4838405571292002,1,0.9,-2.5094253194876392
0.3808339835261953,0.02572427018496,21.988110997489205,0.3442332937878938,-0.0085475185019635,3,1,0.1,3.4072248428207845,0.7789680399186657,1,0.8270250944992013,0.27,0.3,1,10,1,3.5518155069386834,0.8,0.7789680399186657,0.7789680399186657,1,0.9,-5.565476801509025
0.2415593904329054,0.0170047860348206,15.711734693853924,0.8799413158651805,0.0086048978374738,3,1,0.1,13.088589797484838,0.4678700517108347,1,0.6107610202425893,0.27,0.3,1,10,1,0.8553105084121295,0.8,0.4678700517108347,0.4678700517108347,1,0.9,-1.7014847594804294
0.2861282952521921,0.014623256340325,10.574238998007589,0.4182598071516007,-0.002457738613452,3,1,0.1,6.816903381197172,0.7471783579842777,1,0.5094901870190431,0.27,0.3,1,10,1,1.364801714159725,0.8,0.7471783579842777,0.7471783579842777,1,0.9,-3.346444277540014
0.3070667133593229,0.0192813649234734,8.24728401918415,0.3368753690639884,-0.0041742923570304,3,1,0.1,5.38327171357069,0.8721665295848577,1,0.6649401921507262,0.27,0.3,1,10,1,1.6352751894056603,0.8,0.8721665295848577,0.8721665295848577,1,0.9,-4.674239194972191
0.4145490994265788,0.0307415180028419,26.38189877317828,0.4437095381472006,-0.0112413855006988,3,1,0.1,15.089966980632845,0.6529998754627412,1,0.7430024585210578,0.27,0.3,1,10,1,3.4636250213890456,0.8,0.6529998754627412,0.6529998754627412,1,0.9,-2.4211332787812507
0.441772324131596,0.0212992126436592,53.43120026736003,0.6096792010158966,-0.0086875861368021,3,1,0.1,6.953532030168966,0.498029252816152,1,0.5158806828580241,0.27,0.3,1,10,1,3.7113192834450928,0.8,0.498029252816152,0.498029252816152,1,0.9,-1.993199242193656
0.2384420041784704,0.0156197697642396,12.402049637173286,0.6153040188676958,0.0027181187856423,3,1,0.1,3.596333253155256,0.6176748638477393,1,0.6437852119831441,0.27,0.3,1,10,1,0.90539759179947,0.8,0.6176748638477393,0.6176748638477393,1,0.9,-3.435839013312481
0.0084743386330755,0.0007274114649902,7.903878046378717,0.4964595287329126,0.0145155052794875,3,1,0.1,7.236770676850975,0.986282066379299,1,0.8343221293091956,0.27,0.3,1,10,1,0.1150684838276355,0.8,0.986282066379299,0.986282066379299,1,0.9,-4.820568966033088
0.3329022545752478,0.0122655079588177,31.6743200767582,0.2730000260028915,-0.0038549293231183,3,1,0.1,8.510758704882544,0.8905796021137542,1,0.522019267729902,0.27,0.3,1,10,1,4.7238740915835615,0.8,0.8905796021137542,0.8905796021137542,1,0.9,-3.92756872559822
0.4794326770899451,0.0338396591324249,51.87313796940593,0.5467483940822804,-0.0139672953197479,3,1,0.1,3.2757662664145526,0.5500854161217118,1,0.8867539330302796,0.27,0.3,1,10,1,4.618598248823925,0.8,0.5500854161217118,0.5500854161217118,1,0.9,-3.014959731180409
0.0599981260700443,0.0064992167851195,10.95253093240492,1.2551697697796655,0.0550388475987191,3,1,0.1,16.952286403753,0.4206446166927796,1,0.9683738597961769,0.27,0.3,1,10,1,0.3040887921837999,0.8,0.4206446166927796,0.4206446166927796,1,0.9,-1.4883194997915954
0.3748282910127978,0.0181610705578354,32.6428412980447,0.3826870389019685,-0.0065487705090556,3,1,0.1,3.277808668388672,0.693655007609536,1,0.5833319859390189,0.27,0.3,1,10,1,3.830615842655339,0.8,0.693655007609536,0.693655007609536,1,0.9,-4.567579436113249
0.3542903517079052,0.0222201600364262,23.281471950382763,0.2796992186034057,-0.0068013158585844,3,1,0.1,7.084115541058615,0.9081873427479668,1,0.7808915292046621,0.27,0.3,1,10,1,4.167452595008776,0.8,0.9081873427479668,0.9081873427479668,1,0.9,-4.319361433004881
0.0058614385705236,0.0004504213191307,10.053990613816833,0.585494913542239,0.0158378536791363,3,1,0.1,4.319585081900748,0.8435857556261531,1,0.7247012523183899,0.27,0.3,1,10,1,0.0956112677636499,0.8,0.8435857556261531,0.8435857556261531,1,0.9,-5.166031607545811
0.3032735703304348,0.0188956103960638,16.62847739420824,0.8003284643124158,0.0021153581036774,3,1,0.1,3.372820049764296,0.4800966642152784,1,0.6449129843537779,0.27,0.3,1,10,1,1.0930448419214618,0.8,0.4800966642152784,0.4800966642152784,1,0.9,-2.3961697721472435
0.081349536589587,0.0051322865702355,17.992406363233346,1.654322574291313,0.0491110817190127,3,1,0.1,1.8138530315428807,0.3209241330815331,1,0.8046123527324295,0.27,0.3,1,10,1,0.3549387163332857,0.8,0.3209241330815331,0.3209241330815331,1,0.9,-1.821886651011104
0.325683455990681,0.0203458061517059,9.41798017480314,0.2766671710389697,-0.0052143606801865,3,1,0.1,6.579334518018401,0.9688075404907476,1,0.706161051110451,0.27,0.3,1,10,1,2.309124530388052,0.8,0.9688075404907476,0.9688075404907476,1,0.9,-4.919679163766788
0.3767668357807077,0.0314785355660447,11.469902536623373,0.4351680160418499,-0.0089352559185539,3,1,0.1,8.000688892909986,0.707080663988379,1,0.8486478834648776,0.27,0.3,1,10,1,2.008786249282476,0.8,0.707080663988379,0.707080663988379,1,0.9,-2.96923333513606
0.3620879624256075,0.023658875810167,26.95941652884197,0.2821621932706576,-0.0073578318500532,3,1,0.1,4.819398101654802,0.8992073340315843,1,0.8743206012724039,0.27,0.3,1,10,1,4.539249404939135,0.8,0.8992073340315843,0.8992073340315843,1,0.9,-5.308396082875046
0.3714024505513101,0.0292679223953493,12.474626956216294,0.3554944412945923,-0.0087337284915061,3,1,0.1,5.440502136031746,0.7976272635428797,1,0.8652241294665446,0.27,0.3,1,10,1,2.4824703649285724,0.8,0.7976272635428797,0.7976272635428797,1,0.9,-4.041205186779145
0.6847362916044848,0.0133243673005976,50.43230764677399,1.4712728281367462,0.0338082070792796,3,1,0.1,1.3461181930011772,0.1598373464876923,1,0.586616491622071,0.27,0.3,1,10,1,2.864982093659487,0.8,0.1598373464876923,0.1598373464876923,1,0.9,-0.7369771008490424
0.4453367941104277,0.0143386125374703,19.763554377475057,2.0249271077328626,0.0428574296621053,3,1,0.1,1.070238011214224,0.1965628050601369,1,0.94730805465756,0.27,0.3,1,10,1,1.1267553946543885,0.8,0.1965628050601369,0.1965628050601369,1,0.9,-1.1465659525778342
0.4258347565069855,0.0236495707297918,24.283385709793524,0.7658305954634138,-0.0063081781636134,3,1,0.1,3.917871327419291,0.4476909942596599,1,0.6123500961211301,0.27,0.3,1,10,1,1.9530494397497733,0.8,0.4476909942596599,0.4476909942596599,1,0.9,-2.034850443796284
0.1743758513697363,3.9521837138662125e-05,326.0605050537374,11.304606352281445,0.0239482754978864,3,1,0.1,0.2704998032437666,0.0617409988796738,1,0.9837475496698964,0.27,0.3,1,10,1,0.420624219491288,0.8,0.0617409988796738,0.0617409988796738,1,0.9,-0.4402947880235306
0.4060619579031757,0.0243411616437117,34.42794387835254,0.4307187810710965,-0.0091170298861031,3,1,0.1,3.357029241280652,0.6476899312383142,1,0.6985958864440382,0.27,0.3,1,10,1,3.8614445914500606,0.8,0.6476899312383142,0.6476899312383142,1,0.9,-3.92669793945765
0.3816703909175266,0.0126890366579828,31.76101461876829,1.3765931610454822,0.0104091939092143,3,1,0.1,1.5578738117913469,0.2778432531021734,1,0.549055943171892,0.27,0.3,1,10,1,1.2094428849856715,0.8,0.2778432531021734,0.2778432531021734,1,0.9,-1.58625633912148
0.4423666096505235,0.0315397614063455,24.86281200220709,0.5024045058397925,-0.0116577994959405,3,1,0.1,2.628952225661574,0.5974387216026752,1,0.8996287933685727,0.27,0.3,1,10,1,3.0801769607225635,0.8,0.5974387216026752,0.5974387216026752,1,0.9,-4.239483779925905
0.0171385920539841,0.0011715279029386,8.658774634292461,0.4884123018338916,0.0110208546909508,3,1,0.1,5.09116023642532,0.9809840676697524,1,0.6879303956600067,0.27,0.3,1,10,1,0.1667297988679901,0.8,0.9809840676697524,0.9809840676697524,1,0.9,-5.940988854847033
0.318448971407606,0.0118617762388208,17.14583696770535,0.2448432052923091,-0.0033186785807442,3,1,0.1,7.415794149395245,0.9991783261627049,1,0.5204614010900875,0.27,0.3,1,10,1,3.5774388154629087,0.8,0.9991783261627049,0.9991783261627049,1,0.9,-4.857821812345661
0.4231167433726526,0.0213692970210619,24.20599481046421,0.8553221947116726,-0.0036828334502425,3,1,0.1,1.943130077299408,0.414872065952169,1,0.6748914505110728,0.27,0.3,1,10,1,1.698486870964554,0.8,0.414872065952169,0.414872065952169,1,0.9,-2.755800468406141
0.3339649204017825,0.0262268436824744,11.51329053209362,0.6361763150396914,-0.0021387110616226,3,1,0.1,3.1406875428119245,0.5741857326109038,1,0.8806881341516062,0.27,0.3,1,10,1,1.2348659360581706,0.8,0.5741857326109038,0.5741857326109038,1,0.9,-3.3378072377199324
0.3126075724252794,0.0248420176464467,7.195407007890691,0.3540692020918256,-0.0046840389708112,3,1,0.1,4.263394123531879,0.874456826440614,1,0.9006725722740405,0.27,0.3,1,10,1,1.4694879576226851,0.8,0.874456826440614,0.874456826440614,1,0.9,-5.590287467793563
0.3431883130150213,0.0229225743295862,11.81798188609945,0.2726437736704605,-0.0062896514999104,3,1,0.1,4.290651622647391,0.9609865414464792,1,0.830644604889083,0.27,0.3,1,10,1,2.803079901329576,0.8,0.9609865414464792,0.9609865414464792,1,0.9,-6.709886953196689
0.3693729130932688,0.0259107900204169,24.58864044453344,0.2885733983544024,-0.0080778619967076,3,1,0.1,4.0643923803334765,0.8894009383139078,1,0.94809293769688,0.27,0.3,1,10,1,4.298200715446216,0.8,0.8894009383139078,0.8894009383139078,1,0.9,-6.05773405998894
0.3485304617882052,0.015406473791079,24.913991760170035,0.3296881733699787,-0.0051320109703322,3,1,0.1,6.207620123912575,0.7789271527551146,1,0.5175655127744279,0.27,0.3,1,10,1,3.604325240193902,0.8,0.7789271527551146,0.7789271527551146,1,0.9,-3.671334789732063
0.1371822748920794,0.0131185004645502,9.202795249373734,0.6457434797085987,0.0138363331162617,3,1,0.1,4.775396981880452,0.6877201337567599,1,0.9275617076163092,0.27,0.3,1,10,1,0.5390575912304136,0.8,0.6877201337567599,0.6877201337567599,1,0.9,-3.452570289465954
0.3890138690239846,0.0330917476136254,15.484984061360706,0.3427385103679899,-0.0104054149578186,3,1,0.1,5.763679594030395,0.8093044905960703,1,0.9909269878984324,0.27,0.3,1,10,1,3.0448629607836586,0.8,0.8093044905960703,0.8093044905960703,1,0.9,-4.012221702971683
0.5760542947326055,0.0360590429475719,70.46458734774558,0.8428536245775318,-0.0149609111440408,3,1,0.1,3.6544868502653527,0.3836925724879149,1,0.8365523755715818,0.27,0.3,1,10,1,4.754851379329269,0.8,0.3836925724879149,0.3836925724879149,1,0.9,-1.6939660480036185
0.4162821774080153,0.0319489349442836,15.812660735393148,0.676843465859264,-0.0084390263289114,3,1,0.1,11.600784190757372,0.5098226768661684,1,0.7595489854828085,0.27,0.3,1,10,1,1.828542123914204,0.8,0.5098226768661684,0.5098226768661684,1,0.9,-1.8935838383737007
0.3626076787812604,0.0291513986155166,12.437958328649213,0.746289676023814,-0.0018054799343857,3,1,0.1,3.6450045573792194,0.5040521035123486,1,0.9119234860575156,0.27,0.3,1,10,1,1.2759790243053235,0.8,0.5040521035123486,0.5040521035123486,1,0.9,-2.480571480394694
0.0358488186044554,0.0021748198312046,16.419291579046018,0.7631965467234046,0.0157044636255722,3,1,0.1,3.545706938097847,0.6270716819140636,1,0.5429945383376316,0.27,0.3,1,10,1,0.2491536651874636,0.8,0.6270716819140636,0.6270716819140636,1,0.9,-3.558815604302328
0.073430804034849,0.0076252541409188,11.626221264856133,1.1670553298382735,0.0456555632864829,3,1,0.1,32.96307714080529,0.4382288002909958,1,0.8647467959066264,0.27,0.3,1,10,1,0.347226020122652,0.8,0.4382288002909958,0.4382288002909958,1,0.9,-1.5075270350121386
0.465427201689237,0.0378385644046482,20.656078591320536,0.560950083540971,-0.0137104072895953,3,1,0.1,3.7482062327579952,0.5633896069462658,1,0.9986222446897736,0.27,0.3,1,10,1,2.747948052982048,0.8,0.5633896069462658,0.5633896069462658,1,0.9,-2.892387115724434
0.2128111448265469,0.0166651386019114,7.94203456716534,0.4689847133085568,0.0025354140289341,3,1,0.1,4.9819159031236975,0.8007847501515499,1,0.7775157297428823,0.27,0.3,1,10,1,0.8271999551601228,0.8,0.8007847501515499,0.8007847501515499,1,0.9,-4.271235114166983
0.0054814775613662,0.0003446399176199,21.610845667992955,1.118397899918078,0.0292694064730406,3,1,0.1,2.019968189372152,0.4617811336357739,1,0.6187639889401089,0.27,0.3,1,10,1,0.0919078377065842,0.8,0.4617811336357739,0.4617811336357739,1,0.9,-3.299041929427565
0.3531834177099604,0.0169275399383471,21.969935176864656,0.3616297997339948,-0.0056695565653952,3,1,0.1,14.809452854383109,0.7363105791813241,1,0.5004913223210112,0.27,0.3,1,10,1,3.119632522705249,0.8,0.7363105791813241,0.7363105791813241,1,0.9,-2.7764693130939024
0.099366441051054,0.0059138648080442,8.186276011965665,0.4432369087330507,0.0059177435401595,3,1,0.1,4.461820263950378,0.9522151488470296,1,0.6249069643599049,0.27,0.3,1,10,1,0.4617712288851777,0.8,0.9522151488470296,0.9522151488470296,1,0.9,-6.322383118451151
0.3734272770780014,0.022083129852562,24.55084972553714,0.3491896600704466,-0.0074794618035903,3,1,0.1,3.3833058674573406,0.7602388651909806,1,0.7139120650295688,0.27,0.3,1,10,1,3.6354990896034978,0.8,0.7602388651909806,0.7602388651909806,1,0.9,-5.327236547407826
0.5182786295404677,0.0317507068176019,46.40177906504493,0.7368334047863078,-0.0129216465024871,3,1,0.1,3.104539689103945,0.4389715505755059,1,0.7737703360638261,0.27,0.3,1,10,1,3.653296865886458,0.8,0.4389715505755059,0.4389715505755059,1,0.9,-2.1836953979023
0.3716375849969804,0.0181785879227906,37.930756283818205,0.3601394550326728,-0.0065213067218532,3,1,0.1,4.055342701048125,0.7224322218679341,1,0.5961861453803563,0.27,0.3,1,10,1,4.399502282158973,0.8,0.7224322218679341,0.7224322218679341,1,0.9,-4.121127003851951
0.3599269259576636,0.0233206830210784,19.93207342161292,0.307549641836506,-0.0073251017125842,3,1,0.1,7.532717728616053,0.8503262045688164,1,0.7351257202564497,0.27,0.3,1,10,1,3.580635302000268,0.8,0.8503262045688164,0.8503262045688164,1,0.9,-3.847961909454765
0.0146482146124084,0.0012931385396137,13.528000570487348,0.8644401052659567,0.028502174496054,3,1,0.1,6.39174042603806,0.5842352869143274,1,0.7014615170636855,0.27,0.3,1,10,1,0.1522230287322583,0.8,0.5842352869143274,0.5842352869143274,1,0.9,-2.475398175053414
0.0927608509493806,0.0075464081983171,7.631707278396753,0.4784183382288092,0.0095307020545978,3,1,0.1,4.125019802096386,0.9207298133403412,1,0.8606077338167761,0.27,0.3,1,10,1,0.429157934272619,0.8,0.9207298133403412,0.9207298133403412,1,0.9,-6.404823406276984
0.0002109400789999,1.620688282947123e-05,9.57033868821482,0.5630311858982724,0.015401824978037,3,1,0.1,4.01609380774272,0.8826187536616635,1,0.7542137292276432,0.27,0.3,1,10,1,0.017969407755223,0.8,0.8826187536616635,0.8826187536616635,1,0.9,-6.03868793098625
0.3964918536064128,0.0321721266610509,15.863037369727111,0.3791654799238599,-0.0104180282077293,3,1,0.1,4.159605072680922,0.7496284762221018,1,0.9522729474197522,0.27,0.3,1,10,1,2.851237420229273,0.8,0.7496284762221018,0.7496284762221018,1,0.9,-4.311961118165276
0.3412998894056305,0.0146505874825906,21.231397841286626,0.3177427644157785,-0.0047138924758488,3,1,0.1,5.435716141379314,0.805733518040571,1,0.5122950192950355,0.27,0.3,1,10,1,3.349241413507293,0.8,0.805733518040571,0.805733518040571,1,0.9,-4.105871401933141
0.3499524916158583,0.0201003655272917,27.86924929717628,0.2705441121713162,-0.0061509832634056,3,1,0.1,6.099503705825635,0.9224539980177452,1,0.7716367893978842,0.27,0.3,1,10,1,4.661614307968362,0.8,0.9224539980177452,0.9224539980177452,1,0.9,-4.75158625886929
0.5797383610372395,0.0160855532928547,54.14206337112755,1.2237763055143875,0.0021042771398395,3,1,0.1,1.129237572458601,0.2543564948091728,1,0.6443353005505867,0.27,0.3,1,10,1,2.592408416327308,0.8,0.2543564948091728,0.2543564948091728,1,0.9,-1.7871193833570604
0.3361683872452419,0.0217542018162257,11.750200880529738,0.2843675418090572,-0.0060240543030447,3,1,0.1,26.81632260233109,0.9323606214026922,1,0.6791715935206477,0.27,0.3,1,10,1,2.681849183478554,0.8,0.9323606214026922,0.9323606214026922,1,0.9,-3.382258761471973
0.3659287153017805,0.0297315667868078,10.626816753008615,0.4320631830325024,-0.0078632739115491,3,1,0.1,4.891155259444083,0.7175571877489707,1,0.8693189844821239,0.27,0.3,1,10,1,1.8496028120235293,0.8,0.7175571877489707,0.7175571877489707,1,0.9,-3.636764732460605
0.3713645433745622,0.0299563318169126,13.399254277205026,0.9445247758557268,0.0024352465083004,3,1,0.1,145.54074060346574,0.4128073883310598,1,0.7779395942768645,0.27,0.3,1,10,1,1.2476532606633104,0.8,0.4128073883310598,0.4128073883310598,1,0.9,-1.3851921014723452
0.0668072764227816,0.0034570866464264,12.411043946571148,0.5785082072165655,0.008500695645131,3,1,0.1,3.4352154648726665,0.7761728358448969,1,0.5229529547479526,0.27,0.3,1,10,1,0.3573046270943512,0.8,0.7761728358448969,0.7761728358448969,1,0.9,-5.472253779382611
0.335090430904513,0.0146499585365875,21.313200730881707,0.2745627494514261,-0.0044456344917355,3,1,0.1,4.127718005714394,0.9048341060023072,1,0.5926359615284881,0.27,0.3,1,10,1,3.802666255062654,0.8,0.9048341060023072,0.9048341060023072,1,0.9,-6.174087250646361
0.283040056319253,0.0185640375237321,7.96625906788063,0.3719626348902107,-0.002964448762883,3,1,0.1,24.759854424610644,0.8431470740134038,1,0.6122577357934249,0.27,0.3,1,10,1,1.3374465127427693,0.8,0.8431470740134038,0.8431470740134038,1,0.9,-3.0530786450537057
0.3560903225104982,0.0274532681956113,10.544991937298672,0.3111408218500444,-0.0075918113069719,3,1,0.1,4.219862552143794,0.8870478948659987,1,0.9206632314964388,0.27,0.3,1,10,1,2.4146814275603545,0.8,0.8870478948659987,0.8870478948659987,1,0.9,-5.803215077182435
0.4344847666044265,0.0191697271821708,79.69193624578587,0.546035950981904,-0.0080768096661802,3,1,0.1,3.2719305224325894,0.5266920833440458,1,0.535171562511232,0.27,0.3,1,10,1,4.858275850967916,0.8,0.5266920833440458,0.5266920833440458,1,0.9,-2.8117389625768663
0.4200505653544923,0.0274385364744833,28.789657284652503,0.507755327754117,-0.0103033631090944,3,1,0.1,12.937164178306622,0.5884589558801642,1,0.6429092478916301,0.27,0.3,1,10,1,3.194027822076949,0.8,0.5884589558801642,0.5884589558801642,1,0.9,-2.194433504717097
0.3116654649824464,0.0239206176067808,7.757575032461005,0.3685810928947669,-0.0046596615698556,3,1,0.1,6.097036478213156,0.8413460227399169,1,0.7939283374624116,0.27,0.3,1,10,1,1.488471140321186,0.8,0.8413460227399169,0.8413460227399169,1,0.9,-4.136306034417835
0.4066967963599915,0.0297620560415258,15.019349071467197,0.5546548300149564,-0.0086855050385157,3,1,0.1,2.930054896009725,0.5844894028721349,1,0.8610321556087706,0.27,0.3,1,10,1,1.9588058060488536,0.8,0.5844894028721349,0.5844894028721349,1,0.9,-3.644778066391826
0.0586853598815057,0.0051739743177785,13.29931147325604,1.0804434739559736,0.0361695484128818,3,1,0.1,2.2271809345546525,0.4800260484713163,1,0.98741104480107,0.27,0.3,1,10,1,0.3026858102149096,0.8,0.4800260484713163,0.4800260484713163,1,0.9,-3.2188763451467306
0.2476862712338171,0.0133017687819721,6.612773218558186,0.325584557363356,-0.0012605209000896,3,1,0.1,4.442522446349874,0.9713645653408216,1,0.6076812696224507,0.27,0.3,1,10,1,1.1344093405478566,0.8,0.9713645653408216,0.9713645653408216,1,0.9,-6.610445338772462
0.3456237194538518,0.0199372807363244,18.956815519877907,0.2731498173050136,-0.0059221447796138,3,1,0.1,4.69103129027009,0.9271292640676396,1,0.7397741764557589,0.27,0.3,1,10,1,3.697504918916893,0.8,0.9271292640676396,0.9271292640676396,1,0.9,-5.735307896263089
0.5282695117448499,0.0437328241696415,24.569280682958738,0.7635360893330213,-0.0162675805010691,3,1,0.1,24.22321994362832,0.4398039845583983,1,0.9359048114477404,0.27,0.3,1,10,1,2.883239657835184,0.8,0.4398039845583983,0.4398039845583983,1,0.9,-1.5308680376207295
0.0029966234147549,0.0002249400054958,10.400034408672234,0.5923539644749659,0.0157756906901754,3,1,0.1,4.858559573411626,0.8346743711348316,1,0.6875968055384141,0.27,0.3,1,10,1,0.0683089270320412,0.8,0.8346743711348316,0.8346743711348316,1,0.9,-4.643690144588221
0.2342709636604208,0.0128246776243406,10.710437475032393,0.4861723680413811,0.0005512710849553,3,1,0.1,4.601493857001349,0.7239532291445612,1,0.5432610893780179,0.27,0.3,1,10,1,0.9658698106876904,0.8,0.7239532291445612,0.7239532291445612,1,0.9,-3.8129096667336952
0.3491382587909939,0.0225442228961475,27.74806753468441,0.2490364221448376,-0.0065467364798354,3,1,0.1,10.268608839003363,0.996214066965752,1,0.9007046648068331,0.27,0.3,1,10,1,4.973305873875232,0.8,0.996214066965752,0.996214066965752,1,0.9,-4.292376536976733
0.3120187582302857,0.0204635636963731,8.51200907156983,0.3312973659883081,-0.0047411606750722,3,1,0.1,347.94384159464647,0.8755454173600691,1,0.6201248621640011,0.27,0.3,1,10,1,1.7576753264501663,0.8,0.8755454173600691,0.8755454173600691,1,0.9,-2.935721705188155
0.3959311175829483,0.015599656856294,31.480718387320632,0.9108162020286084,-0.0015119498898475,3,1,0.1,2.0258774850496115,0.3913143417211278,1,0.5222374190879153,0.27,0.3,1,10,1,1.5927296564524462,0.8,0.3913143417211278,0.3913143417211278,1,0.9,-2.3746324606452625
0.5730771700060113,0.0220408547604242,28.056196048105264,1.3510231426548471,0.0104757148867695,3,1,0.1,1.686935081314877,0.2367485678971712,1,0.7469223454096728,0.27,0.3,1,10,1,2.098981129145092,0.8,0.2367485678971712,0.2367485678971712,1,0.9,-1.1734150313312863
0.371758117179903,0.0301847891390451,12.206933629446544,0.35643555309823,-0.0089682944756243,3,1,0.1,7.215997376033647,0.7994093321323322,1,0.8652181660176754,0.27,0.3,1,10,1,2.462824531120976,0.8,0.7994093321323322,0.7994093321323322,1,0.9,-3.593627008916277
0.5531685365161849,0.0335439753828592,69.72752116052679,0.846463200984318,-0.0138120465971661,3,1,0.1,10.898530185714588,0.3847506755541752,1,0.6921322125972634,0.27,0.3,1,10,1,4.554596562782097,0.8,0.3847506755541752,0.3847506755541752,1,0.9,-1.3976301297017422
0.4050107433630472,0.0313492216455274,20.615204004395245,0.3850457379801525,-0.0107014252008686,3,1,0.1,3.5897314753557645,0.7282196252424765,1,0.9373819490642455,0.27,0.3,1,10,1,3.301656966337872,0.8,0.7282196252424765,0.7282196252424765,1,0.9,-4.60908141474296
0.3648024711657098,0.0281341518396986,11.358059787832556,0.3891700641836884,-0.0079958196874298,3,1,0.1,5.07119136539988,0.7579105013964977,1,0.8232062938632304,0.27,0.3,1,10,1,2.1116982346011524,0.8,0.7579105013964977,0.7579105013964977,1,0.9,-3.8791192779181767
0.3929734917255239,0.0256135850085524,16.62004296840612,0.8503605790578082,-0.0017704797448232,3,1,0.1,2.448905798584475,0.4383759937219852,1,0.8108816005723052,0.27,0.3,1,10,1,1.4012350791584298,0.8,0.4383759937219852,0.4383759937219852,1,0.9,-2.509397084555191
0.3474259909273278,0.0267293633625028,10.901789732366131,0.2744999177498767,-0.0072205294398564,3,1,0.1,9.208513667194367,0.9710287269800016,1,0.8778576263467908,0.27,0.3,1,10,1,2.7174987603686533,0.8,0.9710287269800016,0.9710287269800016,1,0.9,-4.293060004350896
0.3290921649551581,0.0126564969244253,31.31160846174499,0.2529740576180572,-0.0038005134743344,3,1,0.1,10.141841206552511,0.953314337618584,1,0.5740119802150377,0.27,0.3,1,10,1,4.986952164030843,0.8,0.953314337618584,0.953314337618584,1,0.9,-4.070491348454466
0.4266405960796255,0.0244101781856055,39.47218296074252,0.4969128528004748,-0.0095485149897856,3,1,0.1,2.8980246070591926,0.5827798893485902,1,0.6781333298693708,0.27,0.3,1,10,1,3.763895807962194,0.8,0.5827798893485902,0.5827798893485902,1,0.9,-3.659916607968749
0.2825227212339952,0.0224232784818263,6.529149896222297,0.353262143588595,-0.0029990874787086,3,1,0.1,6.537514204437149,0.9099973615075636,1,0.8343687316263872,0.27,0.3,1,10,1,1.2510828361988982,0.8,0.9099973615075636,0.9099973615075636,1,0.9,-4.492424569293955
0.3708955870813087,0.0281792662548306,12.778577951013665,0.3952789712989879,-0.008442149293559,3,1,0.1,6.832335886393097,0.7405176581502948,1,0.7778716394636958,0.27,0.3,1,10,1,2.2800819775646577,0.8,0.7405176581502948,0.7405176581502948,1,0.9,-3.303949899686091
0.941153030759013,2.3180635008375684e-09,209151.7082456463,1.961653907462791,0.000218007316976,3,1,0.1,0.1176548275385626,0.022460146224517,1,0.8014354153852535,0.27,0.3,1,10,1,3.581230737114112,0.8,0.022460146224517,0.022460146224517,1,0.9,-0.1350004052979123
0.0547556584934087,0.0048802852655252,13.526842274331162,1.141757084385029,0.0397140512734799,3,1,0.1,2.7215326799914563,0.4559660623509879,1,0.9180927277431794,0.27,0.3,1,10,1,0.2922330302229522,0.8,0.4559660623509879,0.4559660623509879,1,0.9,-2.495410342496516
0.3666326200539783,0.0191996140647878,20.623114198332352,0.7134129340091497,-0.0034033276676609,3,1,0.1,2.798723471293574,0.4870294364401794,1,0.5874876604207341,0.27,0.3,1,10,1,1.5443051922689264,0.8,0.4870294364401794,0.4870294364401794,1,0.9,-2.733247356321887
0.3135374092591762,0.0223437183085882,7.624706034822617,0.3243530374319319,-0.004858979761263,3,1,0.1,6.466956607107515,0.9054899382689592,1,0.7536187482863312,0.27,0.3,1,10,1,1.6720843761677875,0.8,0.9054899382689592,0.9054899382689592,1,0.9,-4.4829021418228345
0.3463401256805641,0.027788859428134,8.54314237738011,0.316844884594931,-0.0070153759064206,3,1,0.1,4.102686942413365,0.8997009851272758,1,0.9662350278664528,0.27,0.3,1,10,1,2.027065362853668,0.8,0.8997009851272758,0.8997009851272758,1,0.9,-6.141592255241145
0.5705961273694641,0.0249419105791761,89.72350635187142,0.9067153077295508,-0.0095443679336605,3,1,0.1,1.693565805023228,0.3525494254163137,1,0.7148421295600478,0.27,0.3,1,10,1,4.483530390467289,0.8,0.3525494254163137,0.3525494254163137,1,0.9,-2.2851113652127824
0.4828845370388537,0.0220531622019421,59.4642687482695,0.705562104622642,-0.0089916817418366,3,1,0.1,2.043124413099815,0.4452574853823659,1,0.6189097039517676,0.27,0.3,1,10,1,3.653356537875503,0.8,0.4452574853823659,0.4452574853823659,1,0.9,-3.0197345932289448
0.737540006759658,0.029144010111474,40.55444308947016,1.3928932220275427,0.0473171126314787,3,1,0.1,2.7927537550628045,0.1716087220187632,1,0.931126336235256,0.27,0.3,1,10,1,4.03100194898743,0.8,0.1716087220187632,0.1716087220187632,1,0.9,-0.6677732878996832
0.3612210267770122,0.0238903770653735,29.76952821640963,0.2697937035660256,-0.0073007096686444,3,1,0.1,4.5104904616963735,0.93028182536516,1,0.9534150672290124,0.27,0.3,1,10,1,4.944446148029053,0.8,0.93028182536516,0.93028182536516,1,0.9,-5.977673812052705
0.3613771854340618,0.0327814351511608,8.893875458902965,0.3812265616073362,-0.0083636589624966,3,1,0.1,7.239611866084371,0.7975699720083423,1,0.9848866753928768,0.27,0.3,1,10,1,1.8677852613659445,0.8,0.7975699720083423,0.7975699720083423,1,0.9,-3.5784284920853384
0.3388802242576898,0.0183090869395443,19.934301232027845,1.2847312417989882,0.0138857983659516,3,1,0.1,6.398470275754071,0.3123213185722385,1,0.5898639577202425,0.27,0.3,1,10,1,1.07496095011919,0.8,0.3123213185722385,0.3123213185722385,1,0.9,-1.174883701317242
0.3684273208960302,0.0275611100749987,12.29681178745954,0.3856639759963962,-0.0081188441028738,3,1,0.1,4.573584711271066,0.754445215142354,1,0.8107491859318868,0.27,0.3,1,10,1,2.246364840533236,0.8,0.754445215142354,0.754445215142354,1,0.9,-4.088468313016073
0.3324599377728594,0.0168498450301451,20.727119156546173,0.2541977544608345,-0.0048758070203052,3,1,0.1,271.3665790943081,0.9754117929812008,1,0.6226603671013073,0.27,0.3,1,10,1,4.033094105528761,0.8,0.9754117929812008,0.9754117929812008,1,0.9,-3.278872661272321
0.0105728047718479,0.0008858977038817,9.2567758911996,0.5673570538149098,0.0164068419811194,3,1,0.1,5.988910754934742,0.8662422728283121,1,0.7667026032922123,0.27,0.3,1,10,1,0.129072380871327,0.8,0.8662422728283121,0.8662422728283121,1,0.9,-4.358423774736055
0.4414236773109121,0.0266657142141968,54.02119762697966,0.526797589066651,-0.0108944730616901,3,1,0.1,8.696940423081132,0.5590341852839797,1,0.6364774303655746,0.27,0.3,1,10,1,4.468639567989459,0.8,0.5590341852839797,0.5590341852839797,1,0.9,-2.1922529741803043
0.2813713803690487,0.0167409511227872,13.52253858187914,0.5960021207684907,-0.0002661679853869,3,1,0.1,3.06193627501565,0.6003840018760754,1,0.6181124161167263,0.27,0.3,1,10,1,1.1120338278266697,0.8,0.6003840018760754,0.6003840018760754,1,0.9,-3.6891290090499815
0.0991921176741725,0.0050841250324623,8.150085346232503,0.4197681676663392,0.0046902161056973,3,1,0.1,8.14095873221926,0.9898687912191192,1,0.5273992171404781,0.27,0.3,1,10,1,0.4668962264628304,0.8,0.9898687912191192,0.9898687912191192,1,0.9,-4.606479690147919
0.3025534267272375,0.016667604562786,7.990609757687226,0.2934211008581512,-0.0037774356320083,3,1,0.1,7.730082487541894,0.9509956263413448,1,0.5967909287461077,0.27,0.3,1,10,1,1.8109591007361148,0.8,0.9509956263413448,0.9509956263413448,1,0.9,-4.446350325763334
0.5538931780422811,0.0321231960842117,66.42615494667483,0.8355853449850836,-0.0131573565866227,3,1,0.1,3.7729356317345,0.38855013625846,1,0.7373906369035846,0.27,0.3,1,10,1,4.350931475561414,0.8,0.38855013625846,0.38855013625846,1,0.9,-1.704828660358432
0.1639592460810545,0.014548075806267,8.187312865787021,0.5205292046345508,0.0070567089685853,3,1,0.1,68.70432829327467,0.7827222926420033,1,0.7484611791643005,0.27,0.3,1,10,1,0.6495170948664089,0.8,0.7827222926420033,0.7827222926420033,1,0.9,-2.680324791992178
0.4923798913503052,0.0366715098990318,43.91682161146732,0.5918159689019441,-0.0151297350544063,3,1,0.1,4.92941311447389,0.5245477257772744,1,0.8732423332677728,0.27,0.3,1,10,1,4.1614647616487845,0.8,0.5245477257772744,0.5245477257772744,1,0.9,-2.3260329013235506
0.3612369238981809,0.0230268736279105,30.55814630960264,0.2875583763557156,-0.0072946424717148,3,1,0.1,8.315057309379952,0.882403855004245,1,0.8087893584349747,0.27,0.3,1,10,1,4.796295557273661,0.8,0.882403855004245,0.882403855004245,1,0.9,-3.909369018215745
0.5277668219800867,0.0379773879431367,23.6180676092422,0.8314940191700294,-0.0125150326455101,3,1,0.1,3.8752631090837095,0.4088524119798706,1,0.938046796710958,0.27,0.3,1,10,1,2.5330350774009887,0.8,0.4088524119798706,0.4088524119798706,1,0.9,-1.807899098184196
0.3772667858705693,0.0261065038581828,17.152695262764755,0.3902149922030277,-0.0085339344068672,3,1,0.1,7.796428643481647,0.7254591567348665,1,0.7038353957671127,0.27,0.3,1,10,1,2.7677502239531044,0.8,0.7254591567348665,0.7254591567348665,1,0.9,-3.0888364158769006
0.5181617577490205,0.0355977322141081,66.94885836471065,0.681380490374252,-0.0153823819921571,3,1,0.1,8.245454162818431,0.4663982467335349,1,0.773729828931363,0.27,0.3,1,10,1,4.886055170982223,0.8,0.4663982467335349,0.4663982467335349,1,0.9,-1.7910495191009108
0.4461928070695855,0.0341947832639406,22.51258851640112,0.4897016192001379,-0.0124527888019117,3,1,0.1,2.68228612849375,0.6132133301377406,1,0.9993883114423806,0.27,0.3,1,10,1,3.031558738106119,0.8,0.6132133301377406,0.6132133301377406,1,0.9,-4.381069972124373
0.2854925231361704,0.015303001503524,9.971876734019457,0.4142046667821263,-0.0024124215824818,3,1,0.1,3.735707644910253,0.7608319034579981,1,0.5708832542963489,0.27,0.3,1,10,1,1.329753062464226,0.8,0.7608319034579981,0.7608319034579981,1,0.9,-4.832682819207807
0.4336263170479215,0.0317529439520145,44.23529462135425,0.4330156486882736,-0.0121870540293122,3,1,0.1,4.132817340652909,0.6515950225350409,1,0.8887698770545955,0.27,0.3,1,10,1,4.768402226449881,0.8,0.6515950225350409,0.6515950225350409,1,0.9,-3.436040118057112
0.3352527531396614,0.0152696558755134,30.21222480169738,0.2508584366402879,-0.0045330129197154,3,1,0.1,5.515808791084758,0.9680575608296634,1,0.6893601322482632,0.27,0.3,1,10,1,4.99215594154797,0.8,0.9680575608296634,0.9680575608296634,1,0.9,-5.464750374430508
0.3185574449844132,0.0160409396328734,11.038114771773603,0.3440662883447345,-0.0042049097315505,3,1,0.1,6.0476435229053465,0.8139458950699615,1,0.5352070287502084,0.27,0.3,1,10,1,1.9662655731798409,0.8,0.8139458950699615,0.8139458950699615,1,0.9,-3.955269009697618
0.5140273220437116,0.0292157124993308,26.021869093241087,0.9228572371022484,-0.0073923333184707,3,1,0.1,2.1129176071952074,0.3729596907858128,1,0.834094376990149,0.27,0.3,1,10,1,2.233207433600869,0.8,0.3729596907858128,0.3729596907858128,1,0.9,-2.113802848891696
0.0022182246769863,0.0002017709028508,8.242403890796965,0.5383512239270043,0.0172933170507934,3,1,0.1,4.718016944389143,0.928019148702591,1,0.9287627843348192,0.27,0.3,1,10,1,0.057933860065435,0.8,0.928019148702591,0.928019148702591,1,0.9,-5.717494962504522
0.0908636423051605,0.0075089102825052,8.419052852232525,0.5283963591653157,0.0111457945375506,3,1,0.1,3.75222485179214,0.8464022374146835,1,0.8521980799783887,0.27,0.3,1,10,1,0.4208816600335349,0.8,0.8464022374146835,0.8464022374146835,1,0.9,-5.956443284212263
0.3281871786877053,0.0278473018391134,7.640430065676097,0.3801155998589391,-0.0055713953258244,3,1,0.1,4.20486133778345,0.8263481168801385,1,0.9747186862345264,0.27,0.3,1,10,1,1.5095920935850604,0.8,0.8263481168801385,0.8263481168801385,1,0.9,-5.087268471559068
0.494399687330613,0.0117774809867771,48.4035043413208,1.3263178995742262,0.0053672811309764,3,1,0.1,1.2142481567135972,0.2522416979336471,1,0.513837209078665,0.27,0.3,1,10,1,1.793950098212491,0.8,0.2522416979336471,0.2522416979336471,1,0.9,-1.631728483656996
0.5487675723635639,0.0284563265295416,45.81701146411112,0.8783221180053069,-0.010208529307172,3,1,0.1,1.961974377210696,0.3739491992038387,1,0.7855794364166089,0.27,0.3,1,10,1,3.2498356401859145,0.8,0.3739491992038387,0.3739491992038387,1,0.9,-2.244847536608141
0.3181150127310044,0.0097251979971334,23.60641210701857,0.2398485580780303,-0.0027899923862477,3,1,0.1,4.607756254046225,0.9966955581928216,1,0.5098991490579233,0.27,0.3,1,10,1,4.332008587253952,0.8,0.9966955581928216,0.9966955581928216,1,0.9,-6.70794912516055
0.522407688136476,0.0382628105092406,36.40956623310527,0.6996980044352613,-0.0154860094630807,3,1,0.1,4.394281054788671,0.4635616489655118,1,0.9002839062228576,0.27,0.3,1,10,1,3.5273737525508366,0.8,0.4635616489655118,0.4635616489655118,1,0.9,-2.0497467167516046
0.3638502762560405,0.0261406760816173,22.322162078552395,0.2743174693833903,-0.0078679708104618,3,1,0.1,5.026605192585728,0.9309070234227756,1,0.961341848060886,0.27,0.3,1,10,1,4.211101507877792,0.8,0.9309070234227756,0.9309070234227756,1,0.9,-5.464261610475862
0.2005902258191502,0.013104415770705,9.046336507897871,0.4739249393637463,0.0024073962578361,3,1,0.1,7.714365005307028,0.7843533305601038,1,0.6054043181777493,0.27,0.3,1,10,1,0.8092055594436185,0.8,0.7843533305601038,0.7843533305601038,1,0.9,-3.4276992886462967
0.0547392202223601,0.003452212376172,22.56714877490491,1.164152197161222,0.027806994726261,3,1,0.1,7.831318793896418,0.4176845328145681,1,0.5091069275427208,0.27,0.3,1,10,1,0.3130163761737125,0.8,0.4176845328145681,0.4176845328145681,1,0.9,-1.5901772237076184
0.3524679324630075,0.0161558807401487,20.460880331234765,0.5981539486551354,-0.0037814054378498,3,1,0.1,2.4599331079918256,0.542321042103164,1,0.5315005407867227,0.27,0.3,1,10,1,1.665092468826992,0.8,0.542321042103164,0.542321042103164,1,0.9,-3.7227685707919536
0.3603043518286402,0.0208593047197603,32.01778606433479,0.2937109274050472,-0.0067297464169221,3,1,0.1,4.41905905174088,0.8596237559503641,1,0.7768075180160776,0.27,0.3,1,10,1,4.7787542114746016,0.8,0.8596237559503641,0.8596237559503641,1,0.9,-5.24699914322171
0.4488543356609837,0.0206664684319996,65.94888554779585,0.5877731368708086,-0.0086362453167174,3,1,0.1,2.5060748583257806,0.5048012446315526,1,0.5786592277349443,0.27,0.3,1,10,1,4.2482290298071295,0.8,0.5048012446315526,0.5048012446315526,1,0.9,-3.1748849858039883
0.3329988116196287,0.0161487279512355,15.479553898830448,0.2931498733432011,-0.0047887320341007,3,1,0.1,7.659762005057178,0.8789894688957423,1,0.5569634101686094,0.27,0.3,1,10,1,2.988710934407714,0.8,0.8789894688957423,0.8789894688957423,1,0.9,-4.001370613471403
0.3514082122191588,0.0254777697882874,15.90624590040427,0.2562046105705685,-0.0071406525710865,3,1,0.1,7.072266288508567,0.9978153451778572,1,0.9231218014456356,0.27,0.3,1,10,1,3.5952755135753813,0.8,0.9978153451778572,0.9978153451778572,1,0.9,-4.958382858209187
0.337944202318825,0.0193453198979942,16.187663416414775,0.2764122315482389,-0.0056482783829642,3,1,0.1,38.456532450992704,0.9270698894627892,1,0.6333982997306244,0.27,0.3,1,10,1,3.320059941724429,0.8,0.9270698894627892,0.9270698894627892,1,0.9,-3.274417513157176
0.5006440551675615,0.0256203424229778,56.45536992074834,0.7236112476163228,-0.0104979668833233,3,1,0.1,2.2502475037748555,0.4397150791909187,1,0.6827039595581111,0.27,0.3,1,10,1,3.740636764788995,0.8,0.4397150791909187,0.4397150791909187,1,0.9,-2.694088280509342
0.2175385238005098,0.0128051963703346,10.609467241488629,0.5061685196297266,0.0017053091360113,3,1,0.1,5.4908044041207065,0.7213935658347301,1,0.5607435604674064,0.27,0.3,1,10,1,0.8778898325895539,0.8,0.7213935658347301,0.7213935658347301,1,0.9,-3.4676962937790163
0.3161859533819064,0.0260688182660168,6.936809647995616,0.3315937640697927,-0.0052664001490097,3,1,0.1,7.211582411589664,0.9129048918960486,1,0.8846574093533628,0.27,0.3,1,10,1,1.5674852967436714,0.8,0.9129048918960486,0.9129048918960486,1,0.9,-4.318624052972052
0.2696683708976329,0.0192676607855427,12.388091109955322,0.6294008639360035,0.0010366862296915,3,1,0.1,13.79327538510053,0.5917393696665936,1,0.6234912808971581,0.27,0.3,1,10,1,1.0340059052953827,0.8,0.5917393696665936,0.5917393696665936,1,0.9,-2.191874073041287
0.3270418799970462,0.0187011121760387,11.377477262873404,0.2627888575873873,-0.005003095498805,3,1,0.1,8.49508792464406,0.9857691535224872,1,0.6620308837629136,0.27,0.3,1,10,1,2.7282893370375856,0.8,0.9857691535224872,0.9857691535224872,1,0.9,-4.5059186651083145
0.3665577319324575,0.0257826640651924,20.0012448191326,0.3187195360552898,-0.0082045464182685,3,1,0.1,19.7981795225934,0.8331702118742214,1,0.7477791150528789,0.27,0.3,1,10,1,3.5642554845288927,0.8,0.8331702118742214,0.8331702118742214,1,0.9,-3.0796360363914994
0.1519670686119091,0.0131607899664522,7.425044368592321,0.4788590207274595,0.006939069629665,3,1,0.1,5.253978024932868,0.8585788473675847,1,0.8742584768983303,0.27,0.3,1,10,1,0.6062439354426261,0.8,0.8585788473675847,0.8585788473675847,1,0.9,-4.625726942234607
0.3113668111855086,0.0174669792121199,13.134554723519322,0.5131970753051293,-0.0029128568292496,3,1,0.1,3.204849785737648,0.639963181321667,1,0.5934520477582393,0.27,0.3,1,10,1,1.3836063691681943,0.8,0.639963181321667,0.639963181321667,1,0.9,-3.994280270718119
0.5041111162313329,0.0246271059122695,18.22401543918711,1.468474761828103,0.0206782330483553,3,1,0.1,5.226092628878583,0.2364233944494733,1,0.6955172759872712,0.27,0.3,1,10,1,1.5888834231527973,0.8,0.2364233944494733,0.2364233944494733,1,0.9,-0.8810831362473834
0.4698676003152034,0.0408914702127293,18.04007944889212,0.6269430277059634,-0.0141861753965369,3,1,0.1,13.107794720399957,0.5272696335752298,1,0.9386803605088933,0.27,0.3,1,10,1,2.451199191918369,0.8,0.5272696335752298,0.5272696335752298,1,0.9,-1.939617695699669
0.375476032336995,0.0241225294724853,18.76336539313539,0.3736520471278574,-0.0079689424972744,3,1,0.1,4.004601857882281,0.7387413358327338,1,0.7179060462305267,0.27,0.3,1,10,1,2.974408366147144,0.8,0.7387413358327338,0.7387413358327338,1,0.9,-4.323441253515143
0.3653432895475017,0.0271895283152975,16.62958439186876,0.290303558848416,-0.0081331002500044,3,1,0.1,4.753149130108555,0.9031120098104812,1,0.9295411343541464,0.27,0.3,1,10,1,3.428989126023103,0.8,0.9031120098104812,0.9031120098104812,1,0.9,-5.407921563153083
0.001428093069007,0.0001238412605683,13.080988811635672,0.8553933291182948,0.0288296699273737,3,1,0.1,2.808489074456399,0.6061042972397562,1,0.8165893761885097,0.27,0.3,1,10,1,0.0461028982618701,0.8,0.6061042972397562,0.6061042972397562,1,0.9,-4.069673131990835
0.6709537361577322,0.0258441208508986,86.13826199641099,1.1583748697570488,-0.0004076565422935,3,1,0.1,1.358344764647054,0.2480481441211719,1,0.8891291672970261,0.27,0.3,1,10,1,4.754865837210548,0.8,0.2480481441211719,0.2480481441211719,1,0.9,-1.4406947837801043
0.0834706289806525,0.0096201215082316,10.049697641402018,0.9980730956607212,0.039313259720815,3,1,0.1,77.737091181825,0.5037817133726267,1,0.9846531383016076,0.27,0.3,1,10,1,0.3747884765488973,0.8,0.5037817133726267,0.5037817133726267,1,0.9,-1.70505513310337
0.147191261317363,0.0108384041579462,15.994762947016245,1.0811670575651795,0.0235348281853655,3,1,0.1,3.270689374810709,0.4319062712481742,1,0.7162582843433877,0.27,0.3,1,10,1,0.5489694028970677,0.8,0.4319062712481742,0.4319062712481742,1,0.9,-2.0808493692213803
0.3631240121787189,0.0255885184929649,16.703310539865814,0.3136795410353397,-0.007889816766315,3,1,0.1,7.298255767672447,0.849703860271913,1,0.7832789868415571,0.27,0.3,1,10,1,3.2204774504656624,0.8,0.849703860271913,0.849703860271913,1,0.9,-3.888767925008554
0.3292744627312637,0.0231425017300496,11.863426055657738,0.514349587838108,-0.0045263014792337,3,1,0.1,12.181142164779873,0.6440908871673882,1,0.6439020600695337,0.27,0.3,1,10,1,1.4734851418971902,0.8,0.6440908871673882,0.6440908871673882,1,0.9,-2.449138138264213
0.307674309262296,0.0264734810072396,6.040592390333966,0.3036005403187412,-0.0049087448066709,3,1,0.1,9.16934471496371,0.9937591558228256,1,0.9507340345212216,0.27,0.3,1,10,1,1.5120204957672414,0.8,0.9937591558228256,0.9937591558228256,1,0.9,-4.43375067361288
0.0349176790218678,0.002953524198047,13.83334914380403,0.9342057327329868,0.0293353196135703,3,1,0.1,2.575357524683688,0.5448653495011164,1,0.8252612687611721,0.27,0.3,1,10,1,0.2348720871995886,0.8,0.5448653495011164,0.5448653495011164,1,0.9,-3.5869571870963943
0.1444975195066073,0.0106967866755714,15.996687939414102,0.9603025199324446,0.0188316013418464,3,1,0.1,6.235424543193582,0.4716650078060655,1,0.6336031614682895,0.27,0.3,1,10,1,0.5612677706293252,0.8,0.4716650078060655,0.4716650078060655,1,0.9,-1.9091881772550248
0.3729594041903761,0.0297296962795095,12.628687396661716,0.3851784774809715,-0.0089465337725593,3,1,0.1,10.915610924255173,0.7561191866597209,1,0.7975532307910307,0.27,0.3,1,10,1,2.3557276670377734,0.8,0.7561191866597209,0.7561191866597209,1,0.9,-3.00630265719541
0.3134631071178642,0.0182278837004782,8.36115301268512,0.2899484192567678,-0.0043527645044348,3,1,0.1,4.651647121808566,0.950377462934709,1,0.6688859241803614,0.27,0.3,1,10,1,1.9541528555685,0.8,0.950377462934709,0.950377462934709,1,0.9,-6.054011913902471
0.3595949145114134,0.0288249675127415,10.643443512271778,0.3572856683915474,-0.0080762927347054,3,1,0.1,7.894294704455634,0.8090906924470382,1,0.8332847926803455,0.27,0.3,1,10,1,2.191416906712403,0.8,0.8090906924470382,0.8090906924470382,1,0.9,-3.544653983324703
0.0431068306763023,0.004158484618155,10.815569521964528,1.847201980086776,0.0931807282156616,3,1,0.1,22.29979968542069,0.3066686343469595,1,0.97958557467741,0.27,0.3,1,10,1,0.2436760028980227,0.8,0.3066686343469595,0.3066686343469595,1,0.9,-1.056117683075399
0.3208520634951353,0.0202335282056266,14.993454733030442,0.7028605490884936,-0.0004608803308246,3,1,0.1,2.3279345247177985,0.5251613962194527,1,0.7255456380882801,0.27,0.3,1,10,1,1.1909070567684918,0.8,0.5251613962194527,0.5251613962194527,1,0.9,-3.6960759101460825
0.3671065119280381,0.0178739521008627,23.5389589152778,0.420196184078566,-0.0061881120304156,3,1,0.1,7.44351549433573,0.6614720053258303,1,0.5047068577470908,0.27,0.3,1,10,1,2.862352789678633,0.8,0.6614720053258303,0.6614720053258303,1,0.9,-2.781700383940751
0.4114402920102907,0.0283505180956719,17.32472239381315,0.8516140774182795,-0.0040433960626743,3,1,0.1,8.475919414378483,0.4286851942555026,1,0.7043532353015725,0.27,0.3,1,10,1,1.577762072632497,0.8,0.4286851942555026,0.4286851942555026,1,0.9,-1.620148631609737
0.4095924366431097,0.0180609197875096,28.027052007469923,0.9651483862430552,-0.0010215100190954,3,1,0.1,2.1773194414631245,0.3751439914183407,1,0.575381606006273,0.27,0.3,1,10,1,1.5737529504226309,0.8,0.3751439914183407,0.3751439914183407,1,0.9,-2.0911896605567
0.1951581058465729,0.0099811662819907,7.793433257910699,0.3902214302081779,0.0011396118114481,3,1,0.1,5.218721831016885,0.9085335847587982,1,0.5424540730380484,0.27,0.3,1,10,1,0.82318674387283,0.8,0.9085335847587982,0.9085335847587982,1,0.9,-5.100220029750184
0.3466813902468494,0.0261287249789223,13.856780251797776,1.0305418924090834,0.0076865959147627,3,1,0.1,5.497152683577738,0.3920804693590506,1,0.8129105712071756,0.27,0.3,1,10,1,1.1030372471501428,0.8,0.3920804693590506,0.3920804693590506,1,0.9,-1.567864045754229
0.394657413338155,0.0309665479498436,15.568548340469048,0.392339654404015,-0.0100122826398776,3,1,0.1,3.8667572380268,0.7316287778505706,1,0.9109773021873768,0.27,0.3,1,10,1,2.713293676150178,0.8,0.7316287778505706,0.7316287778505706,1,0.9,-4.366549652620001
0.3926919449571968,0.0263317427107154,21.63453537188042,0.4092892604845808,-0.0091256679471888,3,1,0.1,4.432869680106746,0.6903092425979124,1,0.7318878878869618,0.27,0.3,1,10,1,3.1001849307403444,0.8,0.6903092425979124,0.6903092425979124,1,0.9,-3.614328267866616
0.3369887142602132,0.0160152064096099,21.08573716527385,0.7204195659098152,-0.0015917642622921,3,1,0.1,2.21783702035779,0.490169864215477,1,0.5604903032312339,0.27,0.3,1,10,1,1.3614606122731776,0.8,0.490169864215477,0.490169864215477,1,0.9,-3.373706498665043
0.3710460240597271,0.032197957545496,10.267416777955743,0.3549412122734296,-0.0090215784047535,3,1,0.1,5.463181634297912,0.8175313429219929,1,0.9877016760758858,0.27,0.3,1,10,1,2.217486602270747,0.8,0.8175313429219929,0.8175313429219929,1,0.9,-4.187114729769203
0.1272535990262762,0.0107470556447983,8.138566601111304,0.5182384375986736,0.0091500218533787,3,1,0.1,3.9403895169634287,0.8265760261512408,1,0.8711289136259448,0.27,0.3,1,10,1,0.5272142193249486,0.8,0.8265760261512408,0.8265760261512408,1,0.9,-5.3967819613492445
0.3428717436967909,0.0211337394431871,21.40026327915408,0.2547061906920064,-0.0061070216722178,3,1,0.1,32.42322524926686,0.9832574266564246,1,0.7596043027730888,0.27,0.3,1,10,1,4.206006801010775,0.8,0.9832574266564246,0.9832574266564246,1,0.9,-3.5271025200761974
0.4808710789960436,0.0279760331609293,40.34842597736913,0.6890412451422454,-0.0110505878623407,3,1,0.1,3.6267129616307447,0.4652300894227181,1,0.6766649658832983,0.27,0.3,1,10,1,3.2612152219264043,0.8,0.4652300894227181,0.4652300894227181,1,0.9,-2.213221933653732
0.5256159337023595,0.028955744127818,19.66820729005929,1.1838596182723902,0.0026725282133073,3,1,0.1,1.952744633587681,0.2980904145818134,1,0.9451958019672936,0.27,0.3,1,10,1,1.807156109356956,0.8,0.2980904145818134,0.2980904145818134,1,0.9,-1.5433617119114391
0.4713261966985909,0.0267552419451425,25.23815170673741,0.8067703296242723,-0.0076774714592662,3,1,0.1,2.1515382214378405,0.4242641580434458,1,0.7642296754043296,0.27,0.3,1,10,1,2.1388671454142867,0.8,0.4242641580434458,0.4242641580434458,1,0.9,-2.619460439508153
0.3556071365119839,0.0250660562973212,15.455167569652865,0.2752469443499812,-0.0072532343209768,3,1,0.1,4.57623888252327,0.9412081972151838,1,0.8968934505935415,0.27,0.3,1,10,1,3.355707587590089,0.8,0.9412081972151838,0.9412081972151838,1,0.9,-6.03226491860584
0.2897300066311166,0.0138577930173092,7.422342758272391,0.282710789289938,-0.0029031540765793,3,1,0.1,5.352476631186337,0.9866969814736766,1,0.5579818906552287,0.27,0.3,1,10,1,1.6899960525717928,0.8,0.9866969814736766,0.9866969814736766,1,0.9,-5.771534984051795
0.3644318077004151,0.023611462710679,19.44919800268239,0.3211382776363762,-0.0075198818775026,3,1,0.1,5.052946060850423,0.8232866291701147,1,0.7476788311927961,0.27,0.3,1,10,1,3.4195080775187114,0.8,0.8232866291701147,0.8232866291701147,1,0.9,-4.427519593738258
0.3442557166487932,0.0137159702151478,37.43580426539352,0.3032727447671254,-0.0045912158928135,3,1,0.1,18.92892092092145,0.8160656544609305,1,0.5081200685906659,0.27,0.3,1,10,1,4.826094033239932,0.8,0.8160656544609305,0.8160656544609305,1,0.9,-3.0244646088788496
0.6096945069866146,0.0267821843733757,32.363706734970194,1.2455821805657787,0.004761409514514,3,1,0.1,2.1056741753120134,0.2474904550788905,1,0.7870807802031002,0.27,0.3,1,10,1,2.6655368409831777,0.8,0.2474904550788905,0.2474904550788905,1,0.9,-1.13670870214127
0.3283994541465826,0.0263324063771683,7.8195822920873,0.3621194979229929,-0.0056346124347475,3,1,0.1,4.008408399101683,0.8441739172248887,1,0.9189925733241536,0.27,0.3,1,10,1,1.598126106160514,0.8,0.8441739172248887,0.8441739172248887,1,0.9,-5.5326839723469785
0.1165871006011306,0.012165099878989,6.5785625775509535,0.4694019150829516,0.0105168206686748,3,1,0.1,27.416317830269424,0.9238873607438332,1,0.9969718083724056,0.27,0.3,1,10,1,0.4952616129033843,0.8,0.9238873607438332,0.9238873607438332,1,0.9,-3.3424395988441686
0.4993476868209762,0.0275097910739795,33.611907218590915,0.7750700100544045,-0.0097862607935379,3,1,0.1,2.0164918827403846,0.4265809938449518,1,0.7727717583473288,0.27,0.3,1,10,1,2.717347492181448,0.8,0.4265809938449518,0.4265809938449518,1,0.9,-2.807973725023324
0.0025068092662047,0.0002098779969731,9.114143898947392,0.5604913294460413,0.01656665478379,3,1,0.1,5.353390335230032,0.8857201761591027,1,0.7873784674112242,0.27,0.3,1,10,1,0.0620974503542852,0.8,0.8857201761591027,0.8857201761591027,1,0.9,-4.808867570846825
0.3403147176781647,0.0156281289350482,19.527965888291103,0.3176024981770148,-0.0049574946151091,3,1,0.1,13.03947224915763,0.8133616842720723,1,0.5079559304935923,0.27,0.3,1,10,1,3.215012064759595,0.8,0.8133616842720723,0.8133616842720723,1,0.9,-3.173027259198488
0.3983563595376774,0.0286388166064731,18.55989080943505,0.4356829190477861,-0.0097141593583473,3,1,0.1,4.876983148925456,0.6708567599965004,1,0.766736971717904,0.27,0.3,1,10,1,2.743367622373249,0.8,0.6708567599965004,0.6708567599965004,1,0.9,-3.2931785398539146
0.3586685004867758,0.0221610756792071,19.599525042608672,0.3014435650687109,-0.0069017814335536,3,1,0.1,3.798030777118742,0.8598638594477129,1,0.7728287682524906,0.27,0.3,1,10,1,3.5604078775786343,0.8,0.8598638594477129,0.8598638594477129,1,0.9,-6.075836036332079
0.1376565200896263,0.0069810907809029,7.747440605120824,0.3989297195041568,0.0031625100223963,3,1,0.1,8.618175886350464,0.9749843741748856,1,0.5225898748756712,0.27,0.3,1,10,1,0.5985427060930417,0.8,0.9749843741748856,0.9749843741748856,1,0.9,-4.415526583873721
0.3819754760259997,0.0233871521629079,38.88296953210125,0.3495763695915092,-0.0082585835006218,3,1,0.1,6.169548108588734,0.7516527371240056,1,0.7246730963870536,0.27,0.3,1,10,1,4.793511356551521,0.8,0.7516527371240056,0.7516527371240056,1,0.9,-3.500665365421089
0.3995030452332222,0.0261915011020251,29.33173391268897,0.3882913015681555,-0.0093747798395213,3,1,0.1,3.087220321381676,0.7046354039838257,1,0.8029956445169385,0.27,0.3,1,10,1,3.868490058352008,0.8,0.7046354039838257,0.7046354039838257,1,0.9,-5.024850174560886
0.4066925341594443,0.03350009128715,28.0839555585034,0.3792808099015788,-0.01179939943737,3,1,0.1,159.37069872416262,0.733771001614048,1,0.8547050048374327,0.27,0.3,1,10,1,4.090679078682875,0.8,0.733771001614048,0.733771001614048,1,0.9,-2.4724652331642503
0.3514188723273013,0.0148653728051116,26.79484555299674,0.3350650918194586,-0.0050299112469235,3,1,0.1,3.4891783455901666,0.7641707635979252,1,0.5334915913379403,0.27,0.3,1,10,1,3.685709543741608,0.8,0.7641707635979252,0.7641707635979252,1,0.9,-5.209361318989141
0.4403467853369189,0.025707433226583,52.2017670441632,0.4998618343891795,-0.0103786749359346,3,1,0.1,2.628707778638677,0.57649534775079,1,0.7308145882707793,0.27,0.3,1,10,1,4.471340913303205,0.8,0.57649534775079,0.57649534775079,1,0.9,-3.935531617686264
0.51488897526571,0.0268705417155572,88.6113838725861,0.7517745687761531,-0.0115730768047898,3,1,0.1,4.38835084384968,0.4237079617007155,1,0.6206927786980083,0.27,0.3,1,10,1,4.864120710059309,0.8,0.4237079617007155,0.4237079617007155,1,0.9,-1.8230822079657667
0.373022483772237,0.0245936954852202,16.655954932315385,0.739666825119429,-0.0036843602313572,3,1,0.1,4.87412180170978,0.4856252429012357,1,0.6741096745314497,0.27,0.3,1,10,1,1.4760660681540296,0.8,0.4856252429012357,0.4856252429012357,1,0.9,-2.109060826969208
0.3656284446113824,0.0169135796042163,44.051483078796174,0.3512883634777715,-0.0060812622353461,3,1,0.1,14.13258825413471,0.7311059095119775,1,0.5373888754685574,0.27,0.3,1,10,1,4.828348199910013,0.8,0.7311059095119775,0.7311059095119775,1,0.9,-2.7715698242978792
0.1281533165920605,0.0118941320700982,9.854674885668407,0.6947385210491268,0.0159847835376896,3,1,0.1,3.0117753359604458,0.6563089814722027,1,0.9987577351761564,0.27,0.3,1,10,1,0.5056358065621515,0.8,0.6563089814722027,0.6563089814722027,1,0.9,-4.45076017686259
0.435218467836918,0.0275438319060423,45.8405206832835,0.4911205591890185,-0.0109546433713057,3,1,0.1,4.608391346700954,0.5902221888251399,1,0.7081756540599174,0.27,0.3,1,10,1,4.304858990219717,0.8,0.5902221888251399,0.5902221888251399,1,0.9,-2.805943690017693
0.4537776977306578,0.0265616759271085,64.92909320050153,0.5192351429530693,-0.0109924807424867,3,1,0.1,2.5276554013802173,0.5591286885126849,1,0.7561878892780094,0.27,0.3,1,10,1,4.971733001872466,0.8,0.5591286885126849,0.5591286885126849,1,0.9,-3.851892788654528
0.3860500164364584,0.0209528081212852,25.03371231995876,0.4304374115873051,-0.0074381773522803,3,1,0.1,3.03158893767554,0.6520784114355803,1,0.6242114584876824,0.27,0.3,1,10,1,3.047880336879559,0.8,0.6520784114355803,0.6520784114355803,1,0.9,-4.36366136872766
0.3136976378254542,0.0226921593616084,7.321895241893481,0.3165839251202184,-0.0048502860767963,3,1,0.1,5.114349245475044,0.9259196460052932,1,0.8013251877420502,0.27,0.3,1,10,1,1.6624950842631383,0.8,0.9259196460052932,0.9259196460052932,1,0.9,-5.343810355401293
0.4537261084387938,0.0294323276150017,22.55420451568612,0.7135416441056625,-0.0093949308633481,3,1,0.1,3.6614343173692303,0.4712265902045729,1,0.7413666442404758,0.27,0.3,1,10,1,2.2228061457191,0.8,0.4712265902045729,0.4712265902045729,1,0.9,-2.2448982299093174
0.025257000823836,0.0018768738015376,11.020228076142116,0.6044287520592054,0.0148201433840384,3,1,0.1,38.48646780945478,0.7901911266439092,1,0.5922850780440853,0.27,0.3,1,10,1,0.2065409248585835,0.8,0.7901911266439092,0.7901911266439092,1,0.9,-2.766506006359028
0.3257723370954271,0.0156466038795687,14.983751815263414,0.2658056546397533,-0.0044441568076459,3,1,0.1,166.83135680302885,0.9517977408729316,1,0.5471333489605982,0.27,0.3,1,10,1,3.1699639574551366,0.8,0.9517977408729316,0.9517977408729316,1,0.9,-3.215463431187368
0.2082868164376922,0.0100507012651481,15.670560983681687,0.6283005932674479,0.0031806511806316,3,1,0.1,2.971562566439525,0.6063416998091865,1,0.5011157932970541,0.27,0.3,1,10,1,0.8203519370995835,0.8,0.6063416998091865,0.6063416998091865,1,0.9,-3.857961839102088
0.3500058598153797,0.024215346850824,16.27260139931726,0.2801537972337237,-0.0070999686905518,3,1,0.1,66.20173585548568,0.9278365012198714,1,0.7522906799851476,0.27,0.3,1,10,1,3.412628644960199,0.8,0.9278365012198714,0.9278365012198714,1,0.9,-3.1973491440126844
0.3782941393088819,0.0280980624362238,14.77180645388479,0.353882294464579,-0.0087692305191064,3,1,0.1,3.506862652085212,0.7857365816851157,1,0.8856414035068261,0.27,0.3,1,10,1,2.7623396427712827,0.8,0.7857365816851157,0.7857365816851157,1,0.9,-5.488512415073048
0.7780318623050891,0.0114690975055031,72.5492326722965,1.3479031792094125,0.0689160806753816,3,1,0.1,1.4230616577134452,0.1258669022272405,1,0.582912633216285,0.27,0.3,1,10,1,4.077189408174931,0.8,0.1258669022272405,0.1258669022272405,1,0.9,-0.528660552863883
0.3082805687349503,0.0240306814519059,6.518654682897335,0.3045254089661603,-0.0047401015572979,3,1,0.1,6.475657477238602,0.9732178009166824,1,0.8640681701774018,0.27,0.3,1,10,1,1.5787574053044142,0.8,0.9732178009166824,0.9732178009166824,1,0.9,-4.996037255668325
0.4579456601008989,0.0233281568475045,64.79463481935795,0.5786686745167059,-0.0097749827730174,3,1,0.1,2.3743696730702624,0.5139703973527966,1,0.6517134634085255,0.27,0.3,1,10,1,4.435930321273361,0.8,0.5139703973527966,0.5139703973527966,1,0.9,-3.461691496681942
0.3025791373513863,0.0247145149827898,9.121068468210517,0.5075141650212435,-0.0022705681480627,3,1,0.1,3.755276085631672,0.6922040932805741,1,0.8786790035638059,0.27,0.3,1,10,1,1.1832618284597844,0.8,0.6922040932805741,0.6922040932805741,1,0.9,-4.048684876687983
0.0540665993610762,0.0050427986541343,7.282060606231012,0.4853623449054196,0.0132154458965208,3,1,0.1,6.898414994993645,0.9598711473784388,1,0.9403155371866144,0.27,0.3,1,10,1,0.3075327023665204,0.8,0.9598711473784388,0.9598711473784388,1,0.9,-4.7377789733089575
0.3460487225831732,0.0255950160056176,10.357639421700938,0.3055597301107082,-0.0069793221785891,3,1,0.1,6.97118423761955,0.8997007812056553,1,0.8088104032922938,0.27,0.3,1,10,1,2.384330639419147,0.8,0.8997007812056553,0.8997007812056553,1,0.9,-4.291277560020337
0.2884653017562512,0.0192018179700354,15.84896087652212,0.9291191407692018,0.007242504883513,3,1,0.1,2.6397373980236694,0.4400845734685631,1,0.7461282348356749,0.27,0.3,1,10,1,0.958135334945484,0.8,0.4400845734685631,0.4400845734685631,1,0.9,-2.40090700181477
0.3657969446517106,0.0325073547578678,10.410253091938328,0.5316329025500502,-0.0070608845076872,3,1,0.1,10.365589597916284,0.6369657963771095,1,0.8813785127538685,0.27,0.3,1,10,1,1.5564702747430348,0.8,0.6369657963771095,0.6369657963771095,1,0.9,-2.478611005314815
0.3653431643242837,0.0291915639168226,17.468474630497756,0.2770143614932897,-0.0085797551717391,3,1,0.1,9.528496888966671,0.940519758041096,1,0.9709395716995868,0.27,0.3,1,10,1,3.692731842836517,0.8,0.940519758041096,0.940519758041096,1,0.9,-4.073175040729549
0.4078151614709013,0.0202700960699811,47.89863298602853,0.4657307454668478,-0.0079780355930609,3,1,0.1,3.482143759633733,0.5989528999127296,1,0.5795340440928809,0.27,0.3,1,10,1,4.184592954356631,0.8,0.5989528999127296,0.5989528999127296,1,0.9,-3.335017295317797
0.2887481701532829,0.0203057748059493,6.557920297283869,0.3108996586014996,-0.0036217205781486,3,1,0.1,23.99156511372652,0.9661917205573898,1,0.6953550598062894,0.27,0.3,1,10,1,1.4545289802349572,0.8,0.9661917205573898,0.9661917205573898,1,0.9,-3.554665009085729
0.3299419670033844,0.0227769609845002,8.867220250922722,0.2693832430251314,-0.0057170999260023,3,1,0.1,6.218298856454741,0.998185046008728,1,0.801078322367545,0.27,0.3,1,10,1,2.307805863631724,0.8,0.998185046008728,0.998185046008728,1,0.9,-5.319870638843606
0.4669303981190797,0.0137827957113882,10.41163553506599,3.2640857471096605,0.2035909358635148,3,1,0.1,5.130877579408917,0.1226377656104091,1,0.8511761673048237,0.27,0.3,1,10,1,1.0191077470499146,0.8,0.1226377656104091,0.1226377656104091,1,0.9,-0.4329379882996402
0.2264919811320505,0.0110947810874055,7.774438654497564,0.3708997794039388,-0.0002320857368502,3,1,0.1,6.0926345892988,0.8957489565022158,1,0.5180584997881871,0.27,0.3,1,10,1,0.9932525420264088,0.8,0.8957489565022158,0.8957489565022158,1,0.9,-4.54499093771606
0.4322679874236758,0.0307196895827172,22.99238857486789,0.5803428619696694,-0.0109984321727228,3,1,0.1,30.11826510027953,0.546834889785406,1,0.6794498387631374,0.27,0.3,1,10,1,2.630744995805608,0.8,0.546834889785406,0.546834889785406,1,0.9,-1.9034206073977469
0.4072701823403974,0.0243824221870568,43.54719320142406,0.4469040371502352,-0.0094223894239686,3,1,0.1,147.37689872292393,0.6286729602804003,1,0.5970561078585124,0.27,0.3,1,10,1,4.317933936842174,0.8,0.6286729602804003,0.6286729602804003,1,0.9,-2.11664437615604
0.4365637728480855,0.0342582324479558,39.04225892990139,0.441425370565289,-0.013085863238175,3,1,0.1,7.864723157772596,0.6495695636239049,1,0.8763005158778628,0.27,0.3,1,10,1,4.4976027826192775,0.8,0.6495695636239049,0.6495695636239049,1,0.9,-2.6821209814735143
0.3384249265442531,0.0127093392262766,25.17028718958292,0.3039034242896359,-0.0041218808042722,3,1,0.1,3.850980602154506,0.8212703191234002,1,0.5028728003454966,0.27,0.3,1,10,1,3.788705597535383,0.8,0.8212703191234002,0.8212703191234002,1,0.9,-5.449119668102418
0.3631564124968687,0.0225210999915589,28.67423601053448,0.2977147713587613,-0.0072385640393368,3,1,0.1,5.360381159349175,0.8575138133617453,1,0.7878371170838424,0.27,0.3,1,10,1,4.501077384137342,0.8,0.8575138133617453,0.8575138133617453,1,0.9,-4.560777448677609
0.4141430381685298,0.0207420978243382,58.62668718983724,0.4711481433239735,-0.0083285835292507,3,1,0.1,3.865528572341949,0.5917667403110619,1,0.5848644595711271,0.27,0.3,1,10,1,4.681139267050382,0.8,0.5917667403110619,0.5917667403110619,1,0.9,-3.068720392540229
0.3453276069170892,0.0178069888342906,30.89820903368161,0.267347363393701,-0.0054712037069942,3,1,0.1,5.316775227019974,0.9227920190507664,1,0.7300176928091489,0.27,0.3,1,10,1,4.909938604853666,0.8,0.9227920190507664,0.9227920190507664,1,0.9,-5.169519203365808
0.1568649281546377,0.013505653309789,13.316157453391066,1.263942589031691,0.03607891892025,3,1,0.1,56.55662963565252,0.377775086949061,1,0.7446080784125639,0.27,0.3,1,10,1,0.5573274462209996,0.8,0.377775086949061,0.377775086949061,1,0.9,-1.279187332053347
0.0006792599563574,6.271169561257401e-05,13.00705063069095,0.983849431717796,0.0371291703189498,3,1,0.1,2.424596989358043,0.5432767592868198,1,0.9490177460354742,0.27,0.3,1,10,1,0.0311394494785854,0.8,0.5432767592868198,0.5432767592868198,1,0.9,-3.795110156232859
0.3092351749595652,0.0244773176743662,9.110080424129931,0.481351379700392,-0.0031554258749071,3,1,0.1,3.705642865187664,0.7091527035462674,1,0.8525121255220514,0.27,0.3,1,10,1,1.2592014919159669,0.8,0.7091527035462674,0.7091527035462674,1,0.9,-4.270967967499725
0.0399653097567385,0.0039276737730254,9.541914100801838,0.6636258004491895,0.0214710656216106,3,1,0.1,5.595009562961041,0.7369457488924316,1,0.8915699076914041,0.27,0.3,1,10,1,0.2565674537082748,0.8,0.7369457488924316,0.7369457488924316,1,0.9,-3.546424961209428
0.3818617441227716,0.0224389616406986,32.34742168577074,0.3664776334237861,-0.0079595394373001,3,1,0.1,4.517186656681197,0.7268940448036588,1,0.6827766703405397,0.27,0.3,1,10,1,4.1339742358838985,0.8,0.7268940448036588,0.7268940448036588,1,0.9,-3.879710558961492
0.3331993151860772,0.0255706808846963,8.741692864653167,0.2957780025633225,-0.0064878397403806,3,1,0.1,283.79504380878603,0.9413789073296356,1,0.7638903795066017,0.27,0.3,1,10,1,2.160283700924214,0.8,0.9413789073296356,0.9413789073296356,1,0.9,-3.1624064624349986
0.3066102709193509,0.0210949194664722,6.939063087416683,0.2916073837465513,-0.0044485185922411,3,1,0.1,6.650534255497172,0.9838909162329704,1,0.7552506034036088,0.27,0.3,1,10,1,1.6993691867636416,0.8,0.9838909162329704,0.9838909162329704,1,0.9,-5.008586000534997
0.0448941843615125,0.0036411801530163,9.558740123244668,0.5722604301550823,0.014322026647008,3,1,0.1,7.052389663706581,0.8221730780331401,1,0.7161776167459483,0.27,0.3,1,10,1,0.2797737617602835,0.8,0.8221730780331401,0.8221730780331401,1,0.9,-3.764641564584582
0.2899415123980485,0.0232755261016006,6.139895435403945,0.3226122066699353,-0.0036697700764037,3,1,0.1,8.121357655758088,0.9640258012548087,1,0.854025556811116,0.27,0.3,1,10,1,1.350402908382329,0.8,0.9640258012548087,0.9640258012548087,1,0.9,-4.44439495998368
0.3145338333481986,0.0134437915398743,11.017929137201516,0.3000518093719352,-0.0035912501624902,3,1,0.1,3.964849309343475,0.8854968324206708,1,0.5191229339020232,0.27,0.3,1,10,1,2.2178968665994283,0.8,0.8854968324206708,0.8854968324206708,1,0.9,-6.16365571726325
0.5115057593212424,0.0186819454877191,64.66548129243473,0.8966813892885974,-0.0063927562072258,3,1,0.1,1.8117442863166269,0.3633681861344976,1,0.5532590204636152,0.27,0.3,1,10,1,3.1606904661286994,0.8,0.3633681861344976,0.3633681861344976,1,0.9,-2.276655093621049
0.398878676140205,0.023522587442477,43.485553311456,0.4082079699617916,-0.0088656934084332,3,1,0.1,6.411056707524903,0.6678995844630965,1,0.6551688264549379,0.27,0.3,1,10,1,4.561078343119479,0.8,0.6678995844630965,0.6678995844630965,1,0.9,-2.941323984423528
0.188034269319126,0.0167625951242523,7.974232788087522,0.5216780435584366,0.0060623074896742,3,1,0.1,4.451768813619389,0.77251857396623,1,0.9159414279818688,0.27,0.3,1,10,1,0.7071392458892687,0.8,0.77251857396623,0.77251857396623,1,0.9,-4.327144076388462
0.6275817029019776,0.0296805361396854,80.34879635397415,1.0741948494086944,-0.0066384303713712,3,1,0.1,2.7145743856666416,0.2832863490126157,1,0.7395020680844174,0.27,0.3,1,10,1,4.718488387946983,0.8,0.2832863490126157,0.2832863490126157,1,0.9,-1.2482340170833837
0.3821486820269024,0.0251940528588722,33.52480695308368,0.3268538837149367,-0.0085466188140394,3,1,0.1,3.5921770876895724,0.79683829608178,1,0.868957057291938,0.27,0.3,1,10,1,4.683548236402775,0.8,0.79683829608178,0.79683829608178,1,0.9,-5.506000609947825
0.3158472651896479,0.0247888288557258,11.85499147507217,0.7324906706021299,0.0018829005146276,3,1,0.1,2.3635646471564,0.5317851339700154,1,0.9800355589491776,0.27,0.3,1,10,1,1.0655236723100434,0.8,0.5317851339700154,0.5317851339700154,1,0.9,-3.731694339709049
0.1553257594605865,0.015889208878929,7.464001080552505,0.5347217921879056,0.0097650961520666,3,1,0.1,11.478774890532565,0.7922628960520275,1,0.9660578840874962,0.27,0.3,1,10,1,0.6011408433221835,0.8,0.7922628960520275,0.7922628960520275,1,0.9,-3.147821030700304
0.3400388270331811,0.0214902565320292,13.000204260403985,0.267006282805782,-0.0059628532872137,3,1,0.1,5.314291089369114,0.9681416166435372,1,0.7715401592506024,0.27,0.3,1,10,1,3.0046673658313656,0.8,0.9681416166435372,0.9681416166435372,1,0.9,-5.613192918851194
0.2712516494695566,0.0146375938966214,7.300917952624652,0.3253106651623064,-0.002353694850429,3,1,0.1,20.54778444362073,0.9268588647671078,1,0.5400019167997735,0.27,0.3,1,10,1,1.355186143288194,0.8,0.9268588647671078,0.9268588647671078,1,0.9,-3.4529559099410934
0.121314133103302,0.0100304263849109,7.754413351587556,0.4866137840818758,0.0083811564594412,3,1,0.1,5.039746817723696,0.8740413001573437,1,0.8247723699795555,0.27,0.3,1,10,1,0.5157302490789448,0.8,0.8740413001573437,0.8740413001573437,1,0.9,-4.893868090970384
0.3673049668913976,0.0132583121256767,18.055360805861383,2.20452549658056,0.0597775742790384,3,1,0.1,2.384629639869785,0.1882020047869529,1,0.6620465286797512,0.27,0.3,1,10,1,0.9469585164981302,0.8,0.1882020047869529,0.1882020047869529,1,0.9,-0.7689437334283102
0.206782402235374,0.0156476254136674,8.383242994876781,0.4789024539120005,0.0027394671533297,3,1,0.1,8.335578884937938,0.7856450308529757,1,0.6955060325681198,0.27,0.3,1,10,1,0.8151891040079904,0.8,0.7856450308529757,0.7856450308529757,1,0.9,-3.357118875574164
0.5928735962551016,0.0156590395731616,127.53105817379294,1.0979433445252322,-0.0027039549459787,3,1,0.1,1.3589375767545036,0.2753110589731035,1,0.5362088627666112,0.27,0.3,1,10,1,4.298395047805298,0.8,0.2753110589731035,0.2753110589731035,1,0.9,-1.7404372746263128
0.09670450036817,0.008019477326988,10.710572856908607,0.6600992393611739,0.0146001028121341,3,1,0.1,3.98692033148581,0.6896247553518837,1,0.7703949604575784,0.27,0.3,1,10,1,0.4351243569443407,0.8,0.6896247553518837,0.6896247553518837,1,0.9,-3.854380374576452
0.5349742601985845,0.0281983773626722,75.06706984456498,0.8482277992612781,-0.0114648349669926,3,1,0.1,8.269591245278678,0.383253388061366,1,0.6026114880806157,0.27,0.3,1,10,1,4.355170688252622,0.8,0.383253388061366,0.383253388061366,1,0.9,-1.432409319287654
0.8230348356327224,0.0078531288830527,50.70680340082275,1.5362505814608665,0.1214587822976032,3,1,0.1,0.8922154212363514,0.099342899127902,1,0.8005546669862367,0.27,0.3,1,10,1,3.3414087093024136,0.8,0.099342899127902,0.099342899127902,1,0.9,-0.4473713407758968
0.0257680661011492,0.0019400108281276,8.354844014612421,0.4898537769088334,0.0118034275079894,3,1,0.1,8.034565578759127,0.9687811669415344,1,0.7097622877021512,0.27,0.3,1,10,1,0.2070751277727006,0.8,0.9687811669415344,0.9687811669415344,1,0.9,-4.493495618559465
0.4550908993032582,0.0306062146646302,22.66537423046764,0.6299367008833275,-0.0106580451333117,3,1,0.1,2.754425796624759,0.5139925338891039,1,0.8248311529741801,0.27,0.3,1,10,1,2.462098630013561,0.8,0.5139925338891039,0.5139925338891039,1,0.9,-3.034628632967727
0.3751174824512189,0.0264658863445491,29.3826758567282,0.3005447295799979,-0.0085284836221059,3,1,0.1,4.688956529755346,0.858016420388276,1,0.9316342228886592,0.27,0.3,1,10,1,4.646044458579003,0.8,0.858016420388276,0.858016420388276,1,0.9,-4.991098071369518
0.3411963506978362,0.0135501731324144,26.80346414411054,1.302109724300778,0.0109137509719053,3,1,0.1,1.481522596084564,0.3086772040257625,1,0.6229710927541765,0.27,0.3,1,10,1,1.067263622876197,0.8,0.3086772040257625,0.3086772040257625,1,0.9,-2.002394141760715
0.3712457046582759,0.0262835457578152,13.887383971776895,0.5529272356653802,-0.0065788633663993,3,1,0.1,4.686980624813255,0.5956611878484124,1,0.7236458927292883,0.27,0.3,1,10,1,1.7114115244267245,0.8,0.5956611878484124,0.5956611878484124,1,0.9,-2.822529515017858
0.374416129398214,0.0291816100620253,14.444433997644463,0.3389984097248233,-0.0089820852447784,3,1,0.1,5.778368022133125,0.814861826890878,1,0.8691302848873399,0.27,0.3,1,10,1,2.846412388788022,0.8,0.814861826890878,0.814861826890878,1,0.9,-4.048269854388514
0.1701672643418684,0.0104314857953098,7.113952455231168,0.3886706894143996,0.0024363110434865,3,1,0.1,17.352609107066417,0.958876469406338,1,0.5872366736297321,0.27,0.3,1,10,1,0.7144350434594643,0.8,0.958876469406338,0.958876469406338,1,0.9,-3.6693691966591
0.2964893334227703,0.0207703562640658,7.1631901194123655,0.3359842086687121,-0.0038067304770072,3,1,0.1,6.019179070670581,0.904863243296698,1,0.7372972954120571,0.27,0.3,1,10,1,1.4544020939811149,0.8,0.904863243296698,0.904863243296698,1,0.9,-4.645827992429736
0.3542414423848132,0.014642261353524,36.808510808757696,0.3260524655469905,-0.0050599126277542,3,1,0.1,3.62053850704086,0.7708428050809386,1,0.5526582554817359,0.27,0.3,1,10,1,4.530678147511948,0.8,0.7708428050809386,0.7708428050809386,1,0.9,-5.106130865759453
0.0001615771013062,1.914660518616719e-05,8.721332582085774,0.68631691502582,0.0299908667820505,3,1,0.1,133.80319627399277,0.7480471397400831,1,0.975206490470997,0.27,0.3,1,10,1,0.0155174195412299,0.8,0.7480471397400831,0.7480471397400831,1,0.9,-2.526447609133178
0.3972016170250994,0.0218689855920435,39.17911568633661,0.4353873434401285,-0.0083116835637058,3,1,0.1,9.138801852153623,0.6370249310316983,1,0.5769766926744248,0.27,0.3,1,10,1,4.019270237720242,0.8,0.6370249310316983,0.6370249310316983,1,0.9,-2.535865326976952
0.6134678009118328,0.0293745249756863,66.93630059434659,0.9976104648369212,-0.0091217327543493,3,1,0.1,1.6798228194033027,0.3162451389251507,1,0.8656150959140562,0.27,0.3,1,10,1,4.149420354707841,0.8,0.3162451389251507,0.3162451389251507,1,0.9,-1.8799799471958103
0.3680306785666465,0.0263656911521176,24.18392296122833,0.2811359344281119,-0.0080946498604714,3,1,0.1,4.379240670696072,0.909920033637357,1,0.9770970974963268,0.27,0.3,1,10,1,4.342833907100116,0.8,0.909920033637357,0.909920033637357,1,0.9,-5.887400894192436
0.6309774721796285,0.0397811597965257,38.38153589021002,1.0895921985285442,-0.0073739897527518,3,1,0.1,7.377594638336175,0.2850454690426104,1,0.8939992131278589,0.27,0.3,1,10,1,3.658237083216917,0.8,0.2850454690426104,0.2850454690426104,1,0.9,-1.0442972132398278
0.3224853485046473,0.0162305911069823,11.878518939155253,0.2597179304306177,-0.0043650021206164,3,1,0.1,6.651765686912887,0.9855064978160384,1,0.6095400410540747,0.27,0.3,1,10,1,2.781073740118909,0.8,0.9855064978160384,0.9855064978160384,1,0.9,-5.020665567719586
0.4036405232474226,0.0215664218599295,24.92727360859872,0.5349301115262719,-0.0075289588609118,3,1,0.1,2.686990578653265,0.5656813134305197,1,0.6183113167192813,0.27,0.3,1,10,1,2.5313969367287403,0.8,0.5656813134305197,0.5656813134305197,1,0.9,-3.706182136000359
0.5418010762904414,0.0224208712235711,33.00775845127822,1.1559237743375648,-0.000140457596981,3,1,0.1,1.7366631684989515,0.2883897348167609,1,0.7021847166333136,0.27,0.3,1,10,1,2.2160496224570925,0.8,0.2883897348167609,0.2883897348167609,1,0.9,-1.5693977203740204
0.3942010147129453,0.0291769922306356,37.53303447204014,0.3415573108503086,-0.0101157180798931,3,1,0.1,7.1030496602145465,0.7774824667444643,1,0.9001465904212675,0.27,0.3,1,10,1,4.985609647163296,0.8,0.7774824667444643,0.7774824667444643,1,0.9,-3.4805420226452464
0.3955012996078805,0.018532516732222,27.4671471030773,0.5821831355429514,-0.0062589408662319,3,1,0.1,3.667620838203325,0.5301998522560302,1,0.5149992273376958,0.27,0.3,1,10,1,2.346245396004645,0.8,0.5301998522560302,0.5301998522560302,1,0.9,-2.666915926449132
0.3843780748107157,0.0307373554519638,13.11056644695262,0.5441586525030488,-0.0082601004155765,3,1,0.1,12.505515401723308,0.6046814702791234,1,0.7665786742595309,0.27,0.3,1,10,1,1.8111810555985888,0.8,0.6046814702791234,0.6046814702791234,1,0.9,-2.271933767199073
0.3455885238227778,0.0193251971126604,21.511926031195625,0.2714036316042896,-0.005804078540467,3,1,0.1,4.928548563911353,0.9257356619760329,1,0.7309641668939652,0.27,0.3,1,10,1,3.988252086516444,0.8,0.9257356619760329,0.9257356619760329,1,0.9,-5.493390323209796
0.3488878376876601,0.0241064429937116,13.24076968875422,0.2683423216737282,-0.0067297728137305,3,1,0.1,4.31185261233638,0.9670508456158098,1,0.8843779598915456,0.27,0.3,1,10,1,3.0802821766440247,0.8,0.9670508456158098,0.9670508456158098,1,0.9,-6.762316204667848
0.4289664502071026,0.0212621895457391,64.0486446590292,0.5028426014840827,-0.0087160189884041,3,1,0.1,2.659554584934999,0.5641199259378165,1,0.6190963846975459,0.27,0.3,1,10,1,4.7132879098408536,0.8,0.5641199259378165,0.5641199259378165,1,0.9,-3.723010319441923
0.0826711501971486,0.005758266424176,7.855907893026277,0.4547353447247909,0.007910872790028,3,1,0.1,4.848613138349573,0.961862326336414,1,0.7144328608878475,0.27,0.3,1,10,1,0.4052759648362259,0.8,0.961862326336414,0.961862326336414,1,0.9,-5.96930222705363
0.3924755694335737,0.0277428211848144,25.79585671599339,0.3538487439974669,-0.0094872919956034,3,1,0.1,3.394531294160712,0.7611309732111815,1,0.8840994843669541,0.27,0.3,1,10,1,3.889112924350616,0.8,0.7611309732111815,0.7611309732111815,1,0.9,-5.320952918144322
0.3594485186658178,0.0209210944274881,21.48884426301778,0.3226314591354124,-0.0067701435106065,3,1,0.1,5.1750671641008825,0.8109189026278026,1,0.6721613038282566,0.27,0.3,1,10,1,3.5396623489222185,0.8,0.8109189026278026,0.8109189026278026,1,0.9,-4.260999229076917
0.3483697413720701,0.0229682236090427,13.894252572219324,0.2758816851527121,-0.0065422931333417,3,1,0.1,4.126319708660561,0.9412001962889248,1,0.8318433591178762,0.27,0.3,1,10,1,3.0897718997201293,0.8,0.9412001962889248,0.9412001962889248,1,0.9,-6.70694099964403
0.3472767098223226,0.0164584234080826,30.469319033106864,0.286827687781877,-0.0052616697494482,3,1,0.1,4.078984656427007,0.866245072527802,1,0.6542056058891528,0.27,0.3,1,10,1,4.584810239333192,0.8,0.866245072527802,0.866245072527802,1,0.9,-5.72373865278871
0.2801638903602593,0.0138009013390271,23.14035289801219,0.946344229191975,0.0051307714673604,3,1,0.1,3.082266307371192,0.4180095928125082,1,0.5273830995944505,0.27,0.3,1,10,1,0.998280344359002,0.8,0.4180095928125082,0.4180095928125082,1,0.9,-2.0383982906925766
0.3303932495660058,0.0185695285388865,11.489969652265223,0.2948295970369689,-0.0051281695486548,3,1,0.1,5.617952355846298,0.902100219685076,1,0.6348646834788665,0.27,0.3,1,10,1,2.479312140982477,0.8,0.902100219685076,0.902100219685076,1,0.9,-4.808692726932975
0.3807717885910863,0.0193712687385518,23.86377926049365,0.4672998456847402,-0.0067411940745521,3,1,0.1,4.052639028550888,0.6176533655215702,1,0.5481841786400624,0.27,0.3,1,10,1,2.672252064488797,0.8,0.6176533655215702,0.6176533655215702,1,0.9,-3.195068133789774
0.2578959885881967,0.0216871980875969,6.490621481336785,0.3852450017033402,-0.0011855482472263,3,1,0.1,7.1889979984966335,0.890062082391644,1,0.8641008640711052,0.27,0.3,1,10,1,1.054227229741208,0.8,0.890062082391644,0.890062082391644,1,0.9,-4.172157753341436
0.3138861213577786,0.0133787854602845,11.568590851842131,0.2540409576804243,-0.0035424993180891,3,1,0.1,7.701728683382601,0.9984847610052432,1,0.5313471082814304,0.27,0.3,1,10,1,2.717439590925931,0.8,0.9984847610052432,0.9984847610052432,1,0.9,-4.771753307999833
0.8350295644642243,0.0028233942121227,10.911380747535414,3.2780944066008617,0.8472310181914137,3,1,0.1,6.217709311406398,0.051063709223508,1,0.9686924067412804,0.27,0.3,1,10,1,2.1307048445022603,0.8,0.051063709223508,0.051063709223508,1,0.9,-0.1735378330474706
0.369283895643123,0.0286867568265369,18.444455469502493,0.2835638061686286,-0.0085947849065981,3,1,0.1,5.241172066823079,0.918212822467124,1,0.9991339976805984,0.27,0.3,1,10,1,3.741016010473641,0.8,0.918212822467124,0.918212822467124,1,0.9,-5.176955364659193
0.4548317529492867,0.033579432372136,29.56954675186205,0.4961081881894402,-0.0128233731049918,3,1,0.1,2.6556222419939908,0.5990969604745422,1,0.963970241070748,0.27,0.3,1,10,1,3.529486197556473,0.8,0.5990969604745422,0.5990969604745422,1,0.9,-4.216527806792341
0.417923577225508,0.0073065115061061,44.83601784358703,1.874202781421592,0.0209641613555482,3,1,0.1,0.9787523388581952,0.195449714736101,1,0.5094888732641323,0.27,0.3,1,10,1,1.1692726516011909,0.8,0.195449714736101,0.195449714736101,1,0.9,-1.219920705701984
0.4676620902080466,0.0265122556072557,32.4287272580023,0.7747232478694608,-0.0091798878131723,3,1,0.1,9.720324672587733,0.4311714260659195,1,0.592163354790878,0.27,0.3,1,10,1,2.586169913018361,0.8,0.4311714260659195,0.4311714260659195,1,0.9,-1.6031681432291496
0.3518954638807297,0.0328079426179712,9.436451311342973,0.5302701542698143,-0.0059639621000628,3,1,0.1,11.683425856279774,0.6516107574084256,1,0.9286039404194372,0.27,0.3,1,10,1,1.4251691050490405,0.8,0.6516107574084256,0.6516107574084256,1,0.9,-2.4969810112745447
0.3764802939463263,0.0294141496718291,21.294856909221654,0.3124134718344594,-0.0093408894623857,3,1,0.1,12.92211889986504,0.8498153675214197,1,0.8807416572893266,0.27,0.3,1,10,1,3.845170554386672,0.8,0.8498153675214197,0.8498153675214197,1,0.9,-3.346191916296624
0.3753516644400561,0.0279042572196779,25.68982309987919,0.2952942580921412,-0.0088093148453951,3,1,0.1,5.012162101385294,0.8766687634188925,1,0.9740642085963762,0.27,0.3,1,10,1,4.394959895321668,0.8,0.8766687634188925,0.8766687634188925,1,0.9,-4.937193535268294
0.4372809916602456,0.0256140438579068,34.22980498539559,0.549422889236543,-0.0099034621960982,3,1,0.1,3.0604589441449024,0.5487469424352417,1,0.6786307895087205,0.27,0.3,1,10,1,3.269062000584944,0.8,0.5487469424352417,0.5487469424352417,1,0.9,-3.144889269026212
0.1672677399758977,0.0137978591585923,8.023874190720264,0.5030734313706361,0.0063425917562034,3,1,0.1,3.5872370119173262,0.808288150308249,1,0.8757482453681629,0.27,0.3,1,10,1,0.649510996647239,0.8,0.808288150308249,0.808288150308249,1,0.9,-5.681220657822396
0.5750121826011081,0.0223459813255761,47.97033465757706,1.0801900960531836,-0.0038214897083171,3,1,0.1,1.4442212023444931,0.2981444281723624,1,0.7264088241129335,0.27,0.3,1,10,1,2.8798560376668108,0.8,0.2981444281723624,0.2981444281723624,1,0.9,-1.9174225908457991
0.3278776870608105,0.0201096705803306,9.84198396773538,0.269453010693307,-0.0052105311605366,3,1,0.1,5.022993936131745,0.9817960930762712,1,0.7305175395135565,0.27,0.3,1,10,1,2.436462605807302,0.8,0.9817960930762712,0.9817960930762712,1,0.9,-6.016727237087315
0.3678640670394069,0.0230692667870353,14.89374613529206,0.4215876495274082,-0.0070634002331363,3,1,0.1,3.1751753850330138,0.693127580257599,1,0.6997353018358404,0.27,0.3,1,10,1,2.239660321543941,0.8,0.693127580257599,0.693127580257599,1,0.9,-4.708973912989428
0.9070702512656768,0.0012367883570506,129.6656744832902,1.0677473254108114,0.1203251106404896,3,1,0.1,0.5399950602969451,0.0631297562448055,1,0.6834706050445113,0.27,0.3,1,10,1,3.796410989784198,0.8,0.0631297562448055,0.0631297562448055,1,0.9,-0.2893678409363254
0.3991488467839229,0.0291365732795708,14.193971435525212,0.5556267509508733,-0.008000499575421,3,1,0.1,2.6573515747706264,0.588554638418797,1,0.8816783326481226,0.27,0.3,1,10,1,1.8450863331528324,0.8,0.588554638418797,0.588554638418797,1,0.9,-4.060038055298083
0.0076992249893293,0.0006407689076557,15.192007128014003,0.9059911389256212,0.0288417996611125,3,1,0.1,9.559346827140766,0.557224979027964,1,0.6270118042807711,0.27,0.3,1,10,1,0.1105077268312049,0.8,0.557224979027964,0.557224979027964,1,0.9,-2.149819079642411
0.331003574529721,0.0128681588504655,22.497818341451044,0.2715406761484062,-0.0039154280931231,3,1,0.1,4.11237888465218,0.9059743706520378,1,0.5481977124279497,0.27,0.3,1,10,1,3.907483311845656,0.8,0.9059743706520378,0.9059743706520378,1,0.9,-6.214367741411701
0.5879545299646596,0.0127299682635244,35.490234176066366,1.6355556208740558,0.0313892602926546,3,1,0.1,1.949481533859602,0.1715339389032039,1,0.5057305972883471,0.27,0.3,1,10,1,1.9276172900967048,0.8,0.1715339389032039,0.1715339389032039,1,0.9,-0.7194994095303393
0.0190867919524858,0.0019703167473217,11.96321899727471,0.9424238190813532,0.0371913731350588,3,1,0.1,11.691997990498248,0.5468253016345939,1,0.8128098846442278,0.27,0.3,1,10,1,0.1716972989066395,0.8,0.5468253016345939,0.5468253016345939,1,0.9,-2.0460304523931514
0.3630938494310269,0.0214853146850094,27.08644999971192,0.3054723826303641,-0.0069714128120171,3,1,0.1,3.924574908444068,0.8383883855756529,1,0.7623816157925575,0.27,0.3,1,10,1,4.2438371726860655,0.8,0.8383883855756529,0.8383883855756529,1,0.9,-5.5720824109325084
0.3390774113186969,0.0179061118466375,24.423020879304023,0.2475189837612654,-0.0051785806681752,3,1,0.1,4.703057436431566,0.9917152465774234,1,0.7757109861460982,0.27,0.3,1,10,1,4.5334203851918815,0.8,0.9917152465774234,0.9917152465774234,1,0.9,-6.507584778195914
0.2665190730791884,0.0216132145943381,8.714843115068998,0.5083059097894486,0.0001960635002639,3,1,0.1,3.536778797902885,0.716984514384818,1,0.870314924948876,0.27,0.3,1,10,1,1.0104229235591866,0.8,0.716984514384818,0.716984514384818,1,0.9,-4.535170645105482
0.1313941854859837,0.0060218948460858,14.7647360929385,2.9729737292052563,0.1107646303982373,3,1,0.1,1.8739995372027527,0.1915518589698913,1,0.891928310147097,0.27,0.3,1,10,1,0.4256845292492177,0.8,0.1915518589698913,0.1915518589698913,1,0.9,-0.8384880291082748
0.1734433248192651,0.0098758732940956,21.010523375417755,0.9574318205902989,0.0123891348473375,3,1,0.1,5.182622271167944,0.4501095013886395,1,0.514379462062679,0.27,0.3,1,10,1,0.6598637421949485,0.8,0.4501095013886395,0.4501095013886395,1,0.9,-1.88168803123191
0.3463280123922088,0.0145165114349829,29.593851283930537,0.312816204237033,-0.0048341030985986,3,1,0.1,5.903232654073804,0.803307268455516,1,0.5255924885926401,0.27,0.3,1,10,1,4.1403176350932505,0.8,0.803307268455516,0.803307268455516,1,0.9,-3.923461072731391
0.4210752971692924,0.0316443407310129,27.421681437443063,0.4134959067893679,-0.0114641227273789,3,1,0.1,3.304561397789359,0.6829206766120894,1,0.9280242972628332,0.27,0.3,1,10,1,3.737661809924002,0.8,0.6829206766120894,0.6829206766120894,1,0.9,-4.396353072074917
0.3434509952091436,0.027754382218621,8.276794494850325,0.2905640682606013,-0.0069204613414275,3,1,0.1,4.662146776312419,0.9585908429500092,1,0.9884022006774996,0.27,0.3,1,10,1,2.1357736572361814,0.8,0.9585908429500092,0.9585908429500092,1,0.9,-6.141979424181391
0.3462045616217799,0.0204887731854953,18.63160837965212,0.2892927099678453,-0.006221556335008,3,1,0.1,21.702784482683747,0.8898457015530284,1,0.6545532645470629,0.27,0.3,1,10,1,3.526416579908516,0.8,0.8898457015530284,0.8898457015530284,1,0.9,-3.2799448505993265
0.3258312256111661,0.0231157403178714,8.436176587803406,0.3025969267656703,-0.0056793028649366,3,1,0.1,10.425312168136111,0.9281815135363422,1,0.7388177610571642,0.27,0.3,1,10,1,1.999267896031172,0.8,0.9281815135363422,0.9281815135363422,1,0.9,-3.9052070287365055
0.4617612160537114,0.0270139035742896,63.65915691164323,0.5673218116427641,-0.0113266678729623,3,1,0.1,3.927197849611832,0.5274645918122456,1,0.6783118926697437,0.27,0.3,1,10,1,4.689778434991411,0.8,0.5274645918122456,0.5274645918122456,1,0.9,-2.5607249177746967
0.3935733399646864,0.0278517127927396,17.85570277451826,0.4230834134631852,-0.0093143982295733,3,1,0.1,4.05207961872824,0.6849893755908132,1,0.777433636202689,0.27,0.3,1,10,1,2.710431404051543,0.8,0.6849893755908132,0.6849893755908132,1,0.9,-3.770565661678277
0.3241637165885082,0.0247778529067449,8.799006762656765,0.417285297136281,-0.0048590265725732,3,1,0.1,3.6706744586236826,0.7638513192535102,1,0.8423334410700021,0.27,0.3,1,10,1,1.4727438264715156,0.8,0.7638513192535102,0.7638513192535102,1,0.9,-4.949369429782268
0.0336215378897766,0.0021239814415802,16.507997813627046,0.7971380589915078,0.0174804392625771,3,1,0.1,2.791622775284337,0.6077901998968224,1,0.5863726771851023,0.27,0.3,1,10,1,0.238954741310481,0.8,0.6077901998968224,0.6077901998968224,1,0.9,-4.117918012197296
0.4839219466016087,0.0309878256447177,64.2027428749584,0.5857367150682938,-0.0131134572962117,3,1,0.1,3.3173020153240844,0.518586198278667,1,0.7875191495571059,0.27,0.3,1,10,1,4.853449560359072,0.8,0.518586198278667,0.518586198278667,1,0.9,-2.72122863323837
0.388604868527528,0.0306835660625748,29.313349901621432,0.3326555322623643,-0.010304201906352,3,1,0.1,39.96175504232258,0.8035278015485181,1,0.8749895236000044,0.27,0.3,1,10,1,4.472255583891095,0.8,0.8035278015485181,0.8035278015485181,1,0.9,-2.81027663612492
0.291187159658735,0.023644783479919,7.325469439748058,0.4020573414539051,-0.0029337064311206,3,1,0.1,4.188315959356084,0.8251829546628902,1,0.8928228729848922,0.27,0.3,1,10,1,1.2245116167847891,0.8,0.8251829546628902,0.8251829546628902,1,0.9,-5.0910242598588376
0.3676473027635198,0.0285451127763766,16.930255599641388,0.2972038798879539,-0.0086324507337976,3,1,0.1,8.471441053034576,0.8902370235769689,1,0.8979779089009415,0.27,0.3,1,10,1,3.446291714367714,0.8,0.8902370235769689,0.8902370235769689,1,0.9,-3.931461485638589
0.3341356989647802,0.0185421841878981,19.011925107399264,0.7951953618708187,-0.0001112632567844,3,1,0.1,2.621221525027821,0.4667538542867611,1,0.6219841237142881,0.27,0.3,1,10,1,1.2483090107194508,0.8,0.4667538542867611,0.4667538542867611,1,0.9,-2.6617973885770434
0.3605529790295583,0.0283886524010048,13.46947078787834,0.2811305668759301,-0.0080979908074529,3,1,0.1,6.114780650270515,0.9401713807719446,1,0.9567854386951168,0.27,0.3,1,10,1,3.099745330155257,0.8,0.9401713807719446,0.9401713807719446,1,0.9,-4.887250045605507
0.5640398661761781,0.0258674475828846,66.94100840127082,0.9510989327437273,-0.0089043780923599,3,1,0.1,2.4101094432725225,0.3394799643618708,1,0.661340593726874,0.27,0.3,1,10,1,3.834104819501972,0.8,0.3394799643618708,0.3394799643618708,1,0.9,-1.6855977836407288
0.6348449987523768,0.0154741381672954,89.01853746416275,1.2352528411048047,0.004092317125177,3,1,0.1,1.178764626094836,0.227008626524641,1,0.600622196026756,0.27,0.3,1,10,1,3.683236059995172,0.8,0.227008626524641,0.227008626524641,1,0.9,-1.374204684650712
0.3243181780741846,0.0111379566098058,29.564916608802594,0.245175894850068,-0.0032815482938252,3,1,0.1,5.611928889551164,0.9757982453433302,1,0.5592706625218263,0.27,0.3,1,10,1,4.890780157682604,0.8,0.9757982453433302,0.9757982453433302,1,0.9,-5.473264839707471
0.0045293410689335,0.0004035755186713,8.481129629287144,0.5492736416651701,0.0172431034379176,3,1,0.1,4.120338144480517,0.9084751523174814,1,0.9210556860297312,0.27,0.3,1,10,1,0.0829648232232534,0.8,0.9084751523174814,0.9084751523174814,1,0.9,-6.236952994513526
0.2818501054889554,0.0133354637009986,8.590928447397374,0.3453458602413147,-0.0024492290907201,3,1,0.1,4.286649340453197,0.8599471164838286,1,0.5285333289561307,0.27,0.3,1,10,1,1.4404356008295234,0.8,0.8599471164838286,0.8599471164838286,1,0.9,-5.389064702401208
0.3339010227751828,0.0277837653129493,8.408112411434253,0.4083962806091406,-0.0057702449143284,3,1,0.1,4.4851052345256575,0.7772536535352907,1,0.9130495839879652,0.27,0.3,1,10,1,1.5300362938197205,0.8,0.7772536535352907,0.7772536535352907,1,0.9,-4.349674933294349
0.3200903546841871,0.0274391061509646,9.81034001379164,0.5775113110376029,-0.0021392813116983,3,1,0.1,3.801918569122098,0.6286306274416759,1,0.9427016297029236,0.27,0.3,1,10,1,1.189479836109566,0.8,0.6286306274416759,0.6286306274416759,1,0.9,-3.411685952229311
0.1331970854848784,0.0096275251748702,7.537938895067764,0.4400992699491775,0.0056248348066421,3,1,0.1,8.753918305547884,0.9230313885520124,1,0.6861075040214444,0.27,0.3,1,10,1,0.5671621797568682,0.8,0.9230313885520124,0.9230313885520124,1,0.9,-4.080769175448817
0.4439577770835805,0.0264877603453405,34.15944371962979,0.5471570462266625,-0.0102706514203863,3,1,0.1,2.478820805568424,0.5503466804203785,1,0.73570891818348,0.27,0.3,1,10,1,3.3141989542268417,0.8,0.5503466804203785,0.5503466804203785,1,0.9,-3.806353880071933
0.0082002403148031,0.0008314142374493,9.82726790019374,0.691976475116372,0.0254099081894416,3,1,0.1,7.02999246683973,0.7317919843793665,1,0.8762018723539133,0.27,0.3,1,10,1,0.111977784127386,0.8,0.7317919843793665,0.7317919843793665,1,0.9,-3.2218653888884
0.431600995230212,0.0306610833077747,17.4589840530858,0.6480321993848193,-0.0090421200935093,3,1,0.1,3.136167854976959,0.5177792008095312,1,0.8354372872290265,0.27,0.3,1,10,1,1.9931597263456424,0.8,0.5177792008095312,0.5177792008095312,1,0.9,-2.807449315940972
0.5719574505811428,0.0255227385338446,31.681912928917416,1.2411700498428802,0.0043796496337207,3,1,0.1,7.112211770875398,0.2527072815057213,1,0.6083731099776685,0.27,0.3,1,10,1,2.478357944865543,0.8,0.2527072815057213,0.2527072815057213,1,0.9,-0.91850812323524
0.3629416720819387,0.0230451478139761,13.85718739033414,0.4229875664932465,-0.0067976467765911,3,1,0.1,3.160607247107093,0.6976831614573665,1,0.7070668312869718,0.27,0.3,1,10,1,2.110853212645201,0.8,0.6976831614573665,0.6976831614573665,1,0.9,-4.795744801662886
0.396185951649626,0.0351351369569514,17.710712361517743,0.3586459626178162,-0.0114659455861254,3,1,0.1,35.74068100358357,0.7819247773562414,1,0.9261196496990326,0.27,0.3,1,10,1,3.2672681466664417,0.8,0.7819247773562414,0.7819247773562414,1,0.9,-2.746625741727525
0.3432222928830731,0.0249638611773909,10.233417787014892,0.2988079928068858,-0.0067464323413839,3,1,0.1,7.041540004912964,0.9145231414243656,1,0.7996992468949167,0.27,0.3,1,10,1,2.395287792935997,0.8,0.9145231414243656,0.9145231414243656,1,0.9,-4.373884157602681
0.0577757230836297,0.0051187050005741,13.404971234319676,1.302749137743963,0.0481175440345183,3,1,0.1,2.7029871393726883,0.4084168656178694,1,0.9628860956611928,0.27,0.3,1,10,1,0.2957892719968385,0.8,0.4084168656178694,0.4084168656178694,1,0.9,-2.102736034396884
0.4620472385536135,0.0314248062392903,15.618038189849113,1.0764122518832229,0.0013865115872721,3,1,0.1,3.122385061871281,0.3470685447238779,1,0.9307003115004582,0.27,0.3,1,10,1,1.5267502108793327,0.8,0.3470685447238779,0.3470685447238779,1,0.9,-1.562024138199826
0.3957290158987234,0.0275742601731114,38.22282521576312,0.3596813633366757,-0.0098026653396728,3,1,0.1,6.176548334608888,0.7440918239302112,1,0.8247185988895467,0.27,0.3,1,10,1,4.810138063378069,0.8,0.7440918239302112,0.7440918239302112,1,0.9,-3.4501301286197705
0.3547350134171454,0.0252927852686399,19.637959869327528,0.2601830661647286,-0.007312907342773,3,1,0.1,7.800109943385405,0.9763889682682408,1,0.9174847940723052,0.27,0.3,1,10,1,4.030515081317382,0.8,0.9763889682682408,0.9763889682682408,1,0.9,-4.597441721251852
0.0095446252794243,0.0009002987239478,9.635867253297391,0.6515669085018005,0.0220545701448294,3,1,0.1,3.739922223536028,0.7747826176979288,1,0.9282644522459818,0.27,0.3,1,10,1,0.12048949708318,0.8,0.7747826176979288,0.7747826176979288,1,0.9,-4.999107285572356
0.322509016378606,0.0073348195103597,18.29988470747646,3.513286699745324,0.1122483915180303,3,1,0.1,1.0421922562176034,0.1402104019205095,1,0.9371117318465276,0.27,0.3,1,10,1,0.7379628974735051,0.8,0.1402104019205095,0.1402104019205095,1,0.9,-0.6812079888615887
0.4412031588934932,0.0339849174693007,25.688400032929213,0.4853817487990833,-0.0126522061922075,3,1,0.1,4.259721125766235,0.6148505148678071,1,0.8840697316156211,0.27,0.3,1,10,1,3.3093765688286663,0.8,0.6148505148678071,0.6148505148678071,1,0.9,-3.090297228565607
0.3593333084210589,0.0176696953970616,21.68994699502597,0.7614730959868405,-0.0020467659881415,3,1,0.1,2.070649535269642,0.467233753368942,1,0.601733818034483,0.27,0.3,1,10,1,1.4319261840926376,0.8,0.467233753368942,0.467233753368942,1,0.9,-3.28927106338071
0.3852792510193152,0.0280168995065344,27.55172402923532,0.3298227228744258,-0.009363796005721,3,1,0.1,4.999794932407938,0.802796330822993,1,0.8897080730233085,0.27,0.3,1,10,1,4.25512880247725,0.8,0.802796330822993,0.802796330822993,1,0.9,-4.279209089071591
0.33310016182197,0.0191865157615478,12.393426999996242,0.2618286098274003,-0.0052329102110416,3,1,0.1,4.385655445764335,0.9811487941860044,1,0.7279479273581991,0.27,0.3,1,10,1,2.9063215341020854,0.8,0.9811487941860044,0.9811487941860044,1,0.9,-6.842156178089266
0.5259294960041507,0.0381386656506969,51.91968015528527,0.6438604160127454,-0.0161660300392621,3,1,0.1,3.034839715802265,0.4882627988848335,1,0.9847758425250988,0.27,0.3,1,10,1,4.460388954597531,0.8,0.4882627988848335,0.4882627988848335,1,0.9,-2.605737354140354
0.5562122265785991,0.0369802682408326,31.593284135060905,0.847086613145563,-0.0132804370954266,3,1,0.1,2.760872223387306,0.3926912177323591,1,0.9605452418552232,0.27,0.3,1,10,1,3.0105758129085207,0.8,0.3926912177323591,0.3926912177323591,1,0.9,-1.9591863764580904
0.4104937305891405,0.0297614892180293,30.18293178605029,0.3853771871594519,-0.0106584341980762,3,1,0.1,3.1602155805535843,0.7131637615796916,1,0.9199041120729848,0.27,0.3,1,10,1,4.077963759892826,0.8,0.7131637615796916,0.7131637615796916,1,0.9,-5.02116748281106
0.3573156559927062,0.0271806543481028,15.5677865555639,0.2725095246057334,-0.0078189852374779,3,1,0.1,9.27561497641001,0.9545595626069312,1,0.9072000820100516,0.27,0.3,1,10,1,3.442808196596478,0.8,0.9545595626069312,0.9545595626069312,1,0.9,-4.187352625919842
0.0394098375946608,0.0035074143118619,9.777900330013871,0.625706858906574,0.0179948728345701,3,1,0.1,5.328868788115767,0.7702234282769503,1,0.801337202217324,0.27,0.3,1,10,1,0.2572529138218414,0.8,0.7702234282769503,0.7702234282769503,1,0.9,-3.873905780531408
0.7421024349778903,0.0159203457987482,69.38019715133677,1.38637995452255,0.0413239992926424,3,1,0.1,1.2448324153450887,0.1545960811979481,1,0.718990528934928,0.27,0.3,1,10,1,4.102349805817688,0.8,0.1545960811979481,0.1545960811979481,1,0.9,-0.7255756234604895
0.2394644964488045,0.019754872878773,6.936987868637263,0.421922604724481,0.0006219995932675,3,1,0.1,3.751562464937623,0.8538254997320227,1,0.9279085708400108,0.27,0.3,1,10,1,0.9300597152895738,0.8,0.8538254997320227,0.8538254997320227,1,0.9,-6.069031806158868
0.1174491358059427,0.010847451812965,6.950919586063557,0.4663918931733698,0.0091853172822383,3,1,0.1,6.117776161156608,0.922008916527312,1,0.9531072845693668,0.27,0.3,1,10,1,0.499528049466132,0.8,0.922008916527312,0.922008916527312,1,0.9,-4.7403294772764255
0.2913880517539549,0.0250045629947322,6.644904349904862,0.3778763433196108,-0.0031136808067138,3,1,0.1,4.2342630481136645,0.8729360500635124,1,0.9932750047580368,0.27,0.3,1,10,1,1.2223836366342216,0.8,0.8729360500635124,0.8729360500635124,1,0.9,-5.606960089134677
0.3368964926353749,0.0161323889336285,15.408283958460537,0.3295521507284524,-0.0049062720450072,3,1,0.1,5.929669919897313,0.8054383030432206,1,0.5310355829340274,0.27,0.3,1,10,1,2.666427973935156,0.8,0.8054383030432206,0.8054383030432206,1,0.9,-3.930545812844161
0.8242311908967931,0.0012293103988886,118.37678218878771,1.7926172855676306,0.0634499411057434,3,1,0.1,0.4441328626931979,0.0744831101768807,1,0.7079024315913682,0.27,0.3,1,10,1,2.477323541518893,0.8,0.0744831101768807,0.0744831101768807,1,0.9,-0.4078879285633707
0.5134268960957448,0.0369259223776563,34.39913717679439,0.6697709873195551,-0.0147941378443554,3,1,0.1,3.1709380256456567,0.4798724932748611,1,0.9345986232851332,0.27,0.3,1,10,1,3.412780174344869,0.8,0.4798724932748611,0.4798724932748611,1,0.9,-2.472730712330179
0.0096387611548681,0.0010240366646728,8.448622887911334,0.5991894014445985,0.0222372123885025,3,1,0.1,34.902340280153325,0.832678926957157,1,0.8917996428177712,0.27,0.3,1,10,1,0.1222773390967154,0.8,0.832678926957157,0.832678926957157,1,0.9,-2.939214423677188
0.0536216781561421,0.0031316145958724,14.31561257245851,2.677691952475935,0.1105221733853525,3,1,0.1,3.217363699525468,0.2193212455846119,1,0.8133621082101867,0.27,0.3,1,10,1,0.2642690138349724,0.8,0.2193212455846119,0.2193212455846119,1,0.9,-0.8693481788708688
0.3555129618321766,0.0175958085852059,22.74776347003754,0.3413987745389287,-0.005851348737662,3,1,0.1,4.439981676965861,0.7670401266789733,1,0.5745922645965277,0.27,0.3,1,10,1,3.3830058924173607,0.8,0.7670401266789733,0.7670401266789733,1,0.9,-4.283471224803635
0.2064099289403735,0.0070173290674936,28.915118727946847,1.8886394107617368,0.0323631638097007,3,1,0.1,1.242557605509926,0.2494564123071624,1,0.6153220929640835,0.27,0.3,1,10,1,0.6392260302659242,0.8,0.2494564123071624,0.2494564123071624,1,0.9,-1.5643069125483375
0.3429732503130245,0.023257835016758,14.777715309160929,0.8622931156532218,0.0025946714608085,3,1,0.1,1.973997185302105,0.4552820100576472,1,0.9010781882247444,0.27,0.3,1,10,1,1.1313141017382635,0.8,0.4552820100576472,0.4552820100576472,1,0.9,-3.285995102906134
0.4588525620379577,0.0238595400599543,59.16106563350123,0.6118029530113165,-0.0099387196994322,3,1,0.1,3.975642873338475,0.4975178539933773,1,0.5934604602187066,0.27,0.3,1,10,1,4.10496456671945,0.8,0.4975178539933773,0.4975178539933773,1,0.9,-2.3423521872603814
0.4030796714842422,0.0319880922867307,18.251393472137792,0.4020874444614025,-0.0107889305207401,3,1,0.1,5.113770120174983,0.71332365551658,1,0.881605440911382,0.27,0.3,1,10,1,2.98763942455612,0.8,0.71332365551658,0.71332365551658,1,0.9,-3.525084473442784
0.2801886250588468,0.0140325556601405,8.553681174076534,0.3552716784029416,-0.0024299977207997,3,1,0.1,4.467753038928893,0.8499577327976726,1,0.5462204230083835,0.27,0.3,1,10,1,1.391329000803171,0.8,0.8499577327976726,0.8499577327976726,1,0.9,-5.094751766355359
0.3726341128295791,0.0269392784433046,22.121678629380952,0.2971243365580345,-0.008429069258718,3,1,0.1,4.016039087031594,0.8742809095773789,1,0.9497993410485156,0.27,0.3,1,10,1,3.991275023093715,0.8,0.8742809095773789,0.8742809095773789,1,0.9,-5.922835583403455
0.4918883005932137,0.0280051261520006,69.84155316527934,0.6372641915944074,-0.0119752322008987,3,1,0.1,2.6705282920792524,0.4834988030802549,1,0.7275122823178615,0.27,0.3,1,10,1,4.678717973071194,0.8,0.4834988030802549,0.4834988030802549,1,0.9,-2.79051482592757
0.3865330382245826,0.0258131049567811,31.29949370908709,0.3400764193790513,-0.0088582591968525,3,1,0.1,3.4828538539292286,0.7755829974087459,1,0.8569861227398547,0.27,0.3,1,10,1,4.403269481615439,0.8,0.7755829974087459,0.7755829974087459,1,0.9,-5.381517446983741
0.3646992903271587,0.0205136511681061,16.98673029390837,0.4040660611004462,-0.006555631586054,3,1,0.1,3.0393181670976617,0.7000057712093845,1,0.6392478302779243,0.27,0.3,1,10,1,2.472846426605883,0.8,0.7000057712093845,0.7000057712093845,1,0.9,-5.044057810669467
0.001905527596083,0.0001324056117979,13.111542003501173,0.6801560507299906,0.0171455906921722,3,1,0.1,6.282782785549543,0.7273516798854259,1,0.5820369052747767,0.27,0.3,1,10,1,0.0548666678831848,0.8,0.7273516798854259,0.7273516798854259,1,0.9,-3.321821824330184
0.1113002612075844,0.0071538043376714,19.463215926384507,1.1706040956460952,0.0257912702649988,3,1,0.1,2.43251126906023,0.409920918472156,1,0.6537670254545497,0.27,0.3,1,10,1,0.4592677172814187,0.8,0.409920918472156,0.409920918472156,1,0.9,-2.2518463808756684
0.4539108186282417,0.029480455293876,50.43729819969108,0.5015524955264664,-0.0119018179218451,3,1,0.1,2.64463541278031,0.5802820226193314,1,0.8349148974409515,0.27,0.3,1,10,1,4.566391336610314,0.8,0.5802820226193314,0.5802820226193314,1,0.9,-3.963484778939214
0.163969704640938,0.016862574390518,7.180003666377916,0.5141666242647911,0.0085989076619515,3,1,0.1,13.851567721953636,0.8112085957344738,1,0.9751247701361796,0.27,0.3,1,10,1,0.6291887316954191,0.8,0.8112085957344738,0.8112085957344738,1,0.9,-3.1320199280029417
0.4877347933731633,0.0387453002894338,19.92967554897417,0.7462816983074714,-0.0128244554244812,3,1,0.1,12.381990122809665,0.4572505280410324,1,0.8623435535086799,0.27,0.3,1,10,1,2.3511828687072995,0.8,0.4572505280410324,0.4572505280410324,1,0.9,-1.6678849266264957
0.6029992295752149,0.0322544744850964,32.21686976537571,1.1634933191727015,-0.0010423434342953,3,1,0.1,5.228203758040798,0.2689687991801121,1,0.7569250934258407,0.27,0.3,1,10,1,2.917579948642828,0.8,0.2689687991801121,0.2689687991801121,1,0.9,-1.0188675844341262
0.3252325047737061,0.0122960219215726,24.52862988329792,0.248618531456641,-0.0035958490777785,3,1,0.1,7.150520465515789,0.9732514164532629,1,0.5571447794422655,0.27,0.3,1,10,1,4.386647590667597,0.8,0.9732514164532629,0.9732514164532629,1,0.9,-4.753978104215562
0.459938664543231,0.0210431086347077,39.53252786669986,0.7620436396540745,-0.0073537938609199,3,1,0.1,2.751377850391377,0.4296550553279883,1,0.5623871987019615,0.27,0.3,1,10,1,2.628483576131389,0.8,0.4296550553279883,0.4296550553279883,1,0.9,-2.253183170369061
0.5016090245477806,0.039409896737446,14.705357631772088,1.020933242369631,-0.0039857806127455,3,1,0.1,8.89127670371668,0.3540924721233849,1,0.9856934593932596,0.27,0.3,1,10,1,1.7852566945765815,0.8,0.3540924721233849,0.3540924721233849,1,0.9,-1.3012235425367835
0.3542083336432347,0.0215079971950366,26.701044156487413,0.2680413394967342,-0.0065230048676627,3,1,0.1,4.08393757269959,0.9325562849315784,1,0.8646676668293112,0.27,0.3,1,10,1,4.611190520156921,0.8,0.9325562849315784,0.9325562849315784,1,0.9,-6.653661302005213
0.5953926067489959,0.0158588028523874,95.22126745224053,1.1491248562571248,-0.000860206220822,3,1,0.1,1.4280239583762957,0.2606537869531441,1,0.5385274952949184,0.27,0.3,1,10,1,3.683154305137207,0.8,0.2606537869531441,0.2606537869531441,1,0.9,-1.513399283800304
0.4224981008448947,0.0334950587461442,30.63977165586825,0.3983035802778864,-0.0121342082970425,3,1,0.1,4.199199067189494,0.7020763657634658,1,0.9711074534245764,0.27,0.3,1,10,1,4.150546583865127,0.8,0.7020763657634658,0.7020763657634658,1,0.9,-3.837217731886115
0.1581202806760321,0.011984790578251,9.593952004774604,0.5442642291134608,0.0066485718613955,3,1,0.1,15.903308437876277,0.7462578523199768,1,0.6432326867375082,0.27,0.3,1,10,1,0.6392688146441112,0.8,0.7462578523199768,0.7462578523199768,1,0.9,-2.7933755077170908
0.3211826412582482,0.0199475344256406,8.74707638043091,0.2812429361719655,-0.004950727103585,3,1,0.1,5.885404611530809,0.9658747360049172,1,0.7024460238570633,0.27,0.3,1,10,1,2.1372766298281425,0.8,0.9658747360049172,0.9658747360049172,1,0.9,-5.217545948970283
0.6220022811564487,0.0295219536239783,63.32015008857448,0.9900210884609736,-0.009211666022147,3,1,0.1,1.4083652674479907,0.3187236225407083,1,0.976899850563826,0.27,0.3,1,10,1,4.034098669854106,0.8,0.3187236225407083,0.3187236225407083,1,0.9,-2.25111547883517
0.3706798368462175,0.0253406343645393,13.621132612024049,0.4709076152426915,-0.0071874868516205,3,1,0.1,3.4800680763008063,0.6561928193733068,1,0.7420431108726476,0.27,0.3,1,10,1,1.942161662585313,0.8,0.6561928193733068,0.6561928193733068,1,0.9,-3.905682423292496
0.356905211265843,0.0297129289254854,11.748456372015047,0.2712593505689916,-0.0081361817362135,3,1,0.1,9.609310308716324,0.9788478198864206,1,0.9869228206295289,0.27,0.3,1,10,1,2.935021755309484,0.8,0.9788478198864206,0.9788478198864206,1,0.9,-4.28014837929724
0.2823527473281603,0.0255247240735983,6.8107455075304975,0.4004307697295032,-0.0027363230271127,3,1,0.1,36.685928110387,0.8431434415208626,1,0.8517410575596058,0.27,0.3,1,10,1,1.1779762910627525,0.8,0.8431434415208626,0.8431434415208626,1,0.9,-2.969734335526276
0.5040256453168914,0.0366062986903607,60.20532324697239,0.5915585187799138,-0.0155211605674227,3,1,0.1,3.6385505489398327,0.5194918201302231,1,0.9243620107478578,0.27,0.3,1,10,1,4.952585075071431,0.8,0.5194918201302231,0.5194918201302231,1,0.9,-2.596706966014477
0.3260099343687094,0.0188907903174604,10.277195409116649,0.2646359403926783,-0.0049308672731389,3,1,0.1,4.965601238899696,0.9886470608553986,1,0.7008050115937615,0.27,0.3,1,10,1,2.527084424048274,0.8,0.9886470608553986,0.9886470608553986,1,0.9,-6.15478717417618
0.2082648863795724,0.0117127874591079,8.667193397496463,0.4294794492994258,0.0011443577450494,3,1,0.1,6.0184395515705855,0.8288315147173857,1,0.5572274038961794,0.27,0.3,1,10,1,0.8652046930342099,0.8,0.8288315147173857,0.8288315147173857,1,0.9,-4.070896611498842
0.4357996292332963,0.0310951167807984,17.284433077332846,0.6271653435665516,-0.009419066636486,3,1,0.1,2.6004597452882394,0.5291822713034744,1,0.8949392679901356,0.27,0.3,1,10,1,2.0405579154829177,0.8,0.5291822713034744,0.5291822713034744,1,0.9,-3.358756373325224
0.0493395797759632,0.0041921714095275,14.616453533486965,1.2982515650823625,0.0461187804420242,3,1,0.1,3.287176113883826,0.4052307453700306,1,0.8257381177080827,0.27,0.3,1,10,1,0.275976743562323,0.8,0.4052307453700306,0.4052307453700306,1,0.9,-1.8962011390990785
0.4861478385927895,0.031991760863533,24.88949134712312,0.6856495226672779,-0.0113511630324571,3,1,0.1,2.149233017144812,0.478431300732604,1,0.9201590541911784,0.27,0.3,1,10,1,2.55847956412518,0.8,0.478431300732604,0.478431300732604,1,0.9,-3.3183819103221444
0.4428920407774876,0.0297966685481706,52.271433315400415,0.4675861531784668,-0.0118476916913241,3,1,0.1,3.2442110166641984,0.6107567983678919,1,0.8376400725581347,0.27,0.3,1,10,1,4.888134650659791,0.8,0.6107567983678919,0.6107567983678919,1,0.9,-3.630753410297163
0.3475462617359708,0.0236949671607571,11.241079589372625,0.3958640460414546,-0.0063799898565193,3,1,0.1,4.242395145974367,0.7490516735557408,1,0.724041741166708,0.27,0.3,1,10,1,1.9306827547836105,0.8,0.7490516735557408,0.7490516735557408,1,0.9,-4.246189249750282
0.362894094572197,0.0243977588239645,27.90618109527872,0.2724528116370932,-0.0074622715627061,3,1,0.1,4.217804657281626,0.9251533372240518,1,0.9614852051752948,0.27,0.3,1,10,1,4.751638101696114,0.8,0.9251533372240518,0.9251533372240518,1,0.9,-6.316821914142261
0.3469535251933041,0.0307604769737809,8.103235591715992,0.3000776183712404,-0.0076823239786119,3,1,0.1,10.976345697928362,0.94494468072242,1,0.9833154364117608,0.27,0.3,1,10,1,2.102880415177623,0.8,0.94494468072242,0.94494468072242,1,0.9,-3.941579474229424
0.6379764982331082,0.0340327695153766,71.4467496153052,1.0129595925475112,-0.0103038057883358,3,1,0.1,1.9865632536072424,0.3066341568983493,1,0.9585835049651186,0.27,0.3,1,10,1,4.695867987403656,0.8,0.3066341568983493,0.3066341568983493,1,0.9,-1.5974511048545104
0.4799352498751486,0.0203660099070294,84.92743223762822,0.68578017847976,-0.0086731022599095,3,1,0.1,2.1794670308481376,0.4485910055326677,1,0.5708828859026164,0.27,0.3,1,10,1,4.418979569293983,0.8,0.4485910055326677,0.4485910055326677,1,0.9,-2.877025714925436
0.0551357322010818,0.0041309202701613,8.592656740141747,0.503285346692394,0.0108957365794873,3,1,0.1,6.188853054649671,0.910715148820066,1,0.7100467250060422,0.27,0.3,1,10,1,0.3159150934064469,0.8,0.910715148820066,0.910715148820066,1,0.9,-4.623104352819125
0.3691350693951394,0.0186088238887512,28.62690980300557,0.3684154935912841,-0.0065320519201848,3,1,0.1,4.10171989078558,0.7189305326848878,1,0.5848373420930821,0.27,0.3,1,10,1,3.682041240434298,0.8,0.7189305326848878,0.7189305326848878,1,0.9,-4.054716383679987
0.5470685527246891,0.0269896020155492,62.38409549255348,0.8348195959186524,-0.0106650619637457,3,1,0.1,1.8089526266820457,0.3871853651119207,1,0.7599282511429293,0.27,0.3,1,10,1,3.850589251894672,0.8,0.3871853651119207,0.3871853651119207,1,0.9,-2.5782603720466
0.3334191429837895,0.0152398699856085,14.852426607548386,0.3295699237418701,-0.0045755369554494,3,1,0.1,4.796060799227476,0.8058830134928855,1,0.5209156365272779,0.27,0.3,1,10,1,2.5676621465725185,0.8,0.8058830134928855,0.8058830134928855,1,0.9,-4.418730254845509
0.3891289450272852,0.0310545531341872,20.71091444219241,0.3514573125710751,-0.0102911564607665,3,1,0.1,12.559130982991762,0.7810785154277183,1,0.8533092390268147,0.27,0.3,1,10,1,3.532125007408077,0.8,0.7810785154277183,0.7810785154277183,1,0.9,-3.045549548133449
0.2022706169688049,0.01760721695884,8.132529327474389,0.5195808861896445,0.0048604095098128,3,1,0.1,4.640736001302534,0.7598497806581025,1,0.8789803939127113,0.27,0.3,1,10,1,0.7585235528660232,0.8,0.7598497806581025,0.7598497806581025,1,0.9,-4.098751428541048
0.37332463969644,0.0259544086761379,30.850559718892413,0.2973126411971503,-0.0083501299515306,3,1,0.1,4.87825800358316,0.8633794725953163,1,0.9253752449810726,0.27,0.3,1,10,1,4.793980363670747,0.8,0.8633794725953163,0.8633794725953163,1,0.9,-4.902491117135498
0.2489955416634381,0.0159176243036242,12.616777689622978,0.5987704293026911,0.0015516817912486,3,1,0.1,5.893017451757925,0.6187890089263455,1,0.5897058538953748,0.27,0.3,1,10,1,0.9697870034440376,0.8,0.6187890089263455,0.6187890089263455,1,0.9,-2.7319920777614524
0.6388437740998278,0.0182182186588777,59.23987197125865,1.288675334770533,0.0086792876902021,3,1,0.1,1.4806238550253628,0.2160992310054377,1,0.6310581687314836,0.27,0.3,1,10,1,3.2465905594871987,0.8,0.2160992310054377,0.2160992310054377,1,0.9,-1.092326213660801
0.1546548853773007,0.0066223221084953,28.004912285810416,1.5394470683933357,0.0266495402066748,3,1,0.1,1.681984292080997,0.3067612868931074,1,0.5646898523859191,0.27,0.3,1,10,1,0.5549296525734184,0.8,0.3067612868931074,0.3067612868931074,1,0.9,-1.7800435291741632
0.3542518426801826,0.0208525797360449,18.189063260097928,0.3070120344121633,-0.0064733009605695,3,1,0.1,3.8844747247192206,0.8485720234723864,1,0.715631463030198,0.27,0.3,1,10,1,3.3193036210701825,0.8,0.8485720234723864,0.8485720234723864,1,0.9,-5.76932305274073
0.0036088111183248,0.000329358524818,13.477446038868663,1.1086571097171714,0.0429771262430322,3,1,0.1,2.193745770239817,0.4907429011021526,1,0.9995206846257396,0.27,0.3,1,10,1,0.0710811081798619,0.8,0.4907429011021526,0.4907429011021526,1,0.9,-3.421972349784736
0.3216075157075601,0.025071764578947,7.211190672398821,0.2893471175305361,-0.0056919413705496,3,1,0.1,12.67464885922046,0.9828276989585252,1,0.8265527684407517,0.27,0.3,1,10,1,1.867159625523676,0.8,0.9828276989585252,0.9828276989585252,1,0.9,-3.99978644448206
0.3148676868417736,0.0166631682061662,9.314587802908578,0.2741946548478231,-0.0041990685963878,3,1,0.1,6.283889624606929,0.9705743482877938,1,0.6088912981968776,0.27,0.3,1,10,1,2.22461096414131,0.8,0.9705743482877938,0.9705743482877938,1,0.9,-5.058185358103362
0.0196434802291925,0.0019171083263784,10.710671077953071,0.7447941872182154,0.0260057092128971,3,1,0.1,5.476227051204416,0.6758463834647531,1,0.8455828631281896,0.27,0.3,1,10,1,0.1754353158855187,0.8,0.6758463834647531,0.6758463834647531,1,0.9,-3.163929987158343
0.3569703994046667,0.0206168924954678,25.46453428610936,0.3145042670345064,-0.0067286098268986,3,1,0.1,51.8194561221455,0.8222728314390759,1,0.6270263663463677,0.27,0.3,1,10,1,3.991277461448732,0.8,0.8222728314390759,0.8222728314390759,1,0.9,-2.8462946649599123
0.350389110115433,0.0206903253641559,25.799180600554354,0.2671623167506722,-0.0062500071645939,3,1,0.1,5.09737482650266,0.9351781214839906,1,0.8069255480566728,0.27,0.3,1,10,1,4.514610716061485,0.8,0.9351781214839906,0.9351781214839906,1,0.9,-5.450514650326934
0.6150149108993221,0.0045134579919304,61.0013877945872,2.1412071527139447,0.0348868273171054,3,1,0.1,0.5783625684639182,0.1301019524733248,1,0.6717103599774812,0.27,0.3,1,10,1,1.6268735954174582,0.8,0.1301019524733248,0.1301019524733248,1,0.9,-0.9127664860726644
0.0017194442256942,0.0001634618297373,10.764240652572989,0.7491485004499281,0.0269218431699972,3,1,0.1,3.070253665490567,0.6901970398776116,1,0.9451320892331938,0.27,0.3,1,10,1,0.0503275338373199,0.8,0.6901970398776116,0.6901970398776116,1,0.9,-4.838765214756595
0.4701023519897678,0.0346962717237658,47.47031004773879,0.5209531436216143,-0.0140827624168199,3,1,0.1,4.0288679345386464,0.5724338839035641,1,0.8919701835582503,0.27,0.3,1,10,1,4.558169717672447,0.8,0.5724338839035641,0.5724338839035641,1,0.9,-2.8544359233975847
0.3382986773772911,0.0157033313790604,23.735858008442072,0.2692212272712193,-0.0047639325295209,3,1,0.1,4.181479339379702,0.9187086014363348,1,0.6447138082544133,0.27,0.3,1,10,1,4.14576648987577,0.8,0.9187086014363348,0.9187086014363348,1,0.9,-6.283757226919493
0.5232010979763184,0.0197601530156807,28.43615329468361,1.2678463809662883,0.0050843582112812,3,1,0.1,1.2252091411232793,0.2727534785134442,1,0.8020792278536921,0.27,0.3,1,10,1,1.80464286786416,0.8,0.2727534785134442,0.2727534785134442,1,0.9,-1.891921044038528
0.0216849413632285,0.0018095948731918,7.970297983088168,0.4928059157340925,0.0133876377169365,3,1,0.1,8.627352611975349,0.974009520888185,1,0.7879259209967644,0.27,0.3,1,10,1,0.1880007722667585,0.8,0.974009520888185,0.974009520888185,1,0.9,-4.407851168468737
0.3634394844115349,0.0272671480861764,20.801627512397538,0.2760524571697817,-0.0081614805944307,3,1,0.1,8.912229926769502,0.932687195426327,1,0.9296442339780208,0.27,0.3,1,10,1,4.057374101054996,0.8,0.932687195426327,0.932687195426327,1,0.9,-4.113406738919758
0.2583078815169122,0.0199826903176341,13.131962906086146,0.8979323081254498,0.0104759062116293,3,1,0.1,2.6618275422057613,0.4724002215674051,1,0.880705023527558,0.27,0.3,1,10,1,0.8419298451805092,0.8,0.4724002215674051,0.4724002215674051,1,0.9,-2.687611958117388
0.3368094638675662,0.0120363343136078,31.21079434363952,0.2872867447369069,-0.0038870016551288,3,1,0.1,3.789643040563304,0.8511723133250017,1,0.5237564909378887,0.27,0.3,1,10,1,4.480749771085481,0.8,0.8511723133250017,0.8511723133250017,1,0.9,-5.961567938680661
0.2467617737718555,0.0235153967918562,6.84205586285108,0.4500401337460595,0.0009254266218402,3,1,0.1,7.0538691360624615,0.8190187829385182,1,0.991103998136633,0.27,0.3,1,10,1,0.9318496942499748,0.8,0.8190187829385182,0.8190187829385182,1,0.9,-3.744537919318317
0.3676295548063715,0.0186826145594469,21.32857461801516,0.4289480110643452,-0.0063207511954157,3,1,0.1,5.313478639314701,0.658357631244497,1,0.5332674008321728,0.27,0.3,1,10,1,2.658258441004022,0.8,0.658357631244497,0.658357631244497,1,0.9,-3.08700145441596
0.3366652379962644,0.011327605417878,36.41304236936353,0.2868714248511306,-0.0037010484502692,3,1,0.1,3.916707967132488,0.8460982047087822,1,0.5131924231938245,0.27,0.3,1,10,1,4.865121276069496,0.8,0.8460982047087822,0.8460982047087822,1,0.9,-5.686753682016194
0.5153187091455725,0.0338001847455352,18.9041825720936,1.04572234016568,-0.0037730870165095,3,1,0.1,3.752979176820907,0.3374183825362692,1,0.8844514424812251,0.27,0.3,1,10,1,1.939019180507734,0.8,0.3374183825362692,0.3374183825362692,1,0.9,-1.4233144919819392
0.3707458014787907,0.0263475636901259,21.27173387896429,0.3023048770558281,-0.0082753873004761,3,1,0.1,4.424507191700144,0.8634014782904089,1,0.8944968947133365,0.27,0.3,1,10,1,3.843031470431917,0.8,0.8634014782904089,0.8634014782904089,1,0.9,-5.283926190188823
0.2851120402588026,0.0239957111217254,7.811474365836,0.4472013747291766,-0.0020693351618618,3,1,0.1,5.10938017303843,0.7724666420682805,1,0.8725827797154773,0.27,0.3,1,10,1,1.1446002132855693,0.8,0.7724666420682805,0.7724666420682805,1,0.9,-3.978304467444872
0.4686006576854506,0.0295139316002036,21.99408459238472,0.7632070124260559,-0.0087159367974019,3,1,0.1,2.3143891490023365,0.4477333362972071,1,0.8360691852218668,0.27,0.3,1,10,1,2.111497386501202,0.8,0.4477333362972071,0.4477333362972071,1,0.9,-2.7204513004941724
0.3562264588861099,0.0243433635409903,26.46753131948892,0.2585331740520231,-0.0071930298060809,3,1,0.1,6.981999883421788,0.9695656205941696,1,0.9454093112734792,0.27,0.3,1,10,1,4.772679661713538,0.8,0.9695656205941696,0.9695656205941696,1,0.9,-4.78104935335121
0.4590173243497335,0.0191731879058761,89.45305697773559,0.6429921605495681,-0.0082165353673645,3,1,0.1,3.777955473777146,0.4690247441469538,1,0.5004722195839916,0.27,0.3,1,10,1,4.63094896649337,0.8,0.4690247441469538,0.4690247441469538,1,0.9,-2.200996302752012
0.370923577249933,0.0209827498742038,17.71743668190186,0.4487070849263176,-0.0067010407473031,3,1,0.1,3.283653109716545,0.6525171162171082,1,0.6214670591554944,0.27,0.3,1,10,1,2.3147538819243536,0.8,0.6525171162171082,0.6525171162171082,1,0.9,-4.055465016910113
0.4168217482230405,0.0212160739256832,54.3316419000334,0.482105800682909,-0.0085080934773704,3,1,0.1,3.874615102015864,0.5844593335485856,1,0.5865044651047945,0.27,0.3,1,10,1,4.436876685543284,0.8,0.5844593335485856,0.5844593335485856,1,0.9,-3.0063270981548893
0.0225864086696888,0.0024418475253181,9.082748678412209,0.6613603101743024,0.0245411168098359,3,1,0.1,87.54316181916882,0.75037443598844,1,0.8650239582216133,0.27,0.3,1,10,1,0.1899018813005821,0.8,0.75037443598844,0.75037443598844,1,0.9,-2.5522943107732363
0.3253977733803341,0.0127320288519532,19.11250614999273,0.2617939270999239,-0.0037332065511464,3,1,0.1,5.91028994825531,0.9413110520398996,1,0.5305364868083705,0.27,0.3,1,10,1,3.6475804008024686,0.8,0.9413110520398996,0.9413110520398996,1,0.9,-4.993335849824189
0.328581860048841,0.0206992396043182,10.183468002694038,0.3382478593417553,-0.0054325331205755,3,1,0.1,9.78732564811686,0.8372902107151924,1,0.6331013224942517,0.27,0.3,1,10,1,2.017215066684692,0.8,0.8372902107151924,0.8372902107151924,1,0.9,-3.487022241270976
0.3579882403031296,0.0181754190313932,26.424101536168187,0.3419879261379106,-0.0061654945304254,3,1,0.1,13.966059183841269,0.7632687160399219,1,0.5499885952264738,0.27,0.3,1,10,1,3.727803992070548,0.8,0.7632687160399219,0.7632687160399219,1,0.9,-2.916090709302296
0.3458584581775192,0.0252295674481566,10.031077082566076,0.2957510227131652,-0.0067687886149637,3,1,0.1,4.300399910864934,0.9219659407572552,1,0.8707736268656954,0.27,0.3,1,10,1,2.3833172738666835,0.8,0.9219659407572552,0.9219659407572552,1,0.9,-6.1494537192528735
0.3256090488583634,0.0252149155046887,12.421505222700644,0.7119763199135034,-0.0001613345151472,3,1,0.1,3.696194384983847,0.5310678843988792,1,0.8245835336647357,0.27,0.3,1,10,1,1.1620094324989707,0.8,0.5310678843988792,0.5310678843988792,1,0.9,-2.6630055371658683
0.368154849444855,0.0217878964428042,16.709373584895552,0.4047324993390059,-0.0069691530856707,3,1,0.1,3.236877346941513,0.7020713438178208,1,0.6638590595363834,0.27,0.3,1,10,1,2.4867018267220127,0.8,0.7020713438178208,0.7020713438178208,1,0.9,-4.738231825749391
0.3775744957747502,0.0243911532403782,27.8614665744956,0.3285651355187625,-0.0081752884459939,3,1,0.1,3.567857690843076,0.7967917752914773,1,0.8205650141694658,0.27,0.3,1,10,1,4.178649649959858,0.8,0.7967917752914773,0.7967917752914773,1,0.9,-5.545888934503382
0.3680509510461838,0.0297268059719254,11.325406170005634,0.471482947365303,-0.0077793651712772,3,1,0.1,6.955250341331915,0.6747350907573191,1,0.8111398955617533,0.27,0.3,1,10,1,1.7940087720462194,0.8,0.6747350907573191,0.6747350907573191,1,0.9,-2.9071834176069107
0.3838613516997597,0.031838642465038,15.01049712739986,0.3380396430562847,-0.0099014413893615,3,1,0.1,5.456490838980874,0.8174377481307169,1,0.964000286129416,0.27,0.3,1,10,1,2.9858633840371134,0.8,0.8174377481307169,0.8174377481307169,1,0.9,-4.18913360585516
0.3696302348181346,0.027207696160696,18.002323018901507,0.2952260153865713,-0.0082918034151891,3,1,0.1,3.8775529623967113,0.8868278275394312,1,0.9556632441462972,0.27,0.3,1,10,1,3.5540188178226115,0.8,0.8868278275394312,0.8868278275394312,1,0.9,-6.338816622801945
0.3474422975305904,0.0203110277028043,26.832154548166027,0.2537820370129058,-0.0059811204128754,3,1,0.1,4.5440174649474825,0.9737444743947514,1,0.8602159128228598,0.27,0.3,1,10,1,4.762783747390943,0.8,0.9737444743947514,0.9737444743947514,1,0.9,-6.491806146820449
0.0632409879764946,0.0050572870234367,8.0474780984289,0.4834073621044755,0.0106150692160132,3,1,0.1,67.36833931095032,0.9333858825412688,1,0.6891138751059352,0.27,0.3,1,10,1,0.3445233553904022,0.8,0.9333858825412688,0.9333858825412688,1,0.9,-3.2152289960722698
0.5015463543219288,0.030998587896887,22.413609498093795,0.9151002220599253,-0.0072850047314759,3,1,0.1,2.562988013433784,0.3813902184700005,1,0.850397486186081,0.27,0.3,1,10,1,2.081565008606475,0.8,0.3813902184700005,0.3813902184700005,1,0.9,-1.947506030523664
0.4292924901679817,0.0274099407809635,28.297374503600576,0.5084294122280211,-0.0102687699145051,3,1,0.1,3.01392799063756,0.5858987268689809,1,0.7444712099369681,0.27,0.3,1,10,1,3.1487206123651967,0.8,0.5858987268689809,0.5858987268689809,1,0.9,-3.57425182893991
0.0325448338316466,0.0021406241938053,18.770615606406032,1.5913757099858077,0.0503563794387348,3,1,0.1,1.8634965924800844,0.3422331011046765,1,0.7731861744213233,0.27,0.3,1,10,1,0.2174281508226017,0.8,0.3422331011046765,0.3422331011046765,1,0.9,-1.9961769938682803
0.335978197905642,0.0139617767864762,23.51478057115412,0.2792560428230844,-0.0043209770475182,3,1,0.1,3.928380101663817,0.8865135161195513,1,0.5734519728344691,0.27,0.3,1,10,1,3.954820166554297,0.8,0.8865135161195513,0.8865135161195513,1,0.9,-6.241658817270564
0.1146703385714021,0.0070030772548158,7.82201242730641,0.4264645754031811,0.0051539364395558,3,1,0.1,9.715468414202617,0.9615107687248156,1,0.5925934081283888,0.27,0.3,1,10,1,0.5143623225489675,0.8,0.9615107687248156,0.9615107687248156,1,0.9,-4.1673797317188805
0.2274365887918825,0.0139199965754798,7.05336603781616,0.3700763111650528,-0.0001401182946864,3,1,0.1,6.788436307504041,0.916863576261831,1,0.6217049323687607,0.27,0.3,1,10,1,0.9709672398780158,0.8,0.916863576261831,0.916863576261831,1,0.9,-4.462574193620698
0.3639267068370122,0.0227345300388999,16.846406316669892,0.3472214509465537,-0.0072205591287265,3,1,0.1,3.8297112098009856,0.7816128162802867,1,0.7140588531423518,0.27,0.3,1,10,1,2.9064720247276203,0.8,0.7816128162802867,0.7816128162802867,1,0.9,-4.974125959884417
0.8358281406529343,0.0020233002114655,219.4942733622156,1.1681193807384036,0.0395976372502158,3,1,0.1,0.500812457868094,0.0929697357554819,1,0.5373090523334165,0.27,0.3,1,10,1,3.797991433224162,0.8,0.0929697357554819,0.0929697357554819,1,0.9,-0.5467086753131358
0.3902518250733768,0.031230969651529,25.57119986761936,0.3264435502916234,-0.0102955252142351,3,1,0.1,6.655814090967767,0.8175036894198376,1,0.9673364483440976,0.27,0.3,1,10,1,4.19613465795387,0.8,0.8175036894198376,0.8175036894198376,1,0.9,-3.819715331933864
0.4170015141580162,0.0265908383918384,19.182296198414665,0.6455405631834409,-0.0077596088152902,3,1,0.1,2.942419110118071,0.5153637436404408,1,0.7332710206459334,0.27,0.3,1,10,1,1.975491819504677,0.8,0.5153637436404408,0.5153637436404408,1,0.9,-2.9051725117969305
0.0148056035014978,0.0012880120186828,14.55036475064999,1.0885999391836363,0.0387591603116354,3,1,0.1,2.786431261403693,0.4848281105528417,1,0.8270283015651787,0.27,0.3,1,10,1,0.1484230985244277,0.8,0.4848281105528417,0.4848281105528417,1,0.9,-2.720654550467444
0.4392717375583803,0.0356773903473576,31.01023411189696,0.461394969095284,-0.0135007147619585,3,1,0.1,12.071015109586224,0.6360569682968401,1,0.8599516055983903,0.27,0.3,1,10,1,3.890125371737073,0.8,0.6360569682968401,0.6360569682968401,1,0.9,-2.417410886965772
0.3382404167235852,0.021024705774404,12.264475730868426,0.430958193367377,-0.0054534870066225,3,1,0.1,6.162786285491214,0.7035900132778776,1,0.6143458604894461,0.27,0.3,1,10,1,1.7985213558984146,0.8,0.7035900132778776,0.7035900132778776,1,0.9,-3.196934122424583
0.6094419779279805,0.0280644702788572,73.9440304341225,1.0811115080372349,-0.0059680639654717,3,1,0.1,4.224043048013215,0.2835734799100354,1,0.6462312526718168,0.27,0.3,1,10,1,4.350596520863049,0.8,0.2835734799100354,0.2835734799100354,1,0.9,-1.120813812286526
0.3502286313077407,0.0181036115450513,19.166596665525336,0.3191656205286288,-0.005742791848333,3,1,0.1,3.5702042319052847,0.8152874264632345,1,0.6285380054704445,0.27,0.3,1,10,1,3.239141991623569,0.8,0.8152874264632345,0.8152874264632345,1,0.9,-5.817295960658153
0.0953503337711327,0.0073079903046848,9.776052710062825,0.5637354897448152,0.0107118285887512,3,1,0.1,8.24663192531218,0.7811652661095483,1,0.6665272863690874,0.27,0.3,1,10,1,0.442311817225407,0.8,0.7811652661095483,0.7811652661095483,1,0.9,-3.3427094729068463
0.4905000846164064,0.0231392598157894,29.34060167083219,0.9870020799043449,-0.0040136826641477,3,1,0.1,1.8387903301309187,0.3522418974928434,1,0.7055827798802328,0.27,0.3,1,10,1,2.029545176685717,0.8,0.3522418974928434,0.3522418974928434,1,0.9,-2.1231315038308853
0.2104889786653821,0.0189533422965628,6.807020166123404,0.4437450641719341,0.0030120464975131,3,1,0.1,5.241760080198579,0.8581096651475385,1,0.9569455551171462,0.27,0.3,1,10,1,0.8005458313093885,0.8,0.8581096651475385,0.8581096651475385,1,0.9,-4.628285396622974
0.3557584172779293,0.0202210738998399,32.672895326267714,0.2816025311159917,-0.0063946550053741,3,1,0.1,4.642667887346691,0.8878575343687388,1,0.7882763264248679,0.27,0.3,1,10,1,4.957122744509015,0.8,0.8878575343687388,0.8878575343687388,1,0.9,-5.344259264749161
0.3147281450625822,0.0235125854868079,13.243602157694426,0.8613443996644342,0.0051522253540207,3,1,0.1,2.297381320387694,0.4692903590802468,1,0.9394206616565068,0.27,0.3,1,10,1,1.0177246396586412,0.8,0.4692903590802468,0.4692903590802468,1,0.9,-2.9889259604272267
0.3597461770812362,0.0178206718932586,35.70985376611068,0.3218342296023724,-0.0060772496547468,3,1,0.1,5.461232064709965,0.7894975723905547,1,0.6183576142931356,0.27,0.3,1,10,1,4.640595747344628,0.8,0.7894975723905547,0.7894975723905547,1,0.9,-3.971211933422551
0.0083112678328889,0.0005264525090449,13.86098960158023,0.6741339524240473,0.0151693070781138,3,1,0.1,8.50826730761794,0.7240435074526921,1,0.526278008444385,0.27,0.3,1,10,1,0.1160616473421319,0.8,0.7240435074526921,0.7240435074526921,1,0.9,-3.011442082250511
0.4434090605314681,0.0228510919433708,28.69119622144672,0.7268590763523227,-0.0073021608589375,3,1,0.1,2.378623205107959,0.4559507870597316,1,0.6396102305712463,0.27,0.3,1,10,1,2.2589430118686984,0.8,0.4559507870597316,0.4559507870597316,1,0.9,-2.749686232457861
0.6548716174052583,0.0209502509925774,69.50998805105522,1.2280093771774885,0.0045242793330726,3,1,0.1,1.3239784223596227,0.2299345461321386,1,0.7409719970596997,0.27,0.3,1,10,1,3.8208157182497713,0.8,0.2299345461321386,0.2299345461321386,1,0.9,-1.2886438471430708
0.1885282120420424,0.0163583253520691,6.976569469666903,0.4462036151992227,0.0040461279202071,3,1,0.1,7.050496673499626,0.8691384478856115,1,0.8584134218031719,0.27,0.3,1,10,1,0.733668578426911,0.8,0.8691384478856115,0.8691384478856115,1,0.9,-4.066931635453504
0.4082581228355746,0.0185470901636494,58.333828539579294,0.4684551584385865,-0.0074360204284478,3,1,0.1,2.8835103501089714,0.5889093869770571,1,0.5606692930242615,0.27,0.3,1,10,1,4.542332769240758,0.8,0.5889093869770571,0.5889093869770571,1,0.9,-3.750142021242613
0.8016657482041352,0.0023916013151667,141.67496801344203,1.5756657221825616,0.0386664099836258,3,1,0.1,0.4505201718990113,0.0989279275579048,1,0.7312118617391524,0.27,0.3,1,10,1,2.9247507469491736,0.8,0.0989279275579048,0.0989279275579048,1,0.9,-0.6762462790122363
0.4098992217733119,0.0318507378077529,34.382451239284784,0.3676901432778606,-0.0113126286408297,3,1,0.1,4.823076803624845,0.7402365380322071,1,0.9602970001134536,0.27,0.3,1,10,1,4.60766471953264,0.8,0.7402365380322071,0.7402365380322071,1,0.9,-3.844079657368496
0.2704449558768259,0.0218372912035355,6.363610326444826,0.3603085159020368,-0.0021948617286181,3,1,0.1,6.152070418097842,0.9156760459406426,1,0.8569392170981622,0.27,0.3,1,10,1,1.153238240470202,0.8,0.9156760459406426,0.9156760459406426,1,0.9,-4.676307115348436
0.0049639177877803,0.0004711198301961,11.93351056167334,0.8508418740719278,0.0311756865248761,3,1,0.1,3.2701709149275846,0.611432532130533,1,0.8886926856926001,0.27,0.3,1,10,1,0.0857772725466727,0.8,0.611432532130533,0.611432532130533,1,0.9,-3.615395170279564
0.3654169719176217,0.0249260217652896,31.68408553512281,0.2887533865053988,-0.0079078446016258,3,1,0.1,13.945947523235874,0.8835445191780922,1,0.8481668661778057,0.27,0.3,1,10,1,4.938665373078688,0.8,0.8835445191780922,0.8835445191780922,1,0.9,-3.456049927762201
0.3879227627476683,0.0324773161561224,12.37578961277761,0.5523825529987695,-0.008423319291827,3,1,0.1,9.607760913829273,0.6032168705854725,1,0.8301715329131459,0.27,0.3,1,10,1,1.7576645030730988,0.8,0.6032168705854725,0.6032168705854725,1,0.9,-2.3558468831530828
0.3494216956296381,0.0248387778660525,14.013473770410538,0.2650313975541893,-0.0069557591003586,3,1,0.1,6.240075339539998,0.9760717822610736,1,0.8752695647006459,0.27,0.3,1,10,1,3.23938381369757,0.8,0.9760717822610736,0.9760717822610736,1,0.9,-5.123572596707134
0.4594107462150645,0.0286005468844689,42.5088123893334,0.5532395557302636,-0.0115204122727009,3,1,0.1,2.717796409105822,0.5435856099614341,1,0.7687838782733175,0.27,0.3,1,10,1,3.8583253042320793,0.8,0.5435856099614341,0.5435856099614341,1,0.9,-3.3975540573528544
0.1865792281488021,0.0117984654949557,6.873101693257681,0.3818835667833876,0.0018488125290696,3,1,0.1,5.724769904821337,0.9564154150967104,1,0.656671328285054,0.27,0.3,1,10,1,0.7716971582851366,0.8,0.9564154150967104,0.9564154150967104,1,0.9,-5.224781227743188
0.3759108891116645,0.0288995878993776,15.127266864370238,0.375518043946258,-0.0091617371665569,3,1,0.1,32.14288112020544,0.7569192486255572,1,0.7453172434564569,0.27,0.3,1,10,1,2.70715821406686,0.8,0.7569192486255572,0.7569192486255572,1,0.9,-2.6697585569625923
0.3229859255038382,0.0178115145354255,10.179784836346949,0.3274401203280714,-0.0046142759273183,3,1,0.1,3.71676875799964,0.8507033453873204,1,0.6289723220444792,0.27,0.3,1,10,1,2.0037530162279134,0.8,0.8507033453873204,0.8507033453873204,1,0.9,-6.085918408562981
0.2537282962689287,0.0235041659218596,7.204593620679037,0.4631718260075298,0.0005791417723836,3,1,0.1,6.181817528843832,0.7919212011792635,1,0.9592992458329266,0.27,0.3,1,10,1,0.9596362388305264,0.8,0.7919212011792635,0.7919212011792635,1,0.9,-3.765198269273213
0.5141835201098746,0.028838351174242,59.217927732671065,0.7341893061131648,-0.0120280630071429,3,1,0.1,2.899514003721365,0.4360003140373309,1,0.711605102575118,0.27,0.3,1,10,1,4.033939722842132,0.8,0.4360003140373309,0.4360003140373309,1,0.9,-2.238873820192296
0.3984171145208995,0.0290614771467702,17.30019373510272,0.4309930186467445,-0.0096836477773049,3,1,0.1,3.789324440902581,0.6790103008077585,1,0.8164895185904906,0.27,0.3,1,10,1,2.6508950540499887,0.8,0.6790103008077585,0.6790103008077585,1,0.9,-3.889688211582357
0.517030070542678,0.0283955150871119,41.83041951278062,0.7639101958831439,-0.0109640761290484,3,1,0.1,1.935344166258815,0.4257681311281273,1,0.7973499067543373,0.27,0.3,1,10,1,3.201160867259791,0.8,0.4257681311281273,0.4257681311281273,1,0.9,-2.916165276240945
0.1442909410384523,0.0096071456404686,17.53939333567627,1.368804668852535,0.0334356399004046,3,1,0.1,2.838619566003647,0.3534279275695162,1,0.7079521601011804,0.27,0.3,1,10,1,0.5241453776584066,0.8,0.3534279275695162,0.3534279275695162,1,0.9,-1.6604934542984395
0.3793385454932316,0.0274264733171406,26.604463958906347,0.3190683346031984,-0.0090058559042342,3,1,0.1,6.090643476968539,0.8240872007263277,1,0.8715745104767617,0.27,0.3,1,10,1,4.250867375015189,0.8,0.8240872007263277,0.8240872007263277,1,0.9,-4.014310857589495
0.3457041373680116,0.0172451725737929,28.821537225775003,0.2752627910670808,-0.0053660808737933,3,1,0.1,4.378205287680885,0.9002295691559671,1,0.6958336455696705,0.27,0.3,1,10,1,4.606650618736566,0.8,0.9002295691559671,0.9002295691559671,1,0.9,-5.768161478535186
0.2932532266294776,0.0165104247266328,14.227192339005445,0.572124643565799,-0.0015044284187294,3,1,0.1,5.866620212279571,0.6024306492888183,1,0.5383006794161351,0.27,0.3,1,10,1,1.2305849785898808,0.8,0.6024306492888183,0.6024306492888183,1,0.9,-2.6408671215127493
0.3759713980276602,0.0249406646513968,19.54687873371595,0.3778619268310758,-0.0083278371146446,3,1,0.1,9.331355776616387,0.7339376027459472,1,0.6760953550903537,0.27,0.3,1,10,1,3.0568184538108225,0.8,0.7339376027459472,0.7339376027459472,1,0.9,-2.9963606227406343
0.6511021466919269,0.0281500427928588,76.80167086448341,1.1546674285401954,-0.0008947815570577,3,1,0.1,2.50028764186637,0.2505654466690001,1,0.7372229339153579,0.27,0.3,1,10,1,4.646741574608083,0.8,0.2505654466690001,0.2505654466690001,1,0.9,-1.0901271409670574
0.439555601721634,0.0220690070480502,29.249403634617924,0.9114571889984404,-0.0046171552893622,3,1,0.1,40.26647020105809,0.3835652258880163,1,0.5121667847879665,0.27,0.3,1,10,1,1.9574314163989104,0.8,0.3835652258880163,0.3835652258880163,1,0.9,-1.307614539327307
0.1502656473259054,0.0128932895961531,8.467480551165634,0.5413584067330227,0.0085211687123859,3,1,0.1,4.2508124868044215,0.7763753107156811,1,0.8580188053020499,0.27,0.3,1,10,1,0.5933593380120504,0.8,0.7763753107156811,0.7763753107156811,1,0.9,-4.509854364248401
0.3632259981855757,0.0299610906891852,10.608550909638716,0.3507223117968297,-0.0084351772647054,3,1,0.1,7.37489511883729,0.8201856557287613,1,0.8784057523380066,0.27,0.3,1,10,1,2.248401845980116,0.8,0.8201856557287613,0.8201856557287613,1,0.9,-3.692022683965428
0.4059848092869144,0.0277927260345534,18.09966039663715,0.4892115068065581,-0.0092534257940233,3,1,0.1,3.051842601021263,0.6204859605011536,1,0.78500093305957,0.27,0.3,1,10,1,2.424502102860594,0.8,0.6204859605011536,0.6204859605011536,1,0.9,-3.935111957348899
0.1492555067298156,0.0124551110386967,8.141753264883853,0.5147841158290046,0.0077328173386016,3,1,0.1,3.6787625106271,0.8102806327832657,1,0.8751415463289951,0.27,0.3,1,10,1,0.5925237292465552,0.8,0.8102806327832657,0.8102806327832657,1,0.9,-5.556768222327107
0.3997830541237834,0.0286518454637959,29.085968112096182,0.3663854262789758,-0.0100409609546375,3,1,0.1,3.6558774617856415,0.7401920610845367,1,0.885053006074136,0.27,0.3,1,10,1,4.099419597997937,0.8,0.7401920610845367,0.7401920610845367,1,0.9,-4.676662297596358
0.6797659686000118,0.0306046286824855,72.23902644478811,1.1921463827910406,0.0033296668432574,3,1,0.1,2.3228820267594434,0.2343264502704405,1,0.8486222015115059,0.27,0.3,1,10,1,4.849089716058222,0.8,0.2343264502704405,0.2343264502704405,1,0.9,-1.0215387190231129
0.5215096384484279,0.03710062659751,51.69264563652844,0.6334069799843354,-0.0156790547847901,3,1,0.1,2.7168982653865674,0.4936627457781764,1,0.9872499127621024,0.27,0.3,1,10,1,4.429562062914981,0.8,0.4936627457781764,0.4936627457781764,1,0.9,-2.856689204338476
0.3575137320244881,0.0264734427844927,17.994614549718467,0.2697053086286471,-0.0077178279033018,3,1,0.1,9.790989062004805,0.9546279575063448,1,0.9004856060525204,0.27,0.3,1,10,1,3.767143853045878,0.8,0.9546279575063448,0.9546279575063448,1,0.9,-4.119222778076648
0.5237567913130967,0.0314437618123555,58.18876758293107,0.7083130043976466,-0.0132688038716001,3,1,0.1,2.415359271405084,0.4488102413214314,1,0.8192273084162875,0.27,0.3,1,10,1,4.211692838467302,0.8,0.4488102413214314,0.4488102413214314,1,0.9,-2.6411567093313773
0.3208646345599558,0.0156127778629781,11.49087705149634,0.258450774456986,-0.0041587739349159,3,1,0.1,4.756023115400495,0.989819926070333,1,0.6149469735206862,0.27,0.3,1,10,1,2.714267289341344,0.8,0.989819926070333,0.989819926070333,1,0.9,-6.414218376737981
0.1862040901455151,0.0156966475412196,6.073792244546719,0.3894419628687451,0.0031923970775004,3,1,0.1,4.309562372011541,0.9795501323697342,1,0.9794333453924824,0.27,0.3,1,10,1,0.7293244766700752,0.8,0.9795501323697342,0.9795501323697342,1,0.9,-6.952480699820002
0.2718983542222083,0.0251176977725711,5.8976816421517775,0.3571399856254298,-0.0024375387913486,3,1,0.1,35.83198542444939,0.9356150904030224,1,0.9134948608433792,0.27,0.3,1,10,1,1.1426732296104718,0.8,0.9356150904030224,0.9356150904030224,1,0.9,-3.3210558319165013
0.2828199589786018,0.0171280687760085,8.186851386618164,0.3688831348885436,-0.0027909337588822,3,1,0.1,7.331306776464754,0.8417670776245555,1,0.6046029439774727,0.27,0.3,1,10,1,1.349458708813036,0.8,0.8417670776245555,0.8417670776245555,1,0.9,-3.832707024562535
0.4333253269504241,0.0340011985619695,17.278753078447505,0.6093586556517687,-0.0109314402219642,3,1,0.1,9.449379730106235,0.5412733826544438,1,0.7981798260695885,0.27,0.3,1,10,1,2.188006981247913,0.8,0.5412733826544438,0.5412733826544438,1,0.9,-2.082597322971959
0.3800619246572108,0.0197356976355551,22.61939577849865,0.4759130544434805,-0.0067488490954663,3,1,0.1,4.205032855276951,0.6135864561056192,1,0.5528492242895185,0.27,0.3,1,10,1,2.5468429973376603,0.8,0.6135864561056192,0.6135864561056192,1,0.9,-3.101145748290846
0.0993359489892549,0.0084941648170474,7.83929091747387,0.5038549939551991,0.0104211402931506,3,1,0.1,4.1221528144923365,0.8764120436803344,1,0.8927898535142962,0.27,0.3,1,10,1,0.4457093489732375,0.8,0.8764120436803344,0.8764120436803344,1,0.9,-5.797418585854733
0.3595292928398644,0.0201460856600402,17.213647427346537,0.3762824289634928,-0.0064630935323882,3,1,0.1,4.016529018313433,0.7335812990957716,1,0.6162017704926197,0.27,0.3,1,10,1,2.662000765667391,0.8,0.7335812990957716,0.7335812990957716,1,0.9,-4.261252326791407
0.0001637932123841,1.2376766510510842e-05,11.542837348098807,0.6506879243418208,0.01787139474712,3,1,0.1,4.24851672231369,0.7670554976480565,1,0.6786827280640311,0.27,0.3,1,10,1,0.0159074821391143,0.8,0.7670554976480565,0.7670554976480565,1,0.9,-4.418081176328288
0.1672419053891529,0.0187909651345595,8.842010048492153,0.7503656044421322,0.0180366506536616,3,1,0.1,92.01828747965938,0.5991291604069807,1,0.9982761132601948,0.27,0.3,1,10,1,0.6035012359777946,0.8,0.5991291604069807,0.5991291604069807,1,0.9,-2.027905722883109
0.3486460005431411,0.0219477568246191,27.83346241660305,0.252300978706421,-0.0064302656749409,3,1,0.1,10.00257693587451,0.9837914060544494,1,0.8677113961872166,0.27,0.3,1,10,1,4.927622907462286,0.8,0.9837914060544494,0.9837914060544494,1,0.9,-4.25603042797611
0.0792241892485501,0.0067023033437603,8.471223411854858,0.5308367611294884,0.0119614063334746,3,1,0.1,6.119034271389163,0.8506241011708732,1,0.7915330516238652,0.27,0.3,1,10,1,0.3889213592382961,0.8,0.8506241011708732,0.8506241011708732,1,0.9,-4.196653723817392
0.3818590347503845,0.0290929311697405,14.548756777187098,0.364100086969178,-0.0091063371863837,3,1,0.1,3.701729962952813,0.7724937023489247,1,0.8954864751172392,0.27,0.3,1,10,1,2.6989213428549794,0.8,0.7724937023489247,0.7724937023489247,1,0.9,-5.018772547158512
0.311882414500169,0.0213816609321169,8.59362054245693,0.379318468762788,-0.0043317744719329,3,1,0.1,4.124878443886526,0.8103899259809316,1,0.7341940560558894,0.27,0.3,1,10,1,1.5163076214221582,0.8,0.8103899259809316,0.8103899259809316,1,0.9,-4.9877751370153325
0.3732602494851804,0.0231723355891556,16.027352611392395,0.5655632324858194,-0.00602019233524,3,1,0.1,3.0628242353252686,0.5759699799914694,1,0.6799619769753691,0.27,0.3,1,10,1,1.7636738189056047,0.8,0.5759699799914694,0.5759699799914694,1,0.9,-3.420987612014817
0.4256556354732286,0.03695549052407,36.51285598261386,0.3916673204410522,-0.0134534479555437,3,1,0.1,22.690773129271943,0.7147369394465678,1,0.9763065179492324,0.27,0.3,1,10,1,4.758022762486809,0.8,0.7147369394465678,0.7147369394465678,1,0.9,-2.571452280539344
0.5055141058637918,0.02837132460475,58.95407775577686,0.6838143730156729,-0.0119236434240954,3,1,0.1,2.248239438213211,0.4598848148672108,1,0.758636113397912,0.27,0.3,1,10,1,4.122999207920943,0.8,0.4598848148672108,0.4598848148672108,1,0.9,-2.932701631752126
0.6321402504292156,0.0168782648359346,45.36329864839181,1.3782188659971322,0.0133019796567399,3,1,0.1,1.1682180675442173,0.2064217333250581,1,0.7041774908014165,0.27,0.3,1,10,1,2.6470621273719463,0.8,0.2064217333250581,0.2064217333250581,1,0.9,-1.1707790266937952
0.1587920731272142,0.0139736019431955,7.26048796944667,0.4758395642028917,0.0067449844195338,3,1,0.1,4.0678433440324735,0.861734778351518,1,0.9560580756154128,0.27,0.3,1,10,1,0.6214412881947678,0.8,0.861734778351518,0.861734778351518,1,0.9,-5.680088315538304
0.3666942534639355,0.0277773846793349,12.052236688593664,0.4713730782474026,-0.0074298262399273,3,1,0.1,5.426638327131809,0.668460392102323,1,0.7719625598160679,0.27,0.3,1,10,1,1.8295892670053533,0.8,0.668460392102323,0.668460392102323,1,0.9,-3.126962348404163
0.3860540188625464,0.0226555624713394,21.27861280507069,0.4749129850250452,-0.0077480538792882,3,1,0.1,6.594695853481771,0.6214527402139789,1,0.5895433507027756,0.27,0.3,1,10,1,2.574442463872311,0.8,0.6214527402139789,0.6214527402139789,1,0.9,-2.655379993854483
0.3723465821163256,0.0211188213902913,28.13542655566828,0.3548382465369624,-0.0073051757450854,3,1,0.1,4.931743628586877,0.7459485778180399,1,0.6490267540528052,0.27,0.3,1,10,1,3.86091326323674,0.8,0.7459485778180399,0.7459485778180399,1,0.9,-3.842682653763896
0.201291695758617,0.0098962222052606,8.089222256007067,0.3939809354428039,0.0008822018326659,3,1,0.1,5.4799733114663125,0.8890987385137669,1,0.5192586702436892,0.27,0.3,1,10,1,0.8536873628793267,0.8,0.8890987385137669,0.8890987385137669,1,0.9,-4.769115365838192
0.4216619454504074,0.0291026366855039,24.042488619222567,0.5369211723605161,-0.0105609148071491,3,1,0.1,31.5301243714881,0.5741371590443722,1,0.6556266030124883,0.27,0.3,1,10,1,2.7962136065338346,0.8,0.5741371590443722,0.5741371590443722,1,0.9,-1.998711892761495
0.3330308034794639,0.0206112994130322,10.54090380679988,0.3308573680108597,-0.0055418701079307,3,1,0.1,5.177679812838771,0.844112107768052,1,0.6665271884593542,0.27,0.3,1,10,1,2.1209917464147194,0.8,0.844112107768052,0.844112107768052,1,0.9,-4.541174733629767
0.0896714330759471,0.0081400005730951,6.829595561584169,0.4543171538274799,0.0102119069406623,3,1,0.1,4.968049090762611,0.977532678981123,1,0.999841020503364,0.27,0.3,1,10,1,0.416881366695763,0.8,0.977532678981123,0.977532678981123,1,0.9,-6.024287568377398
0.3093339655448189,0.0128230331472475,10.319934214306803,0.2772222171595095,-0.0033287374920862,3,1,0.1,5.339646698449794,0.9435307316738736,1,0.5059163876261896,0.27,0.3,1,10,1,2.2809635159779185,0.8,0.9435307316738736,0.9435307316738736,1,0.9,-5.351604375696656
0.4994908468993057,0.0158821122148509,42.34260479307073,1.1713101130509151,0.0009470477541862,3,1,0.1,1.5904830545522846,0.2883560522684059,1,0.5481137456361466,0.27,0.3,1,10,1,2.0101690838584623,0.8,0.2883560522684059,0.2883560522684059,1,0.9,-1.665937566403736
0.0422932320781996,0.0034928435532859,14.261262578957284,1.5608669984273742,0.0606481912777603,3,1,0.1,3.116246560680656,0.3503521046543713,1,0.8735864953195629,0.27,0.3,1,10,1,0.2475996394714477,0.8,0.3503521046543713,0.3503521046543713,1,0.9,-1.5831496701587966
0.2638626003641134,0.0189338339326042,6.0538244643578745,0.3215523997886726,-0.0022620657801928,3,1,0.1,17.46268056919857,0.9851488263782662,1,0.7134952222748322,0.27,0.3,1,10,1,1.2073680083507417,0.8,0.9851488263782662,0.9851488263782662,1,0.9,-3.781618591687046
0.2576165965107566,0.017070995735703,16.754314741547518,1.0121822460576433,0.0114046498950414,3,1,0.1,3.686547468083264,0.4161324087497478,1,0.6751743455152641,0.27,0.3,1,10,1,0.8607912696250807,0.8,0.4161324087497478,0.4161324087497478,1,0.9,-1.883080205472052
0.2448887177794579,0.0186685111457521,13.352999007112691,0.938313522140648,0.0129417781440896,3,1,0.1,2.2134522020367,0.4631162760518244,1,0.9305754088616636,0.27,0.3,1,10,1,0.788382871164536,0.8,0.4631162760518244,0.4631162760518244,1,0.9,-3.016250903495817
0.5196166182369211,0.020848504837707,79.5425634887235,0.8867635547113005,-0.0078496098780905,3,1,0.1,3.5313534283288144,0.3651537052982388,1,0.5150057570848635,0.27,0.3,1,10,1,3.8192832393273934,0.8,0.3651537052982388,0.3651537052982388,1,0.9,-1.6042414780379524
0.4146947914709418,0.0254004026237408,23.884751482581645,0.5484297941679316,-0.0089644933190079,3,1,0.1,4.533993469428863,0.5622810181354899,1,0.6455880468102989,0.27,0.3,1,10,1,2.582567713541445,0.8,0.5622810181354899,0.5622810181354899,1,0.9,-2.637466336956231
0.4946514156056351,0.0204063817998778,20.344162659571936,1.581264032534763,0.0273225585972953,3,1,0.1,9.125312017911108,0.2154752832064542,1,0.5855695179413867,0.27,0.3,1,10,1,1.5235156334380984,0.8,0.2154752832064542,0.2154752832064542,1,0.9,-0.7601317872045374
0.3416596398309339,0.0221895877479831,13.269152217193026,0.2670512507104559,-0.0061791568017154,3,1,0.1,6.236079556667342,0.9685653882982967,1,0.7799456670001128,0.27,0.3,1,10,1,3.060136335167165,0.8,0.9685653882982967,0.9685653882982967,1,0.9,-5.063638961566729
0.0572255861602009,0.0046746534132357,10.02411685658145,0.6070322520063848,0.0149436806651854,3,1,0.1,4.538166303174216,0.7719920103496274,1,0.7525649599860069,0.27,0.3,1,10,1,0.3191343255260315,0.8,0.7719920103496274,0.7719920103496274,1,0.9,-4.266980974133999
0.3585747800458692,0.0210976694032224,20.91453119082539,0.3194077102561971,-0.0067765972193294,3,1,0.1,5.368859393623551,0.8187221131500408,1,0.6779942937049989,0.27,0.3,1,10,1,3.5154002966247977,0.8,0.8187221131500408,0.8187221131500408,1,0.9,-4.236512938411556
0.6674469233534279,0.0082609913574898,64.18951133294081,1.5751787777545887,0.0255906033298348,3,1,0.1,0.7714118873310102,0.1552794166425454,1,0.6131968500868524,0.27,0.3,1,10,1,2.434551925615753,0.8,0.1552794166425454,0.1552794166425454,1,0.9,-0.97601535669075
0.4279124946216774,0.0192516096558094,63.38241971077529,0.5405741343392467,-0.007947502662438,3,1,0.1,3.4925692824086405,0.533817326041961,1,0.5293578475160403,0.27,0.3,1,10,1,4.309839725801854,0.8,0.533817326041961,0.533817326041961,1,0.9,-2.765758361024747
0.3277161291222886,0.0207110906073164,9.972160172134902,0.3277725199849634,-0.0054187144981556,3,1,0.1,10.247587946407023,0.8570326486706749,1,0.6397549886543827,0.27,0.3,1,10,1,2.051624095303392,0.8,0.8570326486706749,0.8570326486706749,1,0.9,-3.549419003483287
0.3392996385564242,0.0203133849762416,15.930893206632303,0.2574802695855473,-0.0057295999219752,3,1,0.1,6.503106149331059,0.98290143351223,1,0.7508592373920832,0.27,0.3,1,10,1,3.482100068872069,0.8,0.98290143351223,0.98290143351223,1,0.9,-5.061293925240979
0.3725801288711317,0.0269796952653114,27.95907234583301,0.3006254720477742,-0.0086453543113121,3,1,0.1,9.78977534978875,0.862236909709928,1,0.8766792807837746,0.27,0.3,1,10,1,4.539462974468146,0.8,0.862236909709928,0.862236909709928,1,0.9,-3.6175648679037824
0.0432629210000859,0.002475406808683,13.15532030241936,0.6208699250595886,0.0111418335458525,3,1,0.1,6.708354605251101,0.7484187606383551,1,0.5076693201265955,0.27,0.3,1,10,1,0.27819610130639,0.8,0.7484187606383551,0.7484187606383551,1,0.9,-3.372708420084268
0.2999336251040574,0.0175466384729442,7.799278895971624,0.3079340593641299,-0.0037972210883165,3,1,0.1,9.355345600800236,0.9294746311505154,1,0.6090269661593675,0.27,0.3,1,10,1,1.6877587227529998,0.8,0.9294746311505154,0.9294746311505154,1,0.9,-4.033242855899144
0.414417674576331,0.0186675118872558,67.13668256897742,0.4942917144256261,-0.0076434504699187,3,1,0.1,4.826420413361386,0.5662711512451305,1,0.5169611814215953,0.27,0.3,1,10,1,4.725977821009063,0.8,0.5662711512451305,0.5662711512451305,1,0.9,-2.599113883873984
0.3076577757057809,0.0190144958929874,14.581399698529385,1.5100970788209749,0.0305832718504962,3,1,0.1,2.148130532157856,0.2940653997860711,1,0.9165839240924668,0.27,0.3,1,10,1,0.8649433135378428,0.8,0.2940653997860711,0.2940653997860711,1,0.9,-1.4402653866410056
0.3561104539790081,0.0269689370490289,14.34083728020841,0.2707184576137327,-0.0076478574871125,3,1,0.1,6.581412680518662,0.9624702452576064,1,0.9294485931473409,0.27,0.3,1,10,1,3.280840528082328,0.8,0.9624702452576064,0.9624702452576064,1,0.9,-4.87002384618569
0.4197839336889113,0.0319352324545252,18.87721362710342,0.4985992561779813,-0.0110243661865449,3,1,0.1,5.752200428148306,0.6144170796744328,1,0.8010746390620623,0.27,0.3,1,10,1,2.606745111368268,0.8,0.6144170796744328,0.6144170796744328,1,0.9,-2.727953853230858
0.4329069510021176,0.025632190983624,28.03214446596597,0.6449716223044717,-0.0091344286925212,3,1,0.1,13.174397183657334,0.4990753204203766,1,0.583507769640049,0.27,0.3,1,10,1,2.563911037876016,0.8,0.4990753204203766,0.4990753204203766,1,0.9,-1.824889746284376
0.3847795534198233,0.0189064910347075,32.43437011637238,0.4333329888008594,-0.0069957222050588,3,1,0.1,4.852347039206534,0.6373410271201382,1,0.5374049152174619,0.27,0.3,1,10,1,3.4633892124137584,0.8,0.6373410271201382,0.6373410271201382,1,0.9,-3.0632981954758067
0.6985765714112261,0.0158038142282696,51.957549868696425,1.4382216159324088,0.0276689118241598,3,1,0.1,1.0474430390174267,0.1722740432410097,1,0.7736100955047549,0.27,0.3,1,10,1,3.149681976075858,0.8,0.1722740432410097,0.1722740432410097,1,0.9,-0.931864488968662
0.2122418036685073,0.0132481174513098,10.815014310506683,0.5393616591371055,0.002784523675519,3,1,0.1,3.1855221842291104,0.6994384773027998,1,0.6373835865653248,0.27,0.3,1,10,1,0.8296984320353661,0.8,0.6994384773027998,0.6994384773027998,1,0.9,-4.780770559032264
0.3768689325308321,0.0224926258080573,36.40135404143176,0.3326886379596103,-0.0077556779363834,3,1,0.1,3.774582270059873,0.7789030991628131,1,0.7684140411922165,0.27,0.3,1,10,1,4.748429129397048,0.8,0.7789030991628131,0.7789030991628131,1,0.9,-5.00735983187944
0.0541084759408685,0.0038476179301227,18.23902405963849,1.0090200882083191,0.0255941898836838,3,1,0.1,4.373280831769061,0.483146235220437,1,0.5957664936107446,0.27,0.3,1,10,1,0.3084082967163341,0.8,0.483146235220437,0.483146235220437,1,0.9,-2.169822834298346
0.3809395481383149,0.0261564317068614,34.529353041941555,0.3194162751253499,-0.008779472809668,3,1,0.1,4.940568206054744,0.8137884950772782,1,0.8811426079007114,0.27,0.3,1,10,1,4.873423982311559,0.8,0.8137884950772782,0.8137884950772782,1,0.9,-4.406022998970177
0.3983353791638986,0.0318833790373413,18.84253845763712,0.3745537090905231,-0.0106409684181107,3,1,0.1,5.109774406666704,0.748529326326038,1,0.9117758571740636,0.27,0.3,1,10,1,3.2041759695531216,0.8,0.748529326326038,0.748529326326038,1,0.9,-3.790843239722866
0.0975942100768234,0.0071377743275666,7.732499222256711,0.4504803070293286,0.0074543340052496,3,1,0.1,24.96095073258879,0.9467077675885156,1,0.6571644864112586,0.27,0.3,1,10,1,0.4556368091726916,0.8,0.9467077675885156,0.9467077675885156,1,0.9,-3.462078252291798
0.3719742018493912,0.0247326600873651,23.41488811255372,0.318763850162988,-0.0080390353171508,3,1,0.1,4.222828492635583,0.8223748853886022,1,0.8154355225334666,0.27,0.3,1,10,1,3.8733852643937183,0.8,0.8223748853886022,0.8223748853886022,1,0.9,-5.024331300747967
0.7056169404954696,0.0092654935149432,131.55075064410968,1.3427773379304666,0.0153234861318331,3,1,0.1,0.7506492348291213,0.1710151164905601,1,0.622445937273352,0.27,0.3,1,10,1,4.006361293684788,0.8,0.1710151164905601,0.1710151164905601,1,0.9,-1.216982067834321
0.3612586657619875,0.0247373631765182,13.817579807496054,0.6153666403615103,-0.0045123314940054,3,1,0.1,2.6695923489293083,0.5623955006380643,1,0.7849774564942021,0.27,0.3,1,10,1,1.4727998683601782,0.8,0.5623955006380643,0.5623955006380643,1,0.9,-3.6870421807114058
0.1479068436515894,0.0071932275439381,25.352224253738168,1.0603006580639824,0.0144611056208966,3,1,0.1,2.066851960726613,0.421690944212222,1,0.5298828236082508,0.27,0.3,1,10,1,0.5766136385233442,0.8,0.421690944212222,0.421690944212222,1,0.9,-2.6828195411998754
0.3551094673855288,0.0243564634463411,14.424376052436196,0.3040311031329973,-0.0072343554591753,3,1,0.1,5.93994146528267,0.8753535451566474,1,0.777290744576296,0.27,0.3,1,10,1,2.97366955642142,0.8,0.8753535451566474,0.8753535451566474,1,0.9,-4.44696661196532
0.0008009635091777,6.896770981215551e-05,14.47739477556868,0.9265705215956168,0.0314459380233477,3,1,0.1,4.4331199719582095,0.5564764792843183,1,0.7087593222140744,0.27,0.3,1,10,1,0.0349043588963442,0.8,0.5564764792843183,0.5564764792843183,1,0.9,-2.623267281224857
0.7382501733679531,0.009414110541893,96.11060528205914,1.390756992583822,0.0321037085565491,3,1,0.1,0.8487872082413785,0.1456136252306286,1,0.620187727796603,0.27,0.3,1,10,1,3.761162601404282,0.8,0.1456136252306286,0.1456136252306286,1,0.9,-0.8093622827064806
0.1772698948016122,0.0096002623768006,11.947206538165435,0.5466608621576152,0.0038161607553611,3,1,0.1,5.489374039098817,0.706748776319734,1,0.5125294043454541,0.27,0.3,1,10,1,0.7202144951140094,0.8,0.706748776319734,0.706748776319734,1,0.9,-3.367458175831511
0.3314888247885987,0.0163668652025397,12.815775688869044,0.3349246745286551,-0.0046865153461013,3,1,0.1,3.654628927686744,0.8108626660985515,1,0.5698214108467325,0.27,0.3,1,10,1,2.299234348898419,0.8,0.8108626660985515,0.8108626660985515,1,0.9,-5.604174114776582
0.3589279168946936,0.0305110042696603,10.297304254317565,0.3286711006472677,-0.0084826671074111,3,1,0.1,20.191798081730163,0.8620858969483725,1,0.8692119799800304,0.27,0.3,1,10,1,2.3382596342938573,0.8,0.8620858969483725,0.8620858969483725,1,0.9,-3.191567891388005
0.335836852183738,0.0206461129893916,11.083861559949662,0.3751924755726358,-0.0054672263853153,3,1,0.1,3.8697630270502863,0.7740186642631908,1,0.6659692530312085,0.27,0.3,1,10,1,1.9256364694423,0.8,0.7740186642631908,0.7740186642631908,1,0.9,-4.837977968816869
0.338680682110195,0.0259792636920677,11.260873622383334,0.5844146779322722,-0.003387040296011,3,1,0.1,2.838438124209244,0.6045351952390817,1,0.882772302099057,0.27,0.3,1,10,1,1.3096746011012987,0.8,0.6045351952390817,0.6045351952390817,1,0.9,-4.005856200269816
0.4309743146679521,0.0196589293370089,72.39309060915755,0.5336931087209312,-0.0082020555835447,3,1,0.1,3.384222191611423,0.5373394596064381,1,0.5456447246078562,0.27,0.3,1,10,1,4.720999419310754,0.8,0.5373394596064381,0.5373394596064381,1,0.9,-2.845240979341968
0.564023058721824,0.0234919679990347,22.65021110397548,1.4103806472854676,0.0146127299434532,3,1,0.1,1.6024680329664538,0.23463386160731,1,0.8581949717778121,0.27,0.3,1,10,1,1.8839120061794736,0.8,0.23463386160731,0.23463386160731,1,0.9,-1.1879847551038836
0.2914765698442143,0.0172098622272384,18.396547602465883,0.9870329491251696,0.0075039240475611,3,1,0.1,2.3285666765539554,0.4133511653113713,1,0.6858081395789388,0.27,0.3,1,10,1,0.9702881476997348,0.8,0.4133511653113713,0.4133511653113713,1,0.9,-2.352049999124228
0.3761786243348375,0.0253245385691384,34.044271270009105,0.3203104740541719,-0.0085009609462415,3,1,0.1,9.7012639575036,0.8122554537453255,1,0.8003845036405224,0.27,0.3,1,10,1,4.806531749268316,0.8,0.8122554537453255,0.8122554537453255,1,0.9,-3.364891670485324
0.0453569214240659,0.0045789768938692,7.851782932993234,0.5471728479073683,0.0170750441891065,3,1,0.1,8.866588301422663,0.8727603139482475,1,0.9495399025474044,0.27,0.3,1,10,1,0.2768089351146111,0.8,0.8727603139482475,0.8727603139482475,1,0.9,-3.7765930684823728
0.2751950776662409,0.0236796598871451,5.728290163910051,0.3339432757443462,-0.0025664201146452,3,1,0.1,5.4218883815805805,0.9775137122185018,1,0.9991422091501094,0.27,0.3,1,10,1,1.1726015286011464,0.8,0.9775137122185018,0.9775137122185018,1,0.9,-5.624462847045768
0.147925912493979,0.0131306927892213,6.455533668100668,0.4237954671668482,0.0060529423830689,3,1,0.1,7.639424571147113,0.9585096573324018,1,0.907156125730982,0.27,0.3,1,10,1,0.6000037238455649,0.8,0.9585096573324018,0.9585096573324018,1,0.9,-4.517610583632014
0.2264165216190311,0.0170003221047556,6.168019742958166,0.3594351795170108,4.948420371570753e-05,3,1,0.1,10.157902465122762,0.963667598066347,1,0.7493470647153887,0.27,0.3,1,10,1,0.940480180014854,0.8,0.963667598066347,0.963667598066347,1,0.9,-4.12543297256536
0.3402033318870964,0.0199801286633919,12.058331874528358,0.3536521595904714,-0.0056446510633995,3,1,0.1,3.861924760610461,0.7928396571168523,1,0.6496194470919835,0.27,0.3,1,10,1,2.1790689016918154,0.8,0.7928396571168523,0.7928396571168523,1,0.9,-5.072795749035444
0.4662802092123583,0.0364396570557652,37.366537599693686,0.4958815901944533,-0.0143427786967888,3,1,0.1,3.4680129456753166,0.5977991806564518,1,0.9915946087592178,0.27,0.3,1,10,1,4.161752095256719,0.8,0.5977991806564518,0.5977991806564518,1,0.9,-3.333376917000804
0.3405859113773866,0.0233122372156251,13.0640477719633,0.2610035668749812,-0.0064017687550622,3,1,0.1,18.733503957087628,0.9915282942217885,1,0.7750412655108354,0.27,0.3,1,10,1,3.107129763604376,0.8,0.9915282942217885,0.9915282942217885,1,0.9,-3.770781451665272
0.4373060311419054,0.029219340673333,45.58040524030434,0.4680634001101454,-0.0114992948738367,3,1,0.1,3.5469567630068712,0.612134396552938,1,0.7990290043022729,0.27,0.3,1,10,1,4.504289491771438,0.8,0.612134396552938,0.612134396552938,1,0.9,-3.416045179907136
0.4033353179579729,0.0238101032407879,19.278160503623315,0.748158239237922,-0.0047926980774061,3,1,0.1,2.304371902006185,0.4695991630991054,1,0.7246010803506211,0.27,0.3,1,10,1,1.6455943376394433,0.8,0.4695991630991054,0.4695991630991054,1,0.9,-2.984430571522033
0.5501886808031287,0.0407835020549739,49.724865571001935,0.7372780731973156,-0.0172391312173165,3,1,0.1,5.481175528876936,0.4394870960056732,1,0.9231205617419328,0.27,0.3,1,10,1,4.274996780638169,0.8,0.4394870960056732,0.4394870960056732,1,0.9,-1.802113298832604
0.2558345421655664,0.0209549705096321,6.149869698727134,0.3644852956449477,-0.0011489977760318,3,1,0.1,4.504195101954165,0.9328558332903456,1,0.9304638051352436,0.27,0.3,1,10,1,1.0467183607728172,0.8,0.9328558332903456,0.9328558332903456,1,0.9,-6.017483460460439
0.3423817206175048,0.0179583895700028,16.602172592048973,0.3302603790696761,-0.0055813837049674,3,1,0.1,62.10288135928786,0.8045423815793279,1,0.5324375328150687,0.27,0.3,1,10,1,2.8644670159088625,0.8,0.8045423815793279,0.8045423815793279,1,0.9,-2.765401366520475
0.3220104810939843,0.0176684044968559,11.004423079608754,0.2646793296331219,-0.0046902610670456,3,1,0.1,29.92135950608958,0.9820979300732956,1,0.6012946861326376,0.27,0.3,1,10,1,2.6290518284196347,0.8,0.9820979300732956,0.9820979300732956,1,0.9,-3.5451707594432484
0.4131439460879995,0.033158481327252,14.396462949825237,0.4709882389243199,-0.0105038016942902,3,1,0.1,3.023270716634588,0.6520769514942601,1,0.9913551649154316,0.27,0.3,1,10,1,2.27888392124127,0.8,0.6520769514942601,0.6520769514942601,1,0.9,-4.375772429940247
0.0302405095255186,0.0020968641027818,15.60439299191538,0.799802135066014,0.0193875806006958,3,1,0.1,3.905405209084586,0.608497207680573,1,0.5949987749985046,0.27,0.3,1,10,1,0.2258757031919936,0.8,0.608497207680573,0.608497207680573,1,0.9,-3.1869552951777527
0.2906404143967265,0.0139560181447154,8.290840700714773,0.3197940044699442,-0.0028913303743129,3,1,0.1,4.296679500040551,0.8983450549594205,1,0.5482026891062703,0.27,0.3,1,10,1,1.591389429274905,0.8,0.8983450549594205,0.8983450549594205,1,0.9,-5.846896610319035
0.0858487677298496,0.0068198393146163,9.178192932784087,0.5556721572815476,0.0116156047970019,3,1,0.1,3.939508787497799,0.8094172272817378,1,0.7796753318641413,0.27,0.3,1,10,1,0.4077985025345562,0.8,0.8094172272817378,0.8094172272817378,1,0.9,-5.182692338891886
0.4392602633739855,0.0194294324722955,39.02550144272841,0.6609247384367352,-0.0071720179920028,3,1,0.1,2.1250545069645064,0.4746215020167907,1,0.5688104253478274,0.27,0.3,1,10,1,2.757262037229402,0.8,0.4746215020167907,0.4746215020167907,1,0.9,-3.3038268630419783
0.1818399059266829,0.0174743885186106,10.226489946193666,0.7636223407983428,0.0145783582151621,3,1,0.1,5.694184268203843,0.576777882208545,1,0.9162938087442988,0.27,0.3,1,10,1,0.6472555771745763,0.8,0.576777882208545,0.576777882208545,1,0.9,-2.517633151435634
0.6155186015052581,0.0311265848226626,32.591876269739515,1.1315738317774533,-0.0028443606384922,3,1,0.1,1.77698821251388,0.2810523629838992,1,0.9759878082257204,0.27,0.3,1,10,1,2.847966099835508,0.8,0.2810523629838992,0.2810523629838992,1,0.9,-1.484799080539151
0.2966523941130501,0.0142091047167576,8.637624786921133,0.3082272520119898,-0.003226258088878,3,1,0.1,12.812366660692096,0.9085850122025968,1,0.506228369076304,0.27,0.3,1,10,1,1.7567952067831505,0.8,0.9085850122025968,0.9085850122025968,1,0.9,-3.6291182285419294
0.3414916285283912,0.0261277888274844,8.8618047076708,0.2958718485397364,-0.0066899455596958,3,1,0.1,5.028161222910179,0.9369592683049468,1,0.8931861557306398,0.27,0.3,1,10,1,2.188139660688289,0.8,0.9369592683049468,0.9369592683049468,1,0.9,-5.525815179897621
0.3770847034212314,0.0244912711494234,16.749966237101464,0.6442704547678296,-0.0056715702802822,3,1,0.1,5.9350188114102425,0.5291259793079869,1,0.6437541664942555,0.27,0.3,1,10,1,1.6668963370412473,0.8,0.5291259793079869,0.5291259793079869,1,0.9,-2.227029119587576
0.3416725871945515,0.0173678665184475,15.46334527292007,0.3420266076711844,-0.0053243181005118,3,1,0.1,5.848877345110152,0.7866596269353239,1,0.5515184745230591,0.27,0.3,1,10,1,2.616616191562013,0.8,0.7866596269353239,0.7866596269353239,1,0.9,-3.821486771632889
0.4285268840081411,0.0344610984331031,36.8985672639652,0.4033919298438949,-0.0127292362062228,3,1,0.1,5.022624972686523,0.6935191294773436,1,0.9800082993154676,0.27,0.3,1,10,1,4.607623209970658,0.8,0.6935191294773436,0.6935191294773436,1,0.9,-3.4105593853627605
0.4897018727435379,0.0308841572285566,36.72185838526062,0.6652414109831918,-0.0122257957274589,3,1,0.1,2.835994183137795,0.4797746451927374,1,0.787737016332225,0.27,0.3,1,10,1,3.281454158876084,0.8,0.4797746451927374,0.4797746451927374,1,0.9,-2.642241461886523
0.442410422257486,0.0188839764972294,76.00032169478747,0.5932060478059106,-0.0079700824626662,3,1,0.1,3.7834296668270944,0.4977317104590035,1,0.5037184147960608,0.27,0.3,1,10,1,4.436411874045655,0.8,0.4977317104590035,0.4977317104590035,1,0.9,-2.39396508228628
0.388454904927842,0.0291983834990105,20.5878750890963,0.3586732546458183,-0.0097386741847486,3,1,0.1,5.77259667499291,0.7655418769675368,1,0.8399441219204757,0.27,0.3,1,10,1,3.41470805657052,0.8,0.7655418769675368,0.7655418769675368,1,0.9,-3.6952635205114
0.3327758615335637,0.0263678273986291,10.747121572356228,0.5907023889763361,-0.0026519673518944,3,1,0.1,2.6556207716591445,0.6081384387474992,1,0.9485121877505334,0.27,0.3,1,10,1,1.2447390891801209,0.8,0.6081384387474992,0.6081384387474992,1,0.9,-4.353184751893237
0.4610657965092078,0.0165069132729911,12.336129359894784,2.572724381130582,0.1192178817811142,3,1,0.1,4.590426436495187,0.1499904743181513,1,0.7747115509760953,0.27,0.3,1,10,1,1.0906793559094845,0.8,0.1499904743181513,0.1499904743181513,1,0.9,-0.5412322242582341
0.4410304169858854,0.0279032634499769,32.23453891832185,0.5335303326372689,-0.0107460550680293,3,1,0.1,3.071508684801717,0.5636682533238787,1,0.7403915166125367,0.27,0.3,1,10,1,3.321241023984865,0.8,0.5636682533238787,0.5636682533238787,1,0.9,-3.2859400063373387
0.3015169008160749,0.0178375341355761,8.294376023940151,0.3334310072854041,-0.0038186721731986,3,1,0.1,6.886288636857259,0.8769924850500197,1,0.6130297495631032,0.27,0.3,1,10,1,1.622314583087243,0.8,0.8769924850500197,0.8769924850500197,1,0.9,-4.1592680964965965
0.3593796228102459,0.0302906460145812,9.262014817296723,0.4113604600868351,-0.0073890409220622,3,1,0.1,3.5591229497566417,0.7557944968388576,1,0.9995378894717896,0.27,0.3,1,10,1,1.7317927664449355,0.8,0.7557944968388576,0.7557944968388576,1,0.9,-4.993617468635941
0.580318209255122,0.0392766070447018,53.15577382807317,0.8208749387121159,-0.0161380330963169,3,1,0.1,3.144825056593144,0.3953505068582301,1,0.9695912349696992,0.27,0.3,1,10,1,4.255879787547167,0.8,0.3953505068582301,0.3953505068582301,1,0.9,-1.864862978761634
0.4277985307047363,0.0252880041375327,53.73514258938863,0.4810233089770181,-0.0101358237426123,3,1,0.1,5.1818899484428975,0.5932016739392479,1,0.6585327642767425,0.27,0.3,1,10,1,4.652822398857097,0.8,0.5932016739392479,0.5932016739392479,1,0.9,-2.6980041680063938
0.3564962965566206,0.0188811394946301,18.513715039878644,0.3715427479043456,-0.0061442036754693,3,1,0.1,5.302367904818091,0.7340880394068929,1,0.5684917003699109,0.27,0.3,1,10,1,2.785385348345065,0.8,0.7340880394068929,0.7340880394068929,1,0.9,-3.614625435237373
0.3317201961962457,0.0152679358596516,27.91659308452169,0.2431994534084308,-0.0044227139640237,3,1,0.1,9.151935223110351,0.9976334810087406,1,0.6757129172677859,0.27,0.3,1,10,1,4.881456583114098,0.8,0.9976334810087406,0.9976334810087406,1,0.9,-4.459804318606592
0.3796494333425486,0.0329570934400662,15.917517851053551,0.3195486910272161,-0.0101535834597495,3,1,0.1,26.252078423784106,0.8534376660290033,1,0.9354833201148444,0.27,0.3,1,10,1,3.2552670273483777,0.8,0.8534376660290033,0.8534376660290033,1,0.9,-3.078296792066072
0.3081157497025903,0.0272478481720518,9.367512758234966,0.5656854875888382,-0.0016349372771227,3,1,0.1,5.310758408616812,0.6447728951993066,1,0.909944177012602,0.27,0.3,1,10,1,1.1489873666973809,0.8,0.6447728951993066,0.6447728951993066,1,0.9,-2.998750827675318
0.3439794993110373,0.0273573537246704,9.647363334152924,0.4498774448995766,-0.0059236399689137,3,1,0.1,3.8013942904199993,0.715595044593991,1,0.8751195602843651,0.27,0.3,1,10,1,1.555935925199616,0.8,0.715595044593991,0.715595044593991,1,0.9,-4.253716102625369
0.3964203832735986,0.0201302168893649,46.91330864200808,0.438752929773627,-0.0077980366580658,3,1,0.1,10.454800642094558,0.6262312370558102,1,0.5402295985697406,0.27,0.3,1,10,1,4.334834348881438,0.8,0.6262312370558102,0.6262312370558102,1,0.9,-2.426587350895945
0.526058591307297,0.0244253688841295,28.10249449204282,1.191195778883621,0.0017316948922999,3,1,0.1,3.998794807047872,0.2814891250338835,1,0.6272502085387501,0.27,0.3,1,10,1,2.091351328994369,0.8,0.2814891250338835,0.2814891250338835,1,0.9,-1.1227026540469769
0.3411487348398845,0.0123126540818513,38.83257736718594,0.2972591669430528,-0.0041041993388437,3,1,0.1,6.009562815439907,0.8235094380552574,1,0.5080679424313396,0.27,0.3,1,10,1,4.941654840270845,0.8,0.8235094380552574,0.8235094380552574,1,0.9,-4.035292166684786
0.4702450233273771,0.0251996321563424,47.41068549122928,0.6699134440598032,-0.0101651512514812,3,1,0.1,3.853262635111912,0.4706674308202205,1,0.61295078402834,0.27,0.3,1,10,1,3.486376972848088,0.8,0.4706674308202205,0.4706674308202205,1,0.9,-2.194288923434227
0.3598667405141187,0.0257655059292513,16.16502504411825,0.2903595975723224,-0.0076750623857004,3,1,0.1,5.6144042546285045,0.9026017892578146,1,0.8577041453452188,0.27,0.3,1,10,1,3.340468893063353,0.8,0.9026017892578146,0.9026017892578146,1,0.9,-4.814794499507723
0.3488662089245106,0.0253302105423986,10.710109950572976,0.309420886007526,-0.0069975342128158,3,1,0.1,4.926136708723742,0.8872724802616868,1,0.8272412995183378,0.27,0.3,1,10,1,2.409206048628179,0.8,0.8872724802616868,0.8872724802616868,1,0.9,-5.101633061444902
0.0159667518099697,0.0011752285931354,8.62656888966001,0.4919974627305326,0.0119106635001533,3,1,0.1,109.36728559085756,0.971317276152536,1,0.6365737408226684,0.27,0.3,1,10,1,0.1617594770168411,0.8,0.971317276152536,0.971317276152536,1,0.9,-3.306239105780998
0.3936011781100823,0.0330251295188026,18.3595068959476,0.3543747046603449,-0.0107960081967503,3,1,0.1,8.641465559900396,0.7831145332311837,1,0.9256261193779564,0.27,0.3,1,10,1,3.310944454934864,0.8,0.7831145332311837,0.7831145332311837,1,0.9,-3.310370961168223
0.5827914862924723,0.0326938157750404,81.02771817232617,0.8572518985222407,-0.0134403444214112,3,1,0.1,2.2369479864307764,0.3743465040537075,1,0.8526181877601393,0.27,0.3,1,10,1,4.886370113708203,0.8,0.3743465040537075,0.3743465040537075,1,0.9,-2.047207816542965
0.0217769239902887,0.0011091130783893,28.65581855074536,1.299741476529566,0.0284811810936103,3,1,0.1,2.0280611451459643,0.3902227573104384,1,0.5209390801650473,0.27,0.3,1,10,1,0.1880285597567178,0.8,0.3902227573104384,0.3902227573104384,1,0.9,-2.360525905557748
0.3519117923704273,0.0221879174156817,20.12794856754048,0.2713952734667538,-0.0066006304231708,3,1,0.1,4.774038434954325,0.9345561479239428,1,0.8224678051230436,0.27,0.3,1,10,1,3.904305369331608,0.8,0.9345561479239428,0.9345561479239428,1,0.9,-5.7345494965640444
0.1679167271406446,0.0105925406092445,7.079008749660271,0.3927370281194562,0.0027075522658222,3,1,0.1,8.948151090819778,0.9578811894213152,1,0.6227793944999721,0.27,0.3,1,10,1,0.7006571122475336,0.8,0.9578811894213152,0.9578811894213152,1,0.9,-4.255993017011945
0.0285199040683194,0.0031724105057042,7.8897716072347714,0.5816027617264026,0.0213347761546596,3,1,0.1,46.21036693064534,0.8430112581013788,1,0.9676858700636138,0.27,0.3,1,10,1,0.2144018854927999,0.8,0.8430112581013788,0.8430112581013788,1,0.9,-2.9349697213088453
0.4333448503088788,0.0240162860889061,54.110625605791945,0.4978910501198336,-0.009706577206774,3,1,0.1,2.8376294960108988,0.575391491592951,1,0.6767890002687528,0.27,0.3,1,10,1,4.482219514160567,0.8,0.575391491592951,0.575391491592951,1,0.9,-3.640343309142068
0.1438285420595392,0.009109963058155,7.111718343838092,0.3998018409606998,0.0038381415471102,3,1,0.1,6.016252682669008,0.980604254969852,1,0.6526268247047541,0.27,0.3,1,10,1,0.609899914367906,0.8,0.980604254969852,0.980604254969852,1,0.9,-5.274753517321408
0.3219940821497489,0.0160417386123049,11.214640768138525,0.3100167310895061,-0.0043627539938973,3,1,0.1,5.613636729613671,0.8687548045240951,1,0.5559522805782258,0.27,0.3,1,10,1,2.247398590593001,0.8,0.8687548045240951,0.8687548045240951,1,0.9,-4.53256797881511
6.488085727278316e-05,3.8128964257526942e-06,15.524917401383526,0.7203507732805791,0.0156562064128132,3,1,0.1,3.565070354043565,0.688494812451661,1,0.535207662251967,0.27,0.3,1,10,1,0.0101069227304093,0.8,0.688494812451661,0.688494812451661,1,0.9,-4.1773961474937
0.612914784044149,0.0310904260245845,22.47121273841613,1.3268539920203353,0.0125198961186223,3,1,0.1,2.997005768356767,0.2341056432246377,1,0.8825389092151099,0.27,0.3,1,10,1,2.3769127741319744,0.8,0.2341056432246377,0.2341056432246377,1,0.9,-0.95428380428001
0.4945299081742855,0.0353283671368624,53.04759431111195,0.5636182194510586,-0.0147143565037728,3,1,0.1,2.717005666380253,0.5377105676867142,1,0.968570405445638,0.27,0.3,1,10,1,4.665899275574091,0.8,0.5377105676867142,0.5377105676867142,1,0.9,-3.3301762732682505
0.2036520660057543,0.0204523142080694,7.452052933090328,0.5230145929947525,0.0057350852710122,3,1,0.1,14.42130687389344,0.7649850417907118,1,0.9421135480474424,0.27,0.3,1,10,1,0.7537160224321983,0.8,0.7649850417907118,0.7649850417907118,1,0.9,-2.910147107665237
0.3739718330970643,0.0229190150770949,31.526481162254964,0.3477067490315126,-0.0079389164849132,3,1,0.1,39.216520367828494,0.7601215805576083,1,0.6504799995728696,0.27,0.3,1,10,1,4.266496241110264,0.8,0.7601215805576083,0.7601215805576083,1,0.9,-2.653758191958161
0.1523853448495989,0.0090553697055002,9.044940514527374,0.467670699203019,0.0041734703808695,3,1,0.1,6.675296323102371,0.8390565618487883,1,0.5684200059290674,0.27,0.3,1,10,1,0.6377443839570102,0.8,0.8390565618487883,0.8390565618487883,1,0.9,-3.957572116652656
0.2729249859019609,0.0195399753368642,15.06230391651176,0.8235871687631486,0.0049070443840419,3,1,0.1,88.59577677906417,0.4816645442686257,1,0.6087622555784605,0.27,0.3,1,10,1,0.9781095603301776,0.8,0.4816645442686257,0.4816645442686257,1,0.9,-1.6261773948072769
0.4722458613186758,0.0204134994252045,31.98622287806244,0.9503433583544656,-0.0038544117472381,3,1,0.1,1.628896221700722,0.3654905569198284,1,0.6614677734227451,0.27,0.3,1,10,1,1.989582089054892,0.8,0.3654905569198284,0.3654905569198284,1,0.9,-2.557049150111672
0.3353701567702016,0.0165311581967922,13.719512645478666,0.3552960309733122,-0.0048347555886866,3,1,0.1,3.851548017744717,0.7738717903942559,1,0.553963002479311,0.27,0.3,1,10,1,2.2749249834591714,0.8,0.7738717903942559,0.7738717903942559,1,0.9,-4.856348996317968
0.3230310875108566,0.0130305701243496,15.264621570020994,0.2697233881900253,-0.0037433008004489,3,1,0.1,4.9683869077862415,0.9305229469424215,1,0.5246267758738691,0.27,0.3,1,10,1,3.0954605512298654,0.8,0.9305229469424215,0.9305229469424215,1,0.9,-5.509382082792727
0.4236203028129108,0.0303118462750691,34.69688906651539,0.4179941016238524,-0.0112915781744648,3,1,0.1,3.147064279272172,0.6699892633862198,1,0.8966879130902612,0.27,0.3,1,10,1,4.200578489528231,0.8,0.6699892633862198,0.6699892633862198,1,0.9,-4.437761205874236
0.272549676777244,0.0215955637074618,6.693457715070064,0.3692313230948622,-0.0023671461573599,3,1,0.1,9.424590478574734,0.8900049147084661,1,0.7870062429390683,0.27,0.3,1,10,1,1.179401455343371,0.8,0.8900049147084661,0.8900049147084661,1,0.9,-3.805131513127124
0.486978856982647,0.0341768189610826,37.01828683370552,0.5749410569201868,-0.0137320439448609,3,1,0.1,2.41882841652786,0.5343384417662106,1,0.9577257772630116,0.27,0.3,1,10,1,3.716666239350948,0.8,0.5343384417662106,0.5343384417662106,1,0.9,-3.675854121978655
0.5500566031954813,0.0370155579306787,48.315546346484375,0.7521392695682013,-0.0153720286947477,3,1,0.1,2.914138424459753,0.4302314309174008,1,0.9288761398494054,0.27,0.3,1,10,1,3.9948454425040754,0.8,0.4302314309174008,0.4302314309174008,1,0.9,-2.187748624808369
0.4268153273873325,0.0314182306480736,25.52191231148645,0.4574478820249444,-0.0115237991729907,3,1,0.1,3.804917977057697,0.6383921574195922,1,0.8485994909326895,0.27,0.3,1,10,1,3.338549216176549,0.8,0.6383921574195922,0.6383921574195922,1,0.9,-3.4970151289681617
0.4189694380370754,0.0257574500340382,29.04214770611297,0.5006512353843074,-0.0096382386007552,3,1,0.1,3.997756364447431,0.5904570296242067,1,0.6716361480840947,0.27,0.3,1,10,1,3.16768506925974,0.8,0.5904570296242067,0.5904570296242067,1,0.9,-3.0031582191469743
0.2504752547809458,0.0212415705503223,5.716059297009017,0.3479901614815194,-0.00096227253145,3,1,0.1,4.962872976523966,0.9800642010665952,1,0.9854688276163376,0.27,0.3,1,10,1,1.0202675542136654,0.8,0.9800642010665952,0.9800642010665952,1,0.9,-6.058584245560602
0.0036035969995178,0.0002188112236233,11.547234540548889,0.5750928920341464,0.012222345052953,3,1,0.1,53.13010127918292,0.8450060624700796,1,0.5107337171368944,0.27,0.3,1,10,1,0.0759153238944314,0.8,0.8450060624700796,0.8450060624700796,1,0.9,-2.9252439299304145
0.183147162431357,0.0159745031621013,7.933760224953092,0.5132501055116281,0.0060526193378789,3,1,0.1,3.958425689192665,0.7859730771771354,1,0.9181289041298676,0.27,0.3,1,10,1,0.6933180349005514,0.8,0.7859730771771354,0.7859730771771354,1,0.9,-4.881513842613058
0.0314768412135186,0.0022780849736007,8.510616446176913,0.4894313392122525,0.0111034079503615,3,1,0.1,7.836870594842566,0.960435992040656,1,0.6823227186248209,0.27,0.3,1,10,1,0.2311472846783232,0.8,0.960435992040656,0.960435992040656,1,0.9,-4.483565602076726
0.4536626994992718,0.0193766948976314,88.80748974436496,0.5940532110539946,-0.0082967614794606,3,1,0.1,2.253169746857716,0.4949939580044482,1,0.5652876045264463,0.27,0.3,1,10,1,4.872663307653824,0.8,0.4949939580044482,0.4949939580044482,1,0.9,-3.385302671272448
0.4704579460701158,0.0228195231501313,45.45177073007888,0.7467809429094705,-0.0086754379766912,3,1,0.1,4.497374972627052,0.4338076952515742,1,0.5503422251415893,0.27,0.3,1,10,1,3.045257633102472,0.8,0.4338076952515742,0.4338076952515742,1,0.9,-1.8660047567617093
0.4373866216846372,0.0141783333427929,29.906171308115493,1.427365822880455,0.0114260067469419,3,1,0.1,1.2429877105744225,0.2593648900225731,1,0.6479429838434481,0.27,0.3,1,10,1,1.352716920233873,0.8,0.2593648900225731,0.2593648900225731,1,0.9,-1.6848848700809196
0.3609306789228625,0.0227889658879972,16.730525854070123,0.3581415534841668,-0.0072617867648318,3,1,0.1,10.922132328055207,0.7669804383939754,1,0.638479151909984,0.27,0.3,1,10,1,2.823728921091192,0.8,0.7669804383939754,0.7669804383939754,1,0.9,-3.057597033015337
0.3113316998573645,0.0165634327259568,16.162582630132345,0.6187720045415795,-0.0016445203548412,3,1,0.1,2.630161956959353,0.561506343511897,1,0.5834344731539156,0.27,0.3,1,10,1,1.278370682913201,0.8,0.561506343511897,0.561506343511897,1,0.9,-3.7294809427529145
0.4484663568885216,0.0300970417328255,42.5944845741748,0.5395458951283134,-0.0121022536836188,3,1,0.1,13.911796325260983,0.5579675357609597,1,0.6821939771752241,0.27,0.3,1,10,1,4.008316544807986,0.8,0.5579675357609597,0.5579675357609597,1,0.9,-2.0519189693473106
0.2958298588018462,0.0136897542798962,8.307144052838675,0.2954019546805856,-0.0030800653588024,3,1,0.1,5.625115999360128,0.9381132072546507,1,0.5297559594148386,0.27,0.3,1,10,1,1.7757755397374138,0.8,0.9381132072546507,0.9381132072546507,1,0.9,-5.119044649007527
0.2782232988240447,0.0207188371103805,7.863816837298063,0.4134492318626521,-0.0022137353296716,3,1,0.1,5.395504003097788,0.8062821297670606,1,0.752082052485961,0.27,0.3,1,10,1,1.1828627873557909,0.8,0.8062821297670606,0.8062821297670606,1,0.9,-4.12642461405531
0.3395655042675144,0.0236149281697783,10.303355243965184,0.2697180458238258,-0.0062386951189695,3,1,0.1,4.881843925614767,0.9820661451261676,1,0.8465425860101985,0.27,0.3,1,10,1,2.586883833769862,0.8,0.9820661451261676,0.9820661451261676,1,0.9,-6.169413490742464
0.3740238012943351,0.0267237237626824,26.56073517617332,0.2951707975180401,-0.0084718957191775,3,1,0.1,4.144282866594791,0.8729511670500313,1,0.9637917819392764,0.27,0.3,1,10,1,4.446149359281103,0.8,0.8729511670500313,0.8729511670500313,1,0.9,-5.722315081753928
0.497618499780549,0.0223634603488242,90.76590963490558,0.7131962709426075,-0.0096007112176322,3,1,0.1,2.183322085806332,0.4367155226941031,1,0.6112421905041818,0.27,0.3,1,10,1,4.665631260280888,0.8,0.4367155226941031,0.4367155226941031,1,0.9,-2.729751561557751
0.3052763979771465,0.0270081076966515,8.046894433142779,0.4662967451777463,-0.0030696730159144,3,1,0.1,4.93076704291877,0.7411109844961757,1,0.945611531632956,0.27,0.3,1,10,1,1.2134893125646196,0.8,0.7411109844961757,0.7411109844961757,1,0.9,-3.804712786619545
0.0014565144607193,8.829684285377364e-05,22.03553416178111,1.5242368068867802,0.0448354658345991,3,1,0.1,1.629090233240387,0.3592636881058786,1,0.7070762107452753,0.27,0.3,1,10,1,0.0454336393676134,0.8,0.3592636881058786,0.3592636881058786,1,0.9,-2.4669820724357114
0.4773490037523299,0.0353268769499831,27.00374959155526,0.5744902355785408,-0.0135089145312216,3,1,0.1,2.703384231127893,0.5431673281059823,1,0.973970184918978,0.27,0.3,1,10,1,3.11816779684539,0.8,0.5431673281059823,0.5431673281059823,1,0.9,-3.408533729533363
0.3791699850055021,0.0238722811801841,27.01764342612004,0.3418886680176551,-0.0081096058660598,3,1,0.1,3.3507062692909693,0.7726907095892236,1,0.7853387993673073,0.27,0.3,1,10,1,3.9707177962989775,0.8,0.7726907095892236,0.7726907095892236,1,0.9,-5.5759236213873775
0.6180684171089135,0.0229754390837801,66.00399738146096,1.1397613439662069,-0.0019008698227526,3,1,0.1,1.6677746023675175,0.2648953831615633,1,0.6935501039337924,0.27,0.3,1,10,1,3.697229509018871,0.8,0.2648953831615633,0.2648953831615633,1,0.9,-1.402914952254941
0.3989357588404001,0.0217791749684855,44.17042671448013,0.4314916682711804,-0.0083560357191846,3,1,0.1,8.14329288224153,0.638266012388412,1,0.5853547251932446,0.27,0.3,1,10,1,4.330557301416247,0.8,0.638266012388412,0.638266012388412,1,0.9,-2.603738485055016
0.2924302807578488,0.017043279424444,8.873462544180171,0.3803277944443624,-0.003056979004629,3,1,0.1,4.044652215218016,0.8101424620319952,1,0.6218164684724715,0.27,0.3,1,10,1,1.4099192656889683,0.8,0.8101424620319952,0.8101424620319952,1,0.9,-5.070037261729965
0.4714052822669058,0.0154368528861462,48.41694762356795,0.9622616995230808,-0.0033306541770865,3,1,0.1,1.6681935602827462,0.3508835306412792,1,0.5109206196258923,0.27,0.3,1,10,1,2.229106603805814,0.8,0.3508835306412792,0.3508835306412792,1,0.9,-2.29690226303918
0.1967674611500505,0.009875798120619,23.585074678854703,1.1804055292203848,0.0162154464416467,3,1,0.1,1.794097456716876,0.3769242994551117,1,0.6098005478943886,0.27,0.3,1,10,1,0.6818093765892468,0.8,0.3769242994551117,0.3769242994551117,1,0.9,-2.464587205387888
0.3812546184244914,0.0282828909630904,24.003338732710684,0.317338386754404,-0.0091784121983033,3,1,0.1,4.612291002288265,0.8311168055927934,1,0.9272877674773888,0.27,0.3,1,10,1,4.040835592835322,0.8,0.8311168055927934,0.8311168055927934,1,0.9,-4.780304398095695
0.2692889393874064,0.0205199600485386,6.01743620152621,0.3278864544894889,-0.0024521846673247,3,1,0.1,8.555644765514554,0.9740955735935842,1,0.7941426352848684,0.27,0.3,1,10,1,1.2070046904003748,0.8,0.9740955735935842,0.9740955735935842,1,0.9,-4.421635397691554
0.8938870205477134,0.0083678214156885,58.6534987972008,1.3626042955257651,0.2510934908946092,3,1,0.1,1.194898507799789,0.0828749970488032,1,0.9647441716632948,0.27,0.3,1,10,1,4.892329479798733,0.8,0.0828749970488032,0.0828749970488032,1,0.9,-0.3295885680014301
0.3340850572425342,0.0139403954172308,31.177702370394723,0.2601325906710955,-0.004245681098488,3,1,0.1,6.821229533180845,0.9339331033944948,1,0.6099743514484097,0.27,0.3,1,10,1,4.913364055222813,0.8,0.9339331033944948,0.9339331033944948,1,0.9,-4.574537055495049
0.4486982183422166,0.0315452589645088,22.55514527633765,0.578311461932345,-0.0113003236261607,3,1,0.1,3.1057250032088404,0.5463188205555057,1,0.8356077590114257,0.27,0.3,1,10,1,2.632930055004703,0.8,0.5463188205555057,0.5463188205555057,1,0.9,-3.088901411572913
0.0431452760626186,0.0028977510068485,17.492118549142276,0.9012906733846392,0.0213615294065232,3,1,0.1,2.6283041033075096,0.54203338041434,1,0.6229348072753998,0.27,0.3,1,10,1,0.2715879629501793,0.8,0.54203338041434,0.54203338041434,1,0.9,-3.482621542295244
0.4294870838279256,0.0294945859351163,18.3739652731461,0.6611660972361888,-0.0086830337146535,3,1,0.1,3.363807685500407,0.5084513021226671,1,0.7849148273086699,0.27,0.3,1,10,1,1.997920322381044,0.8,0.5084513021226671,0.5084513021226671,1,0.9,-2.6182842779510382
0.3722165217108761,0.02415550134597,28.15223363726278,0.3144185398424291,-0.0079457223332767,3,1,0.1,4.383842280639825,0.824515304311452,1,0.817728870331036,0.27,0.3,1,10,1,4.332828017003849,0.8,0.824515304311452,0.824515304311452,1,0.9,-4.897810807244234
0.4210701374195266,0.0265582462771258,19.76731136233703,0.8182595650648741,-0.0052922670370384,3,1,0.1,4.839818613001154,0.4352686998358835,1,0.6788518783680003,0.27,0.3,1,10,1,1.718618688127348,0.8,0.4352686998358835,0.4352686998358835,1,0.9,-1.8362238347641249
0.3099800102873202,0.0230875543884151,7.42065378573933,0.3395244800634282,-0.0046795414754248,3,1,0.1,6.522867424934216,0.8885505670331503,1,0.7794719247247541,0.27,0.3,1,10,1,1.5559180076647583,0.8,0.8885505670331503,0.8885505670331503,1,0.9,-4.341903387817016
0.3379171887719732,0.0251882846389808,8.698127865196088,0.3115197474225182,-0.006347769755443,3,1,0.1,4.537313269224264,0.9061025731002182,1,0.8580024036203975,0.27,0.3,1,10,1,2.036174148871748,0.8,0.9061025731002182,0.9061025731002182,1,0.9,-5.655724015030619
0.4273699761057754,0.0318893517331771,34.636309623479875,0.4180843076717,-0.0118755185418802,3,1,0.1,3.488704023904348,0.672424007990827,1,0.9274944461791056,0.27,0.3,1,10,1,4.254872922778967,0.8,0.672424007990827,0.672424007990827,1,0.9,-4.073328147413736
0.0352315602354217,0.0025537133486643,9.96887129493243,0.5567545109837061,0.0127486339289684,3,1,0.1,8.22392074602654,0.8460388602213273,1,0.6371193911834474,0.27,0.3,1,10,1,0.2462605446870266,0.8,0.8460388602213273,0.8460388602213273,1,0.9,-3.710904378821231
0.3435298841269661,0.0325795332476687,7.550976010060353,0.3493134276513427,-0.0075834764431671,3,1,0.1,31.23219364691074,0.8677706719536162,1,0.9681339971144942,0.27,0.3,1,10,1,1.7577864409785398,0.8,0.8677706719536162,0.8677706719536162,1,0.9,-3.093095805010072
0.4509671581676997,0.0280935458831023,24.31234116431056,0.755889626338179,-0.0087159449352345,3,1,0.1,6.736429430669153,0.4494392302074692,1,0.6547939753899334,0.27,0.3,1,10,1,2.20651817860272,0.8,0.4494392302074692,0.4494392302074692,1,0.9,-1.7743525424621982
0.2702426882813516,0.0235024102018227,9.9163885190434,0.6226741269685063,0.002250907921631,3,1,0.1,5.840644752363809,0.6185704870082308,1,0.8455134156849746,0.27,0.3,1,10,1,0.9715596961969768,0.8,0.6185704870082308,0.6185704870082308,1,0.9,-2.73868000965925
0.5756110947571169,0.0132597992293345,102.12636975585224,1.1349993566568248,-0.0011104251485703,3,1,0.1,1.2232355583499532,0.2686673478592298,1,0.5049215670475541,0.27,0.3,1,10,1,3.4105012789235905,0.8,0.2686673478592298,0.2686673478592298,1,0.9,-1.836987030297461
0.3943533391530323,0.0235227384248786,27.448793866989405,0.4446440670112686,-0.0085680474836216,3,1,0.1,9.33106688664106,0.6404049579724156,1,0.6004822048669107,0.27,0.3,1,10,1,3.260737382377604,0.8,0.6404049579724156,0.6404049579724156,1,0.9,-2.541713518640882
0.274304736728006,0.0150979655261278,11.940437262551653,0.5006804112530376,-0.0012432879497108,3,1,0.1,4.89394626099436,0.6743217289188068,1,0.5420218080888182,0.27,0.3,1,10,1,1.1728299173966898,0.8,0.6743217289188068,0.6743217289188068,1,0.9,-3.3128199450318565
0.3035751919179034,0.0148799381803453,8.61004032685937,0.2978710525587017,-0.0034825793619249,3,1,0.1,4.142975074254368,0.926762048953488,1,0.5761158151417297,0.27,0.3,1,10,1,1.852954374804276,0.8,0.926762048953488,0.926762048953488,1,0.9,-6.462161643350802
0.3274521572759859,0.0235229905243805,10.147829001833331,0.4653143324203581,-0.0044696175346548,3,1,0.1,3.1542314042220823,0.7004639347666486,1,0.7921601445781631,0.27,0.3,1,10,1,1.4447484465932257,0.8,0.7004639347666486,0.7004639347666486,1,0.9,-4.845819023265997
0.0709414536874115,0.0040239784413007,12.724954363291022,0.6097846710730642,0.0098070932569471,3,1,0.1,3.2579268008684554,0.7393358626271237,1,0.5583977259337426,0.27,0.3,1,10,1,0.3691001103647414,0.8,0.7393358626271237,0.7393358626271237,1,0.9,-5.238097469628161
0.4682620352019775,0.024478506548743,26.09159356149843,0.8637272855663283,-0.0059280449081129,3,1,0.1,1.880575996480276,0.4018234151039588,1,0.7419394567373876,0.27,0.3,1,10,1,2.003227563617258,0.8,0.4018234151039588,0.4018234151039588,1,0.9,-2.67115257354701
0.388378776860964,0.0220479450825827,19.26822358259609,0.6853136233265504,-0.0049262759857362,3,1,0.1,2.3125753054725,0.4996079509892563,1,0.6789467253067334,0.27,0.3,1,10,1,1.6709168547205522,0.8,0.4996079509892563,0.4996079509892563,1,0.9,-3.35820664831391
0.3979386374483892,0.0245577253623019,22.336313304050428,0.4719967574153874,-0.0086145168863735,3,1,0.1,4.307740633810834,0.6230979443452158,1,0.6558711044360686,0.27,0.3,1,10,1,2.754696199705045,0.8,0.6230979443452158,0.6230979443452158,1,0.9,-3.1351199626596014
0.1410202243390035,0.0100728032632265,15.669090905800095,1.3538333081321787,0.0358388178768222,3,1,0.1,2.196157804925686,0.3659611854489531,1,0.8461845413012874,0.27,0.3,1,10,1,0.5045117461889105,0.8,0.3659611854489531,0.3659611854489531,1,0.9,-1.9959259661195696
0.7766405000174713,0.0212403044367332,35.087008206060844,1.5108443339797044,0.0989992062390216,3,1,0.1,2.0610798520605944,0.1349743783602969,1,0.8996497301053163,0.27,0.3,1,10,1,3.6611353052958218,0.8,0.1349743783602969,0.1349743783602969,1,0.9,-0.5310628582529606
0.3166636325342056,0.0208655195421278,11.42371175347054,0.503689341441695,-0.0034267312083245,3,1,0.1,3.4536000449879483,0.6605185898836583,1,0.6895830724168972,0.27,0.3,1,10,1,1.368850625165099,0.8,0.6605185898836583,0.6605185898836583,1,0.9,-3.9761189391983898
0.3595259138832185,0.0241920666953955,25.50870789185689,0.2658368504367581,-0.0072545525073801,3,1,0.1,4.373681394350103,0.9462686648859674,1,0.9591033003745214,0.27,0.3,1,10,1,4.5847972487311415,0.8,0.9462686648859674,0.9462686648859674,1,0.9,-6.369976121567232
0.2100293069685201,0.0113010945031479,11.139867173364326,0.5127656989521816,0.0020082011838886,3,1,0.1,3.1176468650831697,0.7176776539511621,1,0.5639061774652688,0.27,0.3,1,10,1,0.8439162774568716,0.8,0.7176776539511621,0.7176776539511621,1,0.9,-5.168315230028358
0.3014825689363226,0.026147175114768,6.013905513537746,0.3190084367944021,-0.004413034190708,3,1,0.1,7.494120590601939,0.9705203345253008,1,0.9663905875564116,0.27,0.3,1,10,1,1.4052670891001635,0.8,0.9705203345253008,0.9705203345253008,1,0.9,-4.635940144736381
0.3282971228876095,0.0164067744399245,15.255451586199072,0.252271170286063,-0.004566772365879,3,1,0.1,6.302839973406313,0.9924429474723288,1,0.6415376398889634,0.27,0.3,1,10,1,3.354908993150334,0.8,0.9924429474723288,0.9924429474723288,1,0.9,-5.229487346016577
0.3985209520865066,0.0248599416253946,17.38576870592411,0.6516739106674105,-0.0061040844375647,3,1,0.1,2.257443085731237,0.5202673640235261,1,0.765695049219786,0.27,0.3,1,10,1,1.7325541997725025,0.8,0.5202673640235261,0.5202673640235261,1,0.9,-3.751764351452654
0.2581931454814083,0.0184800746899326,7.481236832907498,0.4051945021580624,-0.0010282498396467,3,1,0.1,3.662464962762272,0.8393188253991739,1,0.7791224852619041,0.27,0.3,1,10,1,1.067280058900505,0.8,0.8393188253991739,0.8393188253991739,1,0.9,-6.013062815429331
0.4920388748624008,0.0246635046747194,52.12047225662157,0.7059861418421052,-0.0099801685677453,3,1,0.1,1.9962498255816363,0.4485224570768402,1,0.6887571501440342,0.27,0.3,1,10,1,3.5487863999016565,0.8,0.4485224570768402,0.4485224570768402,1,0.9,-3.1426250524493917
0.3012118838999993,0.0248806678070274,6.139270362690391,0.3014442692604963,-0.0046442362124593,3,1,0.1,115.35989001036208,0.9951907448904516,1,0.8228684162240271,0.27,0.3,1,10,1,1.5210656389329476,0.8,0.9951907448904516,0.9951907448904516,1,0.9,-3.385449142891897
0.4413149481410365,0.0184918690360677,47.3713531162958,0.6645040775433485,-0.0071280713113076,3,1,0.1,2.761330669464237,0.4674549202808454,1,0.511723983525937,0.27,0.3,1,10,1,3.04894947087462,0.8,0.4674549202808454,0.4674549202808454,1,0.9,-2.5755131075069237
0.1573783818377387,0.0139860331647405,7.653425034206958,0.5047245613523577,0.0076383341777488,3,1,0.1,3.827601595116996,0.8232295944339242,1,0.9608356609898264,0.27,0.3,1,10,1,0.611977009662362,0.8,0.8232295944339242,0.8232295944339242,1,0.9,-5.508542039543531
0.4250687082257716,0.0268038217380008,23.504275351133337,0.5300479236863671,-0.0095638918952465,3,1,0.1,2.545142685494321,0.5750712095743956,1,0.7597061228833875,0.27,0.3,1,10,1,2.6823057707552995,0.8,0.5750712095743956,0.5750712095743956,1,0.9,-4.054478754818863
0.581011578159954,0.021179484701461,87.84858359474845,1.03859501725376,-0.0056632682625595,3,1,0.1,1.9129606807760795,0.3019497453550052,1,0.5960236098344965,0.27,0.3,1,10,1,4.042707608579822,0.8,0.3019497453550052,0.3019497453550052,1,0.9,-1.5933261641666867
0.3812311230796812,0.027670185375593,19.26775794875793,0.3344606425811903,-0.008938755622917,3,1,0.1,3.5522349721292903,0.8043479105145361,1,0.8981753881608004,0.27,0.3,1,10,1,3.401433756963228,0.8,0.8043479105145361,0.8043479105145361,1,0.9,-5.684599190645593
0.0029729620407074,0.0002565432329803,8.723407393552638,0.5521212100602124,0.0168319383222442,3,1,0.1,4.331828587154943,0.9026095129969076,1,0.8652100765772801,0.27,0.3,1,10,1,0.0673028979780888,0.8,0.9026095129969076,0.9026095129969076,1,0.9,-5.8556557626865215
0.6691839719918613,0.0160880172399953,74.70867969227588,1.315025632205624,0.0179242464070679,3,1,0.1,2.468164672147402,0.1857912165418488,1,0.5036832016906819,0.27,0.3,1,10,1,3.764307824238504,0.8,0.1857912165418488,0.1857912165418488,1,0.9,-0.7512559962390011
0.3737090756665489,0.0206480709112035,23.73638602466296,0.3795623321806818,-0.0071168272015962,3,1,0.1,3.4694047622456106,0.7139450998593904,1,0.6372710244502433,0.27,0.3,1,10,1,3.276220120999392,0.8,0.7139450998593904,0.7139450998593904,1,0.9,-4.577986130879032
0.3644273936593357,0.0241244908114157,14.975709942508868,0.4978629014305211,-0.0068969550812024,3,1,0.1,27.957982458593573,0.628154292078711,1,0.6045074901946473,0.27,0.3,1,10,1,1.9365630803336067,0.8,0.628154292078711,0.628154292078711,1,0.9,-2.209690350027933
0.6392569013827969,0.0254791092979033,76.10794342076768,1.1787186925443531,0.0012373870824323,3,1,0.1,3.694400680589197,0.2422815663443399,1,0.6230701847057499,0.27,0.3,1,10,1,4.40972534353228,0.8,0.2422815663443399,0.2422815663443399,1,0.9,-0.953513529410996
0.4282394522431771,0.0237876023922094,52.86306141029251,0.4835005318319461,-0.0095373933708055,3,1,0.1,2.868736458617074,0.5873842152365376,1,0.6780807520448552,0.27,0.3,1,10,1,4.503289076771522,0.8,0.5873842152365376,0.5873842152365376,1,0.9,-3.7491224035168553
0.4905545504606849,0.0290579279779671,68.83060387169027,0.6111855955662214,-0.0123991167056421,3,1,0.1,2.4767500649241017,0.4991978973784184,1,0.7794542235826756,0.27,0.3,1,10,1,4.80961879063802,0.8,0.4991978973784184,0.4991978973784184,1,0.9,-3.141338567336181
0.3220344418446492,0.0228732433172777,7.77350531739862,0.2995959957044223,-0.0053335421780317,3,1,0.1,5.373869323863882,0.9457349492902756,1,0.7965112684988163,0.27,0.3,1,10,1,1.8752335980424464,0.8,0.9457349492902756,0.9457349492902756,1,0.9,-5.348919274666248
0.3606526877565579,0.0269196257399268,13.87624125008139,0.2954894014632764,-0.007870162310248,3,1,0.1,5.150014097391477,0.9004593151274172,1,0.8904429975493089,0.27,0.3,1,10,1,3.0190110164039896,0.8,0.9004593151274172,0.9004593151274172,1,0.9,-5.06993094248862
0.8472340494983187,0.0012651780353115,161.20911899203054,1.5156134563156654,0.051988342532541,3,1,0.1,0.42000075958446,0.0779554789707183,1,0.7294798927638007,0.27,0.3,1,10,1,2.9578380195892,0.8,0.0779554789707183,0.0779554789707183,1,0.9,-0.458360941760235
0.4935494380713585,0.0256887617458856,73.99827631882356,0.6642139201720698,-0.0109914163439725,3,1,0.1,2.322049030813463,0.4659222621527304,1,0.6882676149855818,0.27,0.3,1,10,1,4.568786203810486,0.8,0.4659222621527304,0.4659222621527304,1,0.9,-2.9203360337072715
0.1157668704092166,0.0084324194555131,7.033918402901327,0.4223595909555738,0.0062379128329248,3,1,0.1,4.376029368032058,0.9878919293790016,1,0.7879996617173086,0.27,0.3,1,10,1,0.5066710014015342,0.8,0.9878919293790016,0.9878919293790016,1,0.9,-6.958236323000332
0.3387591524194777,0.025762275141957,9.249351519803415,0.2773359322162322,-0.006642814589572,3,1,0.1,9.73645503841633,0.977563585777491,1,0.8446016356753097,0.27,0.3,1,10,1,2.383853206746914,0.8,0.977563585777491,0.977563585777491,1,0.9,-4.25548831409527
0.4363294705347946,0.026277299239745,40.32477165226365,0.5048035948886865,-0.0103580757312121,3,1,0.1,2.8433599305459056,0.5783161001909378,1,0.7241974141923375,0.27,0.3,1,10,1,3.860355542240373,0.8,0.5783161001909378,0.5783161001909378,1,0.9,-3.6689192101008814
0.4480730861642424,0.0086776259349706,16.15313138489699,3.504795357479551,0.1442302086059568,3,1,0.1,1.1298192400468,0.1208215528087581,1,0.9624121108695428,0.27,0.3,1,10,1,0.960841994085745,0.8,0.1208215528087581,0.1208215528087581,1,0.9,-0.5366440513770492
0.3936698588102227,0.0265383193060743,22.74655974432519,0.4122134192085278,-0.0092935689753716,3,1,0.1,5.934077969432077,0.6858830446179462,1,0.7097065240125073,0.27,0.3,1,10,1,3.1909152875271807,0.8,0.6858830446179462,0.6858830446179462,1,0.9,-3.1305799546844284
0.3394774875248371,0.0165652693800537,15.54632580544985,0.328802472614626,-0.0050548617122361,3,1,0.1,4.382130965693901,0.806538244115329,1,0.5591400327256448,0.27,0.3,1,10,1,2.70237863876005,0.8,0.806538244115329,0.806538244115329,1,0.9,-4.712082160936889
0.4167458810332478,0.0177010652448499,13.051769482526156,2.2939548648653285,0.0835236712704754,3,1,0.1,3.431623503192248,0.1771847823064969,1,0.8024894788190211,0.27,0.3,1,10,1,1.0285610345530034,0.8,0.1771847823064969,0.1771847823064969,1,0.9,-0.6715183504718176
0.5624884881261754,0.02916600513661,78.77789996747153,0.8127572506049379,-0.0121702490944831,3,1,0.1,1.745836592639381,0.3934607920753319,1,0.8347549746262775,0.27,0.3,1,10,1,4.602879185834735,0.8,0.3934607920753319,0.3934607920753319,1,0.9,-2.766168444745576
0.3293502966501966,0.0248280951677058,7.927324338206478,0.2920025342756085,-0.0059735342763214,3,1,0.1,6.67986950820995,0.960259045785706,1,0.8403225305333891,0.27,0.3,1,10,1,2.0008709371056184,0.8,0.960259045785706,0.960259045785706,1,0.9,-4.816416697816155
0.720388978363718,0.01276802408485,90.00535311460874,1.378571852298344,0.0202835840400396,3,1,0.1,0.785631606932936,0.1728258324498828,1,0.8138465115370641,0.27,0.3,1,10,1,3.87960801131682,0.8,0.1728258324498828,0.1728258324498828,1,0.9,-1.183643798426152
0.1698392991032435,0.0155902755380136,8.164263061094323,0.5490451340003972,0.0082554734169966,3,1,0.1,4.248461905371186,0.7593036487253974,1,0.9500905414720986,0.27,0.3,1,10,1,0.6426029848394994,0.8,0.7593036487253974,0.7593036487253974,1,0.9,-4.341533876643375
0.3388242371204795,0.0169866374097171,14.914245066222223,0.3373912101085044,-0.0051413504260917,3,1,0.1,5.636661709160832,0.7960526909526802,1,0.5484670242168747,0.27,0.3,1,10,1,2.573121872726676,0.8,0.7960526909526802,0.7960526909526802,1,0.9,-3.957692345967868
0.3020405159629829,0.0276865282268,7.656827147911267,0.4473060954283266,-0.0034004231615404,3,1,0.1,12.13252609210948,0.7652624849297003,1,0.8928780674134698,0.27,0.3,1,10,1,1.2301573028546215,0.8,0.7652624849297003,0.7652624849297003,1,0.9,-2.991090676949585
0.3849832985189065,0.0260982157782395,19.96718373686324,0.3768240961183772,-0.008766611945711,3,1,0.1,3.72023232734762,0.7341556754741365,1,0.7779665593964642,0.27,0.3,1,10,1,3.13590708466228,0.8,0.7341556754741365,0.7341556754741365,1,0.9,-4.53571540308537
0.4113425751726172,0.031689598264231,15.684121521546489,0.4909279844834321,-0.0102300717919418,3,1,0.1,3.68570852224033,0.629603627612265,1,0.8747294173755786,0.27,0.3,1,10,1,2.3062571424915754,0.8,0.629603627612265,0.629603627612265,1,0.9,-3.4895793852575
0.33323231787469476,0.015218462281371095,21.02178354796938,0.26103335623236085,-0.004490999054981388,3,1,0.1,4.872394146361485,0.9463474858486024,1,0.6255592046275416,0.27,0.3,1,10,1,3.9396749219989546,0.8,0.9463474858486024,0.9463474858486024,1,0.9,-5.768950521994828
0.089327530005556,0.007530767510040816,8.99886952517908,0.5642592459416412,0.012405582554703764,3,1,0.1,4.542314388725459,0.7984593069769045,1,0.8080434211396967,0.27,0.3,1,10,1,0.41664583821235157,0.8,0.7984593069769045,0.7984593069769045,1,0.9,-4.5122865454883865
0.5174032465116892,0.02996686733875534,32.846441076133566,0.9358038532378745,-0.00887632630699818,3,1,0.1,14.948011684610819,0.3611968235391236,1,0.638225471360077,0.27,0.3,1,10,1,2.655425323612505,0.8,0.3611968235391236,0.3611968235391236,1,0.9,-1.2759282697242131
0.29017073859646453,0.015959518953904846,7.866347458909226,0.3262148007470955,-0.003130264037356302,3,1,0.1,5.510890092480101,0.900480849190415,1,0.5923769161448265,0.27,0.3,1,10,1,1.5233236973110902,0.8,0.900480849190415,0.900480849190415,1,0.9,-4.85121062847884
0.39371292276452574,0.017054068543328305,33.743777923463846,0.5061820807935768,-0.0063499586644641896,3,1,0.1,3.144917200785667,0.5686760114161441,1,0.5009153252069617,0.27,0.3,1,10,1,2.9849724446760866,0.8,0.5686760114161441,0.5686760114161441,1,0.9,-3.279120954036122
0.332666797569356,0.01599439899030894,25.01793134344823,0.24937891932675216,-0.004659923824114116,3,1,0.1,20.20396472579575,0.9820591999089634,1,0.6451888995459454,0.27,0.3,1,10,1,4.531661058297914,0.8,0.9820591999089634,0.9820591999089634,1,0.9,-3.692299958160283
0.3899142419948019,0.027322389485124433,14.448711376090975,0.5133114729295771,-0.007864373083608319,3,1,0.1,2.713825545714319,0.6169267020810645,1,0.8229553877352598,0.27,0.3,1,10,1,1.9439996956605434,0.8,0.6169267020810645,0.6169267020810645,1,0.9,-4.379377307906988
0.5192952435320446,0.015467569292529964,68.7979205623177,1.0040781799319323,-0.003855882691964672,3,1,0.1,1.5158119480728682,0.3245179163734827,1,0.5145715344940298,0.27,0.3,1,10,1,2.855987453276865,0.8,0.3245179163734827,0.3245179163734827,1,0.9,-2.161463576244275
0.15261174030942617,0.01552066697736752,8.073967242959254,0.5764163476004596,0.011011704746586257,3,1,0.1,22.45491346969067,0.7429372534094709,1,0.8939793143048224,0.27,0.3,1,10,1,0.5931129876346853,0.8,0.7429372534094709,0.7429372534094709,1,0.9,-2.6836341823565855
0.3470171837446059,0.025519833279334325,10.120882562645901,0.3047847913890947,-0.006900358996081102,3,1,0.1,4.650512108036204,0.902292504743637,1,0.8530677648485354,0.27,0.3,1,10,1,2.344958354830365,0.8,0.902292504743637,0.902292504743637,1,0.9,-5.495551539935225
0.31077887719449127,0.02331570609069702,7.9367951502458824,0.3617877410190141,-0.004774588207263379,3,1,0.1,14.822076631020572,0.8457176051203262,1,0.7213788772818273,0.27,0.3,1,10,1,1.5439890063760635,0.8,0.8457176051203262,0.8457176051203262,1,0.9,-3.2520167970792784
0.631418579307296,0.02603131096249624,46.45210093864674,1.252935660211189,0.008231297312475001,3,1,0.1,21.6301114079676,0.2250591044266356,1,0.585182414610746,0.27,0.3,1,10,1,3.4332449777908254,0.8,0.2250591044266356,0.2250591044266356,1,0.9,-0.7688635576301763
0.21214646987562408,0.010191526935615005,7.520727154604446,0.36592738326845325,0.0002255863805011891,3,1,0.1,8.56190497888705,0.9252427405849927,1,0.5012219988505157,0.27,0.3,1,10,1,0.92211150372771,0.8,0.9252427405849927,0.9252427405849927,1,0.9,-4.124022037014281
0.36273673777115656,0.019236575840788875,27.901333274535368,0.3301433668592328,-0.006483610810465355,3,1,0.1,4.009110698244663,0.7832579485481346,1,0.6487697184564448,0.27,0.3,1,10,1,3.996057265482312,0.8,0.7832579485481346,0.7832579485481346,1,0.9,-4.798158954128474
0.43520038526905597,0.011527921313033674,41.428106735609376,1.3330494642119735,0.0063954308304759585,3,1,0.1,1.2350820777870486,0.2694080415722879,1,0.5258661258995505,0.27,0.3,1,10,1,1.4623116603035988,0.8,0.2694080415722879,0.2694080415722879,1,0.9,-1.8288605208343647
0.39180176003263567,0.0333786892705223,12.074342066502302,0.5826353097301735,-0.008058315255068699,3,1,0.1,6.519417712997025,0.5848647162487204,1,0.8911827012231484,0.27,0.3,1,10,1,1.672340166524278,0.8,0.5848647162487204,0.5848647162487204,1,0.9,-2.4656803196649246
0.3775757154576187,0.026224767305991242,28.77261107908388,0.3083694662138524,-0.00855132331925382,3,1,0.1,3.872889977524147,0.8400074355042987,1,0.9252865040135039,0.27,0.3,1,10,1,4.504262832947438,0.8,0.8400074355042987,0.8400074355042987,1,0.9,-5.669059072667732
0.34898132365783363,0.022032630310946114,19.319921477794292,0.26288430731007423,-0.00642101689275666,3,1,0.1,4.9574923692435995,0.9605555881271944,1,0.8345885866117217,0.27,0.3,1,10,1,3.8914983765515494,0.8,0.9605555881271944,0.9605555881271944,1,0.9,-5.843892222465554
0.34020096318820714,0.022231093509396633,10.692579695748371,0.3127376446346712,-0.0060861576191696696,3,1,0.1,4.284260821518105,0.8765655078642,1,0.745203083205702,0.27,0.3,1,10,1,2.3106176990823735,0.8,0.8765655078642,0.8765655078642,1,0.9,-5.591087861515069
0.8285922345615919,0.010904467127664427,48.62076474865149,1.5317622090652814,0.1301489173525206,3,1,0.1,0.996564283121746,0.10571792630210244,1,0.9403745923899687,0.27,0.3,1,10,1,3.760601927519578,0.8,0.10571792630210244,0.10571792630210244,1,0.9,-0.4683123872699291
0.7946549971873773,0.019991338979854997,52.203295070956,1.4520974806206677,0.0889895015113257,3,1,0.1,1.4937364999177987,0.1352602331870115,1,0.9738822215699035,0.27,0.3,1,10,1,4.460573251464225,0.8,0.1352602331870115,0.1352602331870115,1,0.9,-0.5716496176321684
0.3200237434891108,0.015677652919095328,10.922942848088852,0.28614592460164634,-0.004207899224415383,3,1,0.1,5.192871645856769,0.921353339188733,1,0.573487315927076,0.27,0.3,1,10,1,2.3831936914970027,0.8,0.921353339188733,0.921353339188733,1,0.9,-5.240875714042244
0.5391839764365915,0.036243827589954834,48.87339938242615,0.7040851206461424,-0.015191221180586117,3,1,0.1,2.4647013010191925,0.4538539088356806,1,0.9650179574069246,0.27,0.3,1,10,1,4.070052186405676,0.8,0.4538539088356806,0.4538539088356806,1,0.9,-2.652550993311121
0.23576168711863982,0.019941986576411948,6.439489320172955,0.3987957236477078,0.0005392612310369413,3,1,0.1,4.348501493014901,0.8986283497867761,1,0.9497617624798926,0.27,0.3,1,10,1,0.9226311698458954,0.8,0.8986283497867761,0.8986283497867761,1,0.9,-5.784789614031436
0.033305040096749484,0.002955335599886315,9.928823372701657,0.6393685168302733,0.0188591642197245,3,1,0.1,4.121137989700447,0.7628159613946095,1,0.834609273366377,0.27,0.3,1,10,1,0.2335540429196561,0.8,0.7628159613946095,0.7628159613946095,1,0.9,-4.475801693365937
0.31861963370158203,0.01614239738118389,11.272484733429359,0.3447976840692894,-0.004287366474106062,3,1,0.1,17.99117038540299,0.8109950782135306,1,0.5070878815556517,0.27,0.3,1,10,1,2.0002044286865823,0.8,0.8109950782135306,0.8109950782135306,1,0.9,-3.021075410252573
0.3374207604422511,0.028654366898810246,7.9170254933508035,0.3409223352503242,-0.006756582605235272,3,1,0.1,8.498994482613206,0.8720558828267313,1,0.8966507062279907,0.27,0.3,1,10,1,1.7901808766091396,0.8,0.8720558828267313,0.8720558828267313,1,0.9,-3.8218707608702216
0.3880788518176155,0.029710812674448875,18.903262034736052,0.3851974543039264,-0.009954713195978385,3,1,0.1,31.641763346627073,0.733279910342489,1,0.7520515770626972,0.27,0.3,1,10,1,3.093507329620509,0.8,0.733279910342489,0.733279910342489,1,0.9,-2.583992331796675
0.3726040919305967,0.027505526684123628,13.080308880166314,0.48113446573177593,-0.007708815967884987,3,1,0.1,5.885154777595756,0.6523503335682439,1,0.7420721396713944,0.27,0.3,1,10,1,1.9117995667356626,0.8,0.6523503335682439,0.6523503335682439,1,0.9,-2.933134053897896
0.33510867129089017,0.02520261954643623,11.497514852278934,0.5652068411407414,-0.003835084421961486,3,1,0.1,3.940069253247786,0.6138506190792914,1,0.7836259687950529,0.27,0.3,1,10,1,1.3564941896887606,0.8,0.6138506190792914,0.6138506190792914,1,0.9,-3.2148510934142935
0.317920402480499,0.02702710855899026,6.786701783918922,0.32249822349671187,-0.005559594612529696,3,1,0.1,11.384921895884556,0.9319125704512246,1,0.8897731949627334,0.27,0.3,1,10,1,1.6069631777704423,0.8,0.9319125704512246,0.9319125704512246,1,0.9,-3.8397476758800737
0.3780243521483913,0.03162094080526481,12.311183678208208,0.4081285155858474,-0.009468243595358899,3,1,0.1,22.830240796793944,0.7314519168853181,1,0.8087840128260732,0.27,0.3,1,10,1,2.2501464513111626,0.8,0.7314519168853181,0.7314519168853181,1,0.9,-2.635170600451568
0.39875914373560173,0.02293095675191638,38.296987043217534,0.4071042288239787,-0.008553804596288574,3,1,0.1,3.177450996496965,0.6690023094808093,1,0.6940693841560344,0.27,0.3,1,10,1,4.218701221889243,0.8,0.6690023094808093,0.6690023094808093,1,0.9,-4.383531465130554
0.2504080896388252,0.020713930843928398,5.649716396828374,0.3373416302039188,-0.0012363134713541417,3,1,0.1,7.491317445886945,0.995698953177301,1,0.8934947659574451,0.27,0.3,1,10,1,1.0478022482034515,0.8,0.995698953177301,0.995698953177301,1,0.9,-4.811060522054918
0.18821820201540768,0.011697707827062113,15.899686219751926,1.6112315278348717,0.04138134475790535,3,1,0.1,1.7739550062155731,0.30672196413474895,1,0.9059662244848621,0.27,0.3,1,10,1,0.5885870802614455,0.8,0.30672196413474895,0.30672196413474895,1,0.9,-1.7138371939946229
0.2956209716803798,0.01781441961537617,7.152711598624615,0.3039755991402077,-0.0035492066366870903,3,1,0.1,4.522696507293555,0.9548148877772507,1,0.6826827020269868,0.27,0.3,1,10,1,1.5787507054846153,0.8,0.9548148877772507,0.9548148877772507,1,0.9,-6.272655822147634
0.3347512599237863,0.017936034853954487,13.425570395484174,0.3327995605348847,-0.005259533819159273,3,1,0.1,17.863808443298396,0.8147034071794744,1,0.5428271355566915,0.27,0.3,1,10,1,2.4506964125568538,0.8,0.8147034071794744,0.8147034071794744,1,0.9,-3.0390814400706567
0.7476145914331063,0.033457061920776104,28.147110995883622,1.456360628578229,0.07334324990030242,3,1,0.1,8.341103822693452,0.16171601948831343,1,0.9968616315959791,0.27,0.3,1,10,1,3.6936307681385165,0.8,0.16171601948831343,0.16171601948831343,1,0.9,-0.5645947043814026
0.2372147921307754,0.020704613179008194,6.787046951037549,0.4225969537597341,0.0006727130475520242,3,1,0.1,7.692943396451911,0.8554311675506043,1,0.872459008955742,0.27,0.3,1,10,1,0.9282972191801855,0.8,0.8554311675506043,0.8554311675506043,1,0.9,-3.850480331287769
0.3545466886449171,0.016243373848060072,31.265439578491893,0.3242348207916723,-0.005509160698091771,3,1,0.1,4.8762734597631106,0.7837522482052498,1,0.5684046353282332,0.27,0.3,1,10,1,4.215090914107264,0.8,0.7837522482052498,0.7837522482052498,1,0.9,-4.180221433359143
0.3622886753537715,0.01997770674729027,29.832450875126675,0.3111728475866344,-0.0066036941499688345,3,1,0.1,3.613187615374824,0.8197828005824992,1,0.7209777945241194,0.27,0.3,1,10,1,4.372929328736814,0.8,0.8197828005824992,0.8197828005824992,1,0.9,-5.806666783922865
0.8655023118540195,0.0019917585339242327,150.71739876603667,1.1785668239162241,0.06984830328602482,3,1,0.1,0.5279661780785335,0.08034063947979757,1,0.6219387360566517,0.27,0.3,1,10,1,3.674404235637762,0.8,0.08034063947979757,0.08034063947979757,1,0.9,-0.41523795040753875
0.1404709985745392,0.010518555379617685,8.649477202058119,0.4964069550373122,0.006516479611000786,3,1,0.1,26.797148645701764,0.8225214879543474,1,0.641287606788762,0.27,0.3,1,10,1,0.5885397505590353,0.8,0.8225214879543474,0.8225214879543474,1,0.9,-2.953250658499492
0.43218996808339805,0.03886745136430833,25.24723046721922,0.4171236953198952,-0.013992536599117618,3,1,0.1,13.260045989735557,0.6923662728756335,1,0.9913171709320462,0.27,0.3,1,10,1,3.767173532314586,0.8,0.6923662728756335,0.6923662728756335,1,0.9,-2.6280759605492268
0.21538968857104945,0.0102197082072055,11.458896492188556,0.49427804482105614,0.001268343423871498,3,1,0.1,3.2320529397155346,0.7242011972181626,1,0.5082966563912136,0.27,0.3,1,10,1,0.8843913693038694,0.8,0.7242011972181626,0.7242011972181626,1,0.9,-5.058964470780661
0.3829839024506309,0.023465977365167208,19.59974938681758,0.4892597660923222,-0.007788866254262095,3,1,0.1,19.785436873739982,0.6154188960718306,1,0.5765142111142811,0.27,0.3,1,10,1,2.396598774338466,0.8,0.6154188960718306,0.6154188960718306,1,0.9,-2.2119328642166467
0.35587285921118283,0.027358503037523213,19.04531385857309,0.25521151541793113,-0.00777966277536187,3,1,0.1,21.335001436714474,0.9990760567534194,1,0.9540737863156249,0.27,0.3,1,10,1,4.053057583977722,0.8,0.9990760567534194,0.9990760567534194,1,0.9,-3.738771933269386
0.358671763783855,0.02281978120069658,27.60756082572957,0.27237223599575705,-0.006986155544023576,3,1,0.1,4.253528429898646,0.9224402198642363,1,0.8975071729379582,0.27,0.3,1,10,1,4.684042192233458,0.8,0.9224402198642363,0.9224402198642363,1,0.9,-6.224515531813884
0.3403395091799959,0.020644805325419957,13.405721001080689,0.28912820548657303,-0.005928060829087949,3,1,0.1,6.943184676140471,0.9074442233563457,1,0.6842691511138201,0.27,0.3,1,10,1,2.862696095013248,0.8,0.9074442233563457,0.9074442233563457,1,0.9,-4.351978583874845
0.42820598525963804,0.022756102866769774,50.77973867782646,0.49646281518346147,-0.009133466343233034,3,1,0.1,2.5950799505154003,0.5753091282383438,1,0.6570644519824757,0.27,0.3,1,10,1,4.260412560643187,0.8,0.5753091282383438,0.5753091282383438,1,0.9,-3.9727062527815207
