efficiency,dark count rate,jitter,entropy production,entropy rate,d_l,e_max,e_s,TH,TC,g_sl,g_ml,e_C,e_C_factor,t_f,t_steps,rateM,rateD,rateB,Tb,Td,k,e_l,TV
0.0266391507670886,0.0035010708291321,17.83879515156347,2.95267557862667,0.1090351502471335,3,5,0.1,77.26718904198351,0.8480129274232509,1,0.5379556138888439,1.47,0.3,1,10,1,0.23067514946651,0.8,0.8480129274232509,0.8480129274232509,1,4.9,-2.901000017786619
0.2076183021712665,0.0097078846721783,34.317754302374595,4.051452834296926,0.0293309800246758,3,5,0.1,3.310858502293713,0.606698575047417,1,0.9219487830659578,1.47,0.3,1,10,1,0.7127279405976392,0.8,0.606698575047417,0.606698575047417,1,4.9,-3.5328952718958666
0.2350640831320373,0.0107826444940442,42.07121376143353,2.919832772468844,0.0043712816847388,3,5,0.1,3.772715386547978,0.7946856175078808,1,0.6811518758918943,1.47,0.3,1,10,1,0.9014116927939064,0.8,0.7946856175078808,0.7946856175078808,1,4.9,-5.209282327382561
0.0006317950036986,3.779572995865267e-05,42.44251688015239,2.934049180674415,0.0563036789780179,3,5,0.1,4.059682906495822,0.8806705880112721,1,0.620644424585453,1.47,0.3,1,10,1,0.0335198247339321,0.8,0.8806705880112721,0.8806705880112721,1,4.9,-5.944517023284196
0.0001020944067675,1.6084524167067896e-06,125.05196286288395,8.645375395958466,0.0674656671765472,3,5,0.1,4.853949765999942,0.3056774517602519,1,0.2615724395931056,1.47,0.3,1,10,1,0.0132831330271108,0.8,0.3056774517602519,0.3056774517602519,1,4.9,-1.194437448685024
0.2607520234073986,0.0083100440896347,42.68461339004924,6.052942408199375,0.0375539542381262,3,5,0.1,3.190305113955936,0.3929903682916239,1,0.7540395190168799,1.47,0.3,1,10,1,0.8418012154257042,0.8,0.3929903682916239,0.3929903682916239,1,4.9,-1.8383612174889965
0.0770841594614495,0.005507972049358,40.89068307217825,2.3217214056658984,0.0278096276720813,3,5,0.1,22.434413181821785,0.9862720097582596,1,0.3576323414374399,1.47,0.3,1,10,1,0.4668348002610359,0.8,0.9862720097582596,0.9862720097582596,1,4.9,-3.6633571548068726
0.0679210930525988,0.0029897750823679,52.46703462156789,3.186113367468557,0.0349673872170079,3,5,0.1,3.4457417091563665,0.7823111563157102,1,0.6187999495891977,1.47,0.3,1,10,1,0.3770537988409416,0.8,0.7823111563157102,0.7823111563157102,1,4.9,-5.545394155645672
0.3274131457944651,6.047667980261237e-05,4194.715617465207,12.000980164088098,0.0014505655081797,3,5,0.1,0.9219838491616308,0.2050171973268242,1,0.9100843415916928,1.47,0.3,1,10,1,0.8374251594524857,0.8,0.2050171973268242,0.2050171973268242,1,4.9,-1.4203345212890586
0.0208339866096793,0.0003183631441477,257.1085911436723,2.542221054426138,0.0088858717589243,3,5,0.1,11.08250668027983,0.8677902029365171,1,0.1458882762085459,1.47,0.3,1,10,1,0.2395741577754735,0.8,0.8677902029365171,0.8677902029365171,1,4.9,-3.5392833874542253
0.0076931674426376,0.0015365169908793,9.3621444540747,2.963836108075155,0.191578939821878,3,5,0.1,296.97734418721984,0.9159931412900728,1,0.9157534464927402,1.47,0.3,1,10,1,0.1123935403949409,0.8,0.9159931412900728,0.9159931412900728,1,4.9,-3.075444146139969
0.2624554031039776,0.0271174800919326,15.448886537622675,2.828753586169105,0.0091156943902886,3,5,0.1,7.090135376506921,0.834311085899891,1,0.9845457050705516,1.47,0.3,1,10,1,0.9007077816882187,0.8,0.834311085899891,0.834311085899891,1,4.9,-3.8336299001221104
0.1849380145947116,0.0011530267739734,361.06396632706566,4.3986523883373065,0.0030748038881733,3,5,0.1,2.244168305836087,0.5116142824774128,1,0.3132763189030624,1.47,0.3,1,10,1,0.8144093527460595,0.8,0.5116142824774128,0.5116142824774128,1,4.9,-3.643522333042114
0.3440835755231994,0.0007299294987015,446.90701303263006,9.644496702828672,0.0093914511955861,3,5,0.1,1.4630959958724938,0.2332484009575783,1,0.686354414994626,1.47,0.3,1,10,1,0.9667429364406632,0.8,0.2332484009575783,0.2332484009575783,1,4.9,-1.2380145576488015
0.2244769344307001,0.0026277237766943,119.00232401972649,7.645439572548263,0.0278827794266122,3,5,0.1,2.5943051925813334,0.305991534160548,1,0.472449558186684,1.47,0.3,1,10,1,0.7662247270395998,0.8,0.305991534160548,0.305991534160548,1,4.9,-1.4072663833274923
0.2412873614264137,0.0161368422697204,25.56166620352017,3.0851643379516345,0.0117463890792653,3,5,0.1,4.5205145572190455,0.7654282206474038,1,0.8472879895427736,1.47,0.3,1,10,1,0.8572282099174968,0.8,0.7654282206474038,0.7654282206474038,1,4.9,-4.217845990408737
0.1298507375792854,0.0001780443902185,2397.695418311591,2.371730408395528,0.0001830866597011,3,5,0.1,8.488411671551571,0.9222758799291362,1,0.0500932468313099,1.47,0.3,1,10,1,0.7565149507232171,0.8,0.9222758799291362,0.9222758799291362,1,4.9,-4.118329320860282
0.0522175389555643,0.0024546891924659,54.22063682366354,3.4979360862841413,0.0425784970261813,3,5,0.1,4.613058397576492,0.6943686412779319,1,0.4554012341493585,1.47,0.3,1,10,1,0.3406921074492766,0.8,0.6943686412779319,0.6943686412779319,1,4.9,-3.56755505436836
0.2130626462224868,0.000308311608507,1556.928041495356,4.855627237389289,0.0006027439551374,3,5,0.1,2.069568119704768,0.450303296509341,1,0.16200691263642,1.47,0.3,1,10,1,0.9531200786779505,0.8,0.450303296509341,0.450303296509341,1,4.9,-3.048940172700568
0.0293183041345151,0.0004756111630872,178.11578145454143,3.766012324845874,0.0173471179729379,3,5,0.1,2.7739985870966626,0.6354555868004206,1,0.356537508336834,1.47,0.3,1,10,1,0.2559398600726039,0.8,0.6354555868004206,0.6354555868004206,1,4.9,-4.550441097180936
0.0083791214550669,0.0001700129695724,169.72961490241002,2.905979019836051,0.0161974447508469,3,5,0.1,3.4804732031389807,0.7989343442598469,1,0.2983854840131568,1.47,0.3,1,10,1,0.1394666577795168,0.8,0.7989343442598469,0.7989343442598469,1,4.9,-5.73466457257656
0.0356842098515381,0.0069680815198856,8.900049000668863,3.260571381520715,0.1947146486226001,3,5,0.1,85.79445779558213,0.8295988831347947,1,0.975623828102542,1.47,0.3,1,10,1,0.2459470323548259,0.8,0.8295988831347947,0.8295988831347947,1,4.9,-2.8291623644779067
0.2056499476357577,0.0191850737481574,22.99737700406516,2.435487164321626,0.005496376368102,3,5,0.1,18.69366428938516,0.9453653265602736,1,0.5251890616647128,1.47,0.3,1,10,1,0.8781007980350224,0.8,0.9453653265602736,0.9453653265602736,1,4.9,-3.572809255467555
0.1171380217898906,0.0051077996703328,53.562369270856,2.919923210350197,0.0211862093835925,3,5,0.1,3.8568907107686807,0.81417716767519,1,0.544684278082585,1.47,0.3,1,10,1,0.552358924880728,0.8,0.81417716767519,0.81417716767519,1,4.9,-5.348256399936212
0.0011359208707965,3.047648489980369e-07,10205.836100771608,6.297509673749442,0.0006657017288531,3,5,0.1,3.660258057612407,0.3820299576881103,1,0.0333233893082308,1.47,0.3,1,10,1,0.0487451659726944,0.8,0.3820299576881103,0.3820299576881103,1,4.9,-1.6834014063122424
0.0319079683901745,0.0005664795262454,104.25304813338336,6.617857963579761,0.0477991292425951,3,5,0.1,2.3562437735168738,0.4168386026866993,1,0.6206180206845883,1.47,0.3,1,10,1,0.2290197263613163,0.8,0.4168386026866993,0.4168386026866993,1,4.9,-2.3661918287976693
0.0041780022294104,0.0004195427733267,21.001345291992127,3.2260304251211003,0.1091487361092176,3,5,0.1,5.760154608119462,0.8403181715881333,1,0.8077941047003862,1.47,0.3,1,10,1,0.0823178041923353,0.8,0.8403181715881333,0.8403181715881333,1,4.9,-4.246588966656665
0.2025514976565574,0.0005957756463719,793.2568178421127,4.779356928828144,0.00124704632508,3,5,0.1,4.82097372449164,0.4570865255997554,1,0.1026615251279024,1.47,0.3,1,10,1,0.9291629507104464,0.8,0.4570865255997554,0.4570865255997554,1,4.9,-1.956441805128641
0.1458206534023833,5.844299208542703e-05,7266.825107016761,3.628365028022084,0.0001306457759689,3,5,0.1,6.952975098516073,0.6069584801018189,1,0.0294632594686262,1.47,0.3,1,10,1,0.7720330969096423,0.8,0.6069584801018189,0.6069584801018189,1,4.9,-2.5407058008983725
0.0510299017042639,0.0038980291818258,34.15532267811899,2.5567628381270544,0.0457449527549286,3,5,0.1,6.964832711593594,0.9442529267603504,1,0.50845873191359,1.47,0.3,1,10,1,0.3383693121699723,0.8,0.9442529267603504,0.9442529267603504,1,4.9,-4.6039125383595545
0.1708290476698916,0.0099566112492056,32.89120987609504,2.887930816451177,0.021617866752696,3,5,0.1,4.012010593404408,0.8359373623823507,1,0.7666960872086608,1.47,0.3,1,10,1,0.6650420389298172,0.8,0.8359373623823507,0.8359373623823507,1,4.9,-5.422921319421807
0.0582689976991375,0.0003246245409774,688.4901241901952,2.240142587043988,0.0019668209017247,3,5,0.1,7.138887874268274,0.9690528772023996,1,0.0994742555286477,1.47,0.3,1,10,1,0.4391924287720621,0.8,0.9690528772023996,0.9690528772023996,1,4.9,-4.727548069005204
0.0294839633548513,0.0009613033734792,65.67651363845782,4.466409038196088,0.0494754294007079,3,5,0.1,2.83177183157679,0.5959591166565767,1,0.6603332176542809,1.47,0.3,1,10,1,0.2265633126494367,0.8,0.5959591166565767,0.5959591166565767,1,4.9,-3.903274087097916
0.1086506709092083,0.000528822340189,415.06866286757975,6.386174474805444,0.0096213720503053,3,5,0.1,2.1030739934810505,0.3736325395883,1,0.3118513453415389,1.47,0.3,1,10,1,0.5101639708628181,0.8,0.3736325395883,0.3736325395883,1,4.9,-2.127289269172328
0.0224286024075073,1.2831554074613428e-05,1882.0302970569176,14.291921670722552,0.0056644936896017,3,5,0.1,1.0811750760054717,0.2281598651706861,1,0.7575999427640224,1.47,0.3,1,10,1,0.1675751141449198,0.8,0.2281598651706861,0.2281598651706861,1,4.9,-1.4982983165957346
0.0219727597451133,8.17084326498833e-06,10366.13325361813,3.009928401822001,0.0002670383981276,3,5,0.1,4.494103929940067,0.7318184927349766,1,0.0301668130862205,1.47,0.3,1,10,1,0.2466047793584935,0.8,0.7318184927349766,0.7318184927349766,1,4.9,-3.934249619386331
0.0888152916695705,0.0042766328491362,45.5324075222225,3.4541434607640418,0.0386952720778542,3,5,0.1,3.7911669020281455,0.7161850932616527,1,0.6077215992619189,1.47,0.3,1,10,1,0.4417828861554189,0.8,0.7161850932616527,0.7161850932616527,1,4.9,-4.26900893692235
0.0560008435680371,3.03271644599931e-07,119861.1944759035,22.772037422347488,0.0001790194234399,3,5,0.1,0.7346290262783038,0.133506388647616,1,0.3067882059759885,1.47,0.3,1,10,1,0.2636703571170401,0.8,0.133506388647616,0.133506388647616,1,4.9,-0.7726652124440285
0.2152372927282055,0.0066041684206779,68.29857678125153,3.5559352399407524,0.0062317240629108,3,5,0.1,3.639583079401437,0.6427351388285443,1,0.4833959845868372,1.47,0.3,1,10,1,0.8892736198917703,0.8,0.6427351388285443,0.6427351388285443,1,4.9,-3.643975863834487
0.0468663881090427,0.0007199428083057,251.35432666689297,2.301315723303318,0.0063336136487203,3,5,0.1,41.20139460688945,0.948478559558336,1,0.1313481379029461,1.47,0.3,1,10,1,0.3818414842055405,0.8,0.948478559558336,0.948478559558336,1,4.9,-3.341058855407041
0.1023503229330659,0.0004830917141853,740.6892711146419,2.332542882069986,0.0010532950001409,3,5,0.1,4.516970146058108,0.9382054542131746,1,0.1170737885843405,1.47,0.3,1,10,1,0.630915986170644,0.8,0.9382054542131746,0.9382054542131746,1,4.9,-6.0683938742380725
0.2236819163489696,0.0020146990143056,151.08090612411686,7.650216876389408,0.0217518612506225,3,5,0.1,2.1635671064176494,0.3118486320542149,1,0.5484397450631004,1.47,0.3,1,10,1,0.7467037331828112,0.8,0.3118486320542149,0.3118486320542149,1,4.9,-1.5662555535447424
0.2379530067951721,0.0269877766600018,15.144967705708552,2.6273566867857623,0.0102095685751558,3,5,0.1,10.690362014946846,0.8948170720255707,1,0.8094075591277315,1.47,0.3,1,10,1,0.872812972579006,0.8,0.8948170720255707,0.8948170720255707,1,4.9,-3.706661980421853
0.0258678841079989,0.0014211307589518,53.72264573304603,3.384534203430126,0.0504745659548636,3,5,0.1,12.412508231549015,0.6980392788188841,1,0.3166940685585778,1.47,0.3,1,10,1,0.2441934411311894,0.8,0.6980392788188841,0.6980392788188841,1,4.9,-2.678232947146502
0.1779839686008165,4.786097772813387e-05,10027.47898611718,3.9691926822602177,6.983734971377812e-05,3,5,0.1,7.7842761883864595,0.5537750019124228,1,0.0241749873449172,1.47,0.3,1,10,1,0.8903877223572121,0.8,0.5537750019124228,0.5537750019124228,1,4.9,-2.213312919734736
0.0851586575875797,6.040473636243511e-05,4866.243963689846,2.9073477133700005,0.0002919805523023,3,5,0.1,3.5167907386258603,0.7530460814352906,1,0.0521721687507635,1.47,0.3,1,10,1,0.5455711283500808,0.8,0.7530460814352906,0.7530460814352906,1,4.9,-5.016633035534697
0.1691740271428605,0.0006756419842388,438.0766725490088,6.488154978632812,0.0069853127905372,3,5,0.1,1.7850521774811887,0.3635805623186825,1,0.4087052599510725,1.47,0.3,1,10,1,0.6627545477919545,0.8,0.3635805623186825,0.3635805623186825,1,4.9,-2.3095689990126376
0.1693217523935635,0.0067642147633422,61.3179452346926,2.5778268489505187,0.006626122112071,3,5,0.1,4.475460054838836,0.8885635017362281,1,0.4528776337660096,1.47,0.3,1,10,1,0.7738715354277141,0.8,0.8885635017362281,0.8885635017362281,1,4.9,-5.518304263085014
0.2492766078190731,0.0240919829631305,16.756191844595072,3.07796677200993,0.0151215794879104,3,5,0.1,6.90909582246571,0.768013487333111,1,0.8865649801918876,1.47,0.3,1,10,1,0.8724051740478964,0.8,0.768013487333111,0.768013487333111,1,4.9,-3.456590479678696
0.0777105134713824,0.0057077551512607,25.05201604849029,3.599433462801237,0.0743562117996779,3,5,0.1,4.125566642127963,0.7384407540215677,1,0.9383072791346084,1.47,0.3,1,10,1,0.3723175667622098,0.8,0.7384407540215677,0.7384407540215677,1,4.9,-4.226761127866492
0.155074137714797,0.0006705063522337,699.2542806236245,3.007266702142972,0.0006733120890789,3,5,0.1,3.5812375962564977,0.7370531890304134,1,0.1386678015670851,1.47,0.3,1,10,1,0.8295067429394417,0.8,0.7370531890304134,0.7370531890304134,1,4.9,-4.726722174761554
0.0573097333975919,0.0014539195260939,135.81220054333048,2.5277941055810484,0.0117387006176749,3,5,0.1,6.981287002175149,0.8826334190103717,1,0.2292112279877838,1.47,0.3,1,10,1,0.4114713838324967,0.8,0.8826334190103717,0.8826334190103717,1,4.9,-4.173206223679907
0.0134528814946566,0.0005691449823747,53.39509775968536,3.920155610805954,0.0563410240536129,3,5,0.1,3.171436882885076,0.6787701408783959,1,0.6675811204104143,1.47,0.3,1,10,1,0.151658907326653,0.8,0.6787701408783959,0.6787701408783959,1,4.9,-4.51965771484378
0.0165761892754962,1.7330861431360948e-07,46825.99320069087,29.432634493409253,0.0004553560417749,3,5,0.1,0.7050183953741651,0.127673616620647,1,0.7353080782418872,1.47,0.3,1,10,1,0.1302859917468188,0.8,0.127673616620647,0.127673616620647,1,4.9,-0.7369959054711668
0.14803133920461,0.0012928139723531,310.6366294732564,3.709783534953304,0.0033664697598768,3,5,0.1,3.976302721059733,0.6001737636432125,1,0.189232940620551,1.47,0.3,1,10,1,0.746932382474305,0.8,0.6001737636432125,0.6001737636432125,1,4.9,-3.088208776680548
0.0071910758118435,8.736617869620237e-05,256.9858724153952,4.393689147199318,0.0170334343459708,3,5,0.1,4.125041116357089,0.5360265156699318,1,0.2011253659186552,1.47,0.3,1,10,1,0.1270508365530213,0.8,0.5360265156699318,0.5360265156699318,1,4.9,-2.5642437454901907
0.127446534731368,2.0003138427116105e-05,16163.406284379997,4.951201593032404,0.0001467293669076,3,5,0.1,2.1789030450847444,0.4489336737828366,1,0.0453665881135538,1.47,0.3,1,10,1,0.6439302598717065,0.8,0.4489336737828366,0.4489336737828366,1,4.9,-2.881947467491872
0.0261035556469573,0.0001569805992794,619.3234559817938,3.0149668189602954,0.0042929189904709,3,5,0.1,4.068243285622442,0.7374001648184512,1,0.132927637738897,1.47,0.3,1,10,1,0.2668051594224891,0.8,0.7374001648184512,0.7374001648184512,1,4.9,-4.259482660960134
0.0430365421453407,0.0003845853913055,262.71147207913907,6.273834097089362,0.0201700494214224,3,5,0.1,3.2113527745165658,0.3875226742983915,1,0.2374559306157763,1.47,0.3,1,10,1,0.3042100702875151,0.8,0.3875226742983915,0.3875226742983915,1,4.9,-1.7980063088308569
0.4637708871074933,0.0002320419377137,426.3006967288593,22.55901426406658,0.0596624465835492,3,5,0.1,1.594638195208819,0.0889614790598459,1,0.5329020494152804,1.47,0.3,1,10,1,0.9483863592909868,0.8,0.0889614790598459,0.0889614790598459,1,4.9,-0.3409158655199498
0.1647545119211164,0.000881109760662,178.88480548448993,13.72890324937879,0.0621114610976476,3,5,0.1,3.3141829114597527,0.1817565338570321,1,0.2803113586888572,1.47,0.3,1,10,1,0.5467039451302138,0.8,0.1817565338570321,0.1817565338570321,1,4.9,-0.6947598861730526
0.0112709094569694,0.0005325967203483,57.44251369023573,3.6850799049823393,0.0543070377897341,3,5,0.1,4.760553624998723,0.6722076831197176,1,0.4295305690013505,1.47,0.3,1,10,1,0.1504120537438924,0.8,0.6722076831197176,0.6722076831197176,1,4.9,-3.341699580530069
0.1420188199523128,0.0103928231537376,30.19284407336348,2.6153653525523834,0.0241381491882697,3,5,0.1,6.377374205696353,0.902893251011922,1,0.5744129034851659,1.47,0.3,1,10,1,0.63043656785226,0.8,0.902893251011922,0.902893251011922,1,4.9,-4.494338603512975
0.122375582226033,0.0148774209473189,17.535088367139736,2.46975109766421,0.0448426106267092,3,5,0.1,27.919801557518102,0.9674681154920084,1,0.59032774619963,1.47,0.3,1,10,1,0.5644650034682768,0.8,0.9674681154920084,0.9674681154920084,1,4.9,-3.508575855101496
0.221349634584112,0.0294676211795922,12.664632164854888,2.513733291968687,0.0187376396507634,3,5,0.1,16.014224808975403,0.9454349076549664,1,0.8533605884067191,1.47,0.3,1,10,1,0.8099637855404762,0.8,0.9454349076549664,0.9454349076549664,1,4.9,-3.654928752926401
0.0363797927918074,0.0004204318312029,201.2609276826201,5.212991431526498,0.0204296901235432,3,5,0.1,2.214281838206149,0.4862834662841278,1,0.447251010668688,1.47,0.3,1,10,1,0.2672525984649161,0.8,0.4862834662841278,0.4862834662841278,1,4.9,-3.324528481742094
0.1387679786280624,0.000300614165065,1390.654069693315,3.3575679176043973,0.0006350268790547,3,5,0.1,5.112360654261249,0.6568280003285971,1,0.0770016586621401,1.47,0.3,1,10,1,0.7513981969190509,0.8,0.6568280003285971,0.6568280003285971,1,4.9,-3.126782951727839
0.1281720146616561,0.0177381540652133,13.458087088851071,3.158066412976441,0.0772586361327673,3,5,0.1,105.50042272622407,0.7730508565059037,1,0.6393028841546258,1.47,0.3,1,10,1,0.5579507453671821,0.8,0.7730508565059037,0.7730508565059037,1,4.9,-2.62165981461436
0.1920265093844342,0.0166773127244211,15.664192982254315,5.860738556180218,0.1246468370549002,3,5,0.1,8.584869022116758,0.426073403812778,1,0.7368742666939135,1.47,0.3,1,10,1,0.6640940714811514,0.8,0.426073403812778,0.426073403812778,1,4.9,-1.606257416498547
0.3022671973230952,0.0006749758977172,569.5405047631617,7.385252219114363,0.0041198109849043,3,5,0.1,1.4420596666416403,0.305235408742209,1,0.6020283773187941,1.47,0.3,1,10,1,0.9589664176261404,0.8,0.305235408742209,0.305235408742209,1,4.9,-2.0103284396925067
0.0680258997457992,0.0079587139123827,18.11446363715034,2.5827126141802164,0.071603439416944,3,5,0.1,9.605647457729662,0.9735709038316646,1,0.709950286751943,1.47,0.3,1,10,1,0.372934851312224,0.8,0.9735709038316646,0.9735709038316646,1,4.9,-4.250432601553552
0.1505122014555736,0.0019972199466204,148.84547958697215,4.6894652608574505,0.0126745893680901,3,5,0.1,2.247568335032772,0.5114272492032628,1,0.5308591889023279,1.47,0.3,1,10,1,0.6214610245944744,0.8,0.5114272492032628,0.5114272492032628,1,4.9,-3.634434211381052
0.057406947218295,0.0053999571279425,21.17993801314869,2.780449593087197,0.0716009005161792,3,5,0.1,5.169450650435254,0.9449861949162148,1,0.9062679546518368,1.47,0.3,1,10,1,0.32053958679227,0.8,0.9449861949162148,0.9449861949162148,1,4.9,-5.492874279570111
0.2209145798738795,0.0014212518825373,218.9223022170216,6.548039758380236,0.0109857894225578,3,5,0.1,1.7023574124874596,0.3764963488401468,1,0.7586415929248355,1.47,0.3,1,10,1,0.7217806262280945,0.8,0.3764963488401468,0.3764963488401468,1,4.9,-2.593186283659609
0.2301172016747772,0.0232960704183233,16.17026799592594,3.3668533853637035,0.0264093175018298,3,5,0.1,8.689328551416189,0.7040272616125045,1,0.7799408413388089,1.47,0.3,1,10,1,0.8286762194698325,0.8,0.7040272616125045,0.7040272616125045,1,4.9,-2.8938427437622662
0.0388551581794114,0.000546136961305,189.2957664145869,4.285758366944052,0.0177048471424766,3,5,0.1,2.566622741660664,0.5658074310052551,1,0.3753515877132874,1.47,0.3,1,10,1,0.2917132379114758,0.8,0.5658074310052551,0.5658074310052551,1,4.9,-3.8837396370206494
0.2575843537439583,0.0085551865673006,56.10215503155409,3.855435191601482,0.0045499885537143,3,5,0.1,3.5076848679546897,0.5910713341811158,1,0.5737733673571671,1.47,0.3,1,10,1,0.9901672388698364,0.8,0.5910713341811158,0.5910713341811158,1,4.9,-3.2468468110893065
0.0736429488101799,5.548889530250376e-05,4447.973355945857,3.345563040625183,0.0004480587814589,3,5,0.1,2.940887531780704,0.6591842190965896,1,0.0629580402043484,1.47,0.3,1,10,1,0.4853553664992481,0.8,0.6591842190965896,0.6591842190965896,1,4.9,-4.606499050063602
0.0810477756532037,0.0076209209139813,21.94999120953127,2.6752691014930443,0.0581590000394849,3,5,0.1,5.977483256272539,0.944487488326578,1,0.7688346723601388,1.47,0.3,1,10,1,0.4059036132010696,0.8,0.944487488326578,0.944487488326578,1,4.9,-4.986873527950985
0.1844834754009812,0.0030790992259933,153.56887815253208,3.0811982877888138,0.0022768538559307,3,5,0.1,3.2928835144138286,0.7315372254770117,1,0.3334569181581163,1.47,0.3,1,10,1,0.8707435875014427,0.8,0.7315372254770117,0.7315372254770117,1,4.9,-5.062888985921926
0.2157856340616419,0.0253787479127206,15.55756539864891,3.108894881445876,0.0200156552047723,3,5,0.1,175.54727076809033,0.7478719547140731,1,0.5794484529123186,1.47,0.3,1,10,1,0.8555675925271159,0.8,0.7478719547140731,0.7478719547140731,1,4.9,-2.517936159302729
0.1705921000893977,0.0056226163893288,49.04395850403066,4.45774224009545,0.032222275814817,3,5,0.1,2.678566591810414,0.5720015064785827,1,0.9642599563539046,1.47,0.3,1,10,1,0.600729564910875,0.8,0.5720015064785827,0.5720015064785827,1,4.9,-3.800253537120757
0.1322602566742239,9.36771529358695e-05,2808.6902325199253,6.822862003508747,0.0014753756509795,3,5,0.1,1.6957161483091234,0.3354730481792672,1,0.1628562421427027,1.47,0.3,1,10,1,0.5942277917909659,0.8,0.3354730481792672,0.3354730481792672,1,4.9,-2.0770386947309145
0.129618522854021,0.005476799766777,66.84483530505084,2.775060686001053,0.0115410827405608,3,5,0.1,14.94654944516211,0.8109093529481824,1,0.2796384924085735,1.47,0.3,1,10,1,0.6796881642750676,0.8,0.8109093529481824,0.8109093529481824,1,4.9,-3.0948112243835864
0.1989664383836221,0.0040826274183564,135.42495658326692,2.4516652071617355,-0.0005205708105747,3,5,0.1,4.14426804928081,0.920679489917072,1,0.3101900977844987,1.47,0.3,1,10,1,0.991686562383279,0.8,0.920679489917072,0.920679489917072,1,4.9,-6.371930841420177
0.1718494691205831,0.002328826065337,83.16650506381438,10.311009851008604,0.0711312682166327,3,5,0.1,2.5454530905117325,0.2556486157115551,1,0.6232980298459504,1.47,0.3,1,10,1,0.5660835540691571,0.8,0.2556486157115551,0.2556486157115551,1,4.9,-1.1129839374657706
0.2188718646886675,0.0057972706564434,82.45616739640151,3.334515531082655,0.0032357511577891,3,5,0.1,3.395111624150972,0.6825323254856333,1,0.4658510138350533,1.47,0.3,1,10,1,0.9254888107951662,0.8,0.6825323254856333,0.6825323254856333,1,4.9,-4.285209241407145
0.0809762248765089,0.0045275147239472,51.57879563078149,2.930032708300152,0.0289939427452516,3,5,0.1,31.336855880077508,0.7789006374773035,1,0.2963323065627678,1.47,0.3,1,10,1,0.4829633011565015,0.8,0.7789006374773035,0.7789006374773035,1,4.9,-2.756185153777982
0.1942923036625904,0.0001355596274222,3700.1636843922142,4.124810189425314,0.0001598793535984,3,5,0.1,2.4602757266742743,0.5324569105006306,1,0.0836713599571308,1.47,0.3,1,10,1,0.9448517024857652,0.8,0.5324569105006306,0.5324569105006306,1,4.9,-3.585451291788412
0.1217403464906672,0.0171503190626621,11.45754887919847,3.675624368826184,0.118743205691464,3,5,0.1,13.40560068005749,0.700454685282927,1,0.903847230615328,1.47,0.3,1,10,1,0.4974068367883786,0.8,0.700454685282927,0.700454685282927,1,4.9,-2.659035240968267
0.0574444001731029,4.537151040236596e-05,4649.281118958027,2.79579851157565,0.000393036444983,3,5,0.1,4.008467240935469,0.7815130111064692,1,0.0486832959127474,1.47,0.3,1,10,1,0.4277628849017159,0.8,0.7815130111064692,0.7815130111064692,1,4.9,-4.779191151380556
0.1473074109323843,0.0114407098623056,23.93672429113748,2.80613215174947,0.0360829538754616,3,5,0.1,4.732863055245221,0.8821717175398798,1,0.8635071519980587,1.47,0.3,1,10,1,0.5811411932994556,0.8,0.8821717175398798,0.8821717175398798,1,4.9,-5.20378470580471
0.0838863806439692,0.0008451790402956,230.0998870587809,6.090115169174441,0.0187473426378987,3,5,0.1,49.32243818401679,0.3807331969401815,1,0.1252809690273523,1.47,0.3,1,10,1,0.4602037371409059,0.8,0.3807331969401815,0.3807331969401815,1,4.9,-1.2923886819721844
0.0664331898492987,0.0027721796686274,46.10366697720707,4.511454709168574,0.0585136651965753,3,5,0.1,3.14374747278228,0.5870895894998214,1,0.7448798656641787,1.47,0.3,1,10,1,0.3466908460064028,0.8,0.5870895894998214,0.5870895894998214,1,4.9,-3.468235323425435
0.0901887398093712,0.0036164654939685,68.19301540556206,2.8910317773082337,0.0203376013939564,3,5,0.1,4.943836287905847,0.8008409418743726,1,0.3869119368746571,1.47,0.3,1,10,1,0.4996638610719213,0.8,0.8008409418743726,0.8008409418743726,1,4.9,-4.2915549684899945
0.1516248325942226,0.0006558652955378,737.5437177905715,2.7036385723450405,0.000454153965238,3,5,0.1,6.203710012306349,0.8189385764210411,1,0.1007914142502038,1.47,0.3,1,10,1,0.8414383069745535,0.8,0.8189385764210411,0.8189385764210411,1,4.9,-3.944895582448102
0.0028110547653942,6.918633325670248e-05,80.26923133641263,6.496462778251123,0.0675980310668895,3,5,0.1,2.760870391741348,0.4276512247745335,1,0.5761797541344243,1.47,0.3,1,10,1,0.0669411255043861,0.8,0.4276512247745335,0.4276512247745335,1,4.9,-2.232327211246868
0.1090169051270096,0.0019833812551475,71.69500871657542,8.44671872455578,0.0672686535123149,3,5,0.1,2.266191763293009,0.3399891992905604,1,0.9445089710541332,1.47,0.3,1,10,1,0.4147093246203041,0.8,0.3399891992905604,0.3399891992905604,1,4.9,-1.7437012820807212
0.0879101779574689,0.0001973458828247,1586.6908853521293,2.423547593530546,0.000649752063654,3,5,0.1,3.937987182596,0.8995249418461579,1,0.0859304260802237,1.47,0.3,1,10,1,0.5678195276387187,0.8,0.8995249418461579,0.8995249418461579,1,4.9,-6.420397779550196
0.136249050783126,0.0067139153353472,42.4489104381931,4.409455529162354,0.0416433299770172,3,5,0.1,6.690034161669896,0.534361997700585,1,0.4182877032063187,1.47,0.3,1,10,1,0.6092042589401353,0.8,0.534361997700585,0.534361997700585,1,4.9,-2.189218912350958
0.2139460710650347,0.0009310609680928,426.3239895535153,5.673354984694002,0.004101244668786,3,5,0.1,1.95150803023424,0.396482493631663,1,0.3526023442085998,1.47,0.3,1,10,1,0.8427538044717149,0.8,0.396482493631663,0.396482493631663,1,4.9,-2.51283508652668
0.0035608181420627,0.0001091789849539,129.0528769964219,2.3810184316555296,0.0185556655057373,3,5,0.1,19.899020861547896,0.9375668444414124,1,0.1939985796766097,1.47,0.3,1,10,1,0.0950980481043764,0.8,0.9375668444414124,0.9375668444414124,1,4.9,-3.511241192921124
0.1375136053054611,0.0014442146010361,316.59703179551326,2.287608308557552,0.0010554035763581,3,5,0.1,9.91964220730912,0.9665900219963962,1,0.1374211679599411,1.47,0.3,1,10,1,0.7881356505743357,0.8,0.9665900219963962,0.9665900219963962,1,4.9,-4.17010048896114
0.1480373819363539,0.0040703607198615,106.27681190392109,2.599055754585402,0.0042421030000088,3,5,0.1,7.502968982113878,0.8613953455343677,1,0.2570319456160024,1.47,0.3,1,10,1,0.7743907450673951,0.8,0.8613953455343677,0.8613953455343677,1,4.9,-3.92194176647188
0.0677901159287108,0.0034181966616712,42.46388159587781,4.7173267644095525,0.069236547991519,3,5,0.1,5.071969129098842,0.5294882259622248,1,0.4830663929628963,1.47,0.3,1,10,1,0.3779626797449298,0.8,0.5294882259622248,0.5294882259622248,1,4.9,-2.3333336070241453
0.1163122879822584,0.000283637025588,1398.4963276420249,2.4075546805828254,0.0004486822600477,3,5,0.1,4.948805274756116,0.9094449133396338,1,0.0804591563183395,1.47,0.3,1,10,1,0.6945930354182699,0.8,0.9094449133396338,0.9094449133396338,1,4.9,-5.307200246256429
9.82469712455023e-05,9.1202182303844e-06,16.17420591665677,6.930198176750514,0.287796081582477,3,5,0.1,5.722882683213841,0.4365307559839547,1,0.9738162147562452,1.47,0.3,1,10,1,0.0116178750527069,0.8,0.4365307559839547,0.4365307559839547,1,4.9,-1.7701595741950005
0.3360707136339891,1.2591096942194937e-05,18552.533656504133,13.336577340637112,0.0004359634812884,3,5,0.1,0.7845775574126829,0.1769334722649285,1,0.6937035341581231,1.47,0.3,1,10,1,0.8531041809801344,0.8,0.1769334722649285,0.1769334722649285,1,4.9,-1.2447833110115845
0.0268597661922767,0.0018791693586509,37.79034237623853,2.9420252743558595,0.0568517401427764,3,5,0.1,6.17249122047242,0.8358636901309032,1,0.4946641699974359,1.47,0.3,1,10,1,0.2358764719724583,0.8,0.8358636901309032,0.8358636901309032,1,4.9,-4.073256768116474
0.11101450086014,0.0200575179940563,9.412003264291252,2.716752502113676,0.1011529250059679,3,5,0.1,82.75267100521407,0.9371943606058536,1,0.9346385333705528,1.47,0.3,1,10,1,0.4793043570770113,0.8,0.9371943606058536,0.9371943606058536,1,4.9,-3.2087749215486205
0.0250210811551563,0.0011261826044835,52.37792104838047,4.438902717262467,0.06544629488524,3,5,0.1,4.185972924845843,0.5745962470969067,1,0.4909173187685677,1.47,0.3,1,10,1,0.2189641344876998,0.8,0.5745962470969067,0.5745962470969067,1,4.9,-2.817849315349793
0.1067471032163121,0.0011283564124372,297.21560302729324,3.080154921232053,0.0040984489363411,3,5,0.1,6.080077309456192,0.7193020900566017,1,0.1568860746788523,1.47,0.3,1,10,1,0.615334750182924,0.8,0.7193020900566017,0.7193020900566017,1,4.9,-3.3119072081768586
0.1710973149373514,0.0060812339093816,43.69342594111324,4.900727774567874,0.0414681770819544,3,5,0.1,2.813651300574413,0.5242885220342745,1,0.961256592416064,1.47,0.3,1,10,1,0.5957434128871653,0.8,0.5242885220342745,0.5242885220342745,1,4.9,-3.0919836773607337
0.2240451538274475,0.0124624787247999,36.73138230338961,3.0462934579020366,0.0054490857499889,3,5,0.1,5.367058375575232,0.7545461716060891,1,0.5507264116101581,1.47,0.3,1,10,1,0.9118190383102992,0.8,0.7545461716060891,0.7545461716060891,1,4.9,-3.743009172793752
0.1163307647759008,0.0003138664916016,617.5017430749664,7.512249232054914,0.0075845748831728,3,5,0.1,1.5290124613580975,0.3368320965215538,1,0.4752316961973046,1.47,0.3,1,10,1,0.4889413065984815,0.8,0.3368320965215538,0.3368320965215538,1,4.9,-2.3103244971677537
0.0339982665151421,0.0024673107248798,37.76846659634901,3.1343288577926054,0.0596972010802792,3,5,0.1,11.069557128667675,0.7655849407810266,1,0.400367345085419,1.47,0.3,1,10,1,0.2760141510181456,0.8,0.7655849407810266,0.7655849407810266,1,4.9,-3.043021550927185
0.2307653495453194,0.0067700861006142,60.94457835752229,3.879765749462143,0.0100908178037927,3,5,0.1,2.906814036655157,0.6035466925234321,1,0.6830913483185712,1.47,0.3,1,10,1,0.8472235894826982,0.8,0.6035466925234321,0.6035466925234321,1,4.9,-3.902464724496409
0.0003301862749527,4.785801710286635e-06,237.7860630601346,3.2770912762011464,0.0139944287106488,3,5,0.1,3.136124778281518,0.7119874927372335,1,0.2695256122463088,1.47,0.3,1,10,1,0.0273407285720968,0.8,0.7119874927372335,0.7119874927372335,1,4.9,-5.046673867899347
0.0023707778937056,8.477043999101334e-06,1104.5367030018149,3.054790932834324,0.0029577089286854,3,5,0.1,3.767037449507952,0.7297000519631873,1,0.1044911429876705,1.47,0.3,1,10,1,0.0777177500940401,0.8,0.7297000519631873,0.7297000519631873,1,4.9,-4.438419723735948
0.0327310202557923,6.835719697268902e-05,1863.842081244771,2.169732627424364,0.0008965773164589,3,5,0.1,5.675874675657291,0.9994013802053248,1,0.0645975240132104,1.47,0.3,1,10,1,0.312156976574274,0.8,0.9994013802053248,0.9994013802053248,1,4.9,-5.654487591210585
0.0945819047583114,0.0040445894420435,67.66455318990826,2.9479893771408614,0.0196906734871102,3,5,0.1,11.942995776437895,0.7689840684748828,1,0.284680322370919,1.47,0.3,1,10,1,0.538140053693145,0.8,0.7689840684748828,0.7689840684748828,1,4.9,-3.016469705098761
0.1711955005368908,0.0075143427928557,55.97448885886204,2.476601866012847,0.006271128656076,3,5,0.1,4.879891340926303,0.9244142433331716,1,0.4550189690075338,1.47,0.3,1,10,1,0.7838330445846816,0.8,0.9244142433331716,0.9244142433331716,1,4.9,-5.522298554302611
0.0028972562421272,0.0002437806571736,25.61669510276182,3.367350801600803,0.0966650133748781,3,5,0.1,4.8384233859778005,0.8043584674091316,1,0.7768143384243984,1.47,0.3,1,10,1,0.0685941535082253,0.8,0.8043584674091316,0.8043584674091316,1,4.9,-4.380339402857365
0.1542363420396677,0.0009768009663497,507.61833136853016,2.5946214012581383,0.0005014260318492,3,5,0.1,11.184771556652729,0.8546207238947823,1,0.1045492922186209,1.47,0.3,1,10,1,0.8596133070939453,0.8,0.8546207238947823,0.8546207238947823,1,4.9,-3.466831605461409
0.1557377208201399,0.0006184308975406,764.5283455321493,2.9568391714496745,0.000572587269324,3,5,0.1,3.2742836605763093,0.7499417059486987,1,0.1430080512034944,1.47,0.3,1,10,1,0.8344549764128374,0.8,0.7499417059486987,0.7499417059486987,1,4.9,-5.369304149727933
0.0102752692400138,0.0020667297215757,8.867231731708836,3.282307272151057,0.2188607767758889,3,5,0.1,99.53265045603746,0.8379185688703054,1,0.9830951011650176,1.47,0.3,1,10,1,0.1285870973786542,0.8,0.8379185688703054,0.8379185688703054,1,4.9,-2.849025985603188
0.1739001587431388,0.0195687989885191,9.784633536955102,7.561539069693097,0.2986365969457462,3,5,0.1,24.81191469883323,0.3494626523819865,1,0.839685920758112,1.47,0.3,1,10,1,0.5817921432354252,0.8,0.3494626523819865,0.3494626523819865,1,4.9,-1.2044585467721358
0.0195426550922379,5.297180956449503e-05,901.3507740999992,6.379157426722824,0.006676942427206,3,5,0.1,1.9054142527251623,0.3872976944621737,1,0.2426141384844871,1.47,0.3,1,10,1,0.1989725035575325,0.8,0.3872976944621737,0.3872976944621737,1,4.9,-2.4556523378087736
0.1509709870325713,0.0050327655854664,61.35204606349243,3.510189525289844,0.0188254499051883,3,5,0.1,3.0875167528117937,0.6842576191532945,1,0.6228736394610298,1.47,0.3,1,10,1,0.6259427739070066,0.8,0.6842576191532945,0.6842576191532945,1,4.9,-4.723399061251631
0.0706736543669634,0.0020695125992787,109.88310209873696,2.2765383586841783,0.0111498968596854,3,5,0.1,4.488627151097995,0.9925421661917344,1,0.322513319981376,1.47,0.3,1,10,1,0.453995932179912,0.8,0.9925421661917344,0.9925421661917344,1,4.9,-6.835060963592666
0.0012130886798707,9.323629416764748e-05,27.250902113926067,3.195972411382563,0.0852155598728317,3,5,0.1,4.083814453130833,0.8643501940113367,1,0.9060451871466524,1.47,0.3,1,10,1,0.0432716966778931,0.8,0.8643501940113367,0.8643501940113367,1,4.9,-5.692388917970619
0.1659862095472081,0.0029746817423215,158.21321204305488,2.609949275120073,0.0018344757291042,3,5,0.1,3.892545626209581,0.8605859150423696,1,0.2903393628276773,1.47,0.3,1,10,1,0.8393164683927483,0.8,0.8605859150423696,0.8605859150423696,1,4.9,-5.925265624275558
0.2097779056907893,0.0049144493524232,63.874256284458056,7.098470941818403,0.0463842476343649,3,5,0.1,4.118275858564019,0.3278081500739999,1,0.421598413232305,1.47,0.3,1,10,1,0.7529345629383157,0.8,0.3278081500739999,0.3278081500739999,1,4.9,-1.3419299278397947
0.1775798821382629,0.0270682891303751,10.727605681250903,3.1900139154797498,0.0640392754377811,3,5,0.1,223.88460831519603,0.7615105153372043,1,0.75929819710736,1.47,0.3,1,10,1,0.6786707671700715,0.8,0.7615105153372043,0.7615105153372043,1,4.9,-2.558675284282277
0.1029337229736906,0.0127222214647019,14.4336842333364,3.543268278061112,0.1028970719467991,3,5,0.1,11.297643458489356,0.7187171110916468,1,0.7646022443050724,1.47,0.3,1,10,1,0.4612423801256101,0.8,0.7187171110916468,0.7187171110916468,1,4.9,-2.81333061479318
0.1352969422956207,0.0045107385401635,68.36491725578229,3.2974884547209573,0.0168452573039899,3,5,0.1,3.439067119836165,0.7146246786569359,1,0.5098884051098035,1.47,0.3,1,10,1,0.6119872522591883,0.8,0.7146246786569359,0.7146246786569359,1,4.9,-4.6241232149471125
0.0650044004298629,1.2701146644492734e-07,1350965.638954901,5.536972554891799,3.169279519853865e-06,3,5,0.1,1.908825695509437,0.4137916534580979,1,0.0060176782485802,1.47,0.3,1,10,1,0.4094931924644902,0.8,0.4137916534580979,0.4137916534580979,1,4.9,-2.7910746985897603
0.3345120185729688,0.0001534934137457,2035.759154201084,10.17100493205787,0.0024752819502528,3,5,0.1,1.1216002883545229,0.2185960633253477,1,0.5851816164510855,1.47,0.3,1,10,1,0.9453676579954802,0.8,0.2185960633253477,0.2185960633253477,1,4.9,-1.336387274651381
0.0683512400582284,0.0038035748951132,45.87811066063028,2.6575025040566764,0.0321526163646528,3,5,0.1,4.626628184757346,0.905641069478589,1,0.5264691046773836,1.47,0.3,1,10,1,0.398136445382194,0.8,0.905641069478589,0.905641069478589,1,4.9,-5.5568220871930585
0.0735997074423704,0.0006998695082425,368.2173231270004,2.567496756495014,0.0037427786567006,3,5,0.1,4.063834097106281,0.8590182158811904,1,0.1770128166164856,1.47,0.3,1,10,1,0.4905359235437547,0.8,0.8590182158811904,0.8590182158811904,1,4.9,-5.650203556684118
0.1833240374763376,0.0030810366275904,183.4113169014412,2.2535036650470763,-0.0005107921836588,3,5,0.1,6.717905287168231,0.9971686612305372,1,0.208066791127133,1.47,0.3,1,10,1,0.9893810099940517,0.8,0.9971686612305372,0.9971686612305372,1,4.9,-5.085107758131395
0.2619010358079187,0.005333537076847,74.44002444407167,6.199961541914001,0.0221848929134962,3,5,0.1,3.22298478250693,0.3645480520331976,1,0.4912592380330858,1.47,0.3,1,10,1,0.9205618882734572,0.8,0.3645480520331976,0.3645480520331976,1,4.9,-1.6508547799184754
0.3248140499276543,4.409725400186637e-05,5096.939177793291,13.516490269748996,0.001453042553346,3,5,0.1,0.8924410906765894,0.1868668064474772,1,0.9453261117046816,1.47,0.3,1,10,1,0.8043578613636968,0.8,0.1868668064474772,0.1868668064474772,1,4.9,-1.2179436277732414
0.0568571029789229,0.0003814968355885,429.1825046567654,4.386868069942323,0.0075655346334882,3,5,0.1,3.026888430422782,0.5243336892642967,1,0.1970242576802905,1.47,0.3,1,10,1,0.3840551587909585,0.8,0.5243336892642967,0.5243336892642967,1,4.9,-2.933461977807576
0.215083703344727,0.0075638008019601,53.905633241965,3.633441574853752,0.0110339430433125,3,5,0.1,3.3235556656941534,0.6426648614858499,1,0.624853237061779,1.47,0.3,1,10,1,0.8246046920833869,0.8,0.6426648614858499,0.6426648614858499,1,4.9,-3.903376060216422
0.0531779884854028,0.0015135130223899,106.55096503729304,3.029757531292718,0.0191309346114075,3,5,0.1,4.274697469249653,0.7629906024829856,1,0.3267937259060189,1.47,0.3,1,10,1,0.3700148890001399,0.8,0.7629906024829856,0.7629906024829856,1,4.9,-4.358526058814838
0.2284150082383894,0.0174714031879063,22.17864130067847,2.6848892017976644,0.0144205166883678,3,5,0.1,4.637236712909453,0.8925059807621801,1,0.9923181007215902,1.47,0.3,1,10,1,0.7951087529244473,0.8,0.8925059807621801,0.8925059807621801,1,4.9,-5.4001443507572136
0.0426196612205908,0.0010513680917864,145.338449106188,2.6073542110653696,0.0131121045815955,3,5,0.1,10.96962104006247,0.8534612226450593,1,0.1955835883859575,1.47,0.3,1,10,1,0.348843208009602,0.8,0.8534612226450593,0.8534612226450593,1,4.9,-3.47587644575918
0.0160442259614186,0.0013592254765139,36.59679953494318,2.4786375650198136,0.054511999950651,3,5,0.1,50.68501190325715,0.9488084488190128,1,0.3597553630786232,1.47,0.3,1,10,1,0.191320048472023,0.8,0.9488084488190128,0.9488084488190128,1,4.9,-3.307148809642098
0.152367286713861,0.0049328855558128,79.41692432697644,2.8655852527990127,0.008078129239308,3,5,0.1,4.498733833559359,0.7944552435619512,1,0.3785279423011374,1.47,0.3,1,10,1,0.7297859576731339,0.8,0.7944552435619512,0.7944552435619512,1,4.9,-4.504141171075781
0.148057217363216,0.013151430288214,11.8206538990797,9.254173492945672,0.3694393791493414,3,5,0.1,20.68316738287643,0.293462042443452,1,0.7231347571163539,1.47,0.3,1,10,1,0.5149334795089802,0.8,0.293462042443452,0.293462042443452,1,4.9,-1.0117005493499782
0.1850405436713539,0.0104571759151651,42.28994202443928,2.4076935309966827,0.0051953926738873,3,5,0.1,6.5507078102168,0.950787610415309,1,0.4660480222117497,1.47,0.3,1,10,1,0.8336654004204965,0.8,0.950787610415309,0.950787610415309,1,4.9,-4.792274100561648
0.0082408972404198,0.0008269204885106,22.90209139562665,3.3912620425063613,0.109686902182752,3,5,0.1,8.179253834764305,0.766650778940203,1,0.6052506059379131,1.47,0.3,1,10,1,0.121613579856092,0.8,0.766650778940203,0.766650778940203,1,4.9,-3.2708590720153943
0.0632732595445894,0.0034206148357683,42.55872852338898,3.06817674662756,0.0418485213930326,3,5,0.1,3.910875962743032,0.8153639006198463,1,0.632251601305261,1.47,0.3,1,10,1,0.3610898644135742,0.8,0.8153639006198463,0.8153639006198463,1,4.9,-5.292521876551691
0.0014156079758163,5.427005443115021e-05,52.8832666090624,4.673626491048988,0.0684890757918045,3,5,0.1,2.8393677906643995,0.6022560600763334,1,0.7943729315834629,1.47,0.3,1,10,1,0.0463980380919139,0.8,0.6022560600763334,0.6022560600763334,1,4.9,-3.974669608976856
0.1940761704690301,0.0075453906466654,34.371634690722765,6.669807142382963,0.0760558311188619,3,5,0.1,3.393996944004449,0.3831704078889701,1,0.8248338046206376,1.47,0.3,1,10,1,0.6415865533067323,0.8,0.3831704078889701,0.3831704078889701,1,4.9,-1.734018966154375
0.0001034163063935,6.217519541633931e-06,49.37095895330064,2.7303412259907875,0.0489343193598107,3,5,0.1,5.528150522425476,0.8951234203719037,1,0.4484996752055141,1.47,0.3,1,10,1,0.0144455064652685,0.8,0.8951234203719037,0.8951234203719037,1,4.9,-4.795595273263948
0.2055045979651727,0.005834392781605,85.63286750134777,2.8118950124657256,0.0013689415843274,3,5,0.1,3.9061551106762975,0.8068699826302255,1,0.4106414496239139,1.47,0.3,1,10,1,0.9317010746334023,0.8,0.8068699826302255,0.8068699826302255,1,4.9,-5.192033557700669
0.2370247763972294,0.0146805483572175,32.49129078005677,3.9881180529505342,0.0091495619997808,3,5,0.1,43.09022353275404,0.563151227055923,1,0.3719342579277604,1.47,0.3,1,10,1,0.9979906031869206,0.8,0.563151227055923,0.563151227055923,1,4.9,-1.936214872854963
0.1555940377674524,0.0053677755298634,63.09920934910217,3.1627152286063707,0.0141707638695268,3,5,0.1,3.3207812973884736,0.7454540469834459,1,0.564921006589389,1.47,0.3,1,10,1,0.6651920090725253,0.8,0.7454540469834459,0.7454540469834459,1,4.9,-5.217966835822242
0.2063452355731686,2.565125478317238e-05,17041.725590185182,5.594545407810831,9.7713787762127e-05,3,5,0.1,1.6811471298364526,0.3874541718640968,1,0.0672020335144784,1.47,0.3,1,10,1,0.898157904010428,0.8,0.3874541718640968,0.3874541718640968,1,4.9,-2.7940549662558194
0.0643675764561814,0.0002591144385067,500.4493298375644,7.490077221145694,0.0120814779976225,3,5,0.1,2.3119212093459125,0.3279289837916005,1,0.2440443943598956,1.47,0.3,1,10,1,0.3676013800518546,0.8,0.3279289837916005,0.3279289837916005,1,4.9,-1.6338434735082217
0.1917327044565305,0.0216386229355568,18.319859166925287,2.354830434181569,0.0127086508462073,3,5,0.1,40.3990506089353,0.986362648475836,1,0.56874757774495,1.47,0.3,1,10,1,0.8075110296130701,0.8,0.986362648475836,0.986362648475836,1,4.9,-3.48649955656457
0.0604110059442019,7.574906945102789e-05,889.7691031413195,14.411245669166265,0.0142512901148113,3,5,0.1,1.6231764910583184,0.1946117327049699,1,0.3336675658592483,1.47,0.3,1,10,1,0.3024121473485878,0.8,0.1946117327049699,0.1946117327049699,1,4.9,-0.9006755395498605
0.1714254107128156,0.0019264064476788,209.26023330285653,3.863988172192912,0.0046080375567238,3,5,0.1,2.590178648566611,0.5873906787051065,1,0.353313991142841,1.47,0.3,1,10,1,0.7726731456661022,0.8,0.5873906787051065,0.5873906787051065,1,4.9,-4.158320480834755
0.0318606961147407,0.0004863357362679,221.2695310036196,3.2017572256761,0.0119482241886182,3,5,0.1,4.09347060852769,0.7103679264154206,1,0.2245425726108868,1.47,0.3,1,10,1,0.2868908221182014,0.8,0.7103679264154206,0.7103679264154206,1,4.9,-3.9791124109296137
0.1755069484091383,0.0079122974425256,52.69888147020064,2.447360446490775,0.0064495754626587,3,5,0.1,4.543629873579013,0.9398368031273224,1,0.4979263327822379,1.47,0.3,1,10,1,0.7822641136152438,0.8,0.9398368031273224,0.9398368031273224,1,4.9,-6.055376061363908
0.3812715823753422,8.830002602986161e-05,257.0643763239722,37.40895268176329,0.2228402327255667,3,5,0.1,4.556393892348647,0.0548155140417578,1,0.1823591498551255,1.47,0.3,1,10,1,0.7278546180824189,0.8,0.0548155140417578,0.0548155140417578,1,4.9,-0.1879956189029048
0.0175732868148937,7.697452853582717e-06,8634.775552983665,3.278962508939596,0.0003657743368344,3,5,0.1,3.3692742272256258,0.6769418464018906,1,0.0400927019391567,1.47,0.3,1,10,1,0.2167932185128722,0.8,0.6769418464018906,0.6769418464018906,1,4.9,-4.247914169619585
0.1431765526442562,0.0094426598016926,27.87823747467859,2.8157003909266254,0.0334535711419876,3,5,0.1,3.8971911303186433,0.8908943378903477,1,0.9524467775564096,1.47,0.3,1,10,1,0.5568967848861358,0.8,0.8908943378903477,0.8908943378903477,1,4.9,-6.364411162669995
0.195419905931298,0.0097953230131302,38.16719999777929,2.896030341873026,0.0136258278238352,3,5,0.1,3.707883951568213,0.8209717320966851,1,0.7443659788212718,1.47,0.3,1,10,1,0.7459372770695875,0.8,0.8209717320966851,0.8209717320966851,1,4.9,-5.661433856208391
0.1307406534286913,0.0021283057222635,120.5867062447508,6.545854559500637,0.0311556583635788,3,5,0.1,8.164346633066307,0.353499183542884,1,0.2137155700361932,1.47,0.3,1,10,1,0.5866669675672749,0.8,0.353499183542884,0.353499183542884,1,4.9,-1.3107540886182392
0.2600400864871551,0.012909341411999,35.6112330069588,4.329828508198898,0.0116231304097841,3,5,0.1,5.632989563928891,0.5234427299047827,1,0.5220396248368687,1.47,0.3,1,10,1,0.993106450644348,0.8,0.5234427299047827,0.5234427299047827,1,4.9,-2.2278628561457667
0.0235735058216662,0.0001662682399631,542.4812989871584,2.841365327271928,0.0046874141156975,3,5,0.1,4.7201346581710615,0.7792296554035977,1,0.1308911471572802,1.47,0.3,1,10,1,0.2543453382124233,0.8,0.7792296554035977,0.7792296554035977,1,4.9,-4.224850593530233
0.0108848149793366,0.0005581321080984,53.92147905384662,3.3007895717212925,0.0512064776396128,3,5,0.1,4.761470595939322,0.7483504696655174,1,0.45280634288535,1.47,0.3,1,10,1,0.1479680488242896,0.8,0.7483504696655174,0.7483504696655174,1,4.9,-3.939050523730545
0.2282696611952458,0.0009724703064541,255.71806867592213,9.551738287357168,0.018140340006521,3,5,0.1,1.6236543630514504,0.2680385504624616,1,0.7632983287832193,1.47,0.3,1,10,1,0.6821366449282239,0.8,0.2680385504624616,0.2680385504624616,1,4.9,-1.4532438805575438
0.0156346195013101,0.0002937901549766,197.74283520126923,2.841894815605324,0.0133917053432125,3,5,0.1,6.862399278048423,0.7904217689507617,1,0.1869238225325418,1.47,0.3,1,10,1,0.2007935184771905,0.8,0.7904217689507617,0.7904217689507617,1,4.9,-3.603096411626945
0.1297864406646457,0.0028467997678926,114.61528019970376,3.4106802079859166,0.0107174621674198,3,5,0.1,3.325298213108102,0.6744828560999044,1,0.3806951500532611,1.47,0.3,1,10,1,0.6295148471778678,0.8,0.6744828560999044,0.6744828560999044,1,4.9,-4.26843730962225
0.2233915618481422,0.0133914111693781,25.27726113442464,4.188020069550765,0.0373711136738484,3,5,0.1,3.8760984287755096,0.5865268720891668,1,0.9884472194327216,1.47,0.3,1,10,1,0.742549130134675,0.8,0.5865268720891668,0.5865268720891668,1,4.9,-3.022138245991673
0.044219708745549,0.0027762295999519,50.700417040840506,2.503525638165945,0.0335036837390366,3,5,0.1,34.798634337968736,0.9135348344297536,1,0.3038295324202104,1.47,0.3,1,10,1,0.3405110375869875,0.8,0.9135348344297536,0.9135348344297536,1,4.9,-3.243815167760712
0.0861084516958235,0.0035757516786213,39.55080527723234,6.23514349608349,0.0915150271230532,3,5,0.1,3.484276086113294,0.4311704198530187,1,0.7068196106905311,1.47,0.3,1,10,1,0.3926840269865548,0.8,0.4311704198530187,0.4311704198530187,1,4.9,-2.020700032212015
0.0989901841230645,0.0025867640768175,119.15847926901044,2.313242244148402,0.0075459345821202,3,5,0.1,4.514968824640544,0.9709883535810112,1,0.3068822057145214,1.47,0.3,1,10,1,0.5694355011065607,0.8,0.9709883535810112,0.9709883535810112,1,4.9,-6.49672487006717
0.1980022087988872,0.0012418814323528,393.7574074888351,4.0689845363803165,0.0014948070856972,3,5,0.1,3.2677583903380523,0.5437014449701424,1,0.1956493128384834,1.47,0.3,1,10,1,0.9308085277224554,0.8,0.5437014449701424,0.5437014449701424,1,4.9,-2.9624425760051585
0.0147112392893463,0.001213461004582,28.649627554980267,2.8136990634357493,0.0708583275695852,3,5,0.1,5.25036452317406,0.9204069947275384,1,0.675641192145602,1.47,0.3,1,10,1,0.1624925825208379,0.8,0.9204069947275384,0.9204069947275384,1,4.9,-5.191604256575753
0.182120670436315,0.0144330892612478,22.82969057463584,2.75947043874316,0.0259715460170313,3,5,0.1,5.0300722652423815,0.8787866037606782,1,0.8541527503521124,1.47,0.3,1,10,1,0.6829553203916419,0.8,0.8787866037606782,0.8787866037606782,1,4.9,-4.945187662496002
0.4137233477651897,0.0001734080198612,1367.9669673783387,13.973491058557046,0.005984277478716,3,5,0.1,1.089105106516092,0.1645639777596234,1,0.9891943928057104,1.47,0.3,1,10,1,0.9770665778787528,0.8,0.1645639777596234,0.1645639777596234,1,4.9,-0.8472639890005027
0.1701475704961656,0.0005085632539449,869.0312521917316,4.196168952275876,0.0011614175383857,3,5,0.1,5.040238503292192,0.5250014489549355,1,0.0963877737242883,1.47,0.3,1,10,1,0.8335510343030557,0.8,0.5250014489549355,0.5250014489549355,1,4.9,-2.31189990692206
0.0078305788182418,0.0003368735103493,86.05442234547897,2.5127530489089343,0.0276776463919258,3,5,0.1,37.9887231300751,0.9001465796844352,1,0.2278305473712754,1.47,0.3,1,10,1,0.1394221360259675,0.8,0.9001465796844352,0.9001465796844352,1,4.9,-3.1760900634787603
0.121415325594148,0.0066741332728653,42.41524792315938,2.997338180816016,0.0260490409437547,3,5,0.1,5.137676773986982,0.7873622643163934,1,0.5050498968281364,1.47,0.3,1,10,1,0.5735980068972942,0.8,0.7873622643163934,0.7873622643163934,1,4.9,-4.0854568263761655
0.0355677788993531,0.00200638141751,49.02138896012663,2.9181239238911205,0.0425483700670516,3,5,0.1,5.451636563765728,0.8259147664975885,1,0.4476399003137978,1.47,0.3,1,10,1,0.2802779159206047,0.8,0.8259147664975885,0.8259147664975885,1,4.9,-4.258367093042458
0.1973243116686915,0.0005950834325803,789.5238155546983,4.522393624785115,0.0011307133537857,3,5,0.1,2.79169481051614,0.4862642078492238,1,0.1571380592332102,1.47,0.3,1,10,1,0.9114038798152396,0.8,0.4862642078492238,0.4862642078492238,1,4.9,-2.730712332008516
0.0473709996117152,0.0024223691104203,38.16213702127925,4.2821169866592665,0.0711934608301345,3,5,0.1,3.416282445923249,0.6285617383186988,1,0.7851897607152964,1.47,0.3,1,10,1,0.2851405932568009,0.8,0.6285617383186988,0.6285617383186988,1,4.9,-3.671355064235744
0.0692299860694703,0.0035173104099933,57.14268743493506,3.0741709940388096,0.031117892264093,3,5,0.1,15.05804928739027,0.7467326451591705,1,0.2990024152986851,1.47,0.3,1,10,1,0.4352321317678925,0.8,0.7467326451591705,0.7467326451591705,1,4.9,-2.8148125090139144
0.1088339150414594,0.0001828847197418,1999.4336710431755,2.8062622418813703,0.000484853985933,3,5,0.1,4.804295235941676,0.7815685253808149,1,0.06722499494394,1.47,0.3,1,10,1,0.6492561390317273,0.8,0.7815685253808149,0.7815685253808149,1,4.9,-4.199200853134114
0.0100822537123075,0.0006931411612973,29.6738401084206,3.5336284773652,0.0842790421642858,3,5,0.1,3.801086660846893,0.7828543076975428,1,0.8971340121116025,1.47,0.3,1,10,1,0.1252918070629467,0.8,0.7828543076975428,0.7828543076975428,1,4.9,-5.02373204112139
0.1674811720213229,0.0029018162432561,172.80142844305132,2.530218674591921,0.000996122737922,3,5,0.1,5.775776972125366,0.884042182408954,1,0.2218963434509612,1.47,0.3,1,10,1,0.8832144865740523,0.8,0.884042182408954,0.884042182408954,1,4.9,-4.583907121575683
0.0195986313139788,0.0008481991108616,59.04257415022111,3.318548825206729,0.0435833573776155,3,5,0.1,3.535884578006752,0.7619339706612598,1,0.551427275399497,1.47,0.3,1,10,1,0.1938956650169605,0.8,0.7619339706612598,0.7619339706612598,1,4.9,-5.108174729718708
0.0284971836534497,0.0012111492284396,45.94211606392326,4.76747247509115,0.0725498740587574,3,5,0.1,3.0878360838330883,0.5771516194292523,1,0.770598290252842,1.47,0.3,1,10,1,0.215160200173516,0.8,0.5771516194292523,0.5771516194292523,1,4.9,-3.411826759509881
0.1460609089824235,0.0065170887166087,62.49222495660918,2.299778260026306,0.0066385645875931,3,5,0.1,7.7986623460639075,0.982622210535994,1,0.3454492748119216,1.47,0.3,1,10,1,0.7404512239581509,0.8,0.982622210535994,0.982622210535994,1,4.9,-4.63936903049154
0.0840132714107552,0.0060828429351791,26.34521582149944,3.0026478501298977,0.0558026956772281,3,5,0.1,4.009660414844829,0.8719483308277579,1,0.9642335357888178,1.47,0.3,1,10,1,0.3929400420602982,0.8,0.8719483308277579,0.8719483308277579,1,4.9,-5.900446181692026
0.4688827269942806,2.873496850930042e-06,26849.276236273363,24.321387611624324,0.0011772098706189,3,5,0.1,0.8098280266659659,0.0787683122365889,1,0.440034630541872,1.47,0.3,1,10,1,0.9340036815767868,0.8,0.0787683122365889,0.0787683122365889,1,4.9,-0.3396442503830261
0.268608106878588,0.0140851201026485,33.56621484703832,3.454803330844482,0.0037221680685881,3,5,0.1,4.252193400605352,0.6663131680385407,1,0.7036395648453008,1.47,0.3,1,10,1,0.9895266615772004,0.8,0.6663131680385407,0.6663131680385407,1,4.9,-3.5011821565225407
0.0054011894527921,0.0002395294237714,70.05017444271593,2.7335774533670576,0.0347817339545453,3,5,0.1,4.501566379934044,0.8792111003914416,1,0.4106663424266542,1.47,0.3,1,10,1,0.1068755508214269,0.8,0.8792111003914416,0.8792111003914416,1,4.9,-5.384636591260187
0.0574698250690236,0.0050648546006603,23.368151102505504,2.6147018363487016,0.0613646364886861,3,5,0.1,4.933294045663677,0.9951197292399688,1,0.8691591812235636,1.47,0.3,1,10,1,0.3240809738539696,0.8,0.9951197292399688,0.9951197292399688,1,4.9,-6.2665185627424185
0.0553265580106668,0.0003497822264823,499.0493850251447,3.631926049150469,0.0051983232884255,3,5,0.1,2.819107886850258,0.6238461320079756,1,0.1990623903937037,1.47,0.3,1,10,1,0.3896005827291678,0.8,0.6238461320079756,0.6238461320079756,1,4.9,-4.299553183710133
0.0050943022381871,8.246197307344347e-06,1387.77027083216,7.606883891951194,0.0055257476878245,3,5,0.1,1.7506883192391514,0.3346199129746632,1,0.2242835609690136,1.47,0.3,1,10,1,0.0974796606080357,0.8,0.3346199129746632,0.3346199129746632,1,4.9,-2.013300428379341
0.0198138881144886,0.0018504819953003,21.78037678676356,2.800824293618984,0.0836755030959111,3,5,0.1,4.7603845348646505,0.9721648167918956,1,0.9789337393809444,1.47,0.3,1,10,1,0.1780210558588671,0.8,0.9721648167918956,0.9721648167918956,1,4.9,-6.190313575595019
0.0379136506921023,0.0021934336295081,42.422717993685794,3.7577549791063176,0.0626715222895402,3,5,0.1,5.397144117871524,0.6606283385947405,1,0.4776682214885637,1.47,0.3,1,10,1,0.2799140264898618,0.8,0.6606283385947405,0.6606283385947405,1,4.9,-3.0824724444026925
0.1780092783594828,0.0059543821671268,68.40953150869386,3.186082048342674,0.008707009476565,3,5,0.1,3.9315569658203846,0.7207217613223263,1,0.4533338126316751,1.47,0.3,1,10,1,0.7811313402206159,0.8,0.7207217613223263,0.7207217613223263,1,4.9,-4.198101911259178
0.1410946347360117,0.0006479825519729,581.3097591787669,4.252664104953452,0.0026075723067739,3,5,0.1,14.410871852431194,0.5201986126109628,1,0.0877544005934167,1.47,0.3,1,10,1,0.7165577404321746,0.8,0.5201986126109628,0.5201986126109628,1,4.9,-1.8934790457257409
0.2086159265759955,0.0040700254242319,107.76612156051183,3.7195585487354577,0.0053332647269246,3,5,0.1,2.805563356926841,0.6154479887056106,1,0.4813255955276637,1.47,0.3,1,10,1,0.8597248071001227,0.8,0.6154479887056106,0.6154479887056106,1,4.9,-4.202642248912561
0.0348085186474595,0.0003646725481362,247.4844102913196,4.75966317998563,0.0156935281280783,3,5,0.1,2.361306307274894,0.5134499878826358,1,0.3581624255046778,1.47,0.3,1,10,1,0.2726391573448488,0.8,0.5134499878826358,0.5134499878826358,1,4.9,-3.4741918234371907
0.0001232475914681,2.551099393035059e-06,92.27664981858248,5.9910378118705285,0.0519449191217249,3,5,0.1,2.277522757944659,0.4799279517621238,1,0.7463988652929063,1.47,0.3,1,10,1,0.0135105406020797,0.8,0.4799279517621238,0.4799279517621238,1,4.9,-3.1472040886591284
0.037958637454706,0.0022996909069654,30.91606619702177,3.962853614655449,0.0809365247618062,3,5,0.1,3.4468521816084827,0.7008439892857005,1,0.988852455221466,1.47,0.3,1,10,1,0.2446329399943072,0.8,0.7008439892857005,0.7008439892857005,1,4.9,-4.445007952536506
0.244660297868016,0.0154188135742049,29.50782156506365,2.773097757890639,0.003646201287283,3,5,0.1,4.723120600959772,0.8380672823110566,1,0.7321906606451586,1.47,0.3,1,10,1,0.920500865342714,0.8,0.8380672823110566,0.8380672823110566,1,4.9,-4.767367087790601
0.1745313344238223,0.0001705488058977,3070.9962023754224,2.2917164885980728,-1.5522031239275938e-05,3,5,0.1,7.301574504188984,0.9560568972971828,1,0.0462177745680212,1.47,0.3,1,10,1,0.9730823410782702,0.8,0.9560568972971828,0.9560568972971828,1,4.9,-4.5888584155500105
0.0245508573858768,0.001025647842639,48.96904286777743,4.417953250664223,0.0645185493001253,3,5,0.1,3.0597634749153544,0.6162243114068322,1,0.7461411864986748,1.47,0.3,1,10,1,0.2012718885917936,0.8,0.6162243114068322,0.6162243114068322,1,4.9,-3.8750699701127695
0.0076323954297979,0.0001594632756185,186.73377721087783,2.4067139203564727,0.0125963687321246,3,5,0.1,5.441946946645781,0.9301857550885468,1,0.2161075025688631,1.47,0.3,1,10,1,0.139353029002093,0.8,0.9301857550885468,0.9301857550885468,1,4.9,-5.15767549352138
0.2200608451896779,0.0222322563403191,17.549356578359788,2.758938221602159,0.0161508111082491,3,5,0.1,8.570232576905843,0.8553218806267732,1,0.7614776925834028,1.47,0.3,1,10,1,0.8229048599501799,0.8,0.8553218806267732,0.8553218806267732,1,4.9,-3.716545261876573
0.0463881194956388,0.0012079197631631,124.64961232542822,2.7640454355327657,0.0156213962006751,3,5,0.1,4.370109465402513,0.8263386620008254,1,0.2983139916730739,1.47,0.3,1,10,1,0.3497818160519426,0.8,0.8263386620008254,0.8263386620008254,1,4.9,-4.929308256552846
0.1569902930677053,1.909368016497829e-05,6522.13304212838,15.866423416246196,0.0016367611633506,3,5,0.1,0.900809643875367,0.1843842308664072,1,0.7029630078448939,1.47,0.3,1,10,1,0.4834367608816684,0.8,0.1843842308664072,0.1843842308664072,1,4.9,-1.176528070814328
0.2251011419266152,0.0008939713623139,171.09606870633692,16.34082177862728,0.0692492137941218,3,5,0.1,2.102383022683946,0.1605432542279968,1,0.5311544387153174,1.47,0.3,1,10,1,0.6164177269447165,0.8,0.1605432542279968,0.1605432542279968,1,4.9,-0.651168942439929
0.1736878828790109,0.0159492897623987,19.07105574442792,4.578751775091191,0.0710884146029611,3,5,0.1,51.605864714605566,0.5170456319170175,1,0.4893987818025016,1.47,0.3,1,10,1,0.6963808661578004,0.8,0.5170456319170175,0.5170456319170175,1,4.9,-1.764741494658583
0.0675306804515289,0.0005857566997095,358.2013246722048,3.879056259526477,0.0071770581928772,3,5,0.1,38.60092089401895,0.5771590668820193,1,0.1039393010352708,1.47,0.3,1,10,1,0.4443438829585666,0.8,0.5771590668820193,0.5771590668820193,1,4.9,-1.9934093939866293
0.0289131080440164,0.0006184494304827,155.60694123845107,3.2257888781921613,0.0173328680211618,3,5,0.1,5.090052787787241,0.709179009537788,1,0.2375112736108962,1.47,0.3,1,10,1,0.2701935880454435,0.8,0.709179009537788,0.709179009537788,1,4.9,-3.502611843066207
0.0054615169843586,6.351716915906778e-07,30956.9397019405,3.88706006529464,0.0001328989417722,3,5,0.1,2.613893546831699,0.5820815572597067,1,0.0266781996602112,1.47,0.3,1,10,1,0.1160380805463755,0.8,0.5820815572597067,0.5820815572597067,1,4.9,-4.0389033805563885
0.1764652965114738,0.0052354395949151,93.5376650364668,2.3975968626114126,0.0015169505901322,3,5,0.1,5.353212629275867,0.940708751351668,1,0.3233272698945298,1.47,0.3,1,10,1,0.8786017113115757,0.8,0.940708751351668,0.940708751351668,1,4.9,-5.31502463432844
0.183640671591455,0.0094491001387318,34.68136304114541,3.2429087587561005,0.0232435617015394,3,5,0.1,3.5104566668976687,0.7529885111394097,1,0.858646236946371,1.47,0.3,1,10,1,0.675125248989876,0.8,0.7529885111394097,0.7529885111394097,1,4.9,-5.024918641208962
0.1087390821805406,0.0089208086312227,22.927384207929656,2.7362431994614123,0.0489697278486934,3,5,0.1,4.557739116160504,0.9353325197887328,1,0.9603718877423932,1.47,0.3,1,10,1,0.4647068068522946,0.8,0.9353325197887328,0.9353325197887328,1,4.9,-5.982413123935056
0.2360461736668673,0.0146220261097452,31.618266731613552,2.742163627785607,0.0030880728625072,3,5,0.1,5.085405006179093,0.8432496080992423,1,0.6518333917553436,1.47,0.3,1,10,1,0.9243912739014112,0.8,0.8432496080992423,0.8432496080992423,1,4.9,-4.584680128989594
0.3038154574726376,0.0040921698870349,102.03166084201858,6.054520707784599,0.0122554006798055,3,5,0.1,2.2328822869119773,0.377042311165031,1,0.714998364378606,1.47,0.3,1,10,1,0.9848883718758762,0.8,0.377042311165031,0.377042311165031,1,4.9,-2.0739550825934643
0.2563994473789458,0.0373579202790473,9.3922715288904,3.7881403702669214,0.0482551409031622,3,5,0.1,23.74373712674663,0.6331770957083548,1,0.9863103949148784,1.47,0.3,1,10,1,0.8500832283477127,0.8,0.6331770957083548,0.6331770957083548,1,4.9,-2.2506320277475327
0.0616414862652794,0.0040838499470844,42.48755528308672,2.640759774310037,0.0362339217093953,3,5,0.1,9.463927220087037,0.8850484864173145,1,0.3963539758840391,1.47,0.3,1,10,1,0.3951761631874934,0.8,0.8850484864173145,0.8850484864173145,1,4.9,-3.773593247668595
0.0101411867779697,0.0011406535825936,17.652187431499524,4.012860526075343,0.1563438923064384,3,5,0.1,8.15528054242238,0.6760978888003685,1,0.7287209927686844,1.47,0.3,1,10,1,0.1295955616633725,0.8,0.6760978888003685,0.6760978888003685,1,4.9,-2.7941642198324264
0.1064912308626782,0.0006223732751182,548.442007357116,3.168260364773679,0.0023022645284279,3,5,0.1,23.267102215765245,0.6953930513654888,1,0.0883756869812733,1.47,0.3,1,10,1,0.6227739722637319,0.8,0.6953930513654888,0.6953930513654888,1,4.9,-2.491744235250472
0.011810120248146,0.000364174300854,119.99288270901664,2.5723598451723872,0.0199835245728923,3,5,0.1,8.380614717571275,0.8783727356402925,1,0.2312976653304687,1.47,0.3,1,10,1,0.1722280683520012,0.8,0.8783727356402925,0.8783727356402925,1,4.9,-3.87575022083801
0.1150202733969415,0.0064683208175021,20.115130926529577,10.30680853143872,0.3006028581281464,3,5,0.1,9.626173524309657,0.2659174132681583,1,0.5749965498938023,1.47,0.3,1,10,1,0.4437561852794214,0.8,0.2659174132681583,0.2659174132681583,1,4.9,-0.9474618994321792
0.2010814567741413,0.0139023813832726,26.03096920935763,2.822651386341892,0.0187274752693784,3,5,0.1,4.507121473729458,0.8502033406653494,1,0.8421993965905316,1.47,0.3,1,10,1,0.7402288596214529,0.8,0.8502033406653494,0.8502033406653494,1,4.9,-5.062086633511472
0.1340361633746821,0.0091032650951113,33.052594837578226,2.57265877334554,0.0237388148605389,3,5,0.1,5.615768735367154,0.9205541595628568,1,0.5810608686003791,1.47,0.3,1,10,1,0.6041479464379642,0.8,0.9205541595628568,0.9205541595628568,1,4.9,-4.969150284977832
0.0027226885579271,2.691202491376196e-05,432.809299723294,2.369945706021477,0.0057954024583649,3,5,0.1,33.77999867486335,0.9225537910872844,1,0.1003890093168154,1.47,0.3,1,10,1,0.0854020200983567,0.8,0.9225537910872844,0.9225537910872844,1,4.9,-3.2844824724531296
0.045469537976949,0.0011128748676622,132.13105673494954,2.753447942865173,0.0147834737703156,3,5,0.1,3.964803260936685,0.8316543868822914,1,0.3095444828964029,1.47,0.3,1,10,1,0.3444289087258961,0.8,0.8316543868822914,0.8316543868822914,1,4.9,-5.429670396711976
0.1089698249924841,0.0018515314784646,119.29818407314004,5.0583726214152005,0.0226871050323428,3,5,0.1,2.5116322800681106,0.4862405924744715,1,0.5071837838550668,1.47,0.3,1,10,1,0.4974618376141204,0.8,0.4862405924744715,0.4862405924744715,1,4.9,-2.9561720945576706
0.2059424359307096,0.0155852756920133,25.125404876370613,2.9113445010969743,0.015527041350194,3,5,0.1,6.064702993576434,0.8068281282356026,1,0.6714614167714466,1.47,0.3,1,10,1,0.8007017032640875,0.8,0.8068281282356026,0.8068281282356026,1,4.9,-3.900088673237331
0.2080885561887197,1.375777075047643e-05,27260.62841200381,6.93627131585678,0.0001136197794021,3,5,0.1,7.497059084262307,0.3111865333984715,1,0.0142048292069285,1.47,0.3,1,10,1,0.8353682846119845,0.8,0.3111865333984715,0.3111865333984715,1,4.9,-1.1485248774075014
0.0716726378541295,0.0017389790946164,63.65748764218497,6.746689539074171,0.0648528278600202,3,5,0.1,2.408593283088857,0.4230421090707736,1,0.9171240635733277,1.47,0.3,1,10,1,0.3346462245570499,0.8,0.4230421090707736,0.4230421090707736,1,4.9,-2.389353841971176
0.1930793283894264,0.0076640980496529,45.046816721363626,3.863761756775949,0.0214902171396706,3,5,0.1,3.282553091328849,0.6224377058929351,1,0.7221217108981205,1.47,0.3,1,10,1,0.7176958282768701,0.8,0.6224377058929351,0.6224377058929351,1,4.9,-3.721244586095473
0.1634687860496407,0.0074073327559507,36.03740539620822,4.475904959623347,0.0446667558844954,3,5,0.1,3.258602730129356,0.5667336468823894,1,0.8821045002793916,1.47,0.3,1,10,1,0.5932573999806141,0.8,0.5667336468823894,0.5667336468823894,1,4.9,-3.179314649629552
0.1167892504217292,0.0142938746068006,15.887947155413611,2.8089336816542114,0.0633561316004529,3,5,0.1,13.152785007133746,0.8760570780001289,1,0.7015238565522962,1.47,0.3,1,10,1,0.5199253068817109,0.8,0.8760570780001289,0.8760570780001289,1,4.9,-3.457542397972335
0.0185713504064715,0.0003147823121066,170.9511878433615,3.860502107665919,0.0197061964667049,3,5,0.1,2.792078642425965,0.6259372804320076,1,0.3619307896222359,1.47,0.3,1,10,1,0.1996949204245138,0.8,0.6259372804320076,0.6259372804320076,1,4.9,-4.374989524382603
0.3999428567999386,1.674280294263893e-07,768820.6765649827,21.698911873230017,2.2064148343817025e-05,3,5,0.1,0.5276753717473273,0.1126730750197423,1,0.8584428817853995,1.47,0.3,1,10,1,0.8499853311377751,0.8,0.1126730750197423,0.1126730750197423,1,4.9,-0.7485045281516065
0.1825305309134744,0.0058091202519833,43.01308591050631,7.634647139163798,0.0828195400296749,3,5,0.1,3.971476755817051,0.3248249370870549,1,0.5613771951378731,1.47,0.3,1,10,1,0.6384591432281942,0.8,0.3248249370870549,0.3248249370870549,1,4.9,-1.338119238405799
0.0163028752341198,1.9794697417713566e-10,66509721.4128819,20.75575314702739,3.337526566907479e-07,3,5,0.1,0.6167953965518665,0.1405345747951606,1,0.0282929127442744,1.47,0.3,1,10,1,0.1443330688509601,0.8,0.1405345747951606,0.1405345747951606,1,4.9,-1.000192260927074
0.0498366208157834,8.134135527779601e-05,1817.2873317691103,4.6565840798126805,0.0020547466120928,3,5,0.1,3.21988314969608,0.4892266840648149,1,0.0885090786881151,1.47,0.3,1,10,1,0.3610700852196167,0.8,0.4892266840648149,0.4892266840648149,1,4.9,-2.526442542987489
0.0978282375443235,0.0034149855352129,78.00274217164598,3.5022891331973813,0.0215376362024244,3,5,0.1,7.921615815660608,0.6521829252842157,1,0.2848225582016058,1.47,0.3,1,10,1,0.536808095310516,0.8,0.6521829252842157,0.6521829252842157,1,4.9,-2.6908641136073044
0.2876943064123499,0.0097794357882693,36.34393243157276,6.297332618012399,0.0431881406985664,3,5,0.1,3.083093600511969,0.381253402313525,1,0.9496534599674228,1.47,0.3,1,10,1,0.8692773546856313,0.8,0.381253402313525,0.381253402313525,1,4.9,-1.7862452353058202
0.0375216217034282,0.0027952153525377,39.80661619626959,2.8202678672103705,0.0501748285177213,3,5,0.1,50.455425519520126,0.8280848925533247,1,0.3364000191057898,1.47,0.3,1,10,1,0.3019439374325616,0.8,0.8280848925533247,0.8280848925533247,1,4.9,-2.8701976233547564
0.1855617353609906,0.0178975406381895,18.451348338687744,3.229494690003768,0.0369204000956384,3,5,0.1,8.142852408770485,0.7427172535170734,1,0.7155228568448976,1.47,0.3,1,10,1,0.711857216510363,0.8,0.7427172535170734,0.7427172535170734,1,4.9,-3.14507684157138
0.1432251865707568,0.0118828290203094,29.152851675618543,2.4332678470613107,0.01943076863252,3,5,0.1,16.458244242004927,0.9482303812764652,1,0.4523298603394323,1.47,0.3,1,10,1,0.6773170400829985,0.8,0.9482303812764652,0.9482303812764652,1,4.9,-3.651674982285642
0.1220017568745154,0.0062690683041348,42.50299996522115,2.7542255816481545,0.0240254703146667,3,5,0.1,3.8538278754402246,0.8779326696026267,1,0.6524122186987101,1.47,0.3,1,10,1,0.5463053570786843,0.8,0.8779326696026267,0.8779326696026267,1,4.9,-6.247100341339005
0.0811683574852923,0.0058543236844176,34.293636073766486,2.930418840788732,0.0430781158927497,3,5,0.1,7.746879699199215,0.8131943448419845,1,0.4743023214512146,1.47,0.3,1,10,1,0.4467865988360361,0.8,0.8131943448419845,0.8131943448419845,1,4.9,-3.589935443303749
0.0329790775624811,0.0012292645248362,93.65607118723756,2.2678052328751708,0.01842760738758,3,5,0.1,6.518712206945962,0.997962962131965,1,0.2917376087614764,1.47,0.3,1,10,1,0.2942699184838922,0.8,0.997962962131965,0.997962962131965,1,4.9,-5.175201642312088
0.1658978108456233,0.0083779877943155,32.891549590456286,4.390208078520465,0.0460392410929004,3,5,0.1,3.605584248098919,0.5708089966780835,1,0.8190548576839078,1.47,0.3,1,10,1,0.6104532383635878,0.8,0.5708089966780835,0.5708089966780835,1,4.9,-3.0172597007689337
0.0251245666684055,0.0002286158006632,386.4064398134007,3.339356282717368,0.007685795324418,3,5,0.1,4.274005349131107,0.6753329392683641,1,0.1623670896181712,1.47,0.3,1,10,1,0.2558516731284441,0.8,0.6753329392683641,0.6753329392683641,1,4.9,-3.565767446651281
0.2411053496418271,0.0106631365352739,41.0302441018233,3.717756271774865,0.0097903937338454,3,5,0.1,3.93903901293782,0.6223676567500627,1,0.6337290784691801,1.47,0.3,1,10,1,0.906310643725782,0.8,0.6223676567500627,0.6223676567500627,1,4.9,-3.2859945117021976
0.1146379299978129,0.0001626247860604,2331.3316712493074,2.8883055883978166,0.0004002166564362,3,5,0.1,5.839757302153787,0.7600161609671429,1,0.0566921137749378,1.47,0.3,1,10,1,0.6720204349285183,0.8,0.7600161609671429,0.7600161609671429,1,4.9,-3.6382098191487353
0.0127480987165997,0.0008974377776615,39.06562044610336,3.394755204743324,0.0713161034637094,3,5,0.1,9.421410398947268,0.7205622814877397,1,0.4055918321626393,1.47,0.3,1,10,1,0.1625438825921089,0.8,0.7205622814877397,0.7205622814877397,1,4.9,-2.923611825646105
0.0343025308644232,0.0006943945001636,93.41878624874404,7.572044447543869,0.0660263452553334,3,5,0.1,3.364043600110528,0.3484714123916391,1,0.4053046642603775,1.47,0.3,1,10,1,0.2479602095816758,0.8,0.3484714123916391,0.3484714123916391,1,4.9,-1.5318161839899211
0.1531435372257007,0.0025549811671153,157.57617448665138,3.512506987260759,0.005691703921445,3,5,0.1,4.257615784230792,0.639003705416383,1,0.2605547065365891,1.47,0.3,1,10,1,0.7520710515099799,0.8,0.639003705416383,0.639003705416383,1,4.9,-3.27794072474706
0.1885572719379591,0.0179596284622697,18.717844516488743,2.8728855424204034,0.0296973137220455,3,5,0.1,6.866466155178218,0.8378026204033383,1,0.7961824196913615,1.47,0.3,1,10,1,0.7115456646869813,0.8,0.8378026204033383,0.8378026204033383,1,4.9,-3.9041935405959824
0.1089999338888789,0.0024837450453101,86.6535759747868,4.509817897873222,0.0262183334091657,3,5,0.1,2.539898760570679,0.5565969063627672,1,0.6327424634939588,1.47,0.3,1,10,1,0.4836919738107745,0.8,0.5565969063627672,0.5565969063627672,1,4.9,-3.796677809699809
0.0118264927354984,2.236132710775793e-05,2144.3725423783862,2.8079148185522342,0.0013069364711382,3,5,0.1,10.314974912439505,0.782173878802126,1,0.0500481970007482,1.47,0.3,1,10,1,0.1792838812110505,0.8,0.782173878802126,0.782173878802126,1,4.9,-3.167725389017864
0.2609710539424916,0.0229356750056215,20.1741854931764,2.475849469276713,-0.000466601084219,3,5,0.1,6.455513181970359,0.939514948311194,1,0.8275769018707081,1.47,0.3,1,10,1,0.9559520333046884,0.8,0.939514948311194,0.939514948311194,1,4.9,-4.742050039530867
0.0016539260555257,7.228444490070941e-05,39.07059890040889,6.010152408718865,0.1120719838800895,3,5,0.1,2.9533842988243983,0.4977903100227345,1,0.9848587416928084,1.47,0.3,1,10,1,0.0476817439412387,0.8,0.4977903100227345,0.4977903100227345,1,4.9,-2.734876883206258
0.165839712087498,0.0117009167885645,22.24479406476253,5.272010653989093,0.0868212495345983,3,5,0.1,6.180582940657836,0.4707421902181308,1,0.6633606532266413,1.47,0.3,1,10,1,0.6202722367546584,0.8,0.4707421902181308,0.4707421902181308,1,4.9,-1.908274648518525
0.0532705852160358,0.0042780354838168,25.578320060709046,2.7896326174819763,0.0620966487050822,3,5,0.1,4.476997991615333,0.94001582528679,1,0.8719580086655785,1.47,0.3,1,10,1,0.3088046453291292,0.8,0.94001582528679,0.94001582528679,1,4.9,-6.142929079893529
0.2055000153883729,0.0294340076488605,11.596277905372723,2.5795756617398804,0.0302267796794812,3,5,0.1,20.24389201038371,0.931210879826922,1,0.8754488009103055,1.47,0.3,1,10,1,0.7540032652514413,0.8,0.931210879826922,0.931210879826922,1,4.9,-3.477258773600049
0.0186688284118324,0.0002598763377899,112.37055284550546,7.573446073770268,0.048591224784545,3,5,0.1,1.9476387132423496,0.4018977052192593,1,0.9542373276360352,1.47,0.3,1,10,1,0.15936986241244,0.8,0.4018977052192593,0.4018977052192593,1,4.9,-2.583651997835016
0.153811396974647,0.0078388754013429,41.56466186279852,3.623303233026701,0.0265318276617417,3,5,0.1,5.148328869889801,0.6485140673510489,1,0.4979287324217288,1.47,0.3,1,10,1,0.6646289156085048,0.8,0.6485140673510489,0.6485140673510489,1,4.9,-3.0615725485039498
0.0017751471369093,6.82420818828154e-05,51.00249847502495,6.172527482252541,0.0982942506958851,3,5,0.1,3.407491909288206,0.45099857626043,1,0.6034110435371258,1.47,0.3,1,10,1,0.0530632371312198,0.8,0.45099857626043,0.45099857626043,1,4.9,-2.1750436788852205
0.0349594024814823,0.0002741074355009,430.78819528038144,3.3550873639644734,0.0063983769799676,3,5,0.1,3.0379576327055062,0.6754127228572187,1,0.2009756274530476,1.47,0.3,1,10,1,0.3030377600212776,0.8,0.6754127228572187,0.6754127228572187,1,4.9,-4.67825535242256
0.2562838430304257,0.0128798715780116,36.58263200303559,2.853524337620493,0.0019155329914104,3,5,0.1,3.829944959884313,0.8128004110192397,1,0.7621982093426722,1.47,0.3,1,10,1,0.9488022364159908,0.8,0.8128004110192397,0.8128004110192397,1,4.9,-5.3669936585700135
0.0622685248849943,0.0007981797825515,246.89297973608564,3.242554135486604,0.0085301357542796,3,5,0.1,3.5048107496643204,0.6979370435400822,1,0.2376076629010769,1.47,0.3,1,10,1,0.4187723627171678,0.8,0.6979370435400822,0.6979370435400822,1,4.9,-4.345696335717326
0.1078516002043853,0.0002880995716269,1299.4589287203432,2.4966455888714028,0.0006041788878161,3,5,0.1,131.97136742203796,0.8758306190905306,1,0.0552969847020336,1.47,0.3,1,10,1,0.6573570396107236,0.8,0.8758306190905306,0.8758306190905306,1,4.9,-2.9653545446897
0.1430072317646545,0.0011869871083554,220.34336387671632,6.456236052378932,0.0154687551744062,3,5,0.1,2.323735999652916,0.3692867108941587,1,0.3831977204200338,1.47,0.3,1,10,1,0.5946498925171011,0.8,0.3692867108941587,0.3692867108941587,1,4.9,-1.956419279137401
0.1760733866476001,0.0033389606272688,120.47095846853802,3.632470129760127,0.0068161636111352,3,5,0.1,2.98693928815576,0.6297807697715677,1,0.4138052710774824,1.47,0.3,1,10,1,0.7740867834648679,0.8,0.6297807697715677,0.6297807697715677,1,4.9,-4.132186455344842
0.0312139896056703,1.8162740504422903e-05,2792.6952226211256,10.158846751329763,0.0032393019231854,3,5,0.1,1.2330619819893338,0.2670476191790818,1,0.3494485523842977,1.47,0.3,1,10,1,0.2277415326461996,0.8,0.2670476191790818,0.2670476191790818,1,4.9,-1.7995234396609463
0.1366095307428271,0.0109518654814695,22.955303841391583,2.7932014260663087,0.0411924673608749,3,5,0.1,4.6545261783540335,0.8983256575994024,1,0.924330292344208,1.47,0.3,1,10,1,0.5435913272195636,0.8,0.8983256575994024,0.8983256575994024,1,4.9,-5.447710020288192
0.1248920009487335,0.0008443595489803,318.7771293452495,5.609393168726549,0.0094214220816194,3,5,0.1,2.4716476602715494,0.4141545057986113,1,0.2861069100650389,1.47,0.3,1,10,1,0.5798669422243978,0.8,0.4141545057986113,0.4141545057986113,1,4.9,-2.266774631590996
0.3080366769737361,0.0152212909176933,24.76949300644848,6.424910969805164,0.0565886355327691,3,5,0.1,4.788238621564254,0.3581237738955909,1,0.7411537209508715,1.47,0.3,1,10,1,0.968425784964936,0.8,0.3581237738955909,0.3581237738955909,1,4.9,-1.4461155819783045
0.059890766133176,0.0056709338521771,22.59204293685065,3.423793066666451,0.0860921816114579,3,5,0.1,7.975650920287612,0.7373056263426753,1,0.6114993882447078,1.47,0.3,1,10,1,0.3485675538828072,0.8,0.7373056263426753,0.7373056263426753,1,4.9,-3.1336197260964163
0.0027772546384897,1.8910844855142484e-05,303.099431912376,6.899580046124201,0.0203129637466552,3,5,0.1,1.8401289141158488,0.3951890423572264,1,0.4899521063230043,1.47,0.3,1,10,1,0.0677109266235827,0.8,0.3951890423572264,0.3951890423572264,1,4.9,-2.6404576280908776
0.143019755699202,0.007885058117991,25.519490222837053,6.171062424723956,0.1079480711913085,3,5,0.1,3.817781230918815,0.4343290289306156,1,0.9460681788542596,1.47,0.3,1,10,1,0.5142966736294129,0.8,0.4343290289306156,0.4343290289306156,1,4.9,-1.9709559422871337
0.0023944874092903,1.7413412988286623e-05,591.3805644024693,2.33494723037112,0.0041907531471924,3,5,0.1,9.838041677815298,0.9351943412112356,1,0.0986744845269988,1.47,0.3,1,10,1,0.0801567804428667,0.8,0.9351943412112356,0.9351943412112356,1,4.9,-4.005823399844526
0.1881326676435722,0.0145222675141868,28.3447448991845,2.6398729060867896,0.0110775374802413,3,5,0.1,9.814707551630931,0.8741472618236267,1,0.5103718000834006,1.47,0.3,1,10,1,0.8107785043307857,0.8,0.8741472618236267,0.8741472618236267,1,4.9,-3.678227634550569
0.1400067329488936,0.0011888476604063,278.1242205428363,4.7095286773540606,0.0070789960588158,3,5,0.1,2.959299724278881,0.4814238944576033,1,0.2521373533458239,1.47,0.3,1,10,1,0.6616693303196697,0.8,0.4814238944576033,0.4814238944576033,1,4.9,-2.586592610414373
0.0972247206294274,1.819213320506773e-05,17641.69426189144,2.8544987664332284,6.635912634055372e-05,3,5,0.1,4.500188684147927,0.7656642202861689,1,0.0230045971091374,1.47,0.3,1,10,1,0.5949489570750179,0.8,0.7656642202861689,0.7656642202861689,1,4.9,-4.232488388217459
0.0090005197786108,1.97766294277678e-05,1540.5573354793169,4.168925539560311,0.0027693732740104,3,5,0.1,2.9226176201623564,0.550059736297999,1,0.1065592655751513,1.47,0.3,1,10,1,0.1469471493671172,0.8,0.550059736297999,0.550059736297999,1,4.9,-3.2692132655137103
0.2985546035655221,0.0125596651558031,35.50872223004206,4.467502220584466,0.0116326507519622,3,5,0.1,3.4383979849151207,0.5172152876690552,1,0.8436136374211578,1.47,0.3,1,10,1,0.9960155981634216,0.8,0.5172152876690552,0.5172152876690552,1,4.9,-2.6564229493402847
0.4026300953436948,3.024958485236636e-06,24783.85239515501,23.362191787048104,0.0014792197332186,3,5,0.1,1.421066610525958,0.0780276720162063,1,0.0762633313346666,1.47,0.3,1,10,1,0.8234013181176195,0.8,0.0780276720162063,0.0780276720162063,1,4.9,-0.2983113710252087
0.180146284727371,0.0005244046228839,540.7518204725307,7.672190121199647,0.0075076157759424,3,5,0.1,1.792585522079042,0.3051774256961218,1,0.3553501452227051,1.47,0.3,1,10,1,0.6751771709851778,0.8,0.3051774256961218,0.3051774256961218,1,4.9,-1.6876574835401463
0.1501486980365564,0.0104861123924562,28.51753256104953,2.4394567877110376,0.0236256505033444,3,5,0.1,4.5341800434549775,0.9948639205899286,1,0.7872283481039948,1.47,0.3,1,10,1,0.6092126614183926,0.8,0.9948639205899286,0.9948639205899286,1,4.9,-6.795054763026752
0.1574730647696408,0.0001379685758276,3557.3647804264274,2.4167073067443083,4.2192438233439085e-05,3,5,0.1,7.099025710912141,0.9083094082129998,1,0.0432763389993395,1.47,0.3,1,10,1,0.8839676201869089,0.8,0.9083094082129998,0.9083094082129998,1,4.9,-4.316319793030932
0.2174411118484183,0.0020057429819827,233.0455798959162,4.815926217853282,0.0039291894450831,3,5,0.1,3.4343306932903146,0.4579485275432531,1,0.2432685137525207,1.47,0.3,1,10,1,0.941762651014475,0.8,0.4579485275432531,0.4579485275432531,1,4.9,-2.215962514351893
0.0531067470089209,0.0022959250443174,74.02690124100424,2.63469466090524,0.0230831690432439,3,5,0.1,9.195887868111198,0.8635652538339194,1,0.2913004614611169,1.47,0.3,1,10,1,0.3801356559428745,0.8,0.8635652538339194,0.8635652538339194,1,4.9,-3.686282000049245
0.216021136525921,0.009579487420894,52.65246748926972,2.778214357581267,0.0008660652487302,3,5,0.1,5.601556157166132,0.8183252125633846,1,0.4351535411562875,1.47,0.3,1,10,1,0.960683968889072,0.8,0.8183252125633846,0.8183252125633846,1,4.9,-4.138436631535336
0.0053738302382303,0.0002058284990277,34.78128305003483,10.686500675177165,0.2304767265775516,3,5,0.1,4.076601780276831,0.2861829281654987,1,0.6543450703578295,1.47,0.3,1,10,1,0.0858528605614144,0.8,0.2861829281654987,0.2861829281654987,1,4.9,-1.1408116171215426
0.1731640044301715,0.0097185712433397,39.12844769620838,3.949754861965796,0.0243373470296255,3,5,0.1,31.12089964611481,0.5762019081432109,1,0.3351302177073729,1.47,0.3,1,10,1,0.7718709584222497,0.8,0.5762019081432109,0.5762019081432109,1,4.9,-2.0073956309542167
0.0893543063414623,0.0032270259985178,68.23894012438276,3.836330492242265,0.0301681284206891,3,5,0.1,4.5454756185982506,0.6160519684974854,1,0.3940314271704058,1.47,0.3,1,10,1,0.4768512618046849,0.8,0.6160519684974854,0.6160519684974854,1,4.9,-3.0032499562436152
0.0534066447812697,0.0018477327618147,58.114683100592096,4.487079334240958,0.0497684823212556,3,5,0.1,2.869153634442197,0.59086563963188,1,0.7112566205849928,1.47,0.3,1,10,1,0.3089573959445478,0.8,0.59086563963188,0.59086563963188,1,4.9,-3.7913936503124326
0.0005466488833452,1.076347286980336e-05,167.97802241255062,3.249685685129091,0.0190960165560293,3,5,0.1,3.2445002347720955,0.7281088597601467,1,0.3166075466628896,1.47,0.3,1,10,1,0.0345944174651118,0.8,0.7281088597601467,0.7281088597601467,1,4.9,-5.0948512012692175
0.2551701465687337,0.0219533689537682,19.11107111063252,3.5729248013981385,0.0152986076169335,3,5,0.1,7.380081643618983,0.6522067042904793,1,0.7299042117995347,1.47,0.3,1,10,1,0.9202586230539302,0.8,0.6522067042904793,0.6522067042904793,1,4.9,-2.7387732854476265
0.1618860146665948,0.0042603217483275,106.28843122631206,2.889353744925376,0.0040027029655464,3,5,0.1,8.007290821980972,0.7750303969377417,1,0.2489808575282826,1.47,0.3,1,10,1,0.8215410778198678,0.8,0.7750303969377417,0.7750303969377417,1,4.9,-3.337101333508672
0.2010174951592284,0.0024106742776295,145.42974387598076,5.242579083432411,0.0114247257348142,3,5,0.1,2.195754557740267,0.4504365273173828,1,0.5596395080599763,1.47,0.3,1,10,1,0.7484159012335327,0.8,0.4504365273173828,0.4504365273173828,1,4.9,-2.879988815511684
0.0371527819505451,0.0005748300363078,147.5709104849466,6.103984550372009,0.034306888400505,3,5,0.1,3.257274262156459,0.4080991986021415,1,0.3220605198303778,1.47,0.3,1,10,1,0.274993181336044,0.8,0.4080991986021415,0.4080991986021415,1,4.9,-1.922294048413404
0.0072000712659064,3.86562881070884e-05,790.1743189393097,2.2028193567664704,0.0028020307074987,3,5,0.1,4.507686485479579,0.9898611575188088,1,0.1135563351814056,1.47,0.3,1,10,1,0.1400503034439691,0.8,0.9898611575188088,0.9898611575188088,1,4.9,-6.766700858455238
0.0438940385230711,0.001435180559363,105.32497538352932,2.4713243847700586,0.0165680918402622,3,5,0.1,7.203236959863935,0.9107773276843636,1,0.2606955113290456,1.47,0.3,1,10,1,0.3477419456685603,0.8,0.9107773276843636,0.9107773276843636,1,4.9,-4.306438764282283
0.1657054754473901,0.0098746419295698,32.21668761354888,2.841407989548042,0.0228186107589637,3,5,0.1,4.024682199280228,0.8528666402323847,1,0.7806558400006556,1.47,0.3,1,10,1,0.6478589721310815,0.8,0.8528666402323847,0.8528666402323847,1,4.9,-5.623408202437333
0.1120115279282575,0.0022137234199701,102.88449679895984,4.856567059669167,0.0243104315287888,3,5,0.1,2.637650832705687,0.5055454203276426,1,0.5210778745530396,1.47,0.3,1,10,1,0.5068828497122546,0.8,0.5055454203276426,0.5055454203276426,1,4.9,-3.0484940092262223
0.1718584184906347,0.0016693425748418,183.07999519509883,5.47922853900209,0.0119222751757366,3,5,0.1,2.044904274706951,0.4388574208300538,1,0.5467708626164942,1.47,0.3,1,10,1,0.6609883979705696,0.8,0.4388574208300538,0.4388574208300538,1,4.9,-2.930153878374904
0.1058336249955882,0.0151908542259286,13.242948945342622,2.517741043536306,0.0707009710211476,3,5,0.1,17.450673094157285,0.9912826708629884,1,0.7907460776235115,1.47,0.3,1,10,1,0.4800089274583181,0.8,0.9912826708629884,0.9912826708629884,1,4.9,-3.809159133533506
0.1395727632062001,0.0006855699897301,640.0665980535869,2.7917903496009795,0.0008786322309649,3,5,0.1,3.531537460432386,0.7928910179070748,1,0.147482603594282,1.47,0.3,1,10,1,0.7697165205566314,0.8,0.7928910179070748,0.7928910179070748,1,4.9,-5.5509834017159605
0.1566382246111161,0.0052817713499035,86.34545125432136,2.3388181592247403,0.0031564871726723,3,5,0.1,8.338547550471581,0.9600424571858428,1,0.2836452639738925,1.47,0.3,1,10,1,0.8126333854371656,0.8,0.9600424571858428,0.9600424571858428,1,4.9,-4.375626413344577
0.2029401452948461,0.0061010153887366,79.10939400113566,3.242568842190724,0.0034185550563215,3,5,0.1,4.701787674764156,0.6967329722168796,1,0.3672685679198467,1.47,0.3,1,10,1,0.9174664843518902,0.8,0.6967329722168796,0.6967329722168796,1,4.9,-3.5498570297207195
0.0312913943167161,0.001920696813642,33.65071917713598,3.784493053429492,0.0753652276183211,3,5,0.1,3.816651133391285,0.7085199991880426,1,0.7706314253554841,1.47,0.3,1,10,1,0.2307813440155671,0.8,0.7085199991880426,0.7085199991880426,1,4.9,-4.16647623748169
0.1818316142527088,0.0086927168520763,42.64325141074718,2.756316670621368,0.01247775234002,3,5,0.1,3.755152760521648,0.8573418208847796,1,0.6736836801035442,1.47,0.3,1,10,1,0.7276744816533979,0.8,0.8573418208847796,0.8573418208847796,1,4.9,-6.115899362903619
0.0896661291389002,0.0013124399897104,150.55595209980555,4.767642805703208,0.0186160850601985,3,5,0.1,2.4155870567234947,0.5129855891298643,1,0.4659973084928394,1.47,0.3,1,10,1,0.4510764388161151,0.8,0.5129855891298643,0.5129855891298643,1,4.9,-3.38951889788886
0.2633902132018865,4.971955204450485e-05,6192.8978928722,9.88211377557744,0.0010346782605502,3,5,0.1,1.464158975430286,0.2129656953071118,1,0.1451188716740853,1.47,0.3,1,10,1,0.8563112991825971,0.8,0.2129656953071118,0.2129656953071118,1,4.9,-1.0745900716279984
0.1794747658163662,0.0030026433461964,179.81444710185468,2.2797755211238635,-7.50593176084561e-05,3,5,0.1,4.7558323733072685,0.9851811698809652,1,0.2445585831536552,1.47,0.3,1,10,1,0.9475810112148926,0.8,0.9851811698809652,0.9851811698809652,1,4.9,-6.356275928080139
0.2222400973563456,0.0121370201001688,20.49982495521884,7.9994189054483265,0.1520289662917524,3,5,0.1,5.084354805109951,0.3181660721592028,1,0.8080439289674853,1.47,0.3,1,10,1,0.6879398233361974,0.8,0.3181660721592028,0.3181660721592028,1,4.9,-1.2418865188420938
0.1378572608503576,0.0032358641222665,59.86219035889391,7.286216423692247,0.0623657974150527,3,5,0.1,2.597047664919637,0.3684642550237239,1,0.7990945043975848,1.47,0.3,1,10,1,0.5028890655427347,0.8,0.3684642550237239,0.3684642550237239,1,4.9,-1.8360300079718463
0.186238981963667,0.0026099304273383,214.9757163350621,2.363490851492914,-0.0003397488348259,3,5,0.1,4.56418916715454,0.9508729545089022,1,0.2276983550812991,1.47,0.3,1,10,1,0.986226444294946,0.8,0.9508729545089022,0.9508729545089022,1,4.9,-6.1678258666137
0.2007513444053467,0.0080683717633868,53.7753000039791,2.9584963916642275,0.0065402667824489,3,5,0.1,3.972467525398733,0.7793180522848483,1,0.5341657612256369,1.47,0.3,1,10,1,0.8385707793452241,0.8,0.7793180522848483,0.7793180522848483,1,4.9,-4.790670439736672
0.0430643868304506,0.0025713162023909,40.81024242235881,3.510607841803108,0.0581295638316114,3,5,0.1,5.125526970059648,0.7070837748728552,1,0.5100782947500871,1.47,0.3,1,10,1,0.2989144264274267,0.8,0.7070837748728552,0.7070837748728552,1,4.9,-3.4757637620740143
0.0136494088717986,9.717345974182194e-05,515.0125925733064,3.3462193828340427,0.0063496263134524,3,5,0.1,5.229720772599577,0.6719148008374041,1,0.1254610236966075,1.47,0.3,1,10,1,0.1868634611664772,0.8,0.6719148008374041,0.6719148008374041,1,4.9,-3.1986200348077176
0.2182811788454713,0.0035529636175168,87.49085707611347,5.702917766461922,0.0214344318747972,3,5,0.1,2.114152375109021,0.4407835024653213,1,0.9543571505556554,1.47,0.3,1,10,1,0.7002708598471838,0.8,0.4407835024653213,0.4407835024653213,1,4.9,-2.8611953515881607
0.0014264750383429,6.238825228129936e-07,7607.146167414918,4.578751919705838,0.0006517254458411,3,5,0.1,3.189311320046268,0.5044407990391775,1,0.0437207951884089,1.47,0.3,1,10,1,0.0575306854387789,0.8,0.5044407990391775,0.5044407990391775,1,4.9,-2.664997781788625
0.0294505087691071,0.001199648788473,74.7579362890712,2.813425989881352,0.0291129972763648,3,5,0.1,4.676526625722259,0.8387578431302426,1,0.3821884064153887,1.47,0.3,1,10,1,0.2609580952248411,0.8,0.8387578431302426,0.8387578431302426,1,4.9,-4.807969083941441
0.1925208875657814,0.0124952110963267,28.909342992384843,3.0021858293884924,0.0196004911333233,3,5,0.1,4.647911693798944,0.7933858611598322,1,0.7291452224150454,1.47,0.3,1,10,1,0.7373608296556753,0.8,0.7933858611598322,0.7933858611598322,1,4.9,-4.395199588419765
4.429779247088399e-05,2.171303438500488e-06,20.63922709566389,13.675718533899715,0.4424364430806219,3,5,0.1,4.728877884650586,0.2451297373687279,1,0.91023015549929,1.47,0.3,1,10,1,0.0072964103288728,0.8,0.2451297373687279,0.2451297373687279,1,4.9,-0.9295277926070558
0.2682158599232915,0.0181377973625196,25.7070914043684,3.071713800200756,0.0023809447789338,3,5,0.1,4.974100384196036,0.7540645080889024,1,0.7772328357935727,1.47,0.3,1,10,1,0.9750956325162596,0.8,0.7540645080889024,0.7540645080889024,1,4.9,-3.8893105103615824
0.0022998813204303,4.058440481871397e-05,103.17177485276908,9.520446469872525,0.0894502001973834,3,5,0.1,7.419472724111295,0.2802945903681003,1,0.2414032383695512,1.47,0.3,1,10,1,0.0623126895292572,0.8,0.2802945903681003,0.2802945903681003,1,4.9,-1.0246361779811135
0.1411340736242605,0.0005511826623816,831.6085981614723,2.681106511274307,0.0005416781084474,3,5,0.1,7.839275379528342,0.8234584384671193,1,0.08755625335185,1.47,0.3,1,10,1,0.7961884382638584,0.8,0.8234584384671193,0.8234584384671193,1,4.9,-3.636057619997514
0.0127331375039435,0.0002215577651005,199.83199266841748,2.9814213780075463,0.0138973963976676,3,5,0.1,3.5187680868723823,0.772228153320614,1,0.2690883232912003,1.47,0.3,1,10,1,0.1746279660654944,0.8,0.772228153320614,0.772228153320614,1,4.9,-5.275570291300023
0.0785630306602684,1.307481596274266e-07,283671.9319745967,27.11975924809938,9.186177537247604e-05,3,5,0.1,0.6699693881344675,0.1132066561905905,1,0.3034829788643454,1.47,0.3,1,10,1,0.304191313477176,0.8,0.1132066561905905,0.1132066561905905,1,4.9,-0.6229764945611063
0.0903783109886228,1.1207066408274565e-05,26049.708251127428,3.4226037755341427,6.654241086824547e-05,3,5,0.1,4.097051769911911,0.6432176020987316,1,0.0198679741930512,1.47,0.3,1,10,1,0.553263572652973,0.8,0.6432176020987316,0.6432176020987316,1,4.9,-3.383515594212965
0.1975052259960881,0.0058647005473745,80.25031190071745,3.0829255421377377,0.0036213626131601,3,5,0.1,4.170569458315078,0.7357630323510914,1,0.3976015627237275,1.47,0.3,1,10,1,0.8884634958163454,0.8,0.7357630323510914,0.7357630323510914,1,4.9,-4.168452366774276
0.0892446850070257,0.0036778398581507,49.74711869990276,3.5954227117833435,0.0372151238423483,3,5,0.1,3.1321043046744044,0.707081501683686,1,0.7217162068746815,1.47,0.3,1,10,1,0.4251212533584092,0.8,0.707081501683686,0.707081501683686,1,4.9,-4.980394218618997
0.0439183610063693,0.0015521744713706,53.132261990800906,4.704481566809417,0.0578551855852666,3,5,0.1,2.718327457377511,0.5871719231402498,1,0.8574740261834216,1.47,0.3,1,10,1,0.2666617590720293,0.8,0.5871719231402498,0.5871719231402498,1,4.9,-3.946137962862839
0.097966269069837,0.0016656969194287,125.42547051954604,6.226395385883861,0.0322553956686831,3,5,0.1,7.026406921469826,0.3773729938300714,1,0.2201481651499159,1.47,0.3,1,10,1,0.492398566274846,0.8,0.3773729938300714,0.3773729938300714,1,4.9,-1.4381344672618948
0.1053782015377838,0.0001345961760683,872.7500576827958,11.32647137902029,0.0081137692774576,3,5,0.1,1.1966810069721807,0.2653130368859216,1,0.908531700803018,1.47,0.3,1,10,1,0.3915654412111653,0.8,0.2653130368859216,0.2653130368859216,1,4.9,-1.8322113811168137
0.1747766887221996,0.0035170926168626,114.64546045719,3.575382423881324,0.0069612618599106,3,5,0.1,3.1094290819678894,0.6393030875290089,1,0.4082125470838229,1.47,0.3,1,10,1,0.7738031293889485,0.8,0.6393030875290089,0.6393030875290089,1,4.9,-4.0960226021455375
0.0040258277753323,0.0003062394528739,31.613813825342653,3.1775584069887666,0.0782713680214466,3,5,0.1,5.090894545926754,0.8193281852198331,1,0.6282663903404258,1.47,0.3,1,10,1,0.0843538602523596,0.8,0.8193281852198331,0.8193281852198331,1,4.9,-4.373434440233426
0.1759770728770662,0.0107851935978862,32.97558228898804,2.4749614948830656,0.0147257200411786,3,5,0.1,4.368179003675107,0.9601805379162568,1,0.7200646633134639,1.47,0.3,1,10,1,0.7030032489233875,0.8,0.9601805379162568,0.9601805379162568,1,4.9,-6.570673546439185
0.0248863400344019,6.315345074486324e-05,857.3807108705297,7.954636676291104,0.0090810233543356,3,5,0.1,5.39609063654666,0.3100497942349485,1,0.0914722635957834,1.47,0.3,1,10,1,0.2226660400140662,0.8,0.3100497942349485,0.3100497942349485,1,4.9,-1.1935125836845015
0.0982409194572984,0.001742084014976,187.35503532110968,2.6644102354921846,0.0056577995224169,3,5,0.1,20.56534369952864,0.8284598215073755,1,0.1572988345754813,1.47,0.3,1,10,1,0.5935680811524076,0.8,0.8284598215073755,0.8284598215073755,1,4.9,-3.0480380284419715
0.1150410048248944,0.012622622427011,16.60588063205787,4.27068737920131,0.1077708510652689,3,5,0.1,28.307810645869665,0.5784780448900934,1,0.5619692749309937,1.47,0.3,1,10,1,0.513913517542031,0.8,0.5784780448900934,0.5784780448900934,1,4.9,-2.024807678667342
0.2056735138379977,0.0065963969184416,47.20434667240683,6.989840156096371,0.0611071238047935,3,5,0.1,6.243897888307803,0.3317507580271088,1,0.3930458912806794,1.47,0.3,1,10,1,0.7503251802815205,0.8,0.3317507580271088,0.3317507580271088,1,4.9,-1.2623331842357055
0.0458957847849176,4.5676133356792974e-06,9667.587305679464,17.11705785309414,0.0016799184857143,3,5,0.1,1.0799933204028913,0.1675953732530694,1,0.2647465245996281,1.47,0.3,1,10,1,0.2537818218027073,0.8,0.1675953732530694,0.1675953732530694,1,4.9,-0.8757538330976598
0.0418202467458067,0.0012003429752001,92.55543839573896,3.4668975326867257,0.0269575256976229,3,5,0.1,3.15049052465653,0.7030821982616627,1,0.4604834583478217,1.47,0.3,1,10,1,0.3008671034869801,0.8,0.7030821982616627,0.7030821982616627,1,4.9,-4.889855556638131
0.0011201221512967,9.88718459782586e-05,27.15114423273801,2.69365715676529,0.0757245866016541,3,5,0.1,5.495981418140167,0.9699855812785066,1,0.6893666309892464,1.47,0.3,1,10,1,0.0440593600191104,0.8,0.9699855812785066,0.9699855812785066,1,4.9,-5.497007519161892
0.0713244444512024,0.0088336572275296,15.363482248125033,3.0283853510325494,0.0968348649875825,3,5,0.1,8.807389630953601,0.8556142156368095,1,0.8307329582703455,1.47,0.3,1,10,1,0.3683083681064849,0.8,0.8556142156368095,0.8556142156368095,1,4.9,-3.688041865043746
0.2094066113234452,0.0032196122362547,124.5534863914408,4.794217946177763,0.0095034632648987,3,5,0.1,2.698798321611355,0.4775260553180976,1,0.4479124782301415,1.47,0.3,1,10,1,0.8284319624921375,0.8,0.4775260553180976,0.4775260553180976,1,4.9,-2.711031631758476
0.0081561346596472,0.0004428759399664,57.02647086836083,2.880626338041964,0.0443811475849906,3,5,0.1,6.66725833882685,0.8283315355748241,1,0.3723052912248313,1.47,0.3,1,10,1,0.1330558700706948,0.8,0.8283315355748241,0.8283315355748241,1,4.9,-3.888279733844893
0.1382048287144743,0.0075907625253836,50.65868363215633,2.436159184044,0.0105131684719292,3,5,0.1,19.60480026188322,0.9269547015054418,1,0.3213959295545945,1.47,0.3,1,10,1,0.7105884978368454,0.8,0.9269547015054418,0.9269547015054418,1,4.9,-3.473007636168818
0.1642263008444874,0.0014141026985544,190.21309153042512,8.08710820647008,0.0260180269283839,3,5,0.1,19.43760008530377,0.2808172747892869,1,0.1445241451971478,1.47,0.3,1,10,1,0.6542694585283146,0.8,0.2808172747892869,0.2808172747892869,1,4.9,-0.968712832869354
0.2128567353656945,0.0243248359150946,17.030338570716907,2.3911959217157404,0.0086198508302645,3,5,0.1,22.28305594388792,0.9731672182225064,1,0.6338710530299498,1.47,0.3,1,10,1,0.8563601114322066,0.8,0.9731672182225064,0.9731672182225064,1,4.9,-3.611962713019751
0.1782017430780916,3.743694232866271e-05,10629.238024144392,5.449888626935967,0.0001841135046335,3,5,0.1,2.95139507267034,0.4017544171798481,1,0.0391497680677868,1.47,0.3,1,10,1,0.8047309495819467,0.8,0.4017544171798481,0.4017544171798481,1,4.9,-1.9625203393726487
0.2557671798652602,0.0170229969755869,26.54385247239597,2.44586574796654,0.0023360619357603,3,5,0.1,4.352947920226744,0.9580001996066356,1,0.9160504514956302,1.47,0.3,1,10,1,0.9099012784026184,0.8,0.9580001996066356,0.9580001996066356,1,4.9,-6.564187709830897
0.1178374753945475,0.0041010945371925,80.18582635572486,2.3242198301137424,0.00930299824209,3,5,0.1,4.274818687132074,0.9818721490481238,1,0.4004564159582283,1.47,0.3,1,10,1,0.6115217069501302,0.8,0.9818721490481238,0.9818721490481238,1,4.9,-7.052727016754146
0.1620476828932762,0.0001414351016146,3485.179481931543,3.103837724882255,0.000111610192514,3,5,0.1,3.739404757280266,0.712122355367691,1,0.05950052487625,1.47,0.3,1,10,1,0.8725920010410821,0.8,0.712122355367691,0.712122355367691,1,4.9,-4.272037344220455
0.118886086840545,0.0054471529939789,38.74370783882587,3.8819397515692855,0.0441880535949085,3,5,0.1,3.0906471396870434,0.6698778203617199,1,0.9322005919706976,1.47,0.3,1,10,1,0.4799059500402329,0.8,0.6698778203617199,0.6698778203617199,1,4.9,-4.517669265241729
0.1610077750450687,0.0081419937476937,39.09106793034462,3.7666732101419695,0.0292946718338754,3,5,0.1,4.442186618015909,0.6325594871215064,1,0.5757156332810469,1.47,0.3,1,10,1,0.6612862677306016,0.8,0.6325594871215064,0.6325594871215064,1,4.9,-3.1577254515378224
0.0023183855905425,3.292046598862851e-05,277.47104890388056,2.552994488310593,0.0094847374378733,3,5,0.1,4.125857972788938,0.8784468361947316,1,0.2038279892592595,1.47,0.3,1,10,1,0.0761465459570008,0.8,0.8784468361947316,0.8784468361947316,1,4.9,-5.819022666262911
0.1953359557442134,0.0056951272893546,74.2204341207272,3.842592184025275,0.0095858735633656,3,5,0.1,4.06183351937581,0.5929398269775986,1,0.4103963233683791,1.47,0.3,1,10,1,0.8341202315938423,0.8,0.5929398269775986,0.5929398269775986,1,4.9,-2.997444073939066
0.1813599923142654,0.0002634152400195,1748.262134559484,4.320870385011352,0.0005319821607526,3,5,0.1,3.414863278654582,0.5084888728825635,1,0.0870151961521438,1.47,0.3,1,10,1,0.8745499389322733,0.8,0.5084888728825635,0.5084888728825635,1,4.9,-2.597421711520361
0.1151175909293728,0.0005570685153548,370.300598694025,7.638641455625192,0.0138312471529403,3,5,0.1,2.337493372971683,0.3147047565326417,1,0.2816796629658844,1.47,0.3,1,10,1,0.5120416902370664,0.8,0.3147047565326417,0.3147047565326417,1,4.9,-1.5295002000839926
0.1576543996572994,7.656136629522638e-06,50580.772453510646,2.6498007753341293,6.157701582488699e-06,3,5,0.1,3.520419308717021,0.806410955926764,1,0.0149152016997521,1.47,0.3,1,10,1,0.8286289875523459,0.8,0.806410955926764,0.806410955926764,1,4.9,-5.774378683226172
0.0074924980496792,0.00033975791385,49.34718096927012,3.7772028313330943,0.0591632933782298,3,5,0.1,3.1836051645883403,0.7127301482885902,1,0.7136787212392532,1.47,0.3,1,10,1,0.1113404369360853,0.8,0.7127301482885902,0.7127301482885902,1,4.9,-4.974130619513912
0.2049870846713364,0.009794007001477,53.17869581441453,2.589933858066887,-0.0001798494084813,3,5,0.1,9.753360277261974,0.8743216635208143,1,0.3566366926158474,1.47,0.3,1,10,1,0.9715470556018866,0.8,0.8743216635208143,0.8743216635208143,1,4.9,-3.6852364438682432
0.179944314209825,0.0003869330123961,937.418984326292,5.758757638642648,0.0024170730629279,3,5,0.1,1.850275709217584,0.3896312630265069,1,0.2491611613362541,1.47,0.3,1,10,1,0.7593233132948062,0.8,0.3896312630265069,0.3896312630265069,1,4.9,-2.5533865044781496
0.1352342340639139,0.0031085219503237,114.30852012168154,3.53545483264822,0.0102162738672484,3,5,0.1,5.0640111496721305,0.6390036058326082,1,0.2784159062320724,1.47,0.3,1,10,1,0.6759338037166985,0.8,0.6390036058326082,0.6390036058326082,1,4.9,-3.0188626799866976
0.0047730866322066,3.5955889057623134e-06,2057.696390689632,10.684130313668456,0.0046035704967617,3,5,0.1,1.192410735362223,0.2715853136302402,1,0.4701393303086418,1.47,0.3,1,10,1,0.0839990409579932,0.8,0.2715853136302402,0.2715853136302402,1,4.9,-1.9320713515136363
0.1796396303279514,0.0164197941962297,20.326012784597328,3.119886983480076,0.0328985634930162,3,5,0.1,7.886867070330515,0.7649130831643187,1,0.675099323931271,1.47,0.3,1,10,1,0.707288948216606,0.8,0.7649130831643187,0.7649130831643187,1,4.9,-3.2954761961040075
0.0136456645519608,4.4836649538579256e-05,1106.1296651743633,3.485058478479189,0.0031023861825796,3,5,0.1,3.230578023093942,0.646157248573054,1,0.1164482520926843,1.47,0.3,1,10,1,0.1863777190591215,0.8,0.646157248573054,0.646157248573054,1,4.9,-4.038710571480224
0.0828511955510604,0.0002731284623221,1096.4937763434732,2.468205950197361,0.0010389483947005,3,5,0.1,6.107410949906676,0.8833736359328568,1,0.0824325855543945,1.47,0.3,1,10,1,0.5460180456711669,0.8,0.8833736359328568,0.8833736359328568,1,4.9,-4.444596645545202
0.1452421162896623,0.0002275608840787,533.1942958546257,15.79176341417878,0.022403547382772,3,5,0.1,1.5665358285363864,0.1762576508249767,1,0.4916234334843988,1.47,0.3,1,10,1,0.4750082073394505,0.8,0.1762576508249767,0.1762576508249767,1,4.9,-0.796680743229988
0.0122263227678463,0.0006792488729455,50.233635690116834,3.593054810726882,0.0605791371157027,3,5,0.1,6.76878049270053,0.6796377700149042,1,0.3879656543629277,1.47,0.3,1,10,1,0.1594632692357894,0.8,0.6796377700149042,0.6796377700149042,1,4.9,-2.958618074954445
0.0647883769287479,0.0038074075897085,33.89574100997095,3.435290828836405,0.0571796316863855,3,5,0.1,3.613038199328853,0.7656758892952656,1,0.8366791405860386,1.47,0.3,1,10,1,0.3424652035058858,0.8,0.7656758892952656,0.7656758892952656,1,4.9,-5.048772914852271
0.1298290105577907,0.0031952202625438,110.99644102151083,3.002493231786342,0.0084451742793469,3,5,0.1,4.229681670729391,0.7545543105031063,1,0.3226915234867519,1.47,0.3,1,10,1,0.6610266491344972,0.8,0.7545543105031063,0.7545543105031063,1,4.9,-4.308699220577139
0.2427343755755304,2.510634901193448e-05,4135.449598759892,21.838143429115306,0.0055279312070365,3,5,0.1,1.2758124753540645,0.1113927411849331,1,0.2527244453266398,1.47,0.3,1,10,1,0.6088625399904439,0.8,0.1113927411849331,0.1113927411849331,1,4.9,-0.4663083549901419
0.2030342836397472,0.0041798864918042,127.72443681045829,2.672209460648659,3.9430449845917e-05,3,5,0.1,3.6946370780101088,0.8451144475642274,1,0.3448746015762096,1.47,0.3,1,10,1,0.9724927243331288,0.8,0.8451144475642274,0.8451144475642274,1,4.9,-6.041649872126143
0.2317404031425748,0.0179716071512848,19.44179254588658,3.964033000807717,0.0386230352477354,3,5,0.1,4.923424963073328,0.6133684508717633,1,0.9676849223846036,1.47,0.3,1,10,1,0.775182131551506,0.8,0.6133684508717633,0.6133684508717633,1,4.9,-2.882467544645402
0.2278308570169493,0.0033627617246265,125.305398324237,4.609011920840376,0.0072934494716417,3,5,0.1,2.4537387524579106,0.497878798123012,1,0.5182553108074052,1.47,0.3,1,10,1,0.8716327435704412,0.8,0.497878798123012,0.497878798123012,1,4.9,-3.1518166099639062
0.0102932253761058,0.0004516285118758,72.19824445498492,2.6063237956246263,0.0314177003762925,3,5,0.1,4.659270125709412,0.9122016684257306,1,0.3961561017281229,1.47,0.3,1,10,1,0.1500255384545775,0.8,0.9122016684257306,0.9122016684257306,1,4.9,-5.597959421381498
0.0058054846071696,0.0001392307504373,126.24289495594792,4.631687058016873,0.0364747494547806,3,5,0.1,51.103301019735504,0.5103557390081284,1,0.1736438753183602,1.47,0.3,1,10,1,0.1135550949599529,0.8,0.5103557390081284,0.5103557390081284,1,4.9,-1.7417733120253729
0.0191918561638588,0.0010972265773061,42.11258870667692,4.302392986986762,0.0803946146003499,3,5,0.1,5.564280873708084,0.5895642138302124,1,0.4660183453474699,1.47,0.3,1,10,1,0.1924751335140925,0.8,0.5895642138302124,0.5895642138302124,1,4.9,-2.610638851042756
0.0294975906683465,0.001512956257306,45.93910782711176,3.16458164288928,0.0483873187853228,3,5,0.1,3.588905844616119,0.8137352269333797,1,0.6574586261827743,1.47,0.3,1,10,1,0.2335146581733792,0.8,0.8137352269333797,0.8137352269333797,1,4.9,-5.759546890098743
0.1875392769212722,0.0096894495089878,49.34987304470629,2.519233545793047,0.002830799928347,3,5,0.1,9.861658447420757,0.90005258848681,1,0.3693066385384451,1.47,0.3,1,10,1,0.8892627144941995,0.8,0.90005258848681,0.90005258848681,1,4.9,-3.811965186881819
0.2473846868181626,0.000155918782826,2829.382963966915,6.578615645140456,0.0007633036470924,3,5,0.1,2.45127019780418,0.3217326508150046,1,0.093014054128738,1.47,0.3,1,10,1,0.9825904360593116,0.8,0.3217326508150046,0.3217326508150046,1,4.9,-1.5458698773743045
0.1645956429483414,0.0177993189239265,15.602962826205673,3.823429972766588,0.0703440457612529,3,5,0.1,11.159545536180596,0.6399794523998922,1,0.7048262531559597,1.47,0.3,1,10,1,0.6379219958369956,0.8,0.6399794523998922,0.6399794523998922,1,4.9,-2.462820757453676
0.0545762358755089,0.0031545801598417,54.13750429537125,2.4749197336640347,0.028439924503726,3,5,0.1,15.211818753631912,0.922994800213476,1,0.3167023763325339,1.47,0.3,1,10,1,0.3836008362634968,0.8,0.922994800213476,0.922994800213476,1,4.9,-3.584074395925218
0.1628390725681925,0.0008526694646948,380.6253847635773,5.499912810465045,0.0060645049373207,3,5,0.1,1.9904292592475048,0.4207453805225906,1,0.3624148518244044,1.47,0.3,1,10,1,0.6827683186999408,0.8,0.4207453805225906,0.4207453805225906,1,4.9,-2.76749673508073
3.49611519768119e-05,3.334054465315312e-07,418.2268566003618,2.793705339869709,0.0071522562340265,3,5,0.1,4.628434868028684,0.799445644315575,1,0.1518154302872276,1.47,0.3,1,10,1,0.0093838040781734,0.8,0.799445644315575,0.799445644315575,1,4.9,-4.463867139336868
0.1184044102115839,0.0037188290934309,93.82902843089116,2.602329324228104,0.0087610473158869,3,5,0.1,6.307447173839143,0.8640157234304346,1,0.2907850358700145,1.47,0.3,1,10,1,0.64055570600037,0.8,0.8640157234304346,0.8640157234304346,1,4.9,-4.233055426176318
0.0174641000657477,0.0009793498561602,52.7701136182375,2.658142939139779,0.0405330574922496,3,5,0.1,5.4191718935011854,0.904953785526029,1,0.4356395903692697,1.47,0.3,1,10,1,0.1938124721517221,0.8,0.904953785526029,0.904953785526029,1,4.9,-4.942234807578532
0.0193603162773617,0.0001843019357919,166.45156970412904,9.017897495446086,0.0429150353475207,3,5,0.1,1.9977698035078093,0.3229153412869481,1,0.6155696820990457,1.47,0.3,1,10,1,0.1696686360838118,0.8,0.3229153412869481,0.3229153412869481,1,4.9,-1.7281742574392602
0.2367131802639471,0.0092013063410704,47.28281927970301,3.2826884503948546,0.0069878381080233,3,5,0.1,3.296923045534648,0.7110828029970081,1,0.7183029197938811,1.47,0.3,1,10,1,0.8776615289153223,0.8,0.7110828029970081,0.7110828029970081,1,4.9,-4.771615817034158
0.1789735502099057,0.0025085031496415,195.39041016977805,2.929153041779623,0.0013949585626731,3,5,0.1,3.53860929200734,0.7657254923887182,1,0.2756769057772439,1.47,0.3,1,10,1,0.8855868461180982,0.8,0.7657254923887182,0.7657254923887182,1,4.9,-5.155503280631071
0.2068015487621763,0.0010472688646038,287.4672001686937,8.156663013615203,0.0147803956424178,3,5,0.1,2.3435663199141343,0.2803700479882062,1,0.3217706825714381,1.47,0.3,1,10,1,0.7396431376797736,0.8,0.2803700479882062,0.2803700479882062,1,4.9,-1.296471426222066
0.1451245967039106,0.0001707855643015,1174.8064369341366,10.276548826486614,0.0067166768160198,3,5,0.1,2.2678453969200394,0.229788876932641,1,0.1587340196206185,1.47,0.3,1,10,1,0.5599076470853978,0.8,0.229788876932641,0.229788876932641,1,4.9,-1.0031265393618227
0.0015725814831738,2.356356656786369e-05,180.9891519725132,4.459267365719511,0.0230992580872617,3,5,0.1,2.470956200709855,0.5637173668489621,1,0.4077492603958476,1.47,0.3,1,10,1,0.0550189223319732,0.8,0.5637173668489621,0.5637173668489621,1,4.9,-4.017832080064627
0.0025709794688206,0.000163490673937,43.61717360953881,2.8279397872434293,0.0546976603884408,3,5,0.1,5.108631033470525,0.8813813939636133,1,0.5071904527550255,1.47,0.3,1,10,1,0.0705494542630536,0.8,0.8813813939636133,0.8813813939636133,1,4.9,-4.9175868401380205
0.0174398760304521,0.000298581706722,217.201012861732,2.5862285972564707,0.0107840712258226,3,5,0.1,4.105636195862046,0.8704511305840165,1,0.2322572333081248,1.47,0.3,1,10,1,0.2116971923352306,0.8,0.8704511305840165,0.8704511305840165,1,4.9,-5.742125377342873
0.1291310462609073,0.0022294715552818,116.98392538660246,4.854193941531348,0.0194113966534226,3,5,0.1,2.559791462845168,0.4980310516125398,1,0.4999720404476948,1.47,0.3,1,10,1,0.5616780497183173,0.8,0.4980310516125398,0.4980310516125398,1,4.9,-3.040324094388522
0.0359929006480273,0.0005476327100773,246.9258582799524,2.703092917621724,0.0086743029913911,3,5,0.1,29.86898003626081,0.8159132478555541,1,0.1322741677063764,1.47,0.3,1,10,1,0.3221928547596721,0.8,0.8159132478555541,0.8159132478555541,1,4.9,-2.904861732761145
0.2335049787460395,0.0112119114335993,45.98540969887879,2.4265699297592427,-0.0014397963194712,3,5,0.1,4.629099426762724,0.9433910948444232,1,0.551882566161526,1.47,0.3,1,10,1,0.9871801975814144,0.8,0.9433910948444232,0.9433910948444232,1,4.9,-5.995764168610045
0.0289812769662423,0.0001074977627508,970.3123844547232,3.419326560799821,0.0031057324077384,3,5,0.1,10.500023124688436,0.6514389915793019,1,0.0727872138593881,1.47,0.3,1,10,1,0.2809510701904262,0.8,0.6514389915793019,0.6514389915793019,1,4.9,-2.539022042157743
0.0006873020545644,3.137430542382568e-05,61.79045693404432,3.1229632832358787,0.0445576447786194,3,5,0.1,3.975501338631012,0.7981187245866371,1,0.4817465656567005,1.47,0.3,1,10,1,0.0364851000831657,0.8,0.7981187245866371,0.7981187245866371,1,4.9,-5.004867106102672
0.2628274397952835,0.0097501289372524,38.9310247773068,6.82084555179241,0.0540680602949458,3,5,0.1,11.75572003380246,0.324215312136772,1,0.3643665612127609,1.47,0.3,1,10,1,0.9329459883517842,0.8,0.324215312136772,0.324215312136772,1,4.9,-1.1550471331407088
0.1216543411310615,0.0010591084684163,386.7756934415094,2.3173689577508965,0.001398542542653,3,5,0.1,5.377150175980029,0.950933354540108,1,0.1501537203749744,1.47,0.3,1,10,1,0.7109042944106848,0.8,0.950933354540108,0.950933354540108,1,4.9,-5.396682028771228
0.157179548014729,0.000745615834686,549.6684577793557,4.073803687611996,0.0021010649362754,3,5,0.1,3.1990452236565265,0.5448293706754367,1,0.1659533828401041,1.47,0.3,1,10,1,0.7726896645266951,0.8,0.5448293706754367,0.5448293706754367,1,4.9,-3.013720076478407
0.1179542965532178,0.0004436078809045,880.2400983752839,2.6739377723527347,0.0008786122503054,3,5,0.1,3.5849556842004,0.8234322605162249,1,0.1238431154867456,1.47,0.3,1,10,1,0.6859162924829948,0.8,0.8234322605162249,0.8234322605162249,1,4.9,-5.914770731928137
0.1189013424977772,0.0010950144863128,340.7650077182577,2.8574407262495822,0.002652909930756,3,5,0.1,4.07017897571535,0.7759507232476627,1,0.1825332974896371,1.47,0.3,1,10,1,0.6682542256311302,0.8,0.7759507232476627,0.7759507232476627,1,4.9,-4.658966453647608
0.4358145182867389,0.0001666936853831,465.3253711697713,28.34141979934948,0.0537074712704501,3,5,0.1,1.357591614522214,0.0861195815359824,1,0.8953846771093183,1.47,0.3,1,10,1,0.860910775275483,0.8,0.0861195815359824,0.0861195815359824,1,4.9,-0.3369375170223065
0.2323084652767971,0.0122992272067921,36.38647950174708,4.273083471627432,0.0149318207148079,3,5,0.1,10.028060171261476,0.5283302364121609,1,0.4090281210542203,1.47,0.3,1,10,1,0.9444803366311572,0.8,0.5283302364121609,0.5283302364121609,1,4.9,-2.007941231486498
0.0488346122859877,0.0019274305591986,49.61412233082336,5.548812537450564,0.0767976881227049,3,5,0.1,3.59443573165828,0.4753933007818559,1,0.5775632493104157,1.47,0.3,1,10,1,0.2982663511815807,0.8,0.4753933007818559,0.4753933007818559,1,4.9,-2.2919432230092625
0.112631584916691,0.0059530648655423,33.919887016109506,3.8718904395559854,0.051452527560773,3,5,0.1,3.405309192261328,0.6708427995304168,1,0.8952234958976443,1.47,0.3,1,10,1,0.4675708470176793,0.8,0.6708427995304168,0.6708427995304168,1,4.9,-4.138434008035302
0.0011243485671618,8.172437738560494e-05,28.5666128987986,3.841932765894643,0.0999943485709506,3,5,0.1,4.188443526796474,0.7184272104645927,1,0.8031512355652068,1.47,0.3,1,10,1,0.0420033359269448,0.8,0.7184272104645927,0.7184272104645927,1,4.9,-3.992776011123912
0.2201199248454068,0.0004814462802193,996.644950501808,4.860101613157637,0.000898310903074,3,5,0.1,1.9655510180795035,0.4517170695291995,1,0.2221920918233223,1.47,0.3,1,10,1,0.960658151048924,0.8,0.4517170695291995,0.4517170695291995,1,4.9,-3.24677118147725
0.2415269108420189,0.0136916496121154,35.48589367921098,2.359402567175776,-0.000409961743299,3,5,0.1,4.497448260316683,0.9788495576889642,1,0.6846483607292008,1.47,0.3,1,10,1,0.9502928802106014,0.8,0.9788495576889642,0.9788495576889642,1,4.9,-6.6296106374946255
0.0498294906493509,0.0016144132584356,96.92699158734202,2.693689390053143,0.0187379305572955,3,5,0.1,4.609959369274605,0.8539066526413706,1,0.3330354035492023,1.47,0.3,1,10,1,0.3597783633749,0.8,0.8539066526413706,0.8539066526413706,1,4.9,-5.013001162888367
0.2331794756204008,0.0283358364668073,14.98991135491922,2.6269354413864483,0.0066342514307161,3,5,0.1,30.83449389223364,0.885015130994812,1,0.6652006021810586,1.47,0.3,1,10,1,0.906371757180911,0.8,0.885015130994812,0.885015130994812,1,4.9,-3.1618013212483804
0.0084498983543151,0.0010849622511621,16.625061323601546,4.100159876112381,0.1770885501327218,3,5,0.1,139.1479922350097,0.6356607096120084,1,0.5338631933776606,1.47,0.3,1,10,1,0.1237600032710248,0.8,0.6356607096120084,0.6356607096120084,1,4.9,-2.1416978492083496
0.0886539946910323,0.0037906616826474,69.19493475424235,2.7412960537138127,0.018532622590216,3,5,0.1,9.041705108676531,0.8275710790622455,1,0.302057389055969,1.47,0.3,1,10,1,0.5169243423193159,0.8,0.8275710790622455,0.8275710790622455,1,4.9,-3.507693766327919
0.0708214463657547,9.969060947030044e-05,2576.8524760828827,2.6842518594142675,0.0005801649571733,3,5,0.1,4.945704232876585,0.8128152092664718,1,0.0582673921217936,1.47,0.3,1,10,1,0.4893813441058803,0.8,0.8128152092664718,0.8128152092664718,1,4.9,-4.394626758979437
0.1728938384041156,0.0056294314502587,75.50332552400268,3.0513432438187387,0.0068215262247138,3,5,0.1,4.613068187033045,0.7449494957873865,1,0.3815756224992034,1.47,0.3,1,10,1,0.7989042067110905,0.8,0.7449494957873865,0.7449494957873865,1,4.9,-3.9845552477796993
0.0247832593660648,0.0019705365978969,23.89277688046247,3.9381756251207714,0.1077161822333567,3,5,0.1,4.311425414873354,0.7044975875514125,1,0.9246099240057228,1.47,0.3,1,10,1,0.197645436645162,0.8,0.7044975875514125,0.7044975875514125,1,4.9,-3.79541086927742
0.0035886782571416,2.6710832223080744e-08,77764.76148654851,2.815846796132296,7.236350997566519e-06,3,5,0.1,5.736251937008645,0.9157206946357191,1,0.0046997697479425,1.47,0.3,1,10,1,0.0765482996387537,0.8,0.9157206946357191,0.9157206946357191,1,4.9,-4.864288555714857
0.0645531470497705,0.0078093277141843,14.135033722738749,5.14591476145745,0.1999760019939959,3,5,0.1,35.67558311525715,0.5098341299360842,1,0.6111085024427722,1.47,0.3,1,10,1,0.348800435327755,0.8,0.5098341299360842,0.5098341299360842,1,4.9,-1.7580704849768605
0.2522968738926037,0.006267279475749,78.80788870252069,3.5453339397074566,0.0021055332102675,3,5,0.1,2.9238637164290227,0.6433984277322736,1,0.5745948787967743,1.47,0.3,1,10,1,0.98912969080578,0.8,0.6433984277322736,0.6433984277322736,1,4.9,-4.407911261253959
0.0234173669413535,0.0013811012240815,43.64650245082622,4.30408786357074,0.0790779883652563,3,5,0.1,11.211707922673227,0.5694568968788689,1,0.3550200765617719,1.47,0.3,1,10,1,0.2218543614151227,0.8,0.5694568968788689,0.5694568968788689,1,4.9,-2.153394869078689
0.0294690079575585,8.235032895043802e-10,2430279.988228844,68.46321574158871,2.4523023812629435e-05,3,5,0.1,0.5223711994375455,0.0561902352764819,1,0.4313505518285811,1.47,0.3,1,10,1,0.1594665202652768,0.8,0.0561902352764819,0.0561902352764819,1,4.9,-0.2500648486170131
0.1173329512279687,0.0004753495079949,849.0841930099475,2.3588114399247133,0.0006927815176278,3,5,0.1,8.71134201083664,0.9291122973045436,1,0.0847492632939231,1.47,0.3,1,10,1,0.701818815754571,0.8,0.9291122973045436,0.9291122973045436,1,4.9,-4.12313604334001
0.0348869854962971,0.000343427772662,262.0933139001587,5.907317771703084,0.020129223422161,3,5,0.1,12.563976170848012,0.4016166115504483,1,0.1318686514980931,1.47,0.3,1,10,1,0.2807404181984992,0.8,0.4016166115504483,0.4016166115504483,1,4.9,-1.4466206911219537
0.1000829382842833,0.0001719777420113,1969.804495029644,2.861749457483975,0.000580986057139,3,5,0.1,4.387957896839342,0.7662182215945812,1,0.0710139856669005,1.47,0.3,1,10,1,0.6094813052575091,0.8,0.7662182215945812,0.7662182215945812,1,4.9,-4.3102360280972585
0.0910016498186408,0.0005179015518537,634.3532650430669,2.3098096957960004,0.001439221352338,3,5,0.1,14.559265619373862,0.9438471820285808,1,0.089156795740779,1.47,0.3,1,10,1,0.585789438218685,0.8,0.9438471820285808,0.9438471820285808,1,4.9,-3.70687903832594
0.0695548726270023,0.0021694919773169,94.08183276221364,2.668245221268202,0.0161289363032185,3,5,0.1,3.8840396640550434,0.8672170658042279,1,0.3838131699519149,1.47,0.3,1,10,1,0.4295700478788217,0.8,0.8672170658042279,0.8672170658042279,1,4.9,-6.034659888977042
0.2205247319720775,0.0013062474959918,341.72451927113315,4.87014176356293,0.0029808081008682,3,5,0.1,2.142851308024267,0.4588994600975443,1,0.3463579089845999,1.47,0.3,1,10,1,0.9082687938265314,0.8,0.4588994600975443,0.4588994600975443,1,4.9,-3.0574456371614183
0.1671773305969791,0.0135532723074326,23.93561921454076,2.8703602581963263,0.028421598765846,3,5,0.1,6.105956030243382,0.8342146200886225,1,0.6913597797135173,1.47,0.3,1,10,1,0.6718575168559782,0.8,0.8342146200886225,0.8342146200886225,1,4.9,-4.082007125013547
0.1455360468567065,0.0064184297517235,61.18991007027554,3.0617121880731752,0.0117885477049037,3,5,0.1,84.69495529596568,0.7341549598758929,1,0.2603824142051491,1.47,0.3,1,10,1,0.7363477234797849,0.8,0.7341549598758929,0.7341549598758929,1,4.9,-2.4977013554950576
0.2371757760798299,0.0243341197697595,16.23767138706259,2.5375654224181465,0.0130675283272427,3,5,0.1,6.777474968774654,0.938343802303074,1,0.9819698367601308,1.47,0.3,1,10,1,0.8295913707898754,0.8,0.938343802303074,0.938343802303074,1,4.9,-4.620454214842794
0.192141114129168,0.0033643166630822,141.02097315340745,3.3033662219844,0.0026843991715266,3,5,0.1,3.3832569904673315,0.6820857970125142,1,0.3382284881960593,1.47,0.3,1,10,1,0.887147775186679,0.8,0.6820857970125142,0.6820857970125142,1,4.9,-4.293206303079542
0.0846845108814262,0.0031699388706848,48.7027188159343,4.436474035922121,0.0496693977349951,3,5,0.1,2.8351962947316496,0.6007353526073218,1,0.8561549636718574,1.47,0.3,1,10,1,0.3898914650408681,0.8,0.6007353526073218,0.6007353526073218,1,4.9,-3.960529817967157
0.2102186172638579,0.005975720489376,62.82525049951308,4.431681214604917,0.0167140215669511,3,5,0.1,3.045683628387665,0.5308166289000773,1,0.6072651476923073,1.47,0.3,1,10,1,0.7863571733941331,0.8,0.5308166289000773,0.5308166289000773,1,4.9,-2.982106198072624
0.0659914148264894,2.256761564286159e-05,5422.772844379092,8.519223584958015,0.0013231688500372,3,5,0.1,1.2854193053852367,0.290731248649694,1,0.2149844280956622,1.47,0.3,1,10,1,0.3651146956340564,0.8,0.290731248649694,0.290731248649694,1,4.9,-2.052075781458803
0.132387625773467,0.0014549333151852,257.8707866431715,3.2481351777167715,0.0038893565803939,3,5,0.1,3.3281197115607823,0.6895020590188229,1,0.2436277922805412,1.47,0.3,1,10,1,0.6892451967141209,0.8,0.6895020590188229,0.6895020590188229,1,4.9,-4.449039313251037
0.0007146678079369,8.494396248487563e-06,299.73117584371886,3.2372745412202657,0.0111332621582682,3,5,0.1,3.1823939531369385,0.7125780939252274,1,0.2346778126180834,1.47,0.3,1,10,1,0.0407985479741663,0.8,0.7125780939252274,0.7125780939252274,1,4.9,-4.973978872755102
0.0309491773843394,0.000202153152831,511.5803578706056,3.7141066643017937,0.0062792106743184,3,5,0.1,3.658485352121392,0.6107041150909008,1,0.1548714046780043,1.47,0.3,1,10,1,0.2830934331357275,0.8,0.6107041150909008,0.6107041150909008,1,4.9,-3.33444216542454
0.0389471123259938,0.0033459323477856,23.136995852771065,2.960249322024287,0.0772229008658249,3,5,0.1,4.497360503958638,0.9100026520541727,1,0.9626556302268492,1.47,0.3,1,10,1,0.2546023640791358,0.8,0.9100026520541727,0.9100026520541727,1,4.9,-5.74638277703589
0.0095454866966206,0.000546729679335,37.519327946817256,5.104968282580854,0.1079121925491008,3,5,0.1,4.88013396728616,0.5208827017578544,1,0.5401434533392011,1.47,0.3,1,10,1,0.1287927678204478,0.8,0.5208827017578544,0.5208827017578544,1,4.9,-2.312102790925408
0.1176766146945064,0.0090772588121077,25.527832241602628,2.8187644645738907,0.0424323745384171,3,5,0.1,4.820157717682038,0.8841327492657824,1,0.7939302210924847,1.47,0.3,1,10,1,0.5077313593935328,0.8,0.8841327492657824,0.8841327492657824,1,4.9,-5.152193281125549
0.2574970288045563,0.0199698077781528,18.592484025114352,4.547847809665186,0.0402764513471086,3,5,0.1,5.862934933277745,0.5225068991510848,1,0.8318230195613894,1.47,0.3,1,10,1,0.8605995061391003,0.8,0.5225068991510848,0.5225068991510848,1,4.9,-2.198957395294164
0.2059626837423394,0.0193507539859765,18.09404803439765,2.650542889152614,0.0239055455509339,3,5,0.1,5.748842141588093,0.9138807498306925,1,0.9800064247390764,1.47,0.3,1,10,1,0.7323093370784712,0.8,0.9138807498306925,0.9138807498306925,1,4.9,-4.842456695661672
0.1646227472648705,0.0056277505430445,77.65653057688561,2.3098434725033563,0.0038062320020855,3,5,0.1,4.471711919491764,0.9831416664185184,1,0.3998598830489438,1.47,0.3,1,10,1,0.7927701739824591,0.8,0.9831416664185184,0.9831416664185184,1,4.9,-6.72926579503425
0.1175556241856077,0.0014793930166456,182.9432069665708,5.571929343440865,0.016983092444422,3,5,0.1,54.70226923074553,0.4075115475246347,1,0.1405648737730307,1.47,0.3,1,10,1,0.5802049505973208,0.8,0.4075115475246347,0.4075115475246347,1,4.9,-1.3824013684146212
0.2022074726996741,0.0037714264701698,143.8907622895913,3.0767244684589583,0.0003269377820961,3,5,0.1,5.469493426661156,0.7278997371681105,1,0.2466932184307395,1.47,0.3,1,10,1,0.9966621280276614,0.8,0.7278997371681105,0.7278997371681105,1,4.9,-3.5191184810321
0.0589014895046996,0.0005269074001493,166.562238919816,11.048859963445368,0.0598732075741855,3,5,0.1,13.687798229177227,0.2324449905517714,1,0.1631123137527365,1.47,0.3,1,10,1,0.3247167788031057,0.8,0.2324449905517714,0.2324449905517714,1,4.9,-0.8067850593233565
0.1024250121561823,0.00106709067428,143.39848509120762,9.295930670110998,0.0462332844328955,3,5,0.1,2.7885740264725927,0.2759827651778216,1,0.3831310051305011,1.47,0.3,1,10,1,0.4432792041378331,0.8,0.2759827651778216,0.2759827651778216,1,4.9,-1.1961721848702729
0.2486556645260073,0.0104529400395887,44.95529414528894,2.936583415865404,0.0025311414435411,3,5,0.1,3.485075276821818,0.788716881972175,1,0.7152904185250887,1.47,0.3,1,10,1,0.9368240152738854,0.8,0.788716881972175,0.788716881972175,1,4.9,-5.570778323573298
0.1202268844410486,0.0007492188146019,338.2177448936011,5.618582160925664,0.0090964937637999,3,5,0.1,2.1413111534759586,0.4201003662685999,1,0.3419551253686545,1.47,0.3,1,10,1,0.5541695592452429,0.8,0.4201003662685999,0.4201003662685999,1,4.9,-2.5825609228543307
0.2043525794339035,0.0190677295298403,17.222057449807803,3.8104135217906734,0.0471144999145964,3,5,0.1,7.169269155562646,0.6350559296842196,1,0.790571378338177,1.47,0.3,1,10,1,0.7347121001164999,0.8,0.6350559296842196,0.6350559296842196,1,4.9,-2.6683717591398963
0.1881673942199389,0.0110715177685102,41.08017291368024,2.6275079460058235,0.005254165226864,3,5,0.1,9.6865517458763,0.86666635043278,1,0.4090687076925373,1.47,0.3,1,10,1,0.8628158512903216,0.8,0.86666635043278,0.86666635043278,1,4.9,-3.651116346073522
0.199789694669162,0.0140824935281738,24.814382769507933,2.861242565209841,0.02174099761806,3,5,0.1,4.370883296154898,0.8466880459802586,1,0.91723352881276,1.47,0.3,1,10,1,0.7196854246024771,0.8,0.8466880459802586,0.8466880459802586,1,4.9,-5.150097901555896
0.0334696806204742,0.0061325777981564,9.94514582914953,2.966313441080925,0.163034697864781,3,5,0.1,31.97788025310633,0.9049731646045508,1,0.9484623900633776,1.47,0.3,1,10,1,0.2391145743219084,0.8,0.9049731646045508,0.9049731646045508,1,4.9,-3.2298551152832777
0.0974597099424594,0.0026887561347903,118.20349428225008,2.3741140817009367,0.0077549149669579,3,5,0.1,8.720670946725292,0.9361630461443048,1,0.2330460199189875,1.47,0.3,1,10,1,0.581242823701784,0.8,0.9361630461443048,0.9361630461443048,1,4.9,-4.163406278001104
0.0496792467689766,0.0008778592003113,176.49028500808728,3.105217415334396,0.0124026077575519,3,5,0.1,3.274002055594663,0.7412508417905614,1,0.3052377215538582,1.47,0.3,1,10,1,0.3586030147357043,0.8,0.7412508417905614,0.7412508417905614,1,4.9,-5.237914284970039
0.2205194446251012,0.0001246590977742,3769.827968336563,5.451757169616932,0.0003489856341437,3,5,0.1,3.633000623743525,0.3955203556866584,1,0.0555618605902348,1.47,0.3,1,10,1,0.9636280404552622,0.8,0.3955203556866584,0.3955203556866584,1,4.9,-1.7673581590943463
0.180573531261741,0.0188133348457376,17.58350653334624,2.4918668945591933,0.0269668140201198,3,5,0.1,7.7281352587041265,0.965821507519952,1,0.8126241981789464,1.47,0.3,1,10,1,0.6936850188151057,0.8,0.965821507519952,0.965821507519952,1,4.9,-4.544663867037439
0.2380900771791369,0.0043889166230023,89.11058379864235,5.129216415864298,0.0134578851558584,3,5,0.1,2.5419020896205184,0.4545873247041009,1,0.6140777308147293,1.47,0.3,1,10,1,0.8476021796985588,0.8,0.4545873247041009,0.4545873247041009,1,4.9,-2.600409064367885
0.1703420875866587,0.0010810683948822,479.137049184993,2.832944400393261,0.0004003571131482,3,5,0.1,4.89908689044204,0.7853229755090062,1,0.1396394387584085,1.47,0.3,1,10,1,0.9118765577676112,0.8,0.7853229755090062,0.7853229755090062,1,4.9,-4.181919086776432
0.1367636164593517,0.0043342231563802,77.6439246290043,4.0102286890040535,0.0187490648689227,3,5,0.1,9.427060579716688,0.565628899662531,1,0.2686860271540272,1.47,0.3,1,10,1,0.6653501719740161,0.8,0.565628899662531,0.565628899662531,1,4.9,-2.1923633982372843
0.12654712250671,0.0003840480013045,1110.1788203501624,2.310353815968095,0.0004087254980759,3,5,0.1,5.315226120531692,0.949319126962095,1,0.087821904836668,1.47,0.3,1,10,1,0.7435989205068472,0.8,0.949319126962095,0.949319126962095,1,4.9,-5.425381372980111
0.1533191961098412,0.0003312149054783,1333.5549021320016,3.4831111561933823,0.0005765646283955,3,5,0.1,2.888783178196452,0.6347194772114684,1,0.1183728744211954,1.47,0.3,1,10,1,0.7996337596270305,0.8,0.6347194772114684,0.6347194772114684,1,4.9,-4.341536761232158
0.0517095254703199,0.0008662966765202,206.55947875868696,2.59194537488779,0.0084594306831608,3,5,0.1,4.008209790004001,0.863826945498012,1,0.2421256540403681,1.47,0.3,1,10,1,0.3847790717014973,0.8,0.863826945498012,0.863826945498012,1,4.9,-5.792057305860087
0.0007325597875724,6.134944908487084e-05,22.86865483850546,5.539647331319195,0.1830224224034288,3,5,0.1,6.904825713849116,0.4989227829609265,1,0.6205687199640747,1.47,0.3,1,10,1,0.03433258396326,0.8,0.4989227829609265,0.4989227829609265,1,4.9,-2.000331743272389
0.1268837759089615,0.0075757042159578,38.96394430886311,2.7363863385797416,0.0235075377361099,3,5,0.1,5.326157706884743,0.8613370679321594,1,0.5301188770661167,1.47,0.3,1,10,1,0.5908880201775342,0.8,0.8613370679321594,0.8613370679321594,1,4.9,-4.61108117388767
0.0026873014010122,1.0254046816253065e-07,29229.469727178617,16.008971080613108,0.0005155779614615,3,5,0.1,0.8539586140333149,0.1879295361656731,1,0.3422656639018469,1.47,0.3,1,10,1,0.0600885845964247,0.8,0.1879295361656731,0.1879295361656731,1,4.9,-1.2876125351954857
0.2552307075953295,0.0110371683465217,40.4397971416109,3.8265918508580663,0.0088367755682159,3,5,0.1,3.779683600793836,0.6038474484364447,1,0.6702137464499187,1.47,0.3,1,10,1,0.9367812196371408,0.8,0.6038474484364447,0.6038474484364447,1,4.9,-3.209103231088325
0.0488263407954807,4.64338446313141e-07,81989.51821922346,2.651145055621261,7.017069823153444e-06,3,5,0.1,3.8995837165998415,0.8936853599175438,1,0.0064651356764514,1.47,0.3,1,10,1,0.3121470154913052,0.8,0.8936853599175438,0.8936853599175438,1,4.9,-6.402775246602494
0.0493754402589279,0.002612641003109,51.38564536586696,2.566133426764437,0.0318885411656866,3,5,0.1,4.561999695464805,0.9363668634686926,1,0.4967219180134561,1.47,0.3,1,10,1,0.3341689097092738,0.8,0.9363668634686926,0.9363668634686926,1,4.9,-5.989969363458209
0.0020476711041816,5.315785411720128e-05,82.73902484422956,4.9719126056665415,0.0493033430830514,3,5,0.1,2.5416157396457093,0.5524318232494692,1,0.6597326215614749,1.47,0.3,1,10,1,0.0573411937777025,0.8,0.5524318232494692,0.5524318232494692,1,4.9,-3.7363890554783294
0.1553251003440439,0.0060203555068044,45.80482837837269,4.998871723178029,0.0431068403838137,3,5,0.1,3.703751508728821,0.4887616333667429,1,0.5911157743889425,1.47,0.3,1,10,1,0.612710739571571,0.8,0.4887616333667429,0.4887616333667429,1,4.9,-2.3540568809177103
0.0732963981066478,0.0009817704076382,235.72112939576823,3.542190916462559,0.0091191707533213,3,5,0.1,38.66018420375507,0.6298755891916233,1,0.1295920221139633,1.47,0.3,1,10,1,0.4716804658408778,0.8,0.6298755891916233,0.6298755891916233,1,4.9,-2.1825576426790736
0.0784331223396957,0.0071133525572737,20.568691201044484,3.0492770298737373,0.0731351802280513,3,5,0.1,4.850024862741627,0.8646576093795387,1,0.986950772508375,1.47,0.3,1,10,1,0.3762817079087746,0.8,0.8646576093795387,0.8646576093795387,1,4.9,-4.93512804463588
0.1982722605836277,4.400612093467702e-05,5562.431405124373,10.093627735422531,0.0011716581697542,3,5,0.1,1.099714199637726,0.2331163251045873,1,0.3309993988041667,1.47,0.3,1,10,1,0.6704411626405536,0.8,0.2331163251045873,0.2331163251045873,1,4.9,-1.537557596309357
0.1809390600873121,0.002855433207722,200.8972515525477,2.304092807241278,-0.0005282902506983,3,5,0.1,39.22725109813898,0.9739347803280572,1,0.1529678437191971,1.47,0.3,1,10,1,0.9997807478739716,0.8,0.9739347803280572,0.9739347803280572,1,4.9,-3.4460881684893865
0.0865386353052781,4.732279406229532e-06,57033.15403571962,3.7788140275618254,3.698823880333888e-05,3,5,0.1,2.558775141723308,0.58555004973926,1,0.0200775084552153,1.47,0.3,1,10,1,0.5278892967762101,0.8,0.58555004973926,0.58555004973926,1,4.9,-4.188123968053338
0.204964062628571,0.000238483568285,1351.069626259212,8.120733023941234,0.003384714915412,3,5,0.1,6.577397478074568,0.2681590938957409,1,0.0663322156813659,1.47,0.3,1,10,1,0.7741447639189252,0.8,0.2681590938957409,0.2681590938957409,1,4.9,-0.9878359933024896
0.0631518400530066,0.0047935680484384,25.629082929788314,3.2820537582501013,0.0705120580696317,3,5,0.1,4.273595887145483,0.8059181723170707,1,0.8890579053106122,1.47,0.3,1,10,1,0.3353720149693708,0.8,0.8059181723170707,0.8059181723170707,1,4.9,-4.797319493949214
0.142994875042561,0.0178006772001471,16.848517757918778,2.4884366740538337,0.037090114456408,3,5,0.1,102.4423681260524,0.9498627424791336,1,0.5684659863815285,1.47,0.3,1,10,1,0.6354730449520277,0.8,0.9498627424791336,0.9498627424791336,1,4.9,-3.236225052723986
0.2275810958847257,0.0021112702022753,140.7051799315153,7.24923016658258,0.0200805093584158,3,5,0.1,1.9245618122546675,0.3424570697777222,1,0.7687896440165176,1.47,0.3,1,10,1,0.7214962083929032,0.8,0.3424570697777222,0.3424570697777222,1,4.9,-1.9519696184691
0.2307749607130501,0.0228519263577401,11.508817698631027,7.049758985124363,0.1937108454137718,3,5,0.1,50.00181371631448,0.3472217905083574,1,0.6768953448440375,1.47,0.3,1,10,1,0.7460765022203618,0.8,0.3472217905083574,0.3472217905083574,1,4.9,-1.1764683985290212
0.0286200598447194,0.0025400690893231,32.01189915594606,2.5394310542009597,0.0569139561035689,3,5,0.1,16.288479502067794,0.9401183473478244,1,0.4245175129951287,1.47,0.3,1,10,1,0.2532875450751864,0.8,0.9401183473478244,0.9401183473478244,1,4.9,-3.6214354118947583
0.0001419716322197,1.8839363166797184e-06,319.92919621611776,2.297735308088118,0.0076721866498738,3,5,0.1,8.52296878197261,0.9564461035769268,1,0.1400136910761706,1.47,0.3,1,10,1,0.0192869632627968,0.8,0.9564461035769268,0.9564461035769268,1,4.9,-4.319091733894581
0.0004458987822473,3.158175885327557e-05,44.19142155119963,2.7710022457775563,0.0568470568639904,3,5,0.1,12.857169640757032,0.8610832506939806,1,0.3613873405562913,1.47,0.3,1,10,1,0.0309214923627668,0.8,0.8610832506939806,0.8610832506939806,1,4.9,-3.401892375257628
0.1210284311462235,5.872828855898999e-06,33441.55960680262,9.221509684933975,0.0002147314162704,3,5,0.1,1.514095976051989,0.254078037249019,1,0.0578632922837766,1.47,0.3,1,10,1,0.5217901217622335,0.8,0.254078037249019,0.254078037249019,1,4.9,-1.3919482357482682
0.0033020542206988,0.0002518557872404,33.47713761390236,2.8842042169408613,0.0687224553308046,3,5,0.1,5.42219280398964,0.8853889477550545,1,0.5843781954525741,1.47,0.3,1,10,1,0.0778560465130499,0.8,0.8853889477550545,0.8853889477550545,1,4.9,-4.767919699366165
0.1437739991405463,0.0038839371220929,72.35794863343914,5.290480483956611,0.0325323339233852,3,5,0.1,3.856967781817304,0.4481965631691644,1,0.4184986386534451,1.47,0.3,1,10,1,0.6131446924684132,0.8,0.4481965631691644,0.4481965631691644,1,4.9,-2.0497706610817383
0.0460039868523662,0.0063482184568874,14.487027256122206,3.126717538022385,0.1209818302809514,3,5,0.1,15.329250121085606,0.828566919418213,1,0.7230771173585225,1.47,0.3,1,10,1,0.293750962844107,0.8,0.828566919418213,0.828566919418213,1,4.9,-3.160490313395914
0.1428002841737393,1.0874133889807865e-06,339771.45704289497,3.196196339383262,2.156900182215351e-06,3,5,0.1,3.478031403715277,0.6786349011585834,1,0.0058804376739981,1.47,0.3,1,10,1,0.7506625134127083,0.8,0.6786349011585834,0.6786349011585834,1,4.9,-4.152812960253019
0.0289333856179147,0.0006805420110864,110.42203738187108,4.141380059501419,0.0298907500832597,3,5,0.1,2.97256339744366,0.5977998771532094,1,0.43329204399706,1.47,0.3,1,10,1,0.2438610892849743,0.8,0.5977998771532094,0.5977998771532094,1,4.9,-3.754413372153505
0.0592299371862167,0.0053955065828243,19.426244640260396,4.389795109122249,0.1272899354011073,3,5,0.1,5.529875437808753,0.615787316759802,1,0.8449842451243497,1.47,0.3,1,10,1,0.319677144243009,0.8,0.615787316759802,0.615787316759802,1,4.9,-2.773186122299326
0.1026017721137678,0.0037862920252715,52.75516655359399,5.020206759094299,0.0507209796824443,3,5,0.1,3.63582191156819,0.497589262510613,1,0.5464486742500493,1.47,0.3,1,10,1,0.4717507315565597,0.8,0.497589262510613,0.497589262510613,1,4.9,-2.436776501327452
0.1062669463446935,0.0099704648506004,20.306435249794543,2.594984445819422,0.0516954222789003,3,5,0.1,5.355661362417536,0.9799074547702392,1,0.922829198110482,1.47,0.3,1,10,1,0.4636948862594504,0.8,0.9799074547702392,0.9799074547702392,1,4.9,-5.699676691090653
0.0035533035905349,3.510373711560025e-08,288389.8009342557,5.906769376189449,2.190241019001743e-05,3,5,0.1,1.7796511832371462,0.4028987155333193,1,0.0147146519027783,1.47,0.3,1,10,1,0.0874890774542726,0.8,0.4028987155333193,0.4028987155333193,1,4.9,-2.84682510720599
0.1734742643825464,0.0159899691210144,18.977327223424663,2.961995911071093,0.0383355041825161,3,5,0.1,5.872075847088086,0.8280379418748308,1,0.8762790874157674,1.47,0.3,1,10,1,0.6500256214471242,0.8,0.8280379418748308,0.8280379418748308,1,4.9,-4.113635577076184
0.09033411565711,0.0028093345310479,102.51118394791148,2.339455805218456,0.0098080575227984,3,5,0.1,6.234333420413623,0.9574031889781957,1,0.2816238455849806,1.47,0.3,1,10,1,0.5404807008534626,0.8,0.9574031889781957,0.9574031889781957,1,4.9,-4.973487376403601
0.0006979273124587,1.7301442451881105e-05,155.98554755011375,2.521270700611652,0.0165699633310464,3,5,0.1,6.374574756985019,0.8947082854763563,1,0.2210073240755457,1.47,0.3,1,10,1,0.041388591849453,0.8,0.8947082854763563,0.8947082854763563,1,4.9,-4.434716198524602
0.2528802811425181,0.0305832804795853,15.07996935499006,2.34098145559997,-0.0035137805578221,3,5,0.1,21.661836789384463,0.9892899684443106,1,0.7167562746795508,1.47,0.3,1,10,1,0.9741205461272172,0.8,0.9892899684443106,0.9892899684443106,1,4.9,-3.690950818250729
0.0629769206834266,0.0006105773302563,231.52469807080772,5.32200751233781,0.0162075163158114,3,5,0.1,2.161041857812529,0.4665087317541337,1,0.4253505969835745,1.47,0.3,1,10,1,0.3649437919431426,0.8,0.4665087317541337,0.4665087317541337,1,4.9,-3.1332547075869317
0.1593610831596265,0.017008939932713,16.933406567466644,2.9877450879684866,0.0467240474337652,3,5,0.1,8.516362291532129,0.8162627116566155,1,0.7651976707011883,1.47,0.3,1,10,1,0.6292905308193822,0.8,0.8162627116566155,0.8162627116566155,1,4.9,-3.504664532067382
0.0339063938453204,0.0001324122959154,356.0609727873099,9.5979760580611,0.0193325949023223,3,5,0.1,1.4665105047492777,0.3193982462432326,1,0.8459482727792478,1.47,0.3,1,10,1,0.2156173029690326,0.8,0.3193982462432326,0.3193982462432326,1,4.9,-2.164770548902064
0.0798022777626261,0.0053230713614,31.365000708225867,3.552477882141813,0.0596652051150502,3,5,0.1,4.743644730071864,0.7091776590316968,1,0.649384081067916,1.47,0.3,1,10,1,0.4066162395312188,0.8,0.7091776590316968,0.7091776590316968,1,4.9,-3.6303001994070927
0.0707336055917779,0.0008523369986086,296.89053470760393,2.445434961347261,0.0044718686743527,3,5,0.1,5.526033065927869,0.8991164246647081,1,0.1677286182761969,1.47,0.3,1,10,1,0.4824515935084048,0.8,0.8991164246647081,0.8991164246647081,1,4.9,-4.831203595749418
0.0057694989062959,0.0003400410296581,33.49898920624751,3.7949462694448206,0.0813122673788618,3,5,0.1,3.3189914385931862,0.7461872549538816,1,0.9856059260385122,1.47,0.3,1,10,1,0.0924360804383372,0.8,0.7461872549538816,0.7461872549538816,1,4.9,-5.231865540309179
0.19527000625916938,0.007370976215540815,67.44556884954966,2.309237370485068,0.00080947788347427,3,5,0.1,4.816378174630246,0.9844818247644291,1,0.4192378389105968,1.47,0.3,1,10,1,0.9107931394873886,0.8,0.9844818247644291,0.9844818247644291,1,4.9,-6.273863784839388
0.243802994651322,0.020251207580410425,18.905357508112523,4.469714911469811,0.037479324926520174,3,5,0.1,9.643714904983135,0.5214869899802149,1,0.629028294829672,1.47,0.3,1,10,1,0.8781212306404688,0.8,0.5214869899802149,0.5214869899802149,1,4.9,-1.9892901459748806
0.02328285859099723,0.002649049679883503,23.686074086411587,2.569051836846111,0.0771507956602021,3,5,0.1,151.0631392710901,0.9423167621566142,1,0.45101123017579137,1.47,0.3,1,10,1,0.22370239738426265,0.8,0.9423167621566142,0.9423167621566142,1,4.9,-3.187449520653959
0.008016141736320799,0.000581390882922526,34.53524545061495,3.0077466969193587,0.06788243175497168,3,5,0.1,5.103237188321822,0.8508717079160051,1,0.5914762416853593,1.47,0.3,1,10,1,0.12141219543893607,0.8,0.8508717079160051,0.8508717079160051,1,4.9,-4.6422721533010085
0.0018072999711161932,4.030964996697354e-05,130.5104836818306,4.335331849242632,0.03217648080547708,3,5,0.1,3.7385743738840884,0.5617462490829792,1,0.31262375029058714,1.47,0.3,1,10,1,0.06109934369576171,0.8,0.5617462490829792,0.5617462490829792,1,4.9,-2.883408129023861
0.11041043240942651,9.533687778868829e-05,3110.555788710445,4.593596228449849,0.0007621309878361334,3,5,0.1,2.238096728884622,0.48642017106841606,1,0.10068796484405393,1.47,0.3,1,10,1,0.5897461970948844,0.8,0.48642017106841606,0.48642017106841606,1,4.9,-3.2896361105847918
0.18571179567894408,8.42314640106358e-05,6561.125605401996,3.157467314020865,1.5093987184645989e-05,3,5,0.1,16.922915501287964,0.7020171177925723,1,0.026841832068130355,1.47,0.3,1,10,1,0.9881819016331989,0.8,0.7020171177925723,0.7020171177925723,1,4.9,-2.590834824137895
0.025225848546228377,0.000626604163721067,95.99169054772507,4.422092075759109,0.0362332768442256,3,5,0.1,2.759067997517874,0.580123910054462,1,0.5207106094262381,1.47,0.3,1,10,1,0.21809741320424003,0.8,0.580123910054462,0.580123910054462,1,4.9,-3.7961895793830713
0.034249008687982044,0.002030672235624223,45.529989619325406,2.92079517000245,0.045686551044395174,3,5,0.1,5.331155883344135,0.8325809040418908,1,0.4754346838166987,1.47,0.3,1,10,1,0.2714555420540737,0.8,0.8325809040418908,0.8325809040418908,1,4.9,-4.366397788398889
0.15289924737424648,0.004751894531935442,93.94023115193768,2.5929600660208822,0.0040847081054623275,3,5,0.1,12.189614705157773,0.8630771214271149,1,0.2447359733635953,1.47,0.3,1,10,1,0.7996766123614423,0.8,0.8630771214271149,0.8630771214271149,1,4.9,-3.446284506335715
0.17467965084922446,0.002564124512209937,212.09866333639414,2.4247318857483258,4.380690292850214e-05,3,5,0.1,9.688054049567864,0.9229062371065349,1,0.17126782088525136,1.47,0.3,1,10,1,0.9495017532232987,0.8,0.9229062371065349,0.9229062371065349,1,4.9,-3.955599586919015
0.08648887996604426,0.002843045277148535,73.32376360960242,3.3783526182468773,0.024307053881019638,3,5,0.1,3.291037278898746,0.7137061977702924,1,0.5096011205943497,1.47,0.3,1,10,1,0.4529326013604842,0.8,0.7137061977702924,0.7137061977702924,1,4.9,-4.815978217716513
0.10881297559135414,0.005713973973728569,46.15907513271185,2.5110216468450757,0.021320891834963357,3,5,0.1,4.400110896529309,0.9438530727382416,1,0.5498606447661433,1.47,0.3,1,10,1,0.5320475113821775,0.8,0.9438530727382416,0.9438530727382416,1,4.9,-6.298848305794629
0.001032739648756459,4.880585193782501e-05,57.971555879700254,2.9367277729806216,0.043393421481170244,3,5,0.1,3.729682528494612,0.8588505897572982,1,0.539006375649571,1.47,0.3,1,10,1,0.044044177415840026,0.8,0.8588505897572982,0.8588505897572982,1,4.9,-6.187332845538811
0.07229977843171895,0.0003236914714363937,207.5308779483968,15.588972599651296,0.05456412090628722,3,5,0.1,1.8261339563404373,0.19893227356158014,1,0.6508003342501999,1.47,0.3,1,10,1,0.3123295636178567,0.8,0.19893227356158014,0.19893227356158014,1,4.9,-0.8891042798280271
0.32352561357403437,0.011590163242598085,13.238020530077463,16.766252975796835,0.6968775865569444,3,5,0.1,7.973684975595458,0.15433759960665716,1,0.8839686327347615,1.47,0.3,1,10,1,0.765245732853779,0.8,0.15433759960665716,0.15433759960665716,1,4.9,-0.5387925259555466
0.11568746376085742,0.00030816403718051776,914.8392943204426,5.077135051061028,0.002965173648898172,3,5,0.1,2.211550099701213,0.4472276157105548,1,0.1905509051152743,1.47,0.3,1,10,1,0.5817559003215544,0.8,0.4472276157105548,0.4472276157105548,1,4.9,-2.8226318269996273
0.18119453913555048,0.002191433380872286,194.73382090143465,3.9833851099619726,0.00448411681434478,3,5,0.1,2.981172800930346,0.5650020711520628,1,0.3109981341151137,1.47,0.3,1,10,1,0.8200053640115942,0.8,0.5650020711520628,0.5650020711520628,1,4.9,-3.376500929250363
0.15062150212652012,0.004128172696062148,61.98763046352627,4.733637268897199,0.0309847315603877,3,5,0.1,2.5888740540732256,0.5365644935044594,1,0.8053908048615446,1.47,0.3,1,10,1,0.5663101980313339,0.8,0.5365644935044594,0.5365644935044594,1,4.9,-3.463505225965659
0.03693534092275229,0.0001292579587986053,443.9326757479151,9.023238236200429,0.01553359391329556,3,5,0.1,1.5110127381766918,0.3190917828632284,1,0.6247688610975464,1.47,0.3,1,10,1,0.23748253582137327,0.8,0.3190917828632284,0.3190917828632284,1,4.9,-2.096862846713589
0.15306152956946997,0.005998905829096969,49.80904826667972,3.539138288754471,0.023421320735887863,3,5,0.1,3.2319614670642434,0.6867203464938427,1,0.6868995295497864,1.47,0.3,1,10,1,0.6162083140244188,0.8,0.6867203464938427,0.6867203464938427,1,4.9,-4.539835219736369
0.155277287747452,0.001191110743479297,414.71674238627725,2.5394410997631405,0.0005836734227411256,3,5,0.1,5.5430381836378935,0.8747598111974793,1,0.14293398739520005,1.47,0.3,1,10,1,0.8573159854484254,0.8,0.8747598111974793,0.8747598111974793,1,4.9,-4.615382874187902
0.16802129647070047,0.0009091465267086731,588.7672682001061,2.448009662012002,9.692153863580342e-05,3,5,0.1,4.540408438517866,0.9099958507470463,1,0.1336003986990738,1.47,0.3,1,10,1,0.9295154213855931,0.8,0.9099958507470463,0.9099958507470463,1,4.9,-5.697983596266182
0.005601016503258536,0.000678408629077214,15.459604215703502,3.7340723303915353,0.160515006688943,3,5,0.1,6.716660924404786,0.7509072454677609,1,0.9638113723867049,1.47,0.3,1,10,1,0.09255394673983766,0.8,0.7509072454677609,0.7509072454677609,1,4.9,-3.3864065762339335
0.0016111658798057325,0.0002470299377972641,12.64829651151857,3.151647517698847,0.1637461020656352,3,5,0.1,11.568303829081552,0.8718123711939914,1,0.9151203156386792,1.47,0.3,1,10,1,0.05052465314533295,0.8,0.8718123711939914,0.8718123711939914,1,4.9,-3.526085970970307
0.07709516222048632,1.0678802647832426e-08,2835955.297334578,30.78196193987464,9.486408561061273e-06,3,5,0.1,0.5126856032991399,0.1070985630245272,1,0.4367779517584593,1.47,0.3,1,10,1,0.29233437480080804,0.8,0.1070985630245272,0.1070985630245272,1,4.9,-0.6964763941114196
0.08211803990257507,0.006343552302776601,21.436410815187763,4.865277143107028,0.11898141442609501,3,5,0.1,4.658407414391837,0.5570695598646123,1,0.8969030055074616,1.47,0.3,1,10,1,0.3781893271807482,0.8,0.5570695598646123,0.5570695598646123,1,4.9,-2.57555094941036
0.012948740184449022,9.943858871019515e-07,48662.29121941003,3.4064302024210473,6.966145419347911e-05,3,5,0.1,7.186256539951411,0.6546110230734653,1,0.011247874935081871,1.47,0.3,1,10,1,0.1837162766500812,0.8,0.6546110230734653,0.6546110230734653,1,4.9,-2.7710098285791416
0.07809393002834218,0.003087911972337605,66.30648226758395,3.031967393898774,0.024785685099500267,3,5,0.1,4.090889487625825,0.780353910202296,1,0.4470750525196582,1.47,0.3,1,10,1,0.4415408957131632,0.8,0.780353910202296,0.780353910202296,1,4.9,-4.6875947605594055
0.1489813286389936,0.0002440132965281653,1945.9709954188343,2.2849876929006583,0.00010050895246270843,3,5,0.1,4.890700874262783,0.960086801653667,1,0.06862088421942845,1.47,0.3,1,10,1,0.8478135272574724,0.8,0.960086801653667,0.960086801653667,1,4.9,-5.905175509252619
0.20546393289878126,0.013832014917248621,27.74001344419432,2.782537603200394,0.0145089090352082,3,5,0.1,4.728300879209177,0.8516479018206105,1,0.7580188477732839,1.47,0.3,1,10,1,0.77689000623682,0.8,0.8516479018206105,0.8516479018206105,1,4.9,-4.896835279107772
0.16188181344484634,0.008436045343165742,32.32472715456888,3.8240578298861827,0.03976290846323781,3,5,0.1,3.393255869600529,0.6616927254465468,1,0.9514964589450531,1.47,0.3,1,10,1,0.5906783040226798,0.8,0.6616927254465468,0.6616927254465468,1,4.9,-4.0470902953579975
0.004218818490707992,0.0005984800152047083,14.34293806912494,2.731788381638036,0.1264499300102034,3,5,0.1,9.362720011830758,0.992753553705267,1,0.9054284661999108,1.47,0.3,1,10,1,0.08249203612569658,0.8,0.992753553705267,0.992753553705267,1,4.9,-4.397050030753796
0.04578012649948504,0.002514556530625145,38.73664450511629,4.918193633659296,0.08746818355041511,3,5,0.1,5.233250283162058,0.5201025391553973,1,0.5025696577324503,1.47,0.3,1,10,1,0.29869434288963637,0.8,0.5201025391553973,0.5201025391553973,1,4.9,-2.2570854091619346
0.2352721316871148,0.014913751640366568,25.083873780613967,3.5337474596735183,0.02271689733353485,3,5,0.1,4.017228055147063,0.6828105621010198,1,0.9808294162920567,1.47,0.3,1,10,1,0.7940627514660911,0.8,0.6828105621010198,0.6828105621010198,1,4.9,-3.772004795634163
0.23211717111183539,0.009123834512555674,50.99029649214071,3.1602528099359133,0.00411000833847111,3,5,0.1,3.7279223650700377,0.7281136682398035,1,0.5888664696688712,1.47,0.3,1,10,1,0.9213406510643586,0.8,0.7281136682398035,0.7281136682398035,1,4.9,-4.459280390781148
0.028004247637206867,0.0005974014946886065,142.30600864017885,3.291212535430348,0.018851485023040068,3,5,0.1,3.1695932619815235,0.7188442277186331,1,0.35480965311197715,1.47,0.3,1,10,1,0.2534904541109858,0.8,0.7188442277186331,0.7188442277186331,1,4.9,-5.089367622734481
0.15067304190203498,0.009121481470185213,43.23308768225956,2.5220178069625123,0.011049063945363698,3,5,0.1,15.285080967670545,0.9005941680165506,1,0.3613282875411594,1.47,0.3,1,10,1,0.7394767643191219,0.8,0.9005941680165506,0.9005941680165506,1,4.9,-3.4804747379864738
0.15707931497721359,0.01749395608459086,17.78295549494905,2.7152239799116766,0.03614215882526098,3,5,0.1,15.101763138427046,0.87663933835516,1,0.626958513497178,1.47,0.3,1,10,1,0.6597243170374552,0.8,0.87663933835516,0.87663933835516,1,4.9,-3.3799337477643885
0.002302127838199965,9.045029565103973e-05,75.29813716049986,4.342617648921206,0.05584742899081507,3,5,0.1,18.823783600407573,0.5520253797219206,1,0.24355532791759846,1.47,0.3,1,10,1,0.07026876133815095,0.8,0.5520253797219206,0.5520253797219206,1,4.9,-1.9752451365403747
0.2532276086926046,0.008349388683577739,48.94177568875606,3.9477268375939447,0.011767737004629086,3,5,0.1,2.831131624667735,0.6009134890713649,1,0.8775467872246807,1.47,0.3,1,10,1,0.8583651404809177,0.8,0.6009134890713649,0.6009134890713649,1,4.9,-3.9684278139030775
0.19867354223494227,0.005392721450257155,73.86208309331165,4.182887628026674,0.012563213710943683,3,5,0.1,3.4584443299987604,0.5505534617261527,1,0.47042608223950283,1.47,0.3,1,10,1,0.8066931069160849,0.8,0.5505534617261527,0.5505534617261527,1,4.9,-2.919681882151898
0.27537257772420404,0.0009607107804061975,443.3311725883891,6.517538958129193,0.004081601496167235,3,5,0.1,1.7808273309601788,0.33711750079642927,1,0.4128730722396478,1.47,0.3,1,10,1,0.9832158281518393,0.8,0.33711750079642927,0.33711750079642927,1,4.9,-2.0127944933654236
0.2172443564198003,0.01953853710744531,20.662828984056187,2.54481961080009,0.011150823905496916,3,5,0.1,7.072101654491436,0.9235869550293533,1,0.7427588451503402,1.47,0.3,1,10,1,0.82768513431099,0.8,0.9235869550293533,0.9235869550293533,1,4.9,-4.427912631297685
0.042057640228107804,0.004599695501463279,20.35857853957377,2.8604903817187948,0.08486639471221452,3,5,0.1,9.08306428564795,0.8871797288679587,1,0.6493111232674381,1.47,0.3,1,10,1,0.2864424048804115,0.8,0.8871797288679587,0.8871797288679587,1,4.9,-3.8301894103107097
0.11893612548071743,0.002473522980513261,141.86515238803904,2.843980636934754,0.0066584562177632095,3,5,0.1,4.692132826735279,0.788738927262769,1,0.2654189901825836,1.47,0.3,1,10,1,0.6435588928991487,0.8,0.788738927262769,0.788738927262769,1,4.9,-4.325856285893006
0.13817650174713117,0.00045219390229408617,806.4753209268456,4.423772101630384,0.00211370287024623,3,5,0.1,24.680694253485168,0.5001434303621487,1,0.07021363289020471,1.47,0.3,1,10,1,0.700476081642968,0.8,0.5001434303621487,0.5001434303621487,1,4.9,-1.7498863508691862
0.23171215179645124,0.021322927421969166,19.4121191963246,2.8340670771086915,0.01114798884445851,3,5,0.1,7.637375946668016,0.826644933696367,1,0.7372195741322387,1.47,0.3,1,10,1,0.8676294116932354,0.8,0.826644933696367,0.826644933696367,1,4.9,-3.686523817237698
0.2231706919051283,0.0016526552587045754,267.09005748086156,4.81520818130178,0.0036975657042351614,3,5,0.1,2.17978197940226,0.46700752007701624,1,0.38940414842623305,1.47,0.3,1,10,1,0.9018162749545564,0.8,0.46700752007701624,0.46700752007701624,1,4.9,-3.112792902200016
0.08282901766737927,0.006456876300488264,24.713476053194732,3.6359933151288053,0.0744648729858618,3,5,0.1,4.9343274501967995,0.7094421961377724,1,0.763792574793261,1.47,0.3,1,10,1,0.40166451840489886,0.8,0.7094421961377724,0.7094421961377724,1,4.9,-3.5586665890262603
