efficiency,dark count rate,jitter,entropy production,entropy rate,machine_efficiency,L first gap,d_l,e_max,e_s,TH,TC,g_sl,g_ml,e_C,e_C_factor,t_f,t_steps,rateM,rateD,rateB,Tb,Td,k,Tb_indep_flag,Td_indep_flag,Td_eq_Tb_flag,Max_TV_flag,epsilon,e_l,TV
0.2647454243355711,0.0032713900439533,68.28768427962096,0.8787184991212303,0.0431280310670431,0.4324759767198955,,3,1,0.1,0.6501821737385177,0.3448093980227389,1.4920926687780596,0.9280395651098332,1.1810404472082583,1.3122671635647316,1,10,1.149400191148215,0.8848681236676279,0.8,0.3448093980227389,0.3448093980227389,1,False,False,False,False,1e-06,0.9,-4.009010009346542
0.1758272862268483,0.0051530466127077,13.83941178198589,0.5396815534117549,0.0492232036752449,0.3545146456907458,,3,1,0.1,1.11478444634275,0.6912047338537438,1.2620716709028483,0.956935863475277,1.638682141738928,1.820757935265476,1,10,0.6488572098665213,0.6902017984448744,0.8,0.6912047338537438,0.6912047338537438,1,False,False,False,False,1e-06,0.9,-9.62802592008563
0.5149802680036427,0.0676818619582578,10.932216666116112,1.1093569601453788,0.2205351270209672,0.5689604909974298,,3,1,0.1,2.714798584939414,0.3842109603610571,0.8237453987603198,1.9222886731950648,0.681832155730591,0.757591284145101,1,10,1.857774725163688,1.6869025924900984,0.8,0.3842109603610571,0.3842109603610571,1,False,False,False,False,1e-06,0.9,-0.7550592351504104
0.29124360636448,0.0155348870564418,6.405616046669408,0.3312206024541106,-0.0106928918233079,0.90115928544566,,3,1,0.1,-13.004702561892138,0.9056028341333584,1.3737156230721703,1.728554202886337,0.0987135621145081,0.1096817356827868,1,10,0.2555470045289007,1.340139960788122,0.8,0.9056028341333584,0.9056028341333584,1,False,False,False,False,1e-06,0.9,-4.843931466800159
0.289455805950866,0.0192798545966797,7.71889820297539,0.4835167373681956,0.0678675572056834,0.444972029190435,,3,1,0.1,1.3957298328814385,0.717855896888441,1.4291327686159687,1.0896620850920111,1.122599042095804,1.247332268995338,1,10,1.2493472229499207,1.2021717175703572,0.8,0.717855896888441,0.717855896888441,1,False,False,False,False,1e-06,0.9,-7.847333211206647
0.3451133085026909,0.0277070392399136,26.81305393883594,0.4660409653528666,0.0678399506869046,0.4634610251596662,,3,1,0.1,1.6179531096943671,0.7825422263097782,0.5005402000274989,1.9701171368968755,1.0419108644355637,1.1576787382617375,1,10,0.8045806786284266,1.584274575702134,0.8,0.7825422263097782,0.7825422263097782,1,False,False,False,False,1e-06,0.9,-6.858881973039239
0.2307984107733634,0.0051328670185667,11.700839838815634,0.4132806390161693,0.0362516416268732,0.3395743317206323,,3,1,0.1,1.1804543202207765,0.7021829008112715,1.5728307915009478,0.6283898245357421,1.7503770041736535,1.944863337970726,1,10,1.4862732508015215,1.022211827399233,0.8,0.7021829008112715,0.7021829008112715,1,False,False,False,False,1e-06,0.9,-3.635668744936443
0.5078337137226256,0.0073688930855251,80.75303926883436,1.8210224862330664,0.0425028067119479,0.6971820334676339,,3,1,0.1,0.8633354942789822,0.1886878317417302,0.624310295083002,0.5931425973184419,0.3909110631029792,0.4343456256699769,1,10,1.743394810572935,1.3870467951007834,0.8,0.1886878317417302,0.1886878317417302,1,False,False,False,False,1e-06,0.9,-1.561214392805283
0.1226721041826965,0.005170126960101,14.064865795996102,0.4722807947847446,0.0550720852124001,0.3566820618705958,,3,1,0.1,1.7587109808746837,0.8255105887331605,0.6647917113835662,0.5871133813987409,1.623255571867025,1.803617302074472,1,10,1.1878958784953562,0.5250572838303283,0.8,0.8255105887331605,0.8255105887331605,1,False,False,False,False,1e-06,0.9,-1.692853180144308
0.5888987824249695,0.0171697643830326,56.59434923118638,1.3155551955210376,-0.0255525816820726,0.8639353499660503,,3,1,0.1,2.6062779863593555,0.2475769080245209,0.7064925296664886,1.6543034898610132,0.1417446166954123,0.1574940185504581,1,10,0.3316057123985753,1.881290659129528,0.8,0.2475769080245209,0.2475769080245209,1,False,False,False,False,1e-06,0.9,-5.207678079296701
0.3492698313124162,8.268441189257132e-05,2921.647803902273,2.300586747364924,0.0032388475372592,0.3918942042680003,,3,1,0.1,0.3448623600602541,0.2051485746028561,0.7894032771708612,1.1437594457658435,1.3965381733089552,1.5517090814543948,1,10,0.7465393577222874,0.8785312477897247,0.8,0.2051485746028561,0.2051485746028561,1,False,False,False,False,1e-06,0.9,-6.074577377369785
0.2910344733817454,0.0440524778654989,5.183516194774786,0.7316260058486564,0.0113579438941556,0.7612043018827036,,3,1,0.1,-350.89438500843426,0.5572153384167039,1.5836596018821951,1.4808083705123485,0.2823369859760512,0.3137077621956124,1,10,1.8654890101640416,0.9516693425827072,0.8,0.5572153384167039,0.5572153384167039,1,False,False,False,False,1e-06,0.9,-1.764490441181758
0.3066311081963673,0.0126710524097866,36.31437667030138,0.5452221827031716,0.0207321224013684,0.5901551070934656,,3,1,0.1,1.7052899066515557,0.6301081095061863,0.5706774267794024,1.886756508416413,0.6250228104142507,0.6944697893491674,1,10,0.25240651932623,1.238935654158572,0.8,0.6301081095061863,0.6301081095061863,1,False,False,False,False,1e-06,0.9,-9.217532901781302
0.3006057046942371,0.0026614206729151,50.30207470361338,0.5617857610709274,0.026256245699967,0.378589789443774,,3,1,0.1,0.6961450460863952,0.4189572083823821,1.849619038473856,0.7405213935647339,1.4772431932786263,1.6413813258651404,1,10,1.5716197920868102,1.2733012502511851,0.8,0.4189572083823821,0.4189572083823821,1,False,False,False,False,1e-06,0.9,-8.098438219740613
0.1560359160569052,0.0153801115126009,5.994207502909015,0.4745748537913813,0.0873173326013037,0.4319965336512846,,3,1,0.1,1.695294851346318,0.8735952840352752,1.515390331931717,1.5305962383123686,1.1833500500411331,1.3148333889345922,1,10,1.4699271231324476,0.610971097673158,0.8,0.8735952840352752,0.8735952840352752,1,False,False,False,False,1e-06,0.9,-7.16142139883955
0.2641775007694917,0.0378989667707165,5.636250250435369,0.7260407528366215,0.0890141485959839,0.6082770849420648,,3,1,0.1,2.350069915057873,0.5917333749202411,1.4513970203093638,1.8222284995718565,0.5795888621806627,0.6439876246451808,1,10,1.841400970113304,0.8510676327737311,0.8,0.5917333749202411,0.5917333749202411,1,False,False,False,False,1e-06,0.9,-2.572289728071969
0.2744247613157391,0.0051306273228242,7.848334812128566,0.3695854979824537,0.0023058990912233,0.6695616410158041,,3,1,0.1,5.938772355338981,0.7944571680145864,1.7777071617018778,1.1005283553733334,0.4441630237876139,0.4935144708751265,1,10,0.0695487774669236,1.375459040803682,0.8,0.7944571680145864,0.7944571680145864,1,False,False,False,False,1e-06,0.9,-2.7048103403511456
0.2418865501680992,0.0118396017564896,25.941403971168093,1.276465274250316,-0.0172974562601474,0.8975169911519125,,3,1,0.1,4.710480558451918,0.3381778259367727,1.936770691163732,0.5899415693780216,0.1027665312997592,0.1141850347775102,1,10,0.3689767040929031,1.12422485710893,0.8,0.3381778259367727,0.3381778259367727,1,False,False,False,False,1e-06,0.9,-9.889758163778074
0.4274490848784046,0.0032437923706832,121.43276208692085,1.0099807186009628,0.0306633176152238,0.4994690808316991,,3,1,0.1,0.571335710228505,0.2746926642814983,1.1587424601091114,0.7128689075454386,0.9019133406643508,1.002125934071501,1,10,0.973591633197802,1.4339394784914168,0.8,0.2746926642814983,0.2746926642814983,1,False,False,False,False,1e-06,0.9,-6.9501595647347525
0.2290764034621773,0.0126048579959884,29.47135809832896,1.5922458535302946,0.0448211956454351,0.7443633928032388,,3,1,0.1,1.3980934527207936,0.3073875569473447,0.5212855383220146,0.9007166639179723,0.3090868636226734,0.3434298484696371,1,10,1.143809697431989,0.6589623447821221,0.8,0.3073875569473447,0.3073875569473447,1,False,False,False,False,1e-06,0.9,-6.395814291689126
0.1120891755105217,0.0066921305161814,7.742936511577802,0.4664708753751,-0.0016952922629346,0.8891181607466544,,3,1,0.1,38.63615718995495,0.8942289563972681,1.4236525426582285,0.6843441557321814,0.1122389123670664,0.1247099026300738,1,10,0.4687641622250332,0.5165529710660272,0.8,0.8942289563972681,0.8942289563972681,1,False,False,False,False,1e-06,0.9,-9.062032118614129
0.3121334076437967,0.0126139029158054,11.600927466123196,0.670098251358848,0.071227852148275,0.4080313246033559,,3,1,0.1,1.037942390181413,0.587823366136597,1.9786153811285687,1.986785352627018,1.3057130071444474,1.450792230160497,1,10,0.7255090942715405,1.1665435148441954,0.8,0.587823366136597,0.587823366136597,1,False,False,False,False,1e-06,0.9,-9.356938100191472
0.464362268817621,0.0404152381182808,10.76567724990724,0.8321504475371837,0.0663168359263324,0.6136407687167585,,3,1,0.1,1.4918446704078625,0.4805422714438189,1.1839793739753812,1.965350201338244,0.5666561380562668,0.6296179311736297,1,10,1.1511776900170736,1.6175096897540306,0.8,0.4805422714438189,0.4805422714438189,1,False,False,False,False,1e-06,0.9,-4.58983240025859
0.3589972368721131,0.0041287942704913,90.6477725330713,2.334581654446069,0.0155251432190155,0.7847289898870932,,3,1,0.1,0.999753962918382,0.1976719580285653,0.5299225681663734,0.5907473315805989,0.2468927637419029,0.2743252930465588,1,10,0.2096950446716608,0.8702561072144204,0.8,0.1976719580285653,0.1976719580285653,1,False,False,False,False,1e-06,0.9,-8.838480461087817
0.162389951484434,0.007423553866565,28.446077380666047,1.13554735559216,0.0195899877228077,0.7500270737219452,,3,1,0.1,1.9252219747213404,0.4080046000179886,0.8052162386453696,0.5831355877984163,0.2999566836085356,0.333285204009484,1,10,1.5696925827020216,0.5745013294668188,0.8,0.4080046000179886,0.4080046000179886,1,False,False,False,False,1e-06,0.9,-8.04308149835551
0.3231252279338716,0.0441017501369138,4.574596655472571,0.5723542500538593,0.1530951385379902,0.4459734686766625,,3,1,0.1,4.2205063561098095,0.7378555723231506,1.598159586168449,1.801714264196535,1.1180572684526964,1.2422858538363293,1,10,0.925350803346318,1.1563578703937585,0.8,0.7378555723231506,0.7378555723231506,1,False,False,False,False,1e-06,0.9,-0.8677843380059631
0.3043515038366042,0.0140259671147847,8.896869769175122,0.3782035893743459,0.033780777864878,0.4653328641389063,,3,1,0.1,1.5852590121787022,0.7758957427623467,1.214335595016272,0.6565875101641879,1.0340993713509594,1.148999301501066,1,10,0.8201391877357213,1.643275295663455,0.8,0.7758957427623467,0.7758957427623467,1,False,False,False,False,1e-06,0.9,-7.983766357049567
0.3368248437730329,0.0187755427813178,6.828340895933755,0.4486629006561323,0.0688119075886173,0.3913979813102682,,3,1,0.1,1.4767845841117904,0.7635887128994229,1.639100485276396,1.4631122823003224,1.3994497748483623,1.5549441942759583,1,10,0.6294614363939401,1.739821407279548,0.8,0.7635887128994229,0.7635887128994229,1,False,False,False,False,1e-06,0.9,-3.264867419668218
0.241562236125794,0.0083435903059792,27.137748208489,0.8716142991059187,0.0647397239532861,0.4990847582627076,,3,1,0.1,0.8676410450766414,0.4116054723714969,1.3619008596520872,0.9118877652324924,0.9033009125200712,1.0036676805778568,1,10,1.1934089830060748,0.8259579940110441,0.8,0.4116054723714969,0.4116054723714969,1,False,False,False,False,1e-06,0.9,-7.746311068489385
0.4588449096904957,0.0352453638509135,8.857554831313552,1.280022096866438,0.0596007101295194,0.703200203851743,,3,1,0.1,1.1856401519457689,0.3161440448799948,1.483127500706,1.8361415740161404,0.3798631102071588,0.4220701224523986,1,10,1.769809642857617,1.2978498267520726,0.8,0.3161440448799948,0.3161440448799948,1,False,False,False,False,1e-06,0.9,-7.37217731468002
0.2736881166283811,0.0005950844650862,269.84004908932087,1.6421186931643776,0.0095591342116858,0.5348502154816425,,3,1,0.1,0.5670442497775224,0.2499215904458091,1.9306451462001168,0.9767523293618604,0.7827141019089493,0.8696823354543881,1,10,0.092418185930942,0.7637748927837785,0.8,0.2499215904458091,0.2499215904458091,1,False,False,False,False,1e-06,0.9,-5.477100353767773
0.3135898249921293,0.003412792546981,102.13800216008916,0.8173666669744355,0.039235876911033,0.338965216406005,,3,1,0.1,0.6980888049474844,0.4494356169492971,0.5378862209438907,1.5962842346528836,1.7551396911534434,1.9501552123927148,1,10,1.0530268550661326,1.1802306773566211,0.8,0.4494356169492971,0.4494356169492971,1,False,False,False,False,1e-06,0.9,-8.843720763826655
0.3728242049268592,0.0340113438868174,7.527695628854474,0.7411749434377808,0.0547118227893898,0.6216746265508355,,3,1,0.1,1.677946165912671,0.5185634056663166,1.7423720462745838,1.4329217345259044,0.5477026430905899,0.6085584923228776,1,10,1.1611608171959251,1.3004542576831684,0.8,0.5185634056663166,0.5185634056663166,1,False,False,False,False,1e-06,0.9,-4.653334265007284
0.2392490414025858,0.0039617875234312,10.094054345823988,0.3921899789970555,0.024581777928572,0.3359592098245504,,3,1,0.1,1.1995810174753554,0.7584764303725627,1.5029488888646978,0.56285503596946,1.7788966448337913,1.976551827593101,1,10,1.9850379116418264,1.107029341101157,0.8,0.7584764303725627,0.7584764303725627,1,False,False,False,False,1e-06,0.9,-8.02413578962664
0.3960446254097715,0.0309389962719867,12.020405944891786,0.9501425453343376,-0.056523716076906,0.9476420902856671,,3,1,0.1,-1.5225745348049884,0.4081583995044335,1.7790206366129775,0.7260006250822726,0.0497256498270297,0.055250722030033,1,10,1.700541569639504,1.664953817366826,0.8,0.4081583995044335,0.4081583995044335,1,False,False,False,False,1e-06,0.9,-1.207094030391005
0.1568348100154976,0.0140387145586522,7.530146015939769,0.5187877973982095,-0.0080091856314711,0.908368061699686,,3,1,0.1,-259.37284641076815,0.7977677081320964,1.1463132493382129,0.8464658991797281,0.0907878072198749,0.1008753413554165,1,10,1.09257669441779,0.6269523822095238,0.8,0.7977677081320964,0.7977677081320964,1,False,False,False,False,1e-06,0.9,-7.651613826622944
0.2723200346713674,0.0113085490869561,38.33603049094161,0.7460043681419318,0.0383209589490544,0.5545833022882785,,3,1,0.1,1.3592561766489777,0.55021159756491,0.5153071777080735,1.1946602061077876,0.7228400607924728,0.8031556231027475,1,10,0.354707018565606,0.9111197486956948,0.8,0.55021159756491,0.55021159756491,1,False,False,False,False,1e-06,0.9,-7.510546816405933
0.4265556793019024,0.0389526047481596,23.811586000271475,0.7986919551020845,0.0265837111157079,0.6940578096988885,,3,1,0.1,2.748008173320067,0.4792424868209949,0.5817656645340059,1.1889057483618783,0.3967219551790042,0.4408021724211158,1,10,1.12496835058923,1.4530777137662283,0.8,0.4792424868209949,0.4792424868209949,1,False,False,False,False,1e-06,0.9,-2.528562592588038
0.280663352365986,0.0125409760605373,4.4083332013477685,0.3130749393551489,0.0359085759777847,0.3915190056575475,,3,1,0.1,1.7313791312753308,0.9844434279757937,1.8374425363115463,1.02995759428716,1.398738980725775,1.554154423028639,1,10,0.4642427707179677,1.5039245522201292,0.8,0.9844434279757937,0.9844434279757937,1,False,False,False,False,1e-06,0.9,-9.661837858040332
0.4539078368473517,0.0048052811383976,78.50640518955771,1.3599336539933948,0.0562912179042746,0.4235475132215535,,3,1,0.1,0.5689054571993905,0.3079957544687218,1.2050048118583605,1.9080895932625048,1.2249091823358649,1.3610102025954052,1,10,1.6701874805345216,1.4139986028603608,0.8,0.3079957544687218,0.3079957544687218,1,False,False,False,False,1e-06,0.9,-3.719783834241751
0.4240032232849555,0.0106215692145303,40.02989837560524,0.8221429231069046,0.0587774313716606,0.4659435415943578,,3,1,0.1,0.820174837400312,0.4096467741558969,1.0445257258240588,0.965915421604579,1.03156449152701,1.1461827683633443,1,10,1.0122302744790446,1.7201020322867924,0.8,0.4096467741558969,0.4096467741558969,1,False,False,False,False,1e-06,0.9,-5.517541766712686
0.2446051385539442,0.0142165220746961,9.028364457729973,0.4478380107480906,0.0070509530697195,0.6974336268861082,,3,1,0.1,3.318715524068048,0.75854527111654,1.0865262193402616,0.5871736583988983,0.3904453776028945,0.4338281973365494,1,10,0.7706717537392488,1.037773027639585,0.8,0.75854527111654,0.75854527111654,1,False,False,False,False,1e-06,0.9,-7.14907769139456
0.1733565694507214,0.0229221840492221,4.823448451175518,0.4797845282780952,0.0521523934594515,0.5923942542027192,,3,1,0.1,3.056301093497684,0.8375847926041394,1.958526848463046,1.512390159359163,0.6192584897894997,0.6880649886549997,1,10,1.389142181457358,0.6702653985995771,0.8,0.8375847926041394,0.8375847926041394,1,False,False,False,False,1e-06,0.9,-3.715205770418932
0.2609992735057795,0.0202291588949176,4.951716243995957,0.3807365383449816,0.0634105500238507,0.4283135840197362,,3,1,0.1,1.7167239958358362,0.8715128748773942,1.9047526344086056,1.1362182462410062,1.201264198892485,1.334737998769428,1,10,1.304500308043011,1.146650609648474,0.8,0.8715128748773942,0.8715128748773942,1,False,False,False,False,1e-06,0.9,-5.830147075101956
0.1905768608303243,0.0048952894089058,37.46963925843781,1.962814111519145,0.0700198300109864,0.6100859088093176,,3,1,0.1,0.8058851566224345,0.2801490462727799,0.9532468667932456,1.3820769413547735,0.575202077288586,0.6391134192095399,1,10,0.5374788290315639,0.5455248410803039,0.8,0.2801490462727799,0.2801490462727799,1,False,False,False,False,1e-06,0.9,-4.04196742671679
0.5224692187425536,8.383754839826978e-05,1928.3481887165417,1.249231635725112,0.0042220928612609,0.5580630557036599,,3,1,0.1,0.2704707456379661,0.1159518043679987,1.772331043189855,0.79453531644787,0.7127209834114406,0.7919122037904895,1,10,0.6032735359116729,1.256367929714937,0.8,0.1159518043679987,0.1159518043679987,1,False,False,False,False,1e-06,0.9,-4.889830936103251
0.4083215868054615,0.0163822604696149,27.20986260687077,0.7220605752689342,0.0787954262007766,0.4272047655074743,,3,1,0.1,0.9918415429466162,0.5216387306271193,0.8980268505916199,1.601771172605781,1.2067180721425117,1.340797857936124,1,10,0.8671838307229063,1.8114490270250323,0.8,0.5216387306271193,0.5216387306271193,1,False,False,False,False,1e-06,0.9,-4.75500005588612
0.5031654818068467,0.0024573025361342,96.76342586856464,1.6630570899450243,0.0370678509013664,0.6440339397843702,,3,1,0.1,0.4426057674691683,0.1508896285471591,1.807459144015211,0.8598836812207309,0.4974418806271763,0.5527132006968626,1,10,1.4427950859820875,1.3629479511220608,0.8,0.1508896285471591,0.1508896285471591,1,False,False,False,False,1e-06,0.9,-6.455282039537959
0.3815825759796923,0.0147312968060032,42.39367144894416,0.6376592079322717,0.0799884835539886,0.3829370594900146,,3,1,0.1,0.9588466517052036,0.5695127610134394,0.6256084635544816,1.7147373095515488,1.450255682222546,1.6113952024694953,1,10,1.1219655757713844,1.849909327319416,0.8,0.5695127610134394,0.5695127610134394,1,False,False,False,False,1e-06,0.9,-9.438200065758878
0.2360408440543103,0.0046963404421579,16.556454137978754,0.4653892946791521,0.0264356611353043,0.3883882666650198,,3,1,0.1,1.2011046850984286,0.6974112573050689,0.8663348294660539,0.5443199486575945,1.4172687674837483,1.5747430749819429,1,10,0.309134800403574,0.9966754968735764,0.8,0.6974112573050689,0.6974112573050689,1,False,False,False,False,1e-06,0.9,-8.746029592633253
0.4930905348412541,0.0005277578599269,1345.3258443069828,1.2918301471866984,0.0098823743576641,0.3878291623703083,,3,1,0.1,0.4125430989139791,0.2465218905773757,0.6141827770830812,1.1892252463793782,1.4206094005397638,1.5784548894886263,1,10,1.7998856237186065,1.6877197609551935,0.8,0.2465218905773757,0.2465218905773757,1,False,False,False,False,1e-06,0.9,-6.546525042252821
0.4027194060828104,0.0401701043889255,5.645411770888484,0.5560807123379055,-0.0414301274642112,0.9029848951635948,,3,1,0.1,-27.246834102497548,0.6042844959975405,1.9200111183921216,1.6850228884312095,0.0966944129635146,0.1074382366261274,1,10,0.8012541399434048,1.5396072894853297,0.8,0.6042844959975405,0.6042844959975405,1,False,False,False,False,1e-06,0.9,-4.577941532652943
0.3421446274231208,0.020149633779656,22.504126733361083,0.7967694502312851,0.0790999989837287,0.5065390426014382,,3,1,0.1,1.1432873986832484,0.5225176517553198,0.7165550261981938,1.554148607050372,0.876763337684416,0.974181486316018,1,10,0.879799552462316,1.1418576585235711,0.8,0.5225176517553198,0.5225176517553198,1,False,False,False,False,1e-06,0.9,-7.265305129400673
0.3873312745627035,0.0234218454961403,9.103338398747113,0.6157518091903298,0.0984680269281657,0.4202722742029374,,3,1,0.1,1.0847817395816524,0.5979006050137589,1.798081745236217,1.6424944330463285,1.2414688887266825,1.3794098763629803,1,10,1.552195791531824,1.780918932796546,0.8,0.5979006050137589,0.5979006050137589,1,False,False,False,False,1e-06,0.9,-8.799469541081528
0.1513970027614408,0.0165005711247779,8.466746473483695,0.4432175397937356,0.0502975182944,0.5460457338532352,,3,1,0.1,2.8428244441875874,0.9289062655087922,0.6582045214697334,1.134416381763216,0.7482135912848279,0.8313484347609199,1,10,1.820186211097328,0.6009929429994545,0.8,0.9289062655087922,0.9289062655087922,1,False,False,False,False,1e-06,0.9,-3.98763409951737
0.3817125446267962,0.0119130810405783,59.76989736793319,0.6958713482818616,0.0333452637958859,0.5480948348380255,,3,1,0.1,1.1249142536279646,0.4731408724232562,0.5761691928859134,0.6117024461158302,0.7420515990922822,0.8245017767692024,1,10,0.5233726056212067,1.6091888287010834,0.8,0.4731408724232562,0.4731408724232562,1,False,False,False,False,1e-06,0.9,-8.284266647227717
0.5404785959728863,0.000312566360324,971.5190150341804,1.4849670312483378,0.0064794740190372,0.3817207051965636,,3,1,0.1,0.3874447150733148,0.230256224991227,1.3814430016333523,1.4039250764161313,1.4577447797508218,1.6197164219453577,1,10,1.0185222322637013,1.9370639175372093,0.8,0.230256224991227,0.230256224991227,1,False,False,False,False,1e-06,0.9,-3.6645386255488734
0.2972528263494444,0.0001149649033112,1682.0946965707276,2.9181290224602723,0.0059039002836854,0.4230464905763525,,3,1,0.1,0.329710138148957,0.1852165347774563,1.00443294559187,1.5223466302601834,1.2274257559112545,1.3638063954569493,1,10,1.290336390088929,0.7204046464777473,0.8,0.1852165347774563,0.1852165347774563,1,False,False,False,False,1e-06,0.9,-5.155675622011918
0.341226674638295,0.0511568132537419,4.206940412210427,0.5175903674515684,-0.0220698449515337,0.8229295490634843,,3,1,0.1,15.592432432823529,0.7007049482385225,1.6017983365577566,1.8216170561153184,0.1936537654094739,0.215170850454971,1,10,1.9938278649517704,1.1863853232740005,0.8,0.7007049482385225,0.7007049482385225,1,False,False,False,False,1e-06,0.9,-4.364062144070094
0.2839348969723846,0.0278994008470697,5.768218838263514,0.5492776452124801,0.0793528732870371,0.5029838405100762,,3,1,0.1,1.9140944584745607,0.722241746375117,1.7086303893983088,1.6027242285034349,0.8893218976723181,0.9881354418581312,1,10,0.9756901742187138,1.02579387049981,0.8,0.722241746375117,0.722241746375117,1,False,False,False,False,1e-06,0.9,-3.0351909873590843
0.4046236898214476,0.0400952381025183,9.026880333146195,0.6583442777991635,0.0490810422811016,0.6209059258792461,,3,1,0.1,1.677046278786734,0.5733318648480792,1.1270433185100517,1.4494216467695686,0.5494949435786705,0.6105499373096338,1,10,1.7625102118036946,1.5094801185510731,0.8,0.5733318648480792,0.5733318648480792,1,False,False,False,False,1e-06,0.9,-9.56331261368484
0.4977751014777694,0.0016702986405976,54.391050635923264,3.7054394401103137,0.0436081812245293,0.8408522669744437,,3,1,0.1,0.6045679937970679,0.086087707488217,1.627435627736538,0.6068060690604002,0.1703425980385138,0.1892695533761264,1,10,0.5068689955234735,1.0599153310066476,0.8,0.086087707488217,0.086087707488217,1,False,False,False,False,1e-06,0.9,-4.321015352935059
0.3327775778206581,0.0247301769365681,7.214653885765588,0.5097971152248009,0.056482718869745,0.5155532046746859,,3,1,0.1,1.484437017210124,0.667978956867912,1.6826751921710537,1.1439962904739402,0.8456976153758946,0.9396640170843272,1,10,1.0852620552555254,1.441839727864831,0.8,0.667978956867912,0.667978956867912,1,False,False,False,False,1e-06,0.9,-9.993949153770592
0.301247081167986,0.0261569285865304,6.122003672983844,0.3211814478444948,0.0076242171428978,0.6733346357025097,,3,1,0.1,4.266741129113941,0.9852748319577744,0.9701774367022103,0.9937003320327028,0.4366310780389362,0.4851456422654847,1,10,1.0047057819769778,1.4086342116048105,0.8,0.9852748319577744,0.9852748319577744,1,False,False,False,False,1e-06,0.9,-6.928982963580486
0.293462517820326,0.0161734540167558,4.884174246137346,0.3195055095070652,0.0106777303753202,0.6111718812414848,,3,1,0.1,3.616505912892141,0.8921507171629557,1.8998970675575464,0.7152825565493333,0.5725808362973328,0.6362009292192586,1,10,0.4197740968486327,1.693091618137779,0.8,0.8921507171629557,0.8921507171629557,1,False,False,False,False,1e-06,0.9,-3.836071556269359
0.6122089268110203,0.0002648154203406,173.058852923345,5.889308571670934,0.038856789155867,0.7827282651874808,,3,1,0.1,0.3035291688868713,0.0622876567494447,0.9305234978200078,1.6700855761131896,0.2498243260506634,0.2775825845007371,1,10,0.8349158852512804,1.1744426511768566,0.8,0.0622876567494447,0.0622876567494447,1,False,False,False,False,1e-06,0.9,-4.042545881858763
0.3574528357660582,0.0029745613279916,67.06394766383377,1.1554878704799263,0.0277038714845345,0.4539642756166213,,3,1,0.1,0.7072930417082564,0.355443726889457,1.8359483144970268,1.910826284001021,1.0825348564653614,1.202816507183735,1,10,0.26609093501166,1.1127737026647957,0.8,0.355443726889457,0.355443726889457,1,False,False,False,False,1e-06,0.9,-3.7098434832695313
0.3969300993302627,0.0232457390477074,19.661449373112667,1.2636432019055228,-0.0085839440306728,0.8155611060906247,,3,1,0.1,-7.570414387923849,0.3133245301275636,0.8630307262919445,0.6217252651384299,0.203534723859174,0.22614969317686,1,10,0.7580016811358571,1.2560156138505232,0.8,0.3133245301275636,0.3133245301275636,1,False,False,False,False,1e-06,0.9,-1.131553745139284
0.37763020326174,0.0082548377271856,54.94321204350611,0.8306011737227204,0.055902403792644,0.4113726897967938,,3,1,0.1,0.8203071545362284,0.4599213111880388,0.730816939962129,1.8371367295280328,1.2877971540711024,1.4308857267456694,1,10,0.6514854765483242,1.4689682138247595,0.8,0.4599213111880388,0.4599213111880388,1,False,False,False,False,1e-06,0.9,-6.767338528711919
0.3218218251099562,0.0123358147623348,11.32409343689198,0.5899261499044681,0.0779464857968568,0.3643772866036803,,3,1,0.1,0.9948377581671464,0.6025011021341655,1.8722305294981465,1.5939803916730866,1.5699673472756734,1.7444081636396371,1,10,1.1368156889698435,1.3581026127527691,0.8,0.6025011021341655,0.6025011021341655,1,False,False,False,False,1e-06,0.9,-7.31909112683201
0.3225337801001387,8.518627506569512e-05,3065.0881894270265,1.983437120632093,0.0031248750450568,0.3550181649713222,,3,1,0.1,0.401649972151166,0.2322233882915823,0.6344825924854712,1.842801836745941,1.6350815501868765,1.8167572779854184,1,10,0.3545970846754985,0.8891537356785912,0.8,0.2322233882915823,0.2322233882915823,1,False,False,False,False,1e-06,0.9,-1.234031304705688
0.4699271253512695,0.0313344036133196,13.727026591972114,1.0991308492924432,0.0265143095623211,0.721159942096306,,3,1,0.1,1.4573062659782063,0.3600382028111974,1.1154233608266166,1.7660024540324066,0.3479894506949904,0.386654945216656,1,10,0.905586090558948,1.3925808477338335,0.8,0.3600382028111974,0.3600382028111974,1,False,False,False,False,1e-06,0.9,-8.169379724204482
0.2939275579383161,0.0105245598502568,8.814401721737857,0.4410373778692152,-0.0081621303961119,0.8823349074346036,,3,1,0.1,15.37915036224656,0.7085698846659879,1.6229651603070048,0.8779681267657216,0.1200208474316831,0.1333564971463146,1,10,0.1792346555043387,1.3363646513348737,0.8,0.7085698846659879,0.7085698846659879,1,False,False,False,False,1e-06,0.9,-8.732801247791995
0.2770676381241186,0.0435422504811647,4.567668718932236,0.6993093285417785,0.0391688813907103,0.7028210766636774,,3,1,0.1,9.841982541798838,0.5910247840649098,1.96950306228672,1.7524210760031222,0.3805535148039946,0.422837238671105,1,10,1.495470657882199,0.9085726639216192,0.8,0.5910247840649098,0.5910247840649098,1,False,False,False,False,1e-06,0.9,-1.7517353573224312
0.3733968578147139,0.0079332378363004,67.98852346349318,0.7376668015069311,0.0120271018001641,0.6369329150468059,,3,1,0.1,1.5081152579904813,0.4606570922249428,0.6829110714549675,1.726877771229697,0.513021652262801,0.570024058069779,1,10,0.1378302628064987,1.4694254138111449,0.8,0.4606570922249428,0.4606570922249428,1,False,False,False,False,1e-06,0.9,-5.092565220467137
0.1478025671125305,0.0088943584816075,7.520671802171412,0.4185160810283007,0.0205148647034682,0.5909480921389411,,3,1,0.1,3.3291739309549966,0.8669078966161992,1.7021367191572474,0.6473649870778992,0.6229764034645469,0.6921960038494965,1,10,1.84304527802053,0.6486422677930368,0.8,0.8669078966161992,0.8669078966161992,1,False,False,False,False,1e-06,0.9,-3.4462272544572725
0.2984869922798989,0.0012899034176139,321.7153670886961,1.4874451738123442,0.0195338230251614,0.444989421693353,,3,1,0.1,0.574510272512775,0.3098756271035054,0.5994786362631401,1.672662030920205,1.1225199883969372,1.2472444315521525,1,10,0.2930810867961965,0.8573178870174114,0.8,0.3098756271035054,0.3098756271035054,1,False,False,False,False,1e-06,0.9,-8.818241911618278
0.5336102182679937,4.590348963363641e-07,183138.05447828607,5.463225199286427,0.0001026310715105,0.5098568584772322,,3,1,0.1,0.1693811929469272,0.0805915877205504,0.8531264724608315,1.0835595203874115,0.8652013207942163,0.9613348008824624,1,10,0.546960339290991,1.0365856425732156,0.8,0.0805915877205504,0.0805915877205504,1,False,False,False,False,1e-06,0.9,-2.8648149537617904
0.4284755263972761,0.0002101626645589,691.4664668938221,1.326999238985212,0.0048617016123532,0.3450305490671227,,3,1,0.1,0.4039028214602648,0.2566575136571968,1.7740306758961752,1.5698094050003657,1.7084646777897703,1.8982940864330784,1,10,0.9563217625819102,1.4563906000128124,0.8,0.2566575136571968,0.2566575136571968,1,False,False,False,False,1e-06,0.9,-4.5352826305293314
0.3111843872389833,0.0256654620319343,4.528728622732631,0.3548378281966126,0.0252531554090392,0.5734026861246664,,3,1,0.1,2.527480404873526,0.9401463237569336,1.4854277860223088,1.3829157982138218,0.669577579209886,0.7439750880109844,1,10,0.7041749886579708,1.423175370729609,0.8,0.9401463237569336,0.9401463237569336,1,False,False,False,False,1e-06,0.9,-9.868327639346797
0.2480619771229666,0.0151397167568615,8.424352907717589,0.4525664090151849,0.0409029614415709,0.5153956992587605,,3,1,0.1,1.5638872018861625,0.6866579952062813,1.7950371078723046,0.8249595936702805,0.8462311022276195,0.9402567802529106,1,10,0.805129201366928,1.0800687696865348,0.8,0.6866579952062813,0.6866579952062813,1,False,False,False,False,1e-06,0.9,-7.772398341428948
0.1996303212209592,0.0077457757005737,15.608699683476727,2.3152404877779307,0.0052415061787229,0.8878463345748877,,3,1,0.1,4.918642303271197,0.2358395874021911,1.7789631753885229,1.5678587538173976,0.1136889289867165,0.1263210322074628,1,10,0.3823622968431618,0.5586757964393377,0.8,0.2358395874021911,0.2358395874021911,1,False,False,False,False,1e-06,0.9,-3.2612334247339057
0.5407499676258553,0.0121876802637541,59.82917167929279,1.4362333836108518,0.092032647248769,0.5342047126679876,,3,1,0.1,0.6671199730393544,0.2649344491042071,0.7932100133929865,1.4753894751498542,0.7847473986238623,0.8719415540265137,1,10,1.5683438412442916,1.7297648727862391,0.8,0.2649344491042071,0.2649344491042071,1,False,False,False,False,1e-06,0.9,-2.0611959482762146
0.1769096525968662,0.0072394724984372,8.200694926348728,0.3870225312770736,0.0357419537285874,0.4056160742448833,,3,1,0.1,1.6501136558536358,0.8976834208456468,1.1292591784926014,0.6290622382598032,1.3188469766034012,1.4653855295593348,1,10,1.285238005121422,0.7466130142500569,0.8,0.8976834208456468,0.8976834208456468,1,False,False,False,False,1e-06,0.9,-7.228682726739166
0.4627523770616267,0.0701459681235736,6.887407726738627,0.5813044602705412,0.0190261821297993,0.6943946388690262,,3,1,0.1,164.5651659219705,0.626532369664575,1.0984398278777892,1.9033172902800808,0.3960929558238629,0.4401032842487366,1,10,1.428652060500036,1.839922389951451,0.8,0.626532369664575,0.626532369664575,1,False,False,False,False,1e-06,0.9,-1.4415618564524983
0.3544695364894162,0.000401212329479,459.9055817729539,1.3213567999191609,0.0092516685374354,0.3342884467998385,,3,1,0.1,0.4534291132500869,0.2902189482750766,0.9606513283897832,1.5886735629204034,1.7922856850595623,1.9914285389550688,1,10,1.3390887295783047,1.131789084050202,0.8,0.2902189482750766,0.2902189482750766,1,False,False,False,False,1e-06,0.9,-3.781164487945668
0.3255408219651112,0.0249771262917243,3.978051096872898,0.3236636989258202,0.0239064609701991,0.557357691415288,,3,1,0.1,3.088182025405671,0.9522405884586675,1.876360708179992,1.2416437920603989,0.7147619632101008,0.7941799591223342,1,10,0.5599229415695262,1.8120455836520213,0.8,0.9522405884586675,0.9522405884586675,1,False,False,False,False,1e-06,0.9,-3.952111537257952
0.5945669716025231,0.000142636991564,7267.465059872173,1.4011368380160525,0.003294090654222,0.4436675159486412,,3,1,0.1,0.3600945397014403,0.1844881793460343,0.5342209115369319,0.5616853521694641,1.1285460793216686,1.2539400881351872,1,10,0.2970085672250326,1.9594424728547704,0.8,0.1844881793460343,0.1844881793460343,1,False,False,False,False,1e-06,0.9,-1.860265160916425
0.2392243879071417,0.0203388236184649,11.43404095518686,0.9729790691206898,0.0642317988172734,0.6433499713157611,,3,1,0.1,1.5913948695068194,0.4801276424637731,1.1471232194868732,1.7805202605920751,0.4989275512973838,0.554363945885982,1,10,0.861507326206152,0.7222252264284198,0.8,0.4801276424637731,0.4801276424637731,1,False,False,False,False,1e-06,0.9,-5.621536007313961
0.2087683178534065,0.0147775847441508,6.332951318010812,0.3986816604122554,0.067829578944791,0.3903993847952416,,3,1,0.1,1.6928770651528409,0.9160504862527854,1.205123066879735,1.0551215880048113,1.4053315016672887,1.5614794462969874,1,10,1.7697669358588994,0.8466410520237035,0.8,0.9160504862527854,0.9160504862527854,1,False,False,False,False,1e-06,0.9,-5.222326982923709
0.1985555197440027,0.0162184696220666,5.034482496433089,0.365018060010477,0.055799673921612,0.4412994311574094,,3,1,0.1,1.904787355055226,0.9512110923425902,1.8622211222350569,1.0907334826041095,1.1394315887503932,1.266035098611548,1,10,1.8179041942970864,0.8314409112163559,0.8,0.9512110923425902,0.9512110923425902,1,False,False,False,False,1e-06,0.9,-7.076178044054453
0.3363556916128331,0.0251124988870422,7.601297238460772,0.4031762012044612,0.083440487842091,0.3760437975723683,,3,1,0.1,1.6092822146107095,0.8777865754165509,1.0879192091769154,1.382863053855916,1.4933382382853906,1.6592647092059896,1,10,1.2045129009769853,1.83048428596217,0.8,0.8777865754165509,0.8777865754165509,1,False,False,False,False,1e-06,0.9,-4.204707026609506
0.1971853001838311,0.0137178232422768,6.362247607088868,0.4389885733641055,0.053588393247768,0.454041377886047,,3,1,0.1,1.7474722929692683,0.8621675472669851,1.5405814105813898,1.154873666096433,1.0821981956584528,1.2024424396205031,1,10,0.7545679507187327,0.7742912432565003,0.8,0.8621675472669851,0.8621675472669851,1,False,False,False,False,1e-06,0.9,-7.445199363697387
0.2320775174228741,0.0037019906726926,16.386452376800346,0.476186119092702,0.0252963423084735,0.3443922367127087,,3,1,0.1,1.3254171205816312,0.7287248858357686,0.8918346175864615,1.3587002821174792,1.7132993257649365,1.903665917516596,1,10,0.1542854350310456,0.97125585749756,0.8,0.7287248858357686,0.7287248858357686,1,False,False,False,False,1e-06,0.9,-2.3720951294039248
0.6115101944768927,1.512893774193467e-07,977429.0841322785,2.9038629836343315,3.0997488338812694e-05,0.488380324443903,,3,1,0.1,0.1605424803486261,0.0811634991379566,0.6114033889480684,0.5816057182044664,0.9428260823668316,1.0475845359631464,1,10,0.8147864177947434,1.2690149446553225,0.8,0.0811634991379566,0.0811634991379566,1,False,False,False,False,1e-06,0.9,-6.538981439479917
0.3346748498848291,0.0173019010882749,12.214236542320378,0.5792191724072465,0.0898275664849784,0.3962475203546742,,3,1,0.1,2.1228019955213018,0.6107916885410412,1.1848051862566376,1.0046752031091637,1.3713075887375294,1.523675098597255,1,10,0.3652659372164673,1.381750986920117,0.8,0.6107916885410412,0.6107916885410412,1,False,False,False,False,1e-06,0.9,-0.7658440121151955
0.4565270141577979,0.0318224571564636,11.40686394566398,0.9088783931307662,0.1188466100574257,0.5120351838176295,,3,1,0.1,1.3852974249923269,0.4529085961314541,1.4225479133845265,1.655821098182658,0.8576917142485881,0.9529907936095424,1,10,0.9527216171838296,1.6334970729900091,0.8,0.4529085961314541,0.4529085961314541,1,False,False,False,False,1e-06,0.9,-1.4401790744041136
0.2309042847143028,3.0109397789898104e-06,31661.16009198117,3.810628986658946,0.0004006471221403,0.4068449602941769,,3,1,0.1,0.2434504654295895,0.1427126265766237,1.256835741080939,1.2204209425694557,1.3121448901548105,1.457938766838678,1,10,0.7007223020024844,0.5672249668602249,0.8,0.1427126265766237,0.1427126265766237,1,False,False,False,False,1e-06,0.9,-8.35787175347344
0.1412272324609175,0.0017827288323362,9.889195356669624,0.4224445210120802,0.0054049079669551,0.5513108906199647,,3,1,0.1,2.634966838217003,0.924910873872185,1.2046384073563097,0.7380168444108519,0.7324727396332124,0.8138585995924581,1,10,0.0563921234304697,0.5938950193376836,0.8,0.924910873872185,0.924910873872185,1,False,False,False,False,1e-06,0.9,-5.220518076662624
0.3621917493612311,0.0443362797822151,13.903213610029592,0.3949990878715067,0.017435537432369,0.6532291244551797,,3,1,0.1,-1.256297057530982,0.8034848853713565,0.7121938730810471,0.703674807624896,0.4777707795111515,0.5308564216790572,1,10,1.309393826395865,1.977230771909129,0.8,0.8034848853713565,0.8034848853713565,1,False,False,False,False,1e-06,0.9,-0.5321302899373332
0.1424275755567681,0.0106122469925062,9.209431309493231,0.6089965972285755,0.1077051958986683,0.3801299470305251,,3,1,0.1,1.343152164040977,0.7517134290533377,1.3165162002827693,1.96928447027658,1.4676114103362885,1.6306793448180985,1,10,1.1204584789600105,0.545583195932374,0.8,0.7517134290533377,0.7517134290533377,1,False,False,False,False,1e-06,0.9,-4.746151968746261
0.1831316442037946,0.0023504160532075,52.75300429885881,0.8544549174785202,0.035068524767706,0.428522291781816,,3,1,0.1,0.7868552188838823,0.3991131691294725,1.9042767331232548,1.0882007161620464,1.2002407978771827,1.333600886530203,1,10,0.3354217355817611,0.6568298715124057,0.8,0.3991131691294725,0.3991131691294725,1,False,False,False,False,1e-06,0.9,-2.661843991686129
0.3605272140199687,0.0335686996257221,4.612536214836201,0.3359576893729882,-0.0232415168837912,0.8829338807297856,,3,1,0.1,-80.13771307730381,0.8598630816275008,1.6605449845524451,1.4153594505912253,0.1193288757433439,0.1325876397148266,1,10,0.701302736489704,1.8615553070803927,0.8,0.8598630816275008,0.8598630816275008,1,False,False,False,False,1e-06,0.9,-5.940738519364249
0.3500541185227422,0.0285695532070392,5.51545976828274,0.4338600905959293,0.0668410673322786,0.4673763210227609,,3,1,0.1,1.5646998673870114,0.7609507735090226,1.86489491025643,1.2327963204639247,1.0256431263580652,1.1396034737311835,1,10,1.595448395770677,1.824133001571,0.8,0.7609507735090226,0.7609507735090226,1,False,False,False,False,1e-06,0.9,-7.681452363251127
0.625370560194728,0.0002938704373935,1229.4935622782898,1.707266547205014,0.0073485652379798,0.4524633886574252,,3,1,0.1,0.3319512833482299,0.1734778819304767,1.3026104889109986,1.26471040539788,1.089111213330498,1.21012357036722,1,10,1.3397700391590592,1.986471620079256,0.8,0.1734778819304767,0.1734778819304767,1,False,False,False,False,1e-06,0.9,-3.14773040597609
0.6029953692817285,2.385606671395201e-08,8270175.521779099,3.15981606539474,2.7732334629887306e-06,0.4045041599025148,,3,1,0.1,0.1821108832820612,0.1076429805652374,0.7444195974452565,0.9860479643385108,1.3249462161696914,1.4721624624107683,1,10,0.0522559725279029,1.3749673057868486,0.8,0.1076429805652374,0.1076429805652374,1,False,False,False,False,1e-06,0.9,-9.871216968364328
0.236144648740415,0.0348045697286406,3.850507141922533,0.4457570838826296,0.056019270706568,0.5818931018235299,,3,1,0.1,3.0193360148661026,0.8884746597871953,1.7765046630280747,1.816687105832825,0.6466758364716656,0.7185287071907396,1,10,1.936898722853751,0.861303438247074,0.8,0.8884746597871953,0.8884746597871953,1,False,False,False,False,1e-06,0.9,-4.174541152716387
0.3764219519740527,0.0247509213845413,10.604848962758147,0.7028928337944405,0.095538377933255,0.464070018988289,,3,1,0.1,1.1423615678253438,0.5693390191450032,1.3564466323309596,1.6995103836092562,1.0393625168074303,1.1548472408971446,1,10,1.216353887386772,1.4254397507889234,0.8,0.5693390191450032,0.5693390191450032,1,False,False,False,False,1e-06,0.9,-7.03776013194284
0.2107132102683312,0.0174932620906057,8.280564492609939,0.4640075340657666,0.1122360465651382,0.3428497792501041,,3,1,0.1,1.5147257259892175,0.8785442575805029,0.8354647435117055,1.6609047196726148,1.7250563788272484,1.9167293098080536,1,10,1.7090286103951156,0.8093173919924589,0.8,0.8785442575805029,0.8785442575805029,1,False,False,False,False,1e-06,0.9,-3.904296084841695
0.6671896351380899,1.400341417578918e-07,568936.9240709533,0.0833695666675151,3.889974389707288e-05,0.4435020649568402,,3,1,0.1,0.1696102461940744,0.0765670654722159,1.8118597503890057,0.8931631600739934,1.1293028400839222,1.2547809334265805,1,10,1.613227401870566,1.4760947639649713,0.8,0.0765670654722159,0.0765670654722159,1,False,False,False,False,1e-06,0.9,-0.3231955021059853
0.2755398354017023,0.0054405771069527,21.15335719004287,0.4880120762333395,0.0305248719215802,0.4183269473685343,,3,1,0.1,0.9946489423864654,0.5502932573882094,1.362365443206632,0.5600388481029472,1.2514272643954851,1.3904747382172056,1,10,0.5005724771690763,1.240209876397401,0.8,0.5502932573882094,0.5502932573882094,1,False,False,False,False,1e-06,0.9,-8.100216326636328
0.3998500858163338,0.0141596722790577,21.53768886440684,0.7066592047571681,0.096063763254132,0.3594629213168144,,3,1,0.1,0.8960023453067877,0.5253939194313321,1.191814285221819,1.898326753344176,1.6037352856952398,1.7819280952169332,1,10,1.6619152194271845,1.911086217309822,0.8,0.5253939194313321,0.5253939194313321,1,False,False,False,False,1e-06,0.9,-3.4869738308547715
0.3407147015294871,0.0300463668012794,6.02567647225038,0.4207670623759166,0.0499211784386523,0.5125151477150187,,3,1,0.1,2.426654914477509,0.84561643101228,1.2934107270473971,1.8040621601934228,0.8560456583820624,0.951161842646736,1,10,0.6508118425104873,1.5428575702852407,0.8,0.84561643101228,0.84561643101228,1,False,False,False,False,1e-06,0.9,-3.117589335872544
0.2512000527316783,0.0078653623440628,8.779135443877585,0.3727173860405787,0.0266342806215454,0.4076749898418226,,3,1,0.1,1.6839567591854658,0.905656812611377,1.011716650434232,1.376424611258301,1.3076409454237037,1.452934383804115,1,10,0.2228108923766729,1.1263300870056645,0.8,0.905656812611377,0.905656812611377,1,False,False,False,False,1e-06,0.9,-6.773289066971435
0.3762985368688141,0.0336210994795091,8.749596109217174,0.4740713619799079,0.0815973934184769,0.455589845101744,,3,1,0.1,1.6701034625710205,0.7741560728596977,1.069860475506853,1.57349200024054,1.0754610636657378,1.1949567374063752,1,10,1.150116620972653,1.892915227319903,0.8,0.7741560728596977,0.7741560728596977,1,False,False,False,False,1e-06,0.9,-4.36116414007964
0.3131450618215349,0.0369815816236661,9.80717157886483,0.3306970505870499,0.0124965341921137,0.664596856517729,,3,1,0.1,32.19378331623774,0.9953380697964088,0.6367520956775796,1.12567203996154,0.454204419075508,0.5046715767505645,1,10,1.444220054741978,1.3993868724158138,0.8,0.9953380697964088,0.9953380697964088,1,False,False,False,False,1e-06,0.9,-2.172508536959736
0.4630043198075557,3.765786327971074e-06,37139.90887669005,5.2617949157157256,0.0006828144271754,0.513775496073036,,3,1,0.1,0.1921008937140509,0.0884137444688293,0.5723137717656185,1.465574628818529,0.851737883334281,0.9463754259269788,1,10,1.7534881339728263,0.9100979406555628,0.8,0.0884137444688293,0.0884137444688293,1,False,False,False,False,1e-06,0.9,-1.748580759494347
0.2537153514321055,0.0060007006322452,28.205221166038577,0.9392433708994196,0.0704532488201379,0.3942996889632206,,3,1,0.1,0.7611284708654144,0.4416675732089717,1.8985254334865345,1.7319668670541477,1.3825277959677778,1.536141995519753,1,10,1.181125878700627,0.8294094450761607,0.8,0.4416675732089717,0.4416675732089717,1,False,False,False,False,1e-06,0.9,-6.850777068014797
0.3482061349601397,0.0301058310239045,8.854482703475034,0.522893639783267,0.0503599550585698,0.5531283496659481,,3,1,0.1,1.9560545514767995,0.7164391255431556,1.0808447497943623,1.938151233438528,0.7271087904706721,0.8078986560785245,1,10,0.7197331806200644,1.3694039240359688,0.8,0.7164391255431556,0.7164391255431556,1,False,False,False,False,1e-06,0.9,-4.916404132303399
0.1640800553667934,0.012085058246444,16.194055005650497,1.2853365798435838,0.0236287982565018,0.786935898017757,,3,1,0.1,2.78487631585598,0.3427993349802897,1.6243555454393823,0.7687934293693797,0.2436763810966618,0.2707515345518465,1,10,1.4804682148491068,0.6265885066512076,0.8,0.3427993349802897,0.3427993349802897,1,False,False,False,False,1e-06,0.9,-2.998314944576941
0.3156284521918955,0.0085662656729357,15.015781161959302,0.5667474762252142,0.0441491625109536,0.4074654701422759,,3,1,0.1,1.0636331860011723,0.5892194784737539,1.4477840957427262,1.134177430201505,1.308776119570928,1.454195688412142,1,10,0.4179891557763075,1.3639626300951346,0.8,0.5892194784737539,0.5892194784737539,1,False,False,False,False,1e-06,0.9,-6.225368565134204
0.2513871718097812,6.583241101805804e-08,367468.7284526272,6.584169038396107,3.708281846874351e-05,0.5527276936958647,,3,1,0.1,0.1704628797766512,0.0733056760991757,1.3667823523652247,0.5911164030428699,0.7282882335460108,0.8092091483844565,1,10,0.0599943922559461,0.5423772006871885,0.8,0.0733056760991757,0.0733056760991757,1,False,False,False,False,1e-06,0.9,-2.351141162185523
0.3601211321887648,0.002361527456138,59.50446306505596,0.7369369853133007,0.0231737779282277,0.3751468564259319,,3,1,0.1,0.6628788031561257,0.3992799500435829,1.679006797930552,1.0395938793031825,1.499060486803503,1.6656227631150031,1,10,0.4852198989616171,1.5300687480715651,0.8,0.3992799500435829,0.3992799500435829,1,False,False,False,False,1e-06,0.9,-6.654068256684274
0.3805751093625901,2.006679116941136e-05,10362.833380682794,-0.051257277741193,0.000979247786724,0.3961177038075046,,3,1,0.1,0.2900731931698961,0.1673987282751806,1.7421505951083032,0.7420749986048395,1.3720519465531382,1.5245021628368205,1,10,1.0827425003757716,1.070174366892489,0.8,0.1673987282751806,0.1673987282751806,1,False,False,False,False,1e-06,0.9,-2.4750741972906
0.2996602592322091,0.0028795839220997,76.07089597826847,0.7850508940105074,0.0311205020724683,0.4459360020104921,,3,1,0.1,0.6389218564779949,0.3415799050420434,1.6498017009068615,0.8756218235493178,1.1182268216568538,1.242474246285393,1,10,0.5884100824193679,1.0471795861349362,0.8,0.3415799050420434,0.3415799050420434,1,False,False,False,False,1e-06,0.9,-7.833608762291657
0.3096097269647301,0.022898667019877,11.878551378661635,0.7671490743672057,0.0636774008079721,0.5735824271425148,,3,1,0.1,2.393764886971137,0.541090216209028,1.034569326598743,1.2124810252963174,0.6690857275451049,0.7434285861612276,1,10,0.5490997156978284,1.0047674756215168,0.8,0.541090216209028,0.541090216209028,1,False,False,False,False,1e-06,0.9,-1.5488867602368988
0.2998517782128168,0.0137623277333739,14.705785674327718,0.6396592302869892,0.097335044456086,0.3586119310812602,,3,1,0.1,0.994224824286724,0.6081147034519857,1.0590437099470096,1.705116448622218,1.6096766783145957,1.788529642571773,1,10,1.7754074425516906,1.1492177996609676,0.8,0.6081147034519857,0.6081147034519857,1,False,False,False,False,1e-06,0.9,-7.332544849743471
0.1299622605220095,0.0153926272700502,7.495368857013928,0.680501329708409,0.0079972000510816,0.8243299544571436,,3,1,0.1,5.995076609408275,0.6739672932417542,1.203887120816877,1.2774566297083392,0.1917958217261294,0.2131064685845882,1,10,1.188326437619835,0.5078966518301213,0.8,0.6739672932417542,0.6739672932417542,1,False,False,False,False,1e-06,0.9,-8.783749756862901
0.4163370532945533,0.0323938512656199,8.777522317840685,0.7123968671645389,0.0335111819146535,0.6496670292324084,,3,1,0.1,1.647424543489221,0.5014333161639184,1.7917942534009688,1.2435789508573674,0.4853250349850197,0.5392500388722441,1,10,0.9761430371857164,1.6589908888532043,0.8,0.5014333161639184,0.5014333161639184,1,False,False,False,False,1e-06,0.9,-7.088174426868198
0.2742272241949514,0.0150858898143284,32.14645483449562,0.9253106410291688,0.081334404971102,0.5273942709965052,,3,1,0.1,1.0316590430574566,0.4596652305856008,0.5475074444255493,1.0995264684087371,0.8065031789205079,0.8961146432450088,1,10,1.7583096753509968,0.8672046093429441,0.8,0.4596652305856008,0.4596652305856008,1,False,False,False,False,1e-06,0.9,-8.96326722447084
0.2075744021171756,0.0025818219762708,93.44174053976168,1.676153679492829,0.055850817645097,0.4490252716099901,,3,1,0.1,0.6117796739479082,0.3149806247201163,0.7644776408193437,1.4674799911080791,1.104341530206151,1.227046144673501,1,10,0.9520105014227092,0.6069303609158967,0.8,0.3149806247201163,0.3149806247201163,1,False,False,False,False,1e-06,0.9,-3.916203000631766
0.4805782911379359,0.0006794818846533,683.8449526786906,1.2751923846657431,0.012032594744114,0.4022851760985272,,3,1,0.1,0.4223440166544416,0.2479721321839847,0.8513211959750041,1.1291563215013452,1.337218902094401,1.48579878010489,1,10,1.891031951200616,1.5812703382987376,0.8,0.2479721321839847,0.2479721321839847,1,False,False,False,False,1e-06,0.9,-9.427110056038082
0.3012843795598296,0.0176705242557571,6.467309816764885,0.3215147846455572,-0.0024354858769313,0.7509212442553755,,3,1,0.1,5.630990018353072,0.8942363900271805,1.2601425725219977,0.6441752464692234,0.2985278175109471,0.3316975750121634,1,10,1.344852533035656,1.68762189462134,0.8,0.8942363900271805,0.8942363900271805,1,False,False,False,False,1e-06,0.9,-7.438600187078338
0.3624569587508995,0.0017838851574318,155.53406247125193,1.5901854857163265,0.0287345993228311,0.4229160828695124,,3,1,0.1,0.5261234034259427,0.2915344477116415,1.106291144724473,1.557812930788089,1.2280817553530785,1.3645352837256426,1,10,0.8043482594562841,1.005634398690534,0.8,0.2915344477116415,0.2915344477116415,1,False,False,False,False,1e-06,0.9,-5.368590437597304
0.1839487839810407,0.0132113092833971,10.552057429504632,0.4653401746201819,0.0162367735048332,0.6650447948294548,,3,1,0.1,3.1825785706238605,0.8340478050407464,0.7002426673048485,0.7240975714652418,0.4532923000033367,0.5036581111148186,1,10,1.245342054180865,0.7173663304484005,0.8,0.8340478050407464,0.8340478050407464,1,False,False,False,False,1e-06,0.9,-7.609965526302432
0.3713883054479738,0.0016276785491146,148.2375964800141,0.9116909564424748,0.0214072193306735,0.3874867036579957,,3,1,0.1,0.5648710482389614,0.3291624055667769,1.1466131301144111,0.8725336839574858,1.4226603429323332,1.580733714369259,1,10,0.9331399777224496,1.3226724940518129,0.8,0.3291624055667769,0.3291624055667769,1,False,False,False,False,1e-06,0.9,-4.281222385352383
0.3006482846735671,0.0202605277179836,10.744364675163109,0.7802577124612192,0.056666391461787,0.5780172301437434,,3,1,0.1,1.976042783424718,0.549480085011947,1.5422964440761269,1.974771408223256,0.6570470101318343,0.7300522334798158,1,10,0.4843825061539785,0.952200603367762,0.8,0.549480085011947,0.549480085011947,1,False,False,False,False,1e-06,0.9,-2.2069691496208685
0.2520569571726567,0.0260864685964134,6.105488237472112,0.51267470351928,-0.0248753738322005,0.9328673062581035,,3,1,0.1,-3.704060440818461,0.7188591889175313,1.6862609591283488,0.8959541012726555,0.0647674368716594,0.0719638187462882,1,10,1.1238225757329114,1.03242033280762,0.8,0.7188591889175313,0.7188591889175313,1,False,False,False,False,1e-06,0.9,-2.56732342238816
0.2912992278493447,0.008066955623386,11.055264415229262,0.2993045092835031,0.0278393875657633,0.35551241582465,,3,1,0.1,1.5403249338007576,0.927980546615207,0.8933057002187866,0.5800543724530063,1.6315571550781178,1.8128412834201308,1,10,1.4655854216479982,1.9032779541359488,0.8,0.927980546615207,0.927980546615207,1,False,False,False,False,1e-06,0.9,-7.849373235836773
0.3416353619648611,0.005378230613596,22.5892623874094,0.4941985380207591,0.0174015193896347,0.4676152453636251,,3,1,0.1,1.577215533049365,0.5782935875852893,1.2434722743101398,1.3178928665515837,1.0246592341106104,1.1385102601229005,1,10,0.0901513410331262,1.9702928046477228,0.8,0.5782935875852893,0.5782935875852893,1,False,False,False,False,1e-06,0.9,-1.6316835311460096
0.1682120563052063,0.0011227469434832,116.9418156011207,2.095812129191265,0.0427029939026655,0.4945329570354301,,3,1,0.1,0.4824952679116269,0.2313593983590881,1.7167303479634524,1.4344095962016723,0.919898931297153,1.0221099236635034,1,10,1.1018102349015002,0.5146173524535552,0.8,0.2313593983590881,0.2313593983590881,1,False,False,False,False,1e-06,0.9,-4.407182422808842
0.2836759220013788,0.0157498673538049,6.173426433372262,0.3347783250750422,0.0574212817215859,0.3934634866179269,,3,1,0.1,1.8529685172309407,0.7897659292401542,1.9691991370695647,0.7242034401586966,1.3873787037676155,1.5415318930751285,1,10,0.9422358068305382,1.5375915302216128,0.8,0.7897659292401542,0.7897659292401542,1,False,False,False,False,1e-06,0.9,-1.723293002236856
0.2464184416380306,0.0202160173931739,7.877340543339,0.4614537651938691,0.0065142135050083,0.7242309627556008,,3,1,0.1,-9.3857877365881,0.766284171070299,1.1013635037296694,0.7074817762648051,0.3426974905569098,0.3807749895076775,1,10,1.9851221058987376,0.9952523029228344,0.8,0.766284171070299,0.766284171070299,1,False,False,False,False,1e-06,0.9,-1.5527363799172615
0.6098655516035016,0.0012951049654133,181.63124052415617,1.574719726630434,0.0189665059606875,0.6435570153616961,,3,1,0.1,0.4157120507948365,0.1434714626414236,1.8304267163703736,0.790921430362133,0.4984774907537542,0.5538638786152824,1,10,0.3759355521014864,1.805194029175111,0.8,0.1434714626414236,0.1434714626414236,1,False,False,False,False,1e-06,0.9,-8.155986478482212
0.5271046001869703,4.808429555562704e-06,42857.11807145094,1.4875834323799224,0.0001658396744912,0.3677373236543698,,3,1,0.1,0.2929224456999197,0.1811913988262233,0.763011298333811,1.7855659884264514,1.5473991137377594,1.7193323485975105,1,10,0.1039391516969525,1.9977138428925103,0.8,0.1811913988262233,0.1811913988262233,1,False,False,False,False,1e-06,0.9,-4.864179321673529
0.4785700460336904,0.0009488927466945,321.4176106782687,1.4127110604806794,0.0125011788843707,0.4271182136730299,,3,1,0.1,0.4882834948365624,0.2737897559467997,1.215994636978532,1.5325406102781944,1.2071449804502443,1.3412722005002715,1,10,0.3592203427746834,1.5893000856129087,0.8,0.2737897559467997,0.2737897559467997,1,False,False,False,False,1e-06,0.9,-9.614497228395358
0.2322450862742742,0.0134780071031579,6.972247943361088,0.4463541242787333,0.0786507984526267,0.3542295958687116,,3,1,0.1,1.321129414498694,0.8134259763009052,1.5821970556959906,1.3086718146377403,1.6407250283332273,1.8230278092591408,1,10,1.3917999059017765,0.937927478373053,0.8,0.8134259763009052,0.8134259763009052,1,False,False,False,False,1e-06,0.9,-9.583755539093382
0.5513200250403556,0.0073890689678586,88.19003229200148,1.3590345217893256,0.0434809616210306,0.5789505071452609,,3,1,0.1,0.7539363973537065,0.2569049758515798,0.8676578427412668,0.8939207627794401,0.6545370267275484,0.7272633630306093,1,10,0.402385415432698,1.854869888368385,0.8,0.2569049758515798,0.2569049758515798,1,False,False,False,False,1e-06,0.9,-1.852291743339452
0.3763606640408224,0.0438376663584913,6.599357782603341,0.6173617323469123,0.0841567268932422,0.5550195278421428,,3,1,0.1,2.012059391530128,0.6341718114901266,1.2637675026508943,1.5537588923925243,0.7215645663840059,0.8017384070933399,1,10,1.6903059983627793,1.3947146478419847,0.8,0.6341718114901266,0.6341718114901266,1,False,False,False,False,1e-06,0.9,-2.7117965597667224
0.4331449209945945,1.10369290289169e-06,55704.85947556975,7.430238961770992,0.0004519357224501,0.5869874710681464,,3,1,0.1,0.163989167436876,0.0669533738444855,0.5531735865333318,1.1960672913483406,0.6332524872503018,0.7036138747225575,1,10,1.518639889700553,0.814944593397358,0.8,0.0669533738444855,0.0669533738444855,1,False,False,False,False,1e-06,0.9,-8.303074811123988
0.4351058132857581,0.018307615082979,21.59253840658496,0.993372978037346,0.0851071082570295,0.5032946361215465,,3,1,0.1,1.092967120086666,0.4203376594717281,1.1540899714139952,1.6692612677242522,0.8882169516756955,0.986907724084106,1,10,0.6435039721130668,1.4600953780657,0.8,0.4203376594717281,0.4203376594717281,1,False,False,False,False,1e-06,0.9,-1.886827534117032
0.2667753326442031,0.0116997439832974,16.53839336645938,0.4921681250761134,0.0612430481385485,0.3705537067775609,,3,1,0.1,1.29253144710246,0.7559880912299297,0.6739833442616414,1.402870410560924,1.5287977249685412,1.6986641388539343,1,10,0.5999871368409261,1.0918283280941177,0.8,0.7559880912299297,0.7559880912299297,1,False,False,False,False,1e-06,0.9,-6.287128484569493
0.3358354313708956,0.0335485759896024,14.589831273637538,0.5522553430873056,0.0789507085579247,0.5121824314070235,,3,1,0.1,1.5897560484654647,0.703664542091866,0.6318905649309592,1.4868334732981854,0.8571863945578873,0.9524293272865414,1,10,1.8252783136319048,1.2758158257127243,0.8,0.703664542091866,0.703664542091866,1,False,False,False,False,1e-06,0.9,-7.97472821142761
0.2140336007635546,0.0074724153036643,9.175795145015703,0.4123762038632619,0.0465296381851136,0.3584669412875027,,3,1,0.1,1.3087614834142405,0.7750214285859806,1.4582116436852313,0.8043944783263173,1.6106917719315414,1.7896575243683794,1,10,0.6817268520553692,0.9063624338689368,0.8,0.7750214285859806,0.7750214285859806,1,False,False,False,False,1e-06,0.9,-5.629144301772873
0.4111150865696439,0.0003324485648057,975.9338448857002,1.9086472326388428,0.0084123934380329,0.3969878579132103,,3,1,0.1,0.3905976850037787,0.2312815779400718,0.844102602705442,1.4451851343727535,1.3670718563809534,1.5189687293121703,1,10,1.0438979822414494,1.1017284398555771,0.8,0.2312815779400718,0.2312815779400718,1,False,False,False,False,1e-06,0.9,-8.431298591258095
0.1492487772065754,0.008569156316153,10.532231750794333,0.4236718886158895,0.0127728714984513,0.6597478380109697,,3,1,0.1,3.9156954046386665,0.9664758521767004,0.8604584836325564,1.8182160291847296,0.4641575586111064,0.5157306206790071,1,10,0.2988275537947655,0.5914447247846603,0.8,0.9664758521767004,0.9664758521767004,1,False,False,False,False,1e-06,0.9,-6.824600429365752
0.4346197974915636,0.0246229878181685,17.334059127900254,1.0725759924407536,-0.0342787135271415,0.8802782366289277,,3,1,0.1,4.084805735014334,0.3504983501583272,1.2449736200616477,0.772696291547903,0.12240401108472,0.1360044567608,1,10,1.456759451862116,1.5397970338450804,0.8,0.3504983501583272,0.3504983501583272,1,False,False,False,False,1e-06,0.9,-9.096965304942357
0.3667879127952851,0.0404142822595075,5.145183596354526,0.4989618174607127,0.0297836764014749,0.6378612376983671,,3,1,0.1,2.751005953331121,0.6803972045754036,1.9512338246052583,1.2435390067343997,0.5109651861704653,0.5677390957449614,1,10,1.597118465662753,1.6360920071086913,0.8,0.6803972045754036,0.6803972045754036,1,False,False,False,False,1e-06,0.9,-3.7800817046922432
0.4757003452511389,0.0035915269420631,166.44243341438738,1.4626792282261312,0.0347897357091738,0.4740116311433538,,3,1,0.1,0.5883980476249268,0.2926318096036887,0.7980089255008285,1.8352138246140703,0.9986875866930278,1.1096528741033642,1,10,0.5137813144168236,1.4450638898122317,0.8,0.2926318096036887,0.2926318096036887,1,False,False,False,False,1e-06,0.9,-4.841246145924246
0.3471995137562723,8.518144836133968e-05,2526.561437985082,0.8401158562648272,0.003207918999607,0.4061105605242099,,3,1,0.1,0.3349112614256339,0.192496100244525,1.763233657758583,0.8740227106455557,1.3161452754104066,1.462383639344896,1,10,1.7999896010249798,0.9776756539744876,0.8,0.192496100244525,0.192496100244525,1,False,False,False,False,1e-06,0.9,-4.088214957856106
0.7895412360526021,1.1851694761735332e-08,6910368.809748114,4.255656709740541,3.2825032153331315e-06,0.4790164203954294,,3,1,0.1,0.1378807240266645,0.0711279370182154,1.2326447284381534,1.6567907805935786,0.9788499969521868,1.087611107724652,1,10,0.2624384071129215,1.977391070363552,0.8,0.0711279370182154,0.0711279370182154,1,False,False,False,False,1e-06,0.9,-6.657344666451118
0.3357745638878325,0.0209348889647489,7.904288843192642,0.5026146371370546,0.1043248982714413,0.3462715165621136,,3,1,0.1,1.2351681756902515,0.7452771125907459,1.3462249376458648,1.7649073046315162,1.6991164648350727,1.8879071831500809,1,10,1.5678414365765252,1.601981350377366,0.8,0.7452771125907459,0.7452771125907459,1,False,False,False,False,1e-06,0.9,-5.125751045178512
0.4339115464187429,0.0399001432476311,17.987603928411602,0.5836490342044385,0.038381176332805,0.6193753453473531,,3,1,0.1,1.9114148941688456,0.6058746789833453,0.7703187231609645,1.286389645401273,0.5530768890958508,0.6145298767731676,1,10,1.30328939559357,1.959269425243612,0.8,0.6058746789833453,0.6058746789833453,1,False,False,False,False,1e-06,0.9,-5.895962875030451
0.1598117567639327,0.0176419935171994,9.722742036765018,0.6993667073333817,0.0744192389889061,0.5991827949236291,,3,1,0.1,2.494048543969148,0.5269835827609783,1.8769572427294765,0.9582381211064388,0.6020457990865923,0.6689397767628803,1,10,1.6199048716769118,0.6549649086768574,0.8,0.5269835827609783,0.5269835827609783,1,False,False,False,False,1e-06,0.9,-1.666094470957777
0.4043815525897167,0.0291314303595283,11.380789175245935,0.9415817221054844,0.0439219024549832,0.6690008543547089,,3,1,0.1,1.4472008758849102,0.3889426344648091,1.7114022098422903,1.082634773243952,0.4452897618017297,0.4947664020019218,1,10,1.7147320531302337,1.4175766504805951,0.8,0.3889426344648091,0.3889426344648091,1,False,False,False,False,1e-06,0.9,-4.180367857667457
0.2320422276580121,0.0164941057129659,6.788725821330671,0.4274524440953037,0.0027648825650188,0.7399872289569517,,3,1,0.1,15.640523142991093,0.7940773284848238,1.4746914902316983,0.6430113868624785,0.3162372062401592,0.3513746736001769,1,10,0.6936834398245193,1.0245224533671924,0.8,0.7940773284848238,0.7940773284848238,1,False,False,False,False,1e-06,0.9,-2.8082619519127805
0.1693331206789633,0.0106946667574583,5.761072441854164,0.3579810036111521,0.0063668213532244,0.7022732437297821,,3,1,0.1,38.40891831688368,0.9662095904737972,1.7508323362365628,0.579294607272762,0.3815524555941909,0.4239471728824343,1,10,1.0164931060076958,0.775449724676599,0.8,0.9662095904737972,0.9662095904737972,1,False,False,False,False,1e-06,0.9,-2.489418960991026
0.2740074616497862,0.0151559484655163,7.978155366995876,0.3263225341709949,0.0245038722028861,0.5052650984741807,,3,1,0.1,2.487809606721523,0.9614091950814432,0.8625123461937065,0.6639419659630077,0.8812431587256973,0.9791590652507748,1,10,0.617886120686679,1.3335313085878928,0.8,0.9614091950814432,0.9614091950814432,1,False,False,False,False,1e-06,0.9,-4.485923708041092
0.2949113655086529,0.0125621088724144,10.948664376832252,0.4168184437859873,0.0102858337449207,0.628573796586808,,3,1,0.1,2.244196511245588,0.7205163165251472,1.1032154855985508,0.5150507401375711,0.5318127877538835,0.590903097504315,1,10,0.4361691902510674,1.4805378364343296,0.8,0.7205163165251472,0.7205163165251472,1,False,False,False,False,1e-06,0.9,-8.99166402245588
0.5596588196558453,2.6783500471422514e-05,5561.469070206232,2.9399925369089983,0.0021996262336308,0.545864170032637,,3,1,0.1,0.230001173090327,0.1008615046938166,1.024742494609462,0.9011718531296238,0.7487618155010783,0.831957572778976,1,10,1.900349154791936,1.2051870830083145,0.8,0.1008615046938166,0.1008615046938166,1,False,False,False,False,1e-06,0.9,-3.527062053146919
0.3877836693146974,0.0013022549798352,105.99687980972789,0.7570741282376693,0.0116188285077061,0.3857001534147581,,3,1,0.1,0.6514827364182764,0.3850932329439123,1.2759457323407404,1.8151090589351628,1.433418828154303,1.5926875868381145,1,10,0.1730016159827682,1.9775139073081929,0.8,0.3850932329439123,0.3850932329439123,1,False,False,False,False,1e-06,0.9,-6.402977108977002
0.3493282863839705,0.0122155362549105,45.1431161551236,0.5301491642578483,0.0555773695015362,0.3942321570980486,,3,1,0.1,1.147224230651535,0.6294514784441769,0.535836258102976,1.206975005910866,1.3829187923809148,1.536576435978794,1,10,0.5308045673150067,1.7781701409284758,0.8,0.6294514784441769,0.6294514784441769,1,False,False,False,False,1e-06,0.9,-4.346311584717778
0.2711375146115536,0.0280795956326912,7.910831471864221,0.4690119339892334,0.049046591167077,0.5601995867951662,,3,1,0.1,2.052940884859641,0.8058020192424932,0.8455571039493502,1.2726004004947409,0.7065702674805431,0.7850780749783812,1,10,1.97829474654659,1.0207804266023528,0.8,0.8058020192424932,0.8058020192424932,1,False,False,False,False,1e-06,0.9,-9.545701176344256
0.309363832552036,0.0129148126229436,7.554106483403557,0.4160252269381932,0.0580516997905245,0.3435811310470533,,3,1,0.1,1.3084858743027454,0.8206879910528808,1.3692364269460229,1.7551787828382686,1.7194686456071575,1.9105207173412864,1,10,0.5996965235354978,1.611902312077491,0.8,0.8206879910528808,0.8206879910528808,1,False,False,False,False,1e-06,0.9,-9.651796922639976
0.292678019853706,0.0264603355045755,9.987319903775814,1.2951186388114129,0.0285926161929484,0.7747978957324854,,3,1,0.1,2.284333174680872,0.3528159368932255,1.0832662766447587,1.5273094300618486,0.261593242517973,0.2906591583533033,1,10,1.161456639242985,0.8126944064067819,0.8,0.3528159368932255,0.3528159368932255,1,False,False,False,False,1e-06,0.9,-3.863661656076939
0.142809143713923,0.0120277119422759,8.499616465137168,0.6671033365360645,0.0677309576326977,0.536314066378731,,3,1,0.1,1.6615473960894278,0.6793128913726607,1.7095169241684465,1.6521623635058575,0.7781211913327728,0.8645791014808587,1,10,0.7541881897519265,0.5365314985112765,0.8,0.6793128913726607,0.6793128913726607,1,False,False,False,False,1e-06,0.9,-6.643126301045667
0.3751007992755105,0.0064639561673447,45.43433537525152,1.8418395074513707,0.0636937378392716,0.616246113395242,,3,1,0.1,0.6174438239190339,0.2218995624911223,1.0452340327787115,0.986309229864192,0.5604554583580257,0.6227282870644729,1,10,1.4207884172058212,0.981711513364084,0.8,0.2218995624911223,0.2218995624911223,1,False,False,False,False,1e-06,0.9,-5.611266814173381
0.2100952309010576,0.010095823465646,12.232132607574815,0.4069192551331907,0.0421037339769147,0.4080350005470944,,3,1,0.1,1.7842615032270042,0.9236685355200344,0.6069411390474191,0.8410520916372318,1.3056931361115531,1.450770151235059,1,10,0.4825484823893566,0.8430415997917189,0.8,0.9236685355200344,0.9236685355200344,1,False,False,False,False,1e-06,0.9,-5.07325116429538
0.4401223365181479,0.0364820879320105,9.389946092152693,0.6489942230448588,-0.044277873603978,0.9042137768942212,,3,1,0.1,-5.15885759305905,0.5203371968529384,1.436871390859885,1.155609230788334,0.0953398444019569,0.1059331604466188,1,10,0.6467579140909361,1.839384466694212,0.8,0.5203371968529384,0.5203371968529384,1,False,False,False,False,1e-06,0.9,-2.392566617302317
0.2576473757275609,0.0228930269433515,4.966522106972896,0.3733449106866194,-0.0099274863523957,0.837062006703232,,3,1,0.1,-2.267122159256727,0.8762834675172181,1.7373621789747158,0.7299055322626936,0.1751891649516493,0.1946546277240547,1,10,1.846642980357397,1.1882589847280154,0.8,0.8762834675172181,0.8762834675172181,1,False,False,False,False,1e-06,0.9,-1.3349633805680376
0.3264243801320667,0.0205063965145887,17.262135289850935,0.5936348606009441,0.1279202523522678,0.343083975424007,,3,1,0.1,1.1884761978923444,0.6683584698117347,0.7293946023039906,1.9957992979784325,1.7232644613835948,1.9147382904262165,1,10,1.5867913558000588,1.349147442318125,0.8,0.6683584698117347,0.6683584698117347,1,False,False,False,False,1e-06,0.9,-2.425200891978058
0.3229719626587228,0.0107592049071686,34.343392624884416,0.4498462227151224,0.0560164988227629,0.3372077954609854,,3,1,0.1,1.1551619735397307,0.7264864475110449,0.5478770607439833,1.515629913014937,1.7689774439219002,1.965530493246556,1,10,0.6216772551074224,1.786741176468235,0.8,0.7264864475110449,0.7264864475110449,1,False,False,False,False,1e-06,0.9,-7.229057605596584
0.7086189784384332,6.297997768926274e-06,8000.595322233396,4.821629086219291,0.0015486349648589,0.638323299461853,,3,1,0.1,0.1793412146155148,0.0636681029009115,1.1302117196379995,1.6015740143781632,0.5099438337261966,0.566604259695774,1,10,0.9498362353526808,1.49038837100446,0.8,0.0636681029009115,0.0636681029009115,1,False,False,False,False,1e-06,0.9,-6.097003292082846
0.3040240736500573,0.0175704583717882,21.05700728493119,1.1312145862218936,0.0926635642757563,0.5678071318802285,,3,1,0.1,0.9750435723156612,0.39281905662078,0.8068128948600333,1.338465880180307,0.6850452547500643,0.7611613941667381,1,10,1.490945418798058,0.8917027423629103,0.8,0.39281905662078,0.39281905662078,1,False,False,False,False,1e-06,0.9,-7.607401788335133
0.3261218330380036,0.0261682831891971,8.835132080591846,0.4432193645556965,0.1060333301837963,0.3506594209216412,,3,1,0.1,1.4370403193255787,0.8744628640105591,0.897823074835192,1.9220625296717864,1.666592956876853,1.851769952085392,1,10,1.667501603156088,1.5677729200355972,0.8,0.8744628640105591,0.8744628640105591,1,False,False,False,False,1e-06,0.9,-7.511235231894189
0.16227771187083,0.0154879226430019,5.705321593868314,0.4420718599287084,0.004134209545396,0.7872922645973345,,3,1,0.1,-17.98227795320719,0.9242742988050006,1.304086272990585,1.0962193786342609,0.2431586978189233,0.2701763309099148,1,10,0.6507207632604137,0.6335819785629481,0.8,0.9242742988050006,0.9242742988050006,1,False,False,False,False,1e-06,0.9,-2.7552251375963843
0.2780129221413893,0.0169864423535047,4.394966700270129,0.2931660216189224,-0.0099607442984801,0.8802850344807102,,3,1,0.1,-9.458274584051074,0.984921807710668,1.7068318819159043,0.6334293491765524,0.1223961157432602,0.135995684159178,1,10,1.1399211771610358,1.5474295036305454,0.8,0.984921807710668,0.984921807710668,1,False,False,False,False,1e-06,0.9,-3.873211775229052
0.2594576747630594,0.0141822200122142,24.07949651175729,0.6137571648163034,0.0723311352026104,0.4524460799853101,,3,1,0.1,1.6739497903289209,0.5985760999729738,0.5734052676856557,0.6663092912421136,1.0891873083069274,1.2102081203410304,1,10,1.0248247075591226,0.9521818661161788,0.8,0.5985760999729738,0.5985760999729738,1,False,False,False,False,1e-06,0.9,-1.4256050634057562
0.2971409794386101,0.0249723829930546,6.100119233698056,0.5511909150308363,0.0730339811949034,0.4939014943977294,,3,1,0.1,1.7960939183440578,0.7031200837168831,1.951271860741822,1.6748511099696677,0.9222257073699944,1.024695230411105,1,10,0.7635850764218122,1.1012951559391664,0.8,0.7031200837168831,0.7031200837168831,1,False,False,False,False,1e-06,0.9,-3.0295906912861312
0.350231901919229,0.0005361574516025,357.07562162695416,2.3234348013299195,0.0178270595800478,0.5314149140669486,,3,1,0.1,0.3619231762875105,0.165083554914714,1.3553510039213994,1.0300170005782443,0.7935919112850051,0.8817687903166723,1,10,1.2873304552568996,0.8530613929340285,0.8,0.165083554914714,0.165083554914714,1,False,False,False,False,1e-06,0.9,-7.04281323047386
0.1768492317837864,0.0116117855867945,13.723846605262572,1.0713928715633223,0.1186718554832698,0.510883478537462,,3,1,0.1,0.9442808526813729,0.4386024001046095,1.9075809015413965,1.88811794518222,0.8616541497417103,0.9573934997130114,1,10,1.434108744586773,0.5865315933500762,0.8,0.4386024001046095,0.4386024001046095,1,False,False,False,False,1e-06,0.9,-9.096331982341775
0.5789908053575996,0.0013853105206718,68.40689589671183,5.181314649092965,0.0761178868975336,0.822514985672991,,3,1,0.1,0.4520172235791139,0.0738636718708481,0.7110803500378826,1.771068704812517,0.1942049879657935,0.2157833199619928,1,10,0.7800811022572643,1.1214649096631302,0.8,0.0738636718708481,0.0738636718708481,1,False,False,False,False,1e-06,0.9,-4.316127720665925
0.3043769990522638,0.0102455323855678,7.524459762531735,0.3708530525895537,0.0428571580037579,0.3454130321694873,,3,1,0.1,1.3622048757424243,0.8451606590245878,1.355128684415935,1.2684671487080412,1.705576270088118,1.895084744542353,1,10,0.4301065267909416,1.743364627277853,0.8,0.8451606590245878,0.8451606590245878,1,False,False,False,False,1e-06,0.9,-8.548153518521486
0.2953366056752284,0.0148437962277812,10.074372290702543,0.4667644229435144,0.090759304728414,0.3348479027042074,,3,1,0.1,1.363313734362298,0.7104001986459908,1.1771364187051034,1.0355161441931937,1.7877874782301604,1.9864305313668449,1,10,1.3601129668257166,1.3206282651258248,0.8,0.7104001986459908,0.7104001986459908,1,False,False,False,False,1e-06,0.9,-1.6511294455350782
0.3277062215967823,0.0393769636407025,8.901948440168514,0.4694137403056724,0.1090753600344053,0.4588241938985872,,3,1,0.1,7.806346375015129,0.7635506324051928,0.8203264845513589,0.9293561484053642,1.0615356207631124,1.179484023070125,1,10,1.9488945579849624,1.3864028398805996,0.8,0.7635506324051928,0.7635506324051928,1,False,False,False,False,1e-06,0.9,-0.7901752965050086
0.3800778075437804,0.0001404711015745,1392.1116458221618,2.0748274511756843,0.0039556902653914,0.4235434867805006,,3,1,0.1,0.3943407303756175,0.2153527704696626,1.3116849097964651,1.33587053968087,1.224929382909908,1.3610326476776755,1,10,0.2179230156388321,0.9695260044245778,0.8,0.2153527704696626,0.2153527704696626,1,False,False,False,False,1e-06,0.9,-3.0054965673796428
0.4969169716175043,0.0458636780998513,7.530171011576532,0.9211752126069224,0.0229338016126392,0.7141669083786004,,3,1,0.1,2.203072500086047,0.3925679095488593,1.9139421346434848,1.3706246458853737,0.3602096084839654,0.4002328983155171,1,10,1.4769718527901503,1.8741053603975608,0.8,0.3925679095488593,0.3925679095488593,1,False,False,False,False,1e-06,0.9,-2.6045505380310985
0.3084800782768823,0.0092233288661602,27.190928336811908,0.6658864589777586,0.056313289454061,0.4042527842505315,,3,1,0.1,0.984304242220778,0.5582991387617335,0.7689362323556832,1.1413526970171914,1.3263297497593336,1.4736997219548151,1,10,0.6458306277819357,1.183068834332445,0.8,0.5582991387617335,0.5582991387617335,1,False,False,False,False,1e-06,0.9,-7.906488029763584
0.3817934012399322,0.0104172975746241,81.216009142082,1.0296960549990004,-0.0139697851866431,0.8953275476502205,,3,1,0.1,5.938887211247808,0.377454337567044,0.5904178433342036,1.7155812616744768,0.1052187072340646,0.1169096747045162,1,10,0.1796097395782661,1.140788815448995,0.8,0.377454337567044,0.377454337567044,1,False,False,False,False,1e-06,0.9,-8.219303929401953
0.2961573580715808,0.0124091910315104,9.796530647498118,0.3676257242319559,0.0240122861830873,0.4976347269117052,,3,1,0.1,1.8314031334774872,0.8022952971965591,1.0367259630629178,0.5852804840389308,0.9085554550932418,1.009506061214713,1,10,0.4587950419161249,1.5704478203394847,0.8,0.8022952971965591,0.8022952971965591,1,False,False,False,False,1e-06,0.9,-6.210292909359838
0.1308450670328675,0.0088903865146057,10.606362113270364,0.4343729505622661,0.0278290825146205,0.5623235911821607,,3,1,0.1,2.564496776907775,0.9796789928318412,0.5991273605906677,0.9143381192275284,0.7005019424988903,0.7783354916654337,1,10,0.5864073721038502,0.5343719169909742,0.8,0.9796789928318412,0.9796789928318412,1,False,False,False,False,1e-06,0.9,-9.897472235076508
0.3012147814440658,0.0334670326319398,5.664592370405457,0.6051927765407195,-0.0053437383774419,0.7923823155446622,,3,1,0.1,14.864451900705951,0.6359374234921843,1.7976381241892925,1.500646382856481,0.2358153537050663,0.2620170596722959,1,10,0.8613557343292626,1.0382669016070554,0.8,0.6359374234921843,0.6359374234921843,1,False,False,False,False,1e-06,0.9,-3.05702551454694
0.339067467223603,0.0266552747467252,6.0654875949298335,0.4913064787461207,0.0259606315295282,0.6186146763007087,,3,1,0.1,2.182298710821269,0.7249199503238584,1.7254628377212915,1.7444428056764878,0.5548636404521866,0.6165151560579851,1,10,0.6042669807482955,1.351949947700954,0.8,0.7249199503238584,0.7249199503238584,1,False,False,False,False,1e-06,0.9,-9.1141088853968
0.3124134983400691,0.0441053000454086,5.628341330642355,0.6918722034008142,0.0073682841397699,0.7637163677078205,,3,1,0.1,3.2864002361477085,0.5847855620874914,1.3331695937260315,1.9731203798143384,0.2784479658347696,0.3093866287052996,1,10,1.8855561752266088,0.9788999071020598,0.8,0.5847855620874914,0.5847855620874914,1,False,False,False,False,1e-06,0.9,-7.654965071472075
0.3421655941713998,0.0320318364271757,10.51095086737588,0.7444940810830395,0.0357358075921404,0.6707668495787266,,3,1,0.1,1.9949078490699568,0.5462064606155074,0.9797358175454672,1.5938473335599133,0.4417478823904948,0.490830980433883,1,10,0.9694342840698186,1.0880256495165703,0.8,0.5462064606155074,0.5462064606155074,1,False,False,False,False,1e-06,0.9,-6.609393029009873
0.145490761364622,0.0115488621375331,5.850753119555415,0.3833805911281249,0.0575910483192831,0.4361639197165805,,3,1,0.1,1.8647678239125909,0.9320074249257292,1.9979469097378384,1.1465389848790442,1.16344440545385,1.2927160060598333,1,10,1.0236873808179858,0.6261404522438885,0.8,0.9320074249257292,0.9320074249257292,1,False,False,False,False,1e-06,0.9,-6.347921069927278
0.4480591352963992,0.0004457437545253,610.7238132451866,1.6224653065570442,0.0089280011468342,0.428414327424624,,3,1,0.1,0.418857534488311,0.2300724450845107,1.214948737905404,1.058185357639216,1.2007700779062944,1.3341889754514382,1,10,0.488458578968364,1.259948751217021,0.8,0.2300724450845107,0.2300724450845107,1,False,False,False,False,1e-06,0.9,-4.420016081684405
0.2565982408504828,0.0076716209675349,10.003460554365326,0.3602365515058201,0.0020655037958008,0.7048787694429739,,3,1,0.1,4.754479763363936,0.8725537289333581,1.0776844663971925,1.687042200866872,0.3768153035893242,0.4186836706548047,1,10,0.1263198662337244,1.1549186717806812,0.8,0.8725537289333581,0.8725537289333581,1,False,False,False,False,1e-06,0.9,-5.51121206399296
0.3156700175065566,0.0355429541416765,3.6952678996755446,0.402042992235072,0.1199654150067084,0.3742141635873273,,3,1,0.1,2.2124869451337115,0.9441719909409052,1.7534391522355703,1.5760226282421526,1.505039914503327,1.6722665716703633,1,10,1.5398074451516737,1.4360216567407271,0.8,0.9441719909409052,0.9441719909409052,1,False,False,False,False,1e-06,0.9,-1.7751429695061862
0.2173612358224659,0.0150630002361748,11.97294659019736,0.5735745325572781,0.0926869266697631,0.4536123228883222,,3,1,0.1,1.5371861005129994,0.5669367293383915,1.5116954667227656,0.8642564659212818,1.0840730830885672,1.2045256478761857,1,10,1.2858880603872962,0.8369490833713857,0.8,0.5669367293383915,0.5669367293383915,1,False,False,False,False,1e-06,0.9,-1.4482462117592316
0.3048419956521798,6.256403307167265e-07,228976.23577097984,3.694038391684338,8.052288496076176e-05,0.3573947557919533,,3,1,0.1,0.2212760213482644,0.1408267396622755,0.6907348207196875,1.3646803412638988,1.618223855875233,1.798026506528037,1,10,1.7252553282554883,0.7071997533054135,0.8,0.1408267396622755,0.1408267396622755,1,False,False,False,False,1e-06,0.9,-8.150651428877202
0.1785534205454758,0.0041538112446035,7.644239413516173,0.402046307070103,0.027556228728071,0.3364614351138767,,3,1,0.1,1.829442902204075,0.953405685144898,1.6284720700926725,1.6776977005408724,1.7748979409642929,1.9721088232936588,1,10,0.1609932983074989,0.7328606885735882,0.8,0.953405685144898,0.953405685144898,1,False,False,False,False,1e-06,0.9,-2.252805896344974
0.2935380441555764,0.0148032317103747,9.86280226700503,0.5887092723488742,0.0869121652116482,0.3854542575321337,,3,1,0.1,1.0915829147625018,0.6325177539948021,1.7507887726339917,1.5377231130554416,1.4349074044796886,1.5943415605329874,1,10,1.183996624890404,1.1407679221545477,0.8,0.6325177539948021,0.6325177539948021,1,False,False,False,False,1e-06,0.9,-6.94690753644832
0.6248169185557348,0.0033141404992303,83.66397676650823,1.8881991755431904,0.0478520529076337,0.608094093857627,,3,1,0.1,0.4130790359525873,0.156796328370812,1.5327645597540358,1.457173644945898,0.5800341083574425,0.6444823426193805,1,10,1.9879617559671647,1.8102546500763463,0.8,0.156796328370812,0.156796328370812,1,False,False,False,False,1e-06,0.9,-7.735167580037819
0.5609085329631737,0.0110345103791843,26.422460809234988,1.3860702877222717,-0.0177252585599655,0.8703634696695633,,3,1,0.1,2.907783084038423,0.2408422599045675,1.9338406762629143,1.1961611201897338,0.1340507516264305,0.1489452795849227,1,10,0.2008272387740795,1.854727833012234,0.8,0.2408422599045675,0.2408422599045675,1,False,False,False,False,1e-06,0.9,-4.47813172829934
0.7907008967999388,0.0010386490633413,35.1645571886621,3.6897314895685502,0.1290656195521535,0.8367703043223111,,3,1,0.1,0.4022232702213251,0.056045615346081,1.1880035846006027,1.997588785906851,0.175563981359135,0.1950710903990389,1,10,1.67635451372488,1.845413060130624,0.8,0.056045615346081,0.056045615346081,1,False,False,False,False,1e-06,0.9,-1.963040992268251
0.3470436228520361,0.0048137464496131,73.94894327846639,1.2792018868613684,0.0511929264344687,0.4537580714846255,,3,1,0.1,0.6632177883885093,0.3421413478720236,0.8438100402863256,1.253093390506281,1.0834357922391125,1.203817546932347,1,10,0.8066442917174348,1.014405423105287,0.8,0.3421413478720236,0.3421413478720236,1,False,False,False,False,1e-06,0.9,-5.113432722314959
0.1382173117426676,0.0172415525297657,6.383221442923135,0.5787470327780369,-0.0097347199110019,0.9195292799423158,,3,1,0.1,-6.805213674848596,0.7710295379817825,1.2147825717515857,1.3193610740223158,0.0787616551551887,0.0875129501724319,1,10,1.0494698301171077,0.5364208283486536,0.8,0.7710295379817825,0.7710295379817825,1,False,False,False,False,1e-06,0.9,-3.658885436695464
0.2707228689220186,0.010663453867303,5.195970378583184,0.3140357087186341,-0.0044831282423226,0.8231465866278233,,3,1,0.1,-129.42545833842163,0.9065743529457148,1.9635363259091991,0.5114160189909861,0.1933654037089815,0.214850448565535,1,10,1.9075507795958195,1.5117323950289383,0.8,0.9065743529457148,0.9065743529457148,1,False,False,False,False,1e-06,0.9,-4.058803561343077
0.3308626095909607,0.0428911829620508,4.159082305049208,0.4075451939212778,0.0575933530900468,0.5482746514236057,,3,1,0.1,9.79406677250388,0.827524903435316,1.6773299393984695,1.0882415485248385,0.741513058579551,0.8239033984217232,1,10,1.5508684181846877,1.5235445994247458,0.8,0.827524903435316,0.827524903435316,1,False,False,False,False,1e-06,0.9,-1.2354855890256946
0.1811233796133767,0.000445011513564,177.19446502389792,1.2460845365082265,0.0112740228959447,0.3607258170069581,,3,1,0.1,0.5925958776607764,0.3695369939740878,0.9090608753782988,1.4707536668614107,1.594969745907152,1.7721886065635024,1,10,0.2530720682809308,0.6081917406103369,0.8,0.3695369939740878,0.3695369939740878,1,False,False,False,False,1e-06,0.9,-8.499225466570165
0.5419978268219086,1.2962562816809952e-05,16918.638851828673,0.4851644510971388,0.000566959031394,0.3927531042972847,,3,1,0.1,0.2689707905738794,0.1580608481666571,1.9305272382906933,0.8995512068268257,1.391515942592696,1.5461288251029954,1,10,0.7522335038816403,1.6273508055150074,0.8,0.1580608481666571,0.1580608481666571,1,False,False,False,False,1e-06,0.9,-3.167889982368286
0.3390924744211989,0.022005015179625,20.565254970325896,0.5013253818751076,0.077243506295419,0.4416379208801823,,3,1,0.1,2.0835369642973,0.6529003602228787,0.675936924948709,0.7135506632616117,1.1378684833184256,1.2642983147982507,1,10,1.3161239903892072,1.559760103503708,0.8,0.6529003602228787,0.6529003602228787,1,False,False,False,False,1e-06,0.9,-1.176918073063188
0.4695265752620445,0.0144752693858757,33.046803767549505,0.8918414029166222,-0.0096107396997552,0.8150740971812014,,3,1,0.1,3.108496380892193,0.391915800815739,1.088507193019736,1.5976801395778553,0.2041940887491097,0.2268823208323441,1,10,0.2172741819053347,1.6884885069258906,0.8,0.391915800815739,0.391915800815739,1,False,False,False,False,1e-06,0.9,-5.428320832595904
0.2113875386166716,0.0164151417200508,8.587431340468521,0.4893263088636762,0.0470393559597541,0.519551199099924,,3,1,0.1,1.9689054303550928,0.8404340778614086,0.9992605625416462,1.8021140572988448,0.8322643111192308,0.924738123465812,1,10,0.5965553297741727,0.7712108914990667,0.8,0.8404340778614086,0.8404340778614086,1,False,False,False,False,1e-06,0.9,-8.14713467957176
0.2521444555840454,0.0253622843473582,4.768621894821393,0.3764823157031332,-0.0203930557237103,0.9469208136638798,,3,1,0.1,-7.452216481554921,0.9172625859052624,1.3524117840360534,1.0604015750221931,0.0504490629133695,0.0560545143481884,1,10,1.0563509504357929,1.0093448953619797,0.8,0.9172625859052624,0.9172625859052624,1,False,False,False,False,1e-06,0.9,-4.9304613972635405
0.2969109913457641,0.0001378130590982,955.792211182903,4.290077505239712,0.0113067254396775,0.5376145467130689,,3,1,0.1,0.3046687040357464,0.126941380570391,0.8113133248706415,1.1236333068588884,0.7740618450570693,0.860068716730077,1,10,1.1256531161521357,0.6634658661519242,0.8,0.126941380570391,0.126941380570391,1,False,False,False,False,1e-06,0.9,-1.4923048608681118
0.3996115344369969,0.0002224375586633,1591.5880993466394,1.7018796827641072,0.0051516084011792,0.3869310048136196,,3,1,0.1,0.4134558481258247,0.245748607023756,0.6403825844636519,1.2963760595840512,1.4259960788965982,1.5844400876628868,1,10,0.400395196256588,1.149665849994811,0.8,0.245748607023756,0.245748607023756,1,False,False,False,False,1e-06,0.9,-5.087058232811886
0.3504536024773683,0.0056093333819964,32.508902752331146,0.8623514459335238,0.0456389764951466,0.4070003868753371,,3,1,0.1,0.7895240755139573,0.4341130021327153,1.685028854671503,1.510276239465044,1.311300109342813,1.4570001214920143,1,10,0.5290224408961668,1.263241805654406,0.8,0.4341130021327153,0.4341130021327153,1,False,False,False,False,1e-06,0.9,-4.093868553578287
0.3007378282057918,0.0013076310859395,170.2959101674493,2.7998446721997228,0.0417061492126253,0.5245039088390511,,3,1,0.1,0.4143590662012387,0.1858404780870167,0.8864838868622069,1.638607598338924,0.8159071359297979,0.906563484366442,1,10,1.6401428585470463,0.7274919469329191,0.8,0.1858404780870167,0.1858404780870167,1,False,False,False,False,1e-06,0.9,-3.610814017467405
0.2843839766054937,0.0231821694438093,10.73666693957233,0.3732674851988893,-0.0115702438489688,0.8558465582291785,,3,1,0.1,-9.83371555152812,0.8852637442217417,0.7026580733385926,1.3390503174138086,0.151590371365375,0.1684337459615277,1,10,0.4688116356934582,1.1420021751127152,0.8,0.8852637442217417,0.8852637442217417,1,False,False,False,False,1e-06,0.9,-3.235376198469636
0.4018910621562851,0.029477973456206,17.120360143081466,0.5899420493302384,0.0368362100344315,0.6044107800124626,,3,1,0.1,1.7673965602447803,0.577337823477447,0.8864674072792796,0.9578125994027404,0.589053520821456,0.65450391202384,1,10,1.9457737270956867,1.82766053971424,0.8,0.577337823477447,0.577337823477447,1,False,False,False,False,1e-06,0.9,-5.062430490936144
0.415581995949618,0.0137920969482686,21.080617593841144,1.098042271814772,0.0906216091068327,0.467337028022756,,3,1,0.1,0.842504727261115,0.396390639624154,1.6422014662677349,1.927744572098121,1.0258050315588867,1.139783368398763,1,10,0.9594135859917576,1.3202981846753472,0.8,0.396390639624154,0.396390639624154,1,False,False,False,False,1e-06,0.9,-2.979592351862342
0.3574073407544766,0.0312631648339013,15.163043135963974,0.5975969269594914,0.0580525543360855,0.5641175034951449,,3,1,0.1,1.7978099806802936,0.6269297250352907,0.7129624604404701,1.1458120645200491,0.6954122934030637,0.7726803260034041,1,10,1.2600686451653005,1.3629768069494976,0.8,0.6269297250352907,0.6269297250352907,1,False,False,False,False,1e-06,0.9,-4.0574357337138265
0.175946614490825,0.0064568998043373,21.821875938496472,1.5873886767394605,0.0417162037466357,0.7037926918615591,,3,1,0.1,1.155930903597291,0.3162215445538557,1.781181084607978,1.3837476829602082,0.3787856572074725,0.4208729524527472,1,10,0.3935494230882539,0.5550682399381488,0.8,0.3162215445538557,0.3162215445538557,1,False,False,False,False,1e-06,0.9,-9.828879519371384
0.4522965046163829,0.0024877189316198,106.3426341474552,1.5827672641606598,0.044154505578573,0.4523109021700588,,3,1,0.1,0.5339028838298391,0.2307170053375642,1.8980111218928628,1.4440561222447856,1.089781797613227,1.2108686640146966,1,10,0.883360514782435,1.257361571459234,0.8,0.2307170053375642,0.2307170053375642,1,False,False,False,False,1e-06,0.9,-0.9030742207505876
0.4480538106418695,0.0002523201572099,727.1166073949496,0.8907435758107904,0.0045917735041748,0.3567014037636448,,3,1,0.1,0.4239805107016924,0.2672791418755686,1.3086331411209553,0.810732336144008,1.6231187500353998,1.803465277817111,1,10,0.7954745948688194,1.9650913069679667,0.8,0.2672791418755686,0.2672791418755686,1,False,False,False,False,1e-06,0.9,-7.393883876368834
0.3235804411372548,0.0143112940606512,16.095953965677367,0.6821042807164446,0.0925662491091874,0.3902252750221626,,3,1,0.1,0.9502351298913202,0.5549690433969676,1.1547466536287798,1.4970143495421209,1.4063600889227,1.5626223210252224,1,10,1.8824821538265928,1.2298002928509848,0.8,0.5549690433969676,0.5549690433969676,1,False,False,False,False,1e-06,0.9,-8.41304231495757
0.3733527853149134,0.0237914587079728,11.635286447408092,0.5117048303161952,0.0770962249485109,0.4317853326579802,,3,1,0.1,1.2817951969781776,0.682439279374074,1.1105411467030395,1.296781400039341,1.184369087897887,1.3159656532198745,1,10,1.1926413392468145,1.9345361321645085,0.8,0.682439279374074,0.682439279374074,1,False,False,False,False,1e-06,0.9,-8.229623044395902
0.4377213829198,0.0006763457336014,465.86592533448726,1.3819716186926974,0.0111378000225748,0.3828093656515629,,3,1,0.1,0.4796401651827277,0.281058304312428,0.9071008462803296,1.4812379151578232,1.4510396577370823,1.6122662863745358,1,10,0.5071673483536017,1.4523242542847368,0.8,0.281058304312428,0.281058304312428,1,False,False,False,False,1e-06,0.9,-3.446993126163015
0.4336756909089027,0.0268546592289228,11.840773357814731,0.6681951323809767,-0.0389475852738931,0.9385304529006128,,3,1,0.1,92.29168715961482,0.5007462254944807,1.4142331049963324,1.6016902452842534,0.0589459747613612,0.0654955275126236,1,10,0.4468429958996377,1.6157234035655978,0.8,0.5007462254944807,0.5007462254944807,1,False,False,False,False,1e-06,0.9,-8.3856754151468
0.6256124210946392,0.0016564032795553,176.43812384460048,1.9474362910310905,0.0208373516651822,0.5655718907402439,,3,1,0.1,0.4659501964045633,0.1839384159199509,1.6751988448022144,1.7226216248223405,0.6913096367325515,0.7681218185917239,1,10,0.3199899455369859,1.8643705319136368,0.8,0.1839384159199509,0.1839384159199509,1,False,False,False,False,1e-06,0.9,-2.6225078284648884
0.3865344998072932,0.0028323047989898,119.485346362369,1.6691244265777436,0.043886444946859,0.4386470022601779,,3,1,0.1,0.5095198802220184,0.2788585145854564,1.0547854782624162,1.9633626501535475,1.15176370831819,1.2797374536868775,1,10,1.5000162581727523,1.0508265556467211,0.8,0.2788585145854564,0.2788585145854564,1,False,False,False,False,1e-06,0.9,-8.702139458173558
0.3362805197253546,0.0368365996287108,10.62797100408596,0.3336536496279776,0.0116973679092343,0.662572003446661,,3,1,0.1,3.966576794106238,0.969881009173457,0.665469348118908,1.3870360093038312,0.4583429352859046,0.5092699280954496,1,10,1.2457636885885257,1.5551619440195794,0.8,0.969881009173457,0.969881009173457,1,False,False,False,False,1e-06,0.9,-6.916197587025099
0.323507928516801,0.0034872206313852,78.27736152260022,1.197222688077613,0.0493033920610049,0.3763140644773111,,3,1,0.1,0.6218309114822265,0.3681141304806383,0.9829609580110216,1.928858532414322,1.4916193545677678,1.657354838408631,1,10,1.3555383075979963,1.0023729664955243,0.8,0.3681141304806383,0.3681141304806383,1,False,False,False,False,1e-06,0.9,-4.369695051219179
0.3250618833031625,0.0224494523243779,23.18453808052118,0.4167055573946931,0.0251331289650242,0.5817904825167178,,3,1,0.1,2.2610220550651303,0.7722435034123154,0.5287058742903138,0.7825799095569789,0.64694864740098,0.7188318304455333,1,10,1.462788522921446,1.5491493838460992,0.8,0.7722435034123154,0.7722435034123154,1,False,False,False,False,1e-06,0.9,-5.860481483591842
0.3739952089075277,0.0042660373396304,59.60302158220117,1.3624631824135192,0.0538751716303175,0.4192225874237419,,3,1,0.1,0.6131878134530291,0.3298757301644736,1.6274748148763631,1.8607474577207213,1.2468308888859985,1.385367654317776,1,10,1.0969495475163489,1.092304234640696,0.8,0.3298757301644736,0.3298757301644736,1,False,False,False,False,1e-06,0.9,-3.230434015744644
0.266837690927807,0.008733176862894,5.903865906177097,0.3246832319531501,0.0128178644365433,0.5311055127398392,,3,1,0.1,2.1922905060869,0.8720070858328984,1.865408327691592,0.5156590369395287,0.7945785317819941,0.8828650353133268,1,10,1.969677705071632,1.4394479711019783,0.8,0.8720070858328984,0.8720070858328984,1,False,False,False,False,1e-06,0.9,-6.510661451549447
0.5169058315255142,1.2693259253179912e-06,188619.7237674284,3.299539768860165,0.0001155273423977,0.3830017936847403,,3,1,0.1,0.213275332409605,0.1278621656653958,0.7797355624096791,1.505988998038179,1.4498584467226163,1.610953829691796,1,10,1.5568120151449585,1.1544501353448546,0.8,0.1278621656653958,0.1278621656653958,1,False,False,False,False,1e-06,0.9,-2.801360022724144
0.1627604167921355,0.0159345959373906,9.516722798889488,0.6921590481170699,-0.001613175646158,0.8364482858220446,,3,1,0.1,10.58546285947684,0.5963472309588587,1.7276281607266026,0.8299141335323925,0.1759780553743356,0.1955311726381506,1,10,1.173382463404653,0.6866661800047404,0.8,0.5963472309588587,0.5963472309588587,1,False,False,False,False,1e-06,0.9,-4.652448968066821
0.3277173804413464,3.15018392535334e-06,30824.8478811594,2.7051222217094013,0.0002407999304594,0.3406981946136028,,3,1,0.1,0.277364384028253,0.1718887116199288,1.1395405750944405,1.2275953274264255,1.7416341918709617,1.935149102078846,1,10,0.5451736123283024,0.8145745191002902,0.8,0.1718887116199288,0.1718887116199288,1,False,False,False,False,1e-06,0.9,-1.4795839466124665
0.2827496461154117,0.0393468487477213,12.116678267052382,0.4669811346710837,-0.0079054784996535,0.7998899707325812,,3,1,0.1,-21.458782344888395,0.7925961609539661,0.5383069242755503,1.3559180278573355,0.2251547499410862,0.2501719443789846,1,10,1.9380222533048848,1.0132110330234565,0.8,0.7925961609539661,0.7925961609539661,1,False,False,False,False,1e-06,0.9,-2.6745455215707032
0.3681593853643324,0.0070224620669258,38.84007299257358,1.600127970170513,0.0459066752377258,0.6093347747106896,,3,1,0.1,0.7567380296883958,0.28253993678424,1.2830733155819785,1.4018163723435877,0.5770205761312693,0.6411339734791881,1,10,0.44053852097712,0.96851562878373,0.8,0.28253993678424,0.28253993678424,1,False,False,False,False,1e-06,0.9,-9.95173316242084
0.1941844238232533,0.0022144899934627,83.56431646150973,0.9577360339375864,0.0304062152022985,0.4580096470832266,,3,1,0.1,0.7391426332782443,0.3750540874078386,0.917495234204513,0.5315807075369623,1.0650241118970527,1.1833601243300584,1,10,1.2801305697792649,0.6769130491562129,0.8,0.3750540874078386,0.3750540874078386,1,False,False,False,False,1e-06,0.9,-4.968626758576923
0.313812098668816,0.0217356047293119,10.436625279802223,0.7152315200757953,0.1131019143358488,0.4392512194301921,,3,1,0.1,1.2457931003761928,0.5718302572525665,1.3457244784216766,1.511593944300069,1.1489413806693654,1.2766015340770729,1,10,1.19558043958104,1.090495033306079,0.8,0.5718302572525665,0.5718302572525665,1,False,False,False,False,1e-06,0.9,-2.4688195734493776
0.1772385478773742,0.0123005725070365,13.63901379244068,0.6109397948095064,0.0407824375604662,0.5968505876050988,,3,1,0.1,1.4632792989599532,0.5395011312106535,1.8605266082164087,0.7824857134142755,0.6079150773919945,0.6754611971022161,1,10,1.1046995038819694,0.7662361810127711,0.8,0.5395011312106535,0.5395011312106535,1,False,False,False,False,1e-06,0.9,-9.345240530965585
0.5323317952076065,7.210463550160763e-10,109134671.28068171,4.873545057535374,1.8230123401049065e-07,0.3449055604776076,,3,1,0.1,0.1462995605808228,0.0949967959241321,1.073258168577616,1.6263570333958153,1.7094099461711365,1.899344384634596,1,10,1.1002766212613957,1.1062261413743983,0.8,0.0949967959241321,0.0949967959241321,1,False,False,False,False,1e-06,0.9,-5.684663037667372
0.6448382911042408,0.0014629965317383,196.9424775164757,1.6650007970994172,0.0270815965662696,0.6735998581376893,,3,1,0.1,0.4658935043553601,0.1231454667456341,1.0698472533488594,0.5068921434179219,0.4361047944520688,0.4845608827245209,1,10,1.4281033285382072,1.8263040696701924,0.8,0.1231454667456341,0.1231454667456341,1,False,False,False,False,1e-06,0.9,-1.336211356266201
0.1435728956480531,0.0103208485012041,12.581335541818367,0.4306465389907031,0.0346432818972479,0.5292010873756167,,3,1,0.1,3.027993700568453,0.9687674572385896,0.6349625080356731,1.795905755235707,0.8006767776370751,0.8896408640411946,1,10,0.397193403916372,0.5767909542324187,0.8,0.9687674572385896,0.9687674572385896,1,False,False,False,False,1e-06,0.9,-3.3982935021027
0.3341548054863276,0.0152416879424749,16.67107330732088,0.5801075526956253,0.0483259409611218,0.5013713076883185,,3,1,0.1,1.3221310682163814,0.5589469297216338,1.1216297190017186,0.7506333630976936,0.8950767947803907,0.994529771978212,1,10,1.9845714969165047,1.4354702167547937,0.8,0.5589469297216338,0.5589469297216338,1,False,False,False,False,1e-06,0.9,-3.693852700851964
0.4938439522185427,0.0315454841731881,23.12607142596846,1.2043971366563424,0.1098903068027005,0.5948968843767088,,3,1,0.1,1.004947774655393,0.3412693574067317,0.7643726824281827,1.7801541859559773,0.6128672273060509,0.6809635858956121,1,10,1.6892074186479684,1.5333257165752925,0.8,0.3412693574067317,0.3412693574067317,1,False,False,False,False,1e-06,0.9,-3.09888228728298
0.3501924573299435,0.0379826097623638,9.65422235005049,0.3990010612802885,0.117623477596949,0.3644837378047251,,3,1,0.1,2.064237308959473,0.9768024316775008,0.7942605737895154,1.755202715212543,1.569245968066157,1.7436066311846188,1,10,1.5320926233988557,1.893114459137914,0.8,0.9768024316775008,0.9768024316775008,1,False,False,False,False,1e-06,0.9,-2.1934602717107907
0.178706089866643,0.0053253456842677,40.79788994860172,1.495263101234811,0.0322560859565773,0.7299220353950411,,3,1,0.1,0.9549743661763336,0.2386222161978265,1.5544346574577972,0.5702490126061905,0.33300839864755,0.3700093318306111,1,10,0.6407767262451095,0.7041115283765624,0.8,0.2386222161978265,0.2386222161978265,1,False,False,False,False,1e-06,0.9,-8.620394651293067
0.4253958302834388,5.6456736559556175e-08,393140.1620014077,8.39963619732903,3.6207882093571086e-05,0.575450046523494,,3,1,0.1,0.1456998330814988,0.0612732708654345,1.7432002253018783,1.6340774334872656,0.6639932700279235,0.7377703000310262,1,10,0.1901771547588069,0.791714741871488,0.8,0.0612732708654345,0.0612732708654345,1,False,False,False,False,1e-06,0.9,-8.803036811712321
0.2571688357683199,0.0076303733456285,18.088545231610908,0.6624816002853154,0.0683765933109989,0.3528885568648554,,3,1,0.1,0.9221709181629196,0.5749101726756517,1.2356571165594294,1.3671942606113163,1.650380233339983,1.8337558148222035,1,10,1.2157119319131768,0.9516568676871094,0.8,0.5749101726756517,0.5749101726756517,1,False,False,False,False,1e-06,0.9,-8.567466547390163
0.349450126437004,0.0598203783218374,6.57405423091622,0.5650079013414824,0.2392078585009846,0.3911843723839546,,3,1,0.1,3.2363046147775014,0.7850474632359369,0.8508453403298919,1.9368762478957515,1.4007054052676553,1.5563393391862836,1,10,1.8739440033465105,1.3186704094223265,0.8,0.7850474632359369,0.7850474632359369,1,False,False,False,False,1e-06,0.9,-0.8385157237991301
0.28502004333371,0.0020608482948843,14.899234848512345,0.387821308483634,0.00940975926723,0.3716011806606338,,3,1,0.1,1.2279508151505265,0.7140011215162224,1.0830492077667568,0.6743510201903191,1.5219514006924764,1.691057111880529,1,10,0.0682245967866708,1.6066198441739958,0.8,0.7140011215162224,0.7140011215162224,1,False,False,False,False,1e-06,0.9,-5.652232428240767
0.3620329282314273,0.0438134047298133,4.086538048349597,0.3193394296910016,0.0012348779351969,0.7081341573034472,,3,1,0.1,29.879200351069738,0.9606091409490128,1.4779525777912208,1.390255782789144,0.3709456120958378,0.4121617912175975,1,10,1.1509826800509202,1.9181528172056108,0.8,0.9606091409490128,0.9606091409490128,1,False,False,False,False,1e-06,0.9,-2.619168359822436
0.2391072762605036,0.0090912525517543,17.47189600627262,0.739902232574007,0.0753271033637674,0.4086449138631605,,3,1,0.1,0.959114884333353,0.539359151050717,1.3703485626149796,1.2996303364254995,1.3024010809085358,1.447112312120595,1,10,1.0047103117603524,0.8322625983918832,0.8,0.539359151050717,0.539359151050717,1,False,False,False,False,1e-06,0.9,-7.599131773978194
0.4440533922240776,2.1948806076757725e-07,645930.5510705551,3.4972419962595507,3.37297186889491e-05,0.4333419523410741,,3,1,0.1,0.1864259992452504,0.1041030404837693,0.6943498454002264,0.6254658592033484,1.1768817677076169,1.3076464085640187,1,10,0.3677466125480946,0.9147221667485704,0.8,0.1041030404837693,0.1041030404837693,1,False,False,False,False,1e-06,0.9,-5.472638515308457
0.1974153494137572,0.0039259822790778,28.28231581971622,0.4343233308281626,0.0073750243837904,0.5867219252222905,,3,1,0.1,2.332657103846166,0.8098009812386976,0.5577089604440966,1.9519726407837097,0.6339464255729294,0.7043849173032548,1,10,0.08598338290298,0.8157089867233465,0.8,0.8098009812386976,0.8098009812386976,1,False,False,False,False,1e-06,0.9,-7.185854587030265
0.3295603973122007,0.0337781251418006,6.032157315452067,0.4235373159051103,0.0967565079980572,0.4080775940735355,,3,1,0.1,1.7839372880328697,0.9121803347469136,1.0618564022030872,1.7120131989788003,1.305462914579476,1.450514349532751,1,10,1.6627568659048144,1.4948318721441654,0.8,0.9121803347469136,0.9121803347469136,1,False,False,False,False,1e-06,0.9,-4.618791644551448
0.367445832983522,7.260071198386473e-06,33195.06662717602,3.3008690470061097,0.0005122864079467,0.3679830627253039,,3,1,0.1,0.2693683004050869,0.1638704929057798,0.7022248338262763,1.920189265091221,1.5457647407316732,1.717516378590748,1,10,0.8281538527275049,0.8590205256371943,0.8,0.1638704929057798,0.1638704929057798,1,False,False,False,False,1e-06,0.9,-2.5480392052710146
0.3851441851531469,0.0298024056927768,11.251435895431902,1.2416743113766349,0.2576476973587109,0.5034531137116217,,3,1,0.1,1.7012875973087984,0.3134508045841728,1.2336841952103312,1.1592341249277855,0.8876540545452273,0.9862822828280304,1,10,1.9720784892459708,1.135737959381768,0.8,0.3134508045841728,0.3134508045841728,1,False,False,False,False,1e-06,0.9,-0.5053024672890665
0.3109687010060872,0.0094987825149538,7.949593708061416,0.3998804210888671,0.0389395998768939,0.3766788074877482,,3,1,0.1,1.251714668015735,0.7429997158664259,1.7893499670371773,1.0412821766329696,1.4893035183012608,1.654781687001401,1,10,0.4081099853538009,1.753404097969642,0.8,0.7429997158664259,0.7429997158664259,1,False,False,False,False,1e-06,0.9,-9.412006750193129
0.3006423136269316,0.0092316662530242,7.625951701852105,0.3498528430316097,0.002723045468589,0.6732185523616524,,3,1,0.1,3.101218003499145,0.7787582627477287,1.686757328955763,0.5034853863969081,0.436861553863597,0.4854017265151078,1,10,0.1987164082985145,1.8782992348968883,0.8,0.7787582627477287,0.7787582627477287,1,False,False,False,False,1e-06,0.9,-6.928637131186838
0.2463480985445782,0.0115158600511416,18.30419331446937,0.5409102459044323,0.0697480143548907,0.3864587513925022,,3,1,0.1,1.2081757409189369,0.683626106050932,0.6577569724277808,0.95883737628299,1.4288384510820036,1.5875982789800038,1,10,1.4337321547253483,0.9499316281167088,0.8,0.683626106050932,0.683626106050932,1,False,False,False,False,1e-06,0.9,-5.537724436345216
0.4026113568804555,0.0166071213841606,14.999022247943694,0.7252889865836356,0.0738506962227312,0.4667053130210329,,3,1,0.1,1.1749588096248509,0.4799112130508263,1.7964396764244932,1.2426424283303237,1.0284117298219826,1.1426796998022029,1,10,0.5693834539567743,1.6735870793263192,0.8,0.4799112130508263,0.4799112130508263,1,False,False,False,False,1e-06,0.9,-1.7940372958600488
0.3026330298337635,0.0197016127709729,8.447559999234223,0.3263023497944254,0.0408338597647838,0.4447280766736639,,3,1,0.1,5.399218414347303,0.981638876172746,0.8624373368790633,1.0375231729375254,1.1237085248395708,1.248565027599523,1,10,0.3029835378989189,1.5950203368661149,0.8,0.981638876172746,0.981638876172746,1,False,False,False,False,1e-06,0.9,-1.168964899833579
0.3039762505804632,0.0002149931822479,1047.030067719706,1.1668794462292114,0.0067637704669418,0.4383120302826758,,3,1,0.1,0.3800409428875029,0.2074600869235295,1.4113610615069243,0.722033932756042,1.1533317313229412,1.2814797014699346,1,10,1.7108969069313575,0.8629381387135889,0.8,0.2074600869235295,0.2074600869235295,1,False,False,False,False,1e-06,0.9,-5.755501229871118
0.2237930639546705,0.0108600429805558,16.25194439424962,1.8441504204391268,0.0898041009693564,0.6692139500737027,,3,1,0.1,1.0075583305317464,0.2828012468953849,1.3712575528402704,1.7364659036423808,0.444861385362454,0.4942904281805045,1,10,0.8173596269368505,0.6177872105556647,0.8,0.2828012468953849,0.2828012468953849,1,False,False,False,False,1e-06,0.9,-3.7770627527409752
0.3411497314876886,0.0290371461530997,4.143341240707618,0.3262106098488906,0.0350627907153069,0.5154033160359369,,3,1,0.1,2.465032654059116,0.9961080913138656,1.628726904926806,1.6361547674464487,0.8462052959264367,0.9402281065849296,1,10,0.7087295915557708,1.9295952761156288,0.8,0.9961080913138656,0.9961080913138656,1,False,False,False,False,1e-06,0.9,-6.377497381429657
0.5296390951684293,1.9996104295195945e-12,19172451502.695515,5.898676154710028,1.165048640250637e-09,0.3346579518141794,,3,1,0.1,0.1146995163335856,0.0759143493387939,1.0580619235618736,1.8236757732461923,1.789313058665135,1.9881256207390383,1,10,1.6957030502933812,1.041583634422378,0.8,0.0759143493387939,0.0759143493387939,1,False,False,False,False,1e-06,0.9,-7.283825646726359
0.2996334481471104,0.0160738193855107,7.960599056369796,0.3117414991880469,0.0023604895079561,0.6923081064690633,,3,1,0.1,4.090185797276936,0.9163311908416024,1.02375639094349,0.6144059647585131,0.3999992222974465,0.4444435803304961,1,10,1.4046731605286094,1.7045307219693735,0.8,0.9163311908416024,0.9163311908416024,1,False,False,False,False,1e-06,0.9,-7.582857799338141
0.2843001138926645,0.0014173335752236,60.91365396942904,4.578617613391627,0.0734796837150169,0.7196303154332715,,3,1,0.1,0.4477310252813656,0.1105300101241758,1.4626446525637664,1.0442347314353118,0.3506421431928314,0.3896023813253682,1,10,1.940581531212307,0.6434150426159783,0.8,0.1105300101241758,0.1105300101241758,1,False,False,False,False,1e-06,0.9,-2.374159597304556
0.2185360918668916,0.0050872743945992,18.84760785789518,0.5865399793797812,0.0347638455776145,0.3952676643350361,,3,1,0.1,1.2666796126641442,0.660467526146259,0.9779531103456784,1.604032010971928,1.376938088305507,1.529931209228341,1,10,0.217430074609016,0.8284820785794305,0.8,0.660467526146259,0.660467526146259,1,False,False,False,False,1e-06,0.9,-3.1333917175861394
0.2872545005289028,8.61138525754934e-05,2223.3109982052947,-0.0120901108135197,0.0036314100515449,0.3751186560688239,,3,1,0.1,0.397930912459727,0.2047260771560678,1.508389593610317,0.6327964310878547,1.4992408413696043,1.665823157077338,1,10,0.4683935865422861,0.8867432236822004,0.8,0.2047260771560678,0.2047260771560678,1,False,False,False,False,1e-06,0.9,-0.6955901830744846
0.1283512173314398,0.0073287630338732,21.86046345294045,1.056029893499625,0.0182772001061177,0.7665377192945225,,3,1,0.1,2.313728498467732,0.4267195458860864,1.0866609643456993,0.5731190780625314,0.2741105197384265,0.3045672441538072,1,10,0.970412816412763,0.5290130505489967,0.8,0.4267195458860864,0.4267195458860864,1,False,False,False,False,1e-06,0.9,-6.670964171974214
0.2539355470602902,0.010749751493782,11.679884437551513,0.5401495198186975,0.0817874959357935,0.3521630653859584,,3,1,0.1,1.2002738539756517,0.6383636046155041,1.5263955182748286,1.1443841413435132,1.6556342741781604,1.8395936379757336,1,10,0.906751364076776,0.9932791173353924,0.8,0.6383636046155041,0.6383636046155041,1,False,False,False,False,1e-06,0.9,-1.9381905638374728
0.4307729546816543,0.0003507405616138,511.4450449026968,2.2598707098005275,0.0116146402044176,0.5272792353950416,,3,1,0.1,0.3315342373612738,0.1540095827220046,1.865092351231151,1.2860507864822008,0.8068754837760926,0.8965283153067696,1,10,0.8360101476652448,1.0283827189591035,0.8,0.1540095827220046,0.1540095827220046,1,False,False,False,False,1e-06,0.9,-9.921590469605553
0.4250621389516186,0.0051856702195638,169.68485746079202,1.0524390402304422,0.0306324607714774,0.5246919421554374,,3,1,0.1,0.7347496058003602,0.3339227869711214,0.5181610106983859,0.6403858450268342,0.8152922080388638,0.9058802311542932,1,10,0.4057034644426697,1.4390918619665372,0.8,0.3339227869711214,0.3339227869711214,1,False,False,False,False,1e-06,0.9,-8.408632433910757
0.6358474273528032,3.2055448407112035e-08,4863151.594861603,0.2254384475351881,4.186425725350565e-06,0.3791347970821233,,3,1,0.1,0.1713448234001362,0.1046450388449526,1.380246609050721,0.7104883790097396,1.4738258976135428,1.6375843306817142,1,10,1.483162533480382,1.596510505579119,0.8,0.1046450388449526,0.1046450388449526,1,False,False,False,False,1e-06,0.9,-3.913663961695191
0.5109723735440099,2.586681010873669e-05,11898.198640505385,1.968415652266685,0.000900430770529,0.362362165021537,,3,1,0.1,0.3218227041023533,0.1920065458539557,0.7755454711695486,1.371495226127195,1.5837030100714526,1.7596700111905028,1,10,0.3791056654473438,1.5408937187825658,0.8,0.1920065458539557,0.1920065458539557,1,False,False,False,False,1e-06,0.9,-1.6963234101403517
0.4678354859580887,0.0111369637716244,60.82833535925432,1.3275418067860798,0.0837012104780118,0.5103744147925963,,3,1,0.1,0.6533186762422774,0.3040420276685767,0.7306919755712518,1.5605560358781871,0.8634112798654651,0.9593458665171832,1,10,1.822718910759172,1.427055326672536,0.8,0.3040420276685767,0.3040420276685767,1,False,False,False,False,1e-06,0.9,-6.400380666130589
0.3655638271434012,0.0073916769206037,36.53344656305667,0.7470506918011055,0.0454033626923793,0.4178205631131956,,3,1,0.1,0.862637349541321,0.4796091098943112,0.9566517589636996,1.272915560939969,1.2540347207759914,1.3933719119733237,1,10,0.4973789304108063,1.4863392640626336,0.8,0.4796091098943112,0.4796091098943112,1,False,False,False,False,1e-06,0.9,-7.648657350808205
0.3808781924036668,0.0410115788499263,4.818669787857182,0.4363696071031008,0.0828399373276724,0.4645870635711314,,3,1,0.1,1.714955940190425,0.8487694499471723,1.559107642641901,1.780332613720958,1.037204176719836,1.1524490852442624,1,10,1.9866985634106729,1.9928935957261853,0.8,0.8487694499471723,0.8487694499471723,1,False,False,False,False,1e-06,0.9,-9.738659796074986
0.3787572532126333,0.0144827496568981,17.24548772491572,1.931914751496035,0.0555014756495313,0.7475900516752263,,3,1,0.1,1.6587243325995482,0.2113105238003005,1.1190764610710415,0.7893739866238506,0.3038683473425684,0.3376314970472983,1,10,0.7298109759869098,1.002712588709011,0.8,0.2113105238003005,0.2113105238003005,1,False,False,False,False,1e-06,0.9,-1.2636218242993031
0.1314013683072382,0.0039442128641384,17.02457092189939,0.6709930026924631,0.0580941699947929,0.3425181377477171,,3,1,0.1,1.0856220884538366,0.6821321998375837,1.0936562510390264,1.7043888117086372,1.7275980767561512,1.9195534186179457,1,10,0.5830173686226472,0.518090073119119,0.8,0.6821321998375837,0.6821321998375837,1,False,False,False,False,1e-06,0.9,-8.015502213432317
0.2138865391745909,0.0017291887378483,53.98271708546096,0.7408555002027387,0.0278831393480462,0.3383514919108273,,3,1,0.1,0.6925478738073038,0.445636575430248,1.4095407316216404,0.9103239076212504,1.7599557605532743,1.955506400614749,1,10,1.4325186297863326,0.7860897764260449,0.8,0.445636575430248,0.445636575430248,1,False,False,False,False,1e-06,0.9,-8.296350990941281
0.4433131105552199,0.0111354015570643,48.220616629385226,0.9634140386920664,0.0659729360705158,0.4888100501634398,,3,1,0.1,0.7625621170778576,0.3653925646736051,0.9255912036367244,1.0475507369116936,0.9412060056847722,1.045784450760858,1,10,1.6939310531232237,1.6190401549107918,0.8,0.3653925646736051,0.3653925646736051,1,False,False,False,False,1e-06,0.9,-5.577020826284017
0.268802254165095,0.0066821040475979,27.09862245357829,0.8625317080539101,0.032120408666446,0.5311717378483778,,3,1,0.1,1.191243732648252,0.4882289394180986,1.338024988395389,1.825617646075963,0.794367256145137,0.8826302846057078,1,10,0.214151681545555,0.873008057147328,0.8,0.4882289394180986,0.4882289394180986,1,False,False,False,False,1e-06,0.9,-4.396957438897632
0.3756960134714355,0.0097882817460375,19.423149977428803,2.720842076545934,-0.0024286775798792,0.8904968355262458,,3,1,0.1,1.944813953464508,0.15013716715596,1.822824816681453,0.7232189928457966,0.110671755467989,0.1229686171866545,1,10,0.9789648639205614,1.00410488536745,0.8,0.15013716715596,0.15013716715596,1,False,False,False,False,1e-06,0.9,-4.138647654168964
0.4267409046795921,7.487861652682843e-05,2634.2670455593243,1.7772264976799317,0.0019801223212207,0.418823493045069,,3,1,0.1,0.374362878760647,0.2090351059939546,1.1646661991474765,0.9272663910963128,1.2488765910826114,1.3876406567584572,1,10,0.1438397459369515,1.1615591511295906,0.8,0.2090351059939546,0.2090351059939546,1,False,False,False,False,1e-06,0.9,-3.839711517336818
0.4531097912712862,1.4025185856487218e-07,1034239.5755539353,3.338482048668516,1.4669487845856327e-05,0.3569219951286235,,3,1,0.1,0.2055779160075565,0.1312277279508072,0.6824223901600701,1.0399746934203042,1.6215593667060737,1.8017326296734155,1,10,0.3922248871159706,1.0349821670694284,0.8,0.1312277279508072,0.1312277279508072,1,False,False,False,False,1e-06,0.9,-9.876696138678929
0.2746203543852084,0.0003911441531091,528.9135737930031,0.6198978331053607,0.0091701905692445,0.4136788548622765,,3,1,0.1,0.4554852990561165,0.2520211710611715,1.8611334499810428,0.6621658346392918,1.2756006849797326,1.417334094421925,1,10,1.9388090504257147,0.9121545180414196,0.8,0.2520211710611715,0.2520211710611715,1,False,False,False,False,1e-06,0.9,-3.157487006520353
0.2101369257958607,0.0171453874188427,11.9955249415873,0.4113829017393442,0.0549827584213585,0.4576191456949494,,3,1,0.1,2.4281271429860123,0.9585255614771618,0.5983996729163078,1.6883524535371823,1.0667009312585525,1.185223256953947,1,10,0.5586292144763304,0.8124059278242575,0.8,0.9585255614771618,0.9585255614771618,1,False,False,False,False,1e-06,0.9,-2.971377681918426
0.5677164800123319,7.211471632047035e-07,222771.855747904,0.9789517669342894,7.9505147165483e-05,0.4378342564194096,,3,1,0.1,0.1946678521277342,0.1053937281617542,1.1594602201608932,0.6452712235291865,1.1555723696911306,1.2839692996568115,1,10,0.9199692454003808,1.2986968584511176,0.8,0.1053937281617542,0.1053937281617542,1,False,False,False,False,1e-06,0.9,-2.22247270397026
0.4235745395252117,0.0089933774447576,77.94361827167,0.7272220412665884,0.0557482994682187,0.4332823323523261,,3,1,0.1,0.9266437196053016,0.416481983649914,0.7207815089315431,0.7074706253566843,1.1771675482677189,1.3079639425196876,1,10,0.7378438006117088,1.9465808713134896,0.8,0.416481983649914,0.416481983649914,1,False,False,False,False,1e-06,0.9,-1.5388516735149125
0.2447907596556355,0.0109467868795872,4.9508413061637135,0.3073281764961589,0.0083428287384194,0.6131211151752579,,3,1,0.1,3.2473372120531248,0.9855371971626664,1.6911596082544391,0.6061390558958094,0.56789920902127,0.6309991211347444,1,10,1.996199062871021,1.1983779674978914,0.8,0.9855371971626664,0.9855371971626664,1,False,False,False,False,1e-06,0.9,-7.246289169651664
0.3503747617234814,0.0163966062757259,24.76594805317376,0.6800129105415833,0.005441814323688,0.7214454457745298,,3,1,0.1,4.083836562381662,0.5169644697434354,0.7662957838042324,0.5865900197701819,0.3474955733260987,0.3861061925845541,1,10,0.3494307406702125,1.388079737056139,0.8,0.5169644697434354,0.5169644697434354,1,False,False,False,False,1e-06,0.9,-2.4542342503648493
0.3856542495508582,0.0159406079336529,49.27437742314897,0.931532867376112,0.099569820902851,0.4542356297797737,,3,1,0.1,0.8725164765537541,0.4331650664048614,0.5580687372279547,1.4312032267749528,1.0813505172113986,1.2015005746793317,1,10,1.7497667968297672,1.303058509071091,0.8,0.4331650664048614,0.4331650664048614,1,False,False,False,False,1e-06,0.9,-3.990287122406265
0.2219742083723153,0.0257797521732691,7.278436434940146,0.7082426882858928,0.0864120702730772,0.5700984756782487,,3,1,0.1,1.600692843177413,0.6285425402931177,1.2948711122815113,1.98004888222084,0.6786746297282517,0.7540829219202796,1,10,1.4575958859054945,0.7313910266722452,0.8,0.6285425402931177,0.6285425402931177,1,False,False,False,False,1e-06,0.9,-9.624156438711733
0.2751155544020017,0.0042341648672812,6.7310427231214005,0.3306729494748333,0.0118709121089613,0.4222567235229126,,3,1,0.1,1.6045871340807527,0.85954683712454,1.6731697118871829,0.8554964248398882,1.2314047825958745,1.3682275362176382,1,10,0.1012043921214688,1.5396906948030185,0.8,0.85954683712454,0.85954683712454,1,False,False,False,False,1e-06,0.9,-8.628858041478134
0.3405875628307405,0.0083028898446981,29.407589169877653,2.453128537614342,-0.0192480413729923,0.9304233644454936,,3,1,0.1,3.582061795291473,0.1867820279288139,0.926536678360545,0.5608178014658171,0.0673015902135851,0.0747795446817612,1,10,1.2541620518407597,0.8789556469668824,0.8,0.1867820279288139,0.1867820279288139,1,False,False,False,False,1e-06,0.9,-9.968864021387844
0.4561983631296643,5.42993704439716e-05,3467.724047628542,1.3184165315018936,0.0013514823378257,0.3456770017245628,,3,1,0.1,0.3718029674959445,0.2344483103340723,0.8229603409069757,1.6856503964501144,1.7035865721756187,1.8928739690840208,1,10,0.2966740704444263,1.7590420691269275,0.8,0.2344483103340723,0.2344483103340723,1,False,False,False,False,1e-06,0.9,-3.4121207376299107
0.2846455367350891,8.9024513409163e-12,1218063512.282648,6.4228768817851805,2.7540269051877416e-08,0.475217884868548,,3,1,0.1,0.0994541545619112,0.0518932356016011,1.1176682893079763,0.6924893334027167,0.9938681153571328,1.1042979059523697,1,10,0.5027414784319987,0.5748094919555558,0.8,0.0518932356016011,0.0518932356016011,1,False,False,False,False,1e-06,0.9,-8.215695088942981
0.3125514624683272,0.0123435142957975,22.79459713818682,0.7417840806543451,0.0618633084923451,0.4865712510842817,,3,1,0.1,1.0093096972119753,0.4789138786882882,1.0502107020511808,0.8705425094564844,0.9496777152255266,1.055197461361696,1,10,1.7907285124862913,1.1267431220326076,0.8,0.4789138786882882,0.4789138786882882,1,False,False,False,False,1e-06,0.9,-5.985410400669932
0.5655282450250168,0.0012169296119458,331.58313511198924,1.5389366290505406,0.0196681393322669,0.4146040252502597,,3,1,0.1,0.4238825112515979,0.2403307193021586,1.3565545669124208,1.843262620910995,1.2707459290988552,1.4119399212209502,1,10,1.6916541159478926,1.9851397500673933,0.8,0.2403307193021586,0.2403307193021586,1,False,False,False,False,1e-06,0.9,-5.409117781215968
0.3766570237961881,0.0015014144847801,160.84511395847215,1.1164722161244685,0.0206640497561186,0.4046870150543915,,3,1,0.1,0.5377904060927995,0.3115314705433172,1.217670087973381,1.0351898533627808,1.3239408889337276,1.4710454321485862,1,10,0.7091511829877806,1.2219799910756342,0.8,0.3115314705433172,0.3115314705433172,1,False,False,False,False,1e-06,0.9,-7.863558195128911
0.3641053527822168,0.05938605900696,14.538457242963046,0.4441985480116543,0.0097729738456357,0.7107426460031384,,3,1,0.1,-73.66290527351703,0.8046852717596179,0.5155080749219121,1.7465652368010316,0.3662811287055172,0.4069790318950191,1,10,1.853030455028589,1.3826974223983557,0.8,0.8046852717596179,0.8046852717596179,1,False,False,False,False,1e-06,0.9,-1.9052627568379723
0.4861850346190326,6.908233050263319e-06,26905.159323537835,3.026303332251024,0.0004253885413142,0.3754038035169919,,3,1,0.1,0.2506411776809108,0.1536655533986795,1.342082240806482,1.8011575858636,1.497418437342134,1.663798263713482,1,10,1.3366709964834902,1.1443064626194068,0.8,0.1536655533986795,0.1536655533986795,1,False,False,False,False,1e-06,0.9,-5.013447203980404
0.4444926780391398,0.0046179353429431,58.02279673687485,0.9276303863155922,0.046402830343194,0.3699100963729895,,3,1,0.1,0.6118618177104614,0.376581073739828,1.6025871279012731,1.855599370696068,1.5330236152638226,1.7033595725153583,1,10,1.7867057186545467,1.9587668428405165,0.8,0.376581073739828,0.376581073739828,1,False,False,False,False,1e-06,0.9,-9.52656673333042
0.1781513193588546,0.0118696483589638,16.60657160907626,0.8829779965797897,0.0360752397780879,0.6742640399492205,,3,1,0.1,3.1030391106628525,0.4661776147909471,1.3032584075158389,0.6723914583674739,0.4347886683498351,0.4830985203887056,1,10,1.9768698418554265,0.6632488964333247,0.8,0.4661776147909471,0.4661776147909471,1,False,False,False,False,1e-06,0.9,-1.791001556867302
0.3919999254688244,0.0396210474752354,25.311507251101,0.468147121791259,-0.0433918500007068,0.9377805049411584,,3,1,0.1,-0.5919114310070434,0.6753088728873777,0.5605055389612191,1.5458595121246823,0.0597128488573895,0.0663476098415439,1,10,0.3960446697059856,1.773930881102454,0.8,0.6753088728873777,0.6753088728873777,1,False,False,False,False,1e-06,0.9,-0.5263766886250476
0.3099595288965728,0.0272871891884436,5.051334344057368,0.4216621751327727,0.0621969252047829,0.4776696086685403,,3,1,0.1,1.7071182620042475,0.8195065811214037,1.6746096320137165,1.2539601241036864,0.9841475020959916,1.093497224551102,1,10,1.5862138889639528,1.3800980630370183,0.8,0.8195065811214037,0.8195065811214037,1,False,False,False,False,1e-06,0.9,-9.259081166385368
0.2417033749821666,0.0127634403326215,12.928992035248225,0.5487186368336248,0.067313241210306,0.4562525192334208,,3,1,0.1,1.163964744292352,0.5706963371037926,1.83992757727976,0.9352755251141146,1.07259184784809,1.191768719831211,1,10,1.8115064121507185,0.9626978126606268,0.8,0.5706963371037926,0.5706963371037926,1,False,False,False,False,1e-06,0.9,-4.872075377565044
0.1515089622369589,0.0075844655497667,19.880163909588788,1.9078841134237512,0.0285043671633061,0.8180401773674851,,3,1,0.1,1.755104758669396,0.2671642569128421,1.1209158782306408,0.7602424066516087,0.2001904611779188,0.2224338457532431,1,10,1.3994149653999417,0.5141682048143312,0.8,0.2671642569128421,0.2671642569128421,1,False,False,False,False,1e-06,0.9,-7.349080556151022
0.2765857550559176,0.0225366680186742,7.104632919824913,0.4599582679312122,0.0115264714703739,0.6926372878616596,,3,1,0.1,3.2594345875115764,0.8006895892639082,1.1957630314803145,1.6380510463417222,0.3993813873037645,0.4437570970041828,1,10,0.5580147252478617,1.015895658498018,0.8,0.8006895892639082,0.8006895892639082,1,False,False,False,False,1e-06,0.9,-8.987023786879497
0.2484646898502409,0.0239142738979049,7.749070241193316,0.4398799799338026,-0.0149357484080495,0.8942233249334519,,3,1,0.1,-27.213398986468984,0.8335082063526241,1.0275280321267326,1.9448635050577008,0.1064599914870013,0.1182888794300014,1,10,0.6056994740193022,0.8868942553531386,0.8,0.8335082063526241,0.8335082063526241,1,False,False,False,False,1e-06,0.9,-5.464176517607609
0.1646826398860955,0.0118972138108638,6.123903691271687,0.3968077680606793,0.0711744056116083,0.386328038653785,,3,1,0.1,1.683962692396083,0.8983029549375738,1.9552861288848609,1.2269227623602017,1.4296264054148848,1.5884737837943164,1,10,0.9950362806104012,0.683539387493002,0.8,0.8983029549375738,0.8983029549375738,1,False,False,False,False,1e-06,0.9,-4.325770360664127
0.4007195323842427,0.0234349115358753,12.078417156495853,0.6892812875838747,0.0911868735718802,0.4730061427983231,,3,1,0.1,1.0669704853981594,0.5130490604210819,1.6278497417713529,1.3071389456757352,1.0027237039154806,1.1141374487949784,1,10,1.741115015295667,1.6939269555946663,0.8,0.5130490604210819,0.5130490604210819,1,False,False,False,False,1e-06,0.9,-5.258709356021617
0.6344805696976862,4.094882776411821e-11,1534469275.8799822,5.221267405220553,1.3216234425302093e-08,0.3461449716183454,,3,1,0.1,0.1291091014432561,0.0838899837550148,1.198958217473591,1.9850864319189487,1.7000666593311882,1.8889629548124311,1,10,0.546340987562612,1.3726439037056033,0.8,0.0838899837550148,0.0838899837550148,1,False,False,False,False,1e-06,0.9,-7.091785343938632
0.6629228631676526,0.0117621975968873,20.134891347452506,1.863349793064376,0.0300025711104679,0.7823564161957461,,3,1,0.1,0.7824762836594131,0.1604103459556642,1.7036905409110563,1.7175152843147918,0.250370830185432,0.2781898113171467,1,10,0.6174842251062146,1.9267951946343669,0.8,0.1604103459556642,0.1604103459556642,1,False,False,False,False,1e-06,0.9,-9.92854744762702
0.385651325285762,0.02434103246549,9.661636207107984,0.5308770579807393,-0.0054534035600309,0.7672906515958614,,3,1,0.1,6.552540176769223,0.6186923801750254,1.4489728348423314,1.6370736964075694,0.2729583804105014,0.3032870893450016,1,10,0.3638779070528821,1.6464080756425612,0.8,0.6186923801750254,0.6186923801750254,1,False,False,False,False,1e-06,0.9,-3.4327856053122288
0.3240088887690628,0.0153646092566829,16.486368066011764,0.6148043586621883,0.0263048609726647,0.6114659974840794,,3,1,0.1,1.8333741263218888,0.490632069326408,1.75985374503034,0.5857813890936663,0.5718725222712536,0.6354139136347262,1,10,1.6022549602678748,1.4932391408160175,0.8,0.490632069326408,0.490632069326408,1,False,False,False,False,1e-06,0.9,-2.480968514811657
0.2270530949870274,0.0428215147227696,8.536574075700193,0.4860295009062242,-0.0127244217963112,0.842324462525047,,3,1,0.1,-3.5499092700609167,0.8224124551118556,0.5774316250180869,1.8455343949720064,0.1684718775732315,0.1871909750813684,1,10,1.998895106062314,0.7945047038899467,0.8,0.8224124551118556,0.8224124551118556,1,False,False,False,False,1e-06,0.9,-1.7792309640114627
0.1922602404521866,2.086265844900028e-05,5141.404462744439,1.145922372970589,0.0015029093998231,0.3791725663593597,,3,1,0.1,0.3212356769427526,0.1956706818289572,1.6008441233882515,0.8868966674192503,1.473589441455075,1.63732160161675,1,10,0.7539873078890659,0.5895215084024386,0.8,0.1956706818289572,0.1956706818289572,1,False,False,False,False,1e-06,0.9,-6.336588416084947
0.2662001760969056,0.0268154704534131,5.309584040975069,0.4130649816797052,0.0579291827861359,0.5124265676812287,,3,1,0.1,8.661922265434674,0.8046342407486534,1.542742376944625,0.8584308232131521,0.8563492152106246,0.951499128011805,1,10,0.687238003664806,1.1333074506773342,0.8,0.8046342407486534,0.8046342407486534,1,False,False,False,False,1e-06,0.9,-1.0446837627216272
0.1471624628366366,0.0044291522484438,8.684193269536767,0.3456065434896196,0.0314157540867122,0.3654728133860807,,3,1,0.1,1.6182184361596363,0.8670760058659751,1.8624459188852247,0.5311695385233055,1.5625634713060088,1.736181634784454,1,10,1.121426863959632,0.6688104993069368,0.8,0.8670760058659751,0.8670760058659751,1,False,False,False,False,1e-06,0.9,-3.210476254177697
0.415182772566447,0.0198189135814742,33.303587133623346,1.3286884320262702,0.1529001059135151,0.5237591366373545,,3,1,0.1,1.3692342147316074,0.3068592442107902,0.6116282497240992,0.941004689209589,0.8183471123352468,0.9092745692613854,1,10,0.9076747164446684,1.195712245951508,0.8,0.3068592442107902,0.3068592442107902,1,False,False,False,False,1e-06,0.9,-0.6374483757584013
0.2261979404037054,0.0076453596876801,23.86214004869126,1.3387687023824988,0.1371569368706654,0.4204379479672413,,3,1,0.1,1.065907960181501,0.3556264008819549,1.9119465819039203,1.7645789512316978,1.240625041938707,1.3784722688207856,1,10,0.6345841726135117,0.6715393560284089,0.8,0.3556264008819549,0.3556264008819549,1,False,False,False,False,1e-06,0.9,-0.6079855268077896
0.5157415680039121,0.1108568239203491,2.135648229966665,1.4722871248557226,0.6185920092176475,0.564985035581365,,3,1,0.1,-1.246791775752207,0.2952313979631518,1.5866528091087528,1.929681145611177,0.6929625447051129,0.769958383005681,1,10,1.6542069049972683,1.492256298899413,0.8,0.2952313979631518,0.2952313979631518,1,False,False,False,False,1e-06,0.9,-0.2482872546507248
0.5247840226585035,0.0004602730831382,183.4823291277017,3.453998970236187,0.0300949581184045,0.7366044494390108,,3,1,0.1,0.3325153187110152,0.0831116865629888,1.86375192237648,0.8213383098346068,0.3218226494361108,0.3575807215956787,1,10,1.897993376687649,1.081459906178855,0.8,0.0831116865629888,0.0831116865629888,1,False,False,False,False,1e-06,0.9,-4.552684881407556
0.1992922207976316,0.0239275427624439,5.631169703745117,0.4843313786201496,0.1000579917317397,0.4492634781903189,,3,1,0.1,1.903075042665059,0.8773033744458957,1.1822879418428125,1.8708558440167748,1.10327879672146,1.225865329690511,1,10,1.542925911567279,0.7301358557889941,0.8,0.8773033744458957,0.8773033744458957,1,False,False,False,False,1e-06,0.9,-4.391830000772067
0.3860311649680337,0.0046480586650542,34.17302136955993,0.7835663355427667,0.0385986300039648,0.3682387580567223,,3,1,0.1,0.7683710965614415,0.4461988129066077,1.770947267383439,1.9879789789528912,1.5440664658698606,1.7156294065220674,1,10,0.5046522441110523,1.732899469171432,0.8,0.4461988129066077,0.4461988129066077,1,False,False,False,False,1e-06,0.9,-3.218324441118554
0.2198879899612214,0.0378620929959092,4.67086782742277,0.5757860495422066,-0.0207276574389207,0.8832151308732316,,3,1,0.1,-2.8901827987828543,0.725441910546747,1.3569406097018737,1.9021235289658829,0.1190042816750358,0.1322269796389287,1,10,1.4153452893532037,0.7432119145838298,0.8,0.725441910546747,0.725441910546747,1,False,False,False,False,1e-06,0.9,-1.7420989612518252
0.2565341724111371,0.0224964889228216,11.744798251996546,0.8442656894729929,0.0141248021156475,0.7632395361023688,,3,1,0.1,2.759662584264081,0.521518741376906,1.0007154766038124,1.6949257570976746,0.2791841976583461,0.310204664064829,1,10,0.7169625151005556,0.7800791020317008,0.8,0.521518741376906,0.521518741376906,1,False,False,False,False,1e-06,0.9,-8.33053439692624
0.3632416559041862,0.063589349360195,6.977335817864037,0.4231586863980512,0.0067942846315161,0.7161707298047882,,3,1,0.1,-2.20983231996816,0.839605950647143,0.8010541299646674,1.7390232691763368,0.3566835847163421,0.3963150941292689,1,10,1.129207651709437,1.4167386829583244,0.8,0.839605950647143,0.839605950647143,1,False,False,False,False,1e-06,0.9,-0.9058874934119244
0.3539300702837084,0.0018697366232315,105.37570957290166,0.6017787057462607,0.0088074579878479,0.457426608267744,,3,1,0.1,0.9209672891569016,0.4595189439684117,0.7180030774497308,1.2140262044602963,1.067528743918644,1.1861430487984934,1,10,0.0619375675529324,1.949178801523827,0.8,0.4595189439684117,0.4595189439684117,1,False,False,False,False,1e-06,0.9,-4.818706121898777
0.3843949850768253,0.005331387192361,58.82154824475811,1.3835496641150835,0.0195931800724309,0.6720514108055425,,3,1,0.1,0.9440823224237048,0.2748043079244622,1.0910300993798991,0.6326395161405847,0.4391832611752589,0.4879814013058432,1,10,0.2011738710617285,1.1383227776451348,0.8,0.2748043079244622,0.2748043079244622,1,False,False,False,False,1e-06,0.9,-5.009331983471905
0.5801249183147907,6.2460202857026735e-15,4409497416588.188,3.6648068525843662,9.91650343321991e-12,0.367108884077178,,3,1,0.1,0.0872544026362349,0.0540535818672432,1.1502348297228373,1.6434438244113994,1.5515887221372475,1.723987469041386,1,10,1.0129194212285055,1.4968998829151967,0.8,0.0540535818672432,0.0540535818672432,1,False,False,False,False,1e-06,0.9,-1.481184494487211
0.2456019581725286,0.0028324698328651,17.402185371177847,0.296302558507081,0.0090283655760941,0.3838253234335048,,3,1,0.1,1.7713946516735084,0.9982826494695356,0.561582680865591,1.299925787014227,1.4448166263472688,1.6053518070525208,1,10,0.06932075020265,1.272723339063793,0.8,0.9982826494695356,0.9982826494695356,1,False,False,False,False,1e-06,0.9,-7.282142597681056
0.2183366181576122,0.0327869456840596,3.9868008612523393,0.4187768642427466,-0.0233800887378024,0.9338910043008724,,3,1,0.1,-26.38673126268738,0.915686586408584,1.5469712589883025,1.9807300825562133,0.0637098931836871,0.0707887702040968,1,10,1.714237362042743,0.7806106163324983,0.8,0.915686586408584,0.915686586408584,1,False,False,False,False,1e-06,0.9,-8.48267475856379
0.3467609792428704,0.0015918281108048,137.2550646901282,1.8177735079379755,0.0330341942469196,0.5430492831835424,,3,1,0.1,0.4590171786004691,0.1942583527645565,1.5011317118061696,1.000829197880612,0.7573081447118194,0.8414534941242438,1,10,0.8572148884458962,0.908824760149968,0.8,0.1942583527645565,0.1942583527645565,1,False,False,False,False,1e-06,0.9,-3.1260789626411274
0.1994851859900523,0.0202215781705006,7.17643573586917,0.6490746951721309,-0.0055886500915381,0.8432493772152326,,3,1,0.1,7.114567249760745,0.6360047315867302,1.9511747095518743,1.242589224394155,0.167299928488749,0.1858888094319434,1,10,0.8001026098852766,0.7477722234805388,0.8,0.6360047315867302,0.6360047315867302,1,False,False,False,False,1e-06,0.9,-7.962339663701258
0.6630424327286643,7.042755783581926e-07,551878.7469014822,3.413046533450089,5.344755078989819e-05,0.4028561728449992,,3,1,0.1,0.2059397590120875,0.1218839415079327,0.7334366859054338,1.8805331835265309,1.3340479324026129,1.4822754804473477,1,10,0.3656316381477265,1.6881665806940314,0.8,0.1218839415079327,0.1218839415079327,1,False,False,False,False,1e-06,0.9,-9.26248874354858
0.3977239984355422,0.0525254286411624,16.462701468197512,0.5180275811306096,0.1197114219482798,0.4740285620345285,,3,1,0.1,5.4880688879396144,0.7567365387336557,0.6156120083167201,1.6738109615825,0.9986197712163248,1.1095775235736942,1,10,0.878512711117654,1.7883617941944396,0.8,0.7567365387336557,0.7567365387336557,1,False,False,False,False,1e-06,0.9,-0.924322736141212
0.2022678557834574,0.0155729738131066,5.0417920855181535,0.3852495044338354,0.0835882541198269,0.3503955623088392,,3,1,0.1,1.5924521979374595,0.9789001540418512,1.681720072620065,1.4497613102202989,1.6685256801475652,1.853917422386184,1,10,1.8512485319577616,0.819353999772348,0.8,0.9789001540418512,0.9789001540418512,1,False,False,False,False,1e-06,0.9,-9.830395390649448
0.3265469237214916,0.0066884878091619,38.387553355808414,0.6627531528002651,0.0461938529814223,0.4149017422101174,,3,1,0.1,0.9280471167818064,0.4663432729252477,0.9597518531212604,0.684785286033701,1.2691882883061407,1.4102092092290452,1,10,1.7668875780036182,1.314181797291256,0.8,0.4663432729252477,0.4663432729252477,1,False,False,False,False,1e-06,0.9,-2.342490310527582
0.3872905774247939,0.0435010818417696,6.445670636166408,0.4225662440195522,0.0480632529560197,0.5574984758263891,,3,1,0.1,2.26502603129266,0.8397388759254849,1.1629354680060384,1.92155903282999,0.7143541893382137,0.7937268770424597,1,10,1.193112143562712,1.8717326107336263,0.8,0.8397388759254849,0.8397388759254849,1,False,False,False,False,1e-06,0.9,-6.523860102767208
0.3236135747492378,0.016091288999076,10.020406019609934,0.3814439358771483,0.0388065922240945,0.458753151876424,,3,1,0.1,1.6339581384801836,0.7659405648094462,1.1559422889852982,0.6884235408102466,1.0618393820701992,1.1798215356335546,1,10,0.8945251205392664,1.896434347670828,0.8,0.7659405648094462,0.7659405648094462,1,False,False,False,False,1e-06,0.9,-4.847727421481235
0.3036474215758637,0.0111035468910373,18.555930629715952,0.4414781322660303,0.0289209231533459,0.4777130776256836,,3,1,0.1,1.9613732138979847,0.7249285381066465,0.7055955166480423,0.7606301868570284,0.9839760562410288,1.093306729156699,1,10,0.2317731445856803,1.429465657285713,0.8,0.7249285381066465,0.7249285381066465,1,False,False,False,False,1e-06,0.9,-2.268128910981827
0.4340118509681053,0.0056425534140047,25.337838058655183,3.039059530885975,0.0848610670142614,0.7238190689462413,,3,1,0.1,0.5252028485667258,0.139717474677026,1.981086285265048,1.653491859991899,0.3434046554068387,0.3815607282298208,1,10,1.375932732502002,0.9704315302517754,0.8,0.139717474677026,0.139717474677026,1,False,False,False,False,1e-06,0.9,-9.95846739578506
0.1566068988936783,0.0198172925707845,5.1946016326985545,0.4542637103213723,0.1133482567827256,0.4161948272130468,,3,1,0.1,1.987170261474942,0.9247619694380234,1.3391932823239088,1.7644924816956626,1.2624487887719404,1.402720876413267,1,10,1.9132117407568696,0.6108988784629868,0.8,0.9247619694380234,0.9247619694380234,1,False,False,False,False,1e-06,0.9,-3.2496170490430387
0.3577256954330596,0.0100574141205282,35.95469981884098,0.5439554690695602,0.0401991623969917,0.4383321515122316,,3,1,0.1,1.0775368715582123,0.5697731452495131,0.7347106083850994,0.779268773090002,1.1532374750403995,1.2813749722671106,1,10,0.4620023490352756,1.842750124238596,0.8,0.5697731452495131,0.5697731452495131,1,False,False,False,False,1e-06,0.9,-7.592529584358757
0.5822651908403761,2.6149141697918093e-12,13664109712.90794,5.142957460242313,3.887817544001835e-09,0.4232076702294506,,3,1,0.1,0.0993601373856284,0.0544743539458392,0.6779668348794319,0.7333685684541853,1.226615520725432,1.362906134139369,1,10,1.582326558089293,1.0903107706945012,0.8,0.0544743539458392,0.0544743539458392,1,False,False,False,False,1e-06,0.9,-0.8077565550699877
0.3473107775081935,0.0420955897548589,15.05306006979739,0.8151569886124576,0.0670378099802537,0.647065389249615,,3,1,0.1,1.9211247063713592,0.5157427628900845,0.6125273864963385,1.8700191494425995,0.4908949774669709,0.54543886385219,1,10,1.6668380172375667,1.0684321853760317,0.8,0.5157427628900845,0.5157427628900845,1,False,False,False,False,1e-06,0.9,-3.950469889838529
0.2208895526311565,0.0157250294103027,8.500386492987213,0.5908837408075396,0.0051324359520497,0.7706200370334673,,3,1,0.1,4.554085835843823,0.6986632381636976,1.5555662031868698,1.7499731350811345,0.2678907331096478,0.2976563701218309,1,10,0.4255840697518636,0.7528367451332736,0.8,0.6986632381636976,0.6986632381636976,1,False,False,False,False,1e-06,0.9,-7.087491460940989
0.2305381207833259,0.0254994547501361,5.199809959819,0.4670651234471735,0.1193697589442187,0.4050377959988295,,3,1,0.1,1.9592528424516955,0.8247262746314798,1.647970444566184,1.4474298753207255,1.322014856121232,1.4689053956902576,1,10,1.6138983242400282,0.8766313195164012,0.8,0.8247262746314798,0.8247262746314798,1,False,False,False,False,1e-06,0.9,-1.9195465911591023
0.3162816541373794,0.009732209853363,21.30992492184848,0.4638544840637641,0.0054911360688886,0.6669156364283952,,3,1,0.1,2.638394764410995,0.6676766588112811,0.7518096237894316,0.8157787722897976,0.4494960244445106,0.4994400271605674,1,10,0.1575957400510227,1.4825572448221755,0.8,0.6676766588112811,0.6676766588112811,1,False,False,False,False,1e-06,0.9,-5.564473516349384
0.1621756255202723,0.0142880367707045,10.808315113419996,0.9952566547424267,0.1090385621722923,0.5686412512612145,,3,1,0.1,1.1713010817904723,0.4554366919313972,1.756457038070855,1.575626098971183,0.6827202089258394,0.7585780099175993,1,10,1.4806013416699777,0.5671983365168967,0.8,0.4554366919313972,0.4554366919313972,1,False,False,False,False,1e-06,0.9,-6.089492363132717
0.6205373807896608,0.0221186982387956,10.536266538718966,1.8532153447173327,-0.0416203123436301,0.8894147156458635,,3,1,0.1,3.198779968816807,0.1579523299248581,1.712972250789189,0.9975263684999948,0.1119014045618188,0.1243348939575765,1,10,1.2633942344083433,1.8387322518886693,0.8,0.1579523299248581,0.1579523299248581,1,False,False,False,False,1e-06,0.9,-2.295270262055485
0.183010554183483,0.0016390644472109,56.612397256720605,0.6895220608949065,0.0223936639733509,0.3461133203593894,,3,1,0.1,0.8500646261057286,0.538758056377118,0.5471751681406143,0.5055615943832705,1.7003044293859546,1.889227143762172,1,10,0.5310209270542827,0.6938192578151617,0.8,0.538758056377118,0.538758056377118,1,False,False,False,False,1e-06,0.9,-9.276323023015417
0.2738746447708822,0.0194797143358461,14.4426101508623,0.5613036863485469,0.0649565145259566,0.4823742616898963,,3,1,0.1,1.491466025303161,0.7110334298272156,0.7377597056454608,1.835522830132181,0.9657711894640484,1.0730790994044983,1,10,0.6888766330983518,0.9989464211837862,0.8,0.7110334298272156,0.7110334298272156,1,False,False,False,False,1e-06,0.9,-8.38773572802401
0.7095859127772312,4.99193023462537e-10,267243761.7184949,-0.4671987633831773,1.2028991186542573e-07,0.3782204752541753,,3,1,0.1,0.1370437907011729,0.0845725958186741,1.0376637841069152,0.5386392645410564,1.4795644574640583,1.6439605082933983,1,10,0.7580100879840626,1.762770192318671,0.8,0.0845725958186741,0.0845725958186741,1,False,False,False,False,1e-06,0.9,-6.866298119687933
0.3565097042513057,0.0349818887792204,8.571404972658835,1.0071049031927404,0.0751627061541004,0.6502824550462163,,3,1,0.1,2.3225837434318075,0.4311842301202539,1.2757270966870569,1.7099612663953911,0.4840139665709356,0.5377932961899284,1,10,0.9775743665224764,1.036821315161649,0.8,0.4311842301202539,0.4311842301202539,1,False,False,False,False,1e-06,0.9,-1.708985206461854
0.4282455024490527,0.0006867027828016,680.5237505784022,0.9792700187979918,0.0091958550066797,0.3905522356928001,,3,1,0.1,0.5778168333577227,0.2992225096648324,0.6097109563532274,0.5769817731696161,1.4044292613086469,1.5604769570096075,1,10,0.1822118090035493,1.695729911154716,0.8,0.2992225096648324,0.2992225096648324,1,False,False,False,False,1e-06,0.9,-1.2758188917195523
0.3110503035582635,0.0041196332452949,13.536383615635614,0.4020764854503889,0.0158770492600401,0.4028552006313919,,3,1,0.1,1.2672333715304067,0.6774359010713191,1.390294817374211,0.7335861152459924,1.3340533238479648,1.482281470942183,1,10,0.1170404901690065,1.9308778074507589,0.8,0.6774359010713191,0.6774359010713191,1,False,False,False,False,1e-06,0.9,-4.361920385298854
0.595806532324297,4.495433945261349e-12,8516243135.257339,3.666908523237016,3.648178122712969e-09,0.4142866894151727,,3,1,0.1,0.1077101065826372,0.062471121459953,1.0588280662250888,0.5980632241971033,1.2724086797731402,1.4137874219701558,1,10,0.1295511807315014,1.145458449051755,0.8,0.062471121459953,0.062471121459953,1,False,False,False,False,1e-06,0.9,-4.524496621496759
0.335815431759189,1.0525220838933342e-05,13353.19287607446,2.600603687909091,0.0006926560997125,0.3696518687107529,,3,1,0.1,0.2825048373451645,0.1727213715253451,1.3226814555063258,1.2711689686903669,1.5347232522831815,1.705248058092424,1,10,0.8706691593451316,0.8176346486283627,0.8,0.1727213715253451,0.1727213715253451,1,False,False,False,False,1e-06,0.9,-3.3682427850706285
0.2922564503965422,0.0065562474057633,16.215028314279728,0.5741563429426928,-0.0030530120101305,0.8125897479392383,,3,1,0.1,5.646817264169889,0.5589688038564228,1.83343173489822,0.5684091098173439,0.2075699666189953,0.2306332962433281,1,10,0.1107835125233557,1.3249934995184314,0.8,0.5589688038564228,0.5589688038564228,1,False,False,False,False,1e-06,0.9,-5.136872402168437
0.6241478047195305,2.15229091552888e-05,12813.502355073148,2.125564919348596,0.0009013694654631,0.5147024823902502,,3,1,0.1,0.2847282519458183,0.1272616663695663,0.8855019025778451,0.5481910534931616,0.8485829790842453,0.9428699767602724,1,10,0.0861452292086505,1.5880939393639644,0.8,0.1272616663695663,0.1272616663695663,1,False,False,False,False,1e-06,0.9,-1.7084845541720064
0.267888811418997,0.0223525984341296,5.280801677343374,0.4348219445717699,0.104097512966992,0.3552831721946292,,3,1,0.1,1.502170775973635,0.8870309545901793,1.4508706029911878,1.646143690540378,1.6331906221186498,1.8146562467985,1,10,1.9887739477171933,1.100555378567432,0.8,0.8870309545901793,0.8870309545901793,1,False,False,False,False,1e-06,0.9,-5.812655325130396
0.2484344651952726,0.0079441970518267,37.3125186820844,0.5261939787395306,0.0334572860506287,0.4530145421288394,,3,1,0.1,2.05323398477924,0.6724714693960665,0.5215908590304938,1.884217681917028,1.0866911904652186,1.2074346560724651,1,10,0.1566436891311941,0.9949578964741644,0.8,0.6724714693960665,0.6724714693960665,1,False,False,False,False,1e-06,0.9,-1.388085575178069
0.3897669823216539,0.0671204268510786,10.06648860355543,0.9167434795681167,0.2225300661520355,0.5510522783422696,,3,1,0.1,1086.5229040698623,0.4732773393799113,0.6412368915499881,1.537762408597133,0.7332388692910765,0.8147098547678627,1,10,1.587252897420765,1.204441331955432,0.8,0.4732773393799113,0.4732773393799113,1,False,False,False,False,1e-06,0.9,-0.5814793784098793
0.2951477336514987,0.0062528444760024,42.09596134647815,0.7053717257213902,0.0344281240983573,0.504877671476069,,3,1,0.1,0.900694093565598,0.4176585759310965,1.0788336038033166,0.5286032589332879,0.8826100278286121,0.980677808698458,1,10,0.8527591041518574,1.1302191533653545,0.8,0.4176585759310965,0.4176585759310965,1,False,False,False,False,1e-06,0.9,-6.712316195540314
0.3782764902928229,5.155743309275313e-05,5779.698202410798,3.3541535675854623,0.0027046689056746,0.4342469703844163,,3,1,0.1,0.2937271376928039,0.1636719775626047,0.7030836124888282,1.848232616446344,1.1725533196081404,1.3028370217868226,1,10,0.7710935774016476,0.857046735791891,0.8,0.1636719775626047,0.1636719775626047,1,False,False,False,False,1e-06,0.9,-8.333749731842188
0.201100937278075,0.0079284359851589,13.933370894459308,0.5571759208262956,0.0686164345624125,0.3720890957596456,,3,1,0.1,1.0526200025368209,0.6306464781338249,1.4947076329017228,1.0592254229715756,1.5187755305287505,1.6875283672541672,1,10,1.8963856889067048,0.7784100450344082,0.8,0.6306464781338249,0.6306464781338249,1,False,False,False,False,1e-06,0.9,-8.150585776233918
0.3712172459528306,0.0014382865379904,157.28986771419983,0.8980892630369712,0.0151148043031617,0.4746059488867776,,3,1,0.1,0.5700762898611237,0.2904566539987728,1.931924782460224,0.8325220166022379,0.99630998539107,1.1070110948789669,1,10,0.23593858477379,1.2773450514054052,0.8,0.2904566539987728,0.2904566539987728,1,False,False,False,False,1e-06,0.9,-8.675876831162489
0.6401764634421399,1.991350176871591e-07,840641.1690658045,1.6463422014702085,1.9194622286030545e-05,0.3493865699328441,,3,1,0.1,0.2003946133854197,0.1215849969705709,1.4831807816103797,1.187785874163112,1.6759433173776244,1.8621592415306936,1,10,1.7194334640483366,1.7527142422851625,0.8,0.1215849969705709,0.1215849969705709,1,False,False,False,False,1e-06,0.9,-0.967975915888001
0.3358277934792872,0.0433514073691985,3.2850276777803025,0.411143287938979,0.0833871701976137,0.4773253680565033,,3,1,0.1,2.2257318479917787,0.9230088143998704,1.926119704504505,1.8571672936712216,0.9855063238404348,1.095007026489372,1,10,1.9635068690077144,1.4496027242422485,0.8,0.9230088143998704,0.9230088143998704,1,False,False,False,False,1e-06,0.9,-4.080324352170787
0.3428265948480964,0.0081295624797511,72.70360944587696,0.8150177453473639,0.0395179200567155,0.5080534135706164,,3,1,0.1,0.9233360286280052,0.4296557543231772,0.5514596572007602,0.6413617300230819,0.871467282691341,0.9682969807681566,1,10,1.6965943958531668,1.234178154521022,0.8,0.4296557543231772,0.4296557543231772,1,False,False,False,False,1e-06,0.9,-8.201137959208593
0.5709467750892866,7.037823207930012e-07,140183.36876454134,3.5508691903971417,0.0001439650404456,0.5313132306132226,,3,1,0.1,0.1700522614115893,0.0787563692676733,0.7822178112517791,0.6713184593983352,0.7939160332244173,0.8821289258049081,1,10,1.046569989909494,1.1435519458143557,0.8,0.0787563692676733,0.0787563692676733,1,False,False,False,False,1e-06,0.9,-7.530850413829071
0.1578279038580786,0.0267218931103705,4.542875276928828,0.5021077547156877,0.1045582094317447,0.5211172941968042,,3,1,0.1,4.230361520751449,0.8325461868296915,1.5153561723533353,1.6064503550640157,0.827058399370848,0.91895377707872,1,10,1.8079857763053253,0.6075939579220101,0.8,0.8325461868296915,0.8325461868296915,1,False,False,False,False,1e-06,0.9,-1.538053276399861
0.1920777527549175,0.0146808988016048,5.914602205595937,0.4645517457538025,0.0368457389997395,0.5494075678201796,,3,1,0.1,2.213802781180552,0.8864034306494293,1.8171360309640632,1.8047893641202928,0.7381281451415479,0.8201423834906088,1,10,0.5667738119083234,0.7115309384844845,0.8,0.8864034306494293,0.8864034306494293,1,False,False,False,False,1e-06,0.9,-9.702313565219562
0.6752250714473125,1.6729703500303949e-07,763439.8669274319,2.351201805980437,2.047112711660458e-05,0.4241650299712738,,3,1,0.1,0.1747551906883371,0.0994675738754412,1.605984408140726,1.041900383648926,1.2218156528862163,1.3575729476513516,1,10,0.5524038948476142,1.6369965904271864,0.8,0.0994675738754412,0.0994675738754412,1,False,False,False,False,1e-06,0.9,-6.341982992769894
0.4533734970416937,0.002624213987617,341.04621733363865,0.9241932082006052,0.0275960491572402,0.4017465800491533,,3,1,0.1,0.5891113248839038,0.328609631517035,0.5757138848068135,0.8695235536020764,1.3402181989698223,1.4891313321886916,1,10,1.1268677508205134,1.889013280772216,0.8,0.328609631517035,0.328609631517035,1,False,False,False,False,1e-06,0.9,-3.263908718197283
0.1924405641580168,0.0094912906512513,19.31493850336751,1.4829966197810525,0.1008432517621374,0.5797653187949318,,3,1,0.1,0.8734178454222524,0.3465620616050467,1.2403585669316797,1.6661444371350147,0.6523522549963672,0.7248358388848524,1,10,1.0675202321193082,0.5794467599892851,0.8,0.3465620616050467,0.3465620616050467,1,False,False,False,False,1e-06,0.9,-8.56957168296956
0.6778885835910258,6.15193252740697e-08,543217.4817215421,5.625328746757825,3.1829304523363384e-05,0.5457322692618335,,3,1,0.1,0.1323900741617087,0.0594796438310785,1.45667215560394,1.6815801289209908,0.7491603130182405,0.832400347798045,1,10,1.3805440199341366,1.36355186915561,0.8,0.0594796438310785,0.0594796438310785,1,False,False,False,False,1e-06,0.9,-6.502361791306495
0.5459269365629899,0.0001823445513235,3885.009301212821,1.7110637096329178,0.0044670186904177,0.3830395288362838,,3,1,0.1,0.3523163661284383,0.2124744101457281,0.6263527496171505,1.5370133315472123,1.449626950341911,1.6106966114910122,1,10,1.196884328312975,1.7785987622726016,0.8,0.2124744101457281,0.2124744101457281,1,False,False,False,False,1e-06,0.9,-5.862700596095059
0.3739279998897291,0.0092871459772197,36.17106464376003,0.9212415546295172,0.0640632893167252,0.4659372815534321,,3,1,0.1,0.7869741112780311,0.3906949126561227,1.1202376058966803,1.0251056197223516,1.0315904428154052,1.146211603128228,1,10,1.1502645750683111,1.2785961394484149,0.8,0.3906949126561227,0.3906949126561227,1,False,False,False,False,1e-06,0.9,-4.840098413630262
0.2468804201926745,0.0276315998617967,5.34906064307946,0.3802550112036061,0.0244795520452002,0.6295475679190172,,3,1,0.1,4.314390393173022,0.9814387487371294,0.9896460648959232,1.3792004927909995,0.5295980889497659,0.5884423210552955,1,10,1.0666887840990873,0.9378418144866608,0.8,0.9814387487371294,0.9814387487371294,1,False,False,False,False,1e-06,0.9,-4.321557607044789
0.1332642547726047,0.0067937018549213,7.605160787237033,0.3623637408434965,0.0612561107303411,0.3382248230507952,,3,1,0.1,1.4946200827412397,0.8933728733605909,1.9551226388145595,0.9674165000460184,1.7609519427994091,1.9566132697771208,1,10,1.3340675052612363,0.5941806312731005,0.8,0.8933728733605909,0.8933728733605909,1,False,False,False,False,1e-06,0.9,-4.717618579934094
0.6576790802709442,0.014061347289378,45.334466382329694,1.9569059017947616,0.0145693757130084,0.8345231037600653,,3,1,0.1,0.9657375131926486,0.1453323981594929,0.6134920797845842,0.9823644009233168,0.1784602558574101,0.1982891731749001,1,10,1.3435721825840183,1.8482800257394307,0.8,0.1453323981594929,0.1453323981594929,1,False,False,False,False,1e-06,0.9,-8.09181399233285
0.3584652508846885,0.0171409084632221,15.219868644307768,0.5231329661931551,0.033635408260698,0.5344674314716293,,3,1,0.1,1.549673232570804,0.6437543095837436,1.0542833527117514,1.8837482729700104,0.7839192568233673,0.8710213964704081,1,10,0.3517587558854043,1.6619645545519957,0.8,0.6437543095837436,0.6437543095837436,1,False,False,False,False,1e-06,0.9,-6.864889160888951
0.3130639388289271,0.0146973720936046,11.34592194127497,0.6701661559779272,0.0792940261573207,0.4267788205380337,,3,1,0.1,1.2011688506946243,0.5674104377040893,1.925276324745521,1.579967854589371,1.2088206740563734,1.3431340822848592,1,10,0.6310111118092602,1.154154689217257,0.8,0.5674104377040893,0.5674104377040893,1,False,False,False,False,1e-06,0.9,-2.4014331144597465
0.2777491328103318,0.0016402030632004,14.221860040653532,0.4197002497406301,0.0093472247004686,0.3553866526819519,,3,1,0.1,1.0932534061988666,0.6624164666922556,1.4672700172930004,0.5109030650330456,1.6324530147884933,1.813836683098326,1,10,0.0817954973785408,1.454650848432835,0.8,0.6624164666922556,0.6624164666922556,1,False,False,False,False,1e-06,0.9,-6.0829959882554565
0.2839961922222063,0.0058906996818521,58.38616953086107,1.0474512749591691,0.0793155222209305,0.3736793253067879,,3,1,0.1,1.236512630559041,0.4150786843659282,0.6309762209867003,0.8890356124386328,1.508482190608503,1.6760913228983367,1,10,0.311298036880224,0.8773921068810251,0.8,0.4150786843659282,0.4150786843659282,1,False,False,False,False,1e-06,0.9,-0.5336794866767018
0.277089136093477,0.01938514714089,12.309864893606251,0.5931910109994233,0.0707336522789866,0.4771775067749639,,3,1,0.1,1.6077199264583284,0.6820468840816951,0.8413502280497758,1.4120499975520922,0.9860905789183362,1.0956561987981512,1,10,0.6657963240467194,0.9893900978399588,0.8,0.6820468840816951,0.6820468840816951,1,False,False,False,False,1e-06,0.9,-3.30111701257033
0.3749838382977196,0.0005649890455408,220.61010794082776,4.467800430753518,0.0335810887401887,0.6056477498145112,,3,1,0.1,0.3285535027605639,0.117938977890212,1.0987700974419483,1.8089052395460616,0.5860122906023156,0.6511247673359062,1,10,1.4922456348648487,0.7866526354495909,0.8,0.117938977890212,0.117938977890212,1,False,False,False,False,1e-06,0.9,-2.018468849452528
0.391499347585635,0.00348306614434,70.5234986560256,0.8527120680776459,0.0382769594511776,0.3625193960185934,,3,1,0.1,0.6180623680825722,0.3828988073587378,1.2603872668017702,1.4067584134645743,1.582625784673434,1.7584730940815934,1,10,1.87877662094694,1.5782292235046111,0.8,0.3828988073587378,0.3828988073587378,1,False,False,False,False,1e-06,0.9,-7.72626330267785
0.339874804345632,0.0191453611219115,11.145714513268263,0.7269065735016175,0.1353450285090716,0.3747113614546923,,3,1,0.1,1.228871061786563,0.5487461880867242,1.682026859233678,1.62342383094068,1.5018487096469375,1.6687207884965976,1,10,1.0808894049640427,1.245478102199712,0.8,0.5487461880867242,0.5487461880867242,1,False,False,False,False,1e-06,0.9,-1.1503704147103413
0.3316583281088293,0.0240768209974152,9.229832635425346,0.5438160314206357,0.0506821802245492,0.5546415951938478,,3,1,0.1,-10.097166063984972,0.5782895725790249,1.5833336340835364,0.6904294028114233,0.7226695000858147,0.8029661112064607,1,10,0.3212005333170729,1.4792532813221029,0.8,0.5782895725790249,0.5782895725790249,1,False,False,False,False,1e-06,0.9,-0.6381292343699592
0.3198875129327958,0.0214996099663277,17.0208214465345,0.4884429308699415,0.0890110005288144,0.3833965865147544,,3,1,0.1,1.332261266460426,0.7669620354731246,0.6328605560317269,1.5093566088081474,1.4474387400821709,1.6082652667579675,1,10,1.2650944414047782,1.41634710381815,0.8,0.7669620354731246,0.7669620354731246,1,False,False,False,False,1e-06,0.9,-7.186162191904888
0.2524439460780256,0.0073172071853052,5.85229356891021,0.3180479840111417,0.0190176173245875,0.4407017837702159,,3,1,0.1,1.7635035894170132,0.9015599736610814,1.822153252374172,0.5321278867205862,1.1421973160636545,1.269108128959616,1,10,1.8988694979765293,1.299881259003906,0.8,0.9015599736610814,0.9015599736610814,1,False,False,False,False,1e-06,0.9,-8.266127324049515
0.590684062779518,9.0327019031359e-05,3526.3844783503305,2.4877826365623057,0.0029079716197182,0.3990728101500921,,3,1,0.1,0.3286397261884409,0.1796896289920647,1.2003932369895742,1.855336280512943,1.3552275602577586,1.5058084002863985,1,10,0.6368452309494202,1.6548537165239834,0.8,0.1796896289920647,0.1796896289920647,1,False,False,False,False,1e-06,0.9,-1.32404152443711
0.3485054025555377,1.736780912827284e-05,6647.667196223748,2.3579046214422745,0.0009517880150926,0.3419008859319373,,3,1,0.1,0.3061278758436304,0.1931335875338759,1.965582378812048,1.9127348939676696,1.73234181902402,1.9248242433600224,1,10,1.1226042332137582,0.8950794533564728,0.8,0.1931335875338759,0.1931335875338759,1,False,False,False,False,1e-06,0.9,-2.4270205546376094
0.2301717958940988,0.0235106169054125,5.448494999964278,0.4344072151913747,-0.0087865693179019,0.832413234498917,,3,1,0.1,-2.8742916686202475,0.8102813138835872,1.898333555374876,0.7987341486396644,0.1811937661488141,0.2013264068320157,1,10,1.7104844687653062,1.0039997529023812,0.8,0.8102813138835872,0.8102813138835872,1,False,False,False,False,1e-06,0.9,-1.5005541584485336
0.3124623487683838,0.0026943924464048,95.23963348411046,1.45584693545356,0.0487214259769693,0.4504995161246658,,3,1,0.1,0.5485314511906053,0.2698229558264747,1.4044497169101535,1.2408311710564377,1.097782389961424,1.219758211068249,1,10,1.5881364028375526,0.8804195956265763,0.8,0.2698229558264747,0.2698229558264747,1,False,False,False,False,1e-06,0.9,-2.1103364352927034
0.6897058406040093,0.0003254774431743,556.3242357345382,2.1026219830553514,0.0128402485559805,0.6018190082405339,,3,1,0.1,0.2791326076468293,0.1091329953145419,1.4774644850431065,1.2518994136489423,0.5954662243574231,0.6616291381749145,1,10,1.9469980436709533,1.8310640254058128,0.8,0.1091329953145419,0.1091329953145419,1,False,False,False,False,1e-06,0.9,-9.110435215525223
0.7078372658436471,7.921571118630558e-08,3699362.3591742152,3.7389430934315326,1.1889847618661732e-05,0.4209435959665227,,3,1,0.1,0.1628750779755902,0.0929540818019009,0.6093441578099819,1.382174231999988,1.2380536694792152,1.3756151883102392,1,10,0.8501444769703561,1.6938454653774375,0.8,0.0929540818019009,0.0929540818019009,1,False,False,False,False,1e-06,0.9,-4.686837608778651
0.5691906185026383,0.0079150904846562,47.77694454510839,1.971118824318699,0.0891308389149948,0.5809705687089094,,3,1,0.1,0.5402816753545495,0.1933427587763174,1.096468887006188,1.873049455417824,0.6491318295177488,0.7212575883530542,1,10,1.525265346995595,1.5582301826995142,0.8,0.1933427587763174,0.1933427587763174,1,False,False,False,False,1e-06,0.9,-1.8361811175312184
0.4797314779046751,0.0222358569269547,59.47338279131638,0.8757887615208396,0.0360317997627464,0.6310820266310944,,3,1,0.1,1.30522277884032,0.4149939200717382,0.561018165241214,1.0064770000012189,0.5261220602406802,0.584580066934089,1,10,0.6176972448869377,1.8721245423470176,0.8,0.4149939200717382,0.4149939200717382,1,False,False,False,False,1e-06,0.9,-5.138298467920003
0.2030769861584727,0.0098953916657939,5.853077897907301,0.3451546522706427,0.0101053291247596,0.6215584964687504,,3,1,0.1,3.343952599109957,0.92516751351403,1.9203951847743943,0.5687054159623314,0.5479731274098167,0.608859030455352,1,10,1.3778712144392826,0.9394229216797008,0.8,0.92516751351403,0.92516751351403,1,False,False,False,False,1e-06,0.9,-5.650296987300533
0.4171823766241953,0.0564471817260934,4.20981472167823,0.4104751121911857,-0.0432046622364116,0.8779893578577415,,3,1,0.1,28.8987969231729,0.7476991003891345,1.6696385833173095,1.7792390593403804,0.1250693723622843,0.138965969291427,1,10,1.7965018772602193,1.8258689963917587,0.8,0.7476991003891345,0.7476991003891345,1,False,False,False,False,1e-06,0.9,-6.828459311650351
0.4652029100192553,0.0004601081066216,584.8192967052676,1.446616088271448,0.0092546862335126,0.3999528926411899,,3,1,0.1,0.4048706464040893,0.2388615314450159,1.3833131760963793,1.247782409312295,1.3502650101031213,1.5002944556701348,1,10,1.043113656224703,1.421509931996734,0.8,0.2388615314450159,0.2388615314450159,1,False,False,False,False,1e-06,0.9,-9.480227582570102
0.6696493431873054,0.0114269741802417,24.0011815257697,2.554043649654618,0.0134042042668923,0.8876084678903682,,3,1,0.1,1.1310615116911045,0.110344169014467,0.7196397600315413,1.2001272524463809,0.1139605834755987,0.126622870528443,1,10,1.2320176902897009,1.6028702730742352,0.8,0.110344169014467,0.110344169014467,1,False,False,False,False,1e-06,0.9,-6.602798783658143
0.2000140023234671,0.0147794034776259,12.961068862919706,0.8396501954051899,0.0084963405396176,0.7962325186451638,,3,1,0.1,3.531507277496876,0.5481197524611541,1.1589034245833851,1.8281294070008285,0.2303230889532152,0.2559145432813502,1,10,0.4913073837250047,0.6374990790899484,0.8,0.5481197524611541,0.5481197524611541,1,False,False,False,False,1e-06,0.9,-8.987632422162186
0.7257848172921451,9.778124836497202e-08,695367.8944980374,3.692277535356178,2.6672826544792084e-05,0.486647282623751,,3,1,0.1,0.144889499288606,0.0722441939990819,1.4711040045268993,1.6321453624775233,0.949388730062694,1.0548763667363268,1,10,1.8150439287005604,1.6342708168391125,0.8,0.0722441939990819,0.0722441939990819,1,False,False,False,False,1e-06,0.9,-2.3856717370761835
0.3104502966357968,0.0164343552553351,8.606299290488096,0.5763848188173196,0.0755455777002939,0.4111508590308317,,3,1,0.1,1.201363196100981,0.6653534888337791,1.7513781889439195,1.7466320458178854,1.2889775498012763,1.4321972775569738,1,10,0.7872942650554803,1.2247183755013842,0.8,0.6653534888337791,0.6653534888337791,1,False,False,False,False,1e-06,0.9,-7.812212764692628
0.5433950433185017,0.0185535042939812,18.49654724354715,1.5385117560219534,0.062006592773561,0.6896260366957188,,3,1,0.1,0.8139794704211507,0.2291950037066722,1.4013019312316857,1.266883425639696,0.4050551343917775,0.4500612604353083,1,10,1.3522371543499352,1.6308969996061555,0.8,0.2291950037066722,0.2291950037066722,1,False,False,False,False,1e-06,0.9,-5.488055484886513
0.3326968704805725,0.0188515694266697,7.3099833485341215,0.5005135305747755,0.1047268709900632,0.3409268740487455,,3,1,0.1,1.2180787035454377,0.6994319595622518,1.8983460170843447,1.577046942520898,1.7398622945497642,1.933180327277516,1,10,1.520309326996737,1.593145037747357,0.8,0.6994319595622518,0.6994319595622518,1,False,False,False,False,1e-06,0.9,-2.809851894944069
0.2895496695775633,0.0359559036130753,5.185555108182265,0.3830394123593576,0.0399457908447136,0.5777897885512671,,3,1,0.1,3.3669821933263084,0.9698951258409806,1.0058854979202725,1.6821928359795746,0.6576599272490314,0.7307332524989238,1,10,1.2683036320755918,1.1242469497330565,0.8,0.9698951258409806,0.9698951258409806,1,False,False,False,False,1e-06,0.9,-4.177393884529515
0.555984545502399,3.3353033083855328e-06,50893.25228874356,0.5675213368676916,0.0001687069317631,0.3637549852613186,,3,1,0.1,0.2459190112280891,0.1549227107676446,1.9979732503765084,0.9393633665541772,1.5741928948504926,1.7491032165005471,1,10,1.203594579212263,1.7845932755955154,0.8,0.1549227107676446,0.1549227107676446,1,False,False,False,False,1e-06,0.9,-8.987153348387574
0.5194083806368814,0.0001366629266166,4095.2627136575775,1.885284257490697,0.0041106639560607,0.4147785121724981,,3,1,0.1,0.321905266069423,0.1858746622322412,0.6312585789242369,1.2357026963392237,1.2698327507036042,1.4109252785595603,1,10,1.715193290549394,1.4108824348583222,0.8,0.1858746622322412,0.1858746622322412,1,False,False,False,False,1e-06,0.9,-9.882808136010151
0.444584480057911,0.0162591657932032,21.915089751368694,0.7906661661433577,0.0579208231007946,0.5103765665027716,,3,1,0.1,1.3173198491150262,0.4512103936679029,1.3252145528634625,1.1767265408005283,0.8634038454528307,0.9593376060587008,1,10,0.3868094598103631,1.897048986974376,0.8,0.4512103936679029,0.4512103936679029,1,False,False,False,False,1e-06,0.9,-1.565494302571043
0.5248855922568147,1.0776722478617178e-05,16173.6162938459,3.934425950880759,0.0011296317174533,0.5601926538746141,,3,1,0.1,0.2361713810877355,0.0942370117973534,0.5505841122261903,0.5690843115530488,0.7065901503261122,0.7851001670290135,1,10,0.209079624533418,1.0637839668990747,0.8,0.0942370117973534,0.0942370117973534,1,False,False,False,False,1e-06,0.9,-1.294283124838833
0.2871741687716284,0.019376217695926,5.434240909818081,0.3332412150746652,0.0136406553318342,0.6128301508919852,,3,1,0.1,6.508312577119579,0.9083775072020576,1.3771957259039196,0.6873429554871517,0.5685961496673001,0.6317734996303335,1,10,0.5544603928530466,1.4702620007029312,0.8,0.9083775072020576,0.9083775072020576,1,False,False,False,False,1e-06,0.9,-2.248326818829889
0.2735176153713943,0.0014763006097201,93.81917894716815,0.8479723191915788,0.0175456712820623,0.378345932469772,,3,1,0.1,0.6926516030008855,0.4187163131691304,0.7661527977666119,0.7237762930413842,1.4787754083279478,1.643083787031053,1,10,0.3004528739875909,0.9733060146498576,0.8,0.4187163131691304,0.4187163131691304,1,False,False,False,False,1e-06,0.9,-9.241653364611668
0.3383903054066214,0.0118377778214504,15.221184535017215,0.5349119809415346,0.0295115189893937,0.5205644197997256,,3,1,0.1,1.637295796648608,0.5888144444033491,1.2457492648348498,0.7578549177969027,0.8288926514536913,0.920991834948546,1,10,0.2606264991005468,1.5762262501109583,0.8,0.5888144444033491,0.5888144444033491,1,False,False,False,False,1e-06,0.9,-2.558362424950671
0.6253946001604415,0.0273870413021171,11.603015874883612,1.5416862809313128,-0.0646272451629311,0.8991041221897655,,3,1,0.1,3.3914278779367617,0.1929982155650055,1.410658751473424,1.185614639704753,0.1009964116370109,0.1122182351522343,1,10,1.0008742757374027,1.9665079507276475,0.8,0.1929982155650055,0.1929982155650055,1,False,False,False,False,1e-06,0.9,-3.944817256253241
0.2390950064902275,0.0324656933367472,5.539505348676829,0.6483235317776745,0.0041283369918727,0.7865411451380143,,3,1,0.1,3.989289612607555,0.6308304369221638,1.7338345677512872,1.5527603319048824,0.244250374647695,0.2713893051641056,1,10,1.9385564335591567,0.8183790790172876,0.8,0.6308304369221638,0.6308304369221638,1,False,False,False,False,1e-06,0.9,-8.967892899497759
0.2619636420596463,0.009000679162683,5.305571340046123,0.3145247863370179,0.0358829686202724,0.3402668570543685,,3,1,0.1,1.5897264820160346,0.9880412589686212,1.443786415360501,0.8685766797119151,1.7449828460848185,1.938869828983132,1,10,0.4615931091070269,1.33602989224351,0.8,0.9880412589686212,0.9880412589686212,1,False,False,False,False,1e-06,0.9,-8.797156895163841
0.285817754690355,0.010264764457485,26.441449126544946,1.0295068451662592,0.0284096534165467,0.6720407284556851,,3,1,0.1,1.132185533443262,0.3341370530618281,1.7812326937533884,0.7741231057789012,0.4392045480162393,0.488005053351377,1,10,0.4153835678296902,1.0440867554829447,0.8,0.3341370530618281,0.3341370530618281,1,False,False,False,False,1e-06,0.9,-6.839150541084999
0.3516525827904117,0.0303977139569851,8.528716192614601,0.5555277075271018,0.0345042685452312,0.6176135008726559,,3,1,0.1,1.8898031730597449,0.6425307124292244,1.1831998121560412,1.11512733450442,0.5572220308143306,0.6191355897937006,1,10,1.2049928697794716,1.3979133784350275,0.8,0.6425307124292244,0.6425307124292244,1,False,False,False,False,1e-06,0.9,-9.362035736673322
0.1216613148804229,0.0044707869038785,14.989364068690271,0.450992922599214,0.0324591334735387,0.4097031313903768,,3,1,0.1,2.1236930588993146,0.9383983600870146,0.6781074750996556,1.7840372749935125,1.2967125243728108,1.4407916937475675,1,10,0.2014258724316909,0.5165395130255249,0.8,0.9383983600870146,0.9383983600870146,1,False,False,False,False,1e-06,0.9,-2.590281136732981
0.3054277120953045,0.0126468537118363,11.095870914238173,0.4497483164263265,0.0616278403413281,0.3679317457517611,,3,1,0.1,1.1932446045259,0.708359052545839,1.1466335425964989,0.9538065422178066,1.5461058617301768,1.7178954019224186,1,10,1.3390759750390246,1.4738019137174976,0.8,0.708359052545839,0.708359052545839,1,False,False,False,False,1e-06,0.9,-6.782387650243695
0.338702878765217,0.0161609543665732,14.031589940627692,0.45089618110734,0.0337855990956363,0.5006171855284149,,3,1,0.1,1.61333193892952,0.7231047453889458,0.9284729925251326,1.4373161573913924,0.8977808713259124,0.997534301473236,1,10,0.3545321358023636,1.6938480434546226,0.8,0.7231047453889458,0.7231047453889458,1,False,False,False,False,1e-06,0.9,-7.073463025718468
0.4641941067358214,9.262551579343712e-07,155661.30791792573,5.732555921616461,0.0001767303066869,0.5043027767975956,,3,1,0.1,0.1809577538744597,0.0882783784052404,0.5423651647195937,1.1394056495289813,0.8846421661906089,0.9829357402117876,1,10,0.5838888149834267,0.9046077094545916,0.8,0.0882783784052404,0.0882783784052404,1,False,False,False,False,1e-06,0.9,-5.665792408542004
0.3289173069471419,0.0092724821823237,13.404635261550371,0.5225613299494644,-0.0058624011913684,0.8305280710524088,,3,1,0.1,11.502221388951096,0.5914367046915627,1.6254514279532406,0.7638528049395603,0.1836478998952551,0.2040532221058389,1,10,0.1337408411426731,1.5579662348848289,0.8,0.5914367046915627,0.5914367046915627,1,False,False,False,False,1e-06,0.9,-4.160898257666826
0.1548596562168173,0.0104665915914151,6.000527448510492,0.3955809246826424,0.063439540402351,0.3861941697816345,,3,1,0.1,2.0750312523502186,0.94810863151754,1.79445958806766,1.181554995161436,1.4304339382152926,1.5893710424614362,1,10,0.6075619731727835,0.640009986915463,0.8,0.94810863151754,0.94810863151754,1,False,False,False,False,1e-06,0.9,-2.333783429528152
0.138241263983815,0.0005653414890779,146.10322019808785,1.0413162676920509,0.0187060900031672,0.3661850538511449,,3,1,0.1,0.573898287456305,0.3529820930965133,1.4378098522424128,0.955147589742344,1.5577737145051582,1.730859682783509,1,10,0.7106004466552508,0.5151205775290427,0.8,0.3529820930965133,0.3529820930965133,1,False,False,False,False,1e-06,0.9,-6.892012200064667
0.3559227685251267,0.0169500748642665,9.744605744883463,0.5129156648076686,0.0861919990056349,0.3766885965631609,,3,1,0.1,1.0955439853322424,0.6161533312255911,1.952058587919009,1.2888059806917596,1.4892414270339964,1.6547126967044403,1,10,1.5289588259760218,1.8461410838333725,0.8,0.6161533312255911,0.6161533312255911,1,False,False,False,False,1e-06,0.9,-3.811526152324893
0.3479823140707234,0.0011919204073448,123.70035843198347,3.461346722935038,0.0381634259248514,0.6533852420635475,,3,1,0.1,0.4183952918637508,0.1364846522579659,1.0037999527176626,0.9434339256959308,0.4774415797295694,0.5304906441439661,1,10,0.775563844450394,0.7788756271728513,0.8,0.1364846522579659,0.1364846522579659,1,False,False,False,False,1e-06,0.9,-4.37036621581192
0.3992377084940892,0.0347838256959489,22.34558366732159,0.4641360604576789,-0.0093519503500132,0.7670306706331068,,3,1,0.1,5.4245222038896905,0.6800969942581531,0.6405345443900248,1.0379132578093886,0.2733559484096514,0.3037288315662794,1,10,0.8408390709627596,1.9524242231285025,0.8,0.6800969942581531,0.6800969942581531,1,False,False,False,False,1e-06,0.9,-4.848332088948504
0.3836718752801504,0.0146068762422305,38.84777419776908,0.6974728897142005,0.08712844179685,0.4041904603953237,,3,1,0.1,1.0082140153064707,0.5028431482202662,0.6899384290812295,1.0843427963864063,1.3266730370621402,1.474081152291267,1,10,1.4682791395960977,1.6252857875642892,0.8,0.5028431482202662,0.5028431482202662,1,False,False,False,False,1e-06,0.9,-2.093940940112793
0.2470049849238721,0.0070338321798072,17.94105623160726,0.3886441822536643,-0.0054867833488948,0.9153074918254548,,3,1,0.1,-8.638344214169022,0.8155958075154738,0.7455329467529999,1.8178814923243791,0.0832761209078206,0.0925290232309118,1,10,0.1098618280176468,1.0719149129124412,0.8,0.8155958075154738,0.8155958075154738,1,False,False,False,False,1e-06,0.9,-4.167987180974961
0.1449629633564859,0.0078917483607094,8.542281146080294,0.4734400963182368,-0.0049188172606808,0.933823109116034,,3,1,0.1,-15.479776685094006,0.8870578127396914,1.2439919425538657,1.4016210765280237,0.0637799613375905,0.0708666237084338,1,10,0.2814420355839983,0.560596436094956,0.8,0.8870578127396914,0.8870578127396914,1,False,False,False,False,1e-06,0.9,-6.708350145863394
0.1759110334208176,0.0167159937737506,7.546744313761208,0.4977889402988644,0.0985915088719847,0.4081337898409384,,3,1,0.1,1.540096981462295,0.8556744156729823,0.9568095620729212,1.721503923911382,1.3051592453316745,1.450176939257416,1,10,1.5421337769303387,0.6638823230663731,0.8,0.8556744156729823,0.8556744156729823,1,False,False,False,False,1e-06,0.9,-9.629017279603548
0.5140620654190838,0.0034885390378717,84.31300801419367,1.4066970100691645,0.0220980730137431,0.57361936242762,,3,1,0.1,0.638222777246842,0.2612106986118556,1.8596270774333623,1.4304685893640168,0.6689846942946651,0.7433163269940724,1,10,0.2235951249999225,1.6044952942734552,0.8,0.2612106986118556,0.2612106986118556,1,False,False,False,False,1e-06,0.9,-8.761085301100612
0.2136028903928371,2.580401858254437e-06,29059.585647224834,2.1260155244633534,0.0002851906762741,0.3436769191469419,,3,1,0.1,0.2670834632798907,0.1713593500563976,1.7889192866291668,1.2103565342275355,1.718738558975495,1.9097095099727723,1,10,1.411575386347867,0.592154766492796,0.8,0.1713593500563976,0.1713593500563976,1,False,False,False,False,1e-06,0.9,-3.998571669906728
0.2914394421170609,0.0202989750307411,4.641759068497472,0.3889301485953851,0.0816943510448084,0.3502055918666636,,3,1,0.1,1.6132160311415475,0.9291722608235404,1.6762776479313637,1.4841649305702873,1.6699189873092142,1.8554655414546823,1,10,1.0736543468632531,1.3578354938630963,0.8,0.9291722608235404,0.9291722608235404,1,False,False,False,False,1e-06,0.9,-4.408078573900872
0.4251517064057271,0.0005537689367009,304.6289371806459,0.9653039967607516,0.0079489967286799,0.3631841250154048,,3,1,0.1,0.5087823985563731,0.3074983708786226,1.2623698399756045,1.0267985120181748,1.5780818819154754,1.753424313239417,1,10,0.3450999800766873,1.843673119010924,0.8,0.3074983708786226,0.3074983708786226,1,False,False,False,False,1e-06,0.9,-3.4431527619855338
0.255704093237304,0.0076241330950497,19.830864249444737,0.5222548866218599,0.0340039279457308,0.4837346349276777,,3,1,0.1,1.1031781014764956,0.5320882784920763,1.561921732073242,0.5608314859007213,0.9605242110368168,1.067249123374241,1,10,1.180355227956274,1.1065919569004377,0.8,0.5320882784920763,0.5320882784920763,1,False,False,False,False,1e-06,0.9,-7.583156461700786
0.4085926676486141,0.0023241764596365,112.10075228116771,0.8306859678616169,0.0264461787777545,0.3814775061283693,,3,1,0.1,0.5709175827341149,0.343992713770092,1.319307953454599,1.064575210657674,1.4592478862885958,1.621386540320662,1,10,1.8966424519852725,1.6740945264850269,0.8,0.343992713770092,0.343992713770092,1,False,False,False,False,1e-06,0.9,-8.203413932649777
0.2567675439954516,0.0056730688858999,54.72629130416615,1.020877205238198,0.0499408054098088,0.4852649512921134,,3,1,0.1,0.8191565737911177,0.4008878482967948,0.6754861910502887,0.7516380634050722,0.9546569201084336,1.0607299112315929,1,10,0.7567299993688633,0.8131572899506777,0.8,0.4008878482967948,0.4008878482967948,1,False,False,False,False,1e-06,0.9,-7.675835989837162
0.3332075680146992,4.125581550038122e-05,3038.8382341966003,0.4219627901332213,0.0016184599312915,0.3343154836585448,,3,1,0.1,0.3815404825417566,0.2171233604664155,1.999549188892595,0.6405273926937292,1.792067953751196,1.9911866152791065,1,10,1.6603766971494534,1.0737616406817598,0.8,0.2171233604664155,0.2171233604664155,1,False,False,False,False,1e-06,0.9,-0.7513149835907882
0.2030375092911634,0.0211154549794612,5.432895409117276,0.4454449722665751,0.0384302209174816,0.588645777194202,,3,1,0.1,2.520017490288118,0.838400215755259,1.6638123541865593,1.133503781130677,0.6289330780386763,0.6988145311540848,1,10,1.522372223052899,0.7997506354952955,0.8,0.838400215755259,0.838400215755259,1,False,False,False,False,1e-06,0.9,-6.274257364782423
0.3554888982094186,0.0003916813925877,375.3174947509672,1.11774559960232,0.0087448774044331,0.3383134405894841,,3,1,0.1,0.4477244013649436,0.2874209671787369,1.5160024225197946,1.3278467640901774,1.7602549352807904,1.955838816978656,1,10,1.8451716413602024,1.1803856475107857,0.8,0.2874209671787369,0.2874209671787369,1,False,False,False,False,1e-06,0.9,-4.929206748610754
0.3695670971128928,0.0181959624132074,18.893757609608755,0.5571006076260575,-0.0239147239091715,0.9419927570254646,,3,1,0.1,-342.66666946157414,0.5704465271772273,1.0481060744920825,0.5540958303449507,0.0554213589093135,0.061579287677015,1,10,0.4778804338874305,1.974136173882142,0.8,0.5704465271772273,0.5704465271772273,1,False,False,False,False,1e-06,0.9,-9.005174376633253
0.3265525150687057,0.0208741249381273,7.620801422650376,0.400409545142066,0.0663175349603331,0.3891531783078367,,3,1,0.1,1.6401810913856103,0.8726162595282515,1.1176806477104169,1.5601945767090892,1.4127139907053816,1.5696822118948683,1,10,0.6760015039803248,1.715420597648995,0.8,0.8726162595282515,0.8726162595282515,1,False,False,False,False,1e-06,0.9,-4.308179283556432
0.3984366171364722,0.0096994606563601,27.84407678866992,1.2041173465661972,0.0677207559991559,0.5069091721279352,,3,1,0.1,0.7559797394182606,0.3453832894050221,1.811020091195341,1.6338691542593662,0.8754659996028945,0.9727399995587716,1,10,0.7601852515087971,1.195910124633678,0.8,0.3453832894050221,0.3453832894050221,1,False,False,False,False,1e-06,0.9,-4.833419350230061
0.2391362589093638,0.0067771453170867,11.04728478521844,0.418793377763706,0.0442675240062405,0.3414312325249293,,3,1,0.1,1.3603936826783412,0.7304913507039091,1.279882316993933,0.6377992518693675,1.735962718888897,1.928847465432108,1,10,1.7865444645885338,1.0511193158633372,0.8,0.7304913507039091,0.7304913507039091,1,False,False,False,False,1e-06,0.9,-2.051120300114744
0.3245980483129784,0.0001640535442484,1008.998202414004,1.9638993542667729,0.0056000729574316,0.4612307424236329,,3,1,0.1,0.3697774611820116,0.192974787260755,1.9572079490713263,1.2933926299513612,1.0513009806561524,1.1681122007290583,1,10,0.3150454550774548,0.8263238951366121,0.8,0.192974787260755,0.192974787260755,1,False,False,False,False,1e-06,0.9,-5.266030114973387
0.3492495945282896,0.0067207715108143,36.04200702622884,0.6320914014963654,0.0475312238697982,0.4403123045313299,,3,1,0.1,0.7480407043251841,0.4014069161569516,1.9818973301531533,0.915095127082102,1.1440037462908592,1.27111527365651,1,10,1.9826063006821504,1.45447276846752,0.8,0.4014069161569516,0.4014069161569516,1,False,False,False,False,1e-06,0.9,-7.659020034269771
0.199389307605408,0.0032936479063401,58.57990502451037,2.514905192987627,0.0064642083129313,0.8722676227172287,,3,1,0.1,2.19091552455939,0.2269129562013314,0.8161494719817433,1.3695235520548694,0.131793427338712,0.1464371414874578,1,10,0.1647744119001113,0.5331919738034965,0.8,0.2269129562013314,0.2269129562013314,1,False,False,False,False,1e-06,0.9,-8.191586731855176
0.3111463103059439,0.0178308284242434,11.69916975954186,0.6974021672302136,0.0426058338987472,0.588206401350624,,3,1,0.1,1.5151518787234468,0.5109588164436846,1.8276692132174943,1.080734944841657,0.6300751537784083,0.7000835041982314,1,10,0.5297906726123978,1.1549662755915149,0.8,0.5109588164436846,0.5109588164436846,1,False,False,False,False,1e-06,0.9,-4.030925122970222
0.4768799722529157,0.0002783197845023,1086.6196345159158,1.536076140050563,0.0077185909565025,0.4784758564037329,,3,1,0.1,0.3510089733856615,0.172658552780306,1.055330456942885,0.7445116929030536,0.980972650876222,1.0899696120846911,1,10,1.0652803544344485,1.2564172764705557,0.8,0.172658552780306,0.172658552780306,1,False,False,False,False,1e-06,0.9,-2.7879630342801667
0.442147938649703,1.630264967151159e-09,64926418.51032698,5.24728078586015,4.060040627720553e-07,0.3516687390628839,,3,1,0.1,0.1614806988723288,0.1000128174570434,0.7425859033631051,1.6745402341750977,1.6592266244599745,1.8435851382888604,1,10,0.2416787453548923,0.9080806414940994,0.8,0.1000128174570434,0.1000128174570434,1,False,False,False,False,1e-06,0.9,-1.2135247415033348
0.4011681630747812,0.0136235107758142,20.73624047046776,0.8504837637975163,0.0872283247608671,0.4100774010045946,,3,1,0.1,0.8685214819013923,0.4742855438555215,1.3596074352945755,1.8687886643464304,1.2947076278653948,1.4385640309615495,1,10,1.1357037415478446,1.5372363991916111,0.8,0.4742855438555215,0.4742855438555215,1,False,False,False,False,1e-06,0.9,-4.4365711272234485
0.4319605009990967,0.0192119770263511,15.362101487193192,0.8407876432791209,0.0347799691516185,0.6266349601214092,,3,1,0.1,1.2617523188351665,0.4125647445850489,1.9315276765230889,1.1182379855507727,0.536242880265772,0.5958254225175245,1,10,0.5108692126409102,1.704101428982074,0.8,0.4125647445850489,0.4125647445850489,1,False,False,False,False,1e-06,0.9,-5.573221783368899
0.2491044188170837,0.0043357575397964,41.8467244071412,0.857615282997151,0.0639689893988518,0.3476551730249964,,3,1,0.1,0.7952693819203291,0.4363946506848454,1.17124469154755,1.170382406005798,1.688772064482671,1.8764134049807453,1,10,1.6315257267921393,0.846847833561664,0.8,0.4363946506848454,0.4363946506848454,1,False,False,False,False,1e-06,0.9,-1.4643347765905563
0.2639679664036127,0.0183036609256389,6.860653316678026,0.3169932863562343,-0.0004353472404696,0.7443636379951853,,3,1,0.1,-2.327801591319635,0.9789871711841814,0.926206264184798,0.5716853995325424,0.3090864653517927,0.3434294059464364,1,10,1.6678018463828808,1.2685502287704655,0.8,0.9789871711841814,0.9789871711841814,1,False,False,False,False,1e-06,0.9,-1.077674005833721
0.2946400313653928,0.0274676398247243,4.912989586022721,0.472609641085442,0.1179507426941708,0.371944096295802,,3,1,0.1,1.5058832913705749,0.8426603963298573,1.6723889504035347,1.8705412263949224,1.519718471036687,1.6885760789296518,1,10,1.8758425838811563,1.1991372846165054,0.8,0.8426603963298573,0.8426603963298573,1,False,False,False,False,1e-06,0.9,-4.577043091597272
0.290038615075078,0.0091871995811575,8.881657230310942,0.4434007811074366,0.0344067008222655,0.4125201708831976,,3,1,0.1,1.3916561287151423,0.749472245250936,1.5084850861666674,1.4936901477961753,1.2817114980659434,1.424123886739937,1,10,0.2746981413977343,1.3349159648039333,0.8,0.749472245250936,0.749472245250936,1,False,False,False,False,1e-06,0.9,-6.318303666435368
0.2099433309017824,0.0166083481016838,10.989510721559498,0.6794422597018547,0.0440111585978016,0.6127801404895552,,3,1,0.1,3.116276426940297,0.605945013174859,0.9907642866722955,0.8316687786964456,0.5687160051906747,0.6319066724340829,1,10,0.6291390366343016,0.7431799629216624,0.8,0.605945013174859,0.605945013174859,1,False,False,False,False,1e-06,0.9,-1.9261405189790024
0.3470093276689548,0.0188448554594442,8.990193162089083,0.3838880427355834,-0.0107513675051225,0.8337090797962019,,3,1,0.1,9.49489606232627,0.7549510668392886,1.2565525996826403,1.2722862888155744,0.1795132520567038,0.1994591689518932,1,10,0.2936120711366278,1.8313471419749543,0.8,0.7549510668392886,0.7549510668392886,1,False,False,False,False,1e-06,0.9,-7.252961058115526
0.1467632684527996,0.0046349769354342,13.540427483616767,0.4384267899901824,0.0372479152740268,0.3462600523592396,,3,1,0.1,1.7950556464417031,0.9415805428106468,0.6307798214637709,1.1388897645635616,1.6992025180723518,1.8880027978581688,1,10,0.2404076666337165,0.6002149269034809,0.8,0.9415805428106468,0.9415805428106468,1,False,False,False,False,1e-06,0.9,-2.523488759530853
0.4351844457688189,0.034420779549772,17.079954993853317,0.633735850364859,-0.0460698244350838,0.9298295796706958,,3,1,0.1,-6.0264113262437125,0.5238727196622777,0.8808995039270948,1.9107680516827816,0.0679193044372065,0.0754658938191184,1,10,0.5445243084497974,1.5916219080475131,0.8,0.5238727196622777,0.5238727196622777,1,False,False,False,False,1e-06,0.9,-3.100653740121894
0.2917689083711001,0.0064274048548498,14.43343094498494,0.2939226390803447,0.0009958863864565,0.6868013446494197,,3,1,0.1,4.874711640136634,0.9105794034287634,0.760676102173471,0.6942019149654316,0.4104225945559386,0.456025105062154,1,10,0.0951911362372544,1.850524452601669,0.8,0.9105794034287634,0.9105794034287634,1,False,False,False,False,1e-06,0.9,-4.947601505962217
0.1154786267293501,0.0062913760903475,11.361123029862297,0.4869073481339832,0.0331742761888097,0.530106628768473,,3,1,0.1,1.924728980380517,0.7262437961409194,1.6069285795929071,0.5968226926094531,0.7977716390584506,0.8864129322871673,1,10,1.299621881120079,0.540148498530204,0.8,0.7262437961409194,0.7262437961409194,1,False,False,False,False,1e-06,0.9,-4.158837176847942
0.448073699887566,0.0411281006324135,13.75984499214165,0.835986426828244,-0.0497597699671383,0.8822816275590761,,3,1,0.1,36.01356707711078,0.4331532038691016,0.8855635231818458,1.117513481103659,0.1200824452051026,0.1334249391167806,1,10,1.5915003449526932,1.5277906352095747,0.8,0.4331532038691016,0.4331532038691016,1,False,False,False,False,1e-06,0.9,-3.615857334331243
0.3533147847145838,0.0304538736044967,8.483980562608766,1.0274530132658746,0.0135265086855646,0.7619258203349533,,3,1,0.1,-3.635067270802722,0.4138054545938718,1.5463717856881158,1.589347865067821,0.2812173521096153,0.3124637245662392,1,10,0.4926669332015319,1.025893979359971,0.8,0.4138054545938718,0.4138054545938718,1,False,False,False,False,1e-06,0.9,-0.8959334181818974
0.5383675737931802,6.42076958284248e-05,7917.805772693476,1.5477091679089818,0.0019368329881025,0.3463177732196781,,3,1,0.1,0.3281946564168219,0.2064586316990904,0.6940672222764669,1.7036717846481764,1.6987693084094404,1.8875214537882672,1,10,1.6584877667695022,1.9377192125159777,0.8,0.2064586316990904,0.2064586316990904,1,False,False,False,False,1e-06,0.9,-2.905510651470985
0.4806730735744584,0.002620286735711,115.3377723425761,1.52769251292807,0.0346135818325345,0.4381683570497736,,3,1,0.1,0.4996778893293964,0.2713864681816145,1.6339266261065486,1.7798815400544583,1.1540050086222102,1.2822277873580112,1,10,1.2106342897396445,1.4483641600154809,0.8,0.2713864681816145,0.2713864681816145,1,False,False,False,False,1e-06,0.9,-6.355985730219954
0.3314466317538393,0.0025251626304325,141.6865331735824,1.392958620189963,0.0344762887685466,0.4239452004921368,,3,1,0.1,0.589461237846952,0.3299623483560247,0.7553895100377186,1.618993063139726,1.2229158838341243,1.3587954264823603,1,10,0.6761108847419144,0.961504726441569,0.8,0.3299623483560247,0.3299623483560247,1,False,False,False,False,1e-06,0.9,-8.589640933363285
0.4078496155772037,0.0004507077948175,261.6772103899797,3.392562656157464,0.0124894217588719,0.669876357972831,,3,1,0.1,0.4115911265089343,0.1315339650408927,1.990715247227137,1.4065252802542374,0.4435315178513921,0.4928127976126579,1,10,0.153623664739627,0.8850111976411765,0.8,0.1315339650408927,0.1315339650408927,1,False,False,False,False,1e-06,0.9,-8.352357594552405
0.1860353640223318,0.0031116127235518,40.019260996773376,0.7475375272336994,0.0481801069711879,0.3559167636837291,,3,1,0.1,0.9069979217162256,0.4795158786872182,1.0724689151990168,0.7402456886136963,1.6286811182621004,1.8096456869578887,1,10,1.8994230612277547,0.6841358792192949,0.8,0.4795158786872182,0.4795158786872182,1,False,False,False,False,1e-06,0.9,-1.4789413367390942
0.5654436397423704,0.0509835175278759,3.489865031971886,2.0068887919199616,0.6076269705999917,0.6186328553371182,,3,1,0.1,-6.020410761195943,0.1719068082227416,1.9325324727692048,1.3658346493610964,0.5548208880848295,0.6164676534275884,1,10,1.5598432572189112,1.5161219399726824,0.8,0.1719068082227416,0.1719068082227416,1,False,False,False,False,1e-06,0.9,-0.2594333106146553
0.4345479855692475,1.7555956362267515e-10,200829188.33690047,2.397824402643428,1.6164844801988225e-07,0.4567485426645493,,3,1,0.1,0.1156254965473945,0.0624775632380772,0.9835660344498628,0.5192733850202476,1.0704496367949852,1.1893884853277612,1,10,0.8772891493305991,0.822810078011396,0.8,0.0624775632380772,0.0624775632380772,1,False,False,False,False,1e-06,0.9,-9.81552768583912
0.4748387501130275,0.0001381947387873,1844.024828685045,3.179220879785787,0.0066293947353373,0.503650067132214,,3,1,0.1,0.2806212024885797,0.1369846541692019,0.7836739853544255,1.541831554182647,0.8869549886583049,0.985505542953672,1,10,1.575569200665918,1.0511790949484106,0.8,0.1369846541692019,0.1369846541692019,1,False,False,False,False,1e-06,0.9,-8.41162619821746
0.355010273230709,0.0348346913746342,5.891492999501168,0.4847252121094723,0.0933610265507034,0.4452099712884453,,3,1,0.1,1.837532477486016,0.796369793409218,1.3278542101831796,1.7654842529108543,1.121518065723875,1.2461311841376388,1,10,1.0997801576658868,1.5646049178014036,0.8,0.796369793409218,0.796369793409218,1,False,False,False,False,1e-06,0.9,-2.920545476781272
0.3947389449940173,0.0491656195675493,23.56091327478764,0.4786477587272063,0.0724252265040299,0.5372774947134867,,3,1,0.1,3.259902212696513,0.7614872823778147,0.5076820393843388,1.337473368760299,0.7751120395987214,0.8612355995541349,1,10,1.7046171715359544,1.8379590128431136,0.8,0.7614872823778147,0.7614872823778147,1,False,False,False,False,1e-06,0.9,-1.785576699828992
0.3650771964689929,5.177017468900075e-13,65264904109.97172,-6.9569767057873255,6.505773055207575e-10,0.3694993734323646,,3,1,0.1,0.1051699102940104,0.0655409203014995,1.971774234747513,0.8277239087161969,1.5357280815923808,1.7063645351026453,1,10,0.6163922833504702,0.7263206671167811,0.8,0.0655409203014995,0.0655409203014995,1,False,False,False,False,1e-06,0.9,-3.312981710141272
0.3260291413349451,0.0593292404946759,3.912846412735299,0.6182282052906645,0.0697727782084057,0.6377353813232691,,3,1,0.1,-5.026577019675868,0.6572730792525227,1.5136251165522565,1.6704044763928074,0.5112436385959093,0.5680484873287881,1,10,1.311691816153737,1.0876957426295155,0.8,0.6572730792525227,0.6572730792525227,1,False,False,False,False,1e-06,0.9,-0.8501941739434411
0.2945497918323632,0.0003594474802464,463.075602375809,1.0980131623725713,0.0075043029640706,0.3941768543009334,,3,1,0.1,0.4829355525530809,0.2832448935180863,0.9800476793148576,0.6182656806043115,1.3832390846391431,1.5369323162657145,1,10,0.3638453833807146,0.9237232192075824,0.8,0.2832448935180863,0.2832448935180863,1,False,False,False,False,1e-06,0.9,-5.779948318463405
0.4739234835619321,0.0483149298575517,27.337056761988464,0.693953012473333,-0.0068858137761281,0.7566639241591634,,3,1,0.1,2.963232658384929,0.5125480910534973,0.5626827962453151,1.5630728951693806,0.2894316238217879,0.3215906931353199,1,10,1.264394930173307,1.763839979184758,0.8,0.5125480910534973,0.5125480910534973,1,False,False,False,False,1e-06,0.9,-5.511497383893525
0.3758729831111396,0.004103427793426,43.29293456234525,0.8850194304880572,0.0336624163092565,0.4012296140138056,,3,1,0.1,0.7198904618493648,0.4187304467642265,1.6356490899764868,1.9517001682152613,1.3431046178187456,1.4923384642430506,1,10,0.4457102274800496,1.4477412736513386,0.8,0.4187304467642265,0.4187304467642265,1,False,False,False,False,1e-06,0.9,-9.818181867859538
0.4790087192507348,0.0079316071566088,29.332647076744,2.084357169456938,0.0266831098629106,0.807054169045554,,3,1,0.1,0.8378611391829545,0.1491123385062226,1.8497206321171449,0.6988151203865289,0.215166781263724,0.2390742014041378,1,10,0.9946047074137166,1.3452970006730598,0.8,0.1491123385062226,0.1491123385062226,1,False,False,False,False,1e-06,0.9,-8.034572041061454
0.1438331520178024,0.0165758750535627,7.6653756210977955,0.6632855013490401,0.0326749252134544,0.7021838793642486,,3,1,0.1,2.530256569563372,0.636059933375797,1.736150057886452,1.1719961763930908,0.3817155540723213,0.4241283934136903,1,10,1.6246702931631285,0.5785637198827347,0.8,0.636059933375797,0.636059933375797,1,False,False,False,False,1e-06,0.9,-9.618511868476924
0.3772339866935461,0.0200046649529987,9.57186530670212,0.5417705968905545,0.0813281383060957,0.4143421014652524,,3,1,0.1,1.113901825524462,0.6136272846420503,1.8402111071427023,1.328650631392109,1.2721181526504268,1.41346461405603,1,10,1.2839772372560383,1.978202335795516,0.8,0.6136272846420503,0.6136272846420503,1,False,False,False,False,1e-06,0.9,-7.310921624089637
0.3000090562730642,0.0303403984763977,4.704670093003376,0.3158504627510114,0.0337322921270405,0.5425870831458676,,3,1,0.1,71.26964008424628,0.99434172540178,1.2388064503083631,0.81096272554015,0.7587199141967903,0.8430221268853225,1,10,1.32562771475427,1.5252789403817462,0.8,0.99434172540178,0.99434172540178,1,False,False,False,False,1e-06,0.9,-1.2166049951262288
0.2427272454541233,0.0096661236946558,17.3990017036768,0.7542635653296378,0.0517960012685029,0.5169958124254302,,3,1,0.1,1.1603859414529327,0.4828030769037033,1.9649540472330884,1.180277290180196,0.8408264793823895,0.9342516437582106,1,10,0.4280742518964154,0.8607387994959793,0.8,0.4828030769037033,0.4828030769037033,1,False,False,False,False,1e-06,0.9,-3.729205511815719
0.2296057791820365,5.051163015146781e-06,23157.15806940111,5.33026728167262,0.0009960602717224,0.4615710826997097,,3,1,0.1,0.2261384107128187,0.1146619421278327,0.5597820508900235,1.3099240874410811,1.0498621853343546,1.166513539260394,1,10,1.7816712596032012,0.5404281628352506,0.8,0.1146619421278327,0.1146619421278327,1,False,False,False,False,1e-06,0.9,-1.6862647012223118
0.3991902637474693,0.0041881311533543,69.57084755606861,0.8936522471205482,0.0438448219601919,0.3678507697732417,,3,1,0.1,0.6337859247774684,0.3880559260695322,1.105699055996867,1.5058359415725937,1.5466443295872303,1.718493699541367,1,10,1.672949737762495,1.5833726053759678,0.8,0.3880559260695322,0.3880559260695322,1,False,False,False,False,1e-06,0.9,-7.18515254982573
0.3164878123228693,0.0147775467323616,10.889349087272668,0.453721363590675,0.0549474922331421,0.4389917015079896,,3,1,0.1,1.397720103673194,0.6306628439209623,1.5277133472746551,0.7407277708666694,1.1501526496022385,1.2779473884469317,1,10,0.7728741973278956,1.5655903824420256,0.8,0.6306628439209623,0.6306628439209623,1,False,False,False,False,1e-06,0.9,-2.521453881448994
0.4477235626430239,0.0015354768648279,201.99211920315696,1.3174406987744396,0.0239647229644778,0.3739576547573734,,3,1,0.1,0.5135371494378967,0.2961783884449485,1.1744998656298915,1.6226942234592343,1.5066896038909192,1.674099559878799,1,10,1.2049452909623617,1.497548924195772,0.8,0.2961783884449485,0.2961783884449485,1,False,False,False,False,1e-06,0.9,-2.246595594676962
0.5428714930677773,5.168486405838325e-05,3893.761534796108,2.989882636233457,0.0028713173668393,0.4312444125935373,,3,1,0.1,0.272839449759751,0.1396397914853389,1.423777502142065,1.8672795963231432,1.186983561334349,1.318870623704832,1,10,1.7556854131173985,1.2614315854765012,0.8,0.1396397914853389,0.1396397914853389,1,False,False,False,False,1e-06,0.9,-1.0573335649384763
0.3495679613091605,4.493326770536745e-06,24306.652338045424,0.7826664577569854,0.0002835114565677,0.3373752051403265,,3,1,0.1,0.2948483627674412,0.1750763424530736,1.6279367388878798,0.6228626287424966,1.767653064858923,1.9640589609543588,1,10,1.4954296723940643,0.9774545135798092,0.8,0.1750763424530736,0.1750763424530736,1,False,False,False,False,1e-06,0.9,-0.8580190644460153
0.4025096438533446,0.0017384267264972,157.15511465617394,1.233754825594041,0.0228977703730384,0.4843640694927885,,3,1,0.1,0.5042172169113235,0.2531918464004752,1.5887636246206822,0.987118507345608,0.9581064465464026,1.0645627183848918,1,10,0.549251731075132,1.2035012673448795,0.8,0.2531918464004752,0.2531918464004752,1,False,False,False,False,1e-06,0.9,-9.092593373466269
0.4758887888747422,0.0061071247592633,77.08792354869645,0.9826171262132272,0.0373216108024911,0.4675510231029841,,3,1,0.1,0.7175882163897154,0.3675499886007641,1.0383345259155932,1.3187185224105324,1.0249236030476254,1.1388040033862503,1,10,0.447576748162273,1.9945351086029093,0.8,0.3675499886007641,0.3675499886007641,1,False,False,False,False,1e-06,0.9,-8.487529990910499
0.5644831901154624,6.494773694334807e-08,4955979.464739125,2.4738472248485865,7.639316010305237e-06,0.3544241427706246,,3,1,0.1,0.1875721843502046,0.1173562618705984,0.5022032118556087,0.9211565290865378,1.6393303993471458,1.8214782214968288,1,10,1.8092876068469248,1.3337035004918592,0.8,0.1173562618705984,0.1173562618705984,1,False,False,False,False,1e-06,0.9,-2.088396745208513
0.3275374573321551,0.0007395935541637,157.52101694850538,0.7830539667789349,0.010907331404184,0.3496058998541682,,3,1,0.1,0.5525588931572926,0.3515460800030642,1.2330031114490525,0.6998145339264479,1.6743272650015888,1.860363627779543,1,10,1.6532012287102955,1.276176156408848,0.8,0.3515460800030642,0.3515460800030642,1,False,False,False,False,1e-06,0.9,-8.667674134293689
0.2363291350844283,0.0269191099112304,6.82513087296874,0.5930840874419052,0.1927046343827693,0.3682256630329892,,3,1,0.1,1.7229748898713206,0.7025782786132595,1.2804950438616771,1.6897965005463145,1.5441533829742038,1.7157259810824486,1,10,1.965494307949405,0.8390269192159903,0.8,0.7025782786132595,0.7025782786132595,1,False,False,False,False,1e-06,0.9,-1.154923594036953
0.3143894346707522,0.0123940145531281,9.48175445233411,0.4129938421490896,0.0497413930701394,0.4071816967670804,,3,1,0.1,1.1940445125015566,0.6625948002503471,1.890250027637056,0.8075655024768137,1.310315461489974,1.4559060683221932,1,10,1.413424963893165,1.7241089214076597,0.8,0.6625948002503471,0.6625948002503471,1,False,False,False,False,1e-06,0.9,-7.118270133764517
0.1915343457203466,0.0133296792564455,12.0287238432653,0.4742422263525257,0.0069992910371103,0.7353295305064812,,3,1,0.1,-19.44101525897679,0.8062659976307851,0.6525972855951313,0.5774459771625392,0.3239410531766578,0.3599345035296197,1,10,1.233531626307867,0.7539320058299133,0.8,0.8062659976307851,0.8062659976307851,1,False,False,False,False,1e-06,0.9,-1.936583252813812
0.3885787153586469,0.0032525060626873,77.35152708503792,1.3564155862926115,0.0438205014430482,0.4500849793226871,,3,1,0.1,0.6346557201635833,0.2844481968514775,1.7967333015075846,1.3691633094991775,1.0996223854312357,1.2218026504791508,1,10,0.5375929169916313,1.1220634495985635,0.8,0.2844481968514775,0.2844481968514775,1,False,False,False,False,1e-06,0.9,-1.2585844460482214
0.4013546919363457,0.0303231174073678,17.51424454007126,0.747887206139267,0.0936436354035487,0.5141231229633756,,3,1,0.1,1.181679062949469,0.5320324369512306,0.8016622278047705,1.5108107591946052,0.8505534371075408,0.9450593745639342,1,10,1.6913989114402594,1.4777515449550929,0.8,0.5320324369512306,0.5320324369512306,1,False,False,False,False,1e-06,0.9,-7.6742520805524705
0.2658122249151535,0.009953742473325,18.09969763676112,0.6194482789194987,0.0706510721176594,0.3774883217602657,,3,1,0.1,1.0251564029259423,0.6060879565844239,0.9007632399773254,1.1350316660198485,1.4841797166153643,1.6490885740170715,1,10,1.1504901260339977,0.9994410302561346,0.8,0.6060879565844239,0.6060879565844239,1,False,False,False,False,1e-06,0.9,-7.310422388364957
0.3711668491873731,0.0360742836690235,10.554145278034175,0.3911277278759121,0.013931586385326,0.6553146000781382,,3,1,0.1,2.865007829277459,0.8160641796754133,0.8554285207032657,1.2013662750362897,0.4733861566531343,0.5259846185034825,1,10,1.1961722057106758,1.8799454474878288,0.8,0.8160641796754133,0.8160641796754133,1,False,False,False,False,1e-06,0.9,-8.935762279354304
0.2291104204543487,0.0067806200794795,25.138182255620418,0.6851728554617501,0.0034111898631711,0.7603483687174922,,3,1,0.1,3.3912701136430483,0.5826987431748321,1.012471388155532,1.8074057270775408,0.2836679567262877,0.3151866185847641,1,10,0.1399089189750943,0.7922216820079736,0.8,0.5826987431748321,0.5826987431748321,1,False,False,False,False,1e-06,0.9,-6.531977242408297
0.2894693716171231,0.0235106211324526,15.112374235870602,1.1137448885613317,0.0750771805114984,0.6473729028485509,,3,1,0.1,1.6808494895948165,0.4086881622758972,0.7865940534074878,1.3466627695360691,0.4902342777089479,0.5447047530099421,1,10,0.9663125143869948,0.8361253115353176,0.8,0.4086881622758972,0.4086881622758972,1,False,False,False,False,1e-06,0.9,-2.4165666562817574
0.5006663042524417,0.0076738979993041,53.48478397885479,1.304628177211536,0.0548916702054588,0.5591014329566565,,3,1,0.1,0.602995475381684,0.2563992884532817,1.2880498288278173,1.0559741327703405,0.7097257974113819,0.7885842193459799,1,10,1.4468521087896336,1.6131133860037326,0.8,0.2563992884532817,0.2563992884532817,1,False,False,False,False,1e-06,0.9,-9.137028314639831
0.3773482835160926,0.0298486785808075,23.049492096742327,0.4765563389788263,0.0618282469805837,0.4900608260558958,,3,1,0.1,1.7391337325507674,0.7403945644050365,0.6130972943664075,1.5255613408166533,0.9365067194686296,1.0405630216318107,1,10,0.7779545610997125,1.9059876295114435,0.8,0.7403945644050365,0.7403945644050365,1,False,False,False,False,1e-06,0.9,-4.308573643031765
0.3104887139595034,0.0201967919642488,5.28594333831389,0.4204380507708419,0.0775708333986672,0.3706043801284701,,3,1,0.1,1.9707416316733737,0.8548250537520624,1.7434784646938764,1.6823247908048438,1.528465631431595,1.6982951460351057,1,10,0.5135820013128306,1.4615340949529818,0.8,0.8548250537520624,0.8548250537520624,1,False,False,False,False,1e-06,0.9,-1.619330656933073
0.3029939710090822,0.0149511456981333,8.174792331245385,0.2915071642965333,0.0097518501607805,0.5963542927605635,,3,1,0.1,3.398924930799493,0.9952141445221602,0.9400307400291276,0.9803657718917076,0.6091699865760005,0.6768555406400005,1,10,0.2873072693776702,1.747087009148086,0.8,0.9952141445221602,0.9952141445221602,1,False,False,False,False,1e-06,0.9,-5.354418330999482
0.6636831111799677,2.495606317383536e-07,238174.6897832504,3.448511629191898,6.963309231763614e-05,0.5161093220101809,,3,1,0.1,0.1522551237227515,0.0711198569551082,1.550038882660817,1.2299944833679075,0.8438165939235766,0.9375739932484184,1,10,1.5088959858571134,1.3854260265129454,0.8,0.0711198569551082,0.0711198569551082,1,False,False,False,False,1e-06,0.9,-2.1873451326056834
0.3157398836122452,0.0178453573503684,7.945594112818394,0.386935982253672,0.0505726802866556,0.4272181586351897,,3,1,0.1,1.517506285507074,0.8060177702660397,1.2257759013021652,0.9090068468776976,1.2066520273276309,1.3407244748084788,1,10,1.934629576013196,1.694114513851374,0.8,0.8060177702660397,0.8060177702660397,1,False,False,False,False,1e-06,0.9,-8.270458086594575
0.3486036755798181,0.0166369380571649,12.965784400409849,0.4532685452103954,0.0581860988883874,0.4190817044521041,,3,1,0.1,1.2671138557676294,0.6763921369816054,1.1542575871824328,0.884642967302822,1.2475525904349252,1.3861695449276945,1,10,1.1971473410590052,1.9825236747133608,0.8,0.6763921369816054,0.6763921369816054,1,False,False,False,False,1e-06,0.9,-6.016679269749847
0.331082835927612,0.0003177606934814,492.69053853915415,1.507455533090196,0.0087075403490265,0.3447911570985272,,3,1,0.1,0.4191955139749937,0.2701814969084706,1.5427601080457083,1.7872068682014413,1.7102757610538626,1.9003064011709585,1,10,1.8359574202928013,0.9765258171375316,0.8,0.2701814969084706,0.2701814969084706,1,False,False,False,False,1e-06,0.9,-8.718395123629044
0.5570481019512858,5.328520007191319e-05,4004.669723823486,1.6183373822561298,0.0012813454458969,0.4196271985018127,,3,1,0.1,0.3395811653908372,0.1939714025939938,1.6935156740841095,1.1821048225639283,1.2447608811184157,1.3830676456871285,1,10,0.1549111413802211,1.8350427580695725,0.8,0.1939714025939938,0.1939714025939938,1,False,False,False,False,1e-06,0.9,-8.881119333256592
0.3090799900522343,0.0175580242435298,6.266080328691844,0.3676207562324481,0.0166029437740218,0.5903612947088003,,3,1,0.1,2.916326704439739,0.7754623399654563,1.8691869209635543,0.683779004960484,0.6244901860375704,0.6938779844861893,1,10,0.4648018883799356,1.795516853569257,0.8,0.7754623399654563,0.7754623399654563,1,False,False,False,False,1e-06,0.9,-3.1850505354122447
0.2197517834728594,0.0154135785369633,7.159744784372742,0.499077886054115,0.0756443076623842,0.4232893058529327,,3,1,0.1,1.4799782590384167,0.7617957632300796,1.7035786477213433,1.3395037659878608,1.2262053814151763,1.3624504237946409,1,10,0.9115257941271876,0.8375879985848113,0.8,0.7617957632300796,0.7617957632300796,1,False,False,False,False,1e-06,0.9,-5.202959487813662
0.2716631082567374,0.0031539095468235,32.23624436236982,0.5866104239128215,0.012282922230264,0.4915684479280563,,3,1,0.1,1.218493310328176,0.5671162660958716,0.9236508538424876,1.5875300126431011,0.9308742226916072,1.0343046918795635,1,10,0.0812339283317722,1.1143628758716695,0.8,0.5671162660958716,0.5671162660958716,1,False,False,False,False,1e-06,0.9,-6.482064260276958
0.3140992390843217,0.005053344626976,42.45038377238593,1.0393450805081084,0.0325075819543004,0.5346965791935154,,3,1,0.1,0.957035981243668,0.3638634976399098,1.555357572045745,0.9578472181932218,0.7831976021942628,0.8702195579936254,1,10,0.2134774773430814,0.9932210238156928,0.8,0.3638634976399098,0.3638634976399098,1,False,False,False,False,1e-06,0.9,-2.286074821491967
0.3514043457830651,0.0011776228860704,193.4053550530346,1.7838122658718096,0.0246968486643359,0.5168055374074094,,3,1,0.1,0.4355158485302137,0.2044375416767576,1.443674446315955,1.0361474628989047,0.8414674086406115,0.9349637873784572,1,10,0.8460063519134496,0.9217028681392184,0.8,0.2044375416767576,0.2044375416767576,1,False,False,False,False,1e-06,0.9,-7.667364227306193
0.3183669891070481,0.0133918060762018,23.551403458906723,0.671837809702969,0.0727123921859903,0.4323019277544603,,3,1,0.1,0.9939136613815084,0.5405237111642551,0.8064016898980502,1.0738475798742215,1.1818782943553832,1.3131981048393149,1,10,1.990351470333748,1.2055286210059075,0.8,0.5405237111642551,0.5405237111642551,1,False,False,False,False,1e-06,0.9,-9.791546869263188
0.5330290338196397,6.210838980892687e-05,4988.578830361037,2.067109415276549,0.0015339264790061,0.4632029318178984,,3,1,0.1,0.3474815331215793,0.1819418045484751,1.0825615028133315,1.486037647091448,1.0429928832009685,1.1588809813344094,1,10,0.0955545069976525,1.433132566799011,0.8,0.1819418045484751,0.1819418045484751,1,False,False,False,False,1e-06,0.9,-6.386621979810018
0.3512014677149961,0.0330575769445417,22.87480946991105,0.5873521948476461,-0.0062197315148182,0.7779146879531137,,3,1,0.1,5.202471556409597,0.6133482317843088,0.5149300302736376,0.9905531332724478,0.2569392041794752,0.2854880046438613,1,10,1.4667158698724891,1.2880328472845992,0.8,0.6133482317843088,0.6133482317843088,1,False,False,False,False,1e-06,0.9,-4.5794574907003485
0.3225005123323201,0.039408819564395,3.825599199498327,0.419367158233925,0.0710532266599787,0.5001411373934792,,3,1,0.1,2.1520443009819044,0.907692545982979,1.604795560883952,1.8161247479430072,0.8994920487653019,0.9994356097392244,1,10,1.7083603992704466,1.3186561035101665,0.8,0.907692545982979,0.907692545982979,1,False,False,False,False,1e-06,0.9,-5.81441999932371
-0.0813563174426929,5.868786202042753e-17,50165376622330.16,-3.8834687440505937,3.717983397711325e-13,0.3533081150090043,,3,1,0.1,0.0861401871548121,0.0553521116012198,0.7329431762257439,0.9087050154722692,1.647351622469988,1.83039069163332,1,10,0.1001134448305611,0.5258934456256908,0.8,0.0553521116012198,0.0553521116012198,1,False,False,False,False,1e-06,0.9,-4.758071639643563
0.2188683390879803,0.012338341312504,7.342996298792213,0.5047113542591101,0.0863253674019783,0.3360975111158085,,3,1,0.1,1.29185828566284,0.8210002817948885,1.587981249603814,1.9874913376864096,1.7777943014576163,1.9753270016195736,1,10,1.0548918152864086,0.835700733123686,0.8,0.8210002817948885,0.8210002817948885,1,False,False,False,False,1e-06,0.9,-9.72165955035954
0.2905007112157736,0.0090345278476048,20.439718630312584,0.299211688703867,0.0271803022762222,0.3724548724645121,,3,1,0.1,1.7326933950986718,0.9766936311520412,0.5535655253274618,0.7098534193237991,1.5164001239794576,1.6848890266438417,1,10,0.3035147985672027,1.7971204542673789,0.8,0.9766936311520412,0.9766936311520412,1,False,False,False,False,1e-06,0.9,-5.696441302327963
0.3669128639658403,0.0091345380554598,37.035184494118994,0.960927192873964,0.040372240075845,0.5342436361086814,,3,1,0.1,0.9662361780687826,0.4217025131023038,0.959528802846879,1.3801002314390654,0.7846246528183494,0.8718051697981659,1,10,0.3434995656764096,1.1848718761663897,0.8,0.4217025131023038,0.4217025131023038,1,False,False,False,False,1e-06,0.9,-7.684415593591202
0.2680276680001945,0.0062025988407072,11.53708580359617,0.4875582475329034,0.0347873664957122,0.3687567075965975,,3,1,0.1,1.204669306433037,0.7003785830635276,1.4110739654818054,1.3518641708531889,1.5406335707513628,1.7118150786126252,1,10,0.2772405936791753,1.15108758814361,0.8,0.7003785830635276,0.7003785830635276,1,False,False,False,False,1e-06,0.9,-5.180232555755427
0.3206903462482977,0.0201355524014608,13.385649843235296,0.6827052064293668,0.041281057996892,0.5902840385647482,,3,1,0.1,1.655593343640824,0.584811924828232,1.07510798324647,1.7899757256839055,0.6246897107167488,0.6940996785741653,1,10,0.5028207590427294,1.0875049850442196,0.8,0.584811924828232,0.584811924828232,1,False,False,False,False,1e-06,0.9,-6.11178115070258
0.5936444049231961,0.0184058576481475,18.93526864739676,1.6502073903049266,-0.0290125618202611,0.8743526903935429,,3,1,0.1,3.947349124422332,0.1961309363178057,1.1611188340505048,1.5154338061396904,0.1293329109502863,0.143703234389207,1,10,0.4265939668801735,1.6692764597764451,0.8,0.1961309363178057,0.1961309363178057,1,False,False,False,False,1e-06,0.9,-2.2575874297446807
0.3096223766742518,0.010698294047368,14.952551146440856,0.4243239233248401,0.041017980463888,0.3949939345801473,,3,1,0.1,1.3029876075128095,0.7435359650649328,0.8501573733659931,0.883995332056032,1.3785160003954016,1.5316844448837794,1,10,0.4506403366337627,1.593604548111765,0.8,0.7435359650649328,0.7435359650649328,1,False,False,False,False,1e-06,0.9,-8.545825645138075
0.2621027636010507,0.0182927104808047,22.436083316584188,1.156633786602818,0.0299120794664633,0.7414403994564311,,3,1,0.1,1.7721167938974804,0.4018085884273044,0.6168416507131802,1.2871416085805465,0.3138534677363319,0.348726075262591,1,10,0.7496700389524704,0.7538066994646702,0.8,0.4018085884273044,0.4018085884273044,1,False,False,False,False,1e-06,0.9,-9.362497195708904
0.3742725040106588,0.0095553857327296,20.219920347970834,0.7386039812904857,0.0646928729985902,0.3835807056455627,,3,1,0.1,0.885942594443931,0.5017917575687584,1.5778118277190212,1.713132366019873,1.4463119670873654,1.6070132967637394,1,10,0.7616801277689959,1.5732337101598608,0.8,0.5017917575687584,0.5017917575687584,1,False,False,False,False,1e-06,0.9,-3.847535758853091
0.7218712735813599,1.4992299835779109e-06,115934.77238246362,2.644930859387013,0.0001431563485366,0.4500857904004464,,3,1,0.1,0.1883803912766184,0.1019586913448716,1.2839240501033111,1.3681886288706802,1.099618782008781,1.2217986466764232,1,10,1.3040798130302405,1.9085760540746344,0.8,0.1019586913448716,0.1019586913448716,1,False,False,False,False,1e-06,0.9,-5.28940505959589
0.5208452291540785,0.0517248392676541,7.734454216704177,0.9680897408577516,-0.0094985709259629,0.7696797462478612,,3,1,0.1,8.203968395819038,0.3677501012982975,1.5675128364513575,1.2722725779670565,0.2693175043093463,0.2992416714548292,1,10,1.432547598181427,1.9340929413245425,0.8,0.3677501012982975,0.3677501012982975,1,False,False,False,False,1e-06,0.9,-1.525921237602244
0.229387442737098,0.0219212139479365,5.9067849277537325,0.4267095072386569,0.1021662505852825,0.370599569168842,,3,1,0.1,1.7091863112761818,0.9498069430891593,1.033851040536215,1.674404396598928,1.5284971566979018,1.6983301741087795,1,10,1.6682925971752147,0.8886318124202571,0.8,0.9498069430891593,0.9498069430891593,1,False,False,False,False,1e-06,0.9,-4.776524133202543
0.6204651633490824,4.561438784681674e-05,10395.22875725072,2.767939725141408,0.002089709778744,0.4644944973709785,,3,1,0.1,0.268993101653554,0.1353576889852262,0.6247016808494058,1.232965867854404,1.0375902300112625,1.152878033345847,1,10,0.7241432914945192,1.5487744602757734,0.8,0.1353576889852262,0.1353576889852262,1,False,False,False,False,1e-06,0.9,-1.946278591341347
0.2880991885689312,3.02291181543686e-08,3786344.943805754,5.307188604819103,8.905793528817027e-06,0.342432758886812,,3,1,0.1,0.1882541145826774,0.1103119046435144,0.615380481353107,1.4319702145159487,1.7282532165606463,1.920281351734052,1,10,1.7968372599300435,0.6340584415304509,0.8,0.1103119046435144,0.1103119046435144,1,False,False,False,False,1e-06,0.9,-0.5276209827786253
0.3607851617096428,0.0360213198778931,6.9177853971553285,0.5445763516491205,0.044840286978975,0.5977816434196003,,3,1,0.1,1.941540928338176,0.6953591926974378,1.2513815893228093,1.835467493040008,0.6055664721512097,0.6728516357235663,1,10,1.0195495396648122,1.3533265147356277,0.8,0.6953591926974378,0.6953591926974378,1,False,False,False,False,1e-06,0.9,-9.432052005134954
0.2969507424175795,0.0080425323019426,12.509664759328588,0.4555453518630329,0.0280237561900123,0.4532090195449905,,3,1,0.1,1.2567860931615094,0.6421641154848029,1.4667959243179485,0.6778637442032117,1.0858386774905218,1.206487419433913,1,10,0.3024661784967438,1.4435994883214531,0.8,0.6421641154848029,0.6421641154848029,1,False,False,False,False,1e-06,0.9,-8.121831902454124
0.2913895833861716,0.0006293720096669,205.39288973500788,1.2730173254512385,0.0137503024847908,0.3577610127757753,,3,1,0.1,0.5079190267679209,0.3122513416925418,1.868598028417081,1.6033230186042855,1.6156458302069647,1.795162033563294,1,10,0.697611355922738,0.8980808959307519,0.8,0.3122513416925418,0.3122513416925418,1,False,False,False,False,1e-06,0.9,-4.066223361699698
0.3168862541675332,0.0016853413351775,72.67256435015572,0.7607723305646861,0.0157076378912862,0.4084404870260308,,3,1,0.1,0.7009426074691137,0.3980276134343751,1.367598770283121,0.7237697019446309,1.3035033954472814,1.448337106052535,1,10,0.2128066150496342,1.223312767856069,0.8,0.3980276134343751,0.3980276134343751,1,False,False,False,False,1e-06,0.9,-6.855674797523509
0.2725268056966453,0.0061089302005247,27.775663396400788,0.3927409863192876,0.0114696238030161,0.5246061356438287,,3,1,0.1,1.8218564267792976,0.7771527777851847,0.5642807753841579,1.5778882373901,0.8155727675496303,0.9061919639440336,1,10,0.1143786995271116,1.3142578953229698,0.8,0.7771527777851847,0.7771527777851847,1,False,False,False,False,1e-06,0.9,-8.350733402931457
0.1616391348101966,0.008023200167714,8.273524198903818,0.4118698853516967,0.0111548309152725,0.6429752651977179,,3,1,0.1,2.6457383023065986,0.8040806302751351,1.9366655850065329,0.5820191226759529,0.4997428030505121,0.5552697811672357,1,10,0.4674573809154177,0.764452928024807,0.8,0.8040806302751351,0.8040806302751351,1,False,False,False,False,1e-06,0.9,-9.73471079381537
0.3124984559605193,0.0142270542734387,17.32034215730847,0.5535720579613912,0.0374100711161155,0.5319810505264818,,3,1,0.1,1.492026963347311,0.5744620795471742,0.9942885684824664,0.5966508319083259,0.7917895836878089,0.8797662040975655,1,10,0.9312817259336396,1.3432929480043652,0.8,0.5744620795471742,0.5744620795471742,1,False,False,False,False,1e-06,0.9,-3.6820649902328864
0.3869149657952094,0.033498351087172,14.182002846527745,0.6162493511411566,-0.0377013601758653,0.9080541235881496,,3,1,0.1,-24.318434072961445,0.5623523488880935,0.8407249129043763,0.9148231505620632,0.0911303485343759,0.1012559428159732,1,10,1.1938269236678956,1.5054505139148548,0.8,0.5623523488880935,0.5623523488880935,1,False,False,False,False,1e-06,0.9,-4.437686343109561
0.5062887202715639,0.0207615200148314,49.91181141547439,1.0815763652784476,0.1051305231473596,0.4990850687715304,,3,1,0.1,0.8220789834501908,0.374747578388517,0.6907970277242836,1.7706119753168137,0.9032997905853986,1.0036664339837762,1,10,1.59297511543645,1.8657460928763967,0.8,0.374747578388517,0.374747578388517,1,False,False,False,False,1e-06,0.9,-4.150576184419908
0.2891627198909144,0.0300983717173744,4.013718552970756,0.3403788881713527,0.0007842214092371,0.7348317151940986,,3,1,0.1,5.129005199309081,0.9530844453840224,1.5714487496978633,1.1702217000455777,0.3247702179842275,0.3608557977602528,1,10,1.9741607236138925,1.2675623265314149,0.8,0.9530844453840224,0.9530844453840224,1,False,False,False,False,1e-06,0.9,-8.82663732308383
0.2796456626883502,0.0067703222960615,6.488304523829722,0.2977018451004395,0.0159123957207382,0.4229462290610625,,3,1,0.1,1.913906198885697,0.9749408310566552,1.387156601688467,1.9988638390518376,1.2279300728085305,1.3643667475650336,1,10,0.137690024009653,1.62634729467868,0.8,0.9749408310566552,0.9749408310566552,1,False,False,False,False,1e-06,0.9,-6.0948271077351865
0.3790855490416385,1.879957781872832e-06,37352.9963897904,2.3827819531968983,0.0001149330198357,0.3629051136545958,,3,1,0.1,0.2791661629950408,0.1687721953455727,1.9651233974815567,1.6281987522383976,1.579987098932417,1.7555412210360188,1,10,0.1080547697574372,0.9616805220344388,0.8,0.1687721953455727,0.1687721953455727,1,False,False,False,False,1e-06,0.9,-1.88243842325484
0.2543295997264454,0.010097879076324,12.72408917234064,0.4871680515415234,0.0268556726228394,0.5365257850955537,,3,1,0.1,1.6581149149028904,0.6087993632390136,1.8579717057528835,0.5567136413420244,0.7774589870638049,0.8638433189597832,1,10,1.800067800040435,1.1424592277461172,0.8,0.6087993632390136,0.6087993632390136,1,False,False,False,False,1e-06,0.9,-3.391489056990098
0.2568071357626436,0.0070020660461005,14.200306657302184,0.380800739765961,0.0299083796938953,0.3694677662428239,,3,1,0.1,1.4655416938466332,0.8609899904546066,0.6718154608367162,0.7831814101731635,1.5359364530016846,1.7065960588907607,1,10,0.2877765789967202,1.1848629187668496,0.8,0.8609899904546066,0.8609899904546066,1,False,False,False,False,1e-06,0.9,-7.390473898958376
0.2357226692880685,0.0129393825505868,14.414668193506674,0.3617993115360313,0.0200171043393535,0.5521558397808612,,3,1,0.1,2.6909505329257737,0.9332287649587464,0.5304196232345816,0.6309906183678458,0.7299746107135094,0.8110829007927882,1,10,1.521686305545283,1.0100136935095143,0.8,0.9332287649587464,0.9332287649587464,1,False,False,False,False,1e-06,0.9,-5.099762371809988
0.2738601404456773,0.0001437779611978,204.07434649823844,9.459816993305177,0.0143326359411966,0.8925904836804498,,3,1,0.1,0.7170168568095581,0.0671729785529522,0.9745809806356344,1.5411488395228832,0.108301137481321,0.1203345972014678,1,10,0.0675643900020509,0.5633263815962946,0.8,0.0671729785529522,0.0671729785529522,1,False,False,False,False,1e-06,0.9,-4.368344724576822
0.3055535133454663,0.0256628965425821,13.122735815520205,0.3440003667380658,0.0472926260754769,0.4699914181207718,,3,1,0.1,2.17911341180425,0.9833196008498828,0.588054991474299,1.0685633812622863,1.014928582310264,1.127698424789182,1,10,1.5747583791799091,1.4815792810388069,0.8,0.9833196008498828,0.9833196008498828,1,False,False,False,False,1e-06,0.9,-5.867772381517136
0.3645980586531789,0.0053114432207752,26.233139638626977,0.6208090716421356,0.0446937000113163,0.3351343238476939,,3,1,0.1,0.7914074782140335,0.4948125986938262,1.6439724575152987,1.3478969376269323,1.7854903719411817,1.9838781910457568,1,10,0.9506452095193354,1.883282822159036,0.8,0.4948125986938262,0.4948125986938262,1,False,False,False,False,1e-06,0.9,-4.18394400190558
0.1774789934104614,0.0006214421788143,201.70438621775537,1.6865665787900097,0.0249918876520287,0.3477136671425368,,3,1,0.1,0.5092817202661987,0.3075495902119738,1.4797292349933773,1.895743996954892,1.6883365684072074,1.8759295204524529,1,10,1.7886845328062333,0.5568936987033651,0.8,0.3075495902119738,0.3075495902119738,1,False,False,False,False,1e-06,0.9,-2.209605824062022
0.2414409737932271,0.0264945518692524,4.238227742793397,0.4036589943018833,0.0452730422312435,0.5473285129576373,,3,1,0.1,3.2645627287286016,0.9755859280811836,1.6279725949373165,1.8784940603475395,0.7443506572252322,0.8270562858058136,1,10,0.8583419175092286,0.8967503000736428,0.8,0.9755859280811836,0.9755859280811836,1,False,False,False,False,1e-06,0.9,-3.471137548145196
0.4555849238339628,0.0016258689237866,173.40304563712817,1.134656628110902,0.0182469839282014,0.4042140729329206,,3,1,0.1,0.5643011921167217,0.3175941629573358,1.2317540824100106,1.456853567879116,1.3265429639045618,1.4739366265606242,1,10,0.3981748371493453,1.7537093214866135,0.8,0.3175941629573358,0.3175941629573358,1,False,False,False,False,1e-06,0.9,-3.8929826711352034
0.3422906610558609,0.008308612470512,23.70155137619796,0.976983631225757,0.0326395414157074,0.575502798084355,,3,1,0.1,15.072070531156644,0.4048402662181986,1.8932859724992483,1.2016316700391163,0.6638499117567824,0.7376110130630916,1,10,0.1020850368244202,1.085593623159803,0.8,0.4048402662181986,0.4048402662181986,1,False,False,False,False,1e-06,0.9,-0.5859282731234483
0.5708547259754255,0.0002499294001678,1274.319563757438,1.6546609351924408,0.0057182912100205,0.3931747529229854,,3,1,0.1,0.3532088914501052,0.2112443843845201,1.4469506828698488,1.6240564079552744,1.3890584741495111,1.5433983046105682,1,10,1.423936893965971,1.9361714891037167,0.8,0.2112443843845201,0.2112443843845201,1,False,False,False,False,1e-06,0.9,-9.488699670936931
0.3160577325163815,0.013231876077581,19.306403307884608,0.6879300058688362,0.0521930609013613,0.5160106985807523,,3,1,0.1,1.0706299159503057,0.4863969447754719,1.2878464391299047,0.802129751781031,0.8441498838597358,0.9379443153997064,1,10,1.6554268568927173,1.2055895000976524,0.8,0.4863969447754719,0.4863969447754719,1,False,False,False,False,1e-06,0.9,-8.456353458047515
0.3372581566200049,0.0373518107345658,7.228993016900546,0.5503382807704515,0.1281915768034788,0.4293076667930143,,3,1,0.1,1.697621381932085,0.7544058467252602,1.0363076631291843,1.9706221409310467,1.1963986194868597,1.329331799429844,1,10,1.530909022393053,1.3045465766817987,0.8,0.7544058467252602,0.7544058467252602,1,False,False,False,False,1e-06,0.9,-2.5642601020112146
0.4094186475371878,0.0304167330566411,7.882364437556055,0.6347392152005054,0.1187317829747434,0.4184058880412249,,3,1,0.1,1.2277150534663612,0.6273359198230096,1.7023858531669005,1.9991149041850849,1.2510213544397455,1.390023727155273,1,10,1.4136302170832855,1.9108337664730937,0.8,0.6273359198230096,0.6273359198230096,1,False,False,False,False,1e-06,0.9,-3.717036549902617
0.2892381137988322,7.226156669109804e-05,2379.796602773193,1.695128792967837,0.0027883899236625,0.3361770923167582,,3,1,0.1,0.3759768419104627,0.2455480406914985,0.5980959901532632,1.1410128968548323,1.777160403160331,1.9746226701781453,1,10,1.321124694511857,0.836771322631141,0.8,0.2455480406914985,0.2455480406914985,1,False,False,False,False,1e-06,0.9,-7.693603857154499
0.3052323964131487,0.0043336887113312,24.79099970922007,0.4752152296331855,0.0321896490272369,0.3612744506551801,,3,1,0.1,0.8911505537077545,0.5206430983781934,1.5098045546062704,0.6335555485309803,1.5911808691919067,1.767978743546563,1,10,0.7555829370669341,1.4920290329232002,0.8,0.5206430983781934,0.5206430983781934,1,False,False,False,False,1e-06,0.9,-3.4520086226926585
0.4256961244017872,0.0059190019457888,45.02160458841885,2.945472012965934,0.0170894794491065,0.8525402704909181,,3,1,0.1,1.145789484364723,0.1430136928147433,0.6534319713897206,0.5505663088569623,0.1556686072808657,0.1729651192009619,1,10,1.1099515469143044,0.9782209793860008,0.8,0.1430136928147433,0.1430136928147433,1,False,False,False,False,1e-06,0.9,-5.384662664348908
0.1164581445652678,0.0025718373807323,8.74282917895185,0.446520368953025,0.0239845855640836,0.3634948670438129,,3,1,0.1,1.5809044096061724,0.9424080476220026,1.9669491847512743,1.4562982608623116,1.5759634360710817,1.751070484523424,1,10,0.1879383487912243,0.502876944925881,0.8,0.9424080476220026,0.9424080476220026,1,False,False,False,False,1e-06,0.9,-8.482249925483966
0.4444239228869269,0.0013008918350531,184.61723410384684,1.0976068972439907,0.0157676492953659,0.3983280947525354,,3,1,0.1,0.5345341059854957,0.3109225807260181,1.3597875690430037,1.226594940555373,1.3594439404509806,1.5104932671677562,1,10,0.461164654222424,1.6922232381287556,0.8,0.3109225807260181,0.3109225807260181,1,False,False,False,False,1e-06,0.9,-6.191943830035062
0.1466417409973066,0.0012755317396229,123.9814396775323,0.8364127935786562,0.0392976246513432,0.4273398302158914,,3,1,0.1,0.5723066504819833,0.2901883146013549,1.8765869524277312,0.993157757221674,1.2060522243979026,1.3400580271087803,1,10,1.4686191028491709,0.5553730498918877,0.8,0.2901883146013549,0.2901883146013549,1,False,False,False,False,1e-06,0.9,-1.890099915266072
0.8009258074658661,1.6077083383397935e-08,3028811.107270666,3.183423051829541,8.631902181841795e-06,0.5283748656306508,,3,1,0.1,0.1236605337982019,0.0577322111782712,1.0903056328080925,1.2914055958424349,0.8033361322473006,0.8925957024970007,1,10,1.6363099658010962,1.9456957590631327,0.8,0.0577322111782712,0.0577322111782712,1,False,False,False,False,1e-06,0.9,-6.402141421107739
0.351321670269774,0.0024781212863365,67.9025670783868,2.5275956881554524,-0.0044453651967512,0.9141751371306096,,3,1,0.1,3.409744465467255,0.1779854840726195,1.849577809425456,0.5791122253400008,0.084494068417675,0.0938822982418611,1,10,0.0780497174675912,0.9380447278067502,0.8,0.1779854840726195,0.1779854840726195,1,False,False,False,False,1e-06,0.9,-4.838841911622687
0.1643369774223647,0.0103473719055358,5.988457203464757,0.3647759328820222,0.0285533258095879,0.5140705818642968,,3,1,0.1,2.4375414817919863,0.9624736755062094,1.7363706056998889,0.766260949441107,0.8507323541761824,0.9452581713068692,1,10,1.955947210879944,0.7108466620518679,0.8,0.9624736755062094,0.9624736755062094,1,False,False,False,False,1e-06,0.9,-5.43265030870003
0.2355778745094137,7.958237560671041e-09,6595792.56583129,3.6316810121714993,3.8784010625970725e-06,0.4076116767341876,,3,1,0.1,0.1570423253552086,0.0909378802348894,1.1183608229296964,0.743743943203291,1.307983851716076,1.45331539079564,1,10,1.1098600332980026,0.542092772518473,0.8,0.0909378802348894,0.0909378802348894,1,False,False,False,False,1e-06,0.9,-2.78236022601369
0.6382109393232285,8.620177324900858e-05,4963.939319787385,2.4842753726807403,0.0025588071346084,0.4559256214134857,,3,1,0.1,0.3014161501050506,0.161463249591941,0.9330130137871782,1.6468976837449814,1.074006192522742,1.1933402139141578,1,10,0.4445374685642736,1.8026949338386384,0.8,0.161463249591941,0.161463249591941,1,False,False,False,False,1e-06,0.9,-8.771827528109492
0.1830749635910413,0.0126736910427494,15.581818801623964,0.901455794725632,0.0837039555649514,0.5739922837364226,,3,1,0.1,1.072974284997579,0.4144056084671419,1.9420901350854525,1.118117116547248,0.6679653289786737,0.742183698865193,1,10,1.7652071853413036,0.6774416965359892,0.8,0.4144056084671419,0.4144056084671419,1,False,False,False,False,1e-06,0.9,-5.9785755777755405
0.6567185192927186,0.0111823108238858,21.573871611073944,2.262129180766459,-0.0015633085226191,0.8842662502364066,,3,1,0.1,1.1859314855492864,0.1230021787066439,1.0273478213446363,0.9195621074934666,0.1177930004219735,0.1308811115799706,1,10,1.99598089886898,1.697636070739075,0.8,0.1230021787066439,0.1230021787066439,1,False,False,False,False,1e-06,0.9,-9.051841893183347
0.2106257578256014,0.0036183471365067,7.504057749177575,0.350804735008373,0.0063363445260886,0.5453090518318501,,3,1,0.1,2.333346834304172,0.9348045775673804,1.245669624576114,0.5522580036166297,0.7504402356363625,0.8338224840404028,1,10,0.0936464612406024,0.9314211899826272,0.8,0.9348045775673804,0.9348045775673804,1,False,False,False,False,1e-06,0.9,-9.42899793333748
0.4635685646951933,0.0154953231215715,76.26681777044148,1.0947963819734334,0.0541285840041071,0.5915602967087217,,3,1,0.1,0.8899548398074612,0.3450164396545432,0.5167652540021881,0.9310439613681064,0.6214002782258237,0.6904447535842485,1,10,1.00843365683395,1.539863708197959,0.8,0.3450164396545432,0.3450164396545432,1,False,False,False,False,1e-06,0.9,-9.830785506882007
0.6124804235640828,0.0231319690327268,32.77003009030625,1.5340029965830932,0.0376926786964167,0.7432768129439753,,3,1,0.1,0.9263033992582108,0.2189195823557941,0.7546364562305964,1.4751255924558135,0.3108544008459977,0.3453937787177752,1,10,1.1502558116198736,1.9050829802517213,0.8,0.2189195823557941,0.2189195823557941,1,False,False,False,False,1e-06,0.9,-7.981691846225861
0.5252567192158751,0.0170707870268894,17.077829225724503,1.908749223927233,-0.0627086810132358,0.9520567290308029,,3,1,0.1,27.82060900464,0.1840738546805627,1.3878944620382478,0.7156300615542439,0.0453218201778829,0.0503575779754254,1,10,0.8771338745018822,1.5599656852433772,0.8,0.1840738546805627,0.1840738546805627,1,False,False,False,False,1e-06,0.9,-4.240557978178002
0.3944336907991115,0.0242450249918966,7.698188162426136,0.4641820173269615,-0.0178453142303321,0.8494567235397812,,3,1,0.1,18.031947597512755,0.6494538942419337,1.9341709649642231,1.8925687138853169,0.1595007079932211,0.1772230088813567,1,10,0.3438237439580268,1.9544115610413213,0.8,0.6494538942419337,0.6494538942419337,1,False,False,False,False,1e-06,0.9,-4.8170800291324
0.2808155781333938,0.0328306434725461,6.534086155220205,0.8345008157077265,0.0067740729412401,0.7861975840323118,,3,1,0.1,3.024030024878117,0.5138340333003119,1.6343948581393948,1.9224331154025416,0.2447504015263053,0.2719448905847836,1,10,1.223243873335593,0.8498964008227,0.8,0.5138340333003119,0.5138340333003119,1,False,False,False,False,1e-06,0.9,-9.205218498919765
0.1715795012001599,0.0129646436737316,10.947173514560388,0.9779801147204554,0.0481236394643169,0.6712498965597149,,3,1,0.1,1.9639308674395983,0.4847107380588956,1.84679004727567,1.6219177084978251,0.4407823295209034,0.4897581439121148,1,10,0.57536156344774,0.5783831836018654,0.8,0.4847107380588956,0.4847107380588956,1,False,False,False,False,1e-06,0.9,-3.9705563872270977
0.2574412560207548,0.0126092730441788,16.11690555708383,0.5135371665210114,0.0732982368760401,0.378687721501728,,3,1,0.1,1.4224706447438331,0.6996373533881717,0.7026243806710386,0.8386058105767915,1.476628416762367,1.640698240847074,1,10,0.905334342426532,1.0153148643942802,0.8,0.6996373533881717,0.6996373533881717,1,False,False,False,False,1e-06,0.9,-2.046442600598048
0.270726987342239,5.078157897271764e-15,1727309646624.6577,10.818169746878134,1.0855093084706212e-11,0.3357488020573114,,3,1,0.1,0.0975183596071209,0.0644191316008522,1.6400706724382004,1.969736690885908,1.7805754614319431,1.9784171793688257,1,10,0.4901892690952397,0.5564014485568856,0.8,0.0644191316008522,0.0644191316008522,1,False,False,False,False,1e-06,0.9,-5.898915205599529
0.4645561571750379,0.0001487603855774,3734.038283724544,1.1584197532555345,0.0026327333712942,0.377040337996983,,3,1,0.1,0.4287016823764812,0.2545502059776838,0.5247702266823975,1.6650569236056416,1.487012500522428,1.652236111691587,1,10,0.1641141778504243,1.9953153486558808,0.8,0.2545502059776838,0.2545502059776838,1,False,False,False,False,1e-06,0.9,-3.2880050923391577
0.3401307644537125,0.0078985400453608,34.86453843247255,0.6750735688882414,0.0355448412310531,0.4981342370303406,,3,1,0.1,1.0526715730860388,0.4454065379652202,1.1471901423517972,0.551126295088009,0.9067419042814804,1.0074910047572003,1,10,1.7369231975667074,1.4034801189831665,0.8,0.4454065379652202,0.4454065379652202,1,False,False,False,False,1e-06,0.9,-2.817581766478254
0.1759452015188337,0.0234603240411873,9.040660231761818,0.7554275338214622,0.0180758858389437,0.7818094618392257,,3,1,0.1,4.786971718431452,0.5994328371446958,0.7980350696532021,1.4975531839279896,0.2511756302906953,0.2790840336563281,1,10,1.4635227106580673,0.6075339800769288,0.8,0.5994328371446958,0.5994328371446958,1,False,False,False,False,1e-06,0.9,-5.040854324311519
0.3257640119624388,0.0206605917945917,23.46199539721433,0.8087731101405846,0.1062688961810348,0.4630111161324547,,3,1,0.1,1.0528009278074044,0.5270055249678512,0.6573960158152717,1.7770995272652894,1.0437978239436798,1.159775359937422,1,10,1.3270763430565058,1.0826058220326038,0.8,0.5270055249678512,0.5270055249678512,1,False,False,False,False,1e-06,0.9,-6.700947120218174
0.5829647200308874,0.0213078198421815,30.24048850079751,1.5568355176246629,0.3153806838975056,0.442714422485304,,3,1,0.1,1.2019972403010772,0.2337282785703986,0.9047496362088008,1.2357411219040462,1.1329132151322123,1.258792461258014,1,10,1.342410500425976,1.9500993892370149,0.8,0.2337282785703986,0.2337282785703986,1,False,False,False,False,1e-06,0.9,-0.2851838853664254
0.1811217486874746,0.0078723966935477,6.2301540505481015,0.3936643221313401,0.0172262921711292,0.5516449614639668,,3,1,0.1,2.435667021722685,0.9432584913596556,1.9223755671195293,1.1438979649558356,0.7314841299584453,0.8127601443982725,1,10,0.2689000216547637,0.7379762889178735,0.8,0.9432584913596556,0.9432584913596556,1,False,False,False,False,1e-06,0.9,-8.518220603076117
0.1865741488417617,0.0020558758396344,83.7140342940767,3.3950112724826496,0.1048404009937126,0.567307293243363,,3,1,0.1,0.4854207279480317,0.1725127756617563,0.6131041606584458,1.9850049172446087,0.6864417939254635,0.762713104361626,1,10,1.8504131541300703,0.5065419830185406,0.8,0.1725127756617563,0.1725127756617563,1,False,False,False,False,1e-06,0.9,-1.2660024584100888
0.1853702384475645,0.0072819176848479,30.944367777336456,0.7341902294959315,0.0551926896070193,0.5470544172916636,,3,1,0.1,0.9046451989323469,0.37854227664929,1.9909470084086287,0.7829502209949549,0.7451745412379378,0.8279717124865975,1,10,1.6356590386348917,0.7579482398782211,0.8,0.37854227664929,0.37854227664929,1,False,False,False,False,1e-06,0.9,-6.001929471056199
0.4224474552517027,0.0340919845591498,14.367219935350516,0.6004285888553598,0.0296265502026557,0.6368317443272715,,3,1,0.1,2.0096707874362507,0.5795224138692742,0.951410541761992,1.1166958398835654,0.5132461329337952,0.5702734810375502,1,10,0.9607828283143072,1.871246147912795,0.8,0.5795224138692742,0.5795224138692742,1,False,False,False,False,1e-06,0.9,-4.933840690665651
0.3101568558185938,0.0193737729279762,17.122371229346456,0.402094777555103,0.0074396432590434,0.6780186234415166,,3,1,0.1,3.077219537248226,0.8073942859772044,0.5972851416474494,1.0135980126510171,0.4273971671039662,0.4748857412266291,1,10,0.4234278578545529,1.3649348507496148,0.8,0.8073942859772044,0.8073942859772044,1,False,False,False,False,1e-06,0.9,-9.184498179877384
0.3078023665870695,0.0330075468435523,6.248519735483481,0.3923571556986214,0.0149499316060899,0.6684267948173422,,3,1,0.1,25.846138666453083,0.8926020456613186,1.0784062513763786,1.901436615003753,0.446445126045461,0.4960501400505122,1,10,0.6160678307439323,1.2219549931294351,0.8,0.8926020456613186,0.8926020456613186,1,False,False,False,False,1e-06,0.9,-2.008629034448175
0.2313155174964313,0.0140602022525157,6.931701160549967,0.4560863206126927,0.0025056329294366,0.7501565108089154,,3,1,0.1,15.160641058912544,0.782745349105423,1.6364139564532556,0.8914284058932516,0.2997496349521836,0.3330551499468707,1,10,0.3368377459441665,0.936887934431084,0.8,0.782745349105423,0.782745349105423,1,False,False,False,False,1e-06,0.9,-2.9623705525916773
0.3918727084680561,0.0041501636908205,103.93511736791164,1.3231008314620658,0.0496720922851702,0.434480542548123,,3,1,0.1,0.5727125236780671,0.3158129054450572,0.8243169418330982,1.509034594668574,1.1714391367717372,1.3015990408574858,1,10,1.516114312849345,1.1645766885453606,0.8,0.3158129054450572,0.3158129054450572,1,False,False,False,False,1e-06,0.9,-9.741271873563852
0.2928047770567847,0.0163359015097123,13.61548803472264,0.3511449554817727,0.0562251026979714,0.3696242628857072,,3,1,0.1,1.6139581322636305,0.9300650996178724,0.6438388093286775,0.9603328914027944,1.5349050924676235,1.705450102741804,1,10,1.9887109532590943,1.5153199837759577,0.8,0.9300650996178724,0.9300650996178724,1,False,False,False,False,1e-06,0.9,-6.352987772531777
0.4109593622671986,0.0337256326172721,18.466676688448505,0.5967101776346675,0.0638539474176771,0.5440787266249238,,3,1,0.1,1.4849969780466803,0.6096353629268112,0.7589706214296275,1.2732462511886506,0.7541723760878459,0.8379693067642733,1,10,1.4349461417463398,1.8192740327630448,0.8,0.6096353629268112,0.6096353629268112,1,False,False,False,False,1e-06,0.9,-7.307295220744097
0.3092534397364033,0.0114167255265454,17.614265336452974,0.584578592486954,0.0529257069868031,0.4202369181475716,,3,1,0.1,1.158629311502384,0.628602709129198,0.946248518219054,1.7073436834174385,1.24164905826754,1.3796100647417109,1,10,0.4520515134978669,1.2559175902248332,0.8,0.628602709129198,0.628602709129198,1,False,False,False,False,1e-06,0.9,-7.09672123269286
0.3472397539491494,9.469908863638684e-05,2246.102195720352,1.6910237220281172,0.003260179975304,0.3448347259995379,,3,1,0.1,0.36341702366275,0.2350061330893825,0.7396154634324359,1.3985812586851618,1.7099459600284168,1.8999399555871297,1,10,1.7419820679373867,0.9889741758243256,0.8,0.2350061330893825,0.2350061330893825,1,False,False,False,False,1e-06,0.9,-9.524553477535044
0.3311243069579622,0.0244448886766838,10.648316515602286,1.2784046357227643,0.1624796138306078,0.5629646485583615,,3,1,0.1,1.355410501768346,0.331319314738927,1.5413314305186143,1.3836865481901806,0.6986794238407646,0.7763104709341829,1,10,1.2530133619576074,0.9528717497281924,0.8,0.331319314738927,0.331319314738927,1,False,False,False,False,1e-06,0.9,-0.9684711526970968
0.291706825629475,0.0098685025119867,7.766590553541402,0.3620011184875487,0.0271320659041055,0.4331125532833407,,3,1,0.1,1.7472991112537457,0.8284373812539321,1.2987126197929642,0.7838631213968578,1.1779817929018168,1.3088686587797964,1,10,0.2577396095610267,1.5489161082899765,0.8,0.8284373812539321,0.8284373812539321,1,False,False,False,False,1e-06,0.9,-3.867996687478054
0.2716169828182341,0.014210549054706,6.905281550894911,0.3096764427338131,0.0241016791954328,0.4900980278798762,,3,1,0.1,2.45573280970613,0.9823045565937404,0.9773648327238204,0.6149061139322606,0.9363673159292766,1.0404081288103073,1,10,0.8094870189306149,1.3804571947063324,0.8,0.9823045565937404,0.9823045565937404,1,False,False,False,False,1e-06,0.9,-4.380684996270765
0.3300550388185319,0.0218878248440144,6.462295886634992,0.4327258643186136,0.0483668103126176,0.4828509096041357,,3,1,0.1,1.6782867889839437,0.7744155224425647,1.5091882532334353,1.187447048281011,0.963929387101835,1.071032652335372,1,10,0.6749874557012311,1.5811084950138892,0.8,0.7744155224425647,0.7744155224425647,1,False,False,False,False,1e-06,0.9,-6.7111977265610205
0.302127587684475,0.0341174691800613,9.969769618559312,0.5514529721627033,0.0480606602283757,0.607148283910262,,3,1,0.1,2.0634168608531263,0.7155459356347571,0.7513165299174163,1.6149613285944393,0.5823396917202225,0.6470441019113583,1,10,1.3577823605519936,1.0531325848116926,0.8,0.7155459356347571,0.7155459356347571,1,False,False,False,False,1e-06,0.9,-9.429128911551654
0.2272903118005818,0.0118360653603025,15.386305393536215,0.7213998442750635,0.1048770702028063,0.3868107747766486,,3,1,0.1,1.0211077137285829,0.5775248654595001,1.0690433048169754,1.5028047118773282,1.4267190540896275,1.5852433934329198,1,10,1.7591638035415589,0.7918698039969386,0.8,0.5775248654595001,0.5775248654595001,1,False,False,False,False,1e-06,0.9,-4.692870538768336
0.4359689255523829,5.482721167325226e-05,4183.603193823856,2.064644726464161,0.0021033587936906,0.34887885819738,,3,1,0.1,0.32519772459715,0.2036305146903586,1.0134057221857398,1.9543504370247693,1.67969200154519,1.8663244461613224,1,10,1.6566499943233268,1.186901310141725,0.8,0.2036305146903586,0.2036305146903586,1,False,False,False,False,1e-06,0.9,-2.847770563657402
0.4428261027498006,0.0594156100753618,21.16082578547332,0.4926858409921604,-0.069650925078103,0.9410391945865396,,3,1,0.1,-10.314442719311188,0.6357752476678814,0.5395170058222332,1.7456755113070104,0.0563894949087949,0.0626549943431054,1,10,1.854534933510908,1.712178648408272,0.8,0.6357752476678814,0.6357752476678814,1,False,False,False,False,1e-06,0.9,-4.9609353145405874
0.3199121875903297,0.0011626571925995,133.08914800156785,0.7413353839694402,0.0136008530686753,0.3678001317961635,,3,1,0.1,0.6322404578268094,0.3859077317163129,0.8415815623224701,0.5316246130267369,1.5469811786222636,1.7188679762469594,1,10,1.3850491900398036,1.2792285305575886,0.8,0.3859077317163129,0.3859077317163129,1,False,False,False,False,1e-06,0.9,-6.505316883481116
0.2949187362973863,0.0074007140657226,29.184442612932752,0.8714343946228681,0.0768004217141034,0.363348307790264,,3,1,0.1,0.8210198834335346,0.4789716013641032,1.0815649341860412,1.7253694526014602,1.5769621344143094,1.7521801493492326,1,10,1.2681425108648003,1.0042240953093162,0.8,0.4789716013641032,0.4789716013641032,1,False,False,False,False,1e-06,0.9,-3.2672794485084875
0.286845138709034,0.0079868846343392,5.700039221251443,0.2739179748382534,-0.003268512295488,0.822279544388106,,3,1,0.1,-77.97424143285217,0.9836346461022584,1.5242865563574288,1.5591339574807088,0.1945182889959025,0.2161314322176695,1,10,0.1112285324995293,1.7185888720032676,0.8,0.9836346461022584,0.9836346461022584,1,False,False,False,False,1e-06,0.9,-4.249461632594301
0.3601837008653351,8.57167780071079e-07,79126.44768586042,5.5453013570566725,0.0001540180461213,0.4862753759016863,,3,1,0.1,0.1999356315954062,0.0992742770777589,1.9698847539833044,1.9683374149871184,0.9508031551693448,1.056447950188161,1,10,0.2171544180387812,0.7315112102330296,0.8,0.0992742770777589,0.0992742770777589,1,False,False,False,False,1e-06,0.9,-2.807736726898524
0.269815797364047,0.0180225409309641,13.389246625485736,0.3890506240943906,0.028206932557719,0.5427364772734264,,3,1,0.1,2.2410784217512947,0.8947852828698859,0.6798228952992984,1.9721177683200533,0.7582633334714798,0.8425148149683108,1,10,0.4262046845730809,1.130075189207677,0.8,0.8947852828698859,0.8947852828698859,1,False,False,False,False,1e-06,0.9,-8.373260642556952
0.2000338131696632,0.0059441314567977,8.452016970111575,0.3521821182931027,0.0328194585370631,0.3693252342908784,,3,1,0.1,1.5461836518731975,0.820381369696246,1.642905098161486,0.5275138236210508,1.5368765425087774,1.7076406027875304,1,10,1.0644001073601437,0.901260773803459,0.8,0.820381369696246,0.820381369696246,1,False,False,False,False,1e-06,0.9,-3.0271486134621552
0.4892158605733153,0.0226863443794677,46.00726663213062,1.2784947756870373,-0.0410089687568656,0.9012687890821784,,3,1,0.1,107.8814220237522,0.2888338977911358,0.5325102698628961,1.3344875665804763,0.098592218994435,0.1095469099938167,1,10,0.4463714911783472,1.3843748913341898,0.8,0.2888338977911358,0.2888338977911358,1,False,False,False,False,1e-06,0.9,-2.7101140322712256
0.5447813003477399,0.0009343680851007,1354.889292632535,1.4330416435294415,0.011449261717296,0.4553329044645298,,3,1,0.1,0.4896645715849263,0.2507126015285618,0.5147482634958777,1.0954320565979947,1.0765758002013874,1.1961953335570972,1,10,0.2586061196307147,1.946003555816497,0.8,0.2507126015285618,0.2507126015285618,1,False,False,False,False,1e-06,0.9,-3.495526094732209
0.2627633266972917,0.0214910372811372,7.591689317554873,0.5015725359302932,0.036862484195835,0.5895225437317787,,3,1,0.1,1.9309745663532127,0.6556128554261241,1.91293057074986,0.9214823592238106,0.626659174563276,0.6962879717369733,1,10,1.056682747971657,1.114387069374126,0.8,0.6556128554261241,0.6556128554261241,1,False,False,False,False,1e-06,0.9,-5.447238275020027
0.372922018294194,0.0207399578120127,10.507674067439266,0.5533878507651647,0.079694914714869,0.4378502080540322,,3,1,0.1,1.1199356374302212,0.5887510127522324,1.7120667132168357,1.1897623240737814,1.155497481661439,1.283886090734932,1,10,1.9251375595398543,1.839030575806892,0.8,0.5887510127522324,0.5887510127522324,1,False,False,False,False,1e-06,0.9,-7.072471359137584
0.2983693843984059,0.0459339373426039,4.82477817103772,0.5895064193558585,0.086668497908811,0.5785993118083769,,3,1,0.1,6.720190812096654,0.6943769301894497,1.3353600523778928,1.5896607277030708,0.6554805918920035,0.7283117687688927,1,10,1.33561463430028,1.0138827229035683,0.8,0.6943769301894497,0.6943769301894497,1,False,False,False,False,1e-06,0.9,-1.263122309098991
0.3237347201778688,0.0198881790502432,13.349393769489224,0.3295144336908057,0.0335207862799921,0.4760826207611341,,3,1,0.1,3.133794093513433,0.9365281843771112,0.7553540690675193,1.424180215195875,0.990428175179196,1.1004757501991067,1,10,0.3232487878741812,1.935600640144724,0.8,0.9365281843771112,0.9365281843771112,1,False,False,False,False,1e-06,0.9,-1.9810106955215865
0.1212994706850065,0.0143864604519715,5.695984817049369,0.4804360212476319,0.0239871517986163,0.69259272206543,,3,1,0.1,4.060730051105016,0.8527437631586896,1.9270251731271435,1.206279430243669,0.3994649977205161,0.4438499974672401,1,10,1.2992357261375629,0.5339282354919977,0.8,0.8527437631586896,0.8527437631586896,1,False,False,False,False,1e-06,0.9,-6.06309796495661
0.4701537479703268,0.0013661977740409,579.4469210456602,1.0259301058079382,0.0155833829933985,0.4601686546515874,,3,1,0.1,0.5211403744049239,0.2664192156888663,0.6021458401945193,0.5449168477540377,1.0558046618395316,1.1731162909328128,1,10,0.535627624751695,1.6638124343695049,0.8,0.2664192156888663,0.2664192156888663,1,False,False,False,False,1e-06,0.9,-4.285462558869364
0.2420996681409419,0.0188290916829265,12.635227856109848,0.7746064740979977,0.1301880343658231,0.4375408320167366,,3,1,0.1,1.108172801172688,0.5697599016694979,0.972505019422412,1.850774436677412,1.156950881250721,1.2855009791674676,1,10,1.8296224544312023,0.8030033611154243,0.8,0.5697599016694979,0.5697599016694979,1,False,False,False,False,1e-06,0.9,-5.159682290701775
0.3539862869228846,0.0011184143313524,72.72616037687395,0.6396451432537087,0.0100372178324385,0.3662753789347863,,3,1,0.1,0.7481088672481544,0.4189647181264387,1.3165824187262722,0.6504929179559655,1.5571676169373123,1.730186241041458,1,10,0.1194377931853244,1.840185872694633,0.8,0.4189647181264387,0.4189647181264387,1,False,False,False,False,1e-06,0.9,-2.0823786440171617
0.1419404315932002,0.0185255698361187,4.976944278870561,0.473345942801654,0.0104413537061575,0.7749676907002372,,3,1,0.1,18.91082322668221,0.8988762919294597,1.5542333741908982,1.44006758917607,0.2613387381179561,0.2903763756866179,1,10,1.181649968041675,0.5647647624815606,0.8,0.8988762919294597,0.8988762919294597,1,False,False,False,False,1e-06,0.9,-3.924508911573605
0.2997550685759863,0.0125669892538455,12.545301508440204,0.5145450302373201,0.0582203937637295,0.408537252769816,,3,1,0.1,1.1593801159546713,0.6542729418723288,1.1308771629727077,0.9555425189937464,1.3029814757360478,1.4477571952622754,1,10,0.8714332831322942,1.283296412028757,0.8,0.6542729418723288,0.6542729418723288,1,False,False,False,False,1e-06,0.9,-9.851362889373588
0.3559638184747316,0.0006819250371144,259.7064734322836,1.1503333126540516,0.0067641560186093,0.4779313790217935,,3,1,0.1,0.614556849797938,0.3102834328138793,1.0436912633875215,0.7625996590747232,0.983115525584606,1.0923505839828955,1,10,0.0723920741868301,1.1558094695846357,0.8,0.3102834328138793,0.3102834328138793,1,False,False,False,False,1e-06,0.9,-8.632341900994962
0.1146929436842492,0.0034402779093535,13.126729866449136,0.3994423629082365,0.0264003392574127,0.3867385369265965,,3,1,0.1,1.7429015591182726,0.9952810502189408,0.5599154315771213,0.5093792753705323,1.4271536556772495,1.585726284085833,1,10,1.3429685787963073,0.5100357244334629,0.8,0.9952810502189408,0.9952810502189408,1,False,False,False,False,1e-06,0.9,-9.118339311340094
0.5280266704065056,2.759993218734961e-07,428647.426228338,4.154606252513733,5.896146623384077e-05,0.4698750710110805,,3,1,0.1,0.1685675209158527,0.0855106814435065,0.7249253190987666,0.9228844339840409,1.015402743251251,1.1282252702791673,1,10,1.5567447665732723,1.051216687688932,0.8,0.0855106814435065,0.0855106814435065,1,False,False,False,False,1e-06,0.9,-1.7586714041926683
0.3839617358333613,0.0001589666439896,692.7672841529602,5.919831217496557,0.0177775276992644,0.6671394487700457,,3,1,0.1,0.2758322480532761,0.0881995419759797,0.5648925269762086,1.1676099590267777,0.4490432947103661,0.498936994122629,1,10,1.1730994948657765,0.7617167810281644,0.8,0.0881995419759797,0.0881995419759797,1,False,False,False,False,1e-06,0.9,-4.490802556482497
0.3560498769838159,0.0310909718657112,5.862038792805161,0.4532781366781016,-0.0004779982915568,0.7338534018940324,,3,1,0.1,3.575638675492226,0.7160953101557649,1.6659351307690955,1.1587300563874117,0.3264029814090293,0.3626699793433659,1,10,0.7814348860481368,1.6233101591885704,0.8,0.7160953101557649,0.7160953101557649,1,False,False,False,False,1e-06,0.9,-7.977245289351439
0.408357466252196,0.0002047238648825,1141.3149336458466,2.74719302551187,0.0067104384617031,0.4503625454733853,,3,1,0.1,0.3539880762183481,0.1880608250764686,1.1840744674577366,1.6838293617203497,1.0983899839050593,1.2204333154500655,1,10,0.5513188594527383,0.9560654633628412,0.8,0.1880608250764686,0.1880608250764686,1,False,False,False,False,1e-06,0.9,-4.609459487946218
0.3528427495167833,0.0001128859393968,1133.074203902694,5.324940298905779,0.0089026385414233,0.6231476706957987,,3,1,0.1,0.2959306405334637,0.1074215429543284,0.9157612662013812,1.902388967497304,0.5442804528099601,0.6047560586777334,1,10,0.3436806302974742,0.7254342297174834,0.8,0.1074215429543284,0.1074215429543284,1,False,False,False,False,1e-06,0.9,-4.830855152094543
0.3543839114293197,3.1344346119433142e-06,5126.7691628184775,8.278582842791499,0.0021122786831665,0.6908344897191124,,3,1,0.1,0.1990936820795934,0.0562681426233072,1.3554485698375012,0.7991062829293594,0.4027722463103028,0.4475247181225587,1,10,0.3049711063786081,0.6804777873684238,0.8,0.0562681426233072,0.0562681426233072,1,False,False,False,False,1e-06,0.9,-1.4644313965677256
0.3242978538087079,0.016103862282625,19.16820965180032,0.5725624338233842,0.089631269030698,0.3640093980100665,,3,1,0.1,1.1055555934699892,0.6625606436965411,0.7381036610207379,1.7930971375071958,1.572463636708387,1.7471818185648744,1,10,1.139251639041071,1.3836007674735589,0.8,0.6625606436965411,0.6625606436965411,1,False,False,False,False,1e-06,0.9,-6.573489762242799
0.1409541228500428,0.0028244924205752,27.22864413004996,0.8785616382477327,0.0263052454456987,0.5180572607719204,,3,1,0.1,1.1400489780458605,0.5136043100459947,1.737062084485096,1.2392032969389328,0.8372596972368919,0.9302885524854354,1,10,0.1725267088775007,0.5233209176643584,0.8,0.5136043100459947,0.5136043100459947,1,False,False,False,False,1e-06,0.9,-8.465145655601852
0.3257210293649776,0.0012435820003316,125.80482302435648,0.6776258720337103,0.014385587149934,0.3368623738740556,,3,1,0.1,0.6523839960659289,0.4187503832226031,0.7011133017592978,0.624111221919612,1.7717142364391438,1.968571373821271,1,10,1.523417908780591,1.4309784292697183,0.8,0.4187503832226031,0.4187503832226031,1,False,False,False,False,1e-06,0.9,-6.634906907582381
0.3456751175921037,0.013857349714629,11.320887935138888,0.474509207950998,0.0152941188883382,0.6013368828773793,,3,1,0.1,5.761411871419355,0.6571271756646916,1.5373550337086843,1.995484933348349,0.5966652231500028,0.6629613590555586,1,10,0.160352590307903,1.7164025413893813,0.8,0.6571271756646916,0.6571271756646916,1,False,False,False,False,1e-06,0.9,-1.388425120853313
0.3379803700649096,0.0350240096011203,4.246179360836422,0.3411819198679662,0.0359688670234042,0.5485238551869783,,3,1,0.1,3.867189786546065,0.9778850820413376,1.4203239732689092,1.431307714259736,0.7407672911385267,0.8230747679316963,1,10,0.8405717641732867,1.68985597273127,0.8,0.9778850820413376,0.9778850820413376,1,False,False,False,False,1e-06,0.9,-2.7007496386093983
0.268086980866985,0.0196231814545536,15.967289615026443,0.5708250958798687,0.0393726498247358,0.5809333453177102,,3,1,0.1,2.036622816742746,0.6941410536450952,0.643299309944912,1.3284191625146369,0.6492310903719831,0.7213678781910924,1,10,0.5591855807340483,0.943978882603376,0.8,0.6941410536450952,0.6941410536450952,1,False,False,False,False,1e-06,0.9,-5.154194024903721
0.3872429948095168,0.0067453654271123,40.86768645827959,0.6774662443863332,0.0469101777843862,0.453213197617673,,3,1,0.1,0.7721581669411982,0.3741860959765495,1.8355991951261268,0.8808658363775778,1.0858203704809868,1.2064670783122076,1,10,0.6639727965298683,1.6221238295164349,0.8,0.3741860959765495,0.3741860959765495,1,False,False,False,False,1e-06,0.9,-2.726943406047255
0.3436805061608102,0.0204215928450776,13.583665395535592,0.5405120345262151,0.0949584442377385,0.3848694198760146,,3,1,0.1,1.183467155143189,0.6697918078113291,0.929000817272274,1.378226561920351,1.4384554696237863,1.5982838551375402,1,10,1.7630469851485475,1.560479803771362,0.8,0.6697918078113291,0.6697918078113291,1,False,False,False,False,1e-06,0.9,-5.242320277538811
0.3999867629838616,0.0007200071006403,387.06229561014254,1.511445078514703,0.0134013336064786,0.4227721838410402,,3,1,0.1,0.4688642450521684,0.2536400148086051,1.057810693111376,0.983749157809685,1.2288060908434657,1.3653401009371842,1,10,0.5173603059570354,1.1317437875619536,0.8,0.2536400148086051,0.2536400148086051,1,False,False,False,False,1e-06,0.9,-2.957228148417842
0.3488926489460776,0.0114127789488086,17.450173702668483,0.4997606645963971,0.0381000406882607,0.443636082049488,,3,1,0.1,1.3099852531986298,0.6384270116993591,1.0849802686641803,1.7219960286475802,1.1286898122493203,1.254099791388134,1,10,0.2837687065285323,1.8556616846618448,0.8,0.6384270116993591,0.6384270116993591,1,False,False,False,False,1e-06,0.9,-4.104202749320571
0.228948036357429,0.0090329992179788,11.100474349544012,0.5797113674053762,0.0687257855964247,0.3521845626530118,,3,1,0.1,1.2260521815417662,0.7046401313381428,1.4192168536750345,1.82801490444866,1.6554782788327969,1.8394203098142188,1,10,0.5854939575950266,0.8549075158536427,0.8,0.7046401313381428,0.7046401313381428,1,False,False,False,False,1e-06,0.9,-3.395189364714529
0.2269716597532976,1.2119352295614703e-05,4133.19190145314,7.664287116463141,0.0030131956843875,0.6025204608953,,3,1,0.1,0.2398197854567538,0.0895414683659186,0.987036096245181,1.6287086484507902,0.5937252067135907,0.659694674126212,1,10,0.3182165096703427,0.5102543378220218,0.8,0.0895414683659186,0.0895414683659186,1,False,False,False,False,1e-06,0.9,-2.2377096186472336
0.5315284161061394,6.012881826544158e-05,3323.155883147403,3.437800051502773,0.0032896649208949,0.4959549984747903,,3,1,0.1,0.2594485494993226,0.1275124687124569,1.0362479171270702,1.5849041220168063,0.9146807729890184,1.0163119699877985,1,10,1.047499666103822,1.1685785373982265,0.8,0.1275124687124569,0.1275124687124569,1,False,False,False,False,1e-06,0.9,-5.031050107530281
0.2994900241409485,0.0026439148072464,18.381238138099867,0.4230705782486531,0.0156383290052556,0.3428753515892165,,3,1,0.1,1.057190023773708,0.6462703029432884,1.1315326374950063,0.6031185589611043,1.7248605967985984,1.9165117742206648,1,10,0.1512588379827044,1.7044488853356845,0.8,0.6462703029432884,0.6462703029432884,1,False,False,False,False,1e-06,0.9,-4.836613136944813
0.1393996503395645,0.0208140815246127,5.281215361397384,0.586831192247901,0.0068103270088734,0.8212460225396861,,3,1,0.1,-5.426203317174447,0.7641051407547335,1.5607524611601018,1.5515257419441943,0.1958957185774476,0.2176619095304974,1,10,1.0952596599015398,0.539468407039214,0.8,0.7641051407547335,0.7641051407547335,1,False,False,False,False,1e-06,0.9,-1.963623410217796
0.2249022812538896,0.0220550078466835,11.29911125605344,0.9769568835620356,0.0151429977409211,0.7863864972966716,,3,1,0.1,2.627846438942776,0.4614686542259166,0.9140674041090432,1.1643590118729434,0.2444753986670585,0.2716393318522873,1,10,1.5227726497227023,0.7118976065193592,0.8,0.4614686542259166,0.4614686542259166,1,False,False,False,False,1e-06,0.9,-9.548215059326555
0.2329162961460981,0.006066586140076,13.59630707728843,0.4435888912901171,0.0373827412246451,0.3840516061747654,,3,1,0.1,1.1140141565314037,0.6556105217034714,1.4400598570861085,0.630489716477929,1.4434350632306654,1.6038167369229617,1,10,0.97953382175115,1.009216749371778,0.8,0.6556105217034714,0.6556105217034714,1,False,False,False,False,1e-06,0.9,-9.177110248702068
0.3426357578539146,0.0218268599432774,15.879190001467911,0.4081756257203041,-0.0097393156749508,0.8017865244910288,,3,1,0.1,-2.7635303799818014,0.7292928014407035,0.8339354922448874,0.5456680425067074,0.2224932977906017,0.2472147753228908,1,10,0.4379010889338994,1.985550923616909,0.8,0.7292928014407035,0.7292928014407035,1,False,False,False,False,1e-06,0.9,-1.2653568523616432
0.3665503965131607,0.0409399386127027,12.36229360468988,0.3472905742617879,-0.0172978244158661,0.8145710911800474,,3,1,0.1,10.69166772688076,0.8717084957473977,0.6819722837261379,1.395215506984684,0.2048759399209637,0.2276399332455153,1,10,1.1867691316780784,1.727303544333053,0.8,0.8717084957473977,0.8717084957473977,1,False,False,False,False,1e-06,0.9,-6.834328715649631
0.2711832010271616,0.0003355879955614,516.5719118890688,3.204207128455206,0.0138841847922821,0.4960235844057482,,3,1,0.1,0.3851712538890506,0.1865943361994858,1.2323838234721922,1.984893900462493,0.914429854334906,1.016033171483229,1,10,0.5079234992401582,0.6514533982068147,0.8,0.1865943361994858,0.1865943361994858,1,False,False,False,False,1e-06,0.9,-4.738815930628685
0.1621465285002451,0.0019039654633349,101.43222641677067,0.6557486691927742,0.0354366823331216,0.4893429850560385,,3,1,0.1,0.598908840523337,0.2922151648972893,1.7336118869321324,0.7633716545928129,0.9392007804034094,1.0435564226704548,1,10,0.8587646633711004,0.6489361525853965,0.8,0.2922151648972893,0.2922151648972893,1,False,False,False,False,1e-06,0.9,-6.286967268972305
0.7565828672918412,0.0002552676172699,366.0864702100555,2.1661438377945395,0.0175127164602168,0.7112709097983252,,3,1,0.1,0.2751548076219952,0.0775788835783191,1.514861362395432,0.9201954165787486,0.3653406565652843,0.4059340628503158,1,10,1.2912504618088765,1.919255209249903,0.8,0.0775788835783191,0.0775788835783191,1,False,False,False,False,1e-06,0.9,-8.13525247655608
0.3008198543559969,0.0114343003831342,17.088920586223633,0.3375763956516822,0.0296526203293551,0.4167564734056782,,3,1,0.1,1.6656607830957482,0.9060108354495608,0.6627362720223811,1.5263092255822277,1.2595345421879602,1.399482824653289,1,10,0.2818170674936401,1.7309435065033498,0.8,0.9060108354495608,0.9060108354495608,1,False,False,False,False,1e-06,0.9,-9.605645957143873
0.3308692637108684,0.0126693576454192,9.896480185458316,0.5446902251397596,0.073817289600503,0.3486879106667645,,3,1,0.1,1.1927095017928704,0.6581403435423231,1.7116427750144372,1.8199973451810896,1.681104685502319,1.8678940950025769,1,10,0.6227752976923222,1.5330682918655,0.8,0.6581403435423231,0.6581403435423231,1,False,False,False,False,1e-06,0.9,-2.306170521090203
0.3451618470866492,0.0119852682909054,23.66230790432915,0.7369212534457206,0.0874690393447917,0.3783120422133751,,3,1,0.1,0.8732023859579835,0.51429777598912,0.9871095061710822,1.5774752482472618,1.4789885057171477,1.6433205619079416,1,10,1.7609189440937405,1.3262662545239945,0.8,0.51429777598912,0.51429777598912,1,False,False,False,False,1e-06,0.9,-5.948352615875903
0.4941070971224414,0.0018083798372071,284.3618364886737,1.4495799704241366,0.0285952492219811,0.4064123340990039,,3,1,0.1,0.4696881564389027,0.2622361160142645,0.8873979500192585,1.7422846458819337,1.3144997198356585,1.4605552442618426,1,10,1.933711624137656,1.5707135640864094,0.8,0.2622361160142645,0.2622361160142645,1,False,False,False,False,1e-06,0.9,-3.0218859176003736
0.4833041511433721,0.0220456736328925,8.107394832934167,2.0976513481616,-0.0212512559413856,0.8763325857336813,,3,1,0.1,1.791895281548652,0.1834953261956606,1.9883378246722443,1.7155498272038885,0.1270073424766054,0.1411192694184505,1,10,1.0600206361796232,1.1763495068077243,0.8,0.1834953261956606,0.1834953261956606,1,False,False,False,False,1e-06,0.9,-7.562042319639078
0.3065089226896797,0.0195279602021563,9.949428119354272,0.7331693097824674,0.0004250531882741,0.7801257114766206,,3,1,0.1,-4.547459806404838,0.5463669343748875,1.7390332992086597,1.5963098135884597,0.2536602200900181,0.2818446889889091,1,10,0.2964881018728451,1.0003138697444327,0.8,0.5463669343748875,0.5463669343748875,1,False,False,False,False,1e-06,0.9,-1.253550890340879
0.2517734084173008,0.0126189926316322,8.351933771043635,0.4095827877770189,0.0473787451577253,0.4135995248400448,,3,1,0.1,1.5788643008747725,0.832521698189959,1.0336341841843282,0.8191432230549016,1.2760179737828892,1.4177977486476545,1,10,0.693169972545546,1.073089052227773,0.8,0.832521698189959,0.832521698189959,1,False,False,False,False,1e-06,0.9,-5.825350161774429
0.1592905989608601,0.0031340319341957,30.850938979141752,0.6533487722813529,0.004659356269451,0.7239512361517364,,3,1,0.1,3.192158751378953,0.6406627070886161,0.843225731507929,1.760219167552468,0.3431776548708935,0.3813085054121039,1,10,0.0821023965053222,0.6004784399847296,0.8,0.6406627070886161,0.6406627070886161,1,False,False,False,False,1e-06,0.9,-6.155398991686722
0.5135661563095261,3.801632323957989e-05,5802.573494438647,0.7939392428724943,0.0017662875594248,0.4902924896616425,,3,1,0.1,0.2694184406922306,0.1331819548376245,1.306930059849304,0.6071967502056281,0.9356389685289735,1.039598853921082,1,10,0.6281610015781934,1.3121275622644015,0.8,0.1331819548376245,0.1331819548376245,1,False,False,False,False,1e-06,0.9,-4.246683858592551
0.3759108803705286,0.0379708613744251,4.858026743959778,0.4619382494668561,-0.0061913953568597,0.7573911637908884,,3,1,0.1,7.481528110870761,0.7145173614479574,1.931595549510701,1.5079424809364874,0.2882895431408612,0.3203217146009569,1,10,0.7752263562220906,1.637500584656622,0.8,0.7145173614479574,0.7145173614479574,1,False,False,False,False,1e-06,0.9,-3.6788040952745007
0.2686769200404267,0.0070857934271802,33.804534977358884,1.1565987318346007,0.0935696801723407,0.4692654717014734,,3,1,0.1,0.6924195851770385,0.3209340488997655,1.9675515638484744,1.448933697770496,1.01789094717913,1.1309899413101443,1,10,1.8728267036898103,0.8267125182591986,0.8,0.3209340488997655,0.3209340488997655,1,False,False,False,False,1e-06,0.9,-2.239852272745145
0.2575903101224366,0.0195959903659772,7.901390105121369,0.3324838042952728,0.0158383137532331,0.6120428634942036,,3,1,0.1,4.884654720805791,0.9912646285978428,0.7619212650269886,0.7898624298750814,0.5704852448761926,0.6338724943068806,1,10,1.8077162557735984,1.1360518452132742,0.8,0.9912646285978428,0.9912646285978428,1,False,False,False,False,1e-06,0.9,-3.2790377893655336
0.3770085369006198,0.0112412002208121,28.559956291885705,1.9640588610980865,0.0791244597266435,0.6537420334127109,,3,1,0.1,0.7672460699989849,0.2403717100465676,0.989966005169878,1.9387198556068417,0.4766898164735648,0.5296553516372943,1,10,0.8132455426472344,0.92700531363327,0.8,0.2403717100465676,0.2403717100465676,1,False,False,False,False,1e-06,0.9,-4.766702115134511
0.327131322332852,0.0293525827046755,4.163813388653875,0.317263079881766,0.0274752697648887,0.5566737251672562,,3,1,0.1,3.117177561653155,0.9570326277328708,1.70826668284951,1.0225405578834963,0.7167459668221079,0.7963844075801199,1,10,1.919018523787364,1.9000313437926144,0.8,0.9570326277328708,0.9570326277328708,1,False,False,False,False,1e-06,0.9,-3.908483832802334
0.3359320486821631,0.0138605754771202,10.840912874211035,2.739071153564785,0.1710863380307633,0.7274806136216537,,3,1,0.1,1.270041500595572,0.1616306562205474,1.6443119391613596,1.1786031607236664,0.3371463694674752,0.3746070771860836,1,10,1.6197668423664204,0.8160574810272518,0.8,0.1616306562205474,0.1616306562205474,1,False,False,False,False,1e-06,0.9,-0.8094930745865572
0.3587479831504342,0.0433844792292524,3.7492008710261433,0.3694708608213263,0.0261717764872336,0.6180145815912559,,3,1,0.1,3.4055880478669858,0.9242017711681824,1.6126829127683366,1.867367690122658,0.5562763190517154,0.6180847989463504,1,10,1.1878046181784054,1.6198580632232804,0.8,0.9242017711681824,0.9242017711681824,1,False,False,False,False,1e-06,0.9,-5.16394223461834
0.365871646251682,0.0379501786614045,7.886033847033412,0.372439401651147,-0.0168801081063297,0.811273519115415,,3,1,0.1,-13.730544880494,0.8150612114566842,1.033716537551831,1.0286501094150216,0.2093669136166669,0.2326299040185188,1,10,1.1107448564560187,1.8810189988571204,0.8,0.8150612114566842,0.8150612114566842,1,False,False,False,False,1e-06,0.9,-2.6653385384076174
0.150860314980171,0.0114321366810252,8.002082116062496,0.4862535629469509,0.0658802722747907,0.4552891311622994,,3,1,0.1,1.5445379180566112,0.7810462483668833,1.508220164792047,1.048441327193899,1.076765836035677,1.1964064844840856,1,10,1.4012298287125462,0.6159427427522726,0.8,0.7810462483668833,0.7810462483668833,1,False,False,False,False,1e-06,0.9,-9.11143735873523
0.2734891666581336,0.0128781624632987,7.480615716177264,0.4150932144715303,-0.0017932359757843,0.7789943973403387,,3,1,0.1,-3.774104440519874,0.8022570482075541,1.6752526242039567,1.791617037468084,0.2553356520570644,0.2837062800634048,1,10,0.1720769845338361,1.1298290143074967,0.8,0.8022570482075541,0.8022570482075541,1,False,False,False,False,1e-06,0.9,-1.4413989087226842
0.1880855500875804,0.0151899237682166,8.752984038978306,0.5372735975858018,0.0563283155321825,0.5310256281274373,,3,1,0.1,1.5817769223247835,0.6735674638151259,1.7282155736541982,0.9895384268181056,0.7948334549759526,0.883148283306614,1,10,1.7287235772498517,0.7470404279336906,0.8,0.6735674638151259,0.6735674638151259,1,False,False,False,False,1e-06,0.9,-8.29026845328863
0.16931145930023,0.0025700172480937,66.97984494924911,1.2360289830804112,0.0517737434229212,0.4017618364579975,,3,1,0.1,0.7161056795489456,0.4080368072577426,0.7696330973446185,1.4600964718921563,1.3401331294543972,1.4890368105048857,1,10,0.7449798896926125,0.5594602128597579,0.8,0.4080368072577426,0.4080368072577426,1,False,False,False,False,1e-06,0.9,-5.764504968307784
0.4511920631026939,0.0033308180138064,67.8929399899323,0.977450700637324,0.0306677363098792,0.3991803111897343,,3,1,0.1,0.7016923275122956,0.3604094708759727,1.825370805626193,1.6613293160927245,1.3546202174090227,1.505133574898914,1,10,0.3616987332248561,1.9347268909553967,0.8,0.3604094708759727,0.3604094708759727,1,False,False,False,False,1e-06,0.9,-1.6500412054074385
0.1682355125170887,0.0176240495763282,8.275340617846561,1.1693051956633334,-0.0143265330941608,0.91345654183962,,3,1,0.1,-27.33562952911729,0.4191307021329993,1.9352908003403249,1.5694091833036243,0.0852685472999956,0.0947428303333284,1,10,0.8580277946231002,0.5714709877013241,0.8,0.4191307021329993,0.4191307021329993,1,False,False,False,False,1e-06,0.9,-3.7580672023914574
0.3508353527883721,0.0844926904729887,3.003169425853196,0.543766262907542,0.0691443255261729,0.6453822498538445,,3,1,0.1,-1.912294694902412,0.7328620273998411,1.3794115821601165,1.845213895636776,0.4945223938275604,0.5494693264750672,1,10,1.984775227166764,1.2091053459049264,0.8,0.7328620273998411,0.7328620273998411,1,False,False,False,False,1e-06,0.9,-0.6410152706629599
0.2061580128903621,0.0192655065458783,9.648376434920545,0.5559858112560039,0.0833484319748077,0.4750513365558982,,3,1,0.1,1.5943915286143886,0.7572185185736798,0.7982006935080115,1.4266605788167648,0.9945320868371016,1.105035652041224,1,10,1.2995957468550612,0.7411532862949264,0.8,0.7572185185736798,0.7572185185736798,1,False,False,False,False,1e-06,0.9,-7.19114144494283
0.2586361696158059,0.0116472850209292,28.75909195756077,0.8100479145247789,0.0905183877680697,0.41526604186493,,3,1,0.1,1.376094470777732,0.5379069614506854,0.6940270133301432,1.7995786877152398,1.2672853286008283,1.4080948095564758,1,10,0.4448994765044949,0.8628285393964743,0.8,0.5379069614506854,0.5379069614506854,1,False,False,False,False,1e-06,0.9,-1.152365096938743
0.3453927956636264,0.0008279007879715,188.43001794285664,2.7982068921485355,0.0313522649103598,0.5834634185939699,,3,1,0.1,0.3646433209843372,0.1439281109130421,1.6786266586628371,1.2125137432610575,0.6425131573266754,0.7139035081407504,1,10,1.9776972477070207,0.811885469087116,0.8,0.1439281109130421,0.1439281109130421,1,False,False,False,False,1e-06,0.9,-3.847331967547505
0.1691432951655188,0.0014993781616591,95.35893353128832,2.240878179843495,0.0541370603429518,0.5512936117489763,,3,1,0.1,0.5291705785029284,0.2075576183117033,1.1977293466464258,0.8970039435794945,0.732523905264845,0.8139154502942723,1,10,1.7169116413071848,0.5172247150778485,0.8,0.2075576183117033,0.2075576183117033,1,False,False,False,False,1e-06,0.9,-2.0261419590330867
0.2925583690947033,0.0085871996298298,7.093545685520351,0.2987947182908961,0.010185007793576,0.5319454533285497,,3,1,0.1,2.298957795255646,0.9479749026636866,1.265090972066275,1.5241127178656342,0.7919027963645848,0.8798919959606498,1,10,0.1487359764445736,1.753090758883978,0.8,0.9479749026636866,0.9479749026636866,1,False,False,False,False,1e-06,0.9,-9.05257495271928
0.6764863327043575,0.0001657359779609,1143.688556068365,3.213453156694982,0.0082805944870057,0.6276894090960684,,3,1,0.1,0.2740616936346192,0.0991043970601211,0.8843483647155931,1.268421592607276,0.533830150641038,0.5931446118233755,1,10,0.5277093988970292,1.571402242776911,0.8,0.0991043970601211,0.0991043970601211,1,False,False,False,False,1e-06,0.9,-5.8152766511422165
0.4237998372749093,0.0382849174081874,8.327011250686427,0.6265619935152477,0.0112960047501362,0.7030040041506692,,3,1,0.1,-2.670646163466174,0.5677137111691772,1.4067891171506122,1.470785482800869,0.380220304132308,0.4224670045914533,1,10,0.4198933207451266,1.7185386610859814,0.8,0.5677137111691772,0.5677137111691772,1,False,False,False,False,1e-06,0.9,-0.7832170432526837
0.6898987062749077,0.0007772605749512,475.5599627503724,2.3956074845725404,0.023403057285638,0.5933748799775169,,3,1,0.1,0.3075714361519255,0.121378204062323,0.8167614602068363,1.9285621742830767,0.6167477262166898,0.6852752513518776,1,10,1.783352371553962,1.8690666419748176,0.8,0.121378204062323,0.121378204062323,1,False,False,False,False,1e-06,0.9,-6.006437128768404
0.3278709843230891,0.0315163425083481,4.4558190042019525,0.3532992396773316,0.0130758965410871,0.65098064185803,,3,1,0.1,3.1339650620498274,0.885909523979709,1.6248461686218687,1.1083638485382314,0.4825295901752449,0.5361439890836055,1,10,1.877253566552136,1.6381233514161928,0.8,0.885909523979709,0.885909523979709,1,False,False,False,False,1e-06,0.9,-8.693341992754196
0.1415259812585325,0.0085327214056734,20.125033954892444,0.8387921250142162,0.0134966201492779,0.7518003607213259,,3,1,0.1,2.3892860518491754,0.4668229978965448,1.9050506864104308,0.6117013270591335,0.2971263210574703,0.3301403567305225,1,10,1.7374957008378855,0.6419776224692666,0.8,0.4668229978965448,0.4668229978965448,1,False,False,False,False,1e-06,0.9,-6.6446804841885765
0.3629902755694445,0.0057577940971189,64.7068611923619,1.086309762841554,0.0499275060107628,0.4337642840291796,,3,1,0.1,0.7133872638876244,0.3910200715567153,0.8407295865561452,1.6945678784929816,1.174859625693517,1.305399584103908,1,10,0.6673381248430236,1.164261403967192,0.8,0.3910200715567153,0.3910200715567153,1,False,False,False,False,1e-06,0.9,-9.361347073532889
0.7217652765517115,2.068976265213469e-05,15491.246784463849,3.171002635861337,0.0013892608368949,0.547458475775816,,3,1,0.1,0.2279206903585305,0.0997741056740298,0.6836991621907887,1.404953929069166,0.7439602998649156,0.8266225554054618,1,10,0.4015709470774538,1.8201350043232007,0.8,0.0997741056740298,0.0997741056740298,1,False,False,False,False,1e-06,0.9,-3.694801095651857
0.4524945701306984,0.0599628714043181,6.251431713206463,0.4851218996402057,-0.03019252201549,0.8082576415873687,,3,1,0.1,-31.3511461116517,0.6691618168800049,1.3002331771146023,1.986665393945133,0.2135063297792704,0.2372292553103004,1,10,1.193610979820616,1.9323854659283368,0.8,0.6691618168800049,0.6691618168800049,1,False,False,False,False,1e-06,0.9,-2.538195860130152
0.3915721913195113,0.0001378777603191,485.3207520365791,0.9285534995160396,0.0020193628548565,0.3733311289399635,,3,1,0.1,0.4885149127136726,0.2980532122165066,1.210572909891968,0.934498624154268,1.51072852016241,1.6785872446249002,1,10,0.0743221312520486,1.7199357671108928,0.8,0.2980532122165066,0.2980532122165066,1,False,False,False,False,1e-06,0.9,-6.724285727048546
0.3307973108987788,0.0092903881458741,17.247312072809432,0.4733855526195175,0.0435951123563743,0.4227052737682394,,3,1,0.1,1.2382971388107278,0.5461720080494972,1.68944167409307,0.5921765465154403,1.2291430598366544,1.365714510929616,1,10,1.8167189222253568,1.7537952836192672,0.8,0.5461720080494972,0.5461720080494972,1,False,False,False,False,1e-06,0.9,-1.6947342508455885
0.4399010574072909,0.0068240814308447,41.32582535704189,1.4838251834116167,0.0500877193197801,0.5741820771471654,,3,1,0.1,0.6483727025135998,0.2630867761892093,1.6624059325206302,1.3194288342371567,0.6674470447974746,0.7416078275527496,1,10,0.6234534723164463,1.245559035672331,0.8,0.2630867761892093,0.2630867761892093,1,False,False,False,False,1e-06,0.9,-7.532951559756481
0.2604794526677566,0.0100200949066039,23.97644404370524,0.4474208586810223,0.0323096440588047,0.4648672054717559,,3,1,0.1,1.5711629784405396,0.7344881446096825,0.5239589236611537,0.52700904843511,1.0360367636315908,1.1511519595906563,1,10,0.9330011324897256,1.117119199174616,0.8,0.7344881446096825,0.7344881446096825,1,False,False,False,False,1e-06,0.9,-5.04697944531045
0.7211172337458525,6.428147668953995e-08,1277718.148152202,2.109279012975551,1.4846953618852094e-05,0.4779299439556161,,3,1,0.1,0.1468040746890421,0.0761022110010774,1.4413695261504702,0.9774792497631076,0.983121179960175,1.0923568666224166,1,10,1.1057077194886178,1.6751136504348012,0.8,0.0761022110010774,0.0761022110010774,1,False,False,False,False,1e-06,0.9,-9.891595400956732
0.2072384347258898,0.0156278596993224,6.391141078372862,0.3624864534811409,0.0136265236686706,0.646803487063907,,3,1,0.1,4.467601648140496,0.9865724298241358,0.9394427500454386,0.7621095187679023,0.4914581754737449,0.5460646394152721,1,10,1.2475787165146937,0.8497460211203917,0.8,0.9865724298241358,0.9865724298241358,1,False,False,False,False,1e-06,0.9,-4.82077978641284
0.3876794083839158,0.0307178818610122,8.466664726561387,1.3469231910156343,0.0099716814462643,0.789286409959098,,3,1,0.1,3.309294449119934,0.29550301565516,1.8374255483820323,1.2094083276303338,0.2402704881826603,0.2669672090918448,1,10,1.0596338617581962,1.1562341183578242,0.8,0.29550301565516,0.29550301565516,1,False,False,False,False,1e-06,0.9,-1.920927128337727
0.5581601640757293,0.0251186835306957,53.43651802864303,1.2256758101142038,-0.0278489640627012,0.8411258501540322,,3,1,0.1,2.04304135528088,0.274889897896876,0.5871431584039699,0.8576231841152122,0.1699944602049579,0.1888827335610644,1,10,1.8173073932982369,1.959174557441552,0.8,0.274889897896876,0.274889897896876,1,False,False,False,False,1e-06,0.9,-9.505404119762437
0.5015739800481781,0.0497292259537437,7.586335472888433,0.7126905460831013,-0.0553265901996906,0.8742052371376868,,3,1,0.1,6.844214047955217,0.4701713854699662,1.4960570590193203,1.978571798462727,0.1295065297787166,0.143896144198574,1,10,1.069385204791807,1.7944259875801631,0.8,0.4701713854699662,0.4701713854699662,1,False,False,False,False,1e-06,0.9,-7.198537923485089
0.3145080609003452,2.211005020579076e-09,13152254.079274936,10.750793838369331,2.283941815527421e-06,0.4756247252596389,,3,1,0.1,0.1243264429606635,0.0647377139506528,0.9169831792447396,1.9321263648642488,0.9922481364035448,1.102497929337272,1,10,1.1061812921563308,0.6225308752495716,0.8,0.0647377139506528,0.0647377139506528,1,False,False,False,False,1e-06,0.9,-8.39501842757181
0.4411964030288838,0.0120404747022214,33.80990529487011,1.0714815786036174,0.1486352429759469,0.3355741711465403,,3,1,0.1,0.9038117256345524,0.3889243688011627,1.1900455841759894,1.8938409059234864,1.781970417821528,1.979967130912809,1,10,1.8867084880212368,1.5933664305494757,0.8,0.3889243688011627,0.3889243688011627,1,False,False,False,False,1e-06,0.9,-0.5574853564752971
0.2663000162558089,0.0015896012947125,43.46970337404275,0.6164537118274431,0.0130108550799402,0.3688556358949506,,3,1,0.1,0.9444395243464584,0.5332454179312756,0.810819168541474,1.1586893012509516,1.5399789847763596,1.7110877608626218,1,10,0.0967238902516728,1.099142593423356,0.8,0.5332454179312756,0.5332454179312756,1,False,False,False,False,1e-06,0.9,-2.956480327019836
0.1590338637888929,0.0143251441585549,8.710069808197305,0.6135503834640159,-0.0074577620902003,0.8956433278363567,,3,1,0.1,27.292401818962784,0.6983417110565228,1.1456867960092496,0.8609423102747092,0.1048642936627104,0.116515881847456,1,10,0.9575809025742672,0.6185925140430487,0.8,0.6983417110565228,0.6983417110565228,1,False,False,False,False,1e-06,0.9,-7.940471055758395
0.5196295199256536,0.0212182718775718,29.626916570622782,1.4522219690457323,0.3793177648667261,0.3556607899822214,,3,1,0.1,1.3547838915767154,0.280404465239115,0.874804702500622,1.329541040239128,1.630501042988148,1.8116678255423868,1,10,1.4913613831527075,1.6694660301192663,0.8,0.280404465239115,0.280404465239115,1,False,False,False,False,1e-06,0.9,-0.2280217411038538
0.3805949038904762,0.0132151837969462,13.715708391800527,0.5935372381115015,0.0543369325826603,0.429124346972406,,3,1,0.1,1.1192121017666652,0.5745515552062276,1.6462285431993782,1.6371617475215072,1.197294190715943,1.3303268785732698,1,10,0.4567598825412621,1.916708013947251,0.8,0.5745515552062276,0.5745515552062276,1,False,False,False,False,1e-06,0.9,-4.286252375316181
0.598834852403134,0.0037193395010343,253.31226848654345,1.7061486154215657,0.045138972370386,0.5199316435617858,,3,1,0.1,0.4584878923410811,0.210497636489524,0.6578525580246952,1.6948290264259342,0.8309967784121779,0.9233297537913088,1,10,1.5261884064614573,1.9031256360134243,0.8,0.210497636489524,0.210497636489524,1,False,False,False,False,1e-06,0.9,-5.222677546372035
0.325668416711481,0.0311131253282185,4.83458240604891,0.4504219150001495,-0.0033188372332185,0.7649819910874484,,3,1,0.1,4.638244598809039,0.767248373136267,1.9075214320293576,1.7576462174893908,0.2764982842545337,0.3072203158383708,1,10,0.7198410404515261,1.2530956673866784,0.8,0.767248373136267,0.767248373136267,1,False,False,False,False,1e-06,0.9,-8.432898125796825
0.4242622139945091,0.0019264238715774,109.35916078701814,0.7986497590925302,0.0225944033242091,0.3790718379443495,,3,1,0.1,0.5472986186739522,0.332176023980565,1.9331138898636944,1.170781182415913,1.4742201606971554,1.6380224007746171,1,10,1.1276684733226172,1.8489235263560824,0.8,0.332176023980565,0.332176023980565,1,False,False,False,False,1e-06,0.9,-9.000150187169657
0.2771600750561533,6.87926949011776e-11,318394440.3131012,10.744784360838745,1.2189466868479833e-07,0.3842600283855912,,3,1,0.1,0.1246673397118401,0.0641463211296733,1.2216202705842711,1.753577987075206,1.442163986666035,1.6024044296289277,1,10,1.907404388338267,0.5689623177501216,0.8,0.0641463211296733,0.0641463211296733,1,False,False,False,False,1e-06,0.9,-0.2435657208371378
0.1311924538783797,0.0024143505692248,23.78004378854155,0.7470711178150352,0.0409666555178753,0.3542642773941006,,3,1,0.1,0.9465729038102229,0.5901073238025536,1.3357028273058769,1.2892926128795152,1.6404762981473189,1.82275144238591,1,10,0.4469665058558674,0.5140490929632306,0.8,0.5901073238025536,0.5901073238025536,1,False,False,False,False,1e-06,0.9,-9.365725419014115
0.2331192696539943,0.0008573157531285,110.5624372117341,0.6520020144246786,0.013021521788196,0.3763340201468169,,3,1,0.1,0.6174895432485751,0.3753423005214905,1.6813169834974728,0.5357285659873928,1.4914925354048203,1.6572139282275782,1,10,1.35635376248149,0.8896896562511132,0.8,0.3753423005214905,0.3753423005214905,1,False,False,False,False,1e-06,0.9,-8.932270903818292
0.313644247968342,0.0205752240190325,10.03276569736844,0.5334222537490418,0.0510956827892774,0.5136857979578191,,3,1,0.1,2.053310113491181,0.6807443508861516,1.0558957637192483,1.0455819085335178,0.8520437660102544,0.9467152955669492,1,10,0.5125892592932727,1.2392109310851902,0.8,0.6807443508861516,0.6807443508861516,1,False,False,False,False,1e-06,0.9,-2.2592758018105883
0.1583947719685556,0.0061008573993696,11.52390320201708,0.5927955820115662,0.0203571204180301,0.5898176997996593,,3,1,0.1,2.1800006505343394,0.719473646199493,1.5189937051659488,1.216883825486285,0.6258952050874345,0.6954391167638161,1,10,0.2124534436193478,0.5980902466320271,0.8,0.719473646199493,0.719473646199493,1,False,False,False,False,1e-06,0.9,-5.294642778773341
0.1853461389658527,0.0084455940318106,18.803693667864128,0.5662356384790009,0.0682742936469805,0.3683884279601633,,3,1,0.1,1.2308725022783282,0.7385610199427007,0.61073422519394,1.5879885707304002,1.5430734835604667,1.714526092844963,1,10,0.6757562161508874,0.699825032549225,0.8,0.7385610199427007,0.7385610199427007,1,False,False,False,False,1e-06,0.9,-8.615197467453505
0.31524739115325,0.0323897052870119,7.826863334596992,0.3625114832946929,-0.0025186856344926,0.7514967874574838,,3,1,0.1,9.281329641569677,0.8971691680840481,0.8193010130373584,1.0922099982992657,0.2976099100103176,0.3306776777892418,1,10,1.1790537090194746,1.3607428534657529,0.8,0.8971691680840481,0.8971691680840481,1,False,False,False,False,1e-06,0.9,-4.440349260057703
0.4074058428477014,0.0338478717580242,7.128378837046307,0.5962765503921824,-0.027513871801623,0.858062489027202,,3,1,0.1,-45.88711734782178,0.5744435911863873,1.816796246642452,1.894480137708641,0.1488746583251102,0.1654162870279002,1,10,0.5553305482812679,1.51704318795924,0.8,0.5744435911863873,0.5744435911863873,1,False,False,False,False,1e-06,0.9,-3.1912523006590927
0.308517293323205,0.0096050465993729,13.754890408530716,0.3464985263587176,0.0365192674292146,0.3652088090867297,,3,1,0.1,1.3609373424097242,0.8081280990119523,0.9208972871602036,0.6324648132919908,1.5643436237220334,1.7381595819133704,1,10,0.9189809694336548,1.9903420570150143,0.8,0.8081280990119523,0.8081280990119523,1,False,False,False,False,1e-06,0.9,-7.200426206817329
0.2468883076064005,0.0153708687202078,12.563984426612285,0.3444987714724972,-0.0092898743355674,0.8991728891789231,,3,1,0.1,-23.54530942128244,0.962008347190665,0.5574158757882286,0.7105600904707874,0.100919857383414,0.11213317487046,1,10,0.5020533555950888,1.0314814233157972,0.8,0.962008347190665,0.962008347190665,1,False,False,False,False,1e-06,0.9,-6.105181773295561
0.426890344419439,0.0362047179906713,37.70885340367479,0.5200056265512455,0.0046846118902142,0.7091373588406383,,3,1,0.1,2.5801485542282414,0.6331786447796909,0.525001635824424,1.97662285786315,0.3691476323732274,0.4101640359702527,1,10,0.6760287453756008,1.949982376259073,0.8,0.6331786447796909,0.6331786447796909,1,False,False,False,False,1e-06,0.9,-9.877332863512994
0.1257779371401747,0.0103097463330605,9.36207436243199,0.5551210973402664,0.1169374476030974,0.3612112515253295,,3,1,0.1,1.3372241426149367,0.7964198316304978,0.9867162740010744,1.890769882743552,1.5916167372955947,1.7684630414395497,1,10,1.6410129749459152,0.5098845643708867,0.8,0.7964198316304978,0.7964198316304978,1,False,False,False,False,1e-06,0.9,-6.6573387770727415
0.2506993254247255,0.0226906181588328,11.530145073789043,0.8461587478613033,0.0285865670633236,0.7167914662885627,,3,1,0.1,2.895161910765313,0.5173263915960313,0.8991257337533652,1.1548582462837538,0.3555953053683288,0.3951058948536987,1,10,0.8482410038822977,0.7889569574908687,0.8,0.5173263915960313,0.5173263915960313,1,False,False,False,False,1e-06,0.9,-3.5477227345864097
0.3112734730799066,0.0082652379289554,19.2014860183012,0.4002155937520519,0.0315045988605354,0.3858869697228155,,3,1,0.1,1.3702769772307384,0.7521886021691595,0.7908458200049656,1.5050576479797095,1.43228916914835,1.5914324101648332,1,10,0.2329003004099084,1.790512621400755,0.8,0.7521886021691595,0.7521886021691595,1,False,False,False,False,1e-06,0.9,-4.453118810978346
0.3422596320803779,0.0216500621110387,7.39997403158499,0.4269886923412483,0.062141635352399,0.4400579714416621,,3,1,0.1,1.4528405718425663,0.727070928347348,1.6333586671323574,1.001386258041983,1.145185085618456,1.2724278729093956,1,10,1.860528638217704,1.900606800196961,0.8,0.727070928347348,0.727070928347348,1,False,False,False,False,1e-06,0.9,-5.3778927674415975
0.2111957294282479,0.0046985504920659,58.55258870396938,2.3518113176671864,0.1157999863459426,0.555324601686077,,3,1,0.1,0.615896711250441,0.2289284983000313,0.5737818150853492,1.6876930025854362,0.7206737415691998,0.8007486017435553,1,10,1.4845786920873665,0.5807557406516168,0.8,0.2289284983000313,0.2289284983000313,1,False,False,False,False,1e-06,0.9,-1.742076854510353
0.2805806444838309,0.0124688151598857,15.133709228650176,0.777472416159932,0.06490547626947,0.4734010013258928,,3,1,0.1,1.1053644733219574,0.5514977468362697,1.377221306669679,1.867153295579892,1.0011366631656808,1.1123740701840898,1,10,0.5750999087831616,0.9299736360703372,0.8,0.5514977468362697,0.5514977468362697,1,False,False,False,False,1e-06,0.9,-9.435276361769294
0.1618126942813976,0.0168985801348217,6.65454883208078,0.477013751467635,0.0881927054689401,0.4451278070259662,,3,1,0.1,1.8669419382863464,0.8620112346500742,1.073184111655884,1.3398183206583576,1.1218912092083682,1.2465457880092978,1,10,1.7779891534745396,0.6288752431043463,0.8,0.8620112346500742,0.8620112346500742,1,False,False,False,False,1e-06,0.9,-4.119282310095649
0.3786407275709617,2.1906759545027845e-07,607374.6712594847,-2.1057795489169724,3.325312047632251e-05,0.4224788670862256,,3,1,0.1,0.1877066977830841,0.107351790642908,1.7135805467360252,0.5870652455661451,1.230284068898326,1.3669822987759177,1,10,1.2095515551400853,0.8882302262116492,0.8,0.107351790642908,0.107351790642908,1,False,False,False,False,1e-06,0.9,-8.08631403160275
0.4147567344392449,0.0523480629131548,4.696903334971044,0.6491021579718136,-0.0090825500542254,0.7702936889062239,,3,1,0.1,3.10726153204752,0.5650746019451206,1.9774131266335209,1.984739699410104,0.2683855300410836,0.2982061444900929,1,10,1.6238320529390122,1.4222821275151292,0.8,0.5650746019451206,0.5650746019451206,1,False,False,False,False,1e-06,0.9,-9.096591087603851
0.3858302497033691,0.0350247760749652,8.325624215595035,0.7124944641420126,0.0676027775941012,0.5861325972822203,,3,1,0.1,1.4204806439316693,0.5367734440289096,1.450836891339082,1.41527035596811,0.6354887344145678,0.7060985937939641,1,10,1.8939861620293543,1.3969338636545503,0.8,0.5367734440289096,0.5367734440289096,1,False,False,False,False,1e-06,0.9,-8.742894527535617
0.3898787927347782,0.0370454528724238,15.644342801049966,0.4702212842446795,0.0582057223020753,0.5260545143927814,,3,1,0.1,1.8558808449764848,0.761343644477377,0.7254132781381684,1.6987944280319018,0.8108493043517735,0.9009436715019704,1,10,1.0192803134554165,1.911290715394328,0.8,0.761343644477377,0.761343644477377,1,False,False,False,False,1e-06,0.9,-6.286185837624503
0.446432086322531,0.0129140246180988,75.29813917362354,1.4996880563490724,0.0871852590226877,0.5607161985616304,,3,1,0.1,0.700753606089592,0.2888937868792637,0.5175244035491068,1.854069179064048,0.7050900657207924,0.783433406356436,1,10,1.1734544563870932,1.2372761448432936,0.8,0.2888937868792637,0.2888937868792637,1,False,False,False,False,1e-06,0.9,-5.994600021591479
0.3105282437328427,0.0422547376642193,10.698622698891263,0.3570661602838844,0.0074892676536432,0.7060203183427632,,3,1,0.1,-122.09218119255496,0.9615094093641492,0.5729297381495775,1.3877046521093228,0.3747508486902529,0.4163898318780588,1,10,1.4372782343545196,1.255246058063431,0.8,0.9615094093641492,0.9615094093641492,1,False,False,False,False,1e-06,0.9,-2.248911823470431
0.2929645888823091,0.0006485301453542,305.51617808994024,1.6237457630036152,0.0177388396505948,0.4990353648414694,,3,1,0.1,0.4480040703510213,0.2016257849039289,1.3460515405627425,0.8217779812547327,0.9034793992724476,1.0038659991916086,1,10,0.4586493404666335,0.7960829966934064,0.8,0.2016257849039289,0.2016257849039289,1,False,False,False,False,1e-06,0.9,-1.976352143203874
0.1468176234882113,0.0138052315441854,10.000315164426665,0.7945836289428483,0.1268754855336661,0.4851287371992606,,3,1,0.1,1.2785505214838715,0.557590455110732,1.4933719910445755,1.543573365795901,0.9551776693251962,1.0613085214724405,1,10,1.6755026477449129,0.5435706267250392,0.8,0.557590455110732,0.557590455110732,1,False,False,False,False,1e-06,0.9,-3.434530435472446
0.3671092500352071,0.0196304590383584,10.742777161411873,0.4862058380831316,0.0089762474626514,0.6698383757531078,,3,1,0.1,-40.35320277025502,0.6530758104205363,1.3854232917411906,1.664424889796363,0.4436077008698083,0.4928974454108981,1,10,0.218403794101568,1.7781383156074624,0.8,0.6530758104205363,0.6530758104205363,1,False,False,False,False,1e-06,0.9,-1.2630598532710806
0.2357629339613408,8.223041120428297e-09,5909765.742120468,4.170106134251727,2.59292501823318e-06,0.3443049957929989,,3,1,0.1,0.1769575502751396,0.1137375988728595,1.2436675507601636,1.0432721715011084,1.7139614905300211,1.904401656144468,1,10,1.0707763301116984,0.56301081736558,0.8,0.1137375988728595,0.1137375988728595,1,False,False,False,False,1e-06,0.9,-3.022674955421316
0.2740194973169436,0.02970531292965,4.449450852769997,0.3306745604933089,-0.0084063129929427,0.8131736922761718,,3,1,0.1,11.233627913179548,0.9996043005409412,1.188978254107436,1.208401136925101,0.2067746147576305,0.2297495719529227,1,10,1.7227572819707584,1.1316840328538893,0.8,0.9996043005409412,0.9996043005409412,1,False,False,False,False,1e-06,0.9,-8.307708567636789
0.1633268132580267,0.0041578855408198,55.21887241732016,1.124948756063891,0.0759023420730379,0.4028133551191661,,3,1,0.1,0.7576749219188306,0.4371990162568427,0.6235946681168016,1.9905618053164955,1.334285404300334,1.4825393381114822,1,10,1.0711140909500956,0.5568819540128448,0.8,0.4371990162568427,0.4371990162568427,1,False,False,False,False,1e-06,0.9,-8.735823075064813
0.2227787308886244,0.0243953802751569,10.357019462676949,0.469437444405508,0.0728197922811702,0.4921788357856124,,3,1,0.1,1.9773259213064769,0.8706290829175154,0.6172948555464489,1.6105967063933555,0.928603618364504,1.0317817981827822,1,10,1.2941700169940502,0.8165831684614069,0.8,0.8706290829175154,0.8706290829175154,1,False,False,False,False,1e-06,0.9,-6.346828746540297
0.3576024430191175,0.0032444098202581,32.40960104713727,0.6689786889642946,0.0242765218202184,0.3751923740078734,,3,1,0.1,0.7918914475365244,0.4690110497477376,1.83339561340678,1.8912193634709795,1.4987694376248537,1.6652993751387264,1,10,0.2723317189908885,1.728317607831704,0.8,0.4690110497477376,0.4690110497477376,1,False,False,False,False,1e-06,0.9,-5.407656714561142
0.1585453681878347,0.0101493387376121,6.060396347750308,0.416657528102904,0.0059109965712375,0.7452716623639675,,3,1,0.1,6.186598935766811,0.968093275125786,1.5718147665819964,1.275240330873082,0.3076133381285976,0.3417925979206639,1,10,0.3882763853601963,0.6236172477917868,0.8,0.968093275125786,0.968093275125786,1,False,False,False,False,1e-06,0.9,-7.343731662217952
0.3044119144114744,0.0245350969614632,4.995959474468258,0.3558575466234456,-0.0042753561904997,0.7613416579365582,,3,1,0.1,11.728716059595888,0.8488535599906754,1.7432919322774452,0.7936358733442395,0.2821236768249926,0.3134707520277696,1,10,1.3888810523808544,1.5908083746053847,0.8,0.8488535599906754,0.8488535599906754,1,False,False,False,False,1e-06,0.9,-3.8865198673582766
0.3528145971280996,0.0369138201874784,9.6924976042598,0.3272122025498568,0.0312196927277339,0.5626600411606039,,3,1,0.1,2.697892815332233,0.9906254063609772,0.7919066498077043,1.349532998859062,0.6995449012934383,0.7772721125482647,1,10,1.614321668979367,1.938592863330125,0.8,0.9906254063609772,0.9906254063609772,1,False,False,False,False,1e-06,0.9,-7.945044231363539
0.6460672549299994,0.0066447103768458,34.650241633366896,2.100659177660535,0.076036903400515,0.6585590680001305,,3,1,0.1,0.4619778867832341,0.1517793518345664,1.785907278475577,1.9527461087288536,0.4666200098543349,0.5184666776159277,1,10,1.8436745871752904,1.805946623464596,0.8,0.1517793518345664,0.1517793518345664,1,False,False,False,False,1e-06,0.9,-7.749419927790531
0.4054531326452102,0.0285208017470459,10.75166290049199,0.6768758261448027,-0.0318426426599987,0.8837864631392497,,3,1,0.1,13.111220835394109,0.5076892048047336,1.6656311168578375,0.8591017951781887,0.1183455365486806,0.1314950406096451,1,10,0.6699449393463845,1.888829860102736,0.8,0.5076892048047336,0.5076892048047336,1,False,False,False,False,1e-06,0.9,-5.790145922168437
0.3423294084456485,0.0061648462073206,29.879425933664844,0.7736902974072061,0.0217123626614703,0.5416723370120886,,3,1,0.1,1.1095763275491224,0.461660080738132,1.3561235347354883,1.1444459922509689,0.7615210681876018,0.8461345202084464,1,10,0.1667010154503559,1.261921132711786,0.8,0.461660080738132,0.461660080738132,1,False,False,False,False,1e-06,0.9,-5.917538282702179
0.3303846314465178,0.012752418096448,36.55897076908147,0.6818720158113648,0.0882595459534158,0.3709216368503142,,3,1,0.1,0.9750717469603288,0.5571892108642004,0.5846429136334759,1.4664698720909457,1.5263885160282409,1.6959872400313785,1,10,1.317505723826036,1.2938549777865869,0.8,0.5571892108642004,0.5571892108642004,1,False,False,False,False,1e-06,0.9,-3.585324767034611
0.3825969753162512,0.0417832169663677,4.6215394091748445,0.4275940667303538,0.0146103871769184,0.6679706763325304,,3,1,0.1,2.964997997376309,0.7724010226044911,1.733750573095199,1.4798469351659165,0.4473645354335293,0.4970717060372547,1,10,1.208110218905048,1.7997889724980125,0.8,0.7724010226044911,0.7724010226044911,1,False,False,False,False,1e-06,0.9,-7.213650857440522
0.2970022597581362,0.0180421289901052,8.219081255440344,0.5404302221395123,0.0977522083960905,0.3652806772343299,,3,1,0.1,2.386384342438973,0.7235467485542468,1.5139625020412129,1.9694556566464472,1.5638587696842348,1.7376208552047052,1,10,0.3581865455568402,1.1750822035856814,0.8,0.7235467485542468,0.7235467485542468,1,False,False,False,False,1e-06,0.9,-0.7972264755901257
0.2554740766676733,0.0020484464200833,38.45809689818476,0.7808370952198048,0.0176734569791293,0.4141623843946757,,3,1,0.1,0.8532080452952172,0.4782132181626278,1.6916131677267088,1.6548326986930628,1.2730606977149954,1.4145118863499948,1,10,0.14350950725589,0.922363048993177,0.8,0.4782132181626278,0.4782132181626278,1,False,False,False,False,1e-06,0.9,-7.8131798869602385
0.3078209923654148,0.0253390894885315,5.470413727281816,0.4301329863904411,-0.012402598727165,0.8265715930313028,,3,1,0.1,110.11324511679231,0.7522283693043865,1.930410056641628,0.9726500895400876,0.188834902611898,0.2098165584576645,1,10,0.6034094770355586,1.428145613738367,0.8,0.7522283693043865,0.7522283693043865,1,False,False,False,False,1e-06,0.9,-3.732183657788335
0.4604232230157704,5.964756532264962e-05,1727.1839497486876,4.073707602757295,0.0050467384214482,0.5427947980277764,,3,1,0.1,0.2477986642307886,0.1072792129743963,1.8561804232785608,1.6725809420045863,0.758085160856579,0.8423168453961988,1,10,1.2550751611904791,0.9507903734587392,0.8,0.1072792129743963,0.1072792129743963,1,False,False,False,False,1e-06,0.9,-2.39866410165314
0.2452964311937739,0.0174022580556591,4.830471461324144,0.378984532755079,0.0455646927888575,0.4614060360708653,,3,1,0.1,1.9207427045893843,0.936078554414083,1.7182729706473647,1.2245495297741864,1.050559658178752,1.1672885090875025,1,10,0.7221772775329828,1.0203256791270312,0.8,0.936078554414083,0.936078554414083,1,False,False,False,False,1e-06,0.9,-8.428943371146463
0.2324305987156897,0.0062266931100691,28.8337790199288,1.1633686897200932,0.0335005271498133,0.6132522594117782,,3,1,0.1,1.09901069172081,0.3920528954231403,1.412256960095668,1.1553552422988516,0.5675852981989263,0.6306503313321403,1,10,0.271203922858765,0.7109056710876681,0.8,0.3920528954231403,0.3920528954231403,1,False,False,False,False,1e-06,0.9,-8.01019030691711
0.5069399776511891,5.2253962408688126e-05,4738.680616960938,3.123208852801484,0.0028311404709215,0.4544431961072318,,3,1,0.1,0.2600542684797605,0.1389039193293935,0.93099766281491,1.936874008410274,1.08044553798894,1.2004950422099332,1,10,1.857548733492247,1.144251944149107,0.8,0.1389039193293935,0.1389039193293935,1,False,False,False,False,1e-06,0.9,-5.526306093056777
0.5849335457693203,0.0026883080745815,162.9204493193248,1.8260370429416328,0.0378069623002382,0.5893311706113059,,3,1,0.1,0.4373690522975855,0.168893228534792,0.886427352355561,1.0249690517317929,0.6271549255852892,0.6968388062058769,1,10,1.5408801634175755,1.6551321359923148,0.8,0.168893228534792,0.168893228534792,1,False,False,False,False,1e-06,0.9,-4.060694112444264
0.3308810038765922,0.0177162000462511,30.19358143195104,0.5069964918927884,0.0866428014005937,0.3677393376065169,,3,1,0.1,1.1811091923203236,0.694641091910288,0.5257339791320809,1.281424988392466,1.5473857103723965,1.7193174559693294,1,10,1.8922472277310485,1.55114974517726,0.8,0.694641091910288,0.694641091910288,1,False,False,False,False,1e-06,0.9,-5.787903879139103
0.441872023842446,0.0164074599903011,11.482866683570109,2.491322930743227,0.0884412695841952,0.7669506451213365,,3,1,0.1,0.8155982211801035,0.1713017004345254,1.4293632022942069,1.7961282891472097,0.273478379247747,0.3038648658308299,1,10,1.8316380055547936,1.0237589732594348,0.8,0.1713017004345254,0.1713017004345254,1,False,False,False,False,1e-06,0.9,-5.707857149426136
0.2728869031533257,0.002175568733217,116.93821598162508,1.247437369358639,0.036711278632087,0.4872334227742346,,3,1,0.1,0.5648540734728926,0.2645977415409395,1.2072135480896535,0.7794989945923967,0.9471639217103248,1.0524043574559163,1,10,1.1040947986914624,0.8198090690820052,0.8,0.2645977415409395,0.2645977415409395,1,False,False,False,False,1e-06,0.9,-2.9081421767496103
0.4153317499647387,0.033007956961571,20.27738601765393,1.087292722562169,0.1036479830573317,0.5985123205167178,,3,1,0.1,1.0536307560073626,0.3934783557979907,0.6865326990741911,1.9394616349308456,0.6037284432557656,0.6708093813952951,1,10,1.954294044064976,1.232973223536183,0.8,0.3934783557979907,0.3934783557979907,1,False,False,False,False,1e-06,0.9,-8.39945563553665
0.3290872271113648,0.0248542540596365,9.912783150277656,0.6319195814884001,0.0223839920978721,0.6664906701462392,,3,1,0.1,1.9838789181078973,0.5491750501336387,1.6204178761023025,0.8870372408867192,0.4503564870645903,0.5003960967384337,1,10,1.8020272408185904,1.3235578870644742,0.8,0.5491750501336387,0.5491750501336387,1,False,False,False,False,1e-06,0.9,-6.456462334088006
0.6066389209203746,3.757008919168271e-06,61006.7956530815,-0.222404681804684,0.0002433136343853,0.4556015237511132,,3,1,0.1,0.2203565343946232,0.1186280180311061,1.3014297219868824,0.5170755210638982,1.0754104257378505,1.194900473042056,1,10,0.8791240226492318,1.651440977438696,0.8,0.1186280180311061,0.1186280180311061,1,False,False,False,False,1e-06,0.9,-8.929477595189129
0.3145549276200581,0.0115819167318578,12.109663406943024,0.3691095421165641,0.0452973036692787,0.3577942384419147,,3,1,0.1,1.405561271123157,0.8241792608755772,0.945356956496436,0.927298578758754,1.6154122210553945,1.7949024678393273,1,10,0.511492346624069,1.915583209105892,0.8,0.8241792608755772,0.8241792608755772,1,False,False,False,False,1e-06,0.9,-5.281341271402886
0.5995642898621839,0.0002673929284822,780.0388331546513,3.718664402982228,0.0171860496753402,0.6270053807824405,,3,1,0.1,0.2670183391421257,0.095485885694369,0.6544773316888707,1.781978093805031,0.5353943803112013,0.5948826447902237,1,10,1.741721000917688,1.2710066837744174,0.8,0.095485885694369,0.095485885694369,1,False,False,False,False,1e-06,0.9,-3.8891525689136497
0.3900454801438945,0.0140366644722518,21.15305466648889,0.9685620398083518,0.0311411360066557,0.6497461241709186,,3,1,0.1,1.0802239984338948,0.3519316247511793,1.9682516789785849,0.9697485877302076,0.4851563965054927,0.5390626627838808,1,10,0.4694250427772606,1.4212156762122097,0.8,0.3519316247511793,0.3519316247511793,1,False,False,False,False,1e-06,0.9,-9.34902401461624
0.3143385686304246,0.0241748688095564,4.57518636098066,0.3874569896622663,0.0573805780072801,0.4461196283710818,,3,1,0.1,1.815044575661344,0.8902805766312434,1.7285631310312957,1.3746336160926815,1.117396103565703,1.2415512261841144,1,10,0.842240531210479,1.5007178256963998,0.8,0.8902805766312434,0.8902805766312434,1,False,False,False,False,1e-06,0.9,-6.266543019752907
0.388256903583611,0.0073130813279835,24.3685926704556,0.6308734252960128,0.0432429135491025,0.4100589266762122,,3,1,0.1,0.9835500047387384,0.4701084982739544,1.926961479164956,1.0412451640943237,1.29480650572607,1.4386738952511888,1,10,0.3364643782528332,1.9817595195027584,0.8,0.4701084982739544,0.4701084982739544,1,False,False,False,False,1e-06,0.9,-1.7216421203574992
0.4212772458501618,0.0501595740305879,7.758671980315257,0.6699659387404084,0.0009182178950591,0.747203549292582,,3,1,0.1,2.753741400607297,0.5533157702634793,1.1026185696321449,1.733525190375728,0.3044910665267565,0.3383234072519516,1,10,1.6985893344903884,1.440248591277829,0.8,0.5533157702634793,0.5533157702634793,1,False,False,False,False,1e-06,0.9,-7.971595297793176
0.3576142369467294,0.0303722686572055,7.099694130851622,0.5933478717847569,-0.0191697284063181,0.8309874917475766,,3,1,0.1,10.08033169279322,0.5840798127051688,1.9758525103663769,1.0996091760718407,0.1830487930778468,0.2033875478642743,1,10,0.6745351427475254,1.5095314333996108,0.8,0.5840798127051688,0.5840798127051688,1,False,False,False,False,1e-06,0.9,-4.369884454874754
0.274106663258706,0.0072984361926544,9.47901700122114,0.3440732133014936,0.0243308184872248,0.402655432770635,,3,1,0.1,1.4732173022164357,0.830089272910496,1.078089156029224,0.5029899557505962,1.3351616959621853,1.483512995513539,1,10,1.263626815595248,1.465084647978721,0.8,0.830089272910496,0.830089272910496,1,False,False,False,False,1e-06,0.9,-9.86215039617275
0.3262136149589943,0.0354786521126702,5.204349443172899,0.4379441175216737,0.0642989335724675,0.5146629286816247,,3,1,0.1,19.9420593956782,0.8206716363670912,1.318151841050072,1.1961949848410152,0.8487173640142801,0.9430192933492,1,10,0.5862577637470234,1.3788547602043024,0.8,0.8206716363670912,0.8206716363670912,1,False,False,False,False,1e-06,0.9,-0.950887498114696
0.6920479222401539,0.0004595215837534,1091.7542265743357,2.6541987623368346,0.0177512145695481,0.620918032498714,,3,1,0.1,0.2878802009320917,0.1071198418740337,0.5282587175132429,1.5814909050677055,0.5494666814204079,0.6105185349115643,1,10,1.403592559894222,1.7450092373220576,0.8,0.1071198418740337,0.1071198418740337,1,False,False,False,False,1e-06,0.9,-9.524541552839548
0.4365977221970284,0.0138493277740807,62.15821352414865,0.9094122665829084,0.0387951505703622,0.5786565475156218,,3,1,0.1,1.0545558131431585,0.4156061494681342,0.596283738846868,1.1324124119603431,0.6553267371880953,0.7281408190978836,1,10,0.424274893286206,1.560099992250256,0.8,0.4156061494681342,0.4156061494681342,1,False,False,False,False,1e-06,0.9,-8.829313119572742
0.3154295157360265,0.0051378989454229,28.850464483082764,0.6057650946527202,0.0345659210799202,0.4182365195105445,,3,1,0.1,0.8364494853295763,0.4669103616984106,1.71899169203438,0.8602707536342706,1.2518924293202696,1.3909915881336328,1,10,0.4529258826376348,1.3307036809243056,0.8,0.4669103616984106,0.4669103616984106,1,False,False,False,False,1e-06,0.9,-8.28914773068597
0.3257132895748807,0.0036817485482407,61.45259289856767,0.9599246784264368,0.0978562021945669,0.5340558694594092,,3,1,0.1,0.7114689502521366,0.1743317001484282,1.6521901846242788,0.705927230700317,0.7852169435213078,0.8724632705792309,1,10,0.9676933099364006,0.932487218934163,0.8,0.1743317001484282,0.1743317001484282,1,False,False,False,False,1e-06,0.9,-0.4214449383127707
0.1760684946719779,0.0094876553791988,8.468831940059728,0.4201884353399842,0.0700385163987973,0.3596017157930541,,3,1,0.1,1.4661697387154171,0.7921299014779356,1.6872528582005533,0.9324194709605178,1.6027689259356532,1.7808543621507258,1,10,1.90509905777373,0.7318352012642328,0.8,0.7921299014779356,0.7921299014779356,1,False,False,False,False,1e-06,0.9,-2.844909265286278
0.533790501445805,7.908820642953396e-07,318058.8707535079,2.595034002294901,6.434128874569757e-05,0.3627567477617793,,3,1,0.1,0.213989258588998,0.1350738644758636,0.7495412726294174,1.3409569247288116,1.5810014026011323,1.7566682251123695,1,10,1.846665220195003,1.2867780889628544,0.8,0.1350738644758636,0.1350738644758636,1,False,False,False,False,1e-06,0.9,-8.132219937640823
0.2864970153685547,0.0007570957908939,61.43475262891183,0.7184827988410599,0.0087361206797113,0.355238675003477,,3,1,0.1,0.6786105651815935,0.4269633544637382,1.7935671642072477,0.8884266296946284,1.633507929538333,1.815008810598148,1,10,0.1535323691469002,1.1481063394290971,0.8,0.4269633544637382,0.4269633544637382,1,False,False,False,False,1e-06,0.9,-9.72988415518024
0.5334292531894944,0.0008212157239775,460.5805896831071,1.0902551145137842,0.0176934452452082,0.4015796060782695,,3,1,0.1,0.4552052764112822,0.2166879864070819,1.3663331206223686,0.9947376432310336,1.341149665913528,1.4901662954594754,1,10,1.5485500051955914,1.7801857969569828,0.8,0.2166879864070819,0.2166879864070819,1,False,False,False,False,1e-06,0.9,-0.7109397435847917
0.3665608791320226,4.9437003459850096e-08,2457183.402365968,2.671208388520519,8.318014014633784e-06,0.3715601840673573,,3,1,0.1,0.1875166826446216,0.116444758732628,0.7509942409285157,0.5972113935823057,1.5222186299618308,1.6913540332909232,1,10,0.7521675472821927,0.8041849431228576,0.8,0.116444758732628,0.116444758732628,1,False,False,False,False,1e-06,0.9,-5.802599390943637
0.252257822484144,0.0073128370126496,8.301720776334687,0.3391244154762469,0.0322943852335872,0.3803783602232811,,3,1,0.1,1.496950105707585,0.7698694528479333,1.6714521425634716,0.526567727281417,1.466065197483112,1.6289613305367912,1,10,0.5220817080241721,1.276847711971944,0.8,0.7698694528479333,0.7698694528479333,1,False,False,False,False,1e-06,0.9,-2.7802398299845965
0.3812587475441881,0.0103306837192294,70.83836459190233,0.6460811981617673,0.0099866564820058,0.6538196219246768,,3,1,0.1,1.8361790461775795,0.5036949388100275,0.5217992743272638,0.7525675903703241,0.4765264452459096,0.5294738280510107,1,10,0.1758835557759334,1.677191096771531,0.8,0.5036949388100275,0.5036949388100275,1,False,False,False,False,1e-06,0.9,-4.582656320616696
0.3679817565806259,0.0520093738922231,5.210930646835176,0.5204657115256024,0.0197301282163561,0.6913803051612789,,3,1,0.1,4.553250534988707,0.7069412011153252,1.2439001992339511,1.6702396002120623,0.4017437628485182,0.4463819587205758,1,10,1.8855407586247432,1.351965284759952,0.8,0.7069412011153252,0.7069412011153252,1,False,False,False,False,1e-06,0.9,-3.187067435471848
0.4902789556975518,0.0004040177787184,610.6375610851626,1.6781558723726604,0.0072183510435358,0.4479106512948297,,3,1,0.1,0.4263797243423495,0.2241845088235424,1.619507886181935,1.3092439359255068,1.109329310205642,1.2325881224507134,1,10,0.25621880226246,1.410243521239546,0.8,0.2241845088235424,0.2241845088235424,1,False,False,False,False,1e-06,0.9,-3.817567159180985
0.1638247740218177,0.0061106696721859,15.973735317232766,0.5609889318025677,0.0723816457026889,0.3650234519606737,,3,1,0.1,1.0883472183886087,0.5920241821668961,1.9482890414266345,1.202995057908445,1.5655950053777985,1.7395500059753315,1,10,0.7960161616716075,0.6502835120654697,0.8,0.5920241821668961,0.5920241821668961,1,False,False,False,False,1e-06,0.9,-2.3744870015854147
0.4602820302034012,0.0016672361688685,238.22622124541672,0.7399758401069714,0.0208892626844255,0.3995180296500006,,3,1,0.1,0.5659125442182165,0.2933425323886027,1.1763882207411684,0.6890903420848944,1.3527143538138906,1.5030159486821006,1,10,1.0840441513610826,1.976527830596948,0.8,0.2933425323886027,0.2933425323886027,1,False,False,False,False,1e-06,0.9,-1.4269727222034805
0.3570246649935062,0.0436914105189805,5.904463952156829,0.833758876193899,-0.0508790127167968,0.9017314562758671,,3,1,0.1,13.696362858185372,0.4711853352870671,1.603430618187394,1.7523983810320896,0.0980798537482345,0.1089776152758161,1,10,1.5791389978754036,1.0777006223808845,0.8,0.4711853352870671,0.4711853352870671,1,False,False,False,False,1e-06,0.9,-6.652686997423667
0.308623546831456,0.0069795962094759,54.68763040546538,0.7331538422610623,0.0602053303918202,0.3787655124536179,,3,1,0.1,0.8519365212915899,0.4829604693861286,0.595372890210399,1.0037839221410731,1.4761403042475,1.6401558936083331,1,10,1.9411456660979225,1.1477305863351963,0.8,0.4829604693861286,0.4829604693861286,1,False,False,False,False,1e-06,0.9,-3.366545139027388
0.1285473971239311,0.0025500131981231,20.84314763044712,0.5939809965649183,0.0369071730428635,0.3473122848198526,,3,1,0.1,1.0685112712184324,0.6614786968986924,0.9076958921211876,0.6799052492953879,1.6913278606508866,1.879253178500985,1,10,0.5202535778476719,0.5309536434622057,0.8,0.6614786968986924,0.6614786968986924,1,False,False,False,False,1e-06,0.9,-6.833016900559262
0.6966423837381797,1.464980705113957e-05,8504.430525542475,2.941283644049267,0.0012032329684219,0.5076961294531408,,3,1,0.1,0.2066530408877722,0.0998535196813187,1.941810091979272,1.9070862003755336,0.8727139282496102,0.969682142499567,1,10,1.8240731193380453,1.714048778134253,0.8,0.0998535196813187,0.0998535196813187,1,False,False,False,False,1e-06,0.9,-5.564900292878954
0.2381673305989871,0.0100236567484639,21.2152534832818,0.439567412646993,0.0457136893998222,0.3888669523266924,,3,1,0.1,1.4486694210285955,0.8374461298012458,0.5002644123638706,1.3792598126851328,1.414416266579264,1.5715736295325151,1,10,0.4216169916246659,0.9758152509165188,0.8,0.8374461298012458,0.8374461298012458,1,False,False,False,False,1e-06,0.9,-9.85235736372774
0.3536263471745168,0.0271367690666311,15.892284425591928,1.1979895316277114,-0.0159398656224236,0.8364191589718187,,3,1,0.1,-1.00962855065896,0.3433038379909109,0.8539194046047593,0.6199425580200237,0.1760155244486977,0.1955728049429974,1,10,1.5813711198012272,1.1032704152701025,0.8,0.3433038379909109,0.3433038379909109,1,False,False,False,False,1e-06,0.9,-0.5701743753906392
0.2788664368263102,0.0277285968651443,4.339353418395038,0.3282509986543909,0.0019824202782693,0.7270815354455824,,3,1,0.1,8.234060008956607,0.9893514556734748,1.3253345227497346,1.0403791691078998,0.3378254103901109,0.3753615671001232,1,10,1.6921964144058017,1.22792760305181,0.8,0.9893514556734748,0.9893514556734748,1,False,False,False,False,1e-06,0.9,-4.7087980168431205
0.4769465697712471,0.0033694447574617,146.34068780669085,1.1658725749224828,0.0335528915528683,0.4386421682498245,,3,1,0.1,0.5674214849735763,0.3081476572733901,0.9307320501480246,1.14312830501828,1.1517863195665528,1.2797625772961696,1,10,0.906097963436318,1.6966436100591162,0.8,0.3081476572733901,0.3081476572733901,1,False,False,False,False,1e-06,0.9,-7.389691792928327
0.3457183537117544,0.0344011134897761,11.503880198354564,0.3944508298842584,0.1028237736519506,0.3731575116440676,,3,1,0.1,1.835858008302835,0.9692617243159916,0.7210422945453463,1.7460215756655069,1.511850148841317,1.6798334987125745,1,10,1.6340060680295816,1.8661057280861435,0.8,0.9692617243159916,0.9692617243159916,1,False,False,False,False,1e-06,0.9,-3.657791622549384
0.3479268768178323,0.0244005440910283,5.070016336597264,0.3894612129354188,0.0469777044124042,0.471581170565532,,3,1,0.1,1.7902523981639002,0.8606925424418663,1.7711515468575825,1.7886662891899596,1.0084731456107494,1.1205257173452772,1,10,0.606343202503423,1.9192506691632631,0.8,0.8606925424418663,0.8606925424418663,1,False,False,False,False,1e-06,0.9,-8.517577599540362
0.3407245837405005,0.013374173878026,11.372328132045142,0.5572126687904679,0.0860443333018017,0.3381533774537825,,3,1,0.1,1.0529960003155256,0.6263241200159381,1.5599078556694714,1.5476392458387809,1.7615141530650789,1.957237947850088,1,10,1.2558240961708351,1.6147018852681747,0.8,0.6263241200159381,0.6263241200159381,1,False,False,False,False,1e-06,0.9,-3.1589945267706145
0.4732697365123277,2.857254500977127e-05,3649.314337340148,4.083198539976561,0.0022361085109071,0.5564498075317553,,3,1,0.1,0.245010617974257,0.1071423242918267,1.445638152060843,1.290603354786651,0.7173965518869175,0.7971072798743528,1,10,0.3847348276540931,0.9719859144357952,0.8,0.1071423242918267,0.1071423242918267,1,False,False,False,False,1e-06,0.9,-9.533699902659793
0.340774569437978,0.0252054062847045,11.865109299864963,0.7915080581833498,-0.0068735427581109,0.7902851335899566,,3,1,0.1,3.187758219457592,0.4668789116668984,1.5663789479157295,0.8019629365266139,0.2388294702086216,0.2653660780095796,1,10,1.3255662908322514,1.3238992941209882,0.8,0.4668789116668984,0.4668789116668984,1,False,False,False,False,1e-06,0.9,-5.833024341875587
0.6060685287010785,7.766886802462474e-07,255112.92855278784,2.7099735664285274,5.5298823893703e-05,0.3469412282040394,,3,1,0.1,0.2464287934168537,0.139357560536432,1.1121718437205157,1.711054984598804,1.6940993079977849,1.882332564441983,1,10,0.2250919368291118,1.6819856283385524,0.8,0.139357560536432,0.139357560536432,1,False,False,False,False,1e-06,0.9,-0.5522409537312782
0.3002588004955465,0.0186501563600488,18.47695636658553,0.6268429779039303,0.1172693690846551,0.3740528459114504,,3,1,0.1,1.1651951688235969,0.6315588108297039,0.6833731415557583,1.5426597635550512,1.506077135456569,1.6734190393961876,1,10,1.744039987538564,1.128795221420947,0.8,0.6315588108297039,0.6315588108297039,1,False,False,False,False,1e-06,0.9,-2.814770854812596
0.2904460044595536,0.0026348349578236,55.692333659449766,0.9252286527180752,0.0347594283305592,0.3522218848276098,,3,1,0.1,0.6723699088823999,0.4208430243051123,1.266269079356025,1.4398106259574048,1.655207494958733,1.8391194388430363,1,10,0.8775492263898585,0.9989090126749304,0.8,0.4208430243051123,0.4208430243051123,1,False,False,False,False,1e-06,0.9,-6.778355901835996
0.419927723265492,0.0250152071359917,14.107446698231763,0.8111043840005648,0.0991618903277313,0.4961052209228151,,3,1,0.1,1.0297869216346929,0.4687142433980952,1.3484944986138774,1.4030035722154368,0.9141312811138982,1.015701423459887,1,10,1.843542047442139,1.5899287844718302,0.8,0.4687142433980952,0.4687142433980952,1,False,False,False,False,1e-06,0.9,-4.7710288050471625
0.5754859755723717,0.0085308995121701,68.0007506743086,1.82190927870134,0.0620268983573809,0.6182307463944833,,3,1,0.1,0.5964927705505341,0.2105263181050095,0.8253929493197115,1.790884041066422,0.5557671310409468,0.6175190344899408,1,10,0.8258143542366009,1.620320072640608,0.8,0.2105263181050095,0.2105263181050095,1,False,False,False,False,1e-06,0.9,-4.514686818910246
0.3878508221958463,0.0409110628279859,14.565885947344547,0.49043770293136,0.1120618217152335,0.4256948256973437,,3,1,0.1,1.6825865985821922,0.8013978856604109,0.7253032759809026,1.951899939939541,1.2141906024478513,1.3491006693865013,1,10,1.5564312959947575,1.9658649444662213,0.8,0.8013978856604109,0.8013978856604109,1,False,False,False,False,1e-06,0.9,-3.480565910013693
0.2980699001825831,0.0119045999762793,39.880611681239984,0.7182810965896119,0.0650385883543328,0.4409999984268022,,3,1,0.1,1.0567542200220053,0.5569031444358528,0.5147681280723257,1.3515977480858663,1.140816333810902,1.2675737042343354,1,10,0.6465752214518772,1.0578377906165577,0.8,0.5569031444358528,0.5569031444358528,1,False,False,False,False,1e-06,0.9,-7.673384793223743
0.2733859454153997,0.0204959806363258,4.447448776729709,0.3354892751060065,0.0382673175226829,0.4864028857702578,,3,1,0.1,2.171420799151563,0.9548442282918868,1.6410702021514458,0.9471018133750846,0.950317969587656,1.0559088550973954,1,10,1.1229897706122958,1.2930126263871602,0.8,0.9548442282918868,0.9548442282918868,1,False,False,False,False,1e-06,0.9,-6.28770345930177
0.3280687357061617,0.0050165757217683,53.18764748722239,0.8666219620404964,0.0557918439839589,0.3494170278083744,,3,1,0.1,0.7008298237579775,0.4415150005032246,0.8563358351558252,1.7783072930947823,1.675718778346353,1.86190975371817,1,10,1.657451195195119,1.1861933867420396,0.8,0.4415150005032246,0.4415150005032246,1,False,False,False,False,1e-06,0.9,-7.491124575348149
0.334334924059676,0.0249132364041302,4.390950438759059,0.3652744360038526,0.0570123914235879,0.4243351208508577,,3,1,0.1,1.7916500245521854,0.9557703578042483,1.7069976324767635,1.938459736058298,1.2209651423510746,1.3566279359456384,1,10,0.7313042222598127,1.826091465328829,0.8,0.9557703578042483,0.9557703578042483,1,False,False,False,False,1e-06,0.9,-9.6090649053598
0.3324365055387581,0.0086641411316272,16.356844770630207,3.164068469934282,0.1286273696050482,0.7281568311258394,,3,1,0.1,0.7005025649412157,0.1555961588309815,1.4091579349391914,1.5823792015213962,0.3359974685789395,0.3733305206432661,1,10,1.6406855365481323,0.7654324618191273,0.8,0.1555961588309815,0.1555961588309815,1,False,False,False,False,1e-06,0.9,-2.278618390776645
0.3340373717074061,0.0157001996701033,14.870354690295278,1.1051333478259386,0.0625289985687905,0.5957056606959292,,3,1,0.1,1.0647852311953023,0.3955146501915527,1.9356078278470688,1.8269399807454887,0.6108132411375458,0.6786813790417174,1,10,0.6333655661077421,0.9754016862519752,0.8,0.3955146501915527,0.3955146501915527,1,False,False,False,False,1e-06,0.9,-7.173580201743369
0.2222472005782738,0.0022707955515467,71.12814938206274,0.9775265787573786,0.0405778750383822,0.4004930615142629,,3,1,0.1,0.6480758369068462,0.3540581454248251,1.9084410106141405,1.3024043647014765,1.3472299435028985,1.496922159447665,1,10,0.7692728330462163,0.7350299556912655,0.8,0.3540581454248251,0.3540581454248251,1,False,False,False,False,1e-06,0.9,-2.6661320569848224
0.5469263505161263,0.0020565207837684,153.8362637462613,1.6566144845731738,0.0287332586457289,0.482232750947615,,3,1,0.1,0.441395481674939,0.223481522325099,1.6689356863035234,1.5667400229612125,0.9663186982457092,1.0736874424952323,1,10,1.1930210126010736,1.6541634313615818,0.8,0.223481522325099,0.223481522325099,1,False,False,False,False,1e-06,0.9,-9.403633577816404
0.2845777961433852,0.0172999293480343,6.923068724213164,0.4644669514016439,0.0827049987977529,0.3714389422586822,,3,1,0.1,1.28119760932896,0.7684040675753686,1.5605619664820185,1.3602684817298971,1.5230092691067665,1.6922325212297404,1,10,1.4631042013334246,1.2127642972285877,0.8,0.7684040675753686,0.7684040675753686,1,False,False,False,False,1e-06,0.9,-9.908003413099287
0.2054561058089674,0.0284848773036322,5.662058348836486,0.728653425754202,0.0657546885062801,0.6493810400327703,,3,1,0.1,2.59605427083207,0.6111470298643832,1.8229029346028391,1.988108040790992,0.4859351359481984,0.5399279288313316,1,10,1.3628477764792086,0.6845437715812639,0.8,0.6111470298643832,0.6111470298643832,1,False,False,False,False,1e-06,0.9,-3.444874625495729
0.3390776663778878,0.0449067244165401,5.921695970067662,0.6012001622786993,0.2101665490995735,0.4172389322859008,,3,1,0.1,6.642862140339404,0.629805090491342,1.3096399568835095,1.102909980712066,1.257037443915472,1.396708271017191,1,10,0.9575501428026258,1.2647838953762125,0.8,0.629805090491342,0.629805090491342,1,False,False,False,False,1e-06,0.9,-0.5385351982493134
0.709734778147846,3.536727009925096e-09,40150644.82102817,3.823476585914636,6.194273798660614e-07,0.3781981379457435,,3,1,0.1,0.1523412581672646,0.0936801587044406,1.0564366953964983,1.1907185859843392,1.4797050003697123,1.644116667077458,1,10,0.3476854177879612,1.7378430527555009,0.8,0.0936801587044406,0.0936801587044406,1,False,False,False,False,1e-06,0.9,-5.160435671562603
0.3854661790433022,0.0685499429097435,6.217759036261684,0.4154003019054627,-0.0202716102283026,0.7816602492371951,,3,1,0.1,-1.0243781549049022,0.8090992819447752,0.9438705771087,1.208266736568028,0.2513953803820649,0.2793282004245165,1,10,1.5855518793586407,1.7160524291702235,0.8,0.8090992819447752,0.8090992819447752,1,False,False,False,False,1e-06,0.9,-0.627306813987575
0.286330132733361,0.0068829152244717,6.450569419486416,0.3143917506241376,0.0228710742788702,0.3867301855233576,,3,1,0.1,1.4879422877671844,0.8383441679006743,1.869570921555404,0.5260003652276865,1.4272039103491232,1.5857821226101367,1,10,1.680310859259233,1.8011319375188084,0.8,0.8383441679006743,0.8383441679006743,1,False,False,False,False,1e-06,0.9,-6.504472778124612
0.2892692469609778,0.003123702902021,17.685960153660417,0.4071151224581894,0.0228778370571449,0.3381938735061632,,3,1,0.1,0.8998170934717581,0.572478780267636,1.9859586460494068,0.5694835764890838,1.7611954577101423,1.9568838419001584,1,10,0.9415299418861904,1.5478852426962464,0.8,0.572478780267636,0.572478780267636,1,False,False,False,False,1e-06,0.9,-7.566008259870685
0.3822410531482885,0.0025086927818011,69.12993938764063,0.7368801281757728,0.0207276498635633,0.3974633978587187,,3,1,0.1,0.694896885720355,0.3995786855342265,1.3325219894545508,0.876864584569428,1.364359447558267,1.5159549417314078,1,10,0.3152022114078916,1.7521824678019984,0.8,0.3995786855342265,0.3995786855342265,1,False,False,False,False,1e-06,0.9,-5.77143377562238
0.3829440548533027,0.0435744968814982,5.248987910509745,0.4572450983228776,0.0377548931614549,0.6047229214988026,,3,1,0.1,2.842431557608467,0.7421445478024025,1.5793418146190998,1.2945690889351695,0.5882849119880469,0.6536499022089409,1,10,1.814747114133204,1.8274917581836112,0.8,0.7421445478024025,0.7421445478024025,1,False,False,False,False,1e-06,0.9,-3.3446469398023027
0.5809581042625717,8.86500679310198e-10,83987605.80175368,3.194946549903282,1.889957523937493e-07,0.3498851317976266,,3,1,0.1,0.149887170388106,0.0964250565007212,1.2582178271000273,0.9991233502907668,1.6722727781429698,1.8580808646033,1,10,0.5313436508143045,1.282028033973772,0.8,0.0964250565007212,0.0964250565007212,1,False,False,False,False,1e-06,0.9,-4.963428160294543
0.2239833149949529,0.0001361767601674,1328.9060581877702,2.7389383762741035,0.0070852490931853,0.4072340926185623,,3,1,0.1,0.389842121649591,0.2162368487597352,0.8204688571639163,1.4538700750519542,1.3100310762610663,1.4555900847345182,1,10,0.5584665181364697,0.5921341379224034,0.8,0.2162368487597352,0.2162368487597352,1,False,False,False,False,1e-06,0.9,-2.3119941568201856
0.1698222649685761,0.0217376762431358,4.566421386321157,0.4570250155792102,0.0514375346331945,0.5774385821701615,,3,1,0.1,2.562277183820123,0.9228587793564416,1.7738019551865645,1.9165092717074697,0.6586073182321319,0.7317859091468132,1,10,1.3446883088916035,0.6381008186939052,0.8,0.9228587793564416,0.9228587793564416,1,False,False,False,False,1e-06,0.9,-8.54132888308007
0.3145001035042266,0.0134098570947022,20.72446290429725,0.4695720716155689,0.0463501333460383,0.4394978792035957,,3,1,0.1,1.3842425687064643,0.6804626139930972,0.6943751021615435,0.7002550138259906,1.1477914515329857,1.2753238350366505,1,10,0.6880406439496347,1.477672306097434,0.8,0.6804626139930972,0.6804626139930972,1,False,False,False,False,1e-06,0.9,-4.33897532487406
0.5711850256054921,6.323996145507446e-05,3306.3922774995985,3.155534116406204,0.0027975631590958,0.4774268681248782,,3,1,0.1,0.2689578058438501,0.1387179648071571,1.2980526177766676,1.7488147767072668,0.9851054686863396,1.0945616318737108,1,10,0.8238283671543121,1.32914282034754,0.8,0.1387179648071571,0.1387179648071571,1,False,False,False,False,1e-06,0.9,-9.722115192021583
0.1470215296430394,0.0007315728041438,185.33828441175348,1.0021520359557754,0.0215296039519711,0.4457281120316816,,3,1,0.1,0.5382402234874637,0.289585952935898,1.4137987769910882,0.7863926723917443,1.1191681334562746,1.2435201482847495,1,10,0.565816989183647,0.5424447558342793,0.8,0.289585952935898,0.289585952935898,1,False,False,False,False,1e-06,0.9,-7.94402162967863
0.3440955554993276,0.0371505603607406,6.9930914710354575,0.4206123205970988,0.0268434731587598,0.6221554007214573,,3,1,0.1,-2.9194769934483804,0.8130525950592977,1.0234716536118915,1.172060220767956,0.5465839225318169,0.6073154694797965,1,10,0.4644966441990674,1.5205142755587688,0.8,0.8130525950592977,0.8130525950592977,1,False,False,False,False,1e-06,0.9,-0.7707091743718806
0.3605456688660096,0.0051136945236257,62.90085363611784,0.5468621637832499,-0.0035789601425823,0.823193679377161,,3,1,0.1,3.9222537889444538,0.5165725831801325,0.7255279190728781,1.3088108007225534,0.1933028551445531,0.2147809501606146,1,10,0.0635219419248207,1.9408549790110348,0.8,0.5165725831801325,0.5165725831801325,1,False,False,False,False,1e-06,0.9,-9.42811441171641
0.3154568866066143,0.0184676273642396,7.096728093525807,0.4817909789938976,0.0701622673311783,0.407925943369726,,3,1,0.1,1.4061385104646753,0.7428422581471499,1.579670909091929,1.4199699139027389,1.3062828183111654,1.4514253536790729,1,10,0.7359304310032461,1.3919072020910086,0.8,0.7428422581471499,0.7428422581471499,1,False,False,False,False,1e-06,0.9,-4.750437023452124
0.3010654926167196,0.0096281073406309,28.270525147122576,0.5739875159996152,0.0387466103240004,0.4547919280728555,,3,1,0.1,1.2078088414053585,0.616590009461255,0.6294910226124462,0.9398688169464154,1.0789269431708652,1.1988077146342946,1,10,0.3550027644529063,1.2139581623552982,0.8,0.616590009461255,0.616590009461255,1,False,False,False,False,1e-06,0.9,-8.08008627189871
0.2332691110245148,0.0038677676947019,47.27165781936395,1.25512631063142,0.0426613222585867,0.4879491687458248,,3,1,0.1,1.0664648776455417,0.3871958695291727,1.3805341984133828,1.7131613863300057,0.9444544178920709,1.0493937976578565,1,10,0.1908209389450592,0.6922049227568241,0.8,0.3871958695291727,0.3871958695291727,1,False,False,False,False,1e-06,0.9,-1.2681183288169535
0.542152363479569,0.001006376702028,343.7096047993249,1.725410138672986,0.0136942533911051,0.4944728842075402,,3,1,0.1,0.4655823877781499,0.221132076351539,1.2565382393185514,1.2495750309518487,0.9201200283052366,1.0223555870058183,1,10,0.2868916868305028,1.5939929271000586,0.8,0.221132076351539,0.221132076351539,1,False,False,False,False,1e-06,0.9,-3.5769366159509817
0.6252112394616346,7.783796680429466e-08,1542245.8646904083,1.9614058173697493,7.32134525562069e-06,0.3397465202812557,,3,1,0.1,0.1901900096879439,0.1243518465259456,1.356888423739974,1.3283245208587693,1.7490337539143712,1.9433708376826344,1,10,1.6758333914595147,1.81913987701316,0.8,0.1243518465259456,0.1243518465259456,1,False,False,False,False,1e-06,0.9,-6.576666076289648
0.430953810926231,5.834848295925045e-05,1364.088663812919,1.2006953693336182,0.0012812876669963,0.3563946037075551,,3,1,0.1,0.3956450022588034,0.2468839886286185,1.590936782115882,1.7919333623249096,1.6252907609636773,1.8058786232929749,1,10,0.1528125287922975,1.6747060986429292,0.8,0.2468839886286185,0.2468839886286185,1,False,False,False,False,1e-06,0.9,-4.488826457183038
0.5206644640741196,0.0099015030220414,36.29494789061299,1.5990205957710797,0.041152001728387,0.6975845285711889,,3,1,0.1,0.7438353964499634,0.2066229329985225,1.1849705172927734,0.8139637046388609,0.3901662280890946,0.4335180312101051,1,10,0.79835037663514,1.5512654127004877,0.8,0.2066229329985225,0.2066229329985225,1,False,False,False,False,1e-06,0.9,-5.850897116137548
0.3954362302546166,0.0021681547674688,83.45883018138885,2.6823531470092115,0.0445557215732013,0.6244624647191257,,3,1,0.1,0.4462876634658614,0.1604799377678794,1.3987747897895373,1.2172023779826076,0.5412395473678425,0.6013772748531584,1,10,0.8934915557076412,0.921118217091257,0.8,0.1604799377678794,0.1604799377678794,1,False,False,False,False,1e-06,0.9,-6.28339369165078
0.5338045393060247,0.0126607500190157,39.16273257557101,1.6714579818862485,0.017709991796183,0.7770106171554887,,3,1,0.1,1.04431933822603,0.2008642277288184,0.8355223764372484,0.6719395522349314,0.2582853311512728,0.286983701279192,1,10,1.0629948803029892,1.5814828260979443,0.8,0.2008642277288184,0.2008642277288184,1,False,False,False,False,1e-06,0.9,-5.092203274378914
0.3118336147559454,0.0274688034283086,6.747553778050351,0.5030425589806885,0.0092345689681792,0.700532073716173,,3,1,0.1,2.9333956035085,0.6568510826501364,1.984290803379256,0.9266704802014942,0.3847377497302759,0.4274863885891954,1,10,1.7392042750753345,1.3951554860559874,0.8,0.6568510826501364,0.6568510826501364,1,False,False,False,False,1e-06,0.9,-6.090914000683343
0.4021565202216418,0.0162522897433896,23.601202385022145,1.021345478853191,0.1186370772786516,0.4397696166859978,,3,1,0.1,0.9424182590673176,0.40848992676431,1.0891100062644392,1.4827099860223565,1.1465261033315393,1.2739178925905992,1,10,1.2487666647785232,1.3156882171327908,0.8,0.40848992676431,0.40848992676431,1,False,False,False,False,1e-06,0.9,-1.416934922627453
0.3837468822912472,0.046484581987194,10.201182767667634,0.7300445593941084,0.3294600467975454,0.3362988326681484,,3,1,0.1,2.9127636409592657,0.6063790812286994,0.8615283899048033,1.4470199522122555,1.7761912697095157,1.9735458552327951,1,10,1.2170470736037304,1.4412690742663925,0.8,0.6063790812286994,0.6063790812286994,1,False,False,False,False,1e-06,0.9,-0.4476730908825743
0.4912741710545564,0.0251815675539582,31.259732804253428,1.0531600253704785,-0.0364746785531005,0.8768473495761905,,3,1,0.1,6.303827892054752,0.3409639259866409,0.815021288322588,0.7033989026803058,0.1264044253939981,0.1404493615488867,1,10,0.8338150498414194,1.861439213286369,0.8,0.3409639259866409,0.3409639259866409,1,False,False,False,False,1e-06,0.9,-4.328915270655562
0.3249328303224126,0.0161009742362188,10.002396522499089,0.466420186798679,0.0551268120395191,0.4219045596390561,,3,1,0.1,1.3641745112484809,0.7298788158364615,1.1408208567140543,1.1770418043890798,1.233183866915209,1.3702042965724546,1,10,0.6033917396722814,1.5446090146409597,0.8,0.7298788158364615,0.7298788158364615,1,False,False,False,False,1e-06,0.9,-7.151045685743734
0.335185744595487,0.0264882069693708,4.15219092027978,0.385190819087189,0.0686300283514784,0.4115453520731295,,3,1,0.1,1.7214181367905794,0.9241096877384668,1.864418234869732,1.7330846498373018,1.2868792721538855,1.4298658579487618,1,10,0.9193590999724144,1.7665017538920755,0.8,0.9241096877384668,0.9241096877384668,1,False,False,False,False,1e-06,0.9,-7.366954356536027
0.2993510628898986,0.0125021555343433,15.49623713032357,0.2926899478056322,0.0143080305770357,0.5283587271767951,,3,1,0.1,2.409827503079665,0.9890957949844748,0.6677484342643287,1.5766134508936434,0.8033881598000926,0.8926535108889917,1,10,0.2291552264972636,1.7914262079517316,0.8,0.9890957949844748,0.9890957949844748,1,False,False,False,False,1e-06,0.9,-8.539354202265363
0.6364500557388085,2.813020070585002e-07,513468.80288355774,2.1933005202114013,2.4440568440409912e-05,0.398236514171815,,3,1,0.1,0.1969115715447896,0.1175556045823338,1.808415951980754,1.0746018378111235,1.359963534161773,1.5110705935130813,1,10,0.300399801839238,1.6103890049538938,0.8,0.1175556045823338,0.1175556045823338,1,False,False,False,False,1e-06,0.9,-9.821552542390757
0.3711322602610278,0.0023864223446166,235.5820895792885,2.090585942929707,0.03850477517153,0.5149015331164308,,3,1,0.1,0.4979992149882996,0.2345617173863306,0.59684026159108,1.996071448249542,0.8479070115654321,0.942118901739369,1,10,0.7188274095050324,0.9280256124737652,0.8,0.2345617173863306,0.2345617173863306,1,False,False,False,False,1e-06,0.9,-8.571608309889433
0.2033292239955029,0.0030666590721154,22.342519313608204,0.6131454064226532,0.0293527621020673,0.3513169013704726,,3,1,0.1,1.081565743542149,0.6343506050719463,0.9538630724827432,1.3685244638339875,1.6617896448737235,1.8464329387485816,1,10,0.2226439161638674,0.7752033263820985,0.8,0.6343506050719463,0.6343506050719463,1,False,False,False,False,1e-06,0.9,-3.5845566920261263
0.4628042059455517,0.0328665857166323,9.289933730974616,0.7745747067442068,-0.0458962030348538,0.9052785019605848,,3,1,0.1,12.060417308826816,0.446552409769506,1.9122054973783087,1.2890962268097317,0.0941691955026515,0.1046324394473905,1,10,0.6343352548171608,1.838668583452418,0.8,0.446552409769506,0.446552409769506,1,False,False,False,False,1e-06,0.9,-7.006721229857409
0.3576710102610463,0.0397263447231923,4.195409936367146,0.3500572679885285,0.0408545803063149,0.5464249056051661,,3,1,0.1,2.875899906798012,0.9358251268107844,1.5764344124105751,1.336148131420473,0.7470698732211872,0.8300776369124302,1,10,1.7086605921919582,1.9722453738092829,0.8,0.9358251268107844,0.9358251268107844,1,False,False,False,False,1e-06,0.9,-3.989607200905744
0.63452890584388,4.816799373252428e-12,7328947399.040951,5.779015030783222,4.1428867296020244e-09,0.4026197720819115,,3,1,0.1,0.1069093822994037,0.0615098236482042,1.2552841041921785,1.0599843563495146,1.33535966787269,1.4837329643029888,1,10,0.3252820206110658,1.238851403818237,0.8,0.0615098236482042,0.0615098236482042,1,False,False,False,False,1e-06,0.9,-1.1239069220942213
0.1293614983707417,0.0023370461930456,29.06191391204904,0.6777136804086973,0.0124059503910327,0.5735109909389055,,3,1,0.1,1.7733213196816104,0.6522879221093962,0.587737942753936,0.5233795383391372,0.6692811719729963,0.7436457466366625,1,10,0.1031180416666566,0.5112150566277789,0.8,0.6522879221093962,0.6522879221093962,1,False,False,False,False,1e-06,0.9,-6.377877533582373
0.3388468293615589,0.0306730762816585,4.570362574575912,0.2927368646284238,-0.0117691120216785,0.8137565729466028,,3,1,0.1,11.856220743734612,0.9834331544959496,1.391913454577209,1.4150423572537174,0.2059818500035101,0.2288687222261223,1,10,0.7048590426684673,1.7729857808254414,0.8,0.9834331544959496,0.9834331544959496,1,False,False,False,False,1e-06,0.9,-7.747335391782361
0.4399980436869845,0.0160191868418281,78.62712995245114,0.9133342241326226,0.0355470301142611,0.6092451951651738,,3,1,0.1,1.1722880644012188,0.417002062755617,0.5334873398576016,1.9348180838131164,0.5772377478594621,0.6413752753994023,1,10,0.388850835055787,1.537442633659992,0.8,0.417002062755617,0.417002062755617,1,False,False,False,False,1e-06,0.9,-7.250796250512456
0.3672861630412842,0.0007475271405845,222.4993476874351,2.598948823519428,0.0203812220107836,0.558467446940295,,3,1,0.1,0.3977433199302351,0.1689846386958188,1.725125279576883,1.37734758648441,0.7115531978289463,0.7906146642543848,1,10,0.5256308289050066,0.8672294239605634,0.8,0.1689846386958188,0.1689846386958188,1,False,False,False,False,1e-06,0.9,-5.659844011068919
0.1292178808575489,0.0038520729719298,19.239119598056824,0.5151050396705861,0.0394184952187213,0.4218929665066059,,3,1,0.1,1.236714441089043,0.6045689477279549,1.8724358870961364,0.5842201356523365,1.2332424843491865,1.3702694270546516,1,10,1.819327518351235,0.576216244552299,0.8,0.6045689477279549,0.6045689477279549,1,False,False,False,False,1e-06,0.9,-2.8576561742543927
0.2432452000938557,0.0283323267924902,6.284499060838024,0.4387974589013388,0.0845110187602086,0.4575118033768108,,3,1,0.1,1.865592196159036,0.9319868561463092,0.9039687624401022,1.9520456994794595,1.0671623624948356,1.185735958327595,1,10,1.626655810854187,0.9055827610054956,0.8,0.9319868561463092,0.9319868561463092,1,False,False,False,False,1e-06,0.9,-9.934189868070074
0.1707177867465206,0.0087998926095124,14.612083280228108,0.8280900755961754,0.1105768145040244,0.3964613769126046,,3,1,0.1,1.038933286689952,0.544484593066402,1.884011730480456,1.8587728652611308,1.3700824151110056,1.522313794567784,1,10,1.105865060132975,0.6001688946677096,0.8,0.544484593066402,0.544484593066402,1,False,False,False,False,1e-06,0.9,-2.7167378902622543
0.3081948926847629,0.0125816901481689,11.304283398948998,0.5147226639180374,0.0715489837538982,0.3653896029758283,,3,1,0.1,1.0905003429693334,0.650574217982089,1.372881522560807,1.165543354153017,1.56312427247564,1.7368047471951555,1,10,1.2315427381599642,1.3664110448083024,0.8,0.650574217982089,0.650574217982089,1,False,False,False,False,1e-06,0.9,-6.251137801685682
0.5602817508519105,0.0029113633808518,184.45224435786807,1.3489778883952075,0.0287342295273848,0.5624629566802454,,3,1,0.1,0.4904213360208744,0.2080253356890307,0.9695239577225044,0.7514572483063864,0.7001053746045023,0.7778948606716692,1,10,0.9867104190213788,1.863173714780389,0.8,0.2080253356890307,0.2080253356890307,1,False,False,False,False,1e-06,0.9,-8.757792359445855
0.388951577249617,0.0157413812606761,25.106931586073507,0.6895926581420625,0.0431354629153046,0.5304538736824671,,3,1,0.1,1.278982621408423,0.5249202449819803,0.8809307309867845,1.3495218021678463,0.7966602463511192,0.8851780515012435,1,10,0.3963405822350406,1.575917391623789,0.8,0.5249202449819803,0.5249202449819803,1,False,False,False,False,1e-06,0.9,-4.709368292817002
0.4661518226612333,3.367476978758272e-12,13172052672.292974,9.424647717865769,3.4738260074580314e-09,0.3920503821159167,,3,1,0.1,0.1064067043723567,0.064052584452907,0.7687119728108538,1.4640401966536445,1.3956233205096045,1.5506925783440049,1,10,0.588566001456001,0.8646708336234028,0.8,0.064052584452907,0.064052584452907,1,False,False,False,False,1e-06,0.9,-4.192592156501847
0.7386069972878879,0.00123687352929,64.47058955152517,2.642211829995744,0.0510410254543308,0.8121105968015225,,3,1,0.1,0.421764529943036,0.0748438062678712,1.4852272538262636,0.8237577924617936,0.2082234409261839,0.231359378806871,1,10,0.9606238164990722,1.7730726364620126,0.8,0.0748438062678712,0.0748438062678712,1,False,False,False,False,1e-06,0.9,-5.82454684091873
0.4316712287532541,0.0361062193127671,21.422297556345143,0.757860074773308,-0.0273057142567965,0.8298338889604837,,3,1,0.1,-1.4752876183544672,0.4754563173032146,0.7301456300607492,0.7379833974476999,0.1845544053731186,0.2050604504145762,1,10,0.5974393261982214,1.7336873854602783,0.8,0.4754563173032146,0.4754563173032146,1,False,False,False,False,1e-06,0.9,-0.8012032530559345
0.1218364195058221,0.0054043227481563,23.29037903734424,0.7050071686517865,0.0289224741159891,0.6108172941538488,,3,1,0.1,1.409478066671464,0.4947288089073357,1.3585132208395845,0.5489307851681476,0.5734356879117992,0.6371507643464436,1,10,0.4508757409389918,0.5700412175550584,0.8,0.4947288089073357,0.4947288089073357,1,False,False,False,False,1e-06,0.9,-7.914582750531483
0.6302362704983043,0.0041621109464708,62.1834052376567,2.3522426764604405,0.052232933008875,0.663403340585626,,3,1,0.1,0.4711717647363077,0.147913432517024,1.2712442859373003,1.818595394609276,0.4566407416723524,0.5073786018581694,1,10,0.8133931371876777,1.6256246086943935,0.8,0.147913432517024,0.147913432517024,1,False,False,False,False,1e-06,0.9,-4.328485444635046
0.381181197292628,0.0283104220464783,19.95968902187834,0.7323300423710807,0.1422476722659429,0.4148378608358219,,3,1,0.1,1.1513839309525529,0.5690411383415052,0.7182526352476319,1.960188639385612,1.2695223241838764,1.4105803602043072,1,10,1.7741580493346798,1.451070543489771,0.8,0.5690411383415052,0.5690411383415052,1,False,False,False,False,1e-06,0.9,-2.5958176985008
0.4157345268396353,0.0219647738447922,21.70427128272856,1.2516657652979948,0.0776691015572848,0.6181563450778689,,3,1,0.1,0.9616796243099172,0.3462881933666353,0.8743220016284414,1.7462618315945166,0.5559423472173974,0.6177137191304416,1,10,1.078082571010535,1.1708226362514265,0.8,0.3462881933666353,0.3462881933666353,1,False,False,False,False,1e-06,0.9,-9.83877520959051
0.2857861495296667,0.0149640475188582,7.649707729741631,0.3820706670117141,0.0432999871384706,0.4295068316643451,,3,1,0.1,5.75931649630918,0.8591722441298992,1.082369798076655,0.8775310598720653,1.1954265069835726,1.3282516744261916,1,10,0.2142725117627255,1.330417055547548,0.8,0.8591722441298992,0.8591722441298992,1,False,False,False,False,1e-06,0.9,-0.8758804190219678
0.2314971003274246,0.0004469242560064,319.47959400264455,1.62690158148612,0.014764950744367,0.3460836867172934,,3,1,0.1,0.4636431661715855,0.2956737586267323,1.197722355962911,1.8077789273588405,1.7005270821539369,1.8894745357265963,1,10,1.732384129427354,0.6898230563183196,0.8,0.2956737586267323,0.2956737586267323,1,False,False,False,False,1e-06,0.9,-6.317332196323126
0.1899263312797517,0.0232765735377469,7.979403903373273,0.6392722252445854,0.0389948268882844,0.6788097591640669,,3,1,0.1,2.791652805938873,0.6791455662471957,0.9167868783002768,1.4119992713752454,0.4258501190500295,0.4731667989444772,1,10,1.3951392167362298,0.6630637873032157,0.8,0.6791455662471957,0.6791455662471957,1,False,False,False,False,1e-06,0.9,-5.916991820059286
0.5911350668127838,1.1655896998789643e-10,679030741.5287213,3.080650671116892,3.3294788862965425e-08,0.3422214764504335,,3,1,0.1,0.1354719398076762,0.088677528816159,0.85659178999925,0.9844179274814152,1.729875860904229,1.922084289893588,1,10,1.887377192201085,1.2845588769295444,0.8,0.088677528816159,0.088677528816159,1,False,False,False,False,1e-06,0.9,-9.49464107459725
0.2386063961936948,0.0118003956279149,8.30640620908898,0.4937330848333846,0.0072113169451347,0.7001985724519614,,3,1,0.1,2.945759976801492,0.7181148015918647,1.7752191356508686,0.9490162186238408,0.3853496642364927,0.428166293596103,1,10,0.296496357005824,0.957343526969477,0.8,0.7181148015918647,0.7181148015918647,1,False,False,False,False,1e-06,0.9,-8.975407517812988
0.3531339227795,0.0595047567400877,5.023702945376277,0.4205207402295126,0.1283265419495457,0.448899039142549,,3,1,0.1,5.758280371780339,0.9454187527485528,0.98547806299019,1.6322698028000415,1.1049051602318154,1.2276724002575727,1,10,1.943158587352576,1.5264093537658925,0.8,0.9454187527485528,0.9454187527485528,1,False,False,False,False,1e-06,0.9,-1.0968705184641028
0.3329706923542465,0.0028446558402979,45.97662373097808,0.8197980284471881,0.0310155944151702,0.3552025776830805,,3,1,0.1,0.6829657806995929,0.4255597974345256,1.688636155292055,1.4903990289911553,1.633765396271982,1.8152948847466464,1,10,0.6774327723589649,1.272105926280174,0.8,0.4255597974345256,0.4255597974345256,1,False,False,False,False,1e-06,0.9,-6.968519402305754
0.6455426937043554,0.0113882906287669,95.72249403889305,1.8301629202767344,0.0234024506235981,0.782644190611971,,3,1,0.1,0.87515122703202,0.1701023410691035,0.5413945900118808,1.84646715985282,0.2499478444940161,0.2777198272155735,1,10,0.4703267951249463,1.8485891585247989,0.8,0.1701023410691035,0.1701023410691035,1,False,False,False,False,1e-06,0.9,-5.7915861550120615
0.3391484844338883,0.0192773762296923,15.297780577836797,1.5683533883728809,-0.0176837086728802,0.8590488391526625,,3,1,0.1,3.126334293591387,0.2563099013627748,1.9358994022568952,0.7909960954650244,0.1476703523489192,0.1640781692765769,1,10,1.1789710157786042,1.1498651452632789,0.8,0.2563099013627748,0.2563099013627748,1,False,False,False,False,1e-06,0.9,-3.733999228629082
0.2692562823591009,0.0070690973826746,8.997307899124246,0.4358267954047165,0.0060070109468636,0.6433060306894881,,3,1,0.1,2.316704336406442,0.7137864689896878,1.9719289099363904,0.8156140168358306,0.4990231041910025,0.5544701157677806,1,10,0.1376278393718351,1.2336993535944023,0.8,0.7137864689896878,0.7137864689896878,1,False,False,False,False,1e-06,0.9,-9.450213250476072
0.2236862522680816,0.008138946588998,9.212206894944584,0.4417808075280374,-0.0070907241475319,0.9392488328983468,,3,1,0.1,-10.456201553627215,0.7966453590302848,1.1566729379936391,0.6825336635424687,0.0582125294984588,0.0646805883316209,1,10,0.1860373047164125,0.9060499548859376,0.8,0.7966453590302848,0.7966453590302848,1,False,False,False,False,1e-06,0.9,-5.464060540672478
0.2995642161954339,0.0080669853839,32.72490246644106,0.9141905462803046,0.0373158459126101,0.5442375631479186,,3,1,0.1,1.0745004373447775,0.444931888924339,0.8844627493671396,0.8985715920359709,0.753689603478157,0.8374328927535079,1,10,0.319443395378658,0.9611902753633788,0.8,0.444931888924339,0.444931888924339,1,False,False,False,False,1e-06,0.9,-5.8097252113972
0.4029266799666786,0.0014909522027985,120.82131221147976,0.8344838455184901,0.0186660652613677,0.3560477493724379,,3,1,0.1,0.5736957240113552,0.3488927289695268,1.457006771703694,1.0762478216196256,1.627750846863436,1.8086120520704845,1,10,0.7753406148500295,1.752017357894172,0.8,0.3488927289695268,0.3488927289695268,1,False,False,False,False,1e-06,0.9,-3.469628295312763
0.3117354935279781,8.253674144326832e-05,1114.9162854207318,1.493860232966589,0.0020932215443021,0.3791172005396487,,3,1,0.1,0.4307184983631379,0.2609853424207852,1.0599671037766698,1.1446406055304197,1.473936077600563,1.6377067528895144,1,10,0.1202717050482359,0.9397302879950272,0.8,0.2609853424207852,0.2609853424207852,1,False,False,False,False,1e-06,0.9,-6.617175821085394
0.1295573933761453,0.0086716081655868,12.844956510925162,0.5887630179316891,0.0290625495361698,0.6255990648191819,,3,1,0.1,2.1266133267912606,0.6208710666791555,1.6538843956457223,0.6436154158872477,0.5386210763600304,0.598467862622256,1,10,1.3099774230272208,0.5916370776257638,0.8,0.6208710666791555,0.6208710666791555,1,False,False,False,False,1e-06,0.9,-4.71104817952985
0.3064103301759597,0.0047457358840289,112.2075917436152,1.5978868581277923,0.0633949851209517,0.4936634529376575,,3,1,0.1,0.6003218431234149,0.2944168432218917,0.5193943833216785,1.362499146324648,0.9231043733222376,1.0256715259135971,1,10,1.2758062484146198,0.8350538174724376,0.8,0.2944168432218917,0.2944168432218917,1,False,False,False,False,1e-06,0.9,-9.138255020318352
0.3101390403804746,0.0148886557319826,6.88008375023042,0.2963956811104972,0.0183019971079996,0.5143678461897379,,3,1,0.1,2.55518268295479,0.9901307058048752,1.182085312617195,1.5723066702839688,0.8497205680076892,0.944133964452988,1,10,0.267524227319186,1.9123644015399213,0.8,0.9901307058048752,0.9901307058048752,1,False,False,False,False,1e-06,0.9,-5.189798968146424
0.1705756521435996,0.0038876910208301,33.36094107249876,0.6381175495282801,0.0345727814398166,0.466478832570479,,3,1,0.1,1.01563011614328,0.4864599359696684,1.101132095487988,0.5040929714511571,1.0293479942930124,1.1437199936589026,1,10,0.4729855749288191,0.6854588698404852,0.8,0.4864599359696684,0.4864599359696684,1,False,False,False,False,1e-06,0.9,-4.160092891491831
0.3320706799195674,0.0285527423996403,8.61042269785456,0.3331740457622044,0.0341156828257078,0.5261206637427087,,3,1,0.1,2.3795720729800323,0.9679748416015584,0.8579071551796735,1.1207784843784474,0.8106341986220316,0.9007046651355906,1,10,1.1091582857482545,1.7885801430203905,0.8,0.9679748416015584,0.9679748416015584,1,False,False,False,False,1e-06,0.9,-7.590410147137137
0.1755468738342792,0.0014524981906623,89.92125687125325,1.3855870491969855,0.0212312890553573,0.5104500359160542,,3,1,0.1,0.8857801381403978,0.3663982636341977,1.1122350589567658,1.2790514293608233,0.863150037564125,0.9590555972934722,1,10,0.112488387890747,0.5526353779081524,0.8,0.3663982636341977,0.3663982636341977,1,False,False,False,False,1e-06,0.9,-2.4639663739959268
0.2330196521731885,0.0330275143445134,4.658729450691498,0.5499446622047972,0.0755794343022087,0.5712218171714476,,3,1,0.1,2.3212056151056064,0.7527572167636052,1.7920429235198314,1.8676650696928725,0.6755700726848681,0.750633414094298,1,10,1.7589577151940612,0.8132511967480611,0.8,0.7527572167636052,0.7527572167636052,1,False,False,False,False,1e-06,0.9,-4.115443261768349
0.2743740017656122,0.018074629997068,9.168645885274534,0.3264820631676737,0.0301550759460444,0.497910758599464,,3,1,0.1,2.637306864875005,0.9835486371472308,0.7312070122018753,0.7440096851650915,0.9075528284055212,1.0083920315616903,1,10,1.3946371605918957,1.306622083130306,0.8,0.9835486371472308,0.9835486371472308,1,False,False,False,False,1e-06,0.9,-3.7917923448592905
0.3124619231626402,0.0203628683284844,16.466582808850383,0.5612663029059202,0.1031141275585821,0.3819927580828969,,3,1,0.1,2.0653355145667285,0.6919681226218204,0.7079710721664664,1.460374017041521,1.456065608460278,1.6178506760669755,1,10,0.4708610249643007,1.244662806447337,0.8,0.6919681226218204,0.6919681226218204,1,False,False,False,False,1e-06,0.9,-0.93412211208053
0.6724771018611758,0.0101284876164635,4.4414322729221904,4.169496806323963,0.4353072250291694,0.8331729311383405,,3,1,0.1,2.112378837767418,0.0734136532896388,1.6383375126422712,1.9724271702010303,0.1802079212659436,0.2002310236288262,1,10,1.8362271342924368,1.3961133979652671,0.8,0.0734136532896388,0.0734136532896388,1,False,False,False,False,1e-06,0.9,-0.4631245250077569
0.3123227204300839,0.0107932403071717,24.08225748287148,0.3637514138384444,0.0284517849685646,0.4384089321919819,,3,1,0.1,1.4941510882901825,0.7867763968018046,0.6281429862174225,0.5641567133798829,1.1528778816164376,1.2809754240182638,1,10,0.5326621183106295,1.885364054074092,0.8,0.7867763968018046,0.7867763968018046,1,False,False,False,False,1e-06,0.9,-9.849445374180668
0.2179088542560878,0.0017272168338322,94.98690082031472,1.6231560283108128,0.0385516653113865,0.420442215368392,,3,1,0.1,0.571386028860813,0.322720870847775,1.50484788871967,1.830572456425402,1.2406033150391875,1.3784481278213196,1,10,0.8288645578863996,0.6362022638149927,0.8,0.322720870847775,0.322720870847775,1,False,False,False,False,1e-06,0.9,-9.19638976644657
0.5419282097698569,8.843076490466824e-08,507456.9038200177,1.4049956214707535,6.755033967682503e-06,0.3343241368915863,,3,1,0.1,0.2108807115996589,0.1389458433680356,1.544402982409148,0.6277422402242292,1.7919982755892057,1.991109195099117,1,10,0.3267758003473341,1.6721446922221692,0.8,0.1389458433680356,0.1389458433680356,1,False,False,False,False,1e-06,0.9,-6.839101910518548
0.3320248833900663,0.0205731256492522,7.327755920507762,0.3903606058414033,0.0814363896511429,0.3395465662416334,,3,1,0.1,1.4322447702570476,0.8819559098334729,1.2196469617564416,1.4235023353691874,1.7505937314045112,1.9451041460050125,1,10,1.3560666693310568,1.988485100743293,0.8,0.8819559098334729,0.8819559098334729,1,False,False,False,False,1e-06,0.9,-6.704288823689679
0.4072693396762369,0.0021887985409659,136.23653065076468,0.8757479261960035,0.0273052670741845,0.4267384377706017,,3,1,0.1,0.533966521920636,0.2923627452571151,1.6070943161987272,0.965115424328884,1.2090202342724177,1.3433558158582417,1,10,1.7502386890983552,1.4265460428946586,0.8,0.2923627452571151,0.2923627452571151,1,False,False,False,False,1e-06,0.9,-4.848633911680333
0.1517934283786051,0.0053678381754899,27.591130919624582,0.914496063380436,0.0689029220364776,0.4578516415522438,,3,1,0.1,0.91325714314461,0.4732293119041569,0.9762272013871308,0.940480918139749,1.065702245707258,1.1841136063413975,1,10,1.0520265864513736,0.5511675198621047,0.8,0.4732293119041569,0.4732293119041569,1,False,False,False,False,1e-06,0.9,-9.03884618891418
0.4429159581503095,0.0135273749147979,24.04397250591153,0.8555138959468308,0.0882888944012233,0.4045842812756398,,3,1,0.1,0.8354780434870505,0.4499055049419183,1.4416023273228928,1.7619361985823618,1.3245056015580536,1.4716728906200596,1,10,1.286057123056043,1.9250985300296084,0.8,0.4499055049419183,0.4499055049419183,1,False,False,False,False,1e-06,0.9,-3.1981834546005405
0.2802936353639759,0.0323895007999334,12.21887380930884,0.5086347319266125,0.0167972228667968,0.701891500289836,,3,1,0.1,3.5643710856123407,0.7515621937829483,0.594067989768731,1.3367687855697026,0.3822494639532718,0.4247216266147465,1,10,1.3306140135472295,0.9880763927001148,0.8,0.7515621937829483,0.7515621937829483,1,False,False,False,False,1e-06,0.9,-6.045712419482334
0.2441600555367435,0.0011918480442727,190.8897692239489,2.242534637444547,0.0314531333373298,0.4752789039666558,,3,1,0.1,0.4998169057590494,0.2494513479301337,0.8966808221875419,1.555648673537469,0.9936249694413988,1.1040277438237764,1,10,0.6500842946745504,0.6439149415655658,0.8,0.2494513479301337,0.2494513479301337,1,False,False,False,False,1e-06,0.9,-4.62477080378758
0.1988184152966991,0.0051205685395655,19.00660927552149,3.7806914710224926,0.1217719213107402,0.7538974747545434,,3,1,0.1,0.7053506306298493,0.1544456014090481,1.1136953579008448,1.5451457045968828,0.293796278854794,0.32644030983866,1,10,1.4487111363615497,0.5173097374166583,0.8,0.1544456014090481,0.1544456014090481,1,False,False,False,False,1e-06,0.9,-4.290259618303609
0.4788221505350974,1.6350847419520577e-06,17564.76566462352,9.189477985764054,0.0009926511475331,0.6912177339947383,,3,1,0.1,0.1775614850264366,0.0540487988909487,0.708956833800108,1.3673428218151311,0.4020499268713077,0.4467221409681197,1,10,0.2735118767686395,0.8738459972946861,0.8,0.0540487988909487,0.0540487988909487,1,False,False,False,False,1e-06,0.9,-8.515116486710271
0.3565686653460031,0.0145574358220553,16.352836834186267,0.7789830508014808,0.1160521682496812,0.3538587423742471,,3,1,0.1,1.3021258215847349,0.5288763007471302,1.3161758896678202,1.7059208809833573,1.6433877766064764,1.8259864184516403,1,10,0.6066493586185895,1.3365980604157257,0.8,0.5288763007471302,0.5288763007471302,1,False,False,False,False,1e-06,0.9,-0.7798543328506788
0.266458020340693,0.0061031854748243,14.220904414093887,0.4605988147052459,0.0367184069427991,0.3666477708878919,,3,1,0.1,1.0877603501776405,0.6543846568577709,1.2696300261712723,0.6812607697559909,1.5546719534678104,1.7274132816309005,1,10,1.8805487642280023,1.2003175181569703,0.8,0.6543846568577709,0.6543846568577709,1,False,False,False,False,1e-06,0.9,-7.553660366976418
0.3955093423036512,0.0167495132334685,23.5375921594406,1.1709055326089368,0.0900688250215523,0.5447958810906226,,3,1,0.1,0.8474685327269773,0.3577973492198971,1.0230163102270045,1.3789980136255875,0.7519948686071137,0.8355498540079042,1,10,1.4009561250028837,1.1790173616271324,0.8,0.3577973492198971,0.3577973492198971,1,False,False,False,False,1e-06,0.9,-5.905311048515279
0.4902354648100619,0.0044941418631405,86.72725188636053,1.3852277827106525,0.0455452669040558,0.4483896169415879,,3,1,0.1,0.5762956345757442,0.3009776354699268,1.2312850953795194,1.6925163195085804,1.107182963197927,1.230203292442141,1,10,0.965188815530442,1.5781462205198316,0.8,0.3009776354699268,0.3009776354699268,1,False,False,False,False,1e-06,0.9,-4.598476101012877
0.2724583800684962,4.8467146101957445e-05,1483.8409252067418,1.4900338092560128,0.0015037578846501,0.3507242334315719,,3,1,0.1,0.4270415642259288,0.267562000549117,0.6901105888778633,0.8627799833812917,1.6661186602196816,1.8512429557996464,1,10,0.1297072049501599,0.8370695895427138,0.8,0.267562000549117,0.267562000549117,1,False,False,False,False,1e-06,0.9,-4.128875370462693
0.5852845008993416,4.6191387575805865e-08,1820310.281112705,1.5358549606716854,4.665957530126202e-06,0.3396524052723074,,3,1,0.1,0.1884324632891545,0.1231383992199093,1.718314694649131,1.0262021600739415,1.7497677803236775,1.944186422581864,1,10,1.0387269611543948,1.618958866008431,0.8,0.1231383992199093,0.1231383992199093,1,False,False,False,False,1e-06,0.9,-6.0974055036523644
0.3675891575339676,0.0372140388348624,6.581814590593101,0.5684263018183632,-0.0270859053002295,0.8613531600071171,,3,1,0.1,8.120754874693786,0.6240303411974272,1.4942089529806892,1.9773574436083985,0.1448675894943759,0.1609639883270843,1,10,0.8285045027840096,1.2552824441562418,0.8,0.6240303411974272,0.6240303411974272,1,False,False,False,False,1e-06,0.9,-8.697164933265167
0.3464953216390206,0.0303085853153845,10.22608360034745,0.7916433768831688,-0.0195821555186978,0.8487594023729935,,3,1,0.1,4.9570159143412456,0.5008253610582052,1.2063520120427134,1.955074057198636,0.1603711693605351,0.1781901881783724,1,10,0.7213059570659597,1.0396444806465994,0.8,0.5008253610582052,0.5008253610582052,1,False,False,False,False,1e-06,0.9,-8.4665602879381
0.2252185190452583,0.0013860251783292,102.26438986696894,1.0386102412293066,0.0314436329356409,0.3448959696443722,,3,1,0.1,0.5907992044519804,0.3584590068517572,1.6204414859279184,1.3543685241000925,1.7094825083865268,1.8994250093183631,1,10,1.968065500496415,0.7423165367934635,0.8,0.3584590068517572,0.3584590068517572,1,False,False,False,False,1e-06,0.9,-2.5560367734436094
0.3253737396919217,0.0059835481952325,20.93338625254569,0.5696834264181028,0.032420590415609,0.4084079370488216,,3,1,0.1,0.961364075565852,0.546243851817132,1.356813706087817,0.9305214034741056,1.3036790139375096,1.448532237708344,1,10,0.3294759720826507,1.4917192470717575,0.8,0.546243851817132,0.546243851817132,1,False,False,False,False,1e-06,0.9,-9.535645779674391
0.3332721689498981,0.0197206606452811,5.295960349209363,0.3905617212747905,0.0498186932434882,0.4351729523754181,,3,1,0.1,1.574214371872432,0.8305125560176869,1.9023856772365764,1.3741936160082466,1.168143240721407,1.2979369341348963,1,10,0.6125042986560802,1.85992400218468,0.8,0.8305125560176869,0.8305125560176869,1,False,False,False,False,1e-06,0.9,-9.70133167391094
0.365346978884831,0.0365361008244359,4.210305370331407,0.3450907813300589,-0.0171701619150472,0.8230458556566728,,3,1,0.1,9.60156619214979,0.8599127928061375,1.770047541628263,1.517242771055416,0.1934992185604639,0.2149991317338487,1,10,0.8359446685627311,1.8317479910296508,0.8,0.8599127928061375,0.8599127928061375,1,False,False,False,False,1e-06,0.9,-8.098308352538352
0.4103526026487424,0.0339677423941431,11.150398320083465,0.6158993644102237,0.0376027303638569,0.6195126516287257,,3,1,0.1,7.027631375366837,0.5921817692079949,1.1463582812919562,1.898053428872251,0.5527548350043553,0.6141720388937281,1,10,0.4577288328629643,1.648982504022195,0.8,0.5921817692079949,0.5921817692079949,1,False,False,False,False,1e-06,0.9,-1.2384744775029652
0.3502344717945154,0.0201129139438131,13.845818564861574,0.6312351350494834,0.082668482581734,0.4517987905949114,,3,1,0.1,1.1034747924191453,0.5746172957053056,1.101017296394152,1.2163577837774644,1.092037204913529,1.2133746721261431,1,10,1.8571317229905515,1.4091760689412314,0.8,0.5746172957053056,0.5746172957053056,1,False,False,False,False,1e-06,0.9,-9.45182588026254
0.2059509978119986,0.0086582525191935,10.20093696360688,0.5004894010567335,0.0238409767702057,0.5507813739098639,,3,1,0.1,1.8251956266016505,0.7046282244022543,1.5546710127015584,0.7814454655160633,0.7340421855792206,0.8156024284213562,1,10,0.3009677062765256,0.8303590643746255,0.8,0.7046282244022543,0.7046282244022543,1,False,False,False,False,1e-06,0.9,-6.144421378493179
0.3479543097968632,0.0338494277997515,14.22975731105622,0.4220902374649048,-0.0300165311028578,0.9146165697298612,,3,1,0.1,-18.047123009870333,0.752054138629007,0.6535631049748558,1.0009124212525282,0.084018909985221,0.0933543444280233,1,10,1.3623650185340692,1.49056937965082,0.8,0.752054138629007,0.752054138629007,1,False,False,False,False,1e-06,0.9,-5.413722549009728
0.7668777102254782,0.0003079089094927,374.33937634404697,2.9101046276860165,0.0438839783739289,0.5228532893930056,,3,1,0.1,0.3874286174521049,0.0811679768863318,1.1834819412275008,1.0963367458487454,0.8213241615919337,0.9125824017688152,1,10,0.7345209572088903,1.9675130006995647,0.8,0.0811679768863318,0.0811679768863318,1,False,False,False,False,1e-06,0.9,-0.1585658640257374
0.2505907190399651,1.0155753584280748e-06,100294.47018276362,2.5717837879737706,0.0001386084774737,0.3729712689926855,,3,1,0.1,0.2326589446937196,0.1423878870918163,1.28001416784762,0.9532254445569776,1.513054502644949,1.6811716696054986,1,10,1.1691480266783336,0.624204126827149,0.8,0.1423878870918163,0.1423878870918163,1,False,False,False,False,1e-06,0.9,-3.534290552498673
0.3371635046383023,0.0016188977054587,169.55652261776552,1.3088455764813718,0.0190724058321205,0.467535387109336,,3,1,0.1,0.6294446294300234,0.3115859796335278,0.8531925290593019,0.8456618817229622,1.024987979122807,1.1388755323586743,1,10,0.221557383216278,0.9873130661619208,0.8,0.3115859796335278,0.3115859796335278,1,False,False,False,False,1e-06,0.9,-3.8901980452739977
0.2031000431021822,0.015523128217554,6.043081602702728,0.3656719766241632,0.061569960364478,0.4294090371142961,,3,1,0.1,2.04594840171804,0.846095515507624,1.969120200533813,0.8778029432593977,1.1959037239834478,1.328781915537164,1,10,1.5046976259131148,0.8855849560236191,0.8,0.846095515507624,0.846095515507624,1,False,False,False,False,1e-06,0.9,-2.313496841691726
0.3754218854451028,0.0026163345371926,105.67743767344844,2.3552569047533343,0.0588586622320234,0.5915189048471098,,3,1,0.1,0.5867507586084985,0.1674334357589336,0.7253959906090605,0.6400431961012458,0.621506739049403,0.6905630433882256,1,10,0.9486386843954716,0.907603873571328,0.8,0.1674334357589336,0.1674334357589336,1,False,False,False,False,1e-06,0.9,-0.8043920387315051
0.2308382269874723,0.0037116119003173,55.14070928228062,0.8879264142189832,0.0439967915428846,0.42351171876147,,3,1,0.1,0.8133270014835552,0.4119765708169627,0.9632059694191428,0.7060567632861157,1.2250887758949998,1.361209750994444,1,10,1.97674824902014,0.7875384024549549,0.8,0.4119765708169627,0.4119765708169627,1,False,False,False,False,1e-06,0.9,-2.4941032403933017
0.204234561912734,0.0240529610394199,4.92001691936164,0.4356136869866838,0.0497035174792037,0.5602315865383535,,3,1,0.1,2.425303456867232,0.909302161047314,1.3494363111803274,1.438950877978152,0.7064785021513349,0.7849761135014832,1,10,1.6807749480919485,0.7685531217854693,0.8,0.909302161047314,0.909302161047314,1,False,False,False,False,1e-06,0.9,-7.855916578236612
0.4185546153820314,0.0112201787695715,41.360993863683625,1.0582839874689955,0.0582636489198309,0.5445778864553997,,3,1,0.1,0.7814118900389608,0.3410860343455928,0.964759951059784,0.9159095305672148,0.7526561624784387,0.836284624976043,1,10,1.4432259620350083,1.383214829172034,0.8,0.3410860343455928,0.3410860343455928,1,False,False,False,False,1e-06,0.9,-9.8162765819301
0.3340287732940543,0.0149651073154791,15.273713332332283,0.4434221381834651,0.0694766590584471,0.3757959651234291,,3,1,0.1,1.5404622472505265,0.6674453800000619,1.0070248127681367,0.7294049315394346,1.4949166130732603,1.6610184589702892,1,10,1.7565904228642897,1.8212392977742973,0.8,0.6674453800000619,0.6674453800000619,1,False,False,False,False,1e-06,0.9,-1.3137061381737087
0.3852767779619116,0.0106273520034463,27.97777846791768,0.9021595922861324,0.0872675625783467,0.4221097887063283,,3,1,0.1,0.7847270460051143,0.3973414195396406,1.5227520238064691,1.3679510856885608,1.232146716517278,1.3690519072414198,1,10,1.7840736186355275,1.3517594998759974,0.8,0.3973414195396406,0.3973414195396406,1,False,False,False,False,1e-06,0.9,-2.3442257711481567
0.316740151303421,0.0269565305879363,3.774875611169849,0.3227445143583217,0.0269728356385692,0.553667907135349,,3,1,0.1,2.613232161438156,0.9732988816553249,1.820999183622935,1.1696911806619388,0.725523149168166,0.8061368324090733,1,10,0.8970160871605158,1.6643465225022067,0.8,0.9732988816553249,0.9732988816553249,1,False,False,False,False,1e-06,0.9,-7.293863853743245
0.2637667461720742,0.0004677391840295,280.30440278550213,1.3662400364512228,0.0069952164976726,0.4585056821593241,,3,1,0.1,0.6409707786808608,0.3144255313938829,1.1892687451610762,1.568500239140485,1.062898247545083,1.1809980528278698,1,10,0.0616277872309146,0.7965604526861649,0.8,0.3144255313938829,0.3144255313938829,1,False,False,False,False,1e-06,0.9,-2.829639293539121
0.4533973093797771,5.023603500660357e-05,9211.217137266747,2.191080714290756,0.0020224321182773,0.3798695678865465,,3,1,0.1,0.3042352393045779,0.185368420686982,0.5664380028434206,1.508740650148069,1.4692342742991145,1.632482526999016,1,10,1.6936466964685262,1.1595073109183092,0.8,0.185368420686982,0.185368420686982,1,False,False,False,False,1e-06,0.9,-6.497501202390726
0.3366486165028851,0.0292491767106577,5.210928789179035,0.3994861593344451,0.0237154582278044,0.6071913451272171,,3,1,0.1,2.3474247866636624,0.7783777219232194,1.878680710230596,1.0044886441876713,0.5822345661258307,0.6469272956953674,1,10,1.574332371191456,1.7526187525489845,0.8,0.7783777219232194,0.7783777219232194,1,False,False,False,False,1e-06,0.9,-7.720003382693402
0.2548529772159152,0.0368870758331152,5.298923615795461,0.5539407178837691,0.1234374382415049,0.4871135729853004,,3,1,0.1,2.2508924939871404,0.7565607995127493,1.2141117118445497,1.7886414475947596,0.9476183993073812,1.052909332563757,1,10,1.982846594826552,0.8889025684001909,0.8,0.7565607995127493,0.7565607995127493,1,False,False,False,False,1e-06,0.9,-2.0847993178965405
0.2865817417507412,0.0049496388726087,20.33603738952367,0.5593031734359943,0.0324410190588837,0.3661114036547923,,3,1,0.1,1.0227079179898706,0.606124948627987,1.0952511694471667,1.6184150122804133,1.5582681419249451,1.7314090465832723,1,10,0.2753534194960469,1.2295287938231534,0.8,0.606124948627987,0.606124948627987,1,False,False,False,False,1e-06,0.9,-5.383288742266458
0.1999251517826411,7.0683533660731e-05,1365.6927943566527,2.267382716739472,0.0038472746902468,0.3565449209710718,,3,1,0.1,0.3904092013040824,0.2434645782559568,1.2371752659475117,1.7529148946371953,1.6242261130765652,1.804695681196184,1,10,0.5922211356485613,0.5783165268413109,0.8,0.2434645782559568,0.2434645782559568,1,False,False,False,False,1e-06,0.9,-4.37503049752292
0.2586856027796103,0.0273709292524683,5.39772859715324,0.4256383530712247,0.0307698203494227,0.6118129166752588,,3,1,0.1,3.034873619625224,0.8716799079936279,1.175691169695189,1.2254541190906894,0.5710379193868942,0.6344865770965491,1,10,1.2065614308312749,0.986418580541644,0.8,0.8716799079936279,0.8716799079936279,1,False,False,False,False,1e-06,0.9,-5.282029677730713
0.21073971453498,0.0117519110261838,6.946700304384338,0.4240213303104633,0.0707011837318119,0.3558032605584244,,3,1,0.1,1.446146867935798,0.8411894535763367,1.5803766491761213,1.1528843682227947,1.6294877809367798,1.810541978818644,1,10,0.995692393848332,0.8545241681290778,0.8,0.8411894535763367,0.8411894535763367,1,False,False,False,False,1e-06,0.9,-4.787206628186018
0.1473499985633462,0.0144148921084282,8.756891337900052,0.4227940190734936,0.0225285168807816,0.6524840591289494,,3,1,0.1,4.50720816580013,0.975316368607027,0.627674711879796,0.9869165525279976,0.4793440428283848,0.5326044920315387,1,10,1.1641897776876058,0.5890977677192696,0.8,0.975316368607027,0.975316368607027,1,False,False,False,False,1e-06,0.9,-4.853197581172286
0.5229409793035111,0.0032459360756711,56.702116920348345,2.2766394687092,0.0251166374930917,0.7673257198567701,,3,1,0.1,0.6276576248418623,0.1380364072343218,1.6817343092657326,0.7661684812111598,0.2729047739570036,0.3032275266188928,1,10,0.2931708176819108,1.3206362120548147,0.8,0.1380364072343218,0.1380364072343218,1,False,False,False,False,1e-06,0.9,-8.30659122502668
0.2887352815626213,0.0130584450150667,6.434743697578637,0.4392823882200944,0.0492543381179937,0.3984161458504439,,3,1,0.1,1.4452598056671626,0.809124820013091,1.9068532506607208,1.9663208268316368,1.3589445969336769,1.5099384410374188,1,10,0.4379822130930469,1.277503708370371,0.8,0.809124820013091,0.809124820013091,1,False,False,False,False,1e-06,0.9,-7.723888706655136
0.5260714302817776,0.0001892218835388,1632.3559174635832,0.9720342734001614,0.0044807178821458,0.4136929009531921,,3,1,0.1,0.3475986916790189,0.2002765814823904,1.5439274714528708,0.9333366834604004,1.2755268169366822,1.4172520188185358,1,10,1.7765587498346451,1.7499727300427637,0.8,0.2002765814823904,0.2002765814823904,1,False,False,False,False,1e-06,0.9,-8.174738010941223
0.4782776880782438,0.0363245454501968,18.034198786689373,0.7569782915822273,0.0171346693914313,0.6966190744764466,,3,1,0.1,2.251393119793961,0.4783198684294706,0.9007193489667386,1.4411751842828115,0.3919542874653656,0.4355047638504062,1,10,0.7504786962846874,1.8562104433489048,0.8,0.4783198684294706,0.4783198684294706,1,False,False,False,False,1e-06,0.9,-3.664598134781013
0.2927274935376668,0.0204671482194593,11.232606919868363,0.533019768084692,-0.0217135878607856,0.9333088923489054,,3,1,0.1,-8.17600475564459,0.6595475384705568,0.9562779328036974,0.6516712533395401,0.0643109664742664,0.0714566294158515,1,10,0.8840391655556994,1.193866042482551,0.8,0.6595475384705568,0.6595475384705568,1,False,False,False,False,1e-06,0.9,-4.17726965081447
0.226972785631156,0.0030100384795773,56.44860097811847,0.7650989161070137,0.0465408654668513,0.3824754196511981,,3,1,0.1,0.6872088402737515,0.38883211074649,1.7654522869833305,1.0708010274851736,1.4530923917169978,1.6145471019077753,1,10,1.6314995359790805,0.8012418046964498,0.8,0.38883211074649,0.38883211074649,1,False,False,False,False,1e-06,0.9,-2.8759604977246163
0.3377336217047782,0.0214499906090202,17.413436227234737,0.6036100728565039,0.1165655160153885,0.3704975841391827,,3,1,0.1,1.1528796511751764,0.6550030333076243,0.7422695045928835,1.8916741642215087,1.5291656370474522,1.6990729300527248,1,10,1.5650849708410086,1.393376519009606,0.8,0.6550030333076243,0.6550030333076243,1,False,False,False,False,1e-06,0.9,-3.9551504269683537
0.2980424031698191,0.0072334189840061,24.806798499268744,0.7033347810953742,0.0182565643132982,0.5834106410836124,,3,1,0.1,1.4034282423950029,0.5298139768503077,1.0849861208341889,1.3298038719066283,0.6426526988406698,0.7140585542674108,1,10,0.1649680339770173,1.0682327036298234,0.8,0.5298139768503077,0.5298139768503077,1,False,False,False,False,1e-06,0.9,-7.910357415158554
0.4420345609500159,0.0422488344412791,9.64545110217706,1.1288328978871005,0.0176214775160527,0.7582120844446134,,3,1,0.1,2.465322627240028,0.3567778620879818,1.0632139108884866,1.917739331533256,0.2870029751098542,0.3188921945665046,1,10,1.2264295845616389,1.2459702108377737,0.8,0.3567778620879818,0.3567778620879818,1,False,False,False,False,1e-06,0.9,-2.786803273356253
0.3890995590847574,2.99731493047545e-07,573221.0841089378,4.565185328079204,4.258396179363897e-05,0.3706686434532145,,3,1,0.1,0.2002402867962726,0.1228741479688006,0.7249750180654339,1.8178305097442853,1.5280446050559902,1.6978273389511,1,10,1.275882860763669,0.8294252806357847,0.8,0.1228741479688006,0.1228741479688006,1,False,False,False,False,1e-06,0.9,-2.9013892917444384
0.4411640271061622,0.0440648405548698,14.991810718666846,1.1904004508806758,-0.0548528321077246,0.8751470258263547,,3,1,0.1,5.283180648814675,0.3241357791002707,0.651755335070545,1.731158467462453,0.1283986272480077,0.1426651413866753,1,10,1.749387942002367,1.209518733507314,0.8,0.3241357791002707,0.3241357791002707,1,False,False,False,False,1e-06,0.9,-4.46714755805354
0.4626354786949804,0.0010147998792988,346.89330630492606,0.8830466245366287,0.0143084254948221,0.3812998195216818,,3,1,0.1,0.4951222395323574,0.2891899191446488,1.1142416472329577,0.8856396572867218,1.4603473013152677,1.6226081125725194,1,10,1.499359749729672,1.9701799194363228,0.8,0.2891899191446488,0.2891899191446488,1,False,False,False,False,1e-06,0.9,-3.184880172521253
0.194468960606646,0.0133554899726245,10.358307539286178,0.4758518065872051,0.0527334136087238,0.5115562965136543,,3,1,0.1,1.7989448535181616,0.6239791044840596,1.9530774611913624,0.8262310953913471,0.8593371563084209,0.954819062564912,1,10,0.6327454754286366,0.8469919281044772,0.8,0.6239791044840596,0.6239791044840596,1,False,False,False,False,1e-06,0.9,-2.254474125978091
0.7271569232409525,2.9170931669980064e-11,2604183008.010829,2.773471245388605,1.0696489042933512e-08,0.356905041169049,,3,1,0.1,0.1205637826230741,0.0771309959673065,1.4556746974253951,1.3431316492711,1.6216791476299504,1.8018657195888337,1,10,1.7023518601671457,1.7175049078489604,0.8,0.0771309959673065,0.0771309959673065,1,False,False,False,False,1e-06,0.9,-8.236284055756936
0.4391024370574592,0.0225027666353769,12.709092412841072,0.8301111018421052,-0.0367931544083495,0.9329824916359096,,3,1,0.1,-215.9209763404704,0.428154834320651,1.7664209033916365,1.2730760877614282,0.064648327346339,0.0718314748292655,1,10,0.3759467531538003,1.6018315527621407,0.8,0.428154834320651,0.428154834320651,1,False,False,False,False,1e-06,0.9,-5.789253079033433
0.3093999166513911,0.0026296748792164,85.39968528297312,2.778647412422272,0.0678812886044661,0.54166543318663,,3,1,0.1,0.6818993450565187,0.1971389720776262,1.032661975788272,1.7006727616055255,0.7615422451923501,0.8461580502137224,1,10,0.3585277695021351,0.733041906529181,0.8,0.1971389720776262,0.1971389720776262,1,False,False,False,False,1e-06,0.9,-0.6309886946882877
0.1818959222730296,0.0089576644776052,10.062036392270016,0.5902899964685066,0.0122564132997161,0.6954838229198446,,3,1,0.1,3.1540678892869285,0.7127198707270361,1.618727811535719,1.3964236516987616,0.3940631691784529,0.4378479657538366,1,10,0.2649125356816686,0.6595711753663746,0.8,0.7127198707270361,0.7127198707270361,1,False,False,False,False,1e-06,0.9,-6.310624584578887
0.2387455140696016,0.0268985245368088,3.94605971834808,0.3646996059464185,0.0051020330714208,0.7317347446635862,,3,1,0.1,4.9227067696273945,0.9617785123826494,1.8471455535619683,1.257419031469415,0.3299538959486931,0.3666154399429923,1,10,1.9354996539577,0.9687941345346386,0.8,0.9617785123826494,0.9617785123826494,1,False,False,False,False,1e-06,0.9,-9.65528142018572
0.5469447218904234,5.9905791555432985e-06,31092.440538316376,1.7814888675047853,0.000277302496183,0.3447225735730342,,3,1,0.1,0.2637261165080293,0.169869551639141,1.172234151261177,1.3817298665308326,1.710795082757535,1.9008834252861493,1,10,1.3970544293834004,1.7212345849977415,0.8,0.169869551639141,0.169869551639141,1,False,False,False,False,1e-06,0.9,-5.245274886458759
0.3088952329743731,0.0179350475524443,4.35515116506606,0.3436631230502447,0.0287303440327807,0.4976835045420274,,3,1,0.1,2.0691371016373874,0.929156351770629,1.9953276475830373,1.5346724167502894,0.9083781997721372,1.0093091108579302,1,10,0.4143298635162356,1.596696490334727,0.8,0.929156351770629,0.929156351770629,1,False,False,False,False,1e-06,0.9,-8.682177358636624
0.5390884355559555,0.0531990292986036,6.116075847312369,0.9432100535616156,-0.0879698268238941,0.9023807582908776,,3,1,0.1,7.92916062902237,0.35480233504323,1.7621404835297043,1.925957807486952,0.0973616920917211,0.1081796578796902,1,10,1.4848563899111948,1.7467121893644604,0.8,0.35480233504323,0.35480233504323,1,False,False,False,False,1e-06,0.9,-6.055424847417147
0.5229706422153216,2.511295009835255e-05,9017.45502424662,-1.750894730265661,0.0015645793009172,0.4412543508295491,,3,1,0.1,0.2800545875663665,0.126338960224063,1.9036148542627505,0.6163121290712863,1.1396399453240935,1.2662666059156598,1,10,1.0222954933132935,1.4603948223541203,0.8,0.126338960224063,0.126338960224063,1,False,False,False,False,1e-06,0.9,-0.517989672312396
0.3824830408797482,0.0149547454576268,24.97477373478717,0.5898979402503551,0.0061940579908854,0.6915176099245722,,3,1,0.1,36.16077277830494,0.5451738771179009,0.8853560790757907,0.7454122587479085,0.4014852942041028,0.446094771337892,1,10,0.1820929029721866,1.7885800605200313,0.8,0.5451738771179009,0.5451738771179009,1,False,False,False,False,1e-06,0.9,-1.2848998831726774
0.2014270486926664,0.0237315080742627,7.6654779732297875,1.098540235800252,0.0143873861528876,0.8128532066012326,,3,1,0.1,16.456648289727596,0.4240600244070234,1.4938723912897407,1.3066105059368684,0.2072109855642356,0.2302344284047062,1,10,1.1775505884493145,0.6557535780636932,0.8,0.4240600244070234,0.4240600244070234,1,False,False,False,False,1e-06,0.9,-2.135963510327528
0.1881317057581241,0.0217973229982149,5.010676295950995,0.4538522670917551,0.0176287815559355,0.7070806224014675,,3,1,0.1,4.1790631474536575,0.9080693011451836,1.5315162572080632,1.870271407453702,0.3728392936908917,0.4142658818787686,1,10,0.9595067126708618,0.6830281782318655,0.8,0.9080693011451836,0.9080693011451836,1,False,False,False,False,1e-06,0.9,-8.489816891308797
0.1913448431149358,0.0141814200082056,7.392551876291848,0.4740610746041776,0.007591850490457,0.737200268683812,,3,1,0.1,4.454311819564093,0.8297779384954068,1.1109720999570338,0.9184854703431512,0.3208351491879522,0.3564834990977246,1,10,0.5747868016923949,0.7287077578661925,0.8,0.8297779384954068,0.8297779384954068,1,False,False,False,False,1e-06,0.9,-7.994854135855168
0.5628885794527174,1.5229258788463923e-06,112938.20381462845,0.3748668355313259,8.106642520814068e-05,0.3657892428122518,,3,1,0.1,0.2381704800063908,0.1496507567963887,1.4506445053218655,0.5879471218318952,1.56043320760513,1.733814675116811,1,10,0.8395205245876423,1.863932233472878,0.8,0.1496507567963887,0.1496507567963887,1,False,False,False,False,1e-06,0.9,-9.315743698804855
0.3863618053222221,0.0079803029675598,46.40400526789289,1.5034684370537987,0.0743497282777734,0.5109921222582102,,3,1,0.1,0.663400496442629,0.3032376377462515,0.9854571347646542,1.587659308571286,0.8612795986416787,0.9569773318240874,1,10,1.059033542844577,1.0545451466854838,0.8,0.3032376377462515,0.3032376377462515,1,False,False,False,False,1e-06,0.9,-4.855605557141641
0.2993904308183469,0.0120093758778615,12.775111738236346,0.6603708144237957,0.0146729095252335,0.6584734651074323,,3,1,0.1,2.670726339430895,0.5517198127545889,1.829163825381154,1.1103584631913233,0.466797673241338,0.5186640813792645,1,10,0.220394556068372,1.108705261313923,0.8,0.5517198127545889,0.5517198127545889,1,False,False,False,False,1e-06,0.9,-2.6921330885555594
0.3182425554467035,0.0116012581401504,23.84744615611304,0.4767379716542779,0.0669456745631388,0.3377447984747794,,3,1,0.1,2.4669536663670835,0.6905341852828164,0.6857256117111198,1.3302095213545893,1.7647338584170855,1.9608153982412064,1,10,0.187814921632939,1.572780365811997,0.8,0.6905341852828164,0.6905341852828164,1,False,False,False,False,1e-06,0.9,-0.6099896097151145
0.4167767935149233,0.00123388962624,301.50202252852034,1.771037507054951,0.0201843920537052,0.434902095702087,,3,1,0.1,0.4801466864778928,0.2636865576837711,0.91996101679167,1.8018045659001145,1.1694312786584278,1.299368087398253,1,10,0.6267469900202819,1.1361829975927673,0.8,0.2636865576837711,0.2636865576837711,1,False,False,False,False,1e-06,0.9,-7.203953422360238
0.4166127489276872,2.3866541285208897e-06,61618.8831316981,1.219500852927052,0.0001701678166838,0.4444448121591889,,3,1,0.1,0.2446930848524175,0.1330581372416118,1.4684023579106418,0.5503961451849632,1.1249983246010815,1.2499981384456464,1,10,0.1071305044107814,0.9809812122420352,0.8,0.1330581372416118,0.1330581372416118,1,False,False,False,False,1e-06,0.9,-5.020308694767425
0.2839785009991639,0.0077367738335608,9.63374720444295,0.4363003540934713,0.0403297213984789,0.346769786302243,,3,1,0.1,1.2646021030220953,0.7619944224005023,1.3425708514679464,1.6965799886849475,1.695381822612319,1.8837575806803544,1,10,0.3325835145389019,1.3465941345707602,0.8,0.7619944224005023,0.7619944224005023,1,False,False,False,False,1e-06,0.9,-5.214488347523842
0.2501067086702394,6.301398655177545e-07,108315.5384864436,0.0965548884830857,0.0001762064082143,0.4922917127305817,,3,1,0.1,0.1844207346791636,0.0927450613427128,1.907173683119985,0.7995721256794301,0.9281843401506662,1.0313159335007402,1,10,1.0993292188125037,0.5989201672327897,0.8,0.0927450613427128,0.0927450613427128,1,False,False,False,False,1e-06,0.9,-9.494260493396686
0.1863317767824061,0.0039117209749236,40.45427034973856,0.974101760090921,0.0486889463117372,0.4214186274783136,,3,1,0.1,0.8805043385899807,0.4834305728555389,0.8537802170358371,1.520830513767089,1.2356436125888008,1.3729373473208897,1,10,0.430076117566296,0.6261910983314687,0.8,0.4834305728555389,0.4834305728555389,1,False,False,False,False,1e-06,0.9,-6.895910877705505
0.3485544346166071,0.0100535022681813,30.02519835329114,0.5474210941213224,0.0534838083575858,0.375258047185677,,3,1,0.1,1.046984188416645,0.6039816313270575,0.7563426379276099,1.243160136773334,1.4983496336713642,1.6648329263015158,1,10,0.5592275884222538,1.7775992080252536,0.8,0.6039816313270575,0.6039816313270575,1,False,False,False,False,1e-06,0.9,-4.73522625235227
0.2323870302375441,0.0319135816573006,4.821623657219807,0.5025193583223301,0.1247495843157752,0.45746847645539,,3,1,0.1,2.3950318382768896,0.7795162377091842,1.7001580882705454,1.5064247047844543,1.067348672794864,1.1859429697720711,1,10,1.9346804302374203,0.8576944687442688,0.8,0.7795162377091842,0.7795162377091842,1,False,False,False,False,1e-06,0.9,-1.642887620733756
0.3307594340957179,0.0421176382478716,4.928638277944367,0.3305356239854924,-0.0215941854409249,0.8536481024915142,,3,1,0.1,-2.7300586723782003,0.9485483760735632,1.1011303254578362,1.2130902712617515,0.1542986007620702,0.1714428897356336,1,10,1.1192252674063714,1.4878109310915262,0.8,0.9485483760735632,0.9485483760735632,1,False,False,False,False,1e-06,0.9,-1.6397928764451135
0.3288299029134909,0.0276899794379747,13.139469117340033,0.8688158273081038,0.0255475817782504,0.7152907007772455,,3,1,0.1,2.6605461597868585,0.4865808872683515,0.9591444633921632,1.823677237057654,0.3582296946151355,0.3980329940168172,1,10,0.6812289876602107,0.9797158589286596,0.8,0.4865808872683515,0.4865808872683515,1,False,False,False,False,1e-06,0.9,-3.418198358093377
0.3039323386662187,0.0130718563104778,13.526068643608136,0.7770860014170285,-0.0043751427121428,0.8187536497109249,,3,1,0.1,3.6459335321785153,0.507921280726808,1.9369742513172976,1.5501730417368202,0.199231741217594,0.2213686013528822,1,10,0.2571393971387377,1.0019089685632636,0.8,0.507921280726808,0.507921280726808,1,False,False,False,False,1e-06,0.9,-9.91692128761443
0.4313566695128165,0.0003306918790793,719.2357189573422,1.2528459737234423,0.0050511285188107,0.4302371436079493,,3,1,0.1,0.4754533397024281,0.2572223478993531,1.0482586712075908,0.7185158831457399,1.1918695965035486,1.3242995516706095,1,10,0.136223951892094,1.4101658978137894,0.8,0.2572223478993531,0.2572223478993531,1,False,False,False,False,1e-06,0.9,-3.848141209214382
0.2587293414145338,0.0025300245915027,78.486837854156,0.941088687602998,0.0371687415365543,0.3667577372429083,,3,1,0.1,0.7023063101346266,0.4043825455290978,0.8220432444437983,0.9141001940080752,1.5539359599220084,1.7265955110244535,1,10,0.9650925243980648,0.8627509552633443,0.8,0.4043825455290978,0.4043825455290978,1,False,False,False,False,1e-06,0.9,-2.58155700059286
0.7109636299556615,3.287531305186799e-07,294441.70756350894,2.210251275596758,5.287899149781355e-05,0.4846786239107126,,3,1,0.1,0.1635906929982076,0.0836155775269877,1.5675924885573482,1.0149666991623951,0.956900543164449,1.0632228257382763,1,10,0.8551748986977863,1.6903622864165857,0.8,0.0836155775269877,0.0836155775269877,1,False,False,False,False,1e-06,0.9,-9.661548104250006
0.5807588107784594,0.001564050740014,201.48996235132705,1.5947168951208222,0.018211153298117,0.5212090020529526,,3,1,0.1,0.4624598829849797,0.2150010621102736,1.7144970047212236,1.251327381597402,0.8267545196937401,0.9186161329930446,1,10,0.3948200579159563,1.8675729992065708,0.8,0.2150010621102736,0.2150010621102736,1,False,False,False,False,1e-06,0.9,-8.071480674558776
0.3517697485994721,0.0188073681265482,24.606590730321106,0.4531735202869678,0.0484695343105746,0.4569780018751851,,3,1,0.1,1.4836001099321696,0.7322106304458025,0.6578971848862807,1.7343890742224124,1.0694602285162462,1.188289142795829,1,10,0.4715186687152666,1.897704666206502,0.8,0.7322106304458025,0.7322106304458025,1,False,False,False,False,1e-06,0.9,-6.761644623125241
0.3043063992436067,0.0333505742020102,3.804330524745596,0.3625494639414042,0.0162215114857922,0.65206566987176,,3,1,0.1,3.377048673524328,0.9154526181066922,1.7833566822513305,1.281223957843591,0.4802290805725144,0.5335878673027938,1,10,1.6002153429312689,1.3366094283243446,0.8,0.9154526181066922,0.9154526181066922,1,False,False,False,False,1e-06,0.9,-7.767167186510898
0.3010118221575057,0.0267541292746909,11.89433672477907,0.577393655908331,0.0473510399154352,0.5848099752357829,,3,1,0.1,1.900342263488496,0.6842862319784512,0.7759393056647154,1.5470070124101762,0.6389614372380346,0.709957152486705,1,10,0.8256677715623613,1.054066056664598,0.8,0.6842862319784512,0.6842862319784512,1,False,False,False,False,1e-06,0.9,-7.262188931435071
0.2958597257963568,1.4644581890576312e-11,1642086693.0291595,11.240838288558342,2.190735917965636e-08,0.3622923302113304,,3,1,0.1,0.1229429881355903,0.0673687149916577,1.4699356164852655,1.894021992516668,1.5841817641433835,1.7602019601593153,1,10,0.9680069148021986,0.5968689746404812,0.8,0.0673687149916577,0.0673687149916577,1,False,False,False,False,1e-06,0.9,-0.2719748038405516
0.3529757036738374,0.0386774191639144,5.461328628990602,0.4109930995401336,0.0988200787110084,0.4115275594821951,,3,1,0.1,1.861279897333572,0.9346055134792116,1.1805563469158054,1.7838441674636287,1.2869738229255543,1.4299709143617272,1,10,1.919239270951601,1.7704163816565404,0.8,0.9346055134792116,0.9346055134792116,1,False,False,False,False,1e-06,0.9,-4.454569612259235
0.2837309910112252,0.0141870175351488,14.598869797898258,0.3597966095620886,0.0520593583522428,0.368092838915325,,3,1,0.1,1.5307475439649123,0.911911952518312,0.6122369178850705,0.8793846310723216,1.545035341225515,1.7167059346950162,1,10,1.3043915474871328,1.4071550025554558,0.8,0.911911952518312,0.911911952518312,1,False,False,False,False,1e-06,0.9,-9.278410494297235
0.2019013467916128,0.0301321980842947,5.711506096786459,0.877001201321128,0.0558098335097567,0.7142009799976892,,3,1,0.1,3.586441188535017,0.5211024304407644,1.6920327131306012,1.9270304598291472,0.36014948901766,0.4001660989085111,1,10,1.5630036871206094,0.6581430145645497,0.8,0.5211024304407644,0.5211024304407644,1,False,False,False,False,1e-06,0.9,-2.648889267180797
0.3454616200597772,0.0340214744682209,6.50000809607136,0.5201391720814694,0.0684369902251052,0.5371350193754255,,3,1,0.1,2.373760477198278,0.6467760748188679,1.7153185026469944,1.0368353227447002,0.7755563639222591,0.8617292932469546,1,10,1.4463770341922229,1.5137344668115342,0.8,0.6467760748188679,0.6467760748188679,1,False,False,False,False,1e-06,0.9,-1.8246500035122373
0.3174349999176308,0.0311295595415057,10.253693540626587,0.3679613112050037,0.0050624493562099,0.7070884559766688,,3,1,0.1,9.101910843949993,0.8980588035233593,0.7368775133164702,1.7182176066395871,0.3728251923684307,0.4142502137427007,1,10,0.6205883967449585,1.3404695611007889,0.8,0.8980588035233593,0.8980588035233593,1,False,False,False,False,1e-06,0.9,-3.269112238611921
0.3569004610027129,0.0239256161401269,11.518240424469925,0.5014938158600732,0.0972282138759393,0.3794419444191393,,3,1,0.1,1.302977860796914,0.7337866160345832,0.9807926776133072,1.568822095843034,1.4719043538471892,1.6354492820524325,1,10,1.3528941354245585,1.800661559017817,0.8,0.7337866160345832,0.7337866160345832,1,False,False,False,False,1e-06,0.9,-4.85095512416893
0.4216067677386039,0.0001185426596575,1193.2468269319263,3.00749295994884,0.0036197161575748,0.5991056954732651,,3,1,0.1,0.3659212507118407,0.1431830828847137,1.6462944321560455,1.0801304971233212,0.6022390987103582,0.6691545541226201,1,10,0.0712780109565698,0.933386313934977,0.8,0.1431830828847137,0.1431830828847137,1,False,False,False,False,1e-06,0.9,-8.936066111248758
0.3062884908151785,0.0248675044168943,12.801589757491396,0.4043564535055573,0.0640789419604695,0.4429998004714868,,3,1,0.1,1.7895034918831676,0.8725729994437683,0.6384889917962944,1.118095685221658,1.1316036238439058,1.257337359826562,1,10,1.634663069041467,1.384723351710435,0.8,0.8725729994437683,0.8725729994437683,1,False,False,False,False,1e-06,0.9,-5.570361603718667
0.3043233646355634,0.0119881123379544,24.22500379205477,0.3638375609456674,0.0342313304557917,0.4170341586885354,,3,1,0.1,1.5484520514867066,0.8427914726138953,0.5394523698190699,0.7489988736088111,1.2580966001208804,1.3978851112454227,1,10,0.4497538219353363,1.6776290704456451,0.8,0.8427914726138953,0.8427914726138953,1,False,False,False,False,1e-06,0.9,-9.085307759197
0.328895289953886,0.0173229241144508,8.645906621177064,0.492555944063772,0.07754666770713,0.3924071622325786,,3,1,0.1,1.166520221825062,0.6688163765756963,1.6826639031999535,1.221686427678086,1.3935361191663782,1.5483734657404202,1,10,1.4022556679354252,1.5557161359936225,0.8,0.6688163765756963,0.6688163765756963,1,False,False,False,False,1e-06,0.9,-7.66279463327474
0.1904796846982357,0.008726887978344,14.63931999787462,0.5123637718303222,0.0574748021881512,0.4034853997427335,,3,1,0.1,1.5313922414520205,0.7166229110727577,0.7732419518481368,0.6718648091667705,1.3305639821759336,1.4784044246399262,1,10,1.4662301310291477,0.7457455940539613,0.8,0.7166229110727577,0.7166229110727577,1,False,False,False,False,1e-06,0.9,-2.2491300165007777
0.1933414617744724,0.0075055272181949,16.728849711571243,0.5468555788786359,0.0345483663807965,0.4734216843486239,,3,1,0.1,1.5211656004839256,0.7384312958811037,0.8303610755998605,1.813543038426792,1.0010536055996273,1.1122817839995858,1,10,0.2721306877096747,0.7271901846597224,0.8,0.7384312958811037,0.7384312958811037,1,False,False,False,False,1e-06,0.9,-8.497449701158217
0.5641400861254713,4.778127873910698e-06,41576.12236271587,2.206610444772302,0.0002669331229608,0.3669671113059137,,3,1,0.1,0.2441765135911559,0.1518691794122659,1.4349495154908285,1.497630342124402,1.5525358602224588,1.7250398446916209,1,10,1.547192621676169,1.5081762851421068,0.8,0.1518691794122659,0.1518691794122659,1,False,False,False,False,1e-06,0.9,-5.035254456463013
0.3505240813428034,0.0104525891320612,18.30839036143749,0.5730118838336721,0.0395920953984142,0.4878033245016078,,3,1,0.1,1.0650578696239412,0.4937926135375277,1.916270623491065,0.8314555349192848,0.9450058759225072,1.0500065288027856,1,10,0.4215434681632485,1.6658152793682812,0.8,0.4937926135375277,0.4937926135375277,1,False,False,False,False,1e-06,0.9,-4.959633337615471
0.7533554492591408,1.4521013519428277e-06,68648.62155914334,3.3552456505177224,0.000180035811608,0.5254237473820071,,3,1,0.1,0.1823472651696263,0.0846248832739589,1.5144114287431714,1.342128402412901,0.8129031652725414,0.9032257391917126,1,10,0.3294140102035219,1.887080010094384,0.8,0.0846248832739589,0.0846248832739589,1,False,False,False,False,1e-06,0.9,-4.238750076454839
0.354946740205915,0.0214137643801471,11.626728450062108,0.4594113530202975,0.0516890884949871,0.4813825401993272,,3,1,0.1,1.484348421384532,0.684273513553118,1.1335825392564056,0.8713417086895432,0.96961496282631,1.0773499586959,1,10,1.3433412878559856,1.915013283896468,0.8,0.684273513553118,0.684273513553118,1,False,False,False,False,1e-06,0.9,-5.716228095507569
0.3338092732595686,0.0460989950028895,5.416411200918697,0.368600451298772,0.0274219610752301,0.6261319198627576,,3,1,0.1,80.61758559579943,0.9244317946417776,1.0043728865770434,1.2500326085530913,0.5373967712702968,0.5971075236336632,1,10,1.98928850606112,1.475095436719938,0.8,0.9244317946417776,0.9244317946417776,1,False,False,False,False,1e-06,0.9,-1.5971697845070238
0.4566444667532575,0.0021871096950476,217.248102005437,0.8635930653343796,0.0221730815027149,0.4224462178006237,,3,1,0.1,0.5604062390496033,0.3119545400650163,0.9601790155488646,0.7799590035021162,1.2304487105735211,1.367165233970579,1,10,1.875206243837948,1.941055961829256,0.8,0.3119545400650163,0.3119545400650163,1,False,False,False,False,1e-06,0.9,-6.306687030078356
0.2373345018700655,0.0215136748301181,9.906341392255566,0.4352911201712792,0.0108584390736157,0.7063252833997034,,3,1,0.1,4.022103020956936,0.8682025029799817,0.6773580433914845,1.2033842786699689,0.3742004585593998,0.415778287288222,1,10,0.739060121639873,0.8744935794230955,0.8,0.8682025029799817,0.8682025029799817,1,False,False,False,False,1e-06,0.9,-7.880468475047019
0.483241027861378,0.0002759847932022,809.6891995006492,1.3065434896892785,0.0038042917905186,0.4523704250772204,,3,1,0.1,0.4704573036041325,0.2442139934670982,1.4276722266790771,1.0085058184738047,1.0895199820951345,1.2105777578834829,1,10,0.0841281596616206,1.6737788593827312,0.8,0.2442139934670982,0.2442139934670982,1,False,False,False,False,1e-06,0.9,-3.872190701690229
0.6697020345433565,0.0057804783530196,32.95197487062361,2.0524023276900967,0.0241956516890098,0.794737254921939,,3,1,0.1,0.7107790924285187,0.1364710574205614,1.7857166032014828,1.348918413448558,0.2324497428881702,0.2582774920979669,1,10,0.3515791938836677,1.861599908868776,0.8,0.1364710574205614,0.1364710574205614,1,False,False,False,False,1e-06,0.9,-8.178968044446648
0.4163949601802743,0.0078853561871835,31.24767238673574,0.8635401037577242,0.0104428400802118,0.6654843536820734,,3,1,0.1,1.748110164515567,0.4047732313846095,1.6204908568549878,1.1974404165047443,0.4523984373492326,0.5026649303880362,1,10,0.125982162465068,1.5651127550090376,0.8,0.4047732313846095,0.4047732313846095,1,False,False,False,False,1e-06,0.9,-2.616093346864852
0.1782051947206757,0.0097193160916669,8.86037169693111,0.4288430060974849,0.0485758933875662,0.4382376939751556,,3,1,0.1,1.6131963652496468,0.7755075951398351,1.4596625863734742,0.7259209668217074,1.1536800288361828,1.28186669870687,1,10,1.1310224765527612,0.7490139630792017,0.8,0.7755075951398351,0.7755075951398351,1,False,False,False,False,1e-06,0.9,-4.19395071687295
0.3404715190400135,0.0464881398298992,5.423438779749183,0.4124239320451032,0.1121510334549903,0.4269476491665861,,3,1,0.1,2.778764144155596,0.96200112114707,1.0013727988825254,1.7672625810551033,1.207986779542704,1.3422075328252263,1,10,1.622325968504469,1.5044075937670305,0.8,0.96200112114707,0.96200112114707,1,False,False,False,False,1e-06,0.9,-1.8105148045820088
0.3122845280210982,0.0197490229531928,15.726018438959334,0.6547226373974946,0.0557825062396341,0.5326871180721564,,3,1,0.1,1.44612069380155,0.6088070810829666,0.8117418835393011,1.435129579727966,0.7895471459065554,0.8772746065628393,1,10,0.6274053756057685,1.0936494151529177,0.8,0.6088070810829666,0.6088070810829666,1,False,False,False,False,1e-06,0.9,-7.001433792098084
0.4093651042010019,0.0317002741325506,5.9206813143363854,1.9222624397094417,-0.0836782158731189,0.93755693056997,,3,1,0.1,70.91947563439933,0.2154364449992026,1.7311782381802758,1.807422783022924,0.05994170663627,0.0666018962625222,1,10,1.7126449976127205,1.006794419387789,0.8,0.2154364449992026,0.2154364449992026,1,False,False,False,False,1e-06,0.9,-3.4000990614493425
0.3706686596394559,0.001510346735644,217.6737581332607,1.1067955189541896,0.0211832032286592,0.4690077553738317,,3,1,0.1,0.5109307833662745,0.2618968778548391,1.0437063098966686,0.6860417506034328,1.018944814212374,1.1321609046804155,1,10,0.8700545115449313,1.131058445895535,0.8,0.2618968778548391,0.2618968778548391,1,False,False,False,False,1e-06,0.9,-6.674015996400788
0.4505330110869547,0.000211190044826,1140.8885743041365,1.2149641172091126,0.0049711281801858,0.3742194387197289,,3,1,0.1,0.3781536005221982,0.2331798628726701,1.3088687808911392,1.0934721142019963,1.505006012191829,1.6722289024353654,1,10,1.671425333015662,1.4580491352955764,0.8,0.2331798628726701,0.2331798628726701,1,False,False,False,False,1e-06,0.9,-9.53334235811177
0.2700337120651898,0.0075337631507618,21.390748339468143,0.6576583803088878,0.0738098876163907,0.3365417170248923,,3,1,0.1,0.9167705381691844,0.5510235166626074,1.1090445250971217,1.2919391351647924,1.7742598449791331,1.9713998277545923,1,10,1.790295728483546,1.0168116235255518,0.8,0.5510235166626074,0.5510235166626074,1,False,False,False,False,1e-06,0.9,-2.9713654086499988
0.3934200668118814,0.0213447242342186,15.574959045730855,0.6429768196938944,0.0244448487192559,0.6341452481989562,,3,1,0.1,1.5109571235742276,0.4977849598793203,1.4484634153669562,0.7414845858607247,0.5192332159802523,0.5769257955336137,1,10,1.4288806779908338,1.884167586490572,0.8,0.4977849598793203,0.4977849598793203,1,False,False,False,False,1e-06,0.9,-8.671086301248376
0.3686501166098185,0.032443512511694,22.59249835278733,0.4444458376717636,0.0464578848873991,0.541872870963919,,3,1,0.1,2.057467707689258,0.7563579811897942,0.5753447164538427,1.0665156871564432,0.7609061797078362,0.8454513107864847,1,10,1.5870557851740303,1.8529749384992884,0.8,0.7563579811897942,0.7563579811897942,1,False,False,False,False,1e-06,0.9,-4.52816936705066
0.3653126690879384,0.0352008148481368,14.112171433721342,0.4404179460242459,0.0749678186490777,0.4629710340909026,,3,1,0.1,1.7049041145149315,0.8432764803636438,0.6989529883002632,1.942617040710913,1.0439661096017687,1.1599623440019653,1,10,1.174383915002165,1.7950043026813505,0.8,0.8432764803636438,0.8432764803636438,1,False,False,False,False,1e-06,0.9,-9.205490790324456
0.2382305499623197,0.0094633723255018,5.355956371328403,0.2837108232993816,0.0338432155423553,0.3808374906167011,,3,1,0.1,2.11256135723992,0.932768052178396,1.8725900060582048,0.5466185996159616,1.463212714542899,1.6257919050476657,1,10,0.6189644342628484,1.229546382252938,0.8,0.932768052178396,0.932768052178396,1,False,False,False,False,1e-06,0.9,-1.9998670868712016
0.1761596675887653,0.0002808127435202,266.2333354165032,1.5464242139800355,0.0059307594545087,0.4770608081589322,,3,1,0.1,0.6312238131981727,0.3173147498929554,1.6730556698130614,1.5229453496000491,0.986551954400258,1.096168838222509,1,10,0.0508400827325419,0.5579113020794305,0.8,0.3173147498929554,0.3173147498929554,1,False,False,False,False,1e-06,0.9,-7.478614885086957
0.3891206412034935,0.0190516927302504,12.844339163486254,0.5368821313270297,0.0020562769918707,0.7161987158047112,,3,1,0.1,2.5700158379319977,0.5838069963749893,1.3934870489877034,0.9459123976690912,0.3566344788663467,0.3962605320737185,1,10,0.332046673336726,1.965474205977516,0.8,0.5838069963749893,0.5838069963749893,1,False,False,False,False,1e-06,0.9,-7.382038424862683
0.324486017893571,0.0409711230364133,4.87950389258334,1.590748470468638,0.0207047912944027,0.8186350309997409,,3,1,0.1,-17.730208101937173,0.2836690209224999,1.5859705137489029,1.993804972860839,0.199391017876298,0.2215455754181089,1,10,1.6790085396925054,0.8561905365464271,0.8,0.2836690209224999,0.2836690209224999,1,False,False,False,False,1e-06,0.9,-1.176613805726415
0.1688571083108054,0.0203223297626852,10.011909607150884,0.5589351570740926,0.0114726092486338,0.7732201406607372,,3,1,0.1,9.727179419171,0.7728978902629455,0.6730525118559936,1.4917995378461617,0.2639634725899999,0.2932927473222221,1,10,0.9231996645263306,0.6119478396010707,0.8,0.7728978902629455,0.7728978902629455,1,False,False,False,False,1e-06,0.9,-4.056549459194933
0.3696987365509999,0.028603699904062,12.984899824900648,1.0381633794344711,0.1003729304456045,0.5817136413203555,,3,1,0.1,1.1473305107162757,0.4233617104875975,1.0390061945764666,1.843495244323476,0.6471529908722926,0.7190588787469918,1,10,1.38374314227222,1.0887292159968505,0.8,0.4233617104875975,0.4233617104875975,1,False,False,False,False,1e-06,0.9,-4.996537462932587
0.2838461267131918,0.0206185516858618,5.457230310501571,0.3536582810280236,0.0849030629402741,0.3594729579865281,,3,1,0.1,2.252287161407421,0.865747582810944,1.5260313064375886,0.856550677525383,1.6036653801194394,1.7818504223549323,1,10,0.9746385993551862,1.3864264195285407,0.8,0.865747582810944,0.865747582810944,1,False,False,False,False,1e-06,0.9,-1.2150056244290963
0.3337473680263565,0.000999397204452,84.54284435134177,4.508476676198426,0.0465434320990999,0.7794718366247736,,3,1,0.1,0.4636629096728312,0.0959566914962605,1.6206676900456338,0.6857377700750896,0.254627990020949,0.2829199889121656,1,10,1.6582223699387917,0.7306546687114805,0.8,0.0959566914962605,0.0959566914962605,1,False,False,False,False,1e-06,0.9,-5.5099627359825725
0.4057436665804059,0.0108002680772609,46.109543497902905,1.046919339509844,0.0855542746902855,0.438278239868992,,3,1,0.1,0.7188776660821344,0.3848804130320075,0.8313227066531568,1.6349479627018852,1.1534900392705412,1.2816555991894902,1,10,1.913717916023359,1.3464702216342694,0.8,0.3848804130320075,0.3848804130320075,1,False,False,False,False,1e-06,0.9,-6.406300203952263
0.3174817866267241,0.0085885264416392,17.57222053718643,0.4877684636921385,0.0509517573673185,0.3884600406239113,,3,1,0.1,1.0124208295689772,0.5488122713035454,1.5614363026823268,0.7655847192446312,1.4168406164878558,1.574267351653173,1,10,0.9752991846110884,1.5276934093644483,0.8,0.5488122713035454,0.5488122713035454,1,False,False,False,False,1e-06,0.9,-3.0692384145804885
0.2226487014282206,0.0230345316659425,4.801263678903454,0.3949597082357338,-0.011397335457372,0.873664419149502,,3,1,0.1,-22.895428581233283,0.907014834837024,1.600368235296543,1.0173198404363857,0.1301438175496894,0.1446042417218771,1,10,1.805217186881084,0.9040354837045068,0.8,0.907014834837024,0.907014834837024,1,False,False,False,False,1e-06,0.9,-4.775060093490912
0.3328657907254258,0.0112251550674687,19.48017533692036,0.690852170785702,-0.0004451836664862,0.7615648655959532,,3,1,0.1,3.900000788532524,0.4980345144439715,1.299846000368733,0.597607010713451,0.2817772072451321,0.3130857858279246,1,10,0.2035780859572847,1.3777425856333152,0.8,0.4980345144439715,0.4980345144439715,1,False,False,False,False,1e-06,0.9,-3.425195322989816
0.4550889985963919,0.0149779805305594,24.924724502659256,1.1790891263022656,0.0537753888548748,0.6004737956488687,,3,1,0.1,0.9142670353609954,0.3392511642800689,1.235435204555933,1.3252610311058457,0.5988164454827957,0.6653516060919952,1,10,0.6271686331734253,1.4020289257824974,0.8,0.3392511642800689,0.3392511642800689,1,False,False,False,False,1e-06,0.9,-7.157146097414779
0.1626041129482463,0.0100013855871886,9.208762910665474,0.5141241741778038,0.0569302638285124,0.4440413150983862,,3,1,0.1,1.5850101649408634,0.8109606098479252,1.0208766884624474,1.080970890676716,1.126838425610435,1.252042695122705,1,10,0.6839730679649346,0.6256252440898301,0.8,0.8109606098479252,0.8109606098479252,1,False,False,False,False,1e-06,0.9,-8.12593657440713
0.1296676931586518,0.0067436761244485,10.861725142954484,0.487535147704813,0.0531980428688484,0.4177697478110686,,3,1,0.1,1.5618909315549885,0.7944197460637853,0.9987367965416504,0.7299109277476955,1.25429672616461,1.3936630290717886,1,10,1.306227394489606,0.5479248706040644,0.8,0.7944197460637853,0.7944197460637853,1,False,False,False,False,1e-06,0.9,-4.509095536280549
0.331434846419677,0.0159957952692805,28.84651191597457,0.422651569152055,0.0578394530697153,0.3892768177357738,,3,1,0.1,1.3576710595071104,0.7685306927085488,0.5486193362393934,1.0001228008926972,1.4119794423794476,1.5688660470882752,1,10,0.7975946969926789,1.834759829886297,0.8,0.7685306927085488,0.7685306927085488,1,False,False,False,False,1e-06,0.9,-6.699203779975052
0.2538897997490287,0.0048186131159483,71.33913722607976,1.1437325002084406,0.0597192831889765,0.4267895771510436,,3,1,0.1,0.729796166754024,0.3982751235682035,0.6007091085900013,1.253757215459142,1.2087675242862923,1.343075026984769,1,10,0.9268755994620056,0.7794397042907358,0.8,0.3982751235682035,0.3982751235682035,1,False,False,False,False,1e-06,0.9,-6.186550179653761
0.3706191641330609,0.0005215021679805,385.8380752243489,0.8819480419622794,0.0080772678339871,0.3725538110029171,,3,1,0.1,0.5054534465837202,0.305346498482752,0.9192748638543078,0.5872702771545683,1.5157584043421657,1.6841760048246284,1,10,1.563188501458506,1.397348576644358,0.8,0.305346498482752,0.305346498482752,1,False,False,False,False,1e-06,0.9,-4.873513783075331
0.3221337750556777,0.0202805206373352,13.259539341731058,0.4750637076853324,0.0327182567979893,0.5543255968249042,,3,1,0.1,1.906213790535324,0.7367601123781221,0.7949089341417527,1.290956047980915,0.7235945176536465,0.8039939085040516,1,10,0.4770691314426831,1.3515337960903262,0.8,0.7367601123781221,0.7367601123781221,1,False,False,False,False,1e-06,0.9,-6.902236117394043
0.446063238581311,0.0060895169112018,188.07616075589567,0.917087682083119,0.0519451780645507,0.4029963901203034,,3,1,0.1,0.6500123673781898,0.3772129669842377,0.5229703854079547,1.364192721327182,1.333270624908898,1.4814118054543313,1,10,1.7165452357311677,1.86901790646398,0.8,0.3772129669842377,0.3772129669842377,1,False,False,False,False,1e-06,0.9,-9.109808464683574
0.2389235586977819,0.008319180577891,21.179692640024445,0.7894052951238791,0.0828865867371552,0.3873155687683916,,3,1,0.1,0.8687621109526572,0.513567938698702,1.233816058587075,1.4235650328069591,1.4236866074396957,1.5818740082663283,1,10,1.683327153577317,0.8214448636265853,0.8,0.513567938698702,0.513567938698702,1,False,False,False,False,1e-06,0.9,-9.236581609252315
0.3452000319400356,0.0244808030238274,12.50924503169388,0.7145466478054737,0.1302632016539746,0.4164338345003524,,3,1,0.1,1.1525785225833771,0.5744037439371564,1.0371281297996928,1.702562925383529,1.2612076767965847,1.4013418631073162,1,10,1.7699093292438637,1.2540988894975862,0.8,0.5744037439371564,0.5744037439371564,1,False,False,False,False,1e-06,0.9,-2.807456811887059
0.3351106781060382,0.0196423138409374,8.89186145288743,0.4973538571807157,0.0697120403156107,0.4242946411416841,,3,1,0.1,1.5102673920863974,0.7039153750291745,1.2918986918833673,1.217146785589322,1.2211674924253029,1.3568527693614476,1,10,0.6486002595764544,1.5297640925897584,0.8,0.7039153750291745,0.7039153750291745,1,False,False,False,False,1e-06,0.9,-2.7246019802246257
0.4289508815855314,0.0058845400664813,90.36604876261067,1.4681269608770904,0.050159092676365,0.5330343901396813,,3,1,0.1,0.6239424047757055,0.2797030509981572,0.7168052668475149,1.058810491924003,0.7884464054264031,0.8760515615848923,1,10,0.8316609182876112,1.207808473441907,0.8,0.2797030509981572,0.2797030509981572,1,False,False,False,False,1e-06,0.9,-7.980410739782535
0.1972728178405994,0.0111035229280183,6.33292498062586,0.355176813432995,0.0308745970115578,0.485489483281116,,3,1,0.1,2.162482886098014,0.8941091549312112,1.6282285858315635,0.6554946149988432,0.9537991676307171,1.0597768529230192,1,10,0.9791787632193948,0.8774599426871333,0.8,0.8941091549312112,0.8941091549312112,1,False,False,False,False,1e-06,0.9,-4.295855642453212
0.2248660300376253,0.0150081141353838,7.444008015873121,0.4488090535235602,0.0256841449154997,0.5864028259401649,,3,1,0.1,2.279717231811768,0.7774035209297107,1.3587714084713134,0.7736321666330018,0.6347811439296059,0.7053123821440066,1,10,0.6826561122337187,0.9208319971376508,0.8,0.7774035209297107,0.7774035209297107,1,False,False,False,False,1e-06,0.9,-6.280224707865379
0.3094071827963475,0.0226081501762943,7.399975018591935,0.3308336863836619,0.0585946609493401,0.4004066845036912,,3,1,0.1,2.0577406330243844,0.986029791030986,0.9458057586894308,0.9754956870558976,1.3477147231334572,1.497460803481619,1,10,1.347354367724788,1.6998281841708285,0.8,0.986029791030986,0.986029791030986,1,False,False,False,False,1e-06,0.9,-3.278836084335886
0.4089759564203377,0.0054884106797483,43.569989052013376,1.6414745191264577,0.0325431499796384,0.6340938599192834,,3,1,0.1,0.7433031492251488,0.2566158876534889,1.8818576914416485,1.5651600332147555,0.5193482335794345,0.5770535928660383,1,10,0.292336709471816,1.084594817954888,0.8,0.2566158876534889,0.2566158876534889,1,False,False,False,False,1e-06,0.9,-7.872607332978738
0.361335107172809,0.0146878882494165,20.05022600642025,0.5279989507517904,0.0661517393950829,0.3911122149439875,,3,1,0.1,1.4046613232524991,0.6325228420941018,0.9104283047072654,1.1918748275529976,1.4011298691576068,1.556810965730674,1,10,0.4334933111816207,1.9011914040845432,0.8,0.6325228420941018,0.6325228420941018,1,False,False,False,False,1e-06,0.9,-1.55996682466904
0.2483493810768164,0.0089122915973463,6.10052002989575,0.3040945207394968,0.0364537727918743,0.3414177865311678,,3,1,0.1,1.7077634463886369,0.9964434930137888,1.1623138236631467,0.6340786736037648,1.7360665305228304,1.9289628116920337,1,10,0.8411458500158098,1.2323862685089453,0.8,0.9964434930137888,0.9964434930137888,1,False,False,False,False,1e-06,0.9,-4.529791536391992
0.3833159840198786,0.0297245229233846,26.94418936195223,0.5431509910276484,-0.0158316411823459,0.8118280338442143,,3,1,0.1,-843.6807091356268,0.607990956811841,0.591529854512304,0.737915822052092,0.2086091665722219,0.2317879628580243,1,10,0.9874130195841794,1.7275271227356266,0.8,0.607990956811841,0.607990956811841,1,False,False,False,False,1e-06,0.9,-2.61304087200876
0.3886331759424912,0.0004116816802188,761.3387400610409,1.268754397834017,0.0078065362605075,0.3680270626419502,,3,1,0.1,0.4766744187501741,0.2821470362874418,0.6454707271610741,0.9073058283776264,1.5454723343962362,1.7171914826624846,1,10,0.4525953740052825,1.26694695443128,0.8,0.2821470362874418,0.2821470362874418,1,False,False,False,False,1e-06,0.9,-2.591686503364957
0.3871772153044652,0.0244845652804575,9.693550845548687,0.7142959836230645,-0.0037157746910787,0.7696239925997754,,3,1,0.1,2.844647521246485,0.5042017532038225,1.861302261678701,1.2919969244370373,0.2694022128387875,0.2993357920430973,1,10,0.4835403730647709,1.4447832920743309,0.8,0.5042017532038225,0.5042017532038225,1,False,False,False,False,1e-06,0.9,-7.303671478645455
0.3705397530781502,0.0498532621710275,3.2112844263332,0.37607994222326,0.0625453436100811,0.5202215466804364,,3,1,0.1,3.093663758307763,0.9513592825824267,1.8378315686581697,1.7639582200391954,0.8300321483086424,0.922257942565158,1,10,1.6876705890507016,1.8503875912629488,0.8,0.9513592825824267,0.9513592825824267,1,False,False,False,False,1e-06,0.9,-2.8730880297715906
0.2531487373302891,0.0234890719996551,6.308476659248575,0.4254597381734434,0.025688211200826,0.618353356731844,,3,1,0.1,-6.572410607596392,0.890104444605273,1.2358048572813622,1.8172571992351063,0.555478473921013,0.6171983043566811,1,10,0.3756644544712169,0.9453391094814662,0.8,0.890104444605273,0.890104444605273,1,False,False,False,False,1e-06,0.9,-1.0644429844977417
0.7681685553421441,1.7786236304845433e-06,112431.29471578095,3.4581131576780257,0.0002253516274681,0.5409295035474762,,3,1,0.1,0.1821556924260136,0.0821539524568236,0.750228783340934,1.323102709366816,0.7638027582110042,0.8486697313455602,1,10,0.3292342671420707,1.9516134985077684,0.8,0.0821539524568236,0.0821539524568236,1,False,False,False,False,1e-06,0.9,-5.512921266042249
0.5681681043089046,0.0010663567456215,566.5917959179029,1.805563925934684,0.0158416425311987,0.4894512199676212,,3,1,0.1,0.4265335116490462,0.2112344175250045,0.773401095567712,1.170204993695937,0.9387940683027366,1.043104520336374,1,10,0.5506206036082189,1.687795929402585,0.8,0.2112344175250045,0.2112344175250045,1,False,False,False,False,1e-06,0.9,-6.751463661495012
0.2807487484093733,0.0081009854778768,10.322273664261353,0.3792374005900511,0.0342549696451829,0.3805672458072815,,3,1,0.1,1.2868815740265267,0.7571262128322804,1.182323553652574,0.5999828841923016,1.4648908567810863,1.6276565075345404,1,10,1.1156198644686806,1.4470814515689936,0.8,0.7571262128322804,0.7571262128322804,1,False,False,False,False,1e-06,0.9,-9.26756291432989
0.3801899357084445,0.0045993430124772,100.97865756033394,0.7765935863288681,0.0239763275761482,0.485963825944932,,3,1,0.1,0.87401290610884,0.4079998817126437,0.6556366143130329,0.5626609365101756,0.9519896995419268,1.057766332824363,1,10,0.2306424914464764,1.5453623050646388,0.8,0.4079998817126437,0.4079998817126437,1,False,False,False,False,1e-06,0.9,-4.198569890160715
0.3469514739971591,0.030205145644623,5.284814149179482,0.4901303118777799,0.1357625818079988,0.350571849447248,,3,1,0.1,2.043711867486489,0.7918940123699341,1.713037558766331,1.7298606187776893,1.667234081741142,1.852482313045713,1,10,0.8165853414350682,1.6305310248081577,0.8,0.7918940123699341,0.7918940123699341,1,False,False,False,False,1e-06,0.9,-1.0598049751046403
0.4773803170867823,6.783326150818243e-06,20435.24738964632,2.8243150123689804,0.0006050191879441,0.4550054981913458,,3,1,0.1,0.2201816120875727,0.117471174076014,1.5848334409191014,1.2509930458439336,1.0779980760177943,1.1977756400197714,1,10,1.4175427568807186,1.0390669064781333,0.8,0.117471174076014,0.117471174076014,1,False,False,False,False,1e-06,0.9,-4.6579364172163205
0.7122842917194847,6.508519856003964e-10,141270876.99745357,5.602024051727875,2.369484650998028e-07,0.4142767141883235,,3,1,0.1,0.1255216179410259,0.0730162201493312,0.9474136938738912,1.75090923084487,1.2724609884563165,1.4138455427292402,1,10,0.7440670941042922,1.554240283700048,0.8,0.0730162201493312,0.0730162201493312,1,False,False,False,False,1e-06,0.9,-7.52285592597039
0.5384766176037914,0.0282645228535142,17.419441728089943,1.2196272586173773,-0.0174377857858553,0.8110835482102758,,3,1,0.1,2.219318558446841,0.2796132076483427,1.2567962863457185,0.8830749407209966,0.2096267480531763,0.2329186089479736,1,10,1.561009011846277,1.960318615785693,0.8,0.2796132076483427,0.2796132076483427,1,False,False,False,False,1e-06,0.9,-3.604076129051381
0.3368168182939,0.0209430809973078,5.193129464462593,0.4208790577650759,0.0866474909171299,0.3416307151480782,,3,1,0.1,1.3769258285297643,0.8487070452679307,1.864921200152347,1.7793184158231563,1.7344235459329216,1.9271372732588017,1,10,1.14471708164846,1.9096371454204293,0.8,0.8487070452679307,0.8487070452679307,1,False,False,False,False,1e-06,0.9,-6.904901440462514
0.4704804009865959,8.28616609423296e-05,5875.95826688625,1.47324355108507,0.0021735347682472,0.3563104164142273,,3,1,0.1,0.3561381800052813,0.22567205751787,0.5300700368398429,1.1166652102801211,1.6258874243903911,1.80654158265599,1,10,0.7641553798134987,1.5892877855749483,0.8,0.22567205751787,0.22567205751787,1,False,False,False,False,1e-06,0.9,-8.02066707962128
0.3285525402797708,0.0091708994077754,28.58958940438915,0.6661103705324998,0.0473111875704349,0.4611290445396188,,3,1,0.1,0.9848984557243382,0.4817511664356175,1.053736226511052,0.7207594906530466,1.0517313226247558,1.1685903584719508,1,10,1.896560471542832,1.3117682370808803,0.8,0.4817511664356175,0.4817511664356175,1,False,False,False,False,1e-06,0.9,-4.466837429844134
0.4178440335304928,0.030194944776519,17.225767832605797,0.7743126693712218,0.0394270400913448,0.6468519975195279,,3,1,0.1,-1.6110737655660847,0.4259879857000616,1.086455646078333,0.5189934262134653,0.491353823519467,0.5459486927994078,1,10,0.3832800602634395,1.873396276019888,0.8,0.4259879857000616,0.4259879857000616,1,False,False,False,False,1e-06,0.9,-0.446193035282489
0.2614143609358034,0.0026731131045169,19.0787863934128,0.4730068340427317,0.0206429425323539,0.3434613377785842,,3,1,0.1,1.0205325299188783,0.5958999150012146,1.4379604462643605,0.5703131670963161,1.7203822701587284,1.9115358557319204,1,10,0.2299899572323531,1.1833133934025886,0.8,0.5958999150012146,0.5958999150012146,1,False,False,False,False,1e-06,0.9,-2.818043034495904
0.2617658187091833,0.008194534830044,10.397940017366013,0.4327713065798304,0.0335170158182795,0.4346999221559991,,3,1,0.1,1.361227028333417,0.6671560787950943,1.9425457062581883,0.77916771719925,1.1703937454974296,1.300437494997144,1,10,0.3206099630338723,1.1990732222220115,0.8,0.6671560787950943,0.6671560787950943,1,False,False,False,False,1e-06,0.9,-3.857252915812124
0.3224731401317746,0.0254429356947008,4.601705972309753,0.3656212545821583,0.059282816040714,0.4443129318542477,,3,1,0.1,1.8764245268403343,0.8640806531443327,1.9011261670086856,1.0924918255530724,1.1255993815980936,1.2506659795534372,1,10,1.1766495073948653,1.753852055500266,0.8,0.8640806531443327,0.8640806531443327,1,False,False,False,False,1e-06,0.9,-4.033054229917066
0.3174365013367735,0.0269394025523097,7.103186895601576,0.4641232004124228,0.0211064171092446,0.63672860216271,,3,1,0.1,5.858507035224837,0.6563538388195296,1.937948260941293,0.7246655618678524,0.5134750613417765,0.5705278459353071,1,10,0.91262535585147,1.651064764049941,0.8,0.6563538388195296,0.6563538388195296,1,False,False,False,False,1e-06,0.9,-1.663445786733904
0.2692777497436013,0.0320168710216453,3.6922716048879294,0.3485836135390202,0.0126235946270724,0.6791016217151662,,3,1,0.1,5.263103900523815,0.9934694193403422,1.5651805664749674,1.3297604247494497,0.4252802985905469,0.4725336651006077,1,10,1.6673183641712563,1.096149539008073,0.8,0.9934694193403422,0.9934694193403422,1,False,False,False,False,1e-06,0.9,-5.105802360276407
0.3767099553614862,0.0154008641723139,26.93885049794928,0.8923485988581268,-0.0179230674155747,0.8742210981116315,,3,1,0.1,4.836251313259546,0.4142910600536874,1.067445422389863,0.5414622259678309,0.129487851464638,0.1438753905162644,1,10,1.521832993915915,1.462041225237498,0.8,0.4142910600536874,0.4142910600536874,1,False,False,False,False,1e-06,0.9,-9.028541337353186
0.3155149651793182,0.0018956191340844,30.44910338991161,0.5565092522436019,0.0091569952342437,0.4378502481506716,,3,1,0.1,1.097596448986945,0.519471200106653,1.4094196745913865,1.4641560240214626,1.1554972934268948,1.2838858815854386,1,10,0.0524004135289315,1.5635271549689258,0.8,0.519471200106653,0.519471200106653,1,False,False,False,False,1e-06,0.9,-2.5593899427726647
0.405102229303365,4.030492811830455e-05,5827.829720275822,2.212772031696091,0.0020706877343892,0.3893112025595932,,3,1,0.1,0.3035538200357818,0.171256006612387,1.0284874217638158,1.1620652820190174,1.411775243257312,1.568639159174791,1,10,1.947206623490072,0.9843301312240323,0.8,0.171256006612387,0.171256006612387,1,False,False,False,False,1e-06,0.9,-1.4332294041263598
0.2066679229226985,0.0096563177706313,15.209592811115026,0.7103833124478595,0.0913981316531573,0.3981495822242377,,3,1,0.1,1.14119464565474,0.5609374969544481,1.3918798002702906,1.2151296523655888,1.3604569744170174,1.5116188604633527,1,10,0.8728131473766467,0.7314606303839221,0.8,0.5609374969544481,0.5609374969544481,1,False,False,False,False,1e-06,0.9,-2.0245376464765084
0.4886274415977678,0.0054285702042365,222.3725007866553,1.2387837912521484,0.0548816714563515,0.4265979266056212,,3,1,0.1,0.7642959167024314,0.3179287231548693,0.5166678004017589,1.1019443511276523,1.209714895150034,1.3441276612778157,1,10,0.4931743231592165,1.690554605000366,0.8,0.3179287231548693,0.3179287231548693,1,False,False,False,False,1e-06,0.9,-0.8615326014685767
0.2399384753453877,0.0171904212294411,13.939894692783993,0.4026289121735061,-0.0039625541284841,0.8155049098581034,,3,1,0.1,7.85303192997874,0.8708187698513155,0.6759538555203485,1.9668564210805053,0.2036107681517192,0.2262341868352435,1,10,0.3935928691384399,0.9250918906574092,0.8,0.8708187698513155,0.8708187698513155,1,False,False,False,False,1e-06,0.9,-9.648138998864756
0.4875793404701391,0.0147329241114967,28.45804174182261,1.1902039548483596,0.0807055172880019,0.5871799754186251,,3,1,0.1,0.9022547075869376,0.26688867300827,1.341651080725796,0.8667050755473671,0.6327498172231649,0.7030553524701832,1,10,1.4311347664607432,1.6559637200716293,0.8,0.26688867300827,0.26688867300827,1,False,False,False,False,1e-06,0.9,-1.3392088541198213
0.3377022397790661,0.0066417299839923,89.22557920716686,1.586152626967224,0.0687007986608666,0.525036496123779,,3,1,0.1,0.6607741490525154,0.2968813655341301,0.5349377426010493,1.4245726449550853,0.8141665515530603,0.9046295017256224,1,10,0.92632741146612,0.9050103514267818,0.8,0.2968813655341301,0.2968813655341301,1,False,False,False,False,1e-06,0.9,-6.072147089039028
0.7083534603182078,0.0019387223633186,82.8631862446072,2.49929886431252,0.011072878244544,0.8621721919684802,,3,1,0.1,0.813634524056043,0.100213231151171,1.1426845868689923,1.1511342889699407,0.1438750036058954,0.1598611151176615,1,10,0.1328284604336271,1.7713594743921914,0.8,0.100213231151171,0.100213231151171,1,False,False,False,False,1e-06,0.9,-5.893487587509241
0.3388306939857209,0.0062911840820507,34.30590658171349,0.7053665522678393,0.0536057040646325,0.3477799685255187,,3,1,0.1,1.0941862711416592,0.5058447176575649,0.9573232355070848,1.477553517839083,1.687843123385531,1.8753812482061456,1,10,0.3178703989920344,1.4048260707920384,0.8,0.5058447176575649,0.5058447176575649,1,False,False,False,False,1e-06,0.9,-0.9263093219489136
0.3431618964118745,0.0151705646233636,16.04866113291916,0.4835543302807094,0.0714202908467059,0.3693606192287401,,3,1,0.1,1.3153510795007268,0.6803916684982606,0.9272233211697096,1.0508434146262764,1.5366430884789102,1.7073812094210112,1,10,0.7097863372966886,1.8076301906108976,0.8,0.6803916684982606,0.6803916684982606,1,False,False,False,False,1e-06,0.9,-2.2167353529108027
0.2633529321213154,0.0156415064142548,6.011472387828322,0.3813743037610009,0.0411421610056434,0.4454378656116926,,3,1,0.1,1.9475613548946509,0.9503062809909948,1.2479427017865068,1.563774246126879,1.1204838193629658,1.2449820215144063,1,10,0.457049409424294,1.1110965377782245,0.8,0.9503062809909948,0.9503062809909948,1,False,False,False,False,1e-06,0.9,-6.354426386174716
0.2992823704345094,0.0159198480305768,16.23426203137443,0.4632621701407138,-0.0005834866898023,0.7512235571952776,,3,1,0.1,3.8613261162469694,0.70250928776676,0.7186841022387108,0.5560765660978723,0.2980454970823667,0.3311616634248519,1,10,0.5827064763692211,1.3270051422500782,0.8,0.70250928776676,0.70250928776676,1,False,False,False,False,1e-06,0.9,-7.895390902872686
0.2901896842144492,0.0025818710339653,26.30762228422586,0.6262102212417504,0.0148772204844513,0.4315809035507516,,3,1,0.1,1.031141672455963,0.519562946723909,1.7150469666556964,1.2289571962785169,1.1853564015354188,1.3170626683726874,1,10,0.0954583330290912,1.2007301117735345,0.8,0.519562946723909,0.519562946723909,1,False,False,False,False,1e-06,0.9,-3.473926399443177
0.3133341683173407,0.0109974239718047,12.784868211812434,0.4283167791978438,0.0255160582887799,0.4986374052088176,,3,1,0.1,1.4893786232975434,0.676241240312995,1.195914097441397,0.5737698890451122,0.9049187457629684,1.0054652730699647,1,10,1.812519871524466,1.6727747094177727,0.8,0.676241240312995,0.676241240312995,1,False,False,False,False,1e-06,0.9,-7.125924039275715
0.2690793953850964,0.0052632434210603,5.642583684298349,0.2865514722794415,0.0208338982095176,0.3423913021484821,,3,1,0.1,1.4739831814814102,0.9180338780356974,1.7901032132964994,0.5198464215904246,1.7285714454560066,1.9206349393955628,1,10,0.3477493012770205,1.61895065835785,0.8,0.9180338780356974,0.9180338780356974,1,False,False,False,False,1e-06,0.9,-9.03666637360496
0.30003905087435,0.0159056928965857,5.394953929840283,0.4090581588486674,0.0612716869511468,0.3711174156718431,,3,1,0.1,1.64932091123897,0.858705005856728,1.886079306288215,1.7902933755873889,1.5251085020375763,1.6945650022639738,1,10,0.4882973034916486,1.425690359830991,0.8,0.858705005856728,0.858705005856728,1,False,False,False,False,1e-06,0.9,-2.944173646819824
0.4873498198803598,0.0020887363419163,192.0369765467697,1.4491891814891409,0.0278916296466541,0.4653317956510889,,3,1,0.1,0.4739631368280455,0.2477814004259159,1.0926722119509873,1.1770501135414486,1.034103812400626,1.1490042360006951,1,10,1.2221828859475292,1.471314010960077,0.8,0.2477814004259159,0.2477814004259159,1,False,False,False,False,1e-06,0.9,-9.70382020739701
0.2668725782454924,0.0190009734112135,16.831036295157915,0.4532612448822244,0.0013803636756259,0.7530830765511088,,3,1,0.1,5.086573960840213,0.7794285192949519,0.5353601716290477,0.7317965723441162,0.2950872726044063,0.3278747473382293,1,10,0.7282442440045803,1.043666156954757,0.8,0.7794285192949519,0.7794285192949519,1,False,False,False,False,1e-06,0.9,-6.265444113750256
0.2930302422808092,0.0120358439878875,16.027425216096546,3.082047656836359,0.0008269596695651,0.9066094551903578,,3,1,0.1,3.0965961894008696,0.1673703208290775,0.6966968981363444,1.266183254887144,0.0927096996920575,0.1030107774356195,1,10,0.9930245792549774,0.6913982832549425,0.8,0.1673703208290775,0.1673703208290775,1,False,False,False,False,1e-06,0.9,-3.857054858162576
0.2893538322134961,0.0198246395179664,10.12580040573745,0.7124404932804288,-0.0005281049971317,0.7905273655089754,,3,1,0.1,7.629531986852476,0.5659997956514017,1.3966230704849365,1.4051481268670667,0.2384805122091394,0.2649783468990438,1,10,0.4187848113246573,0.9408379736404812,0.8,0.5659997956514017,0.5659997956514017,1,False,False,False,False,1e-06,0.9,-3.3073208383294173
0.2668228633235681,0.0065502215062677,8.915926812238823,0.3898805715929136,0.0272650587374315,0.3786460946993732,,3,1,0.1,2.086841955991343,0.8193756223020049,1.2503306024460406,1.2013954621435463,1.476889693566117,1.6409885484067968,1,10,0.1290530373773847,1.2609361252112208,0.8,0.8193756223020049,0.8193756223020049,1,False,False,False,False,1e-06,0.9,-1.3565072786769647
0.5317805396595443,8.851721955552409e-05,5045.9991911494335,2.699292205066193,0.0044935938523351,0.4818296554206063,,3,1,0.1,0.2798711443439822,0.1329740980053317,0.5213276006092236,1.1409106347974496,0.967880048218198,1.075422275797998,1,10,1.7952887319276845,1.223594159294589,0.8,0.1329740980053317,0.1329740980053317,1,False,False,False,False,1e-06,0.9,-1.488490086021839
0.2937400232794365,0.023556261146237,13.062701522587847,0.3821308178684672,0.0833416406465175,0.3651078742741196,,3,1,0.1,1.7996091001588086,0.9702217027885732,0.5817502169341332,1.3721220091723416,1.5650248965167155,1.7389165516852396,1,10,1.1912166511449993,1.3499504841864969,0.8,0.9702217027885732,0.9702217027885732,1,False,False,False,False,1e-06,0.9,-3.69908658503064
0.3600075889456838,0.0045018299856872,35.95402989630263,0.6989712969834517,0.0142418893568767,0.5398614503900807,,3,1,0.1,1.1051680874752747,0.4593835983766215,1.3555733342199832,1.043681716438449,0.7670943986641362,0.852327109626818,1,10,0.1071473819427588,1.5386274632501231,0.8,0.4593835983766215,0.4593835983766215,1,False,False,False,False,1e-06,0.9,-5.576869952653385
0.3109965487454625,0.0244348191890575,6.302326776573144,0.470953687685454,0.0928718712777297,0.3912489492278441,,3,1,0.1,1.4498618870023037,0.8160829974357611,1.2979944387618718,1.6483046364279903,1.40032566675568,1.5559174075063111,1,10,1.332825830331072,1.3275105068508584,0.8,0.8160829974357611,0.8160829974357611,1,False,False,False,False,1e-06,0.9,-6.95903751304132
0.2041737935962898,0.021705892664657,8.27076309119501,0.6690716889877316,0.0527993440690634,0.6250495785629292,,3,1,0.1,2.204302595784756,0.6640227604980568,1.1289590562053191,1.8137513997972927,0.5398857800515887,0.5998730889462096,1,10,0.9083216150329538,0.6845299796614269,0.8,0.6640227604980568,0.6640227604980568,1,False,False,False,False,1e-06,0.9,-5.630732821860655
0.3234066333999913,0.0384754075340669,7.245853290144944,0.7673722033245668,-0.0289848988492655,0.8638131200959421,,3,1,0.1,6.611730947522347,0.5167202980576748,1.2252448799365392,1.4277418841796168,0.1418920239368889,0.157657804374321,1,10,1.967831175992001,1.022501499928247,0.8,0.5167202980576748,0.5167202980576748,1,False,False,False,False,1e-06,0.9,-7.691066541560458
0.31779151331244,0.0200081198222132,4.786937066961371,0.3169494709662482,0.0282445294651868,0.5007923817381293,,3,1,0.1,2.371717700488285,0.9610825474254768,1.5648502293495392,1.0854121851301168,0.8971519392453964,0.9968354880504404,1,10,0.4911616658412288,1.8621187812666915,0.8,0.9610825474254768,0.9610825474254768,1,False,False,False,False,1e-06,0.9,-5.121264206858911
0.3198858403609944,0.0347478988973764,4.582600520784366,0.4063328965729327,-0.0156497133190948,0.8251811718549542,,3,1,0.1,7.521534517894083,0.8024952277011596,1.711535158358517,1.1884361490535575,0.1906695774175966,0.2118550860195517,1,10,1.7597309833017722,1.376632583524461,0.8,0.8024952277011596,0.8024952277011596,1,False,False,False,False,1e-06,0.9,-9.720309584730414
0.2259562508389659,0.0288199938955224,7.455028645502362,0.7807591630767047,0.0283859648357248,0.7315774102866848,,3,1,0.1,-22.25457005875014,0.5308839236391064,1.4429106463375398,1.0184732083637067,0.3302184120848061,0.3669093467608957,1,10,1.8429676343910213,0.7935938171192682,0.8,0.5308839236391064,0.5308839236391064,1,False,False,False,False,1e-06,0.9,-1.328814218844702
0.4044621640491597,0.0295797622163276,9.397852792678378,0.7557930937701712,0.0878775062977762,0.5311115974253647,,3,1,0.1,1.1898745904423291,0.5013400598365084,1.7554711413958128,1.4718190642147522,0.7945591178254657,0.8828434642505174,1,10,1.4178966898014451,1.5185561739502458,0.8,0.5013400598365084,0.5013400598365084,1,False,False,False,False,1e-06,0.9,-5.599757397649598
0.5304836006089979,0.0020505997770667,175.7691123544304,1.3957444836112072,0.0141888549310955,0.5819846309840868,,3,1,0.1,0.6008819581955329,0.2384770067118235,1.327029375324433,0.8300741718005842,0.6464325895997909,0.7182584328886565,1,10,0.1472737427961524,1.7116728818170444,0.8,0.2384770067118235,0.2384770067118235,1,False,False,False,False,1e-06,0.9,-6.566185498833116
0.3877366159566427,0.0064933615930118,47.32375854624787,0.6256006958517221,0.0394431750258609,0.4234030519733406,,3,1,0.1,0.8055289643665948,0.4390959954016399,1.130139824776193,0.7188457725637376,1.225634181911065,1.3618157576789611,1,10,1.4046415798492724,1.944659865115304,0.8,0.4390959954016399,0.4390959954016399,1,False,False,False,False,1e-06,0.9,-5.903124039533491
0.2750673367071324,0.0008242793674912,113.587070926641,0.9552643550211,0.0146535450828891,0.3456423872877915,,3,1,0.1,0.5739289026146196,0.362220569117814,1.9669404688055607,1.3927089865251214,1.703847308954717,1.893163676616352,1,10,0.5319615997677839,0.9406325706228528,0.8,0.362220569117814,0.362220569117814,1,False,False,False,False,1e-06,0.9,-5.388798813621321
0.4361343881284495,0.0520252509235917,6.925577848112034,0.4822472179643127,0.001244027120157,0.7195615199656433,,3,1,0.1,3.084986228711825,0.6923386286710203,1.2371792965822108,1.7223604377176271,0.350761713943475,0.3897352377149722,1,10,1.494517245376752,1.9595688521557464,0.8,0.6923386286710203,0.6923386286710203,1,False,False,False,False,1e-06,0.9,-8.893450661131885
0.3532814534445925,0.0034026749502292,141.68407502048413,1.2998420824973458,0.0514461996068863,0.4213420779468027,,3,1,0.1,0.6458039640358567,0.3013024762415729,0.6435797313120337,0.9363273140037196,1.2360316168413426,1.3733684631570473,1,10,1.3378040822960893,1.027521240731264,0.8,0.3013024762415729,0.3013024762415729,1,False,False,False,False,1e-06,0.9,-1.1324448164104552
0.376164875587645,0.0015186534744651,158.4351990635408,1.5510646881392212,0.0304162455769701,0.4074123293942592,,3,1,0.1,0.4894326642248219,0.2626306727859475,1.8742539747423856,1.6868680069630826,1.3090642208548773,1.4545158009498635,1,10,1.380851945749972,1.046564449413448,0.8,0.2626306727859475,0.2626306727859475,1,False,False,False,False,1e-06,0.9,-1.9111938143091287
0.4851002778530654,0.0022444682902245,71.74876930998546,2.646893979799502,0.0501928023411466,0.6624122198295126,,3,1,0.1,0.4084924165875271,0.1323876356072761,1.9146824586947848,1.3154338122570262,0.4586705876767134,0.5096339863074594,1,10,1.3156380473660536,1.120409318077698,0.8,0.1323876356072761,0.1323876356072761,1,False,False,False,False,1e-06,0.9,-6.496216765718071
0.1445860743014468,0.0056270262834017,18.98882691789726,0.7432616455755686,0.0770947101380564,0.3877556407127577,,3,1,0.1,1.098222179185907,0.577271022607262,1.0980329888493814,1.0796160163100574,1.4210494071618252,1.5789437857353612,1,10,0.7807632155287859,0.5466984914343972,0.8,0.577271022607262,0.577271022607262,1,False,False,False,False,1e-06,0.9,-2.5846697070405744
0.6781540012756135,1.1449145830511234e-12,46812591717.33966,3.020536006043591,5.293148685898049e-10,0.3455281805714507,,3,1,0.1,0.1147123986583567,0.0744875625162706,0.771663947496102,0.6051683286835355,1.7047079532313043,1.8941199480347828,1,10,0.2532393364653607,1.5217042481768432,0.8,0.0744875625162706,0.0744875625162706,1,False,False,False,False,1e-06,0.9,-5.017108095445708
0.3149529102877862,0.0251623452050192,18.172686578941164,0.3848523608157447,-0.008732661291817,0.8024464458243461,,3,1,0.1,7.58849528962394,0.8172123241228454,0.5448236486896085,0.8507009686793818,0.2215701741633835,0.2461890824037594,1,10,1.8272890644862545,1.423018914723759,0.8,0.8172123241228454,0.8172123241228454,1,False,False,False,False,1e-06,0.9,-7.297464680737374
0.697238320898852,0.0018890645777381,153.8972683286475,2.800300208353303,0.0044864084096696,0.9081960880637154,,3,1,0.1,1.2883043140488315,0.0924261659923918,0.5737797780970004,0.9925090822612512,0.0909754202077774,0.1010838002308637,1,10,0.1187332153238086,1.6363856540136574,0.8,0.0924261659923918,0.0924261659923918,1,False,False,False,False,1e-06,0.9,-4.1842050963215485
0.27913401756458,0.0185715244639738,12.733815063217136,0.6368924649954034,0.1058077645005311,0.4083570155403661,,3,1,0.1,1.181897523388195,0.6332714554197455,0.9141738631538214,1.4650158206773756,1.3039538094112526,1.4488375660125028,1,10,1.59610622334328,1.005215718152917,0.8,0.6332714554197455,0.6332714554197455,1,False,False,False,False,1e-06,0.9,-4.631611645332613
0.2714525558497533,0.0332327172760504,7.941580305813617,0.911676762807038,0.047214056475368,0.7099793595586924,,3,1,0.1,2.961304228924324,0.4899594997775147,1.1310002965251786,1.921366419895295,0.3676424854934095,0.4084916505482328,1,10,1.193190735556037,0.8092670632064242,0.8,0.4899594997775147,0.4899594997775147,1,False,False,False,False,1e-06,0.9,-2.792569567007296
0.4199856838350212,0.0223819150019651,16.078752890313392,1.2305296560602892,0.0287304264326928,0.7258148785954366,,3,1,0.1,1.4910862978642518,0.3044929795609755,1.2969699950567797,0.8727118860168499,0.3399856031356624,0.3777617812618472,1,10,1.1471750735342976,1.33314777518744,0.8,0.3044929795609755,0.3044929795609755,1,False,False,False,False,1e-06,0.9,-3.1582913585913204
0.7467491755972043,0.0103440857381134,21.06744391404688,2.2719535040667505,0.0149772239356001,0.8932688656669722,,3,1,0.1,1.039188490381558,0.1011320968779913,0.924543633881778,1.6128408407500785,0.1075353956594043,0.1194837729548936,1,10,0.9478123234432752,1.9594270477745908,0.8,0.1011320968779913,0.1011320968779913,1,False,False,False,False,1e-06,0.9,-9.597376956007876
0.4388710975839089,2.948082824375333e-07,348749.5422665081,3.2777931497715835,2.635765600048056e-05,0.3890987068693317,,3,1,0.1,0.221672417867984,0.134003141078204,1.6814704177570574,1.7479580894112905,1.413037756515188,1.5700419516835422,1,10,0.1017179650830721,0.985051498971894,0.8,0.134003141078204,0.134003141078204,1,False,False,False,False,1e-06,0.9,-8.15774290139046
0.3531495620031656,0.0130224510945803,9.898659781038686,0.5209111828199734,0.0405811396363696,0.4595815384830771,,3,1,0.1,1.2600514150298572,0.6370174210312046,1.9515404458993133,1.899977618241902,1.0583032054999315,1.1758924505554793,1,10,0.3482981071070911,1.7506254873559142,0.8,0.6370174210312046,0.6370174210312046,1,False,False,False,False,1e-06,0.9,-8.395867220142971
0.2458200814302829,0.0039475018128155,73.93619398313558,1.0428794705462212,0.0250244596664783,0.5441144496967617,,3,1,0.1,1.006004012964997,0.4268863758797099,0.5922927385416665,1.001255099934318,0.7540637737181495,0.8378486374646105,1,10,0.1721937041862857,0.764864268247013,0.8,0.4268863758797099,0.4268863758797099,1,False,False,False,False,1e-06,0.9,-7.362846374646413
0.307151940868681,0.0121783010099493,17.529731476741063,0.6781348859489356,0.0269793299734272,0.5880668268917483,,3,1,0.1,1.6736940634343511,0.5586477162139889,1.0226827100149274,1.0720192569100149,0.6304383087836931,0.7004870097596589,1,10,0.2786838809822035,1.0917082229422566,0.8,0.5586477162139889,0.5586477162139889,1,False,False,False,False,1e-06,0.9,-4.203636020635029
0.6362331853633465,0.0064777883674014,39.7740511643806,1.7709166194791186,0.0109451788672097,0.7924475212009684,,3,1,0.1,0.9332579967469108,0.1675205082042528,1.635267148117519,1.177864248942087,0.2357218944114229,0.2619132160126921,1,10,0.2242928105729591,1.9161900587631209,0.8,0.1675205082042528,0.1675205082042528,1,False,False,False,False,1e-06,0.9,-4.732371451993399
0.3626189675342755,0.013664207987181,20.224643178598097,0.8255955909489551,0.0694534054625796,0.4748555527065579,,3,1,0.1,0.9348998952624772,0.4671958848950714,1.236648987263306,1.255986010723491,0.9953132060270224,1.105903562252247,1,10,0.8628243442340156,1.27438210386968,0.8,0.4671958848950714,0.4671958848950714,1,False,False,False,False,1e-06,0.9,-8.728706467550184
0.4716091599515782,0.0038853697743343,43.35866473587734,2.83189318172454,0.0752520243336622,0.6450262665970717,,3,1,0.1,0.4608013115601638,0.1476291447086573,1.809355516575264,1.765454659148125,0.4952920161656028,0.5503244624062253,1,10,1.3677154120450803,1.0688039215502827,0.8,0.1476291447086573,0.1476291447086573,1,False,False,False,False,1e-06,0.9,-2.752245988502761
0.376535568819527,0.044411084193643,4.24990607525875,0.435069158500256,0.0495535002046651,0.5651090897060477,,3,1,0.1,2.61001277558039,0.8259696299811453,1.6468497885277915,1.811971140447832,0.6926128536848563,0.7695698374276181,1,10,1.2046233957558783,1.6918020981729152,0.8,0.8259696299811453,0.8259696299811453,1,False,False,False,False,1e-06,0.9,-3.9412892739859737
0.2413736520784294,0.0199317148450544,6.796805179004999,0.4353941466739479,0.0438109068810725,0.5201641555467633,,3,1,0.1,2.1676421605891383,0.9008996091293644,1.1447792034453963,1.9636617006837664,0.8302230274863471,0.9224700305403856,1,10,0.6254022663896955,0.9046015411473614,0.8,0.9008996091293644,0.9008996091293644,1,False,False,False,False,1e-06,0.9,-7.296679135229899
0.3133598046451076,0.0228480727332883,4.293363647741768,0.3044948426635974,0.0175495025037662,0.5801327984078705,,3,1,0.1,2.8029419156821445,0.9746685976102544,1.650779738480738,0.9380304286281028,0.6513689321996281,0.7237432579995867,1,10,0.7833409040483532,1.799656063476879,0.8,0.9746685976102544,0.9746685976102544,1,False,False,False,False,1e-06,0.9,-7.838420367107882
0.5243966792577001,0.0156457266460449,23.77920143887108,1.180984324258208,0.0927391205248287,0.5084210751276158,,3,1,0.1,0.7387696434745428,0.3263444775962013,1.7667131401700815,1.678791536889995,0.8701862570785374,0.9668736189761526,1,10,1.4053051279402822,1.8941716266345952,0.8,0.3263444775962013,0.3263444775962013,1,False,False,False,False,1e-06,0.9,-3.3291669467296607
0.4364055738326274,0.0094819887525508,43.22940298671037,1.2147279424608797,0.0315327002313883,0.6335271300725679,,3,1,0.1,3.092559136704834,0.3135230800221937,0.933229579400563,0.7237258424036235,0.5206179298065874,0.5784643664517637,1,10,0.1468233467210214,1.3434378219462555,0.8,0.3135230800221937,0.3135230800221937,1,False,False,False,False,1e-06,0.9,-0.7492666256985245
0.3310003418640145,0.0003334848198767,354.6017436375136,1.220736189559929,0.0066566922624743,0.374414691698923,,3,1,0.1,0.4729336025920065,0.2898268935494837,1.6950728691066976,1.2381946427231103,1.5037518290647482,1.670835365627498,1,10,0.3333535767439835,1.0481646638913,0.8,0.2898268935494837,0.2898268935494837,1,False,False,False,False,1e-06,0.9,-8.506054774064758
0.600841235101684,0.0047087717625261,141.3961058136484,1.7484805359985842,0.0497926539992132,0.5500875469464744,,3,1,0.1,0.4992062929779465,0.2082979809898699,0.8120112285651562,1.512628116681542,0.7361032075637469,0.8178924528486077,1,10,1.0749775372181567,1.8618565079971847,0.8,0.2082979809898699,0.2082979809898699,1,False,False,False,False,1e-06,0.9,-3.508962807305608
0.3367386781756314,0.0145384965834075,14.488779634138576,0.4874615244418621,0.0502945951719819,0.4475453058761933,,3,1,0.1,1.2315326181589965,0.6271606228053991,1.1255125494351308,0.769593270761359,1.1109695894095055,1.2344106548994505,1,10,1.0146678928271944,1.6854696641432143,0.8,0.6271606228053991,0.6271606228053991,1,False,False,False,False,1e-06,0.9,-6.496902938288395
0.3146132731299622,0.0014619608178403,148.44607883932582,1.6831879938984653,0.0319478252747234,0.4277133095509209,,3,1,0.1,0.4664428680605172,0.2613632594493944,1.954250783538955,1.8256278526389245,1.204213219235469,1.3380146880394104,1,10,1.649843770208645,0.8570852675316577,0.8,0.2613632594493944,0.2613632594493944,1,False,False,False,False,1e-06,0.9,-9.35168087623356
0.1926905620989518,0.0016584558544651,57.10469966300997,0.5416697202847243,0.0223460796505424,0.3894428991705141,,3,1,0.1,0.7691921664002629,0.4272415010129488,1.896591139874371,0.703921807154007,1.4109934779063535,1.5677705310070595,1,10,0.319942745191927,0.7761640516180149,0.8,0.4272415010129488,0.4272415010129488,1,False,False,False,False,1e-06,0.9,-3.018875758106688
0.1956234656558685,0.0042345236901449,19.850553333429545,0.6887227497257074,0.045707900598836,0.3641153898251562,,3,1,0.1,1.3185432498568144,0.5907184838751741,1.36502361217972,1.209972441787072,1.5717439173119512,1.7463821303466125,1,10,0.2220923251376744,0.7099935880714526,0.8,0.5907184838751741,0.5907184838751741,1,False,False,False,False,1e-06,0.9,-1.1448480825238878
0.2993238607115925,0.0004313635308382,485.807531195563,2.8045411689392945,0.015624238969919,0.4525840980280305,,3,1,0.1,0.399271140069262,0.205550426582732,1.1238649108719128,1.884409098842616,1.0885806945525047,1.2095341050583386,1,10,0.7733726555907676,0.7256102739557785,0.8,0.205550426582732,0.205550426582732,1,False,False,False,False,1e-06,0.9,-2.8534911722264864
0.3656654151555136,1.7297372382443265e-05,9142.72556642124,2.798490487124758,0.0010740870465528,0.3723975628771487,,3,1,0.1,0.2802878270436709,0.1712471782250424,1.6210025890461215,1.7619303166168698,1.5167719924013134,1.685302213779237,1,10,1.5790108481285197,0.8712166469973681,0.8,0.1712471782250424,0.1712471782250424,1,False,False,False,False,1e-06,0.9,-3.8339699327054895
0.3708579200954393,0.0047141933289484,71.97201714475801,0.6407980129064124,0.0311774373174028,0.4150862707208408,,3,1,0.1,0.7798863270010061,0.4367601131951096,0.8315968192959772,0.6294565763062794,1.2682239656759922,1.4091377396399911,1,10,1.3921952382606442,1.7638269588851894,0.8,0.4367601131951096,0.4367601131951096,1,False,False,False,False,1e-06,0.9,-7.285749401581905
0.1676550849249416,0.0222200671180874,6.947394949106332,0.7205738456888721,0.026654669884113,0.7511646770812729,,3,1,0.1,3.308592699349169,0.6305722763019959,1.2099603163049453,1.722013308330102,0.2981394059915623,0.3312660066572915,1,10,1.3429645882496897,0.5875243375188025,0.8,0.6305722763019959,0.6305722763019959,1,False,False,False,False,1e-06,0.9,-8.131693757846612
0.2970957423203488,0.0140595378297312,15.722797540059595,0.9127127604657372,0.0312955589498661,0.6514064294564835,,3,1,0.1,1.7249079786333923,0.449364520106932,1.4362111154304935,1.0945203679606763,0.4816259086526614,0.5351398985029572,1,10,0.3732150140802786,0.9494738535027646,0.8,0.449364520106932,0.449364520106932,1,False,False,False,False,1e-06,0.9,-3.32338687168318
0.3441418610864628,0.0506143968934296,4.110448050658439,0.3867194493539286,-0.0151556448862987,0.7996873867804768,,3,1,0.1,31.77861191046682,0.8707877093995827,1.3104183394408606,1.9114287964609435,0.2254397841928951,0.2504886491032168,1,10,1.6222476516378277,1.3203164986796545,0.8,0.8707877093995827,0.8707877093995827,1,False,False,False,False,1e-06,0.9,-4.027264093664989
0.2827494673806792,0.0164253844765284,9.191948794435168,0.4333546969061135,0.0624988459676011,0.3917679412869228,,3,1,0.1,1.6821433786908295,0.8469636801262965,0.9457605804431688,1.6582952885089102,1.397278325131914,1.5525314723687933,1,10,0.5134869742943606,1.2168480138330344,0.8,0.8469636801262965,0.8469636801262965,1,False,False,False,False,1e-06,0.9,-3.1682913165668225
0.4018840958836661,0.0095681686765568,27.14751404568242,0.9789984747389168,0.0716339090915543,0.4335688764624563,,3,1,0.1,0.7361337482038073,0.4017596019479655,1.7670702956720672,1.687858284867365,1.175794755710361,1.3064386174559566,1,10,1.1816000573311094,1.392768293280834,0.8,0.4017596019479655,0.4017596019479655,1,False,False,False,False,1e-06,0.9,-8.430768804873082
0.2083578852365043,0.000582706530674,231.8801782216305,1.8265480784367432,0.0119562360347015,0.5035034683029209,,3,1,0.1,0.6935296994756134,0.2850968540584158,1.5596895629577956,1.6165802304906256,0.8874752740700811,0.9860836378556456,1,10,0.0725208832944154,0.5929662414432502,0.8,0.2850968540584158,0.2850968540584158,1,False,False,False,False,1e-06,0.9,-1.6805747539659317
0.5690521352648767,0.0029687159517342,96.65998325887304,2.419829355175686,0.0992391406887241,0.4905764372897848,,3,1,0.1,0.5691415684039711,0.1497868450668079,0.9979958214344624,1.2052642244906682,0.93457649326188,1.0384183258465334,1,10,1.0253490182316487,1.4144849767252072,0.8,0.1497868450668079,0.1497868450668079,1,False,False,False,False,1e-06,0.9,-0.2984117984961703
0.349472318488605,0.0260361366800637,7.673229609557651,0.4454252922212844,-0.0129450814080076,0.8156257280973392,,3,1,0.1,8.432527019200704,0.7048638411015452,1.3678351344881623,0.8925769894537079,0.203447290829687,0.2260525453663189,1,10,0.6128152882964394,1.6875767667049932,0.8,0.7048638411015452,0.7048638411015452,1,False,False,False,False,1e-06,0.9,-5.704239056394762
0.2500218536321201,0.0087815816568108,9.804455511796595,0.3797031656719804,0.0418135406368728,0.3621110647395777,,3,1,0.1,1.5301485538840454,0.8267174733109323,0.9724582308723406,0.6385672944863785,1.5854252952675163,1.7615836614083518,1,10,1.6181049475136966,1.1452673920667087,0.8,0.8267174733109323,0.8267174733109323,1,False,False,False,False,1e-06,0.9,-3.06714962522086
0.3191193973143437,0.0074003997529529,20.09866638599493,0.5211955927215067,0.0258050134239038,0.4881943617325733,,3,1,0.1,1.1281458569200593,0.5335714242904253,1.5584185770613033,0.5280757233052261,0.9435280506025352,1.0483645006694835,1,10,1.8832572628704904,1.5718680056958962,0.8,0.5335714242904253,0.5335714242904253,1,False,False,False,False,1e-06,0.9,-6.706228386762847
0.4152383799112225,0.0323090561881736,9.641027007569711,0.6101648839244355,0.0935715305321596,0.4681636681286389,,3,1,0.1,1.2563143292986032,0.6301386032822917,1.308754805766041,1.7815245912183024,1.0224046231471,1.1360051368301112,1,10,1.3773743920562584,1.940819099737581,0.8,0.6301386032822917,0.6301386032822917,1,False,False,False,False,1e-06,0.9,-9.749382217941102
0.7463072295979634,4.178355547932016e-06,8378.476476641956,4.222510503684795,0.0013943507712271,0.6491810869929744,,3,1,0.1,0.1679481374188397,0.0580836636696935,1.4436985270534208,1.5562981756025809,0.486362015210311,0.5404022391225678,1,10,1.5033904689804816,1.630732159664528,0.8,0.0580836636696935,0.0580836636696935,1,False,False,False,False,1e-06,0.9,-7.5776510003157025
0.141503762823494,0.0045237889836286,17.70554644083782,0.4151098266907859,0.0054151931205894,0.6929532009759479,,3,1,0.1,4.842331296732512,0.9640498525210064,0.5439040466196406,1.2562667077242478,0.3987890072986884,0.4430988969985427,1,10,0.1418091122666631,0.5806259023855252,0.8,0.9640498525210064,0.9640498525210064,1,False,False,False,False,1e-06,0.9,-6.187927068427224
0.3785130364532733,0.0191943370047861,21.640728598999456,0.9710370946761469,-0.0127846744955468,0.8416357608166974,,3,1,0.1,3.405053332493105,0.4110343214169126,1.0297129450623517,1.9247436956664103,0.1693461968948036,0.1881624409942262,1,10,0.3850006390684743,1.1022435143624802,0.8,0.4110343214169126,0.4110343214169126,1,False,False,False,False,1e-06,0.9,-9.188050939736382
0.4274045715889241,0.0453488830322034,6.67986536988742,0.6221151378311455,0.1433021746923725,0.4638160338985214,,3,1,0.1,3.24114576922594,0.5983081905820159,1.6531364445118173,1.2975151291716474,1.04042450933663,1.1560272325962555,1,10,0.8573020014347315,1.9791822244009964,0.8,0.5983081905820159,0.5983081905820159,1,False,False,False,False,1e-06,0.9,-0.7892940991527162
0.2295928723473654,0.0034504787439419,49.95131720093407,0.8031962552645646,0.0448376154039256,0.3509431501603965,,3,1,0.1,0.7898412220014178,0.4879538130799977,0.6978223659813728,1.0120615059208102,1.6645179271590294,1.8494643635100323,1,10,1.0569216566614872,0.8085999238884436,0.8,0.4879538130799977,0.4879538130799977,1,False,False,False,False,1e-06,0.9,-5.4763696034138345
0.4037986350429402,0.0108764869787912,19.67078613356749,0.7175539639639816,0.0508838067999562,0.4537679900239563,,3,1,0.1,0.9626336853244258,0.4776474853365407,1.8095896543043075,1.376235336698474,1.0833924379559812,1.2037693755066456,1,10,0.4639355272954533,1.804844494155296,0.8,0.4776474853365407,0.4776474853365407,1,False,False,False,False,1e-06,0.9,-4.331028819723947
0.1597431392669296,0.0190708894026835,7.797026950141864,0.7768049928019997,0.0590403959634502,0.6599408251289506,,3,1,0.1,1.8553897075037773,0.5502083229301586,1.9062974767834155,1.3939579126575468,0.4637586367295014,0.5152873741438905,1,10,1.7129866606977242,0.6019894319983363,0.8,0.5502083229301586,0.5502083229301586,1,False,False,False,False,1e-06,0.9,-8.344704935054255
0.302520695161811,0.0047242498726299,37.6649727719492,0.5438779755242644,0.041693763350121,0.3410129503767035,,3,1,0.1,1.036420054814413,0.5165570389012033,0.8568804191703652,0.5538555661444928,1.7391959572380045,1.932439952486672,1,10,1.18013430231489,1.3301871880143357,0.8,0.5165570389012033,0.5165570389012033,1,False,False,False,False,1e-06,0.9,-1.096964123302712
0.428317835408318,0.0560825455237443,6.542396501700088,0.5743567553085142,-0.0675041846793651,0.9297300232040636,,3,1,0.1,-31.541297614504074,0.5824765098673089,1.1838379603499347,1.898677067597745,0.0680229502521524,0.0755810558357249,1,10,1.6217018111007202,1.480799651449376,0.8,0.5824765098673089,0.5824765098673089,1,False,False,False,False,1e-06,0.9,-6.102813811721429
0.3396285496147948,0.0048020442249617,84.44409091883944,0.694559063170309,0.02004879352917,0.4941856750299253,,3,1,0.1,1.0148546088725654,0.4793143894058418,0.5339419581666611,0.754015780086539,0.9211778395751772,1.023530932861308,1,10,0.1582583786577949,1.3865308823400495,0.8,0.4793143894058418,0.4793143894058418,1,False,False,False,False,1e-06,0.9,-7.067433423886957
0.3635215171481256,0.000816504790301,279.7949297011514,1.0760428726662867,0.0157606512631144,0.3824362784315921,,3,1,0.1,0.4805054781722273,0.2777974397310038,1.4418693657773458,1.0522687412338594,1.453333223749028,1.6148146930544756,1,10,1.320916472342161,1.1445619863437702,0.8,0.2777974397310038,0.2777974397310038,1,False,False,False,False,1e-06,0.9,-2.6945355190374034
0.2984739303621846,0.0182910313894599,6.687874605176551,0.3846114039965023,0.0273506600698207,0.5383192115175082,,3,1,0.1,2.071249151558741,0.8342378283654505,1.258428854324473,0.8755399405878032,0.7718704826880001,0.8576338696533334,1,10,0.5695864543723517,1.4102819937957507,0.8,0.8342378283654505,0.8342378283654505,1,False,False,False,False,1e-06,0.9,-7.62320847989883
0.2282344886576957,0.0031588659339511,9.046491828100793,0.3218549415279186,0.0128908370632634,0.3588235026245215,,3,1,0.1,1.7555484608196972,0.99004311944778,0.9535595325466268,1.520516251774627,1.6081969085558308,1.7868854539509231,1,10,0.0888659868271942,1.0744965140217924,0.8,0.99004311944778,0.99004311944778,1,False,False,False,False,1e-06,0.9,-4.60016772380702
0.3240999215416941,0.0220502940647179,17.438999589797017,0.3782733062640115,0.0849931677220084,0.3344851744198293,,3,1,0.1,1.4862852532488944,0.9395701092332056,0.6029710087602548,1.4847002265699072,1.7907022159085726,1.9896691287873027,1,10,1.8024725441065763,1.854417065998631,0.8,0.9395701092332056,0.9395701092332056,1,False,False,False,False,1e-06,0.9,-9.422097571333031
0.2954730291205252,0.0215616685179358,5.427624223644537,0.3768984862035835,0.0258652153265961,0.5688600734059746,,3,1,0.1,2.3351969238766697,0.8176626261859311,1.8203241774721604,0.8590375028436867,0.6821113874478286,0.7579015416086985,1,10,1.936206711353468,1.4584852215239337,0.8,0.8176626261859311,0.8176626261859311,1,False,False,False,False,1e-06,0.9,-5.742929609507448
0.3326331547189343,0.0226174417025409,7.5036263463621715,2.181920963681097,-0.0140707616598975,0.8813331812383355,,3,1,0.1,-2.728471439416112,0.2059647460864572,1.924616693822607,1.2091525696426324,0.1211802064860832,0.1346446738734258,1,10,0.812103520417121,0.8798563016555003,0.8,0.2059647460864572,0.2059647460864572,1,False,False,False,False,1e-06,0.9,-0.9349460789798608
0.3248396889445777,0.0116988955830158,26.349930539403747,0.6878353239607712,0.050809343171517,0.4887184799894208,,3,1,0.1,1.0811756636733971,0.5029532404172015,0.8512379371418723,0.739937365384727,0.9415509886580964,1.046167765175663,1,10,0.7471201410974339,1.229601455557715,0.8,0.5029532404172015,0.5029532404172015,1,False,False,False,False,1e-06,0.9,-5.33304464502144
0.248714289409895,0.019320241152472,19.00020208387796,0.5184799105677942,0.04977255684209,0.5383092094526802,,3,1,0.1,-45.270444459293465,0.6982029748939392,0.519227165593251,0.5345753516609894,0.7719015469103062,0.8576683854558957,1,10,1.2083197193017234,0.95648978087022,0.8,0.6982029748939392,0.6982029748939392,1,False,False,False,False,1e-06,0.9,-0.7877557779056392
0.2215322565590945,0.0083038158869901,8.17707929079292,0.4503157875695976,0.0247329399423494,0.4944168302712982,,3,1,0.1,1.809569838628548,0.8118769908520523,1.4860362589642828,1.1107546781617743,0.9203263823081196,1.0225848692312438,1,10,0.2482527646574208,0.8785162574818219,0.8,0.8118769908520523,0.8118769908520523,1,False,False,False,False,1e-06,0.9,-7.051393569974211
0.4201146443931666,0.0126686494095538,45.609950611682194,0.7069268842741304,0.0453879073592127,0.5099016061220647,,3,1,0.1,0.9574893817304696,0.445688449388518,0.8681773204348355,0.7627153377008788,0.8650464112963591,0.9611626792181768,1,10,1.8200920488347987,1.979050769524041,0.8,0.445688449388518,0.445688449388518,1,False,False,False,False,1e-06,0.9,-9.229745601749483
0.1874219110672325,0.0110784341526997,8.529553122105918,0.4467905879145374,0.0704567182418969,0.3520475007521735,,3,1,0.1,1.5075319028574192,0.92558746798133,0.9231701673352944,1.7503514525886792,1.6564731977278304,1.840525775253145,1,10,0.7667717591829042,0.7314779561307467,0.8,0.92558746798133,0.92558746798133,1,False,False,False,False,1e-06,0.9,-9.590298725508704
0.1270208776664132,0.0056431779743559,14.228596581977287,0.5312392254324404,0.0581900156264151,0.4120308477365026,,3,1,0.1,1.2021166224296642,0.6566269387219564,1.4545242269035918,0.8110147576869153,1.2843024738175866,1.4270027486862071,1,10,1.0822012498756324,0.5476816270344229,0.8,0.6566269387219564,0.6566269387219564,1,False,False,False,False,1e-06,0.9,-6.481262182010923
0.3067793616721892,0.0310517892002619,11.257346926345418,0.376825507190998,-0.0274469387858147,0.9461755068554464,,3,1,0.1,-9.141541941726278,0.8508432618728297,0.6454572051580163,1.03919956285334,0.0511977360216102,0.0568863733573447,1,10,1.7766081346742932,1.2730334078445271,0.8,0.8508432618728297,0.8508432618728297,1,False,False,False,False,1e-06,0.9,-5.480281020803204
0.3864931118090858,0.0366265764685438,8.371113343077074,0.507707840420679,0.0956343743422242,0.4482463939043731,,3,1,0.1,1.4980782022904535,0.7577203556650581,1.1037715051600032,1.851860212257821,1.1078242953851896,1.2309158837613217,1,10,1.526985829660468,1.8751791953699928,0.8,0.7577203556650581,0.7577203556650581,1,False,False,False,False,1e-06,0.9,-7.390234600690189
0.1257473919249475,0.0024563221738345,29.18762960776564,0.4491098135688308,0.0372168052194183,0.3731008664558117,,3,1,0.1,0.9476589767422248,0.5350664648297693,1.907954299452168,0.6342863017763714,1.5122163224903462,1.6802403583226069,1,10,1.1238269144504145,0.5760955313051834,0.8,0.5350664648297693,0.5350664648297693,1,False,False,False,False,1e-06,0.9,-3.205427321559437
0.359450390332527,0.0016921846166944,128.69404656421156,0.7046352693884529,0.0180640787915845,0.3500775868110334,,3,1,0.1,0.6791719726740514,0.4046294355870266,0.764032713183872,0.6925493688393561,1.6708586722114438,1.856509635790493,1,10,0.4461180416435473,1.645276348281432,0.8,0.4046294355870266,0.4046294355870266,1,False,False,False,False,1e-06,0.9,-2.615736070810911
0.2402471672455064,0.0329506619118213,4.284595248303979,0.4798533351554777,0.0151882635583558,0.7191747486239655,,3,1,0.1,6.663729729958256,0.8051630319250528,1.904256754284844,1.5642312676610242,0.3514343721355859,0.3904826357062065,1,10,1.3685621567601365,0.8764780223727,0.8,0.8051630319250528,0.8051630319250528,1,False,False,False,False,1e-06,0.9,-3.619135788052734
0.2164797381968753,0.0022873873545889,73.56719461328409,0.9626922706681282,0.0344022544130076,0.4461328315127928,,3,1,0.1,0.6503002310949739,0.3462350708375683,1.6768939499353903,1.0301003762255028,1.117336399448989,1.2414848882766545,1,10,0.5336493577989636,0.728740806813635,0.8,0.3462350708375683,0.3462350708375683,1,False,False,False,False,1e-06,0.9,-7.203349168431656
0.3414501610226587,0.0165554787778666,25.30254432569118,0.4786223465487155,0.0257706605606953,0.5585974999226527,,3,1,0.1,2.230541060049997,0.6817963894386797,0.6256966614646915,1.086325062046258,0.71117799511208,0.7901977723467556,1,10,0.2899036323459971,1.6040518908602852,0.8,0.6817963894386797,0.6817963894386797,1,False,False,False,False,1e-06,0.9,-2.8057634290636955
0.4466247999173466,0.0023630623409158,31.84789900401276,5.086103420006053,0.0237012321848903,0.9208335423799696,,3,1,0.1,1.2579841529586568,0.0835851216920584,1.4223707770691143,0.5595618901966471,0.0773753437281144,0.0859726041423493,1,10,1.2331172515106004,0.9121482524868156,0.8,0.0835851216920584,0.0835851216920584,1,False,False,False,False,1e-06,0.9,-6.0496306014670775
0.3854692031460616,0.0325378060263856,7.242496311720079,0.5555914796145129,0.0685764231015109,0.5244379279102187,,3,1,0.1,1.5142595220330497,0.6309046578352455,1.6677524291372,1.2812660357281995,0.8161230187647222,0.9068033541830246,1,10,1.4033160307625057,1.749079424757165,0.8,0.6309046578352455,0.6309046578352455,1,False,False,False,False,1e-06,0.9,-5.615613320522405
0.220683033842919,0.0215037610610658,5.682372878660028,0.5183898748276852,0.1136330806802524,0.4065600423587469,,3,1,0.1,1.6758048520319024,0.7889112576840324,1.981700598786997,1.811366617851018,1.3136951648727049,1.4596612943030054,1,10,1.1996917082033642,0.8103143551237493,0.8,0.7889112576840324,0.7889112576840324,1,False,False,False,False,1e-06,0.9,-2.614562414823064
0.3324393031742554,0.0221691052530316,15.98798199209085,0.451248841972949,0.022270839947832,0.6047870286671564,,3,1,0.1,2.146014292494744,0.748783852864708,0.7175346734736793,1.615165876933076,0.5881271544190368,0.6534746160211521,1,10,0.4569551877566346,1.441150326184443,0.8,0.748783852864708,0.748783852864708,1,False,False,False,False,1e-06,0.9,-9.78202530525083
0.4630393371482159,0.0055331602810736,58.65242282246864,0.9959129023183269,0.036329737349517,0.4521386194479452,,3,1,0.1,0.7072772718585025,0.3748573384202735,1.3844184543189224,1.9095955775172544,1.0905399832885037,1.211711092542782,1,10,0.4286785532163216,1.901496095279764,0.8,0.3748573384202735,0.3748573384202735,1,False,False,False,False,1e-06,0.9,-9.489335693006826
0.2012542130963747,0.0013211328924706,196.3287585370965,1.3737093490288006,0.031348241215567,0.3750598403675872,,3,1,0.1,0.5831050580030881,0.3550284251990123,0.5474435715954798,1.832942806739222,1.4996170827511996,1.6662412030568885,1,10,0.8650149668256155,0.6371731047479333,0.8,0.3550284251990123,0.3550284251990123,1,False,False,False,False,1e-06,0.9,-8.280007023608997
0.2002424120391137,0.0109310739497268,11.612848629917035,0.5877516650925096,0.0749352846284884,0.4124434653116712,,3,1,0.1,1.2120545518315842,0.6730575589109768,1.1504687702421474,1.119605643391742,1.282117249257172,1.4245747213968576,1,10,1.0849847070062115,0.7422231837988843,0.8,0.6730575589109768,0.6730575589109768,1,False,False,False,False,1e-06,0.9,-8.606759181009974
0.3171784406324376,0.0249950887413281,7.032021567344522,0.4388978067532196,0.0251399653135831,0.6045835838048133,,3,1,0.1,2.4183163608398384,0.8026819677438789,1.1901732478304077,1.6102385559538182,0.5886279153265273,0.6540310170294747,1,10,0.5767986134674662,1.28915174834408,0.8,0.8026819677438789,0.8026819677438789,1,False,False,False,False,1e-06,0.9,-7.642488763061848
0.215517250925497,0.0265706955085625,7.455989878695809,0.971167495975768,0.0234552785020917,0.7748415519254194,,3,1,0.1,4.499182686983211,0.456527868758612,1.5753867384100408,1.3010930163001082,0.2615277959262405,0.2905864399180449,1,10,1.7158043204245632,0.7139155262853909,0.8,0.456527868758612,0.456527868758612,1,False,False,False,False,1e-06,0.9,-2.85987979545916
0.4630287704047608,0.0333537095199659,15.476196720078796,0.8244650666022049,0.0423082966170889,0.6464377629346308,,3,1,0.1,1.609053758809245,0.4379378392991375,1.1085782784557416,1.044476964709243,0.4922453971659602,0.5469393301844002,1,10,1.5578212757919956,1.8278380867575608,0.8,0.4379378392991375,0.4379378392991375,1,False,False,False,False,1e-06,0.9,-3.4782578060969085
0.3783796125184454,0.0006292234589322,328.8959806262462,0.2256325934314348,0.0273224868422399,0.503036499310409,,3,1,0.1,0.4382242913465962,0.1445130514524142,1.7695670353062174,0.7079432014981081,0.8891345881139265,0.987927320126585,1,10,0.8078573751757737,1.0182499275085002,0.8,0.1445130514524142,0.1445130514524142,1,False,False,False,False,1e-06,0.9,-0.4347966126463394
0.3976414420679788,0.0372078554582733,10.049456158187448,0.6983056281246399,0.0960743286997735,0.5266331562191893,,3,1,0.1,1.3623000445624247,0.5736225309094674,1.065594751461197,1.657326428606153,0.8089694968339828,0.8988549964822031,1,10,1.8094595572345469,1.4677531619390276,0.8,0.5736225309094674,0.5736225309094674,1,False,False,False,False,1e-06,0.9,-5.776328948369067
0.3677129219498031,0.0097760001200178,25.326460935769862,0.8281686199459781,0.0549819473364838,0.4460116336231924,,3,1,0.1,0.8944892722685308,0.4755762273365453,1.2659925041877271,1.814339733373061,1.1178845845091878,1.2420939827879864,1,10,0.5375927724892112,1.3434520231673523,0.8,0.4755762273365453,0.4755762273365453,1,False,False,False,False,1e-06,0.9,-9.505428784765412
0.3091027225454196,0.0292971975687898,13.270862190511757,0.4498393424416968,0.0449668887523731,0.5530555552755356,,3,1,0.1,2.42005364115528,0.8137495677736657,0.6088667344612462,1.234004470639916,0.727322954113741,0.8081366156819345,1,10,0.939259947946444,1.2300670941003893,0.8,0.8137495677736657,0.8137495677736657,1,False,False,False,False,1e-06,0.9,-4.065783900942751
0.4657928361020853,0.0047804072559454,141.1255066857443,1.2244645174759798,0.0361675249852577,0.5125947124004476,,3,1,0.1,0.7316247686230011,0.2959325180784589,0.6757800050848957,0.7512026482856157,0.8557730858856477,0.9508589843173864,1,10,0.3468990386473554,1.496346196116978,0.8,0.2959325180784589,0.2959325180784589,1,False,False,False,False,1e-06,0.9,-1.829427186959812
0.2372355309566829,0.0122151899021091,7.17400404252505,0.4342391260234486,-0.0120519202254677,0.9504717062523916,,3,1,0.1,-18.821708529483526,0.7658853325240992,1.995433947219165,0.6194116286641561,0.0468982549187115,0.0521091721319017,1,10,0.3832194372808652,1.1543099812294209,0.8,0.7658853325240992,0.7658853325240992,1,False,False,False,False,1e-06,0.9,-8.068645975998226
0.3481951570947611,3.0349253504940577e-10,133263516.63238084,4.601388612926297,2.6711160294403013e-07,0.4257250992316247,,3,1,0.1,0.1271193550882343,0.0687176650380193,0.8023004189889105,0.5526776899297029,1.214040261249281,1.3489336236103129,1,10,1.0424840558370236,0.6862972644119019,0.8,0.0687176650380193,0.0687176650380193,1,False,False,False,False,1e-06,0.9,-0.8681227923469628
0.7271523041337915,1.6239824693243656e-06,72676.26129358204,2.9946550480234704,0.000174857715892,0.473753835622935,,3,1,0.1,0.1822001881443657,0.094988026282004,1.816817996547209,1.596105262632882,0.9997207670447616,1.1108008522719572,1,10,1.1997435949364743,1.8500814712402147,0.8,0.094988026282004,0.094988026282004,1,False,False,False,False,1e-06,0.9,-9.170071692240862
0.2253196574100984,0.0107287907996987,13.135103952432742,0.614912028849581,0.0180894727806936,0.6465362738563635,,3,1,0.1,2.13852735813216,0.6584476815498832,1.0048716272439864,1.046124514454091,0.4920332646331098,0.546703627370122,1,10,0.3022832236772957,0.7914263316708403,0.8,0.6584476815498832,0.6584476815498832,1,False,False,False,False,1e-06,0.9,-9.342715675910268
0.3248476300007247,2.9978174302566927e-06,37616.96672325473,2.133485969742032,0.0002205534202682,0.3635670866959231,,3,1,0.1,0.2647500624700524,0.1662721772703103,1.0720295838878942,0.8004069960998383,1.5754716060222846,1.7505240066914274,1,10,0.5239803555944821,0.8154005174466401,0.8,0.1662721772703103,0.1662721772703103,1,False,False,False,False,1e-06,0.9,-7.197931568022833
0.246439367929443,0.0094764820338571,24.42061046022773,0.6274826678659701,0.0349680789955665,0.5149492915171705,,3,1,0.1,1.732005930324608,0.6224840659459557,0.7606790661480993,1.7957180621011195,0.8477449038688313,0.9419387820764792,1,10,0.228515822448009,0.8901411723632687,0.8,0.6224840659459557,0.6224840659459557,1,False,False,False,False,1e-06,0.9,-2.55111494214502
0.7809830377463065,2.077945733906219e-10,244287959.485055,3.90184041819536,1.0601147619054329e-07,0.4110778806048644,,3,1,0.1,0.1165348106595477,0.065717674561272,1.7853623450463514,1.8311304576375844,1.28936615776001,1.4326290641777888,1,10,1.8597395823409208,1.88423366624826,0.8,0.065717674561272,0.065717674561272,1,False,False,False,False,1e-06,0.9,-1.0810178184097303
0.3697283581210768,0.0394410747493786,9.89781584637992,0.3554379036063597,0.0120553069027624,0.6593298088228051,,3,1,0.1,3.424233606923506,0.8819758400599107,0.8459733897701873,1.2623749276149565,0.4650224636542636,0.5166916262825151,1,10,1.6267046085737538,1.96256747377836,0.8,0.8819758400599107,0.8819758400599107,1,False,False,False,False,1e-06,0.9,-6.997634529316966
0.5137167599685156,0.0270807820456138,12.540041903586928,1.4232768149024198,-0.0695766093507685,0.9284044531830292,,3,1,0.1,5.969160370118472,0.2483027430405439,1.8834867576787435,0.9112542109205732,0.0694050873133526,0.0771167636815029,1,10,1.2526950114064042,1.8241770557191817,0.8,0.2483027430405439,0.2483027430405439,1,False,False,False,False,1e-06,0.9,-7.684704914301687
0.3427895847110463,0.0442530141511098,4.664816813050636,0.4501382180122689,0.1867124882930541,0.3603232880966583,,3,1,0.1,5.904625992586534,0.809175780293799,1.4498949260992358,1.1316504957488684,1.5977569580753015,1.7752855089725574,1,10,0.8895215478206212,1.562248827088236,0.8,0.809175780293799,0.809175780293799,1,False,False,False,False,1e-06,0.9,-0.5800719367665899
0.1750929001627553,0.0020294065402472,38.66324284135173,0.8791320167256415,0.0342542451798496,0.3471944599798862,,3,1,0.1,0.8232094215568455,0.5025167146935848,1.2280306834786283,1.4793325886253412,1.692207260600123,1.880230289555692,1,10,0.4231824648631572,0.6243626182471798,0.8,0.5025167146935848,0.5025167146935848,1,False,False,False,False,1e-06,0.9,-4.117846466873742
0.2798032848900527,0.0047059582865268,22.224553091417643,0.4265454187695172,0.0230824188397262,0.3676377347091133,,3,1,0.1,1.2450135944691427,0.7253018953076896,0.6784287855859594,0.9302637635326262,1.5480620867499053,1.7200689852776725,1,10,0.17840605007804,1.3695624410467837,0.8,0.7253018953076896,0.7253018953076896,1,False,False,False,False,1e-06,0.9,-5.354726057882109
0.5449388326828817,2.8473452312225855e-05,13473.030716204865,3.0092415895112112,0.0013869138500992,0.4449355606750931,,3,1,0.1,0.2633093059267921,0.1435209514148696,0.6554682632088547,1.3161333986865107,1.1227648215720163,1.2475164684133515,1,10,0.7404668447769811,1.2698257194811355,0.8,0.1435209514148696,0.1435209514148696,1,False,False,False,False,1e-06,0.9,-6.3867573458271165
0.3284972729497276,0.0249977642603165,4.149727728779541,0.3031137721715513,-0.0193009643837724,0.928298713435971,,3,1,0.1,-1.2869826504915591,0.9363311395778536,1.9916604098717128,1.8407077043815996,0.0695155093652698,0.0772394548502998,1,10,0.2941262071565553,1.7909445879423098,0.8,0.9363311395778536,0.9363311395778536,1,False,False,False,False,1e-06,0.9,-1.087525370639895
0.2746204351251227,5.8243659990876915e-09,6984048.24274518,7.031779710632874,3.759173804173874e-06,0.4390740637608491,,3,1,0.1,0.1402899111380708,0.0781346059924483,1.1065364694277466,1.1749049495195067,1.149768078513068,1.277520087236742,1,10,1.9911874544200596,0.580390817420562,0.8,0.0781346059924483,0.0781346059924483,1,False,False,False,False,1e-06,0.9,-8.630795085891993
0.3818705212159536,0.0036714980543086,56.49139727605479,0.7679825780806034,0.0166390533764554,0.4981563545841929,,3,1,0.1,1.0011686730252018,0.4197490988026106,1.2660829554536244,1.6870776694859368,0.9066616870745784,1.0074018745273092,1,10,0.1016568315694551,1.6376339344359327,0.8,0.4197490988026106,0.4197490988026106,1,False,False,False,False,1e-06,0.9,-2.5319596480130926
0.3215072574009538,0.0024986577159182,27.66582618585305,0.5937662924243745,0.0156211724547696,0.3978147010199031,,3,1,0.1,0.8746379162059448,0.5085271399034956,1.6858310062337916,1.469859053545277,1.3623598315814185,1.5137331462015755,1,10,0.1370234520852821,1.52107572466275,0.8,0.5085271399034956,0.5085271399034956,1,False,False,False,False,1e-06,0.9,-9.739599981926512
0.4544623851982311,0.0093005275279755,45.89523107493755,0.9944667783851614,0.0163000527738909,0.6753325564834385,,3,1,0.1,1.1156764562940251,0.306042260575292,1.5228735522832673,0.5455552753722742,0.4326767551181597,0.4807519501312885,1,10,0.2757954893212773,1.967003741438727,0.8,0.306042260575292,0.306042260575292,1,False,False,False,False,1e-06,0.9,-4.104342026286512
0.3381597968472851,0.0357506643387181,6.815037897549665,0.6412483237606345,-0.031998730072381,0.8823671973495417,,3,1,0.1,13.732954780578677,0.5771073379686333,1.5006487491074834,1.2016194672204583,0.1199835201301949,0.1333150223668833,1,10,1.282512392977858,1.2030069539922574,0.8,0.5771073379686333,0.5771073379686333,1,False,False,False,False,1e-06,0.9,-6.7348966064140185
0.5742388675619632,0.0001835506695383,4118.428711815514,2.5757223063076538,0.0053267869457589,0.4636680752483346,,3,1,0.1,0.3286159761413736,0.1674120895964476,0.5645065178170594,1.8668157762891109,1.0410437078679,1.1567152309643334,1,10,0.5380150301147674,1.4661865579506173,0.8,0.1674120895964476,0.1674120895964476,1,False,False,False,False,1e-06,0.9,-2.887146277374112
0.171694079596673,0.0149801097551078,12.740271754193133,0.7569424226749881,-0.0078945260432183,0.8911739615530047,,3,1,0.1,11.460078628618678,0.5907473885153813,0.7760682567452204,0.8487400268878996,0.109903833401522,0.1221153704461356,1,10,1.1089536827737836,0.6164568404845295,0.8,0.5907473885153813,0.5907473885153813,1,False,False,False,False,1e-06,0.9,-9.191329097109955
0.2588554530140969,0.0100995804510289,5.375757121740607,0.3685375078899136,0.0406867857703288,0.3663087957834642,,3,1,0.1,1.6284862199396113,0.9188525662072932,1.9181859765539484,1.4204347288279369,1.556943459616013,1.7299371773511256,1,10,0.3585403679655732,1.1815372020057786,0.8,0.9188525662072932,0.9188525662072932,1,False,False,False,False,1e-06,0.9,-4.84614188970647
0.3332789672655171,0.03052940386007058,7.378462376627419,0.5324164703185179,0.08290974377096895,0.48217364760581866,,3,1,0.1,1.478983993739898,0.7092466956820688,1.198001178014641,1.4352319946990533,0.966547465770585,1.0739416286339833,1,10,1.9346111428186616,1.331571279605473,0.8,0.7092466956820688,0.7092466956820688,1,False,False,False,False,1e-06,0.9,-8.934487499643385
0.18873958120688508,3.379604284566213e-05,2301.536101829391,1.5896825999749418,0.0021810066636727544,0.34492287647396375,,3,1,0.1,0.3646516901672688,0.22711006918377763,1.8436549175460366,1.227007971181989,1.7092789472255716,1.899198830250635,1,10,0.7210106397927649,0.5824567432237058,0.8,0.22711006918377763,0.22711006918377763,1,False,False,False,False,1e-06,0.9,-2.427996016357657
0.26665311765038546,0.010902851470140263,9.691126375423021,0.42754140091701326,-0.0004865852089972168,0.7673471086312332,,3,1,0.1,5.683580635481915,0.7826225094397581,1.3142334445095936,1.790653183942698,0.2728720808049807,0.303191200894423,1,10,0.18885543592211262,1.0839872601270257,0.8,0.7826225094397581,0.7826225094397581,1,False,False,False,False,1e-06,0.9,-6.324566098153236
0.3622921792041214,0.012001466835403124,39.11996804626693,0.6165941505277507,0.07222121279961286,0.3672601346338701,,3,1,0.1,0.9436546148147621,0.5721088167984497,0.6497603486951994,1.5057240449301226,1.5505790722350792,1.7228656358167547,1,10,1.1012777385561996,1.7229454833740978,0.8,0.5721088167984497,0.5721088167984497,1,False,False,False,False,1e-06,0.9,-7.937598157959916
0.22972639074042137,0.021330602361656608,4.766595715220702,0.37942014138374436,0.0457621601778913,0.5139774758101295,,3,1,0.1,2.199268973903482,0.8943115164344027,1.9761690017976479,1.09036718781309,0.8510494960531554,0.9456105511701727,1,10,1.5992777862366983,0.9709133334717823,0.8,0.8943115164344027,0.8943115164344027,1,False,False,False,False,1e-06,0.9,-5.790418438797525
0.2814036691704433,0.023085876784844167,14.355319629737044,0.3626332462741864,0.049471702876493856,0.46114163383360546,,3,1,0.1,2.2057924539037073,0.9923708381836271,0.5479754992122808,1.7306173099642135,1.0516780398205128,1.1685311553561253,1,10,0.6598507277196992,1.222711807695,0.8,0.9923708381836271,0.9923708381836271,1,False,False,False,False,1e-06,0.9,-5.1438455330995385
0.25772401021119395,0.003245295772104589,23.44432424823858,0.5934475255119485,0.026723239371568057,0.35070491537689535,,3,1,0.1,0.9402727904668314,0.5890035127993993,1.0599655791832503,1.1984485534518339,1.6662600110203427,1.851400012244825,1,10,0.2764329472515741,1.0360728951480151,0.8,0.5890035127993993,0.5890035127993993,1,False,False,False,False,1e-06,0.9,-9.029282547633077
0.4336694665961528,0.04232155958692704,23.757631709455545,0.5903265330649826,0.020468746170476334,0.6752112394687352,,3,1,0.1,3.0163730470960624,0.6026173956031261,0.6175999288722093,1.8414616811349098,0.4329162007257633,0.48101800080640367,1,10,0.8124933945503844,1.7633065787196662,0.8,0.6026173956031261,0.6026173956031261,1,False,False,False,False,1e-06,0.9,-3.25497933480995
0.3011950715831582,0.009176377014989126,29.51426845960701,0.7902394159322293,0.06776497418281283,0.42446078940266996,,3,1,0.1,0.8636655456305457,0.47711503081868634,0.9039469758430345,1.0667883724292122,1.2203371959670084,1.3559302177411203,1,10,1.3957491510860174,1.0497585381813244,0.8,0.47711503081868634,0.47711503081868634,1,False,False,False,False,1e-06,0.9,-8.76357919755459
0.3249037373461018,0.031595898128484345,7.748778968297496,0.5124249851856324,0.008765324808072256,0.697083428300211,,3,1,0.1,-0.8826847265430433,0.623047336879334,1.6422450532643755,0.5442359194619794,0.3910936675034536,0.43454851944828177,1,10,0.45853034860798836,1.7389679241265268,0.8,0.623047336879334,0.623047336879334,1,False,False,False,False,1e-06,0.9,-0.43053950968278265
