efficiency,dark count rate,jitter,entropy production,entropy rate,machine_efficiency,L first gap,d_l,e_max,e_s,rateB,k,Tb_indep_flag,Td_indep_flag,Td_eq_Tb_flag,Max_TV_flag,first_gap_flag,epsilon,scew_flag_TC,scew_factor_TC,TC,TV,g_ml,g_sl,rateD,e_C_factor,rateM,Tb,Td,e_l,e_C,TH
0.4500847867674492,0.0016369143877538,92.58626669704648,-4.396012400209178,0.1232042744161121,0.630157892139664,0.0107987499918671,3,1,0.1,0.7,1,False,False,False,False,True,1e-06,True,2,0.1549363427028923,-4.08042431310983,0.8260843644046415,1.7186786384100905,1.3848460090403565,0.5869038735745402,1.3692768533329045,0.1549363427028923,0.1549363427028923,0.9,0.5282134862170862,0.4479034417243905
0.5604796888801538,0.0001639573148905,192.03897877998747,-10.154536666959109,0.1379309974746878,0.7918972203245606,0.0052071688983449,3,1,0.1,0.7,1,False,False,False,False,True,1e-06,True,2,0.0611119274693286,-9.105977391532704,0.8743193195815037,1.3599746530927552,0.9862425001544104,0.262790137828932,0.6702854311138475,0.0611119274693286,0.0611119274693286,0.9,0.2365111240460388,0.3013583873473446
0.6149555948519944,0.0006213372410736,91.56609732737772,-7.821438120715731,0.2043332286918735,0.8044271811887018,0.0109201990263917,3,1,0.1,0.7,1,False,False,False,False,True,1e-06,True,2,0.0748938592515983,-7.907184156716764,0.9172503971502924,1.4253805723075503,1.3598990806573623,0.2431205998314231,0.415089984860463,0.0748938592515983,0.0748938592515983,0.9,0.2188085398482807,0.3984699616164568
0.6707081012965955,0.0256343197419841,2.47430135071937,-3.99451364329132,3.3241651185494394,0.9029497215037876,0.3879694243959056,3,1,0.1,0.7,1,False,False,False,False,True,1e-06,True,2,0.0922129517848303,-0.3000172516471426,1.9980598604253503,1.4465459602779611,1.8847949618935869,0.1074813759669621,1.4828392672971524,0.0922129517848303,0.0922129517848303,0.9,0.0967332383702659,-0.5109336950572947
0.2258392917166818,0.003795252326589,25.12202062735553,-1.021502571010174,0.8824228100245047,0.8270547506444987,0.034049953886058,3,1,0.1,0.7,1,False,False,False,False,True,1e-06,True,2,0.1104946778396953,-3.1040220884389207,1.9158492162833207,0.581178990657509,0.2472047417649264,0.2091097949932943,1.2024529522205432,0.1104946778396953,0.1104946778396953,0.9,0.1881988154939649,0.7699743215122355
0.5496110850576343,0.0001252670196506,155.88953918457202,-7.298354189438892,0.2242443286855817,0.8490953521572628,0.0052540144499017,3,1,0.1,0.7,1,False,False,False,False,True,1e-06,True,2,0.0514984179208952,-2.493788745758284,1.0095637247746565,0.7991920105094266,0.8878364624649093,0.1777240300036263,0.2588199506961784,0.0514984179208952,0.0514984179208952,0.9,0.1599516270032637,0.3861312049316011
0.3066041002139769,4.772174442880575e-05,197.268578812384,-7.548559476713943,0.1790094449158297,0.8251747161430473,0.005069170794016,3,1,0.1,0.7,1,False,False,False,False,True,1e-06,True,2,0.050150911993391,-9.210726601007469,0.8726245581919272,1.1582761448000465,0.3187924529983537,0.2118645669054238,0.7110561409438682,0.050150911993391,0.050150911993391,0.9,0.1906781102148814,0.2944297693557182
0.5881637578683727,0.0006536871068155,93.06065517632686,-8.72875545382353,0.4204335817918281,0.4705839589871859,0.0107446208801869,3,1,0.1,0.7,1,False,False,False,False,True,1e-06,True,2,0.073411655498249,-0.0863835485689854,1.0316480238439285,1.2764200463967,1.1931614854350288,1.1250193103739643,1.9222105736845847,0.073411655498249,0.073411655498249,0.9,1.012517379336568,0.5668945291876326
0.6540313741454608,0.0003389603362399,72.65837576776791,-8.998510053495975,0.5803722115650876,0.8430866786610731,0.0106223147855411,3,1,0.1,0.7,1,False,False,False,False,True,1e-06,True,2,0.0502470660671565,-6.466045468386279,1.8877198316145656,0.7494410178219177,1.3882026818700957,0.1861176618139962,1.635101281949327,0.0502470660671565,0.0502470660671565,0.9,0.1675058956325965,0.3341744795394792
0.6544567454427146,0.0103931699797692,8.943389016524876,-4.241785828854143,1.4133318244636053,0.8151835259395839,0.1048484472250578,3,1,0.1,0.7,1,False,False,False,False,True,1e-06,True,2,0.0944650576321525,-0.9691403419301672,1.74140220017959,1.3344449840971035,1.805029643105692,0.2267176263742523,1.7613632962589807,0.0944650576321525,0.0944650576321525,0.9,0.2040458637368271,0.8966097278720394
0.6426371902101722,0.0100069326132176,53.61620900259044,-3.4254626401942287,0.7381387051875675,0.856298822577605,0.0104623681059469,3,1,0.1,0.7,1,False,False,False,False,True,1e-06,True,2,0.113843369007936,-8.843802250276369,1.3292563511174045,0.4009677988012835,1.9381806471941063,0.1678166238624853,1.1866440901265831,0.113843369007936,0.113843369007936,0.9,0.1510349614762367,0.8580404564132381
0.6935766348362733,0.0003152259292356,97.66561732907904,-15.50110176058739,0.3075423125503226,0.8410868297651379,0.0102376092565684,3,1,0.1,0.7,1,False,False,False,False,True,1e-06,True,2,0.0556431717874661,-2.7599330615144133,0.6421884803450902,1.4969042793011378,1.7844842438877484,0.1889378891823052,1.7015370242804209,0.0556431717874661,0.0556431717874661,0.9,0.1700441002640746,0.3919748636566524
0.6901560779436546,0.0070047136990195,2.0615275204229104,-6.791230899109326,7.775719588996211,0.8639645242223016,0.4563964630559442,3,1,0.1,0.7,1,False,False,False,False,True,1e-06,True,2,0.0540482229860256,-0.1349662025444935,1.89410815685733,1.1063307716212918,1.6572201815808578,0.1574549324234703,1.4876180028835393,0.0540482229860256,0.0540482229860256,0.9,0.1417094391811233,-0.257439222051904
0.3916662007159104,0.0019886628639401,119.92654099226624,-2.626866634470194,0.4680620858684359,0.7555735000384345,0.005163337617126,3,1,0.1,0.7,1,False,False,False,False,True,1e-06,True,2,0.0953852744586722,-3.567835305441979,1.7885104203767497,0.3255322128058425,0.5441103616200342,0.3234979786203884,1.7141916029330506,0.0953852744586722,0.0953852744586722,0.9,0.2911481807583496,0.4253971396572136
0.5169078094575008,0.0208576449767332,19.447186662958405,-1.2889666694073072,0.5558541316357624,0.7750099913973928,0.0338168895492644,3,1,0.1,0.7,1,False,False,False,False,True,1e-06,True,2,0.2,-9.34443348571024,1.80021679620867,0.6635275123021966,1.5664590011723003,0.2903059458587568,1.5705612158679698,0.2,0.2,0.9,0.2612753512728811,0.9596819413875984
0.703171105031449,0.0001730359883609,90.74808233629814,-13.823151339005236,0.2687809498616396,0.8826138106165304,0.0110200767173392,3,1,0.1,0.7,1,False,False,False,False,True,1e-06,True,2,0.05,-3.1196390153922025,0.8377403849065923,1.7120698374255323,1.7736601992958432,0.1329983600658503,0.170900810353692,0.05,0.05,0.9,0.1196985240592652,0.4843079357407363
0.3391815674517844,0.0023502434394344,90.99450782226624,-9.746187263428109,0.1670692590084649,0.8559123878161905,0.0109794618668244,3,1,0.1,0.7,1,False,False,False,False,True,1e-06,True,2,0.1292865032881493,-5.844797860798966,0.3355425980655591,1.910513101368196,0.9664517011651012,0.1683438798583585,1.0509101500482332,0.1292865032881493,0.1292865032881493,0.9,0.1515094918725227,1.0330119801719737
0.5679331485964645,0.0500779983097299,5.733586330082471,-2.0869872633086013,2.7591721699699936,0.7780112702038993,0.1065800053728694,3,1,0.1,0.7,1,False,False,False,False,True,1e-06,True,2,0.1370460691389914,-0.2745764910749653,1.9288282886774104,0.5646009705525227,1.456624719387363,0.285328424275811,1.768910904065497,0.1370460691389914,0.1370460691389914,0.9,0.25679558184823,-0.823937309866331
0.5604738368407559,0.0037131847759555,71.06161344865022,-5.060744792710497,0.2466524487299106,0.8262206306534962,0.0101040712306795,3,1,0.1,0.7,1,False,False,False,False,True,1e-06,True,2,0.123938595185826,-6.3417689324215605,0.4347401759689646,0.6591402086795868,1.619342206066821,0.2103304648893282,0.6060319089200124,0.123938595185826,0.123938595185826,0.9,0.1892974184003954,0.7862509824744967
0.6974593774623123,0.0002269265350346,82.80890163094156,-10.82120951417631,0.3091655054526098,0.8676093852645634,0.0109479666614916,3,1,0.1,0.7,1,False,False,False,False,True,1e-06,True,2,0.0516169354171732,-2.74159508269173,0.9765553253342614,1.2600584549499063,1.72138500620865,0.1525924188741528,0.2576930205771321,0.0516169354171732,0.0516169354171732,0.9,0.1373331769867375,0.4447594824912801
0.5521768832871841,0.0050674182335881,65.07529264323246,-4.218624331621151,0.2985811471195544,0.8472308161656802,0.0103649764617871,3,1,0.1,0.7,1,False,False,False,False,True,1e-06,True,2,0.1292130885163076,-1.21634587965975,0.407812617887038,0.5654625600197634,1.537720147332824,0.180315896116372,1.439284057214294,0.1292130885163076,0.1292130885163076,0.9,0.1622843065047348,2.058602204380797
0.6726450341268325,0.001308062618922,29.79172181654993,-7.565310083923943,0.6876174996363266,0.8317588800924892,0.0335441231946175,3,1,0.1,0.7,1,False,False,False,False,True,1e-06,True,2,0.0647306506155827,-3.9309903269884607,1.5463502428290952,1.4830502739268148,1.636448609854111,0.2022715043196206,1.593917607422051,0.0647306506155827,0.0647306506155827,0.9,0.1820443538876585,0.4188472929205913
0.6911971659690447,0.0003977891693924,93.49850016519044,-9.997878090513987,0.2032642092957685,0.8543681821892851,0.0106950930802596,3,1,0.1,0.7,1,False,False,False,False,True,1e-06,True,2,0.0642430874148204,-8.448015722160578,0.9248409814402738,1.7054870216969569,1.828004561788228,0.170455572722218,0.1930836391169469,0.0642430874148204,0.0642430874148204,0.9,0.1534100154499962,0.4617328379629795
0.2102031127634178,0.0001674912117873,177.31342708435002,-2.643658457152162,0.2265095169496138,0.820364889658665,0.005036191387685,3,1,0.1,0.7,1,False,False,False,False,True,1e-06,True,2,0.0683684068306888,-7.91709346930862,0.6329946810759374,0.5051694438887676,0.1991630611996054,0.2189697689476656,1.993467022238386,0.0683684068306888,0.0683684068306888,0.9,0.197072792052899,0.3962218749211068
0.4879159644381101,0.0001962278516376,97.67650754848792,-11.383545059586828,0.3231778647232052,0.8259628686391939,0.0102369270239675,3,1,0.1,0.7,1,False,False,False,False,True,1e-06,True,2,0.0538884835092677,-8.282437877398829,1.087204691153944,1.784835432018516,0.7078250924640548,0.2107081782593195,1.802215390345861,0.0538884835092677,0.0538884835092677,0.9,0.1896373604333875,0.3195036496266308
0.65581643401498,0.0006864277920062,97.1720279828451,-13.420899843277573,0.2472774683494168,0.8044139861982659,0.0102894135238216,3,1,0.1,0.7,1,False,False,False,False,True,1e-06,True,2,0.0715396017903701,-4.641769488366826,0.6808734258576428,1.654666598458775,1.7522840839727531,0.2431409910288749,0.9829085172282048,0.0715396017903701,0.0715396017903701,0.9,0.2188268919259874,0.3905250086458292
0.6766844072552446,0.000273981367169,92.42737339065674,-12.908130314663726,0.3174976905983688,0.8279948857936302,0.0108181183121667,3,1,0.1,0.7,1,False,False,False,False,True,1e-06,True,2,0.0541727727307174,-4.253443700156523,0.9186679075391864,1.39759434306314,1.59999399401544,0.2077369282800623,1.5860973332722654,0.0541727727307174,0.0541727727307174,0.9,0.1869632354520561,0.3355190705536819
0.4333403265026974,0.0013786193299727,90.15856396966652,-2.676930909509965,0.1038248275501862,0.7705414457980779,0.0101277630744389,3,1,0.1,0.7,1,False,False,False,False,True,1e-06,True,2,0.1445177942087613,-9.178077052772451,0.7673101857085601,1.083468607806073,0.8662283525541303,0.2977887243485826,0.135540052082524,0.1445177942087613,0.1445177942087613,0.9,0.2680098519137243,0.6649827582772743
0.4836204677172137,0.0015699524981216,81.40322396393249,-1.4265514058290494,0.1211271233820997,0.6316139216000789,0.0108783545915186,3,1,0.1,0.7,1,False,False,False,False,True,1e-06,True,2,0.1756849149654392,-4.832111753321854,1.994508266422024,1.2273147998617464,1.427188676629588,0.5832456597325816,0.4042973901138803,0.1756849149654392,0.1756849149654392,0.9,0.5249210937593234,0.5086095260246178
0.5438205243559254,0.0014576707886254,97.90806382027034,-5.285589455750909,0.1421018841585775,0.6724941440983335,0.0102125171359226,3,1,0.1,0.7,1,False,False,False,False,True,1e-06,True,2,0.1196568841678529,-6.615214017979946,1.1074456892476925,1.834103058697525,1.4572818235374263,0.4870017958904009,1.2609414615236203,0.1196568841678529,0.1196568841678529,0.9,0.4383016163013608,0.3794515205803593
0.465457608389051,0.0074989447474849,25.98207263493541,-1.4644776851616417,0.3441610375405616,0.763261945003206,0.0333679591920096,3,1,0.1,0.7,1,False,False,False,False,True,1e-06,True,2,0.1664974053261955,-5.211217534766689,1.5445427814289778,1.040989983910949,1.0113603524350654,0.3101661972624608,0.5726758295049019,0.1664974053261955,0.1664974053261955,0.9,0.2791495775362148,0.7840633465834601
0.6075002095280457,0.0006638567070724,195.6671114808517,-3.0644828861993942,0.070111409034936,0.5989716172666351,0.0050037798114401,3,1,0.1,0.7,1,False,False,False,False,True,1e-06,True,2,0.1251276726666993,-9.749688522334772,1.8861641327392151,1.6087677687024542,1.9579377029883005,0.6695281899389988,1.4758792814774715,0.1251276726666993,0.1251276726666993,0.9,0.6025753709450989,0.3181148632216407
0.6596542686013004,0.0005049173734504,130.6291190277528,-6.754001936618135,0.3267551120751193,0.8413770926480904,0.005187442013613,3,1,0.1,0.7,1,False,False,False,False,True,1e-06,True,2,0.0618132053505852,-3.865047459008793,1.5136422990653944,0.6449762738203515,1.4943525359803085,0.1885277228699813,0.3950517194595229,0.0618132053505852,0.0618132053505852,0.9,0.1696749505829831,0.4258079303667444
0.4548502750088852,0.0005670441052691,195.2105166091308,-6.863437375593626,0.0721490600132575,0.744053920614186,0.0051233284683671,3,1,0.1,0.7,1,False,False,False,False,True,1e-06,True,2,0.1111112536436937,-7.794007417082154,0.6172783660415034,1.636809001202482,0.9301697749961672,0.343988617349857,0.1524951345182234,0.1111112536436937,0.1111112536436937,0.9,0.3095897556148713,0.4528889334967599
0.4431322375822041,0.0008909631709252,29.358588397157,-5.305118006847779,0.7883408332198945,0.8732414109014953,0.0340464450662946,3,1,0.1,0.7,1,False,False,False,False,True,1e-06,True,2,0.0624190327065775,-9.87275441444823,1.1621632416543548,1.1307822885854797,0.5962485656027993,0.1451587012664055,1.0441572408821027,0.0624190327065775,0.0624190327065775,0.9,0.130642831139765,0.5148485898648911
0.6943518072868035,0.0002887148218993,95.05691127885122,-11.668240914653795,0.2326281637906448,0.8476531429271128,0.0105196061567087,3,1,0.1,0.7,1,False,False,False,False,True,1e-06,True,2,0.057953066403981,-3.14999905250104,0.8940348090722704,1.6869848732831323,1.7823974855805853,0.1797278265810513,0.2494882648737353,0.057953066403981,0.057953066403981,0.9,0.1617550439229461,0.4237825306470536
0.698924302384145,0.000158533883854,97.0653559979938,-9.45398146165456,0.2499497464778261,0.823068034897245,0.0103015507146505,3,1,0.1,0.7,1,False,False,False,False,True,1e-06,True,2,0.0506562903971897,-6.572699913598189,1.7677970857063516,1.941537002917364,1.7188140421663565,0.2149663911135171,0.8425253728605997,0.0506562903971897,0.0506562903971897,0.9,0.1934697520021654,0.2969501755071806
0.5619219914974335,0.0021293582930671,109.2370257063985,-5.391883382235681,0.8864765863918592,0.8791674812653643,0.0052192655009654,3,1,0.1,0.7,1,False,False,False,False,True,1e-06,True,2,0.0706561951732472,-0.5480898271963852,1.523835669747869,0.3270725833030222,1.009995015750273,0.1374397043902538,0.2239288585414401,0.0706561951732472,0.0706561951732472,0.9,0.1236957339512285,9.425936146506984
0.3163292023817439,0.0001310570710448,95.46164085960824,-19.815491824623923,0.4308974722103473,0.8655952649018758,0.0104739184237599,3,1,0.1,0.7,1,False,False,False,False,True,1e-06,True,2,0.0505125880801744,-6.947171859099477,0.8104117007841705,1.908019518195448,0.3421307035972536,0.1552743418869792,0.7234693010663258,0.0505125880801744,0.0505125880801744,0.9,0.1397469076982813,0.3942875834119612
0.3562297681692967,0.0004560828633932,192.56669524405933,-1.1120398727118828,0.1085026022883593,0.65476475746228,0.0051929535411073,3,1,0.1,0.7,1,False,False,False,False,True,1e-06,True,2,0.1041088099039791,-3.3859767940654875,1.984664227426796,1.0785723589481984,0.4676404781637833,0.5272660732012726,1.1962309321246076,0.1041088099039791,0.1041088099039791,0.9,0.4745394658811454,0.3202331572487006
0.6603432556415783,0.0002712070784575,91.35552887854676,-13.858265682782584,0.3274017318896567,0.8426566371049468,0.0109448730816489,3,1,0.1,0.7,1,False,False,False,False,True,1e-06,True,2,0.0537677004808298,-9.951313098015612,0.8066323745733197,1.4264235019621585,1.4841966801182152,0.1867229853379262,1.5599099749321872,0.0537677004808298,0.0537677004808298,0.9,0.1680506868041336,0.351904907988935
0.3165242036356849,0.0164093370386642,9.094214329112958,-1.0302190570202503,0.8759737872185848,0.8165066518957831,0.109761005420972,3,1,0.1,0.7,1,False,False,False,False,True,1e-06,True,2,0.1708182606700787,-2.1564734342959966,1.9400789785086645,0.9752408450818386,0.4852732757998358,0.2247297651258298,1.7089295989759443,0.1708182606700787,0.1708182606700787,0.9,0.2022567886132468,1.4376663867442792
0.645310337260554,0.0044555686793401,57.40606174062857,-4.564987659191276,0.6768369034244502,0.8847013419130423,0.0102984550742405,3,1,0.1,0.7,1,False,False,False,False,True,1e-06,True,2,0.0894538003920985,-3.2498296284487864,1.2726732422466112,0.4652513189450279,1.6500602101085522,0.1303249499290242,0.4974817741257563,0.0894538003920985,0.0894538003920985,0.9,0.1172924549361218,0.9835855020578128
0.4533826371738158,0.0054779269895928,60.468463511856605,-2.4197857878121765,0.3344302770767083,0.6023451869441084,0.0110106966569195,3,1,0.1,0.7,1,False,False,False,False,True,1e-06,True,2,0.1663507945589394,-0.4659998399790872,0.6419258844959326,0.5223162733750909,1.0787506885113467,0.6601776218605194,0.5782251530450847,0.1663507945589394,0.1663507945589394,0.9,0.5941598596744675,0.9108524372549566
0.2430188544319158,0.000513868326083,176.86142196567044,-2.3289439485934817,0.0755283357907073,0.7528473992806148,0.0050477667614138,3,1,0.1,0.7,1,False,False,False,False,True,1e-06,True,2,0.1669124401399125,-3.607752630256353,0.2479784775660981,0.6083934340359536,0.387115887120331,0.3282904356919509,1.007669166526473,0.1669124401399125,0.1669124401399125,0.9,0.2954613921227558,0.7861281945024962
0.4116473690969722,0.0001815757775135,97.68515940873452,-12.668569365154507,0.3887565559856513,0.8963078611071477,0.0102358887028752,3,1,0.1,0.7,1,False,False,False,False,True,1e-06,True,2,0.0519670214314806,-3.65694355057348,0.3665516993888142,0.7792965955777333,0.5142787479613129,0.1156880837402993,0.8098281171700159,0.0519670214314806,0.0519670214314806,0.9,0.1041192753662694,0.5713477631615603
0.6058216982512976,0.0001891529487958,93.00005410804286,-16.519218096760465,0.349585495997802,0.8414486284117108,0.0107512737734505,3,1,0.1,0.7,1,False,False,False,False,True,1e-06,True,2,0.050180075719294,-3.4857093813339235,0.8936225112276701,1.7854564014975274,1.1478285034058244,0.1884266801736493,1.0344797929997758,0.050180075719294,0.050180075719294,0.9,0.1695840121562844,0.3426713118493673
0.6799779594486691,0.0301157818246439,1.4808975492427805,-3.810525847021692,5.322932800474924,0.7568136757941087,0.6459532738922811,3,1,0.1,0.7,1,False,False,False,False,True,1e-06,True,2,0.0886116858391919,-0.0509806336194209,1.7332064339081166,1.6964754338142245,1.9357131643106689,0.3213291883906842,1.499408774553098,0.0886116858391919,0.0886116858391919,0.9,0.2891962695516158,-0.0826397355993526
0.701617302423759,0.0007353959475608,29.67696857241049,-8.80591010992453,0.6210642069410589,0.8988386535504409,0.0336645671774639,3,1,0.1,0.7,1,False,False,False,False,True,1e-06,True,2,0.0565669171209612,-8.694892831359386,1.5822145259227731,1.872639412554788,1.79373017380902,0.1125467246540506,0.3850334132126498,0.0565669171209612,0.0565669171209612,0.9,0.1012920521886455,0.5934814031269698
0.5455550557198708,0.0018229702063103,82.65365276941148,-2.397667085042994,0.1677076623525628,0.7220333892908692,0.0106935106582689,3,1,0.1,0.7,1,False,False,False,False,True,1e-06,True,2,0.1209996055916229,-8.824130927982003,1.7317919738769831,1.1649662809808476,1.2156423344136087,0.3849775021929806,0.4568571578144047,0.1209996055916229,0.1209996055916229,0.9,0.3464797519736826,0.4513801854573718
0.497271951555445,0.0019026299218986,91.53151449926284,-12.115619074459818,0.205260561941932,0.801396820861321,0.0109207419500429,3,1,0.1,0.7,1,False,False,False,False,True,1e-06,True,2,0.1056605064472873,-6.510312941125234,0.4414190710604093,1.682847842839888,1.4439119351634888,0.2478212715209244,0.6814808209755329,0.1056605064472873,0.1056605064472873,0.9,0.223039144368832,0.569301523707156
0.5218617988927903,0.0008183620434838,29.34588872589876,-6.972334113887696,0.7843204350784528,0.8487918671898105,0.0340575789984564,3,1,0.1,0.7,1,False,False,False,False,True,1e-06,True,2,0.0594273514717937,-9.20922528756815,1.614862202004969,1.803535392266004,0.82001675806311,0.1781451244470698,1.916329561715964,0.0594273514717937,0.0594273514717937,0.9,0.1603306120023629,0.4077883851287328
0.6221246956969642,0.0004582473221537,69.2245005698075,-8.481339367818054,0.5828140443393126,0.8585031922307361,0.0105921709987042,3,1,0.1,0.7,1,False,False,False,False,True,1e-06,True,2,0.0537197145024483,-2.413228250443328,0.98455997072731,0.6444777916179921,1.2206121305632034,0.1648180333512777,0.7857227527876158,0.0537197145024483,0.0537197145024483,0.9,0.1483362300161499,0.4389364720526628
0.6526322346870104,0.0086094968864243,2.344374599768148,-6.395259985247247,6.102903052258215,0.7298795080739107,0.4157026355188684,3,1,0.1,0.7,1,False,False,False,False,True,1e-06,True,2,0.0627544950992303,-0.0981362039117392,1.9845439411800088,1.9946698219317585,1.4525442535821034,0.3700891570978807,0.745832750315495,0.0627544950992303,0.0627544950992303,0.9,0.3330802413880926,-0.3191816071098461
0.5796095276576799,0.0001297089918777,170.35883456332624,-5.7789760287721,0.2327197947447145,0.730150955652429,0.0052125274230032,3,1,0.1,0.7,1,False,False,False,False,True,1e-06,True,2,0.0525378124183798,-0.3359498739422015,1.9010025645155624,0.994026080063184,1.007246433167296,0.3695798002571212,0.6222191849977644,0.0525378124183798,0.0525378124183798,0.9,0.3326218202314091,0.3375083223641462
0.4119991095770079,0.0012933645702486,99.05169099664263,-5.079819055595582,0.1373684230227133,0.7865308061412896,0.0100074346151018,3,1,0.1,0.7,1,False,False,False,False,True,1e-06,True,2,0.1194848425443499,-4.590731871400205,0.4556573767775286,0.923339931184456,0.749945085086326,0.2714060176561775,0.1971153310427236,0.1194848425443499,0.1194848425443499,0.9,0.2442654158905598,0.6190993862235802
0.4928226291273291,0.0050875754021155,29.33339481244455,-1.6436033613279162,0.2501691239624134,0.5909985220497697,0.0340648904494386,3,1,0.1,0.7,1,False,False,False,False,True,1e-06,True,2,0.2,-3.367061912935472,1.6815671359551696,1.6640369521498397,1.8515783067529537,0.6920516087446106,1.656267078710127,0.2,0.2,0.9,0.6228464478701495,0.5349069924098497
0.5545303182734159,0.0002646514758731,197.8096644644375,-28.23180353132111,0.1992799267119768,0.8356977423873982,0.0050556597002446,3,1,0.1,0.7,1,False,False,False,False,True,1e-06,True,2,0.0613255224507442,-1.350970988412838,0.3366141028181068,1.522709751408153,1.092112502547216,0.196604883894059,0.2448854373268985,0.0613255224507442,0.0613255224507442,0.9,0.1769443955046531,0.4852974500323783
0.0644007027432713,0.0002633848946382,199.68037678367287,-9.487148338990355,0.1033236954747798,0.6914455496269778,0.0050063511806392,3,1,0.1,0.7,1,False,False,False,False,True,1e-06,True,2,0.1365219457492744,-7.08234684499617,0.5281582491097031,1.9785012723033053,0.1039036366471162,0.4462454788225648,1.0171594482196429,0.1365219457492744,0.1365219457492744,0.9,0.4016209309403084,0.4624321601015226
0.3017512336868019,0.003997582620556,69.40464462030565,-0.8475073115202619,0.3048177514579285,0.6560691485736824,0.0102359195502279,3,1,0.1,0.7,1,False,False,False,False,True,1e-06,True,2,0.1755495614529151,-8.980027295593754,1.9829353405876868,0.4766691804363742,0.4701865348006354,0.5242295757604755,1.281389264834423,0.1755495614529151,0.1755495614529151,0.9,0.4718066181844279,0.5301923391788687
0.4392082780708965,0.0015361264092999,126.51876413475054,-1.3772138472841051,0.1715716788175383,0.5016434194513176,0.0050161410480498,3,1,0.1,0.7,1,False,False,False,False,True,1e-06,True,2,0.2,-0.7423505940731587,1.456429479796334,0.5181338933169052,1.4842985906717725,0.9934478580298528,1.0900199861032882,0.2,0.2,0.9,0.8941030722268676,0.5506508183710696
0.455047074561589,0.001817610769662,88.67973728681537,-2.4752224907614218,0.1434878608053087,0.6302339990678453,0.010536776544739,3,1,0.1,0.7,1,False,False,False,False,True,1e-06,True,2,0.1530596868053272,-3.993954538604876,1.0156283191049127,1.0069140510697572,1.0543743243022354,0.5867122393889591,1.1070934653909632,0.1530596868053272,0.1530596868053272,0.9,0.5280410154500632,0.4428635552639632
0.7029850406614354,0.0086064464548591,2.840866396646484,-7.558113868442817,4.4363641109319465,0.8943266308771796,0.3424178725117611,3,1,0.1,0.7,1,False,False,False,False,True,1e-06,True,2,0.0632564971167211,-0.3446597244265206,1.3911767402102215,1.8356240200230904,1.881732221633212,0.1181597030373268,1.955011582038262,0.0632564971167211,0.0632564971167211,0.9,0.1063437327335941,-1.081950409127898
0.5569908445475877,0.0170120458971636,9.16859295306377,-2.6270970012352497,0.6054486438152649,0.8558158500097435,0.1017895448768364,3,1,0.1,0.7,1,False,False,False,False,True,1e-06,True,2,0.1571639528959396,-0.5234357957001166,1.3306856953738002,1.628380331123802,1.6860625779907594,0.1684756714760716,0.3436288690829185,0.1571639528959396,0.1571639528959396,0.9,0.1516281043284645,-1.3935641866417436
0.6575471348619506,0.0290263539291975,2.679021849533453,-3.7105207701285634,2.443250365346147,0.8992066281996458,0.3625216934210646,3,1,0.1,0.7,1,False,False,False,False,True,1e-06,True,2,0.1060883051096517,-0.4610504720861215,1.7348259538636916,1.95559800881254,1.9831065457871264,0.1120914466591049,1.7980573359314822,0.1060883051096517,0.1060883051096517,0.9,0.1008823019931944,-0.9997462962327668
0.6816996126572803,0.0002754700121119,196.9123772309196,-14.66861961954209,0.1445055845057469,0.8024136929178608,0.0050782048127834,3,1,0.1,0.7,1,False,False,False,False,True,1e-06,True,2,0.0648046595354163,-6.9186944789849,0.5407141388310156,1.3500792074004375,1.8473404024471387,0.2462399493254475,1.144406240397759,0.0648046595354163,0.0648046595354163,0.9,0.2216159543929027,0.340950793432376
0.2675822604575928,0.0078958285407808,24.866709815209905,-0.6530776298606332,0.5095754330654884,0.820519106807106,0.0338157113838839,3,1,0.1,0.7,1,False,False,False,False,True,1e-06,True,2,0.1723544182961702,-1.4968272634429525,1.873608840044976,0.723798468872261,0.3646181468286018,0.2187406627144975,0.4924250557965456,0.1723544182961702,0.1723544182961702,0.9,0.1968665964430478,2.0276753969529864
0.5036611255274741,0.0023190523716014,133.0653554142647,-3.4077126406324507,0.1115645884204174,0.8022288962765314,0.005123694844234,3,1,0.1,0.7,1,False,False,False,False,True,1e-06,True,2,0.1628692994664783,-7.80436229234897,0.3196419340921834,0.615863594827183,1.834532567738736,0.2465270256922984,1.2031006585000712,0.1628692994664783,0.1628692994664783,0.9,0.2218743231230685,0.8996843345403025
0.5579886813901116,0.0044097657559365,29.17672697104772,-5.1444929189896245,0.460968831738913,0.8081445638357673,0.0342423877832772,3,1,0.1,0.7,1,False,False,False,False,True,1e-06,True,2,0.1071205343284923,-5.167125399019974,0.8707823305019461,1.2782781628625273,1.3323184469080351,0.2374023717410317,1.310419416839351,0.1071205343284923,0.1071205343284923,0.9,0.2136621345669285,0.6117619679995674
0.3264582542826088,0.004938796164362,9.346873822320209,-2.185885423295758,1.4631273184289126,0.9089827454295122,0.1068954319267602,3,1,0.1,0.7,1,False,False,False,False,True,1e-06,True,2,0.088793806080511,-9.095589784978849,1.95058009638285,1.3056502940810435,0.3903881211537215,0.1001308936040147,1.9976521297674248,0.088793806080511,0.088793806080511,0.9,0.0901178042436133,1.0809596233133307
0.5222839988712809,0.0001677287103223,92.59495324068848,-5.671044725039313,0.3395280096558586,0.859665488352553,0.0104145481505652,3,1,0.1,0.7,1,False,False,False,False,True,1e-06,True,2,0.0506422448689493,-6.915033487312012,1.6750725499919394,1.1114965028219512,0.7901525518186583,0.1632431609141149,0.4324295897159653,0.0506422448689493,0.0506422448689493,0.9,0.1469188448227034,0.3778179383835982
0.4408798202943259,9.671229076283932e-05,192.15417445182896,-3.5908514924371984,0.0452731483114648,0.6204643710729346,0.0052043369599049,3,1,0.1,0.7,1,False,False,False,False,True,1e-06,True,2,0.1582423941023368,-3.9217458431511982,0.7480535901762008,1.8639823811505185,1.5716740636703528,0.6116960886420525,0.1866529260866755,0.1582423941023368,0.1582423941023368,0.9,0.5505264797778473,0.446382056226225
0.3863948773588156,0.0025100608574927,73.99821607549363,-3.134040865565559,0.2738736917308774,0.8918087207408447,0.0102011135136204,3,1,0.1,0.7,1,False,False,False,False,True,1e-06,True,2,0.1156858966646248,-6.383703830259877,0.4449049371239897,0.5055348715476493,0.5974163832143458,0.1213166867994724,1.646218232307047,0.1156858966646248,0.1156858966646248,0.9,0.1091850181195251,1.257047356489604
0.6339149834846418,0.0006491354427822,92.70463030761218,-51.79182313849861,0.7424474188825351,0.5501211464508136,0.0108332215203362,3,1,0.1,0.7,1,False,False,False,False,True,1e-06,True,2,0.0595020332036508,-0.0486137662958956,0.1065750978095219,1.136093831221423,1.6293426413857597,0.8177814222406198,0.1039593727661317,0.0595020332036508,0.0595020332036508,0.9,0.7360032800165578,-0.2662811627877409
0.5979080454886011,0.0139016050906679,9.058032757267076,-2.797759082180286,0.9715912381379822,0.7494922832007166,0.1096960577252158,3,1,0.1,0.7,1,False,False,False,False,True,1e-06,True,2,0.1252375612408938,-0.6072725508244652,1.8447852525460748,1.776127153254603,1.6366768121092925,0.3342365524158394,0.7841400857101359,0.1252375612408938,0.1252375612408938,0.9,0.3008128971742554,1.3053705184081985
0.3208414888860406,0.0020380928602074,85.76066648981477,-0.8925223152045128,0.2054594386497135,0.7202231785434318,0.0100907243571356,3,1,0.1,0.7,1,False,False,False,False,True,1e-06,True,2,0.1449475687694781,-1.5325347043818898,1.8432124838265584,0.839498541962387,0.448872401629104,0.3884585081285284,0.2620394394369603,0.1449475687694781,0.1449475687694781,0.9,0.3496126573156756,0.6848200005928295
0.2042247449844316,0.000395046237718,94.32377582689804,-2.105258718773069,0.0760236723626825,0.904541696884546,0.0105980714218076,3,1,0.1,0.7,1,False,False,False,False,True,1e-06,True,2,0.2,-4.57434342099564,0.228998018042514,0.9264527797594128,0.4062603784480464,0.1055322307907253,0.9731463921855866,0.2,0.2,0.9,0.0949790077116527,3.577189065122348
0.4544099361988006,0.0005093771197399,94.85523971997932,-14.745204513977296,0.292100524965792,0.8210327505560421,0.0105405832205328,3,1,0.1,0.7,1,False,False,False,False,True,1e-06,True,2,0.0691200734313114,-9.091964508750417,0.7813873670201675,1.9027827395101475,0.7021302144763153,0.2179782101539222,0.7404938794505986,0.0691200734313114,0.0691200734313114,0.9,0.19618038913853,0.4001729735008537
0.6785520221222011,0.0037890718433529,8.59404137001186,-7.830725671022668,2.199479576163372,0.7587891532027065,0.1045385850197723,3,1,0.1,0.7,1,False,False,False,False,True,1e-06,True,2,0.0645395065497446,-0.0712862921956265,1.5567983011936413,1.4319473688965956,1.677019259590916,0.3178891603539506,0.2155795222161686,0.0645395065497446,0.0645395065497446,0.9,0.2861002443185556,-0.1447840812625861
0.2576733927849462,0.0012834296756528,79.77220113436661,-1.8684546348200943,0.2678074480013208,0.775459855348795,0.0104935550078066,3,1,0.1,0.7,1,False,False,False,False,True,1e-06,True,2,0.1126577082399701,-9.945211168399604,0.7059596299311789,0.5423348889095672,0.2997329797785872,0.2895574066180499,0.732421400601497,0.1126577082399701,0.1126577082399701,0.9,0.2606016659562449,0.522153634049425
0.3160515420919006,0.0001212469217708,97.8178240704869,-1.9886884056922387,0.4382873572260424,0.8452218368325984,0.0102226984362365,3,1,0.1,0.7,1,False,False,False,False,True,1e-06,True,2,0.050029472704432,-4.186119011795583,1.862019871208686,0.8141031561397463,0.3306636411136665,0.1831213492394142,0.8438133292797801,0.050029472704432,0.050029472704432,0.9,0.1648092143154728,0.3458019084363622
0.4019905865315666,0.0041608147912077,64.37798148302205,-2.377199476081964,0.5132459714416663,0.7685737963849559,0.0100626409385002,3,1,0.1,0.7,1,False,False,False,False,True,1e-06,True,2,0.1159836680167708,-4.386936705290073,1.259835918737657,0.3902964533202283,0.6226364813105721,0.3011112331744517,1.88183326109992,0.1159836680167708,0.1159836680167708,0.9,0.2710001098570066,0.5494087699716209
0.6593247425085633,0.0001900258465816,94.37191179496128,-9.664421520691446,0.3393740042306315,0.8196048682492347,0.0101869493347895,3,1,0.1,0.7,1,False,False,False,False,True,1e-06,True,2,0.0500273226387996,-9.797140437909253,1.7680039898214135,1.1954514471853226,1.4231821125663675,0.2201001223139498,1.977529119555012,0.0500273226387996,0.0500273226387996,0.9,0.1980901100825549,0.2839074497952814
0.4508012035494495,0.0061541252117455,59.09552502395288,-2.2564782191668624,0.2158788010014413,0.773782099963275,0.0110322851979915,3,1,0.1,0.7,1,False,False,False,False,True,1e-06,True,2,0.2,-1.6841097622225405,0.4382583447183661,0.5475531741442934,1.5434878412643305,0.2923534933768328,1.0865235112383675,0.2,0.2,0.9,0.2631181440391495,1.488917489658362
0.528788589957854,0.0010730346415698,86.4657478993687,-3.035244481373889,0.25051932933883,0.7686773661341811,0.0103133029064745,3,1,0.1,0.7,1,False,False,False,False,True,1e-06,True,2,0.0874238816035227,-6.560811313140045,1.9596769082459369,1.0050112616300733,0.9361549500210024,0.3009359245598484,0.6601298764176853,0.0874238816035227,0.0874238816035227,0.9,0.2708423321038636,0.3954402391366661
0.3459586338387552,0.0012513694381821,92.45418845330452,-3.971630719002652,0.0791814967135405,0.8876862446114956,0.0108114744302341,3,1,0.1,0.7,1,False,False,False,False,True,1e-06,True,2,0.1876804798132547,-1.9938358964163587,0.1813528657694532,1.0712972135334584,1.7477140531389423,0.1265241588120582,0.4240984364299958,0.1876804798132547,0.1876804798132547,0.9,0.1138717429308523,6.526760266729308
0.4965459213965223,0.0006321482194624,191.6155997687968,-4.129537838993848,0.0891068528337144,0.6210379360765551,0.0052186709121475,3,1,0.1,0.7,1,False,False,False,False,True,1e-06,True,2,0.1137409194539438,-1.3952087927529693,1.112306733333716,1.339286048294716,1.0195558305867127,0.6102075926594125,1.2184791983252623,0.1137409194539438,0.1137409194539438,0.9,0.5491868333934713,0.346418874462736
0.4191083422272811,0.000122704213759,90.363388979005,-2.017397158482195,0.0948225004546098,0.5293441721877704,0.0110652294989063,3,1,0.1,0.7,1,False,False,False,False,True,1e-06,True,2,0.1894740057428119,-3.22099849892246,1.2250423410927556,1.505445212952316,1.5804559731967511,0.8891300831121219,1.6944867912609944,0.1894740057428119,0.1894740057428119,0.9,0.8002170748009098,0.4310956138251873
0.7221725401164216,0.0010758985536717,56.17120583322707,-8.891115052971422,1.0530870871462177,0.8673949962282096,0.0109756858657295,3,1,0.1,0.7,1,False,False,False,False,True,1e-06,True,2,0.054899176085545,-4.822073485834789,1.859752416995394,0.523079250618489,1.9747005029679816,0.1528772985184506,1.6112985491987937,0.054899176085545,0.054899176085545,0.9,0.1375895686666056,0.4473176446254325
0.6360645507596616,0.0104412911584411,9.112705974444852,-3.9378519459794896,0.9769986969806153,0.877928426368607,0.1091806121651287,3,1,0.1,0.7,1,False,False,False,False,True,1e-06,True,2,0.1043681111150517,-7.953398487977778,1.618326101130327,1.8811994626088024,1.7754958604319235,0.1390450177542605,1.4095147101646193,0.1043681111150517,0.1043681111150517,0.9,0.1251405159788344,0.944072087355698
0.6758417376419749,0.0004181919872358,70.11615313287653,-11.406091791786778,0.5306314113929774,0.8719537892233099,0.0110006813966833,3,1,0.1,0.7,1,False,False,False,False,True,1e-06,True,2,0.0526353955214155,-4.379070484061858,0.716706358527506,0.7452430767335715,1.5652221275503817,0.1468497669936693,0.8913651660757723,0.0526353955214155,0.0526353955214155,0.9,0.1321647902943024,0.4477111171799087
0.7012671828029752,0.000501601945692,90.56789012088436,-12.608857715716187,0.2966052299665815,0.8061703161179027,0.0110399574877009,3,1,0.1,0.7,1,False,False,False,False,True,1e-06,True,2,0.0626555672028475,-1.730590680405612,0.7444851926580602,1.365221826818934,1.9492677204831983,0.2404326728568728,1.495968338726938,0.0626555672028475,0.0626555672028475,0.9,0.2163894055711855,0.3805552333384016
0.5311114489395321,0.0017250013953077,87.97791733938888,-3.088059760079604,0.1229912724554421,0.611141762938652,0.0110678820808638,3,1,0.1,0.7,1,False,False,False,False,True,1e-06,True,2,0.1578629837198697,-5.042797468173729,1.069653135045823,1.3889898275295145,1.950295248087444,0.6362815645121975,1.2122960615281655,0.1578629837198697,0.1578629837198697,0.9,0.5726534080609778,0.4269721398923217
0.5435821561805528,0.0008152435102082,23.45973361608904,-7.0876410048413,1.587351085345558,0.908115568498882,0.0343226727040935,3,1,0.1,0.7,1,False,False,False,False,True,1e-06,True,2,0.050063034667398,-3.675445900626743,1.3921034078195167,0.6770168082570481,0.8634348299984324,0.1011814296422684,1.4597686734133746,0.050063034667398,0.050063034667398,0.9,0.0910632866780415,0.6296045789596928
0.7259434967888171,0.00018145461902,95.76685113503189,-11.568116140157692,0.2944100159046171,0.7853348670330488,0.0104411725787545,3,1,0.1,0.7,1,False,False,False,False,True,1e-06,True,2,0.0504479868335777,-0.7817033042633188,1.4171347128416918,1.686868787695292,1.9827736384946413,0.273342165206473,1.1839795055760367,0.0504479868335777,0.0504479868335777,0.9,0.2460079486858257,0.3076419788220293
0.3664891543067111,0.0005174123818146,94.17875732946976,-1.5934621208924775,0.1038469239991303,0.5351194011979511,0.0106173022682787,3,1,0.1,0.7,1,False,False,False,False,True,1e-06,True,2,0.1799399414358807,-4.604261435363525,1.7277630874645888,1.905492386492901,0.8368190151451285,0.8687418130632881,1.8227608939876263,0.1799399414358807,0.1799399414358807,0.9,0.7818676317569593,0.4052998015010607
0.6987922372186796,0.0003213965898831,89.78876660430477,-14.80065750963494,0.3856704716652959,0.8011998152626887,0.0107741595008169,3,1,0.1,0.7,1,False,False,False,False,True,1e-06,True,2,0.053777320962991,-0.5093279245783364,0.5593818274224898,1.1349235173600705,1.7910039174017118,0.2481280960756722,1.7375113861440248,0.053777320962991,0.053777320962991,0.9,0.223315286468105,0.4708816087857467
0.6313731377645179,0.001359016726071,99.07343867490926,-4.369044362697201,0.1421579592014811,0.6631954315952708,0.0100927464532337,3,1,0.1,0.7,1,False,False,False,False,True,1e-06,True,2,0.1125225453333011,-6.224832866109329,1.5513920826009466,1.7124558633044922,1.9885867573334808,0.5078511587369788,1.5709136210371637,0.1125225453333011,0.1125225453333011,0.9,0.4570660428632809,0.3464189324400331
0.1780345966143776,0.0008694501178111,96.01165493295264,-5.280269014035277,0.1345876758785013,0.844541790189693,0.0104252701000597,3,1,0.1,0.7,1,False,False,False,False,True,1e-06,True,2,0.1331753989859617,-5.710191762823715,0.3051812142648016,0.8648730049124408,0.2442201573644685,0.1840740288001491,0.1633706825878748,0.1331753989859617,0.1331753989859617,0.9,0.1656666259201341,0.9809513986059146
0.6519798752054762,0.0104842053647255,9.082733461317536,-5.307042928488837,1.284970151481344,0.8530436846539069,0.1094198767463579,3,1,0.1,0.7,1,False,False,False,False,True,1e-06,True,2,0.095755712488113,-1.0886157856341327,1.1737861339124591,1.5354149276425368,1.8936790982366905,0.1722729069915282,1.959355633229146,0.095755712488113,0.095755712488113,0.9,0.1550456162923754,1.3313872999880427
0.6347862472122369,0.0001409869551144,192.34458918850584,-6.682989055614416,0.1301259190608481,0.7633533818492669,0.0051989192532339,3,1,0.1,0.7,1,False,False,False,False,True,1e-06,True,2,0.0588285929930336,-6.892822722881893,1.9859157859398304,1.63046259633237,1.3155139537020597,0.3100092614739495,1.3209539449852432,0.0588285929930336,0.0588285929930336,0.9,0.2790083353265545,0.2556302489307249
0.3747620240059791,0.0011215451043831,94.3839287360712,-2.772898346500207,0.1189016958673132,0.580626892212689,0.0105937614091965,3,1,0.1,0.7,1,False,False,False,False,True,1e-06,True,2,0.1653326399597772,-3.757283674794581,1.205289876708867,1.8061298259250755,0.8454964012802805,0.7222764109136212,1.893530718126057,0.1653326399597772,0.1653326399597772,0.9,0.650048769822259,0.4198138983742251
0.7138241313297712,0.0002449831880179,96.3835420039283,-12.5339612324878,0.284484557278268,0.7850217911522458,0.0103742279427472,3,1,0.1,0.7,1,False,False,False,False,True,1e-06,True,2,0.0541742552032714,-1.2196492155176897,1.372515357759902,1.9514387821196744,1.9198447172133133,0.2738499889693656,1.7415091436807617,0.0541742552032714,0.0541742552032714,0.9,0.246464990072429,0.3007856236987159
0.5218943345932192,0.0170233381030468,9.45618931714957,-2.5729676348670445,0.6338965406522834,0.8494207187368951,0.1051405842894825,3,1,0.1,0.7,1,False,False,False,False,True,1e-06,True,2,0.1576486826305737,-4.089554071519233,1.315584187277805,1.8380435153215284,1.4564166741411648,0.1772729083969357,1.1989981841632609,0.1576486826305737,0.1576486826305737,0.9,0.1595456175572422,1.3378780675174244
0.6998902147431689,0.0002141833163506,90.93074723388416,-8.475274047412933,0.285427811155096,0.7580201072570699,0.0109965190624882,3,1,0.1,0.7,1,False,False,False,False,True,1e-06,True,2,0.0533077221454992,-0.5938902806027677,1.988054272955964,1.8366918027800367,1.7461916992756936,0.3192262189700289,1.2179708417935775,0.0533077221454992,0.0533077221454992,0.9,0.287303597073026,0.3064721788560205
0.4876101050782069,0.0007990541825342,183.79158086509247,-3.56297891782326,0.0795580909764393,0.6085659560960512,0.0050265071182515,3,1,0.1,0.7,1,False,False,False,False,True,1e-06,True,2,0.1458117685873039,-2.473733160324823,0.7459854294158536,1.0235853500154029,1.3996851974362376,0.6432072645256022,1.969737452114025,0.1458117685873039,0.1458117685873039,0.9,0.578886538073042,0.4100873335208939
0.5389861154479044,0.0003089787390647,198.28385974229045,-6.370321421064199,0.1005188150307618,0.7267519287263413,0.0050431799436698,3,1,0.1,0.7,1,False,False,False,False,True,1e-06,True,2,0.0800703078117133,-8.167281659560803,1.1828408000321058,1.6164952472357057,0.9913222111875712,0.3759853403520176,0.8013242583706753,0.0800703078117133,0.0800703078117133,0.9,0.3383868063168158,0.3008768994584331
0.534826825656445,0.0020776202077639,29.63396303755991,-12.768975850008514,0.712655248975166,0.9008256357979798,0.0336906623839364,3,1,0.1,0.7,1,False,False,False,False,True,1e-06,True,2,0.0737285367206663,-8.256385980443575,0.7126320136932426,1.8425391140184564,1.03023469977041,0.1100927418813612,0.8086423677945869,0.0737285367206663,0.0737285367206663,0.9,0.0990834676932251,0.8090470359164212
0.6018733205956284,0.0011511976574123,123.9607783498939,-5.072613759623254,0.3585554390976949,0.7921802414307273,0.0051616579997213,3,1,0.1,0.7,1,False,False,False,False,True,1e-06,True,2,0.0770236413221859,-0.6868342815792055,1.2996038553267446,0.5281594943965919,1.2424157876242117,0.2623389825955988,0.2416229135171524,0.0770236413221859,0.0770236413221859,0.9,0.2361050843360389,0.6473537355472435
0.633451541046131,0.0008683156744543,99.17002931558962,-8.003418325543826,0.1613891718344166,0.7951282015247026,0.0100835482574581,3,1,0.1,0.7,1,False,False,False,False,True,1e-06,True,2,0.0869433102880014,-7.077001675122854,0.7754325338711228,1.579113870987305,1.7024124166795869,0.2576588254352495,0.27722681422548,0.0869433102880014,0.0869433102880014,0.9,0.2318929428917246,0.4456268672694918
0.5209191887157767,0.0115654009657731,9.677659719389322,-3.070837237868881,0.7941996628757165,0.9025423794162312,0.1028951288051338,3,1,0.1,0.7,1,False,False,False,False,True,1e-06,True,2,0.122082780517397,-6.745428056344487,1.3816523157352227,1.6925488997563023,1.1290488374490952,0.1079812126349177,1.046256282126448,0.122082780517397,0.122082780517397,0.9,0.0971830913714259,1.5049119951678014
0.5489986979577417,0.0089488494737241,7.832787383145711,-4.651849076184721,1.7606919748933418,0.8366091489041657,0.1108844568713332,3,1,0.1,0.7,1,False,False,False,False,True,1e-06,True,2,0.0882718929061537,-0.2591941052744531,1.0709299214614596,1.0061329853281793,1.0494812051195517,0.1953012960829466,0.3921272814665794,0.0882718929061537,0.0882718929061537,0.9,0.1757711664746519,-0.7263551706587983
0.5814748974705982,0.0009861966089426,149.37429761174067,-4.261825036012074,0.1875958381275273,0.6924948442480234,0.0051385101562941,3,1,0.1,0.7,1,False,False,False,False,True,1e-06,True,2,0.0931775989586875,-2.4032423954314206,1.7914009470242658,0.7199422805005536,1.2678492303909177,0.4440540724687921,1.6652690969036306,0.0931775989586875,0.0931775989586875,0.9,0.3996486652219129,0.3319993010999605
0.50616668460876,0.0017846242985546,97.11926651657174,-5.101047445433292,0.1202578430924819,0.6625392655052341,0.0102947278117417,3,1,0.1,0.7,1,False,False,False,False,True,1e-06,True,2,0.1467458426537639,-8.561546180064378,0.7518193998396678,1.8827882393702544,1.8721992610276,0.5093445053968653,1.931515969298095,0.1467458426537639,0.1467458426537639,0.9,0.4584100548571787,0.4499960450107878
0.2505190597662198,0.0003257348618707,65.04679378572769,-2.10009628603314,1.1230402676535325,0.8976199755917903,0.0107430762685706,3,1,0.1,0.7,1,False,False,False,False,True,1e-06,True,2,0.0522672710674948,-2.545500556478564,1.4465848252624682,0.3817809444522864,0.2401002628113263,0.1140572037077403,0.7238039444452203,0.0522672710674948,0.0522672710674948,0.9,0.1026514833369662,0.6226073233384978
0.5751354944046029,0.0202451874360743,8.931419490531319,-2.474366037703537,1.4459975209177234,0.5423900758814637,0.105756454842811,3,1,0.1,0.7,1,False,False,False,False,True,1e-06,True,2,0.1436111916771152,-0.2270373094954472,1.636134004501189,1.3187544140558016,1.706846067779001,0.843691550541099,1.87158312044236,0.1436111916771152,0.1436111916771152,0.9,0.7593223954869891,1.253982407941208
0.5161972416009901,0.0004454005894516,95.29709470723208,-5.31833947198227,0.2480558048169652,0.7738742547170958,0.0104928774696265,3,1,0.1,0.7,1,False,False,False,False,True,1e-06,True,2,0.06929294603322,-5.113169781950512,1.4156393309293658,1.2580851425358708,0.8309795627958004,0.2921995969042393,1.355899868499825,0.06929294603322,0.06929294603322,0.9,0.2629796372138154,0.321338751873743
0.6290568347826343,0.0021283920790633,8.209096669699399,-8.217543608520788,3.6845141913505945,0.7894289777379143,0.1104388769744296,3,1,0.1,0.7,1,False,False,False,False,True,1e-06,True,2,0.0512051552980021,-0.2406808938990128,1.6648216613276643,0.9545478852387346,1.245130940604271,0.2667383997803967,1.6684842555625388,0.0512051552980021,0.0512051552980021,0.9,0.240064559802357,1.2014619801589583
0.4407585584569313,0.0045657284753468,29.03078100502739,-1.7873742323228288,0.2206903773855065,0.6564314638580323,0.0344158361490814,3,1,0.1,0.7,1,False,False,False,False,True,1e-06,True,2,0.2,-8.234908842131954,1.259765024042213,1.6809577733707606,1.33633166957852,0.5233882820343785,0.7499869180697852,0.2,0.2,0.9,0.4710494538309406,0.6104523793398082
0.6293340475800264,0.0012486374617652,64.38862288869342,-6.607964268982552,0.6340362451815106,0.828202197075264,0.0104980384856069,3,1,0.1,0.7,1,False,False,False,False,True,1e-06,True,2,0.0664066869352875,-2.0730943850700525,1.2619324497388948,0.5600043863550439,1.3389903167855928,0.2074346138315347,1.10076005118012,0.0664066869352875,0.0664066869352875,0.9,0.1866911524483812,0.4571313014508761
0.5224697298262265,0.0155211838699948,9.670992115335824,-2.8179495919763373,0.7077867764463484,0.8531383974984122,0.1028576033964989,3,1,0.1,0.7,1,False,False,False,False,True,1e-06,True,2,0.1446878136943529,-5.54254814288689,1.3266165624089132,1.825990499817796,1.3496534584369353,0.1721427647990266,1.6010217408426088,0.1446878136943529,0.1446878136943529,0.9,0.154928488319124,1.1613070717100105
0.4513307891178431,0.004026911148466,115.51251201498204,-1.793464317263538,0.188270334054881,0.7015948124187824,0.0050216164565958,3,1,0.1,0.7,1,False,False,False,False,True,1e-06,True,2,0.2,-9.727624896915376,0.6510572314795824,0.3893562650243427,1.4132599790265028,0.4253241077317132,0.601584615741408,0.2,0.2,0.9,0.3827916969585419,0.7042739670502504
0.5654912417061237,0.0003569267348615,96.7221579966937,-6.118797613234101,0.2345851786350066,0.7674192206817044,0.0103382840627778,3,1,0.1,0.7,1,False,False,False,False,True,1e-06,True,2,0.0652245927432897,-7.996828594582595,1.9680275562384475,1.960169977302656,1.006052734243577,0.3030687439802358,1.859334012580884,0.0652245927432897,0.0652245927432897,0.9,0.2727618695822122,0.2881944523812726
0.5534126159854075,0.0452538577270691,2.874428390817024,-2.330899459344414,2.4907482472260534,0.6377387872949097,0.3385779668933447,3,1,0.1,0.7,1,False,False,False,False,True,1e-06,True,2,0.1499984386344204,-0.2160218662365594,1.3899219488106418,1.5448720879821352,1.5444813658853276,0.5680401128519877,1.373137448851062,0.1499984386344204,0.1499984386344204,0.9,0.511236101566789,-1.861865804430152
0.4718650169817301,7.02764849799107e-05,193.58238044041136,-8.271831608217163,0.1694066056410204,0.7970524100284591,0.0051656791912006,3,1,0.1,0.7,1,False,False,False,False,True,1e-06,True,2,0.0506295413109595,-8.39921974458149,1.4141472834879667,1.6301134824916983,0.6491188565142816,0.2546226413948044,1.6988940140558602,0.0506295413109595,0.0506295413109595,0.9,0.2291603772553239,0.2555201489197227
0.3556489657765632,0.0001125536631453,91.0683974414238,-9.698794869570513,0.3086724182514754,0.8663228524953117,0.0109811957200659,3,1,0.1,0.7,1,False,False,False,False,True,1e-06,True,2,0.0513042413961501,-4.841009260467198,1.1288500566120203,1.8901038196153777,0.4010776031653735,0.1543040762686238,0.308456259919791,0.0513042413961501,0.0513042413961501,0.9,0.1388736686417614,0.4120955116172942
0.3725048046297388,0.0060677108089675,9.860730286029424,-2.4101034720847725,1.442890636725321,0.795106724288386,0.1012352500131141,3,1,0.1,0.7,1,False,False,False,False,True,1e-06,True,2,0.0950371909219865,-0.7463474267399928,1.87047492911903,1.4780042663208228,0.4938764705457016,0.2576927970204148,1.4549793308415386,0.0950371909219865,0.0950371909219865,0.9,0.2319235173183733,0.9169291944573716
0.2294722935442224,0.0004422854098708,195.7057367211048,-2.1536735846145,0.0927068001854663,0.6736183426832157,0.0050056737344729,3,1,0.1,0.7,1,False,False,False,False,True,1e-06,True,2,0.1282616651543058,-8.83948360283674,0.6370312626388807,0.7010824423961619,0.2758666693014089,0.4845201453640827,0.5960894219121949,0.1282616651543058,0.1282616651543058,0.9,0.4360681308276745,0.4051126606950485
0.6724236288435111,0.0003088230991044,71.47157908313508,-8.801636120140614,0.5047945686421124,0.8553613289416307,0.0110507471895336,3,1,0.1,0.7,1,False,False,False,False,True,1e-06,True,2,0.0502945785434049,-8.261937351299533,1.517509513853011,0.8592780591248559,1.5084930297734624,0.1690965749379105,0.94264689592245,0.0502945785434049,0.0502945785434049,0.9,0.1521869174441194,0.3607113349971997
0.224819644389016,0.000363854210386,92.32144258420028,-3.002091926537476,0.2592303698653706,0.7202198279658472,0.0108311800479701,3,1,0.1,0.7,1,False,False,False,False,True,1e-06,True,2,0.0820465527083249,-1.5555658558528336,1.624220871395688,1.998403678132161,0.2287695827548668,0.3884649674591018,1.8260252170895284,0.0820465527083249,0.0820465527083249,0.9,0.3496184707131917,0.3393255970296672
0.3136808002042922,0.0018442708580695,78.50848190245573,-0.9343777903489008,0.2576209228999424,0.748472333821648,0.0106096271966892,3,1,0.1,0.7,1,False,False,False,False,True,1e-06,True,2,0.124101377324598,-7.738491483875661,1.5249424014798796,0.6747973229245425,0.4049690586561388,0.3360547274928239,0.5289005534633507,0.124101377324598,0.124101377324598,0.9,0.3024492547435415,0.5181156021874479
0.5032104492789266,0.0002650835142515,86.42817711588475,-5.600471129853903,0.3830682534072985,0.8402275158155721,0.0103377099412608,3,1,0.1,0.7,1,False,False,False,False,True,1e-06,True,2,0.0549450887051792,-4.347634129924489,1.2512609449656598,0.8258270395767368,0.7413388137288568,0.1901538347376586,0.7142988595093666,0.0549450887051792,0.0549450887051792,0.9,0.1711384512638928,0.36837886451918
0.517301863412673,0.0044547855520277,66.44954573824296,-3.683032607877118,0.3279964398833334,0.8138636287850587,0.0100917536252996,3,1,0.1,0.7,1,False,False,False,False,True,1e-06,True,2,0.1244783988356514,-5.722868620421476,0.6044102264338602,0.5144320962167855,1.1767993865928434,0.2287070765071624,1.2201505542265467,0.1244783988356514,0.1244783988356514,0.9,0.2058363688564461,0.7390337539722902
0.415088256186348,0.0012485865194744,96.84256295126032,-6.214528601827184,0.1778607951457881,0.7636950422001126,0.0103243722911556,3,1,0.1,0.7,1,False,False,False,False,True,1e-06,True,2,0.107654522899167,-8.730563320283162,0.5784535874806048,1.323880304822918,0.732182399911314,0.3094231921672837,1.520183252673049,0.107654522899167,0.107654522899167,0.9,0.2784808729505554,0.4744830767866576
0.6999796489903277,0.0003499541518335,95.61338211199109,-11.760715639601896,0.2888456778581626,0.8184324763065043,0.0104397506949358,3,1,0.1,0.7,1,False,False,False,False,True,1e-06,True,2,0.05799731564198,-7.179132579302614,0.9570835385122098,1.3212611949303534,1.8365395478219408,0.2218478969858209,1.6082191466558755,0.05799731564198,0.05799731564198,0.9,0.1996631072872388,0.3314970765279075
0.4455948743036109,0.0004514141867561,180.3174155278944,-1.642196233152484,0.0716450724523053,0.5607217948147228,0.0050451733333417,3,1,0.1,0.7,1,False,False,False,False,True,1e-06,True,2,0.1558685346563029,-1.633602838209482,1.3367088480253932,1.0498880748667394,1.0529856590616375,0.7834156068972243,0.6538843502155932,0.1558685346563029,0.1558685346563029,0.9,0.7050740462075019,0.4040373787367524
0.4603181999698984,0.0005169012725156,29.37051596050105,-16.006222152228045,1.0991727832675795,0.9025061426847468,0.0340400420700979,3,1,0.1,0.7,1,False,False,False,False,True,1e-06,True,2,0.0507870972751146,-0.7620244177409585,0.4872368444759831,1.1028441921238616,0.6303761514173433,0.1080256994431432,0.4732995876283602,0.0507870972751146,0.0507870972751146,0.9,0.0972231294988289,1.359980458324558
0.6513450310868439,0.0002808952856765,83.52840819053476,-8.65935604446777,0.3978573374608429,0.8283866156274051,0.0103208526144489,3,1,0.1,0.7,1,False,False,False,False,True,1e-06,True,2,0.0524366753309812,-4.805253286764239,1.5170522850629191,0.9536285219050398,1.38319961738108,0.207165810184678,1.310960445953936,0.0524366753309812,0.0524366753309812,0.9,0.1864492291662102,0.322540893155727
0.4145866045566056,0.0008100975248565,96.53089232384907,-3.802503502197532,0.0974921084701,0.5845224739186576,0.0103576204749859,3,1,0.1,0.7,1,False,False,False,False,True,1e-06,True,2,0.1761635516036514,-2.065634937710696,0.7164069884179541,1.6812986149785525,1.6696488538891625,0.7107982064333088,0.8261789477296559,0.1761635516036514,0.1761635516036514,0.9,0.639718385789978,0.4818112920433426
0.6794006448814447,0.0014773403263231,9.508656501010142,-16.234211488092473,2.4081614986002897,0.8284920400441816,0.1044581416326801,3,1,0.1,0.7,1,False,False,False,False,True,1e-06,True,2,0.0504723304008754,-0.1118943906959444,0.5049746370892546,1.2865659317846807,1.5961441716292109,0.2070122000769886,0.2334504959389098,0.0504723304008754,0.0504723304008754,0.9,0.1863109800692897,-0.2496147795788764
0.3348231038761636,0.0001387728182413,198.9163652649638,-5.821945289991018,0.1361315508005151,0.7554844442708867,0.0050271649559689,3,1,0.1,0.7,1,False,False,False,False,True,1e-06,True,2,0.0672758713793169,-4.346795470207009,1.1931539182360584,1.5958814968300086,0.3837482158562701,0.3236539912679391,1.081047926736072,0.0672758713793169,0.0672758713793169,0.9,0.2912885921411451,0.2889573609240148
0.5557798286363732,0.0008358096173731,198.0283977073861,-7.111575698674268,0.0868141313082986,0.7004189005601029,0.0050495757323706,3,1,0.1,0.7,1,False,False,False,False,True,1e-06,True,2,0.1140700610713513,-5.547605012855074,0.5216970153115195,1.2551445878139915,1.6293716666891411,0.4277170407599387,1.2890492253086168,0.1140700610713513,0.1140700610713513,0.9,0.3849453366839449,0.3999945196273244
0.681264611498342,0.0002711315908967,91.9457111526024,-10.577914585969822,0.2907094694003452,0.8010629767887727,0.0108750018624334,3,1,0.1,0.7,1,False,False,False,False,True,1e-06,True,2,0.055417596622715,-3.9499643061021272,1.458056351282422,1.6606184054199933,1.6310567761589552,0.2483413027134367,1.9431620700170773,0.055417596622715,0.055417596622715,0.9,0.2235071724420931,0.2952484317552222
0.4864984705526672,0.0040410084860389,68.13713967398738,-1.8888778027717985,0.2858849946509824,0.7248297560875918,0.0104241526597834,3,1,0.1,0.7,1,False,False,False,False,True,1e-06,True,2,0.1385113244668584,-6.872323898590587,1.5763196296832886,0.6274115019582676,1.0056680922473349,0.3796343094379742,0.7338691132583355,0.1385113244668584,0.1385113244668584,0.9,0.3416708784941769,0.5315881674672569
0.5398149630415647,0.0004190528735539,74.97570838099227,-13.674918429047011,0.5817692491265564,0.8749432527350411,0.0106712474039865,3,1,0.1,0.7,1,False,False,False,False,True,1e-06,True,2,0.0540109727015871,-0.6344022516966099,0.2939228660584159,0.5698691720638658,0.8791491241750365,0.1429312665410424,0.5720115953014714,0.0540109727015871,0.0540109727015871,0.9,0.1286381398869382,1.0681095413944364
0.4377307140573513,0.0049194650079054,61.849643385883816,-1.4836373535120766,0.2504983263157889,0.6479827009323403,0.0110501722147276,3,1,0.1,0.7,1,False,False,False,False,True,1e-06,True,2,0.1891804534740206,-7.579884697586566,1.2364145996952969,0.5690541012088887,1.1008240165503556,0.5432510753159997,1.241698557530502,0.1891804534740206,0.1891804534740206,0.9,0.4889259677843997,0.5632972498330931
0.3643811867400651,0.0024415604091721,9.465940779560032,-3.253532280152981,1.8248129236828283,0.8887367489693098,0.1055037410467809,3,1,0.1,0.7,1,False,False,False,False,True,1e-06,True,2,0.0678470332412817,-0.8829880567340318,1.9115152184794748,1.754579070444158,0.4305409993335579,0.1251925850480753,0.81648596045323,0.0678470332412817,0.0678470332412817,0.9,0.1126733265432677,1.57877423970836
0.5940587016522415,0.0002179445608301,93.59825163564582,-12.746581473470505,0.2645716445046791,0.8569245269184728,0.0106838290762357,3,1,0.1,0.7,1,False,False,False,False,True,1e-06,True,2,0.0547048317451739,-7.310406990677523,0.9610852843473532,1.8844882292135776,1.106998566105604,0.1669639140754101,0.3164807212635608,0.0547048317451739,0.0547048317451739,0.9,0.1502675226678691,0.4002900458505437
0.5234479089911565,0.0017320161632417,95.91148865422409,-4.669440775497667,0.1610004559506793,0.6976553641649819,0.0104251362161919,3,1,0.1,0.7,1,False,False,False,False,True,1e-06,True,2,0.1216946737747785,-3.267974796269049,0.769531126985015,1.1488453971225778,1.2842364030814324,0.4333724806902215,1.9145157722289945,0.1216946737747785,0.1216946737747785,0.9,0.3900352326211994,0.4403404684329745
0.5832324713365954,0.0005920267324137,27.88316386279699,-8.020837888880168,0.9997730051854504,0.8736210051219431,0.0344271317082462,3,1,0.1,0.7,1,False,False,False,False,True,1e-06,True,2,0.0511821032801796,-1.319166223594756,1.1866724589005748,1.0504829026488496,1.0221862298832456,0.1446611220851042,0.7782370818040001,0.0511821032801796,0.0511821032801796,0.9,0.1301950098765938,0.5534186106782124
0.4621420590451062,0.0019739372775931,95.31734540387292,-5.198409177640581,0.1139852688986252,0.7941681332984036,0.0104886617115027,3,1,0.1,0.7,1,False,False,False,False,True,1e-06,True,2,0.1449047541919972,-2.93538460644358,0.3431679666287146,1.5501845485050432,1.4611316415619966,0.2591792066079492,1.7771273772555305,0.1449047541919972,0.1449047541919972,0.9,0.2332612859471543,0.869630832880201
0.2491492023031167,0.0125387626331903,9.205712715361212,-1.3507232192466276,0.8067341745716187,0.8969730495023864,0.108354345174077,3,1,0.1,0.7,1,False,False,False,False,True,1e-06,True,2,0.1644756052392585,-1.2893086956841788,1.1261710275170536,0.9868371487550454,0.3453923146316106,0.1148606979382153,1.965792991144999,0.1644756052392585,0.1644756052392585,0.9,0.1033746281443938,-14.429134735337303
0.386760988268333,0.0160140065790319,9.17721439348544,-1.3942394215353986,0.6880043782004936,0.7883516350419664,0.1086278220405843,3,1,0.1,0.7,1,False,False,False,False,True,1e-06,True,2,0.1758754756398179,-4.379083195130315,1.720866822430078,1.6680631588728447,0.7285577146228397,0.2684694945127715,1.9274643357668395,0.1758754756398179,0.1758754756398179,0.9,0.2416225450614944,0.9771614670681702
0.4241098156654419,0.0017439504319016,96.54526258199192,-6.967124287469071,0.1474167077988774,0.6888072198952166,0.0103551929094674,3,1,0.1,0.7,1,False,False,False,False,True,1e-06,True,2,0.1325644985419866,-9.006438153730192,0.7805154494892552,1.978433740412052,1.0979506662135918,0.4517850149017353,1.0386041019864378,0.1325644985419866,0.1325644985419866,0.9,0.4066065134115618,0.4403341465585827
0.4033122341055703,0.000446175512753,191.5951167410001,-4.459834391282512,0.1039526547491494,0.6736076722388767,0.0052192303522162,3,1,0.1,0.7,1,False,False,False,False,True,1e-06,True,2,0.09839667408965,-5.064708273905624,1.20306412420573,1.5422511667232277,0.6061118528394777,0.4845436612624821,1.83775796751176,0.09839667408965,0.09839667408965,0.9,0.4360892951362339,0.3140597948394707
0.613086442115984,0.0014751838459162,89.6757936945468,-3.725668956125281,0.1372958478262963,0.6914272557476407,0.0108975659657127,3,1,0.1,0.7,1,False,False,False,False,True,1e-06,True,2,0.1171894642759646,-4.495437240835104,1.3248261636810523,1.557724437672556,1.809342368820302,0.446283743788346,0.5898016195629241,0.1171894642759646,0.1171894642759646,0.9,0.4016553694095114,0.403339083618667
0.5420963573918673,9.900475554656088e-05,193.55446494607023,-13.117427102436402,0.1932296668161275,0.8804139705167716,0.0051663547888598,3,1,0.1,0.7,1,False,False,False,False,True,1e-06,True,2,0.050312657453782,-1.7767798721876478,0.313412193848829,0.9403943292788594,0.8714661781708032,0.135829318352406,1.8189788951082344,0.050312657453782,0.050312657453782,0.9,0.1222463865171654,0.531534127371612
0.5062722563207974,0.0010272678042313,90.93357106964034,-2.476731420451687,0.1634517047725471,0.7268126788330277,0.0109961511335711,3,1,0.1,0.7,1,False,False,False,False,True,1e-06,True,2,0.1018164101333056,-8.26528996819749,1.9200798037659768,1.5194576938161375,0.9071243605867518,0.3758703296227615,0.584709316229674,0.1018164101333056,0.1018164101333056,0.9,0.3382832966604854,0.385326621040215
0.4271014008076491,0.0010783054243286,92.67648249851982,-6.731947258410141,0.2027981730545641,0.8189283589260964,0.0107884651539615,3,1,0.1,0.7,1,False,False,False,False,True,1e-06,True,2,0.0956272471563527,-6.043558988700823,0.464481241349305,1.2159984227430116,0.7057348751317631,0.2211080360086105,1.6751448914012277,0.0956272471563527,0.0956272471563527,0.9,0.1989972324077494,0.5688247106762104
0.6300745713607738,0.0002502480188109,85.68002000568062,-10.603643235157248,0.4694127660394792,0.7383219455165534,0.0106501654681968,3,1,0.1,0.7,1,False,False,False,False,True,1e-06,True,2,0.0510361128874307,-0.305930722992203,1.165718679710616,0.9387122884617352,1.2577920614320666,0.3544226960507973,1.954446083349552,0.0510361128874307,0.0510361128874307,0.9,0.3189804264457176,0.3684668397076681
0.4684516829275593,0.0003021289602462,94.13221194614252,-4.930469266458762,0.2729931152652476,0.7827153603241009,0.0106228153527861,3,1,0.1,0.7,1,False,False,False,False,True,1e-06,True,2,0.0629459849530757,-7.064971437913137,1.7341626002630282,1.4882261814048758,0.6623920960274245,0.2776036483887674,1.7664146283157145,0.0629459849530757,0.0629459849530757,0.9,0.2498432835498906,0.2992995822832534
0.5243703325590102,0.0067727713012531,64.38269426547309,-1.986140418171411,0.2293094758243061,0.8666389771419939,0.0100408697659158,3,1,0.1,0.7,1,False,False,False,False,True,1e-06,True,2,0.1719854099525126,-1.939806838797585,1.7615392024426662,0.6609456840951857,1.5473296452228558,0.1538830197757833,0.1965464507307256,0.1719854099525126,0.1719854099525126,0.9,0.138494717798205,3.0427047801929152
0.3560309411253106,0.0121492266035641,9.487995964914829,-2.603066568773947,0.934455946762621,0.8020943286301676,0.1048878463689772,3,1,0.1,0.7,1,False,False,False,False,True,1e-06,True,2,0.1388843485986418,-1.4052512756338975,1.4027551743172495,1.9707607780130352,0.5859281265823466,0.2467361559678643,1.951036682531628,0.1388843485986418,0.1388843485986418,0.9,0.2220625403710778,1.1707081503909331
0.258891977891027,0.0018748678423323,29.44194964289258,-2.355143804095783,0.4026706460298256,0.8707844835357992,0.033982786645301,3,1,0.1,0.7,1,False,False,False,False,True,1e-06,True,2,0.1066072500529412,-2.9489068410881867,1.0168876770348236,1.2804399511585878,0.2966941237788244,0.1483897783060216,0.286329959390358,0.1066072500529412,0.1066072500529412,0.9,0.1335508004754195,1.0907742041497108
0.5563361916011953,0.0004191639400549,99.48179996368134,-5.723344099105081,0.2517802223794828,0.7116033388568587,0.010051510989063,3,1,0.1,0.7,1,False,False,False,False,True,1e-06,True,2,0.06820360471659,-0.6218279930384742,1.6685534656634469,1.4648483299402753,0.9808662735574412,0.4052772737216642,1.6293090914372077,0.06820360471659,0.06820360471659,0.9,0.3647495463494978,0.3242444089130288
0.3139929152895837,0.0043125362569163,116.174473003627,-1.2799133379789798,0.3177688217815068,0.741106992796557,0.0050150217660856,3,1,0.1,0.7,1,False,False,False,False,True,1e-06,True,2,0.1613794002229733,-8.723507678681951,0.8941642863278216,0.2748467965741639,0.4737001399311958,0.3493328355012733,0.9886705515575468,0.1613794002229733,0.1613794002229733,0.9,0.314399551951146,0.658199809576416
0.651908216436129,0.0009760854351618,72.51440361334778,-5.389206398027794,0.3559241460284446,0.8332137182027914,0.0110073214024076,3,1,0.1,0.7,1,False,False,False,False,True,1e-06,True,2,0.0714464303653578,-4.907232447739873,1.965978923047644,0.9868708978175216,1.5130973577515263,0.2001722705153725,0.4320657717341362,0.0714464303653578,0.0714464303653578,0.9,0.1801550434638352,0.4619724425823389
0.6756470936571896,0.0002270912391837,193.90969736323248,-12.897583013018243,0.1377927529265326,0.763802383633105,0.0051568724370145,3,1,0.1,0.7,1,False,False,False,False,True,1e-06,True,2,0.0636000126338776,-3.970489050563409,1.0275530411997726,1.9379005153391,1.7327067156848748,0.3092391715817859,1.9243603916354457,0.0636000126338776,0.0636000126338776,0.9,0.2783152544236073,0.2839756721172977
0.3862352205401533,0.0013848770376041,95.78964445299856,-3.771266034032742,0.1255009047898883,0.6213384042743422,0.0104379652692284,3,1,0.1,0.7,1,False,False,False,False,True,1e-06,True,2,0.1540190799966837,-4.6915068434435785,0.9600500601240592,1.723362650923007,0.8776841215008012,0.6094289249155534,1.4780871928824373,0.1540190799966837,0.1540190799966837,0.9,0.5484860324239981,0.4299045116165335
0.3155701263419327,0.0037863554297929,65.63358462711022,-0.9616043616031448,0.2541534637999078,0.6395748018657811,0.0105847165615106,3,1,0.1,0.7,1,False,False,False,False,True,1e-06,True,2,0.2,-7.041904642415229,1.2025345969524175,0.4729236567499253,0.5626689372313218,0.5635387715131661,1.2716466826306654,0.2,0.2,0.9,0.5071848943618495,0.5843504398227621
0.7071379118036224,0.0002386103250519,97.00335155003825,-11.613569323869378,0.295442821285544,0.8025711405959133,0.0103080479766447,3,1,0.1,0.7,1,False,False,False,False,True,1e-06,True,2,0.0533263438037142,-2.209617088345687,1.3221039630937834,1.4975837282534847,1.834974205603248,0.2459954631031149,1.85867873455317,0.0533263438037142,0.0533263438037142,0.9,0.2213959167928034,0.2994855721669074
0.4504035503760306,0.0003976550365869,90.43238778959204,-3.4761556938105937,0.2476987883558744,0.8142474282271428,0.0110569635812029,3,1,0.1,0.7,1,False,False,False,False,True,1e-06,True,2,0.0689253050827116,-2.056803575429633,1.906051023667472,1.4335418178267654,0.6208172070903892,0.2281279195161788,0.3058020628601339,0.0689253050827116,0.0689253050827116,0.9,0.2053151275645609,0.4349521156205331
0.7134202771233421,0.0001680894973129,188.01836981947824,-10.988842684905896,0.1503897543051714,0.786777059291283,0.0050792080712298,3,1,0.1,0.7,1,False,False,False,False,True,1e-06,True,2,0.0572763952394562,-9.93746018013997,1.1108560571994843,1.3066919802696493,1.9447637679394607,0.2710080806128039,1.302315086303963,0.0572763952394562,0.0572763952394562,0.9,0.2439072725515235,0.2744591875327365
0.6992816848122787,0.0018505119920279,9.0814766103237,-8.57041697399485,2.340452407332524,0.8636143349898526,0.1095569781707707,3,1,0.1,0.7,1,False,False,False,False,True,1e-06,True,2,0.0524476266131417,-0.7348002528304178,1.9400462635018745,1.6091152896138292,1.7318381963890022,0.1579242718472822,1.7860917301771195,0.0524476266131417,0.0524476266131417,0.9,0.142131844662554,0.7016995109520369
0.5327856655567131,0.0006950991154023,95.77477106036692,-19.365475077104204,0.3193330168436126,0.861332747131733,0.0104374929180187,3,1,0.1,0.7,1,False,False,False,False,True,1e-06,True,2,0.0690373880108408,-9.30336956888798,0.4784030260125548,1.8749677267062488,1.0411545746485826,0.1609915022156461,1.103665886538772,0.0690373880108408,0.0690373880108408,0.9,0.1448923519940815,0.5219209156944784
0.6021533117883411,0.0056230020668185,59.50759547790045,-4.032696547794449,0.534224305998374,0.8107525652240658,0.0102903796110651,3,1,0.1,0.7,1,False,False,False,False,True,1e-06,True,2,0.1086021666068612,-8.170958413910288,1.0522275969605213,0.4671906621247956,1.5673818548026937,0.2334219377075079,1.8129396865841785,0.1086021666068612,0.1086021666068612,0.9,0.2100797439367571,0.6085125608069247
0.5349992075485289,0.0004002388857431,29.76163503964284,-6.596672237613507,0.8205402683015789,0.871780323929431,0.0335842892834904,3,1,0.1,0.7,1,False,False,False,False,True,1e-06,True,2,0.0501217876197849,-6.442420443015305,1.922396053097272,1.883971077324201,0.8330839266755906,0.1470779651146935,1.0897144192813666,0.0501217876197849,0.0501217876197849,0.9,0.1323701686032241,0.4127381366135808
0.1797545295527343,0.0009489096644706,96.22686672477693,-8.575618727491692,0.1848537276467985,0.7696258621070896,0.0103884800910964,3,1,0.1,0.7,1,False,False,False,False,True,1e-06,True,2,0.1208624601508137,-5.904679507178978,0.516684901047809,1.484719628315401,0.2653192791412483,0.2993326358111065,0.4710945415921436,0.1208624601508137,0.1208624601508137,0.9,0.2693993722299958,0.5631444127113461
0.3154827328849722,0.0018561651770966,70.2092071607081,-1.920641309296306,0.4188541972100874,0.7553614943610693,0.0109438168074183,3,1,0.1,0.7,1,False,False,False,False,True,1e-06,True,2,0.1034119172934037,-8.387659193266211,1.4513235688002253,0.4838845342909731,0.3920088346111799,0.323869441936355,1.866306801736136,0.1034119172934037,0.1034119172934037,0.9,0.2914824977427195,0.4394418293108572
0.6891799428707082,0.000219726582269,90.10667331644852,-10.15088414723196,0.3501552553896664,0.8234482975631007,0.0102013147912531,3,1,0.1,0.7,1,False,False,False,False,True,1e-06,True,2,0.050676682572891,-9.369517724494054,1.608145643599689,1.164425068582422,1.643493342752513,0.2144053281297482,1.7603943622726206,0.050676682572891,0.050676682572891,0.9,0.1929647953167734,0.2944642060276016
0.2803484261030344,0.0049851309531995,109.14209809337588,-1.1110007770367123,0.5004917274267541,0.7560585497931676,0.0051783678636998,3,1,0.1,0.7,1,False,False,False,False,True,1e-06,True,2,0.144518698384444,-1.621282228991717,1.1257718448556548,0.234148239233523,0.3704457894267551,0.3226488878058011,0.7792725889309313,0.144518698384444,0.144518698384444,0.9,0.290383999025221,0.8185824786981428
0.5034756591997263,0.0036421326891079,65.08564558788146,-3.5262260250343864,0.5565366061420829,0.681639863041906,0.0100607824972397,3,1,0.1,0.7,1,False,False,False,False,True,1e-06,True,2,0.1046453778332015,-0.4655464978965931,1.004671863850828,0.4539748865032602,0.9426462832365188,0.4670503505140834,1.0527481135639036,0.1046453778332015,0.1046453778332015,0.9,0.420345315462675,0.6336714943740896
0.4749763926068554,0.0001978699953766,91.8159028530766,-5.478477161102771,0.268269810623886,0.8122127590388623,0.0108907213244106,3,1,0.1,0.7,1,False,False,False,False,True,1e-06,True,2,0.0567992680549674,-4.792517997939349,1.731896533548866,1.833510949029284,0.6656014509573713,0.2312044952154617,0.8199619864038973,0.0567992680549674,0.0567992680549674,0.9,0.2080840456939155,0.3188083362096974
0.6645252102858346,0.000734717849969,76.42326508347394,-6.784483452192426,0.2838290174839934,0.8685191815928653,0.0106380825438898,3,1,0.1,0.7,1,False,False,False,False,True,1e-06,True,2,0.0692665589027134,-3.258156711212605,1.33532749548823,1.0578233388963247,1.604009357267508,0.1513850484752664,0.1794268366592886,0.0692665589027134,0.0692665589027134,0.9,0.1362465436277398,0.6128883922839733
0.4871145617870774,0.0007789263950579,188.3404434230336,-3.848680067206726,0.0927614971770187,0.642684256460518,0.0050267883815528,3,1,0.1,0.7,1,False,False,False,False,True,1e-06,True,2,0.120882291823592,-2.9636747160832595,0.8814950887391482,0.9692185279649612,1.0233785302568206,0.5559740104843114,1.1478105253792044,0.120882291823592,0.120882291823592,0.9,0.5003766094358802,0.3650908441744988
0.6449413514797474,0.0045888018292806,26.45021210917796,-4.194569595946499,0.5602921878975158,0.7799882035583575,0.0334420155537327,3,1,0.1,0.7,1,False,False,False,False,True,1e-06,True,2,0.0995340535073457,-4.988541677612012,1.669258111957176,1.194993634536912,1.803567575703397,0.2820706716305892,1.591884243120733,0.0995340535073457,0.0995340535073457,0.9,0.2538636044675302,0.4868403712028907
0.5125436582923814,0.0046599276680175,61.93448416078312,-2.5442072441312007,0.4438650079957961,0.7514012455870686,0.0108193151116141,3,1,0.1,0.7,1,False,False,False,False,True,1e-06,True,2,0.1182734467175662,-9.294839377931671,1.9520526462443129,0.5265281008077248,1.0393297692790853,0.3308468755846973,1.2766093607089577,0.1182734467175662,0.1182734467175662,0.9,0.2977621880262275,0.4947904528100942
0.5765336312449463,0.0032833062243571,9.072441096742397,-5.151194458545117,1.8474531062528905,0.90182233177743,0.1098860848779422,3,1,0.1,0.7,1,False,False,False,False,True,1e-06,True,2,0.064829742931032,-3.274480725645824,1.961792301939383,1.4670647133767711,1.0423034692981212,0.1088658649970095,1.8605872479353287,0.064829742931032,0.064829742931032,0.9,0.0979792784973085,0.8071135063909136
0.0908843603296743,3.3536290185415694e-05,191.74502584431784,-1.1888287928839592,0.0740848177304506,0.5621139268463813,0.0052151129894946,3,1,0.1,0.7,1,False,False,False,False,True,1e-06,True,2,0.1761985270615103,-4.594283314672297,0.8342668030899308,1.056486136914503,0.1033013875497378,0.7789987976463845,1.0651933941980896,0.1761985270615103,0.1761985270615103,0.9,0.701098917881746,0.423220403256507
0.6049368125986992,0.0175499567932857,2.9467152409123103,-5.057485397249556,4.0587295959832845,0.6131798945007283,0.3404069592569783,3,1,0.1,0.7,1,False,False,False,False,True,1e-06,True,2,0.0900119790339585,-0.0883973229950658,1.4441794657216327,1.970232918571704,1.393087673208194,0.6308427738228984,0.5691781657968878,0.0900119790339585,0.0900119790339585,0.9,0.5677584964406086,-0.3789019764638208
0.5144320434703691,0.0054595493566026,20.931964527849825,-3.6678603529253024,2.735956983707698,0.5529196469520249,0.0335749333372889,3,1,0.1,0.7,1,False,False,False,False,True,1e-06,True,2,0.0780124252206901,-0.0980330234341764,1.8431968579763311,0.5505549547027229,0.8537930113813276,0.8085810578671059,0.5015925224257451,0.0780124252206901,0.0780124252206901,0.9,0.7277229520803953,11.019302495814948
0.6755612497771388,0.0004540622675052,88.4753822480574,-8.051697405724784,0.2440117522335477,0.813610926740605,0.0108129783838461,3,1,0.1,0.7,1,False,False,False,False,True,1e-06,True,2,0.0646621160615313,-6.695972813468231,1.124693997624932,1.3279493030750813,1.6648509806623228,0.2290887046048972,0.5658450254354664,0.0646621160615313,0.0646621160615313,0.9,0.2061798341444074,0.3621875347774372
0.370609430290391,0.000981028333269,165.56283993944314,-1.6588145195246102,0.1364507973825425,0.6408345471276512,0.0050474160973327,3,1,0.1,0.7,1,False,False,False,False,True,1e-06,True,2,0.1262171818007586,-6.757066970692565,1.555172323610505,0.6453276102697479,0.5598013881237924,0.5604651847847472,1.4288262969121324,0.1262171818007586,0.1262171818007586,0.9,0.5044186663062724,0.3635338574010234
0.6272702203087656,0.0027382286758611,9.13191882776202,-12.979279481977615,2.5971381799596034,0.822996513077294,0.1086196864226061,3,1,0.1,0.7,1,False,False,False,False,True,1e-06,True,2,0.0574907547515929,-0.3029513072328171,0.8635112010238193,1.7314973890629808,1.3076286978665153,0.21507197674613,1.1167486250211758,0.0574907547515929,0.0574907547515929,0.9,0.193564779071517,2.7607541020054844
0.5533318448528868,0.0070146163944007,9.297959701619286,-3.4712245466421687,1.125536759479243,0.890149356186564,0.1071453352483511,3,1,0.1,0.7,1,False,False,False,False,True,1e-06,True,2,0.0919138690962292,-3.9108984247492407,1.939586811945512,1.8723736361323933,1.072370210699828,0.1234069800196683,1.0634960138734335,0.0919138690962292,0.0919138690962292,0.9,0.1110662820177014,1.033548725247587
0.4248260099638639,0.0132330465711171,9.928455923799964,-1.620127109738991,0.7308660273247365,0.813230109368385,0.1004551627387746,3,1,0.1,0.7,1,False,False,False,False,True,1e-06,True,2,0.1502314146599824,-5.167113086646388,1.8037566722394065,1.640849926776475,0.7797801131808517,0.2296642592053981,1.4776897275400744,0.1502314146599824,0.1502314146599824,0.9,0.2066978332848583,0.9209554613453624
0.5201876693917865,0.0001348001640691,197.76379957679373,-5.263695542929426,0.1347048801395762,0.7745509451452145,0.0050564675279244,3,1,0.1,0.7,1,False,False,False,False,True,1e-06,True,2,0.0602194159600322,-8.385119362521916,1.5269390471858255,1.2857775499149515,0.8094875540533709,0.291070660061641,0.934315595520354,0.0602194159600322,0.0602194159600322,0.9,0.261963594055477,0.2738659553138568
0.2850346176734749,0.0002666905887967,197.204916432506,-3.691898038725422,0.0583179766787661,0.6938776615474335,0.0050705217228984,3,1,0.1,0.7,1,False,False,False,False,True,1e-06,True,2,0.1655259890177,-5.711260480736363,0.2804560569676722,1.0026762725555771,0.6234066597345364,0.4411762410247875,0.9933451576071476,0.1655259890177,0.1655259890177,0.9,0.3970586169223087,0.5787377058209924
0.5917873838845604,0.0770130821231588,96.56723706759254,-1.4236217972656091,2.574507106437186,0.6914676001602047,0.0052091674110309,3,1,0.1,0.7,1,False,False,False,False,True,1e-06,True,2,0.175400907348223,-0.1084697426621001,1.5199933663770375,0.1303620296599939,1.991389048193965,0.4461993588250729,1.5465497706551108,0.175400907348223,0.175400907348223,0.9,0.4015794229425656,-0.216650058197545
0.6771626588362195,0.0003953162804948,98.82962940081596,-15.5239896881981,0.2951665922796321,0.8170674101766298,0.0101169334179226,3,1,0.1,0.7,1,False,False,False,False,True,1e-06,True,2,0.059625956139904,-1.6177054583293753,0.6510389524057639,1.5579514291853094,1.712665049128975,0.2238892257174041,1.3541243065491664,0.059625956139904,0.059625956139904,0.9,0.2015003031456637,0.3901792446501743
0.6915280160328008,0.0003905484716499,87.26720987296488,-18.710036489473005,0.4265453172055431,0.8408310237159523,0.0109501087368584,3,1,0.1,0.7,1,False,False,False,False,True,1e-06,True,2,0.0543329802600945,-0.6202682451732251,0.3415364764696512,0.9733606474387078,1.7709336790064658,0.1892995997942837,0.6902819129034908,0.0543329802600945,0.0543329802600945,0.9,0.1703696398148553,0.635357587802415
0.5883330584198517,0.0147134260314956,9.228821318059005,-2.714045301639839,1.11388669178023,0.7090105966505481,0.1077980443083836,3,1,0.1,0.7,1,False,False,False,False,True,1e-06,True,2,0.1249670666457073,-0.5566259617747953,1.8646264513006183,1.539234607261477,1.562719795517486,0.4104161555893817,1.3800505819264357,0.1249670666457073,0.1249670666457073,0.9,0.3693745400304435,0.9480795197292304
0.2298292172973072,0.0001473524239183,81.19550690942575,-1.7456400307331912,0.5756470357197062,0.8603405419517366,0.0110664741614068,3,1,0.1,0.7,1,False,False,False,False,True,1e-06,True,2,0.0523142100022743,-6.481901083062416,1.2063277710700762,0.5597180370143493,0.2140752982097724,0.1623304392135668,0.9843504998375074,0.0523142100022743,0.0523142100022743,0.9,0.1460973952922101,0.3941821984724286
0.6136444512464085,0.0003749418342588,187.9538915439268,-6.445773764087246,0.1020139139362718,0.7072660176719571,0.0050034973870434,3,1,0.1,0.7,1,False,False,False,False,True,1e-06,True,2,0.0819955957895715,-0.5404906710875892,0.8955371027304659,1.305981368426476,1.3962171467332012,0.4138951611044577,0.1643277660964684,0.0819955957895715,0.0819955957895715,0.9,0.3725056449940119,0.4421735382975926
0.4222401598405344,0.0110184899790575,9.899615321551694,-2.66512104027829,0.8776818553895489,0.8743752111685491,0.1006730681122234,3,1,0.1,0.7,1,False,False,False,False,True,1e-06,True,2,0.1257367533278318,-3.01538467505069,1.275044922268118,1.4973475719781504,0.7301775706809364,0.1436737766885694,1.4846659461569731,0.1257367533278318,0.1257367533278318,0.9,0.1293063990197125,1.4101624285879248
0.3187883277488503,0.0001556204613611,193.86689548764508,-7.365242959973146,0.1434326616446482,0.7766854020154308,0.0051580838985283,3,1,0.1,0.7,1,False,False,False,False,True,1e-06,True,2,0.0685399467382136,-5.165416638224927,0.7701863434148439,1.1908810309631366,0.3614413765132677,0.2875225894616885,0.7412536981442797,0.0685399467382136,0.0685399467382136,0.9,0.2587703305155197,0.321770562630067
0.7101939902801302,0.0001889627689967,97.68248184119078,-14.976752969120176,0.2616194411479569,0.8646832003523164,0.0102369861281693,3,1,0.1,0.7,1,False,False,False,False,True,1e-06,True,2,0.0512488727233539,-7.272197065059939,0.8667287963557635,1.8630518606186428,1.8636612106025896,0.1564929208669123,0.2946284008688694,0.0512488727233539,0.0512488727233539,0.9,0.140843628780221,0.3965919636588853
0.6419993780682004,0.0004204431659821,151.45894990114022,-6.506965023874646,0.1620655789572668,0.7886900135137344,0.0052005169954461,3,1,0.1,0.7,1,False,False,False,False,True,1e-06,True,2,0.0716791105486217,-1.1039379283258306,1.0148273422336018,0.917442078479052,1.46499321748281,0.2679252721165409,0.1930895030518374,0.0716791105486217,0.0716791105486217,0.9,0.2411327449048868,0.4477144983985986
0.6106687173888232,0.0008324576230918,118.93502274210846,-6.479342591840569,0.4674467722202315,0.9019029028952562,0.0050700605872958,3,1,0.1,0.7,1,False,False,False,False,True,1e-06,True,2,0.0639745151424115,-4.200279864018597,1.03615230551646,0.4344633986337189,1.207533860471382,0.1087668049297058,0.2374176774901064,0.0639745151424115,0.0639745151424115,0.9,0.0978901244367353,0.7583494715149925
0.1488196136245373,6.517796356775917e-05,192.38969601390465,-1.8609675679982725,0.149859553963827,0.7625222651796503,0.0051977476328416,3,1,0.1,0.7,1,False,False,False,False,True,1e-06,True,2,0.0665414297952667,-6.658793041586945,1.339902230129376,1.4834409764658818,0.1294725268082533,0.3114371155633074,1.057276682157471,0.0665414297952667,0.0665414297952667,0.9,0.2802934040069767,0.2894894976330106
0.3852607394670438,0.0004541046123392,91.72409017082514,-15.438654963770997,0.3794656019123562,0.8968367651067005,0.0108997556369997,3,1,0.1,0.7,1,False,False,False,False,True,1e-06,True,2,0.064374939540188,-0.5083597957227877,0.1693346192236017,0.7106095549843269,0.5006903492756947,0.1150301135134951,0.4684061161413994,0.064374939540188,0.064374939540188,0.9,0.1035271021621456,-6.186586891959733
0.448503440811092,0.0048854852288051,115.94147078841016,-1.395835281087608,0.2325438276749611,0.71520386805068,0.0050625371138024,3,1,0.1,0.7,1,False,False,False,False,True,1e-06,True,2,0.1808235117669279,-3.357478373058872,1.3030698061378172,0.394172773199824,1.0603195782003865,0.398202728860436,0.4083905248781194,0.1808235117669279,0.1808235117669279,0.9,0.3583824559743924,0.7342268611323265
0.4836700154870075,0.0082601840821538,2.865937710785444,-5.56747489437916,5.933772170063033,0.7612822019958477,0.3462709019304448,3,1,0.1,0.7,1,False,False,False,False,True,1e-06,True,2,0.0664072181908966,-0.1355202604088585,1.5607939571216032,1.224002782557023,0.7157638445294118,0.3135733337497023,1.025533540311926,0.0664072181908966,0.0664072181908966,0.9,0.2822160003747321,-0.4943832849798303
0.5091663502434695,0.0197080945199431,101.49770443124854,-1.7820346696756555,0.7795631277074033,0.6268489074845714,0.0051521209408561,3,1,0.1,0.7,1,False,False,False,False,True,1e-06,True,2,0.1841537984790331,-0.2784390578246984,1.0319104603074607,0.2284736754883304,1.4625270124579095,0.5952807575478034,0.3498545352467586,0.1841537984790331,0.1841537984790331,0.9,0.535752681793023,-4.444538259578313
0.4327661929980986,0.00092313605704,90.76030390352886,-2.2002240979927548,0.1952491942562659,0.7271988288412541,0.0110174031846573,3,1,0.1,0.7,1,False,False,False,False,True,1e-06,True,2,0.097402132177919,-7.863661780327845,1.6095587525190835,1.1763194209648455,0.644956930922825,0.3751397284198566,0.8742723982886593,0.097402132177919,0.097402132177919,0.9,0.337625755577871,0.369235829670719
0.5257453195445926,0.0020777027920434,78.11839337354776,-1.8955078344735847,0.1339721124587183,0.6460665825159998,0.0105157838821789,3,1,0.1,0.7,1,False,False,False,False,True,1e-06,True,2,0.1652463291108104,-2.154727732520846,1.4131750580970135,1.097552535881343,1.647435150697422,0.5478280831453389,0.3542579099972939,0.1652463291108104,0.1652463291108104,0.9,0.493045274830805,0.542883250826124
0.4927642476683365,0.0004106366289871,93.45276890677115,-4.084000116288885,0.2561088380250453,0.7923640290148546,0.010699879245059,3,1,0.1,0.7,1,False,False,False,False,True,1e-06,True,2,0.0678291260848705,-2.49899294257332,1.4591193430737426,1.1171527705010944,0.74057498396829,0.2620461850638261,0.6194296443828305,0.0678291260848705,0.0678291260848705,0.9,0.2358415665574435,0.3644196574971742
0.7070295386848445,0.0003564180901984,85.48083865530434,-15.446348020266177,0.3817114508358972,0.8879203345168236,0.0110976460269467,3,1,0.1,0.7,1,False,False,False,False,True,1e-06,True,2,0.0537369828472792,-1.096973356348908,0.3547438761213217,1.082105196325452,1.8761811418140064,0.1262271637738382,1.6705901455663723,0.0537369828472792,0.0537369828472792,0.9,0.1136044473964543,0.7835266617924413
0.5119789307936156,0.001750224685966,92.15898574939146,-4.764726894632976,0.1038052590708353,0.7325042329300233,0.010855412173563,3,1,0.1,0.7,1,False,False,False,False,True,1e-06,True,2,0.1497461529787863,-2.632764395287209,0.4959378128528001,1.4275207177816909,1.947382794643445,0.365179824285781,0.1642425039853719,0.1497461529787863,0.1497461529787863,0.9,0.3286618418572029,0.6630851821945501
0.4872723402758824,0.0085369024259503,9.32141121621204,-2.890311820787554,1.0992641422944998,0.8686902516179569,0.1069881087556594,3,1,0.1,0.7,1,False,False,False,False,True,1e-06,True,2,0.1028717163875103,-8.60094771355114,1.836642648285891,1.7332578401807994,0.8530255054776799,0.1511583077368205,1.8773526134149856,0.1028717163875103,0.1028717163875103,0.9,0.1360424769631385,0.850743563520319
0.3738710051220534,0.0005701424530532,192.315680775366,-3.164287367253091,0.0817565950081433,0.6349957736227351,0.0051996766169327,3,1,0.1,0.7,1,False,False,False,False,True,1e-06,True,2,0.1271134646485185,-6.140046423024403,0.9260865281968976,1.1545174241309502,0.6137151968259092,0.5748136311126412,0.9617121302353496,0.1271134646485185,0.1271134646485185,0.9,0.5173322680013771,0.3612632119900729
0.5561518877851722,0.0001530254038684,95.09742679344993,-7.244382511421337,0.3083998931288705,0.8153235959554509,0.0105148517025054,3,1,0.1,0.7,1,False,False,False,False,True,1e-06,True,2,0.0505787748567774,-1.3648658531888491,1.4110274669487015,1.292045805776371,0.9105925324662154,0.2265068801647191,0.7716953515237056,0.0505787748567774,0.0505787748567774,0.9,0.2038561921482472,0.327450410851194
0.4835646588989847,0.0018179928536614,87.91070060085259,-3.426687347313956,0.1885035226358549,0.6937272256699799,0.0106881987249418,3,1,0.1,0.7,1,False,False,False,False,True,1e-06,True,2,0.1211444852072275,-9.984024386717898,1.0517936363723526,0.936953158299607,0.977170891789614,0.4414887624371834,1.8189869944416044,0.1211444852072275,0.1211444852072275,0.9,0.397339886193465,0.4067227417467088
0.4392361265533627,0.0041048145285671,23.00259179645725,-2.8273440554263654,0.969931090856171,0.9004055813040102,0.0339029234652982,3,1,0.1,0.7,1,False,False,False,False,True,1e-06,True,2,0.0874353269623703,-7.026648096578665,1.3954114999872531,0.631061066234319,0.6381000347577167,0.1106106189965553,0.8981958838533493,0.0874353269623703,0.0874353269623703,0.9,0.0995495570968997,0.9891957244626202
0.5522723083790355,0.0005824694609549,95.06705506594813,-7.821815859928929,0.2354258721417279,0.7744739337896813,0.0105179741480478,3,1,0.1,0.7,1,False,False,False,False,True,1e-06,True,2,0.0736675357538124,-2.6417039387613688,0.9265360535066356,1.3127444341141892,1.020742965424272,0.2911990402398272,0.9966517896769274,0.0736675357538124,0.0736675357538124,0.9,0.2620791362158445,0.3612414536993796
0.5229760560682194,0.0005566438210425,193.4611748197571,-16.907692816891725,0.1619074989986133,0.5874765175200904,0.0051688097001982,3,1,0.1,0.7,1,False,False,False,False,True,1e-06,True,2,0.0867087220117828,-0.2112238424315045,0.4992105478365576,1.5502851166950502,1.1805071664902935,0.7021956966404228,0.4594393456179844,0.0867087220117828,0.0867087220117828,0.9,0.6319761269763805,0.506001331252391
0.4307458812815448,0.0026826438139806,68.56389803275397,-1.685329895379371,0.1916148450674453,0.5714806396612409,0.0106943261889062,3,1,0.1,0.7,1,False,False,False,False,True,1e-06,True,2,0.2,-1.3808754127630642,0.9644546376017228,0.6873853353336391,1.321479368787866,0.7498405555659322,1.2273175999354222,0.2,0.2,0.9,0.674856500009339,0.5784550057862677
0.5400803939406738,0.0014165203696008,86.26340557868018,-4.317758217524072,0.206872816824326,0.6880328306695294,0.0105440184587941,3,1,0.1,0.7,1,False,False,False,False,True,1e-06,True,2,0.1036993659797945,-0.820604625819561,0.9028042156706442,0.9934116950322328,1.134063897542869,0.4534190163961992,0.5888995984020775,0.1036993659797945,0.1036993659797945,0.9,0.4080771147565792,0.4608434073151394
0.6759108419754489,0.0004937876819341,92.6155742609276,-6.438646617857298,0.2157372634725543,0.7874645732441448,0.0104684126478497,3,1,0.1,0.7,1,False,False,False,False,True,1e-06,True,2,0.0686092829819541,-9.575939115699372,1.5711586533720518,1.4877963008385198,1.690312105066139,0.2698983979434983,0.7619722913303522,0.0686092829819541,0.0686092829819541,0.9,0.2429085581491485,0.3316165316465184
0.4963951473811956,0.0014482677180495,96.12864970464317,-3.412448811955278,0.125497327055121,0.6245665582852908,0.0104017585439321,3,1,0.1,0.7,1,False,False,False,False,True,1e-06,True,2,0.1390979501591505,-9.588881501318692,1.378115084549627,1.8409368238864927,1.259703001942841,0.60111038084626,1.5272235727229246,0.1390979501591505,0.1390979501591505,0.9,0.540999342761634,0.3796617344948462
0.5636010133756577,0.041573043452503,2.297221922627033,-3.037127999739936,3.5996823703295195,0.6238854400907594,0.4250246041423843,3,1,0.1,0.7,1,False,False,False,False,True,1e-06,True,2,0.1262418588246397,-0.1349859704428357,1.1909816381950509,1.4654712025815322,1.4347305661067806,0.6028583706882555,1.3398186996958303,0.1262418588246397,0.1262418588246397,0.9,0.54257253361943,-0.6088144403208209
0.4578305467790138,0.0045592017822879,29.0321969447102,-1.4719575915321332,0.2134984181076499,0.7105101418704416,0.0344130992457568,3,1,0.1,0.7,1,False,False,False,False,True,1e-06,True,2,0.1859882386688759,-7.895200853400216,1.8544843755174485,1.9203812779285472,1.1587371240134066,0.4074394453645191,0.4196048179149034,0.1859882386688759,0.1859882386688759,0.9,0.3666955008280672,0.681894346378418
0.6250775404178855,0.0014455272623393,66.5836965687031,-9.139507571179,0.4428488128288325,0.8957002481374235,0.0109932885156517,3,1,0.1,0.7,1,False,False,False,False,True,1e-06,True,2,0.0736773051881229,-5.3308779454234925,0.4235827672096511,0.6232750668700365,1.437389240426338,0.1164449290702598,0.6575810062368308,0.0736773051881229,0.0736773051881229,0.9,0.1048004361632339,0.8015337203024069
0.4722529818857218,0.0008569039491702,29.95524163399424,-7.5849638138362065,0.7198961624891278,0.8626724778560375,0.0333627381510761,3,1,0.1,0.7,1,False,False,False,False,True,1e-06,True,2,0.0623372819439318,-9.06133135162154,1.3908997140276835,1.998949360849942,0.6813224570518153,0.1591884819198785,0.9803418980916486,0.0623372819439318,0.0623372819439318,0.9,0.1432696337278906,0.4744346039964512
0.5369169632386565,0.001692484567988,79.20590355907866,-4.080654938083211,0.1865841743486694,0.7848196973241927,0.0105796021812635,3,1,0.1,0.7,1,False,False,False,False,True,1e-06,True,2,0.108973035186814,-6.749984006930818,0.7755998876087737,0.9036650231432796,1.1484294689590775,0.2741780098148083,0.2925095668890594,0.108973035186814,0.108973035186814,0.9,0.2467602088333275,0.5381118105563939
0.4732694388451932,0.0048942857958216,21.427828312376484,-4.669646789719638,1.17063289162963,0.8923995878412884,0.0340072425908627,3,1,0.1,0.7,1,False,False,False,False,True,1e-06,True,2,0.0852159735031106,-0.8645531949722347,0.6995378301337845,0.5252608052944087,0.7514974287921069,0.1205742512936349,1.0981781684890175,0.0852159735031106,0.0852159735031106,0.9,0.1085168261642714,4.338961274073197
0.1883382831794822,0.0093550757972509,9.3706091390914,-0.5028891097549918,0.5558415075284496,0.8962861147178081,0.1067118295205682,3,1,0.1,0.7,1,False,False,False,False,True,1e-06,True,2,0.2,-4.090322187030519,1.928816084317612,1.6875736692012036,0.2370527228530546,0.1157151534304933,0.905619221973596,0.2,0.2,0.9,0.104143638087444,3.3395021911030773
0.6273795887484027,0.0286758593760291,2.5343917934792093,-4.308039958613928,4.04484891490845,0.6275762522018341,0.3840393160732223,3,1,0.1,0.7,1,False,False,False,False,True,1e-06,True,2,0.1029172597083044,-0.1346104136429531,1.2204470772983798,1.714001846952398,1.7255695049871855,0.5934318682256179,1.146225377922065,0.1029172597083044,0.1029172597083044,0.9,0.5340886814030561,-0.9583172779717044
0.4462871479375601,0.0019513293792271,86.77945965957667,-1.995889421434324,0.1512330133992197,0.6105236352944917,0.0102162925733372,3,1,0.1,0.7,1,False,False,False,False,True,1e-06,True,2,0.1627535375709701,-9.769815285331216,1.298119852321285,0.9143624714584704,1.0567932290662976,0.6379382257947163,1.6323535201386068,0.1627535375709701,0.1627535375709701,0.9,0.5741444032152446,0.4290826890351576
0.5798194485419298,0.0001540115733452,99.39453642257814,-7.353615019664575,0.2939350265952956,0.8094887086136203,0.0100603222088807,3,1,0.1,0.7,1,False,False,False,False,True,1e-06,True,2,0.0507838579801243,-1.4327737970314465,1.524103947798206,1.326465578634501,1.005198120210226,0.2353476822581761,0.8929903519870854,0.0507838579801243,0.0507838579801243,0.9,0.2118129140323585,0.3138304263168791
0.602133340009142,0.0001571828188116,195.3297738437853,-5.688025503447081,0.1235764063851512,0.7724428872117926,0.0051194565623349,3,1,0.1,0.7,1,False,False,False,False,True,1e-06,True,2,0.0615859717489921,-5.712065023562784,1.7388115800928243,1.4318161561408018,1.148568813077583,0.2945940943408736,0.7090699841332541,0.0615859717489921,0.0615859717489921,0.9,0.2651346849067862,0.2809209420035942
0.6063904521285673,0.0002497362649188,93.4476537709874,-6.816047447874014,0.3038880415996668,0.8098157104724382,0.010537629308072,3,1,0.1,0.7,1,False,False,False,False,True,1e-06,True,2,0.055214048351589,-6.626289866740519,1.8353024555561448,1.217363191424469,1.142409282773675,0.2348488514956201,1.28782224013973,0.055214048351589,0.055214048351589,0.9,0.2113639663460581,0.3009982542638222
0.4715378553622056,0.0177397919605399,9.07497755832441,-2.152940531320524,0.6495872767902094,0.8377284897754739,0.1095950873333588,3,1,0.1,0.7,1,False,False,False,False,True,1e-06,True,2,0.1666673116154242,-4.9376041351488205,1.3844767498067692,1.8163677631975184,1.1509942959947213,0.1937041800596012,1.6359476677013776,0.1666673116154242,0.1666673116154242,0.9,0.1743337620536411,1.2438393531687078
0.4938977493823592,0.003330769675011,77.71070894936645,-5.491565145669356,0.1809421463987726,0.859458577715392,0.0103432177615804,3,1,0.1,0.7,1,False,False,False,False,True,1e-06,True,2,0.1360508310072513,-3.80008512865416,0.2938740217336194,0.7330260557360821,1.451245341708106,0.1635232062703875,0.4808598459081518,0.1360508310072513,0.1360508310072513,0.9,0.1471708856433487,1.2394054479520515
0.7173986034764059,0.0008504423753282,55.31305173533909,-8.963735895027565,1.2085810285283616,0.9021446894356212,0.011001296544354,3,1,0.1,0.7,1,False,False,False,False,True,1e-06,True,2,0.0505132784108965,-6.713096549219966,1.942848726031116,0.5141251400666,1.8784688604281543,0.108469640968121,0.926677320566588,0.0505132784108965,0.0505132784108965,0.9,0.0976226768713089,0.5546823081720536
0.6120283983715724,0.0004663788887285,68.21080517653598,-8.126065323477011,0.7767718910591883,0.8524963913548517,0.0100550531678105,3,1,0.1,0.7,1,False,False,False,False,True,1e-06,True,2,0.051086136340381,-1.3592248815132884,1.327590144979277,0.5468639108017286,1.1548867509277954,0.1730254932935545,0.94585278255266,0.051086136340381,0.051086136340381,0.9,0.155722943964199,0.4424469457666803
0.2203608042557943,0.0013865134989766,93.63554595903736,-4.106846381962518,0.1139673801477458,0.8676323481741339,0.0106747463418283,3,1,0.1,0.7,1,False,False,False,False,True,1e-06,True,2,0.1624395548752006,-7.960366063913647,0.2464951280948059,0.8725495484491087,0.408885040224595,0.1525619141614805,0.5704324438106209,0.1624395548752006,0.1624395548752006,0.9,0.1373057227453324,1.4166728997702402
0.1671710458918355,0.0002901052488699,95.91599251027156,-0.2927213582541166,0.1347227840214367,0.5278471255877595,0.0104254234885073,3,1,0.1,0.7,1,False,False,False,False,True,1e-06,True,2,0.2,-3.2589582237482624,1.5977927936649572,0.931593268590476,0.2167418119701958,0.894487914254523,1.8136135998536127,0.2,0.2,0.9,0.8050391228290708,0.4547942855583584
0.3436504172489005,0.0031026571970253,66.95237785737484,-1.7017248593947467,0.1456288762071825,0.8750862992713216,0.0110383975612975,3,1,0.1,0.7,1,False,False,False,False,True,1e-06,True,2,0.2,-6.110449836974048,0.3845355293747072,0.5532516060741752,0.765390083657661,0.1427444365575064,1.378067489032134,0.2,0.2,0.9,0.1284699929017558,2.077459890824682
0.5271364162070162,0.0003625495357476,186.1717261678899,-4.896563766881399,0.0872846055740684,0.8023451176651686,0.0051045415770118,3,1,0.1,0.7,1,False,False,False,False,True,1e-06,True,2,0.0855190724868082,-4.136118661086701,1.051189347777849,1.266218191781635,0.9408258936213074,0.2463464636140729,0.1016248029035158,0.0855190724868082,0.0855190724868082,0.9,0.2217118172526656,0.4723102432509647
0.4899133215092546,0.0003031249487364,195.56659044545705,-2.885760736219384,0.0586976264274479,0.5487847859667067,0.0051132291771034,3,1,0.1,0.7,1,False,False,False,False,True,1e-06,True,2,0.1538609465249487,-8.554527650584793,1.3424238738839835,1.5660961077185829,1.711113671264468,0.8222079503141831,1.9408694661361805,0.1538609465249487,0.1538609465249487,0.9,0.7399871552827648,0.3486184476640239
0.3389769184606954,0.000153743786357,92.59625158019608,-4.395130961694028,0.3127787180569328,0.805791669581504,0.0107991381981305,3,1,0.1,0.7,1,False,False,False,False,True,1e-06,True,2,0.0560315792167335,-8.565424503327614,1.8095251689837863,1.9930898677585231,0.3738878186507575,0.2410155599143386,1.582862288856158,0.0560315792167335,0.0560315792167335,0.9,0.2169140039229047,0.2965619790811351
0.3908128414262887,0.0010903608252888,98.55885512657387,-1.2734113903370925,0.1772357941171277,0.7057647505496507,0.0101457357138127,3,1,0.1,0.7,1,False,False,False,False,True,1e-06,True,2,0.1115403465722606,-9.88801851810828,1.9172416072882807,1.087797367835336,0.5597582557278873,0.4169027274615209,0.7605427888989295,0.1115403465722606,0.1115403465722606,0.9,0.3752124547153688,0.3896279680686824
0.6468639129975609,0.0006425908806028,27.92091124036458,-8.082859767635108,1.0047794752669523,0.8685887145117671,0.0339105268238203,3,1,0.1,0.7,1,False,False,False,False,True,1e-06,True,2,0.0509776414888769,-6.569937637750929,1.971014392235644,1.1660404975538716,1.3444931664450963,0.1512928769309408,1.704871927167536,0.0509776414888769,0.0509776414888769,0.9,0.1361635892378467,0.4088950277856989
0.6758646036677187,0.0002253262756171,95.61189011821652,-17.564715200802283,0.3595201947638251,0.8789381179860011,0.010457468448718,3,1,0.1,0.7,1,False,False,False,False,True,1e-06,True,2,0.0501211625734463,-8.408540206782952,0.5040430210742239,1.1972599647540698,1.576924029396174,0.137736524946034,1.1075559889957085,0.0501211625734463,0.0501211625734463,0.9,0.1239628724514306,0.4327401991683764
0.5562741703461809,0.0061961433842935,29.71388730862292,-3.603733773185007,0.2986279029952634,0.7613215208071493,0.0336254502783554,3,1,0.1,0.7,1,False,False,False,False,True,1e-06,True,2,0.1469884692650214,-7.286492112431682,0.9125126558442608,1.442401435577903,1.8455100893459424,0.3135054936313962,0.6803843225080923,0.1469884692650214,0.1469884692650214,0.9,0.2821549442682566,0.6581950216241946
0.3520867796783944,0.0003497686700276,93.68002300087495,-6.232689381494053,0.2631899301412293,0.7835937811535837,0.0106738545998993,3,1,0.1,0.7,1,False,False,False,False,True,1e-06,True,2,0.070226018439863,-7.438065615715292,1.2577761401901728,1.7942537686840443,0.4221943851590113,0.2761714348062198,1.2323518542024652,0.070226018439863,0.070226018439863,0.9,0.2485542913255979,0.335996847082522
0.12143037042583,0.0004525603989046,94.72161711783586,-3.5132560026143707,0.2054096979505267,0.7010736147610955,0.010555837559246,3,1,0.1,0.7,1,False,False,False,False,True,1e-06,True,2,0.1131322798657242,-5.019180734613902,1.0734917440680705,1.7850785823840891,0.1256137721471951,0.4263837333840747,1.6336826689514172,0.1131322798657242,0.1131322798657242,0.9,0.3837453600456673,0.3995853497055096
0.433799094131928,0.0005627569214123,92.35978142069295,-3.6474133282931263,0.1745037549108014,0.8664276455581826,0.0108273963140631,3,1,0.1,0.7,1,False,False,False,False,True,1e-06,True,2,0.0822558044482104,-5.625294309036429,1.674002274552698,1.5473232042529528,0.6092458447605836,0.1541644650036131,0.1100681096404527,0.0822558044482104,0.0822558044482104,0.9,0.1387480185032518,0.6803452931420159
0.2457668008611444,7.849216397282655e-05,97.49026938484118,-7.419250712662984,0.4197986895717575,0.7264525451983751,0.0102569289336451,3,1,0.1,0.7,1,False,False,False,False,True,1e-06,True,2,0.050082110075941,-0.2765254166756552,1.4019613430020823,1.9466608233753253,0.2347118096572113,0.3765524074623846,1.336932221931327,0.050082110075941,0.050082110075941,0.9,0.3388971667161461,0.3527453692897523
0.599367764675406,0.0003543508604269,167.9396813271637,-9.411796894271008,0.1914664407852185,0.8294569913724853,0.0050452482839748,3,1,0.1,0.7,1,False,False,False,False,True,1e-06,True,2,0.0660034382867701,-7.975164358769339,0.5106409693480417,0.7553047317588537,1.199607125192949,0.2056080187416597,1.6573717049311234,0.0660034382867701,0.0660034382867701,0.9,0.1850472168674937,0.4032509494613901
0.4622941889202228,0.0063868640088275,114.61319531959433,-1.552841572162325,0.3334903699174845,0.6819282033395564,0.0050500072919205,3,1,0.1,0.7,1,False,False,False,False,True,1e-06,True,2,0.1667242964277457,-2.799505670068017,1.829648730064555,0.3535521359606651,1.0590115008716872,0.4664300363334061,0.9027558320242433,0.1667242964277457,0.1667242964277457,0.9,0.4197870327000654,0.6008956992263292
0.6400104635631907,0.0011779052745462,91.02359345274624,-4.503970258940696,0.1723530831752999,0.6705531374655548,0.0109852626531182,3,1,0.1,0.7,1,False,False,False,False,True,1e-06,True,2,0.0993802291758483,-1.759410184769802,1.798967942910572,1.7642455901194378,1.798886193782935,0.4913061234485214,1.5843749174023825,0.0993802291758483,0.0993802291758483,0.9,0.4421755111036693,0.3408443740446976
0.4345790703032949,0.0087585485202773,2.6638156739831214,-5.636979853248055,6.182970235887509,0.7662178340698012,0.3736016857568116,3,1,0.1,0.7,1,False,False,False,False,True,1e-06,True,2,0.0682781803922031,-0.1632390359285533,1.6819115856279705,1.382925686747297,0.5907339351066722,0.3051118827245955,1.5647478098624734,0.0682781803922031,0.0682781803922031,0.9,0.274600694452136,-0.7874799948252578
0.4528250327830809,0.001209022361425,90.79021190331753,-5.175491154830919,0.2051592610300923,0.7835150548135865,0.0110131506165375,3,1,0.1,0.7,1,False,False,False,False,True,1e-06,True,2,0.0991201467657331,-8.066908225430469,0.6145521486998861,1.0172050010006877,0.7724601157300196,0.2762996624716029,1.9244945051949,0.0991201467657331,0.0991201467657331,0.9,0.2486696962244426,0.4791706964838256
0.5823283250744203,0.0002165834541235,152.3645958436466,-15.970876970150234,0.3204240148426679,0.903406877344832,0.0050198316925006,3,1,0.1,0.7,1,False,False,False,False,True,1e-06,True,2,0.0521249077387054,-1.404721167223439,0.2244567498381978,0.5417761798038879,1.0464197569653997,0.1069209512097817,0.5352872006543112,0.0521249077387054,0.0521249077387054,0.9,0.0962288560888035,0.8264552289020898
0.5591549491934283,0.0058930204327644,28.18544182044301,-2.028458612360319,0.2706677858343266,0.7074251182687898,0.0340698924310735,3,1,0.1,0.7,1,False,False,False,False,True,1e-06,True,2,0.1616592734336429,-1.997181289308422,1.745720665942323,1.6789251308394324,1.7479202221341206,0.4135771747081856,0.4651101523844355,0.1616592734336429,0.1616592734336429,0.9,0.3722194572373671,0.6869960085376571
0.4679741864702459,0.00016749774135,90.6138001399561,-5.516788664921704,0.2634352879797276,0.8502614650515067,0.0110349878022722,3,1,0.1,0.7,1,False,False,False,False,True,1e-06,True,2,0.0546653106756044,-5.917270748094521,1.8501522342989989,1.868418999655808,0.6413135933910198,0.1761088101757295,0.3280416949170411,0.0546653106756044,0.0546653106756044,0.9,0.1584979291581565,0.3852828138793063
0.3438164482571872,0.0048179801655092,29.37777121894408,-0.9925704549247544,0.3284480819082087,0.6368135621941473,0.0340259415139527,3,1,0.1,0.7,1,False,False,False,False,True,1e-06,True,2,0.1772276287405824,-5.89174555548145,1.9684892204137583,1.4229113022616582,0.586718043837251,0.570318315072453,1.9045395393749724,0.1772276287405824,0.1772276287405824,0.9,0.5132864835652077,0.5151506780347869
0.339308487344666,0.003057356087763,77.32354777233218,-0.946624397041413,0.1918470665995761,0.7862105056094553,0.0102626407937832,3,1,0.1,0.7,1,False,False,False,False,True,1e-06,True,2,0.1726006892016739,-8.647163143081402,1.9358213469298724,0.764088848848974,0.5516881595995553,0.271923985834836,0.2345262887724894,0.1726006892016739,0.1726006892016739,0.9,0.2447315872513524,0.8712963070786488
0.6432730766684588,0.0022960577990819,61.4475840766333,-5.363364522521386,0.7532725215007519,0.8613777515487863,0.0102309433950383,3,1,0.1,0.7,1,False,False,False,False,True,1e-06,True,2,0.0729764571515054,-9.919846153277636,1.9841372205132188,0.5176767085982579,1.471867049934524,0.1609308438742076,0.8396636590574141,0.0729764571515054,0.0729764571515054,0.9,0.1448377594867869,0.5516590826029765
0.4879397179166196,0.0035291720579882,70.08726391147596,-3.186171306885148,0.1629377431270139,0.7226648485758053,0.0106823464320763,3,1,0.1,0.7,1,False,False,False,False,True,1e-06,True,2,0.1755442070074484,-5.020671472581103,0.480884268622004,0.7807187076244965,1.8395976296071563,0.3837673189318038,0.5603819842189702,0.1755442070074484,0.1755442070074484,0.9,0.3453905870386234,0.6964169334973086
0.4100172200795987,0.0002794493247417,97.4363459658318,-4.539037320319369,0.337400198750534,0.799805749406854,0.010262611057101,3,1,0.1,0.7,1,False,False,False,False,True,1e-06,True,2,0.0604005746937479,-6.238912305387877,1.518409060197936,0.870665635325408,0.514931788250236,0.2503035902675275,1.9384271302383,0.0604005746937479,0.0604005746937479,0.9,0.2252732312407747,0.3138489160596042
0.6425185501354965,0.0025642552761317,29.88319625836866,-6.302988511406681,0.5041633046096577,0.8098066873922015,0.0334376849343044,3,1,0.1,0.7,1,False,False,False,False,True,1e-06,True,2,0.0850441370399999,-7.177190891447139,1.2820940981870612,1.7075475887761653,1.6634562490803977,0.2348626105080372,1.1737749396538475,0.0850441370399999,0.0850441370399999,0.9,0.2113763494572335,0.4709036814138892
0.3670716090692293,0.0001584306420771,175.67687670820624,-2.983316343488438,0.2508068360077898,0.7944779172557727,0.0050160264222227,3,1,0.1,0.7,1,False,False,False,False,True,1e-06,True,2,0.0583804725044049,-3.84664064093432,1.7352583909870385,0.6396510359472577,0.4243939477075955,0.2586882256641276,1.1106489366773125,0.0583804725044049,0.0583804725044049,0.9,0.2328194030977148,0.3017635582824492
0.5857703790166358,0.0007947279074047,192.8107726408852,-7.108853868687427,0.0920998208928549,0.6862782901993464,0.005186251262726,3,1,0.1,0.7,1,False,False,False,False,True,1e-06,True,2,0.1087562476452456,-4.216030699721321,0.6558169869062487,1.283881037511907,1.7425629474021622,0.4571348304046241,1.1155651949714736,0.1087562476452456,0.1087562476452456,0.9,0.4114213473641617,0.3673967272224963
0.4559842631459962,0.0175886737390547,9.659299462647144,-1.503885332834631,0.4436911414906351,0.8894196762299157,0.1030464303748267,3,1,0.1,0.7,1,False,False,False,False,True,1e-06,True,2,0.2,-3.880136066916069,1.3716263779998452,1.5080441736839647,1.1620032426123572,0.1243286231746229,0.7481920711471058,0.2,0.2,0.9,0.1118957608571606,3.0894922518276697
0.4656830874373194,0.0001384245385375,97.3488251436023,-5.157055962542494,0.3377090317837568,0.8200294855205631,0.0102718853003363,3,1,0.1,0.7,1,False,False,False,False,True,1e-06,True,2,0.0503853428849674,-9.797078237129808,1.9485206539295643,1.2247082773964162,0.6287054077274776,0.2194683455378312,1.6299997220696312,0.0503853428849674,0.0503853428849674,0.9,0.1975215109840481,0.2866823819596065
0.4657234856156866,0.0040701388850072,66.65460013492984,-1.2792688846472462,0.2098285938349219,0.637291325440561,0.0100871468320817,3,1,0.1,0.7,1,False,False,False,False,True,1e-06,True,2,0.2,-6.5526947332205925,1.5260852681158898,0.6393250264049667,1.4428829051785683,0.5691410820768628,0.7304345064574738,0.2,0.2,0.9,0.5122269738691765,0.5826531345419987
0.1483364241703557,0.0019658062505128,29.66435062729669,-0.0482059285417465,0.3652643464141597,0.8038608130688634,0.0337073082131191,3,1,0.1,0.7,1,False,False,False,False,True,1e-06,True,2,0.1442420158540729,-6.334524163424545,1.9043580300087013,1.3918616645322694,0.1509450703615836,0.243996452796778,0.4373657736529455,0.1442420158540729,0.1442420158540729,0.9,0.2195968075171002,0.8111018429332002
0.1913448772542076,0.0004990768602681,96.22162361890508,-6.012978483231758,0.1768362884962802,0.7874537733939143,0.010394151878666,3,1,0.1,0.7,1,False,False,False,False,True,1e-06,True,2,0.1012229105182821,-7.354149073602773,0.8094037413122218,1.6562765717211594,0.2145006637845009,0.2699158144738002,0.2796769094588537,0.1012229105182821,0.1012229105182821,0.9,0.2429242330264202,0.5018297551219429
0.6833167018827148,0.0001928475625973,195.686072787534,-7.571222588701925,0.098065310969298,0.7896401393291933,0.0051100723112126,3,1,0.1,0.7,1,False,False,False,False,True,1e-06,True,2,0.0658593652573192,-7.81283748843995,1.539732108215763,1.8872772603363908,1.7356641651220406,0.2663996549738584,0.2759910215097479,0.0658593652573192,0.0658593652573192,0.9,0.2397596894764725,0.3233099618299596
0.4374961723772779,0.0162849097797772,9.494661611191878,-1.3996001956922326,0.4641317373518077,0.8326654983832921,0.1048259829786188,3,1,0.1,0.7,1,False,False,False,False,True,1e-06,True,2,0.2,-8.971191421254517,1.6892827826172891,1.9704951087478149,1.0513315494319964,0.2009624536402739,0.8852655503146282,0.2,0.2,0.9,0.1808662082762465,1.3443443717061367
0.5046407376339181,0.0019688961528474,78.7575794468227,-2.149390596332432,0.1377125806152249,0.6062736074587944,0.0104653181617564,3,1,0.1,0.7,1,False,False,False,False,True,1e-06,True,2,0.1760925140909107,-6.643191372934851,1.1048141081509864,1.0093314894870535,1.8344382191683,0.6494203074277238,1.0139875522091657,0.1760925140909107,0.1760925140909107,0.9,0.5844782766849514,0.466277837320139
0.2700120842850391,0.0004196997690298,95.96913324558535,-0.8085740632191049,0.2544889745242045,0.7559402463377048,0.0104197322472214,3,1,0.1,0.7,1,False,False,False,False,True,1e-06,True,2,0.080928056682951,-9.249878971592272,1.7991656317122384,1.0444544918012442,0.2844171671484126,0.3228558802692259,1.2053835654124847,0.080928056682951,0.080928056682951,0.9,0.2905702922423033,0.3408272606542951
0.539690798883297,0.0699474561401992,1.9363218699241944,-1.4948230274802603,2.003750436560758,0.728352372730803,0.4965137498471442,3,1,0.1,0.7,1,False,False,False,False,True,1e-06,True,2,0.1889356928239205,-0.2808178818401821,1.9067167469297048,1.971294869998184,1.6405179776690322,0.3729618210080263,1.6272392023485427,0.1889356928239205,0.1889356928239205,0.9,0.3356656389072237,-0.8651236916848054
0.5328929041784076,0.000584727146796,196.02993109285407,-3.721954901162908,0.0662265625442216,0.641910321537054,0.005061167102473,3,1,0.1,0.7,1,False,False,False,False,True,1e-06,True,2,0.1226277966845904,-1.098495325223677,1.0075390528730896,1.4282446050751991,1.2914977832574013,0.5578500087138345,0.2277402730429487,0.1226277966845904,0.1226277966845904,0.9,0.5020650078424511,0.4281224226799498
0.618707112321472,0.000150096315862,194.0827196009092,-16.4213883032629,0.1856781459742497,0.8423793389368377,0.0051522287701906,3,1,0.1,0.7,1,False,False,False,False,True,1e-06,True,2,0.0541736628926691,-0.6137449141906313,0.2479662685244917,1.0925788631114373,1.2458262837515923,0.1871136360752799,1.4754989905510012,0.0541736628926691,0.0541736628926691,0.9,0.168402272467752,0.650609383282981
0.6442189252163086,0.0007374810652505,92.3438164307497,-6.085302991062777,0.2053927037775429,0.7745489266960216,0.0102588456272337,3,1,0.1,0.7,1,False,False,False,False,True,1e-06,True,2,0.0783438002213853,-8.507866288939372,1.192066800958853,1.2737229411962885,1.5607025032929498,0.2910740245495925,0.7089802506566495,0.0783438002213853,0.0783438002213853,0.9,0.2619666220946333,0.358850583875228
0.645977634778231,0.0004089319398055,120.8969034143552,-10.137265672530056,0.6373737954838565,0.873090357464637,0.0050469361384316,3,1,0.1,0.7,1,False,False,False,False,True,1e-06,True,2,0.0509511121487926,-6.900330788768013,0.9142835559386586,0.4025082791543016,1.3466053006786525,0.1453568252705197,1.5381184828992789,0.0509511121487926,0.0509511121487926,0.9,0.1308211427434677,0.4229611658020833
0.3199941295169239,0.000128670807959,99.15161155441248,-14.452378957726957,0.3301476444517464,0.8831594273804961,0.0100868950123651,3,1,0.1,0.7,1,False,False,False,False,True,1e-06,True,2,0.0528231058751233,-7.373569283649337,0.5870115905598081,1.3050487377317717,0.3472026024583352,0.1322983925632319,0.2819931189436325,0.0528231058751233,0.0528231058751233,0.9,0.1190685533069087,0.4779776563352593
0.4653730291892766,0.0006461382278978,97.88299166654502,-3.2925968281660745,0.2253561288338893,0.7290470603086305,0.0102157807600233,3,1,0.1,0.7,1,False,False,False,False,True,1e-06,True,2,0.0819637249106046,-2.421760678365418,1.6855044977370646,1.1552213800957165,0.7026160258591161,0.3716535659257247,1.4114582434487415,0.0819637249106046,0.0819637249106046,0.9,0.3344882093331522,0.3328089981325961
0.5780457295436516,0.0015128460587789,9.942044702553217,-8.355390455637828,2.588242526219865,0.9057696744803502,0.1002563167892614,3,1,0.1,0.7,1,False,False,False,False,True,1e-06,True,2,0.0507599186167764,-0.8868645245425668,1.255181608866728,1.0277909096237188,1.0004577791702598,0.10403342944078,1.821617873610746,0.0507599186167764,0.0507599186167764,0.9,0.093630086496702,1.1974964748991943
0.5533719443715733,0.0206546625662137,9.04730424059149,-2.0777166338586097,0.7326617890892909,0.8654980381114479,0.1028408531539554,3,1,0.1,0.7,1,False,False,False,False,True,1e-06,True,2,0.1574409443901525,-6.2468366574078775,1.4741282462173309,1.2309586230618934,1.5619621969911954,0.1554041210561734,1.9735382858473007,0.1574409443901525,0.1574409443901525,0.9,0.139863708950556,1.3971334804022877
0.5426295357337083,0.0024786635144873,29.244858685976368,-3.891133018254289,0.4678193332223783,0.8119001305935402,0.0341721709289628,3,1,0.1,0.7,1,False,False,False,False,True,1e-06,True,2,0.0905821301938912,-8.868643337966056,1.57941303436414,1.6291238667639705,1.0288948126647848,0.2316785800600245,0.7914126282247859,0.0905821301938912,0.0905821301938912,0.9,0.208510722054022,0.5037733117541136
0.6452722820233968,0.0001391675404863,196.0449178138149,-12.337715462272934,0.1649010518751245,0.8083242447806325,0.0051007506211848,3,1,0.1,0.7,1,False,False,False,False,True,1e-06,True,2,0.0547410208569385,-8.206370363432073,0.7883005286274734,1.125499672785708,1.3832507298621672,0.2371273117898196,1.3563886235310365,0.0547410208569385,0.0547410208569385,0.9,0.2134145806108376,0.2938582147089573
0.5322153334801718,0.0021142224496215,62.91510601740995,-3.903378507818464,0.6200805037118862,0.805563196053515,0.0108672397333689,3,1,0.1,0.7,1,False,False,False,False,True,1e-06,True,2,0.0805223116993872,-1.3734261589417471,1.6974227233299617,0.5284618823028673,0.9289941768781504,0.2413675362765307,0.7461232208133446,0.0805223116993872,0.0805223116993872,0.9,0.2172307826488776,0.5469982960293011
0.3718519619851114,0.0004329203449019,196.92807393557965,-2.797892041713829,0.0893123427756054,0.6672289190471657,0.0050779234791249,3,1,0.1,0.7,1,False,False,False,False,True,1e-06,True,2,0.1066893934096484,-9.941622479411956,1.1968329472712578,1.2812543004542198,0.527190846873582,0.4987359981759289,0.9470458347848209,0.1066893934096484,0.1066893934096484,0.9,0.4488623983583361,0.3276594044858668
0.5226527061975111,0.0240419132521604,2.5703897282713943,-4.040750245100181,5.119096171807397,0.6181207898349071,0.3839736592209756,3,1,0.1,0.7,1,False,False,False,False,True,1e-06,True,2,0.096015101720534,-0.1011966357834879,1.148030960722209,1.1084581605910624,0.9867265585261288,0.6178067724709413,1.652286333581905,0.096015101720534,0.096015101720534,0.9,0.5560260952238472,-0.4692999853823016
0.5345121959864098,0.0003739132929102,79.57744247475435,-5.502551345859865,0.53641017617819,0.877758294369814,0.0100437258666312,3,1,0.1,0.7,1,False,False,False,False,True,1e-06,True,2,0.0538402084761727,-7.34070605740511,1.915660526094049,0.7559274793494644,0.8387004631656879,0.1392657938002732,0.4661731197280339,0.0538402084761727,0.0538402084761727,0.9,0.1253392144202459,0.4649260490639876
0.5325033052043484,0.0195556497865723,9.251608043276676,-2.116940048435062,0.4418801607731977,0.8900817720484909,0.1073855084653115,3,1,0.1,0.7,1,False,False,False,False,True,1e-06,True,2,0.1928514113109036,-4.125147179074552,1.2759960399139332,1.9010946312870327,1.991814621534609,0.1234922806008444,0.7651242603754689,0.1928514113109036,0.1928514113109036,0.9,0.11114305254076,2.823314664747677
0.5385788854119147,0.0020280126575565,27.3190736159568,-6.779558468737153,0.9736956779072689,0.7703580728047953,0.0338498193790479,3,1,0.1,0.7,1,False,False,False,False,True,1e-06,True,2,0.0711521508150331,-0.4281691023850449,0.8632784184069741,0.8417940186489746,0.9333451020744566,0.2980976448511817,1.2794399367200882,0.0711521508150331,0.0711521508150331,0.9,0.2682878803660635,0.7001399975529009
0.7282628625968571,0.0041492392236868,2.737548806555849,-10.020701755182914,8.979830642228409,0.6161247734721824,0.3382349015164369,3,1,0.1,0.7,1,False,False,False,False,True,1e-06,True,2,0.05,-0.0275209178143054,0.9610154624994318,1.264559809343527,1.9941359536964527,0.6230478679902477,0.9923931426297106,0.05,0.05,0.9,0.560743081191223,-0.067980948332594
0.6234277468396431,0.0064034791311952,56.50081877864169,-3.48502354894204,0.571463973698446,0.7860237031781883,0.0107352354407329,3,1,0.1,0.7,1,False,False,False,False,True,1e-06,True,2,0.1112428492068135,-7.412027842770872,1.6651242739967882,0.4952809477273878,1.7379729227631329,0.2722262648780506,1.377387660473115,0.1112428492068135,0.1112428492068135,0.9,0.2450036383902455,0.5502187309849925
0.651717981887104,0.0070497580996372,9.93861174174266,-5.495041219632813,1.1132472453510895,0.8991966752107854,0.1001313011876161,3,1,0.1,0.7,1,False,False,False,False,True,1e-06,True,2,0.0875312129384434,-1.1569746536830152,1.2512088363456917,1.564964592545619,1.730029056125948,0.1121037561283073,0.6113190238674581,0.0875312129384434,0.0875312129384434,0.9,0.1008933805154765,2.670721395795958
0.6829243600513331,0.0010929126137402,70.76767884928084,-6.327558799413756,0.3051019390975797,0.869459590415098,0.0106908208443576,3,1,0.1,0.7,1,False,False,False,False,True,1e-06,True,2,0.0747278595282852,-8.363408278340668,1.2788060835329358,0.9488963466215538,1.8252695469907336,0.150139708646585,0.2241322045812915,0.0747278595282852,0.0747278595282852,0.9,0.1351257377819265,0.6086733091939039
0.4896335888272515,0.0082159215714517,9.591998333745398,-3.1008835335823823,1.1103761593318322,0.8817800119882406,0.1039692904964319,3,1,0.1,0.7,1,False,False,False,False,True,1e-06,True,2,0.1005961048600252,-7.406109356711505,1.6370433189305806,1.5452627283198597,0.8557490508769791,0.1340697071883003,1.7976448012367432,0.1005961048600252,0.1005961048600252,0.9,0.1206627364694703,0.946850154327046
0.5346800129813087,0.0046104497987951,2.650850672751777,-6.994135933362955,7.166167731431515,0.8194722225024323,0.3726334341255672,3,1,0.1,0.7,1,False,False,False,False,True,1e-06,True,2,0.0536940450431089,-0.186937954254601,1.8190015527385168,1.2954823175132573,0.8427952043934768,0.2202976166126631,1.5437657578656852,0.0536940450431089,0.0536940450431089,0.9,0.1982678549513968,-0.9789501531688536
0.6758168836629648,0.0010458155856359,29.0270081388414,-7.955452162650068,0.687534161637316,0.8579928783827521,0.0344252108743369,3,1,0.1,0.7,1,False,False,False,False,True,1e-06,True,2,0.0609326987323315,-4.195588440165244,1.3943675841929708,1.5288842951535495,1.6209484677743238,0.1655108395362442,0.8763129182736611,0.0609326987323315,0.0609326987323315,0.9,0.1489597555826198,0.4703540357034945
0.5829580249338958,0.0016857242726396,90.91613215661027,-2.6721777832389977,0.1155339957624327,0.7106771741584017,0.0101409636352201,3,1,0.1,0.7,1,False,False,False,False,True,1e-06,True,2,0.1370234477290731,-3.228546323795647,1.895709065405455,1.5470914077052822,1.7568789513298313,0.4071086512441042,0.2202314438716952,0.1370234477290731,0.1370234477290731,0.9,0.3663977861196938,0.5287197667841944
0.6602933536967248,0.0004195957717086,166.36567072506398,-8.6194944088227,0.1705977025507333,0.7733059539057211,0.0050987767424188,3,1,0.1,0.7,1,False,False,False,False,True,1e-06,True,2,0.0704228601116082,-9.013857513621252,0.8943230663766201,0.9129871204335888,1.6353454653780888,0.293149231490227,1.5973832452020056,0.0704228601116082,0.0704228601116082,0.9,0.2638343083412043,0.3191574433896517
0.5524822981787704,0.0065654529593733,51.84851774691461,-4.0039373125151725,1.1788253649707674,0.8872171870833554,0.0107886983220901,3,1,0.1,0.7,1,False,False,False,False,True,1e-06,True,2,0.088917753732165,-2.761870178834629,1.2371149145771494,0.3026291745159074,1.0648791930320645,0.1271197341063778,1.7693911834544256,0.088917753732165,0.088917753732165,0.9,0.11440776069574,1.0557912524849602
0.6984031408884134,0.0009011431921681,56.04950043551639,-9.129764665478085,1.2362750634733184,0.8912450586659962,0.0107400943573612,3,1,0.1,0.7,1,False,False,False,False,True,1e-06,True,2,0.0512646454211884,-9.124660488111392,1.60988792578124,0.4592561596370501,1.7169648600559562,0.12202585616215,1.545842129752794,0.0512646454211884,0.0512646454211884,0.9,0.109823270545935,0.4941280105096741
0.170832223915428,8.272101710477399e-05,94.09257283758932,0.3128893878466495,0.5313579333406768,0.8699196171481369,0.0102226985537981,3,1,0.1,0.7,1,False,False,False,False,True,1e-06,True,2,0.0501410692540599,-5.667323566230753,1.612272127237943,0.6627193061801542,0.1468784199254195,0.1495314972644327,0.5969398581297182,0.0501410692540599,0.0501410692540599,0.9,0.1345783475379894,0.4097032917364808
0.3399653524632449,0.0004342004938978,29.637917568821848,-4.115151560873109,1.090959609144304,0.8978737430767947,0.0337305061181449,3,1,0.1,0.7,1,False,False,False,False,True,1e-06,True,2,0.0523824758061398,-6.346560315338675,1.1786039827337402,0.811861797017427,0.3714112880494413,0.1137423359471939,1.104591769903532,0.0523824758061398,0.0523824758061398,0.9,0.1023681023524746,0.5530507546705128
0.2946505431041554,0.0003882560661978,192.6618000594639,-2.0597900314422457,0.1012704231605894,0.6529250654269833,0.0051903780282191,3,1,0.1,0.7,1,False,False,False,False,True,1e-06,True,2,0.1071652752790982,-5.166485811925544,1.3390885705050308,1.2736492283163428,0.3614124856162143,0.5315693223479566,1.5738136545873072,0.1071652752790982,0.1071652752790982,0.9,0.4784123901131609,0.3213046109527591
0.3195404773284914,0.0007739617234034,96.42391992809432,-0.6315695788974662,0.1125712940652667,0.5793854154665886,0.0103704025649485,3,1,0.1,0.7,1,False,False,False,False,True,1e-06,True,2,0.1679982912381668,-4.035165880760023,1.9812731244147783,1.6038816703622985,0.507489365278565,0.7259668146715145,0.8725516029019585,0.1679982912381668,0.1679982912381668,0.9,0.653370133204363,0.4237109193721131
0.4238527440745196,0.0056475415778134,29.05107615441054,-2.4049924889405503,0.2010906761413902,0.7986633123159582,0.0333406921424954,3,1,0.1,0.7,1,False,False,False,False,True,1e-06,True,2,0.2,-8.689119656500688,0.6365125077664155,1.1923468832084745,1.3885241650544062,0.2520920700616723,0.3615264496204902,0.2,0.2,0.9,0.2268828630555051,1.0931732230984093
0.6627397234298966,0.0001066457394231,175.45856877536016,-9.70473648721346,0.162122903623559,0.8349654648743425,0.0051529095977182,3,1,0.1,0.7,1,False,False,False,False,True,1e-06,True,2,0.0514182044371459,-9.5693411424379,1.0469375059647192,1.1477169884471885,1.4533903789016929,0.1976543247216747,0.351116632697002,0.0514182044371459,0.0514182044371459,0.9,0.1778888922495072,0.3202667052530754
0.7069269257081094,0.0030934685358028,51.72884857013425,-6.830731945780545,1.327110295164044,0.8937755198839479,0.010912998470879,3,1,0.1,0.7,1,False,False,False,False,True,1e-06,True,2,0.0660320696850224,-6.478009827682225,1.4749415204018788,0.3942234747023527,1.9421627826561176,0.1188491715792851,1.6728451724142908,0.0660320696850224,0.0660320696850224,0.9,0.1069642544213566,0.6799439502993553
0.5772512893693652,0.0036675313412083,73.10384064233303,-4.764774163767276,0.2347672594387926,0.7060074302547582,0.0104349514497495,3,1,0.1,0.7,1,False,False,False,False,True,1e-06,True,2,0.133741863097717,-0.99817149964999,0.5222734778617258,0.8117286952698292,1.9827247562135808,0.4164156879186901,1.2007410760407176,0.133741863097717,0.133741863097717,0.9,0.3747741191268211,0.6707320678081428
0.4379044100986078,0.0004335392559499,198.1703351681128,-7.00201133057346,0.0940170350665451,0.7395369089562003,0.0050461347062798,3,1,0.1,0.7,1,False,False,False,False,True,1e-06,True,2,0.0944734047901083,-8.756221331496477,0.6413709534004938,1.2005273869443425,0.7254527213735673,0.3521975548339072,0.3564387130207851,0.0944734047901083,0.0944734047901083,0.9,0.3169777993505165,0.3741757884512002
0.5226890603618108,0.0068494906390015,59.851367820116224,-1.6495824471610288,0.2856944415281611,0.728309086480372,0.0108055498895356,3,1,0.1,0.7,1,False,False,False,False,True,1e-06,True,2,0.1718516962208383,-6.063090672391423,1.6871201010139956,0.6130270018090376,1.4954187169386717,0.3730434214855155,0.5670686191586173,0.1718516962208383,0.1718516962208383,0.9,0.3357390793369639,0.6845377875262796
0.3777209475097386,0.0002213412614342,80.65891998511692,-4.473694520696052,0.564031260227627,0.8397930187378303,0.0106028557955243,3,1,0.1,0.7,1,False,False,False,False,True,1e-06,True,2,0.0518325909526452,-1.714161720433676,1.2003465303370866,0.5928722338209705,0.4378212395527497,0.1907696035660708,1.0944409202020815,0.0518325909526452,0.0518325909526452,0.9,0.1716926432094637,0.3844764555007106
0.2318992308280036,0.0009517053783758,97.52034583582588,-2.6640866487462094,0.1689782395754454,0.7203439690826583,0.0102534310588382,3,1,0.1,0.7,1,False,False,False,False,True,1e-06,True,2,0.1273607989169134,-6.553520240295008,0.6165976318218948,0.8107915724883721,0.286343341920091,0.3882256851174547,0.8459914954388181,0.1273607989169134,0.1273607989169134,0.9,0.3494031166057092,0.4794183723210826
0.3990141265450664,0.0214205825930483,9.22683803862626,-1.431145779569158,0.8903295069094921,0.6170277395439975,0.1079017383410782,3,1,0.1,0.7,1,False,False,False,False,True,1e-06,True,2,0.2,-0.4734803678513231,1.2737067325316964,1.0777219167501813,0.8697066003136681,0.6206726795444086,1.440771084211822,0.2,0.2,0.9,0.5586054115899678,1.6348246841539422
0.4960292040850549,0.0025823558311701,79.1582989724878,-1.602214307064597,0.1615483961635402,0.6727051201388254,0.0101153690196464,3,1,0.1,0.7,1,False,False,False,False,True,1e-06,True,2,0.160008795943761,-3.611787374502746,1.7609701639050794,0.9509466777430344,1.2390717837455798,0.4865354373899089,0.4151182679415193,0.160008795943761,0.160008795943761,0.9,0.437881893650918,0.5378576895468348
0.2131337082949624,0.0002648165247945,29.91075579144097,-4.048570972362018,0.8801228319771384,0.9069713897020086,0.033429254842219,3,1,0.1,0.7,1,False,False,False,False,True,1e-06,True,2,0.0543102433205224,-6.86908223624304,1.1393339140311358,1.3510457300115206,0.1957197360587933,0.1025706117682018,0.5741758160406973,0.0543102433205224,0.0543102433205224,0.9,0.0923135505913817,0.6325614087112533
0.6582675737573156,0.0012639680692259,74.38069751927516,-5.218924352883591,0.3063132814991596,0.7384734899768366,0.0109313603756392,3,1,0.1,0.7,1,False,False,False,False,True,1e-06,True,2,0.0821324680451815,-1.155350390124008,1.49715262427567,0.9798073512873094,1.6989500407175593,0.3541447507226923,0.9797388138135078,0.0821324680451815,0.0821324680451815,0.9,0.3187302756504231,0.3929231961443639
0.7007375943668455,0.0001944803053292,191.29479089401087,-14.881015582129278,0.142754304163305,0.7846713175474979,0.005227361903014,3,1,0.1,0.7,1,False,False,False,False,True,1e-06,True,2,0.0599816980112243,-5.391956781550944,0.918064135455725,1.9168150075040136,1.9271356335535568,0.2744189543279282,0.979330782573017,0.0599816980112243,0.0599816980112243,0.9,0.2469770588951354,0.2903279997565001
0.5468943084660077,0.0001763299598718,98.1284618059393,-13.250450542275956,0.3536531136618577,0.8702887784275312,0.0101896464346412,3,1,0.1,0.7,1,False,False,False,False,True,1e-06,True,2,0.0500704594144128,-4.7430572846902175,0.5861068224531587,1.1606063710013583,0.8883095973299966,0.1490438861073627,1.734910695758062,0.0500704594144128,0.0500704594144128,0.9,0.1341394974966265,0.415439916546112
0.4966939908406985,0.0001349185514226,91.58654352762588,-6.860478455503293,0.282569516916316,0.8454439690932897,0.0109178429392406,3,1,0.1,0.7,1,False,False,False,False,True,1e-06,True,2,0.0509598618312702,-3.7040178637575902,1.539079288739906,1.6941301298800675,0.7151639992809626,0.1828104954991476,0.4332047815900163,0.0509598618312702,0.0509598618312702,0.9,0.1645294459492328,0.3565511275714071
0.4451458524355853,0.0005431679449299,90.29891032688904,-2.4509089342076784,0.0974906446455371,0.5557276388844945,0.011072978873655,3,1,0.1,0.7,1,False,False,False,False,True,1e-06,True,2,0.1824277592628025,-5.618149405748257,1.111764617638933,1.5856650769039609,1.791338468829564,0.7994426226618637,1.7266196500595934,0.1824277592628025,0.1824277592628025,0.9,0.7194983603956774,0.4280058597990769
0.7212626528877814,0.0032314651025709,7.279303141896739,-8.316840688114628,4.286795631857393,0.8280841516146202,0.1017901930582634,3,1,0.1,0.7,1,False,False,False,False,True,1e-06,True,2,0.0520692581828086,-0.3050653355316015,1.971003258712584,0.8489175489701541,1.9289984815553889,0.2076067366464794,1.6572954423451352,0.0520692581828086,0.0520692581828086,0.9,0.1868460629818314,1.7029160342705434
0.3959108580264646,0.0008916485295941,29.336604672876263,-6.613229830007366,0.8364356887132598,0.8729918227310312,0.0340670818831897,3,1,0.1,0.7,1,False,False,False,False,True,1e-06,True,2,0.0631084149697253,-4.405014664102598,0.972679434937377,1.283826142264158,0.4955008472085173,0.1454861018876921,1.620266207071093,0.0631084149697253,0.0631084149697253,0.9,0.1309374916989229,0.5511591051229452
0.6825831869820375,0.0005677602104165,95.37031855164608,-17.34214446776055,0.301940230574701,0.8677633268646313,0.010483199693758,3,1,0.1,0.7,1,False,False,False,False,True,1e-06,True,2,0.0632523449722769,-4.582154460727137,0.4056305656133459,1.379927899076373,1.8834244958928776,0.152387948466503,0.944831815518011,0.0632523449722769,0.0632523449722769,0.9,0.1371491536198527,0.5259719726260613
0.5092318039959777,0.0003660970168905,96.07787828404122,-6.878123884690028,0.2520867234124785,0.7859827466888004,0.0104075193108386,3,1,0.1,0.7,1,False,False,False,False,True,1e-06,True,2,0.0656732595405449,-6.307491371566744,1.2808890900692662,1.5204680113851272,0.8022990745111042,0.2722925588542683,1.3693174372038226,0.0656732595405449,0.0656732595405449,0.9,0.2450633029688414,0.3190598896102504
0.6759746004893677,0.0006201365905346,61.63415963468076,-10.59035987515956,0.9030931481846466,0.9052792024093812,0.0103277510852743,3,1,0.1,0.7,1,False,False,False,False,True,1e-06,True,2,0.0508098436683527,-4.30891158153366,0.7550024436296038,0.4976322711632666,1.5451253730213377,0.1046315847514463,0.8945475158916169,0.0508098436683527,0.0508098436683527,0.9,0.0941684262763016,0.6045485898103166
0.3474314842591139,0.0008341935916012,193.7348973699772,-10.070958747242608,0.0925738445822156,0.842169604989305,0.0051609223144408,3,1,0.1,0.7,1,False,False,False,False,True,1e-06,True,2,0.1148032926404311,-6.516751241180186,0.2445652750803661,1.6483808095607315,0.744170862600658,0.1874092748962358,1.1999780589082307,0.1148032926404311,0.1148032926404311,0.9,0.1686683474066122,0.8028528357682018
0.700097094340516,0.000516621491022,88.75931938764367,-11.71941786414191,0.2977443232600329,0.8330378678181539,0.0110885938999273,3,1,0.1,0.7,1,False,False,False,False,True,1e-06,True,2,0.062595530723123,-7.63523701423177,0.7315297822488662,1.2657215232940866,1.9200349245533763,0.2004256212495405,1.9910462688021795,0.062595530723123,0.062595530723123,0.9,0.1803830591245864,0.390897902570731
0.525877543623181,0.0064069016749307,57.5962496102921,-3.1250005482758314,0.5240222318646749,0.7409640045502991,0.0108568269880595,3,1,0.1,0.7,1,False,False,False,False,True,1e-06,True,2,0.1238950611029989,-1.4269331816613864,1.0822429485915306,0.4430152426637025,1.1785127907552797,0.3495932243117712,1.735314758495671,0.1238950611029989,0.1238950611029989,0.9,0.3146339018805941,0.6363350949849416
0.6714024105064637,0.0015349512091282,66.1023808507108,-5.520262066434966,0.4579891429234116,0.7961126001631841,0.0108734569625058,3,1,0.1,0.7,1,False,False,False,False,True,1e-06,True,2,0.0755830970893333,-2.450981867612633,1.9037750879078896,0.762734722542249,1.724330817844547,0.2561037217537116,0.9344892404615804,0.0755830970893333,0.0755830970893333,0.9,0.2304933495783405,0.4214585351431429
0.7140117826335779,0.0022824253259845,54.10889024494882,-7.600041771169593,1.4228569583025323,0.908830707450634,0.010379340221889,3,1,0.1,0.7,1,False,False,False,False,True,1e-06,True,2,0.0601316682838247,-5.179499527740995,1.3757189567228971,0.3857068119902939,1.9410918985464496,0.1003149341257464,1.2997985264922705,0.0601316682838247,0.0601316682838247,0.9,0.0902834407131718,0.7458822782035502
0.3516348763164169,0.0001472798392101,99.09607258129256,-4.044709825320337,0.3533118348328842,0.8217954488858513,0.0100908283644717,3,1,0.1,0.7,1,False,False,False,False,True,1e-06,True,2,0.0534894693118198,-9.244561449108922,1.431685234138308,0.9603448516071708,0.3924372262342381,0.2168478194370015,1.6490577489735188,0.0534894693118198,0.0534894693118198,0.9,0.1951630374933013,0.3083862293925289
0.636851888964403,0.0012302044993421,94.8917030685408,-4.189058223933243,0.1455915050546165,0.6832174605728556,0.010537500298322,3,1,0.1,0.7,1,False,False,False,False,True,1e-06,True,2,0.1063045575111971,-8.108519632780753,1.6507488215537958,1.7908767638817582,1.878442030157339,0.4636628272959133,1.18860395556181,0.1063045575111971,0.1063045575111971,0.9,0.417296544566322,0.3453404333748757
0.5695023384510239,9.031061836496872e-05,192.54796182811253,-8.501222175738599,0.1221934631149445,0.8302607842024805,0.0051934098260532,3,1,0.1,0.7,1,False,False,False,False,True,1e-06,True,2,0.0543914088200196,-9.4581557687767,1.388284395256579,1.841772897134876,0.9784364698069828,0.204440844403563,0.2290703495658311,0.0543914088200196,0.0543914088200196,0.9,0.1839967599632067,0.3297156396196422
0.6948797867127934,0.0003637130035788,72.20587916256675,-8.672082926732617,0.4184732772289605,0.8726402971503138,0.010903024879948,3,1,0.1,0.7,1,False,False,False,False,True,1e-06,True,2,0.0534368788725786,-2.5975124481461664,1.4098571515302705,0.9839059640162032,1.7012612424779234,0.145947537909481,0.304096942220065,0.0534368788725786,0.0534368788725786,0.9,0.1313527841185329,0.4884207968482855
0.6855341287732657,0.0009798164027191,62.9739850304299,-10.418960863964982,1.0871317043028943,0.6224750038943108,0.0103018645648213,3,1,0.1,0.7,1,False,False,False,False,True,1e-06,True,2,0.0580790392920428,-0.1187774417830116,0.6986333654724124,0.5279539221247012,1.6903467914387758,0.6064902104403035,0.9106276372412316,0.0580790392920428,0.0580790392920428,0.9,0.5458411893962731,0.7939596599033775
0.3589081403993164,0.0034513816507739,29.939536080279257,-3.081618584367896,0.5010528957903522,0.8007188378237925,0.0333804195762001,3,1,0.1,0.7,1,False,False,False,False,True,1e-06,True,2,0.1115716473411016,-3.0611984045881746,0.8878967803761697,0.9903488908693424,0.5156598109982984,0.248877824228311,1.7461682987625275,0.1115716473411016,0.1115716473411016,0.9,0.2239900418054799,0.6559282939689716
0.546801430294085,0.0013015090207841,90.84155080389708,-4.050630101841723,0.1815313193927436,0.6934086054518284,0.0110072948374671,3,1,0.1,0.7,1,False,False,False,False,True,1e-06,True,2,0.1047013919587312,-7.442297804550261,1.42656582318415,1.3235298600642136,1.1777257093534488,0.442151124369729,1.729731279306588,0.1047013919587312,0.1047013919587312,0.9,0.3979360119327561,0.352724437533059
0.1491369185333342,0.0003965017390145,113.77189427149486,-1.3688635973663876,1.125078743573726,0.8372365542502743,0.0051168620949036,3,1,0.1,0.7,1,False,False,False,False,True,1e-06,True,2,0.0619332217250738,-0.670106262911558,0.9566187276937304,0.2054367292786745,0.1280032794990857,0.1944055654563203,0.8280013373362008,0.0619332217250738,0.0619332217250738,0.9,0.1749650089106882,0.725353144393869
0.5938169986693868,0.0002969518116692,97.50740139992322,-12.479940209368529,0.3097173067609275,0.8662378689687826,0.0102544480946984,3,1,0.1,0.7,1,False,False,False,False,True,1e-06,True,2,0.0563614136699104,-4.4162954948198605,0.5364210323519109,1.2150825760603745,1.1173444284717788,0.1544173209495621,1.977740092650076,0.0563614136699104,0.0563614136699104,0.9,0.1389755888546059,0.4593167372718645
0.645249719907708,0.0010550850000877,106.476185712627,-9.825384622618822,1.1999189140268445,0.8339996742302932,0.0052123454156891,3,1,0.1,0.7,1,False,False,False,False,True,1e-06,True,2,0.0548943841050125,-0.4864538206536544,0.7308868398836003,0.2815125805065331,1.3679331480735393,0.1990412357449783,1.459303017430757,0.0548943841050125,0.0548943841050125,0.9,0.1791371121704804,0.7636228975725905
0.3879972076756611,0.0039184514426632,64.2106119553088,-1.190083852470927,0.2339691067943184,0.6221665312837044,0.0109016657009907,3,1,0.1,0.7,1,False,False,False,False,True,1e-06,True,2,0.2,-6.609403717345847,1.3118105953952166,0.5554631700057882,0.8814972271366747,0.6072867145982912,1.2582662148171335,0.2,0.2,0.9,0.5465580431384621,0.5570925710750709
0.3578990910980493,0.0001655966252896,199.72760745575133,-5.722705560309239,0.0511021035538978,0.6268776759929372,0.0050072822351895,3,1,0.1,0.7,1,False,False,False,False,True,1e-06,True,2,0.1613289738022746,-2.4791838810832703,0.4707711859976077,1.9469263314273253,1.508197430925489,0.5952075473353857,0.211520852526732,0.1613289738022746,0.1613289738022746,0.9,0.5356867926018472,0.4854492161779543
0.6366596407304759,0.0008217597822373,29.66785732182222,-7.600704358706615,0.74427533811953,0.8051185418606817,0.033683885296037,3,1,0.1,0.7,1,False,False,False,False,True,1e-06,True,2,0.058311132992549,-0.6948241930175918,1.6308061758587369,1.7421307197163785,1.3285956616183607,0.2420531238653808,0.9484219181259148,0.058311132992549,0.058311132992549,0.9,0.2178478114788427,0.4580097017118626
0.632807406572348,0.00079837787116,137.5787013577346,-5.221912643451249,0.2831203388659236,0.7955476314524161,0.0050638299935009,3,1,0.1,0.7,1,False,False,False,False,True,1e-06,True,2,0.0733761014605687,-5.399928495264911,1.9967896337726128,0.6573997704319794,1.40577062123572,0.2569957604855402,0.653792627748217,0.0733761014605687,0.0733761014605687,0.9,0.2312961844369861,0.378926208887509
0.2653723350799453,0.0015267694580432,9.05200717678486,-4.77171160272852,2.53918970946361,0.8751596689960809,0.1103497833686324,3,1,0.1,0.7,1,False,False,False,False,True,1e-06,True,2,0.0606392628916716,-0.7715082507424889,1.605529322875523,1.767870082938228,0.2669211195858664,0.1426486336454774,1.984957852120224,0.0606392628916716,0.0606392628916716,0.9,0.1283837702809296,1.081796195705867
0.6439812393641998,0.0013807908362768,29.38386641494252,-8.152044473294541,0.6744113113343958,0.8426160074887027,0.0340066366860987,3,1,0.1,0.7,1,False,False,False,False,True,1e-06,True,2,0.0662920178990212,-8.784146811209995,1.3224545328690016,1.653093614864472,1.4564374087536076,0.1867802072504628,1.5999965695205314,0.0662920178990212,0.0662920178990212,0.9,0.1681021865254165,0.4389474422805773
0.5932846344152013,0.0508014330979373,2.417245482150869,-2.1899773042662893,2.407419388894221,0.6395676353697589,0.394925162019092,3,1,0.1,0.7,1,False,False,False,False,True,1e-06,True,2,0.1557597134375968,-0.1844542075358965,1.7273134473126437,1.9706462075784883,1.9516576325339072,0.5635562913089889,0.8548827093233548,0.1557597134375968,0.1557597134375968,0.9,0.50720066217809,-0.867059289942736
0.5742005694888708,0.0012304312297407,29.784608744090367,-8.560075005211836,0.6876123874781231,0.8879863241314859,0.0335528484306559,3,1,0.1,0.7,1,False,False,False,False,True,1e-06,True,2,0.0650719836500135,-8.896000161766896,0.8542445808586989,1.247324606254549,1.0622514160958143,0.1261434695833535,0.6761743348395494,0.0650719836500135,0.0650719836500135,0.9,0.1135291226250181,0.6166891924161345
0.5708445208100722,0.0015084987337384,82.45993254257138,-3.9943556168260055,0.1835158734665876,0.6549231001881531,0.0109986221980509,3,1,0.1,0.7,1,False,False,False,False,True,1e-06,True,2,0.1107412252452681,-0.4644808534451261,1.0044253799659475,1.2161810750839583,1.3679520012759503,0.5268968214935612,0.2517441210645497,0.1107412252452681,0.1107412252452681,0.9,0.4742071393442051,0.586147772940403
0.6137646506241503,0.0011648072205789,134.8704205350652,-6.742468862812345,0.1871129568851639,0.8195708713294241,0.0051319088455538,3,1,0.1,0.7,1,False,False,False,False,True,1e-06,True,2,0.0909305290288187,-4.670452860266651,0.4596869079819089,0.6188027162496381,1.5388615823386464,0.2201507337344753,0.2525073792927943,0.0909305290288187,0.0909305290288187,0.9,0.1981356603610277,0.5528611155280202
0.362062876607214,0.0003126880549753,99.44146185698337,-1.6715966856868016,0.0842920388089626,0.5888591448373659,0.010055442543952,3,1,0.1,0.7,1,False,False,False,False,True,1e-06,True,2,0.1800426076435551,-4.174298428792125,1.2341751870024178,1.5688309815748238,0.8064746236450475,0.6981989814833989,0.4316263637798239,0.1800426076435551,0.1800426076435551,0.9,0.628379083335059,0.466742821977465
0.4472980903680676,0.0024402230295406,76.02407323215023,-2.7231991196637653,0.2492664970374693,0.7206778699558769,0.0104305121506846,3,1,0.1,0.7,1,False,False,False,False,True,1e-06,True,2,0.1233553275097488,-4.182389807303944,0.936941226565962,0.6543324714030115,0.8031571394035717,0.3875824993227895,1.0194243030054695,0.1233553275097488,0.1233553275097488,0.9,0.3488242493905106,0.4779982745072957
0.3556029841955058,0.0001935994123837,97.76040708336282,-5.694734834382604,0.3005493093163884,0.7985378746405303,0.0102285849169611,3,1,0.1,0.7,1,False,False,False,False,True,1e-06,True,2,0.0589019693128854,-6.626192107690105,1.4834307897887358,1.7603032604885849,0.4079222737695271,0.2522887539306259,1.91444045588658,0.0589019693128854,0.0589019693128854,0.9,0.2270598785375633,0.3030502393435059
0.5052963684319913,0.0061761374625345,29.4145222383366,-7.034917235248597,0.3897451018748572,0.90839870139714,0.0339096829316895,3,1,0.1,0.7,1,False,False,False,False,True,1e-06,True,2,0.1215584149842896,-5.892651224209323,0.5403414182922646,1.7330208085769172,1.4968248563787574,0.1008382095460669,1.16811923320673,0.1215584149842896,0.1215584149842896,0.9,0.0907543885914602,1.6683351061189058
0.6671748784002008,0.0003871154064573,91.04367909865762,-10.5172582424393,0.3327835599857343,0.7408979402389567,0.0109346815379344,3,1,0.1,0.7,1,False,False,False,False,True,1e-06,True,2,0.0594269984737358,-0.4777937729068675,1.080991605889172,1.2442009700511647,1.5672756757114013,0.3497135647016065,1.8082621568031751,0.0594269984737358,0.0594269984737358,0.9,0.3147422082314459,0.3559553489623401
0.6588302520733721,0.010718049139012,2.544035843763336,-7.893136584845943,6.295389933256549,0.6664081197503419,0.3875527824318552,3,1,0.1,0.7,1,False,False,False,False,True,1e-06,True,2,0.0668618207805638,-0.0688654872701377,0.9672959238124142,1.4976096212065793,1.564403053749636,0.5005819562562241,1.1253716161604548,0.0668618207805638,0.0668618207805638,0.9,0.4505237606306017,-0.2133251198911478
0.7173653706754548,0.0008687693608006,61.73065459760246,-9.35816008637348,0.769331401413281,0.7988105901757954,0.0108822277598513,3,1,0.1,0.7,1,False,False,False,False,True,1e-06,True,2,0.0571794656285564,-0.6763569989951499,1.4238101363950897,0.6331230869376735,1.9621757344370647,0.2518612200420735,1.4906264458411391,0.0571794656285564,0.0571794656285564,0.9,0.2266750980378662,0.4278053346073744
0.5031324362955399,0.0012552342997958,70.10877123593839,-4.388172364127419,0.339075020992523,0.8635557788186099,0.0106196696965028,3,1,0.1,0.7,1,False,False,False,False,True,1e-06,True,2,0.0820397887617945,-0.6629842180561631,1.0667475113820744,0.7065060088900275,0.8224398423829045,0.158002788618997,0.1025134503293376,0.0820397887617945,0.0820397887617945,0.9,0.1422025097570973,2.7730135791557573
0.4300768552391391,0.0013030948725311,98.66499314869094,-4.09220695622042,0.0960864545161603,0.6875607727977351,0.0101331166449216,3,1,0.1,0.7,1,False,False,False,False,True,1e-06,True,2,0.1728750315192783,-6.972681131980618,0.4066519810084285,1.3116157059800486,1.8580559519599549,0.4544168887514143,1.0406354444334314,0.1728750315192783,0.1728750315192783,0.9,0.4089751998762728,0.5852385894451767
0.6907005240171658,0.001245864542535,25.58729280183293,-9.177194201985714,0.9590452052012192,0.8940989967784032,0.0336951441014526,3,1,0.1,0.7,1,False,False,False,False,True,1e-06,True,2,0.0579666710891493,-5.792239973960008,1.0113642576105308,1.026122579316113,1.7212990991677442,0.1184443821133641,1.017177369434242,0.0579666710891493,0.0579666710891493,0.9,0.1065999439020277,0.597883137113646
0.6248684209733297,0.0071427176326045,9.925530479906683,-11.413845222337956,1.51978335892619,0.900901498571028,0.1019060294806683,3,1,0.1,0.7,1,False,False,False,False,True,1e-06,True,2,0.080383233236585,-0.1169155632960023,0.4867455151328062,1.4514569852414647,1.6589322373408777,0.1099992636111251,0.4134152945424063,0.080383233236585,0.080383233236585,0.9,0.0989993372500126,-0.1544938812122964
0.5200758317201345,0.0016555396632343,92.41941215888689,-14.90782637841477,0.2190396771427362,0.8996978210708922,0.0108249474809395,3,1,0.1,0.7,1,False,False,False,False,True,1e-06,True,2,0.0940588371669116,-5.322504513807677,0.2836416382394177,1.377846736796374,1.4771194375217576,0.1114842968161466,0.2242063656039721,0.0940588371669116,0.0940588371669116,0.9,0.100335867134532,1.1144042644555123
0.2532381421202406,0.0010648132880929,90.0879030111373,-1.88153603895016,0.1966353048954807,0.700557729769766,0.0110995051564877,3,1,0.1,0.7,1,False,False,False,False,True,1e-06,True,2,0.1232368422864418,-8.849534966457368,0.9470715539538164,0.8627758335792295,0.3095728924330324,0.4274341107172478,1.792513917228193,0.1232368422864418,0.1232368422864418,0.9,0.384690699645523,0.4254145980930876
0.5658690159406042,0.0020063756141344,92.36720187849816,-5.485168156513156,0.1703507821315554,0.6912900452530725,0.0102689011252813,3,1,0.1,0.7,1,False,False,False,False,True,1e-06,True,2,0.1222350701310562,-1.6019541371993036,0.6535951708417036,1.1370412401283094,1.700077921309204,0.4465708089777466,1.3772913661257846,0.1222350701310562,0.1222350701310562,0.9,0.4019137280799719,0.4775517257334737
0.6445383883554652,0.000717736515427,149.7446045826654,-5.479666133729294,0.1679137486399556,0.7443091971835467,0.0051441073810142,3,1,0.1,0.7,1,False,False,False,False,True,1e-06,True,2,0.0832216331532845,-5.464076764587992,1.17489553307504,0.8276167713207877,1.6108113565530269,0.3435276680497606,0.8748624439091277,0.0832216331532845,0.0832216331532845,0.9,0.3091749012447846,0.3405775031919391
0.5132006339653777,0.0002954803274062,92.21354658588729,-10.702698025067916,0.3521938439409153,0.799806043885656,0.0108432825804855,3,1,0.1,0.7,1,False,False,False,False,True,1e-06,True,2,0.0575238448399646,-0.7990873771256446,0.6813711140420067,1.0557300148807214,0.7957957026168283,0.2503031299210393,1.2279020685507007,0.0575238448399646,0.0575238448399646,0.9,0.2252728169289354,0.4033410433217339
0.4767578433786647,0.0017189232103139,92.50495595936904,-7.916516705034234,0.1755301329166556,0.7388444279937123,0.0108074193014965,3,1,0.1,0.7,1,False,False,False,False,True,1e-06,True,2,0.1150702184718325,-4.3210803464916925,0.6033798255174212,1.6732099766812758,1.1702669074295158,0.3534649002029291,1.2916434787396014,0.1150702184718325,0.1150702184718325,0.9,0.3181184101826362,0.4765203624046921
0.5429875761056445,0.0008101648484447,75.32607364196411,-4.97882791511416,0.4246552132533195,0.8216893930247788,0.0102325566166548,3,1,0.1,0.7,1,False,False,False,False,True,1e-06,True,2,0.0684747811549307,-3.227383164625963,1.2465327774276227,0.6687860932098336,0.9199814932216396,0.2170048785938803,0.7394845836928546,0.0684747811549307,0.0684747811549307,0.9,0.1953043907344922,0.4256344325960423
0.6735411023828275,0.000223421609186,93.36041899477216,-18.9411427332372,0.3612229322173703,0.8459715554142575,0.0107093255069338,3,1,0.1,0.7,1,False,False,False,False,True,1e-06,True,2,0.0503903955890268,-2.6073662956718326,0.7466788409505764,1.8461984660296853,1.5709045266518613,0.1820728411019889,1.577615055367605,0.0503903955890268,0.0503903955890268,0.9,0.1638655569917901,0.3659989875955382
0.3428073860006606,0.0008611196958822,98.17082431670038,-6.044813812824624,0.2018367886646174,0.7629460596910415,0.0101849434625492,3,1,0.1,0.7,1,False,False,False,False,True,1e-06,True,2,0.0976667145452077,-7.220679746839251,0.7160365509703547,1.5228090547164963,0.4808336531489445,0.310708650104248,1.919897538072772,0.0976667145452077,0.0976667145452077,0.9,0.2796377850938232,0.4307539340634797
0.5332237556693508,0.0001542989294641,95.28473560876208,-10.472024252909288,0.3268355165401155,0.8161513187060454,0.0104940453451338,3,1,0.1,0.7,1,False,False,False,False,True,1e-06,True,2,0.0504485129456908,-3.494034248329525,1.4515752666080994,1.9487421090099024,0.8359827414036514,0.2252629838121621,1.9111797699072173,0.0504485129456908,0.0504485129456908,0.9,0.2027366854309459,0.2931950120102784
0.3493019241326152,0.000243411844193,190.51601662016583,-3.93107479158432,0.0451366958577521,0.8316752161504791,0.0052484438737548,3,1,0.1,0.7,1,False,False,False,False,True,1e-06,True,2,0.1663906094706262,-8.759823092569249,0.1734819063487255,1.1944527052966656,1.1752747725701636,0.2023924490964571,1.012330686456367,0.1663906094706262,0.1663906094706262,0.9,0.1821532041868114,1.090890498655932
0.6136615933350528,0.002878038650434,7.707296361302684,-6.260077035833775,5.394745329742884,0.5846656911527877,0.1086844684976477,3,1,0.1,0.7,1,False,False,False,False,True,1e-06,True,2,0.0538984049526664,-0.0758483244789189,1.7144766828635791,0.880345560768474,1.17285190698037,0.7103791365426215,0.771583747100131,0.0538984049526664,0.0538984049526664,0.9,0.6393412228883594,-403.2949488734398
0.4444668916679609,0.0008379565280787,59.72670960133329,-5.201014716229575,1.6222038889563537,0.9079607695833916,0.0100719268938881,3,1,0.1,0.7,1,False,False,False,False,True,1e-06,True,2,0.0521831058643054,-5.264333990529914,1.9277492944604548,0.3209195544434772,0.5800213878561151,0.1013691708936275,1.298570093281724,0.0521831058643054,0.0521831058643054,0.9,0.0912322538042647,0.6284168300996179
0.6610914601522864,0.0070232042907451,2.390984684402555,-4.493445677484217,13.020645332131332,0.4622581586309379,0.4061704641358784,3,1,0.1,0.7,1,False,False,False,False,True,1e-06,True,2,0.0559465300888947,-0.0434507929770351,1.4998189174627303,1.0321894157077096,1.4611008259024512,1.1632933488111556,1.5577677031800832,0.0559465300888947,0.0559465300888947,0.9,1.04696401393004,-0.97375874949711
0.5600958924584385,0.0009170470476601,94.28012483617977,-13.5340801754571,0.2490667446501824,0.8822050617969088,0.0106036439989367,3,1,0.1,0.7,1,False,False,False,False,True,1e-06,True,2,0.0776421734255018,-0.3691076845062913,0.2011912449778681,1.7704954780371531,1.2296092688181195,0.1335233080199766,1.8579740594948035,0.0776421734255018,0.0776421734255018,0.9,0.1201709772179789,-1.145540130788666
0.3054395940112873,0.0017511808095302,92.88860417987568,-5.17883175302974,0.1130030304935455,0.781115046708519,0.0107600944271021,3,1,0.1,0.7,1,False,False,False,False,True,1e-06,True,2,0.1662428943578904,-4.701727260875021,0.2880308131705764,1.1637127919480823,0.8649549665313908,0.2802211456735132,0.6214941213919303,0.1662428943578904,0.1662428943578904,0.9,0.2521990311061619,0.8691692832856333
0.4367888254730632,0.0062894198058834,29.334175438139216,-5.307971970106275,0.3572265112334254,0.7720972999912162,0.0340208425768607,3,1,0.1,0.7,1,False,False,False,False,True,1e-06,True,2,0.1432523900705284,-2.881185032516528,0.7543073042038946,1.8082230524002991,1.1737378307689208,0.2951735487371559,0.9477199278139812,0.1432523900705284,0.1432523900705284,0.9,0.2656561938634403,0.7558932161614371
0.631058534929639,0.0041974486367732,26.489902489154023,-3.875670673006696,0.4717534233844363,0.8731990141405186,0.0336370231459465,3,1,0.1,0.7,1,False,False,False,False,True,1e-06,True,2,0.0992143046352036,-3.5321662678906502,1.9773774379323208,1.3793085671973655,1.6254385745343174,0.1452143025886148,0.3372328292550328,0.0992143046352036,0.0992143046352036,0.9,0.1306928723297533,0.970084534902192
0.3700625372397985,0.0019599607633609,90.07782802897772,-7.525985902084249,0.1680376771160346,0.7325227022869504,0.0110966002097166,3,1,0.1,0.7,1,False,False,False,False,True,1e-06,True,2,0.1317473440328835,-2.789279632876865,0.5425580402313216,1.9924375622580728,0.8766368678498534,0.3651454035185262,1.5858641196230268,0.1317473440328835,0.1317473440328835,0.9,0.3286308631666736,0.5657361670656619
0.1250431090202398,0.0001096210789698,199.84947114036896,-5.186449999527847,0.139908689004833,0.7867482740619895,0.0050036790590357,3,1,0.1,0.7,1,False,False,False,False,True,1e-06,True,2,0.0797470185484595,-9.105792449988822,0.4675852676343056,0.7659420465744526,0.1126691664628343,0.2710545837450517,0.5827101087355501,0.0797470185484595,0.0797470185484595,0.9,0.2439491253705465,0.3864432691501401
0.6296557753898473,0.0005962362142687,182.5899617974225,-5.851577284782257,0.0856668773152843,0.7208434386334879,0.0052571460861118,3,1,0.1,0.7,1,False,False,False,False,True,1e-06,True,2,0.0979913976913794,-4.495114885433168,0.8770693906409431,1.368371375008183,1.767769425428129,0.3872637890631464,0.3200526979687885,0.0979913976913794,0.0979913976913794,0.9,0.3485374101568317,0.3719650137418254
0.5405589524410314,0.0238324951228301,8.350577375238299,-1.9048341925804768,0.998541349890292,0.7985310879760545,0.1025441590443302,3,1,0.1,0.7,1,False,False,False,False,True,1e-06,True,2,0.1541448883661189,-1.2686426658056256,1.7297288598778249,1.0334907713102113,1.4013478244465791,0.2522993970523874,1.68525041785218,0.1541448883661189,0.1541448883661189,0.9,0.2270694573471487,1.4758564971943542
0.4405224621595726,0.0043695826855977,29.975037599938847,-3.058164035148889,0.307371230983219,0.8092210416106654,0.0333493072845163,3,1,0.1,0.7,1,False,False,False,False,True,1e-06,True,2,0.1347995281561979,-4.171316490050636,0.9181670778966594,1.2838887707422555,0.8533393439534243,0.2357562996750678,0.3807977587991917,0.1347995281561979,0.1347995281561979,0.9,0.212180669707561,0.8188113269383034
0.6134819992575328,0.000151694944364,92.01892236193189,-9.544528461705411,0.2834513833842081,0.8435234386647019,0.0108664248874872,3,1,0.1,0.7,1,False,False,False,False,True,1e-06,True,2,0.05,-6.715902293663545,1.3093809716944833,1.6010116550106743,1.1615248772201554,0.1855035131957927,0.5806048680766002,0.05,0.05,0.9,0.1669531618762135,0.3328972028393902
0.6049201782660972,0.0005873431177074,79.73852070817267,-7.571361382372711,0.3825208123839863,0.8207294520937918,0.0105779043745116,3,1,0.1,0.7,1,False,False,False,False,True,1e-06,True,2,0.063274815297966,-9.09186080335689,1.084494254483502,0.80834852948755,1.1881536975316185,0.2184283108749964,1.4283185572315529,0.063274815297966,0.063274815297966,0.9,0.1965854797874967,0.3645730375458218
0.4148944029388979,0.0005527433763642,88.61479610668287,-6.499031164480601,0.3285547248918909,0.8924661720619387,0.0106242193039162,3,1,0.1,0.7,1,False,False,False,False,True,1e-06,True,2,0.0692297569088261,-6.704076727131133,0.4185425957671056,0.6786508389135405,0.551545283535035,0.1204906486142964,1.5864102494668573,0.0692297569088261,0.0692297569088261,0.9,0.1084415837528668,0.704142932187427
0.6594533112996993,0.0012881489475951,62.562272400197,-7.2858531518697855,0.666858162408216,0.8372652986010063,0.0107211021023433,3,1,0.1,0.7,1,False,False,False,False,True,1e-06,True,2,0.0651737874564676,-7.970024695636937,1.4328166176951334,0.571530717564543,1.5365172963183,0.1943645600395819,1.7406236289106083,0.0651737874564676,0.0651737874564676,0.9,0.1749281040356237,0.4180806379021423
0.6281026207682193,0.0004660743673415,190.78953735545343,-4.356871866976676,0.0868686917070252,0.6942325933920184,0.0051504820674107,3,1,0.1,0.7,1,False,False,False,False,True,1e-06,True,2,0.0919387842649229,-3.988584646645016,1.5182041940633093,1.5097252116635844,1.565783763813117,0.440439428396761,0.6456127750244843,0.0919387842649229,0.0919387842649229,0.9,0.3963954855570848,0.3172873883142949
0.5887654270723344,0.0002824129936362,197.3830281578829,-6.479808723988644,0.0887352436994821,0.7493311519949901,0.0050661933165827,3,1,0.1,0.7,1,False,False,False,False,True,1e-06,True,2,0.0783409944214922,-9.74989010795063,1.3517471702220043,1.960677779266128,1.216414735275838,0.3345234578031872,0.383685611436347,0.0783409944214922,0.0783409944214922,0.9,0.3010711120228685,0.3202193304861144
0.5161909202211347,0.0604626566807986,47.98028724710977,-1.4662051847224116,1.8598803615084816,0.6363531423484381,0.0106529477364678,3,1,0.1,0.7,1,False,False,False,False,True,1e-06,True,2,0.2,-0.156008282932051,0.971996172399043,0.1987588818645666,1.5714071736203952,0.5714544856485446,1.8888806243532508,0.2,0.2,0.9,0.5143090370836901,-0.4423338346310431
0.1361613345180349,0.0003343626073635,99.72131497304764,-0.0745648430079159,0.1072299678607839,0.6313686855148871,0.0100276321457606,3,1,0.1,0.7,1,False,False,False,False,True,1e-06,True,2,0.1749737978272884,-6.57030204808026,1.9214805305287928,1.6753769074039515,0.1474970892145802,0.5838606236615785,0.3610770566207321,0.1749737978272884,0.1749737978272884,0.9,0.5254745612954207,0.4973427526831515
0.5383564882315597,0.0011184547280021,53.89860786910238,-7.649384517141113,2.101178632632573,0.8510706467129618,0.0106562697650691,3,1,0.1,0.7,1,False,False,False,False,True,1e-06,True,2,0.0511727522450132,-0.5573904933909137,1.3792762126557354,0.2902859333970452,0.8497082800826128,0.1749905884573023,1.6645531598212653,0.0511727522450132,0.0511727522450132,0.9,0.1574915296115721,0.7228351924943824
0.4572474936378014,0.0097622730508874,9.58839465627554,-2.4182745462116566,1.2471894491543154,0.857747787931941,0.1040258880431477,3,1,0.1,0.7,1,False,False,False,False,True,1e-06,True,2,0.105841709594745,-1.737309617897644,1.8011455493829338,1.104086610220934,0.7478886814189064,0.1658438693395338,1.423481138040305,0.105841709594745,0.105841709594745,0.9,0.1492594824055804,1.176073314741366
0.6729395932334916,0.0025921696149331,27.195985550058705,-7.161967200849149,0.6364785800943982,0.8583863128555547,0.0342309606832296,3,1,0.1,0.7,1,False,False,False,False,True,1e-06,True,2,0.0776967449957441,-8.353963359336182,0.9749830077397484,1.2178401960803606,1.829027272242584,0.1649766370031523,0.9475226100674072,0.0776967449957441,0.0776967449957441,0.9,0.148478973302837,0.5814310642840681
0.599459487460195,0.0001007172020127,198.0097530834611,-17.587873582891323,0.1873596555235011,0.8530732600200758,0.0050500648350196,3,1,0.1,0.7,1,False,False,False,False,True,1e-06,True,2,0.0500734010316165,-6.486548683747726,0.4651197599233587,1.2541010102741286,1.1188069722450464,0.1722322652294441,1.3590000613022686,0.0500734010316165,0.0500734010316165,0.9,0.1550090387064996,0.3567971342871822
0.3353967585145699,0.0014598025600257,92.60851793072544,-5.150306584626899,0.1187003772546946,0.6455971868205381,0.0107939753815498,3,1,0.1,0.7,1,False,False,False,False,True,1e-06,True,2,0.1681585492491267,-5.906168334826979,0.65334892514783,1.9436873867508284,1.030466488091611,0.5489534657436138,1.1314514288156492,0.1681585492491267,0.1681585492491267,0.9,0.4940581191692524,0.500439738734239
0.3510505947699964,0.0161705546889699,9.569977841211289,-1.5781203886369712,0.5174588610345539,0.8522228435287102,0.1039307957131441,3,1,0.1,0.7,1,False,False,False,False,True,1e-06,True,2,0.2,-6.343139967729426,1.2657500246006128,1.7726452617100883,0.7227311237785875,0.1734020128578157,1.4635433885636595,0.2,0.2,0.9,0.1560618115720342,1.6541712888907556
0.592558600704056,0.0377448810867668,6.080109866831219,-2.6593400787529835,2.743007498194736,0.7809792462392554,0.1032536576599225,3,1,0.1,0.7,1,False,False,False,False,True,1e-06,True,2,0.121693467099778,-0.3005869543521307,1.5469595925736468,0.5980006685563967,1.5382244123691369,0.2804437567520803,1.9558781530806888,0.121693467099778,0.121693467099778,0.9,0.2523993810768722,-1.2524945829718113
0.6312664685817385,0.0004733235926154,161.79328513591523,-6.214552280717295,0.1824952536900722,0.7333323699233391,0.0051221112395899,3,1,0.1,0.7,1,False,False,False,False,True,1e-06,True,2,0.0733504478238298,-3.908075606488417,1.831379466393092,0.8693757133358927,1.4167161050877326,0.3636381551035825,1.9467520152590905,0.0733504478238298,0.0733504478238298,0.9,0.3272743395932243,0.2900330496341496
0.5825689008650539,0.0016518325458737,140.66160764545643,-2.2336878952365904,0.1228697929133146,0.6134116712371395,0.0052086342717937,3,1,0.1,0.7,1,False,False,False,False,True,1e-06,True,2,0.1454350106156797,-3.466713147022808,1.9260428057499983,0.8712254982422598,1.9748278037590097,0.6302265621767228,0.9017116940595622,0.1454350106156797,0.1454350106156797,0.9,0.5672039059590506,0.4030294184372169
0.6101643107579252,0.0001528649977374,95.70683424762136,-8.141849049743797,0.2741938367097455,0.8581877158953642,0.0104474911882949,3,1,0.1,0.7,1,False,False,False,False,True,1e-06,True,2,0.0503034791574287,-4.109837144286486,1.4855967111462804,1.4089342076973024,1.1411083442927945,0.1652462293248745,0.3145994244402126,0.0503034791574287,0.0503034791574287,0.9,0.1487216063923871,0.3830945525145199
0.4307387322739403,0.0012006783712486,129.03673869296915,-5.23011233853218,0.262159786818058,0.8529646614017374,0.0051328032817555,3,1,0.1,0.7,1,False,False,False,False,True,1e-06,True,2,0.0909626392722837,-6.954004579793085,0.3830553563704579,0.3955069796444098,0.652318022918579,0.1723815126838067,0.4192777357860432,0.0909626392722837,0.0909626392722837,0.9,0.1551433614154261,0.6694432768969257
0.4699481034779452,0.0014440913789238,149.49216446570193,-1.9266971677195888,0.1639807750033021,0.6805394570061187,0.0050573319104408,3,1,0.1,0.7,1,False,False,False,False,True,1e-06,True,2,0.12088815431615,-2.8560096019087444,1.8404160268963496,0.67153025837711,0.8567644413210815,0.4694225143083936,0.6541487895050431,0.12088815431615,0.12088815431615,0.9,0.4224802628775543,0.415916433380991
0.5280958623735533,0.0002774209658342,99.94481050038972,-9.813310415805583,0.3132357702326116,0.8408963804074667,0.0100047419686237,3,1,0.1,0.7,1,False,False,False,False,True,1e-06,True,2,0.0572343266600127,-8.826238031821028,0.7093048576511681,0.967025034562022,0.8418837703799797,0.1892071642827595,1.3081151522631986,0.0572343266600127,0.0572343266600127,0.9,0.1702864478544835,0.3724961887530429
0.4199021247971075,0.020740556017645,18.9709262999808,-1.2676384703735308,0.6365906832607133,0.8998400882685283,0.0338161470184819,3,1,0.1,0.7,1,False,False,False,False,True,1e-06,True,2,0.1856070797828848,-4.242547333299433,1.4318187402814015,0.4972582884164483,0.8582979364653914,0.1113085680859132,1.5493231622585244,0.1856070797828848,0.1856070797828848,0.9,0.1001777112773219,3.0531078724641425
0.5632066421448546,0.016701123701749,9.80057361325266,-2.613329240481145,0.9331870865213274,0.7087133654517592,0.1015412964791001,3,1,0.1,0.7,1,False,False,False,False,True,1e-06,True,2,0.1419749951539873,-0.7381629871664668,1.592633346815314,1.5103621056260623,1.5755894567156077,0.4110076777831956,1.759673569075346,0.1419749951539873,0.1419749951539873,0.9,0.369906910004876,0.916110452358282
0.4178957119114589,0.0015817029474704,91.3194592452904,-6.61016033494263,0.1861781694931884,0.7272731486522385,0.0109482354004105,3,1,0.1,0.7,1,False,False,False,False,True,1e-06,True,2,0.1160639302718418,-1.4304028305683598,0.4896068695365342,1.171716539466254,0.8156207804241026,0.3749992033298233,1.0078986288029803,0.1160639302718418,0.1160639302718418,0.9,0.3374992829968409,0.5430771146555661
0.5777448292332301,0.0005383424645587,174.78333368996542,-4.352633466129378,0.1105388312012455,0.7166042522766867,0.0051127983362924,3,1,0.1,0.7,1,False,False,False,False,True,1e-06,True,2,0.090417628937768,-2.851349489033,1.1405911988099555,1.0518613402817605,1.2153967467028597,0.3954703685094684,0.5285763980421012,0.090417628937768,0.090417628937768,0.9,0.3559233316585215,0.3468637473936583
0.5437334872403291,0.000595815122954,168.27229738174805,-5.230176837508759,0.1565865486846153,0.7271886608452985,0.0050396245777458,3,1,0.1,0.7,1,False,False,False,False,True,1e-06,True,2,0.0848997651435747,-3.617494701889173,1.0287980031557888,0.7725844090913833,1.025697122758478,0.3751589564633479,1.40409922646674,0.0848997651435747,0.0848997651435747,0.9,0.3376430608170132,0.331970652145333
0.6991021677665428,0.0054086158363254,1.4723287842509454,-7.476306360483344,9.302461566316236,0.7979669330977607,0.6602182118920946,3,1,0.1,0.7,1,False,False,False,False,True,1e-06,True,2,0.0501132130191188,-0.1134352311853899,1.883425327545738,1.956494511509956,1.7061134171054777,0.2531847605738918,1.4601343344975153,0.0501132130191188,0.0501132130191188,0.9,0.2278662845165026,-0.332997334325473
0.296371824595985,0.0003116882459617,62.80936729695226,-3.860431303063695,1.0765791317867817,0.8893516077405409,0.0110006449868928,3,1,0.1,0.7,1,False,False,False,False,True,1e-06,True,2,0.0505992117764249,-1.8749757904873388,0.9447148350392643,0.365048968177499,0.3021958674261972,0.1244146761488056,0.995001935693238,0.0505992117764249,0.0505992117764249,0.9,0.1119732085339251,0.5839640429260438
0.5718901983817779,0.000644480028831,92.23758600680443,-8.188917445880369,0.2703170971068442,0.8144421783244757,0.0102051040877707,3,1,0.1,0.7,1,False,False,False,False,True,1e-06,True,2,0.0713985832450034,-6.472892321994523,0.687194680943652,0.9170270513784872,1.0948197113988778,0.2278342485371596,0.8082477561278728,0.0713985832450034,0.0713985832450034,0.9,0.2050508236834437,0.4043545623522742
0.5308816183864966,0.0005279684544748,185.1420914852484,-4.261780758624918,0.1079828098454069,0.7035538301207613,0.005156577037025,3,1,0.1,0.7,1,False,False,False,False,True,1e-06,True,2,0.0932985535412151,-9.331179689187678,1.1227859929323076,1.0305136113936415,1.0085912345451409,0.421355349353091,0.9426748415391232,0.0932985535412151,0.0932985535412151,0.9,0.3792198144177819,0.3223732007874461
0.6719268181122863,0.0006341754439994,61.008392549591214,-9.936835159865874,1.0865099067139332,0.8199847111452356,0.0105022193536292,3,1,0.1,0.7,1,False,False,False,False,True,1e-06,True,2,0.0502467972799023,-0.5996922111151264,1.4882297803867377,0.4963420435636334,1.5106381402903606,0.2195349332835062,1.6332181072453338,0.0502467972799023,0.0502467972799023,0.9,0.1975814399551556,0.4514102987276025
0.5180581710609129,0.000288861336977,82.96494496439864,-8.25661604081414,0.4341048639502629,0.8569002126309148,0.0105777530596526,3,1,0.1,0.7,1,False,False,False,False,True,1e-06,True,2,0.0538976821964158,-7.084139836638308,0.7974086779056467,0.7232276456301783,0.7908611312831105,0.1669970263278734,1.0000214432986003,0.0538976821964158,0.0538976821964158,0.9,0.1502973236950861,0.3946226565036665
0.2996961141949968,0.000421360339377,192.82978684663303,-14.465169252001624,0.1506589515968991,0.787172601304922,0.005185315928961,3,1,0.1,0.7,1,False,False,False,False,True,1e-06,True,2,0.0867090921198877,-0.8549359038436464,0.2479019443684549,1.177939134550306,0.4185622324131742,0.2703694187809217,0.7560873595230365,0.0867090921198877,0.0867090921198877,0.9,0.2433324769028295,0.6519922835996215
0.3126457977141487,0.0013978979315042,91.24579015186865,-1.0113844072309426,0.1948886226548479,0.6632938908573677,0.0105794119066309,3,1,0.1,0.7,1,False,False,False,False,True,1e-06,True,2,0.1317370109237827,-7.329439826339968,1.6291759604458276,0.810456314322765,0.4209009330625701,0.5076273334997993,1.236869387209815,0.1317370109237827,0.1317370109237827,0.9,0.4568646001498193,0.4056138810650818
0.4226860966058789,0.0042114426251731,63.271322440038745,-2.10453564375242,0.5371498869895897,0.7683306601997473,0.0104351589944746,3,1,0.1,0.7,1,False,False,False,False,True,1e-06,True,2,0.1129861706891704,-2.6061015447880784,1.8079989657364504,0.4378135857639075,0.6676657543796706,0.301522966348921,1.012764588728487,0.1129861706891704,0.1129861706891704,0.9,0.2713706697140289,0.5696051313861781
0.535405062473491,0.0056698999036614,8.984159043026718,-4.295647757638102,1.3824633215588076,0.8498329781045989,0.1108312532386978,3,1,0.1,0.7,1,False,False,False,False,True,1e-06,True,2,0.083273465329847,-0.7460168774212015,1.8129814964459712,1.989772772011256,0.9581151397904586,0.1767018058422749,0.7142024894601766,0.083273465329847,0.083273465329847,0.9,0.1590316252580474,1.5057083131822506
0.5770165787129597,0.0139260558765969,9.282619698517257,-2.736921744751541,0.8250166078772428,0.8640733404721749,0.1072622946719307,3,1,0.1,0.7,1,False,False,False,False,True,1e-06,True,2,0.1270098468516403,-6.638703981786888,1.5942260931630006,1.564721825362504,1.4848417391027708,0.1573091694433573,1.3626929563252674,0.1270098468516403,0.1270098468516403,0.9,0.1415782524990216,1.0637746198503872
0.7082258409385759,0.0001535671330553,171.49827365696484,-8.163290803638695,0.1545925065499779,0.8150849546282966,0.0051255824248591,3,1,0.1,0.7,1,False,False,False,False,True,1e-06,True,2,0.05555338020728,-3.0953763169247086,1.6980608935430137,1.3208427551857362,1.837046082963155,0.2268659779838905,0.3395280295441401,0.05555338020728,0.05555338020728,0.9,0.2041793801855014,0.3262347083484849
0.7201882709498318,0.0005996692926555,70.62983761019328,-8.8131392213176,0.5333716119645273,0.8638462022661249,0.0104672138145178,3,1,0.1,0.7,1,False,False,False,False,True,1e-06,True,2,0.0561203906811495,-0.8083295764947032,1.986769080362437,0.9126619407268232,1.964951225175438,0.1576134702875387,0.2111775474807597,0.0561203906811495,0.0561203906811495,0.9,0.1418521232587848,0.7366908944705598
0.4704420722806447,0.0007163571451348,92.74955349596668,-8.544391476277573,0.2145095306877225,0.7726764744364213,0.0107805409274153,3,1,0.1,0.7,1,False,False,False,False,True,1e-06,True,2,0.0828705211432048,-6.978489625606366,1.0156741187902685,1.9007164914324128,0.7875596317043818,0.2942027266060936,0.7117556236021187,0.0828705211432048,0.0828705211432048,0.9,0.2647824539454842,0.3798823013054845
0.7075646938159644,0.0002881325654653,87.6279877464831,-7.967270112118745,0.3007044893678094,0.8010075234863981,0.0104616111180973,3,1,0.1,0.7,1,False,False,False,False,True,1e-06,True,2,0.055346139117039,-2.128328367996092,1.962808429477764,1.377847067489749,1.8293479731821567,0.2484277246828892,1.0731484283796022,0.055346139117039,0.055346139117039,0.9,0.2235849522146003,0.3106494752957423
0.6772702626119321,0.0048772020061368,1.862420653505424,-8.31700590319395,8.615319741411811,0.7643842835897178,0.52545582309449,3,1,0.1,0.7,1,False,False,False,False,True,1e-06,True,2,0.0505876628091987,-0.0813209445040357,1.4848715468424798,1.6504415344239896,1.5442488051891696,0.3082424919881641,1.1418872180364898,0.0505876628091987,0.0505876628091987,0.9,0.2774182427893477,-0.2108803061048313
0.3779198995291754,5.41337653608938e-05,190.22123192441967,-5.649951709435878,0.1543152796817665,0.8568087691862627,0.0052569774236328,3,1,0.1,0.7,1,False,False,False,False,True,1e-06,True,2,0.0504721045546429,-8.799896295930974,1.0604772432999523,1.1428861246309725,0.4365619223626029,0.1671215748056947,0.1852194316107262,0.0504721045546429,0.0504721045546429,0.9,0.1504094173251253,0.3650072947067068
0.6614916569014924,0.0005086797316327,76.72477500784935,-7.677134409151225,0.3666583122694085,0.8675523839448183,0.0100058470424715,3,1,0.1,0.7,1,False,False,False,False,True,1e-06,True,2,0.0598303421088077,-3.357625372202148,1.1127981700653404,0.8675162019840663,1.4966574538762702,0.1526681483519572,0.2818142331102798,0.0598303421088077,0.0598303421088077,0.9,0.1374013335167614,0.5114207596117523
0.1916244689497487,0.0001396641492552,94.56403056401147,-12.375538063178146,0.3976172264010257,0.8904386071130772,0.0105730352822245,3,1,0.1,0.7,1,False,False,False,False,True,1e-06,True,2,0.057361290932717,-5.257218702031194,0.4682867323913428,1.442677570193602,0.1774848704206854,0.1230420514246745,1.52997411939104,0.057361290932717,0.057361290932717,0.9,0.110737846282207,0.5744984705638648
0.3567163022095257,0.0131846092308802,51.50016070739121,-1.2620517250701468,0.6169794169247038,0.8298463072371428,0.0109659178579725,3,1,0.1,0.7,1,False,False,False,False,True,1e-06,True,2,0.1720624832082771,-1.750367849913529,1.1427932049664296,0.2822872464185382,0.600914720430027,0.2050424172270646,0.9258857879566048,0.1720624832082771,0.1720624832082771,0.9,0.1845381755043582,1.942471089644596
0.5633682621351365,0.0042319646962808,29.15789397437329,-6.222714833494883,0.4106887322703307,0.8234057251318487,0.0342638928471327,3,1,0.1,0.7,1,False,False,False,False,True,1e-06,True,2,0.1079393779387083,-7.420445377452685,0.8920704083868267,1.7518511499471645,1.4753653412769432,0.2144681163588872,0.6424812798616338,0.1079393779387083,0.1079393779387083,0.9,0.1930213047229985,0.6557007046682587
0.1854696078941889,4.7464958997355375e-05,195.26622372462188,-0.5607189589590083,0.1817254615364898,0.8264524234490318,0.0051211666190072,3,1,0.1,0.7,1,False,False,False,False,True,1e-06,True,2,0.0554314126824163,-9.836110688755838,1.1902743013615582,0.8494638527278094,0.1635612675395146,0.2099910068951127,0.4079657616689316,0.0554314126824163,0.0554314126824163,0.9,0.1889919062056014,0.3282099524884079
0.5905654061975224,0.0047968702660545,61.60090914781237,-2.716850445292012,0.3270753039497542,0.7422298955653681,0.0109120555799859,3,1,0.1,0.7,1,False,False,False,False,True,1e-06,True,2,0.1284830995963231,-5.718799773360638,1.5014847134137714,0.6631897024592588,1.6326996383900878,0.3472914604689758,0.7989973161219488,0.1284830995963231,0.1284830995963231,0.9,0.3125623144220782,0.5329157575285487
0.4156529043426004,0.0183023627965391,9.56362956318016,-1.34563325368383,0.5629150633216546,0.7947072464942733,0.1041852664276188,3,1,0.1,0.7,1,False,False,False,False,True,1e-06,True,2,0.2,-6.8438765646559645,1.4797434743485116,1.4568763029566263,0.944442616045956,0.2583250051026257,1.9767687835778447,0.2,0.2,0.9,0.2324925045923631,1.0984854752290858
0.3210780035435571,0.0002392959307756,198.51882550701788,-2.3638428432084697,0.114298360771067,0.7027972772185046,0.0050372579079107,3,1,0.1,0.7,1,False,False,False,False,True,1e-06,True,2,0.0840825100966201,-9.981997289245044,1.558690399623093,1.4410127722337067,0.3750396270948436,0.4228854214657022,1.534265091497487,0.0840825100966201,0.0840825100966201,0.9,0.380596879319132,0.2886628353807317
0.421622564949198,0.002072206707691,67.0749719385838,-2.9528693334216856,0.4818531547551025,0.8068788865890578,0.0104756918159881,3,1,0.1,0.7,1,False,False,False,False,True,1e-06,True,2,0.0918457419535226,-6.109712208950189,1.122764692451894,0.4677625381796142,0.6076100589272142,0.2393433718749645,1.039827148093398,0.0918457419535226,0.0918457419535226,0.9,0.2154090346874681,0.5074588431362683
0.6499319922229146,0.0007248198856296,91.27078250267814,-5.899448658259829,0.2386168568000476,0.7344089546123194,0.0101113358114511,3,1,0.1,0.7,1,False,False,False,False,True,1e-06,True,2,0.0758853321413255,-1.1351324806228362,1.4329426113868515,1.2156856594132293,1.568632534959915,0.3616391708185,1.050456195021496,0.0758853321413255,0.0758853321413255,0.9,0.32547525373665,0.3505182139550427
0.5166728066874848,0.0003153773663785,191.47067832046312,-7.609365392069708,0.1984118760425967,0.5310593350988628,0.005222618091955,3,1,0.1,0.7,1,False,False,False,False,True,1e-06,True,2,0.0739311999705807,-0.1301086519130692,0.8644912122788466,1.0008096271748703,0.8700712880773152,0.8830287576318347,1.5976119860239817,0.0739311999705807,0.0739311999705807,0.9,0.7947258818686513,0.4422288179041371
0.1312403370363085,1.937454233432121e-05,199.7659422471501,-0.028208239594322,0.0727705639314889,0.5182390922998514,0.00500583387631,3,1,0.1,0.7,1,False,False,False,False,True,1e-06,True,2,0.174006704686344,-7.147025040313315,1.831396726257417,1.410106794871603,0.1490282955408062,0.9296112833985196,1.9540711224614435,0.174006704686344,0.174006704686344,0.9,0.8366501550586676,0.3709029590359989
0.1274868133950081,0.0017584720759814,29.039517032822424,-0.1181478809180875,0.3125988980164374,0.8942910807923452,0.0344463586215032,3,1,0.1,0.7,1,False,False,False,False,True,1e-06,True,2,0.1501775018583838,-7.466796183396193,1.7617475038430177,1.392131282499189,0.1265001407492858,0.1182041524041549,0.2717038563501713,0.1501775018583838,0.1501775018583838,0.9,0.1063837371637394,1.7119648875517568
0.6347799642703963,0.0009244201921124,96.55551630815978,-6.6768491819234965,0.1994534127879626,0.6780004651724346,0.0103557967995894,3,1,0.1,0.7,1,False,False,False,False,True,1e-06,True,2,0.0876537471771169,-0.8893397412223596,1.438132327926722,1.8033504218702163,1.6613259684526809,0.4749252417484284,1.9789907352260547,0.0876537471771169,0.0876537471771169,0.9,0.4274327175735856,0.3435037910236861
0.5572044570846112,0.0020221504832242,28.317410347622605,-4.819038475793236,0.6445350749440647,0.8472724716415999,0.0343680228119647,3,1,0.1,0.7,1,False,False,False,False,True,1e-06,True,2,0.0766362163134351,-6.173730726527169,1.286837545478558,1.1057100057135316,1.019766254661425,0.1802578668258734,0.8779447813849562,0.0766362163134351,0.0766362163134351,0.9,0.1622320801432861,0.5388943195547765
0.4357280971285399,0.0016702732772368,86.80815198012576,-2.102908825267904,0.140547072768622,0.5893240627430364,0.0110493215352169,3,1,0.1,0.7,1,False,False,False,False,True,1e-06,True,2,0.1669582656124822,-4.382398793014138,1.274463233736514,1.0566730242171556,1.074309278098062,0.6968592718672528,1.9979059929363003,0.1669582656124822,0.1669582656124822,0.9,0.6271733446805275,0.4300563211157462
0.6751652426323405,0.0138865238724284,1.64565413610559,-5.45444636495125,7.096244429624272,0.7518922920199942,0.5880544487069619,3,1,0.1,0.7,1,False,False,False,False,True,1e-06,True,2,0.0668514873436527,-0.047759659734444,1.6408155102465074,1.5645784872174415,1.6489754663708,0.3299777250189021,1.375513793914838,0.0668514873436527,0.0668514873436527,0.9,0.2969799525170119,-0.083112227560022
0.6005844587044235,0.0006436998378985,185.2040764445323,-3.4778099031414533,0.0962666918795075,0.6030099769716994,0.0052196057511976,3,1,0.1,0.7,1,False,False,False,False,True,1e-06,True,2,0.1056707308830165,-0.7644489551091471,1.697101008841175,1.3845123096370473,1.5150629567883955,0.6583473544201942,1.2115721717015937,0.1056707308830165,0.1056707308830165,0.9,0.5925126189781748,0.3369224176305789
0.2940762679365843,0.0004802388265434,92.8234298638357,-1.0109452409199484,0.3439750412787616,0.800552920914524,0.010620988403437,3,1,0.1,0.7,1,False,False,False,False,True,1e-06,True,2,0.0744584449050485,-1.6503059427588995,1.9986922196758428,0.8793538220943868,0.314850470754349,0.2491366577710248,0.454826577438154,0.0744584449050485,0.0744584449050485,0.9,0.2242229919939223,0.4558835835618156
0.4408442318384839,0.0029604860614527,25.44654513676107,-3.152348910411785,0.9293421758643032,0.8470105219257505,0.0339308007103773,3,1,0.1,0.7,1,False,False,False,False,True,1e-06,True,2,0.0819908645666819,-6.218521542420854,1.6826122781048638,0.7089910320133376,0.632588124272976,0.1806228778910737,1.501052283962579,0.0819908645666819,0.0819908645666819,0.9,0.1625605901019663,0.5781264067144207
0.3409866221087479,0.0003924541763275,193.59263123991315,-20.2751269604642,0.1837932181205972,0.7887560603733521,0.0051647748023707,3,1,0.1,0.7,1,False,False,False,False,True,1e-06,True,2,0.077560679285755,-0.7157968131988763,0.3112417104501453,1.8388436327569269,0.4994026924284904,0.2678191017976547,1.240415395390705,0.077560679285755,0.077560679285755,0.9,0.2410371916178892,0.6166488495732703
0.697105185907189,0.0001163749698401,191.53901854217509,-16.32181241954528,0.1632290555590157,0.8013905539399124,0.0052206972321722,3,1,0.1,0.7,1,False,False,False,False,True,1e-06,True,2,0.0520882222197112,-5.777224580660956,1.018156883872597,1.96325924754885,1.765972652814039,0.2478310295568807,1.4915235117349468,0.0520882222197112,0.0520882222197112,0.9,0.2230479266011926,0.272166019613408
0.6964352946348312,0.0008594359891706,55.2870124424677,-9.94940995588209,1.3183823684649008,0.9018975398949952,0.0107865683587309,3,1,0.1,0.7,1,False,False,False,False,True,1e-06,True,2,0.0500374874233656,-5.056465436567738,1.209455725305488,0.4341567956789769,1.6945034442489515,0.1087733980474394,1.803396185409421,0.0500374874233656,0.0500374874233656,0.9,0.0978960582426955,0.5610998307511478
0.5719122077906622,0.0168828991213452,9.792315373913128,-2.140051915992911,0.6943415837397092,0.7556276027414381,0.1016711455256607,3,1,0.1,0.7,1,False,False,False,False,True,1e-06,True,2,0.1563132449821837,-3.4804267204857853,1.9400835174441484,1.9385386299697296,1.7616450014757217,0.3234032165738414,1.992867080879276,0.1563132449821837,0.1563132449821837,0.9,0.2910628949164572,0.7428080571701859
0.4828975443848742,0.0009670713625443,196.13152455151985,-8.92944275048005,0.076508260026148,0.7993913811062227,0.0050981131494504,3,1,0.1,0.7,1,False,False,False,False,True,1e-06,True,2,0.1216405691864721,-7.623457530773184,0.2904518847219792,1.9899240517073489,1.6005488784459565,0.2509516910429642,1.6908346234102192,0.1216405691864721,0.1216405691864721,0.9,0.2258565219386678,0.6475290371348751
0.4541304012005435,0.0017611000141948,90.32304031617916,-2.2630209228095826,0.1717836568526283,0.6261838909715779,0.0107600718733455,3,1,0.1,0.7,1,False,False,False,False,True,1e-06,True,2,0.1352689928664017,-2.991023857073221,1.584387651261176,1.0250431211385995,0.8917452073000869,0.5969749692033984,1.8675049047656165,0.1352689928664017,0.1352689928664017,0.9,0.5372774722830586,0.3915200720988802
0.6227276575954511,0.0002137506741072,88.9208364745824,-7.167079653402818,0.3713620237411975,0.805811566838517,0.0101782824159625,3,1,0.1,0.7,1,False,False,False,False,True,1e-06,True,2,0.0510702346549271,-0.9663329920421404,1.84000854715804,1.0863006382254077,1.2065703282441944,0.2409849165151014,0.8607822073006199,0.0510702346549271,0.0510702346549271,0.9,0.2168864248635912,0.3368711684067351
0.5126717607684156,0.0011705730750371,99.31270340388971,-3.2353582960421545,0.182916211766113,0.6858921004257967,0.010068626269997,3,1,0.1,0.7,1,False,False,False,False,True,1e-06,True,2,0.1036145490790139,-7.192717469833302,1.7414983470209031,1.1376456147935878,0.9743501281994568,0.4579552664029916,1.82465684970382,0.1036145490790139,0.1036145490790139,0.9,0.4121597397626925,0.3405826858764071
0.3966019947251312,0.0011428605294408,93.38108901634756,-2.408586816725085,0.1168966673967435,0.6848777919373941,0.0107081196801985,3,1,0.1,0.7,1,False,False,False,False,True,1e-06,True,2,0.1372516375844263,-3.991107626851623,1.1970000479188974,1.494683818445216,0.6855216884587453,0.4601145076863754,0.3360534526015846,0.1372516375844263,0.1372516375844263,0.9,0.4141030569177378,0.4707335434641227
0.5225236685930467,0.0019695451227263,91.21523136407814,-4.707200916539978,0.1287393627271586,0.6600897792067215,0.0109612181376887,3,1,0.1,0.7,1,False,False,False,False,True,1e-06,True,2,0.1476410713644507,-6.047623442197754,0.7315157976504654,1.512599339322777,1.9436393253421784,0.5149454384853128,1.3385166338093153,0.1476410713644507,0.1476410713644507,0.9,0.4634508946367816,0.4559702544487762
0.5396509671820896,0.0001560469080105,92.91286776654565,-13.560081890741465,0.2665126149773895,0.9014988558396164,0.0107686665428673,3,1,0.1,0.7,1,False,False,False,False,True,1e-06,True,2,0.0514631624722549,-5.6728034150795885,0.7787130451822757,1.8695582417077328,0.867677724946565,0.1092637483922751,0.1321288228482531,0.0514631624722549,0.0514631624722549,0.9,0.0983373735530476,0.5697691695113751
0.2522093029535732,0.0021504689682164,29.14302053725672,-2.625938205464919,0.5068806199674301,0.823532466705595,0.0342968283064152,3,1,0.1,0.7,1,False,False,False,False,True,1e-06,True,2,0.105702707104845,-8.834967212530028,0.9555941408466188,1.1500795042463745,0.2915795230765838,0.2142812098232559,0.9529647934363616,0.105702707104845,0.105702707104845,0.9,0.1928530888409303,0.6344141184449192
0.4981068911887145,0.0010139177576051,91.69982715966356,-1.8418036116281629,0.1171010316151174,0.5176723812348433,0.0105469111222601,3,1,0.1,0.7,1,False,False,False,False,True,1e-06,True,2,0.1736405198478833,-1.214398281735317,1.8282438365863616,1.3970374100005436,1.8241112583374568,0.931723685189896,1.6565354800470635,0.1736405198478833,0.1736405198478833,0.9,0.8385513166709063,0.4252681334044403
0.642233532804627,0.0002590896752382,139.77825531197536,-9.988043400004736,0.2875151030457988,0.8475344761471248,0.0050280595833614,3,1,0.1,0.7,1,False,False,False,False,True,1e-06,True,2,0.0550462100201496,-1.385717536786121,0.5977710319410178,0.6193781756345013,1.3494926163485077,0.1798930051152378,0.2654727234030567,0.0550462100201496,0.0550462100201496,0.9,0.161903704603714,0.463359406278072
0.66259964101993,0.0004841880562469,29.4713483729834,-9.496415514064935,0.7930306340977746,0.8747798391273365,0.0339083850923574,3,1,0.1,0.7,1,False,False,False,False,True,1e-06,True,2,0.0501853322626263,-7.382620243244654,1.5850201384841325,1.7906887883660705,1.4446569240108131,0.143144772286454,1.0492422323550452,0.0501853322626263,0.0501853322626263,0.9,0.1288302950578086,0.4207580511279103
0.554053864110949,0.0004281568811857,92.12066941283231,-5.070609138431713,0.271096642035422,0.8487578684782735,0.0101172126964921,3,1,0.1,0.7,1,False,False,False,False,True,1e-06,True,2,0.0645992580040608,-8.004813699015138,1.7523927732297075,1.147693275444164,0.9436783842102376,0.1781923174307492,0.2840562470933852,0.0645992580040608,0.0645992580040608,0.9,0.1603730856876743,0.4473861727110232
0.1772167482083753,0.0034893990968991,29.924825760867744,-2.244080553570077,0.3104641326874857,0.795658878153337,0.033355161481484,3,1,0.1,0.7,1,False,False,False,False,True,1e-06,True,2,0.17372332202037,-6.976779120013699,0.7214805974859069,1.5449538347866485,0.2587516935166567,0.2568200110088923,1.8389030873509613,0.17372332202037,0.17372332202037,0.9,0.231138009908003,0.9414416285716728
0.4123206687942734,0.0096380076774365,106.40469552382744,-1.699980738086425,0.5657440894008108,0.7988511596862234,0.0050826780770458,3,1,0.1,0.7,1,False,False,False,False,True,1e-06,True,2,0.1497816834216038,-9.238564254853332,1.2647475214746189,0.2251387453372802,0.7422420106976604,0.2517976444983628,1.5772894412060103,0.1497816834216038,0.1497816834216038,0.9,0.2266178800485265,0.7958756682560807
0.6971427811980437,0.0003277465593643,185.02250765473363,-7.033955750197823,0.1144695648914816,0.7331255088487995,0.0051734955455946,3,1,0.1,0.7,1,False,False,False,False,True,1e-06,True,2,0.0733774308928133,-8.000745393050268,1.4512809154823665,1.462852857714983,1.9841901032600715,0.3640229236740978,1.1625857993448545,0.0733774308928133,0.0733774308928133,0.9,0.327620631306688,0.2820573389087527
0.5528833390540747,0.0004921658464443,90.75684846968826,-14.449431066592842,0.3333581153717476,0.8327807742895974,0.0110161668342625,3,1,0.1,0.7,1,False,False,False,False,True,1e-06,True,2,0.0634518578296635,-0.8358307698425769,0.3923576472044382,1.2616377402100407,1.0038044581683296,0.2007962129685916,1.3027088466813983,0.0634518578296635,0.0634518578296635,0.9,0.1807165916717325,0.6101204271697409
0.2666465302650197,0.000868286208293,99.51613217183436,-3.5075988924609613,0.1320614325370473,0.6727929598394887,0.0100478893136322,3,1,0.1,0.7,1,False,False,False,False,True,1e-06,True,2,0.1327299514348034,-3.780940216934825,1.1871249784651237,1.9248849946837088,0.3749553749961296,0.4863413556505919,0.5249923017271146,0.1327299514348034,0.1327299514348034,0.9,0.4377072200855327,0.4372032942334727
0.5019435256085225,0.0037867592752952,2.9340746453763686,-7.825349966930571,7.799273456950858,0.9005318442028033,0.3379479451774346,3,1,0.1,0.7,1,False,False,False,False,True,1e-06,True,2,0.050365884404124,-0.1026056421175205,1.5971853816596315,0.7684418261278227,0.7313390356203752,0.1104549011093006,1.929631053864384,0.050365884404124,0.050365884404124,0.9,0.0994094109983705,-0.1470216460530553
0.5396797359534855,6.589556757803716e-05,192.960448068632,-6.979894395558768,0.1453922020606575,0.802874300293849,0.0051823260781457,3,1,0.1,0.7,1,False,False,False,False,True,1e-06,True,2,0.0501283196536388,-3.772969164581519,1.656421223247188,1.6886621987439543,0.8497895587149435,0.2455249839657388,0.7235048018670639,0.0501283196536388,0.0501283196536388,0.9,0.2209724855691649,0.2688442735910626
0.3247914116475095,6.185968117838839e-05,96.76823063024564,-0.8029235465324803,0.0886961732518465,0.5695102440598839,0.010333246782316,3,1,0.1,0.7,1,False,False,False,False,True,1e-06,True,2,0.1908937947938357,-6.669276659488526,1.7531750420137289,1.497779819307109,0.6329863500748943,0.7558946663913744,0.5222605532411528,0.1908937947938357,0.1908937947938357,0.9,0.6803051997522369,0.4608860054060999
0.4160667413019911,0.000147144141716,90.4295583174562,-12.748780406238076,0.3989611426075314,0.8444872910736536,0.011057043811794,3,1,0.1,0.7,1,False,False,False,False,True,1e-06,True,2,0.0500662018840713,-8.203969752203976,1.0518914231009084,1.943732552904773,0.5207659513364102,0.1841504431980647,1.957732091694516,0.0500662018840713,0.0500662018840713,0.9,0.1657353988782583,0.3329775902572863
0.4445182485749335,0.002081549015374,91.9659701045962,-6.82952725912755,0.1522351086526437,0.724000792967516,0.0108707455935681,3,1,0.1,0.7,1,False,False,False,False,True,1e-06,True,2,0.1348828967723314,-2.457683749996294,0.4453200599050235,1.2829389698844644,1.250951736679855,0.3812139568262427,0.6849067264172155,0.1348828967723314,0.1348828967723314,0.9,0.3430925611436184,0.5708978379226051
0.1280996822220773,0.0026485243565303,29.825526333721072,-1.0094027769174665,0.3166436418097395,0.7912688261430384,0.0335003479250358,3,1,0.1,0.7,1,False,False,False,False,True,1e-06,True,2,0.1853464619137041,-3.409725255818291,0.6746319789022959,0.8902509049792301,0.1555557004398408,0.2637929954531396,1.7810501607292966,0.1853464619137041,0.1853464619137041,0.9,0.2374136959078256,1.1184365917376904
0.3807755951107399,0.0011414379526793,99.96450912773716,-4.935564173662492,0.1724657440121605,0.7721224814068178,0.0100023513840513,3,1,0.1,0.7,1,False,False,False,False,True,1e-06,True,2,0.1088728850095648,-9.415730334251055,0.543893600573631,1.1115802248894668,0.6013130642902871,0.2951313089316945,1.6832776525945858,0.1088728850095648,0.1088728850095648,0.9,0.265618178038525,0.4972509762185286
0.6011736892720335,0.000588908428259,90.74692640222774,-9.413827451285606,0.2901821013316188,0.8451401392690615,0.0108256742227376,3,1,0.1,0.7,1,False,False,False,False,True,1e-06,True,2,0.0671027228346892,-7.920363156403963,0.5964150010263072,1.006360089909503,1.22208502476203,0.1832357185932175,1.9470728339342,0.0671027228346892,0.0671027228346892,0.9,0.1649121467338957,0.4543186639154275
0.32892324995983,0.0068394413440017,107.05384732230068,-1.2974371125326,0.52663631232052,0.7150814475201553,0.0052302930100567,3,1,0.1,0.7,1,False,False,False,False,True,1e-06,True,2,0.1543368117291033,-3.906744816516477,1.804384030155604,0.239723453377957,0.5045485002359156,0.3984420984042016,1.82215438073711,0.1543368117291033,0.1543368117291033,0.9,0.3585978885637815,0.6013065460104342
0.5642752760530201,0.0010814871906655,77.0101686567922,-5.558726492221353,0.3431513630152611,0.7727590848034377,0.0110382171280032,3,1,0.1,0.7,1,False,False,False,False,True,1e-06,True,2,0.0783515863421217,-3.328382171124688,1.2394650966550915,0.792493431198125,1.0775925518176914,0.2940643722802227,1.7685258999087203,0.0783515863421217,0.0783515863421217,0.9,0.2646579350522005,0.3747986219438549
0.5670825465793393,0.0027010145803876,72.21128695715862,-3.302683556990702,0.1923427188115925,0.8490293382620917,0.0105944722621823,3,1,0.1,0.7,1,False,False,False,False,True,1e-06,True,2,0.1216847537083589,-1.5791313971331835,1.4768882268778167,0.9347310180596374,1.3957510445079735,0.1778156006327596,0.1163139301307784,0.1216847537083589,0.1216847537083589,0.9,0.1600340405694836,1.422445972018143
0.723730154258809,0.0003308080923731,75.0973539366965,-13.72931820383462,0.5012751006123944,0.8783696200241314,0.0105564746214785,3,1,0.1,0.7,1,False,False,False,False,True,1e-06,True,2,0.0500124275681394,-7.383461224023426,0.6700128065156813,0.8456859005264546,1.9686348535344853,0.1384728902310248,1.1220238536317588,0.0500124275681394,0.0500124275681394,0.9,0.1246256012079223,0.4323317309182161
0.6584306250410883,0.0004095323073901,91.572181603591,-9.696782100173158,0.2175970077696989,0.8303396407631295,0.0109195485900028,3,1,0.1,0.7,1,False,False,False,False,True,1e-06,True,2,0.0648174950112461,-9.9690690786506,1.0134433196947177,1.7353770848426442,1.561466470988118,0.204326459809799,0.3414621614913842,0.0648174950112461,0.0648174950112461,0.9,0.1838938138288191,0.3945991778346718
0.7141039690684986,0.0010845617620262,56.51557164903594,-8.74120469083469,0.9266094989034708,0.8775602686284506,0.0110564225573004,3,1,0.1,0.7,1,False,False,False,False,True,1e-06,True,2,0.0565107358594019,-8.773829524063032,1.357629325252795,0.5360310411259176,1.911096147418459,0.1395228746658185,1.285051932228885,0.0565107358594019,0.0565107358594019,0.9,0.1255705871992367,0.4838765129130101
0.4763987758650988,0.0003717131770918,91.2215471591346,-10.445222884783892,0.3005473211433587,0.812758732248925,0.0109614807786391,3,1,0.1,0.7,1,False,False,False,False,True,1e-06,True,2,0.0635487101695583,-1.3459689638651398,0.6355524617912637,1.110782465454284,0.7073895777996511,0.2303774297607032,0.5529504268283276,0.0635487101695583,0.0635487101695583,0.9,0.2073396867846329,0.4268807397530841
0.4702106179677733,0.0170774048608306,9.506360768716144,-1.2652251642847026,0.466993620480139,0.8284872133103774,0.1046916915879061,3,1,0.1,0.7,1,False,False,False,False,True,1e-06,True,2,0.2,-7.302753731891999,1.896375500133372,1.831814463239929,1.1919632815892929,0.207019232082425,0.8391402423502279,0.2,0.2,0.9,0.1863173088741825,1.3438777026710966
0.3283728835500643,0.0143976040099228,9.476861745424316,-1.7111056328930858,0.5931753386918712,0.8497801852081683,0.1050387946302003,3,1,0.1,0.7,1,False,False,False,False,True,1e-06,True,2,0.1824986944777345,-1.945850928470908,1.2272447147193988,1.6723529086524385,0.5896473360492152,0.176774908860734,0.9582341835332971,0.1824986944777345,0.1824986944777345,0.9,0.1590974179746606,2.5878963340291774
0.7084115894562104,0.002266890696707,24.03009826389236,-6.415265553616487,0.9879227131667264,0.8019379550585373,0.0338144031513934,3,1,0.1,0.7,1,False,False,False,False,True,1e-06,True,2,0.0675735322595814,-0.6890356157340918,1.9274164322404408,1.0898286801887958,1.975496474701739,0.2469792627872381,0.9821378669872312,0.0675735322595814,0.0675735322595814,0.9,0.2222813365085143,0.5658656510348913
0.4294723617130843,0.0003175020665017,90.98673758212912,-4.769442096703337,0.349194384022714,0.801262318217954,0.0109899835533708,3,1,0.1,0.7,1,False,False,False,False,True,1e-06,True,2,0.0610243253471977,-8.26887609582893,1.5428903926504425,0.8988327947527655,0.5600118572358967,0.2480307350831724,1.9740686384281927,0.0610243253471977,0.0610243253471977,0.9,0.2232276615748552,0.3164762174982476
0.4185068614296081,0.0092109483479196,9.365393983404768,-2.206076828535576,1.0862369560794156,0.8956107656594354,0.1065639323882008,3,1,0.1,0.7,1,False,False,False,False,True,1e-06,True,2,0.1100358374661434,-7.284990389514538,1.69999597736921,1.2750588377009362,0.6424909765699718,0.1165564755842379,1.6345556042037144,0.1100358374661434,0.1100358374661434,0.9,0.1049008280258141,1.2110279401859754
0.1375118964805895,0.0004825760437518,90.47249170306765,-1.0277594126916876,0.2624908476629526,0.7512954707140246,0.0110526109754456,3,1,0.1,0.7,1,False,False,False,False,True,1e-06,True,2,0.1018360482679094,-6.482130401813544,0.8814587185012834,0.6502075244330349,0.1299077633476217,0.3310342454874762,1.455219158328276,0.1018360482679094,0.1018360482679094,0.9,0.2979308209387286,0.4298666773281432
0.5245851319423687,0.0024843223071119,75.58619745017452,-2.376677952352019,0.2503079857405599,0.7074874213221115,0.0106942595526986,3,1,0.1,0.7,1,False,False,False,False,True,1e-06,True,2,0.118572176218898,-8.29646733516459,1.9668719661365304,0.8288593846001377,1.0940176384510167,0.4134526916835608,1.0346572746586051,0.118572176218898,0.118572176218898,0.9,0.3721074225152047,0.4198712894621013
0.5716789629205603,0.0001518112698446,90.1221042036269,-9.995920706442403,0.2712656034219643,0.8886728476941499,0.0110959266682022,3,1,0.1,0.7,1,False,False,False,False,True,1e-06,True,2,0.0506169871052065,-7.627883812639335,0.9706503158942378,1.4274312808977625,0.9760263561084168,0.1252734936087133,0.1767014154012914,0.0506169871052065,0.0506169871052065,0.9,0.1127461442478419,0.4800999105756765
0.5278596499858973,0.0123708131889259,9.618322466458595,-2.546601599488481,1.0139765641280565,0.8740372695760475,0.1036801870417994,3,1,0.1,0.7,1,False,False,False,False,True,1e-06,True,2,0.1163271205862654,-8.498274351820534,1.7283393931562427,1.1766247966445456,1.0844545961425274,0.1441159717194333,1.926978396304275,0.1163271205862654,0.1163271205862654,0.9,0.1297043745474899,1.0204256342212654
0.6691043218578122,0.0004752504290542,118.2182032411221,-10.806785132372337,0.5739276457877156,0.8858228077361436,0.0052039421273777,3,1,0.1,0.7,1,False,False,False,False,True,1e-06,True,2,0.0531139917929874,-9.004289638895425,0.6631461439768567,0.4288440464953744,1.5167037020612115,0.1288939404886782,1.2162229401819236,0.0531139917929874,0.0531139917929874,0.9,0.1160045464398104,0.4874992258703009
0.1980581283675509,0.0002028884382448,29.719969423321647,-3.333275972253275,1.0779891628813167,0.8807655755598391,0.033641928644702,3,1,0.1,0.7,1,False,False,False,False,True,1e-06,True,2,0.0503990774167512,-8.236370362834982,1.506863431749186,1.5500395056109777,0.1770445649879556,0.1353758908712709,1.8571826281720336,0.0503990774167512,0.0503990774167512,0.9,0.1218383017841438,0.4426993108075852
0.3962335889995686,0.0001330421267411,96.47540906589202,-8.334135230201468,0.3554891105840099,0.841183450431056,0.0103646691315695,3,1,0.1,0.7,1,False,False,False,False,True,1e-06,True,2,0.0507885083137143,-7.4144013113042035,0.964801928481706,1.2262004154213235,0.4759698129790939,0.1888013244763196,1.503798060337059,0.0507885083137143,0.0507885083137143,0.9,0.1699211920286877,0.3318329219621768
0.6387209046789439,0.0003254182755941,77.72448409365063,-11.493522105670587,0.4635987810632836,0.8753082053163315,0.0104734188366036,3,1,0.1,0.7,1,False,False,False,False,True,1e-06,True,2,0.0519548555014397,-6.8203262949321175,0.6514976707212016,0.7614076668631456,1.315760830906625,0.1424547307180853,0.7302339707345492,0.0519548555014397,0.0519548555014397,0.9,0.1282092576462767,0.4402058390411595
0.6718129395269524,0.0008888941842937,92.7039009131278,-11.416801014364022,0.2360218667815092,0.8696170815414889,0.010785171746987,3,1,0.1,0.7,1,False,False,False,False,True,1e-06,True,2,0.0753935305777214,-8.854293545795088,0.4076429459612218,1.331859751439588,1.9491076007966617,0.1499314137521236,1.674399703187251,0.0753935305777214,0.0753935305777214,0.9,0.1349382723769113,0.6130641625665636
0.5499295084012056,0.0004374431192133,67.0233465523599,-8.467020687873879,0.7059519497658603,0.8816885506626035,0.0109376572523845,3,1,0.1,0.7,1,False,False,False,False,True,1e-06,True,2,0.0521583033824284,-7.966760425654382,0.8707300455890069,0.537701044134445,0.8954256333888926,0.1341873490911086,1.5309885941570744,0.0521583033824284,0.0521583033824284,0.9,0.1207686141819977,0.4634685174470245
0.6850775407247279,0.0003673335845352,191.42982021537927,-15.815755395249456,0.1548741885974335,0.8292357012615273,0.0051063965055562,3,1,0.1,0.7,1,False,False,False,False,True,1e-06,True,2,0.0675314194335722,-8.244404465369033,0.3591260237112265,1.050926886061925,1.985894587796018,0.205929747692588,0.4542445304205195,0.0675314194335722,0.0675314194335722,0.9,0.1853367729233292,0.4118475696044732
0.4802994352932098,0.000710748121891,77.2983260146219,-3.745803468205175,0.4093226678595378,0.8089809217232847,0.0110127937549159,3,1,0.1,0.7,1,False,False,False,False,True,1e-06,True,2,0.0692388727064802,-4.75317456797593,1.7588007627804405,0.7441819425186376,0.7079768112272513,0.2361230940648243,0.9297524834369698,0.0692388727064802,0.0692388727064802,0.9,0.2125107846583418,0.3863027078184686
0.5467001799448554,0.0004636769855,97.71216827362012,-4.989112105322161,0.1994072443572032,0.8014650310289231,0.0102333172111489,3,1,0.1,0.7,1,False,False,False,False,True,1e-06,True,2,0.0723205114944807,-9.076365648165076,1.3780192331584955,1.3528008012524462,0.9522985029475332,0.247715073377808,0.422926111342971,0.0723205114944807,0.0723205114944807,0.9,0.2229435660400272,0.3763774559546118
0.5404795259630267,0.0030558376316291,73.51047826987455,-2.010207799465067,0.1993783231144241,0.6175870749789845,0.0107681669204923,3,1,0.1,0.7,1,False,False,False,False,True,1e-06,True,2,0.1531748280451911,-2.1148271214433345,1.786781929851368,0.9160593679669848,1.5562736923037508,0.6192048708824232,1.1778316879913728,0.1531748280451911,0.1531748280451911,0.9,0.5572843837941809,0.4536071249265483
0.5816041933995024,0.0085394443268545,9.660055732971337,-3.3047483446442696,0.992646724839462,0.8642311381038268,0.1031395035153749,3,1,0.1,0.7,1,False,False,False,False,True,1e-06,True,2,0.100912675554545,-9.898023652132029,1.9750226138355107,1.936678744648584,1.2884314025825478,0.1570978594847414,1.4070664149152787,0.100912675554545,0.100912675554545,0.9,0.1413880735362673,0.7948519719027863
0.3585093833081749,0.0130485224645329,106.20220003293691,-1.025022358297323,0.4853896246513307,0.7889827095075328,0.0050155632666877,3,1,0.1,0.7,1,False,False,False,False,True,1e-06,True,2,0.2,-4.625990201776,1.2717137213287757,0.206591008047362,0.6686674566246326,0.267454898503644,1.1391701834253818,0.2,0.2,0.9,0.2407094086532796,1.1305412057276385
0.6534187360554106,0.0004215812274426,197.62217745223617,-8.269585507694696,0.1082638175332119,0.7161488207315474,0.0050600324319182,3,1,0.1,0.7,1,False,False,False,False,True,1e-06,True,2,0.0813253848168409,-6.989096496764169,1.0975480522843737,1.561102693311031,1.76824615119637,0.396357811465078,1.9959965671649929,0.0813253848168409,0.0813253848168409,0.9,0.3567220303185702,0.2951726257014557
0.2471922561406424,0.0002724808974681,29.1279728010246,-3.890728454667277,1.1716884186627197,0.9069537608142122,0.0343226182665785,3,1,0.1,0.7,1,False,False,False,False,True,1e-06,True,2,0.0500153496782068,-7.382679250685298,1.037430464369527,0.8515982790409421,0.235326659483666,0.1025920429529463,1.3715015178009695,0.0500153496782068,0.0500153496782068,0.9,0.0923328386576517,0.5755379774101524
0.599126526808542,0.0150634431541142,9.594105802442666,-3.348546397671,0.8688735095880287,0.7828160938130022,0.1036368331083738,3,1,0.1,0.7,1,False,False,False,False,True,1e-06,True,2,0.1309293086297397,-1.4588046515225663,1.4911989855143095,1.892513111052076,1.84927570817272,0.2774392451860837,1.7590913250001503,0.1309293086297397,0.1309293086297397,0.9,0.2496953206674753,0.8911283595360364
0.3590581911147164,0.0060092232176221,60.63276933064894,-1.447639030168535,0.3069440920465975,0.7286082304165828,0.0107006841839371,3,1,0.1,0.7,1,False,False,False,False,True,1e-06,True,2,0.1839088101957631,-7.341293887054713,0.8605402159756445,0.4171938716186025,0.6775054580714107,0.3724796924517973,1.57723753780671,0.1839088101957631,0.1839088101957631,0.9,0.3352317232066176,0.7265125659146816
0.5104240089182974,0.0020636206671631,83.30711216477206,-2.568471436220167,0.1746625049202513,0.6740143095085281,0.0105476870979925,3,1,0.1,0.7,1,False,False,False,False,True,1e-06,True,2,0.1319104801771627,-9.345722536416991,1.2697296807064142,0.9635600875229776,1.1434445696333555,0.4836480262995769,1.0379684386172008,0.1319104801771627,0.1319104801771627,0.9,0.4352832236696192,0.416815253999511
0.7076431747497754,0.0003472591850344,96.92523790844407,-7.166591830021622,0.2342538816580602,0.726151252735743,0.0100245710381661,3,1,0.1,0.7,1,False,False,False,False,True,1e-06,True,2,0.0623745329551129,-0.3750603223022448,1.8002357422054738,1.7294797156086308,1.9078174779953163,0.3771235623880615,0.373994213384285,0.0623745329551129,0.0623745329551129,0.9,0.3394112061492554,0.4074478783663592
0.3527623364715381,0.0010278936382357,98.27363684713224,-1.116614413344488,0.1603285335944419,0.663442314856168,0.0101752599795268,3,1,0.1,0.7,1,False,False,False,False,True,1e-06,True,2,0.1208229948418953,-3.296246976537648,1.7119934366352392,1.208496129827365,0.4880357495358002,0.5072900501029943,0.948352320700296,0.1208229948418953,0.1208229948418953,0.9,0.4565610450926949,0.3869562791479374
0.2048616524131336,0.000654156722982,96.93688489385276,-1.191483133946548,0.1527378233437378,0.6629927896546847,0.0103155437903362,3,1,0.1,0.7,1,False,False,False,False,True,1e-06,True,2,0.126646536233144,-6.48695820687322,1.510315779754697,1.652623880071869,0.2297150191297748,0.508312029337217,0.9493703560137844,0.126646536233144,0.126646536233144,0.9,0.4574808264034953,0.3908078579582471
0.4806466957008645,0.0161683502439736,9.824936788690556,-2.327848217856936,0.6223367367290452,0.8325989786796468,0.1012575749680589,3,1,0.1,0.7,1,False,False,False,False,True,1e-06,True,2,0.1622242012849206,-9.200438457956912,1.4141898053434356,1.9513378590063293,1.1980475972324724,0.2010584033934574,1.5704774563269626,0.1622242012849206,0.1622242012849206,0.9,0.1809525630541117,1.062229731479377
0.4507794126654974,0.000175842287919,93.76557817460106,-4.46778960790389,0.3341606432291418,0.8106801421561055,0.0106643937041132,3,1,0.1,0.7,1,False,False,False,False,True,1e-06,True,2,0.0534918706716024,-2.7021870095882594,1.754038819634575,1.1676853212219584,0.5957113272208294,0.2335321269130569,1.2418602244033987,0.0534918706716024,0.0534918706716024,0.9,0.2101789142217512,0.3087165035549826
0.6588633165578894,0.0010542391399357,28.563581871146248,-8.22541151724898,0.6439539538730272,0.9051352525287372,0.0340423750993598,3,1,0.1,0.7,1,False,False,False,False,True,1e-06,True,2,0.0615391217608879,-4.133315109197769,1.1283029163375813,1.3971847046744557,1.5020224829043325,0.1048072619050388,0.3425037656403867,0.0615391217608879,0.0615391217608879,0.9,0.0943265357145349,0.756114905167645
0.6467489569810058,0.0028403997129934,65.80831323285318,-6.6689800886305015,0.3585898827208162,0.9071786092621308,0.0106730004476279,3,1,0.1,0.7,1,False,False,False,False,True,1e-06,True,2,0.0929697522028843,-2.0658581967503515,0.4196741186174058,0.6554493365670117,1.880096689609396,0.1023187603743955,1.7028179674070347,0.0929697522028843,0.0929697522028843,0.9,0.0920868843369559,1.7880290821080718
0.4191597192005538,0.0012798542331052,93.1901180602865,-3.3068081417658712,0.205594067578999,0.7140841567443014,0.0104887557059606,3,1,0.1,0.7,1,False,False,False,False,True,1e-06,True,2,0.1075979774856996,-4.313802633045551,0.983135731186428,0.8612829410279935,0.6626625944176046,0.4003951642888487,1.460034204748981,0.1075979774856996,0.1075979774856996,0.9,0.3603556478599638,0.401328291329591
0.3407122052857845,0.0013485296090579,92.3050963673224,-1.1298359194788683,0.1500960772681294,0.5912046757689569,0.0108330705716124,3,1,0.1,0.7,1,False,False,False,False,True,1e-06,True,2,0.158065765750818,-4.157035199444115,1.699551496107414,1.0368008591909927,0.5549788814379502,0.6914615884919024,1.6397649322387329,0.158065765750818,0.158065765750818,0.9,0.6223154296427122,0.4091623193615515
0.1359184443635516,8.888413565574568e-05,99.54520023251249,-21.915995505924016,0.4496097685316862,0.9005516166996882,0.0100441397507163,3,1,0.1,0.7,1,False,False,False,False,True,1e-06,True,2,0.0543053375032824,-8.514220269522191,0.4345055353545646,1.290011050702956,0.1183846312006256,0.1104305199792621,0.4784265397965225,0.0543053375032824,0.0543053375032824,0.9,0.0993874679813359,0.5795382547771885
0.6275031331571729,0.0042556207788449,2.138008633009981,-7.326680800696333,9.49039631183111,0.6589330426822408,0.4595935519192602,3,1,0.1,0.7,1,False,False,False,False,True,1e-06,True,2,0.0505176752906212,-0.068156656791352,1.9024641075462152,1.80601868585708,1.2306066462974337,0.5176048782277152,0.9152193462676198,0.0505176752906212,0.0505176752906212,0.9,0.4658443904049437,-0.3428789709560667
0.5161974916980028,0.0003389558386467,125.29553087493292,-5.9578254269542645,0.5042951916026289,0.8881153762978556,0.0051438341027349,3,1,0.1,0.7,1,False,False,False,False,True,1e-06,True,2,0.0536875250976351,-2.7724498959583608,1.135228510442141,0.4470203222128405,0.7779594149410423,0.125979829522308,0.2952910416902498,0.0536875250976351,0.0536875250976351,0.9,0.1133818465700772,0.567002478317507
0.6661372222722052,0.0001327807545982,191.53537769665635,-27.47456527817787,0.2149342021532349,0.8456570471968654,0.0052205999598664,3,1,0.1,0.7,1,False,False,False,False,True,1e-06,True,2,0.0503976316458733,-7.365399299114687,0.5488257925074619,1.9245493923611248,1.563128833905847,0.1825124656794874,0.9700714760061718,0.0503976316458733,0.0503976316458733,0.9,0.1642612191115387,0.3392487852092983
0.2434081444272329,0.0001386685779645,194.3505157578616,-0.5587263566965612,0.0649283536846189,0.6492291530387128,0.0050785213380944,3,1,0.1,0.7,1,False,False,False,False,True,1e-06,True,2,0.1727401753225016,-7.141416500987039,1.8194583718897992,1.0941774584461736,0.3382972488986376,0.5402881945758393,0.1629087683411205,0.1727401753225016,0.1727401753225016,0.9,0.4862593751182554,0.5155392595337237
0.3757710170646285,0.0017169749400529,139.66030036336068,-1.5406291000099157,0.2217313986510641,0.7684862679469231,0.0052425356122441,3,1,0.1,0.7,1,False,False,False,False,True,1e-06,True,2,0.1182842866606546,-2.276753230767277,1.84472582068546,0.5900638392790104,0.5409678241508589,0.3012594261073599,0.2632148659136465,0.1182842866606546,0.1182842866606546,0.9,0.2711334834966239,0.6173871230085035
0.6186112049437941,0.0054052021798595,27.78220567491245,-2.782481805154581,0.3471642307231833,0.7505161333715397,0.0336101401356883,3,1,0.1,0.7,1,False,False,False,False,True,1e-06,True,2,0.1286427604696972,-3.818883089877345,1.7456829488728114,1.580681647394241,1.8969451307595453,0.3324163939124205,0.6805527669870683,0.1286427604696972,0.1286427604696972,0.9,0.2991747545211785,0.5737805933809588
0.3762714106389129,9.602213435567484e-05,198.7561200530569,-21.378451683661208,0.2199593560811711,0.848247889630928,0.005030996471986,3,1,0.1,0.7,1,False,False,False,False,True,1e-06,True,2,0.0526337456892225,-3.6874671950658433,0.4639684823156245,1.4969987618441412,0.4541932521430398,0.1789006636198049,1.0665110344463955,0.0526337456892225,0.0526337456892225,0.9,0.1610105972578244,0.3769124495452697
0.6363320294627828,0.0005621865767039,191.5986010253941,-8.002941918587036,0.1092760537946453,0.7253362478591842,0.0052190897007664,3,1,0.1,0.7,1,False,False,False,False,True,1e-06,True,2,0.0882597831586309,-8.509127876663326,0.7934468403679854,1.2898073289902574,1.753586099006223,0.3786709308289507,1.7849715934298995,0.0882597831586309,0.0882597831586309,0.9,0.3408038377460557,0.3303873780890188
0.5132733734704136,0.0164532720716167,54.98001023872196,-1.9337288729956623,0.6720574171959329,0.7330412844739292,0.0100866693080919,3,1,0.1,0.7,1,False,False,False,False,True,1e-06,True,2,0.1663100770519582,-1.092625436563404,1.2256682209828846,0.3282478963855403,1.3535260842565922,0.3641796460586187,1.31664411039392,0.1663100770519582,0.1663100770519582,0.9,0.3277616814527568,1.0703341436224043
0.3425130800241581,0.0013153835245286,93.6972951609316,-0.7648681142575036,0.1527930612222494,0.6357121208829538,0.0106721921166291,3,1,0.1,0.7,1,False,False,False,False,True,1e-06,True,2,0.1442645735476734,-7.763900162705605,1.9136799161002207,1.0973042197018965,0.5073741851481576,0.5730390646179266,0.9830108623978684,0.1442645735476734,0.1442645735476734,0.9,0.515735158156134,0.4092897392508478
0.7011407163170992,0.0104989544361107,2.001787604901881,-6.862964487145188,5.678694980372796,0.8930282661535532,0.4837572480345233,3,1,0.1,0.7,1,False,False,False,False,True,1e-06,True,2,0.0626455562285203,-0.1619335145138514,1.4513417236796515,1.5274619594633718,1.8402306643820736,0.1197853840698625,1.6510093325647563,0.0626455562285203,0.0626455562285203,0.9,0.1078068456628763,-0.2626593623006085
0.2761738361722633,0.0024700614413116,29.65566790647256,-4.662368017168725,0.5254409825054942,0.7925427803150701,0.0336856839463694,3,1,0.1,0.7,1,False,False,False,False,True,1e-06,True,2,0.1060902725564935,-2.106967071030056,0.9595617429163223,1.6250892014488478,0.3539677526312735,0.2617615412539078,1.0300917889514387,0.1060902725564935,0.1060902725564935,0.9,0.235585387128517,0.6331819516561226
0.6444420127963346,0.0004902647444596,29.566112083168694,-10.49426334145818,0.8096304394334088,0.9075353653517284,0.0337992672549512,3,1,0.1,0.7,1,False,False,False,False,True,1e-06,True,2,0.05,-6.372012976912284,1.0564435749455867,1.3746207763239155,1.3329559593472509,0.1018854340871175,0.5173483690885996,0.05,0.05,0.9,0.0916968906784057,0.5858685675618556
0.3303671133020686,0.0011392712734741,95.87928266778196,-3.18193089619217,0.1132848492294773,0.6461485382736184,0.0104277490086235,3,1,0.1,0.7,1,False,False,False,False,True,1e-06,True,2,0.1771162291119036,-1.6301676028964192,0.4313777358858575,1.0350436424620926,0.7878404314031876,0.5476317607586064,1.1184036057937956,0.1771162291119036,0.1771162291119036,0.9,0.4928685846827458,0.624422604215833
0.5390079657633957,0.0004306911002371,92.36647974684904,-18.615351747250795,0.3396882443060586,0.8438599048051049,0.0108241296730095,3,1,0.1,0.7,1,False,False,False,False,True,1e-06,True,2,0.0612838692559646,-9.22960732613491,0.6972409499578025,1.8958541142209384,0.9573822368590864,0.1850308259769218,0.8012818700372132,0.0612838692559646,0.0612838692559646,0.9,0.1665277433792296,0.4071018893393076
0.533530431200217,0.0095747789215565,9.526603120616889,-3.1430286785776325,1.0889196126064025,0.8917912776940209,0.104653770798046,3,1,0.1,0.7,1,False,False,False,False,True,1e-06,True,2,0.1031449329243265,-7.63324959646864,1.568388838999662,1.3241065060312258,1.0496016905976355,0.1213386192627757,1.722883053172109,0.1031449329243265,0.1031449329243265,0.9,0.1092047573364981,1.072657427393651
0.5878608719280776,0.0002910952621849,91.9654571183211,-6.786997819214461,0.2812355436526546,0.8227603901035385,0.0105513751628136,3,1,0.1,0.7,1,False,False,False,False,True,1e-06,True,2,0.0582285059699492,-6.291858437101825,1.2873795933624796,1.1446935964287264,1.068910747084117,0.2154206887307215,0.6901005176966315,0.0582285059699492,0.0582285059699492,0.9,0.1938786198576494,0.3432772301682804
0.4624167649177892,0.0018448090794263,97.5124777459234,-4.997398769180744,0.1267950792432528,0.654556145818973,0.0102529751295087,3,1,0.1,0.7,1,False,False,False,False,True,1e-06,True,2,0.1524390335449652,-1.0259123022296883,0.4573009109280112,1.393867889320337,1.5426766131615397,0.5277528236310601,1.4844084195952567,0.1524390335449652,0.1524390335449652,0.9,0.4749775412679541,0.6142173910594017
0.6814977508161377,0.0001969469833951,197.38068971031623,-8.295350781425645,0.1205813743166125,0.74279580758708,0.0050662580828611,3,1,0.1,0.7,1,False,False,False,False,True,1e-06,True,2,0.0639581703074281,-5.191000271949956,1.68286688356231,1.7388475014785003,1.7120955817667567,0.3462650028255138,1.7242082623404538,0.0639581703074281,0.0639581703074281,0.9,0.3116385025429625,0.2578415496201571
0.5782257134180048,0.02500884600347,8.135220037962233,-1.862651947315493,0.6705395560459877,0.8704717517917392,0.1079118444802296,3,1,0.1,0.7,1,False,False,False,False,True,1e-06,True,2,0.1747565696630723,-3.8360355213995145,1.537061078749651,1.3195788318484534,1.9591991288513644,0.1488023568158826,1.3958610477024185,0.1747565696630723,0.1747565696630723,0.9,0.1339221211342944,1.9444932271994169
0.4583480344784795,0.0079476232132639,60.58576805582373,-1.7379970787560537,0.3010219736214496,0.7053057643225652,0.0101636427627247,3,1,0.1,0.7,1,False,False,False,False,True,1e-06,True,2,0.1963340417581076,-4.480739464502345,0.9037793666720296,0.4594338818411058,1.3222273909944915,0.4178247939891485,1.8534865791739903,0.1963340417581076,0.1963340417581076,0.9,0.3760423145902337,0.7442826666387117
0.4598946853957038,0.0003633225943353,199.0759816592591,-2.738324213143541,0.0600186751969546,0.54594484467173,0.0050231053201723,3,1,0.1,0.7,1,False,False,False,False,True,1e-06,True,2,0.1455354784605856,-0.9415229635070012,1.266204203582705,1.688845127562192,1.144431354103696,0.8316868631689122,0.6153116211494597,0.1455354784605856,0.1455354784605856,0.9,0.7485181768520209,0.3936945388248222
0.5184090061897878,0.0098339896853329,9.268696744640732,-3.5172805289293008,0.9916672403391288,0.9056875360512052,0.1074571903924884,3,1,0.1,0.7,1,False,False,False,False,True,1e-06,True,2,0.1071993323831267,-9.300707850614188,1.409124275600567,1.709798702510822,1.0300932867390094,0.1041335562152007,1.5176112188036623,0.1071993323831267,0.1071993323831267,0.9,0.0937202005936806,1.2781062243588783
0.262856507713111,0.0003327164787524,193.5762245870408,-1.5931053959095458,0.0876341461432453,0.621904014921684,0.0051658624250564,3,1,0.1,0.7,1,False,False,False,False,True,1e-06,True,2,0.1145181942361055,-1.7045821272952413,1.6859992955704457,1.8719963698988804,0.31175577270226,0.6079651779156457,0.9174230029724412,0.1145181942361055,0.1145181942361055,0.9,0.5471686601240812,0.3405088534784056
0.6915802580973451,0.0081216883062867,5.483584511644936,-5.545852874002449,9.597668475142395,0.5563721317015415,0.1094134513292884,3,1,0.1,0.7,1,False,False,False,False,True,1e-06,True,2,0.0587010962693936,-0.0346438200504817,1.1109261389039742,0.5594501236219358,1.714047688338437,0.7973581763373382,1.3402184501238634,0.0587010962693936,0.0587010962693936,0.9,0.7176223587036044,-0.1176141734584086
0.4047368482280299,0.0001014154434828,193.5908861977705,-2.5328597867626943,0.1984365296656411,0.6785054564367333,0.0051654747742798,3,1,0.1,0.7,1,False,False,False,False,True,1e-06,True,2,0.0565151306892369,-0.2640836699611828,1.8636696401523145,1.0725860602134631,0.4949862668892948,0.4738274991208479,0.9620989337220764,0.0565151306892369,0.0565151306892369,0.9,0.4264447492087631,0.3205782353823445
0.4999612889113804,0.0394898198377257,2.388863439373883,-2.6058801362572965,3.6893639718049966,0.5882976113786091,0.4118570050637164,3,1,0.1,0.7,1,False,False,False,False,True,1e-06,True,2,0.1310494567011633,-0.138231810857043,1.4149485211129669,1.4925952854090294,1.060924788603109,0.6998199221931448,1.2521867237281614,0.1310494567011633,0.1310494567011633,0.9,0.6298379299738304,-0.8974268754147506
0.5394690544171731,0.0011381870183377,97.02875536232972,-6.646060786379945,0.1735685567424394,0.7277553475888209,0.0103051514960429,3,1,0.1,0.7,1,False,False,False,False,True,1e-06,True,2,0.0993607346221878,-3.454073425827348,0.8547944834818897,1.4605575057857831,1.1950526228412417,0.3740881510705111,0.8334484952251788,0.0993607346221878,0.0993607346221878,0.9,0.33667933596346,0.3953714117846664
0.3571548382154759,0.0007077653478724,99.0409435724928,-6.130911213911899,0.213771781807857,0.732373061397827,0.0100957767187149,3,1,0.1,0.7,1,False,False,False,False,True,1e-06,True,2,0.0908362391798849,-5.221295277266798,1.15337246064924,1.950419266991346,0.4885395557939238,0.365424334547987,1.9125656062482468,0.0908362391798849,0.0908362391798849,0.9,0.3288819010931884,0.3563803538043607
0.4982848106673084,0.0064660066611581,62.56951953826985,-1.3627053968973146,0.2487452375726524,0.6928533516127281,0.0101138963118109,3,1,0.1,0.7,1,False,False,False,False,True,1e-06,True,2,0.2,-3.736095343847806,1.7331721839269187,0.6075986304269098,1.6854480753254673,0.4433068667017896,0.4950024587509195,0.2,0.2,0.9,0.3989761800316106,0.7405845475836176
0.2611497392654767,0.0141589542640984,9.927700683084156,-0.7850609781579592,0.7055761401201729,0.8973126251571897,0.1006285571948356,3,1,0.1,0.7,1,False,False,False,False,True,1e-06,True,2,0.1833552447408803,-7.949372405985062,1.846003397301846,0.8996882256412875,0.3691226407170974,0.1144387941993145,1.5985684007458043,0.1833552447408803,0.1833552447408803,0.9,0.1029949147793831,2.2362980022688888
0.6258388847773533,0.0061699482691008,20.096989175100067,-5.014574277293551,1.138012242441546,0.8372053841948379,0.0341914573144169,3,1,0.1,0.7,1,False,False,False,False,True,1e-06,True,2,0.0866701284966184,-0.3782184185244581,1.2161036130942795,0.7078291119663539,1.4839715434109644,0.1944500344580632,0.2980333526284076,0.0866701284966184,0.0866701284966184,0.9,0.1750050310122568,-2.9830655078013915
0.5383068435734913,0.0141811185005013,21.31158525135722,-1.3954644047490825,0.3709077429215563,0.8019245296791383,0.0338543117870247,3,1,0.1,0.7,1,False,False,False,False,True,1e-06,True,2,0.2,-8.086327600581674,1.8636775032918609,0.9324436021610532,1.8456896743554323,0.2470001390281882,0.6230452846486388,0.2,0.2,0.9,0.2223001251253694,1.122073861910632
0.6448217589659029,0.0002539088729164,95.89936544603856,-14.965788470937955,0.3433878662746752,0.8627927882711207,0.0102386497814206,3,1,0.1,0.7,1,False,False,False,False,True,1e-06,True,2,0.0525130383495452,-3.2257548014181285,0.5290408439927565,0.9997760314814024,1.3749016958476947,0.1590268411999797,0.5669519521717551,0.0525130383495452,0.0525130383495452,0.9,0.1431241570799817,0.4263752743741749
0.4692220195854168,0.0079555778871242,27.7630049842768,-2.781371531220468,0.3209122267944028,0.778709331184597,0.0333692866318957,3,1,0.1,0.7,1,False,False,False,False,True,1e-06,True,2,0.1685468002347495,-4.200148613736073,0.7024969487037988,1.0203699382189366,1.298337308168615,0.2841762130662653,1.3126555356849023,0.1685468002347495,0.1685468002347495,0.9,0.2557585917596388,0.8868922758154958
0.6459439799638921,0.0027105905055468,22.23188198707457,-6.786082130824508,1.1908302563973268,0.8913964704132525,0.0341761560020002,3,1,0.1,0.7,1,False,False,False,False,True,1e-06,True,2,0.0670987632516293,-4.302307109424596,1.1748449864351955,0.7429326635573225,1.4541079705156543,0.1218352699292142,1.8498414781395176,0.0670987632516293,0.0670987632516293,0.9,0.1096517429362928,0.7085304351187387
0.3951573200532362,0.00043282959689,91.60328311078088,-2.6326884389607104,0.0883280677472802,0.6776568123478931,0.0101552196785708,3,1,0.1,0.7,1,False,False,False,False,True,1e-06,True,2,0.1945140303383717,-4.977946474786766,0.374831960344918,1.0516787524951223,1.6580027390339822,0.4756732047528261,1.2596788377537338,0.1945140303383717,0.1945140303383717,0.9,0.4281058842775435,0.6574448573806329
0.5684650027075423,0.0567934232553407,2.587743298790238,-2.1881887225642176,2.87396089352066,0.5441221243390012,0.3736928467032978,3,1,0.1,0.7,1,False,False,False,False,True,1e-06,True,2,0.165135549178544,-0.1482744734855288,1.1487819369732828,1.5008744822177045,1.8917249481205964,0.8378227152862029,1.4716467206099408,0.165135549178544,0.165135549178544,0.9,0.7540404437575826,-1.1000290845637393
0.7036379118220935,0.0005166923760179,29.631279021353816,-8.655475177108624,0.7520375067246673,0.8752089229177216,0.0337226672375199,3,1,0.1,0.7,1,False,False,False,False,True,1e-06,True,2,0.0507791653406787,-3.9666196907662377,1.8742803864426385,1.723865412103005,1.7536130259626257,0.1425843290836855,0.7582963038754386,0.0507791653406787,0.0507791653406787,0.9,0.1283258961753169,0.447050919209743
0.3643315325538987,0.0011983232728757,92.80155627959314,-2.3603461207385594,0.1265132738426727,0.5870559966156074,0.0107746121202968,3,1,0.1,0.7,1,False,False,False,False,True,1e-06,True,2,0.1633030433864633,-2.76840899752359,1.1272504943512105,1.4286144212221332,0.7336308596906446,0.703415016225071,1.569094790874498,0.1633030433864633,0.1633030433864633,0.9,0.6330735146025639,0.4316592416247813
0.6135328693098406,0.0012356096461657,95.0961805074974,-10.708140407469813,0.2023047261120525,0.8176953526691277,0.0105133699451693,3,1,0.1,0.7,1,False,False,False,False,True,1e-06,True,2,0.0892777016182278,-9.1645168499596,0.499843741529272,1.7335311905214943,1.7665224401406217,0.2229493499452968,1.7149160523541276,0.0892777016182278,0.0892777016182278,0.9,0.2006544149507671,0.5120927507895638
0.3734518659020916,6.51985466906008e-05,198.9602507543441,-20.618270607943305,0.2029539530718629,0.8181894735826989,0.005026146787371,3,1,0.1,0.7,1,False,False,False,False,True,1e-06,True,2,0.05,-1.0664146511765598,0.746554694608629,1.8209388298153035,0.4402837147361205,0.2222107864834617,0.3734292630913933,0.05,0.05,0.9,0.1999897078351156,0.3485563425960434
0.4229852400007073,0.0007645639795522,91.34212573401312,-3.569891589306198,0.1572545479717855,0.7971630145785222,0.0109477014967647,3,1,0.1,0.7,1,False,False,False,False,True,1e-06,True,2,0.0957813111080912,-2.9090823599679627,1.0747853119923552,1.3035399787431867,0.623893114589528,0.2544485653649175,0.172642747816247,0.0957813111080912,0.0957813111080912,0.9,0.2290037088284257,0.542392345703191
0.1784888508135076,0.0003685624585156,92.10146368024472,-0.1018607245553245,0.2755773371320574,0.7420625481131717,0.0108573466241172,3,1,0.1,0.7,1,False,False,False,False,True,1e-06,True,2,0.086088000769769,-9.101369835006848,1.854822591375291,0.9483970263786456,0.1680602034200793,0.347595297111653,1.5832785572304142,0.086088000769769,0.086088000769769,0.9,0.3128357674004877,0.3430915757407656
0.5817660664928832,0.0002737340779286,89.10695460755088,-15.084840630242873,0.4413204762631238,0.8881797214987075,0.010202113481837,3,1,0.1,0.7,1,False,False,False,False,True,1e-06,True,2,0.0514282071292538,-1.382040971109463,0.3439497720074566,0.7466037262265312,1.0378483846406998,0.1258982566192886,0.7898413762071917,0.0514282071292538,0.0514282071292538,0.9,0.1133084309573597,0.6528946933641231
0.6904694714340125,0.0040049024291902,20.57752901637524,-5.832474751562877,1.201528190203432,0.888516980619183,0.0343541765546884,3,1,0.1,0.7,1,False,False,False,False,True,1e-06,True,2,0.0727398660944542,-7.239606536336389,1.5393032635885495,0.764060244383684,1.8568907685124807,0.1254708934241498,1.417276330899014,0.0727398660944542,0.0727398660944542,0.9,0.1129238040817348,0.7092721133712544
0.6798805935109722,0.000217962377021,90.25895753471907,-14.834123307940308,0.3374317591042218,0.8432609776779576,0.0110779057731386,3,1,0.1,0.7,1,False,False,False,False,True,1e-06,True,2,0.050810545794838,-4.953630109287307,0.8492682924874689,1.474198812776502,1.59964095798377,0.1858724955513134,1.0902505780654632,0.050810545794838,0.050810545794838,0.9,0.1672852459961821,0.3431070192355023
0.7013458814628097,0.0004390093509191,78.21666032722476,-9.092055368860777,0.4175289512371109,0.7686632625606722,0.0108725769257946,3,1,0.1,0.7,1,False,False,False,False,True,1e-06,True,2,0.0570577285572346,-0.7897457134622687,1.826975918306481,1.029896529712094,1.8048450369144824,0.3009597943690825,1.9601456703681173,0.0570577285572346,0.0570577285572346,0.9,0.2708638149321742,0.3245564361570888
0.5424437463844409,0.0012264652050742,26.47402390162391,-6.184788530714412,1.2462094950122662,0.8006569573972225,0.0335443041613338,3,1,0.1,0.7,1,False,False,False,False,True,1e-06,True,2,0.0589643808324067,-0.5572812849517046,1.7087279827046309,0.8055750656285624,0.8865533502557342,0.2489743463302962,1.6291889763459488,0.0589643808324067,0.0589643808324067,0.9,0.2240769116972666,0.5143987898267581
0.6544963510998415,0.0002171815558696,90.77527896293468,-10.776614799911252,0.3795779154968186,0.8332871844559377,0.0101105981732696,3,1,0.1,0.7,1,False,False,False,False,True,1e-06,True,2,0.0501374178783407,-6.250266321097097,1.2442600500655074,1.0126677521179928,1.3972452535872475,0.2000664580638077,1.936147702612765,0.0501374178783407,0.0501374178783407,0.9,0.1800598122574269,0.313303090797478
0.5430810777015439,0.0011008727917526,96.19181357236224,-7.157007071204942,0.1661466778227922,0.7405378701187897,0.0103948228640353,3,1,0.1,0.7,1,False,False,False,False,True,1e-06,True,2,0.0986902767488342,-9.67909794847473,0.9388411229243592,1.7689187899206802,1.2344775402880777,0.3503698329966433,0.6661287932019264,0.0986902767488342,0.0986902767488342,0.9,0.315332849696979,0.3917657632967568
0.499914359375498,0.0199455942864075,9.704987152476766,-1.5806507508462797,0.5673436727595006,0.7408860573190921,0.1025023249405353,3,1,0.1,0.7,1,False,False,False,False,True,1e-06,True,2,0.2,-1.5531629051225586,1.4221587653410304,1.482988113474392,1.5300099593619574,0.3497352124812766,1.0978649042769857,0.2,0.2,0.9,0.3147616912331489,1.2216693306842832
0.3309824719080939,0.0010798504440866,29.84025395528037,-5.742215729150944,0.7630052145218887,0.8687276520322206,0.0334919346186311,3,1,0.1,0.7,1,False,False,False,False,True,1e-06,True,2,0.0705679897540217,-3.646808800242974,0.8596185001961626,1.2106391382503583,0.383340028737293,0.1511087481337713,1.3794985042574943,0.0705679897540217,0.0705679897540217,0.9,0.1359978733203941,0.6165192831067886
0.6946807968988693,0.0005968846338261,29.73136417078365,-8.555601532771366,0.6766327806634571,0.8938710311951182,0.0336041828352609,3,1,0.1,0.7,1,False,False,False,False,True,1e-06,True,2,0.0533339520588264,-8.619349097330293,1.7687370117324428,1.811633646855981,1.6986681564036827,0.1187296210539297,0.477549056408421,0.0533339520588264,0.0533339520588264,0.9,0.1068566589485367,0.5301693072661335
0.3146968571339208,0.000131006373952,197.03037351372444,-2.1152913420545105,0.1830730410598903,0.7708039614764369,0.0050753108705748,3,1,0.1,0.7,1,False,False,False,False,True,1e-06,True,2,0.062625599616865,-8.421559781554013,1.6855956344378666,0.7898007179996623,0.3384269765460299,0.2973467314368096,1.4025539420507165,0.062625599616865,0.062625599616865,0.9,0.2676120582931287,0.2802490699117497
0.2629901641183564,0.0014997175102534,96.49939691106546,-10.302998537137064,0.191323210191762,0.7581693792074913,0.0103567474099966,3,1,0.1,0.7,1,False,False,False,False,True,1e-06,True,2,0.1216636754975803,-4.812263240694062,0.5352081629408547,1.8029116799564608,0.5093822861363173,0.3189664835122889,0.7037077661951554,0.1216636754975803,0.1216636754975803,0.9,0.28706983516106,0.546403788305916
0.6691578121591374,0.0003565165317303,76.51031584177102,-9.386154174851171,0.4864768464417461,0.8340765070977894,0.010491504871618,3,1,0.1,0.7,1,False,False,False,False,True,1e-06,True,2,0.0524672075985598,-7.912689452254579,1.5894883781031854,0.827671475660559,1.5051109770494575,0.1989307833157292,1.794670803042853,0.0524672075985598,0.0524672075985598,0.9,0.1790377049841563,0.3271167201109038
0.671513097694375,0.0003156510161104,92.45659571070256,-20.64391921471444,0.3546912126881343,0.9082398820154,0.01081315968769,3,1,0.1,0.7,1,False,False,False,False,True,1e-06,True,2,0.0534155016486353,-4.83215379809868,0.4059662499760628,1.9072120288456755,1.6168232276779584,0.1010307076374831,1.8274451776138043,0.0534155016486353,0.0534155016486353,0.9,0.0909276368737348,0.6536383391770908
0.7141486937526641,0.0026774156838793,54.408294137093165,-7.220568895975294,1.3228614928102456,0.8794714001230736,0.0104144021568692,3,1,0.1,0.7,1,False,False,False,False,True,1e-06,True,2,0.0639381561619442,-2.619891966556308,1.559770098639038,0.4016419649757657,1.9931250774308904,0.1370466394473539,1.3996750379405916,0.0639381561619442,0.0639381561619442,0.9,0.1233419755026185,0.645414877248513
0.5547248498882548,0.0022845948127077,80.98388122884654,-2.570940080446587,0.1667698630966123,0.6696996986843501,0.0101788758764052,3,1,0.1,0.7,1,False,False,False,False,True,1e-06,True,2,0.1371273427690008,-3.013297018796828,1.2344075472793206,0.9963828144604456,1.4898452075732378,0.4932065849283449,0.6626672206842215,0.1371273427690008,0.1371273427690008,0.9,0.4438859264355104,0.4573594561825744
0.6788437420518911,0.0001913254162254,175.5984083850753,-9.964594021914456,0.1692923285161888,0.7915625020240388,0.0051482203466334,3,1,0.1,0.7,1,False,False,False,False,True,1e-06,True,2,0.0579732588274094,-5.01148963360485,1.019641686594804,1.0760824409882297,1.6336052738542155,0.2633241183646053,1.0809718915487083,0.0579732588274094,0.0579732588274094,0.9,0.2369917065281448,0.2909126368046773
0.235431242412429,6.788786822905837e-05,90.10747455490504,-4.186905438345184,0.0903677225931375,0.6352522982638512,0.0110902973541557,3,1,0.1,0.7,1,False,False,False,False,True,1e-06,True,2,0.2,-6.335482935715175,0.4712894762942919,1.941858643037962,0.95189092466449,0.5741776971653731,0.7629049956685218,0.2,0.2,0.9,0.5167599274488358,0.580224931722492
0.5889828666013401,0.0003989786562271,93.60589038624217,-15.11028700545433,0.3237178743390989,0.8793813910740664,0.0106812136216055,3,1,0.1,0.7,1,False,False,False,False,True,1e-06,True,2,0.0593361865969264,-8.926688052091428,0.422846226188223,1.1697578214976192,1.136686972569679,0.1371630218131081,1.0579089391297476,0.0593361865969264,0.0593361865969264,0.9,0.1234467196317973,0.5169859206464106
0.4316163088964294,0.0003142032392102,185.82170914688123,-1.7440411601037549,0.0670053534023598,0.5260688222845987,0.0052103983501373,3,1,0.1,0.7,1,False,False,False,False,True,1e-06,True,2,0.1551881635701807,-0.4363670501662557,1.4178288798633516,1.3084902678791266,0.9771099380188284,0.90089197009856,0.1921748728480575,0.1551881635701807,0.1551881635701807,0.9,0.810802773088704,0.5410235943141469
0.5945576224498791,0.0015800731765714,29.4437208019352,-5.800305896689373,0.7029223258646844,0.840119471492608,0.0335878967561539,3,1,0.1,0.7,1,False,False,False,False,True,1e-06,True,2,0.0693122331206371,-8.47018952943462,1.4830794854968783,1.1651766658512912,1.160966860943754,0.1903068955458662,1.4260785327309742,0.0693122331206371,0.0693122331206371,0.9,0.1712762059912796,0.4530040648025679
0.6761369178045786,0.0005676950155804,112.18635371383554,-8.750704660050557,0.8926861367001132,0.894836097065068,0.0051368467530092,3,1,0.1,0.7,1,False,False,False,False,True,1e-06,True,2,0.0501720839040788,-5.447971925811072,1.6233417120245472,0.3810737184410823,1.5335844636499043,0.1175230897366056,0.6847963343202041,0.0501720839040788,0.0501720839040788,0.9,0.1057707807629451,0.5176484876501934
0.317980420208049,0.0013764414023981,98.26958329622762,-3.4699561803440258,0.1433810572794213,0.7508514791028394,0.0101746920307254,3,1,0.1,0.7,1,False,False,False,False,True,1e-06,True,2,0.1363573075885003,-3.950197388327359,0.4503244929266332,0.9952975696377692,0.5101622769386661,0.3318213093152026,1.6123819510126731,0.1363573075885003,0.1363573075885003,0.9,0.2986391783836823,0.6108382978734658
0.4944949064847869,0.0008847701400639,96.29056506387614,-2.160221677492278,0.1049661183229379,0.5323889965125993,0.0103843812294969,3,1,0.1,0.7,1,False,False,False,False,True,1e-06,True,2,0.1700619410633762,-1.3738532692857728,1.4918700777666034,1.5690769589214308,1.7919498774349865,0.8783258229423877,1.3630583055223562,0.1700619410633762,0.1700619410633762,0.9,0.790493240648149,0.4233456639675518
0.6265078071907322,0.0023858195837333,68.07312301955203,-4.714830789246334,0.3470892673870485,0.7409869489450073,0.0110472637598247,3,1,0.1,0.7,1,False,False,False,False,True,1e-06,True,2,0.0965933419954128,-5.349011762394682,1.5599894849343237,0.7676908808785389,1.6360044820196842,0.3495514346423604,1.9862734454384696,0.0965933419954128,0.0965933419954128,0.9,0.3145962911781244,0.3932438319947375
0.3756117914845429,0.0001368975146424,92.6062965349616,-10.484653137507468,0.4125797884016299,0.8429031037355158,0.0107973893581891,3,1,0.1,0.7,1,False,False,False,False,True,1e-06,True,2,0.0500746807358907,-1.1659098208011027,0.6204444978224088,1.0212869895857346,0.4366686709127214,0.1863759850548345,1.2930631202729646,0.0500746807358907,0.0500746807358907,0.9,0.1677383865493511,0.4141996410981378
0.5361506897671768,0.0015149991972904,9.734759592135084,-6.271327178703002,1.994642208640822,0.9009566226134174,0.1024099917941299,3,1,0.1,0.7,1,False,False,False,False,True,1e-06,True,2,0.0544680784875467,-1.2262464604583254,1.9017979873809192,1.9266366733978169,0.8479519604778978,0.1099313495241161,1.0274463909587583,0.0544680784875467,0.0544680784875467,0.9,0.0989382145717045,0.9228092807928348
0.572389523945012,0.0027300290229459,75.44521922468499,-2.287041467805921,0.1751884607096214,0.6955124375203747,0.0103845945811863,3,1,0.1,0.7,1,False,False,False,False,True,1e-06,True,2,0.140786879053902,-8.487961032313038,1.5273999725964318,0.9860081622049256,1.6393202163458516,0.4377888101687693,0.5423752286178136,0.140786879053902,0.140786879053902,0.9,0.3940099291518924,0.4805811098336079
0.4390632209212985,0.0037775250950716,69.81484588352826,-1.7163294384167818,0.2247700458552178,0.6452061601137278,0.0104439490799392,3,1,0.1,0.7,1,False,False,False,False,True,1e-06,True,2,0.1727718244434936,-8.048086558120495,1.2259820884689814,0.6229833289527519,1.0199635300220902,0.5498922078235181,1.3940656252848418,0.1727718244434936,0.1727718244434936,0.9,0.4949029870411663,0.5067470741672262
0.3861541621192798,0.0001502560653432,94.4157024001688,-3.5934500018351594,0.2954774925138915,0.8081839932122445,0.0105910712110509,3,1,0.1,0.7,1,False,False,False,False,True,1e-06,True,2,0.0548936839611228,-4.856466192139588,1.897602072313279,1.7260299660113727,0.4565009334115892,0.2373420018198515,1.2060053999540137,0.0548936839611228,0.0548936839611228,0.9,0.2136078016378663,0.3004894067384847
0.3561564585803954,0.0004071637722586,95.58609232453792,-3.751096447321888,0.09011548662403,0.5931589869609944,0.010459197834986,3,1,0.1,0.7,1,False,False,False,False,True,1e-06,True,2,0.1851610405530321,-5.601976323749519,0.6860896459400389,1.8940283710400505,1.436670279929319,0.6858886436559357,1.0084551876733494,0.1851610405530321,0.1851610405530321,0.9,0.6172997792903422,0.4781613965468655
0.2899813437191317,0.0007576105086811,29.11507910173875,-2.438381268653773,0.8406975438364788,0.8446097349263145,0.0343384805825266,3,1,0.1,0.7,1,False,False,False,False,True,1e-06,True,2,0.065941378182178,-4.337094759155678,1.585626981926484,1.1854818248438297,0.3037261524980095,0.1839787758156043,1.547729910567209,0.065941378182178,0.065941378182178,0.9,0.1655808982340439,0.4625881565914652
0.3190592321713419,0.0112783234761679,9.472193946261614,-1.876476717205913,1.2655087246066543,0.7168822104009415,0.1053047639037614,3,1,0.1,0.7,1,False,False,False,False,True,1e-06,True,2,0.1327427075083855,-0.5603251987418307,1.5351034820623368,1.0944276367846664,0.4491667386535011,0.3949293000878278,1.9225371944349816,0.1327427075083855,0.1327427075083855,0.9,0.355436370079045,1.1717458719547589
0.5487481747646248,0.0008330947588088,94.0700086548572,-5.030487477872909,0.1918200617817734,0.6934655655433399,0.010629577795304,3,1,0.1,0.7,1,False,False,False,False,True,1e-06,True,2,0.0892137255367233,-1.6354443518219437,1.682558833314247,1.9698793040941784,1.0829503639916835,0.4420326685096265,1.661831938235776,0.0892137255367233,0.0892137255367233,0.9,0.3978294016586639,0.3320126681746902
0.321127679497472,0.0001729743803317,195.62138085984225,-11.133852996163798,0.1630491871526183,0.7854585501101427,0.0051117229601107,3,1,0.1,0.7,1,False,False,False,False,True,1e-06,True,2,0.0675582043489851,-7.746807073154505,0.7563568712794699,1.7198017724272068,0.3741948682419156,0.2731416570101285,1.6455475178887424,0.0675582043489851,0.0675582043489851,0.9,0.2458274913091156,0.3252812916165514
0.6527025877545588,0.0006504218435174,98.3442489147972,-6.346585265534741,0.1836918347439878,0.7649316055646798,0.0101675705048697,3,1,0.1,0.7,1,False,False,False,False,True,1e-06,True,2,0.0780297489217939,-7.224516500349082,1.2832851871695947,1.5181952809835035,1.6318836157755925,0.3073064215483561,0.7300959564924194,0.0780297489217939,0.0780297489217939,0.9,0.2765757793935204,0.3440364900484057
0.7118501787112864,0.0014357349470705,57.45926298762611,-7.5449504579059425,0.6724327580455256,0.902674195928703,0.0109415020806732,3,1,0.1,0.7,1,False,False,False,False,True,1e-06,True,2,0.0643873279577866,-3.732828098328156,1.1116455099518845,0.5993448712735888,1.9764423397168067,0.1078194153663213,0.3728686418529764,0.0643873279577866,0.0643873279577866,0.9,0.0970374738296891,0.787558326697854
0.304352817013451,0.0001065319835931,90.71779269621972,-11.765576779043116,0.3907199294016346,0.8584136273098695,0.0110222910116132,3,1,0.1,0.7,1,False,False,False,False,True,1e-06,True,2,0.05,-9.5298789590197,0.9137060663381544,1.5917104757146097,0.3177929421971194,0.1649395678093315,0.7691213935123525,0.05,0.05,0.9,0.1484456110283984,0.3647436687070464
0.5233794842806052,0.000222054372827,193.9014836553452,-7.08965712155435,0.0914141428760454,0.8093908559491148,0.0051573939396726,3,1,0.1,0.7,1,False,False,False,False,True,1e-06,True,2,0.073587067705732,-7.647876826751211,1.0255116807465623,1.8006280821135416,0.8883711058129654,0.2354970316873318,0.132742114134572,0.073587067705732,0.073587067705732,0.9,0.2119473285185986,0.4025082399480754
0.6782599235755821,0.0005364115897187,97.19472497504007,-22.429510171378546,0.3320258111839415,0.8655209583524374,0.0102856649780397,3,1,0.1,0.7,1,False,False,False,False,True,1e-06,True,2,0.0610598706445712,-9.08740686082366,0.4828483281553493,1.867318090140098,1.8801008265083488,0.155373524291717,0.8949259609151806,0.0610598706445712,0.0610598706445712,0.9,0.1398361718625453,0.4745704242355204
0.6151278598064688,0.064207698425217,1.411511100665814,-1.112642720109119,5.763103838266446,0.4737624904941933,0.672221296758969,3,1,0.1,0.7,1,False,False,False,False,True,1e-06,True,2,0.1365887247216897,-0.0767592815221682,1.911520013259924,1.6520778658019126,1.8426613611533185,1.110762291368562,1.4877299447911103,0.1365887247216897,0.1365887247216897,0.9,0.9996860622317058,-0.4311572904271318
0.4336519301566018,0.0020542862902921,73.66676831311615,-4.137753063961221,0.1774638200637104,0.8788303255441596,0.0107888455501197,3,1,0.1,0.7,1,False,False,False,False,True,1e-06,True,2,0.1214054828185481,-5.7441169591646695,0.4089407220330033,0.6839467788762807,0.7952332444075036,0.1378760733828953,0.1550662799132612,0.1214054828185481,0.1214054828185481,0.9,0.1240884660446058,1.1833464068170545
0.4566210141163563,0.0071963637052873,58.19211884747156,-2.431616354845005,0.275383072882033,0.8443933212221937,0.0107847703405776,3,1,0.1,0.7,1,False,False,False,False,True,1e-06,True,2,0.1702204762019075,-5.434483448571356,0.5241685225421556,0.4566231087764452,1.1378517474906626,0.1842822235407756,0.6750316569145751,0.1702204762019075,0.1702204762019075,0.9,0.1658540011866981,1.317920854935039
0.5741701596744626,0.0012346521887592,95.9130584767126,-19.301144089335967,0.2823779833500527,0.8942750121165276,0.0104209215496297,3,1,0.1,0.7,1,False,False,False,False,True,1e-06,True,2,0.0793554772481428,-1.596827943430677,0.2539130601045752,1.4971695880581497,1.561779738079759,0.1182242447245031,0.6457583353939217,0.0793554772481428,0.0793554772481428,0.9,0.1064018202520528,1.294894189955184
0.7089630351010592,0.0004732633083784,71.93565446713892,-11.828585134082187,0.5289267529360476,0.8670410212728102,0.0105490200555779,3,1,0.1,0.7,1,False,False,False,False,True,1e-06,True,2,0.0535620240858458,-4.767648499468392,0.7629824721848413,0.7654345199147778,1.855472279782536,0.1533479679335204,1.4501388546916445,0.0535620240858458,0.0535620240858458,0.9,0.1380131711401683,0.434692371688731
0.6147354267824947,0.0025267936100518,73.24036471395958,-3.4126504950697707,0.262439119551084,0.7276546954654053,0.0103197299142428,3,1,0.1,0.7,1,False,False,False,False,True,1e-06,True,2,0.1096600492833163,-7.164010657481111,1.612758497580597,0.8459230047371699,1.6427516052131814,0.3742782204688497,0.9952513865008936,0.1096600492833163,0.1096600492833163,0.9,0.3368503984219648,0.4198204210494136
0.1707074280251304,0.0023240403798357,29.86407519168888,-1.572488030187229,0.4270975422704681,0.7531068695917017,0.0334666468155588,3,1,0.1,0.7,1,False,False,False,False,True,1e-06,True,2,0.1364186778215712,-6.211699099548032,1.1074548376097293,1.3087435184095602,0.1931769284775584,0.3278327955528434,1.5705208360798095,0.1364186778215712,0.1364186778215712,0.9,0.2950495159975591,0.5922139137840337
0.2319761437450515,4.7444868957231096e-05,194.9703243337505,-10.941307834871331,0.2038283893585399,0.7891296708128851,0.0051288798249581,3,1,0.1,0.7,1,False,False,False,False,True,1e-06,True,2,0.0519968032703376,-1.287947781232809,1.1316397183368236,1.9329298671589024,0.2201020629218552,0.2672188576687233,1.113947545474542,0.0519968032703376,0.0519968032703376,0.9,0.240496971901851,0.2904659102493667
0.1856869241084344,0.0025735233934993,29.69879653386644,-2.680998883573228,0.436245958040905,0.8361620418839587,0.0336340594370903,3,1,0.1,0.7,1,False,False,False,False,True,1e-06,True,2,0.1286723346813232,-3.255916023525516,0.6766981424583163,1.2081768869807292,0.2213235685100007,0.1959404396627449,1.6360603344966005,0.1286723346813232,0.1286723346813232,0.9,0.1763463956964704,0.98378450869391
0.5272098861850855,0.0018236912402628,139.84447126138448,-2.508029426790663,0.1496949620896458,0.6437147488748541,0.0051340379168625,3,1,0.1,0.7,1,False,False,False,False,True,1e-06,True,2,0.1364208063546071,-5.978035622682587,1.401806369394506,0.6599480778016369,1.3029718461711344,0.5534831254804942,1.1735402426424375,0.1364208063546071,0.1364208063546071,0.9,0.4981348129324447,0.3993636382574247
0.5255957609624415,0.0012039932320925,143.69728398545428,-1.8904930322295856,0.1044067763566361,0.5922584485342914,0.005086245765308,3,1,0.1,0.7,1,False,False,False,False,True,1e-06,True,2,0.163974335612796,-6.2105513789321805,1.539670807314935,0.8177281437603081,1.826033689553282,0.6884520642546825,0.8302869678221684,0.163974335612796,0.163974335612796,0.9,0.6196068578292143,0.4181904760957991
0.7239947257641965,0.0002145822247006,95.47128030289298,-8.819878986321756,0.269326394720702,0.7212069824190795,0.0104734637081836,3,1,0.1,0.7,1,False,False,False,False,True,1e-06,True,2,0.0541657266358107,-0.3203913520576193,1.7549950552431297,1.906169772178768,1.987277097345568,0.3865645014220331,0.7563620672873963,0.0541657266358107,0.0541657266358107,0.9,0.3479080512798298,0.3453016662405285
0.4734935638200719,0.0018961202945845,29.417991582845843,-2.971495127309334,0.5698806562128711,0.8213606418783528,0.0339772587921269,3,1,0.1,0.7,1,False,False,False,False,True,1e-06,True,2,0.0822142151300585,-7.801893234218646,1.834517565198796,1.3971751791365448,0.7212725431574898,0.2174919870924427,0.953914480934948,0.0822142151300585,0.0822142151300585,0.9,0.1957427883831984,0.4836583104800379
0.2821830328115939,0.0001995150496459,191.41738801650035,-0.5467187481245641,0.0651540638269465,0.5513649273750364,0.0052241147881224,3,1,0.1,0.7,1,False,False,False,False,True,1e-06,True,2,0.1571029008405078,-1.5170402329692774,1.935699877483932,1.639256175802265,0.4040336551809649,0.8136808316061129,0.5786983878850472,0.1571029008405078,0.1571029008405078,0.9,0.7323127484455016,0.4012472735061448
0.6510101558766047,0.0001178466940705,188.6711739160318,-7.229657108126546,0.139846851952539,0.8090016039619217,0.0051185738436207,3,1,0.1,0.7,1,False,False,False,False,True,1e-06,True,2,0.0547026902119246,-3.0025100568144127,1.874610802305667,1.4574574473441644,1.387035882909335,0.2360914924058273,0.3651296085191806,0.0547026902119246,0.0547026902119246,0.9,0.2124823431652446,0.3103536616687145
0.3713029385740814,0.0025697715924854,70.2189273363293,-2.2360339020540105,0.1539162872988765,0.7209191079669872,0.0108702164165373,3,1,0.1,0.7,1,False,False,False,False,True,1e-06,True,2,0.19302283902758,-8.97981413534987,0.4594482432809296,0.6328904527358915,0.9269200766495104,0.3871181786539533,0.6112807066952636,0.19302283902758,0.19302283902758,0.9,0.348406360788558,0.732299389000587
0.6032379170731264,0.0007359347701318,65.07829157332468,-9.025031513262528,0.6200269946332791,0.8906737434406549,0.0109455464212136,3,1,0.1,0.7,1,False,False,False,False,True,1e-06,True,2,0.0585690111143598,-9.245811669663691,0.6403896307292584,0.5582920295064637,1.1561719039353595,0.1227455702657405,0.995666292022356,0.0585690111143598,0.0585690111143598,0.9,0.1104710132391664,0.5648791322992831
0.6590325968103492,0.0058938302051803,9.601788806495172,-13.240022141081129,2.08148862408475,0.8819473632965786,0.1028917677365732,3,1,0.1,0.7,1,False,False,False,False,True,1e-06,True,2,0.070117999504502,-0.0596558750119964,0.4570721126950589,1.4940095550048484,1.7535740355802338,0.1338545151517425,1.0542442438923585,0.070117999504502,0.070117999504502,0.9,0.1204690636365682,-0.0763342084481649
0.5021456995524693,0.0009472658713564,85.01829866014711,-4.273572670424833,0.3022413372595325,0.7043774850612923,0.0106864291432545,3,1,0.1,0.7,1,False,False,False,False,True,1e-06,True,2,0.0830026218175008,-0.6542850973084064,1.2073577462246117,0.8427745457409384,0.8346412957115248,0.4196933053772775,1.1730932497050577,0.0830026218175008,0.0830026218175008,0.9,0.3777239748395498,0.4024073532588804
0.6167947060000791,0.0008125742691874,26.2270464809202,-8.872063796733817,1.1094369784399534,0.8968385955439109,0.0339245931946647,3,1,0.1,0.7,1,False,False,False,False,True,1e-06,True,2,0.0525427194305954,-3.9047160882899066,1.0523181725670414,0.9056003511093984,1.1886952624271807,0.1150278377499177,1.2062405106820495,0.0525427194305954,0.0525427194305954,0.9,0.103525053974926,0.5768008449484565
0.3107966928913416,0.0031775301455169,29.55393885316312,-5.216900282391554,0.5909610504175962,0.7210248533914441,0.0337908248931822,3,1,0.1,0.7,1,False,False,False,False,True,1e-06,True,2,0.1098927755144714,-0.5670894157854676,0.7711783356732583,1.5204661012907514,0.4379827711384945,0.3869147440568188,1.6782591819737331,0.1098927755144714,0.1098927755144714,0.9,0.3482232696511369,0.7891638396218431
0.7112551635824382,0.0080239435122362,1.9875833554347035,-5.923776500597877,8.101185216107773,0.7438791540705604,0.4854505768511708,3,1,0.1,0.7,1,False,False,False,False,True,1e-06,True,2,0.0566164080943444,-0.1352916047782955,1.951976837415477,1.3380726486743597,1.861985020162366,0.344304373268061,1.7662268119705151,0.0566164080943444,0.0566164080943444,0.9,0.3098739359412549,-1.0261172586312457
0.6017053307575104,0.0017049648933036,88.60902346840844,-5.624142949086578,0.1863974506956646,0.7275264771625068,0.0101188672109194,3,1,0.1,0.7,1,False,False,False,False,True,1e-06,True,2,0.1075328460055824,-2.6282319857883643,0.7435290370587547,1.0669640206274873,1.6946962676300037,0.374520421442519,0.7111474610025397,0.1075328460055824,0.1075328460055824,0.9,0.3370683792982671,0.443055987538643
0.4257291072799409,0.005317853262513,29.605060842159865,-6.200472084264402,0.4572476388565684,0.7219500966944606,0.0337103509174299,3,1,0.1,0.7,1,False,False,False,False,True,1e-06,True,2,0.1272480980050412,-0.981619224413329,0.8723537403692205,1.9977471374044364,0.9530614947134728,0.385137289375853,1.2711575564948323,0.1272480980050412,0.1272480980050412,0.9,0.3466235604382677,0.6898302069294381
0.6189617547671039,0.0007861514409154,25.874289277673817,-7.403915366549304,1.2021753844326375,0.8866697859167212,0.0333421891708328,3,1,0.1,0.7,1,False,False,False,False,True,1e-06,True,2,0.0514486680457113,-7.1312607809092095,1.8326777426244123,0.9154534964092368,1.1893105049787087,0.1278155812720149,1.411606922722359,0.0514486680457113,0.0514486680457113,0.9,0.1150340231448134,0.4811285394097614
0.6485472885194389,0.0001989246502653,96.08455308030425,-20.52515475190915,0.3259314089211643,0.8827000465523183,0.0104085970264205,3,1,0.1,0.7,1,False,False,False,False,True,1e-06,True,2,0.0501832251457777,-5.941141220476392,0.6249164720809218,1.7935949251733818,1.4045134580219203,0.1328876710790219,0.2795732734855705,0.0501832251457777,0.0501832251457777,0.9,0.1195989039711197,0.456858950838716
0.4210068718661131,0.0005566650029825,193.0097560144913,-9.106764715573815,0.0951462427135527,0.6937866331934953,0.0051810904406867,3,1,0.1,0.7,1,False,False,False,False,True,1e-06,True,2,0.1039047421129297,-1.5733645896000787,0.7711065052657631,1.9032602876238096,0.7938156626775258,0.4413653307170341,0.3518236154478827,0.1039047421129297,0.1039047421129297,0.9,0.3972287976453307,0.3990261673085426
0.6389288511996396,0.0028998439156068,69.78365465284281,-4.11958195556287,0.3332962833848136,0.7212742215010591,0.0103085957588604,3,1,0.1,0.7,1,False,False,False,False,True,1e-06,True,2,0.1046442094240253,-3.8477830279590894,1.7851946261962572,0.7583172602574133,1.8429947311680013,0.3864352422285086,1.6694178886506297,0.1046442094240253,0.1046442094240253,0.9,0.3477917180056578,0.4038601369804131
0.5802133037640463,0.001913466640558,79.07557722308547,-4.100598782245324,0.2352213005748059,0.7222413618957739,0.0103725475398296,3,1,0.1,0.7,1,False,False,False,False,True,1e-06,True,2,0.1055262491002914,-2.5433139412249464,1.0627663256501978,0.876006435336003,1.3792375937045964,0.3845786917757685,0.9469170527627688,0.1055262491002914,0.1055262491002914,0.9,0.3461208225981917,0.4258668237838144
0.5151190250694747,0.0140582409863632,2.8167264496782183,-5.182468732386091,3.987240326582041,0.8758689625027307,0.3515259201071408,3,1,0.1,0.7,1,False,False,False,False,True,1e-06,True,2,0.0798593759188539,-0.177189798912174,1.2811634028964003,1.358591827148047,0.8759479613786713,0.1417232974468851,1.350615746049275,0.0798593759188539,0.0798593759188539,0.9,0.1275509677021966,-0.2950948078643932
0.5348684290323052,0.0013815237221347,90.87601252306833,-2.854933178679117,0.1069461385754681,0.7557576947620421,0.0110026425065772,3,1,0.1,0.7,1,False,False,False,False,True,1e-06,True,2,0.1298848881326784,-5.993225890207629,1.8431648744903149,1.8440609075616,1.2714014184484237,0.3231754131393397,0.1525748725747472,0.1298848881326784,0.1298848881326784,0.9,0.2908578718254057,0.570011662135756
0.4855395562417274,0.0009309383490573,99.62896046879,-11.410750954101868,0.2332165433045004,0.8179997502524442,0.0100349907851258,3,1,0.1,0.7,1,False,False,False,False,True,1e-06,True,2,0.0842329952817649,-1.5672193531027805,0.3800431555736374,1.310314491194273,0.907341649815016,0.2224942607762269,1.1416664098815557,0.0842329952817649,0.0842329952817649,0.9,0.2002448346986042,0.6102275033076857
0.5507744562356314,0.0149031239449961,9.888848628189397,-3.3068562240100565,0.7202916835596379,0.8618235669404566,0.1005385660768571,3,1,0.1,0.7,1,False,False,False,False,True,1e-06,True,2,0.1377219709260168,-5.167680553005686,1.2722996480553237,1.9269465211376875,1.5427240406940637,0.1603303023495643,1.4689027552710163,0.1377219709260168,0.1377219709260168,0.9,0.1442972721146078,1.1954172235787577
0.6067801543681981,0.0011520860252381,91.37907001625058,-6.41914592011096,0.1853878210411889,0.718288814546128,0.0109422113354533,3,1,0.1,0.7,1,False,False,False,False,True,1e-06,True,2,0.095056952996307,-9.944820464276,1.2438899690271366,1.7786746532798352,1.5615828727247774,0.3921976505117646,1.8381839968404576,0.095056952996307,0.095056952996307,0.9,0.3529778854605881,0.3458559980502549
0.3481420541547308,0.0018779594555568,108.64573758068993,-2.9275944115817327,1.027830374198916,0.8639399450829518,0.0051552856489046,3,1,0.1,0.7,1,False,False,False,False,True,1e-06,True,2,0.0747342366053178,-6.117536968531351,1.532973134784612,0.2198297809225419,0.4119616670779031,0.1574878620804879,1.500820501770595,0.0747342366053178,0.0747342366053178,0.9,0.1417390758724391,0.5954642875057912
0.3474152818343064,0.0006550499325716,92.46362777193956,-1.6056353306903093,0.242785411216741,0.7418797055560039,0.0108146217814059,3,1,0.1,0.7,1,False,False,False,False,True,1e-06,True,2,0.0871358417808156,-5.990455797880248,1.7335955035135775,1.0073620948407842,0.423412362398193,0.34792742342311,1.166089997216092,0.0871358417808156,0.0871358417808156,0.9,0.313134681080799,0.3523073102779348
0.5717210777956998,0.0025447032944908,9.583003147663382,-13.917904369901397,3.121250070795877,0.7365571047606946,0.103393129194258,3,1,0.1,0.7,1,False,False,False,False,True,1e-06,True,2,0.0568220474813737,-0.1389309094173043,0.5857077412002465,1.5118488332111504,1.0243710756807722,0.3576679846498763,1.711024407279484,0.0568220474813737,0.0568220474813737,0.9,0.3219011861848887,-1.5030188716067732
0.6829249269799059,0.0002279451144858,193.33687383450456,-8.86212886067613,0.1311243454719555,0.7560227890834955,0.0050592525744077,3,1,0.1,0.7,1,False,False,False,False,True,1e-06,True,2,0.0645768479891064,-4.841216898366255,1.242263265852817,1.3403628276434063,1.7410439529152817,0.3227114505533237,1.3626589901817328,0.0645768479891064,0.0645768479891064,0.9,0.2904403054979913,0.2760961032511239
0.4800144433407983,0.0214156649190975,9.499138735282724,-0.9859157057340332,1.211523079351572,0.4140969573281521,0.1047554651457028,3,1,0.1,0.7,1,False,False,False,False,True,1e-06,True,2,0.2,-0.1826539703884648,1.9291509613816769,1.430240534748029,1.311354529638784,1.414893377754398,1.3925248596314743,0.2,0.2,0.9,1.273404039978958,1.5096538785906954
0.2972367644906685,0.0005024977141491,97.73974220707152,-5.967504759128288,0.1740673123423433,0.8265245321183529,0.0102343571949739,3,1,0.1,0.7,1,False,False,False,False,True,1e-06,True,2,0.0889010896650377,-6.880454080226118,0.6540124683807371,1.2837576147853966,0.3579804643344261,0.2098854433721837,0.1862268544933905,0.0889010896650377,0.0889010896650377,0.9,0.1888968990349653,0.5460885865403554
0.5603541530359141,0.0003755645469035,199.1643897986681,-16.03175810623425,0.1415249655433473,0.8101386374636154,0.0050206452724235,3,1,0.1,0.7,1,False,False,False,False,True,1e-06,True,2,0.0730076770707778,-7.099193354138647,0.4385191214869609,1.6986345456987115,1.183538263854699,0.2343566320090634,1.3488681541186431,0.0730076770707778,0.0730076770707778,0.9,0.2109209688081571,0.4021797992909564
0.3665882657093443,0.0034510722038959,71.82109867081022,-2.1239328990637603,0.2539006060884226,0.623642452393707,0.0105248122158705,3,1,0.1,0.7,1,False,False,False,False,True,1e-06,True,2,0.1673581746246285,-0.6426945678957416,0.6097971509706093,0.5531305047770378,0.6998908510449974,0.6034828869678962,1.7816894395854412,0.1673581746246285,0.1673581746246285,0.9,0.5431345982711066,0.7821917060075322
0.5567165677478737,0.0021648674931768,29.237161899608253,-6.98399569068222,0.6877640200612347,0.8811194565161782,0.0341775861142813,3,1,0.1,0.7,1,False,False,False,False,True,1e-06,True,2,0.0756288847105008,-5.656674527487866,0.7512498893382823,0.9980536400993972,1.0462473701792676,0.134919893783595,1.4422194697375548,0.0756288847105008,0.0756288847105008,0.9,0.1214279044052355,0.7061513305884533
0.6626664534339454,0.0002097699758922,137.47970516315388,-10.60988373391282,0.3669047911505679,0.8313196690818341,0.0052309363305183,3,1,0.1,0.7,1,False,False,False,False,True,1e-06,True,2,0.0500346900449619,-4.483199704978751,1.2035196338886949,0.6245122235522903,1.448456201316976,0.2029067002642534,1.759844401188014,0.0500346900449619,0.0500346900449619,0.9,0.182616030237828,0.3138891910167463
0.6455113907912716,0.0002257352892488,196.26826988314664,-11.450196768997408,0.132801338650512,0.7463894023455279,0.0050949257856728,3,1,0.1,0.7,1,False,False,False,False,True,1e-06,True,2,0.0651473634805291,-2.050702789787508,1.1039420385840877,1.8564924982248607,1.499032661140038,0.3397832242225052,1.611408801611221,0.0651473634805291,0.0651473634805291,0.9,0.3058049018002546,0.2833737617095804
0.147654358360973,9.73187904176562e-05,130.30030056879602,-1.971703627259448,0.7065569349974866,0.8852150516690602,0.0050395714179751,3,1,0.1,0.7,1,False,False,False,False,True,1e-06,True,2,0.0501792270389061,-2.8119778332161607,0.6992747765421894,0.2766052023249597,0.12373779247578,0.1296689975102822,1.219976280902115,0.0501792270389061,0.0501792270389061,0.9,0.116702097759254,0.5069200269648967
0.4917019707221679,0.0022128508266717,131.0542019518847,-2.34611069753868,0.1456082041618436,0.623713249979043,0.0050615255094868,3,1,0.1,0.7,1,False,False,False,False,True,1e-06,True,2,0.171223807327479,-9.548950499538789,0.9464519348392526,0.5747466514018132,1.5872125560766348,0.6033008758970577,1.6340624391854606,0.171223807327479,0.171223807327479,0.9,0.542970788307352,0.4689741801958719
0.5267803713122637,0.0007757228870591,29.208019465967645,-13.302186724784791,1.0846301501523024,0.8065913332633402,0.0341999916933393,3,1,0.1,0.7,1,False,False,False,False,True,1e-06,True,2,0.0551370020857154,-0.3766034887251592,0.6762057937508851,1.2927187237314182,0.8391337661174432,0.2397852031885331,1.1054213509392807,0.0551370020857154,0.0551370020857154,0.9,0.2158066828696798,0.7320476176299806
0.6620389725944017,0.0003680471016871,96.87149844689522,-32.801990667020384,0.4418273203846287,0.8996566551866417,0.0103195345571685,3,1,0.1,0.7,1,False,False,False,False,True,1e-06,True,2,0.0527669474975549,-7.792015442419252,0.4231423104092463,1.9233086079616588,1.6264347886707766,0.1115351553671785,0.5532150831041232,0.0527669474975549,0.0527669474975549,0.9,0.1003816398304607,0.5598559458133506
0.5417803143674649,0.000687467039042,192.58029671697585,-4.226685628844038,0.0736574673025641,0.6255571057177866,0.0051925154375518,3,1,0.1,0.7,1,False,False,False,False,True,1e-06,True,2,0.1248874524031134,-9.53141650137924,1.1032490356709133,1.4997694489811373,1.464991089894818,0.5985750794926458,1.113670986800315,0.1248874524031134,0.1248874524031134,0.9,0.5387175715433812,0.3409929860406341
0.5971813574872824,0.0001971362860548,93.01991992884714,-6.45572469808097,0.2955497973578149,0.8041281985865988,0.0107497025968049,3,1,0.1,0.7,1,False,False,False,False,True,1e-06,True,2,0.0531038080122103,-2.044469000328136,1.974506891831595,1.452629368441413,1.0877856294397463,0.2435828040325925,1.0838855433146202,0.0531038080122103,0.0531038080122103,0.9,0.2192245236293333,0.3034762177595222
0.4783923340014763,0.0003046135978591,72.37566782581841,-9.049719811449885,0.6202837038457233,0.8981778350077957,0.0109291374902136,3,1,0.1,0.7,1,False,False,False,False,True,1e-06,True,2,0.0509773997894413,-3.861498219538621,0.5459980956931262,0.544664716256762,0.6675541733488843,0.1133652613363817,1.037272505621096,0.0509773997894413,0.0509773997894413,0.9,0.1020287352027436,0.5666364809886726
0.3650516683575048,0.0007352355056852,194.842141933373,-6.046105260436873,0.0801823894752869,0.7330874247266337,0.0051320184290906,3,1,0.1,0.7,1,False,False,False,False,True,1e-06,True,2,0.1281054711063789,-2.86792321814222,0.3292963992531083,1.2652148652795656,0.7238872886101791,0.3640937850937726,1.3787925610548533,0.1281054711063789,0.1281054711063789,0.9,0.3276844065843954,0.5470694306210322
0.3736030139327697,0.0026465633127651,29.80087680732793,-2.181945009885821,0.6599908411219445,0.788200341148092,0.0335439123708119,3,1,0.1,0.7,1,False,False,False,False,True,1e-06,True,2,0.0939186330557334,-4.402006818008022,1.8715366887549167,0.8925520491045231,0.4935727772482885,0.2687129753628383,1.7331905620404378,0.0939186330557334,0.0939186330557334,0.9,0.2418416778265544,0.4816758124722332
0.3236159618687276,0.0009774867376869,91.63341615142082,-2.42177146750116,0.1129851948805915,0.6290979159177272,0.0109114228078007,3,1,0.1,0.7,1,False,False,False,False,True,1e-06,True,2,0.1801026138580252,-6.649586899898655,0.6579734689500404,1.1574177414257016,0.7020160849937368,0.5895776709754338,1.61349615759591,0.1801026138580252,0.1801026138580252,0.9,0.5306199038778904,0.5089612673492223
0.5038282564021428,0.0059193383883692,29.536277035778845,-8.865856740319924,0.4366423151427902,0.8793212120179527,0.0337853558605082,3,1,0.1,0.7,1,False,False,False,False,True,1e-06,True,2,0.115568802027112,-3.449129634854219,0.5833542242344117,1.895039004475101,1.546646967958984,0.1372408470678215,0.606072353935731,0.115568802027112,0.115568802027112,0.9,0.1235167623610394,1.266984025609629
0.4330126785565018,0.0041804468132306,9.033637103613009,-3.826372646324786,2.087790217744304,0.9008586112644482,0.1104635219212517,3,1,0.1,0.7,1,False,False,False,False,True,1e-06,True,2,0.0715835938552851,-1.4681167971607287,1.7482870348334367,0.964528397204624,0.5886194749487208,0.1100521075070777,1.832919484778448,0.0715835938552851,0.0715835938552851,0.9,0.0990468967563699,1.296414001669027
0.3658207546142426,0.0008208638138083,97.05045164010664,-3.312447302074326,0.1525134737590645,0.7037423397287845,0.0103032813431081,3,1,0.1,0.7,1,False,False,False,False,True,1e-06,True,2,0.1078479321862993,-3.2646841516101945,1.3713919023562529,1.8082350267673164,0.522401863080115,0.4209746146372128,0.603794503730672,0.1078479321862993,0.1078479321862993,0.9,0.3788771531734916,0.3950332941871067
0.6724752026955996,0.0046112851646487,57.52575823859425,-5.391126980649044,0.7141492331822223,0.8818215256554638,0.0101206339922853,3,1,0.1,0.7,1,False,False,False,False,True,1e-06,True,2,0.0878509986842498,-6.896163938107064,0.9155801888975454,0.4432470954168016,1.920232623303611,0.1340163183890224,0.8540562657571185,0.0878509986842498,0.0878509986842498,0.9,0.1206146865501201,0.821460753715565
0.3327113163358975,0.0001261204114207,199.96630708242807,-18.64641274758548,0.1974749029819984,0.8975632682629607,0.0050005164079688,3,1,0.1,0.7,1,False,False,False,False,True,1e-06,True,2,0.0577013533685218,-3.815133710387745,0.3035073108184717,1.8408879502710047,0.3858121375369066,0.1141275889501174,1.810443074757159,0.0577013533685218,0.0577013533685218,0.9,0.1027148300551057,0.6493389455593818
0.3699642501932058,0.0012156070304905,78.37716149846973,-4.234877956474604,0.3173198821895285,0.8234142079335629,0.0107690484527269,3,1,0.1,0.7,1,False,False,False,False,True,1e-06,True,2,0.0912286206457883,-5.04248780960766,0.541273141449486,0.5749948097820727,0.4951466353155412,0.2144556049252491,0.9616396595178878,0.0912286206457883,0.0912286206457883,0.9,0.1930100444327242,0.5642242207567664
0.1970277544005105,0.0003668148622708,93.399893321096,-2.154164066549572,0.1144327144239772,0.5680944545400692,0.0107046753859069,3,1,0.1,0.7,1,False,False,False,False,True,1e-06,True,2,0.1917750117748017,-6.088772180987744,1.0378343532922396,1.7478238178030976,0.3288715642581141,0.7602706592332477,1.41705994087911,0.1917750117748017,0.1917750117748017,0.9,0.6842435933099229,0.4632106147443112
0.4573318588399074,0.0014878949175268,98.2375638111538,-2.3303228977559343,0.1307357866523677,0.6059772282981432,0.0101786993697874,3,1,0.1,0.7,1,False,False,False,False,True,1e-06,True,2,0.1502484397838918,-5.980373820158132,1.3659225753644682,1.1950661127169664,1.044794336479733,0.650227027191187,1.7141125358642637,0.1502484397838918,0.1502484397838918,0.9,0.5852043244720683,0.3966448111440674
0.686052716612354,0.0005484621951979,95.52492579618308,-5.936350567537117,0.1899881559347298,0.7709709034190968,0.0103881969946571,3,1,0.1,0.7,1,False,False,False,False,True,1e-06,True,2,0.0729198730260555,-8.920641363424354,1.7536517889370775,1.6861583303843428,1.8288826101803808,0.297065810869394,0.7710234843308647,0.0729198730260555,0.0729198730260555,0.9,0.2673592297824546,0.3273958079908834
0.4113524313298381,0.000632240519677,179.0734277790643,-1.62900144582672,0.1140831260519019,0.6767807404757576,0.0052426928751491,3,1,0.1,0.7,1,False,False,False,False,True,1e-06,True,2,0.1077571747982199,-7.767378610041419,1.6832618523060023,0.9108678219692964,0.6115272648864022,0.477583418371256,0.8346804221125037,0.1077571747982199,0.1077571747982199,0.9,0.4298250765341305,0.3433613372301419
0.4973190890376005,0.0017177467985012,90.22604954684556,-3.2958719590711443,0.1195188892353292,0.6361409202582173,0.0103870528388196,3,1,0.1,0.7,1,False,False,False,False,True,1e-06,True,2,0.1620921164639783,-5.285913649892914,0.7622875791244226,1.1768516185762188,1.73544216395661,0.5719787364002424,0.7879970726239206,0.1620921164639783,0.1620921164639783,0.9,0.5147808627602182,0.4707165279287111
0.4785901088000125,0.0006752761176287,57.05866231464538,-6.339093021317459,1.4329057166386343,0.9068569017935492,0.0107661610861445,3,1,0.1,0.7,1,False,False,False,False,True,1e-06,True,2,0.050483857750746,-6.897689372741779,1.3274047549311423,0.3414287082003583,0.6638785415821535,0.1027098079335732,1.6415779143302225,0.050483857750746,0.050483857750746,0.9,0.0924388271402159,0.5835889044750106
0.5368343569645696,9.421795020090884e-05,195.5338556237133,-9.073519037247516,0.136812108533834,0.8393133035269946,0.0050238380013163,3,1,0.1,0.7,1,False,False,False,False,True,1e-06,True,2,0.0541225600955938,-2.1801207928912056,0.7734483971585407,1.1162015873241171,0.8549364599204993,0.1914501960087629,0.1554702476100993,0.0541225600955938,0.0541225600955938,0.9,0.1723051764078866,0.3870034352260821
0.3925815962403007,0.0012041994198102,93.8884708408699,-3.0842127285736693,0.097205076818328,0.7068385707677124,0.0106490174048168,3,1,0.1,0.7,1,False,False,False,False,True,1e-06,True,2,0.1753728698902706,-7.718687994831628,0.4282341866914446,1.2391252257635268,1.1746618671372588,0.4147501867560492,1.7266128250899555,0.1753728698902706,0.1753728698902706,0.9,0.3732751680804443,0.6328827718697833
0.4253245821970423,0.0052584600800388,29.55567028749465,-7.590957502851647,0.4275566061744299,0.9059611708148946,0.0337511141122968,3,1,0.1,0.7,1,False,False,False,False,True,1e-06,True,2,0.1172163370050972,-4.588829446248511,0.5377106445811515,1.5892718195570472,0.9739700808596156,0.1038000658466622,0.7272744448380388,0.1172163370050972,0.1172163370050972,0.9,0.0934200592619959,1.6533304969876663
0.6762644474268148,0.0049563793638154,2.768862764383864,-8.156403241954212,6.9608606880117705,0.7654769520233106,0.3445124362149643,3,1,0.1,0.7,1,False,False,False,False,True,1e-06,True,2,0.0529997830159758,-0.1267233100893445,1.32794821022281,1.215110017240033,1.5530939785056572,0.3063750611390683,1.0249828490890032,0.0529997830159758,0.0529997830159758,0.9,0.2757375550251615,-0.6189817288194814
0.2274554828634641,8.857750687206757e-05,90.73165546203806,-2.1859040367210056,0.3734574796203919,0.8244216741522383,0.0110212346226569,3,1,0.1,0.7,1,False,False,False,False,True,1e-06,True,2,0.0520599782474596,-5.572554776258612,1.5207624696460964,1.3537266600314335,0.2113362410247092,0.2129715063936313,1.4909831983024149,0.0520599782474596,0.0520599782474596,0.9,0.1916743557542682,0.3101089648093847
0.5204874050844974,0.0016130117526778,89.57426335749717,-2.739624019922701,0.1170625165430588,0.6342960727296292,0.0104993808879163,3,1,0.1,0.7,1,False,False,False,False,True,1e-06,True,2,0.1550600888061156,-4.522082131045973,1.027761889072831,1.270341703552739,1.625360765969872,0.5765508301140833,0.6195468664088052,0.1550600888061156,0.1550600888061156,0.9,0.5188957471026749,0.450816079736864
0.6363431137020221,0.0024524376924064,70.178947240868,-2.7581875436426984,0.5799074189438023,0.431632845019229,0.0103323807111543,3,1,0.1,0.7,1,False,False,False,False,True,1e-06,True,2,0.0991122480310451,-0.0920443160179278,1.6720644799655708,0.8288392427035174,1.6925595511477398,1.316783839643738,0.4133213529093242,0.0991122480310451,0.0991122480310451,0.9,1.1851054556793643,0.9567749119840634
0.4976363623961566,0.0001886375880539,178.55887564558256,-4.3530062774491896,0.1825211932645388,0.7854411103863574,0.0050115565862291,3,1,0.1,0.7,1,False,False,False,False,True,1e-06,True,2,0.0611084617487758,-1.0564665962437676,1.567871393200578,0.9331294361116392,0.7365023096784896,0.2731699255060654,0.348353722017601,0.0611084617487758,0.0611084617487758,0.9,0.2458529329554589,0.3613166534491803
0.5561287380572654,0.0002227520253298,98.70107568760326,-5.490903966570581,0.2584962632229533,0.8081230999170618,0.0101310491063765,3,1,0.1,0.7,1,False,False,False,False,True,1e-06,True,2,0.0568631007624366,-7.524109061005337,1.854266785288536,1.454809929273169,0.9264302274271398,0.2374352374070616,0.9530846742149156,0.0568631007624366,0.0568631007624366,0.9,0.2136917136663554,0.3060948441797336
0.4403001557943399,0.0020749242796926,84.1654048073478,-2.6753514330994386,0.1945337196702537,0.5173658726637862,0.0108572464233098,3,1,0.1,0.7,1,False,False,False,False,True,1e-06,True,2,0.1569362754758367,-0.396036751179432,0.914584441179656,0.924288090466828,1.0198831829684336,0.9328681168149974,1.3013998172755,0.1569362754758367,0.1569362754758367,0.9,0.8395813051334976,0.5652934469684892
0.5174167534790587,0.0010097286010044,84.14569641966291,-6.111064883811308,0.3020927888065557,0.7543229817174408,0.0107853988878529,3,1,0.1,0.7,1,False,False,False,False,True,1e-06,True,2,0.0819059520207159,-1.0358965614642877,0.7530150457860431,0.8037431837827588,0.9097464001272424,0.3256920765203286,1.263008230743078,0.0819059520207159,0.0819059520207159,0.9,0.2931228688682957,0.4402730596603695
0.1783099826083898,0.0005115881105689,98.64228658163434,-2.91186108694348,0.1142693429912596,0.5949377125474326,0.0101353611749225,3,1,0.1,0.7,1,False,False,False,False,True,1e-06,True,2,0.1814115163910062,-5.795062585983663,0.9562452912108264,1.779254489328326,0.2894266411299144,0.6808482281584612,0.9228048670224396,0.1814115163910062,0.1814115163910062,0.9,0.6127634053426151,0.4694452598454305
0.5687290938059915,0.0012860516407681,98.47566682495857,-3.435935175341959,0.1340658360300694,0.6415418033778126,0.0101540634495091,3,1,0.1,0.7,1,False,False,False,False,True,1e-06,True,2,0.1192368335335533,-2.493800837535006,1.6303106633156768,1.8260936903817613,1.4578195027169134,0.5587448779406918,1.2107354618266677,0.1192368335335533,0.1192368335335533,0.9,0.5028703901466227,0.3637665188589323
0.5773624884048005,0.0113349055082378,2.318975237594832,-6.076824244310273,5.142674634745792,0.8185741498386891,0.4297138638481673,3,1,0.1,0.7,1,False,False,False,False,True,1e-06,True,2,0.0699216613562426,-0.1382963443913212,1.514029363801061,1.7888199144445949,1.082525283826708,0.2216364274355148,0.9793644491064164,0.0699216613562426,0.0699216613562426,0.9,0.1994727846919633,-0.3008166100791373
0.5519394893523373,0.0002138130861891,84.94119747189674,-6.8096018797051245,0.4383187728306033,0.8422650916377734,0.0104378160079427,3,1,0.1,0.7,1,False,False,False,False,True,1e-06,True,2,0.0501579841139802,-8.017350747384958,1.6337456033718805,0.8486000383946658,0.8932797168934241,0.1872746596389423,1.146169403770154,0.0501579841139802,0.0501579841139802,0.9,0.168547193675048,0.3289791374838012
0.2837725596967475,0.0141478240103292,9.871995589432665,-1.647439888156939,0.5033200845486361,0.8965248927991237,0.1005931781588595,3,1,0.1,0.7,1,False,False,False,False,True,1e-06,True,2,0.2,-7.958721139441616,1.234402385405395,1.9959758578380555,0.525105485332486,0.1154179967918202,1.48073187652069,0.2,0.2,0.9,0.1038761971126382,2.4707910330551446
0.5712569034006931,7.371102967122006e-05,193.79139727511912,-7.411216910639709,0.1492207043061474,0.7778622067971985,0.0051601140148353,3,1,0.1,0.7,1,False,False,False,False,True,1e-06,True,2,0.0507401915496474,-2.4636643121214874,1.9938154409027184,1.929624519521108,0.9707623810279606,0.285574734524564,1.5188373393014367,0.0507401915496474,0.0507401915496474,0.9,0.2570172610721076,0.2461713188035816
0.4074044621118964,0.0144775626212666,9.717523553195656,-1.8347921262240527,0.7330057957065202,0.8759650314238663,0.1026149457218876,3,1,0.1,0.7,1,False,False,False,False,True,1e-06,True,2,0.1518606589496017,-5.900993674083448,1.3494876164973009,1.2789183541186404,0.7423656970456566,0.1415980822596503,1.825804376193111,0.1518606589496017,0.1518606589496017,0.9,0.1274382740336852,1.496278843067088
0.4985752719769252,0.0022351012184574,90.75224863245114,-4.844314366049983,0.118900053582589,0.7746986795229287,0.0110165205404853,3,1,0.1,0.7,1,False,False,False,False,True,1e-06,True,2,0.1495511132951651,-9.840746736993705,0.3817640692053252,1.2856107085139847,1.839786323359408,0.2908244539874722,1.4248350113565382,0.1495511132951651,0.1495511132951651,0.9,0.261742008588725,0.7003813402280152
0.5830504061412927,0.00149081507148,91.2539078546545,-3.9209686849228698,0.1413317477823684,0.7291834576400423,0.0100128460279312,3,1,0.1,0.7,1,False,False,False,False,True,1e-06,True,2,0.1155733174499077,-6.0576415973586455,1.0156499549166451,1.2360479965982378,1.5252541892797526,0.3713969914189203,0.3735038989053046,0.1155733174499077,0.1155733174499077,0.9,0.3342572922770283,0.4498687890462277
0.3956336195960918,0.0010212018209319,98.5473261034534,-3.1407949229178143,0.2102170929767852,0.6322822639431955,0.0101468013930959,3,1,0.1,0.7,1,False,False,False,False,True,1e-06,True,2,0.1054348323357733,-0.593470665206052,1.140709826836875,1.046902414916379,0.5871665642122459,0.5815721190146184,1.484779899763144,0.1054348323357733,0.1054348323357733,0.9,0.5234149071131565,0.412842230270549
0.4928085932932267,0.000663533459282,194.6096589925188,-5.484097851025039,0.0721883308679687,0.5768485822253658,0.005138286660619,3,1,0.1,0.7,1,False,False,False,False,True,1e-06,True,2,0.1393894507401787,-1.1540254045875091,0.8087026432655301,1.697220695436708,1.6287428224372111,0.7335571774176871,1.064803568055087,0.1393894507401787,0.1393894507401787,0.9,0.6602014596759184,0.3943386463947511
0.4679019902093937,0.0180641959776519,9.554479815952371,-2.578207544282307,0.5625173805315238,0.9090585346131552,0.10393556617398,3,1,0.1,0.7,1,False,False,False,False,True,1e-06,True,2,0.1697839776962039,-3.762406818157205,1.0862438123368403,1.7883202231343949,1.256727819965578,0.1000391745131619,1.2491441071827416,0.1697839776962039,0.1697839776962039,0.9,0.0900352570618457,3.401196190285474
0.7186434245900781,0.0001825654471346,91.67314609313004,-11.616123256708317,0.2785413089332033,0.8596628673602729,0.0102562679193403,3,1,0.1,0.7,1,False,False,False,False,True,1e-06,True,2,0.0502506243250791,-2.4589002849055603,1.0222009610829677,1.418990383583329,1.904950593699612,0.1632467074804033,0.2729120817026653,0.0502506243250791,0.0502506243250791,0.9,0.1469220367323629,0.4093107855801283
0.2427778529547353,0.0002265319026586,198.6998212004165,-1.4263264567061216,0.123554853614676,0.6995255503544613,0.0050326751235972,3,1,0.1,0.7,1,False,False,False,False,True,1e-06,True,2,0.0878312252513975,-7.069755470963642,1.4004870270547471,1.0582420101886276,0.2534358852362427,0.4295403498746876,1.6132075889698725,0.0878312252513975,0.0878312252513975,0.9,0.3865863148872188,0.3010146570305879
0.7031891190893708,0.0011846407360578,101.83466362614416,-11.515291207639356,2.0520317342175,0.7792428951232755,0.0052396709639784,3,1,0.1,0.7,1,False,False,False,False,True,1e-06,True,2,0.0501906837027071,-0.2173194184860296,0.74712834465532,0.2476793313054942,1.7617789366485388,0.2832969107043329,1.6595663924959296,0.0501906837027071,0.0501906837027071,0.9,0.2549672196338997,1.230519135916233
0.4424390630372303,0.0001315093834277,92.14869455458644,-5.229229148097696,0.3568908566779677,0.80394193280359,0.010851522705899,3,1,0.1,0.7,1,False,False,False,False,True,1e-06,True,2,0.050028543259753,-1.8122131731500364,1.94536989232817,1.4297615844274765,0.5717216655542655,0.2438709304696868,1.918412645189364,0.050028543259753,0.050028543259753,0.9,0.2194838374227181,0.2877449599842315
0.5719170263280052,0.0162320933199992,9.126618758178571,-2.188282458979171,0.7215683377249608,0.8968737549564169,0.1047143730144601,3,1,0.1,0.7,1,False,False,False,False,True,1e-06,True,2,0.1403990672170626,-5.389684260950301,1.8265822375797185,1.4756910770589116,1.500891007785419,0.1149841262203001,0.9308123192224378,0.1403990672170626,0.1403990672170626,0.9,0.1034857135982701,1.7602018134468025
0.5870093014176375,0.0113010576992514,9.88874060283056,-3.0582345674373896,0.8751648385124029,0.8643431499168225,0.1007307237200229,3,1,0.1,0.7,1,False,False,False,False,True,1e-06,True,2,0.1149077557017601,-6.460556731515903,1.6413072180823365,1.5791174494393854,1.4478790024729735,0.156947909052362,1.2917701428949626,0.1149077557017601,0.1149077557017601,0.9,0.1412531181471258,0.9553068941303736
0.5119779563642334,0.0060078072841095,114.68204718589428,-1.9331467026844384,0.313178258608089,0.6167576398451189,0.0050232210626741,3,1,0.1,0.7,1,False,False,False,False,True,1e-06,True,2,0.1701184553477837,-1.0105518396188522,1.3040308283073443,0.3831772649049085,1.485037233098113,0.621382428681583,1.070231963770483,0.1701184553477837,0.1701184553477837,0.9,0.5592441858134247,0.6088356352137951
0.3555810633737397,0.0002945948350733,64.79935304576314,-3.938587369925937,0.8600005477983664,0.8898364359337122,0.0110993886018245,3,1,0.1,0.7,1,False,False,False,False,True,1e-06,True,2,0.0504687206571567,-1.3899458969337637,0.9952589377010376,0.4570704698462506,0.3957580899004752,0.1238020377876439,0.4526216463624027,0.0504687206571567,0.0504687206571567,0.9,0.1114218340088795,0.6482504276436111
0.270801125114841,0.0003166156671878,85.42781205649571,-1.3039217750945746,0.4062453266911335,0.818940830009286,0.0108380301526815,3,1,0.1,0.7,1,False,False,False,False,True,1e-06,True,2,0.0652926894940759,-1.686738366539224,1.329507585447107,0.6934202869821474,0.2736051475648423,0.2210894405993421,0.5510163389031227,0.0652926894940759,0.0652926894940759,0.9,0.1989804965394079,0.4371543553457098
0.5468114494380794,0.0014604077750746,92.2563224900899,-2.795163074814857,0.1156731696882612,0.588457120293302,0.0108383778947366,3,1,0.1,0.7,1,False,False,False,False,True,1e-06,True,2,0.1521134854300612,-5.4431941812970175,1.5907654561910352,1.79046233410581,1.9121644379223244,0.6993591640144903,1.6236535203036508,0.1521134854300612,0.1521134854300612,0.9,0.6294232476130412,0.3850018386193156
0.3396257681135868,0.003691019069884,67.56587653129479,-0.8674795534483073,0.2404118738531987,0.6377421137957979,0.010320865554572,3,1,0.1,0.7,1,False,False,False,False,True,1e-06,True,2,0.2,-5.365687295874478,1.420591116839909,0.5133330937565719,0.6394138814267672,0.568031933861271,0.887211667731908,0.2,0.2,0.9,0.511228740475144,0.59086505840164
0.6091725410409183,0.0034051309776949,26.595198272788693,-6.445142630584408,0.6807801669368062,0.8918795802778375,0.0339956339607998,3,1,0.1,0.7,1,False,False,False,False,True,1e-06,True,2,0.0834128150235576,-5.913863416089601,0.7511445040299713,0.9562411828378116,1.3981784663297894,0.1212275985604255,1.7709982993452993,0.0834128150235576,0.0834128150235576,0.9,0.1091048387043829,0.8730596769379718
0.6208896697312124,0.0004493441871431,159.6884237911086,-9.93145841239951,0.1910369206252582,0.8225521357010442,0.0052545023567691,3,1,0.1,0.7,1,False,False,False,False,True,1e-06,True,2,0.0694767885639998,-5.90112343379997,0.4724577745745405,0.7744141657248158,1.3678570846279687,0.2157284099052524,1.2299400759088324,0.0694767885639998,0.0694767885639998,0.9,0.1941555689147271,0.4141351612315487
0.4540518609775631,0.000277870973083,90.39164614946512,-28.86983625428606,0.4992002707497712,0.9064013923882666,0.0110583410882165,3,1,0.1,0.7,1,False,False,False,False,True,1e-06,True,2,0.052394255463111,-7.905120003664382,0.4384159896363815,1.7315053654070032,0.6453811011162544,0.1032639715668481,0.8251743221834302,0.052394255463111,0.052394255463111,0.9,0.0929375744101633,0.5981688479966
0.4125456161037673,0.0016200779825264,81.82335266934781,-2.356318157212771,0.1091656870929261,0.7470084865274804,0.0106644983551633,3,1,0.1,0.7,1,False,False,False,False,True,1e-06,True,2,0.1873558017549592,-2.3575761110785525,0.3703362915989437,0.8892609580982153,1.2987481049521443,0.3386728772635072,1.956506054567342,0.1873558017549592,0.1873558017549592,0.9,0.3048055895371565,0.9676119960203274
0.4888342579690269,0.003572506738075,64.03573153414878,-1.4578028238488037,0.1687559499841047,0.7053678693785623,0.0109156260567444,3,1,0.1,0.7,1,False,False,False,False,True,1e-06,True,2,0.2,-4.658660794460103,1.713265974964525,0.8094865190796262,1.7841424468703508,0.4176999597118198,0.2809378721550034,0.2,0.2,0.9,0.3759299637406378,0.7565723564425009
0.4586802399159808,0.0021457726456995,58.015148233927725,-4.099186812592943,1.0959536858922292,0.8794715343136299,0.0104106998488292,3,1,0.1,0.7,1,False,False,False,False,True,1e-06,True,2,0.070598212009615,-5.860223412838535,1.417927746741503,0.3325824923160995,0.6531580456082663,0.1370464659557568,1.3468441433473874,0.070598212009615,0.070598212009615,0.9,0.1233418193601811,0.642190411565753
0.65656996345347,0.0278676100388909,2.3990835630767053,-3.4881291571422306,3.5916274170381186,0.787282520042733,0.4043864368364146,3,1,0.1,0.7,1,False,False,False,False,True,1e-06,True,2,0.097227727884927,-0.3016124902133086,1.9937727332419333,1.6036481565498066,1.819305632982638,0.2701920524613208,1.9143384653747049,0.097227727884927,0.097227727884927,0.9,0.2431728472151887,-2.367324717486633
0.3801773206988559,0.0023181766579335,83.29489471810733,-4.092334899762395,0.1142700307589172,0.8319051404221206,0.0107515884145276,3,1,0.1,0.7,1,False,False,False,False,True,1e-06,True,2,0.1747366510826917,-7.65079477036613,0.2616315324155739,0.8269530799917765,1.2567927687931166,0.202060128505259,0.3722597749978958,0.1747366510826917,0.1747366510826917,0.9,0.1818541156547331,1.171982265041477
0.5293648208684644,0.0010769937759104,182.34917319256056,-6.037408859431007,0.0897400340948231,0.64256324782485,0.0050520677605958,3,1,0.1,0.7,1,False,False,False,False,True,1e-06,True,2,0.135021545644733,-0.98053454972489,0.4079883042330193,1.053849342429495,1.8828870962806248,0.5562670342337728,0.9975210850003916,0.135021545644733,0.135021545644733,0.9,0.5006403308103955,0.5020237035501226
0.4668040470121853,0.0103166441469373,23.866585102082013,-1.4282951811662348,0.3834161618799449,0.6698251624129753,0.0342384532218052,3,1,0.1,0.7,1,False,False,False,False,True,1e-06,True,2,0.2,-6.49609891245289,1.5251882693216254,0.897055327984814,1.3242591918848603,0.4929268951282813,1.8889708733620767,0.2,0.2,0.9,0.4436342056154532,0.6460940506550995
0.6055589727246944,0.00257183496139,72.72591970115336,-3.3790003801889124,0.2878977891478397,0.7057351361491266,0.010529370977384,3,1,0.1,0.7,1,False,False,False,False,True,1e-06,True,2,0.1085438655657914,-2.844666972117796,1.9861664532713368,0.834715347471493,1.5591801485971957,0.416962184221891,1.2934938113400345,0.1085438655657914,0.1085438655657914,0.9,0.3752659657997019,0.4060201552098214
0.6878748120031769,0.0023483730065581,54.79347282959501,-6.813460756171953,0.953850251744376,0.890845828542187,0.0107894036423528,3,1,0.1,0.7,1,False,False,False,False,True,1e-06,True,2,0.0674025653868991,-5.662315080348883,1.1573411860114526,0.4519899110475933,1.7790439825736757,0.1225286889836335,0.9059514309235795,0.0674025653868991,0.0674025653868991,0.9,0.1102758200852701,0.6839442150311696
0.4520931438489265,0.0066607477167925,29.47495103557725,-2.5965980819354595,0.2397103854144829,0.720164033171186,0.0338796855400004,3,1,0.1,0.7,1,False,False,False,False,True,1e-06,True,2,0.2,-1.5240812486240929,0.5964261417506451,1.3681281013491962,1.8122684337241668,0.3885725389486311,1.944314895313125,0.2,0.2,0.9,0.349715285053768,1.079148591404835
0.5415687376175254,0.0009506625475627,87.8500630114827,-4.472876366253895,0.2119508148759292,0.8972394220344628,0.0104249467677388,3,1,0.1,0.7,1,False,False,False,False,True,1e-06,True,2,0.0838946562873667,-6.495245473618684,1.7465392657911258,1.144320588472352,0.980468884177141,0.1145297179793223,0.1106822034043308,0.0838946562873667,0.0838946562873667,0.9,0.1030767461813901,0.920184618053157
0.2752450644664453,0.0020026407467434,96.12027566643371,-6.621228972540607,0.1115758836161276,0.814625844035588,0.0103943909601412,3,1,0.1,0.7,1,False,False,False,False,True,1e-06,True,2,0.1669656666554799,-1.3068284837708095,0.2077216881476866,1.273841513220141,1.0543872989067458,0.2275574207737922,0.4206168600816981,0.1669656666554799,0.1669656666554799,0.9,0.204801678696413,2.0538427505624552
0.5712876480080785,0.0025557701168195,75.42912957266229,-2.9573369566557464,0.2442422768630166,0.7059132470895009,0.0103661934940597,3,1,0.1,0.7,1,False,False,False,False,True,1e-06,True,2,0.117257369291805,-7.711166645091634,1.6338456232119334,0.8327704055910208,1.3859796647607852,0.4166046665408627,1.150305007983918,0.117257369291805,0.117257369291805,0.9,0.3749441998867764,0.4138215292034188
0.7015548703197948,0.0016990711415995,23.266321640726066,-8.048497588408404,1.203617915788887,0.8737520497905156,0.033696399315598,3,1,0.1,0.7,1,False,False,False,False,True,1e-06,True,2,0.059175224247778,-4.503803415985316,1.5846917512143035,0.8873472064032495,1.81862067233754,0.1444894466796991,1.954612275682506,0.059175224247778,0.059175224247778,0.9,0.1300405020117292,0.5156083810990457
0.5714269405077377,0.0054043866007994,111.5898962722392,-3.967545634128159,0.4134298556494358,0.8278750765944393,0.0050514369780822,3,1,0.1,0.7,1,False,False,False,False,True,1e-06,True,2,0.1178556724135366,-3.690457153306839,0.6507527276756024,0.3287327480996735,1.458375334589877,0.2079117106817815,1.2357650079072726,0.1178556724135366,0.1178556724135366,0.9,0.1871205396136033,0.8089675542990853
0.2595817369143259,0.0004830657682676,191.1271609737102,-0.1593913293765459,0.0942753957123607,0.632054019351111,0.0052320655071465,3,1,0.1,0.7,1,False,False,False,False,True,1e-06,True,2,0.1335046320697247,-8.733116757318236,1.958744250637287,1.005678272527466,0.3143121348225477,0.5821432494435131,0.6886325998584171,0.1335046320697247,0.1335046320697247,0.9,0.5239289244991618,0.3726227162391153
0.5945221405816025,0.0006276136665057,75.1489837194643,-9.54191412045284,0.4510306525326052,0.873226420824701,0.0105775127740826,3,1,0.1,0.7,1,False,False,False,False,True,1e-06,True,2,0.0611364803505817,-7.839853635961967,0.5673047543085634,0.6689378616956024,1.1350357200135646,0.1451783594174466,0.977877037358257,0.0611364803505817,0.0611364803505817,0.9,0.1306605234757019,0.509623494807609
0.5146867561834076,0.0051952045458056,63.3729342148444,-2.886249931802235,0.3971631810653329,0.4350907853839751,0.0109954133721238,3,1,0.1,0.7,1,False,False,False,False,True,1e-06,True,2,0.169063748107725,-0.192180221975267,0.7790374902457697,0.6654402189571649,1.7041291576463913,1.2983709000352257,1.3129080426583204,0.169063748107725,0.169063748107725,0.9,1.1685338100317029,0.9281389142403774
0.6362818306620555,0.0009791504380134,94.50873915403474,-6.539920322833542,0.1618733513447481,0.7288265111406155,0.0105800267511672,3,1,0.1,0.7,1,False,False,False,False,True,1e-06,True,2,0.0926402674706505,-3.103885351652336,1.2111423049772607,1.962316984632384,1.769730939269704,0.3720686400869216,0.661716455029795,0.0926402674706505,0.0926402674706505,0.9,0.3348617760782295,0.3714219779017897
0.2588681516525634,0.0039443282813616,56.52458529345208,-1.528113622077154,0.9904980119839802,0.8550079698908993,0.0105748729908654,3,1,0.1,0.7,1,False,False,False,False,True,1e-06,True,2,0.101890112569493,-4.170657674173157,1.7746517490613267,0.281936305327789,0.291819719378846,0.1695797410258081,1.2831064237749532,0.101890112569493,0.101890112569493,0.9,0.1526217669232273,0.821005926513666
0.2761981622018141,3.816775642318249e-05,196.9572886477102,-4.770730104702565,0.1611437545120345,0.7838846663064514,0.005077207899332,3,1,0.1,0.7,1,False,False,False,False,True,1e-06,True,2,0.0505558548554159,-0.7786631904407262,1.5937691016608964,1.910084582944941,0.2739082919009873,0.2756978711062842,0.4651256261523108,0.0505558548554159,0.0505558548554159,0.9,0.2481280839956558,0.3059902675923583
0.643377206646952,0.0003763152624583,122.540361916645,-9.359896743705042,0.5689694842401688,0.8202098106560208,0.0052185115679141,3,1,0.1,0.7,1,False,False,False,False,True,1e-06,True,2,0.0519688944959499,-1.4109669242823897,1.5371655043773509,0.4611593463293535,1.3352101124712563,0.2192002424357484,1.8124192146882183,0.0519688944959499,0.0519688944959499,0.9,0.1972802181921736,0.3474318088643036
0.5786072236642739,0.0005604553636256,197.0079706944969,-3.591644661646212,0.0634496506451829,0.641015831344691,0.0050758262203673,3,1,0.1,0.7,1,False,False,False,False,True,1e-06,True,2,0.1185054338487867,-8.062385079274044,1.4993387511358776,1.9142748093854192,1.569547320912344,0.5600238732048943,0.5843551103793124,0.1185054338487867,0.1185054338487867,0.9,0.5040214858844049,0.3390110466503885
0.5811614749039496,0.0004117116595957,99.64434511022884,-16.87943057731367,0.3104055248003242,0.8305680794204208,0.0100337671974962,3,1,0.1,0.7,1,False,False,False,False,True,1e-06,True,2,0.0611989794370692,-2.297648715601774,0.6207921861887715,1.8232206532424304,1.1318343002602875,0.2039952230018406,1.5092489235451731,0.0611989794370692,0.0611989794370692,0.9,0.1835957007016566,0.4154453439929093
0.5819051214987353,0.0030013564693334,71.31913801147799,-2.8932845989912903,0.2352325517907619,0.6926215218624746,0.0108605335878139,3,1,0.1,0.7,1,False,False,False,False,True,1e-06,True,2,0.1266198237966235,-9.802987822629282,1.5549080428689428,0.8623580865004029,1.5814246485924357,0.4437899609457382,1.2248598934136756,0.1266198237966235,0.1266198237966235,0.9,0.3994109648511644,0.4242832913857629
0.648284345175576,0.0007461308789214,92.8950979015273,-9.395091099790296,0.2153297748943934,0.7897762242188244,0.010763740861374,3,1,0.1,0.7,1,False,False,False,False,True,1e-06,True,2,0.0766604929304983,-6.579082129628885,0.821785646761609,1.4732299155359403,1.6739001284654622,0.2661814439768809,0.6670657896676588,0.0766604929304983,0.0766604929304983,0.9,0.2395632995791928,0.3813553029598465
0.4694436934833114,0.0001310389310317,198.93494396637087,-5.563561301845506,0.1332226854407398,0.7665521893824032,0.0050266946448548,3,1,0.1,0.7,1,False,False,False,False,True,1e-06,True,2,0.0615218091366194,-1.470292243204378,1.1654453951256771,1.214829408618505,0.6618811190807836,0.304542618038416,0.5620354953600261,0.0615218091366194,0.0615218091366194,0.9,0.2740883562345744,0.3055120506312409
0.4509762892497305,0.0001258693895208,95.98342466525334,-6.090462617726839,0.3018379038948519,0.8291286893609935,0.0104179480698299,3,1,0.1,0.7,1,False,False,False,False,True,1e-06,True,2,0.0507601219546993,-5.968346811706911,1.4961493763528393,1.5407234633049112,0.5936569127650353,0.2060853916063336,0.9337270715577892,0.0507601219546993,0.0507601219546993,0.9,0.1854768524457003,0.3098536570591164
0.4757492875296046,0.0234120768324213,53.34973497604367,-1.359111868525395,0.6133507365363818,0.8423709466741441,0.0100904934005241,3,1,0.1,0.7,1,False,False,False,False,True,1e-06,True,2,0.1967383327260883,-3.334746862965103,1.366452724698526,0.2844403305474569,1.2240344214235852,0.1871254628951867,1.941532669824384,0.1967383327260883,0.1967383327260883,0.9,0.168412916605668,1.8227967035610653
0.632437007520288,0.0005522172518478,124.05103606560954,-7.348207967840471,0.3609297314558923,0.8906694796712089,0.0052398845976046,3,1,0.1,0.7,1,False,False,False,False,True,1e-06,True,2,0.0614267546451571,-1.531799952920899,1.184089726830049,0.5715845643969668,1.3182471441117678,0.1227509450185163,0.1409096273425986,0.0614267546451571,0.0614267546451571,0.9,0.1104758505166647,0.8344466675703587
0.3935080508608812,0.0025709950648285,72.01548720816785,-1.0941943275015544,0.2007394219513391,0.5651773168972253,0.0104206646721244,3,1,0.1,0.7,1,False,False,False,False,True,1e-06,True,2,0.2,-2.8914448122206684,1.87310356002706,0.66272792973864,0.9609260712827814,0.7693562181332996,1.379384009264341,0.2,0.2,0.9,0.6924205963199697,0.5053955906748399
0.6292924281394435,0.0150610394288444,8.663585746173686,-4.844702604793786,1.5993743686265036,0.6912456518622384,0.1100602016159929,3,1,0.1,0.7,1,False,False,False,False,True,1e-06,True,2,0.1087207321635447,-0.2925632380662506,1.0070552011699112,1.275252653287068,1.9008698743476464,0.4466637110931075,1.7822198975720878,0.1087207321635447,0.1087207321635447,0.9,0.4019973399837968,2.0957218494122576
0.7045368576708556,0.0075548857618533,1.9166652103748865,-4.186882230649448,12.552233648171548,0.5758257968175601,0.4656491203939149,3,1,0.1,0.7,1,False,False,False,False,True,1e-06,True,2,0.0539131906616786,-0.0455919536207964,1.974025638378688,1.0604454030944666,1.7745136681385958,0.7366363325970124,1.5025898567927554,0.0539131906616786,0.0539131906616786,0.9,0.6629726993373112,-0.2099842691557737
0.613730299687617,0.0005606948250972,29.24571332453208,-9.634548656420524,1.0613561239125984,0.8268618041933791,0.0341700777859816,3,1,0.1,0.7,1,False,False,False,False,True,1e-06,True,2,0.0500647928865144,-0.653952198942573,1.3375432433190142,1.1561359505392437,1.1637959785094425,0.2093919382036528,1.7245102115514148,0.0500647928865144,0.0500647928865144,0.9,0.1884527443832876,0.4558144060399426
0.5723756767921643,0.0027784111311894,9.53572167180316,-15.69371752365981,2.989258506078193,0.7683490498704196,0.1048231192668682,3,1,0.1,0.7,1,False,False,False,False,True,1e-06,True,2,0.0578680668752503,-0.0805970840590379,0.3903645278517087,1.0179888384152007,1.0410357458759454,0.3014918156906003,0.6047769562900371,0.0578680668752503,0.0578680668752503,0.9,0.2713426341215403,-0.18082777962583
0.21180824474721,0.0018742962263417,56.16904288848804,-2.117428086096408,1.860334369327289,0.8894951118517934,0.0101809306287208,3,1,0.1,0.7,1,False,False,False,False,True,1e-06,True,2,0.0722885907402006,-0.4368481369733192,1.101483637096397,0.2171709570252115,0.2024736578470667,0.1242332719717281,0.4821845706175234,0.0722885907402006,0.0722885907402006,0.9,0.1118099447745553,-1.9704332708747088
0.4682159789786458,0.0015847017754757,94.78484552651491,-10.27901891113185,0.1933096216709442,0.82433246349286,0.0105465421484661,3,1,0.1,0.7,1,False,False,False,False,True,1e-06,True,2,0.1036768692304694,-8.386782616801536,0.3888500725743101,1.4770779607769629,1.0888127499974594,0.2131027762303595,0.9955660089835404,0.1036768692304694,0.1036768692304694,0.9,0.1917924986073236,0.6265326861037083
0.1696650798166836,0.000173916714016,190.99660520513143,-3.1085364120200905,0.1534992204050796,0.8476666818533676,0.005235598164316,3,1,0.1,0.7,1,False,False,False,False,True,1e-06,True,2,0.0798121167677778,-7.05211921417197,0.3338536744095063,0.6118421312352995,0.1592711670751967,0.1797089839765386,1.5179514982363702,0.0798121167677778,0.0798121167677778,0.9,0.1617380855788847,0.5591437864633172
0.7156514232151547,0.0004194997747574,78.71898677062045,-10.767994731836689,0.2954980310647797,0.8859927690282428,0.010825085413345,3,1,0.1,0.7,1,False,False,False,False,True,1e-06,True,2,0.0587438076508101,-6.553498337348003,0.720076018415564,1.1385059767673498,1.985059723260512,0.1286773831086685,0.1919621699542521,0.0587438076508101,0.0587438076508101,0.9,0.1158096447978016,0.5538450034109418
0.3447019591591081,0.0002360934662098,91.84203221367626,-1.3069564305094366,0.1025236793525509,0.5363093169500313,0.0108874536781778,3,1,0.1,0.7,1,False,False,False,False,True,1e-06,True,2,0.1908175888570634,-7.928515471540074,1.4821567286099928,1.4092135565089805,0.7841351830645764,0.8645956137531945,1.5730542505116805,0.1908175888570634,0.1908175888570634,0.9,0.7781360523778751,0.4233023606117925
0.3397295925462824,0.0005333500863314,187.80397606159408,-1.1974628654936792,0.0894785087724136,0.6627542353342006,0.0051870832806513,3,1,0.1,0.7,1,False,False,False,False,True,1e-06,True,2,0.1220687845958094,-3.0729921717176474,1.3669212047581003,0.9861237067757695,0.4604801982461081,0.5088549369974825,0.4101844146171283,0.1220687845958094,0.1220687845958094,0.9,0.4579694432977342,0.3926062461513301
0.541865547908016,0.0047380516427006,117.88322880715828,-3.6016173597663035,0.2578225352649447,0.8295644118782803,0.0050206852203513,3,1,0.1,0.7,1,False,False,False,False,True,1e-06,True,2,0.1364408287624096,-1.6659925993603313,0.4467049429829197,0.3928049855962726,1.4896615215065263,0.2054519042539728,1.6993750840655524,0.1364408287624096,0.1364408287624096,0.9,0.1849067138285755,1.3311789048234262
0.331048292570986,0.0009436151613528,98.36648772318529,-5.985574158282662,0.1982525566572686,0.8093667343747044,0.0101645615133032,3,1,0.1,0.7,1,False,False,False,False,True,1e-06,True,2,0.1001136902891949,-6.797194413636204,0.4211750070015628,0.9383549231077006,0.4608347167284815,0.2355338532322729,1.0260774976408114,0.1001136902891949,0.1001136902891949,0.9,0.2119804679090456,0.5601945407191712
0.6826799686371517,0.0026015854320936,27.00496586520877,-6.387733976721663,0.4708696419035774,0.9012050556983942,0.0341138301182816,3,1,0.1,0.7,1,False,False,False,False,True,1e-06,True,2,0.0830408526655291,-4.118892554998295,1.1239489686224815,1.4957312759390913,1.9861757814120988,0.1096253773510448,0.2722819093273162,0.0830408526655291,0.0830408526655291,0.9,0.0986628396159403,1.0299541019681433
0.5689494665938303,0.0017650092600484,90.68450240889833,-7.736095320119167,0.1715402379274951,0.7314328117284401,0.0110250032730113,3,1,0.1,0.7,1,False,False,False,False,True,1e-06,True,2,0.1119081411383712,-8.443601019723612,0.7042834186939366,1.683386150003616,1.7604692280940266,0.3671795740703948,1.1844162483054437,0.1119081411383712,0.1119081411383712,0.9,0.3304616166633553,0.4322896241461457
0.5806920032501749,8.385156759806956e-05,197.644029318046,-11.090343114379069,0.1634837978571905,0.7984175733177129,0.0050595013049498,3,1,0.1,0.7,1,False,False,False,False,True,1e-06,True,2,0.0506525468904322,-7.102103595254354,1.233854794556842,1.5599860612344654,1.0184991347415089,0.2524774421542846,1.8081590131919063,0.0506525468904322,0.0506525468904322,0.9,0.2272296979388561,0.2585790236708193
0.5162484032743582,0.023173564809653,101.6432446409922,-1.5008248331159086,0.7519600822572023,0.8493587768355613,0.0051045765870628,3,1,0.1,0.7,1,False,False,False,False,True,1e-06,True,2,0.1707740078249426,-7.775892808503994,1.994573075760325,0.2095615274585662,1.310699025378332,0.1773587643677265,1.7335184536248738,0.1707740078249426,0.1707740078249426,0.9,0.1596228879309538,1.2938638117205588
0.4866979118528529,0.0009053979431132,90.04844776013864,-11.493865418044209,0.2603234783172028,0.7839010372625325,0.0111025174143573,3,1,0.1,0.7,1,False,False,False,False,True,1e-06,True,2,0.0821307413691478,-3.642684712423712,0.755289565579524,1.9549320236809504,0.890237437349251,0.2756712294859418,1.5282768771551272,0.0821307413691478,0.0821307413691478,0.9,0.2481041065373476,0.4139142470910327
0.6777839899485231,0.0049253008892234,8.154870580247511,-7.863607053164129,1.6719332721399045,0.8667084155283341,0.1080858064464143,3,1,0.1,0.7,1,False,False,False,False,True,1e-06,True,2,0.0711480241046916,-0.1208962755392963,1.046299622826219,1.4270867545379418,1.7654647747847274,0.1537905737195514,0.2374333078419468,0.0711480241046916,0.0711480241046916,0.9,0.1384115163475962,-0.1888365666590895
0.3937135187707155,0.0008874778245617,76.69464114910339,-3.787542513170005,0.4489344635809579,0.8100483696787991,0.0104744568997777,3,1,0.1,0.7,1,False,False,False,False,True,1e-06,True,2,0.0751528640435572,-8.706874741085823,1.132815798777898,0.5407749651619091,0.5064403035673278,0.2344941826085281,1.753193419927998,0.0751528640435572,0.0751528640435572,0.9,0.2110447643476753,0.410761740786386
0.4588435858304442,0.017211939881278,20.87545709202109,-2.36585097404213,0.5644947784473173,0.6754123222248793,0.0335090201211073,3,1,0.1,0.7,1,False,False,False,False,True,1e-06,True,2,0.2,-0.3941946550487536,0.5118463595488407,0.6509840122562678,1.4491761925031217,0.4805770743209049,1.0592701695111415,0.2,0.2,0.9,0.4325193668888144,-11.054660812303092
0.699205473581267,0.0008225454802998,78.73651129110284,-7.734829760426326,0.3305869067725935,0.7858770879459862,0.0105921953451507,3,1,0.1,0.7,1,False,False,False,False,True,1e-06,True,2,0.0694262112293443,-9.94404485140608,1.5026730629231573,1.017863198826848,1.9493083018974968,0.2724636146520797,1.9317268083289465,0.0694262112293443,0.0694262112293443,0.9,0.2452172531868717,0.3327621151449051
0.5680484116754092,0.0005300526372182,75.44052372112898,-6.3965738049916885,0.3160916444020989,0.8842680543218118,0.0109589274937657,3,1,0.1,0.7,1,False,False,False,False,True,1e-06,True,2,0.0644497368369543,-8.126897331057586,0.9726439380632008,0.8808160325693917,1.00761275693497,0.1308788043541262,0.2024420001935492,0.0644497368369543,0.0644497368369543,0.9,0.1177909239187136,0.5928084678695925
0.378713986432713,0.0064144589135832,9.962081196583236,-2.616582303322065,1.2184681623089546,0.8876407793614045,0.1002129068147213,3,1,0.1,0.7,1,False,False,False,False,True,1e-06,True,2,0.0976339435184205,-4.42632448648359,1.58516811825606,1.3695709784689385,0.5172128098968234,0.1265818597467209,1.866025180159504,0.0976339435184205,0.0976339435184205,0.9,0.1139236737720488,1.0523164088247836
0.5260682481772018,0.0006419770021533,91.2908748559301,-5.917841411364018,0.2006352063436852,0.7536286616025749,0.0109530825331189,3,1,0.1,0.7,1,False,False,False,False,True,1e-06,True,2,0.0806203615881336,-7.58539165669989,1.4642454904689663,1.984797332734353,0.9364576044020326,0.3269134401994768,0.9707542723278192,0.0806203615881336,0.0806203615881336,0.9,0.2942220961795291,0.3382272891774801
0.2922035810898206,0.005724860067277,60.93786898669836,-0.915808084917632,0.4676029086353449,0.7869163428468668,0.0106415596977197,3,1,0.1,0.7,1,False,False,False,False,True,1e-06,True,2,0.1520434513287249,-5.046761594143976,1.79511225116663,0.3946904081802248,0.4051269992469992,0.270783113211564,0.7103044370272824,0.1520434513287249,0.1520434513287249,0.9,0.2437048018904076,0.8028642801394917
0.4391153369020068,0.0002002420801337,94.69327002109432,-6.566314874791333,0.2892070556714637,0.8028901213460938,0.0105598097111516,3,1,0.1,0.7,1,False,False,False,False,True,1e-06,True,2,0.0570902136810465,-2.755422639533215,1.3971183774477358,1.6586408296776896,0.5781474091279458,0.2455004407370705,1.128516554104101,0.0570902136810465,0.0570902136810465,0.9,0.2209503966633635,0.3163337521545078
0.6352968980388023,0.0002023235156122,98.42241065085442,-9.303261592275634,0.2912390607454856,0.8077159281327324,0.0101596050767041,3,1,0.1,0.7,1,False,False,False,False,True,1e-06,True,2,0.0527933199210926,-7.51225466196967,1.6397263318287545,1.4760366982135835,1.29327565455795,0.2380590318576328,1.978194050807772,0.0527933199210926,0.0527933199210926,0.9,0.2142531286718695,0.2829106564463532
0.5792602787237568,0.0183510719597497,9.19377076285508,-2.53008281318464,0.6568569103873243,0.8833073052041652,0.105878946343581,3,1,0.1,0.7,1,False,False,False,False,True,1e-06,True,2,0.1521023904890695,-4.081119659620488,1.3173341270635734,1.4958273082872702,1.8201799367722016,0.1321088301979599,1.0783948370844727,0.1521023904890695,0.1521023904890695,0.9,0.1188979471781639,1.815670239192604
0.1215152046442248,0.0005780010980993,99.82409755640816,-2.19359835494607,0.1320715161367044,0.6677669220351199,0.0100156137995601,3,1,0.1,0.7,1,False,False,False,False,True,1e-06,True,2,0.1680801857925503,-2.27153353736667,0.5344233925008088,1.215047442713841,0.1543391135937717,0.4975285043355396,1.7658776722512135,0.1680801857925503,0.1680801857925503,0.9,0.4477756539019857,0.5942962234330955
0.4677431656815191,0.0007263072781326,150.48891254361268,-4.5703620265841645,0.2221466990971869,0.7216874293282686,0.0052100761376231,3,1,0.1,0.7,1,False,False,False,False,True,1e-06,True,2,0.0849666566501793,-1.1913056678639826,0.9660944674023636,0.5731581818277426,0.7340533225142101,0.385641427800369,1.809828669167581,0.0849666566501793,0.0849666566501793,0.9,0.3470772850203321,0.3745661905240346
0.2123500923720782,0.0017509308688392,80.3209936549837,-0.4956838178722375,0.2225473065771155,0.6241654681146345,0.0102863508219039,3,1,0.1,0.7,1,False,False,False,False,True,1e-06,True,2,0.1746948616352474,-7.059771018553293,1.538060063276412,0.5525583113721877,0.2730422401300583,0.6021392580730526,1.3510258977727434,0.1746948616352474,0.1746948616352474,0.9,0.5419253322657474,0.4847390650900665
0.3877932212191629,0.000585910130618,197.76480328614576,-3.7127263134305934,0.064856054451127,0.6864808593940865,0.0050563187279461,3,1,0.1,0.7,1,False,False,False,False,True,1e-06,True,2,0.1481186734825498,-3.9003604082337135,0.3851544950369145,1.1024107551048714,0.8736930927884333,0.4567048539163016,1.806705299393091,0.1481186734825498,0.1481186734825498,0.9,0.4110343685246715,0.5152857317441901
0.5181485338528905,0.0033387233816921,70.85553881100913,-2.5810477318100347,0.3226578612562159,0.7148769691183148,0.0102495412370383,3,1,0.1,0.7,1,False,False,False,False,True,1e-06,True,2,0.1198468100840979,-5.481123624968285,1.797080195260895,0.6337427895157637,1.0809129516906548,0.3988420989884995,1.2806610600864772,0.1198468100840979,0.1198468100840979,0.9,0.3589578890896496,0.4447138287859964
0.6970918345660918,0.0002698281285903,128.58786841256855,-9.956309111220497,0.4328108850431352,0.8149898205160176,0.0052302116278684,3,1,0.1,0.7,1,False,False,False,False,True,1e-06,True,2,0.0506050819874552,-1.1958154697258454,1.4727637886058116,0.5993857118227391,1.7055801975699465,0.22700919057718,1.1844914929597583,0.0506050819874552,0.0506050819874552,0.9,0.204308271519462,0.3361993539755665
0.6825828365292762,0.0003558806799798,82.5571613283488,-8.909496652688338,0.3555124108383466,0.6911704823136388,0.0110828819104082,3,1,0.1,0.7,1,False,False,False,False,True,1e-06,True,2,0.0581426788913757,-0.2172979335033815,1.057894612970513,1.2268308089067816,1.6547696599677852,0.4468210457318412,0.428588557926676,0.0581426788913757,0.0581426788913757,0.9,0.4021389411586571,0.4693006728805466
0.5105440935217637,0.003739131859949,25.882068899498176,-3.425493237974257,0.7873710801203984,0.8155460015199929,0.0338193339022677,3,1,0.1,0.7,1,False,False,False,False,True,1e-06,True,2,0.0891430199298478,-8.178753699223124,1.916192201878248,0.8228128211360414,0.8836851348541155,0.2261724024594892,1.819397759904504,0.0891430199298478,0.0891430199298478,0.9,0.2035551622135403,0.5077491341536172
0.5227471508468271,0.0009950351206138,96.40872960069414,-34.40434768778649,0.480554408209374,0.7683516558861565,0.0103643664291344,3,1,0.1,0.7,1,False,False,False,False,True,1e-06,True,2,0.0694593415073288,-0.2456895398901952,0.1975802805937279,1.5525824605980874,1.166621805117805,0.3014874014251695,0.4867621043129667,0.0694593415073288,0.0694593415073288,0.9,0.2713386612826526,4.814793460231616
0.6539136973001057,0.0004836489718484,93.99578599994508,-14.989444460888468,0.2921685920321158,0.8574766375771755,0.010636834002574,3,1,0.1,0.7,1,False,False,False,False,True,1e-06,True,2,0.0623031300512563,-9.649969992405085,0.527569579117533,1.5412272135495069,1.5733474967752337,0.1662125312539456,1.5465863243348843,0.0623031300512563,0.0623031300512563,0.9,0.149591278128551,0.4548097547661955
0.5995438985222,0.0004408293174561,117.3362399109472,-9.569441829613076,0.7900056025004982,0.8858927674903369,0.0050296457972983,3,1,0.1,0.7,1,False,False,False,False,True,1e-06,True,2,0.0501497924773962,-2.761356846286378,0.7765039487488956,0.3356154937761234,1.0946756489769538,0.1288047907117696,1.1947525551511633,0.0501497924773962,0.0501497924773962,0.9,0.1159243116405926,0.5116371389588549
0.3761267186035368,0.0001320985626873,199.8941162024086,-3.11934001750431,0.0445365732273776,0.7570466838811976,0.0050024355775244,3,1,0.1,0.7,1,False,False,False,False,True,1e-06,True,2,0.16522314599648,-6.725129659929719,0.2364335620045587,1.2232650377830705,1.1224983916884028,0.3209225022600176,1.8166715949333776,0.16522314599648,0.16522314599648,0.9,0.2888302520340158,0.7364389180979415
0.554676343704756,0.0001877385455291,94.97404217935146,-8.919503543103115,0.3931709465134956,0.8135084796067701,0.0101891026981972,3,1,0.1,0.7,1,False,False,False,False,True,1e-06,True,2,0.0502246623111958,-1.4068811228526137,1.2634998444571943,0.9182532501947812,0.9079237264671818,0.2292434867837827,1.9799969033453784,0.0502246623111958,0.0502246623111958,0.9,0.2063191381054045,0.3189883303489196
0.674420444685016,0.0028344251018696,109.99359897969838,-5.628299586553138,0.5816122516628317,0.8279157805969819,0.0051343790562354,3,1,0.1,0.7,1,False,False,False,False,True,1e-06,True,2,0.0825956032316288,-5.285540673568442,1.2068022338593731,0.372517020626031,1.861779937721061,0.207852324398182,1.037501368436988,0.0825956032316288,0.0825956032316288,0.9,0.1870670919583638,0.5189906187507046
0.6119334890500256,0.0009001296825439,98.5527481905271,-4.814602348020482,0.1569245269100613,0.7369901451693069,0.0101460599341085,3,1,0.1,0.7,1,False,False,False,False,True,1e-06,True,2,0.092361787594118,-8.58155400933704,1.3258393418039534,1.5174741786599422,1.469084733884476,0.3568702465760549,0.6596349129212222,0.092361787594118,0.092361787594118,0.9,0.3211832219184494,0.3620926761136956
0.6267018621337952,0.0010707210238144,61.83042135273056,-7.679071865053983,0.8836433768104446,0.8994576838353595,0.010011616399787,3,1,0.1,0.7,1,False,False,False,False,True,1e-06,True,2,0.0582603999223878,-6.701737396406395,0.9183984856273724,0.4416622080464284,1.2686448264808885,0.1117810409222588,0.8092226226155306,0.0582603999223878,0.0582603999223878,0.9,0.1006029368300329,0.6283271410300788
0.5763184881193494,0.0001741760568691,93.72866688605455,-6.5685468270685785,0.3224371354233735,0.8343481029668942,0.010433817152801,3,1,0.1,0.7,1,False,False,False,False,True,1e-06,True,2,0.050852740402913,-6.781697572334069,1.69949852025488,1.171438773528768,0.9888415928345184,0.1985405089842681,0.838620960596978,0.050852740402913,0.050852740402913,0.9,0.1786864580858413,0.3190349505433851
0.4582989624755197,0.0006768638521385,90.69733182795554,-11.353359431370247,0.2929462140414925,0.7531406313378884,0.0110236248975902,3,1,0.1,0.7,1,False,False,False,False,True,1e-06,True,2,0.0759237261683046,-0.7686507756592817,0.6752955416894285,1.535723527413137,0.7291529314338886,0.3277732715383945,1.1963615706799844,0.0759237261683046,0.0759237261683046,0.9,0.294995944384555,0.4402200696982212
0.5505669977231914,0.0003929255457144,91.96013447646412,-8.839219817800746,0.2637893498492833,0.7766440321971821,0.0108732619039117,3,1,0.1,0.7,1,False,False,False,False,True,1e-06,True,2,0.0649755292163408,-2.323995007144476,1.3302843190598057,1.938237952113192,0.9633088798944608,0.287591172458929,1.3797985918360178,0.0649755292163408,0.0649755292163408,0.9,0.2588320552130361,0.3222319170050415
0.6325473417701307,0.0002924329553657,86.45431535216753,-7.769504221741887,0.3410307417042788,0.8351761506268897,0.0100983793096997,3,1,0.1,0.7,1,False,False,False,False,True,1e-06,True,2,0.0548478288954877,-5.30353418300759,1.2732001476520465,0.9893198536966678,1.2813550920238428,0.1973521983947845,0.7377938653599418,0.0548478288954877,0.0548478288954877,0.9,0.1776169785553061,0.3511684472758504
0.6703437778285225,0.0122637899776164,2.4836651493776025,-5.8909137400981,4.626242941228558,0.8766716469366448,0.3880099219886209,3,1,0.1,0.7,1,False,False,False,False,True,1e-06,True,2,0.0694063527544213,-0.0742167155893938,1.9243838213363829,1.574693666856586,1.6359189607795557,0.1406779305505108,0.9086173784912154,0.0694063527544213,0.0694063527544213,0.9,0.1266101374954598,-0.0996470723585222
0.435856754512937,0.0007974630873343,183.43001516433023,-2.7316749531430715,0.0935335402374008,0.6260387260325555,0.0050972671053028,3,1,0.1,0.7,1,False,False,False,False,True,1e-06,True,2,0.1313412127649567,-8.58629074675223,1.074031964015864,0.8897286757807926,0.8298870283555334,0.5973452734104463,1.497038895267372,0.1313412127649567,0.1313412127649567,0.9,0.5376107460694017,0.3604462678458345
0.6770843113097716,0.0017521598984489,54.7369769986546,-7.923316674142608,1.1855862610938446,0.8473340667914332,0.010910057447422,3,1,0.1,0.7,1,False,False,False,False,True,1e-06,True,2,0.0606864910920134,-1.2294091174410422,1.4025069327801287,0.4291388632869318,1.6280351085878044,0.1801720704876896,1.626399440709846,0.0606864910920134,0.0606864910920134,0.9,0.1621548634389206,0.5475165553402502
0.3998504703239995,0.0156345742443131,9.040452016265512,-1.3686208100220512,0.7546137180462096,0.8828782613320191,0.1103561733235714,3,1,0.1,0.7,1,False,False,False,False,True,1e-06,True,2,0.1567520593191062,-9.54171766597256,1.7295360052701705,1.2227661213989474,0.6963481512600906,0.1326589902567955,1.4738001349864012,0.1567520593191062,0.1567520593191062,0.9,0.119393091231116,1.5275336151066732
0.4926088277999394,0.0007930774999186,169.37044253424838,-1.996235491723936,0.088577375340248,0.5590465897019374,0.0052365201064631,3,1,0.1,0.7,1,False,False,False,False,True,1e-06,True,2,0.150349083989206,-3.8941689209150834,1.989840782790436,1.0232001099118722,1.3116976114984236,0.7887596819670472,1.72678038545248,0.150349083989206,0.150349083989206,0.9,0.7098837137703424,0.3585123692510247
0.6792134715829296,0.003314565196317,9.138364550415732,-6.516995761969615,1.856027140595537,0.8988267837586149,0.1089785444859915,3,1,0.1,0.7,1,False,False,False,False,True,1e-06,True,2,0.0625084274209667,-2.901692682500868,1.8681478981372908,1.4645298408262135,1.6453087938760167,0.1125614168041478,1.9555013278497968,0.0625084274209667,0.0625084274209667,0.9,0.101305275123733,0.7640623298672924
0.5958386289597775,0.0009903462773826,29.179051855847405,-6.566614149517865,1.0496420396617037,0.670611345598044,0.034249852503638,3,1,0.1,0.7,1,False,False,False,False,True,1e-06,True,2,0.0595566075740637,-0.1907527935758999,1.8733032937311689,1.3080543839954475,1.1148931239510531,0.4911766801502749,1.7893924692212664,0.0595566075740637,0.0595566075740637,0.9,0.4420590121352474,0.4962587977805598
0.6115195535699249,0.0028548800199092,104.48139724598666,-5.571042457010053,1.1560773949645544,0.8776427081018352,0.0051715717464317,3,1,0.1,0.7,1,False,False,False,False,True,1e-06,True,2,0.0696980538868052,-8.032987222002792,1.616828470448036,0.2549883854511976,1.2505958235528,0.1394158360442589,1.5590033140143071,0.0696980538868052,0.0696980538868052,0.9,0.125474252439833,0.607430454089015
0.3120792846737104,0.0151288714412031,9.650826475417794,-0.7514110895789485,0.5531289421617901,0.8905379680752016,0.103445275690994,3,1,0.1,0.7,1,False,False,False,False,True,1e-06,True,2,0.2,-6.869903396330479,1.847251936154983,1.2374365043799882,0.4972643261565864,0.1229167490313616,1.0439421396402009,0.2,0.2,0.9,0.1106250741282254,2.394170096773132
0.1650586455567059,0.0005006813526362,195.24635058177583,-8.60714613403215,0.0868151171240226,0.6328165775129276,0.0051206135010605,3,1,0.1,0.7,1,False,False,False,False,True,1e-06,True,2,0.1494882836883744,-2.603937052259649,0.6112039400856902,1.9986868999844027,0.3509976660158838,0.5802367313608681,0.6899613738636541,0.1494882836883744,0.1494882836883744,0.9,0.5222130582247813,0.4518250755783424
0.6604012240347618,0.0007388480522672,25.204016812412995,-9.303211861645982,1.165469666681957,0.9007337558325974,0.0337238915721372,3,1,0.1,0.7,1,False,False,False,False,True,1e-06,True,2,0.0503016230707043,-3.7381169592966734,1.1642651512113755,0.9400749891919832,1.4291911499032337,0.1102059776539022,1.0175480569825068,0.0503016230707043,0.0503016230707043,0.9,0.099185379888512,0.5772135443973501
0.5399269699154009,0.0192920516145321,8.958279375230724,-2.5232048165640126,0.7259629384358822,0.7507621180379592,0.1108586468776006,3,1,0.1,0.7,1,False,False,False,False,True,1e-06,True,2,0.1646385565989132,-1.056763516636364,1.367506864474888,1.8708740173568177,1.691631747714788,0.3319798321915851,1.1331319602284953,0.1646385565989132,0.1646385565989132,0.9,0.2987818489724266,1.2446890791829208
0.4323628987607069,0.0033707879268978,72.69253810082364,-2.8417066967539912,0.2310263367295426,0.7630204141505421,0.0104437167341089,3,1,0.1,0.7,1,False,False,False,False,True,1e-06,True,2,0.1421539870467568,-7.160847999513036,0.6035422572964062,0.5930726695097817,0.86332806758694,0.3105809247754968,1.4692879545043818,0.1421539870467568,0.1421539870467568,0.9,0.2795228322979471,0.6408169414075661
0.5529221277624341,0.0002048665867436,135.1581545154479,-7.570825301671436,0.4059328105556638,0.8542306431191551,0.0051707665169553,3,1,0.1,0.7,1,False,False,False,False,True,1e-06,True,2,0.0503326098539329,-9.864537779394784,1.0830433844861005,0.5121714582740011,0.8983251312572582,0.1706440269440344,0.8363936546120933,0.0503326098539329,0.0503326098539329,0.9,0.1535796242496309,0.3559319953481226
0.2050318659284243,5.2949957731401846e-05,185.7140894213568,-0.8769546457641809,0.2338290176260648,0.8662575258866669,0.0050996182971794,3,1,0.1,0.7,1,False,False,False,False,True,1e-06,True,2,0.0521807489104437,-3.435618112898667,1.3649811699393866,0.7773443512697032,0.1841837711158258,0.1543911251754373,0.1900340812641202,0.0521807489104437,0.0521807489104437,0.9,0.1389520126578936,0.4327278324514618
0.5622743287343729,0.0010680801214451,83.5144997030799,-5.599591244567302,0.2289581561776872,0.7791060186411061,0.0109743515303739,3,1,0.1,0.7,1,False,False,False,False,True,1e-06,True,2,0.0872365243802398,-4.141860294784677,0.8322358784614124,0.9768917214352364,1.1386213165039336,0.2835223654723792,0.5704267298585068,0.0872365243802398,0.0872365243802398,0.9,0.2551701289251413,0.4266171701817983
0.4952002986921465,0.0057538350718954,9.278691258652175,-4.191893408349693,1.3511539255284548,0.906944996719456,0.1074510367647061,3,1,0.1,0.7,1,False,False,False,False,True,1e-06,True,2,0.0842413557744506,-7.535754744964692,1.570782159896806,1.7594060566852894,0.8179024323093894,0.1026026976466452,1.905594060978116,0.0842413557744506,0.0842413557744506,0.9,0.0923424278819807,1.0159798213424809
0.3307333067572866,3.48409549712928e-06,199.3996574030856,-2.062899662380272,0.0562105048291756,0.5299335465791509,0.0050149480364725,3,1,0.1,0.7,1,False,False,False,False,True,1e-06,True,2,0.1651291977377094,-7.08508415301033,1.4290692593731549,1.8733931903309784,0.6874331951903532,0.8870290557282917,1.4934193526285082,0.1651291977377094,0.1651291977377094,0.9,0.7983261501554626,0.3607681967301316
0.3987041889620798,0.0022599802136474,69.11578902461245,-2.1016150986377364,0.4849038884350452,0.8548818306576519,0.0106688626558335,3,1,0.1,0.7,1,False,False,False,False,True,1e-06,True,2,0.0940949909367235,-6.283773255914463,1.915762377492301,0.5759706234915813,0.548503468572897,0.1697523144581399,0.4275411475278768,0.0940949909367235,0.0940949909367235,0.9,0.1527770830123259,0.711133430713373
0.5650926340624581,0.00308170820598,69.45313632225734,-4.483394556913575,0.3105046318882297,0.7430735729780019,0.0106091609614032,3,1,0.1,0.7,1,False,False,False,False,True,1e-06,True,2,0.1120298238226765,-1.7152321509049742,0.7517895691249336,0.6666632077158212,1.385326473995579,0.3457617608338821,1.2738497861163416,0.1120298238226765,0.1120298238226765,0.9,0.3111855847504939,0.5375896505996194
0.6300374517829208,0.0012874443513487,81.9693034542063,-6.50328300205409,0.2818422083585155,0.652145145788987,0.010825320042917,3,1,0.1,0.7,1,False,False,False,False,True,1e-06,True,2,0.0885439878797609,-0.3590780421609771,0.8685249459179253,1.0407633308418611,1.6199732687264918,0.533400971328502,0.8322984441303889,0.0885439878797609,0.0885439878797609,0.9,0.4800608741956517,0.4733850673103606
0.3914157563409452,0.0013055533809311,96.8521304718539,-3.1405456065362354,0.1067847437583071,0.6722495494163224,0.0103234358659311,3,1,0.1,0.7,1,False,False,False,False,True,1e-06,True,2,0.1699791339620593,-6.86979629625114,0.5210793046662132,1.1676646852615515,1.0475819080665767,0.4875428341577104,1.6017445019957,0.1699791339620593,0.1699791339620593,0.9,0.4387885507419393,0.546351155006455
0.5245478868846547,0.0002004111836375,96.96653923001708,-7.016472034592106,0.3714758408117101,0.7893480313126707,0.0102370427248543,3,1,0.1,0.7,1,False,False,False,False,True,1e-06,True,2,0.0523868262273192,-0.9890223300904016,1.5857803678920026,0.9570471068437963,0.8055771168150372,0.2668683018528837,1.7780109427165778,0.0523868262273192,0.0523868262273192,0.9,0.2401814716675953,0.3102721241568237
0.1960734080313285,0.0024629350394382,65.66672235415757,-0.4470432965815739,0.3208277733676705,0.8107016244828,0.0106502006736466,3,1,0.1,0.7,1,False,False,False,False,True,1e-06,True,2,0.1484293836583263,-6.787361592120242,1.0412170977856463,0.4290054574443265,0.2195185859732978,0.2334994402385291,0.3995777662310394,0.1484293836583263,0.1484293836583263,0.9,0.2101494962146762,0.8651266076891064
0.5599789646095865,0.0003060481393598,94.67741856377792,-19.168945311223624,0.3626349008177699,0.875531128653942,0.0105598191046588,3,1,0.1,0.7,1,False,False,False,False,True,1e-06,True,2,0.0552588678704054,-9.70190668214416,0.510432452794001,1.5970673625308185,0.991036927966531,0.1421638446338496,1.2065381729174918,0.0552588678704054,0.0552588678704054,0.9,0.1279474601704646,0.462486448413043
0.2671498053940415,0.0003188531474998,147.39046907034182,-1.757719538605994,0.3248785550203953,0.7827436358954538,0.0051821779337182,3,1,0.1,0.7,1,False,False,False,False,True,1e-06,True,2,0.0700421446975824,-1.859517243820159,1.2109823262230572,0.4400271625615369,0.2732224272321616,0.2775574966585403,0.9708909889441046,0.0700421446975824,0.0700421446975824,0.9,0.2498017469926863,0.373015229229987
0.528654145050206,0.0007480104943417,196.09990348500745,-4.953715067166304,0.079038486620111,0.6172009744850036,0.0050992891161738,3,1,0.1,0.7,1,False,False,False,False,True,1e-06,True,2,0.1262669571333027,-2.341267410578141,0.9145022182019332,1.466215765275465,1.4700549981813775,0.6202177918374259,1.9039673168162643,0.1262669571333027,0.1262669571333027,0.9,0.5581960126536833,0.361265675549247
0.7166135691171793,0.0003147706391509,93.98315790213596,-15.031712976949857,0.3210546920510573,0.846190009765667,0.0106387868601,3,1,0.1,0.7,1,False,False,False,False,True,1e-06,True,2,0.0546962534727389,-3.4544742286163244,0.6590353292624821,1.3746163206087256,1.983985483336796,0.1817676744693867,1.7073015004754202,0.0546962534727389,0.0546962534727389,0.9,0.163590907022448,0.389541491115501
0.4269346055574962,0.0011311640293431,97.12644182262478,-6.945131706572303,0.1907196446375385,0.78983300364891,0.0102941828241759,3,1,0.1,0.7,1,False,False,False,False,True,1e-06,True,2,0.0998654020182725,-7.89932556224208,0.5117250835007032,1.2347832495642854,0.73615433334802,0.2660904208613087,1.394693623353534,0.0998654020182725,0.0998654020182725,0.9,0.2394813787751778,0.4988737465761352
0.1448539633524658,0.0001548314581377,194.81367570363824,-13.99028699878602,0.1683614065476891,0.8131805960958159,0.0051326893163442,3,1,0.1,0.7,1,False,False,False,False,True,1e-06,True,2,0.0777801727954309,-2.2921401677938205,0.3244264759293863,1.0635790748430556,0.1451719989305516,0.2297391315055081,0.5731669340294815,0.0777801727954309,0.0777801727954309,0.9,0.2067652183549573,0.4884909903606516
0.1494449089378387,5.542629420406791e-05,95.5020841927263,-2.268185514686049,0.4277555675076767,0.8370106362654547,0.0104706535817377,3,1,0.1,0.7,1,False,False,False,False,True,1e-06,True,2,0.05,-2.918425750980488,1.0942759934480542,0.9348052447376666,0.1256361789405035,0.1947279480960547,1.90651233778914,0.05,0.05,0.9,0.1752551532864492,0.3363622559457921
0.5791003368108556,0.0002881770655003,95.0809313335596,-11.405492928936791,0.2821414139498946,0.8684901603147425,0.0105172812353944,3,1,0.1,0.7,1,False,False,False,False,True,1e-06,True,2,0.0574402547343287,-7.741178669435261,0.5824086885394029,1.019852851306048,1.0485543313453711,0.1514235229073845,0.2909556472324112,0.0574402547343287,0.0574402547343287,0.9,0.1362811706166461,0.4592811425214482
0.6877697558680436,0.0003878695796487,84.89905862591083,-14.422772612031205,0.4103876871372698,0.8518307286973639,0.0104711638560629,3,1,0.1,0.7,1,False,False,False,False,True,1e-06,True,2,0.0546742144736011,-1.097227163220234,0.4705665025638272,0.9265156728669056,1.7061138432583964,0.1739421534243304,1.218195196204761,0.0546742144736011,0.0546742144736011,0.9,0.1565479380818974,0.5171457702572985
0.4662313347362711,0.0150917176121191,9.33783749299449,-2.6142517978002693,0.7651415584213425,0.8743334720083245,0.1066004618122724,3,1,0.1,0.7,1,False,False,False,False,True,1e-06,True,2,0.143375143281497,-1.731500738555173,1.12266937007486,1.3962046714063594,0.9899690448856336,0.1437283736867836,1.074662353559077,0.143375143281497,0.143375143281497,0.9,0.1293555363181052,2.691568929290579
0.3528972795563315,0.0002956526553634,94.74692056333738,-2.836170612914767,0.2286839843148842,0.8562184108600814,0.0105538107332842,3,1,0.1,0.7,1,False,False,False,False,True,1e-06,True,2,0.0685187041679441,-8.571768305160465,1.973085859718436,1.6063539300404406,0.4073023529514019,0.1679262993136159,0.1907538646846466,0.0685187041679441,0.0685187041679441,0.9,0.1511336693822543,0.5003652342942074
0.6180460494320601,0.0040937182977377,27.92952963423796,-10.485178520189438,0.5549547778674332,0.9032148735119426,0.0341920608234359,3,1,0.1,0.7,1,False,False,False,False,True,1e-06,True,2,0.0910880092960614,-0.3169731483980857,0.2965222436895238,1.0665434387646675,1.8580362248586515,0.1071562585232134,0.179740731851134,0.0910880092960614,0.0910880092960614,0.9,0.096440632670892,-0.5596113543266756
0.3043029993078956,0.0005274256912016,95.13905314658372,-1.4466770260720798,0.1077486717996678,0.5498760442505692,0.0105101581276384,3,1,0.1,0.7,1,False,False,False,False,True,1e-06,True,2,0.1802133175505995,-6.181274898105755,1.5876620983668706,1.8574416696488552,0.5590998302561673,0.8185916816269179,1.4966574488633984,0.1802133175505995,0.1802133175505995,0.9,0.7367325134642261,0.4151495999209352
0.5426538593598713,0.0019874792135997,94.09971040494808,-6.75204918841002,0.149834938209836,0.7862913468642415,0.0106247541573049,3,1,0.1,0.7,1,False,False,False,False,True,1e-06,True,2,0.1210386692470687,-4.26427157423619,0.4096181275153677,1.3693109481972463,1.6888957458125444,0.271793215057035,1.4943504388502045,0.1210386692470687,0.1210386692470687,0.9,0.2446138935513315,0.6324181001942352
0.5436375243854986,0.0021800380399948,9.635406115136735,-10.66830809080492,2.3421531186125706,0.9045813733682392,0.1031463871876772,3,1,0.1,0.7,1,False,False,False,False,True,1e-06,True,2,0.0565497572288526,-0.6796246820891021,0.9409517928211304,1.690334437154595,0.9001347204878541,0.1054837402592829,1.6929832978049424,0.0565497572288526,0.0565497572288526,0.9,0.0949353662333546,2.806324932397098
0.6844649603939552,0.0105069564563822,2.4626526137754707,-8.29341243459172,5.494940759509093,0.7234253822539989,0.407669572332133,3,1,0.1,0.7,1,False,False,False,False,True,1e-06,True,2,0.0667673957624074,-0.0418657010683567,1.137260178717141,1.8893377019727824,1.7770699860900658,0.3823125709029854,0.7934950661443189,0.0667673957624074,0.0667673957624074,0.9,0.3440813138126869,-0.0761191023165801
0.6893728737317044,0.0004074806792363,91.45027808617417,-7.553744106706537,0.2359372834473665,0.7799819142030051,0.0109340351926226,3,1,0.1,0.7,1,False,False,False,False,True,1e-06,True,2,0.063905681288098,-5.449922785774268,1.7150394241713776,1.688125848630814,1.765975258416528,0.2820810095600898,1.2797428189376947,0.063905681288098,0.063905681288098,0.9,0.2538729086040809,0.3030543218548872
0.6958861036312697,0.0006370672687368,28.92432422493165,-8.560452193102286,0.7435361303789826,0.8860044825115527,0.0338876388385202,3,1,0.1,0.7,1,False,False,False,False,True,1e-06,True,2,0.0530926003063049,-5.204182859236502,1.608880583954043,1.5636207099014556,1.7069994062947171,0.1286624613515551,0.6035852614164957,0.0530926003063049,0.0530926003063049,0.9,0.1157962152163996,0.5058529931393156
0.1517742765316886,0.0005417158103454,110.2338485105716,-1.7881853905278062,1.6670396712606914,0.9018926769885282,0.0050334649608521,3,1,0.1,0.7,1,False,False,False,False,True,1e-06,True,2,0.0594938649190444,-5.581634405008235,1.9260573910991217,0.1811893126523683,0.1305473852482356,0.1087793764320804,1.6341043090060994,0.0594938649190444,0.0594938649190444,0.9,0.0979014387888723,0.6722913155624832
0.6563214928196601,0.0010432799703627,131.36540700847104,-6.069315803310655,0.2971504650737296,0.746318584881148,0.0051747577886585,3,1,0.1,0.7,1,False,False,False,False,True,1e-06,True,2,0.0782870056871492,-3.715208649423439,1.987139484892588,0.6059950970303617,1.6592755254545728,0.3399103549849976,1.9571885691689548,0.0782870056871492,0.0782870056871492,0.9,0.3059193194864978,0.3289992542202825
0.5643615575744457,0.0061600332137426,9.580833128168925,-4.293104214461473,1.3036954177301088,0.906955881079162,0.1040335704149551,3,1,0.1,0.7,1,False,False,False,False,True,1e-06,True,2,0.0837724500921459,-4.900287531709013,1.5116830866517528,1.427346975201072,1.0913401327936303,0.1025894653333381,1.4522882450607495,0.0837724500921459,0.0837724500921459,0.9,0.0923305188000043,1.080386539685219
0.4700488037252117,0.0020266413966855,76.79743545640846,-3.151557472052461,0.2776276497183763,0.7218310799073152,0.0108560550658479,3,1,0.1,0.7,1,False,False,False,False,True,1e-06,True,2,0.1089254852302372,-6.351134107169694,1.2740406728909737,0.7070364499536979,0.8311334299572688,0.3853656732658314,1.7969036965590257,0.1089254852302372,0.1089254852302372,0.9,0.3468291059392482,0.4098192099346702
0.558316402080669,0.0019680003757684,76.78351265710933,-2.936687298815887,0.2118332254986708,0.7353647018524161,0.0107262136621955,3,1,0.1,0.7,1,False,False,False,False,True,1e-06,True,2,0.1117433358844323,-5.8632656236728025,1.3692937903391087,0.939285883526266,1.237330975401272,0.359869459984897,0.5909476213142116,0.1117433358844323,0.1117433358844323,0.9,0.3238825139864074,0.4458665872864788
0.5737173418187129,0.001344537467527,97.44854762869628,-3.428755454218123,0.1283450341140377,0.6853723948927601,0.0102609926428445,3,1,0.1,0.7,1,False,False,False,False,True,1e-06,True,2,0.1196723535040153,-9.35730247064838,1.3072715312509635,1.4813485182832364,1.4874547262419409,0.4590608076014931,0.6535561205114699,0.1196723535040153,0.1196723535040153,0.9,0.4131547268413438,0.3912622611417749
0.336735957443373,0.0109918856370181,56.4556313054535,-1.216998394980239,0.4149026256984411,0.8233851426959561,0.0101825649786399,3,1,0.1,0.7,1,False,False,False,False,True,1e-06,True,2,0.2,-2.3509251172608936,0.783211489394807,0.2948058080264892,0.6145231249738682,0.2144984748276672,1.288462106014385,0.2,0.2,0.9,0.1930486273449005,1.876751804208036
0.1074769095950658,0.0003181130955594,96.1181137893114,-1.2620065933915356,0.1012555899948226,0.7255047039433494,0.0104118912020772,3,1,0.1,0.7,1,False,False,False,False,True,1e-06,True,2,0.1506217445350676,-1.4042642769789424,1.04828415370381,1.6768523763992382,0.1097223342900819,0.3783508150459689,0.101596675650572,0.1506217445350676,0.1506217445350676,0.9,0.340515733541372,0.7658311833591567
0.1455709802276606,0.0031615828962148,29.16936299204429,-0.8442960166539326,0.3816097229674715,0.6988301391938547,0.0342643352059268,3,1,0.1,0.7,1,False,False,False,False,True,1e-06,True,2,0.1864217865938596,-1.7077584511539996,0.8676352034786656,0.7608866399916354,0.1762672134861174,0.4309628962963217,1.656208211172307,0.1864217865938596,0.1864217865938596,0.9,0.3878666066666895,0.8289672276250467
0.3491010009057281,0.0100118237520453,9.52633290671568,-3.112392666511275,0.9895456309255872,0.8963476401061623,0.1044684622873377,3,1,0.1,0.7,1,False,False,False,False,True,1e-06,True,2,0.1220155555416471,-2.031279023848839,1.196140589946633,1.834977416925964,0.5321252857002082,0.1156385706348946,1.972197365076356,0.1220155555416471,0.1220155555416471,0.9,0.1040747135714052,2.449607536379584
0.32643215173691,0.0008148449982069,169.32492080264416,-2.263439581989032,0.1085775400635049,0.6366469137729288,0.0051827030832306,3,1,0.1,0.7,1,False,False,False,False,True,1e-06,True,2,0.1393457746988208,-2.385491367643633,0.713571174627698,0.6624314401718121,0.4956767820220822,0.5707293609164772,0.9274099741510736,0.1393457746988208,0.1393457746988208,0.9,0.5136564248248295,0.4272260005765422
0.657976595177779,0.0010258126918659,92.80842448288983,-7.119796601227517,0.1931186524445863,0.7321180910372616,0.0107737611903898,3,1,0.1,0.7,1,False,False,False,False,True,1e-06,True,2,0.0881004980704608,-7.425489809699846,1.215118370134115,1.6664454490512324,1.9096661994751951,0.3658998626617797,1.7112506954811155,0.0881004980704608,0.0881004980704608,0.9,0.3293098763956018,0.339899643781302
0.597537999542734,0.0059600323781433,107.4045512433615,-3.831605958206653,0.9100025454780972,0.8700239059950959,0.0050079317267871,3,1,0.1,0.7,1,False,False,False,False,True,1e-06,True,2,0.0918196906078635,-6.136634273372072,1.837401946961313,0.2642451566222753,1.3230466441779312,0.1493937041376386,0.9823857230787376,0.0918196906078635,0.0918196906078635,0.9,0.1344543337238747,0.7850633593157126
0.5269812719470427,9.391100663403004e-05,190.9388134328083,-17.66560750913996,0.2049377803155209,0.8236575023881051,0.0052370589138218,3,1,0.1,0.7,1,False,False,False,False,True,1e-06,True,2,0.0501019698363106,-1.2620229690328593,0.5637486003595499,1.5553515847474784,0.82734665053132,0.2140968753403072,1.7104436653863606,0.0501019698363106,0.0501019698363106,0.9,0.1926871878062764,0.3487938093938594
0.4630213179385452,0.0009152016217533,137.4794314147497,-3.809976342361542,0.2725007418929437,0.7695818128817176,0.005135844976827,3,1,0.1,0.7,1,False,False,False,False,True,1e-06,True,2,0.0843742554864627,-9.563981559200377,1.124113184349458,0.478167632563603,0.7081228531275687,0.2994070068463235,1.2026371307439363,0.0843742554864627,0.0843742554864627,0.9,0.2694663061616912,0.3772958967408725
0.6439440255700118,0.0002499354974654,94.13865439240756,-18.45692810130726,0.3603829790712755,0.8997860029418998,0.0106206268526731,3,1,0.1,0.7,1,False,False,False,False,True,1e-06,True,2,0.0513602869146509,-3.585757526793664,0.390481142808609,1.3552070227622042,1.3790218296429173,0.111375367843515,1.4222602117822418,0.0513602869146509,0.0513602869146509,0.9,0.1002378310591635,0.5881443398911629
0.4299068843184486,0.0013155520990421,98.72070482891252,-3.9584021973948857,0.1307524045428956,0.5916107363121822,0.0101288406270123,3,1,0.1,0.7,1,False,False,False,False,True,1e-06,True,2,0.1424532930414895,-0.6649855779696026,0.871590620023636,1.4657873265030514,0.951545180498045,0.6903006294874243,0.4889274703812238,0.1424532930414895,0.1424532930414895,0.9,0.621270566538682,0.5057734735594338
0.4757196920779922,0.0013092195530425,94.58209508180688,-3.255621237969408,0.1009708507233357,0.6790012057039221,0.0105722871304223,3,1,0.1,0.7,1,False,False,False,False,True,1e-06,True,2,0.1490994000456167,-8.135579501323491,0.922951788050276,1.522910825958559,1.2428282511414117,0.4727514349010585,0.3122725310419208,0.1490994000456167,0.1490994000456167,0.9,0.4254762914109526,0.4832184570016017
0.4406512485247084,0.0005580229509927,99.4808520755859,-3.3001951312804456,0.2482693569723255,0.7342157111427506,0.0100517217912696,3,1,0.1,0.7,1,False,False,False,False,True,1e-06,True,2,0.0776252871172915,-2.8045532174182632,1.9379712705341328,1.0927244241329483,0.622058256144043,0.361997550343313,1.9039744453849312,0.0776252871172915,0.0776252871172915,0.9,0.3257977953089817,0.3162409979323654
0.3737317749722981,0.0001404074022304,97.7583887386784,-3.816400999482548,0.3170398043413398,0.8150290409021518,0.0102289467574431,3,1,0.1,0.7,1,False,False,False,False,True,1e-06,True,2,0.0535876905939835,-9.297284920172332,1.6706501780564942,1.3289382756369266,0.4318359944814308,0.2269501451053877,1.472860725496027,0.0535876905939835,0.0535876905939835,0.9,0.2042551305948489,0.2972580640613445
0.7052527866366209,0.0116541967334519,1.607135841608135,-5.446234944900504,9.451723165403257,0.598198603168698,0.603708910793956,3,1,0.1,0.7,1,False,False,False,False,True,1e-06,True,2,0.0626398818928785,-0.0479849717649489,1.3812087086588567,1.6678809098765646,1.879263521031692,0.6716856152838423,1.6483852155250598,0.0626398818928785,0.0626398818928785,0.9,0.6045170537554581,-0.1652371475714996
0.4924470122226221,0.0023343314068557,128.0002913453056,-2.3885039803974912,0.2106937202559051,0.6919439950357201,0.0052222024818807,3,1,0.1,0.7,1,False,False,False,False,True,1e-06,True,2,0.1279895244691693,-7.8275371326216465,1.3520854751669946,0.5087112188623016,1.0063115979266657,0.445203668467962,1.0040711628330052,0.1279895244691693,0.1279895244691693,0.9,0.4006833016211658,0.4313159847269615
0.3215503069385608,0.000136027612778,83.65342795446594,-3.583851790642836,0.4256241425615921,0.8997163253475489,0.0106954180119124,3,1,0.1,0.7,1,False,False,False,False,True,1e-06,True,2,0.0506788030606204,-4.853051724049972,1.0043337257381897,0.7396331314648453,0.3392779625249174,0.1114614371521077,0.2304956741767623,0.0506788030606204,0.0506788030606204,0.9,0.1003152934368969,0.5575947439762158
0.555189433747832,0.0051317832338867,29.284850977045576,-3.51798787503164,0.2861637370291396,0.8194744519620444,0.0337434528675028,3,1,0.1,0.7,1,False,False,False,False,True,1e-06,True,2,0.1347182968665239,-8.381117327990225,0.996309442901236,1.464878596120814,1.546642399394495,0.2202942966748121,0.3577264031788242,0.1347182968665239,0.1347182968665239,0.9,0.1982648670073309,0.8049933960391069
0.487579802062485,0.0030455944979038,77.55991704515027,-2.538192953830724,0.1805289999389177,0.6546986364210539,0.0100690045702329,3,1,0.1,0.7,1,False,False,False,False,True,1e-06,True,2,0.1635510664391356,-7.5903257669561635,0.92460374918941,0.7730384659845927,1.3835164244989977,0.5274203188608353,1.7089493914931586,0.1635510664391356,0.1635510664391356,0.9,0.4746782869747518,0.4938219975006161
0.249709908518564,0.0007643388409783,94.83380309707069,-1.6680822373942312,0.1338280208601618,0.7467722640146406,0.0105448472305455,3,1,0.1,0.7,1,False,False,False,False,True,1e-06,True,2,0.1256340715696641,-4.533426192415058,0.9638687418118496,1.090267419733993,0.2956391802200129,0.3390963325606251,0.2162656038361685,0.1256340715696641,0.1256340715696641,0.9,0.3051866993045626,0.5402859283171395
0.4409507174931535,0.0014220227762752,80.01578147372598,-1.8746929647966,0.1460291964939491,0.5419512402870149,0.0104464022144376,3,1,0.1,0.7,1,False,False,False,False,True,1e-06,True,2,0.1911815461347444,-1.5661232736173891,1.1837143657338514,0.9106560038471524,1.4865962951435296,0.8451844477196961,1.92945890198752,0.1911815461347444,0.1911815461347444,0.9,0.7606660029477266,0.4878435720030973
0.4628960576225631,0.0050445929297495,29.35524658922251,-2.5041062531093483,0.219444272205777,0.7190991005913987,0.0340411411772968,3,1,0.1,0.7,1,False,False,False,False,True,1e-06,True,2,0.1810703309998119,-6.495535168777987,1.1309345860377225,1.8926607916292029,1.4141074128312143,0.3906289121730006,0.4590874426572707,0.1810703309998119,0.1810703309998119,0.9,0.3515660209557006,0.6941411458866701
0.216593792498171,0.0001728488021806,130.72703982617324,-1.6487207784949274,0.776600240709413,0.8710366217443392,0.0050207371255959,3,1,0.1,0.7,1,False,False,False,False,True,1e-06,True,2,0.0513218158611479,-6.160329761185452,1.7036562723674566,0.3086039296789247,0.1982833975797489,0.1480573549219992,1.0005219860644066,0.0513218158611479,0.0513218158611479,0.9,0.1332516194297993,0.4216841957660203
0.558831314143044,0.0234603086034428,9.054104778681932,-1.506092866000987,0.6753254477297749,0.7596472969350531,0.1005730288297483,3,1,0.1,0.7,1,False,False,False,False,True,1e-06,True,2,0.186183586786432,-3.716745135871036,1.9614232204056583,1.3727848909558948,1.8602589118439767,0.3164003927015832,1.9608197182007363,0.186183586786432,0.186183586786432,0.9,0.284760353431425,0.920336123026479
0.5930428009088342,0.0186059366984071,1.7263478166069628,-4.638765098909751,5.635321024723312,0.8197289251507456,0.5712220442984334,3,1,0.1,0.7,1,False,False,False,False,True,1e-06,True,2,0.0771541769361017,-0.1665944012777274,1.9933325034345568,1.861915413370896,1.1935441773895978,0.2199154736623488,1.5916094576676032,0.0771541769361017,0.0771541769361017,0.9,0.1979239262961139,-0.386996509749847
0.3174513164600178,0.0024512660577612,70.32937739456197,-0.9388464225561226,0.185713381390423,0.7468541084764265,0.0110055788129054,3,1,0.1,0.7,1,False,False,False,False,True,1e-06,True,2,0.1687850985712918,-5.341529251387759,1.1499173015234336,0.6671254367458349,0.4777686218626327,0.3389495868744541,0.2717078716364132,0.1687850985712918,0.1687850985712918,0.9,0.3050546281870087,0.7352986728335256
0.4394165299639492,0.0004940645356024,99.29123967452496,-2.5777733195493866,0.0910199790402583,0.5439440861234164,0.0100703541034008,3,1,0.1,0.7,1,False,False,False,False,True,1e-06,True,2,0.1759094638592586,-4.186100072582114,1.3412597607187404,1.9977768719623583,1.5843301926721125,0.838424252622738,1.6547836946770165,0.1759094638592586,0.1759094638592586,0.9,0.7545818273604642,0.4060716010362132
0.2400861988686758,0.0002773539692375,29.570217409290297,-9.0116628646635,1.1888998800622417,0.8742119721853738,0.0337967316404753,3,1,0.1,0.7,1,False,False,False,False,True,1e-06,True,2,0.0506328732070445,-1.3895028603530122,1.086220927978055,1.8193417924012327,0.2288507966420865,0.1438873314674226,1.8421257490240983,0.0506328732070445,0.0506328732070445,0.9,0.1294985983206803,0.5390367949455604
0.1194580454518142,0.001835335454559,29.133932444099727,-1.2854757588179702,0.4724002437533042,0.9024214732796876,0.0341305787407095,3,1,0.1,0.7,1,False,False,False,False,True,1e-06,True,2,0.1283359424883053,-4.560904171171517,0.6005125002414966,0.6120647220415172,0.1200614726288198,0.1081296595987248,0.7408699804082675,0.1283359424883053,0.1283359424883053,0.9,0.0973166936388524,1.7778521022684757
0.6235696105371185,0.0109294779540389,2.43834176730356,-5.149141322361588,6.4134847566776125,0.662192086654144,0.4011840859693908,3,1,0.1,0.7,1,False,False,False,False,True,1e-06,True,2,0.0679943181888867,-0.1219452848696942,1.9103298595711349,1.7454468933732754,1.306457594593175,0.5101358354381689,1.4852927406292202,0.0679943181888867,0.0679943181888867,0.9,0.459122251894352,-2.1642172785885925
0.5200524015275142,0.0004672660011571,29.20186267614749,-9.542690004504358,0.9511567612406852,0.8916912205071702,0.0342229018617385,3,1,0.1,0.7,1,False,False,False,False,True,1e-06,True,2,0.050212048941439,-7.895411031660155,1.0788786649709057,1.3770228964803228,0.7898968457674452,0.1214644453168738,1.3068389781318244,0.050212048941439,0.050212048941439,0.9,0.1093180007851864,0.4892153045941221
0.3049797573018853,0.0003675576758087,199.6995258595068,-5.057825931586084,0.1104809418027161,0.8039301625283565,0.005007377080795,3,1,0.1,0.7,1,False,False,False,False,True,1e-06,True,2,0.0928980080511998,-2.9454341886220945,0.3334895141714848,0.9373485015855796,0.3794167292931359,0.2438891418814351,1.7634570649887826,0.0928980080511998,0.0928980080511998,0.9,0.2195002276932916,0.5441728668221352
0.5840376613258211,0.0001797378148887,194.61563180735664,-5.989317836502066,0.1441583872445857,0.7597097559995215,0.0050535672288526,3,1,0.1,0.7,1,False,False,False,False,True,1e-06,True,2,0.0619515989686627,-5.496497306731169,1.7367551902208749,1.1526402835187493,1.0680809656379722,0.3162921656631061,1.3659297834614537,0.0619515989686627,0.0619515989686627,0.9,0.2846629490967955,0.2673467996903101
0.3151724434951778,0.0007337904421544,192.596307076518,-11.140053313899694,0.1064425006010991,0.6813328134715683,0.0051920506312905,3,1,0.1,0.7,1,False,False,False,False,True,1e-06,True,2,0.1177192848391816,-0.8691371730666457,0.3738042273152051,1.290900646535368,0.6208837531301599,0.4677114916933759,0.3307060554024791,0.1177192848391816,0.1177192848391816,0.9,0.4209403425240383,0.5199963085074908
0.519271835485837,0.0014523411833962,96.24123617036156,-3.0227432053764574,0.1298071758958274,0.6177759958726663,0.0103897543297908,3,1,0.1,0.7,1,False,False,False,False,True,1e-06,True,2,0.1354650792434578,-9.348019664171504,1.6727341671090783,1.7973341393717923,1.3139081671003623,0.6187097049431431,1.926636064418168,0.1354650792434578,0.1354650792434578,0.9,0.5568387344488288,0.362912882808902
0.2035237145861878,0.000976011099522,95.95731770338536,-13.834794961169916,0.2161084288724716,0.9004028333654706,0.0104335646762358,3,1,0.1,0.7,1,False,False,False,False,True,1e-06,True,2,0.1026076271091189,-2.9351575343286704,0.3172068567771329,1.4175424616744083,0.3187545007712504,0.1106140084680334,0.1785665404973636,0.1026076271091189,0.1026076271091189,0.9,0.0995526076212301,1.5062606460831558
0.4871294701438096,0.0006892593797552,29.048062002651275,-5.495071391291918,0.9934819477252496,0.8655099377098872,0.0344104465450518,3,1,0.1,0.7,1,False,False,False,False,True,1e-06,True,2,0.0549931420963963,-8.424139536066338,1.7946494989056228,1.0134723017267804,0.6954613423562841,0.1553882358023172,1.8299256713870689,0.0549931420963963,0.0549931420963963,0.9,0.1398494122220855,0.4268329099820612
0.3458404460497374,0.0008084520620894,99.7048768618868,-1.1543256018194668,0.1048938276708184,0.5983561567817287,0.0100290367975853,3,1,0.1,0.7,1,False,False,False,False,True,1e-06,True,2,0.1633747045906567,-6.004964379260676,1.6145269525647303,1.5609718731032556,0.5912426226700729,0.6712454424778068,0.7256421824448553,0.1633747045906567,0.1633747045906567,0.9,0.6041208982300261,0.4239483946137987
0.3051401400349611,0.0154081424646898,9.210153915562367,-1.2048485411358725,0.6604108890108059,0.8603104047291082,0.108291618233124,3,1,0.1,0.7,1,False,False,False,False,True,1e-06,True,2,0.1861133708212202,-1.9472625527986445,1.2361228437433331,1.1174546122298776,0.4926183345769139,0.1623711563907875,1.35098782524764,0.1861133708212202,0.1861133708212202,0.9,0.1461340407517088,3.2387949673508545
0.4842857720001555,0.0110909092898779,106.52056720404606,-1.65775411585921,0.4781013846803568,0.5626427338448649,0.0051263748758903,3,1,0.1,0.7,1,False,False,False,False,True,1e-06,True,2,0.2,-0.1827242165712679,1.4016373687452974,0.3345375417802642,1.515854875227119,0.7773267827817107,0.1307579342685952,0.2,0.2,0.9,0.6995941045035396,-1.1205680720769895
0.3273379040007783,0.0005123448714629,191.82946573421472,-4.888570026605175,0.0721415505676583,0.6216255397953014,0.0052127473037582,3,1,0.1,0.7,1,False,False,False,False,True,1e-06,True,2,0.14079888723378,-9.741678137920104,0.8943040804798214,1.763950918914842,0.6235077627631455,0.6086855123894938,0.7202846661012019,0.14079888723378,0.14079888723378,0.9,0.5478169611505443,0.381165991004422
0.7124424379112386,0.0080559139197311,1.958180468159964,-6.954003046830068,6.676067863837975,0.8965152550538462,0.4896047185602511,3,1,0.1,0.7,1,False,False,False,False,True,1e-06,True,2,0.056682660730484,-0.0708987628552613,1.862655955278548,1.3759388418826983,1.8751967881136145,0.1154299877919403,1.3805691457860505,0.056682660730484,0.056682660730484,0.9,0.1038869890127462,-0.0924272544460666
0.4136004865108255,0.0016062405407686,29.16018911767912,-5.660316887088385,0.7173607588405119,0.8910584665591996,0.0342727053406643,3,1,0.1,0.7,1,False,False,False,False,True,1e-06,True,2,0.0745214205540697,-9.879456472351174,0.7480930919220196,0.9541674653717682,0.5602623443874435,0.1222608139973972,1.2514868998729645,0.0745214205540697,0.0745214205540697,0.9,0.1100347325976575,0.729028189991587
0.4261736439852444,0.0005482924513832,98.73610528814103,-10.428600974360227,0.309256241920378,0.6282736389277089,0.0101268045312245,3,1,0.1,0.7,1,False,False,False,False,True,1e-06,True,2,0.0759804883904644,-0.2290771479686135,0.8200180551020418,1.536311931380817,0.6209041103641686,0.591663151277087,1.098153279318074,0.0759804883904644,0.0759804883904644,0.9,0.5324968361493784,0.4651674864574165
0.3359797088023933,0.0012723861726097,95.72889912843172,-1.34406231772876,0.1895763731809915,0.656313514740802,0.0104230545002341,3,1,0.1,0.7,1,False,False,False,False,True,1e-06,True,2,0.1249751290976664,-3.1983958540004007,1.5625467987294952,0.8680668032242422,0.4645639182758937,0.5236620571418982,1.382409290594975,0.1249751290976664,0.1249751290976664,0.9,0.4712958514277083,0.3929522890881254
0.5482189271792425,0.0405806615820837,6.483267207984125,-1.8493499931729704,1.3406909069901238,0.6584081203510955,0.1103013157625039,3,1,0.1,0.7,1,False,False,False,False,True,1e-06,True,2,0.1861763340418698,-0.2023491257908443,1.300432956841917,0.9355781175390412,1.808560639001975,0.5188148036004644,0.5142063220999598,0.1861763340418698,0.1861763340418698,0.9,0.466933323240418,-0.704698613633234
0.6062496297508159,0.0060454570896323,53.00683378768311,-5.279795000752984,0.9599337238696772,0.7316440984103402,0.0109348766705806,3,1,0.1,0.7,1,False,False,False,False,True,1e-06,True,2,0.0951346802861936,-0.3486279615866152,0.6676109792164042,0.3790832290979168,1.4745973561791268,0.3667847552829618,0.7210266243135218,0.0951346802861936,0.0951346802861936,0.9,0.3301062797546656,1.3847320988147578
0.3597453153759003,0.0001678553401897,139.47360944494645,-4.118504861966088,0.5378899655369758,0.8387341411083563,0.0051116310764053,3,1,0.1,0.7,1,False,False,False,False,True,1e-06,True,2,0.05,-3.3008015725963302,1.8556810933650345,0.4095335571038183,0.4037871874554571,0.1922729157996798,1.355644858901519,0.05,0.05,0.9,0.1730456242197119,0.3365624211242858
0.3351282876972367,0.0144475123808472,8.980482130682264,-1.7824618064032247,0.7382908460309099,0.8123546772621083,0.1108766393034257,3,1,0.1,0.7,1,False,False,False,False,True,1e-06,True,2,0.1681842164376238,-1.348378287468302,1.283929227889747,1.606557259663038,0.5694162839039034,0.2309894040006215,1.109712361702592,0.1681842164376238,0.1681842164376238,0.9,0.2078904636005594,1.9483868242507176
0.2117200572334747,0.0007057025223151,91.05625673836546,-0.2829196721569145,0.2646887464621159,0.7235268467817434,0.0109818720043701,3,1,0.1,0.7,1,False,False,False,False,True,1e-06,True,2,0.1016758336426736,-8.4462686553214,1.9343262922582167,0.7795486902087749,0.2181066404699389,0.3821187208850823,1.2216980093140593,0.1016758336426736,0.1016758336426736,0.9,0.3439068487965741,0.3797227187045079
0.3815325519955034,0.000429786059973,171.02009075580696,-3.637378265350933,0.1720942535559055,0.7485029740572022,0.005219093231992,3,1,0.1,0.7,1,False,False,False,False,True,1e-06,True,2,0.0825414498246573,-8.978999717772258,0.9494220106741252,0.6478796734349039,0.4953379889433049,0.3360000356171969,1.4120769673882871,0.0825414498246573,0.0825414498246573,0.9,0.3024000320554773,0.3374324116082216
0.6453854045752698,0.0001807639612933,95.2193757338418,-15.749068856811876,0.3262073223928056,0.8255286620597939,0.0105008686369027,3,1,0.1,0.7,1,False,False,False,False,True,1e-06,True,2,0.05,-1.919705072121889,1.0318822063929771,1.920351392307256,1.3609348987861865,0.2113449792341298,1.0490963090171788,0.05,0.05,0.9,0.1902104813107168,0.3268617049560011
0.6963485482233511,0.0002239443469694,189.0833391182532,-18.333897514025374,0.1829389549152303,0.8574495621771298,0.0050327104480373,3,1,0.1,0.7,1,False,False,False,False,True,1e-06,True,2,0.0574393299247201,-9.20512739209921,0.3413878998315167,0.9767471330935288,1.876681942501784,0.1662493563597185,0.3579573768292409,0.0574393299247201,0.0574393299247201,0.9,0.1496244207237466,0.4186539639544961
0.3501734427137106,0.0046829242486109,29.673036368412887,-0.7817817485367484,0.2980547805959554,0.6324855330336183,0.0336871762600522,3,1,0.1,0.7,1,False,False,False,False,True,1e-06,True,2,0.1886638591065249,-3.7822223231033902,1.9174518745007845,1.3637482551229154,0.620654622112408,0.5810638311419642,1.2234368205802904,0.1886638591065249,0.1886638591065249,0.9,0.5229574480277679,0.561558104258728
0.5967734728357889,0.0004066507325235,98.1825172987726,-7.79762716487854,0.2441109271248423,0.7637908368829737,0.0101843702251192,3,1,0.1,0.7,1,False,False,False,False,True,1e-06,True,2,0.0658186068740978,-2.4227854221732734,1.4774468195133157,1.6637038762249414,1.1697160151518986,0.3092589642486347,1.8974089234503928,0.0658186068740978,0.0658186068740978,0.9,0.2783330678237712,0.3054799855746088
0.6230547667087202,0.0002359122475832,199.2983652528392,-6.857590016251399,0.0902201620941637,0.7904011807284994,0.0050174813885591,3,1,0.1,0.7,1,False,False,False,False,True,1e-06,True,2,0.0722894686785749,-9.976952002168131,1.2888186379281308,1.7303040077217833,1.3567726476780917,0.2651802962621042,0.1990734791987782,0.0722894686785749,0.0722894686785749,0.9,0.2386622666358938,0.3545828818686325
0.3412556452309298,0.0052980385950148,29.675920514366293,-1.657047235866738,0.331084894785337,0.6625925956779101,0.0336763549203675,3,1,0.1,0.7,1,False,False,False,False,True,1e-06,True,2,0.1783288149072507,-1.416026884033304,0.9777595288034202,1.017753771009266,0.614732881066078,0.5092230225978946,0.9833889997288808,0.1783288149072507,0.1783288149072507,0.9,0.4583007203381052,0.7021839080985829
0.3748199745356417,0.0002418174326233,192.73044884005503,-4.691658052252986,0.1311244427973229,0.7162505176063935,0.0051885107177148,3,1,0.1,0.7,1,False,False,False,False,True,1e-06,True,2,0.0771586864700764,-2.759093200233988,1.2809351140160072,1.4461384475798935,0.4759385819782451,0.3961595495132858,1.977805356777828,0.0771586864700764,0.0771586864700764,0.9,0.3565435945619572,0.2925787616782188
0.2258788757872976,0.0008951319971672,92.19884571607078,-14.082514526277553,0.2622739129105153,0.8475551834673655,0.0108417262382581,3,1,0.1,0.7,1,False,False,False,False,True,1e-06,True,2,0.0952304597562859,-5.603095571684718,0.4084715687188347,1.452204293656427,0.3197323929638551,0.1798641781753723,0.4277069950755455,0.0952304597562859,0.0952304597562859,0.9,0.1618777603578351,0.6898771746561309
0.4551852892624617,0.0006371744751471,153.74104607453853,-3.6853128125984367,0.114982371600516,0.8252692747056701,0.0051401380163019,3,1,0.1,0.7,1,False,False,False,False,True,1e-06,True,2,0.0966545779789415,-6.605032614593305,0.7334950648192645,0.747470486484234,0.7183050324562832,0.211725712624703,0.1055908506218204,0.0966545779789415,0.0966545779789415,0.9,0.1905531413622327,0.5942336372148842
0.618390084469055,0.0002125383884967,137.54884895841104,-11.101337092071764,0.3816390300456704,0.8651618037713293,0.00517084705012,3,1,0.1,0.7,1,False,False,False,False,True,1e-06,True,2,0.0500489330128573,-9.01718754602454,0.6735368798745662,0.546970989044946,1.1909309674285875,0.1558531544514528,1.3435645706454051,0.0500489330128573,0.0500489330128573,0.9,0.1402678390063076,0.3848845920856947
0.685121580921867,0.0005319032942924,149.7321115991213,-8.210640627352056,0.2261564238753312,0.733278033708303,0.0051181598385429,3,1,0.1,0.7,1,False,False,False,False,True,1e-06,True,2,0.0700058976013252,-0.9748664649667198,1.2124509476471326,0.798165618908561,1.8338642870694828,0.3637392012724582,1.9693832339465207,0.0700058976013252,0.0700058976013252,0.9,0.3273652811452123,0.3270314638480566
0.4850850047646053,0.0017812173233065,90.49129141642076,-3.742870961952832,0.1532245304575185,0.657459213619949,0.0110495362779962,3,1,0.1,0.7,1,False,False,False,False,True,1e-06,True,2,0.1340802532856633,-3.963620138293475,0.982472045581683,1.286198405845509,1.1403708997903048,0.5210068994151483,1.975786379830872,0.1340802532856633,0.1340802532856633,0.9,0.4689062094736335,0.418607775463566
0.7149770416102144,0.0002595708441441,86.69497636159579,-12.543776016230217,0.285860540375928,0.9031942761547548,0.0101891934923107,3,1,0.1,0.7,1,False,False,False,False,True,1e-06,True,2,0.0531676248654957,-9.24945928640744,0.656022766750991,1.1955410500391133,1.9129979982340888,0.1071815072360559,0.1508849803910081,0.0531676248654957,0.0531676248654957,0.9,0.0964633565124503,0.5803439254569603
0.583321705703658,0.0040893868882641,115.25854859945107,-3.198791390592454,0.232366071431025,0.7213263676928715,0.0052161914850737,3,1,0.1,0.7,1,False,False,False,False,True,1e-06,True,2,0.1410916785799273,-3.330418674836457,0.7779722550832452,0.4866202891003152,1.883631173740647,0.3863350139250462,0.6825677485154417,0.1410916785799273,0.1410916785799273,0.9,0.3477015125325416,0.5686544427912558
0.6100900866914806,0.0001766747731103,193.55679617892235,-7.345914419118015,0.1397040834780974,0.6837681642012565,0.0051663407360082,3,1,0.1,0.7,1,False,False,False,False,True,1e-06,True,2,0.0630533658384099,-0.3391661013350084,1.187637718515859,1.350888994961388,1.2121908178627068,0.4624840002139464,0.6059435233085687,0.0630533658384099,0.0630533658384099,0.9,0.4162356001925518,0.3334136672123629
0.2887205960485732,0.0077196641785292,102.76819678501629,-0.3525626203012289,0.2582911063912922,0.7986116452990885,0.0050231841447659,3,1,0.1,0.7,1,False,False,False,False,True,1e-06,False,2,0.4282644872170428,-2.960453781792175,1.3352083401174164,0.1769109403613057,0.8489603722418106,0.2521730754696038,0.8356629511941248,0.4282644872170428,0.4282644872170428,0.9,0.2269557679226434,4.987952318323455
0.2944281224815193,0.0213486669562182,2.3892797264410435,-0.2047036532304042,0.1958201678787926,0.857337310340121,0.4033935935271602,3,1,0.1,0.7,1,False,False,False,False,True,1e-06,False,2,0.7768012230998033,-0.7494227715254667,1.7226055522826798,1.6253523240049073,1.4135238326708155,0.1664020542897895,1.3841840529665337,0.7768012230998033,0.7768012230998033,0.9,0.1497618488608106,-1.0412948067181624
0.4158071817479497,0.0200623615719927,8.299453179916926,-0.548238394472033,0.4205820484542951,0.6763281370950261,0.1008778336309023,3,1,0.1,0.7,1,False,False,False,False,True,1e-06,False,2,0.3323423651973075,-4.0226155851631376,1.8268161555280813,1.1259104539280107,1.668242361701526,0.4785722272256981,1.5582360257840058,0.3323423651973075,0.3323423651973075,0.9,0.4307150045031283,1.241034308581192
0.2861559853375812,0.0101642310892657,2.439192591344764,-0.1221430863108584,0.2208506989313692,0.6099729944319224,0.3989695938126916,3,1,0.1,0.7,1,False,False,False,False,True,1e-06,False,2,0.8649826544527324,-1.4495849433815664,1.821958749159182,1.5094649638148427,1.5071406446087705,0.639416841611678,1.87024948184818,0.8649826544527324,0.8649826544527324,0.9,0.5754751574505103,33.20512422567649
0.3024964293534941,0.0025564737152334,9.279060902825044,-0.7648554912523725,0.2062841360609134,0.8223376102481801,0.1067220367961201,3,1,0.1,0.7,1,False,False,False,False,True,1e-06,False,2,0.3739553485958535,-1.60919865898334,0.6544925107724758,1.396835858751337,1.5874595218064609,0.216045560287826,1.3607468920118584,0.3739553485958535,0.3739553485958535,0.9,0.1944410042590434,-27.82941364289522
0.413969026490486,0.0002146975071387,96.18795515318152,-2.350857011136651,0.094588316999537,0.5374947126967248,0.0103951327767763,3,1,0.1,0.7,1,False,False,False,False,True,1e-06,False,2,0.1876911717595176,-1.8558830878460704,0.9339245590938242,1.395634087719512,1.590407197137604,0.860483417562916,1.890740304316867,0.1876911717595176,0.1876911717595176,0.9,0.7744350758066244,0.4598619308526037
0.5794562649852422,0.0031611253573799,125.43886350342818,-3.583509006101889,0.1961235210832395,0.702637332123881,0.0051087549072713,3,1,0.1,0.7,1,False,False,False,False,True,1e-06,False,2,0.1381937485729858,-7.047869154557711,0.8342518880822681,0.5572282586632148,1.8990882695026527,0.4232093204858227,1.9500737358363167,0.1381937485729858,0.1381937485729858,0.9,0.3808883884372404,0.4873090371066619
0.2209329223709302,0.0057210115036283,7.49324003741968,-0.2018617750105957,0.3353015997523603,0.5441394136344819,0.1034391488581815,3,1,0.1,0.7,1,False,False,False,False,True,1e-06,False,2,0.5818438024493982,-1.417802587341793,1.4604747463610095,0.6727551123138427,0.577008364897721,0.8377643209498076,1.8195504063703176,0.5818438024493982,0.5818438024493982,0.9,0.7539878888548268,2.5019690123894547
0.4132809636139646,0.018940721605818,9.118066646702731,-1.4919656431969903,0.5624788518702594,0.8848248071163645,0.1092455434478571,3,1,0.1,0.7,1,False,False,False,False,True,1e-06,False,2,0.1906762887734689,-3.1968598446794427,1.232193767897767,1.2520206631248998,0.8923206657689862,0.1301672285375796,1.2367323634944687,0.1906762887734689,0.1906762887734689,0.9,0.1171505056838216,3.055713057196249
0.1787133887675156,0.0026513044057615,9.634783399845244,-0.2935317675144476,0.3262077046224284,0.5799659429537023,0.1035506451729525,3,1,0.1,0.7,1,False,False,False,False,True,1e-06,False,2,0.4086111659293771,-4.257310253928011,1.5227478270691104,1.385494569800807,0.3327633405831126,0.724239176712879,1.665264446887147,0.4086111659293771,0.4086111659293771,0.9,0.6518152590415911,1.121419256586228
0.4340539607872408,0.0036851963555147,29.04892437587808,-2.7363603554028813,0.337080360372004,0.877316970393875,0.0335444411325638,3,1,0.1,0.7,1,False,False,False,False,True,1e-06,False,2,0.1197662387609296,-3.3060573061730416,1.0418752877230424,1.1514032423972274,0.7265105600804758,0.1398388880486899,0.2527446900272444,0.1197662387609296,0.1197662387609296,0.9,0.1258549992438209,1.3175447593000675
0.4193584455101771,0.0017186519944277,74.12925799110329,-2.390178005424897,0.1181586711282777,0.7324070741583283,0.0107389462254928,3,1,0.1,0.7,1,False,False,False,False,True,1e-06,False,2,0.1998774210652569,-8.666582024590776,0.3921965690737812,0.8216811520694598,1.6686431981530447,0.3653609246595353,1.1983378995759653,0.1998774210652569,0.1998774210652569,0.9,0.3288248321935818,0.7972727978996027
0.2939970461499121,0.0017206863054352,2.489366598764654,-0.1397335624889146,0.1569765306018609,0.739289206541691,0.3909763338151876,3,1,0.1,0.7,1,False,False,False,False,True,1e-06,False,2,0.882066091828661,-2.7103515676144783,1.7852261027895149,1.5054888502692367,1.9886199671267413,0.3526506151467894,1.999365193210073,0.882066091828661,0.882066091828661,0.9,0.3173855536321104,43.85337661420981
0.2686734642211909,0.0054773791238634,2.538801245360764,-0.1613247714813249,0.1362511319447964,0.9066066442340855,0.3841155385704777,3,1,0.1,0.7,1,False,False,False,False,True,1e-06,False,2,0.8716912199075328,-1.574207856170082,1.68294176688872,1.5264881318626042,1.2542413146192226,0.1030141973477534,1.659568453671732,0.8716912199075328,0.8716912199075328,0.9,0.092712777612978,-2.133230895155444
0.4023789922131709,0.0062290480185664,59.15841976805858,-2.0017949116798794,0.2262322602664941,0.773393447583312,0.0104574968560432,3,1,0.1,0.7,1,False,False,False,False,True,1e-06,False,2,0.2124574027432398,-1.26472840678122,0.4086473203645157,0.4483353252842753,1.1708562095586954,0.2930029380579636,0.4430729497380721,0.2124574027432398,0.2124574027432398,0.9,0.2637026442521673,2.197376851651483
0.3755732824613281,0.0041386640945188,61.475419144710045,-1.276207681253413,0.3136913388743332,0.4783885224111492,0.010515332528128,3,1,0.1,0.7,1,False,False,False,False,True,1e-06,False,2,0.2294890230970111,-0.4289849574907318,0.9005412935337889,0.4768354900618184,1.0313699153871134,1.0903511542456148,1.205343947703467,0.2294890230970111,0.2294890230970111,0.9,0.9813160388210532,0.8637355686712135
0.4353091124925676,0.0197950515011152,8.429905985232383,-0.6875264271682348,0.342200947797538,0.8340628376996184,0.1030145633774993,3,1,0.1,0.7,1,False,False,False,False,True,1e-06,False,2,0.304134097633272,-6.648043023721603,1.8707785653411464,1.2859290597737538,1.5702007526646276,0.19895043250943,0.8786898616399351,0.304134097633272,0.304134097633272,0.9,0.179055389258487,2.3801286716002434
0.2972046932439822,0.0042908715945072,29.108605470623463,-1.505051529611764,0.2653526976806496,0.6498900151410225,0.0343229425943941,3,1,0.1,0.7,1,False,False,False,False,True,1e-06,False,2,0.2071232367870266,-8.156143758772822,1.107893437397122,1.4399594209643285,0.5777940007898265,0.5387219017097924,1.5843178693051685,0.2071232367870266,0.2071232367870266,0.9,0.4848497115388132,0.6208614917826453
0.1697857632897799,0.0042873711468179,8.990248749710783,-0.4582949838671278,0.2467407838972043,0.8290227589705204,0.1104780786907072,3,1,0.1,0.7,1,False,False,False,False,True,1e-06,False,2,0.3848352431567159,-7.050433767539797,1.165169995363638,1.6391782498064298,0.3272118631407494,0.2062395020877341,0.9465321724088662,0.3848352431567159,0.3848352431567159,0.9,0.1856155518789607,3.0608914276912382
0.1482917768172687,0.0080573135830949,9.064835780601449,-0.23617377671381,0.3497910656534884,0.7577153248734408,0.1102389498296828,3,1,0.1,0.7,1,False,False,False,False,True,1e-06,False,2,0.4016225967127663,-5.783008193442459,1.6192444642966035,0.8306167618941274,0.2328850948724135,0.3197568627334116,1.731070308871177,0.4016225967127663,0.4016225967127663,0.9,0.2877811764600705,2.1175667787704584
0.5001997476275937,0.0196727539914132,9.445562376757294,-1.9897623278744527,0.5288235415446653,0.8566800834628225,0.1052948674709047,3,1,0.1,0.7,1,False,False,False,False,True,1e-06,False,2,0.1858575921957673,-6.752956031313543,1.2325542971431058,1.6041435235418766,1.501755458220483,0.16729689332552,1.382225449559916,0.1858575921957673,0.1858575921957673,0.9,0.150567203992968,1.552150130410162
0.4203652339450458,0.0197949536939009,9.873300518040264,-1.9957195266335768,0.6053179573933789,0.6236733921609677,0.1004075491481921,3,1,0.1,0.7,1,False,False,False,False,True,1e-06,False,2,0.2262729544697005,-0.6759744804694119,1.1233741879716477,1.8949584165963729,1.4075777976471398,0.6034033399037547,1.605885377697766,0.2262729544697005,0.2262729544697005,0.9,0.5430630059133793,1.35039388374261
0.32994177807739,0.019770042852456,8.89459750412922,-1.639548492854254,0.4490920530273161,0.7407858165031277,0.1106895354011718,3,1,0.1,0.7,1,False,False,False,False,True,1e-06,False,2,0.2702348942686546,-0.7729306070789974,0.8179283396683343,1.9009373737773008,1.1226660035961584,0.3499178544217953,1.7297073124819609,0.2702348942686546,0.2702348942686546,0.9,0.3149260689796158,1240.341722866138
0.286788248567784,0.0068441907517628,101.71358547124451,-0.4638870458170531,0.2832163932982346,0.728953253207627,0.0051441324198219,3,1,0.1,0.7,1,False,False,False,False,True,1e-06,False,2,0.3590499399269987,-9.625727340278228,1.0526388431920992,0.1900978278303252,0.7493216585430994,0.3718300804608261,1.6551945315672392,0.3590499399269987,0.3590499399269987,0.9,0.3346470724147435,1.472385037469196
0.2807344116713175,0.0108841733226098,2.344199948223189,-0.1300458197594962,0.1403702601461672,0.8176677838331373,0.4156010778070214,3,1,0.1,0.7,1,False,False,False,False,True,1e-06,False,2,0.9906383225083084,-1.3900333864454435,1.9198330265444583,1.3737331961411088,1.4783197880136831,0.2229905834275496,1.8302268775530213,0.9906383225083084,0.9906383225083084,0.9,0.2006915250847947,-2.4741403287163046
0.325507129203437,0.0152368838575558,7.498457288354991,-0.4080003034524149,0.284986285687695,0.855752920800487,0.1106631242878735,3,1,0.1,0.7,1,False,False,False,False,True,1e-06,False,2,0.408284534911698,-8.914962554813533,1.482270653469663,0.922414395247854,1.0197018314787478,0.1685615972710692,1.570799649551817,0.408284534911698,0.408284534911698,0.9,0.1517054375439623,3.886366690532433
0.3973370298281786,0.0124116966403966,9.14357234423568,-1.0669701461120749,0.4202600507089412,0.5645155074707956,0.1085167999633084,3,1,0.1,0.7,1,False,False,False,False,True,1e-06,False,2,0.2938899805119461,-0.7393659799549575,1.3507986787808397,1.998179793462967,1.6891089584065626,0.7714305218652183,0.7553522785658282,0.2938899805119461,0.2938899805119461,0.9,0.6942874696786965,1.3922121726145265
0.2671100895016942,0.0135775517009901,9.267833686238474,-1.0469963742471204,0.5802896732916409,0.5049302645244776,0.1070406280112371,3,1,0.1,0.7,1,False,False,False,False,True,1e-06,False,2,0.3085067590732948,-0.4835196470451244,1.0770752098327,1.5536550793994413,0.6547673673875036,0.9804715032119504,1.8992168453247908,0.3085067590732948,0.3085067590732948,0.9,0.8824243528907553,1.7842861698186043
0.3079919585375958,0.0011708975518976,198.9584360708092,-14.914032320536698,0.1008748051272123,0.8035879980948217,0.0050259381616056,3,1,0.1,0.7,1,False,False,False,False,True,1e-06,False,2,0.1227527979207305,-3.601397445923058,0.2350660884460372,1.5335034556743992,1.0603861835815998,0.2444187847141065,0.2275222075475884,0.1227527979207305,0.1227527979207305,0.9,0.2199769062426959,0.7262538428057626
0.5570329875040569,0.0011431297284008,85.50564497935433,-6.100720403750103,0.2563553893475041,0.7740800344565874,0.0109479563489862,3,1,0.1,0.7,1,False,False,False,False,True,1e-06,False,2,0.0863571432266337,-4.983348757301549,0.8373610612608797,0.9321325383888672,1.1215061973556528,0.291856081396042,1.7650627651864144,0.0863571432266337,0.0863571432266337,0.9,0.2626704732564378,0.4063754168154821
0.2565975277927465,0.0035347365731102,27.69561669912109,-1.44331319474542,0.1969454408503679,0.7956809432543271,0.0338436276285054,3,1,0.1,0.7,1,False,False,False,False,True,1e-06,False,2,0.2449928916144693,-2.420278069936868,0.488869418748393,0.8181630049822994,0.5513654049539296,0.2567851580182504,0.4086023735045979,0.2449928916144693,0.2449928916144693,0.9,0.2311066422164253,1.97932191286283
0.2858914349412116,0.0126744148043198,2.368383358934569,-0.1499063152401366,0.2369758395414542,0.6123822291184591,0.3983678017063571,3,1,0.1,0.7,1,False,False,False,False,True,1e-06,False,2,0.8345559291877426,-0.6573499052306335,1.9316574561342512,1.8251537567242468,1.403685511117432,0.6329670464793323,0.7954555091741747,0.8345559291877426,0.8345559291877426,0.9,0.5696703418313991,-2.1407199149933374
0.3509892715499113,0.0062955183726687,53.22812866246291,-0.8540156429652955,0.388804528849426,0.4876226629400677,0.0111051347183872,3,1,0.1,0.7,1,False,False,False,False,True,1e-06,False,2,0.2739883795154226,-0.5449231179991738,1.0697875703462216,0.3803724438389572,1.0162763549066574,1.0507660451436138,1.1728455636245934,0.2739883795154226,0.2739883795154226,0.9,0.9456894406292524,1.0254066279079035
0.357521603992,0.0118210755619773,6.882382522561495,-0.3348451887539824,0.2839718037158132,0.7344523681851242,0.1083704281187974,3,1,0.1,0.7,1,False,False,False,False,True,1e-06,False,2,0.4785550099717974,-2.007748398844563,1.922740238101713,1.00849715319939,1.935132900575547,0.3615586841540996,0.8521264143956351,0.4785550099717974,0.4785550099717974,0.9,0.3254028157386897,5.288606714038311
0.32976002615028,0.0072257724017346,20.881105529233373,-0.5081605846049533,0.330953602329897,0.6163818649270241,0.0334667874846459,3,1,0.1,0.7,1,False,False,False,False,True,1e-06,False,2,0.320051002985421,-7.1739199763186186,1.5924130521158737,0.6213348893735783,0.9473932067488788,0.6223708984663169,1.334885830175173,0.320051002985421,0.320051002985421,0.9,0.5601338086196852,0.898718215334354
0.3254761281437581,0.0020547035500631,93.42590952700355,-7.264058027112352,0.1441940344967585,0.7115868136639765,0.0106968867321228,3,1,0.1,0.7,1,False,False,False,False,True,1e-06,False,2,0.1508561791017086,-1.561484228980973,0.4211425292500571,1.9074133333518253,0.9586374854423068,0.4053099085000993,1.238807836447505,0.1508561791017086,0.1508561791017086,0.9,0.3647789176500893,0.6867517604929323
0.3620845164501683,0.0039521537293107,26.08281568399332,-1.2655677165654349,0.2376352925592415,0.6287664126838718,0.0338247564176498,3,1,0.1,0.7,1,False,False,False,False,True,1e-06,False,2,0.2583166928590353,-1.6862004748266397,0.7378329954213216,0.951557792688422,1.2737579956037015,0.5904157407701341,1.965401284509957,0.2583166928590353,0.2583166928590353,0.9,0.5313741666931208,0.939640910209034
0.2717897313686981,0.0016839042912235,6.160510791561366,-0.1195899699335387,0.1405533113470006,0.7727887313855788,0.1000957500088764,3,1,0.1,0.7,1,False,False,False,False,True,1e-06,False,2,0.9382722497007894,-3.1203318896468177,1.9515815751048875,0.6362178816468803,1.3497453719140555,0.2940147279412843,1.8306689799382856,0.9382722497007894,0.9382722497007894,0.9,0.2646132551471559,-181.71447512311136
0.4893632681127097,0.0105487775673918,10.156099660842573,-4.266636116214221,0.872448651485162,0.6578842847123862,0.1011307502227835,3,1,0.1,0.7,1,False,False,False,False,True,1e-06,False,2,0.1309579481683249,-0.2036201171593141,0.982160852798753,1.975986618386328,1.106289631387848,0.5200241489841637,0.2195499699741908,0.1309579481683249,0.1309579481683249,0.9,0.4680217340857474,-1.616734939992055
0.1610252122132404,0.000175333274097,196.07928610801025,0.7390650393761397,0.154714326429668,0.7327599422658797,0.0050999391258814,3,1,0.1,0.7,1,False,False,False,False,True,1e-06,False,2,0.0850592232459325,-2.4403549487120006,1.9423312409949536,0.8822320400217922,0.1466929648180582,0.3647034210245529,0.5707155647007487,0.0850592232459325,0.0850592232459325,0.9,0.3282330789220976,0.3519213660211315
0.3294040654315585,0.0034831373967576,8.28482304980144,-0.5249624054952257,0.2280828617745433,0.783738793351875,0.101090304207058,3,1,0.1,0.7,1,False,False,False,False,True,1e-06,False,2,0.4200043465112199,-3.90065977971409,0.9117405263393218,1.057533486628372,1.8050274778666309,0.2759353096753375,1.4195798681155942,0.4200043465112199,0.4200043465112199,0.9,0.2483417787078037,3.184940251434831
0.3957947688977199,0.0197493264249824,7.74226973120317,-0.6963674022815832,0.5317606053790341,0.5304525746566987,0.1090097800314004,3,1,0.1,0.7,1,False,False,False,False,True,1e-06,False,2,0.3489625661914568,-0.5624853965767329,1.1636032646946994,1.1357317905208768,1.8539365586914376,0.8851826681154025,0.9605858010964476,0.3489625661914568,0.3489625661914568,0.9,0.7966644013038623,2.48446503018082
0.3866482346043352,0.0004136718659622,57.83435351856442,-0.9279715129077712,0.1607093831703237,0.7303872233921911,0.0103087284403734,3,1,0.1,0.7,1,False,False,False,False,True,1e-06,False,2,0.2764453357181325,-8.977908856396027,0.9066712626492296,0.5030695486769017,1.7316030705483416,0.3691367646816528,0.2694123090958219,0.2764453357181325,0.2764453357181325,0.9,0.3322230882134875,1.118655314972755
0.3056521617585421,0.038305635935479,2.221504864127668,-0.1162281790689452,0.460585608083025,0.4555489491129962,0.4360615956173376,3,1,0.1,0.7,1,False,False,False,False,True,1e-06,False,2,0.8069608783616012,-0.5730820084152946,1.845654282719864,1.4051847978795584,1.4660513850578991,1.1951537852235403,1.9835381288621927,0.8069608783616012,0.8069608783616012,0.9,1.0756384067011866,-8.318267988879269
0.4760905139516893,0.0068684823818592,61.148768128411234,-2.5377176350273043,0.3842365914519374,0.8027345821101265,0.0101656453831308,3,1,0.1,0.7,1,False,False,False,False,True,1e-06,False,2,0.1441277904575165,-7.156526913237895,0.7716159441868541,0.4221239203190576,1.0335443234931472,0.2457417710488158,1.3492249195383703,0.1441277904575165,0.1441277904575165,0.9,0.2211675939439342,0.7958514231086252
0.4778567668112033,0.0004990746911662,198.53499363081872,-4.960255230832142,0.0988327884013586,0.6852024194636391,0.0050367925809204,3,1,0.1,0.7,1,False,False,False,False,True,1e-06,False,2,0.0978213803510065,-9.79029911721372,1.0379983362378178,1.2681852511648497,0.8456852887019556,0.4594227509920019,1.6015093934731506,0.0978213803510065,0.0978213803510065,0.9,0.4134804758928017,0.3176521433114197
0.2589687467426263,0.00275232494044,2.0852493567689514,-0.1496108050698383,0.2738363944732191,0.3775250505700762,0.4493950457300474,3,1,0.1,0.7,1,False,False,False,False,True,1e-06,False,2,0.9988002770020374,-0.513149598688269,1.0720796466544882,1.8578042883932584,1.9580902896248653,1.6488308484164549,1.1719072949183396,0.9988002770020374,0.9988002770020374,0.9,1.4839477635748095,-8.890541185558176
0.2622333665188014,0.0047159578094574,29.434738356184344,-2.6089556764434123,0.2392258537995624,0.7325065133592753,0.0338833069434332,3,1,0.1,0.7,1,False,False,False,False,True,1e-06,False,2,0.2111329508324511,-2.6209978780775813,0.5853624152559173,1.3989515495646383,0.6292832044072757,0.3651755742266365,0.9390657614390148,0.2111329508324511,0.2111329508324511,0.9,0.3286580168039728,1.0126919171872295
0.2490261001953038,0.0007280906549061,98.7681197761114,-0.0931085212708461,0.263549170141207,0.4437106601973259,0.0051256472741449,3,1,0.1,0.7,1,False,False,False,False,True,1e-06,False,2,0.8675059294298663,-1.299278475167732,1.852629070851161,0.1386714351242883,1.0905062649190518,1.253720926054115,1.3841994827113475,0.8675059294298663,0.8675059294298663,0.9,1.1283488334487033,3.33615899757596
0.3686493944721127,0.0040843003805298,58.08053339077004,-0.8079609670333688,0.1958837931786358,0.775991515491501,0.0109465748488944,3,1,0.1,0.7,1,False,False,False,False,True,1e-06,False,2,0.262754176451069,-8.589765776602764,1.97802246937037,0.5533149893857041,1.1477584847124918,0.2886738837171636,0.2997862281293229,0.262754176451069,0.262754176451069,0.9,0.2598064953454472,1.3119897602474533
0.2357206713140804,0.0033854433737032,29.629580129338866,-0.5372730287188728,0.3063344354447539,0.5651412388292054,0.0337379191612327,3,1,0.1,0.7,1,False,False,False,False,True,1e-06,False,2,0.2281447770138185,-1.558518625126629,1.5360400297393766,1.0377365883264806,0.3685214837982268,0.769469172116487,1.4794006487700695,0.2281447770138185,0.2281447770138185,0.9,0.6925222549048383,0.6478989439255297
0.2413198377543781,0.0102051739853874,2.612172602165848,-0.1462753345657612,0.1439634732797817,0.892449869057202,0.3760697487513676,3,1,0.1,0.7,1,False,False,False,False,True,1e-06,False,2,0.9044118955700032,-1.0811911327348298,1.6952320981761335,1.4539407276829908,0.8573873227893283,0.1205111173991383,1.6402014325244618,0.9044118955700032,0.9044118955700032,0.9,0.1084600056592244,-1.4153983144842557
0.2684152598855367,0.0032032532688988,29.831041914065413,-0.900547559156117,0.2591040901722358,0.6007831817027437,0.0335035952364697,3,1,0.1,0.7,1,False,False,False,False,True,1e-06,False,2,0.2219797776192254,-1.5615524063716215,1.1667912512896867,1.1854219825843966,0.4625272546467367,0.6644939979274944,0.8004054421326602,0.2219797776192254,0.2219797776192254,0.9,0.598044598134745,0.7073620460624934
0.4317813005260912,0.0024519705083621,114.85193220958124,-1.5807888015937892,0.1759848382381191,0.6284679741366519,0.0050576205853866,3,1,0.1,0.7,1,False,False,False,False,True,1e-06,False,2,0.2240783324733601,-4.720507435837736,0.7050549309601675,0.417879604502246,1.8029601560679835,0.5911709763313469,1.13937565567712,0.2240783324733601,0.2240783324733601,0.9,0.5320538786982122,0.6557765707467406
0.446259281461719,0.0111268961958271,53.58348571329565,-1.1203883293370076,0.3168322390922993,0.7582022631479706,0.010752774310777,3,1,0.1,0.7,1,False,False,False,False,True,1e-06,False,2,0.2300038227811907,-4.901780112480841,1.1391501264064567,0.4090960882334603,1.3257501580773616,0.3189092787036962,0.6456981479194855,0.2300038227811907,0.2300038227811907,0.9,0.2870183508333266,1.1153269574038047
0.1918605694112701,0.0004531535858891,9.148671517407776,-0.360290272510281,0.3117729952725461,0.5391343612697749,0.1088382714611239,3,1,0.1,0.7,1,False,False,False,False,True,1e-06,False,2,0.4334676163421279,-2.1871080862850167,1.299887887012724,1.4282924463698194,0.4212064657717029,0.8548252009847596,1.6895005879254863,0.4334676163421279,0.4334676163421279,0.9,0.7693426808862837,1.2244382709156434
0.2425931188629832,0.0043859896018639,9.550926120038527,-0.3873056671430071,0.3602817671784452,0.542394360868133,0.1043512760501188,3,1,0.1,0.7,1,False,False,False,False,True,1e-06,False,2,0.3857983296075929,-2.062972891679448,1.507238807060174,1.2931326137024797,0.5769443338585045,0.8436769851357659,1.7883960946641535,0.3857983296075929,0.3857983296075929,0.9,0.7593092866221893,1.083179825086009
0.5742228543273843,0.0034753561416189,29.324051605134045,-5.400407520685799,0.5266899442983304,0.7276731729267503,0.0340731560434663,3,1,0.1,0.7,1,False,False,False,False,True,1e-06,False,2,0.0980224232948925,-0.7568808718539426,1.1413465820080035,1.5279123514157416,1.3224746163071734,0.3742433240707954,1.159616932004386,0.0980224232948925,0.0980224232948925,0.9,0.3368189916637158,0.5504186047224503
0.3299921121213896,0.0266999130876468,2.4863712008528456,-0.2144680457052581,0.4519851935062094,0.4932284627453485,0.3819060479821215,3,1,0.1,0.7,1,False,False,False,False,True,1e-06,False,2,0.6410747505144386,-0.5728996848570862,1.6519522842351986,1.883519947243912,1.9299800312278024,1.027458014961102,1.1246016303394897,0.6410747505144386,0.6410747505144386,0.9,0.9247122134649918,-14.198425588735113
0.2932332331747334,0.0046410807684395,2.776298411227581,-0.2239153038081361,0.1624563195359087,0.9090478756671848,0.3488893222838007,3,1,0.1,0.7,1,False,False,False,False,True,1e-06,False,2,0.708953256927595,-1.9615782937819264,1.60110002561409,1.780426101858965,1.595859095911837,0.1000520729076694,1.39048927551157,0.708953256927595,0.708953256927595,0.9,0.0900468656169025,-2.983862906967178
0.313098226980453,0.0351063892345823,2.345003210615427,-0.3028905123517243,0.2560689137344608,0.8593501002891383,0.4073771497554531,3,1,0.1,0.7,1,False,False,False,False,True,1e-06,False,2,0.6673143568074763,-0.4314462857912176,1.401185148455255,1.7784422869698564,1.7367883489361848,0.1636700800564731,1.9465932182595465,0.6673143568074763,0.6673143568074763,0.9,0.1473030720508258,-0.5614762502654207
0.5893334267834076,0.0011487483388035,97.16389294018758,-8.26062939686689,0.1920810521744906,0.7131000755149726,0.0102904646366672,3,1,0.1,0.7,1,False,False,False,False,True,1e-06,False,2,0.0943599891762759,-1.7367859410982085,0.9389686733923448,1.8283230426821404,1.5171120044949271,0.402327715752715,1.6122206055771624,0.0943599891762759,0.0943599891762759,0.9,0.3620949441774435,0.3802430637723963
0.2378314202721594,0.0010552547674204,2.67416597468608,-0.1273056887992756,0.1601692235947047,0.7247294643693905,0.3668474367622734,3,1,0.1,0.7,1,False,False,False,False,True,1e-06,False,2,0.877692803871369,-1.9001107417871523,1.767955159110845,1.8475373712587104,0.8492005233339543,0.3798252301914218,1.3659565092954005,0.877692803871369,0.877692803871369,0.9,0.3418427071722796,-14.752608231495284
0.5310212762240338,0.0197450766076335,50.780743546336055,-1.203913294647916,0.4756307890912066,0.7445492619083576,0.0109005092296357,3,1,0.1,0.7,1,False,False,False,False,True,1e-06,False,2,0.2174152211642702,-9.981571859591764,1.949318608909448,0.4073812813522643,1.9824727076692887,0.3430944749537399,1.2942210927756832,0.2174152211642702,0.2174152211642702,0.9,0.3087850274583659,0.9088003037626868
0.5739068547795472,0.0157831694890542,9.74581871893244,-2.4097191452010343,0.5790702130887782,0.8821284329523128,0.1020372852116468,3,1,0.1,0.7,1,False,False,False,False,True,1e-06,False,2,0.1519374727491478,-3.191893725587157,1.551688650087793,1.728059402012956,1.722415937069541,0.1336217750664651,0.6962754636219001,0.1519374727491478,0.1519374727491478,0.9,0.1202595975598186,2.0023036870393964
0.3260768532011748,0.0256626658686327,6.6740443790101445,-0.2766210152702645,0.6969697762431074,0.409103830229672,0.1086905637066742,3,1,0.1,0.7,1,False,False,False,False,True,1e-06,False,2,0.4843264819311512,-0.4256873820145408,1.5754311649299393,0.7645511911173483,1.281130925298072,1.4443672390908615,1.3636666490291105,0.4843264819311512,0.4843264819311512,0.9,1.2999305151817755,3.8610934040972458
0.3581933456013236,0.0124468884996412,8.96607628131796,-1.1163214773391508,0.2603704375023859,0.8500500098813463,0.1103512188213502,3,1,0.1,0.7,1,False,False,False,False,True,1e-06,False,2,0.3203284978298475,-1.6527733190860552,0.7574048539291246,1.575298162097721,1.916165804225405,0.1764013744786433,0.9872969634797804,0.3203284978298475,0.3203284978298475,0.9,0.158761237030779,-21.643061133792106
0.2370174424055868,0.0054703686591646,8.429454968646661,-0.2271631421656896,0.2956398541170026,0.6655710766176957,0.1012308279222523,3,1,0.1,0.7,1,False,False,False,False,True,1e-06,False,2,0.4784244104183058,-8.02364492825668,1.6440111663461316,0.8115951490808697,0.5723145632440302,0.5024691353503636,1.5400966358901975,0.4784244104183058,0.4784244104183058,0.9,0.4522222218153273,1.6231915537273178
0.2905182340967372,0.0017017337805866,17.580097767242552,-0.2578543619019436,0.2819846145390386,0.6080286831165459,0.0333940155266882,3,1,0.1,0.7,1,False,False,False,False,True,1e-06,False,2,0.5022407102697667,-5.63578204652629,1.4723896723913077,0.4573562410448071,1.1557345614695755,0.6446592533667063,1.5974089333052028,0.5022407102697667,0.5022407102697667,0.9,0.5801933280300356,1.48686074126747
0.4188897609454446,0.043595376879147,2.224128247818648,-2.225454437704456,2.625692463613649,0.8017883750983723,0.4449286794081897,3,1,0.1,0.7,1,False,False,False,False,True,1e-06,False,2,0.1445160207438312,-0.1875739563871228,1.6931026992580318,1.5543049061279015,0.7705919206266245,0.2472118966270981,1.815892943033305,0.1445160207438312,0.1445160207438312,0.9,0.2224907069643883,-0.344475512130099
0.5146268341072445,0.0018730363184744,93.5804904783852,-8.09745977771991,0.155881595768009,0.7727664197205318,0.0106854614298237,3,1,0.1,0.7,1,False,False,False,False,True,1e-06,False,2,0.1183665665984598,-8.713210352726867,0.4684149237124111,1.35824637963377,1.5317645627012348,0.2940520893255769,0.3776492581089575,0.1183665665984598,0.1183665665984598,0.9,0.2646468803930192,0.5461330703733291
0.108514945874457,0.0028721233304966,9.41696364427964,-0.0912813593635328,0.2372648962823833,0.8791983282258492,0.106355947630966,3,1,0.1,0.7,1,False,False,False,False,True,1e-06,False,2,0.4424536566244557,-4.789091299888973,1.80705622072001,1.1769786178491344,0.1468234900081443,0.1373997969467466,0.8137016137738209,0.4424536566244557,0.4424536566244557,0.9,0.1236598172520719,11.180281792915366
0.2752966908918633,0.0118732599401456,9.469932293662223,-0.4837747116443465,0.3401218979288172,0.7718684006500617,0.1053198288526009,3,1,0.1,0.7,1,False,False,False,False,True,1e-06,False,2,0.3317797134725548,-9.819447352319472,1.328785959042338,1.0506964769236835,0.5944552063406201,0.2955576354179127,1.3821956496377277,0.3317797134725548,0.3317797134725548,0.9,0.2660018718761214,1.642053625617249
0.337315516099591,0.0155285535463699,7.622983628767851,-0.3868968843171441,0.3189604108649332,0.7801085270481365,0.1094051919808247,3,1,0.1,0.7,1,False,False,False,False,True,1e-06,False,2,0.3986000227939951,-9.799255084700231,1.6810529263466203,0.9682424637511596,1.0726401483116978,0.2818729257888179,1.407155704809991,0.3986000227939951,0.3986000227939951,0.9,0.2536856332099361,2.1184174289573323
0.2161460283786901,0.0023713492433289,29.93412374911104,-1.0890668427608534,0.2079493649850278,0.7049451009162576,0.0333694586532085,3,1,0.1,0.7,1,False,False,False,False,True,1e-06,False,2,0.2505437356326799,-9.36960795694419,0.6529419252366487,0.9769847639588028,0.4047259127685297,0.4185501802909794,1.3224888746590104,0.2505437356326799,0.2505437356326799,0.9,0.3766951622618815,0.9070946080058788
0.3020720732653328,0.0282014421442282,5.746438495850271,-0.1857365649963764,0.2840172881667184,0.6824413215726897,0.1091097455499642,3,1,0.1,0.7,1,False,False,False,False,True,1e-06,False,2,0.7493059991096577,-0.7030032005071281,1.6274299986560772,0.6421681001072952,1.4094108253333129,0.465327447780411,1.603339075888036,0.7493059991096577,0.7493059991096577,0.9,0.4187947030023699,-1.82832857381888
0.2456978465653552,0.0002927887784032,9.420967552432916,-0.6344793092468092,0.2380326912898701,0.6768281670598337,0.1051956798212071,3,1,0.1,0.7,1,False,False,False,False,True,1e-06,False,2,0.3907191999576338,-3.3229096975106067,0.8806221192738553,1.6744535819327755,0.8508779187343696,0.4774798814062904,1.801353064353855,0.3907191999576338,0.3907191999576338,0.9,0.4297318932656613,1.604016359837813
0.5579002179186957,0.0098905030534241,108.27954025552134,-2.153189749819174,0.5082534572224631,0.5731486156866069,0.0050828885757391,3,1,0.1,0.7,1,False,False,False,False,True,1e-06,False,2,0.1665515447191311,-0.5060664308027647,1.5998605063502704,0.3395249426773753,1.8890161234598388,0.744748172866201,1.4913413287406228,0.1665515447191311,0.1665515447191311,0.9,0.6702733555795809,0.6991430341468361
0.2394606798469414,0.0030754019024987,9.469533261830405,-0.3137361993943974,0.2704650481358848,0.6850392993190294,0.1052771090127709,3,1,0.1,0.7,1,False,False,False,False,True,1e-06,False,2,0.4013385807890482,-4.248368546253704,1.362149984758951,1.1637875387332737,0.5298538275402286,0.4597702657264489,0.8016145337003532,0.4013385807890482,0.4013385807890482,0.9,0.413793239153804,1.6037774161859142
0.4015971440971785,0.0448716189958707,6.333159728073618,-0.6001550593435335,0.859358929752188,0.4825758502876599,0.1071913032487903,3,1,0.1,0.7,1,False,False,False,False,True,1e-06,False,2,0.392910775921552,-0.2905632599245997,1.0012310057187264,0.8014981645187931,1.8804557695341115,1.0722131026737192,1.0277798343241915,0.392910775921552,0.392910775921552,0.9,0.9649917924063472,-2.907576864457721
0.2983327398193928,0.0085994006922931,2.776232767921911,-0.2234823559280216,0.1874814897152099,0.8075216477516373,0.3392672854598576,3,1,0.1,0.7,1,False,False,False,False,True,1e-06,False,2,0.7358984421856501,-0.5789326872291376,1.874291508542248,1.729487366389896,1.6914276286500525,0.2383568945603814,0.6316781056883181,0.7358984421856501,0.7358984421856501,0.9,0.2145212051043433,-0.8823867584915792
0.25806925233967,0.0078001300448757,9.584399739801947,-0.3903176202163218,0.3636560872072398,0.6182728083708315,0.1040513194539734,3,1,0.1,0.7,1,False,False,False,False,True,1e-06,False,2,0.358185045726138,-4.417921029180658,1.580362930863904,1.2219737592921411,0.5761444358470178,0.6174089923751162,1.6460242023801075,0.358185045726138,0.358185045726138,0.9,0.5556680931376046,1.0801706309005767
0.5384570037152024,0.0010237824038514,164.52372209271172,-6.148358492283087,0.1266825058454008,0.7646677504211556,0.0051540287819798,3,1,0.1,0.7,1,False,False,False,False,True,1e-06,False,2,0.1048710358533461,-4.614524488760946,0.4190223109751434,0.773903303477001,1.2356773201953848,0.3077575188037295,1.25021489055751,0.1048710358533461,0.1048710358533461,0.9,0.2769817669233565,0.4811609159065679
0.5412107182138922,0.0211092247099238,8.982260258176991,-3.1533578883214046,1.1994779611658903,0.4783364228555798,0.1105874337644373,3,1,0.1,0.7,1,False,False,False,False,True,1e-06,False,2,0.1700281531610364,-0.173471792034487,1.0323549789286235,1.674804754794696,1.938248155635046,1.0905788315892508,0.6931433520726572,0.1700281531610364,0.1700281531610364,0.9,0.9815209484303258,3.218843303178528
0.4967361316293345,0.0007953573501598,171.41749386324622,-1.6453769340059934,0.0827777893898734,0.6047525757705732,0.0051597551422402,3,1,0.1,0.7,1,False,False,False,False,True,1e-06,False,2,0.1438102269666619,-5.52622154409921,1.8706887800601653,1.089866219180062,1.1817871363599073,0.6535688148592078,0.7131615583228088,0.1438102269666619,0.1438102269666619,0.9,0.588211933373287,0.3789367954509834
0.4948396978386948,0.0245143611507093,8.820083260033604,-1.315896701860789,0.523369953625996,0.8021010160554433,0.1054541380549392,3,1,0.1,0.7,1,False,False,False,False,True,1e-06,False,2,0.2232524656347182,-4.433732829414197,1.4126323306395616,1.2893943489090678,1.6513216075256525,0.2467257614480785,1.839752366652182,0.2232524656347182,0.2232524656347182,0.9,0.2220531853032706,1.4173800236072682
0.2846791329050931,0.0059898730667804,2.3393704461993687,-0.1351093315301843,0.1973490152845982,0.6287926077761631,0.4117316780209138,3,1,0.1,0.7,1,False,False,False,False,True,1e-06,False,2,0.8807782035600016,-1.3287104168151431,1.6480870195020767,1.6413427486509968,1.685589380038389,0.5903494850816993,1.5180576222355893,0.8807782035600016,0.8807782035600016,0.9,0.5313145365735293,-19.311964868499285
0.2860461198899773,0.0027292672765875,2.711601308707006,-0.1475513344692927,0.2202350005030929,0.5857278869142856,0.3535569860410679,3,1,0.1,0.7,1,False,False,False,False,True,1e-06,False,2,0.8097781179303333,-1.1047223115704856,1.6035026909163972,1.5307838347496765,1.6802219955632225,0.7072774275238467,0.9864347419490216,0.8097781179303333,0.8097781179303333,0.9,0.636549684771462,-53.7156872585526
0.2885535910717619,0.0001421580864225,9.060739410513165,-0.4273080485151815,0.2189067141912334,0.7330912267234255,0.1097087677594919,3,1,0.1,0.7,1,False,False,False,False,True,1e-06,False,2,0.3930861014757636,-6.904969128400648,1.3372764517410365,1.4114918564761307,0.8858003803627577,0.364086710557882,0.5521877381281304,0.3930861014757636,0.3930861014757636,0.9,0.3276780395020938,1.745688836045298
0.4310371101508476,0.0061260296209424,29.03290058815616,-2.243339423547404,0.2280269552003783,0.7185775314204776,0.0338166650849814,3,1,0.1,0.7,1,False,False,False,False,True,1e-06,False,2,0.2103319361293077,-4.533897249507599,0.6664563044516345,1.2381115293203382,1.6470407926438757,0.39163828017724,1.4835603533194188,0.2103319361293077,0.2103319361293077,0.9,0.352474452159516,0.8478153880380072
0.3020813070001101,0.0013182103375195,2.882204864149133,-0.1584672043726275,0.2150836122156727,0.6382896080140991,0.3374874291988053,3,1,0.1,0.7,1,False,False,False,False,True,1e-06,False,2,0.7362863528120842,-2.8643427154620174,1.7282864771917643,1.573570841860993,1.9753877311266,0.5666869512591394,1.6344947900693143,0.7362863528120842,0.7362863528120842,0.9,0.5100182561332255,3.725457818451146
0.290966771509685,0.0234525715636059,1.971110855387348,-0.1432724028666339,0.251837573970257,0.6144139219102646,0.4825478447946387,3,1,0.1,0.7,1,False,False,False,False,True,1e-06,False,2,0.8896596482444997,-0.7071961252325956,1.7942027905568954,1.90944191351504,1.5006931676108546,0.6275672870349616,1.396978559548809,0.8896596482444997,0.8896596482444997,0.9,0.5648105583314654,-2.296769230655635
0.4614997102252699,0.00185980410193,80.0000233100976,-1.5028007634618552,0.1468387421041278,0.5878343105812441,0.0103451249845806,3,1,0.1,0.7,1,False,False,False,False,True,1e-06,False,2,0.1795782144084977,-5.254653171816006,1.5341792574667952,0.9182300353581134,1.3029026705958155,0.7011596329095028,1.087397123707173,0.1795782144084977,0.1795782144084977,0.9,0.6310436696185525,0.4580184201824108
0.6397230529749963,0.0012232252565302,94.16826171098528,-4.850494316091205,0.1460216934299153,0.6960757767912783,0.0106183470830342,3,1,0.1,0.7,1,False,False,False,False,True,1e-06,False,2,0.1047847301794443,-9.816250879898933,1.4388926236361526,1.86581425138025,1.941315365002088,0.4366251970578987,1.0112210765728225,0.1047847301794443,0.1047847301794443,0.9,0.3929626773521088,0.3534127927283388
0.3216906345582582,0.0008701896733142,8.01790570706311,-0.363942312090022,0.2632294578782024,0.6408131432547638,0.1067979057230608,3,1,0.1,0.7,1,False,False,False,False,True,1e-06,False,2,0.436599515151201,-9.166514605115712,1.371791978452107,1.0853504773528526,1.4817700864541534,0.560517306060367,1.0480837218029833,0.436599515151201,0.436599515151201,0.9,0.5044655754543304,1.3284026780187588
0.3620448000229865,0.0046859853690496,9.06415548912391,-0.5272318290725115,0.263323586449841,0.6899594346320821,0.102219405236156,3,1,0.1,0.7,1,False,False,False,False,True,1e-06,False,2,0.3640083062019311,-3.876236140115104,1.508804943418326,1.3561107407317006,1.5875864179357817,0.4493605707895648,0.621232417334693,0.3640083062019311,0.3640083062019311,0.9,0.4044245137106083,1.484245271342352
0.1558071564695933,0.001038840643137,9.536610354723488,-0.3082636563876993,0.3246458250554518,0.5392833802578149,0.1045433514251159,3,1,0.1,0.7,1,False,False,False,False,True,1e-06,False,2,0.4330442814659329,-2.9693141456776884,1.5094258508779377,1.5619558221535874,0.2862380785178875,0.8543126612244762,1.9449243590481844,0.4330442814659329,0.4330442814659329,0.9,0.7688813951020287,1.1334231362085447
0.5056639281901556,0.0073721589265852,25.653870633593908,-2.1325893512867298,0.5123669935497619,0.7325694019003317,0.0342592573042353,3,1,0.1,0.7,1,False,False,False,False,True,1e-06,False,2,0.1350016948882548,-7.599977151769975,1.9822249144846216,0.9459804858557754,1.091983079845653,0.3650583786408989,1.85062757713829,0.1350016948882548,0.1350016948882548,0.9,0.328552540776809,0.5306302258233292
0.4291411482598888,0.0026994944762169,27.82664098533872,-1.132657103163653,0.2411146723262133,0.5143904931264534,0.0336393377978475,3,1,0.1,0.7,1,False,False,False,False,True,1e-06,False,2,0.2433795788265041,-1.7272514193119868,1.746169009560863,1.3150774097836468,1.9960814262928368,0.9440483705715936,1.91655365372394,0.2433795788265041,0.2433795788265041,0.9,0.8496435335144342,0.5891128611242112
0.494283445410507,0.0019744265119918,86.0653855586284,-3.144473474145068,0.1455920357635008,0.6666774513288252,0.0107212763294637,3,1,0.1,0.7,1,False,False,False,False,True,1e-06,False,2,0.1439142924877133,-5.324243273355042,0.8662602820565803,1.0427744269307253,1.2454321193632223,0.4999757349026797,0.7778839390629663,0.1439142924877133,0.1439142924877133,0.9,0.4499781614124118,0.4564328007062274
0.4272902137370978,0.0002831846965399,192.6897003064452,-4.067251621288362,0.0556901559007241,0.5733087376080538,0.0051896520663541,3,1,0.1,0.7,1,False,False,False,False,True,1e-06,False,2,0.152851338185134,-1.1908921834743662,0.8661519541393518,1.8666939986934232,1.2679705191780255,0.7442608744673561,0.3360453697731076,0.152851338185134,0.152851338185134,0.9,0.6698347870206205,0.4328754995479646
0.3546874587776808,0.0184215644139487,49.49384273172622,-0.3482836787197798,0.3501237370153167,0.7140309778149097,0.0105681134878165,3,1,0.1,0.7,1,False,False,False,False,True,1e-06,False,2,0.4343776281998278,-4.05515293492611,1.750134694333885,0.2633107718003384,1.4344591187105498,0.4004994616062988,1.7408200502395712,0.4343776281998278,0.4343776281998278,0.9,0.3604495154456689,2.073561443554547
0.2667880595265218,0.0142253221539888,9.48751838895371,-0.4056746058108129,0.4118554560138904,0.8013587439412008,0.1052296313892679,3,1,0.1,0.7,1,False,False,False,False,True,1e-06,False,2,0.2895469690895995,-7.723644698509437,1.903731540782729,1.1718326208272618,0.4697528289996504,0.2478805623082768,1.109018271064686,0.2895469690895995,0.2895469690895995,0.9,0.2230925060774491,1.7173643996572754
0.4675548362519061,0.0232553896855631,8.733751002857243,-1.269132888515753,0.4156652886843804,0.852594576070085,0.1097000380074028,3,1,0.1,0.7,1,False,False,False,False,True,1e-06,False,2,0.2471789209536561,-5.171467741085424,1.1900650022124435,1.3524828774655755,1.7136597214459903,0.1728904077825119,1.6356657259475509,0.2471789209536561,0.2471789209536561,0.9,0.1556013670042607,2.317572272796304
0.4180682655979026,0.0700075593822597,2.038787996157086,-1.1969131154090962,1.82278134812912,0.6852985196703211,0.4812369795090654,3,1,0.1,0.7,1,False,False,False,False,True,1e-06,False,2,0.2263505671834693,-0.2280830152416655,1.732572127778274,1.7653629222371017,1.0048331576064125,0.4592180944460139,1.606384381630676,0.2263505671834693,0.2263505671834693,0.9,0.4132962850014125,-0.6194737113906037
0.3256078649957076,0.0134431054224793,9.208837998167985,-0.5157844951733326,0.3680844512117086,0.7690435168964375,0.1082101330858001,3,1,0.1,0.7,1,False,False,False,False,True,1e-06,False,2,0.2900303799579799,-4.461526380822195,1.927011711183292,1.5649836887291204,0.694063524881002,0.300316533498148,0.820531726718845,0.2900303799579799,0.2900303799579799,0.9,0.2702848801483332,1.60270291282872
0.3230436386228305,0.0036811612033933,9.406247419146984,-0.5938229387368198,0.4264431215186542,0.4221128671887357,0.1056314557674389,3,1,0.1,0.7,1,False,False,False,False,True,1e-06,False,2,0.3634381470427407,-0.3864484205982528,1.2063890038925278,1.3931924633214612,1.2141927306176727,1.3690346296714018,0.544241809534187,0.3634381470427407,0.3634381470427407,0.9,1.2321311667042616,2.0089655295891578
0.2608450587441969,0.0103686066565387,2.6598713926061404,-0.1767693847438497,0.2443109380172057,0.6337876140446465,0.3649293741512962,3,1,0.1,0.7,1,False,False,False,False,True,1e-06,False,2,0.765119660453209,-0.8746403302253896,1.5701489753513782,1.8060433459548104,1.0283637304395497,0.5778156244144531,1.1093148376906132,0.765119660453209,0.765119660453209,0.9,0.5200340619730078,-4.06516580241784
0.3037859833169343,0.0040455028393504,29.219403605013976,-2.623453984083456,0.2092162213994751,0.6967561807865023,0.0341614290372818,3,1,0.1,0.7,1,False,False,False,False,True,1e-06,False,2,0.2179157436924561,-6.060359749019644,0.7830676211147904,1.809585269867932,0.916382377244127,0.4352222880480149,0.6231920390356731,0.2179157436924561,0.2179157436924561,0.9,0.3917000592432134,0.7833337371638506
0.303194519323232,0.0230677979230916,2.1362217534831967,-0.1303724888488475,0.4644421591608159,0.3865255406573653,0.4431000473989526,3,1,0.1,0.7,1,False,False,False,False,True,1e-06,False,2,0.787533338359787,-0.5430877471478759,1.673308392372637,1.9617003745508992,1.878946952474916,1.5871511577198665,1.5044026463082425,0.787533338359787,0.787533338359787,0.9,1.4284360419478797,14.866835077384334
0.261213531821578,0.0072943849777695,8.196577404568965,-0.3385620249673798,0.2780256819848189,0.7403374526764088,0.1044453681747809,3,1,0.1,0.7,1,False,False,False,False,True,1e-06,False,2,0.4498000663347559,-2.900463874690412,1.172322451679428,0.8333340305016469,0.7139384686127792,0.3507353928737226,1.4618594612595726,0.4498000663347559,0.4498000663347559,0.9,0.3156618535863503,3.105238837115878
0.5589767550139174,0.0056261984914317,29.58669777647234,-3.390540138350781,0.3452059196427394,0.6852780589543936,0.0337697750982102,3,1,0.1,0.7,1,False,False,False,False,True,1e-06,False,2,0.139934554656331,-3.1242633319213207,1.5014668399220366,1.9323470425366809,1.6828917503113885,0.4592616631062334,1.8880155715375944,0.139934554656331,0.139934554656331,0.9,0.41333549679561,0.4926776904208625
0.3480744127189935,0.003716835802574,50.513054105489495,-0.6368433931321863,0.419841038115932,0.4192962626270395,0.0109120303230595,3,1,0.1,0.7,1,False,False,False,False,True,1e-06,False,2,0.3532410328262704,-0.4717888366554135,1.0720954326048795,0.353098931650154,1.7480215752265575,1.384948517629625,1.421096594866208,0.3532410328262704,0.3532410328262704,0.9,1.2464536658666625,1.3241640423610626
0.2766918913662004,0.0182560055477876,2.88177504768668,-0.1409465425106882,0.3304109799253791,0.5267666664136254,0.3404956615507585,3,1,0.1,0.7,1,False,False,False,False,True,1e-06,False,2,0.7684094016435862,-0.9038291955225172,1.6987406970760983,1.25778215354116,1.1466576240260953,0.898373727419541,1.8536942123980087,0.7684094016435862,0.7684094016435862,0.9,0.8085363546775869,30.26237983914685
0.0942694742215589,0.002503037735029,9.773758304059756,-0.3994850116977069,0.2519944560967616,0.8120098095489441,0.1014052175945012,3,1,0.1,0.7,1,False,False,False,False,True,1e-06,False,2,0.4044990214897014,-9.86980334154743,1.1349415922421038,1.7263533534202318,0.1543133342631968,0.2315122160352726,1.5919129102431542,0.4044990214897014,0.4044990214897014,0.9,0.2083609944317454,2.614542730434392
0.3421192672237662,0.0334319187327472,6.346719403314288,-0.180430596761934,0.6447401704694211,0.4237881995565934,0.1038742146736956,3,1,0.1,0.7,1,False,False,False,False,True,1e-06,False,2,0.5706653089439523,-0.4096481986811184,1.92651848452774,0.7413691970425608,1.7238969675541882,1.3596692900989056,0.9402181957146888,0.5706653089439523,0.5706653089439523,0.9,1.223702361089015,-40.32569870275208
0.3419709931989804,0.0103471274986436,9.344523136036615,-0.6217467800326284,0.3053400875471285,0.7599481162040851,0.1064869652762316,3,1,0.1,0.7,1,False,False,False,False,True,1e-06,False,2,0.3040905411454571,-6.163237394749004,1.7192022129348026,1.767238824974277,0.883950126000359,0.3158793063333925,0.693830056130005,0.3040905411454571,0.3040905411454571,0.9,0.2842913757000533,1.501262912848467
0.3204675961937129,0.0132964795775404,9.231082015209587,-0.8003318112422907,0.4219179303747201,0.6541281832750631,0.1077769106827987,3,1,0.1,0.7,1,False,False,False,False,True,1e-06,False,2,0.2935537187294988,-1.2831721931457096,1.3050309798914823,1.520382617638208,0.7903204576075267,0.5287523540007704,0.931322054650117,0.2935537187294988,0.2935537187294988,0.9,0.4758771186006933,1.4960005126612783
0.4124391862409039,0.0224396945741507,7.100539580598531,-0.4376186499440341,0.3633882622218247,0.7536417194339732,0.1085384214081773,3,1,0.1,0.7,1,False,False,False,False,True,1e-06,False,2,0.3840311910986365,-9.478392577804383,1.973194826352403,1.0646172980806852,1.9108733492516727,0.3268904496835121,1.5824664365633287,0.3840311910986365,0.3840311910986365,0.9,0.2942014047151609,1.779377283811519
0.3626935990119501,0.0067874416532153,9.16389423288309,-0.7321690810120236,0.2755778075354436,0.6921792644060568,0.1084134575042272,3,1,0.1,0.7,1,False,False,False,False,True,1e-06,False,2,0.3494868514910971,-8.830151420501045,1.0523488154668872,1.427697139905414,1.967564642739976,0.4447124486719158,1.803574483399339,0.3494868514910971,0.3494868514910971,0.9,0.4002412038047243,1.24627518434079
0.4730106003888441,0.0207036936698869,9.326607529901704,-1.5568167426281432,0.4345195355212762,0.8141369329214799,0.1065525796341473,3,1,0.1,0.7,1,False,False,False,False,True,1e-06,False,2,0.227881607036233,-8.202569316938517,1.213709941581434,1.690634732416699,1.72548057604004,0.2282946020045571,1.756378896404182,0.227881607036233,0.227881607036233,0.9,0.2054651418041014,1.395949057994989
0.5434761896108162,0.0938202630267716,2.272979605188992,-1.0775187881598798,1.557521728266966,0.7824223885915434,0.3656556263965286,3,1,0.1,0.7,1,False,False,False,False,True,1e-06,False,2,0.2366513055272327,-0.132595945614641,1.933795979617669,1.1922847130308736,1.9627985973183053,0.2780820367373731,1.7835261906629298,0.2366513055272327,0.2366513055272327,0.9,0.2502738330636357,-0.2007467755924739
0.1762738287379245,0.0108653424241341,9.466636960708016,-0.3437817482808396,0.4996611336435816,0.7995141883542611,0.1056015197967114,3,1,0.1,0.7,1,False,False,False,False,True,1e-06,False,2,0.262436213433975,-6.438143597254449,1.9041628317113264,1.184211322133462,0.2436036693285843,0.2507595419393665,1.3738841411596594,0.262436213433975,0.262436213433975,0.9,0.2256835877454298,1.5630931338030587
0.4297138924811862,0.0007290081383444,90.24905255358482,-9.862288205011412,0.2630309484120127,0.8311830604293874,0.011078278789238,3,1,0.1,0.7,1,False,False,False,False,True,1e-06,False,2,0.078843956192792,-8.766489015186723,0.5216592738129282,1.3339404556204364,0.6542105656552775,0.2031044033589931,1.3001214231127245,0.078843956192792,0.078843956192792,0.9,0.1827939630230938,0.4886776098997478
0.4743130586242646,0.0089563758669868,8.95775642285416,-5.333250679082138,1.4989209004792976,0.8566817124686473,0.1110526626724624,3,1,0.1,0.7,1,False,False,False,False,True,1e-06,False,2,0.0951967036166255,-0.4915644940193679,0.7544349813144401,1.1325693226276814,0.8256898763009809,0.1672946736756655,1.090961070410705,0.0951967036166255,0.0951967036166255,0.9,0.150565206308099,-4.214619925676582
0.3011611263910443,0.0147477393584821,2.516881349646088,-0.2220492509089799,0.2110265384164072,0.7856702878255174,0.3810649224838108,3,1,0.1,0.7,1,False,False,False,False,True,1e-06,False,2,0.7269846576560286,-0.9010950013018864,1.5617575162541792,1.7450383019343012,1.6691744858918625,0.2727985460258123,1.242679958394625,0.7269846576560286,0.7269846576560286,0.9,0.2455186914232311,-1.7328438736684522
0.2508060774888205,0.0115831394973115,2.851382835318071,-0.1654352259244909,0.1857930600518289,0.7964614650719164,0.3444401690935398,3,1,0.1,0.7,1,False,False,False,False,True,1e-06,False,2,0.810213353821767,-1.0193676105687342,1.5943029198347538,1.373848974222962,0.8993098678125218,0.2555535250028765,1.4906305500906143,0.810213353821767,0.810213353821767,0.9,0.2299981725025888,-1.8863901967680008
0.1588994544165847,0.0078172462452565,9.543232271115183,-0.2442635905886301,0.3366871457685675,0.8318728127656662,0.1047767474378019,3,1,0.1,0.7,1,False,False,False,False,True,1e-06,False,2,0.3417908257312957,-2.5205694902298887,1.5188429856969972,1.114811283204995,0.2303236340737235,0.2021068421209413,0.8387877157991238,0.3417908257312957,0.3417908257312957,0.9,0.1818961579088472,6.177905996990545
0.3132238966078042,0.0005163176453857,9.840540426144402,-0.5205068038754234,0.1767289553414084,0.8882151162412691,0.1009901087900433,3,1,0.1,0.7,1,False,False,False,False,True,1e-06,False,2,0.3662075340516471,-8.803366678512592,1.5018060219588547,1.5755294340831894,1.014338490650792,0.1258533903721204,0.3872009699264229,0.3662075340516471,0.3662075340516471,0.9,0.1132680513349084,4.893441471329844
0.578004468255206,0.0019110625030858,66.29321343747665,-6.198626635735884,0.4648692677937626,0.8708380979858488,0.0106287322798101,3,1,0.1,0.7,1,False,False,False,False,True,1e-06,False,2,0.0807844708688695,-7.744799559902391,0.633145647275385,0.5501914162146291,1.1765627194957993,0.148319075971628,1.788447992060866,0.0807844708688695,0.0807844708688695,0.9,0.1334871683744652,0.6727645961495147
0.3282058499425662,0.0130437390654265,17.202338610757934,-0.343664239160272,0.292157834114743,0.7584386023658406,0.03360537822751,3,1,0.1,0.7,1,False,False,False,False,True,1e-06,False,2,0.4589767425720039,-3.980368831693802,1.4374059565925914,0.4576252123106804,1.2739064315400177,0.3184982896184913,1.6785062274465803,0.4589767425720039,0.4589767425720039,0.9,0.2866484606566422,2.9783230121842617
0.3619244708880748,0.0096826293149296,9.243813337992924,-0.7049203178106834,0.3551737550105072,0.6117939229410335,0.1075817400440931,3,1,0.1,0.7,1,False,False,False,False,True,1e-06,False,2,0.3170658627237998,-6.586877214459808,1.6268063977882217,1.8536139600150887,1.3205731327985812,0.6345373213136393,1.821537823922273,0.3170658627237998,0.3170658627237998,0.9,0.5710835891822753,0.8837906041489354
0.4576275912706711,0.0104938179385024,55.81036096908056,-0.9976014106582788,0.3334711764073436,0.6551887643357375,0.0102462757203288,3,1,0.1,0.7,1,False,False,False,False,True,1e-06,False,2,0.2480982792999419,-3.009958231229416,1.4880299843849023,0.4330427651417314,1.752375021748184,0.5262776995479298,0.8986782709305087,0.2480982792999419,0.2480982792999419,0.9,0.4736499295931368,0.8531379263053248
0.3332016067190486,0.0456722577305889,2.450318729906151,-0.190622837855144,0.3924446460888415,0.614723431361188,0.3919814070127604,3,1,0.1,0.7,1,False,False,False,False,True,1e-06,False,2,0.7190188572586895,-0.5429804334787782,1.7627143956875038,1.2774338516878216,1.717120755293445,0.626747816958417,1.761427078352289,0.7190188572586895,0.7190188572586895,0.9,0.5640730352625752,-1.677031793742861
0.3271333924387621,0.0177984829366266,9.20171166953599,-0.637452695931293,0.5266449667152404,0.7313321794017309,0.108386145668711,3,1,0.1,0.7,1,False,False,False,False,True,1e-06,False,2,0.2542640239319709,-2.3594118851588988,1.7565021785542394,1.2021224437456497,0.6418032276644792,0.3673676998844133,1.29847783419627,0.2542640239319709,0.2542640239319709,0.9,0.330630929895972,1.3392524429538395
0.4520767578522752,0.0009587749760268,90.06071971621076,-3.270970017367454,0.099498825573451,0.5947031764111831,0.0111019206865914,3,1,0.1,0.7,1,False,False,False,False,True,1e-06,False,2,0.1744885513099563,-8.02386866166114,0.8913201859785573,1.7121275710149724,1.8367473084721024,0.6815111128792609,1.0035000058006047,0.1744885513099563,0.1744885513099563,0.9,0.6133600015913349,0.444710573041255
0.3841458545156434,0.0149489004475023,7.938027423760068,-0.482088112165072,0.3493889540569391,0.7060198629371475,0.1108482228414845,3,1,0.1,0.7,1,False,False,False,False,True,1e-06,False,2,0.3567544020184068,-8.370239492343279,1.7325243427820205,1.190368574681106,1.4744407535067774,0.4163907454952492,1.2574058746676162,0.3567544020184068,0.3567544020184068,0.9,0.3747516709457243,1.3519143194214112
0.3519866916091542,0.0146036971677513,7.185304136562637,-0.4034414440280255,0.2579460143142815,0.8722453575870398,0.1053446234760249,3,1,0.1,0.7,1,False,False,False,False,True,1e-06,False,2,0.4423106486845998,-4.383454980366512,1.5008744432000556,0.9194761182936276,1.479456227060762,0.1464664056984813,1.2562898661542254,0.4423106486845998,0.4423106486845998,0.9,0.1318197651286331,11.129804453864423
0.3089395926387476,0.0045808273677755,50.47057666012354,-0.4186846695630871,0.3891285683083044,0.4853703641905684,0.0107895846116545,3,1,0.1,0.7,1,False,False,False,False,True,1e-06,False,2,0.3893924281682491,-1.1844045070418012,1.5935059354652918,0.2952056158193343,1.1430124969601143,1.060282361218443,1.6973626132590929,0.3893924281682491,0.3893924281682491,0.9,0.9542541250965988,1.0967065853328375
0.4471049474291081,0.0049480100865179,111.70060763612676,-1.528394818182044,0.2394269459940059,0.6288848131808323,0.0051652642804323,3,1,0.1,0.7,1,False,False,False,False,True,1e-06,False,2,0.2067021970813488,-9.741901272298556,1.158438399694121,0.3749189139574865,1.4164496167445833,0.590116312305439,1.8789014853402768,0.2067021970813488,0.2067021970813488,0.9,0.5311046810748952,0.5777490307649635
0.3699174443509738,0.0157941983188893,52.39215097246841,-0.5642862154263117,0.3438924843386992,0.7810674501413624,0.0104544111120517,3,1,0.1,0.7,1,False,False,False,False,True,1e-06,False,2,0.3145302237640179,-9.602245591800775,1.965906377487356,0.3238772155289259,1.1090282906146591,0.2802991595911646,0.9111968597208716,0.3145302237640179,0.3145302237640179,0.9,0.2522692436320481,1.626757223991204
0.4434177429222344,0.0028566557906816,29.50910013782264,-3.3611977452763595,0.4384493692994779,0.8093491337797328,0.0338685945171876,3,1,0.1,0.7,1,False,False,False,False,True,1e-06,False,2,0.1024774955860039,-9.697521333598656,1.243665822186715,1.4313642057212614,0.7132240586100561,0.2355607218974962,0.7322317030685529,0.1024774955860039,0.1024774955860039,0.9,0.2120046497077465,0.562759650176402
0.3693764929084751,0.0005416447717634,64.58186195789607,-1.5709651528068274,0.1238610738296591,0.7870382672766488,0.0103195657703307,3,1,0.1,0.7,1,False,False,False,False,True,1e-06,False,2,0.2444436670226543,-7.488040027880164,0.3466379083118499,0.5888219687734391,1.6713862084088833,0.270586249205204,0.8471556135229938,0.2444436670226543,0.2444436670226543,0.9,0.2435276242846836,1.305306122550425
0.0901989811532166,0.00196945196849,103.0236457967692,-0.1573485306741312,0.302360630207921,0.6685214115882769,0.0051312119704767,3,1,0.1,0.7,1,False,False,False,False,True,1e-06,False,2,0.4189666502180492,-5.251268264552906,1.3948966322290937,0.1562214459309697,0.1236193288021361,0.4958384019805653,1.199404212525829,0.4189666502180492,0.4189666502180492,0.9,0.4462545617825088,1.5063084239105629
0.2863300980932914,0.0012402887661334,2.735160383774774,-0.1323291452918877,0.1778068261283729,0.7061134193613248,0.3580765349999333,3,1,0.1,0.7,1,False,False,False,False,True,1e-06,False,2,0.8119918566604436,-4.813469341582813,1.943969273846085,1.5094415550409634,1.5038818934559697,0.4162030809504993,1.943014680934176,0.8119918566604436,0.8119918566604436,0.9,0.3745827728554494,4.646028443439871
0.4189713063012456,0.022927752199745,8.326224106228175,-0.6442859426497629,0.4916715014481466,0.7031170901757646,0.1101978078187115,3,1,0.1,0.7,1,False,False,False,False,True,1e-06,False,2,0.2859146741132012,-3.859243643202373,1.97342359880376,1.1985266307924636,1.2764680951101397,0.4222382217306379,1.6656381941204013,0.2859146741132012,0.2859146741132012,0.9,0.3800143995575741,1.167990246376972
0.2989005973392268,0.0011389042955605,2.827139704038938,-0.2034053785218078,0.1710718990813049,0.8413852806498117,0.3435679568395817,3,1,0.1,0.7,1,False,False,False,False,True,1e-06,False,2,0.690003379948668,-6.106369389618743,1.831492173342244,1.9260461983381847,1.628496442172607,0.1885161566264723,1.459280895774712,0.690003379948668,0.690003379948668,0.9,0.169664540963825,10.859279736402511
0.263028764940956,0.0010409820612557,2.684030090549662,-0.1806030693463299,0.209437093989263,0.5342300399831933,0.3571924647684646,3,1,0.1,0.7,1,False,False,False,False,True,1e-06,False,2,0.9067613649164026,-0.5075614279988869,0.9307948462261348,1.325951688262943,1.832516751212167,0.8718528071380252,0.8761833551208673,0.9067613649164026,0.9067613649164026,0.9,0.7846675264242227,-1.8557027372305328
0.4418797757886765,0.0882557432938172,1.8937136317315049,-0.5574540867588176,1.2331243264337133,0.5417422279245059,0.493289743420489,3,1,0.1,0.7,1,False,False,False,False,True,1e-06,False,2,0.3820570804060033,-0.2111554842079357,1.6151538853887764,1.7969448340432896,1.886245255396528,0.8458963478463669,1.1780489537731642,0.3820570804060033,0.3820570804060033,0.9,0.7613067130617303,-0.7319788526700538
0.3056088944615374,0.0005538173432238,97.15437016294136,-1.1985175505224008,0.1064642546571469,0.5571819408519242,0.0102922960890512,3,1,0.1,0.7,1,False,False,False,False,True,1e-06,False,2,0.1776272664734831,-9.693947807731202,1.651550093644086,1.7492219218848402,0.5354045526142212,0.7947458930040208,1.362220252017908,0.1776272664734831,0.1776272664734831,0.9,0.7152713037036187,0.4105958546762817
0.4247378242234036,0.0206987498744005,8.093010169666757,-0.7315827636881103,0.368059001729086,0.7874005962395764,0.1085669462083967,3,1,0.1,0.7,1,False,False,False,False,True,1e-06,False,2,0.3115951703309886,-9.895052840321426,1.430882726606053,1.203368210046449,1.6648337741582933,0.2700015783271488,1.507320407279093,0.3115951703309886,0.3115951703309886,0.9,0.2430014204944339,1.6591494366125468
0.3793042192612906,0.0100935340671214,8.326227368708,-0.7879410799137176,0.41127177191513,0.5292229737358698,0.1031924323510588,3,1,0.1,0.7,1,False,False,False,False,True,1e-06,False,2,0.349182813762903,-0.2324038572928533,1.0583386459997604,1.2881058338129845,1.75660868319681,0.8895627167143549,0.1985259543084421,0.349182813762903,0.349182813762903,0.9,0.8006064450429194,-1.0764906751745695
0.6186039167510923,0.010727323866875,9.44407507904724,-3.391507957309852,1.0137347702350017,0.8608492699835164,0.1054626395505933,3,1,0.1,0.7,1,False,False,False,False,True,1e-06,False,2,0.1059054680929763,-6.32718013355502,1.7706403380368445,1.5649076088542335,1.600329370549113,0.1616435476783851,1.6571029960035966,0.1059054680929763,0.1059054680929763,0.9,0.1454791929105466,0.8489982396905424
0.3617930590776048,0.001592779950184,122.0350177659774,-2.355377061628158,0.5059418819899462,0.753220910836384,0.0051958339701481,3,1,0.1,0.7,1,False,False,False,False,True,1e-06,False,2,0.0893469326920797,-1.359690012947393,1.977687876719057,0.3352371174074086,0.4637567566640808,0.3276317553234018,1.1765348998226914,0.0893469326920797,0.0893469326920797,0.9,0.2948685797910617,0.4528848389016204
0.2919087015147033,0.0028730825484222,102.54380958688232,-0.457555267988911,0.2886608146993796,0.5819070892569845,0.0052497012699946,3,1,0.1,0.7,1,False,False,False,False,True,1e-06,False,2,0.3273593118454374,-5.2321601876197805,1.6754836001884528,0.238309807356935,0.8016656011276992,0.7184873985241573,1.0427345495885263,0.3273593118454374,0.3273593118454374,0.9,0.6466386586717416,0.8576690827153353
0.3873019271325651,0.0028390480962773,56.607761883889935,-1.1211899302789834,0.1541969717778427,0.8718681079460688,0.0104619109635384,3,1,0.1,0.7,1,False,False,False,False,True,1e-06,False,2,0.2630370631531071,-4.804919204466942,0.6060935606789165,0.4566716318202494,1.398113832755273,0.1469624716011025,0.2489063103827553,0.2630370631531071,0.2630370631531071,0.9,0.1322662244409922,3.271484518369804
0.26909504158743,0.0190575459057695,9.215979012483142,-0.6029068750965382,0.5073503733160887,0.7931656966311943,0.1011319881796227,3,1,0.1,0.7,1,False,False,False,False,True,1e-06,False,2,0.281636783575515,-2.064200030498552,1.4051353383764758,0.8176452784116739,0.4965655838443839,0.2607706110429275,1.814794198642824,0.281636783575515,0.281636783575515,0.9,0.2346935499386347,2.855899159929056
0.3162330424348519,0.0272663543553142,2.4412198037579267,-0.2342960923392679,0.2769917449622376,0.7787260113870845,0.3979703061451364,3,1,0.1,0.7,1,False,False,False,False,True,1e-06,False,2,0.6470084693229049,-1.128418808342298,1.9285150677889595,1.9748924525576983,1.4165717716961304,0.2841487061909969,1.911266027286355,0.6470084693229049,0.6470084693229049,0.9,0.2557338355718972,-2.872669974198327
0.4223249928415703,0.0280793316454723,7.246841376751077,-0.5488370139041249,0.3259233251376103,0.9062716790400565,0.1003541917258682,3,1,0.1,0.7,1,False,False,False,False,True,1e-06,False,2,0.3752478812453866,-6.09812364642476,1.691599115040036,0.9471679667570188,1.9120443254716384,0.1034218801355712,1.9849500714901047,0.3752478812453866,0.3752478812453866,0.9,0.093079692122014,9.885111191268344
0.4951555289995681,0.0195796475576083,9.655072284317598,-1.7460664478762045,0.5162415531590743,0.7798995944676107,0.1030153868119029,3,1,0.1,0.7,1,False,False,False,False,True,1e-06,False,2,0.200952219663511,-5.751298368445447,1.3943987230057444,1.766061034102055,1.598890424392774,0.2822163354023005,1.6815195616566028,0.200952219663511,0.200952219663511,0.9,0.2539947018620704,1.0420105680339404
0.2487070087856943,0.0002763687237867,6.8556050241304165,-0.140415331349328,0.2405360693386171,0.5739540455623361,0.1000729652110571,3,1,0.1,0.7,1,False,False,False,False,True,1e-06,False,2,0.7179400906870987,-2.173910908514679,1.5794472395319723,0.6524951835648636,0.9038954180188036,0.7422997672579205,1.520829863526112,0.7179400906870987,0.7179400906870987,0.9,0.6680697905321284,3.0357382756038
0.3772384050854188,0.0061675377399311,59.5235569266178,-1.5118305150278362,0.3036170528308421,0.6489820535822635,0.0108817957934195,3,1,0.1,0.7,1,False,False,False,False,True,1e-06,False,2,0.2021695750209571,-1.2342849338968058,0.7874689502296038,0.4423256423559769,0.8499039034879721,0.5408746582130908,1.7752345869346713,0.2021695750209571,0.2021695750209571,0.9,0.4867871923917817,0.8261328445459645
0.3540814010791936,0.0068194781032609,59.08032542297595,-1.022634896941093,0.3355115160433039,0.6367173069005807,0.0106206417041742,3,1,0.1,0.7,1,False,False,False,False,True,1e-06,False,2,0.2138679718996292,-7.235864952309736,1.5117350135624048,0.4055557806958356,0.7426957793945927,0.5705557068454926,1.999286105920848,0.2138679718996292,0.2138679718996292,0.9,0.5135001361609434,0.6208727414744193
0.3962237673212221,0.0067126637203523,24.769247402627,-1.1703210905045114,0.2760193733474562,0.6621721708501559,0.0334908304438724,3,1,0.1,0.7,1,False,False,False,False,True,1e-06,False,2,0.2408226854981684,-7.967731028978578,1.0267034213720518,0.8812853722904292,1.19080666569735,0.51018125499915,1.212451331935276,0.2408226854981684,0.2408226854981684,0.9,0.459163129499235,0.7577476340108378
0.378125800696914,0.0145363049269958,52.05017324715232,-1.6198428177889863,0.3927413165840413,0.8284258399922985,0.0108258518112494,3,1,0.1,0.7,1,False,False,False,False,True,1e-06,False,2,0.2220363972481751,-0.432543223033516,0.4424769433935562,0.3037067293133615,0.9247042278867372,0.2071086532130584,0.8876679228429064,0.2220363972481751,0.2220363972481751,0.9,0.1863977878917526,-0.8752626621610721
0.2583899475970056,0.0165037659806015,47.92231892316392,-0.1919002947803224,0.3108344063442051,0.6730237866768997,0.0107961444057272,3,1,0.1,0.7,1,False,False,False,False,True,1e-06,False,2,0.6158727139732572,-1.5257321797411088,1.8731760675045903,0.2033156468525727,0.7785622193248072,0.4858315854445019,1.7297461961192309,0.6158727139732572,0.6158727139732572,0.9,0.4372484269000517,11.135862433512049
0.3603449437008629,0.0036254900223211,104.39046346874892,-0.7958125401654463,0.2026163298801667,0.8249921192039469,0.0050131276838585,3,1,0.1,0.7,1,False,False,False,False,True,1e-06,False,2,0.3352866158130569,-1.7492405408153928,0.596940547470198,0.2430906455167179,1.7001253023322829,0.2121327909955334,0.4868784028110638,0.3352866158130569,0.3352866158130569,0.9,0.1909195118959801,19.86639330539085
0.2978467056398046,0.0123753549813702,15.780310392153106,-0.1090509584635564,0.3048081744760592,0.489710966559411,0.034051192762554,3,1,0.1,0.7,1,False,False,False,False,True,1e-06,False,2,0.810801958781224,-0.9842893204017606,1.9063312684281344,0.3951226128795356,1.8179690330436016,1.0420208414480785,1.3236952365807808,0.810801958781224,0.810801958781224,0.9,0.9378187573032704,7.585188231028543
0.3123720913037749,0.0058805264723735,25.820262213887755,-0.7725482048847712,0.3051062732542272,0.657447157334202,0.0337394182495177,3,1,0.1,0.7,1,False,False,False,False,True,1e-06,False,2,0.2327429241380276,-2.761371469846175,1.1684840383471389,0.8047718892359841,0.596467451460926,0.521034791685421,0.8300136110934111,0.2327429241380276,0.2327429241380276,0.9,0.4689313125168789,0.810556309570515
0.2923961063626318,0.0016440409625889,2.8770808865344035,-0.1876638768605761,0.1842698703921284,0.7885616864981964,0.3395493368438379,3,1,0.1,0.7,1,False,False,False,False,True,1e-06,False,2,0.6895203474106364,-8.91173285116078,1.857279373814124,1.910312274352079,1.4573055619423545,0.2681316086262673,1.715324690925218,0.6895203474106364,0.6895203474106364,0.9,0.2413184477636405,4.58379766782488
0.5906779823328631,0.0008368287922438,173.35739317236113,-3.9988388123283225,0.0935253251491182,0.6478454947222374,0.0052578394721584,3,1,0.1,0.7,1,False,False,False,False,True,1e-06,False,2,0.1148430868478223,-3.641050404969537,1.1583747023511444,1.1718246987144147,1.615167996602961,0.5435779181095459,1.0049442628851937,0.1148430868478223,0.1148430868478223,0.9,0.4892201262985913,0.3462041792660623
0.327323867250618,0.0040806886239632,29.61597854767782,-2.266860207584029,0.2586460181002064,0.7519930629643538,0.033748817599031,3,1,0.1,0.7,1,False,False,False,False,True,1e-06,False,2,0.1666754132365068,-8.674513462320562,1.1947804749293558,1.8256801335829669,0.5783118546237832,0.3297995011523162,0.4707149665339871,0.1666754132365068,0.1666754132365068,0.9,0.2968195510370846,0.7136365122998856
0.356478975366286,0.0164969467003148,9.801504523542643,-1.550204347336621,0.3172380033094408,0.8636470820209516,0.1008255713670701,3,1,0.1,0.7,1,False,False,False,False,True,1e-06,False,2,0.2708574871594103,-2.065302232385632,0.8464686523145486,1.857380432524152,1.4183597313620302,0.1578803666654898,1.1937212790627536,0.2708574871594103,0.2708574871594103,0.9,0.1420923299989408,11.73127827808138
0.2404558192782925,0.0001955068467523,2.755862588990692,-0.0946955753433917,0.1960216345038957,0.5684572516643618,0.3575018996497056,3,1,0.1,0.7,1,False,False,False,False,True,1e-06,False,2,0.8993221018287346,-2.5641200797671875,1.8729835727063395,1.5672491346184292,0.8930510051028278,0.7591472306354484,1.8994244331267744,0.8993221018287346,0.8993221018287346,0.9,0.6832325075719036,3.873618334499578
0.2900740043228721,0.0019314753411528,22.77431768258839,-0.5211166757080208,0.3458733198633638,0.4569168496477973,0.0341296998009714,3,1,0.1,0.7,1,False,False,False,False,True,1e-06,False,2,0.3227536805045134,-0.8939773658572889,1.6620814638860009,0.686313441636658,0.8163322034287034,1.1885820161169902,1.7659886355562262,0.3227536805045134,0.3227536805045134,0.9,1.0697238145052912,0.8535703768335987
0.375332272836116,0.0035360895717608,28.98628565765088,-1.2758048369279582,0.2368672756985134,0.5775863959582886,0.0344725156723416,3,1,0.1,0.7,1,False,False,False,False,True,1e-06,False,2,0.2257929036702959,-4.538935442223213,1.4188118115754438,1.4814487443790938,1.0495072175988942,0.7313427168603477,1.8374559618420927,0.2257929036702959,0.2257929036702959,0.9,0.658208445174313,0.5735426329551738
0.3367671498680977,0.0057664373803627,53.318999915022914,-0.4895199461521597,0.2557665142039496,0.7428455948299842,0.0102858069428701,3,1,0.1,0.7,1,False,False,False,False,True,1e-06,False,2,0.3576632016960054,-4.910932092067047,1.4405769835913838,0.3264402858222484,1.1818795307990029,0.3461747730076677,0.6002318139887588,0.3576632016960054,0.3576632016960054,0.9,0.3115572957069009,1.761428178452079
0.2909316820352088,0.0091601529802106,9.208736670773597,-0.4922957173825936,0.2702709876655299,0.8116617744364376,0.1008219917027027,3,1,0.1,0.7,1,False,False,False,False,True,1e-06,False,2,0.375609990967763,-9.182076112231227,1.1007268689196976,0.9700954672491194,0.8169439856480857,0.2320402801947049,1.6674397766535778,0.375609990967763,0.375609990967763,0.9,0.2088362521752344,2.4211708318478085
0.2059666002689399,1.8132308357405496e-05,9.275004636082214,-0.3185589047281098,0.2897873466939746,0.5711415603262712,0.107137437606991,3,1,0.1,0.7,1,False,False,False,False,True,1e-06,False,2,0.4612724124071105,-1.7801639381298369,1.0532940052560171,0.9374456445355696,0.4847799985046588,0.7508794132031624,1.400021462720105,0.4612724124071105,0.4612724124071105,0.9,0.6757914718828462,1.6423254253859263
0.0928030545717977,0.0016065225923102,28.987419927984664,-0.6532573177432195,0.289340981782949,0.6487762966991277,0.034472361538776,3,1,0.1,0.7,1,False,False,False,False,True,1e-06,False,2,0.2230947661859094,-4.929850297228693,1.1014198351810724,1.261405832883216,0.1115492813466921,0.5413633406273373,1.2249701492822516,0.2230947661859094,0.2230947661859094,0.9,0.4872270065646035,0.6931334898066116
0.2755643522441907,0.0056254129549815,2.675838112318417,-0.232855300855503,0.3804009289387016,0.3942733505965213,0.3557837546174693,3,1,0.1,0.7,1,False,False,False,False,True,1e-06,False,2,0.7271816076639219,-0.5601218143740958,1.193091723195496,1.9501330542605813,1.8873399344490496,1.5363114156385056,1.4653097583462749,0.7271816076639219,0.7271816076639219,0.9,1.382680274074655,7.747609566795862
0.1687448996740228,0.0001566504111997,104.78111380543989,-0.2632000671395225,0.2729876012670095,0.605590327885954,0.0050278152837159,3,1,0.1,0.7,1,False,False,False,False,True,1e-06,False,2,0.425642954253154,-3.093156682156291,1.048497626684198,0.1639072705133047,0.313544520206756,0.6512813265873725,1.98620107551534,0.425642954253154,0.425642954253154,0.9,0.5861531939286353,1.3682941262713282
0.4103309508066042,0.0003933684409809,95.23902174991512,-1.7844647745985036,0.0781672010414549,0.6315335178876471,0.0104990412643522,3,1,0.1,0.7,1,False,False,False,False,True,1e-06,False,2,0.1778687063859834,-6.984777569992609,1.2821079985091748,1.6365716724373385,1.060208599335165,0.5834472307104134,0.245021591704154,0.1778687063859834,0.1778687063859834,0.9,0.525102507639372,0.50475766483854
0.5214022270815408,0.000256524189064,164.80382091015696,-4.893659196674511,0.1819547129343598,0.8293545951324659,0.0050638889169495,3,1,0.1,0.7,1,False,False,False,False,True,1e-06,False,2,0.0641467278253675,-9.714980195090412,1.332087288619099,0.8447016901882765,0.822091409628814,0.2057568690992522,0.2668439140860255,0.0641467278253675,0.0641467278253675,0.9,0.185181182189327,0.388369588950455
0.2829534796539464,0.0044396022150631,2.6170604888001425,-0.1958384156642794,0.2130229331300892,0.6633643851179507,0.3694198563513817,3,1,0.1,0.7,1,False,False,False,False,True,1e-06,False,2,0.7524213586331577,-1.4026519676094722,1.4076556211376978,1.8217931443042672,1.7191738847171938,0.5074671212898973,1.991797638777712,0.7524213586331577,0.7524213586331577,0.9,0.4567204091609076,-39.16533426736472
0.456729486551814,0.0020800106921116,82.00976488031287,-2.52729204874148,0.2264614477088584,0.6250566543228955,0.0108488269738741,3,1,0.1,0.7,1,False,False,False,False,True,1e-06,False,2,0.1273801998838075,-0.9341094905233708,1.3255067381305488,0.8348394804235771,0.8609612942558388,0.5998549780791775,1.5503754695644965,0.1273801998838075,0.1273801998838075,0.9,0.5398694802712598,0.4396859168715881
0.2821500052459475,0.0026776435499535,9.859725861340833,-0.7299121164631203,0.2006644555909077,0.8534810067151734,0.1005742953843722,3,1,0.1,0.7,1,False,False,False,False,True,1e-06,False,2,0.372094964079288,-1.9473592549066083,0.6632620707807556,1.2817898829161507,1.1656552105476528,0.1716722365606472,1.1950686735739082,0.372094964079288,0.372094964079288,0.9,0.1545050129045825,-22.467692830689447
0.251998958816809,0.0115071011428096,2.8009797651638,-0.1709360348702285,0.2614214954734099,0.63692377291397,0.3508842390099471,3,1,0.1,0.7,1,False,False,False,False,True,1e-06,False,2,0.7276435979113414,-1.4489041947517585,1.7598198402252647,1.929918273514544,0.884079673020431,0.5700465935270895,1.9534525570394248,0.7276435979113414,0.7276435979113414,0.9,0.5130419341743806,16.839162440052093
0.3705305523915643,0.0042008690248472,29.7479805439757,-1.451494396204167,0.3079242599699515,0.6919165527649674,0.033598290970519,3,1,0.1,0.7,1,False,False,False,False,True,1e-06,False,2,0.1561434396943735,-4.854762746847951,1.723901109149523,1.7896303636097513,0.6242475958002688,0.4452609870422965,0.9475674844223848,0.1561434396943735,0.1561434396943735,0.9,0.4007348883380669,0.5462819856527314
0.2165342387172411,0.0062824105491179,25.402472061543165,-0.467906094621077,0.4204176902816045,0.6332421713744687,0.0340158826029851,3,1,0.1,0.7,1,False,False,False,False,True,1e-06,False,2,0.2312549041384669,-3.1434417591465094,1.8218229940077,0.6495371826970415,0.3198017698399891,0.5791746747211638,1.6048114475785673,0.2312549041384669,0.2312549041384669,0.9,0.5212572072490474,0.722283720277173
0.5226804265220185,0.0009421996545039,197.48579607067288,-10.388037517426342,0.1000273013165766,0.7712777824993527,0.0050636549369596,3,1,0.1,0.7,1,False,False,False,False,True,1e-06,False,2,0.1083187858874392,-3.0860046524240614,0.2720510871009814,0.9758722409641308,1.518886291955432,0.2965497291513634,0.2884163121900607,0.1083187858874392,0.1083187858874392,0.9,0.2668947562362271,0.5371613766510952
0.4540963117991476,0.0007932516882605,90.30540563537804,-2.171480951860289,0.1110024272385234,0.5564070729763931,0.0100834812747106,3,1,0.1,0.7,1,False,False,False,False,True,1e-06,False,2,0.186001510343939,-3.485944501362087,1.0788809664477643,1.1330898281405235,1.792208811852822,0.797245305762724,1.8535002136934344,0.186001510343939,0.186001510343939,0.9,0.7175207751864516,0.4493827805134054
0.2798396095710468,0.0015350442283506,9.284654516797096,-0.2863218243408422,0.2971610540015511,0.5807752668327689,0.1031538342707228,3,1,0.1,0.7,1,False,False,False,False,True,1e-06,False,2,0.4160831658971495,-3.712376864154528,1.7140651209210531,1.132965063831276,0.8218116606506383,0.7218364092077368,0.9955393430623044,0.4160831658971495,0.4160831658971495,0.9,0.6496527682869632,1.1749398989916942
0.3556375096422731,0.0412263500164488,2.7708200699924936,-0.1840148804010882,0.7630161702683567,0.4001160234137606,0.3487535119960568,3,1,0.1,0.7,1,False,False,False,False,True,1e-06,False,2,0.5586531037200967,-0.440378049783245,1.8915373321934887,1.605565299542979,1.8539956123776404,1.4992750639378882,1.835853886790978,0.5586531037200967,0.5586531037200967,0.9,1.3493475575440994,6.052165237125779
0.6088205285136624,0.0066178143269404,56.90919251139435,-3.1083688860717325,0.5154538344058648,0.7316362651512975,0.0109774635614386,3,1,0.1,0.7,1,False,False,False,False,True,1e-06,False,2,0.1209167727541812,-2.310155752347254,1.962658344767613,0.5384067200168152,1.7342816350347268,0.3667993887552945,1.4515653752304714,0.1209167727541812,0.1209167727541812,0.9,0.330119449879765,0.5255677194402633
0.2991860133848,0.0100758555373394,8.869803412321781,-1.139023227496432,0.2808373252561912,0.7593473604750511,0.1107826948524079,3,1,0.1,0.7,1,False,False,False,False,True,1e-06,False,2,0.3370274667650772,-0.9174401704472892,0.6921606823018043,1.962289776648101,1.5138706285906982,0.3169203608930641,1.5796124711803583,0.3370274667650772,0.3370274667650772,0.9,0.2852283248037577,-8.800033362638535
0.3416188019858398,0.0102485604630839,17.354032220850236,-0.3581712561868633,0.2712111119898877,0.7761972851156148,0.0342214792712557,3,1,0.1,0.7,1,False,False,False,False,True,1e-06,False,2,0.4369906460457453,-8.119580968684616,1.727379588279216,0.5227613694891435,1.4098084230267092,0.2883322567290992,1.0345427829067464,0.4369906460457453,0.4369906460457453,0.9,0.2594990310561892,2.4006745535841945
0.3170016961562049,0.016636675049699,9.09813919407378,-0.5291882507318284,0.416297274206704,0.7403044022282497,0.1073554239596439,3,1,0.1,0.7,1,False,False,False,False,True,1e-06,False,2,0.3085015295027495,-8.110070045279254,1.6062254949096562,1.0427705599080337,0.7231716523835193,0.3507956956491003,1.7307836326601052,0.3085015295027495,0.3085015295027495,0.9,0.3157161260841902,1.3324189921772205
0.1211987073587428,0.0078632383575947,9.244084888075385,-0.7176332933582463,0.4436438644079242,0.8656106571597458,0.1075294228202345,3,1,0.1,0.7,1,False,False,False,False,True,1e-06,False,2,0.2595328071011615,-7.571003461296548,1.422857426230767,1.9644949631636448,0.1724788917887786,0.155253798839786,1.55274984615684,0.2595328071011615,0.2595328071011615,0.9,0.1397284189558074,2.478436439438441
0.2828004242256217,0.0051115070247053,2.3649065394464555,-0.1407264026487825,0.1625021177512809,0.7732296961911719,0.4098562565048475,3,1,0.1,0.7,1,False,False,False,False,True,1e-06,False,2,0.8569602580788659,-2.2030375391995083,1.991223466469726,1.803273829841233,1.4074527128214445,0.2932767648809516,1.5504332906559983,0.8569602580788659,0.8569602580788659,0.9,0.2639490883928565,-11.579205161543216
0.3113914255956904,0.0058550333852506,9.501407603591792,-0.8749040769235507,0.2116275571213864,0.8723341832423808,0.1041872724346005,3,1,0.1,0.7,1,False,False,False,False,True,1e-06,False,2,0.3514378523197149,-1.7349956452145747,0.679170574901505,1.464274167371706,1.5298669526534348,0.146349666458212,1.2793711064983773,0.3514378523197149,0.3514378523197149,0.9,0.1317146998123908,-7.167409928534719
0.3079637565889527,0.0017946122348312,2.807852847314023,-0.1868878855640445,0.2012654697731274,0.724616445154832,0.3434919877707728,3,1,0.1,0.7,1,False,False,False,False,True,1e-06,False,2,0.687903586700781,-3.4583056630335607,1.9287732277099408,1.9248324522853604,1.8444589749013136,0.3800404430323486,1.2405062288411337,0.687903586700781,0.687903586700781,0.9,0.3420363987291138,5.241266748888926
0.2637822761024363,0.0010136454987251,195.86327473294648,-9.857079182735667,0.0762851094781406,0.823533929118522,0.0051037289596546,3,1,0.1,0.7,1,False,False,False,False,True,1e-06,False,2,0.1413249070552035,-9.102768283911564,0.2200509623512688,1.731726113511246,0.9100123030170848,0.2142790535301445,0.7462906510895775,0.1413249070552035,0.1413249070552035,0.9,0.1928511481771301,0.8634203503043427
0.2702797319190859,0.0068905428550526,16.11348766544178,-0.1498888444607107,0.171737943535055,0.8001588196567277,0.0336696077625491,3,1,0.1,0.7,1,False,False,False,False,True,1e-06,False,2,0.8067371359818583,-2.2079458464275348,1.9503575256653565,0.3696709695079886,1.1441908625589217,0.2497518935415911,1.5615129748242225,0.8067371359818583,0.8067371359818583,0.9,0.224776704187432,-8.71958951950376
0.2824912310246995,0.0078728872356274,2.355550145514276,-0.1862311624221372,0.1506030296949949,0.8782838285642702,0.4009367885029373,3,1,0.1,0.7,1,False,False,False,False,True,1e-06,False,2,0.8381965185423726,-0.7578430221069059,1.824463437277956,1.8990861000088093,1.485293093906086,0.1385840971644656,0.8558837871031375,0.8381965185423726,0.8381965185423726,0.9,0.124725687448019,-0.9864717019117916
0.4461624784131914,0.0607819835377781,50.534192809757954,-0.4206279220453353,1.0773645541037646,0.5021350827324543,0.0101572114414465,3,1,0.1,0.7,1,False,False,False,False,True,1e-06,False,2,0.3619563241024848,-0.4006159940926181,1.872234650722888,0.2296453830667482,1.9310336448716527,0.9914959826314628,1.946560143606692,0.3619563241024848,0.3619563241024848,0.9,0.8923463843683164,8.1916231988888
0.4614703440099006,0.0173185376146478,9.139288877080135,-1.061405948090089,0.3909550223311913,0.7781402674717133,0.1087669465470236,3,1,0.1,0.7,1,False,False,False,False,True,1e-06,False,2,0.2435693445210927,-6.852799628502204,1.7316583071218783,1.828865041676193,1.4930923899815294,0.2851153471971577,0.8704022119154085,0.2435693445210927,0.2435693445210927,0.9,0.2566038124774419,1.2542044775898622
0.4155121265065437,0.0058526636525465,57.32169374547864,-0.9463984329150604,0.2905178710980949,0.581278175857586,0.0102901950830831,3,1,0.1,0.7,1,False,False,False,False,True,1e-06,False,2,0.2608538318088132,-9.62551077182454,1.63601984159444,0.455459126415897,1.6686055627829783,0.7203467144188834,1.9311072232469504,0.2608538318088132,0.2608538318088132,0.9,0.6483120429769951,0.6473297177051257
0.4701429425393384,0.0628434696205717,2.260645594207401,-1.5778570322173284,2.3658209453572456,0.7024279553322634,0.4324632098525054,3,1,0.1,0.7,1,False,False,False,False,True,1e-06,False,2,0.1792698038562044,-0.1825427233830474,1.5836712820555414,1.1936105999010915,1.104588703774081,0.4236335447768141,1.5552179348155095,0.1792698038562044,0.1792698038562044,0.9,0.3812701902991327,-0.4570158787655661
0.2169799464328572,0.001053330047748,95.81700100015354,-1.4476719423820823,0.1564787900427099,0.6442600069424275,0.0104358152002987,3,1,0.1,0.7,1,False,False,False,False,True,1e-06,False,2,0.1568177862289705,-3.4732398031775444,0.8028024273476531,0.7922944485133743,0.2817347443763074,0.5521683624998971,1.4805089302322114,0.1568177862289705,0.1568177862289705,0.9,0.4969515262499074,0.4800767860621534
0.3033939666832252,0.0115253842057066,2.633448699728735,-0.1636489572602499,0.2502368284113604,0.607888962413582,0.365851410080759,3,1,0.1,0.7,1,False,False,False,False,True,1e-06,False,2,0.7754949976190412,-1.0210493898038315,1.6069974473668798,1.5030525575932332,1.883655908251648,0.6450372713292365,1.2922792061935398,0.7754949976190412,0.7754949976190412,0.9,0.5805335441963129,-11.144509864989164
0.5727663173094323,0.0262313708812923,8.394345399631169,-4.0004287358103285,1.736629035423877,0.5509515461790483,0.1004659495520132,3,1,0.1,0.7,1,False,False,False,False,True,1e-06,False,2,0.1448603099557992,-0.1088120129704357,0.5296724836841681,1.019544490710468,1.957236328314246,0.8150416437437853,1.6808785289498442,0.1448603099557992,0.1448603099557992,0.9,0.7335374793694068,-0.509304591006278
0.4248583583516393,0.0205755408723605,8.874968893436888,-0.6424696413931875,0.454647923834684,0.6893022235285011,0.1002224602864045,3,1,0.1,0.7,1,False,False,False,False,True,1e-06,False,2,0.2927412562159348,-2.299739032229244,1.9046297866997248,1.217295642330434,1.400846906338811,0.4507424550018908,1.1570078673169943,0.2927412562159348,0.2927412562159348,0.9,0.4056682095017017,1.3130103970810347
0.3196871484781717,0.0277675089008065,7.738998848568139,-0.5664570854945872,0.4695562862926056,0.8352178998031711,0.1050066132219052,3,1,0.1,0.7,1,False,False,False,False,True,1e-06,False,2,0.3284374064140588,-1.3070360564655257,1.4447115034263642,0.7706731188140221,0.7470309742298831,0.1972923475845786,1.6339629530443978,0.3284374064140588,0.3284374064140588,0.9,0.1775631128261207,-7.283250193901855
0.5409712977229305,0.0164475075397289,9.8175900315884,-1.9403636206401893,0.6527565127490689,0.7837721730905283,0.1014242479059388,3,1,0.1,0.7,1,False,False,False,False,True,1e-06,False,2,0.1597575903725681,-3.683615507383527,1.795724109150047,1.7725213358841778,1.4826786802493228,0.2758809694108604,1.3762132167188532,0.1597575903725681,0.1597575903725681,0.9,0.2482928724697743,0.8766531575983553
0.3147011081529672,0.0148897777464815,9.717039123187496,-0.7950632191157615,0.4277576710782489,0.809288972213895,0.1026069261035011,3,1,0.1,0.7,1,False,False,False,False,True,1e-06,False,2,0.2488209626920043,-3.814242920192188,1.3757553060210848,1.3092775911984615,0.6102195334103621,0.2356525719909354,1.0022320111428311,0.2488209626920043,0.2488209626920043,0.9,0.2120873147918419,1.8041314843628464
0.4169806664566672,0.0006882148039868,157.46347234884584,-1.6147280271381856,0.0986159630434714,0.5491458520110841,0.0051532001583294,3,1,0.1,0.7,1,False,False,False,False,True,1e-06,False,2,0.1700778014626577,-6.419081239768946,1.6714658090233607,0.7580016717604975,1.0262277501647743,0.8210098398044818,1.7789204797625835,0.1700778014626577,0.1700778014626577,0.9,0.7389088558240337,0.3898147551283595
0.3014396746469149,0.0148345898204845,7.809602571060576,-0.3943706619964901,0.2835332166638428,0.8714737509841894,0.1072289837336673,3,1,0.1,0.7,1,False,False,False,False,True,1e-06,False,2,0.4094148763536667,-9.394931697135137,1.4515095023017353,0.8612410433535043,0.8470385042581818,0.1474814919791455,1.9819542497710616,0.4094148763536667,0.4094148763536667,0.9,0.1327333427812309,4.521476689593282
0.4013101034158047,0.0136706263109502,8.955516034117943,-0.6868194782327885,0.3593023309075474,0.6675014647791913,0.1061859984645292,3,1,0.1,0.7,1,False,False,False,False,True,1e-06,False,2,0.3217373907527024,-9.747478592907855,1.474798648038513,1.3456618447046569,1.7238893373094366,0.4981240533019637,1.788091495846725,0.3217373907527024,0.3217373907527024,0.9,0.4483116479717673,1.0363042419736186
0.2968303095270755,0.000784942566582,2.639468399410842,-0.1584459995511876,0.1628594756735342,0.795408938578437,0.3693741108722315,3,1,0.1,0.7,1,False,False,False,False,True,1e-06,False,2,0.7786727195218108,-7.099312446989346,1.9512102371564688,1.6839405282897784,1.7050310816852394,0.2572149387549131,1.825292954211016,0.7786727195218108,0.7786727195218108,0.9,0.2314934448794217,6.635565778605012
0.2500287211993769,0.001308325323577,2.697569418326915,-0.1475473978858098,0.1176256206124971,0.9061696278944325,0.3614293455896385,3,1,0.1,0.7,1,False,False,False,False,True,1e-06,False,2,0.9490014224184992,-1.1659957395775873,1.4521564644555345,1.3197254842123165,1.112127122393611,0.1035461454646092,1.2828821308238645,0.9490014224184992,0.9490014224184992,0.9,0.0931915309181483,-1.4742934507302212
0.2289359371405509,0.0037362754405831,7.286814272155455,-0.1738455126988407,0.2057812214279985,0.7917799466405937,0.1009239081967171,3,1,0.1,0.7,1,False,False,False,False,True,1e-06,False,2,0.6328125081706524,-4.746294676531209,1.630264921887421,0.6691840147168712,0.6210903474933965,0.2629771747097832,1.6395765771526352,0.6328125081706524,0.6328125081706524,0.9,0.2366794572388049,6.164527064895567
0.4653034533612659,0.0015821969167474,98.59271958206884,-5.081687712009524,0.1125347997358438,0.6461361779486504,0.0101409387585271,3,1,0.1,0.7,1,False,False,False,False,True,1e-06,False,2,0.1538980797112378,-7.975362693417551,0.742543885487475,1.7800564069041982,1.6943914472030583,0.5476613663311574,0.8751702074153216,0.1538980797112378,0.1538980797112378,0.9,0.4928952296980416,0.4507911330146412
0.2049939232580633,0.0088967267750151,9.32033549582018,-0.6229021522351956,0.4499559808685026,0.5813521024109255,0.1067857017510896,3,1,0.1,0.7,1,False,False,False,False,True,1e-06,False,2,0.3340297268075298,-0.936236644984124,1.2545973223707814,1.5009622378927865,0.3868243834592673,0.7201279497449131,1.149944846786284,0.3340297268075298,0.3340297268075298,0.9,0.6481151547704218,1.5813287136040797
0.3471556995395489,0.0015665393337608,29.00175390063891,-0.9628063921326002,0.2174294911122316,0.5481674694258853,0.0344559029784907,3,1,0.1,0.7,1,False,False,False,False,True,1e-06,False,2,0.2532688428408183,-6.328429843535506,1.4206424671697335,1.2008370788109175,1.061142364919164,0.8242600223018237,1.942288248654625,0.2532688428408183,0.2532688428408183,0.9,0.7418340200716413,0.5891419523577005
0.5962694670173216,0.0005971502389394,183.03819511181808,-7.008818637161279,0.1161194801530158,0.7255990649708393,0.005196924873468,3,1,0.1,0.7,1,False,False,False,False,True,1e-06,False,2,0.0900293957726718,-7.447032138119443,0.7629926779761061,1.0615801440039063,1.4219830478258024,0.37817156646996,1.1508623758112777,0.0900293957726718,0.0900293957726718,0.9,0.340354409822964,0.3389291542261634
0.1568576496791307,0.0037288979649933,28.272220120776847,-0.5318756156673347,0.349172388714182,0.685406157807495,0.0338230077635663,3,1,0.1,0.7,1,False,False,False,False,True,1e-06,False,2,0.2188953611661128,-6.4022492357029925,1.110855519980197,0.6728964541490511,0.2029676005217255,0.4589889346761059,1.7716196670619375,0.2188953611661128,0.2188953611661128,0.9,0.4130900412084953,0.7518055545189712
0.1454119191059485,0.0002187776500042,52.4351205735632,-0.1470609970218121,0.2587867136610971,0.6092735795711843,0.0101342558833017,3,1,0.1,0.7,1,False,False,False,False,True,1e-06,False,2,0.5870923971417041,-5.643609896915738,1.5625632098757505,0.1965819388066159,0.2675685780880652,0.6412988081705671,1.831037023281123,0.5870923971417041,0.5870923971417041,0.9,0.5771689273535103,1.7934972500962447
0.4517283971225909,0.004411464828101,61.3451266763539,-1.2626328202999129,0.2187886083273949,0.641155538547497,0.0100670714628689,3,1,0.1,0.7,1,False,False,False,False,True,1e-06,False,2,0.230606124742313,-9.67735217079876,1.0569088510818965,0.5476959709454667,1.816396218610343,0.5596839454361511,0.8046186816296855,0.230606124742313,0.230606124742313,0.9,0.503715550892536,0.6712133304919647
0.3745420267570858,0.0114556170180357,17.464179527893286,-0.4414768841787314,0.3284369122034071,0.6685279685241784,0.0344240777966708,3,1,0.1,0.7,1,False,False,False,False,True,1e-06,False,2,0.3927060553256508,-7.423405450866372,1.504151982647322,0.5724506789741484,1.8410191036269488,0.4958237307671196,1.5356083284008697,0.3927060553256508,0.3927060553256508,0.9,0.4462413576904077,1.3262338605812996
0.2700816248143242,0.0013228482836766,128.43412282477792,-0.8096846169300367,0.1234056784864628,0.7882366336601344,0.0050598558835206,3,1,0.1,0.7,1,False,False,False,False,True,1e-06,False,2,0.1863097677524638,-4.91581080825778,0.8511262799633152,0.4395392077897238,0.390470896359962,0.2686545604415185,0.1344140794860545,0.1863097677524638,0.1863097677524638,0.9,0.2417891043973666,1.0243041272480342
0.2996877335865133,0.0135435241954054,6.698574054204336,-0.269291196825658,0.2929995452465486,0.6737081063997477,0.1011827387825997,3,1,0.1,0.7,1,False,False,False,False,True,1e-06,False,2,0.5891496364620711,-0.9622338185999464,1.1994238644936857,0.7030863830664076,1.3377182151013327,0.4843223504373949,1.479128540408805,0.5891496364620711,0.5891496364620711,0.9,0.4358901153936554,-6.834580708090263
0.2945734473158373,0.0138296510762579,8.910756040573757,-0.340303223004101,0.3950501260999833,0.6797405956906094,0.1050456996415764,3,1,0.1,0.7,1,False,False,False,False,True,1e-06,False,2,0.3600627483504334,-2.890399747790984,1.9800096983040112,1.041432154769946,0.6855887021328989,0.4711494448614038,1.152855394307596,0.3600627483504334,0.3600627483504334,0.9,0.4240345003752634,1.5283915672393442
0.5028410787549767,0.0317565145335882,7.958624820626758,-1.075663888394638,0.6471503789968953,0.7190836034513516,0.1006453474919859,3,1,0.1,0.7,1,False,False,False,False,True,1e-06,False,2,0.2454065112205553,-0.5684157664106309,1.8575807165456788,1.1912536714568072,1.8110505730900164,0.3906588819441121,0.612394176674332,0.2454065112205553,0.2454065112205553,0.9,0.3515929937497009,-8.307853662087266
0.0897990921559497,0.0009839139377994,9.317794701345782,-0.2275456317053609,0.1980138412909103,0.9079595047926546,0.1067626173980353,3,1,0.1,0.7,1,False,False,False,False,True,1e-06,False,2,0.4632080086753175,-7.249014621181098,1.0605098252114376,1.3172225643374378,0.1393787897491357,0.1013707051046998,1.6282881208028863,0.4632080086753175,0.4632080086753175,0.9,0.0912336345942298,13.614800387379104
0.3781589989988193,0.0073441602321323,23.798045430366773,-0.745816220914697,0.2792534087067366,0.7197949170756859,0.0343549336012488,3,1,0.1,0.7,1,False,False,False,False,True,1e-06,False,2,0.2428446230686087,-5.750752710835345,1.6463600489752532,0.9095706640357862,0.9003525691704397,0.3892846090976921,0.536899393896265,0.2428446230686087,0.2428446230686087,0.9,0.3503561481879229,0.9721198185496458
0.0896060306676432,0.0008736540514601,29.09308342625453,-0.0159686195316926,0.2873873160623615,0.5603147605165428,0.0343706739321484,3,1,0.1,0.7,1,False,False,False,False,True,1e-06,False,2,0.2944349967237956,-9.7968792840097,1.9537204951064828,0.7985456088446748,0.1092388339819115,0.7847111489230094,1.4213989748848044,0.2944349967237956,0.2944349967237956,0.9,0.7062400340307085,0.6963180467607961
0.2908051395183868,0.0024033304551662,2.9031370601390742,-0.183355702337278,0.2765322387022289,0.5268343734332593,0.3334237743448359,3,1,0.1,0.7,1,False,False,False,False,True,1e-06,False,2,0.701385000833299,-1.3817544970496591,1.4861054550062498,1.7498685416715911,1.841592205607257,0.8981297546764616,1.6355802381711968,0.701385000833299,0.701385000833299,0.9,0.8083167792088155,3.4090502922473984
0.3310542258805726,0.0022142322302653,101.25658214014368,-0.3136510226160727,0.2646688035018701,0.6555055118473894,0.0050497780304941,3,1,0.1,0.7,1,False,False,False,False,True,1e-06,False,2,0.4839368685365475,-6.409475979587465,1.3935991958181098,0.1979793193780213,1.9166922301695395,0.5255401852865176,1.2473359865176743,0.4839368685365475,0.4839368685365475,0.9,0.4729861667578658,1.6404548962570762
0.2549147463057518,0.0008149545824769,2.655105622521688,-0.1015371796800047,0.2108193068859186,0.5615040534302476,0.3674776888802949,3,1,0.1,0.7,1,False,False,False,False,True,1e-06,False,2,0.8581329591395723,-1.837082756797516,1.982241950543244,1.8293345042573617,1.0209911701569134,0.7809310438472629,1.2951866260392146,0.8581329591395723,0.8581329591395723,0.9,0.7028379394625366,4.870007080732287
0.2691765607377735,0.0011787569295939,9.612636586895846,-0.6583404628508519,0.267728898671243,0.6099792977040197,0.103247369628273,3,1,0.1,0.7,1,False,False,False,False,True,1e-06,False,2,0.3707103915612117,-7.8671177749283165,1.168521813159049,1.879272906002004,0.9482583375723656,0.6393999005606088,1.6157010294258136,0.3707103915612117,0.3707103915612117,0.9,0.5754599105045479,1.026109644823197
0.2799483992149064,0.0002852912707064,88.02864045059981,-0.4402743704676231,0.1320665656025741,0.5130912340384173,0.0108844929255059,3,1,0.1,0.7,1,False,False,False,False,True,1e-06,False,2,0.2042117698020086,-1.1256813231669724,1.7221507592116332,0.9437282151546924,0.490167475960006,0.9489711257182104,0.8097001629445082,0.2042117698020086,0.2042117698020086,0.9,0.8540740131463894,0.5185303351201337
0.3023831850871001,0.004855659591142,2.699439929929204,-0.1639510001962617,0.2582227665199886,0.5789757106047342,0.3538382570863299,3,1,0.1,0.7,1,False,False,False,False,True,1e-06,False,2,0.7123399700859376,-1.2884279415214266,1.885277989393632,1.9280323071196228,1.7789792448897588,0.72718817332684,1.0133613808251345,0.7123399700859376,0.7123399700859376,0.9,0.654469355994156,7.058257191200433
0.2943143936049539,0.0043536173256214,49.61885529808127,-0.2428335288897782,0.223147357583495,0.7787411432264726,0.0105071341276347,3,1,0.1,0.7,1,False,False,False,False,True,1e-06,False,2,0.5573247132063828,-5.3148299585057295,1.699741096863158,0.2448928117765289,1.2060198061506715,0.2841237536992201,1.1316049079531043,0.5573247132063828,0.5573247132063828,0.9,0.2557113783292981,3.992344433453933
0.3455593785145048,0.0382544283550712,2.5990429385103786,-0.2716691182624676,0.4158131834850148,0.6532288318747849,0.3714389794659969,3,1,0.1,0.7,1,False,False,False,False,True,1e-06,False,2,0.5806745757780406,-0.6725872553030214,1.7349752923619517,1.6559387861113637,1.6468697706121505,0.5308571073477759,1.4731166866555154,0.5806745757780406,0.5806745757780406,0.9,0.4777713966129983,-2.6735736456841166
0.4639173858794901,0.0236867255775386,49.331161442895656,-0.9418330753898856,0.4069676816964893,0.8984372775924752,0.0110172731327954,3,1,0.1,0.7,1,False,False,False,False,True,1e-06,False,2,0.2500218523754968,-8.341581573607128,1.7828018047407206,0.3403169249255182,1.4318703129212742,0.1130437537940105,0.9858703303360244,0.2500218523754968,0.2500218523754968,0.9,0.1017393784146095,3.349976964711461
0.4869777366259322,0.0005992182504427,197.65529563866272,-5.136329052916115,0.0661605106850745,0.5973142314636589,0.0050591374580621,3,1,0.1,0.7,1,False,False,False,False,True,1e-06,False,2,0.1375877556883252,-3.852432834812827,1.012017120522004,1.9805307667916023,1.4851307512152627,0.674160680132465,1.0079728699316808,0.1375877556883252,0.1375877556883252,0.9,0.6067446121192185,0.3607884608847153
0.2759170837081678,2.398844033139197e-05,2.575322867895378,-0.1499646090737115,0.1300237543321461,0.7659025493117405,0.3659254753231026,3,1,0.1,0.7,1,False,False,False,False,True,1e-06,False,2,0.9907501952342042,-0.7313388888765289,1.5601170744453894,1.3635990387674903,1.9284165204804395,0.3056491336902135,0.7000151896669383,0.9907501952342042,0.9907501952342042,0.9,0.2750842203211922,-1.233079411850559
0.4901927293025286,0.0011877487628898,84.64388431336201,-1.7305580729682934,0.1393846757875808,0.4963443116697031,0.0101193205704053,3,1,0.1,0.7,1,False,False,False,False,True,1e-06,False,2,0.1846025603628964,-0.8745488885562516,1.8342388183880485,1.113672916490724,1.9988249750420808,1.0147304532130093,1.7409689055331816,0.1846025603628964,0.1846025603628964,0.9,0.9132574078917084,0.4627955726955344
0.4237761639839413,0.06042025165575,2.7405395712681395,-0.5818484419759551,0.5641696155130377,0.8302489129546272,0.3528388727298751,3,1,0.1,0.7,1,False,False,False,False,True,1e-06,False,2,0.3844639000645,-0.5157159746621396,1.9240998080962664,1.7755357116323536,1.6686225270618162,0.2044580660048991,1.4528518178839376,0.3844639000645,0.3844639000645,0.9,0.1840122594044092,-0.8558940288193911
0.5439755103637606,0.0150310977531393,53.93416337607907,-1.956981161338124,0.4068696068263241,0.8164137524623991,0.0104628535686798,3,1,0.1,0.7,1,False,False,False,False,True,1e-06,False,2,0.187917539013229,-8.117406604428238,0.931967752896907,0.4146468068942538,1.9550337770335016,0.2248691266945018,1.4879725050810566,0.187917539013229,0.187917539013229,0.9,0.2023822140250516,1.1410634979875451
0.5894208492159833,0.0104568954476728,9.173019958756475,-3.3112890386086846,1.1035609901923422,0.892752897247188,0.107926369927899,3,1,0.1,0.7,1,False,False,False,False,True,1e-06,False,2,0.1024947658553863,-4.075830005194292,1.6380066499537962,1.32115491387827,1.3457300271653674,0.1201307809624695,1.3278470589926552,0.1024947658553863,0.1024947658553863,0.9,0.1081177028662225,1.2087063920341756
0.335957643764409,0.0088536506771574,6.949359948533866,-0.3230420060008929,0.2639924537620635,0.7485708404846287,0.1072538222482097,3,1,0.1,0.7,1,False,False,False,False,True,1e-06,False,2,0.4867858026835251,-9.17514947484391,1.4763925276251435,0.907963090846922,1.6462905474944802,0.3358789120781068,1.7792937863573932,0.4867858026835251,0.4867858026835251,0.9,0.3022910208702961,2.2992626207021174
0.283246159325376,0.0049161668327548,2.057298850584268,-0.1276004252963242,0.1863575026464922,0.6023389467172482,0.4616632981301884,3,1,0.1,0.7,1,False,False,False,False,True,1e-06,False,2,0.950856172772888,-1.1822535951525524,1.6047998648309567,1.8933082273594524,1.9322262766841245,0.6601948212879268,1.4784853849803123,0.950856172772888,0.950856172772888,0.9,0.5941753391591341,-10.95649845211903
0.4292921506600354,0.0170929913286551,9.60013472564859,-2.2051959935730694,0.6304531114695094,0.799678607082413,0.1037038810826045,3,1,0.1,0.7,1,False,False,False,False,True,1e-06,False,2,0.1763832228337598,-0.9132828427688509,1.030645862530027,1.4350894180950895,0.9919118625217216,0.2505023782597478,0.720400400669136,0.1763832228337598,0.1763832228337598,0.9,0.225452140433773,3.84455841233218
0.1159574466739317,3.969550123790388e-05,196.7101985660701,-4.018569322663458,0.0467416070824063,0.904323977161118,0.005081924738487,3,1,0.1,0.7,1,False,False,False,False,True,1e-06,False,2,0.1797652316199958,-3.2891922343279063,0.1734535675269247,1.5886367157441756,0.2716171677699507,0.1057983922302169,1.0530208742115028,0.1797652316199958,0.1797652316199958,0.9,0.0952185530071953,3.886670666799984
0.2751981616830064,0.0034578339211752,2.366624511600956,-0.1336773885669523,0.1890032222846785,0.6183265986997896,0.402326004093424,3,1,0.1,0.7,1,False,False,False,False,True,1e-06,False,2,0.9014778277574144,-1.0297102525366046,1.6441749483287738,1.6794145067562058,1.5085945148467592,0.6172682884785955,0.996573187346962,0.9014778277574144,0.9014778277574144,0.9,0.555541459630736,-5.646538092137659
0.3913558161093786,0.0025402498208343,54.51591038314669,-0.9828290011895086,0.1734130012344653,0.801754481744791,0.0106623936069321,3,1,0.1,0.7,1,False,False,False,False,True,1e-06,False,2,0.2802250469829999,-8.4695923532194,0.7237295563204006,0.4543696362082314,1.6527569137466858,0.2472646212388907,0.3161486397328688,0.2802250469829999,0.2802250469829999,0.9,0.2225381591150017,1.6318846722621825
0.3927828820946586,0.0209139574643802,8.946277474621725,-0.5453673765658509,0.6845615151000577,0.4913229989690229,0.1005773080791117,3,1,0.1,0.7,1,False,False,False,False,True,1e-06,False,2,0.2999970834554143,-0.4168209782163234,1.8304813393382533,1.147916613434306,1.181976181244464,1.0353209642096324,0.8863614988566091,0.2999970834554143,0.2999970834554143,0.9,0.9317888677886692,1.9347305737973248
0.2596924159783606,0.0078215777436252,20.09913495119164,-0.3369210402011578,0.3655502714717178,0.6143324233503626,0.0338215953607003,3,1,0.1,0.7,1,False,False,False,False,True,1e-06,False,2,0.3590123319775399,-5.5021401197993525,1.9289184311459484,0.5227536128705932,0.584406277394839,0.6277832033450815,1.4120688061972544,0.3590123319775399,0.3590123319775399,0.9,0.5650048830105734,1.038861002339636
0.2540148092776063,0.0018353602448549,94.35635252649156,-7.734594103653345,0.1277545368522326,0.7800603869348868,0.0105997777901635,3,1,0.1,0.7,1,False,False,False,False,True,1e-06,False,2,0.1538808410323437,-7.55743871203749,0.3962666335297888,1.6613323971769969,0.7469326365797844,0.2819520344179096,0.2580753194345685,0.1538808410323437,0.1538808410323437,0.9,0.2537568309761187,0.7541093293632871
0.3018031465646531,0.0103438851048111,2.58873788366083,-0.1505441860008156,0.2203193089296608,0.6229216231725074,0.3649385562542179,3,1,0.1,0.7,1,False,False,False,False,True,1e-06,False,2,0.8441741255285453,-0.7676455791416803,1.9025023161170087,1.5063623344888948,1.991195241550032,0.6053383969993721,0.822556899191327,0.8441741255285453,0.8441741255285453,0.9,0.5448045572994349,-2.741324464028505
0.5776556432804016,0.0345330429065275,5.649220983428951,-3.032469473402114,4.272261026565766,0.7657681952368364,0.1060719756447969,3,1,0.1,0.7,1,False,False,False,False,True,1e-06,False,2,0.1032940485233182,-0.1018642622284442,1.784878429357328,0.4972458655269367,1.2812356590990954,0.3058782099075302,1.365263612408081,0.1032940485233182,0.1032940485233182,0.9,0.2752903889167772,-0.1904793148985784
0.5880814958191745,0.0036129456124224,9.11530215523033,-15.256496337089372,3.0277951429685706,0.7638103150753328,0.1082255363039827,3,1,0.1,0.7,1,False,False,False,False,True,1e-06,False,2,0.0608409800378654,-0.1781911405145848,0.6662654044595762,1.922000598959437,1.146035936683644,0.3092255763806651,1.546013584185387,0.0608409800378654,0.0608409800378654,0.9,0.2783030187425986,-2.472896492319484
0.3545756280441345,5.503700984179808e-05,95.76023055066618,-2.098584603391411,0.0839456583097074,0.5915376062573994,0.0104419658432214,3,1,0.1,0.7,1,False,False,False,False,True,1e-06,False,2,0.190403740409283,-4.841502155440511,0.7972674701338442,1.271860448431909,0.9574253259507434,0.6905095963837405,0.4256414536171343,0.190403740409283,0.190403740409283,0.9,0.6214586367453665,0.4942999932932328
0.3094263911259588,0.0043989461854217,59.521058473755055,-0.6625457577802055,0.2965580454005741,0.5794923074172377,0.0100562421969869,3,1,0.1,0.7,1,False,False,False,False,True,1e-06,False,2,0.2752258538352062,-5.889227393769832,1.4941635555750088,0.3634885876257123,0.7488944127356726,0.7256484464080978,1.7946602934504228,0.2752258538352062,0.2752258538352062,0.9,0.653083601767288,0.6995622427373879
0.1446887405826125,0.0110561462394223,8.898167192940653,-1.0992121688698535,0.4657908194920589,0.8189971747444139,0.1106917791468227,3,1,0.1,0.7,1,False,False,False,False,True,1e-06,False,2,0.273329124632066,-1.1598181482670604,1.0277519095292085,1.9112895808603976,0.2525166625453147,0.2210054330310383,1.6000775827772786,0.273329124632066,0.273329124632066,0.9,0.1989048897279345,-22.76499356770524
0.3524718484343798,0.0053876375899138,9.486294105323822,-0.7744164374538585,0.2823396307324222,0.6439911753996747,0.1046767442257294,3,1,0.1,0.7,1,False,False,False,False,True,1e-06,False,2,0.3336355324240266,-4.940042987653982,1.2271541994636646,1.7519462326642945,1.5942477457063018,0.5528163089802881,0.9694086478708266,0.3336355324240266,0.3336355324240266,0.9,0.4975346780822593,1.0675803682951093
0.27665193476923,0.0212002640916181,1.9260369831236603,-0.1553178881227063,0.1501443380133499,0.8718522522701797,0.4983609363867172,3,1,0.1,0.7,1,False,False,False,False,True,1e-06,False,2,0.9755360818880652,-0.7516379769058545,1.7982997120374824,1.8753042985831965,1.3838254831262102,0.146983330485345,1.8194182418224027,0.9755360818880652,0.9755360818880652,0.9,0.1322849974368105,-0.9722188058302136
0.3574610121719916,0.0072787849970602,55.41610527080062,-0.5905923918126238,0.3055587175479944,0.6478072327089869,0.0100655139341775,3,1,0.1,0.7,1,False,False,False,False,True,1e-06,False,2,0.3139541064477759,-3.0799976007345355,1.40076132876423,0.3432887624112358,1.187346618399087,0.5436690878214198,0.7834229887246974,0.3139541064477759,0.3139541064477759,0.9,0.4893021790392778,1.0971290681242567
0.2888736938334429,0.0127972696220406,2.3915918225593416,-0.0916519393753343,0.2639137198669634,0.4814468132265011,0.3978180794982393,3,1,0.1,0.7,1,False,False,False,False,True,1e-06,False,2,0.9505793493497968,-0.7533544588838339,1.9229015360652093,1.4409542454055482,1.6977589631442291,1.0770726330045115,1.0069158865933998,0.9505793493497968,0.9505793493497968,0.9,0.9693653697040604,-10.68855850578601
0.3173398800549634,0.0132718282927304,104.29572982211248,-0.7115531989940638,0.3914048088918496,0.8203338080574463,0.0050750751120655,3,1,0.1,0.7,1,False,False,False,False,True,1e-06,False,2,0.2465972387749014,-6.450629291776576,1.2255776275460304,0.1983666507290965,0.6072469530257786,0.2190159544539606,0.9730106058936162,0.2465972387749014,0.2465972387749014,0.9,0.1971143590085645,1.6627580908614938
0.2938345517341264,0.0124083407587497,50.55144973674466,-0.4124766143381763,0.4366216297872332,0.5824515335866047,0.0107792426423053,3,1,0.1,0.7,1,False,False,False,False,True,1e-06,False,2,0.3633046694143937,-1.0430763023880694,1.5959397530488135,0.268662923755174,0.7651965541672209,0.7168810490414991,0.9622672891054436,0.3633046694143937,0.3633046694143937,0.9,0.6451929441373492,1.6923084884328463
0.4400593356526739,0.0029979323634956,120.45823615691756,-2.6274846798268587,0.2723605334631387,0.7394944665040044,0.0051557064888945,3,1,0.1,0.7,1,False,False,False,False,True,1e-06,False,2,0.1281969778044888,-4.145388102234261,0.7885995524785652,0.3746181163573461,0.7937408582609492,0.3522751626899224,0.9813363366639694,0.1281969778044888,0.1281969778044888,0.9,0.3170476464209302,0.5394666624051946
0.2909927165038444,0.0063195875904032,2.7233306965662205,-0.2017697000201186,0.2551263627436328,0.5836081550759931,0.3544016597030254,3,1,0.1,0.7,1,False,False,False,False,True,1e-06,False,2,0.7334720918868326,-1.0521005695514756,1.321250171700854,1.6784606201056906,1.9380799039450785,0.7134784551970279,1.7352981729010517,0.7334720918868326,0.7334720918868326,0.9,0.6421306096773252,76.97003589230748
0.3078708232652664,0.0104735983549418,9.500052648170469,-1.1995700721410394,0.3377179021153292,0.6599401007976914,0.1039786619087182,3,1,0.1,0.7,1,False,False,False,False,True,1e-06,False,2,0.3230244556343017,-0.9958873665010728,0.7793479566700577,1.6833348632860317,1.2906293155670503,0.5152890372796972,1.1571642379063212,0.3230244556343017,0.3230244556343017,0.9,0.4637601335517275,2.5636298197373124
0.3882994361180589,0.0061429224620446,23.32923827009142,-1.42080696460957,0.2054748374959223,0.8128927918691512,0.033938187689227,3,1,0.1,0.7,1,False,False,False,False,True,1e-06,False,2,0.2619648653091361,-7.255185741022855,0.5666847857961269,0.8779948804294558,1.6613277054271105,0.2301745199396071,0.8347373948851453,0.2619648653091361,0.2619648653091361,0.9,0.2071570679456464,1.6605711836263823
0.3312040115444102,0.0107951768474519,19.47707199809908,-0.4717087824173751,0.2751519223859583,0.8315898392667398,0.0334673195902568,3,1,0.1,0.7,1,False,False,False,False,True,1e-06,False,2,0.3462035378974041,-9.895799342207704,1.6141037616006897,0.5737611407958179,0.9225258203761976,0.2025158951939059,0.7489548916526513,0.3462035378974041,0.3462035378974041,0.9,0.1822643056745153,2.4850043639430006
0.4390944733614721,0.0099391662491387,57.387158113450354,-1.197660805749879,0.3227620852828098,0.8136882750519118,0.0104541483447207,3,1,0.1,0.7,1,False,False,False,False,True,1e-06,False,2,0.198001857009344,-7.6802840683170865,1.514614637200432,0.4429524781464312,1.0336538349933957,0.2289718687862399,0.4872636764228862,0.198001857009344,0.198001857009344,0.9,0.206074681907616,1.1975841270437857
0.2927507585096792,0.002931164704242,9.189432031004891,-0.8091023228918122,0.2055455962288126,0.8295435121334167,0.1075654114861455,3,1,0.1,0.7,1,False,False,False,False,True,1e-06,False,2,0.3655534352127595,-2.137572129076119,0.7052298855837164,1.6817931859713198,1.472717945928517,0.2054822747371069,1.551983790355239,0.3655534352127595,0.3655534352127595,0.9,0.1849340472633962,12.784517534576938
0.3742936914005059,0.0027399690588181,28.97846518774488,-1.85761859783706,0.2057484763250622,0.5841314531089944,0.0344697136115819,3,1,0.1,0.7,1,False,False,False,False,True,1e-06,False,2,0.2260890048381981,-1.6954687314839545,1.1125847055869214,1.9015347167911243,1.2858555770506888,0.7119434241686139,0.7345448695144271,0.2260890048381981,0.2260890048381981,0.9,0.6407490817517525,0.6689514230127003
0.2433874724682587,0.0011365164100832,99.56256191461192,-4.440637556035928,0.129987771710304,0.6752639697830627,0.010041381614225,3,1,0.1,0.7,1,False,False,False,False,True,1e-06,False,2,0.1549962033563784,-5.766552991242483,0.5895886239386262,1.3380697933798664,0.4253358116432376,0.4809023504115923,0.8164361592963548,0.1549962033563784,0.1549962033563784,0.9,0.4328121153704331,0.5055554540803908
0.3321890310967717,0.0177165545674208,49.47312704130996,-0.3030411432788106,0.5763434277253282,0.4362926995148508,0.0105810642991478,3,1,0.1,0.7,1,False,False,False,False,True,1e-06,False,2,0.4574190331522534,-0.6516634731671225,1.8760475299714447,0.2520520116287001,1.4673984421740611,1.2920392688485984,1.8281949291746769,0.4574190331522534,0.4574190331522534,0.9,1.1628353419637387,1.7766436941345582
0.3437440436528825,0.0006418312165995,94.31614588066807,-3.281531818613136,0.2477546739245294,0.7672469202708101,0.0106021093681757,3,1,0.1,0.7,1,False,False,False,False,True,1e-06,False,2,0.0852414836503248,-3.138546633094923,0.8775800121355636,0.7971532631362508,0.4210495815088492,0.3033613737374619,0.8545097898499471,0.0852414836503248,0.0852414836503248,0.9,0.2730252363637158,0.4022437354325853
0.5223025804419636,0.0128554503248599,54.31533657592112,-3.3435156151100887,0.6918276370911174,0.8407613547080759,0.0100959270446691,3,1,0.1,0.7,1,False,False,False,False,True,1e-06,False,2,0.1368730272984051,-0.3664384262248372,0.5102339116181434,0.3051473341885015,1.2744143662301697,0.1893981501412062,0.3587644676509659,0.1368730272984051,0.1368730272984051,0.9,0.1704583351270856,-0.8841657968412057
0.2959933553849792,0.0042453449981588,2.3824788709154854,-0.1153376110595154,0.1909176589514882,0.6267963464626981,0.4069777221867708,3,1,0.1,0.7,1,False,False,False,False,True,1e-06,False,2,0.8885680095035837,-2.198454121341088,1.8957369086963072,1.5742133782560832,1.956139012115216,0.5954145323971061,1.901010892156728,0.8885680095035837,0.8885680095035837,0.9,0.5358730791573955,7.413010527701107
0.4137574905330627,0.0354601268589215,101.359459875319,-0.9820144673048896,0.6845986895807994,0.6325261013594206,0.0050463566245368,3,1,0.1,0.7,1,False,False,False,False,True,1e-06,False,2,0.3051348374778165,-0.230625900735383,0.6639890761590556,0.1743181036564774,1.53338375212705,0.5809624264529277,1.8770354604870123,0.3051348374778165,0.3051348374778165,0.9,0.5228661838076349,-0.6500471939608045
0.375503097047188,0.0233875743386314,8.723109972166432,-0.6690691425916784,0.4879586459660432,0.7886438005537894,0.1024178839802167,3,1,0.1,0.7,1,False,False,False,False,True,1e-06,False,2,0.2755445911205574,-5.111950119937282,1.7275656138972952,0.98240753405556,0.9107594440608544,0.2679995700185499,1.7069651348834516,0.2755445911205574,0.2755445911205574,0.9,0.2411996130166949,1.6319218601039036
0.2781208374473641,0.0014490746702974,2.096406424092081,-0.1431244917510946,0.150019065588446,0.6831417541864094,0.4434261033919215,3,1,0.1,0.7,1,False,False,False,False,True,1e-06,False,2,0.9837320125424728,-0.8667558391000014,1.5301108232079987,1.8198497142881425,1.9817704946685013,0.4638250317329152,0.8849290952349547,0.9837320125424728,0.9837320125424728,0.9,0.4174425285596237,-2.145640697898429
0.3991955974962964,0.014990613906748,8.85403883939224,-0.7404109677955143,0.3548652224620218,0.7079816608671125,0.1073849378923312,3,1,0.1,0.7,1,False,False,False,False,True,1e-06,False,2,0.3154681041134167,-6.68638948346808,1.3377350392709253,1.3127910155642162,1.5895978070443872,0.4124659652557005,1.4916353845272723,0.3154681041134167,0.3154681041134167,0.9,0.3712193687301305,1.21983535532246
0.1850615855582377,0.0042252036508119,29.661158163154653,-3.866522340127938,0.321898557842443,0.8404859538975609,0.0335755387792536,3,1,0.1,0.7,1,False,False,False,False,True,1e-06,False,2,0.1659527956312601,-8.244074362940008,0.641274865215711,1.7114794548696972,0.3250898744803336,0.1897878785037744,1.0572528232511285,0.1659527956312601,0.1659527956312601,0.9,0.170809090653397,1.163804280199794
0.130489095206912,0.0087384919506232,9.702502583985952,-0.2774706785498214,0.4880693660612245,0.7112792679803964,0.1030312620341241,3,1,0.1,0.7,1,False,False,False,False,True,1e-06,False,2,0.3175020968969192,-2.5956780914816138,1.8253707218241864,0.9383239168533108,0.1791964095196039,0.4059175418389406,1.5268703589193966,0.3175020968969192,0.3175020968969192,0.9,0.3653257876550465,1.573994641776703
0.2086731712776321,0.0016420136863335,6.385299525732266,-0.101416909158798,0.2140753968275223,0.5809221037044355,0.1105648377165525,3,1,0.1,0.7,1,False,False,False,False,True,1e-06,False,2,0.8347255311343746,-2.3866171389052475,1.882785908124872,0.6247365357864566,0.585386910031482,0.7214011889428554,1.6766917784141715,0.8347255311343746,0.8347255311343746,0.9,0.6492610700485699,3.866279960893897
0.3867673403019433,0.0186769424596651,9.635517276609786,-1.070656068026099,0.4892307934433935,0.8728017234758406,0.1034826726656303,3,1,0.1,0.7,1,False,False,False,False,True,1e-06,False,2,0.2154054223397919,-9.294020085700977,1.3786455439817362,1.1441566759485742,0.8180674984335009,0.1457355927502131,1.319588069496943,0.2154054223397919,0.2154054223397919,0.9,0.1311620334751918,2.013707915401328
0.2866116740901519,0.0113045254101796,2.2889922972729284,-0.0712723602862118,0.3279703961541024,0.3861868923410251,0.4212179973835425,3,1,0.1,0.7,1,False,False,False,False,True,1e-06,False,2,0.9407450529858732,-0.8475494505443173,1.796993276008345,1.514140636189861,1.8776320957985788,1.5894198374732584,1.9723787017159733,0.9407450529858732,0.9407450529858732,0.9,1.4304778537259326,5.080672260902132
0.4885073797657249,0.0200305832262022,9.539450637186382,-2.212491930073364,0.4300297387188568,0.8837615552500745,0.1040550776010663,3,1,0.1,0.7,1,False,False,False,False,True,1e-06,False,2,0.2035248186546529,-3.3696372998954347,1.0852937111432246,1.9186497124862048,1.842455826487315,0.1315269306063375,0.8985409154878379,0.2035248186546529,0.2035248186546529,0.9,0.1183742375457038,3.237769252790769
0.5120510554865723,0.0275689088932898,8.015472375975715,-0.9789614851396846,0.5123086012373818,0.8093605660893708,0.1075059808953029,3,1,0.1,0.7,1,False,False,False,False,True,1e-06,False,2,0.2407000161632171,-6.107303303082544,1.9536699586582376,1.3008740163757977,1.8037402518285155,0.2355432694623999,1.353017848541413,0.2407000161632171,0.2407000161632171,0.9,0.2119889425161599,1.5163060541053917
0.3613153108868769,0.0173393537555685,9.613027370020436,-0.8256614234490357,0.4310318236831695,0.7439989425990277,0.1036520268095655,3,1,0.1,0.7,1,False,False,False,False,True,1e-06,False,2,0.2713089735135151,-3.968226532245474,1.337949625894661,1.1911165603221052,0.9089606581174022,0.3440879317740403,1.6116367765571058,0.2713089735135151,0.2713089735135151,0.9,0.3096791385966362,1.3225964539960595
0.4741997441348039,0.001300630309366,93.19750476679384,-2.9368440582948923,0.1088341948337875,0.6094296924026297,0.0107287669771438,3,1,0.1,0.7,1,False,False,False,False,True,1e-06,False,2,0.1619975407998143,-9.28810911268586,1.0289551431721564,1.4776396626891992,1.462489058208303,0.6408783695090026,0.9918548874077032,0.1619975407998143,0.1619975407998143,0.9,0.5767905325581023,0.4263755113808792
0.3446160895400847,0.0008243433479051,9.30550987437767,-0.6454385479676357,0.2509551868802416,0.6230679172498946,0.1066794194585816,3,1,0.1,0.7,1,False,False,False,False,True,1e-06,False,2,0.3574886028012664,-7.580442797050303,1.2427923852933678,1.685922657798666,1.830467018377269,0.6049614693913516,0.8521195670988564,0.3574886028012664,0.3574886028012664,0.9,0.5444653224522165,1.0286002735409672
0.4025828889203567,0.0096908333835138,9.853329508161192,-0.7566052913146193,0.3482690983613236,0.6023993122390978,0.1009441211014611,3,1,0.1,0.7,1,False,False,False,False,True,1e-06,False,2,0.3118049170006899,-3.728758430553947,1.533421729381334,1.6151796006113206,1.9042481646614369,0.6600284556817204,1.5304809371752703,0.3118049170006899,0.3118049170006899,0.9,0.5940256101135484,0.8979856345006657
0.4826219589297867,0.0246285855481435,8.672114208521842,-1.1639325268971372,0.467644982928123,0.8936318906299276,0.1011328613104093,3,1,0.1,0.7,1,False,False,False,False,True,1e-06,False,2,0.2268202135468627,-4.953214056759737,1.5303078103282548,1.1887388272582566,1.438174341235325,0.119028998948429,1.1066417679984413,0.2268202135468627,0.2268202135468627,0.9,0.1071260990535861,3.4657378670400534
0.4730354301645875,0.0045852429691317,29.21838845000924,-1.6688919410454548,0.2301618864402852,0.6156645577071456,0.0341975812121307,3,1,0.1,0.7,1,False,False,False,False,True,1e-06,False,2,0.1979927751768036,-9.965986925788746,1.6485728219028897,1.9419671535873564,1.5933619175085223,0.6242611134287063,1.2721415994762533,0.1979927751768036,0.1979927751768036,0.9,0.5618350020858357,0.532089705902667
0.349854848124892,0.0180006606066262,9.876140572302626,-1.6857942235964718,0.3790546495770677,0.8574321016094537,0.1001479606019726,3,1,0.1,0.7,1,False,False,False,False,True,1e-06,False,2,0.2486140463540057,-1.6115646630726914,0.8623447928869769,1.7656533401421843,1.1029039213045446,0.1662731056172697,1.3539766142255132,0.2486140463540057,0.2486140463540057,0.9,0.1496457950555427,24.15386456302632
0.2964492227010548,0.0078275874532322,52.81628356302368,-0.3831530789482009,0.2274164980149657,0.89539069948869,0.0102464647853423,3,1,0.1,0.7,1,False,False,False,False,True,1e-06,False,2,0.4204745101444931,-2.814737838758848,1.9945489488070751,0.2910936080706849,0.9574870348610236,0.1168308991494404,0.6340595919971533,0.4204745101444931,0.4204745101444931,0.9,0.1051478092344963,-14.42598815576496
0.4464228892640384,0.0073964129199551,29.777042974041787,-3.82101409165904,0.2349473538300956,0.8325416481247323,0.0335017527079577,3,1,0.1,0.7,1,False,False,False,False,True,1e-06,False,2,0.1798195971366485,-5.6770686584781735,0.5576746087634069,1.8364473629650504,1.876285403454038,0.2011411107810175,1.554958655059445,0.1798195971366485,0.1798195971366485,0.9,0.1810269997029158,1.274522446290494
0.3444274913712337,0.0236934165424258,48.616412360714726,-0.2873314105259361,0.4224345688227273,0.5765643449490988,0.0105970697743812,3,1,0.1,0.7,1,False,False,False,False,True,1e-06,False,2,0.5333538230871663,-0.8197021952721464,1.3471134145704269,0.239879480107676,1.8526593983214004,0.7344117942088211,1.871910981145096,0.5333538230871663,0.5333538230871663,0.9,0.660970614787939,11.046226741083746
0.2980681662604515,0.0184547234547853,6.232135353012544,-0.1692434434848695,0.3274841419118547,0.6119823464809517,0.1066936085162675,3,1,0.1,0.7,1,False,False,False,False,True,1e-06,False,2,0.648118213029211,-1.4790440899946835,1.9314672957152887,0.6892258220164037,1.2135113499395092,0.6340340628291725,1.9580048112152184,0.648118213029211,0.648118213029211,0.9,0.5706306565462553,5.407901042158548
0.3093701721230056,0.007417420945043,9.493701550013142,-0.6584701002637912,0.2406946467250589,0.8521900335482406,0.104862921141914,3,1,0.1,0.7,1,False,False,False,False,True,1e-06,False,2,0.3191472731589517,-8.785891468802314,1.4864508660489963,1.8378941249105087,0.7963250722115147,0.1734471897498344,0.5496135039070636,0.3191472731589517,0.3191472731589517,0.9,0.156102470774851,2.7311582363796325
0.3332857914759801,0.0384513608675792,2.444451830008069,-0.248632951613829,0.5255329097997176,0.5286907041260428,0.3930875358356364,3,1,0.1,0.7,1,False,False,False,False,True,1e-06,False,2,0.5911709436956023,-0.5659100751254407,1.7124510773582593,1.863627550781758,1.546005106961388,0.8914650705899195,1.484258525462946,0.5911709436956023,0.5911709436956023,0.9,0.8023185635309276,-7.300128698958114
0.6001897193136698,0.0182458003096844,52.43322627487078,-3.5847370159625496,1.5682810253013475,0.7212368636304656,0.0101240656046519,3,1,0.1,0.7,1,False,False,False,False,True,1e-06,False,2,0.1172880572610679,-0.3353182142310409,0.9733284193961158,0.264222382013982,1.6425703510901557,0.3865070553470241,1.998944825993864,0.1172880572610679,0.1172880572610679,0.9,0.3478563498123217,4.427980679580008
0.1579481754973801,0.0107710861681502,9.388684166724364,-0.2906878250251622,0.4221977461307093,0.7636334661766723,0.1057171785685362,3,1,0.1,0.7,1,False,False,False,False,True,1e-06,False,2,0.3489071472823334,-6.347221488869023,1.8041934280775789,0.8080706558786002,0.241557415263136,0.3095287782589697,1.9372003942436864,0.3489071472823334,0.3489071472823334,0.9,0.2785759004330728,1.794886279175271
0.5042360863457446,0.0082277882833933,54.45764509041836,-3.282044069030775,0.5426279008863519,0.8795926092016613,0.010721188836745,3,1,0.1,0.7,1,False,False,False,False,True,1e-06,False,2,0.1265825357291566,-1.4312617835149517,0.5919507526552329,0.3591998593307161,1.0809120246213952,0.1368899528471746,0.6661471674652902,0.1265825357291566,0.1265825357291566,0.9,0.1232009575624571,2.970364741015559
0.4362497698291952,0.0636881384215408,2.6989621936341543,-0.9758360709917666,0.7768249799846904,0.8927762054304618,0.3597474161360997,3,1,0.1,0.7,1,False,False,False,False,True,1e-06,False,2,0.2851859984689962,-0.3967478944328935,1.7660726307141887,1.9810323345753669,1.3759061631062015,0.1201015371123594,1.7312496931919166,0.2851859984689962,0.2851859984689962,0.9,0.1080913834011235,-0.5335447436640515
0.2846593954448068,0.0020053142529858,2.823688028255434,-0.2095474649926581,0.1688910530561688,0.8404702633934117,0.3452464367569042,3,1,0.1,0.7,1,False,False,False,False,True,1e-06,False,2,0.7142159105352168,-3.064825736282516,1.5519751630231755,1.8037443958378128,1.5383301687232491,0.1898100903207265,1.98491458208781,0.7142159105352168,0.7142159105352168,0.9,0.1708290812886538,-19.658897470223245
0.2623693774450907,0.0047264839437622,2.2078841512220806,-0.1240466847073468,0.2098666390276958,0.5209907128601402,0.4331848104359643,3,1,0.1,0.7,1,False,False,False,False,True,1e-06,False,2,0.9771567489558166,-0.8537116451125311,1.3877102922496638,1.6662414741516365,1.460769307711676,0.919420011366786,1.2839875772265248,0.9771567489558166,0.9771567489558166,0.9,0.8274780102301073,-8.329291783269994
0.3558217125494167,0.0051480435224433,9.79382219879604,-0.8724744359856942,0.2392019531972405,0.7371306764078807,0.1015060356169892,3,1,0.1,0.7,1,False,False,False,False,True,1e-06,False,2,0.3214263368098767,-3.235675050031245,1.186986405783003,1.88590202235778,1.5388086362785327,0.3566115642793631,0.4916970262594358,0.3214263368098767,0.3214263368098767,0.9,0.3209504078514268,1.6948928715530058
0.2714377574496037,0.0056606824975087,26.460145262054503,-1.3484072784292351,0.5526278093094117,0.7332822770243558,0.0338437565788914,3,1,0.1,0.7,1,False,False,False,False,True,1e-06,False,2,0.1489902670213078,-1.5189978349367514,1.0977263962409105,0.6427945220463691,0.365766503246284,0.363731309664239,1.5792594610690822,0.1489902670213078,0.1489902670213078,0.9,0.3273581786978151,0.7648605101129946
0.2636929775284639,0.0007096164256864,47.701143646359725,-0.0977926309186909,0.2256000849900228,0.4811127364112975,0.0107076176322018,3,1,0.1,0.7,1,False,False,False,False,True,1e-06,False,2,0.9285759144560718,-1.279759446466448,1.515032932394374,0.2022673133395333,1.416715531142746,1.078514918268786,1.670433987517736,0.9285759144560718,0.9285759144560718,0.9,0.9706634264419072,5.468694688634952
0.3017605196990996,0.0146898286498436,2.871271809489243,-0.2911082723039671,0.3324292379484698,0.5696981100709066,0.3335889022064573,3,1,0.1,0.7,1,False,False,False,False,True,1e-06,False,2,0.6358687008400443,-0.6372636081881886,1.197485159516415,1.7581817551471357,1.8440778607721224,0.7553156352853911,1.0801347278837812,0.6358687008400443,0.6358687008400443,0.9,0.6797840717568521,-4.602767649163089
0.3711641294329054,0.0039431335579375,9.474727871396098,-3.889828602657824,3.174872461176236,0.7339444528307847,0.103158284145757,3,1,0.1,0.7,1,False,False,False,False,True,1e-06,False,2,0.0695065635308059,-0.2156919879254744,1.704155903674363,0.7225754691942129,0.4492792652364864,0.3625009306127367,1.1414621998883088,0.0695065635308059,0.0695065635308059,0.9,0.326250837551463,2.352760475856357
0.3958402008861141,0.0190104420747029,7.335239765561544,-0.4972439761738483,0.3269940703294405,0.7843104232665675,0.10772483907655,3,1,0.1,0.7,1,False,False,False,False,True,1e-06,False,2,0.3822047905182154,-8.868196041116956,1.548487038421414,1.049531559450621,1.7996040640948945,0.2750053681998881,1.5966127478839258,0.3822047905182154,0.3822047905182154,0.9,0.2475048313798993,2.101330113233667
0.2572733672574693,0.002391486872841,2.1350786265275032,-0.179956694873217,0.1710565929166658,0.6321922464147689,0.4390871900846134,3,1,0.1,0.7,1,False,False,False,False,True,1e-06,False,2,0.9512369822817331,-0.5757417840204067,1.080015953006626,1.9334644250385653,1.8005437179391943,0.581797318254232,1.0607512135605648,0.9512369822817331,0.9512369822817331,0.9,0.5236175864288088,-1.405707315997527
0.3099036873618023,0.005909450144981,9.816263918214997,-0.6073683082382206,0.3282263873742828,0.5918645960835189,0.101383993011667,3,1,0.1,0.7,1,False,False,False,False,True,1e-06,False,2,0.3400025587411392,-6.119889802125131,1.4983832804804558,1.7045916764001798,0.9857964688918488,0.6895756337128308,1.8995904523509848,0.3400025587411392,0.3400025587411392,0.9,0.6206180703415477,0.9060617221064784
0.3685057069657378,0.0020640152041369,56.73371430291196,-0.7243708293812102,0.2129015294251595,0.66049079285085,0.0106212278629748,3,1,0.1,0.7,1,False,False,False,False,True,1e-06,False,2,0.2900095540718433,-3.724128942440145,1.9811410040624289,0.5088542635924309,1.5931239122269052,0.5140256470249038,0.3889862870068752,0.2900095540718433,0.2900095540718433,0.9,0.4626230823224134,1.0067164107425948
0.3092370885155415,0.0033916035478097,7.434252111140839,-0.3741375172628031,0.218796885013388,0.8172339512049087,0.1072773712591792,3,1,0.1,0.7,1,False,False,False,False,True,1e-06,False,2,0.472315278296582,-3.5113135668830706,1.1296221168372862,0.9312795391151713,1.3098454201563854,0.2236398139426607,0.9455836175782538,0.472315278296582,0.472315278296582,0.9,0.2012758325483946,6.484468364112858
0.300735634171274,0.026140760286638,1.780819011446479,-0.1153780612817925,0.2332742622333486,0.607948204182035,0.5316416965834205,3,1,0.1,0.7,1,False,False,False,False,True,1e-06,False,2,0.9801206892002264,-0.7827366904883952,1.9966321450686888,1.9491975893640308,1.7559936430997432,0.6448769699804472,1.6353487738552674,0.9801206892002264,0.9801206892002264,0.9,0.5803892729824025,-2.654688104843748
0.3216684788889304,0.0069442485426601,7.178229487628841,-0.3221677091459796,0.2933731139799635,0.6592619875770634,0.1073940729538054,3,1,0.1,0.7,1,False,False,False,False,True,1e-06,False,2,0.4819973934034315,-1.936318450730188,1.3688269514624574,0.914550985616632,1.430599084682891,0.5168476551715436,1.0005022356192153,0.4819973934034315,0.4819973934034315,0.9,0.4651628896543893,2.728831055755846
0.3452079580579029,0.0145317028398089,9.825188440076,-0.914745000381048,0.4528552215161089,0.6883914242407331,0.1013706748009914,3,1,0.1,0.7,1,False,False,False,False,True,1e-06,False,2,0.2539748233391266,-6.119934116948237,1.7214774414165464,1.9586763186050429,0.8044486477613227,0.4526619083074111,1.8119538135500848,0.2539748233391266,0.2539748233391266,0.9,0.40739571747667,0.897308787503145
0.312437017227957,0.009835290720064,8.801696541460156,-0.4542968031494853,0.2831539425072198,0.7849648289610521,0.1020039898727336,3,1,0.1,0.7,1,False,False,False,False,True,1e-06,False,2,0.3751180303160281,-6.181823978262638,1.2923483993842309,1.018855236646376,0.893315736689542,0.2739424278710166,0.9883829959848466,0.3751180303160281,0.3751180303160281,0.9,0.246548185083915,2.24080994397491
0.3423745328002479,0.0166622345238301,50.682839620127126,-0.5777100186021648,0.2917788403857693,0.9020261693946046,0.0105398991101532,3,1,0.1,0.7,1,False,False,False,False,True,1e-06,False,2,0.3501717906526529,-3.433525757230252,1.123314136251502,0.2648173109353522,1.0303328945503054,0.1086152862628703,1.8450832224415232,0.3501717906526529,0.3501717906526529,0.9,0.0977537576365833,58.55981392304334
0.2937970256953153,0.0036702448680289,2.199280315798048,-0.1551287201184864,0.1501952275463841,0.7915046443203962,0.4354678540023206,3,1,0.1,0.7,1,False,False,False,False,True,1e-06,False,2,0.8823689808341338,-1.8616119453368647,1.7727996731435085,1.843021615461779,1.976639304767924,0.2634164653052955,1.572014949389403,0.8823689808341338,0.8823689808341338,0.9,0.2370748187747659,-5.2943325784599935
0.3220002115812465,0.0069030579809328,18.0882120216658,-0.4540849267360188,0.2535565705383212,0.7791824479095525,0.0336507651895567,3,1,0.1,0.7,1,False,False,False,False,True,1e-06,False,2,0.4123898581089897,-5.141992637817692,1.0431899299642005,0.505480595668825,1.2592339317625107,0.283396465979018,1.744654232631589,0.4123898581089897,0.4123898581089897,0.9,0.2550568193811162,2.60467484829563
0.2682236819000388,0.0122694934189133,9.178672248108198,-1.0045669666909214,0.4433603902449965,0.5981101461952231,0.1079366580853903,3,1,0.1,0.7,1,False,False,False,False,True,1e-06,False,2,0.3192057264482692,-0.8103378421177609,0.974143888367092,1.5704092789570834,0.7169004475499381,0.6719328477561058,1.5055831698160458,0.3192057264482692,0.3192057264482692,0.9,0.6047395629804952,1.9196396417971269
0.1462447461019049,0.0066185327838183,9.342589872172992,-0.4617877772492852,0.3812696021576041,0.6853279947664499,0.1066093140688744,3,1,0.1,0.7,1,False,False,False,False,True,1e-06,False,2,0.3412803192926384,-3.615993581601428,1.472424013204066,1.745876502704709,0.2336802504780027,0.4591553353088778,1.4703556463921603,0.3412803192926384,0.3412803192926384,0.9,0.4132398017779901,1.365174738112653
0.2826208241663502,0.0086730905386783,2.602300630917712,-0.1327288309163274,0.3315570386671224,0.4641452110003805,0.3714296708043544,3,1,0.1,0.7,1,False,False,False,False,True,1e-06,False,2,0.7495501714581144,-1.0094959256107714,1.816057735626203,1.901057225941353,1.3986685016353566,1.1544981533789436,1.4708827081366311,0.7495501714581144,0.7495501714581144,0.9,1.0390483380410491,3.919683373908928
0.2562481599852027,0.0054731703440581,9.267771838566796,-0.4294115157846247,0.2278557092547083,0.8666833106095919,0.1025605021425182,3,1,0.1,0.7,1,False,False,False,False,True,1e-06,False,2,0.3999466414737466,-8.270223926914605,1.0042287266722494,0.956786172527445,0.6573237724395079,0.1538239951760905,1.2372921510635553,0.3999466414737466,0.3999466414737466,0.9,0.1384415956584815,4.375590899879709
0.2672027218356959,0.0037161045626762,2.855849147238136,-0.1201329275879911,0.3145577408497543,0.4422873321309426,0.3418388186895822,3,1,0.1,0.7,1,False,False,False,False,True,1e-06,False,2,0.7669626383796945,-1.2520335096288413,1.793740592627904,1.670566438577916,1.2468639285664709,1.2609736416867177,1.919126415408236,0.7669626383796945,0.7669626383796945,0.9,1.134876277518046,2.674401791009665
0.1622975816679597,0.0061366241946157,9.38683372319161,-1.4070697751005945,1.0222024056167491,0.7948039075346642,0.1063891990732148,3,1,0.1,0.7,1,False,False,False,False,True,1e-06,False,2,0.1403572392083256,-0.9533749856847606,1.5493157924551002,1.7769321324981702,0.1810681996954105,0.2581719723822401,1.139416484935536,0.1403572392083256,0.1403572392083256,0.9,0.2323547751440161,1.591642169685368
0.4664153375424501,0.0058195318164224,59.614688140788985,-1.264478944665551,0.1934188460932621,0.8034789998347123,0.0102471776332878,3,1,0.1,0.7,1,False,False,False,False,True,1e-06,False,2,0.2277111487322838,-8.524417692152634,1.4520925391073494,0.5776423116700946,1.7703996272756102,0.2445875999319398,0.2731092541968515,0.2277111487322838,0.2277111487322838,0.9,0.2201288399387458,1.300776799130512
0.2598109743655273,0.0062112626094991,7.251508123342807,-0.2344741680444864,0.2150292509896667,0.850945073078474,0.1042864192303782,3,1,0.1,0.7,1,False,False,False,False,True,1e-06,False,2,0.5541078544502906,-7.547547911098674,1.5290015103604118,0.7357183088682627,0.7785664985882336,0.1751639813628489,1.795990988977549,0.5541078544502906,0.5541078544502906,0.9,0.157647583226564,6.399784105097374
0.4923362106313648,0.0066331688931329,26.71745621233145,-1.539043488031128,0.2541343003138057,0.7559947118427369,0.0335077372643736,3,1,0.1,0.7,1,False,False,False,False,True,1e-06,False,2,0.1845262636185008,-7.434712498750879,1.5550702365613562,1.2913292802625145,1.3485721975009586,0.3227605753517777,0.412861675527895,0.1845262636185008,0.1845262636185008,0.9,0.2904845178165999,0.8192361938210174
0.5926735327051462,0.000972241103668,93.27251354012638,-4.776433605437121,0.185124406885218,0.7161792402886378,0.010720471495987,3,1,0.1,0.7,1,False,False,False,False,True,1e-06,False,2,0.0915396080190921,-7.087214280079282,1.5357065192095205,1.4997807643059975,1.3343016763353504,0.3962985014714691,1.482170232205065,0.0915396080190921,0.0915396080190921,0.9,0.3566686513243222,0.3333920328470514
0.4435563253973343,0.017745878154842,9.699815601375729,-1.530157469695575,0.5677953417769639,0.7350013315802539,0.1026161557765873,3,1,0.1,0.7,1,False,False,False,False,True,1e-06,False,2,0.1990029670997706,-3.166747845208766,1.6312336278235662,1.9119590120440824,1.134471030631385,0.3605417528292072,1.7519805024977897,0.1990029670997706,0.1990029670997706,0.9,0.3244875775462865,0.9094778408982326
0.1587664598718036,0.0007767686356978,7.491614679640117,-0.118456221174961,0.1743211905760688,0.8057183417316576,0.1037040733749055,3,1,0.1,0.7,1,False,False,False,False,True,1e-06,False,2,0.7183750346533618,-3.9940744958614296,1.6155333291037943,0.6236843600325718,0.3189467514458376,0.2411285038525874,1.6044874896214076,0.7183750346533618,0.7183750346533618,0.9,0.2170156534673287,14.552316042988124
0.2977783156010426,0.0181402740657605,2.7093029179198043,-0.1589203694000537,0.2814452546796941,0.6371417676463536,0.3601189540896639,3,1,0.1,0.7,1,False,False,False,False,True,1e-06,False,2,0.7244440001122912,-1.2022270040519594,1.917099773438449,1.5247524529888277,1.3215761538509412,0.5695094102746869,1.6060822879287122,0.7244440001122912,0.7244440001122912,0.9,0.5125584692472183,-34.37642430686208
0.287586358892176,0.0062293120790738,8.991490296762345,-0.4413428754998157,0.334560131248176,0.6045984059309872,0.1107621297829831,3,1,0.1,0.7,1,False,False,False,False,True,1e-06,False,2,0.374384383612053,-6.137136106178586,1.483728264144148,1.2888176498248949,0.8268298936931451,0.6539904673750438,1.9786768466630693,0.374384383612053,0.374384383612053,0.9,0.5885914206375394,1.0442519440175435
0.3056761060477252,0.0020228386403207,99.07003184987607,-7.388221818297892,0.1262007290864825,0.8430116909460413,0.0100865980324004,3,1,0.1,0.7,1,False,False,False,False,True,1e-06,False,2,0.1462229763008019,-8.66358133542545,0.2853631705460885,1.4747996663542482,0.8749736274798208,0.1862231695479617,0.7593755301677003,0.1462229763008019,0.1462229763008019,0.9,0.1676008525931656,1.0242569694702546
0.1952895679092329,0.000870295396548,29.46426603150628,-1.6269496249413968,0.1829371130297859,0.6685486455420324,0.0338337252192462,3,1,0.1,0.7,1,False,False,False,False,True,1e-06,False,2,0.2674859499773705,-1.6921104739938144,0.5206242070995974,1.498733563727392,0.4996514708642094,0.4957774676055774,1.3526455594755364,0.2674859499773705,0.2674859499773705,0.9,0.4461997208450197,1.1847807079299648
0.3711597137631647,0.0075048286731783,9.667021685094795,-0.9122732432108408,0.2181473102187123,0.8680603235085835,0.1028584515796432,3,1,0.1,0.7,1,False,False,False,False,True,1e-06,False,2,0.3139321468304706,-4.908775105643002,1.095860765611885,1.669655189576745,1.573487445214199,0.15199367246522,0.4882789732674391,0.3139321468304706,0.3139321468304706,0.9,0.136794305218698,4.107747984183955
0.2556184338275017,0.0063060301034481,8.436606483657773,-0.2596734555167949,0.3449564930464119,0.594161584390273,0.1096111777973073,3,1,0.1,0.7,1,False,False,False,False,True,1e-06,False,2,0.4384925891436371,-5.632002384798463,1.8039402775612552,0.9412993318325044,0.6524281315676289,0.6830438491344021,1.7997823335414718,0.4384925891436371,0.4384925891436371,0.9,0.6147394642209619,1.2194624542857098
0.3234187721334782,0.0215157893877319,2.877697932838419,-0.2422063380975861,0.2441015969959617,0.8350189340012202,0.3388476263575872,3,1,0.1,0.7,1,False,False,False,False,True,1e-06,False,2,0.6275268819161274,-1.3831997387852315,1.936383298066136,1.6164099534720306,1.4914676686864374,0.1975776348067083,1.5487390588856285,0.6275268819161274,0.6275268819161274,0.9,0.1778198713260375,-2.934447307485112
0.3645384798328573,0.0146935879635668,7.09902457256489,-0.4222180493429591,0.2729147247358333,0.8304111366738753,0.1078591924696874,3,1,0.1,0.7,1,False,False,False,False,True,1e-06,False,2,0.4307341439782012,-5.56275030257867,1.4746335618590345,0.9733857962793312,1.6707674501786065,0.2042227709100759,1.3321081677112925,0.4307341439782012,0.4307341439782012,0.9,0.1838004938190683,4.090986420571812
0.1211519848033486,0.0025191019421682,111.0176538760836,-0.3911269027381928,0.3298777516547109,0.7329851292098755,0.0051608368072405,3,1,0.1,0.7,1,False,False,False,False,True,1e-06,False,2,0.1997662879666682,-2.7402192040921145,0.7569391829044875,0.2147310946103471,0.137330744386314,0.3642841582310877,0.8320879154933661,0.1997662879666682,0.1997662879666682,0.9,0.327855742407979,0.935326937930248
0.3851526485202634,0.0017066838198621,57.07296847043026,-0.8078824082519975,0.2859298485609194,0.434493989481107,0.0110867889944349,3,1,0.1,0.7,1,False,False,False,False,True,1e-06,False,2,0.2622646069079755,-0.4683302769289259,1.6776450033820611,0.5437216422143059,1.5825333256017309,1.3015278098420795,0.941186464632074,0.2622646069079755,0.2622646069079755,0.9,1.1713750288578717,0.8140068021251506
0.3932903511768931,0.0183316966245562,9.248551501780168,-0.7575588360695263,0.4849844157201735,0.6658108494616141,0.1076840959577466,3,1,0.1,0.7,1,False,False,False,False,True,1e-06,False,2,0.2717373722289928,-2.1489744164225444,1.6664178074224822,1.3175051501811268,1.0851846610187432,0.5019280638166483,1.5231374750327045,0.2717373722289928,0.2717373722289928,0.9,0.4517352574349835,1.086960333332022
0.2940054256032849,0.014113892250174,2.1472514691603024,-0.1069165274592779,0.2919173901588923,0.4806761323733856,0.4468643210653205,3,1,0.1,0.7,1,False,False,False,False,True,1e-06,False,2,0.8810362853441592,-0.9661647699721634,1.759692128403076,1.7662656151172855,1.8440488964291424,1.0804028589112629,1.898297770703996,0.8810362853441592,0.8810362853441592,0.9,0.9723625730201366,10.87699609458077
0.2563736642385441,0.0063218432858722,2.642278074526254,-0.1786412742190279,0.2886943385225586,0.4628552924910006,0.3656790846892472,3,1,0.1,0.7,1,False,False,False,False,True,1e-06,False,2,0.8352407950340709,-0.6397508141683197,1.138462534781738,1.5183914918240415,1.3583418026434502,1.160502464211194,1.811799001281304,0.8352407950340709,0.8352407950340709,0.9,1.0444522177900746,-12.439130721493749
0.3331032793277285,0.0003918156158277,99.43751623778672,-2.46485921000524,0.0981385276580959,0.5469792848131423,0.010055344402996,3,1,0.1,0.7,1,False,False,False,False,True,1e-06,False,2,0.1827315184397376,-4.158065744914419,1.2162839215601051,1.9831757593975647,0.8184839771381738,0.8282228006890926,1.68619479425982,0.1827315184397376,0.1827315184397376,0.9,0.7454005206201834,0.4259644644348563
0.496546517831599,0.0216408723923066,9.514739745710385,-1.3659615191452648,0.5100181602598571,0.7177051336693718,0.1035428228548645,3,1,0.1,0.7,1,False,False,False,False,True,1e-06,False,2,0.229507067246746,-2.7048170169463903,1.4474569305635616,1.5084462446814533,1.8824790465655328,0.3933298691725314,1.929641485173136,0.229507067246746,0.229507067246746,0.9,0.3539968822552783,1.0366327442873493
0.2983867687540146,0.0229500502221313,5.781642540880204,-0.138988406360925,0.1920484695389955,0.69613891338528,0.1028551615644534,3,1,0.1,0.7,1,False,False,False,False,True,1e-06,False,2,0.9826025164324748,-0.6439026191675961,1.7525645497611986,0.640108504451632,1.9297399553236103,0.4364949017676124,1.2573269614376803,0.9826025164324748,0.9826025164324748,0.9,0.3928454115908512,-1.2955324238545751
0.2636397431839625,0.0056023533176771,5.905660134766984,-0.11270246288877,0.3190900917900363,0.396920162208482,0.1077224340824281,3,1,0.1,0.7,1,False,False,False,False,True,1e-06,False,2,0.8722473319850241,-0.7546734885517132,1.3797580951406432,0.6352997936107058,1.379603802331427,1.5193983455916025,1.937077873362245,0.8722473319850241,0.8722473319850241,0.9,1.3674585110324422,6.043768314382962
0.4470338586251153,0.0095089130420542,104.47492292612354,-2.232082350474673,0.708425358590346,0.8469851816531401,0.0051215213371832,3,1,0.1,0.7,1,False,False,False,False,True,1e-06,False,2,0.1287815155231326,-5.793396408787971,1.169240038114506,0.2124186651914121,0.8035286981519856,0.1806582000032239,1.870892568557277,0.1287815155231326,0.1287815155231326,0.9,0.1625923800029015,0.9597155700613365
0.4361859896594277,0.0010503656925206,128.4491335890008,-1.5771616324672622,0.1435543453782068,0.5314077866654419,0.0050457121198165,3,1,0.1,0.7,1,False,False,False,False,True,1e-06,False,2,0.2005904090663402,-2.0620063511212097,1.364471456737862,0.5505126539501843,1.6047124473133887,0.8817940291672268,1.7195372421181463,0.2005904090663402,0.2005904090663402,0.9,0.7936146262505042,0.4811506920167598
0.2778890057448562,0.0009395665293935,9.360191514559352,-0.8568859877883693,0.1784804115208736,0.8858997454966595,0.1053275041597262,3,1,0.1,0.7,1,False,False,False,False,True,1e-06,False,2,0.3631967151060831,-8.9642223454988,0.7329502680182691,1.9820472570373004,1.568304046445609,0.1287958994043651,1.137877877329515,0.3631967151060831,0.3631967151060831,0.9,0.1159163094639286,4.644048622246119
0.3223689864192528,0.0025321393175801,9.792753789021344,-0.4491143993965582,0.2343626970722785,0.7244766536823096,0.1014922462931112,3,1,0.1,0.7,1,False,False,False,False,True,1e-06,False,2,0.3594242923689091,-6.155527806256458,1.906744417382448,1.67237736550017,1.001514505288505,0.3803067288880645,0.5012871193159,0.3594242923689091,0.3594242923689091,0.9,0.342276055999258,1.541133099986759
0.2656053073876547,0.007542221535314,2.421673604272157,-0.2158897972676123,0.1621071413046688,0.8343022566969476,0.395168442440497,3,1,0.1,0.7,1,False,False,False,False,True,1e-06,False,2,0.8176267255301198,-0.7079808663580174,1.2089181134154516,1.868421465672723,1.5880726660268027,0.1986063707403353,1.960954653442147,0.8176267255301198,0.8176267255301198,0.9,0.1787457336663018,-1.0248338677330426
0.1910918546888466,0.0004564844358355,7.841037979665081,-0.2123112455881343,0.2236853644883025,0.702296214526468,0.1044470786438718,3,1,0.1,0.7,1,False,False,False,False,True,1e-06,False,2,0.5965319467268656,-1.5368251322210489,1.044377367902902,0.6752453794867537,0.4586068790145376,0.4239005982315631,1.900862037374316,0.5965319467268656,0.5965319467268656,0.9,0.3815105384084068,23.76484493595996
0.2490686593642005,0.0052756282909404,8.62864536584082,-0.3638925279968095,0.2489790126365212,0.7935376343091362,0.1098396466653165,3,1,0.1,0.7,1,False,False,False,False,True,1e-06,False,2,0.4223054610878812,-6.272838953543811,1.113172288856793,0.9514514024296672,0.6222140513882747,0.260179677389356,1.2397632130721252,0.4223054610878812,0.4223054610878812,0.9,0.2341617096504204,2.7594604535127645
0.3576602011829012,0.0001796540449939,93.47552855213894,-1.359638711103418,0.1020570987767434,0.4990308138425147,0.0106972048692831,3,1,0.1,0.7,1,False,False,False,False,True,1e-06,False,2,0.1875058759172291,-1.4200489344411729,1.760861343339285,1.8527440664625967,0.8481447406267288,1.003884273798736,1.615191788527215,0.1875058759172291,0.1875058759172291,0.9,0.9034958464188624,0.4309724578113647
0.2114228835362439,0.0006452321678836,99.77298613041752,-4.751295358957298,0.079944490490136,0.7904772013660527,0.0100439945761067,3,1,0.1,0.7,1,False,False,False,False,True,1e-06,False,2,0.1851816537424797,-5.964110750474079,0.3094453115330052,1.4953055600383414,0.672271001146428,0.2650586231606215,0.1322093850507535,0.1851816537424797,0.1851816537424797,0.9,0.2385527608445594,1.0010954974593336
0.4255622057938495,0.0228835029707051,7.87199316698351,-0.7125970786407971,0.3375960141653987,0.902939226824055,0.1075945639711627,3,1,0.1,0.7,1,False,False,False,False,True,1e-06,False,2,0.3096832241851621,-6.97243961078168,1.602734916391822,1.1473611374721375,1.478415924955293,0.1074942479986619,1.109578164384896,0.3096832241851621,0.3096832241851621,0.9,0.0967448231987957,5.437195411390641
0.3298495430435878,0.0093151753826861,54.281232344512304,-0.8478461849697755,0.396164918212145,0.7289141426348336,0.0110387791166027,3,1,0.1,0.7,1,False,False,False,False,True,1e-06,False,2,0.2109631700780139,-8.211654262135927,1.3719954324304504,0.3505735607651875,0.5994034567135365,0.3719036872919793,1.079205030104922,0.2109631700780139,0.2109631700780139,0.9,0.3347133185627814,0.8359627280661144
0.3049317317010242,0.0223160594972813,2.1563379313663784,-0.0899782689422475,0.3357520238606372,0.4645931489189165,0.4453107854923668,3,1,0.1,0.7,1,False,False,False,False,True,1e-06,False,2,0.8827252800949883,-0.8152707980290117,1.9203826077057888,1.5971463110109934,1.84758455440262,1.1524208919717105,1.7590228206683354,0.8827252800949883,0.8827252800949883,0.9,1.0371788027745394,27.266615586863
0.361519391449255,0.05536346414606,2.557176351850873,-0.4213267457434619,0.6352608783939199,0.6727893221436199,0.3798875530742802,3,1,0.1,0.7,1,False,False,False,False,True,1e-06,False,2,0.4450514186909362,-0.5183214995916359,1.8306594388312472,1.841869154543551,1.256097470811664,0.4863493921304102,1.5776170931311249,0.4450514186909362,0.4450514186909362,0.9,0.4377144529173691,-1.7768442679269842
0.1207839040767541,8.203802529624859e-05,9.337418683150837,-0.1091597177583075,0.2656956380983171,0.6210072816707305,0.1071139748375777,3,1,0.1,0.7,1,False,False,False,False,True,1e-06,False,2,0.5066002105940185,-4.498381807448522,1.635300224066374,1.0518384562727088,0.1830646620923198,0.6102870763602712,1.0422794257033663,0.5066002105940185,0.5066002105940185,0.9,0.5492583687242442,1.6391862353282407
0.4019586756998767,0.01536329748776,55.580624012867474,-1.01482864508605,0.4768530870961361,0.8106156842401352,0.0102035318761439,3,1,0.1,0.7,1,False,False,False,False,True,1e-06,False,2,0.2045394460379943,-4.691028971393562,1.7706467740435952,0.3339138551887111,0.8502088745979746,0.2336302139741994,0.85024353255993,0.2045394460379943,0.2045394460379943,0.9,0.2102671925767795,1.327836404971138
0.5090808041616828,0.0097031358796618,25.4756789411451,-2.508590147343972,0.3074567395020084,0.7631587407140875,0.0335042829901984,3,1,0.1,0.7,1,False,False,False,False,True,1e-06,False,2,0.1873637931397865,-5.008337298650579,0.7543007898749997,1.0691134168706833,1.942974454583934,0.310343375041869,1.3806872463852824,0.1873637931397865,0.1873637931397865,0.9,0.2793090375376821,0.8995281186956021
0.3423760646483256,0.0016369766897502,9.571439413268912,-0.6393142033712486,0.2901533284242211,0.5556825444203175,0.1038180311885712,3,1,0.1,0.7,1,False,False,False,False,True,1e-06,False,2,0.3552704383625515,-4.10215060893575,1.3614191748892517,1.6777462603778353,1.801502539852332,0.7995886501045125,1.6257739981271224,0.3552704383625515,0.3552704383625515,0.9,0.7196297850940613,0.8967126441108509
0.2603111889215039,0.0125711112069923,7.6050109690891965,-0.2709791770241326,0.2551395101028393,0.885852587843854,0.1039103291470156,3,1,0.1,0.7,1,False,False,False,False,True,1e-06,False,2,0.4838765198640244,-4.445818867570411,1.6910488647707718,0.7613055613615827,0.6589711631134721,0.1288559899497255,1.5189057869517049,0.4838765198640244,0.4838765198640244,0.9,0.115970390954753,27.28756321301332
0.3028110138309869,0.0115015217821929,5.5995334215670205,-0.1429956413254617,0.2038192204252989,0.6739651754446327,0.1105604630877932,3,1,0.1,0.7,1,False,False,False,False,True,1e-06,False,2,0.8519471868770173,-1.3336496186652995,1.7038611544028832,0.7119400534947405,1.968129345608984,0.483756188649174,1.80693351115039,0.8519471868770173,0.8519471868770173,0.9,0.4353805697842566,-8.152597014485897
0.317293815423424,0.01310165192745,9.036346195420249,-0.6200333630888231,0.3606119067849053,0.7399773485205459,0.1102096587797816,3,1,0.1,0.7,1,False,False,False,False,True,1e-06,False,2,0.3096540835626465,-3.790120734095642,1.3583075694795,1.3162108831201622,0.7655133969827235,0.3513927176275375,1.050963850989263,0.3096540835626465,0.3096540835626465,0.9,0.3162534458647838,1.5516354185513166
0.364494003002463,0.0267666887575902,7.771700527139879,-1.726041800426564,1.0766160623375776,0.7349740245749282,0.1091269300561415,3,1,0.1,0.7,1,False,False,False,False,True,1e-06,False,2,0.1887459085353426,-0.3478901241928369,0.8189692641649622,0.7236102352381817,0.7067821101107694,0.3605923019910116,1.121695015160172,0.1887459085353426,0.1887459085353426,0.9,0.3245330717919105,-1.4113931614820945
0.3896111607053237,0.0162248791972988,9.46036883007478,-1.2722982602131334,0.3645701214542777,0.7674677262558336,0.1048921390266393,3,1,0.1,0.7,1,False,False,False,False,True,1e-06,False,2,0.267536405149067,-8.192910463648971,1.1747381523536589,1.908020418035058,1.3894847715706815,0.3029863872955255,1.621360715192626,0.267536405149067,0.267536405149067,0.9,0.272687748565973,1.289512889269156
0.3101716065854316,0.0197687122226016,8.742288846001225,-0.9156567604966364,0.58029600730694,0.6713576777383965,0.1095439061626373,3,1,0.1,0.7,1,False,False,False,False,True,1e-06,False,2,0.2732997276534546,-0.6097961860312786,0.9743302390788076,0.9522078011310056,0.6620843677894778,0.4895189749951193,0.8607040565516252,0.2732997276534546,0.2732997276534546,0.9,0.4405670774956074,9.847987007507864
0.3325403300833575,0.0069424601177771,9.723399141772653,-0.7854378927657941,0.3057723557680519,0.6400991063912352,0.1021887257015724,3,1,0.1,0.7,1,False,False,False,False,True,1e-06,False,2,0.3304698742370988,-7.658084380833445,1.2321434229209094,1.7672983846276384,1.2998728412524214,0.5622580784994716,1.95795082159824,0.3304698742370988,0.3304698742370988,0.9,0.5060322706495245,0.9945564485922828
0.4593036247299207,0.0013335203570708,91.69193886469787,-1.8588452903357104,0.1267831245954219,0.5841606382350981,0.0109053600214959,3,1,0.1,0.7,1,False,False,False,False,True,1e-06,False,2,0.1496252906309133,-3.810774786191653,1.9560830580915591,1.777516401151291,1.0142308653581975,0.7118578941252554,1.6996059537011423,0.1496252906309133,0.1496252906309133,0.9,0.6406721047127298,0.3808198976718738
0.2920988438963909,0.0158926842999993,2.648047461642052,-0.1715723745740581,0.2462340950333158,0.629134531262138,0.3676460428829213,3,1,0.1,0.7,1,False,False,False,False,True,1e-06,False,2,0.8083115721640551,-0.853890387956886,1.446837727180053,1.3361549700402031,1.6739850953822273,0.5894851582758466,1.909484697504653,0.8083115721640551,0.8083115721640551,0.9,0.5305366424482619,-3.597496771003859
0.2392608016321541,0.0009129317984495,2.670471882694356,-0.1685745183674996,0.2123412102680353,0.5778237733307896,0.3636239651844319,3,1,0.1,0.7,1,False,False,False,False,True,1e-06,False,2,0.8293876663390886,-1.205599881512608,1.3493387355639717,1.9400238128235043,1.0479789771119,0.7306314592001483,1.7780921667581169,0.8293876663390886,0.8293876663390886,0.9,0.6575683132801334,33.626574851572734
0.3071542345186467,0.0055197816080037,105.5856617251554,-0.6079541179480547,0.3110753119266238,0.6043185707886441,0.0052074122819151,3,1,0.1,0.7,1,False,False,False,False,True,1e-06,False,2,0.2711556517890378,-9.514781215028655,1.7307903940430165,0.2538387039668872,0.7032012360624238,0.654756362517515,1.3661937243560192,0.2711556517890378,0.2711556517890378,0.9,0.5892807262657636,0.7164723445917177
0.358737551939481,0.0002207568648061,95.15434547682092,-2.381834794664052,0.0948079051637129,0.5376496153110493,0.0105079053395391,3,1,0.1,0.7,1,False,False,False,False,True,1e-06,False,2,0.1867055516063935,-3.76522984415136,1.205674754714953,1.95951194502649,1.0385823946040706,0.8599473923578738,1.7912928075287475,0.1867055516063935,0.1867055516063935,0.9,0.7739526531220864,0.4285283493816218
0.4057861894996529,0.0003513897976034,93.97393904547324,-2.840589476123985,0.08828537629705,0.5738038222368113,0.0106397648613445,3,1,0.1,0.7,1,False,False,False,False,True,1e-06,False,2,0.1830489731147754,-9.358906717274646,0.928048763778066,1.7524469851230098,1.5257228943084775,0.7427559058456322,0.9574476786207162,0.1830489731147754,0.1830489731147754,0.9,0.668480315261069,0.4411102807658603
0.5030169540030294,0.0319712911567526,7.854992301464675,-1.1644872660762715,0.6381385214832429,0.8878136839521714,0.1026909770010026,3,1,0.1,0.7,1,False,False,False,False,True,1e-06,False,2,0.2133359999739596,-2.8197485155904136,1.8376191699721884,1.013495108380867,1.446460372094457,0.1263624542802973,1.5260025924053044,0.2133359999739596,0.2133359999739596,0.9,0.1137262088522676,4.739085900038743
0.2655114410536445,0.0001794053537921,91.43002675797597,-7.36243828697482,0.3549060802832525,0.8165253941251119,0.0109364453050256,3,1,0.1,0.7,1,False,False,False,False,True,1e-06,False,2,0.0591548112368041,-4.452471520705181,1.0817821258521885,1.7008636374632005,0.2684078896419826,0.2247016531206317,1.8460807448509315,0.0591548112368041,0.0591548112368041,0.9,0.2022314878085685,0.3426753800602648
0.5512682641748942,0.0004123362491764,199.13438663848285,-2.628513288377844,0.0537419863608847,0.5797640085025132,0.00502162705618,3,1,0.1,0.7,1,False,False,False,False,True,1e-06,False,2,0.1407780817053255,-3.4430064792425146,1.609702441475209,1.9090424271164788,1.817605347119054,0.7248397370904839,0.6640515554573251,0.1407780817053255,0.1407780817053255,0.9,0.6523557633814355,0.3550245739499943
0.289656122372009,0.0182064288589595,7.84688924085669,-0.3780389247961933,0.3284758352850589,0.8657950427968663,0.1080402738390681,3,1,0.1,0.7,1,False,False,False,False,True,1e-06,False,2,0.3886149012243623,-4.426550904489229,1.663822694565251,0.848789875405151,0.6896290408813207,0.1550077680851552,1.5308159234809444,0.3886149012243623,0.3886149012243623,0.9,0.1395069912766397,6.677777424610302
0.3797280708563112,0.0177235053301552,9.311897762864628,-0.9791299104882968,0.5165154066490165,0.7310106163214579,0.106986574409504,3,1,0.1,0.7,1,False,False,False,False,True,1e-06,False,2,0.2327866170651434,-3.0672619510472696,1.590124010835016,1.5153636569769646,0.8620471562373451,0.3679691890551907,1.5006957326355517,0.2327866170651434,0.2327866170651434,0.9,0.3311722701496716,1.090283852632967
0.5050069396328384,0.0014637940674498,78.67860196270549,-2.260485823373441,0.0951705750878428,0.7358885229275374,0.0106934035229308,3,1,0.1,0.7,1,False,False,False,False,True,1e-06,False,2,0.17260810383852,-3.4722726827706865,1.002253190031887,1.1934901160013225,1.736370336678539,0.3589014760303166,0.1199807058400738,0.17260810383852,0.17260810383852,0.9,0.3230113284272849,0.7586163831211451
0.1181257873229923,0.0050095431617011,9.488641156354143,-0.5581701433348769,0.2611036923656834,0.8971914144284865,0.104067557201009,3,1,0.1,0.7,1,False,False,False,False,True,1e-06,False,2,0.3613716540105748,-6.577354270760271,1.1478913445176366,1.9249176368923104,0.2109877155329078,0.1145893550898532,1.271993209261605,0.3613716540105748,0.3613716540105748,0.9,0.1031304195808678,6.7526819590945015
0.4826060931093924,0.0003034193024014,190.97804735182083,-3.7950954110642767,0.1310445551688616,0.7120119964811448,0.0052361302248352,3,1,0.1,0.7,1,False,False,False,False,True,1e-06,False,2,0.0770454544021049,-7.930737492065444,1.9932833270653243,1.1596814217936409,0.7427049821291225,0.4044707181088649,1.9768180507304127,0.0770454544021049,0.0770454544021049,0.9,0.3640236462979784,0.2741138945437844
0.4600213157167095,0.0038377179465424,68.77730615708174,-1.4528547892587194,0.2465647513261428,0.6652595437004641,0.0108251271943251,3,1,0.1,0.7,1,False,False,False,False,True,1e-06,False,2,0.1571081307464385,-1.685195098020225,1.7037801809385678,0.7096842153558193,0.9765491181024496,0.5031727232916692,0.5967422152726861,0.1571081307464385,0.1571081307464385,0.9,0.4528554509625023,0.576079905084914
0.5027650187573576,0.002987597161561,76.85999495306216,-3.1970036854576738,0.2387227164915879,0.5879178387707076,0.0105428021275275,3,1,0.1,0.7,1,False,False,False,False,True,1e-06,False,2,0.1430362791678521,-0.5541372321550337,0.8979139873464785,0.7898728968090125,1.2713772444121012,0.7009179413418131,1.6041563203034097,0.1430362791678521,0.1430362791678521,0.9,0.6308261472076317,0.5494500030006018
0.3224336002045426,0.0044060737821532,114.61524807191653,-1.1214394913730594,0.3159907724237003,0.6449219564821295,0.0052017169961258,3,1,0.1,0.7,1,False,False,False,False,True,1e-06,False,2,0.1761216609682165,-5.228183865293382,1.632296909234915,0.305068323326274,0.5339470550615888,0.5505752129369619,1.7919358460185348,0.1761216609682165,0.1761216609682165,0.9,0.4955176916432657,0.5283344794003141
0.1089258784679872,0.0003453623657819,97.6914298312024,-0.5938314956922645,0.1317758846725057,0.7344954187836714,0.0102366467092507,3,1,0.1,0.7,1,False,False,False,False,True,1e-06,False,2,0.1300646818514519,-4.78828709144445,1.2559006860962545,1.338174880246408,0.1035943019220121,0.361478879822022,0.2240833589766289,0.1300646818514519,0.1300646818514519,0.9,0.3253309918398198,0.5296797928737619
0.4087289629153388,0.0048469608751941,55.22324993182425,-0.8567687375633295,0.2162514236941872,0.7401411743933078,0.0105459808114614,3,1,0.1,0.7,1,False,False,False,False,True,1e-06,False,2,0.2789754198371975,-4.266750555769989,1.4894959453214902,0.4809630529111233,1.7507363795053943,0.3510935948397924,0.354746206337826,0.2789754198371975,0.2789754198371975,0.9,0.3159842353558131,1.3192463731867607
0.3418224514701413,0.0096579793289811,9.444236724860094,-0.6790801352262456,0.2942241496009654,0.730118547601766,0.1027769988221803,3,1,0.1,0.7,1,False,False,False,False,True,1e-06,False,2,0.3442530106599423,-6.233313973211625,1.0617312230048186,1.1958849099463642,1.2784310268380947,0.3696405923184922,1.7052979457811426,0.3442530106599423,0.3442530106599423,0.9,0.332676533086643,1.4996307395252266
0.5569748983753144,0.0034316236258818,72.90795991888153,-3.353190640546635,0.2037183820972986,0.6936945279241519,0.0105187202712041,3,1,0.1,0.7,1,False,False,False,False,True,1e-06,False,2,0.1441691270813926,-6.448210720221612,0.8521405499603582,0.8275407191303493,1.7541961059208628,0.4415567079539358,1.215438722994387,0.1441691270813926,0.1441691270813926,0.9,0.3974010371585423,0.4957743683974853
0.314161167683676,0.0120203820359196,7.190553516177491,-0.2965994274195532,0.3123564566583414,0.6805311565772436,0.1060706810075802,3,1,0.1,0.7,1,False,False,False,False,True,1e-06,False,2,0.4993006374661527,-0.9558645485526291,1.7513372076694331,0.8808581606588477,1.2101354355135854,0.4694404368339823,0.6853516180714264,0.4993006374661527,0.4993006374661527,0.9,0.422496393150584,-13.865604105278925
0.2637741730560104,0.0001825211744471,2.7739145875462805,-0.1073752863453547,0.1865886639650961,0.6116265346175488,0.3537529371040325,3,1,0.1,0.7,1,False,False,False,False,True,1e-06,False,2,0.8788429954679853,-2.7323835951118927,1.823527292718624,1.402686882891553,1.2064483492889944,0.6349846571409822,1.8321530514803697,0.8788429954679853,0.8788429954679853,0.9,0.571486191426884,4.585664158464695
0.1462431849558,0.0024392094488403,114.5285429365704,-0.43969875945931,0.2649202423763001,0.716284659150887,0.0050339275792037,3,1,0.1,0.7,1,False,False,False,False,True,1e-06,False,2,0.2220005398492802,-4.860175516932004,0.7144190962739009,0.2281018256442137,0.1815567182271091,0.3960930018876024,0.8323477141060084,0.2220005398492802,0.2220005398492802,0.9,0.3564837016988422,0.8844739323977938
0.4482831051934263,0.0010685156652343,97.22175539806224,-1.2743402704637032,0.1140622298415906,0.560261278254321,0.0102850602060996,3,1,0.1,0.7,1,False,False,False,False,True,1e-06,False,2,0.1591701808414178,-1.0794454719660234,1.9084292898734123,1.5540671050407464,0.994262126699384,0.7848815165592564,0.7313842159723424,0.1591701808414178,0.1591701808414178,0.9,0.7063933649033308,0.4456986538476355
0.2730313196273269,0.0004637434234529,96.4761107200318,-1.1054387164132249,0.0909455633393744,0.635556600032298,0.0103649580114177,3,1,0.1,0.7,1,False,False,False,False,True,1e-06,False,2,0.1761657044201385,-2.4376187388830406,1.4920487280714363,1.6568619630067896,0.412378160064174,0.5734239876498517,0.2188598383997215,0.1761657044201385,0.1761657044201385,0.9,0.5160815888848665,0.553089718233955
0.2503302008791473,0.0041850843165143,16.413794661262738,-0.2233395249752207,0.1741781915587739,0.9049483531917412,0.034119918685786,3,1,0.1,0.7,1,False,False,False,False,True,1e-06,False,2,0.6572448956339594,-1.3555494002059874,1.1844219490420989,0.3657427940541293,0.8668934610186854,0.1050354381805467,1.5349591205798645,0.6572448956339594,0.6572448956339594,0.9,0.094531894362492,-1.9121682679461989
0.1168263519712652,0.0007903086897063,29.096842175464783,-0.8925789210099216,0.1826509815565406,0.7631172096418244,0.0343011095530973,3,1,0.1,0.7,1,False,False,False,False,True,1e-06,False,2,0.2805645968266798,-8.916864197222822,0.5321077884603511,0.8974691608963349,0.1851000716968999,0.3104146877638347,0.7878867549606974,0.2805645968266798,0.2805645968266798,0.9,0.2793732189874512,1.3179986009598037
0.342871093844558,0.0535157633649642,2.439537489474813,-0.3400668150835917,0.4057078931429395,0.8100803561237191,0.3981908988416586,3,1,0.1,0.7,1,False,False,False,False,True,1e-06,False,2,0.5475976819252079,-0.50547459346007,1.81308173862623,1.5602609519054875,1.3519651385440443,0.2344454379625465,1.9734711437523216,0.5475976819252079,0.5475976819252079,0.9,0.2110008941662918,-0.7963114328286375
0.656247737085283,0.0018939701898874,29.005093091954244,-15.761003105981342,0.8233682206603316,0.879236732789553,0.0344089491226946,3,1,0.1,0.7,1,False,False,False,False,True,1e-06,False,2,0.06667536322155,-1.717790865608423,0.6833931536630397,1.9790774170522747,1.7109621836173168,0.137350115966267,0.9888289475614996,0.06667536322155,0.06667536322155,0.9,0.1236151043696403,0.7696030248875187
0.2877608865917648,0.0001530072796625,17.891852434023807,-0.2557517383229123,0.2958443097396496,0.5612721755781624,0.0342898489577724,3,1,0.1,0.7,1,False,False,False,False,True,1e-06,False,2,0.4751353837366457,-3.7260056246600346,1.9689051163136648,0.5133358069578153,1.141788623799788,0.7816667982336862,1.0714094978054427,0.4751353837366457,0.4751353837366457,0.9,0.7035001184103177,1.294099817429755
0.290030080991177,0.0199506947893398,2.0338873197266447,-0.0851304335085173,0.3408643023806305,0.4168001687705105,0.4653046925305201,3,1,0.1,0.7,1,False,False,False,False,True,1e-06,False,2,0.9457414205375156,-0.6261829660621281,1.7998752759112344,1.7075186116178611,1.654020001455495,1.3992312741854918,1.2489581201685245,0.9457414205375156,0.9457414205375156,0.9,1.2593081467669427,-20.42418809428205
0.5716100394499455,0.0011217573425073,153.13058791272263,-3.123686123364283,0.1300431254547092,0.6665575941722426,0.0052192250578713,3,1,0.1,0.7,1,False,False,False,False,True,1e-06,False,2,0.1127889340720181,-4.682558319000773,1.5195437253519075,0.8601973614534653,1.3631315501259391,0.5002454532707549,1.0464559414558878,0.1127889340720181,0.1127889340720181,0.9,0.4502209079436794,0.3553672015734338
0.3077016279322618,0.0118204016306766,2.620364950890802,-0.1459838937991329,0.3479004745888101,0.4797879187125575,0.3656179489437715,3,1,0.1,0.7,1,False,False,False,False,True,1e-06,False,2,0.7138640402762385,-0.8898097177916764,1.808682113395197,1.8011725840456707,1.85111263868717,1.0842542319184636,1.2428371852311553,0.7138640402762385,0.7138640402762385,0.9,0.9758288087266171,5.276368744809373
0.3752467676764325,0.0021972518069221,29.68526356260598,-1.2896186620478614,0.179563364986273,0.6454317462144775,0.033660251527317,3,1,0.1,0.7,1,False,False,False,False,True,1e-06,False,2,0.2326684962729451,-7.451362733200725,1.075578757570376,1.3858040839862775,1.1214583493094197,0.5493505019935898,0.4917338956264293,0.2326684962729451,0.2326684962729451,0.9,0.4944154517942308,0.6957484656254881
0.1735711680526202,0.0028859929083256,9.487077078683525,-0.3352951361167692,0.2139579188651093,0.8842300638295926,0.1050038355298819,3,1,0.1,0.7,1,False,False,False,False,True,1e-06,False,2,0.4207522699102469,-6.226582317931219,0.9733705245403768,1.0738391437810006,0.3383061655161671,0.1309273919832682,1.5484442427537572,0.4207522699102469,0.4207522699102469,0.9,0.1178346527849414,7.510835181555191
0.318917868053491,0.009678914361276,8.98575407341048,-0.5653387289948332,0.3714449573839016,0.6146708554842215,0.110759109545814,3,1,0.1,0.7,1,False,False,False,False,True,1e-06,False,2,0.3295107839456165,-3.3939179685787533,1.6251304706514602,1.6767052482089222,0.8924021722174658,0.6268869608470801,1.4590342969972816,0.3295107839456165,0.3295107839456165,0.9,0.5641982647623721,1.0118506385838164
0.2833498167844473,0.0052885527367784,2.8041039110962256,-0.1596871090586555,0.1319753587522573,0.905524841977266,0.3380121013675402,3,1,0.1,0.7,1,False,False,False,False,True,1e-06,False,2,0.893273294724721,-1.7380102844342495,1.7195338079222149,1.234907688942741,1.5807413594636734,0.1043319339715099,1.762755565731578,0.893273294724721,0.893273294724721,0.9,0.0938987405743589,-2.40819085905302
0.2905914562136807,3.073361089950613e-05,8.26886330131841,-0.3339083138921981,0.2168543329860524,0.7615141582260672,0.1075674761228424,3,1,0.1,0.7,1,False,False,False,False,True,1e-06,False,2,0.4450335199954669,-6.643569013604253,1.385785775430142,1.0819548468714115,0.968616125426902,0.3131732210067913,0.65405557900177,0.4450335199954669,0.4450335199954669,0.9,0.2818558989061122,2.373838677743593
0.2925034221863279,0.0021415603344135,9.02294556840919,-0.5046602238464943,0.2547187301576269,0.6785879169983002,0.1102287888505932,3,1,0.1,0.7,1,False,False,False,False,True,1e-06,False,2,0.394784613954097,-9.163914513600584,1.0370299203908395,1.196623123608617,1.0600342362149489,0.4736484027352713,1.3709455733865157,0.394784613954097,0.394784613954097,0.9,0.4262835624617442,1.3511771427562351
0.2935185866126585,0.0053317772115861,2.7805182708453016,-0.162599184904657,0.2130378070668969,0.7088868334162215,0.3512394894369607,3,1,0.1,0.7,1,False,False,False,False,True,1e-06,False,2,0.7085043460403606,-3.798098971765799,1.986437150895908,1.850596906168575,1.3946738292134784,0.4106623975238258,1.6862453707389715,0.7085043460403606,0.7085043460403606,0.9,0.3695961577714433,4.459476727773598
0.2423818162953054,0.0135513731586506,9.25410352003571,-0.9597983224776095,0.7193905888623214,0.8883946054959487,0.1078908955799693,3,1,0.1,0.7,1,False,False,False,False,True,1e-06,False,2,0.1840982797454932,-1.3651454104311895,1.2525273520700182,0.9107597303788816,0.3369099113049014,0.1256259254768294,1.1700690897151047,0.1840982797454932,0.1840982797454932,0.9,0.1130633329291465,-22.45074066801305
0.3098999254857872,0.0237138228836056,7.558991672337526,-0.4162075036574932,0.378362935121362,0.869703810523003,0.1098873196434133,3,1,0.1,0.7,1,False,False,False,False,True,1e-06,False,2,0.3658313240445342,-4.743561324554872,1.8757042096531105,0.8380611054300824,0.7415725165927968,0.1498167397917257,1.889537068664073,0.3658313240445342,0.3658313240445342,0.9,0.1348350658125531,5.786347329131456
0.577000188963613,0.0028259480696877,29.767184953678967,-3.973385378791278,0.4710166128988843,0.7668601896826815,0.0335748439669813,3,1,0.1,0.7,1,False,False,False,False,True,1e-06,False,2,0.0939927817449167,-7.529604575758633,1.934052527858806,1.8486500231975984,1.2355222562996395,0.3040186639676644,1.6740764828306385,0.0939927817449167,0.0939927817449167,0.9,0.2736167975708979,0.4204232876500144
0.5035240281872686,0.0163421600798237,9.2573255770316,-1.9949611970888423,0.7816637359959592,0.8399568248913044,0.1076405838075949,3,1,0.1,0.7,1,False,False,False,False,True,1e-06,False,2,0.1467070224080278,-4.804438477002608,1.6166425332754608,1.3643985182288083,1.13036978711157,0.1905373828344167,1.6223704945717032,0.1467070224080278,0.1467070224080278,0.9,0.171483644550975,1.0916149195211968
0.4719887351871623,0.0006225862339134,198.7067543353759,-4.045644657304011,0.0742220179489836,0.6081273786120899,0.0050324182089586,3,1,0.1,0.7,1,False,False,False,False,True,1e-06,False,2,0.1288020839316837,-6.569574355646285,1.1692584642761243,1.636543036712425,1.069109929690305,0.644392334846474,1.6831234517402989,0.1288020839316837,0.1288020839316837,0.9,0.5799531013618265,0.3389976646187936
0.4045118187299344,0.0137607409587274,9.292310923359084,-1.1650076695234302,0.2664494963846409,0.8904040112417326,0.1069170981442244,3,1,0.1,0.7,1,False,False,False,False,True,1e-06,False,2,0.2813733204420748,-4.95291380705957,1.0976235970006654,1.728021684658759,1.6388859106485616,0.1230856862441891,0.6467879657303355,0.2813733204420748,0.2813733204420748,0.9,0.1107771176197702,4.768033612175256
0.3145581941232167,0.0135249612201039,8.220021551893712,-0.5455293994273706,0.3010532853863873,0.7973451615766916,0.1021834817958095,3,1,0.1,0.7,1,False,False,False,False,True,1e-06,False,2,0.3893130052459296,-1.334184569620513,0.9702679780493192,0.8980171485840541,1.0125405711357387,0.2541619968227731,1.035910764291118,0.3893130052459296,0.3893130052459296,0.9,0.2287457971404958,-12.973098712388012
0.5774238500202454,0.0010241282125707,91.26423479212266,-7.767309767787166,0.2082782212557579,0.7292069116369757,0.0109557421264255,3,1,0.1,0.7,1,False,False,False,False,True,1e-06,False,2,0.0891393611603259,-2.797672984433116,1.0828060321323412,1.853260295415838,1.3236607859084,0.3713528822088761,1.7823756161947122,0.0891393611603259,0.0891393611603259,0.9,0.3342175939879885,0.3600730209976167
0.3608345351370733,0.0213789996758672,7.282615855162375,-0.3245509190287748,0.4249418732575442,0.6265366788290121,0.1011652772418091,3,1,0.1,0.7,1,False,False,False,False,True,1e-06,False,2,0.4363374735078303,-1.821582441302203,1.8978897855685928,0.8679654262011702,1.4990756801675975,0.5960757506950517,1.648858522298528,0.4363374735078303,0.4363374735078303,0.9,0.5364681756255465,1.953304704213872
0.6537489165384817,0.0021902575000475,110.46542184239416,-6.763090825196922,0.7754987637116467,0.8542072128578028,0.005049339681896,3,1,0.1,0.7,1,False,False,False,False,True,1e-06,False,2,0.0713451526204386,-3.87863085385667,1.0586842700723362,0.3156686802305941,1.5559965234421766,0.1706761368291873,1.5917604629138964,0.0713451526204386,0.0713451526204386,0.9,0.1536085231462686,0.5484707399329755
0.4270553420645294,0.0006653533337795,68.91357449361809,-1.2570260653126006,0.1542345435445365,0.5308303713049793,0.0107267434630181,3,1,0.1,0.7,1,False,False,False,False,True,1e-06,False,2,0.2195821172719051,-4.422878742364373,1.6324013594070572,0.8010800920960287,1.840619451836796,0.8838409670148043,1.4747973290633538,0.2195821172719051,0.2195821172719051,0.9,0.7954568703133239,0.4958771503333399
0.2324020183827928,0.0133608604807679,7.407602958793473,-0.2440521304746481,0.2539712505459129,0.8924786813168737,0.1041486183874436,3,1,0.1,0.7,1,False,False,False,False,True,1e-06,False,2,0.5190922130835061,-2.915264311654795,1.6751620239218217,0.6829818301966768,0.5471575962351491,0.1204749434736927,1.9988129460033104,0.5190922130835061,0.5190922130835061,0.9,0.1084274491263235,-10.100345261476136
0.5533453953491488,0.0020413556672871,132.5933276372373,-4.842746728779416,0.2120063268339121,0.8143031624911542,0.0050116875330799,3,1,0.1,0.7,1,False,False,False,False,True,1e-06,False,2,0.1079612452604121,-5.753759037307647,0.475214168288496,0.497740278157154,1.2852166642418186,0.2280438613805126,1.6374607602524862,0.1079612452604121,0.1079612452604121,0.9,0.2052394752424613,0.6335100356642266
0.3692387601208531,0.0119878826932084,7.7600092750556176,-0.4652551607034784,0.2864294635082725,0.7688656767715606,0.1033921245623585,3,1,0.1,0.7,1,False,False,False,False,True,1e-06,False,2,0.399209668524109,-7.03487817918373,1.4205577073807265,1.048593530392125,1.6707465866848714,0.3006172992387489,1.1213152693435722,0.399209668524109,0.399209668524109,0.9,0.270555569314874,2.129080241731123
0.5203474879256107,0.0279406286257861,49.36741558395021,-1.1227005281735694,0.5205645802861871,0.8328002395446211,0.0108486203346136,3,1,0.1,0.7,1,False,False,False,False,True,1e-06,False,2,0.231008283021625,-4.028057010749308,1.6592318095676215,0.3368255431180702,1.8536858720402671,0.2007681464486662,1.3035476641524348,0.231008283021625,0.231008283021625,0.9,0.1806913318037996,1.9341137577015408
0.3200598083270929,0.0033191093219071,7.64886072856636,-0.3443557542921707,0.3785160913204827,0.4761503184836939,0.105636921882291,3,1,0.1,0.7,1,False,False,False,False,True,1e-06,False,2,0.4646944104382384,-1.200762408077475,1.4677104910184284,0.9904287681643054,1.7725623279424971,1.1001771104228415,1.9919293982142063,0.4646944104382384,0.4646944104382384,0.9,0.9901593993805574,1.3684396467780862
0.3143471825874791,0.001248884227724,7.945290178706946,-0.4269156705989013,0.238814220127642,0.7133277262865444,0.1076126893519312,3,1,0.1,0.7,1,False,False,False,False,True,1e-06,False,2,0.4419177484810759,-9.452311467634823,1.0712054283442831,1.045744441987411,1.5742212342140078,0.4018801781417074,1.889428376557714,0.4419177484810759,0.4419177484810759,0.9,0.3616921603275366,1.7444865711837216
0.3978577376182074,0.0461849204945821,2.5883774912409896,-1.995132744787948,2.005021162205049,0.7339479282803045,0.3811390742877369,3,1,0.1,0.7,1,False,False,False,False,True,1e-06,False,2,0.1740922787560457,-0.2498204199717832,1.4698604676169702,1.931198260070396,0.8055664798953273,0.3624944787882644,1.4624677050902275,0.1740922787560457,0.1740922787560457,0.9,0.326245030909438,-0.7093820363144713
0.341803525424733,0.0250476580618242,7.418621475382469,-0.4059545469798825,0.3279015517981565,0.8918018893682985,0.1016664503500602,3,1,0.1,0.7,1,False,False,False,False,True,1e-06,False,2,0.4102792154137076,-2.261847420212124,1.8765436505916344,0.820787518513105,1.0440932325458188,0.1213252762991371,1.385237452856331,0.4102792154137076,0.4102792154137076,0.9,0.1091927486692234,-7.659192337588152
0.5349022238610367,0.0012920550149034,96.4344216299079,-4.701718687987373,0.1027497059644657,0.7700388727311068,0.0103725667636884,3,1,0.1,0.7,1,False,False,False,False,True,1e-06,False,2,0.1244954070874469,-4.630617204390036,0.8161482201073998,1.795217246220995,1.407795822542092,0.2986357382884932,0.133873352211361,0.1244954070874469,0.1244954070874469,0.9,0.2687721644596439,0.5949361839965494
0.2663687393603069,0.006675379607013,50.30755172027951,-0.1832483483220106,0.3993272338350838,0.4118540403922054,0.0102406378622717,3,1,0.1,0.7,1,False,False,False,False,True,1e-06,False,2,0.6728412278413024,-0.6563632328611178,1.2611604195808022,0.2029849400527183,1.1578009810476968,1.4280446515656555,1.6964220179370657,0.6728412278413024,0.6728412278413024,0.9,1.28524018640909,4.054424809460495
0.3170420644384387,0.0011245278322677,7.560168832941656,-0.2573489988649833,0.3723136775560996,0.4550831569893936,0.1029039595601477,3,1,0.1,0.7,1,False,False,False,False,True,1e-06,False,2,0.492994462840539,-1.4347176316274322,1.890026668197272,0.9624850053200876,1.846831247431704,1.1974005951253135,1.7319765359960588,0.492994462840539,0.492994462840539,0.9,1.0776605356127822,1.2688312355714484
0.3462573228356299,0.0071340792316572,23.607129553258364,-1.1024894821758888,0.2401059207808006,0.8018884801897341,0.0337863902800799,3,1,0.1,0.7,1,False,False,False,False,True,1e-06,False,2,0.259992528273557,-7.189338586650926,0.6849634812610681,0.7368835162972542,0.9616613733329228,0.2470561988412538,1.5358284741077863,0.259992528273557,0.259992528273557,0.9,0.2223505789571284,1.537395483536225
0.1702945313581899,0.0018046214366129,62.28665381188932,-0.9620559740510636,0.5259664917603226,0.875345036946598,0.0105236036335253,3,1,0.1,0.7,1,False,False,False,False,True,1e-06,False,2,0.1107568053649951,-9.967624836810366,0.741692006179903,0.3207440189914292,0.1701823370467043,0.142406659993443,0.6962344626316809,0.1107568053649951,0.1107568053649951,0.9,0.1281659939940987,0.9637024028880627
0.1543048155069179,0.0048137981046619,59.4463991903564,-0.3453006380632958,0.4061270220524171,0.6136661758534222,0.0100695332459292,3,1,0.1,0.7,1,False,False,False,False,True,1e-06,False,2,0.2659540441968976,-3.40691821523066,1.8607609166705696,0.2828205968402096,0.2161253582443393,0.6295504613877497,1.58710296495941,0.2659540441968976,0.2659540441968976,0.9,0.5665954152489747,0.7858483043962574
0.2324629979801566,0.0069017444343296,9.562791642531549,-0.738971881580152,0.2483891805252328,0.8548859967681006,0.1037479709395153,3,1,0.1,0.7,1,False,False,False,False,True,1e-06,False,2,0.3370852444618006,-7.433554795409043,1.0672533393952863,1.7373434844433548,0.5654329487828791,0.1697466139116834,0.8333844066043916,0.3370852444618006,0.3370852444618006,0.9,0.1527719525205151,3.169644462977203
0.5338463099148635,0.015362020747841,9.560404757144372,-2.653970360870684,0.7817207524399687,0.894250196740709,0.1042002849607338,3,1,0.1,0.7,1,False,False,False,False,True,1e-06,False,2,0.1356069160059946,-7.95680472334082,1.3048964964575127,1.352732786544112,1.2879999908345017,0.118255275363337,1.95390331742004,0.1356069160059946,0.1356069160059946,0.9,0.1064297478270033,1.4982666666362383
0.3277142253669595,0.0090580194737423,51.47386710166801,-0.3863314319121588,0.2434058515187978,0.8297530804279418,0.0102338630448321,3,1,0.1,0.7,1,False,False,False,False,True,1e-06,False,2,0.457399162392833,-1.5416331078637668,1.5075208341768296,0.2712524863488047,1.41524900674611,0.2051778096253093,0.6673380046325116,0.457399162392833,0.457399162392833,0.9,0.1846600286627783,-6.023244494254295
0.3834341811471142,0.0334730415523962,2.566836411953928,-2.3651579805612872,2.7019352479093266,0.7851397638061268,0.3881757501975368,3,1,0.1,0.7,1,False,False,False,False,True,1e-06,False,2,0.1348602774021083,-0.2268657866469539,1.706663274775608,1.6071183347992453,0.6249769960427505,0.2736585842402044,1.427543701213244,0.1348602774021083,0.1348602774021083,0.9,0.2462927258161839,-0.5354450048030602
0.3172780382040054,0.0018240792444777,96.25946888081164,-6.280966970950664,0.1211874507668306,0.7337856231410645,0.0103825797603632,3,1,0.1,0.7,1,False,False,False,False,True,1e-06,False,2,0.15955468982749,-5.923374847834417,0.4063300898002601,1.7528094422534592,0.9902352410891812,0.3627958472658136,1.047407143012641,0.15955468982749,0.15955468982749,0.9,0.3265162625392322,0.647415169603969
0.2067208675505319,0.0002660859213316,193.66528779890203,-1.0259022066452967,0.0751218369229005,0.5711240218255862,0.0051634836020784,3,1,0.1,0.7,1,False,False,False,False,True,1e-06,False,2,0.1475609441510317,-4.550343791979444,1.5507222482524068,1.6794903259776324,0.253305336815904,0.750933180508711,1.215749459831707,0.1475609441510317,0.1475609441510317,0.9,0.67583986245784,0.3595931519893649
0.3193502697564934,0.0013343232112157,90.9141446689174,-3.775579513386819,0.1230379398951774,0.6435545704272246,0.0109964773456975,3,1,0.1,0.7,1,False,False,False,False,True,1e-06,False,2,0.1694516847853942,-2.265224633700232,0.5674909963999224,1.4494416590979309,0.7371217509692203,0.5538697819147622,1.4148750900725506,0.1694516847853942,0.1694516847853942,0.9,0.498482803723286,0.549625520346163
0.5059636191799904,0.0052468515919745,29.88991279074574,-2.478311291391711,0.2594298062345986,0.7394028759738687,0.0334302697997219,3,1,0.1,0.7,1,False,False,False,False,True,1e-06,False,2,0.1572261233772112,-4.681261569770324,1.2139356672860826,1.5560232145416597,1.3418530800664967,0.3524426702870185,0.4867425643326261,0.1572261233772112,0.1572261233772112,0.9,0.3171984032583166,0.6668811387755592
0.1289314502445469,0.0082306309792122,9.649104403394386,-0.4720337541736717,0.5263017903383201,0.8014957253898968,0.1035050535352331,3,1,0.1,0.7,1,False,False,False,False,True,1e-06,False,2,0.250088254930347,-4.503877468214266,1.4962510495873718,1.1900001214305331,0.1677656355194179,0.2476672904444232,1.918781146239424,0.250088254930347,0.250088254930347,0.9,0.2229005613999809,1.6239564215032014
0.2800925627565869,0.0043569193248892,2.478519997462312,-0.1239901669618681,0.2883790816718659,0.4515909985208229,0.3768125348463367,3,1,0.1,0.7,1,False,False,False,False,True,1e-06,False,2,0.8285431143612245,-0.589248035327298,1.9882785615756744,1.9813266097842976,1.5064849137345564,1.2143931196048627,0.6133141626392123,0.8285431143612245,0.8285431143612245,0.9,1.0929538076443766,-9.570322082344658
0.5857381193782432,0.0051612705669011,21.71044761085085,-3.983688793250373,0.8571012271446897,0.9068190259287096,0.0342801932668193,3,1,0.1,0.7,1,False,False,False,False,True,1e-06,False,2,0.0889688894907068,-9.099438537495928,1.2824428061105422,0.7463743530562285,1.2250149332113909,0.1027558657317099,0.7550164975913457,0.0889688894907068,0.0889688894907068,0.9,0.0924802791585389,1.0552009921818213
0.1303102469653612,0.00157838145691,9.805336567560747,-0.2017031619690485,0.2493462952405404,0.7369666426755982,0.1018576638209989,3,1,0.1,0.7,1,False,False,False,False,True,1e-06,False,2,0.4466338548562709,-7.368218095208617,1.210087586306901,1.0243714782737894,0.2049223699559978,0.3569135183234952,1.1131165174446274,0.4466338548562709,0.4466338548562709,0.9,0.3212221664911457,2.0453902525010434
0.3354918824583222,0.0526855710988091,2.5761752275976684,-0.5094925091517915,0.6478117537623871,0.620435354964003,0.3729582037899073,3,1,0.1,0.7,1,False,False,False,False,True,1e-06,False,2,0.4646188113383713,-0.4130046433489767,1.3849782775273038,1.9656201272737093,1.309619416127181,0.6117714633751308,1.890781237891057,0.4646188113383713,0.4646188113383713,0.9,0.5505943170376177,-1.459193340698635
0.2496721281211489,0.0018432561115059,9.852692085693011,-0.3418226893407994,0.2115182626378318,0.8195876685735428,0.1011821511227257,3,1,0.1,0.7,1,False,False,False,False,True,1e-06,False,2,0.3881557532879501,-1.5359543459208886,1.7904377573410022,1.597045616486086,0.5380819323380256,0.2201257270505997,0.3661379145558485,0.3881557532879501,0.3881557532879501,0.9,0.1981131543455398,-14.533209352819956
0.1251831922281019,0.0007238298762181,29.07511442965291,-0.4618009468654742,0.2312015594058591,0.6123089273807509,0.0343716781835231,3,1,0.1,0.7,1,False,False,False,False,True,1e-06,False,2,0.28727971027196,-6.6727621053543125,0.9064475761145032,0.8701644429726536,0.1780334291832132,0.6331625349276867,1.4200198903698322,0.28727971027196,0.28727971027196,0.9,0.569846281434918,0.7950627949579052
0.6424396283924745,0.0005778069149121,195.1246256453502,-4.899194933396,0.0813889383519091,0.6502909880638386,0.0051248269450968,3,1,0.1,0.7,1,False,False,False,False,True,1e-06,False,2,0.1021942499439313,-8.413836474213413,1.5975388624576938,1.803876213980144,1.930447995775626,0.5377731175044839,1.5043495116937922,0.1021942499439313,0.1021942499439313,0.9,0.4839958057540355,0.2989791768865598
0.2800795734102722,0.0202594856020299,2.3431422525959893,-0.1259069516723044,0.3060396120793792,0.5331639310743421,0.4146454362063841,3,1,0.1,0.7,1,False,False,False,False,True,1e-06,False,2,0.8359485339704862,-0.8535643437734244,1.7944623475917574,1.5707799474436457,1.2363103167609144,0.875595744042491,1.705575179952283,0.8359485339704862,0.8359485339704862,0.9,0.7880361696382419,-15.10992752974756
0.5604081998792512,0.0033563150659453,64.27100997221339,-3.561985278686677,0.4755279644635567,0.7454919257602933,0.0104880591915006,3,1,0.1,0.7,1,False,False,False,False,True,1e-06,False,2,0.1007201879254612,-1.485809230393091,1.53459812414425,0.5463352827040882,1.1872244417040416,0.3413961512462331,1.15634790450684,0.1007201879254612,0.1007201879254612,0.9,0.3072565361216098,0.4937927553506988
0.2653678036144629,0.0027461074061358,8.487882204426283,-0.4422697004006196,0.197348488178571,0.9039462427969448,0.1013553821407846,3,1,0.1,0.7,1,False,False,False,False,True,1e-06,False,2,0.4463585887420351,-1.290285732154059,0.7974043819768837,0.8820409136954002,0.8565838063357841,0.106260475076317,0.7579777630951307,0.4463585887420351,0.4463585887420351,0.9,0.0956344275686853,-2.060223655403514
0.3000638938931598,0.0097238695346471,2.488329179868769,-0.190171756683701,0.2059176244528506,0.7132971091955591,0.3802333495925745,3,1,0.1,0.7,1,False,False,False,False,True,1e-06,False,2,0.7775007643894605,-0.8399084645442318,1.6774913051878206,1.7276632878115148,1.8249637837296564,0.4019403515146417,0.906421983898528,0.7775007643894605,0.7775007643894605,0.9,0.3617463163631775,-2.081137589904998
0.4905273058273902,0.0037726632856852,71.27472843447713,-4.009093227565168,0.1711008596782045,0.7851730594981843,0.010857624850602,3,1,0.1,0.7,1,False,False,False,False,True,1e-06,False,2,0.1591264026912063,-6.367439863960595,0.3915085071207133,0.7656043984846984,1.6562184802356368,0.2736045740529034,0.5675856955709919,0.1591264026912063,0.1591264026912063,0.9,0.246244116647613,0.8151760108476142
0.3196400563671243,0.0005935105132203,159.5052404784281,-1.970671718108392,0.2247846579715673,0.675730543923388,0.005094409054885,3,1,0.1,0.7,1,False,False,False,False,True,1e-06,False,2,0.0911080842419478,-0.7816671363873855,1.3844520742906017,0.52602110700368,0.3810531145228869,0.4798798263489131,1.3805003140645578,0.0911080842419478,0.0911080842419478,0.9,0.4318918437140218,0.3710988616657228
0.4320571853246314,2.7420331595591776e-05,159.74851336792966,-2.041099870313725,0.0771152265681876,0.5276619347432467,0.0051858990929236,3,1,0.1,0.7,1,False,False,False,False,True,1e-06,False,2,0.1796316970991245,-2.828134601101727,1.1275151380066626,0.8910857973578138,1.5841971771299104,0.8951528131105131,1.9889280122559687,0.1796316970991245,0.1796316970991245,0.9,0.8056375317994618,0.4093487640371375
0.1846131661581301,0.0007790740350334,97.68262902417804,0.1202389843004703,0.1628383612777525,0.6222449866038229,0.0102370570536546,3,1,0.1,0.7,1,False,False,False,False,True,1e-06,False,2,0.147592838827043,-4.717821551539711,1.91942641581488,1.036070045763453,0.2043112569863416,0.6070840609868825,1.1272233898838748,0.147592838827043,0.147592838827043,0.9,0.5463756548881943,0.41193837817145
0.4090789822928412,0.0006332539719901,160.13036232573288,-1.946730785575489,0.1317958738324831,0.3976940240294493,0.0050878902190096,3,1,0.1,0.7,1,False,False,False,False,True,1e-06,False,2,0.1676921046564691,-0.2015594786868888,0.9272155021674312,0.7487646330346396,0.9695141611858415,1.514495917911881,0.9204897059224548,0.1676921046564691,0.1676921046564691,0.9,1.363046326120693,0.6177980064568644
0.5280691183958882,0.0053494926901585,108.25841166647868,-3.3285707982720734,0.558640366542245,0.8068601505786885,0.0051426512073637,3,1,0.1,0.7,1,False,False,False,False,True,1e-06,False,2,0.1101382449079926,-4.012479143902764,1.040994653136796,0.283538858192199,1.0818321003922091,0.2393721505304104,1.309576896273179,0.1101382449079926,0.1101382449079926,0.9,0.2154349354773694,0.6441119138327597
0.2678733301687807,0.0019337197062094,9.280178609185636,-0.5709146053371023,0.2198772207100745,0.7785349030730723,0.1070371520498521,3,1,0.1,0.7,1,False,False,False,False,True,1e-06,False,2,0.3901198368092401,-6.478658108180768,0.8509934745624128,1.2794395307265425,0.9097517766227348,0.2844639284028878,1.4136315312902494,0.3901198368092401,0.3901198368092401,0.9,0.256017535562599,2.23455883350478
0.1449509215959655,0.0044629276782658,8.071047626247523,-0.1352288780003291,0.2125685332099272,0.8677485985153737,0.1051621584341962,3,1,0.1,0.7,1,False,False,False,False,True,1e-06,False,2,0.5879122768736242,-6.621125352814497,1.9107275362497729,0.7004352834157986,0.2537555800053472,0.1524075080166012,1.532456580172067,0.5879122768736242,0.5879122768736242,0.9,0.1371667572149411,10.65038268060662
0.102805244389779,0.0002516239315618,9.154382744037486,-0.2624341549548602,0.2180922815027473,0.7737598418372887,0.1087345069174406,3,1,0.1,0.7,1,False,False,False,False,True,1e-06,False,2,0.4601935922452777,-3.8322345620731824,1.2297863652727477,1.6045227569461906,0.161466350048966,0.2923906694685849,0.7789945969629826,0.4601935922452777,0.4601935922452777,0.9,0.2631516025217265,3.451712533697327
0.3314965634366275,0.014116821402167,9.951602586000089,-1.1015604681412856,0.7340810589479684,0.8601984455544929,0.100324549248957,3,1,0.1,0.7,1,False,False,False,False,True,1e-06,False,2,0.1659189823495179,-6.519047783673059,1.6881230752187435,1.0652369613919077,0.5143271037808919,0.1625224448707176,1.5533218127208863,0.1659189823495179,0.1659189823495179,0.9,0.1462702003836458,1.407186766042668
0.5034280525946708,0.0237073621591465,9.252704649925027,-2.995575057831452,0.8720468299705656,0.7323219919470678,0.1008215841353691,3,1,0.1,0.7,1,False,False,False,False,True,1e-06,False,2,0.1701717157235646,-0.4271913225248642,0.7159028307759988,1.1277801418820363,1.5641039315340293,0.3655195542349351,1.10236137446205,0.1701717157235646,0.1701717157235646,0.9,0.3289675988114416,-7.077940364835805
0.3020520410365182,0.0138670479394444,9.84552200958714,-1.185276443248396,0.3471671141943782,0.7953532331423973,0.1007023568358489,3,1,0.1,0.7,1,False,False,False,False,True,1e-06,False,2,0.283341270229702,-1.926352905078314,0.90429001082214,1.5561941505695536,0.8365943114119556,0.2573029923434831,1.1648780451479483,0.283341270229702,0.283341270229702,0.9,0.2315726931091347,3.2322486470742176
0.5397670634055933,0.015974536663627,54.01417094587282,-4.258338418182568,1.1818931324372266,0.6697804940150738,0.0100128889549385,3,1,0.1,0.7,1,False,False,False,False,True,1e-06,False,2,0.1309851115745542,-0.1159524036087482,0.3601481281617721,0.2769379189640465,1.4186988796399858,0.4930264600651307,0.8369090867809631,0.1309851115745542,0.1309851115745542,0.9,0.4437238140586176,-0.3071919366767746
0.3169554601645068,0.0001510384145577,173.52240231054745,-1.605834623812275,0.0786239662390354,0.5662837037908844,0.005056461928808,3,1,0.1,0.7,1,False,False,False,False,True,1e-06,False,2,0.17877674340242,-7.154857471548302,0.8325635738823504,0.7265315523075933,0.6317302891184411,0.76589930684157,1.4615414522450447,0.17877674340242,0.17877674340242,0.9,0.6893093761574131,0.4260985062253948
0.262212951714,0.0035130223639972,7.736990302096184,-0.2256085251396238,0.2055675108163296,0.8521495559626632,0.1032116979632393,3,1,0.1,0.7,1,False,False,False,False,True,1e-06,False,2,0.5387099834766116,-5.87547265334487,1.9314863108857667,0.8545136472655938,0.7732496540800898,0.173502929154627,0.9281583238314997,0.5387099834766116,0.5387099834766116,0.9,0.1561526362391643,7.726918371215207
0.2277733186340644,0.0029106967713907,8.630543351030738,-0.1948858536282065,0.3283214482784804,0.5537581777688431,0.1022656925724755,3,1,0.1,0.7,1,False,False,False,False,True,1e-06,False,2,0.4914441309005147,-4.139057197800176,1.9527985348022696,0.8480476823508931,0.5576059164687173,0.8058424058478337,1.6040725214436846,0.4914441309005147,0.4914441309005147,0.9,0.7252581652630504,1.291600867968654
0.3688549377747754,0.0048982327288956,9.412407308079146,-0.5204285775821275,0.3120457619782214,0.5784742424738961,0.1056645625006993,3,1,0.1,0.7,1,False,False,False,False,True,1e-06,False,2,0.3402832493259872,-7.564009575262888,1.8710893573073049,1.7160072075439037,1.6091424541859538,0.7286854393436983,1.2927793893259685,0.3402832493259872,0.3402832493259872,0.9,0.6558168954093285,0.86038346057984
0.3816515953878601,0.0108412921702575,18.555741048884222,-0.7001739271282355,0.2654941455679261,0.8061169288494818,0.0336669013091961,3,1,0.1,0.7,1,False,False,False,False,True,1e-06,False,2,0.346830354594297,-3.986522391971597,0.9114648719647565,0.6039659641827082,1.7709061820055754,0.2405148238571726,1.1623945405611686,0.346830354594297,0.346830354594297,0.9,0.2164633414714554,2.802662497288524
0.2012017786561588,0.0041333687536362,9.653746200738391,-0.5006017197798922,0.3154276458182363,0.6284616818401686,0.103038071005505,3,1,0.1,0.7,1,False,False,False,False,True,1e-06,False,2,0.3679920890393126,-4.199206372071681,1.4777704251567785,1.9309969325582617,0.4145429603648324,0.591186907484873,1.172340333861774,0.3679920890393126,0.3679920890393126,0.9,0.5320682167363857,1.1628249258633294
0.5104585652888087,0.020429034230484,9.28351941375369,-1.676283843048492,0.4758285403460895,0.7953168043108295,0.1070644473396097,3,1,0.1,0.7,1,False,False,False,False,True,1e-06,False,2,0.2103322837552141,-4.746215497266027,1.358345850472266,1.7433658115281618,1.8584564909107173,0.2573605820721162,1.2021692891645672,0.2103322837552141,0.2103322837552141,0.9,0.2316245238649046,1.2413517303849844
0.412971915653769,0.0082292946201979,9.287885542285542,-0.8506454480806862,0.2300727951700319,0.8320708698833313,0.1067875880186462,3,1,0.1,0.7,1,False,False,False,False,True,1e-06,False,2,0.3083863568826916,-8.42418660651266,1.5360453688548383,1.885045490294009,1.9375941629038247,0.2018207056572174,0.472652147017955,0.3083863568826916,0.3083863568826916,0.9,0.1816386350914957,2.24331076028429
0.2644700131268803,0.0148199357577801,9.221382178952132,-0.7825347196263481,0.5246689209305976,0.7660563789056801,0.1081421245774156,3,1,0.1,0.7,1,False,False,False,False,True,1e-06,False,2,0.242436637674929,-3.682906046706269,1.4741637493577673,1.3772701156422955,0.4564624648949906,0.305386950016017,1.9154074885417176,0.242436637674929,0.242436637674929,0.9,0.2748482550144153,1.3210652853919924
0.3187447713328073,0.0434840611715323,1.73864729975093,-0.1337302385928662,0.3205954780245765,0.5642636510344544,0.5425880156111559,3,1,0.1,0.7,1,False,False,False,False,True,1e-06,False,2,0.924788701110432,-0.5096907926114405,1.8121962774620752,1.759262879976721,1.991266963617496,0.7722211915772319,1.7802527134959736,0.924788701110432,0.924788701110432,0.9,0.6949990724195088,-1.5725827954976652
0.2931964385145106,0.0151598201035126,2.001833929286431,-0.1220914066676859,0.2679951645091074,0.5135283572537709,0.4666916061129498,3,1,0.1,0.7,1,False,False,False,False,True,1e-06,False,2,0.9060920930983806,-0.7066678730791249,1.7737317167727884,1.9637470374085364,1.7945573005371511,0.9473121315982724,1.059687329458969,0.9060920930983806,0.9060920930983806,0.9,0.8525809184384453,-5.268704267133384
0.4584609182550772,0.0070104957069496,29.17909813695624,-3.059820184444671,0.2981928856576553,0.7658139180696738,0.0342286065304426,3,1,0.1,0.7,1,False,False,False,False,True,1e-06,False,2,0.1668752675996756,-2.616493254267777,0.6849496645182067,1.2963936950542096,1.2849321650056396,0.305800242597602,1.9018761132352435,0.1668752675996756,0.1668752675996756,0.9,0.2752202183378418,0.9003550895236796
0.1087634057853658,0.0004019499313883,98.37575470953855,0.2787065271719705,0.1425482886334678,0.600264267287729,0.010165046230724,3,1,0.1,0.7,1,False,False,False,False,True,1e-06,False,2,0.1568397251426161,-9.101673344415516,1.867907669924284,1.5334933630200465,0.1095384793481626,0.6659329140454442,1.3140913916637935,0.1568397251426161,0.1568397251426161,0.9,0.5993396226408998,0.4027810674723373
0.2736540846764114,0.0072049659745574,2.7410779597800987,-0.1807024574337082,0.2130416931218681,0.6363743691507663,0.3545587727659717,3,1,0.1,0.7,1,False,False,False,False,True,1e-06,False,2,0.8229481895591999,-0.8529501688876078,1.2364520769198144,1.369227369002581,1.56890328387441,0.5714020684624486,1.7851783565806776,0.8229481895591999,0.8229481895591999,0.9,0.5142618616162037,-3.2869980156950374
0.4404450232477004,0.0115760231346495,20.60137803631248,-0.8640573663855431,0.2932855705956663,0.7765034388497254,0.0344757849758337,3,1,0.1,0.7,1,False,False,False,False,True,1e-06,False,2,0.2626782573865165,-9.621946534836578,1.6549357357826429,0.822081074002575,1.5131608281394653,0.287824303111074,0.5835507089777708,0.2626782573865165,0.2626782573865165,0.9,0.2590418727999666,1.2984712771888347
0.3261615734896761,0.0062337448324421,2.8727957052809088,-0.2156993236328372,0.2089084735011379,0.7874851809818618,0.3384578952088509,3,1,0.1,0.7,1,False,False,False,False,True,1e-06,False,2,0.6336285737504335,-8.897634734166287,1.990989065468956,1.9558891400181604,1.973885857925948,0.269865165911018,1.661453205518857,0.6336285737504335,0.6336285737504335,0.9,0.2428786493199162,4.050413682799725
0.2826086326457215,0.0021558529123411,17.663579247080655,-0.2268610983090585,0.295700283792975,0.584864273327712,0.0335118933985962,3,1,0.1,0.7,1,False,False,False,False,True,1e-06,False,2,0.5107815349762308,-4.017386216819652,1.846568703094518,0.4619445782685198,1.0611442414488637,0.7097984021323159,1.2434200024181443,0.5107815349762308,0.5107815349762308,0.9,0.6388185619190844,1.498884376170257
0.530548957734906,0.0030051503799982,29.03337593861488,-4.744118489493181,0.5151196377692395,0.7890911470718229,0.0344185960635637,3,1,0.1,0.7,1,False,False,False,False,True,1e-06,False,2,0.0942770717301142,-9.867043275555291,1.3913546922385525,1.6452690583353569,1.0322314532590098,0.2672807237932176,1.907141812005133,0.0942770717301142,0.0942770717301142,0.9,0.2405526514138958,0.4635757549832391
0.3714157629587688,0.0110412829772449,9.798308772468689,-0.7440662008263624,0.3281251298615046,0.7004214191705023,0.1015565701434096,3,1,0.1,0.7,1,False,False,False,False,True,1e-06,False,2,0.3003422512820539,-7.823065491264748,1.4325477429966489,1.550421453094892,1.1861775587855732,0.427711906903538,1.0056703419142183,0.3003422512820539,0.3003422512820539,0.9,0.3849407162131842,1.1014132001340518
0.5796113564311067,0.0392864954688506,7.170085429661296,-1.9182777244690976,1.4733449253828286,0.6650144920830625,0.1005520644813435,3,1,0.1,0.7,1,False,False,False,False,True,1e-06,False,2,0.1708447047581524,-0.3909276405374875,1.442533817399792,0.8730910318020799,1.9981356421498253,0.5037266283741328,1.9974407655679247,0.1708447047581524,0.1708447047581524,0.9,0.4533539655367196,3.851470058456868
0.3459167371364091,0.0064214936315412,9.034275779297468,-0.8382137373138756,0.2048880693788266,0.9037094140982644,0.1098920395626174,3,1,0.1,0.7,1,False,False,False,False,True,1e-06,False,2,0.3401241543036606,-6.508276714307303,0.914960727676132,1.5270949632158548,1.6200206217782054,0.1065503848909397,0.6424256111427044,0.3401241543036606,0.3401241543036606,0.9,0.0958953464018458,6.932465720581101
0.2784752699616796,0.0066770807227855,7.686772963448503,-0.2259090644866118,0.3086656302271038,0.6415423505926471,0.109327159303506,3,1,0.1,0.7,1,False,False,False,False,True,1e-06,False,2,0.4802793426372088,-7.281440030349386,1.9823081159065807,0.9090722958046176,0.833508235115357,0.5587435483818256,1.3849400344402172,0.4802793426372088,0.4802793426372088,0.9,0.502869193543643,1.5191891094818024
0.3807040992592076,0.0180159952502183,48.96926386044843,-0.6531443964114549,0.3022671519257254,0.8956788155250344,0.0109539144005575,3,1,0.1,0.7,1,False,False,False,False,True,1e-06,False,2,0.3281925650020129,-4.124984397744228,1.183101508491068,0.2932429844827548,1.239139908314394,0.1164716443737859,1.135361539296226,0.3281925650020129,0.3281925650020129,0.9,0.1048244799364073,9.927460366560585
0.3074347709107741,0.0081159654031815,2.683096910881459,-0.2288272433341682,0.1687123420102731,0.8909522825069992,0.3540189067415737,3,1,0.1,0.7,1,False,False,False,False,True,1e-06,False,2,0.7288802600091119,-0.96462298850504,1.7697055272567372,1.7324161118538883,1.9216110241511384,0.1223945654936285,0.8960124068531294,0.7288802600091119,0.7288802600091119,0.9,0.1101551089442657,-1.2919603834870046
0.354976147426038,0.0039418611102346,23.067993326733664,-0.6863591104155036,0.2923528004980681,0.5561294944280318,0.0339118199204936,3,1,0.1,0.7,1,False,False,False,False,True,1e-06,False,2,0.2901214368850373,-4.185866073688239,1.5939565848174946,0.7994806345109248,1.1900755377259122,0.7981423571653583,1.6477989614863675,0.2901214368850373,0.2901214368850373,0.9,0.7183281214488225,0.7157743181970218
0.3869950762694554,0.0005763484314075,191.8104764369235,-5.832159038935228,0.0869403879758655,0.6497240022370371,0.0052132929875409,3,1,0.1,0.7,1,False,False,False,False,True,1e-06,False,2,0.1169636573436624,-4.568977685360164,1.0154603018123276,1.8570482395746108,0.6855147817265675,0.5391150650998617,0.9248091704212772,0.1169636573436624,0.1169636573436624,0.9,0.4852035585898755,0.350564905912195
0.4443728764599626,0.0179349098437676,9.31312160026505,-1.456277661568527,0.432790642195229,0.850475790268994,0.1017295242361088,3,1,0.1,0.7,1,False,False,False,False,True,1e-06,False,2,0.2157579244702894,-0.3131991504459535,1.4581736504406944,1.521036557980872,1.1553431208320026,0.1758124234009216,0.2762421891806013,0.2157579244702894,0.2157579244702894,0.9,0.1582311810608295,-0.4944549552487476
0.1387121667990651,0.0008688813353209,8.730159891189906,-0.1256866158875991,0.2594219156895506,0.6272926629874435,0.1029548743600345,3,1,0.1,0.7,1,False,False,False,False,True,1e-06,False,2,0.5845517486586225,-2.7121731777442184,1.6354877708270443,0.7397986266143332,0.2379547356983693,0.5941522338832408,1.1344432993333695,0.5845517486586225,0.5845517486586225,0.9,0.5347370104949167,2.4611914672111075
0.2987183769437481,0.0103156441838223,20.837593107273605,-0.5992644672633166,0.3403159665352357,0.7474134924893616,0.0338926512278524,3,1,0.1,0.7,1,False,False,False,False,True,1e-06,False,2,0.285430165941034,-5.653533798972502,1.1294824026988837,0.5580193636118966,0.6220293837603074,0.3379474816133768,1.0457473757105646,0.285430165941034,0.285430165941034,0.9,0.3041527334520392,1.3284978085805847
0.361432578572037,0.0091263443431692,7.612025778707165,-0.3387693609468307,0.3671003560904266,0.5666840434062826,0.1078018654297562,3,1,0.1,0.7,1,False,False,False,False,True,1e-06,False,2,0.4225048409351336,-1.960672311157632,1.97254974884444,1.11997727339589,1.8797596152649427,0.764651769598271,1.1531934042841665,0.4225048409351336,0.4225048409351336,0.9,0.6881865926384438,1.3576575337309749
0.3041222174448142,0.0083770202069986,51.39928529841658,-0.2451206804059842,0.28058212059355,0.6679254112285493,0.0100721970477655,3,1,0.1,0.7,1,False,False,False,False,True,1e-06,False,2,0.5581634897382334,-2.2019008794779724,1.4442017992288614,0.2300505477607213,1.3386495238334073,0.4971731621359471,1.5754215346151546,0.5581634897382334,0.5581634897382334,0.9,0.4474558459223524,3.4293426437757746
0.465469627633342,0.005041266932684,29.60273877659716,-1.933828466058674,0.3910041201237759,0.6871299270756408,0.0337616188544932,3,1,0.1,0.7,1,False,False,False,False,True,1e-06,False,2,0.1379904750426166,-1.311227934651809,1.541394692017201,1.2430160360725846,0.9093006417064706,0.4553288404361957,0.9909829062331972,0.1379904750426166,0.1379904750426166,0.9,0.4097959563925761,0.5736262216221941
0.2999631437413402,0.0081812553735784,6.46499783321333,-0.2521884945019838,0.2447304855281634,0.7126006453605263,0.1050458798865375,3,1,0.1,0.7,1,False,False,False,False,True,1e-06,False,2,0.6172003790205528,-1.29470466549159,1.227059914935091,0.7416043578353593,1.520114417882874,0.4033105449884481,1.530590909138353,0.6172003790205528,0.6172003790205528,0.9,0.3629794904896033,-11.799926074101684
0.3564710331446659,0.0080427826686269,8.385189674821495,-0.4875039305721357,0.3142789677076605,0.6471038278834709,0.1061003884288362,3,1,0.1,0.7,1,False,False,False,False,True,1e-06,False,2,0.3812131138151813,-9.911581295823968,1.4044786075599385,1.168191523202475,1.6231271948359542,0.5453470631919642,1.5999124929899708,0.3812131138151813,0.3812131138151813,0.9,0.4908123568727678,1.162207944847955
0.1525279738402911,8.931336365880244e-06,7.4481151776748975,-0.0980091827548317,0.1848461991225191,0.706289096544053,0.1045044395577138,3,1,0.1,0.7,1,False,False,False,False,True,1e-06,False,2,0.7625446857196396,-5.7189343384952975,1.960033640603448,0.6399933600340553,0.302836328553643,0.4158508249569551,1.5402565851051029,0.7625446857196396,0.7625446857196396,0.9,0.3742657424612596,3.8215791612160217
0.2713755226594435,0.0156057683250871,2.14328784086747,-0.0824508428493066,0.3464931199800748,0.405664629765789,0.4512156971568948,3,1,0.1,0.7,1,False,False,False,False,True,1e-06,False,2,0.9166951202266628,-0.8377969830140835,1.9291065587352287,1.8467496562870247,1.2934153559546218,1.4650904383193362,1.9764035907311768,0.9166951202266628,0.9166951202266628,0.9,1.3185813944874023,6.0922949217810975
0.3742162584687237,0.0016032849381477,29.00386632849253,-1.652515582872521,0.2081823494889297,0.547877426794039,0.0344338294082059,3,1,0.1,0.7,1,False,False,False,False,True,1e-06,False,2,0.2492588142447447,-0.911429394792938,0.7145516073716132,1.3456745442293805,1.8209707598856888,0.825225773311382,1.79584620881973,0.2492588142447447,0.2492588142447447,0.9,0.7427031959802438,0.8245728960717437
0.2532476645455137,0.0015524803156621,53.84791047998694,-0.4069320912963033,0.3141390812563282,0.5216825811134514,0.0106720922942428,3,1,0.1,0.7,1,False,False,False,False,True,1e-06,False,2,0.3493507978730012,-1.6406115695884242,1.3815746008707956,0.3074814767302158,0.6134140361692846,0.9168744294004476,1.2411589973640476,0.3493507978730012,0.3493507978730012,0.9,0.825186986460403,0.9513116367931296
0.3501528806842027,0.0106144143218973,7.19956516205969,-0.3370567591773903,0.2816350907659932,0.7292839526487456,0.1009928939012022,3,1,0.1,0.7,1,False,False,False,False,True,1e-06,False,2,0.4745015036797127,-4.820824223617982,1.5162803298267344,0.9106897009696632,1.8217265869155392,0.3712080135152004,1.4254373076097315,0.4745015036797127,0.4745015036797127,0.9,0.3340872121636803,2.3852150232176927
0.4387244268332461,0.0199187651538137,9.476692493193672,-1.438247432090244,0.4581423548512132,0.8329170660045966,0.1049974796475809,3,1,0.1,0.7,1,False,False,False,False,True,1e-06,False,2,0.2210608955350874,-7.894427073655123,1.222195303468782,1.4924274318106012,1.2589750568179927,0.2005997245282537,1.8320801342168485,0.2210608955350874,0.2210608955350874,0.9,0.1805397520754283,1.537713632912241
0.3011224492853411,0.0054848458198322,2.9131501419744694,-0.1808234040620923,0.215644931538689,0.7268510601935962,0.3346214519611685,3,1,0.1,0.7,1,False,False,False,False,True,1e-06,False,2,0.6761416690907914,-3.6029051491863022,1.960481723659501,1.8258831021903728,1.4779412058218446,0.3757976768083004,1.487250282861907,0.6761416690907914,0.6761416690907914,0.9,0.3382179091274704,4.944582456199714
0.3423659387557063,0.041803986874128,2.4470629858101973,-0.3280419528819688,0.3076485130328247,0.8381550466903258,0.3909731602560228,3,1,0.1,0.7,1,False,False,False,False,True,1e-06,False,2,0.6040585769706185,-0.4505116573401651,1.606137694960807,1.6580079634423048,1.7676688988855196,0.1930966757866116,1.3839934539429075,0.6040585769706185,0.6040585769706185,0.9,0.1737870082079505,-0.6279347431469459
0.2072227507166432,0.0017393410662735,9.021843864588565,-0.3291277476246276,0.2174027111791034,0.8151987189178498,0.1105163430284614,3,1,0.1,0.7,1,False,False,False,False,True,1e-06,False,2,0.430882712933853,-2.6659296858970443,1.0310462623893966,1.0664356104630115,0.4366041438021278,0.2266947638576616,0.6853054415075429,0.430882712933853,0.430882712933853,0.9,0.2040252874718954,8.123083667378639
0.2078093873220203,0.0009857789529741,90.62223125334688,-1.7432478700275889,0.1240501746348173,0.721778142979488,0.0110331218299782,3,1,0.1,0.7,1,False,False,False,False,True,1e-06,False,2,0.1813959120765824,-4.461891257653371,0.4084779908572595,0.7707056730726763,0.3108416433319912,0.3854672792833779,1.37680155116139,0.1813959120765824,0.1813959120765824,0.9,0.3469205513550401,0.7288537674752645
0.1897042593094494,0.001042216525635,61.754883466826335,-0.4732718741681617,0.1460982307702674,0.9075760202768136,0.0102240291403809,3,1,0.1,0.7,1,False,False,False,False,True,1e-06,False,2,0.2689062378307005,-8.713471790193095,0.5670322015012856,0.3624787041381028,0.279762756189347,0.1018360750595818,0.2545327293728692,0.2689062378307005,0.2689062378307005,0.9,0.0916524675536236,4.174571007569735
0.2879464413174635,0.0005836045278151,8.98816295178016,-0.4782244406435528,0.2717696574865013,0.5992022873245945,0.1106231930887853,3,1,0.1,0.7,1,False,False,False,False,True,1e-06,False,2,0.390287077679746,-9.352076472778643,1.2701527144904026,1.462351063317329,1.016611322938479,0.668885485175541,1.361464621998642,0.390287077679746,0.390287077679746,0.9,0.6019969366579869,1.038573723008864
0.2634773809333159,0.0048855903120624,9.371450819434228,-0.4825950561326771,0.264353548454819,0.7344533210281357,0.1062528834993969,3,1,0.1,0.7,1,False,False,False,False,True,1e-06,False,2,0.3696594419525603,-3.799690949841541,1.1518537098977295,1.2762725590478257,0.6506831285406199,0.3615569177359494,0.7490416228630812,0.3696594419525603,0.3696594419525603,0.9,0.3254012259623545,1.90453695077705
0.2669983384499731,0.0037346862547929,2.8593757414861365,-0.1774610264863964,0.2137238411368369,0.6735338809509869,0.3419904325402196,3,1,0.1,0.7,1,False,False,False,False,True,1e-06,False,2,0.7320633365449678,-2.119424590515448,1.5841729162917488,1.804117518531926,1.1878589541041682,0.4847063054765168,1.915104171452782,0.7320633365449678,0.7320633365449678,0.9,0.4362356749288651,7.802596545219215
0.2795719167360583,0.013506497874125,2.694830717339559,-0.241050024011066,0.3797051697131973,0.4671730748322751,0.3557351378522833,3,1,0.1,0.7,1,False,False,False,False,True,1e-06,False,2,0.6930458662037141,-0.5962314942368359,1.2746869005209895,1.8386707731870344,1.4738872313796991,1.140534319874965,1.2635788470781462,0.6930458662037141,0.6930458662037141,0.9,1.0264808878874685,-67.91648873026072
0.2608887398963229,0.0061635230367151,5.946460505357884,-0.0961227090723547,0.1927838525913462,0.5707962606799365,0.1034489363270037,3,1,0.1,0.7,1,False,False,False,False,True,1e-06,False,2,0.9917969978255476,-1.396350061717543,1.6984857205288983,0.5994055534818745,1.2269412912981124,0.7519385968099948,1.9395026968587703,0.9917969978255476,0.9917969978255476,0.9,0.6767447371289953,41.7078870507891
0.4138933601273351,0.0161752807902954,9.14518297532248,-0.9918180152850852,0.4163660098830548,0.6587877677628542,0.1086846219882366,3,1,0.1,0.7,1,False,False,False,False,True,1e-06,False,2,0.2795347763758705,-3.390663822537018,1.4762131555964362,1.7697444417695194,1.5694778807844072,0.5179395382459089,1.9803959639703688,0.2795347763758705,0.2795347763758705,0.9,0.466145584421318,0.9743278247471364
0.3227078341702472,0.0010535260026962,8.86257168563155,-0.4795880962098467,0.2136859056616865,0.7766885206966715,0.101968727422312,3,1,0.1,0.7,1,False,False,False,False,True,1e-06,False,2,0.3975293723815352,-9.98265100569622,1.1808986669936763,1.184907155249367,1.304749799993516,0.2875174195995884,0.607292593423611,0.3975293723815352,0.3975293723815352,0.9,0.2587656776396296,2.066352470645208
0.3521660452876978,0.001495372122814,143.21109541119355,-2.518531856257716,0.1102799538181846,0.7657257509061796,0.0050277772049792,3,1,0.1,0.7,1,False,False,False,False,True,1e-06,False,2,0.1683598646880811,-2.224958560731329,0.2843205746466626,0.4916747017499322,0.7152231593288765,0.3059505949964126,1.0346266897150505,0.1683598646880811,0.1683598646880811,0.9,0.2753555354967714,0.9547851200552092
0.2189766887021068,0.0016416464487757,2.6171818019593016,-0.0950284894220278,0.1543748918400533,0.6708454916853309,0.3775506310833358,3,1,0.1,0.7,1,False,False,False,False,True,1e-06,False,2,0.9845023570456172,-1.9922784773422144,1.902285073657884,1.7826328334527255,0.6890653318946649,0.4906562127856757,1.572674041918004,0.9845023570456172,0.9845023570456172,0.9,0.4415905915071081,-418.9666395617385
0.4145321670455023,0.0162839169825072,8.920888686981923,-2.3460124227963712,1.3891623711514487,0.7288245499133036,0.1086684686245922,3,1,0.1,0.7,1,False,False,False,False,True,1e-06,False,2,0.1328231009360992,-0.486769374156248,1.30130805082342,0.8556194260065065,0.7174103129085703,0.3720723322491727,1.9443800373426747,0.1328231009360992,0.1328231009360992,0.9,0.3348650990242554,1.8370197544804736
0.3225794900912484,0.0041552693966636,7.1165750129494985,-0.3026424262619545,0.2681932902098344,0.671835586084288,0.1067618815513688,3,1,0.1,0.7,1,False,False,False,False,True,1e-06,False,2,0.4958239164578942,-9.470436438675415,1.425152288843033,0.9202589314340162,1.6524882979565907,0.4884594098808883,1.881666392392824,0.4958239164578942,0.4958239164578942,0.9,0.4396134688927995,1.692286565802521
0.3061363150651402,0.0168132372452581,9.114313847682617,-0.8778856581717904,0.5232176114116551,0.8725663942288848,0.1094615181780658,3,1,0.1,0.7,1,False,False,False,False,True,1e-06,False,2,0.2197172204020034,-9.755827529039983,1.439885858263406,1.166915601794343,0.5355900385543352,0.1460445951321932,1.7229920482282115,0.2197172204020034,0.2197172204020034,0.9,0.1314401356189739,2.038533886050328
0.3850288602677628,0.0454557333145365,2.893607491013511,-0.4609005854791996,0.4241172111813972,0.8197518415352069,0.3362266211831534,3,1,0.1,0.7,1,False,False,False,False,True,1e-06,False,2,0.446765215198752,-0.8574588002887769,1.758176858761665,1.8705579095955576,1.6903734730962847,0.219881370595313,1.9689556213198964,0.446765215198752,0.446765215198752,0.9,0.1978932335357817,-1.809715252640833
0.3844902898737434,0.004205202699096,63.21239308726534,-0.8240944780030102,0.2340312200514982,0.6376845650022204,0.010074722311112,3,1,0.1,0.7,1,False,False,False,False,True,1e-06,False,2,0.2425878824977103,-4.554661480358721,1.9317854549193707,0.5239037760036293,1.145405951545755,0.5681734432391635,0.5787984538740021,0.2425878824977103,0.2425878824977103,0.9,0.5113560989152471,0.7388056235703137
0.2935880167531679,0.0092554068198019,9.176385660037631,-0.5210702423716683,0.3664607984239675,0.6350381199689318,0.1085350063572667,3,1,0.1,0.7,1,False,False,False,False,True,1e-06,False,2,0.3256190281458186,-4.834602462128031,1.7211006933355426,1.7905574117771277,0.7064124568011819,0.5747086175691679,1.3576172786639702,0.3256190281458186,0.3256190281458186,0.9,0.5172377558122512,1.0106399294557782
0.1852430135203354,0.0003769273483103,65.20495540783196,-0.5533183285036236,0.1859664602465286,0.6375986132695223,0.0103996464477848,3,1,0.1,0.7,1,False,False,False,False,True,1e-06,False,2,0.2711540832532431,-6.582543869212429,0.6525719797512083,0.3914686450637764,0.2986214142214541,0.5683848414790785,1.0079907711157243,0.2711540832532431,0.2711540832532431,0.9,0.5115463573311707,0.8066776478887593
0.4294369665759596,0.0036659623174354,29.537326311466668,-2.275558706858078,0.4226335415990439,0.7566663489530843,0.0338391522060928,3,1,0.1,0.7,1,False,False,False,False,True,1e-06,False,2,0.1171890402139901,-5.487125184881977,1.4950255651015971,1.3412102213704504,0.7019520489453089,0.3215864579990766,1.1163103350721346,0.1171890402139901,0.1171890402139901,0.9,0.2894278121991689,0.5158570958670803
0.2737546241975466,0.0038406402602782,6.624394526604654,-0.1743313677772281,0.191675056440107,0.7805193729748496,0.1028457231949305,3,1,0.1,0.7,1,False,False,False,False,True,1e-06,False,2,0.6980233443426866,-2.68575215465723,1.862927451954817,0.7101161779461257,1.099280879244721,0.2811981798589161,1.2167449862546578,0.6980233443426866,0.6980233443426866,0.9,0.2530783618730245,41.98712419743158
0.3183273386563298,0.0107867971291631,6.6658010503880725,-0.240985573552549,0.2226773149920042,0.8482709421763425,0.1039263993462762,3,1,0.1,0.7,1,False,False,False,False,True,1e-06,False,2,0.5718903146771688,-8.633322015824385,1.971463573677218,0.7965613337353266,1.384784981580202,0.1788686259066921,1.6200546257563908,0.5718903146771688,0.5718903146771688,0.9,0.1609817633160229,5.986016099349127
0.2710242974834449,0.0154602819817156,9.033728109738991,-1.0965593766447157,0.4711875942302118,0.7251675440506034,0.1098371659170132,3,1,0.1,0.7,1,False,False,False,False,True,1e-06,False,2,0.2701013294172027,-1.478943100284285,1.1270703395614916,1.6841625197523742,0.5894204288988617,0.3789916664144284,1.6415273272715567,0.2701013294172027,0.2701013294172027,0.9,0.3410924997729855,1.8968569144712053
0.2253743270780406,0.0029791866059316,9.522719428603397,-0.3422154164692159,0.2590550459244011,0.7158358347517212,0.1046981462551682,3,1,0.1,0.7,1,False,False,False,False,True,1e-06,False,2,0.4029405495785631,-5.332593418518256,1.1903069377606486,1.1199398470830086,0.4865711590114795,0.39696834309341,0.8753508503223154,0.4029405495785631,0.4029405495785631,0.9,0.357271508784069,1.751349706877925
0.2589183301617641,0.0026833007403283,29.641022782210857,-1.798888332784618,0.2542451045165793,0.5455359685284626,0.0336817709340221,3,1,0.1,0.7,1,False,False,False,False,True,1e-06,False,2,0.2388847342230869,-0.92202295500557,0.9246483548884586,1.745705723323614,0.6159564023532855,0.8330597021813537,1.8880916924667777,0.2388847342230869,0.2388847342230869,0.9,0.7497537319632184,0.7629116369568683
0.1170812450857969,0.001092980421305,92.38363789023263,-6.323082885209443,0.0912378598984548,0.8226214290300522,0.0108142558277503,3,1,0.1,0.7,1,False,False,False,False,True,1e-06,False,2,0.1930419288006439,-0.9584949078182454,0.2088419215643696,1.9695951310699544,0.9741365688856046,0.2156260032991041,0.1745227371355318,0.1930419288006439,0.1930419288006439,0.9,0.1940634029691937,16.496898700498917
0.4540238844099143,0.0017240869047879,82.85788438448617,-1.3574935764606513,0.1410822233355021,0.6077243617645112,0.0109291881737577,3,1,0.1,0.7,1,False,False,False,False,True,1e-06,False,2,0.1625003857080708,-1.352146818333182,1.6502360178860205,1.1283247419745606,1.0171526556795163,0.6454828256292491,0.4875348146925089,0.1625003857080708,0.1625003857080708,0.9,0.5809345430663242,0.509023267721513
0.3757225621819217,0.0080077964275606,53.16154991242052,-0.8844109582792418,0.2783862986973969,0.7174708079199115,0.0107589621338686,3,1,0.1,0.7,1,False,False,False,False,True,1e-06,False,2,0.2762730828311978,-8.048868620080466,0.8837482477488979,0.3669351120798894,1.1637264588169456,0.3937849302875416,1.0685233653918906,0.2762730828311978,0.2762730828311978,0.9,0.3544064372587874,1.071231173284857
0.2754485788714728,0.0001589681813659,9.820445516762636,-0.5580969124206823,0.2662187730088054,0.5840756045283385,0.1012151380979243,3,1,0.1,0.7,1,False,False,False,False,True,1e-06,False,2,0.3686238186998091,-5.337714443042364,1.4420119613736158,1.965888500782724,0.885034853995991,0.7121071180631401,0.9999339048224786,0.3686238186998091,0.3686238186998091,0.9,0.6408964062568261,0.9814579331731864
0.0895525496113294,2.7295504900922817e-05,20.38925585141,-0.0855336239719277,0.2015759954858976,0.8180418921882904,0.033649881573047,3,1,0.1,0.7,1,False,False,False,False,True,1e-06,False,2,0.4997418788743749,-5.757686931060587,1.3496929739000174,0.425067102224698,0.1232791399091299,0.2224312832255637,0.7868021840924911,0.4997418788743749,0.4997418788743749,0.9,0.2001881549030073,4.503977726509677
0.5562175864676584,0.0212857132879818,9.070874116398128,-1.855736551673347,0.6532221659216735,0.8257197904165637,0.1058477816264259,3,1,0.1,0.7,1,False,False,False,False,True,1e-06,False,2,0.1719117068219991,-9.763373073112955,1.592911359527295,1.4080647816192529,1.7309484161481268,0.2110645906833773,1.9121268074525064,0.1719117068219991,0.1719117068219991,0.9,0.1899581316150396,1.0761896786861886
0.3648270809361901,0.0136988341120631,8.790389172776433,-0.6542779269636572,0.2888723093662532,0.8590418879093016,0.1088963212131625,3,1,0.1,0.7,1,False,False,False,False,True,1e-06,False,2,0.317425713270402,-9.398338213131188,1.3879840498741136,1.2684426789229402,1.077190367243864,0.1640875888296389,0.8180821627625227,0.317425713270402,0.317425713270402,0.9,0.147678829946675,2.835569327157073
0.350984267564479,0.000659433693803,93.0874605678624,-3.567238537882999,0.0976759674722547,0.6025269124333126,0.0107398473476597,3,1,0.1,0.7,1,False,False,False,False,True,1e-06,False,2,0.1832119165557024,-3.951627497209346,0.6893072623434092,1.9818185951284373,1.2061834537699423,0.6596769029975565,1.773146043862936,0.1832119165557024,0.1832119165557024,0.9,0.5937092126978009,0.4957867616393427
0.3775574367295233,0.0010843649847639,139.0415070975927,-1.6420164785225364,0.1239451617690994,0.5891522803831398,0.0051337133645929,3,1,0.1,0.7,1,False,False,False,False,True,1e-06,False,2,0.1838762373769265,-7.593544264574628,0.9625825029494288,0.543141242713161,0.8749170580330365,0.6973540344266784,1.7247940481305493,0.1838762373769265,0.1838762373769265,0.9,0.6276186309840106,0.463653078552791
0.2787853570180711,0.0053790424222345,2.253170178997848,-0.1927795599655184,0.1434212107189856,0.8610158133486716,0.424087717745596,3,1,0.1,0.7,1,False,False,False,False,True,1e-06,False,2,0.8662564050334409,-0.9759089363218684,1.358767635321297,1.866129800645036,1.9238709750204688,0.1614188549113745,1.822926212601676,0.8662564050334409,0.8662564050334409,0.9,0.145276969420237,-1.3853709460307415
0.4509884900698733,0.016687712160454,9.655195723426816,-1.71524271717652,1.0251502647978077,0.7565989134489135,0.1027750328235619,3,1,0.1,0.7,1,False,False,False,False,True,1e-06,False,2,0.1449271694883979,-1.1344271143201627,1.984021759059828,1.0641444827290978,0.86543125357227,0.3217042507258651,1.8232047604548047,0.1449271694883979,0.1449271694883979,0.9,0.2895338256532787,0.9876268737968652
0.5165963151276544,0.0212926050032357,9.130019183797096,-1.676394236152701,0.5565824051545133,0.9090517192668096,0.1012924501845055,3,1,0.1,0.7,1,False,False,False,False,True,1e-06,False,2,0.1817497356058464,-8.457013673704814,1.418124428477626,1.2526094396927736,1.4330481707598943,0.1000474217314544,1.1783448327866837,0.1817497356058464,0.1817497356058464,0.9,0.090042679558309,2.545092305910324
0.3590513953385273,0.0152801516839942,9.084389788696372,-1.139452732718616,0.509556094654277,0.8141890525673346,0.1096575085774494,3,1,0.1,0.7,1,False,False,False,False,True,1e-06,False,2,0.205641269963437,-2.356202510031271,1.7632851275912236,1.9847009918365648,0.6894459001428548,0.2282159737308658,0.7920156603956582,0.205641269963437,0.205641269963437,0.9,0.2053943763577792,1.7920601577916813
0.3838351728556508,0.0107775867201523,8.404469607787963,-0.4424757404654132,0.3140875760246049,0.6933046790044518,0.1028254984464732,3,1,0.1,0.7,1,False,False,False,False,True,1e-06,False,2,0.3698503253685375,-8.328086672329478,1.988621463078495,1.2432918925142924,1.669118235925042,0.4423673029813472,0.9422631945876592,0.3698503253685375,0.3698503253685375,0.9,0.3981305726832125,1.34049560520329
0.3264508181331143,0.0122855165145843,9.461106076179735,-0.731940199074393,0.3808986855793427,0.707921722581759,0.1052258143071907,3,1,0.1,0.7,1,False,False,False,False,True,1e-06,False,2,0.279697533314736,-4.71152770961682,1.7275734141730537,1.9721353829184525,0.7568772582785813,0.4125855558620865,1.0149766212514957,0.279697533314736,0.279697533314736,0.9,0.3713270002758779,1.1185536651231027
0.1032597613978289,0.0005738784976273,98.35575234432967,-6.904546278467322,0.1930647760946815,0.8417500093528502,0.0101618231857478,3,1,0.1,0.7,1,False,False,False,False,True,1e-06,False,2,0.1175374321225413,-1.4135186395900892,0.328368112875016,1.71965461756996,0.127363638535931,0.1880011748010727,1.5927598513667105,0.1175374321225413,0.1175374321225413,0.9,0.1692010573209655,1.3317711584273837
0.4047117170507499,0.0058959236069326,28.63986620514888,-1.8908928437094743,0.2777080823294035,0.6317401709071895,0.0338582166521396,3,1,0.1,0.7,1,False,False,False,False,True,1e-06,False,2,0.2070426155493638,-1.4402932937059116,0.8633478017779135,1.1059260398492583,1.1379831005252292,0.5829292580270514,1.031645016235362,0.2070426155493638,0.2070426155493638,0.9,0.5246363322243462,0.746242094422978
0.321856115006101,0.0152946324343401,9.489050176371824,-0.9535370089470864,0.3511751175513671,0.8698192957797697,0.1048682651002919,3,1,0.1,0.7,1,False,False,False,False,True,1e-06,False,2,0.2689970564960778,-8.922743302928662,1.1128831670429893,1.3956267893251209,0.7585929313057674,0.1496640794839194,1.3858649200599609,0.2689970564960778,0.2689970564960778,0.9,0.1346976715355274,2.587556169908662
0.2119718905602836,0.0073660484307376,9.68808265012649,-0.422380011489361,0.2786142943774284,0.8172745516972519,0.1029076063135987,3,1,0.1,0.7,1,False,False,False,False,True,1e-06,False,2,0.3697569567019448,-6.531853367056108,1.0872212920385187,1.0318632473892355,0.4246843494955111,0.2235790260730351,1.7766859867056035,0.3697569567019448,0.3697569567019448,0.9,0.2012211234657316,2.7096174398708306
0.5171455360411447,0.0010044533521281,190.26741056968828,-7.599180794182565,0.0800034573782069,0.7727375430712976,0.0052553884513237,3,1,0.1,0.7,1,False,False,False,False,True,1e-06,False,2,0.1227083193872992,-6.925977731317687,0.2867585496747509,1.268453239896941,1.6749538645416675,0.2941004471265008,1.1389003584641324,0.1227083193872992,0.1227083193872992,0.9,0.2646904024138508,0.5745530590631628
0.3634384775715684,0.0106259446585231,53.19466941084795,-1.1594022240524413,0.4500688252829687,0.7847566114021252,0.0109730626937197,3,1,0.1,0.7,1,False,False,False,False,True,1e-06,False,2,0.1880412596976998,-1.2932054091564424,1.0036446359795226,0.3324983979607075,0.6531625019015361,0.2742804399102792,0.5429350684327346,0.1880412596976998,0.1880412596976998,0.9,0.2468523959192512,1.8593241686382576
0.4531095327135214,0.0603127328405121,2.891266602653668,-1.068090023331733,0.7854000888166024,0.8550416597769036,0.3341365581480445,3,1,0.1,0.7,1,False,False,False,False,True,1e-06,False,2,0.2793039418257225,-0.2453046871459001,1.6316681121172305,1.8657018481496843,1.5201473670637848,0.169533657881557,1.0638629589816468,0.2793039418257225,0.2793039418257225,0.9,0.1525802920934013,-0.3370825217391635
0.0886649641827875,0.0041230291439938,9.632167985174627,-0.5038214545460739,0.3000250330767746,0.8121109830725053,0.1027098526707368,3,1,0.1,0.7,1,False,False,False,False,True,1e-06,False,2,0.3695451010266612,-3.1791337188368924,1.114595045784587,1.801794399720049,0.1427731476261914,0.231358793125348,1.750804116232339,0.3695451010266612,0.3695451010266612,0.9,0.2082229138128132,3.95283712558328
0.3877408258580542,0.0094694458974407,9.583660940129809,-0.7506557314779292,0.3307664743275672,0.6353382338990189,0.1037355281898628,3,1,0.1,0.7,1,False,False,False,False,True,1e-06,False,2,0.3140998157294001,-3.776052764995924,1.4339786529892886,1.6249853708071236,1.6238720135999771,0.5739647744211481,1.1226623967952898,0.3140998157294001,0.3140998157294001,0.9,0.5165682969790333,1.0073338415656512
0.4120759249424378,0.0206580883388706,17.319739025687895,-0.5395949542735446,0.2890639429791288,0.9011725926735056,0.0342875676416605,3,1,0.1,0.7,1,False,False,False,False,True,1e-06,False,2,0.3707065230782147,-6.998700601435686,1.957148978391405,0.5872614551809731,1.870271826451012,0.1096653494901611,1.0243309633085205,0.3707065230782147,0.3707065230782147,0.9,0.098698814541145,7.25535696041554
0.2957258051828192,0.0056175079304524,9.19147535908295,-0.7436715231135906,0.2173596980210301,0.8638562935758798,0.1078765237352914,3,1,0.1,0.7,1,False,False,False,False,True,1e-06,False,2,0.3591540189300995,-4.622568128820323,0.8115331651689885,1.4151031188005094,1.137135387937519,0.157599947394678,1.2338157265022798,0.3591540189300995,0.3591540189300995,0.9,0.1418399526552102,5.203191114350268
0.4605356814647166,0.0010404946363818,29.197954910743377,-6.273992966116911,0.8206868921092805,0.7574605178280516,0.034228959829227,3,1,0.1,0.7,1,False,False,False,False,True,1e-06,False,2,0.0656991321538681,-0.4844141190063151,1.584072519155618,1.951451885566016,0.6543179999188686,0.3202008242850835,1.476545615390693,0.0656991321538681,0.0656991321538681,0.9,0.2881807418565752,0.4699234151941488
0.4309278585647831,0.0133077334412451,8.976531900868391,-0.8510315512250893,0.2969182800169176,0.804652884368722,0.1105273762643562,3,1,0.1,0.7,1,False,False,False,False,True,1e-06,False,2,0.2834982901577807,-3.5033253124055355,1.932640667590743,1.955482789773468,1.5494032267658715,0.242771907522005,0.5411978937439542,0.2834982901577807,0.2834982901577807,0.9,0.2184947167698045,2.176863013194399
0.1657901078680894,0.0043353010021127,9.372878275122096,-0.2787704926148082,0.3141050230600163,0.6735678926897141,0.1064902530946464,3,1,0.1,0.7,1,False,False,False,False,True,1e-06,False,2,0.3942125793242671,-6.688123441282594,1.4435673826284596,1.3137633835083873,0.2799679698269621,0.4846313353903587,1.2985828799960566,0.3942125793242671,0.3942125793242671,0.9,0.4361682018513229,1.3748537903680755
0.2543444330889278,0.0015618602372403,29.741946878558625,-1.278945397842888,0.2085565802394098,0.5947855125052747,0.0335836968813345,3,1,0.1,0.7,1,False,False,False,False,True,1e-06,False,2,0.250732961351418,-3.733595154721209,0.9327634049217975,1.4008130756437165,0.5709161794641823,0.6812783414779824,1.1668212517665657,0.250732961351418,0.250732961351418,0.9,0.6131505073301842,0.6864297285759459
0.2381677617846487,0.0005821179314453,96.37046561219066,-2.117505698830276,0.1110906541344992,0.6089829038965348,0.0103751433346304,3,1,0.1,0.7,1,False,False,False,False,True,1e-06,False,2,0.1859079061267856,-6.883334843977233,0.6968493045713733,1.1160009423188528,0.412416347404825,0.6420822220157079,1.0771517393890369,0.1859079061267856,0.1859079061267856,0.9,0.5778739998141371,0.4963242783619156
0.3766849695815753,0.0090383968494461,9.544514202442056,-0.8293630172591181,0.3093739133705532,0.6606080137809777,0.1041070808993767,3,1,0.1,0.7,1,False,False,False,False,True,1e-06,False,2,0.3276746698600634,-4.608568040449573,1.1232006588864072,1.5135857067837704,1.9103692291717016,0.5137569922540279,1.7804370070923836,0.3276746698600634,0.3276746698600634,0.9,0.4623812930286251,1.120554208643065
0.3687175459839373,0.0073752613545994,18.72494896032821,-0.6675902748753771,0.3007173323352165,0.6531424288621263,0.0336171652392094,3,1,0.1,0.7,1,False,False,False,False,True,1e-06,False,2,0.358671216598382,-1.6222340917998253,0.8816944276385997,0.6222859386961593,1.907884670181624,0.5310596216236518,0.9791594116790584,0.358671216598382,0.358671216598382,0.9,0.4779536594612866,1.7716560515225317
0.6173195333917977,0.0024863308806826,9.846291013934463,-6.621344251509219,1.6668748975898862,0.902034661993178,0.1011804145437876,3,1,0.1,0.7,1,False,False,False,False,True,1e-06,False,2,0.0612207310486026,-2.577946159789094,1.773180743643986,1.9346159438256327,1.2315068780381262,0.1086048487209496,1.2920309750366112,0.0612207310486026,0.0612207310486026,0.9,0.0977443638488547,0.7998116424528212
0.2737049748176389,0.0126190056122395,2.4769124996273084,-0.1533971099965852,0.1975463207385255,0.6764976385459667,0.3924210078849567,3,1,0.1,0.7,1,False,False,False,False,True,1e-06,False,2,0.8955458395802427,-0.8648275062147146,1.4556940449503917,1.3618598745293908,1.4087077198891986,0.4782017600968344,1.7260076353304727,0.8955458395802427,0.8955458395802427,0.9,0.430381584087151,-2.375300635106362
0.279631410181,0.0080555308158414,2.287823608016531,-0.0789120130129539,0.3121507707435985,0.3700599289205346,0.419515935418929,3,1,0.1,0.7,1,False,False,False,False,True,1e-06,False,2,0.9777648054818956,-0.7431917018588372,1.5912417127417169,1.492693823617507,1.9134298275461168,1.702265016687977,1.6164892361211518,0.9777648054818956,0.9777648054818956,0.9,1.532038515019179,6.833770814815938
0.4624846364779707,0.0001566576249474,99.8596289492056,-1.623774582432221,0.0889149612541794,0.4868385015190113,0.0100133133965526,3,1,0.1,0.7,1,False,False,False,False,True,1e-06,False,2,0.179019406325001,-0.8345486798011486,1.8260965670640616,1.9091798268422524,1.7197413929012009,1.0540692588606808,1.104982538550442,0.179019406325001,0.179019406325001,0.9,0.9486623329746128,0.4379898727352609
0.413716381570797,0.0002943925908031,85.48643604214202,-1.2535695837387693,0.11604211663385,0.5320864309266086,0.0100620254588954,3,1,0.1,0.7,1,False,False,False,False,True,1e-06,False,2,0.1999272789858892,-3.45906596193835,1.57544334599152,0.9753184940794964,1.3553438448514623,0.8793939139897581,1.1624576690808954,0.1999272789858892,0.1999272789858892,0.9,0.7914545225907823,0.457332040440099
0.2986327193833186,0.0046798663399513,2.731313583653065,-0.134121241717533,0.2103549585481756,0.644499909889208,0.3565642537976244,3,1,0.1,0.7,1,False,False,False,False,True,1e-06,False,2,0.7906978420674208,-2.461758802662523,1.9168016271872028,1.502300156145493,1.7466624606587218,0.5515905970753413,1.6663979128117548,0.7906978420674208,0.7906978420674208,0.9,0.4964315373678072,5.3248616490689376
0.3995900287166577,0.0719862009293259,2.4637439127186385,-0.4003237238677262,0.7561149666356376,0.6442297012520094,0.3928895096684187,3,1,0.1,0.7,1,False,False,False,False,True,1e-06,False,2,0.4469739291820577,-0.4051149432012835,1.8016608519693,1.4092051978517843,1.5898705931237476,0.5522413792108298,1.716058160551436,0.4469739291820577,0.4469739291820577,0.9,0.4970172412897468,-1.2589920957735536
0.3697718471026957,0.0140724928639427,9.547790039696537,-0.890476906334947,0.356165089356729,0.8304065803661277,0.1042842794759961,3,1,0.1,0.7,1,False,False,False,False,True,1e-06,False,2,0.2492738256689429,-9.490798324035516,1.735563597710549,1.8915357543367564,0.8520776447201359,0.2042293782873182,0.7318312478389044,0.2492738256689429,0.2492738256689429,0.9,0.1838064404585864,1.6867561526245956
0.2612096933864731,0.0074837908739201,2.2385656421046125,-0.160080271128237,0.1416165565390545,0.8689663531462432,0.4325292316288051,3,1,0.1,0.7,1,False,False,False,False,True,1e-06,False,2,0.8990135821853606,-1.2572358020585988,1.6684508734318957,1.974356225691229,1.2097851183307036,0.1507925437841486,1.7054180361422768,0.8990135821853606,0.8990135821853606,0.9,0.1357132894057337,-1.8334513143196
0.3466185712637419,0.0445198187695186,2.35377038450672,-0.2475318139271811,0.424525348246499,0.6304977174607376,0.4000349326336402,3,1,0.1,0.7,1,False,False,False,False,True,1e-06,False,2,0.6357585446205201,-0.3823686628569334,1.944036403181376,1.6634762473433335,1.7241164547849266,0.5860485649771953,0.9314859176728486,0.6357585446205201,0.6357585446205201,0.9,0.5274437084794757,-0.9365688626938736
0.5915593204469747,0.0044870906502697,64.67822054917075,-3.039541349617985,0.3211662517163339,0.6852639081768742,0.010822798748974,3,1,0.1,0.7,1,False,False,False,False,True,1e-06,False,2,0.1300296228360083,-4.758656787486234,1.8117188794018424,0.6996863556322793,1.7375374740593994,0.4592917970252839,1.9279610361116568,0.1300296228360083,0.1300296228360083,0.9,0.4133626173227555,0.4392724187956622
0.2870692650925878,7.68227993403342e-05,2.796015560912722,-0.2259778277921864,0.1648808492444174,0.8344177091695371,0.3419530990855033,3,1,0.1,0.7,1,False,False,False,False,True,1e-06,False,2,0.7170282675076924,-1.3541110862772534,1.4843043850784732,1.8661032143196083,1.703369693184953,0.1984405280602931,0.9161285547155412,0.7170282675076924,0.7170282675076924,0.9,0.1785964752542638,-2.5955005529512576
0.2871463154261637,0.0013743500525841,51.08512053989363,-0.2423071798033858,0.2284942192098031,0.6639562377522432,0.0100814050822018,3,1,0.1,0.7,1,False,False,False,False,True,1e-06,False,2,0.6457627954557549,-1.1052562688844445,1.0132054046957952,0.2243575464166766,1.6052127058657202,0.5061233604573079,1.5021930677776814,0.6457627954557549,0.6457627954557549,0.9,0.4555110244115771,-12.446574162874311
0.3231113898668892,0.0065582805732315,110.6183357048582,-0.9858306153528013,0.3656949111384639,0.6747306963002031,0.0050959531360772,3,1,0.1,0.7,1,False,False,False,False,True,1e-06,False,2,0.1941340341913171,-3.993852675633231,1.3695824747252574,0.2578456892375911,0.5607278399819962,0.4820727817533248,1.3289277893463458,0.1941340341913171,0.1941340341913171,0.9,0.4338655035779923,0.6637699770751595
0.1832627138875588,0.0033400101197995,9.10153841307218,-0.287719084905648,0.3384832830664564,0.5782553007277178,0.1096207572419038,3,1,0.1,0.7,1,False,False,False,False,True,1e-06,False,2,0.4023050484382521,-8.915311882340362,1.8153173908384603,1.7431523636259412,0.3421433800249732,0.7293399623687475,1.8853580431972776,0.4023050484382521,0.4023050484382521,0.9,0.6564059661318729,1.0168184241023617
0.6070138384316166,0.0089190152063976,9.275842628336486,-8.640433667127422,1.599110701507901,0.9026138417048272,0.1067331653904666,3,1,0.1,0.7,1,False,False,False,False,True,1e-06,False,2,0.0851923754917449,-0.2688653692185632,0.5440004973844987,1.348695182894088,1.5080422851781052,0.1078934908767111,1.231977494473108,0.0851923754917449,0.0851923754917449,0.9,0.09710414178904,-0.4516732931146038
0.5805684031499435,0.003468040577098,67.08199965117888,-5.989838020889884,0.2884222991313529,0.8640586523518262,0.0108427185394648,3,1,0.1,0.7,1,False,False,False,False,True,1e-06,False,2,0.1109419790231312,-3.514058478050296,0.3863259587865473,0.6577972404419915,1.627141208493146,0.1573288425249417,0.7592472178418896,0.1109419790231312,0.1109419790231312,0.9,0.1415959582724475,1.02098004110441
0.2388134307344687,0.0062211725950322,46.765820361679225,-0.163231486182085,0.2119458571944248,0.7700309823868025,0.0110927112034929,3,1,0.1,0.7,1,False,False,False,False,True,1e-06,False,2,0.6715641045056361,-4.019400284238428,1.8390691231176888,0.2085265698984905,0.704010629927617,0.2986490451337182,1.8284676857670297,0.6715641045056361,0.6715641045056361,0.9,0.2687841406203464,6.628690990474655
0.2771815645513771,0.0148753184357685,8.900615742055892,-0.4436964542845069,0.3915949748561104,0.7474672742177997,0.1094337775121686,3,1,0.1,0.7,1,False,False,False,False,True,1e-06,False,2,0.335846608798768,-6.674919551789138,1.5417392912941792,0.967779685416549,0.5918138464351307,0.3378512136821877,1.775486634955656,0.335846608798768,0.335846608798768,0.9,0.3040660923139689,1.5626286741962307
0.3516240061923052,0.0067774121243734,48.79891439101587,-0.4648821633574529,0.2347833513119187,0.8254102174846285,0.0110125404246291,3,1,0.1,0.7,1,False,False,False,False,True,1e-06,False,2,0.3988211879074158,-5.017303339221777,1.556623598161618,0.3281129542999273,1.589125550652882,0.2115188046101728,0.6427125189045805,0.3988211879074158,0.3988211879074158,0.9,0.1903669241491555,3.659627662278637
0.3146694728476756,0.0111363031497739,6.920789550904808,-0.3296621940988039,0.3783592639591937,0.5301118335787319,0.1002417036647155,3,1,0.1,0.7,1,False,False,False,False,True,1e-06,False,2,0.5407565434110363,-0.6292144176116015,0.9959676429014822,0.782074638277746,1.71002463967998,0.8863944108719477,1.0198596373096704,0.5407565434110363,0.5407565434110363,0.9,0.7977549697847529,37.81010005315769
0.3640659853621032,0.0135667822034184,9.656253381637129,-2.085177341970188,0.6814723054253247,0.8617522625251977,0.1030838457633878,3,1,0.1,0.7,1,False,False,False,False,True,1e-06,False,2,0.1586386863323726,-4.715083372461329,1.3513399676625222,1.8580641957911253,0.6527594267022561,0.1604263121627254,1.4344615728049086,0.1586386863323726,0.1586386863323726,0.9,0.1443836809464528,1.4520153810601215
0.3376372616264492,0.0163789180170113,9.44993836171109,-1.0866232323497234,0.4446312528455246,0.7822754385949083,0.1053071096712252,3,1,0.1,0.7,1,False,False,False,False,True,1e-06,False,2,0.2454271417464431,-6.142934860502438,1.3079029079233722,1.6311861349446533,0.7677332764072063,0.2783221237217415,1.7508676320733714,0.2454271417464431,0.2454271417464431,0.9,0.2504899113495673,1.3161713703893994
0.357976942677959,0.0129047808818871,8.863988095332143,-0.7228288973513326,0.3025292703047221,0.7792700122630465,0.1020879145499686,3,1,0.1,0.7,1,False,False,False,False,True,1e-06,False,2,0.3389582080346133,-2.2469508959573457,1.020070686981227,1.1259907858568454,1.3040501196096246,0.2832522543706519,0.892419829550267,0.3389582080346133,0.3389582080346133,0.9,0.2549270289335867,3.285270103781753
0.3745357114588062,0.0003263626364288,191.4224678952704,-2.1496331332432845,0.0703204337809427,0.5712244239921209,0.0050104389303761,3,1,0.1,0.7,1,False,False,False,False,True,1e-06,False,2,0.1630051566699695,-9.683750956241786,0.9400256320454716,0.9264638598650616,0.8219816187433071,0.7506254249622094,1.727108943207314,0.1630051566699695,0.1630051566699695,0.9,0.6755628824659885,0.3888850645036837
0.4227749447657651,0.0044558326044686,58.576886233278536,-1.5690345387967564,0.1976958553840488,0.7137202701068208,0.0109018582266189,3,1,0.1,0.7,1,False,False,False,False,True,1e-06,False,2,0.2315007044998446,-2.842816706573333,0.5763945370690343,0.5458161386855982,1.6672120573439675,0.4011091486169119,1.7223929133679234,0.2315007044998446,0.2315007044998446,0.9,0.3609982337552208,1.014646640379752
0.1617714340732045,0.002887106383755,9.5158440029314,-0.3058014612668503,0.314075057347983,0.618287495185167,0.1048124090795972,3,1,0.1,0.7,1,False,False,False,False,True,1e-06,False,2,0.4076723538158861,-9.40335079203106,1.4825183494490348,1.471877917787727,0.2876440702879784,0.6173705724074465,1.8167887926955213,0.4076723538158861,0.4076723538158861,0.9,0.5556335151667019,1.1486727680991156
0.2649853207508196,0.0048031381873233,16.675599484349863,-0.1990884205819302,0.4757636212103908,0.3615654812842964,0.0340877188435745,3,1,0.1,0.7,1,False,False,False,False,True,1e-06,False,2,0.601548237940041,-0.603017106856214,1.6125763336768406,0.3938889258635495,1.0874489212029188,1.7657507471342575,1.868004253201464,0.601548237940041,0.601548237940041,0.9,1.5891756724208317,2.165792087366415
0.2132121476286352,0.0044457567027094,9.323647830651325,-0.5421932492141195,0.2714165613470181,0.7224435452411287,0.1065338783648706,3,1,0.1,0.7,1,False,False,False,False,True,1e-06,False,2,0.3795769726802093,-6.98339733887836,1.0722101039817236,1.5839430791975182,0.5072592815334789,0.3841912030181286,1.781890501585014,0.3795769726802093,0.3795769726802093,0.9,0.3457720827163157,1.5929295408644648
0.2263195311191098,0.002770557502015,67.55666655513812,-1.0387158460498798,0.2098960903213068,0.7747118867780914,0.0107957344691857,3,1,0.1,0.7,1,False,False,False,False,True,1e-06,False,2,0.1950480004242767,-4.988889655550805,0.537061203121903,0.4378554393359347,0.3307091473419551,0.2908024480673035,1.6356964597778272,0.1950480004242767,0.1950480004242767,0.9,0.2617222032605732,1.0002481606464877
0.5223189188435997,0.0013299196224702,92.50984995189688,-3.623506872947291,0.1539307219881102,0.6606384185037889,0.0108087929260753,3,1,0.1,0.7,1,False,False,False,False,True,1e-06,False,2,0.1159159015998259,-8.528579810946772,1.6179099766602405,1.8036191426819992,1.1397003097037128,0.5136873242473483,1.765413922917795,0.1159159015998259,0.1159159015998259,0.9,0.4623185918226135,0.3508535973624501
0.3943335992343915,0.0175347311483645,53.7143313911587,-0.8105886729892402,0.4388507522434094,0.677998799182968,0.0101234828584218,3,1,0.1,0.7,1,False,False,False,False,True,1e-06,False,2,0.2840085644370724,-1.8995808592226344,1.227408898008938,0.2986210583781014,1.2210213781281676,0.4749288659582642,1.938609987665099,0.2840085644370724,0.2840085644370724,0.9,0.4274359793624378,1.2872454087916487
0.3564152208588435,0.0138740453527093,9.209957277908169,-0.6203461346283818,0.3071112875627168,0.8532573510147896,0.1067699971768487,3,1,0.1,0.7,1,False,False,False,False,True,1e-06,False,2,0.3022235235782148,-4.018643616299421,1.6398596073846954,1.3477715159401615,0.9034022777200378,0.1719793551273687,0.6753743232602535,0.3022235235782148,0.3022235235782148,0.9,0.1547814196146319,3.660071230481028
0.2572133128444641,0.0015529338612725,2.4780069864928658,-0.1151274071876028,0.1919018834654428,0.5383699749535142,0.3924819027353941,3,1,0.1,0.7,1,False,False,False,False,True,1e-06,False,2,0.981656060595677,-1.1372299494749498,1.4004719898806794,1.3901455659080286,1.368908701834601,0.8574587115233262,1.7998464065464737,0.981656060595677,0.981656060595677,0.9,0.7717128403709936,-317.6321710622243
0.4494571038050132,0.001211990013323,68.19976244085042,-1.241362266282656,0.156601586014712,0.5451183519132085,0.0110149302886274,3,1,0.1,0.7,1,False,False,False,False,True,1e-06,False,2,0.2122929184257563,-6.742556497610785,1.9675126686444584,0.8606862940757823,1.9193315160784707,0.8344640140811401,1.2936075836504062,0.2122929184257563,0.2122929184257563,0.9,0.7510176126730261,0.4849989429048008
0.280831750612682,0.0004831732033581,2.6805243081884624,-0.1561387850613214,0.2149292893087173,0.595738801447592,0.3590604970745936,3,1,0.1,0.7,1,False,False,False,False,True,1e-06,False,2,0.7858676402078072,-1.4127882480623146,1.547684304435737,1.6890611639157749,1.6038122789998452,0.6785879945541391,1.1578341571863646,0.7858676402078072,0.7858676402078072,0.9,0.6107291950987253,10.783075801876889
0.3293354240418659,0.0038433805971566,8.814949033981984,-0.4532670980622989,0.2907760121753913,0.6240716142138605,0.1071582105321237,3,1,0.1,0.7,1,False,False,False,False,True,1e-06,False,2,0.3843388798517509,-2.7190517430056262,1.386272331895661,1.2460314559400685,1.262267068248306,0.6023802032074387,0.8130222689622388,0.3843388798517509,0.3843388798517509,0.9,0.5421421828866948,1.3358288852201707
0.2926692711042542,0.0021796695353286,2.8863945331422505,-0.182923543736834,0.1655840627561431,0.7862243322469376,0.3363637023880844,3,1,0.1,0.7,1,False,False,False,False,True,1e-06,False,2,0.7906682138486647,-1.6502135151497723,1.521814438429473,1.3989021465154228,1.8568375411269995,0.2719016176237085,1.3229979918842412,0.7906682138486647,0.7906682138486647,0.9,0.2447114558613377,-4.852848897221918
0.2765278777270507,0.0015495732455385,2.3874497723094343,-0.137255112450741,0.1524446977637472,0.7589224603927107,0.4058015097448481,3,1,0.1,0.7,1,False,False,False,False,True,1e-06,False,2,0.8838313841232255,-2.305193696419111,1.829098969237864,1.7338304928448514,1.4341727827758204,0.317657668851363,1.5332803867765803,0.8838313841232255,0.8838313841232255,0.9,0.2858919019662267,-17.712067413538364
0.1718865863488942,0.0011239568990989,93.1454636553776,-5.81962058775277,0.0934363970593227,0.8059198156713908,0.0107284115333351,3,1,0.1,0.7,1,False,False,False,False,True,1e-06,False,2,0.1881566047506326,-3.008892715672376,0.2549076531220232,1.6042437534323832,0.8323550241974998,0.2408182309885582,0.2399946037201062,0.1881566047506326,0.1881566047506326,0.9,0.2167364078897024,1.30952409347495
0.2526522462214441,0.0059990179711536,2.8232103367122168,-0.0841775582721603,0.2784218307516481,0.4211026857953016,0.3464521332992151,3,1,0.1,0.7,1,False,False,False,False,True,1e-06,False,2,0.945581012625852,-0.9142093870369248,1.6726860036338258,1.2046956145024368,1.0967413672819954,1.374717696495768,1.4262092735219525,0.945581012625852,0.945581012625852,0.9,1.237245926846191,6.596574630434067
0.1322980353545463,0.0006868849601297,90.80507099525772,-3.952113507418976,0.1345438542664487,0.6288956805920298,0.0110074500346583,3,1,0.1,0.7,1,False,False,False,False,True,1e-06,False,2,0.1754775480410429,-8.480662145841995,0.9117227392606404,1.98424824021943,0.213050055322735,0.5900888348583029,0.8666904901132716,0.1754775480410429,0.1754775480410429,0.9,0.5310799513724727,0.4900354613955828
0.2944928377642078,0.0049416592575494,2.3610829076707383,-0.1528430931177289,0.1653011418042829,0.7370082197026301,0.4068727871531952,3,1,0.1,0.7,1,False,False,False,False,True,1e-06,False,2,0.8774477378553016,-1.484708152978525,1.6813201197598118,1.6129401926692988,1.995330453291411,0.3568369704254892,1.4470105619976878,0.8774477378553016,0.8774477378553016,0.9,0.3211532733829403,-5.084509496528607
0.3741554021367757,0.0061727227926629,22.31120546079068,-1.037820554890852,0.243800683963394,0.7255335356303572,0.0335970455584921,3,1,0.1,0.7,1,False,False,False,False,True,1e-06,False,2,0.2815512993091362,-8.055418429043014,0.7552737977180555,0.7669926412002538,1.4124468407224051,0.3782960413141775,1.2930414945037856,0.2815512993091362,0.2815512993091362,0.9,0.3404664371827597,1.1302389383928126
0.2480057628965695,0.0009716649719157,2.895750205477204,-0.1130276265491751,0.1262664155177734,0.8013411730768877,0.3400254830556965,3,1,0.1,0.7,1,False,False,False,False,True,1e-06,False,2,0.9900740425210248,-2.171137562681106,1.8312327065424177,1.185729002272686,1.0001915557217422,0.2479079243617639,1.5590860608721653,0.9900740425210248,0.9900740425210248,0.9,0.2231171319255875,-5.936913621636978
0.3031480141124451,0.027857583153717,2.71708893790434,-0.2260609655041963,0.4817624309947567,0.4371394653191049,0.3558332995756248,3,1,0.1,0.7,1,False,False,False,False,True,1e-06,False,2,0.7059071860042695,-0.4142804999776945,1.1658061947847305,1.354979134897018,1.7887289165478697,1.2875994489996814,1.8921386105978155,0.7059071860042695,0.7059071860042695,0.9,1.1588395040997133,-3.878678037051416
0.6049000495118066,0.0013840493309473,94.71497631109308,-3.5987348195695223,0.1196543162077823,0.6726063234232816,0.0105570192192295,3,1,0.1,0.7,1,False,False,False,False,True,1e-06,False,2,0.1233711397215308,-9.293845288407836,1.4520192340994096,1.854579500463637,1.863714284190623,0.4867537892156931,0.6671371334281433,0.1233711397215308,0.1233711397215308,0.9,0.4380784102941238,0.3873928875879999
0.266583507246766,0.0024934582791464,9.833098524005592,-0.6781295131185878,0.233361790261259,0.7381070607289392,0.1009206093352823,3,1,0.1,0.7,1,False,False,False,False,True,1e-06,False,2,0.3717869095078079,-3.8750805741964527,0.8215466408604291,1.4260138539347198,0.9264700442145076,0.3548170085413095,1.4569237608146866,0.3717869095078079,0.3717869095078079,0.9,0.3193353076871785,1.9457467302166764
0.2960292985518503,0.0008415932443208,2.8859546463555064,-0.2129896634310286,0.1644649303334414,0.8390310576685615,0.333979178380988,3,1,0.1,0.7,1,False,False,False,False,True,1e-06,False,2,0.7239368494764902,-1.843369995893923,1.5579646732551569,1.6437431923272052,1.8239506543655573,0.1918509939056695,1.1005607620727251,0.7239368494764902,0.7239368494764902,0.9,0.1726658945151025,-4.29536077559575
0.2995598294147775,0.0214278664087215,2.2303596072500964,-0.1036531505719601,0.254270549572972,0.5281827474821407,0.4250844413080402,3,1,0.1,0.7,1,False,False,False,False,True,1e-06,False,2,0.988465593899216,-0.6418471118520443,1.880494539997395,1.408862766246448,1.9066184153689685,0.8932841043502898,1.0836954838156057,0.988465593899216,0.988465593899216,0.9,0.8039556939152609,-2.8936219872216906
0.3762275182149024,0.0007862734327278,91.13481758649576,-2.085512742220477,0.2127881375995821,0.6498357867915914,0.0109722524862832,3,1,0.1,0.7,1,False,False,False,False,True,1e-06,False,2,0.0974804512289687,-0.7546964937803988,1.807574818413562,1.584164846023191,0.5065913716132612,0.5388503069941111,1.5053601059733372,0.0974804512289687,0.0974804512289687,0.9,0.4849652762947,0.3661538695130096
0.3125739866637151,0.0161703534039,7.005195133517762,-0.2934501246732881,0.2549633391425276,0.8773285457527401,0.1030367268450096,3,1,0.1,0.7,1,False,False,False,False,True,1e-06,False,2,0.5047189388438166,-5.130533851378355,1.7711820942994467,0.768566452796537,1.087625924727786,0.1398238491624694,1.9184767906096096,0.5047189388438166,0.5047189388438166,0.9,0.1258414642462225,13.879707681108345
0.3024378106388935,0.0022439186862903,2.9176235514645086,-0.1686251108755071,0.2241049360043302,0.6517567690441604,0.3340259420587005,3,1,0.1,0.7,1,False,False,False,False,True,1e-06,False,2,0.6943986102052272,-3.942153710744556,1.7979304696953209,1.71431639708452,1.7830904528637035,0.5343147129358686,1.75236335708473,0.6943986102052272,0.6943986102052272,0.9,0.4808832416422818,2.9746568757214207
0.4055445638709826,0.0116123323489049,9.30687775565477,-0.6939468665564031,0.3842997043330858,0.5987803415348587,0.1068898348899958,3,1,0.1,0.7,1,False,False,False,False,True,1e-06,False,2,0.2990160134864469,-4.48888494390883,1.9612369154537663,1.937556218156061,1.5784156773809166,0.670061507758741,1.7117557511789676,0.2990160134864469,0.2990160134864469,0.9,0.6030553569828668,0.8275349836592516
0.4302930622947701,0.0169201172242054,8.784300154095407,-0.7291325025705104,0.3178784559130195,0.839549159632214,0.1051989328958829,3,1,0.1,0.7,1,False,False,False,False,True,1e-06,False,2,0.2962221631489762,-3.956377025450487,1.9780191380175367,1.4768359697265336,1.4933404162637571,0.1911154796915948,0.6646611500164649,0.2962221631489762,0.2962221631489762,0.9,0.1720039317224353,3.035310341418421
0.4494370741896812,0.0002236820894593,184.59249207506508,-1.4401059156031006,0.0634406694662004,0.5416379079250302,0.0052599599903587,3,1,0.1,0.7,1,False,False,False,False,True,1e-06,False,2,0.1613162035204149,-5.255277075610103,1.9127470819879195,1.2466098520118722,1.2087882239707817,0.8462518693178561,1.087541973921606,0.1613162035204149,0.1613162035204149,0.9,0.7616266823860706,0.3651869463302108
0.4228957961007894,0.0860416587650988,2.389379347881285,-0.6060566147596991,1.3427041868347651,0.6307250459571505,0.4074545215404782,3,1,0.1,0.7,1,False,False,False,False,True,1e-06,False,2,0.3216720731975371,-0.2838986846474505,1.928177448018498,1.1986948549661356,1.2709330899086873,0.5854769148773217,1.733748717740934,0.3216720731975371,0.3216720731975371,0.9,0.5269292233895895,-0.9313851734818136
0.3277682967533965,0.0263026980269436,8.228114334794515,-0.397589859074902,0.7485069694340564,0.498490642499359,0.1005682285827662,3,1,0.1,0.7,1,False,False,False,False,True,1e-06,False,2,0.3525808106768816,-0.4192933415702189,1.979827433747718,0.8600695718664229,0.8469978641206252,1.006055710466593,0.8742399920270645,0.3525808106768816,0.3525808106768816,0.9,0.9054501394199338,4.282422402262259
0.2859659406747519,0.0020421369986818,2.851354760819017,-0.1688167810129877,0.1731792019034277,0.7602623252151659,0.3410885027107146,3,1,0.1,0.7,1,False,False,False,False,True,1e-06,False,2,0.781079966303587,-2.0611354282497345,1.6549574157388476,1.482657644051893,1.5362906603272202,0.3153354662378996,1.3502006177541066,0.781079966303587,0.781079966303587,0.9,0.2838019196141097,-16.148553675937606
0.3348994653049197,0.002726074940217,9.166765085320865,-0.4886049842347598,0.348402586767956,0.5006835790676032,0.1033123056082925,3,1,0.1,0.7,1,False,False,False,False,True,1e-06,False,2,0.3854364603063996,-1.5587000287122823,1.4872562779008982,1.2479306472449252,1.6569804762434983,0.997269416868529,1.7946588075786574,0.3854364603063996,0.3854364603063996,0.9,0.8975424751816761,1.026442737336918
0.251564971135329,0.007322808291489,6.875810700806133,-0.1873597996406021,0.1962093315499178,0.8831356215392505,0.1051849596147857,3,1,0.1,0.7,1,False,False,False,False,True,1e-06,False,2,0.6278825089170067,-6.8353340646343685,1.9413561052916275,0.7041080725052964,0.7418991068216683,0.1323289148466937,1.7275582945789896,0.6278825089170067,0.6278825089170067,0.9,0.1190960233620243,17.567570968469305
0.3004619727259364,0.0086924674900201,16.065628542801182,-0.2467592361174988,0.3515850068021954,0.5067045573023194,0.0344368069428709,3,1,0.1,0.7,1,False,False,False,False,True,1e-06,False,2,0.6174507695089889,-0.5746571164112009,1.040846947292904,0.4174751700634802,1.6527384447632163,0.9735366212689534,0.8120730205179553,0.6174507695089889,0.6174507695089889,0.9,0.876182959142058,-12.073152016316294
0.4102681596785694,0.0091734163874952,24.87469232871334,-1.8398188365295205,0.344785331602213,0.7371504862442378,0.0337120952817222,3,1,0.1,0.7,1,False,False,False,False,True,1e-06,False,2,0.1963969226086386,-2.1594022279774974,0.7597272044006063,0.8110760059736929,1.007311643167754,0.3565751073365948,1.0528917343820885,0.1963969226086386,0.1963969226086386,0.9,0.3209175966029353,1.0030183111856286
0.2796431221784589,0.0037983195396243,9.542219809227106,-0.5737463942450532,0.2541427255102484,0.7167765876041962,0.1042272659192118,3,1,0.1,0.7,1,False,False,False,False,True,1e-06,False,2,0.3732085746035481,-8.598350873646451,0.9842203047031616,1.26420311070179,0.8788830233122805,0.395134854142585,1.2504036884078973,0.3732085746035481,0.3732085746035481,0.9,0.3556213687283265,1.4803287077938665
0.2897307834684762,0.0170414215930253,2.294509102667134,-0.1545318488062348,0.2666191974833036,0.6206570838073387,0.4225189120420734,3,1,0.1,0.7,1,False,False,False,False,True,1e-06,False,2,0.7761502426468413,-1.1989849785614286,1.8543024513096449,1.9493225166177897,1.3776165539624667,0.6111956603566535,1.919143530149586,0.7761502426468413,0.7761502426468413,0.9,0.5500760943209881,-34.598776007804105
0.3713988354958165,0.014559224165985,7.295560658341513,-0.3926156217744891,0.2758457559485313,0.8220856425461014,0.1048962967069422,3,1,0.1,0.7,1,False,False,False,False,True,1e-06,False,2,0.4279099653843179,-8.613739109142443,1.8374392172506857,1.010208938522406,1.6735532061656722,0.2164182759631657,1.1195531931435567,0.4279099653843179,0.4279099653843179,0.9,0.1947764483668491,3.121718969500337
0.2992379600205826,0.0284927851274849,1.88669685765296,-0.0908241154642995,0.3827588223478932,0.4266748680140908,0.4989683672711891,3,1,0.1,0.7,1,False,False,False,False,True,1e-06,False,2,0.9164925484896772,-0.5633768560561148,1.8977067603568905,1.8769422031398333,1.6512930680365492,1.343704949519022,1.3041389877993483,0.9164925484896772,0.9164925484896772,0.9,1.20933445456712,-7.587940063669382
0.358651955146997,0.0026417219860679,9.08903447537121,-0.5066410372128927,0.3172712429684364,0.5321223125618113,0.1093717817221695,3,1,0.1,0.7,1,False,False,False,False,True,1e-06,False,2,0.3599094049201614,-4.520419777493152,1.8125085954579072,1.6336955426745527,1.8824636801208248,0.8792671842412926,1.7171803185522134,0.3599094049201614,0.3599094049201614,0.9,0.7913404658171633,0.8458289436252763
0.5053234842395191,0.088901107557249,2.2023034423326617,-0.8109035681080358,2.045866233226346,0.57781700191546,0.4270101572746626,3,1,0.1,0.7,1,False,False,False,False,True,1e-06,False,2,0.2491090122560591,-0.2278764945476847,1.739736611640324,1.2628851214179453,1.67992391348722,0.7306517404039786,1.9035985895730871,0.2491090122560591,0.2491090122560591,0.9,0.6575865663635808,-1.189221050358791
0.2979233197474862,0.025206849816621,2.917385160350158,-0.1755117834678981,0.3938902753847895,0.5691367449261814,0.3363546144396412,3,1,0.1,0.7,1,False,False,False,False,True,1e-06,False,2,0.6431476312346851,-0.988846348954862,1.9468179165446449,1.4845984849341587,1.1378696045446073,0.7570469819686352,1.8672685378002003,0.6431476312346851,0.6431476312346851,0.9,0.6813422837717716,10.59628364053196
0.2944778787475167,0.0218505978903303,1.931520294329333,-0.1438627181298595,0.2933476930257431,0.5163546515648146,0.4883487611892116,3,1,0.1,0.7,1,False,False,False,False,True,1e-06,False,2,0.8943737809572871,-0.6458414999746491,1.5492127805026452,1.9480983322721748,1.888254787424373,0.9366534163476528,1.5397679144063376,0.8943737809572871,0.8943737809572871,0.9,0.8429880747128875,-3.864845717549224
0.2551248036615269,0.0084332170927849,48.06483359070344,-0.1602998728104525,0.218476205700523,0.7273081414283599,0.0107409200246241,3,1,0.1,0.7,1,False,False,False,False,True,1e-06,False,2,0.7187783231047922,-1.8498550980942208,1.95518604014808,0.2078690188790783,0.890517542052057,0.3749330483721805,1.3355183487673408,0.7187783231047922,0.7187783231047922,0.9,0.3374397435349625,-72.5272945042059
0.2213292814854494,0.0028056779747553,29.38297601104032,-1.2683939314572723,0.2956974993883953,0.7487368022096144,0.0340211346075311,3,1,0.1,0.7,1,False,False,False,False,True,1e-06,False,2,0.1590064258123705,-6.118765876662719,1.568608698184785,1.908533647544355,0.2817956874921439,0.3355828070009075,0.5085695953839874,0.1590064258123705,0.1590064258123705,0.9,0.3020245263008167,0.6859460816073176
0.528550464839296,0.0020008907782122,96.13292458323284,-5.304023677636495,0.1209572132917399,0.8530410360106123,0.0104004483610779,3,1,0.1,0.7,1,False,False,False,False,True,1e-06,False,2,0.1299932584758978,-5.058909737275117,0.3282861421872723,1.2950543839369744,1.6202344009597296,0.1722765468313992,1.9018402323860604,0.1299932584758978,0.1299932584758978,0.9,0.1550488921482593,1.0396191824222027
0.3452326073762007,0.0026372586910638,55.789999695562166,-0.7987089063474675,0.2249430123856017,0.6833294619329524,0.0102773372511289,3,1,0.1,0.7,1,False,False,False,False,True,1e-06,False,2,0.3064294467034869,-8.428155546499383,0.756686749783621,0.3757609770962494,1.3024305375150569,0.4634229251161996,1.4866202038188738,0.3064294467034869,0.3064294467034869,0.9,0.4170806326045796,1.050041041473491
0.4044426366044171,0.0066067771927235,21.39982361633281,-0.7498886606761517,0.2965796037533171,0.6142253587249721,0.0343714151679147,3,1,0.1,0.7,1,False,False,False,False,True,1e-06,False,2,0.2838898781056947,-3.1434226448192284,1.4675832820168009,0.8266589947762711,1.5767480632914523,0.6280669395933617,0.885895217076145,0.2838898781056947,0.2838898781056947,0.9,0.5652602456340255,0.8594844782145074
0.1763623200670255,6.817284142959714e-05,9.382622067829812,-0.5467942083138742,0.2816570795916459,0.5825037630625796,0.1055790219135176,3,1,0.1,0.7,1,False,False,False,False,True,1e-06,False,2,0.4225848776114277,-2.5766064820704324,1.1415809926542266,1.9737410314472943,0.4300785848366995,0.7167271070359902,1.915651799990274,0.4225848776114277,0.4225848776114277,0.9,0.6450543963323911,1.312535270761841
0.2643776648570689,0.0055425150801561,2.731397503059808,-0.157036335474175,0.1503526108218489,0.8396699828022417,0.3559920452837468,3,1,0.1,0.7,1,False,False,False,False,True,1e-06,False,2,0.8591862676881503,-1.1839819851355973,1.6912037473505652,1.4394923918776847,1.138475463032732,0.1909440857498405,1.1592620303282717,0.8591862676881503,0.8591862676881503,0.9,0.1718496771748565,-1.9135654017983927
0.1419636485448124,0.0065764942524011,9.37286673143052,-0.3824903737399681,0.2949486157568575,0.8636817677968323,0.1062952135871441,3,1,0.1,0.7,1,False,False,False,False,True,1e-06,False,2,0.3579348480803201,-5.457489612890344,1.1543618757040277,1.2670247963469357,0.2293740116665471,0.1578338657662094,1.9565869233474136,0.3579348480803201,0.3579348480803201,0.9,0.1420504791895885,4.492559598462935
0.4008158088387046,0.0151108724421826,101.3686875609584,-0.6000845322190761,0.2588556717176475,0.8938501436452182,0.0050692540598775,3,1,0.1,0.7,1,False,False,False,False,True,1e-06,False,2,0.3692435918065216,-4.920326800037867,1.233867915879636,0.2187480282786201,1.9883698413936663,0.1187557636024884,0.980624657285611,0.3692435918065216,0.3692435918065216,0.9,0.1068801872422396,9.450507875837424
0.2714585620701891,0.0051784128532791,2.4146917051370687,-0.0987759000156465,0.3074818810744811,0.4238510511005061,0.400455403298899,3,1,0.1,0.7,1,False,False,False,False,True,1e-06,False,2,0.8413941093791454,-1.1133719265268702,1.86615834870616,1.9139321069951467,1.3972886105518103,1.3593193821356688,1.7814949619679423,0.8413941093791454,0.8413941093791454,0.9,1.223387443922102,3.288783377556046
0.465495897344558,0.007351897531902,106.89654076785742,-1.186492645898119,0.2554024662572857,0.7005621508449158,0.0051371412295904,3,1,0.1,0.7,1,False,False,False,False,True,1e-06,False,2,0.2309318115659294,-1.833001670480293,1.40029864322484,0.359298267302323,1.7706961505619248,0.4274251025322251,0.3767520815344649,0.2309318115659294,0.2309318115659294,0.9,0.3846825922790026,1.09354566946807
0.2072650102995506,0.000196437258215,95.79805022029882,-0.4456018309251916,0.1247117921816206,0.5435047680128043,0.0103616338697323,3,1,0.1,0.7,1,False,False,False,False,True,1e-06,False,2,0.205146539926796,-5.330248447523148,1.339792064042968,0.8240789129480812,0.3012654367203235,0.8399102617926644,1.2431505038890918,0.205146539926796,0.205146539926796,0.9,0.7559192356133979,0.4709762668620678
0.5060127350708234,0.0062998389671616,25.745056185205403,-1.4148728341196828,0.2395786167703091,0.6845367837209004,0.034074424812862,3,1,0.1,0.7,1,False,False,False,False,True,1e-06,False,2,0.2080780761918423,-4.199171880439123,1.5181493558987822,1.3494208552944298,1.915103552375777,0.460841876990675,0.5133077493089481,0.2080780761918423,0.2080780761918423,0.9,0.4147576892916075,0.7390633943549958
0.2927822082581265,0.0139622664993359,2.550819432589658,-0.2010139327638522,0.2004346803329791,0.8340241495644782,0.3807409218628525,3,1,0.1,0.7,1,False,False,False,False,True,1e-06,False,2,0.7174685018050037,-1.4416274865341876,1.8888528693621915,1.915453916241464,1.3056035041440797,0.1990060485924698,1.5002696761052416,0.7174685018050037,0.7174685018050037,0.9,0.1791054437332228,-2.8802324383352578
0.190904116004092,0.001280219498898,29.776760145809664,-1.717792821953884,0.2046084820768379,0.614850957135386,0.0334993636094827,3,1,0.1,0.7,1,False,False,False,False,True,1e-06,False,2,0.2565288777202468,-4.173262218800047,0.8663296002748508,1.7630144240144765,0.4289934906152233,0.6264104144182162,1.02329603643382,0.2565288777202468,0.2565288777202468,0.9,0.5637693729763946,0.7385220692752472
0.5430705286616028,0.0044770610959248,120.66026712792696,-2.4827606649104785,0.2913075050407538,0.7493232026931245,0.005034011120372,3,1,0.1,0.7,1,False,False,False,False,True,1e-06,False,2,0.1346725170477113,-0.9557712065385822,1.7668977683701734,0.4879491354420544,1.3309974167504235,0.3345376152852656,0.2478701462447759,0.1346725170477113,0.1346725170477113,0.9,0.3010838537567391,0.9281759012352327
0.5111584277030307,0.0240387950090392,18.937313613246307,-1.4780275751503564,0.672517192419043,0.6419493347919738,0.033477435357896,3,1,0.1,0.7,1,False,False,False,False,True,1e-06,False,2,0.2179233345187143,-0.5926038785548862,1.1076726444350231,0.6284407741663038,1.858694028480668,0.5577553333302447,1.061699510827125,0.2179233345187143,0.2179233345187143,0.9,0.5019797999972203,1.7865335986531916
0.5060605832279753,0.0216504512945989,9.183916445091691,-1.1119559142311353,0.5420073303127243,0.7524877529503996,0.1047927450468664,3,1,0.1,0.7,1,False,False,False,False,True,1e-06,False,2,0.214486392220667,-6.34201716572397,1.9929430014786915,1.4729889327066323,1.5655969831315677,0.3289252829420005,1.5005009891957148,0.214486392220667,0.214486392220667,0.9,0.2960327546478005,0.9658800104646996
0.2381865671097951,0.0064643834612975,8.816984851559786,-0.3061028118999624,0.2620100142046426,0.7890916770522604,0.100539975346297,3,1,0.1,0.7,1,False,False,False,False,True,1e-06,False,2,0.4364505013837679,-5.787293106468014,1.2499014221072795,0.8357683630205555,0.548902126523981,0.2672798726449772,1.2948400137898308,0.4364505013837679,0.4364505013837679,0.9,0.2405518853804795,2.882788395304354
0.3882172128387977,0.0149094068040896,9.37340339681652,-0.8866655916897686,0.3867986156599795,0.7148526664419028,0.1061543260767192,3,1,0.1,0.7,1,False,False,False,False,True,1e-06,False,2,0.2730425734593417,-8.668296172753573,1.5164893458752546,1.6990189912424885,1.1489271149823992,0.3988896550912866,1.3162214052100003,0.2730425734593417,0.2730425734593417,0.9,0.359000689582158,1.0396465331979574
0.2128197796620514,9.254164552068402e-05,9.593535353742396,-0.6793977181412792,0.2343041478860917,0.6820534854905042,0.103057771801683,3,1,0.1,0.7,1,False,False,False,False,True,1e-06,False,2,0.3905295740672607,-9.903243889763358,1.0428954032990143,1.999490941083856,0.6475735501273171,0.4661606769458001,1.0794056350391508,0.3905295740672607,0.3905295740672607,0.9,0.4195446092512201,1.3417951594190929
0.2512289983072317,0.005199739166747,7.3586241634875345,-0.2385333339152853,0.208817961236614,0.881832457490132,0.1100605270461632,3,1,0.1,0.7,1,False,False,False,False,True,1e-06,False,2,0.5282727521864883,-8.313376403590425,1.5290075214399428,0.8026178856211973,0.6813806894278539,0.134002260300325,1.3145056615637722,0.5282727521864883,0.5282727521864883,0.9,0.1206020342702925,8.502483974106495
0.2936803034975086,0.0022448180743292,9.514405162962635,-0.4659603433279339,0.2886687475941126,0.5945576315800849,0.1046059624662785,3,1,0.1,0.7,1,False,False,False,False,True,1e-06,False,2,0.373504213223956,-6.223952348788924,1.3996810583157833,1.451478334331639,0.9366208517226782,0.6819227386627255,1.2223595689795708,0.373504213223956,0.373504213223956,0.9,0.6137304647964529,1.0101192249183708
0.3247823642164098,0.036690212171382,2.158034354027504,-0.0812557856967736,0.5824631987398731,0.3718524772002894,0.4416700375786103,3,1,0.1,0.7,1,False,False,False,False,True,1e-06,False,2,0.768304665206988,-0.4854765479417047,1.970623064126214,1.6595939624398977,1.9021546945168983,1.689238505358602,1.642301009599133,0.768304665206988,0.768304665206988,0.9,1.5203146548227418,19.37137747012333
0.2315819913082695,0.008025749636394,2.888817753895388,-0.1425631302227062,0.1896550747432024,0.727932463776703,0.3411613630162494,3,1,0.1,0.7,1,False,False,False,False,True,1e-06,False,2,0.8361710972367513,-1.1590838683388984,1.641047171659426,1.4985247940383706,0.7365900712450881,0.3737538161325298,1.4064460297990835,0.8361710972367513,0.8361710972367513,0.9,0.3363784345192768,-3.3041365021637605
0.4029572465220245,0.0155366107184749,9.624668150553836,-1.452638521167477,0.2843781465107693,0.8877113284854585,0.1030056721885073,3,1,0.1,0.7,1,False,False,False,False,True,1e-06,False,2,0.269309488722502,-7.817285203948473,0.987601289775129,1.9265412392858727,1.8281852014828408,0.1264923268537298,0.8903221766041942,0.269309488722502,0.269309488722502,0.9,0.1138430941683568,3.2960570987591487
0.1698774121771454,0.0002927095577267,9.441446076338496,-0.2006620601855935,0.2900769037019444,0.5785975955901348,0.1057453263423844,3,1,0.1,0.7,1,False,False,False,False,True,1e-06,False,2,0.4720308073726096,-2.3619132952879625,1.3504843879263968,0.9920109671721766,0.3134690319264137,0.7283168952336553,1.0664638829493105,0.4720308073726096,0.4720308073726096,0.9,0.6554852057102898,1.543749321919594
0.3695613094740216,0.003925657889041,9.243708704216187,-0.5803926201751572,0.2023445002108227,0.8638130795712206,0.1015643959344757,3,1,0.1,0.7,1,False,False,False,False,True,1e-06,False,2,0.3642715017940752,-2.940841066268444,1.9893032988725776,1.533686687798676,1.7000301531303346,0.1576578586844041,0.3906160510006371,0.3642715017940752,0.3642715017940752,0.9,0.1418920728159637,12.47955053549526
0.340244223570205,0.0050900614282953,9.158950055225636,-0.4232960905946064,0.345984802303575,0.5455485977487224,0.1018051172517396,3,1,0.1,0.7,1,False,False,False,False,True,1e-06,False,2,0.3784468617562455,-2.2226852800109684,1.6799464772770956,1.213740166602304,1.4006277872493271,0.8330172676213092,1.3182263049980851,0.3784468617562455,0.3784468617562455,0.9,0.7497155408591784,1.0466961839373117
0.432713024141013,0.0292156679555851,52.85835936021471,-1.2648334372406995,0.9689287062394903,0.7530823984830821,0.0100271669729863,3,1,0.1,0.7,1,False,False,False,False,True,1e-06,False,2,0.1923989708369427,-0.859057785148142,1.7105955810453066,0.2340215677945047,0.9567342249779016,0.3278759429436656,1.570431624792669,0.1923989708369427,0.1923989708369427,0.9,0.295088348649299,2.4586653395418656
0.2941420024495077,0.0281743293984248,2.55914115708151,-0.2993831895836545,0.3157728146915298,0.6833225416916109,0.3746620565724182,3,1,0.1,0.7,1,False,False,False,False,True,1e-06,False,2,0.6632261210580611,-0.4506744265582494,1.1859963403868714,1.6927549377817706,1.5402758168637434,0.4634377457012216,1.8894985170638323,0.6632261210580611,0.6632261210580611,0.9,0.4170939711310995,-0.9627031851645466
0.352515216749608,7.59161992350656e-05,50.83517783623042,-0.5544400987636849,0.1871552958485605,0.8322117216072632,0.0108015958712612,3,1,0.1,0.7,1,False,False,False,False,True,1e-06,False,2,0.3728837515010532,-7.531225028667473,1.5485903937522818,0.3940423706950265,1.982863618414202,0.201617297661567,0.3884560889801961,0.3728837515010532,0.3728837515010532,0.9,0.1814555678954103,2.9457401412773137
0.4409543036130228,0.007371430226119,53.832508196843214,-3.1036528074731327,0.4236304894552513,0.8959823320130312,0.0108113857385201,3,1,0.1,0.7,1,False,False,False,False,True,1e-06,False,2,0.1388063184805922,-0.2552836795992128,0.3829290818834903,0.3509596732620191,0.8590034148494218,0.1160934365226478,0.1998650212869603,0.1388063184805922,0.1388063184805922,0.9,0.104484092870383,-0.3622690945819456
0.2558188086075617,0.0065530855868226,9.654423416184915,-1.058327401000483,0.2163443397115667,0.8875362041104969,0.1018906453088613,3,1,0.1,0.7,1,False,False,False,False,True,1e-06,False,2,0.3413414217497119,-1.6558196084830783,0.7192017178782653,1.8820958016998173,1.1010901437490623,0.1267146009015103,0.8503108514792579,0.3413414217497119,0.3413414217497119,0.9,0.1140431408113593,-4.841812345174102
0.4846916165163818,0.0098205818499129,56.907734601458976,-1.532915958385999,0.3325550021529947,0.6719435686536331,0.0104197414344922,3,1,0.1,0.7,1,False,False,False,False,True,1e-06,False,2,0.2117485226427014,-4.309166273455148,1.1374610878752462,0.4644328188348648,1.712129533359115,0.4882202117116626,1.6805249535182112,0.2117485226427014,0.2117485226427014,0.9,0.4393981905404964,0.7176998004029483
0.3916155498239824,0.0007449139126203,170.24282337339903,-1.4513980583136523,0.0869906629482266,0.6445161298325324,0.0050342408853266,3,1,0.1,0.7,1,False,False,False,False,True,1e-06,False,2,0.1443837402182172,-6.8061868579047005,1.1836272775298802,0.837155589032193,0.6713963725237775,0.5515515496250414,0.4094912723390942,0.1443837402182172,0.1443837402182172,0.9,0.4963963946625372,0.4224076684428786
0.284947964856537,0.0004278281996487,50.24179153721501,-0.154126827986752,0.2547065948670559,0.5806068700739908,0.0102678648740213,3,1,0.1,0.7,1,False,False,False,False,True,1e-06,False,2,0.6556392191280475,-4.94692112480378,1.801767928156221,0.2275209728117759,1.3699580466095185,0.7223358033510059,1.9014836066046483,0.6556392191280475,0.6556392191280475,0.9,0.6501022230159054,1.914596451074984
0.2062649680081256,0.0107931068994027,9.85135817564757,-0.7744985900095189,0.424683180521604,0.7888962981373743,0.1010784212528577,3,1,0.1,0.7,1,False,False,False,False,True,1e-06,False,2,0.2632238277781021,-8.5507417652686,1.3767670630897562,1.732400079952083,0.3436845223815482,0.2675937285560252,1.521220932511366,0.2632238277781021,0.2632238277781021,0.9,0.2408343557004227,1.4089814287239273
0.4669066724906791,0.0499315209571471,2.934682237171804,-1.6698706232795208,1.716748126790558,0.6540171365381127,0.3338854413934459,3,1,0.1,0.7,1,False,False,False,False,True,1e-06,False,2,0.1943926372539422,-0.2215196481567094,1.4220442627907153,1.6432772214876974,1.1919976204101437,0.5290119235915853,0.8681891662606592,0.1943926372539422,0.1943926372539422,0.9,0.4761107312324268,-0.8528080873052768
0.2073558954793299,0.0019320324771447,57.97135977406778,-0.5028342191310419,0.2266142486911822,0.7023729105577131,0.0104832946762944,3,1,0.1,0.7,1,False,False,False,False,True,1e-06,False,2,0.3024997027475014,-5.088951941380674,0.7244805784593442,0.3174075314062097,0.3756280061789018,0.4237451145516968,1.7647983005093013,0.3024997027475014,0.3024997027475014,0.9,0.3813706030965271,1.182210562577736
0.168168995708034,0.0012891926991348,114.49504803914616,-0.2822989710978476,0.1860768162965048,0.7082904946857562,0.0052420884434842,3,1,0.1,0.7,1,False,False,False,False,True,1e-06,False,2,0.2349924543208486,-3.1465642597460395,0.8016506593409357,0.2921819133614298,0.2166440936909527,0.4118500918802604,0.2994522372811307,0.2349924543208486,0.2349924543208486,0.9,0.3706650826922344,0.9840028114764224
0.3241416547410088,0.0008973884913383,56.45026618956294,-0.9642928353978482,0.1588692041536469,0.7939237750335106,0.0106886467597603,3,1,0.1,0.7,1,False,False,False,False,True,1e-06,False,2,0.28115229490279,-8.640471836658683,0.4982447014102922,0.4144616373355804,0.9851222190629358,0.2595667637712339,0.3710110168475512,0.28115229490279,0.28115229490279,0.9,0.2336100873941105,1.5598536366263196
0.2780273719772607,0.0037586265128357,2.8386740595247835,-0.1242016719638052,0.285816054842443,0.5047197261254122,0.343831489439279,3,1,0.1,0.7,1,False,False,False,False,True,1e-06,False,2,0.7342978228723424,-1.825236757137388,1.9308284573488603,1.81486731169976,1.3092628078994566,0.9812976355743248,1.7808406125245937,0.7342978228723424,0.7342978228723424,0.9,0.8831678720168924,2.5127382878650404
0.3751668939144486,0.009593809605437,8.818197157378663,-0.6443991881299854,0.3265970631290634,0.6447534896234022,0.1074795727497543,3,1,0.1,0.7,1,False,False,False,False,True,1e-06,False,2,0.3490077812540785,-5.051818795947842,1.287406652244199,1.3244848072828048,1.8138987582422643,0.5509803608571329,1.6677058711054742,0.3490077812540785,0.3490077812540785,0.9,0.4958823247714196,1.123282975507811
0.2543366765111696,0.010803950650825,6.213977082022519,-0.1266250694231396,0.204129434832917,0.688905332832329,0.1036673227196687,3,1,0.1,0.7,1,False,False,False,False,True,1e-06,False,2,0.8485586210658251,-1.4657593443833523,1.9391887833227417,0.6101480309594295,0.9337217780919258,0.4515782537038184,1.6066467288378594,0.8485586210658251,0.8485586210658251,0.9,0.4064204283334366,-9.672720980290029
0.1561447264758686,0.0032491551004556,7.364091025614942,-0.1439423626447765,0.2229107995192153,0.7317962811142729,0.1109177737522259,3,1,0.1,0.7,1,False,False,False,False,True,1e-06,False,2,0.6544180409931111,-2.5493612942146457,1.5060862680644438,0.6452922239448529,0.3039608981262975,0.3665005218082627,1.813761299766804,0.6544180409931111,0.6544180409931111,0.9,0.3298504696274364,8.144341989153737
0.3182996893491581,0.0146517381000112,51.86963081731034,-0.6110568486022726,0.4281711607556671,0.745508151273862,0.0107796477303204,3,1,0.1,0.7,1,False,False,False,False,True,1e-06,False,2,0.2674814561540773,-4.259946398989073,1.6020528550320687,0.2935236465050825,0.6549086964627009,0.3413669566070924,1.1113761375333622,0.2674814561540773,0.2674814561540773,0.9,0.3072302609463831,1.287940741176279
0.5172119783935164,0.0169480816549317,9.597604628771212,-1.8307861149501643,0.4222404316871779,0.900943594921333,0.1035891202433496,3,1,0.1,0.7,1,False,False,False,False,True,1e-06,False,2,0.1883265689549997,-1.8395025286096305,1.6459788555005517,1.925996688479972,1.564406656003728,0.109947399190197,0.4942305698321411,0.1883265689549997,0.1883265689549997,0.9,0.0989526592711773,27.61940482691501
0.2269244644796784,0.0004862124522951,8.203492177653683,-0.2000727122987725,0.295231184988023,0.5635533552636492,0.1085475501803609,3,1,0.1,0.7,1,False,False,False,False,True,1e-06,False,2,0.5121237200144563,-2.8330821352796782,1.5693678139531233,0.8667319261492161,0.5757481042408825,0.7744548775371347,1.254744127216895,0.5121237200144563,0.5121237200144563,0.9,0.6970093897834213,1.530666677595172
0.2957184571484822,0.0007559774491326,91.75912137780352,-3.5582923247465827,0.0730045643073992,0.8884762509433094,0.0108918953356116,3,1,0.1,0.7,1,False,False,False,False,True,1e-06,False,2,0.1913621079064295,-8.984341099959579,0.21392913875844,1.2569590227005634,1.1949314662081316,0.1255224874477894,0.6695864303717488,0.1913621079064295,0.1913621079064295,0.9,0.1129702387030105,2.0665535688402787
0.2581420968030737,0.0021844545284643,9.012350360851066,-0.4839848489096426,0.2683044408229539,0.6529058777968166,0.1103410114018134,3,1,0.1,0.7,1,False,False,False,False,True,1e-06,False,2,0.3954414275150091,-6.0532144766854135,1.099311029766671,1.3454033079163066,0.7542863154187113,0.531614332182806,1.3407722484379645,0.3954414275150091,0.3954414275150091,0.9,0.4784528989645253,1.298908158526931
0.34121905585254,0.0014840415904876,93.71616449135112,-4.994133672601583,0.1012569450932337,0.729358400784437,0.0106652940322238,3,1,0.1,0.7,1,False,False,False,False,True,1e-06,False,2,0.1721892472828259,-3.1596931491910363,0.3672522504303761,1.9388597299172188,1.2925255730624745,0.3710680495686118,1.4363611078985832,0.1721892472828259,0.1721892472828259,0.9,0.3339612446117506,0.7457476032651277
0.3746155352903056,0.0001497114305215,155.23257678196396,-2.098181873493467,0.0538862222122931,0.8926788392447732,0.0051502287526729,3,1,0.1,0.7,1,False,False,False,False,True,1e-06,False,2,0.1857646073230512,-2.61424300658196,0.2016503053758584,0.7074436116706972,1.128146876368188,0.1202237087259993,1.6428559383623702,0.1857646073230512,0.1857646073230512,0.9,0.1082013378533994,4.232639376557315
0.4480317472995705,0.0049071743649095,65.74808040272855,-1.8179301289386247,0.4243821915471792,0.6783622597725135,0.0103878834665307,3,1,0.1,0.7,1,False,False,False,False,True,1e-06,False,2,0.1344004522694841,-0.9848855913969744,1.925555286004696,0.5140148639770445,0.8289238500505766,0.4741386119200476,0.9149225901790756,0.1344004522694841,0.1344004522694841,0.9,0.4267247507280428,0.5867314517266516
0.285952797400847,0.0010308018262822,2.646503368383132,-0.1343966905575895,0.1275017819106511,0.8297404893577278,0.3581677355551584,3,1,0.1,0.7,1,False,False,False,False,True,1e-06,False,2,0.9510279297299375,-2.887730991260572,1.8489073669018528,1.2926896278066966,1.78273696458412,0.2051960978474896,1.9989603020208304,0.9510279297299375,0.9510279297299375,0.9,0.1846764880627406,-9.233081509717923
0.3348032736192513,0.0021731844683193,127.15701917112038,-1.177434906676993,0.1786178140483385,0.6557142735559544,0.0051264895692412,3,1,0.1,0.7,1,False,False,False,False,True,1e-06,False,2,0.1743100481772702,-9.109304159259649,0.9658165647289833,0.4068192206787243,0.568129705793471,0.5250544945086765,0.776770984201397,0.1743100481772702,0.1743100481772702,0.9,0.4725490450578088,0.5254443205663298
0.2873538577216865,0.0118561048563152,2.456570381343268,-0.2228128464217512,0.2317513689443928,0.690954609392745,0.3904731139102992,3,1,0.1,0.7,1,False,False,False,False,True,1e-06,False,2,0.733536603924523,-0.985398456606001,1.403418268960572,1.9964480808804603,1.6870564792252596,0.4472730717852274,1.7758471441839525,0.733536603924523,0.733536603924523,0.9,0.4025457646067047,-3.572904183853173
0.3287612463147337,0.0418874567692857,1.8593207400320195,-0.1321416738206725,0.4292613954990896,0.5053149703681145,0.5096042583447339,3,1,0.1,0.7,1,False,False,False,False,True,1e-06,False,2,0.7855263399459719,-0.5944640772161804,1.9643043852121185,1.9526653243182224,1.8663839298014773,0.9789637328011768,1.76700321138487,0.7855263399459719,0.7855263399459719,0.9,0.8810673595210592,-4.53957938660045
0.3519317600083942,0.0052296686382194,7.547452548683831,-0.3913971655465586,0.2193393698710554,0.8439981628109224,0.1023444603991295,3,1,0.1,0.7,1,False,False,False,False,True,1e-06,False,2,0.4513341490646331,-8.56083648009076,1.6508366805637045,1.0537389593246609,1.8507258796149115,0.1848367023329955,0.7775404622839818,0.4513341490646331,0.4513341490646331,0.9,0.1663530320996959,4.047637384567194
0.2737153683502732,0.0017095016723908,6.149827691087259,-0.1389622489372917,0.1973659810861689,0.7041505257125424,0.1103206831721694,3,1,0.1,0.7,1,False,False,False,False,True,1e-06,False,2,0.7331308285522474,-8.694529520880227,1.9821767883270287,0.7218791102671824,1.14294015707283,0.4201508959864543,1.8556300563199293,0.7331308285522474,0.7331308285522474,0.9,0.3781358063878088,3.100248677266128
0.4530553847810783,0.0003211489394547,197.77976697448008,-2.1905202085753857,0.0557305858607114,0.5679527447614682,0.0050560329388131,3,1,0.1,0.7,1,False,False,False,False,True,1e-06,False,2,0.1466543345302444,-3.457020152656637,1.6028599077353145,1.8846086814045413,1.0724024570958417,0.7607098640222004,0.7509240457828035,0.1466543345302444,0.1466543345302444,0.9,0.6846388776199804,0.3594879036648712
0.5642476506111023,0.0006685404659129,175.64429297047164,-3.4315819194261694,0.1235436694771771,0.6874666043486644,0.0050001468707172,3,1,0.1,0.7,1,False,False,False,False,True,1e-06,False,2,0.0954630011069007,-8.941405532055512,1.8807964588121708,0.9765368872115202,1.1664870394462885,0.4546161132400652,1.2406075881670835,0.0954630011069007,0.0954630011069007,0.9,0.4091545019160587,0.3127948451962797
0.265089415601508,0.0019319664628957,2.603138080946142,-0.1005186971199776,0.1704222686300449,0.6065243389633781,0.3752032029547594,3,1,0.1,0.7,1,False,False,False,False,True,1e-06,False,2,0.9856577451462784,-1.677303183336857,1.7275528322359803,1.296487601605123,1.332198606605103,0.6487384524570252,1.5868821439521157,0.9856577451462784,0.9856577451462784,0.9,0.5838646072113227,26.599816654814543
0.3872674828742861,0.0242862903773304,51.41103591737134,-0.8390171094023253,0.6025447043062107,0.8058160694242553,0.0105079490315043,3,1,0.1,0.7,1,False,False,False,False,True,1e-06,False,2,0.2315581863202134,-3.822422379422558,1.9488355180875987,0.2697590061061219,0.8465746091076004,0.2409779823756635,1.6092998308741275,0.2315581863202134,0.2315581863202134,0.9,0.2168801841380971,1.5929051583690663
0.2619131833896418,0.0074431241982865,7.298176354840479,-0.2054927003732111,0.291264704178641,0.6693006457038234,0.1089433361009162,3,1,0.1,0.7,1,False,False,False,False,True,1e-06,False,2,0.5288495314534556,-4.689731279110524,1.8537845285434429,0.8022221985117824,0.7536747846774001,0.4940968702464341,1.4931978932716077,0.5288495314534556,0.5288495314534556,0.9,0.4446871832217907,2.0720998854455366
0.4300522650110646,0.0062620288445358,55.76024990111823,-0.9411027950951618,0.2443651438889237,0.6950803283151177,0.0107627593489823,3,1,0.1,0.7,1,False,False,False,False,True,1e-06,False,2,0.2492852777832143,-7.692218210183533,1.5284156044448245,0.5033673799996995,1.5544469143530255,0.4386826374787658,0.5158320505884867,0.2492852777832143,0.2492852777832143,0.9,0.3948143737308892,0.8827573613667952
0.2390847391131487,0.006440097364697,47.88095234057105,-0.1474765230133599,0.153805580362492,0.8598403035172189,0.0107425408235552,3,1,0.1,0.7,1,False,False,False,False,True,1e-06,False,2,0.8390148830014608,-1.4123725133383864,1.8879975615059663,0.1956861367229643,0.8352639877193155,0.1630066605501638,1.2309563810679442,0.8390148830014608,0.8390148830014608,0.9,0.1467059944951474,-2.2637814709898474
0.4820896518191588,0.0661746417799772,2.872376626018448,-1.3319435516162583,0.9744167647448536,0.854981553396613,0.3368771732385862,3,1,0.1,0.7,1,False,False,False,False,True,1e-06,False,2,0.2487251625937878,-0.1500368092844173,1.3424777363072309,1.541283156764624,1.674172771426993,0.1696158777078494,1.476439959122671,0.2487251625937878,0.2487251625937878,0.9,0.1526542899370644,-0.195486922575621
0.1221131736683711,0.000357016051456,91.8803072482876,0.1715785903398012,0.2254374350526156,0.858492788532368,0.0108837242940133,3,1,0.1,0.7,1,False,False,False,False,True,1e-06,False,2,0.0976272422945949,-5.992866920817373,1.9862909517839773,1.1797961775359718,0.1075734388015221,0.1648321492712186,0.1543993149033907,0.0976272422945949,0.0976272422945949,0.9,0.1483489343440967,0.7655725361306397
0.3604405100303807,0.0052660537824259,9.397227507449465,-0.5963215873813328,0.2994834060269682,0.6129562369719578,0.1058057971855872,3,1,0.1,0.7,1,False,False,False,False,True,1e-06,False,2,0.3455366506105872,-7.274309503361671,1.440787315735531,1.5114694578611332,1.601728981088432,0.6314378412071681,1.207749197516031,0.3455366506105872,0.3455366506105872,0.9,0.5682940570864513,0.9653809871273468
0.3399224616867817,0.0188086320857096,9.58780957292394,-1.862104233046048,0.4997671611435444,0.7971827125212234,0.1031765682098274,3,1,0.1,0.7,1,False,False,False,False,True,1e-06,False,2,0.2262980531568779,-1.3932766553344305,1.0038987851249808,1.9993626426785625,0.8899128969874017,0.2544175686365965,1.8844485484685216,0.2262980531568779,0.2262980531568779,0.9,0.2289758117729368,3.085699083875138
0.5341099362017545,0.0180041613652931,9.704209683692955,-1.644109297024031,0.5697073252625885,0.7956030801000673,0.1026001623585308,3,1,0.1,0.7,1,False,False,False,False,True,1e-06,False,2,0.1773966786526042,-8.437025411055602,1.7878518275108988,1.692321008701161,1.5530037527707308,0.2569081556021937,1.2804681769573918,0.1773966786526042,0.1773966786526042,0.9,0.2312173400419743,0.9452656866816992
0.1599236386292352,0.009076016580078,9.306824495094435,-0.2753641901537514,0.438638505959624,0.6708557972155497,0.1073523161284401,3,1,0.1,0.7,1,False,False,False,False,True,1e-06,False,2,0.3512814790472117,-5.437314552612476,1.9428908134272385,1.013676854652077,0.2467028268271974,0.4906333136727659,1.99931894813118,0.3512814790472117,0.3512814790472117,0.9,0.4415699823054894,1.2291031161146424
0.3689232221567693,0.0006608026652122,73.57390173883337,-1.1467417072342665,0.1514595519923732,0.5462026744099592,0.0102577750940585,3,1,0.1,0.7,1,False,False,False,False,True,1e-06,False,2,0.2181998208531476,-1.6957986567978782,1.0332189894077932,0.685930123111342,1.0328526558036,0.8308222329380935,0.8311453986440158,0.2181998208531476,0.2181998208531476,0.9,0.7477400096442842,0.5689443638886172
0.3021589615607888,0.0009133833895201,6.554743847619566,-0.2411789582356762,0.231461531060484,0.6903216853790719,0.1107761054257756,3,1,0.1,0.7,1,False,False,False,False,True,1e-06,False,2,0.5805261612752931,-2.3916720434616057,1.4378560832120455,0.8557373566772181,1.5244432530459802,0.448600009502637,0.9652990241593098,0.5805261612752931,0.5805261612752931,0.9,0.4037400085523733,4.084823721446002
0.1727644594377289,0.0093734716530612,9.183393970295397,-1.0019946240560422,0.637455107901248,0.8894066205203683,0.1085860447896352,3,1,0.1,0.7,1,False,False,False,False,True,1e-06,False,2,0.1884669703610216,-8.237212553797654,1.4715229190441783,1.7401910151151885,0.2265807111366058,0.1243451273332397,1.9651791646307168,0.1884669703610216,0.1884669703610216,0.9,0.1119106145999157,2.088420036910384
0.2787571834010944,0.0028031519366334,2.4078740005667942,-0.0962646450083956,0.1911744974963822,0.5654402868026158,0.3991344487797211,3,1,0.1,0.7,1,False,False,False,False,True,1e-06,False,2,0.9591164300864636,-1.424107292580608,1.914578623389472,1.52126632665533,1.581610983153443,0.7685333417869471,1.2254623799197617,0.9591164300864636,0.9591164300864636,0.9,0.6916800076082524,17.846166785467492
0.2607879898582116,0.0064193878919613,6.714184166579125,-0.2220936937090861,0.3377614622499483,0.5041833610987916,0.1046234054841816,3,1,0.1,0.7,1,False,False,False,False,True,1e-06,False,2,0.6378487769247241,-0.6965374157793196,1.0791585552151417,0.6692886666552522,0.9877257776304846,0.9834053980295008,1.0992775328311777,0.6378487769247241,0.6378487769247241,0.9,0.8850648582265506,18.69723366863169
0.2337694508595646,0.0095576781717222,9.166796464487852,-0.2812339142398008,0.2734751746952579,0.8820699017454497,0.1035080568741462,3,1,0.1,0.7,1,False,False,False,False,True,1e-06,False,2,0.3891399765132005,-6.461475528061553,1.7337398823551218,0.98098624156998,0.4488312312603275,0.1336969984138319,0.927624932462288,0.3891399765132005,0.3891399765132005,0.9,0.1203272985724487,6.004527092135218
0.3434992829786987,0.0002993751247273,93.81217574683292,-3.1612310057111306,0.0924773623891847,0.5771490038947376,0.0106573073058403,3,1,0.1,0.7,1,False,False,False,False,True,1e-06,False,2,0.1878233322430846,-7.798107234365218,0.8280468038559781,1.9744935682180225,1.1597249889217665,0.7326548140112245,1.5464832743763908,0.1878233322430846,0.1878233322430846,0.9,0.659389332610102,0.4592819832260936
0.2748850056663474,0.00444839865498,2.83182552127978,-0.1357520726447743,0.2081111894507783,0.624752894011777,0.344966583924893,3,1,0.1,0.7,1,False,False,False,False,True,1e-06,False,2,0.8268182275801168,-1.5630634240282202,1.6422500079741145,1.3653045622982771,1.3424619299542713,0.6006328415361437,1.524854956983695,0.8268182275801168,0.8268182275801168,0.9,0.5405695573825293,18.46823759017344
0.2015337806168063,0.0138257524533803,9.291450644784826,-0.3639625762543303,0.3962917392976472,0.8886755439307086,0.1052247700374221,3,1,0.1,0.7,1,False,False,False,False,True,1e-06,False,2,0.3138446461063273,-3.4183743459543763,1.6076509830548984,0.855862349617863,0.3197615317978645,0.1252700795353173,1.279338254804603,0.3138446461063273,0.3138446461063273,0.9,0.1127430715817856,10.555007978665742
0.3535593285523901,0.0039737101896522,8.19219215261988,-0.4540943839354132,0.2204247704700997,0.8179198434979604,0.1071118614777083,3,1,0.1,0.7,1,False,False,False,False,True,1e-06,False,2,0.4019430665869803,-7.059212147050005,1.7719294054823491,1.2891638665558074,1.6020833232373333,0.222613692465689,0.569329111423917,0.4019430665869803,0.4019430665869803,0.9,0.2003523232191201,2.96617724413174
0.327718032428686,0.0003048990614721,191.5127655663816,-1.1066132812767293,0.0608871736210947,0.6456185936776042,0.005221450027557,3,1,0.1,0.7,1,False,False,False,False,True,1e-06,False,2,0.156864036385609,-4.3337089356765,1.7124528109494612,1.2914476806649835,0.5215741338328661,0.5489021068983643,0.1780427359057772,0.156864036385609,0.156864036385609,0.9,0.4940118962085278,0.4738916785226013
0.3693717920596054,0.0114084206289283,8.966065523612562,-0.8776959515640335,0.2602701292462024,0.8406068072986645,0.1087029664526144,3,1,0.1,0.7,1,False,False,False,False,True,1e-06,False,2,0.3260946842072256,-3.063048291358501,0.9433875392668444,1.3430993386531456,1.5793951074871493,0.1896168236057405,0.7728316185144045,0.3260946842072256,0.3260946842072256,0.9,0.1706551412451664,4.665060655849008
0.3977758675581181,0.0104224427382057,9.342443261231365,-0.932115036931518,0.3190470132849054,0.6656667248577752,0.1062770986373617,3,1,0.1,0.7,1,False,False,False,False,True,1e-06,False,2,0.3077951211348974,-7.63300393016849,1.2832537785312876,1.842448660449047,1.9988222415901995,0.5022532487464471,1.357293360429736,0.3077951211348974,0.3077951211348974,0.9,0.4520279238718023,1.0009897992930636
0.4645517897301729,0.0184133527799792,101.03580009880254,-0.9531802579885392,0.4380004457008141,0.7193768746926353,0.0052174345702577,3,1,0.1,0.7,1,False,False,False,False,True,1e-06,False,2,0.2468608647438658,-2.282267551533918,1.8761336735103569,0.261631353430755,1.5815424609402755,0.390091946488084,0.8781235823410073,0.2468608647438658,0.2468608647438658,0.9,0.3510827518392756,1.2171911256215315
0.4849010328143143,0.0008119955986808,91.66249840980043,-14.705034464339615,0.2848973357985875,0.8848573098013331,0.0109059617818085,3,1,0.1,0.7,1,False,False,False,False,True,1e-06,False,2,0.0751626509320714,-4.639791683078852,0.345109935493908,1.4036371801569472,0.8648182879263455,0.1301257150992159,1.0143897057970162,0.0751626509320714,0.0751626509320714,0.9,0.1171131435892943,0.7455992467586676
0.2672911803275555,0.0016712402500942,2.4367625213113446,-0.1742919956259798,0.1290865453765839,0.8227856826252594,0.3939890475920354,3,1,0.1,0.7,1,False,False,False,False,True,1e-06,False,2,0.9545500265177422,-0.7165022244124266,1.1420984026664471,1.4518102560484345,1.90554817169492,0.2153833265660425,1.409207831244188,0.9545500265177422,0.9545500265177422,0.9,0.1938449939094383,-1.0387621026766507
0.3781227853699681,0.0247310724115826,7.942908105237501,-0.6045894777788985,0.3661645389803458,0.900345902824476,0.1038638787848552,3,1,0.1,0.7,1,False,False,False,False,True,1e-06,False,2,0.3244256965657212,-5.381324805111073,1.5767221252654913,0.9340887724924628,1.090818717058829,0.1106842346512591,1.6193761434179117,0.3244256965657212,0.3244256965657212,0.9,0.0996158111861332,7.149933088648548
0.5454644193740888,0.0015213543964433,91.86958466634816,-3.1452806871438583,0.1175962072767897,0.6020502626023303,0.0108839126520676,3,1,0.1,0.7,1,False,False,False,False,True,1e-06,False,2,0.1487296384131735,-6.409959669883673,1.4498369088341767,1.848790360873506,1.864663187818105,0.6609908875009093,1.4978237908641927,0.1487296384131735,0.1487296384131735,0.9,0.5948917987508183,0.3873365100189118
0.2994330538756918,0.020472175055269,2.1581328769220747,-0.0683581559992713,0.3757812076388981,0.3789719031716321,0.4394113472701491,3,1,0.1,0.7,1,False,False,False,False,True,1e-06,False,2,0.9469075544454574,-0.5891696943706499,1.811136037298744,1.5318897470065602,1.997051090146762,1.638718046459268,1.2690979574860477,0.9469075544454574,0.9469075544454574,0.9,1.4748462418133412,79.25040328747404
0.4950455334735147,0.0154059124712063,20.18876604513345,-1.196427103951497,0.3502252164104833,0.8196246042681652,0.0341239526458494,3,1,0.1,0.7,1,False,False,False,False,True,1e-06,False,2,0.2258539732587968,-7.866379462747513,1.434611284433611,0.7905651275188247,1.6640968628111374,0.220070743109146,0.6639625634855166,0.2258539732587968,0.2258539732587968,0.9,0.1980636687982314,1.4400011786948406
0.2784428914949992,0.0021992575901456,2.664916113985241,-0.1086388303052059,0.237175162991705,0.488200298990405,0.3646328750692684,3,1,0.1,0.7,1,False,False,False,False,True,1e-06,False,2,0.8945259431829936,-1.232246917402552,1.561506674382637,1.3638487801040005,1.743265729486072,1.0483395894430896,1.6483798861863206,0.8945259431829936,0.8945259431829936,0.9,0.9435056304987808,5.683135028436264
0.2760659892477783,0.0128078500340317,98.62672666701144,-0.1575565713487588,0.2350916689732655,0.6216466527884127,0.0051300327873708,3,1,0.1,0.7,1,False,False,False,False,True,1e-06,False,2,0.8292784209565225,-0.6179756259604261,1.757166214075885,0.1442380846298021,1.4145077729185167,0.6086308765831416,0.7674002283933766,0.8292784209565225,0.8292784209565225,0.9,0.5477677889248275,-1.819186158072672
0.2832412359575357,0.0067127460711754,2.87693616156782,-0.1250477871196403,0.2202323884474025,0.5998445300562132,0.3394141675350915,3,1,0.1,0.7,1,False,False,False,False,True,1e-06,False,2,0.8415405968882271,-1.4179737158519945,1.7472220840917998,1.278801365361178,1.4689656840514649,0.667098639552964,1.4599557559739282,0.8415405968882271,0.8415405968882271,0.9,0.6003887755976676,19.05702285212328
0.2756925402001212,0.0030560797681883,2.50424007208248,-0.184475140808401,0.1433022719358537,0.8949432092825235,0.3875841580432468,3,1,0.1,0.7,1,False,False,False,False,True,1e-06,False,2,0.8125533976360128,-1.8669976522663383,1.5707120759816655,1.774563397985225,1.469726247938377,0.1173893378125082,1.8252362303091647,0.8125533976360128,0.8125533976360128,0.9,0.1056504040312574,-2.8566800864592694
0.3862411822760798,0.0082921006482522,21.511280101271325,-0.9860361396983134,0.2700582714457535,0.7279717249827922,0.0336100220761313,3,1,0.1,0.7,1,False,False,False,False,True,1e-06,False,2,0.2841828496606174,-4.9177492330864325,0.849877147302724,0.731118876635481,1.4829944668837771,0.3736797263982171,1.961975026602209,0.2841828496606174,0.2841828496606174,0.9,0.3363117537583954,1.2357879949676998
0.3281427851837094,0.0347462886935071,2.80942258607522,-0.2574381901507374,0.3254946466619703,0.7114294876418854,0.3456240330037347,3,1,0.1,0.7,1,False,False,False,False,True,1e-06,False,2,0.6533011716604021,-0.6134584055634065,1.4967942625088198,1.2937328169102074,1.7254567240285656,0.4056206797311911,1.79250075638511,0.6533011716604021,0.6533011716604021,0.9,0.3650586117580719,-1.3927739756363984
0.2612721582859581,0.0068778608736687,9.08961227042654,-0.8173375972229451,0.2784932913200578,0.7326766577523715,0.1088477548373439,3,1,0.1,0.7,1,False,False,False,False,True,1e-06,False,2,0.3467934963571545,-9.120389144049204,1.0968519496739702,1.994205761019108,0.8176619812102679,0.3648585490190108,1.358732874196828,0.3467934963571545,0.3467934963571545,0.9,0.3283726941171097,1.448206871071879
0.3449070718500345,0.0189737232213583,7.4160983113642,-0.6148199742304464,0.6529982061721431,0.401736364435276,0.103093315495,3,1,0.1,0.7,1,False,False,False,False,True,1e-06,False,2,0.4255917617330058,-0.2880646358930434,0.7909851027914339,0.9156046872561246,1.913327093006783,1.4891946274410774,1.6521413419255453,0.4255917617330058,0.4255917617330058,0.9,1.3402751646969695,89.95311716671151
0.5056047931040739,0.0231405985028046,18.347035742198138,-0.9924058369605366,0.4466106612832358,0.7794580773795545,0.0344798862902731,3,1,0.1,0.7,1,False,False,False,False,True,1e-06,False,2,0.2490476793509021,-7.372679672012017,1.6632086778796669,0.6835053532771352,1.971511792987778,0.2829426354293244,1.2447987327495076,0.2490476793509021,0.2490476793509021,0.9,0.254648371886392,1.2823497194341311
0.4181979358661027,0.0088155940491883,54.066413794103504,-0.7724577814227717,0.3066763998290157,0.6553758866098515,0.0106777941960644,3,1,0.1,0.7,1,False,False,False,False,True,1e-06,False,2,0.2728086086703088,-6.912109640367596,1.996054535716244,0.4429503469670494,1.6157246508784775,0.5258419182506554,0.8271152674482559,0.2728086086703088,0.2728086086703088,0.9,0.4732577264255899,0.8558497415079885
0.1759321172052457,0.0019337998607174,117.78449894751898,-0.6731334627254266,0.1940533744952041,0.7592461474012124,0.005143205266082,3,1,0.1,0.7,1,False,False,False,False,True,1e-06,False,2,0.2172092448533843,-5.67504041069922,0.5205985323072062,0.2699076298385935,0.2400873225199279,0.3170959160251948,1.4687738939795374,0.2172092448533843,0.2172092448533843,0.9,0.2853863244226753,1.0260524361573222
0.3277651333499338,0.0040536092230629,9.81495759239908,-0.4461350658758882,0.3561953936954573,0.5095637954967253,0.1014449404710359,3,1,0.1,0.7,1,False,False,False,False,True,1e-06,False,2,0.3624685216176246,-2.231633054680115,1.875389352459219,1.3752064398829822,1.2321421191449842,0.962462813954816,1.9010371004072508,0.3624685216176246,0.3624685216176246,0.9,0.8662165325593345,0.8891194874422472
0.3428765893217559,0.0004536695757149,192.1359984682008,-3.46184046616866,0.070066147845677,0.624172879784419,0.0052045344590424,3,1,0.1,0.7,1,False,False,False,False,True,1e-06,False,2,0.1317478010133115,-5.490653409284287,1.2798691945670415,1.9583712706765388,0.5582721630485192,0.6021202336528728,0.6036953890538275,0.1317478010133115,0.1317478010133115,0.9,0.5419082102875855,0.3651039204418687
0.2709383137586353,0.007856249951165,2.1127635422729534,-0.158697946281931,0.1361031336719423,0.8108467497298385,0.4524003300927304,3,1,0.1,0.7,1,False,False,False,False,True,1e-06,False,2,0.9891946828928624,-0.8048800515348358,1.3778706117419948,1.679977145370178,1.7286392546736635,0.2332786686672723,1.679860411889468,0.9891946828928624,0.9891946828928624,0.9,0.2099508018005451,-1.225199338686843
0.1350971993629435,0.0005408578401193,198.50693329323184,-9.97892469587794,0.0933624335428606,0.8978119398922482,0.0050358208121249,3,1,0.1,0.7,1,False,False,False,False,True,1e-06,False,2,0.1241975092522275,-9.954648462433983,0.228587035476905,1.8298793750842883,0.2440127857448779,0.1138190032536391,1.1149819424096254,0.1241975092522275,0.1241975092522275,0.9,0.1024371029282752,1.365007904710445
0.4138649202743086,0.003590803313418,63.27952342307384,-1.0077734693039415,0.2240062505691932,0.6031141048686894,0.0100010960992635,3,1,0.1,0.7,1,False,False,False,False,True,1e-06,False,2,0.2350432658564193,-8.54033822318156,1.449627605096973,0.5290228814361632,1.389801502028868,0.6580610400708847,0.9669698573972432,0.2350432658564193,0.2350432658564193,0.9,0.5922549360637963,0.6180676741519292
0.2904818286003317,0.0257222475533894,2.8439179863772672,-0.2510788007298305,0.2462435292813225,0.8925264737769116,0.3454625473372139,3,1,0.1,0.7,1,False,False,False,False,True,1e-06,False,2,0.6266875976895327,-1.0687355049197436,1.8403002674517568,1.6263552237337118,1.0388147695931622,0.1204149449688496,1.97140117408202,0.6266875976895327,0.6266875976895327,0.9,0.1083734504719647,-1.5068654974279263
0.4498963347808694,0.0160550368937409,55.06622525363095,-1.15629399575318,0.510289642967822,0.7134352188089234,0.0102072115318278,3,1,0.1,0.7,1,False,False,False,False,True,1e-06,False,2,0.2068795753088003,-8.310819580103129,1.863635796051239,0.3423261649020108,1.154973233287154,0.401668958352652,1.8791698499883305,0.2068795753088003,0.2068795753088003,0.9,0.3615020625173868,0.7696258718173546
0.13887668740219,0.0110099495155812,9.892533559866711,-0.4509963211396257,0.6734515754938452,0.8279662252484999,0.1004932655655453,3,1,0.1,0.7,1,False,False,False,False,True,1e-06,False,2,0.235079076357131,-1.4661965098989942,1.7606467723620551,0.7489377662978257,0.176140059125272,0.2077787348147771,1.270217740325893,0.235079076357131,0.235079076357131,0.9,0.1870008613332994,5.984121150924197
0.3824443120226451,0.0060510325502477,29.86362151069004,-3.695250226438882,0.3094503238963101,0.5909762395796156,0.0334174421754818,3,1,0.1,0.7,1,False,False,False,False,True,1e-06,False,2,0.1915663708784785,-0.653255632641649,0.7812793921428243,1.792641471127029,1.2486066101229043,0.6921154067231858,1.068913723431265,0.1915663708784785,0.1915663708784785,0.9,0.6229038660508672,0.8126835591270559
0.3404714716495247,0.0051098241848712,22.74100887549161,-0.7148669569785997,0.4109612572245995,0.4361552012036874,0.0342284001936332,3,1,0.1,0.7,1,False,False,False,False,True,1e-06,False,2,0.2929910938088756,-0.5464466636647956,1.6533370973106007,0.7434071730559876,1.0778140911628746,1.2927618362459774,1.986124894713383,0.2929910938088756,0.2929910938088756,0.9,1.1634856526213797,0.8878807476827169
0.2858081945801873,0.0091660915121581,9.301864807426169,-0.630271049863224,0.280572999810058,0.7836484917849191,0.1031861948829289,3,1,0.1,0.7,1,False,False,False,False,True,1e-06,False,2,0.3654230786311354,-1.666868568624059,0.8402766340288099,1.0122025502653005,0.8400392821895392,0.2760823385524501,1.13767580135364,0.3654230786311354,0.3654230786311354,0.9,0.2484741046972051,8.201733115646729
0.3495572062036547,0.0148751418748831,6.687811041790748,-0.3418717788635363,0.2520908044517609,0.8579607937827338,0.1079381983327394,3,1,0.1,0.7,1,False,False,False,False,True,1e-06,False,2,0.4873807050739493,-6.273410542335919,1.615767559482877,0.8811512365328952,1.6484473135249642,0.1655544253846586,1.7582504257611715,0.4873807050739493,0.4873807050739493,0.9,0.1489989828461928,6.465280550948838
0.2904085160140223,0.0139931643349862,2.826173755284686,-0.167436188073022,0.2737882617476234,0.6381576559039072,0.3466440782240246,3,1,0.1,0.7,1,False,False,False,False,True,1e-06,False,2,0.7017915342161256,-1.5694481379141862,1.8262794317621025,1.5842573959550277,1.2651257636082345,0.5670108957379311,1.929671673675964,0.7017915342161256,0.7017915342161256,0.9,0.510309806164138,9.175551404124986
0.3188463202720178,0.0417766124679537,2.3693043334220585,-0.1715795821307833,0.3583036208370214,0.6007473344819703,0.4071891544486832,3,1,0.1,0.7,1,False,False,False,False,True,1e-06,False,2,0.7817255279515695,-0.4966187893092098,1.7442364601774791,1.2834101384166938,1.6173697410322312,0.6645933200224832,1.4555475459599134,0.7817255279515695,0.7817255279515695,0.9,0.5981339880202349,-1.4307329395913486
0.2996146431799372,0.0040308230613182,8.237354877049459,-0.3433076616867337,0.2910367287782938,0.6365788307862481,0.1030698829860683,3,1,0.1,0.7,1,False,False,False,False,True,1e-06,False,2,0.4424745335678139,-7.475122446957238,1.360064899261482,0.9444165868327666,1.107023166213988,0.5708973525947838,1.7248357004132586,0.4424745335678139,0.4424745335678139,0.9,0.5138076173353054,1.3583664064614225
0.2945591744507439,0.0015773492972925,2.7465672170765902,-0.1469877583878616,0.2236309849695028,0.6319758618226995,0.3546268595504895,3,1,0.1,0.7,1,False,False,False,False,True,1e-06,False,2,0.7153575618126804,-4.916122596587039,1.9684429993867392,1.9305707539306904,1.582220840399272,0.5823389157868653,1.7876997358628353,0.7153575618126804,0.7153575618126804,0.9,0.5241050242081787,2.59127701867922
0.5273484915214309,0.0680240209194615,2.492775613108931,-1.6932858500120105,1.6517118811293543,0.7579457500767522,0.388393648697424,3,1,0.1,0.7,1,False,False,False,False,True,1e-06,False,2,0.1999664832390844,-0.1579176904603745,1.2590547513206165,1.388384511535273,1.722259932265432,0.3193556397654271,1.5169078771593036,0.1999664832390844,0.1999664832390844,0.9,0.2874200757888844,-0.2786174034882383
0.3480733497139953,0.0079153428806139,9.33790593157521,-0.954718097454468,0.2270410975060463,0.847755238228851,0.1060723911124311,3,1,0.1,0.7,1,False,False,False,False,True,1e-06,False,2,0.3329446699046708,-5.080824002959706,0.8094089567975324,1.6693762047369156,1.93500732139594,0.1795857517663025,1.4625275448116413,0.3329446699046708,0.3329446699046708,0.9,0.1616271765896723,3.4433653037131564
0.5541377722913189,0.0079449371839862,24.16618757681511,-2.424920407920902,0.2729848394441682,0.856074560105512,0.0337637027440933,3,1,0.1,0.7,1,False,False,False,False,True,1e-06,False,2,0.1647229020415204,-1.0331236590413138,1.2552060718865377,1.2373198595690362,1.7727985446079284,0.1681225521720318,0.1921220423340692,0.1647229020415204,0.1647229020415204,0.9,0.1513102969548286,22.16540403989891
0.6371992357805143,0.0030448693587032,51.00630349156868,-8.292088026106335,3.37465264948448,0.9077607396472313,0.0103375267497427,3,1,0.1,0.7,1,False,False,False,False,True,1e-06,False,2,0.0543718094965734,-0.2725614010011483,1.074836813409697,0.2263306641987882,1.3065368161481687,0.1016118634835588,0.5478208468089887,0.0543718094965734,0.0543718094965734,0.9,0.0914506771352029,-0.6119846629597089
0.21318101581107,0.0077831154157751,9.64664420656336,-0.4890905539893144,0.4007760139596267,0.6180881130057749,0.1033319645262402,3,1,0.1,0.7,1,False,False,False,False,True,1e-06,False,2,0.3265199815057295,-1.3830675108070023,1.5919606779332316,1.7786504954512277,0.3831346922884953,0.6178923020165844,0.9214588599798996,0.3265199815057295,0.3265199815057295,0.9,0.556103071814926,1.3836106574329854
0.3643506136311427,0.0074182665676663,8.953391782166351,-0.6166594863381403,0.3421213831656094,0.5807225363420999,0.1102845782918936,3,1,0.1,0.7,1,False,False,False,False,True,1e-06,False,2,0.3524511698768035,-2.382154631422228,1.3633946437146522,1.3971008728216847,1.7377008144567634,0.7219927545758382,1.4928706751088112,0.3524511698768035,0.3524511698768035,0.9,0.6497934791182545,1.0572791177114431
0.2894225967454461,0.0029360953905777,8.651295435644967,-0.4163102796887452,0.3882789443802652,0.4656907459975545,0.1050676033693023,3,1,0.1,0.7,1,False,False,False,False,True,1e-06,False,2,0.4295567856367524,-0.8831356380196151,1.262525034999399,1.0068521862886428,1.1083786672249316,1.1473478023659325,1.7932262291884915,0.4295567856367524,0.4295567856367524,0.9,1.032613022129339,1.3955825287359938
0.319549867678119,0.0074593518323856,9.027840347365355,-0.3703833473637563,0.3441232461851191,0.6081113692921782,0.1103031699995304,3,1,0.1,0.7,1,False,False,False,False,True,1e-06,False,2,0.3551815518375686,-4.1527767694157545,1.974618238885115,1.481603858369695,0.9049844658349246,0.6444356256058283,1.134383899567693,0.3551815518375686,0.3551815518375686,0.9,0.5799920630452455,1.0450276403886312
0.2969317821658947,0.0030285688919258,2.6094025616541634,-0.1463027406009515,0.172487620973626,0.7209177554481179,0.3685805090891856,3,1,0.1,0.7,1,False,False,False,False,True,1e-06,False,2,0.8401885515259173,-1.8060892377100368,1.9214049903498145,1.543236479195005,1.8691115515721093,0.38712078103612,1.1952120084688156,0.8401885515259173,0.8401885515259173,0.9,0.348408702932508,-14.926857772658432
0.4448013393376856,0.0255946237140431,8.758100533449948,-1.5067031742554722,0.6792465735156098,0.6163984038431077,0.107789722942296,3,1,0.1,0.7,1,False,False,False,False,True,1e-06,False,2,0.2437709378542619,-0.5323154449103935,0.996987897258577,1.225562520369602,1.5640643744682916,0.6223273677628319,1.4223808814171313,0.2437709378542619,0.2437709378542619,0.9,0.5600946309865488,2.4058243030009407
0.3376564653879351,0.0029764956177991,9.51924891748257,-0.7540328909015781,0.2837730636026255,0.5898923522709336,0.1042683137677151,3,1,0.1,0.7,1,False,False,False,False,True,1e-06,False,2,0.3427006898398874,-2.562641844921556,1.2795963016887029,1.9155630166309072,1.579219602667882,0.695224554361923,0.9280119049607682,0.3427006898398874,0.3427006898398874,0.9,0.6257020989257307,1.0346566192100224
0.5731091988443322,0.0003043901164931,196.2232956206044,-5.420547626201327,0.0860994513502884,0.7395379005327887,0.0050961252285787,3,1,0.1,0.7,1,False,False,False,False,True,1e-06,False,2,0.0816682100177219,-4.626216711561643,1.44389187549705,1.85436136443011,1.1411854038373157,0.3521957417997986,0.3502992743556609,0.0816682100177219,0.0816682100177219,0.9,0.3169761676198188,0.3300968954077047
0.4819777747889218,0.0776006880639125,2.337637522749224,-1.0012927765712112,1.813507868923272,0.5023209492302512,0.4089696344355636,3,1,0.1,0.7,1,False,False,False,False,True,1e-06,False,2,0.2744252106444081,-0.2065959497844272,1.364100472102053,1.7235189689576844,1.854701767160864,0.9907590984058792,1.4781359298362458,0.2744252106444081,0.2744252106444081,0.9,0.8916831885652914,-1.6184250009588388
0.1699705351664798,0.0048548762309659,9.715192627574387,-0.312605520187415,0.2695588756684606,0.8164763212331301,0.1027675020893754,3,1,0.1,0.7,1,False,False,False,False,True,1e-06,False,2,0.3536725632001555,-8.176954183156012,1.62525954982837,1.743832943287466,0.2696994411639878,0.224775261687556,0.7180173882392905,0.3536725632001555,0.3536725632001555,0.9,0.2022977355188004,2.386307189293064
0.331361555773991,0.0041961565789526,9.593296132160765,-0.7152231588472368,0.2767066984470792,0.6414430274125158,0.103559879497009,3,1,0.1,0.7,1,False,False,False,False,True,1e-06,False,2,0.3515766158611206,-5.8451646987221615,1.0707992924488672,1.5156419814557447,1.5107525794445638,0.5589849094374737,1.5934445346252282,0.3515766158611206,0.3515766158611206,0.9,0.5030864184937264,1.0987618164380537
0.2319367886195737,0.001216101737424,2.4859170007986298,-0.1405235777238658,0.1219129081782581,0.8450053482866142,0.3918840806963964,3,1,0.1,0.7,1,False,False,False,False,True,1e-06,False,2,0.9781082206731972,-1.064485639044193,1.3768165940452215,1.6222675229276686,0.935499526894164,0.1834244623748984,1.4077596893124569,0.9781082206731972,0.9781082206731972,0.9,0.1650820161374085,-1.5739308316944192
0.3527786732607798,0.0079296865035946,8.041425401990152,-0.3823126468555187,0.5042144173673577,0.4079803864247201,0.1030652455774244,3,1,0.1,0.7,1,False,False,False,False,True,1e-06,False,2,0.4134220167482972,-0.4057553616838039,1.520807437409558,1.1030250198870952,1.860010734290653,1.4510982225478095,0.6832378781434658,0.4134220167482972,0.4134220167482972,0.9,1.3059884002930289,2.344585563191995
0.3403304403931262,0.0007429361188312,9.868777286196302,-0.6912765836555936,0.2716778891556077,0.5754133755903114,0.1006620511089722,3,1,0.1,0.7,1,False,False,False,False,True,1e-06,False,2,0.3591109922277359,-2.5493812724280627,1.089450674007336,1.509159042103415,1.955168353944628,0.7378810476452848,1.090559224803176,0.3591109922277359,0.3591109922277359,0.9,0.6640929428807564,1.0453472285411116
0.2482302919003282,0.0075940758476218,8.357225175386933,-0.3058259930931543,0.2573605735520977,0.828217919745095,0.1085268397580785,3,1,0.1,0.7,1,False,False,False,False,True,1e-06,False,2,0.43005806117059,-6.884328832458623,1.363196944187574,0.902760958742017,0.5725237007522745,0.2074116922123289,1.14773656694763,0.43005806117059,0.43005806117059,0.9,0.186670522991096,3.582502877186257
0.2877110959385474,0.0005291053520493,2.652270769794405,-0.1168746054485536,0.1943075132215158,0.5923599212929398,0.3608794481237762,3,1,0.1,0.7,1,False,False,False,False,True,1e-06,False,2,0.8760506109751395,-1.4638566070963623,1.969185621743981,1.5177417533609965,1.7867461038477122,0.6881628281287279,1.006653768918469,0.8760506109751395,0.8760506109751395,0.9,0.6193465453158551,16.485707223390506
0.4300233189031626,0.0002468712948653,196.40732152696327,-1.573983781846617,0.0560515303653096,0.6060115367373426,0.0050674128941287,3,1,0.1,0.7,1,False,False,False,False,True,1e-06,False,2,0.1583424389416579,-2.006940520011046,1.945236873355084,1.4019358103687234,1.0162662767721249,0.6501336020495921,0.2054768335728959,0.1583424389416579,0.1583424389416579,0.9,0.585120241844633,0.4574048170908223
0.6934113701387837,0.0004346082805356,98.23463679189996,-26.86024412530782,0.5420478170979878,0.5415406517949651,0.0101777392022608,3,1,0.1,0.7,1,False,False,False,False,True,1e-06,False,2,0.0579718960183574,-0.0813119535659385,0.3851765488399133,1.3303592408556444,1.8996347752273817,0.8465834405698764,0.6796879699800171,0.0579718960183574,0.0579718960183574,0.9,0.7619250965128889,0.8011112370147717
0.2650596911079174,0.0105705734427489,2.811814664154534,-0.0909179114792901,0.3693070343809483,0.3903407477430903,0.3477553999528169,3,1,0.1,0.7,1,False,False,False,False,True,1e-06,False,2,0.8379162875258293,-0.841120577973058,1.8636519506043456,1.3357766815689829,1.1763755756510688,1.5618642321661167,1.853459163793954,0.8379162875258293,0.8379162875258293,0.9,1.405677808949505,3.794815733504055
0.3255342069793966,0.0403854152598379,2.4206778566114906,-0.2874266566129933,0.3881883757828686,0.7008015359130598,0.3975606333761057,3,1,0.1,0.7,1,False,False,False,False,True,1e-06,False,2,0.6005202112744226,-0.5206028846094917,1.6915664732457276,1.7540598267016854,1.3741683498381327,0.4269375119121574,1.316440949556745,0.6005202112744226,0.6005202112744226,0.9,0.3842437607209417,-1.1793809792218215
0.3869782775112,0.0040344325735733,29.40204937252754,-2.187305062513948,0.2076465032121225,0.6531787627054599,0.033965009719685,3,1,0.1,0.7,1,False,False,False,False,True,1e-06,False,2,0.2187979576459577,-7.51743650281624,0.8521352944815342,1.6103337520068732,1.421671087106528,0.53097445461639,0.9800026875065356,0.2187979576459577,0.2187979576459577,0.9,0.477877009154751,0.6674531481012401
0.2976470523106907,0.0009332087402035,9.111484671636187,-0.4171701701309325,0.1966624612531011,0.8483889819784547,0.1004710160093371,3,1,0.1,0.7,1,False,False,False,False,True,1e-06,False,2,0.4062090286239248,-7.727275897419719,1.2807719036766123,1.1488664300979992,0.9483841482520876,0.1787046051305219,0.5409267130846676,0.4062090286239248,0.4062090286239248,0.9,0.1608341446174697,3.795894402586113
0.3400652137685241,0.0146019005844582,16.4532023592704,-0.2393647186171219,0.3132708757414778,0.6508539196538797,0.0335698261561364,3,1,0.1,0.7,1,False,False,False,False,True,1e-06,False,2,0.5601263557502364,-1.905394701021789,1.7054775287413075,0.4550026503567886,1.9398770602807751,0.536443078551012,1.5581541565509778,0.5601263557502364,0.5601263557502364,0.9,0.4827987706959108,3.549249941691352
0.2150921349405916,0.0004374980124455,190.20662510958587,0.0141751897044909,0.1024000949054753,0.6140313983043033,0.0052573991093577,3,1,0.1,0.7,1,False,False,False,False,True,1e-06,False,2,0.1350166355114979,-3.873946749908409,1.8300959245779,0.8732583508260428,0.2436040540978522,0.62858121386232,0.912929269219089,0.1350166355114979,0.1350166355114979,0.9,0.565723092476088,0.3703468302474537
0.1917763830440077,0.0075861968455222,9.828325851836654,-0.7924415319520896,0.7815470044906886,0.8761570979980813,0.1017093192552733,3,1,0.1,0.7,1,False,False,False,False,True,1e-06,False,2,0.1544692587220133,-3.6509173894202576,1.6778508289598462,1.3991345465921408,0.2240944870046929,0.1413478271018811,1.1792215440616756,0.1544692587220133,0.1544692587220133,0.9,0.127213044391693,1.780154543445784
0.2094114152986171,2.1759968288842e-05,181.2251569568472,-0.1805189917677294,0.0849443692637363,0.5512237326182956,0.0050510148526026,3,1,0.1,0.7,1,False,False,False,False,True,1e-06,False,2,0.1871318265093208,-1.1055887041769736,1.7813096548575351,0.8531440193770259,0.2878667823378102,0.8141454019949959,0.3065059181717396,0.1871318265093208,0.1871318265093208,0.9,0.7327308617954963,0.526425758130958
0.3495155463557446,0.005180532441078,53.11449542156457,-0.5866523529605258,0.3009759650609659,0.6047281116865025,0.0105082083881111,3,1,0.1,0.7,1,False,False,False,False,True,1e-06,False,2,0.3267913841577027,-5.793440279291683,1.312809017707519,0.3464850640657345,1.282355244796742,0.6536357094614624,1.3444450228327152,0.3267913841577027,0.3267913841577027,0.9,0.5882721385153162,0.9048359841228504
0.3051956502357092,0.013773370949968,9.704753289722364,-0.7218136693013197,0.3733594409196482,0.8471469846114151,0.1027392707169584,3,1,0.1,0.7,1,False,False,False,False,True,1e-06,False,2,0.2613077690510871,-8.293917968164006,1.4033077672062704,1.3640946445896698,0.5943758487031463,0.1804326972357675,0.9298101827750122,0.2613077690510871,0.2613077690510871,0.9,0.1623894275121907,2.07119433825174
0.3610111138481401,0.0060735500879578,18.73691329631924,-0.7047865064434611,0.2469397120584785,0.755986048394113,0.0341147857151339,3,1,0.1,0.7,1,False,False,False,False,True,1e-06,False,2,0.3585158665730213,-2.486117994492383,0.7674994049352301,0.6372887333447138,1.919156395238849,0.3227757339229057,1.380452591261397,0.3585158665730213,0.3585158665730213,0.9,0.2904981605306151,2.65576366051957
0.2713482314370665,0.0056417774450823,9.250692218862609,-0.4810067036517682,0.2233023284498563,0.888001844444145,0.1077342793496901,3,1,0.1,0.7,1,False,False,False,False,True,1e-06,False,2,0.3426684099471829,-5.673906271500268,1.7870813297782258,1.9835035796829776,0.5967606172832757,0.1261237870806018,0.5048641008566693,0.3426684099471829,0.3426684099471829,0.9,0.1135114083725416,5.870785951170429
0.4899843373024295,0.0147901230129143,22.10012547981219,-2.606765996545336,0.4417730293495454,0.727966201371151,0.0344546373651205,3,1,0.1,0.7,1,False,False,False,False,True,1e-06,False,2,0.1954394941815463,-0.2520810887029725,0.3931810216907003,0.8260330715732923,1.8567811895250408,0.3736901495103253,1.7660486005176212,0.1954394941815463,0.1954394941815463,0.9,0.3363211345592928,-0.6684860606514864
0.3767760746615388,0.0116717121739979,9.037864541019143,-0.4936530597830107,0.3678098716029852,0.6227864694518496,0.1010068546627069,3,1,0.1,0.7,1,False,False,False,False,True,1e-06,False,2,0.3455130947597977,-8.651248274252293,1.8036316564188293,1.2121339854123696,1.4748829593163733,0.6056867787769347,1.6954297416601365,0.3455130947597977,0.3455130947597977,0.9,0.5451181008992412,0.9806221011070844
0.5565685720790666,0.0028627532169908,72.64076734615597,-2.6705339665163272,0.1598403584411568,0.7770619606812776,0.0103121713794622,3,1,0.1,0.7,1,False,False,False,False,True,1e-06,False,2,0.1428984290956707,-4.893649634979541,1.1266664728965754,0.9094436484145784,1.5579907337798895,0.286898665227757,0.1977798304095417,0.1428984290956707,0.1428984290956707,0.9,0.2582087987049813,0.7136100621532275
0.5104147425427361,0.043203582192215,2.154178190506717,-2.6517520076739904,2.9331272165446163,0.7001500670658253,0.458433405610135,3,1,0.1,0.7,1,False,False,False,False,True,1e-06,False,2,0.1364770340496736,-0.1689941617806329,1.5526805409082285,1.9349643402298096,1.1514277967179092,0.4282652348956846,1.0938884552806103,0.1364770340496736,0.1364770340496736,0.9,0.3854387114061161,-0.5138824127896325
0.4185243538729779,0.0052906642595162,29.316341181629927,-1.1206741880674569,0.2825739694816964,0.5977325995436787,0.034091447090743,3,1,0.1,0.7,1,False,False,False,False,True,1e-06,False,2,0.2029809448505736,-4.8981754721655,1.9393133736265515,1.3027751833870511,1.043260254575214,0.6729888929655505,1.8045616177549773,0.2029809448505736,0.2029809448505736,0.9,0.6056900036689955,0.5377017214951408
0.3494876415159,0.0108346026524755,8.802276116806349,-0.5911472492082548,0.2969959311393664,0.75036295990985,0.1046014887726484,3,1,0.1,0.7,1,False,False,False,False,True,1e-06,False,2,0.3524056291221502,-7.805449426670812,1.1971323783335146,1.14449819350385,1.242234660880242,0.3326883833926741,1.1655898199477113,0.3524056291221502,0.3524056291221502,0.9,0.2994195450534067,1.6333287534229644
0.297540340874977,0.0046560472459411,49.4236686048777,-0.1139563801919977,0.2457851154226163,0.5497156465803165,0.0103439707042973,3,1,0.1,0.7,1,False,False,False,False,True,1e-06,False,2,0.795701937960302,-1.9703252374872804,1.9553427214928305,0.2262257468947971,1.9016761981256944,0.819122315729637,1.6235814495536158,0.795701937960302,0.795701937960302,0.9,0.7372100841566733,3.4855551200070205
0.2808071219096186,0.0054072772720617,2.744083173511109,-0.1568229054072064,0.1641899103050757,0.8062754581167876,0.3550077143354405,3,1,0.1,0.7,1,False,False,False,False,True,1e-06,False,2,0.8168622216527961,-1.8535038326593167,1.8571151780489483,1.4822268781766643,1.326885701564588,0.2402709147760664,1.3766763917771698,0.8168622216527961,0.8168622216527961,0.9,0.2162438232984597,-5.054493501560894
0.4187309922401287,0.0029865771239594,62.109704477680005,-1.6640197812666149,0.1565316257634734,0.7686866792196154,0.0103767973019902,3,1,0.1,0.7,1,False,False,False,False,True,1e-06,False,2,0.2341913045949354,-4.723346050665568,0.4476190412449168,0.5848835837527984,1.9392640916543995,0.3009201629657716,1.3233999293305172,0.2341913045949354,0.2341913045949354,0.9,0.2708281466691944,1.2121667710466195
0.3699325967875681,0.0089229137256961,9.168884944651586,-0.8524212198754207,0.407996280022006,0.5108510049796763,0.1054142149880155,3,1,0.1,0.7,1,False,False,False,False,True,1e-06,False,2,0.3403211247734756,-0.5841474733676417,1.0062257495645088,1.3863122769913674,1.92102847657,0.9575179264642616,0.7494035115595147,0.3403211247734756,0.3403211247734756,0.9,0.8617661338178355,1.7768555259456331
0.5610414232011829,0.0053609924838689,29.43724122474376,-10.118194906405666,0.4906643082546305,0.9079006819426848,0.0338771861333113,3,1,0.1,0.7,1,False,False,False,False,True,1e-06,False,2,0.1037490267986231,-6.930009932953668,0.573713629134405,1.969541376170024,1.8090086509727523,0.1014420628699663,0.8683163090797676,0.1037490267986231,0.1037490267986231,0.9,0.0912978565829697,1.3215231701446362
0.4828459440886725,0.0639486171211566,6.111526921507137,-0.7003599307720841,1.473346639865552,0.4885272467431763,0.107962969515366,3,1,0.1,0.7,1,False,False,False,False,True,1e-06,False,2,0.289966771810245,-0.2599913199607968,1.4345057460650406,0.7632064002203903,1.8946791086012464,1.0469687344290746,1.6220296370725462,0.289966771810245,0.289966771810245,0.9,0.9422718609861672,-8.68715971691088
0.5719878466513446,0.0161239494209449,9.430626479771933,-3.102469840154812,0.6585379617176945,0.7889919782203643,0.1056361853474801,3,1,0.1,0.7,1,False,False,False,False,True,1e-06,False,2,0.1516741606256488,-0.62260724773002,1.2583056897156846,1.9503865669661329,1.9012564986863305,0.2674400090297262,0.4336498963582924,0.1516741606256488,0.1516741606256488,0.9,0.2406960081267536,8.067490954155437
0.554856686521513,0.0268171453169821,49.53303332483448,-2.0807061086977634,0.756279050125393,0.9039895035648112,0.0107321580474008,3,1,0.1,0.7,1,False,False,False,False,True,1e-06,False,2,0.1691109666794776,-1.0437456440321533,1.0580705494843663,0.291114899547884,1.6939661260358272,0.1062075345527562,1.382974113813523,0.1691109666794776,0.1691109666794776,0.9,0.0955867810974805,-3.351603186301337
0.2331316928327971,0.0076684136568761,2.3938208756710857,-0.098664682179857,0.2260714948239768,0.5367708875752684,0.4110146620562966,3,1,0.1,0.7,1,False,False,False,False,True,1e-06,False,2,0.9443064357589566,-1.3825479810928665,1.9238059971505728,1.9725771445643985,0.8090609160620046,0.8629922433335686,1.9047525704069432,0.9443064357589566,0.9443064357589566,0.9,0.7766930190002118,9.774979875343584
0.4781295855896837,0.0211731352810728,9.220003962114816,-1.1254396031929894,0.5403767436156407,0.8042208590083,0.1046151024008495,3,1,0.1,0.7,1,False,False,False,False,True,1e-06,False,2,0.2081703575995985,-9.181945306151002,1.829695247780144,1.341660477717043,1.2705177879848375,0.2434395213686934,1.3301232216795698,0.2081703575995985,0.2081703575995985,0.9,0.2190955692318241,1.1724863450079834
0.313090657369554,0.0021684112852835,50.16264005159866,-0.4244376378836201,0.2063445053372147,0.8353909123906254,0.0109297755617227,3,1,0.1,0.7,1,False,False,False,False,True,1e-06,False,2,0.4010995433322165,-5.776990545740156,1.63042800617326,0.3319753764101312,1.1840819788306731,0.1970443838541591,0.5044454396158825,0.4010995433322165,0.4010995433322165,0.9,0.1773399454687431,3.762396945203806
0.268611396680556,0.0010410663255279,95.76543361514382,-3.02155146227656,0.1517319731273118,0.6314656754418999,0.0104409997910768,3,1,0.1,0.7,1,False,False,False,False,True,1e-06,False,2,0.138985680798017,-3.413200111760993,1.2332585570133547,1.84394435373429,0.3871654564198803,0.583617350697961,1.5011802453894754,0.138985680798017,0.138985680798017,0.9,0.5252556156281649,0.4054176278199535
0.2695714569959332,0.0032446576572785,2.160904644647014,-0.1127689681371736,0.1756862423824271,0.595649519947618,0.4455774183746863,3,1,0.1,0.7,1,False,False,False,False,True,1e-06,False,2,0.991668554694201,-1.3415691963487308,1.6094212471969602,1.703007803133973,1.5447080953456451,0.678839596962894,1.66271438547425,0.991668554694201,0.991668554694201,0.9,0.6109556372666046,-27.58847196430006
0.2745964020392747,0.0061756046117411,7.029981255512756,-0.2156704711611317,0.2677002217526186,0.6580722805305569,0.1038984990548567,3,1,0.1,0.7,1,False,False,False,False,True,1e-06,False,2,0.593301376059315,-1.1294250867556794,1.5582522853166114,0.7522957731430454,0.9824101728308836,0.5195899137307093,0.8024700220328719,0.593301376059315,0.593301376059315,0.9,0.4676309223576383,-157.54039408528672
0.1981277419479291,0.0108236381425532,9.855163963802571,-0.4680780810862519,0.3723532907305055,0.8971329305385175,0.1013192082204832,3,1,0.1,0.7,1,False,False,False,False,True,1e-06,False,2,0.280196751780171,-9.403465759185035,1.324181386921934,1.096895903494625,0.3042075316013525,0.1146620149142612,1.2326750081989448,0.280196751780171,0.280196751780171,0.9,0.1031958134228351,3.6802601723799264
0.5413658090707054,0.0637510183014454,2.679769376520884,-1.436796971494781,1.6983742422384078,0.6660844981100146,0.3611693687437283,3,1,0.1,0.7,1,False,False,False,False,True,1e-06,False,2,0.2049661285953871,-0.3301834209356773,1.6058260982545591,1.7152425986563231,1.8712734554395305,0.5013110241079863,1.8732306973886208,0.2049661285953871,0.2049661285953871,0.9,0.4511799216971877,-2.5760493239933853
0.4712894971075391,0.0017006265353219,73.86973954002234,-3.15044784092515,0.3288578745832737,0.7598521967758098,0.0107267313042814,3,1,0.1,0.7,1,False,False,False,False,True,1e-06,False,2,0.0958259895016915,-3.227623571155976,1.1925930450755449,0.6506449945414732,0.7694654620434973,0.3160454154678773,0.967876347285184,0.0958259895016915,0.0958259895016915,0.9,0.2844408739210896,0.4404004722885971
0.5185773258668792,0.0019504277867053,137.7526786242782,-2.7001148108059936,0.148011993833055,0.6568937579874142,0.0050875663052261,3,1,0.1,0.7,1,False,False,False,False,True,1e-06,False,2,0.1409393529687791,-7.431018102935338,1.0261767819453895,0.6187977415300643,1.3133278855235115,0.5223161855941392,1.040385357570114,0.1409393529687791,0.1409393529687791,0.9,0.4700845670347253,0.4262527702208883
0.3409904316402258,0.0041547968156622,29.34688380366412,-1.1017009999127907,0.2717032322016751,0.6153123108956209,0.034057019764582,3,1,0.1,0.7,1,False,False,False,False,True,1e-06,False,2,0.1952536020131651,-7.123484279905572,1.862137983692108,1.9212250979479863,0.6460618361001018,0.625190951477056,1.5515505604836182,0.1952536020131651,0.1952536020131651,0.9,0.5626718563293504,0.5308370973069103
0.2896234236586973,0.002829430653207,2.441046161464658,-0.1483415848059484,0.149198739408587,0.827440489495982,0.3987667457441003,3,1,0.1,0.7,1,False,False,False,False,True,1e-06,False,2,0.8428193708133902,-3.77825168707364,1.9945658047176416,1.6980627097593,1.5709727391915962,0.2085461283253482,1.8257447995328016,0.8428193708133902,0.8428193708133902,0.9,0.1876915154928134,-70.12576490598235
0.2526665479033967,0.0045315060899921,2.581402747230233,-0.1472516157015177,0.1266333978382973,0.8400778446331234,0.3780941301846467,3,1,0.1,0.7,1,False,False,False,False,True,1e-06,False,2,0.9885095495677916,-0.9368217496800124,1.3448467148595031,1.259630685775534,1.246172075684512,0.1903658766726761,1.787516356911349,0.9885095495677916,0.9885095495677916,0.9,0.1713292890054085,-1.3606354873686115
0.3858965126021652,0.0129806774113892,9.852535228088604,-0.6355767982086037,0.4171828407032534,0.619626608833278,0.1010798428510025,3,1,0.1,0.7,1,False,False,False,False,True,1e-06,False,2,0.2826833138467506,-2.211903219001768,1.9850586669575483,1.7390739745434385,1.1074154621658532,0.613875172150763,1.2344032528879398,0.2826833138467506,0.2826833138467506,0.9,0.5524876549356867,0.9385718332921728
0.3255567300143334,0.0208787768146894,8.003978519991833,-0.432230308217646,0.359987770971726,0.8363053740023146,0.1030782448166438,3,1,0.1,0.7,1,False,False,False,False,True,1e-06,False,2,0.3653515683257858,-6.8989271045984415,1.7152451098356174,0.8628641221165391,0.8494314943483148,0.1957354706622179,1.746992773360604,0.3653515683257858,0.3653515683257858,0.9,0.1761619235959961,3.059747614761729
0.3088670039277474,0.0064491600115217,8.467068159091754,-0.4229175302317856,0.2227583055460242,0.8814418343883648,0.1002507352540794,3,1,0.1,0.7,1,False,False,False,False,True,1e-06,False,2,0.4129703183491313,-8.944687297880522,1.2202358264365736,0.9685188976004624,1.0018311986484003,0.1345048090370059,0.8909259101275566,0.4129703183491313,0.4129703183491313,0.9,0.1210543281333053,5.303835738673064
0.488741451872674,0.0058930170593027,29.20305995587045,-1.8343091646312024,0.3033543870558332,0.5963382738663999,0.0342182785088754,3,1,0.1,0.7,1,False,False,False,False,True,1e-06,False,2,0.1806932947251605,-1.5440678828666066,1.7002035272867542,1.6043019725046703,1.442311719388438,0.676900584489457,1.813901120814592,0.1806932947251605,0.1806932947251605,0.9,0.6092105260405113,0.5411992629456333
0.4065696697252876,0.0157926261747081,9.181431290384674,-1.3481407953387472,0.6114682728579632,0.7991149649317238,0.1085367227676755,3,1,0.1,0.7,1,False,False,False,False,True,1e-06,False,2,0.1803715121772226,-9.391020433478356,1.8691947798875164,1.9644589009621425,0.8101956546960493,0.2513843988460906,1.452531832810668,0.1803715121772226,0.1803715121772226,0.9,0.2262459589614815,0.9721614133431956
0.2639145721766767,0.0015723328796135,2.613515851672711,-0.1171772522428703,0.2859012504845162,0.4290486311070761,0.3690700258462666,3,1,0.1,0.7,1,False,False,False,False,True,1e-06,False,2,0.8398879905436528,-0.924088046284421,1.5923538669938164,1.6947202135613286,1.3311310650589423,1.3307381203377706,1.2212692810496784,0.8398879905436528,0.8398879905436528,0.9,1.1976643083039935,4.640359302219684
0.2486596799391137,0.005746130700226,49.32032355582072,-0.1320597690430497,0.2304658053669102,0.6307034052532233,0.0104249717738806,3,1,0.1,0.7,1,False,False,False,False,True,1e-06,False,2,0.7610262029058222,-2.2865513281982386,1.803829649603527,0.1963839777886125,0.8684962826109428,0.5855313157830605,1.921362051585886,0.7610262029058222,0.7610262029058222,0.9,0.5269781842047545,4.774873976042196
0.2996355171681759,0.0087609856922218,2.7647144292112262,-0.1709639586565089,0.2313381117927601,0.6984162738863756,0.3537572619043578,3,1,0.1,0.7,1,False,False,False,False,True,1e-06,False,2,0.6940112471696261,-3.135931621653178,1.9362256275019576,1.788414890288446,1.4607966135645034,0.431810851765302,1.9946219546788773,0.6940112471696261,0.6940112471696261,0.9,0.3886297665887718,4.720599214223744
0.3257999330292707,0.035795324384765,2.0679088833300816,-0.1981851459391141,0.3178340795205637,0.6431777641591077,0.4521633263962827,3,1,0.1,0.7,1,False,False,False,False,True,1e-06,False,2,0.7597701084559029,-0.4688257488420628,1.8264282709991928,1.793473045935492,1.8644617029045,0.5547801179156169,1.065687569839739,0.7597701084559029,0.7597701084559029,0.9,0.4993021061240552,-1.108345339894527
0.4980991643006858,0.0045157928528737,29.41319130847944,-3.7634911417686943,0.4140880211576526,0.762291659451343,0.0339717862075097,3,1,0.1,0.7,1,False,False,False,False,True,1e-06,False,2,0.1192253486125417,-7.579559450980231,1.15649618829031,1.4548216345705125,1.0471414548508955,0.3118338467978868,1.5942123190679376,0.1192253486125417,0.1192253486125417,0.9,0.2806504621180982,0.5282058008995687
0.3118956792128221,0.0129517294081311,8.78151813653583,-0.4595614706941612,0.347287363866121,0.7413888639624754,0.1086925824102486,3,1,0.1,0.7,1,False,False,False,False,True,1e-06,False,2,0.3434062349949502,-2.4269333846087733,1.501093305365547,1.1211756749970343,0.760600098509127,0.3488198280391407,0.8620737543202613,0.3434062349949502,0.3434062349949502,0.9,0.3139378452352266,2.2341745534822057
0.5133098497658527,0.0160144583590989,9.902854787848746,-1.915428008743954,0.6637532185071026,0.859495458577269,0.1006229492005928,3,1,0.1,0.7,1,False,False,False,False,True,1e-06,False,2,0.1531527624632951,-9.591795546269072,1.574358784081059,1.3776879702023022,1.214879268034613,0.1634732796090738,1.2074337018502117,0.1531527624632951,0.1531527624632951,0.9,0.1471259516481664,1.208011063657734
0.4955464901834514,0.0023447771347881,130.96674105478874,-2.3196727279784124,0.2125427541332117,0.6666270634194564,0.0051663687420051,3,1,0.1,0.7,1,False,False,False,False,True,1e-06,False,2,0.1295924868007917,-4.005486332871154,1.7227398597105736,0.5265868751855222,1.03709310463551,0.5000891125999455,1.21077191729107,0.1295924868007917,0.1295924868007917,0.9,0.4500802013399509,0.4156202253284403
0.2712052066181383,0.0029853102487638,2.130074130711851,-0.1508958781430087,0.1950301153259245,0.5630722598537833,0.4347887961905926,3,1,0.1,0.7,1,False,False,False,False,True,1e-06,False,2,0.9473192161814464,-0.6101761667270207,1.3649062606426112,1.8668241348693269,1.7959489201169874,0.7759709921772324,0.7244861856722059,0.9473192161814464,0.9473192161814464,0.9,0.6983738929595092,-2.166484281447344
0.2922320138964983,0.016605763112054,2.129637161611197,-0.1515275380322192,0.1612322602164587,0.8390247833564027,0.4542164777565767,3,1,0.1,0.7,1,False,False,False,False,True,1e-06,False,2,0.905972972672607,-1.2299775667089552,1.9889270231782068,1.6907756283952644,1.5332410819559048,0.1918599066879027,1.8862454153783192,0.905972972672607,0.905972972672607,0.9,0.1726739160191124,-1.982300941143624
0.3318509454946626,0.0149015720678139,9.334654532861352,-1.0637477779916522,0.5972304248417465,0.8259648965933939,0.1068513363956672,3,1,0.1,0.7,1,False,False,False,False,True,1e-06,False,2,0.1915422218502395,-3.183597124311018,1.5603786529617094,1.4525449182207704,0.5628477190896004,0.210705205662366,1.1268389553393865,0.1915422218502395,0.1915422218502395,0.9,0.1896346850961294,1.5404635376948237
0.3916006571683879,0.0028384976543142,125.002886233742,-3.802042318024788,0.1498374825244425,0.771772260422178,0.0052027307902248,3,1,0.1,0.7,1,False,False,False,False,True,1e-06,False,2,0.1705389578006795,-0.4881898301228347,0.1701805093147074,0.4310935463838872,1.0415915219437537,0.2957190239682571,0.4326347669402927,0.1705389578006795,0.1705389578006795,0.9,0.2661471215714314,-4.1218035559221855
0.4885595205414257,0.0707675724067969,2.714570503184666,-1.066320750721526,1.328772797855667,0.7337381877097311,0.3401456598197014,3,1,0.1,0.7,1,False,False,False,False,True,1e-06,False,2,0.2435408708240394,-0.2158850201347348,1.8921567073308927,1.4199509370643757,1.5053824310447987,0.3628839506382659,1.0284113493182514,0.2435408708240394,0.2435408708240394,0.9,0.3265955555744393,-0.433754592865782
0.3879669078820555,0.0209807828490689,9.037351364798466,-1.0359526588030348,0.5397652259634239,0.8939249630509406,0.1087592979451456,3,1,0.1,0.7,1,False,False,False,False,True,1e-06,False,2,0.2122765842787382,-9.798626943438384,1.4968466091424264,1.050829592465126,0.8023211428380338,0.1186621263903721,1.6533140782636837,0.2122765842787382,0.2122765842787382,0.9,0.1067959137513349,2.4481458216481062
0.4029711173446181,0.067615592329145,2.204686519309688,-0.491672799751639,0.5654436915971762,0.7563511147938599,0.4277211752805214,3,1,0.1,0.7,1,False,False,False,False,True,1e-06,False,2,0.4595494940225412,-0.2784701927762363,1.757209686839364,1.8965762594015736,1.8746937249382745,0.3221372725451005,1.2185547676091102,0.4595494940225412,0.4595494940225412,0.9,0.2899235452905904,-0.4574768653666266
0.358558769500042,0.0143054369440957,54.04262869994868,-0.5219356524241073,0.4342446369674106,0.5970519730366893,0.0100210101259411,3,1,0.1,0.7,1,False,False,False,False,True,1e-06,False,2,0.3290117598222028,-3.039840838713316,1.9378812583207288,0.2934824055898192,1.160424959563868,0.674896064598633,1.9882011042215613,0.3290117598222028,0.3290117598222028,0.9,0.6074064581387698,0.9724662666790234
0.1870924857706888,0.0005259129922403,9.724617850103822,-0.202400996927685,0.3029228244265853,0.5593794826701204,0.1023687983250269,3,1,0.1,0.7,1,False,False,False,False,True,1e-06,False,2,0.4669488191836291,-8.93282590969554,1.6744883981901968,0.919217877383523,0.3787024592680417,0.787695171132553,1.8316109984878624,0.4669488191836291,0.4669488191836291,0.9,0.7089256540192977,1.1350794005517593
0.2815619341062307,0.0027524973700287,99.55756170269656,-0.2365923453876705,0.2103124862280012,0.7946470888458481,0.0051207828782491,3,1,0.1,0.7,1,False,False,False,False,True,1e-06,False,2,0.5701594813581562,-7.9913629471568495,1.4357378321578995,0.16122819242258,1.0766366535603198,0.2584202648403433,1.5448178502512455,0.5701594813581562,0.5701594813581562,0.9,0.2325782383563089,3.8353962901182426
0.3227830631889123,0.0404157179334978,49.27143946431677,-0.2910557757403424,0.3210811324837586,0.8286056721478856,0.0103801575278455,3,1,0.1,0.7,1,False,False,False,False,True,1e-06,False,2,0.5977408258783791,-0.5424271864881547,1.6544948489055238,0.1976431467812223,1.3163232808606424,0.206846674616445,1.571476055147402,0.5977408258783791,0.5977408258783791,0.9,0.1861620071548005,-0.8058979496474891
0.1388464854848132,0.0046459626788329,9.575180425760443,-0.1663367153249345,0.341243888128495,0.6521463384879934,0.1044061119267674,3,1,0.1,0.7,1,False,False,False,False,True,1e-06,False,2,0.4261989747519476,-8.680415920949944,1.9121233789431544,0.9801691969567684,0.2139492565885476,0.5333981669183457,1.5060295735161269,0.4261989747519476,0.4261989747519476,0.9,0.4800583502265111,1.349439875396011
0.1259246932323727,0.0019619794377677,9.032476309825576,-0.1250588618237622,0.2808702703135976,0.6721053318094795,0.1107376137281898,3,1,0.1,0.7,1,False,False,False,False,True,1e-06,False,2,0.465259233010248,-9.743453041486328,1.7406453677683809,1.1765000259742548,0.1886029692806029,0.4878620250009683,1.154227981069904,0.465259233010248,0.465259233010248,0.9,0.4390758225008715,1.5728792095260955
0.409900715812741,0.0702668511348195,2.606878234564925,-0.7785878554494408,0.905589795680132,0.6251742890775775,0.3675274859808483,3,1,0.1,0.7,1,False,False,False,False,True,1e-06,False,2,0.3731964143944525,-0.2223313780080715,1.1180496923017775,1.5660009417598284,1.80279075954752,0.5995539443496058,1.5713932927810514,0.3731964143944525,0.3731964143944525,0.9,0.5395985499146453,-0.5532389281335661
0.2855770030980871,0.0156852687200259,2.356752337011652,-0.1147869021124749,0.2124864909875101,0.5843374244562359,0.4117524851171764,3,1,0.1,0.7,1,False,False,False,False,True,1e-06,False,2,0.9925286643712224,-0.8631943757214806,1.6323667336387453,1.2912956381356795,1.689932775055999,0.7113399863624434,1.6811678159423562,0.9925286643712224,0.9925286643712224,0.9,0.6402059877261991,-3.8736243072113896
0.2905658497646942,0.0019106787723805,102.9789896977675,-0.3960598735531496,0.2255157775395943,0.771691426125024,0.0050136185353025,3,1,0.1,0.7,1,False,False,False,False,True,1e-06,False,2,0.4343080655296912,-4.928345045278154,0.9180049674837624,0.1817289478273671,1.0284942088816469,0.2958547498984226,1.3859795727877726,0.4343080655296912,0.4343080655296912,0.9,0.2662692749085804,2.709283974295796
0.2737227738198577,0.0030990952467297,6.029710469962099,-0.118965152942801,0.1802471596663767,0.6298554813095173,0.1022966777943984,3,1,0.1,0.7,1,False,False,False,False,True,1e-06,False,2,0.920875883758858,-1.6122524695860818,1.5917712696627169,0.6374198042814476,1.4920611255844514,0.5876657894933678,1.816066313040428,0.920875883758858,0.920875883758858,0.9,0.528899210544031,88.65009420485701
0.5930345011858191,0.0007431235601351,88.14524876806236,-3.096686000550847,0.3682074922877189,0.4759289251267464,0.0110983512607605,3,1,0.1,0.7,1,False,False,False,False,True,1e-06,False,2,0.078684022254459,-0.0996885035140167,1.959296424854144,1.3156258230138416,1.2004048001556291,1.1011540740745829,1.0254661096328224,0.078684022254459,0.078684022254459,0.9,0.9910386666671246,0.5301410618318984
0.6147492576730632,0.0010656443221381,92.4627783159278,-8.29283606632703,0.2398059667051665,0.7157489694588016,0.0108137658317274,3,1,0.1,0.7,1,False,False,False,False,True,1e-06,False,2,0.085622184533865,-0.6791772157356633,0.7249341032479086,1.2724176093057642,1.5318214049206844,0.3971378830711118,1.8800809814004489,0.085622184533865,0.085622184533865,0.9,0.3574240947640006,0.441309756394947
0.1955398425906407,0.0105424349060222,9.937921557598663,-0.4901007171311783,0.5392129275042689,0.7332485460609045,0.100531685257196,3,1,0.1,0.7,1,False,False,False,False,True,1e-06,False,2,0.2425119885471348,-8.080524594727049,1.91060712733458,1.490951268616893,0.2796272930662737,0.3637940441506705,1.9306368419909925,0.2425119885471348,0.2425119885471348,0.9,0.3274146397356035,0.9908751044653348
0.4738084307804845,0.0008676180046124,99.38986253136594,-3.1177987080177654,0.1487916351479544,0.7813058825197512,0.0100604720472603,3,1,0.1,0.7,1,False,False,False,False,True,1e-06,False,2,0.0988618175693126,-2.9606643734814053,1.5291848273497384,1.371996594256721,0.7802891337820971,0.2799084486282749,0.1886250692750773,0.0988618175693126,0.0988618175693126,0.9,0.2519176037654474,0.5132880873475452
0.3356527297921504,0.0099519749183736,9.248881006820328,-1.1623005823699932,0.3402149260029325,0.6324163729220247,0.1079063237712903,3,1,0.1,0.7,1,False,False,False,False,True,1e-06,False,2,0.3315668375114579,-0.5283777110871366,0.6490168390758088,1.3305355299813388,1.584102382009382,0.5812367339251309,0.4433956006561433,0.3315668375114579,0.3315668375114579,0.9,0.5231130605326177,-11.328103075778326
0.2967537963256517,0.0261540948776911,2.180006973317982,-0.0693453951077058,0.394553429898572,0.4001847794068424,0.4420661048711317,3,1,0.1,0.7,1,False,False,False,False,True,1e-06,False,2,0.9249387177802364,-0.6582689799300141,1.914175795912702,1.4463343428082232,1.66404159422919,1.4988456619519848,1.803461821766125,0.9249387177802364,0.9249387177802364,0.9,1.3489610957567864,24.65677204079535
0.5867705945357781,0.0065211090450213,61.2460809712881,-2.3888820001934783,0.3647031032177785,0.7062674084127605,0.0105156144492919,3,1,0.1,0.7,1,False,False,False,False,True,1e-06,False,2,0.1424262048350068,-4.483200405031202,1.962273066352393,0.6104682474082358,1.7851801339826647,0.4158943030478548,1.1624445839332265,0.1424262048350068,0.1424262048350068,0.9,0.3743048727430693,0.5249859394261143
0.3673675096366987,0.0014704304824931,72.3825398297684,-2.2833175937396213,0.1287486730051063,0.6925298425991335,0.0107996746075188,3,1,0.1,0.7,1,False,False,False,False,True,1e-06,False,2,0.206628428612773,-4.675005930161107,0.4037158823080727,0.7032484922973582,1.1548094493956742,0.4439810943697394,0.5309071041865854,0.206628428612773,0.206628428612773,0.9,0.3995829849327655,0.7463245705424689
0.4722970473630408,0.0198980107850159,9.41572074825494,-2.27256814287586,0.5948869385883122,0.6158804106746946,0.1057020718169409,3,1,0.1,0.7,1,False,False,False,False,True,1e-06,False,2,0.2193770107457116,-0.430795349832934,1.0210557637429385,1.911678550218182,1.9319136540198885,0.6236918445003046,0.5448598355426858,0.2193770107457116,0.2193770107457116,0.9,0.5613226600502741,3.1121551630870585
0.3811191798124714,0.0099556307465673,20.24371883098343,-0.7185124395475895,0.2954348945073802,0.7342634596161812,0.0333689216185726,3,1,0.1,0.7,1,False,False,False,False,True,1e-06,False,2,0.2998526392921792,-9.986858960491928,1.138369623257399,0.6478120536570671,1.2554028022999029,0.3619089809027487,0.8874494531571907,0.2998526392921792,0.2998526392921792,0.9,0.3257180828124738,1.2304651046496686
0.1592346659716594,0.0022420463281588,9.442057070731671,-0.4376725624498594,0.255248441974981,0.7259969118211559,0.1052949585629451,3,1,0.1,0.7,1,False,False,False,False,True,1e-06,False,2,0.3957153711529564,-4.22855154855791,1.3434211714682496,1.8945421925604704,0.2972550963772308,0.377416327421435,0.7619762200212373,0.3957153711529564,0.3957153711529564,0.9,0.3396746946792915,1.920361047791824
0.354425253944201,0.0145145408641765,47.69537691151098,-0.3950935070880335,0.3522344252119033,0.6703917935279274,0.0110670729142568,3,1,0.1,0.7,1,False,False,False,False,True,1e-06,False,2,0.4140914880543023,-3.502477578076741,1.4967399064462816,0.2814691369348512,1.4948603204878028,0.4916650377498121,1.828317120589378,0.4140914880543023,0.4140914880543023,0.9,0.4424985339748308,1.6540567790825127
0.3186427558015909,0.0047991171815486,9.804950689398982,-0.3652123743729883,0.3369670974719381,0.5600589124976401,0.1016039755838612,3,1,0.1,0.7,1,False,False,False,False,True,1e-06,False,2,0.3678917744213422,-4.313463763690423,1.9542110792864773,1.2796417031727565,1.030585221153651,0.7855264467453923,1.402003186407929,0.3678917744213422,0.3678917744213422,0.9,0.706973802070853,0.9380827344530768
0.2734728924236265,0.0059314719159016,9.723450132791896,-1.1375143157088454,0.3851695590738275,0.5058611416881398,0.1015285579414391,3,1,0.1,0.7,1,False,False,False,False,True,1e-06,False,2,0.3492898374992858,-0.5515030970287569,0.7979837543190067,1.826899073843774,1.127010587348131,0.9768270728659644,1.6039125300554915,0.3492898374992858,0.3492898374992858,0.9,0.879144365579368,2.010232169607871
0.1954363559429686,0.0010409192069047,9.54981773828648,-0.5736359599981976,0.2684522076168588,0.6333075168801432,0.1037824601980309,3,1,0.1,0.7,1,False,False,False,False,True,1e-06,False,2,0.4055901296184194,-2.521827305543642,0.9817920763637704,1.6805936319610142,0.5002888342879626,0.5790117333934238,1.6409669538979834,0.4055901296184194,0.4055901296184194,0.9,0.5211105600540814,1.5314738611436374
0.3382926887081769,0.0037101764012571,9.352090815427225,-0.6668299775267952,0.2671465784158363,0.6544216177790855,0.1062332056984663,3,1,0.1,0.7,1,False,False,False,False,True,1e-06,False,2,0.3563717985708681,-7.450934429522084,1.1044923861374938,1.4571414195857657,1.5601459996599585,0.5280668804825029,1.0945147941210494,0.3563717985708681,0.3563717985708681,0.9,0.4752601924342526,1.1339382529705937
0.3200579345725812,0.0086804154298755,6.532251978794713,-0.2252237338679953,0.2408691300311432,0.756013885603476,0.1053994147857514,3,1,0.1,0.7,1,False,False,False,False,True,1e-06,False,2,0.5795145391881837,-9.266870722725235,1.8131599733514887,0.8032149826618986,1.5481439219521262,0.3227270279589718,1.908386087020249,0.5795145391881837,0.5795145391881837,0.9,0.2904543251630746,2.946066321632152
0.2511900088681267,0.0007215050205539,2.780622400017607,-0.1845134759402734,0.1508559081522451,0.8346509917667386,0.3502255610924071,3,1,0.1,0.7,1,False,False,False,False,True,1e-06,False,2,0.8029112774769739,-1.433170504359092,1.354336981624295,1.6918761039221448,1.1207025845279188,0.1981055673141425,1.5240359295990606,0.8029112774769739,0.8029112774769739,0.9,0.1782950105827283,-2.6564378323779096
0.4743955275826987,0.0190378013210058,8.792905206147768,-1.1734271540092671,0.3409518772601664,0.8574508806048345,0.1088766859956641,3,1,0.1,0.7,1,False,False,False,False,True,1e-06,False,2,0.2577584491837497,-4.553948878049086,1.3676327629220626,1.5842921423354135,1.9031891347318968,0.1662475631194327,0.7428821471219923,0.2577584491837497,0.2577584491837497,0.9,0.1496228068074895,2.741630824666287
