efficiency,dark count rate,jitter,entropy production,entropy rate,machine_efficiency,d_l,e_max,e_s,TH,TC,g_sl,g_ml,e_C,e_C_factor,t_f,t_steps,rateM,rateD,rateB,Tb,Td,k,Tb_indep_flag,Td_indep_flag,Td_eq_Tb_flag,Max_TV_flag,epsilon,e_l,TV
0.23809523809523786,-4.214365767538677e-17,7.096472019005972,134.04144067739762,12.679808180893426,0.7692307692307692,3,1,0.1,216666.68808260284,0.005,1,2,0.27,0.3,3000,3000,1,0.5,0.8,0.005,0.005,1,False,False,False,True,1e-07,0.9,-0.016666668333333336
0.26032039433148496,2.0622179321769122e-17,7.016000131998789,130.5984785226362,12.679808180893456,0.7692307692307692,3,1,0.1,216666.68808260284,0.005,1,2,0.27,0.3,3000,3000,1,0.5306122448979592,0.8,0.005,0.005,1,False,False,False,True,1e-07,0.9,-0.016666668333333336
0.28249378980594336,-4.8484000422692785e-20,6.937396499154672,127.16258704243555,12.67980818089345,0.7692307692307692,3,1,0.1,216666.68808260284,0.005,1,2,0.27,0.3,3000,3000,1,0.5612244897959183,0.8,0.005,0.005,1,False,False,False,True,1e-07,0.9,-0.016666668333333336
0.3045115504381194,-2.940969916634943e-17,6.861154684351095,123.74981082808034,12.679808180893428,0.7692307692307692,3,1,0.1,216666.68808260284,0.005,1,2,0.27,0.3,3000,3000,1,0.5918367346938775,0.8,0.005,0.005,1,False,False,False,True,1e-07,0.9,-0.016666668333333336
0.3262832991354062,-4.5697761603671746e-17,6.787701663046837,120.3741169558462,12.67980818089344,0.7692307692307692,3,1,0.1,216666.68808260284,0.005,1,2,0.27,0.3,3000,3000,1,0.6224489795918368,0.8,0.005,0.005,1,False,False,False,True,1e-07,0.9,-0.016666668333333336
0.3477315946753598,3.429456043486758e-17,6.7174008147365125,117.04748111296264,12.679808180893456,0.7692307692307692,3,1,0.1,216666.68808260284,0.005,1,2,0.27,0.3,3000,3000,1,0.653061224489796,0.8,0.005,0.005,1,False,False,False,True,1e-07,0.9,-0.016666668333333336
0.3687911799017437,-1.2888682960425865e-16,6.650555846984691,113.78000309591005,12.679808180893406,0.7692307692307692,3,1,0.1,216666.68808260284,0.005,1,2,0.27,0.3,3000,3000,1,0.6836734693877551,0.8,0.005,0.005,1,False,False,False,True,1e-07,0.9,-0.016666668333333336
0.3894080996884726,2.5804572948022915e-17,6.5874153478125725,110.5800423751071,12.679808180893465,0.7692307692307692,3,1,0.1,216666.68808260284,0.005,1,2,0.27,0.3,3000,3000,1,0.7142857142857143,0.8,0.005,0.005,1,False,False,False,True,1e-07,0.9,-0.016666668333333336
0.4095387405665448,7.372076268795472e-17,6.5281777063523645,107.45436573739329,12.67980818089347,0.7692307692307692,3,1,0.1,216666.68808260284,0.005,1,2,0.27,0.3,3000,3000,1,0.7448979591836735,0.8,0.005,0.005,1,False,False,False,True,1e-07,0.9,-0.016666668333333336
0.4291488349976232,-5.137466626704877e-17,6.472996186601955,104.40830038936284,12.679808180893437,0.7692307692307692,3,1,0.1,216666.68808260284,0.005,1,2,0.27,0.3,3000,3000,1,0.7755102040816326,0.8,0.005,0.005,1,False,False,False,True,1e-07,0.9,-0.016666668333333336
0.44821246462992514,2.2576365295290067e-18,6.421983982723807,101.4458872356602,12.679808180893447,0.7692307692307692,3,1,0.1,216666.68808260284,0.005,1,2,0.27,0.3,3000,3000,1,0.8061224489795918,0.8,0.005,0.005,1,False,False,False,True,1e-07,0.9,-0.016666668333333336
0.4667110888999951,1.1798857208966232e-16,6.375219124558076,98.57003027348061,12.679808180893481,0.7692307692307692,3,1,0.1,216666.68808260284,0.005,1,2,0.27,0.3,3000,3000,1,0.8367346938775511,0.8,0.005,0.005,1,False,False,False,True,1e-07,0.9,-0.016666668333333336
0.4846326182906055,9.109096828208327e-17,6.332749137636731,95.78263913011601,12.67980818089348,0.7692307692307692,3,1,0.1,216666.68808260284,0.005,1,2,0.27,0.3,3000,3000,1,0.8673469387755102,0.8,0.005,0.005,1,False,False,False,True,1e-07,0.9,-0.016666668333333336
0.501970545529973,-7.41534704335815e-17,6.294595392433954,93.08476269780918,12.67980818089344,0.7692307692307692,3,1,0.1,216666.68808260284,0.005,1,2,0.27,0.3,3000,3000,1,0.8979591836734694,0.8,0.005,0.005,1,False,False,False,True,1e-07,0.9,-0.016666668333333336
0.5187231430325352,8.090188347888844e-17,6.26075710279527,90.47671258746294,12.679808180893456,0.7692307692307692,3,1,0.1,216666.68808260284,0.005,1,2,0.27,0.3,3000,3000,1,0.9285714285714286,0.8,0.005,0.005,1,False,False,False,True,1e-07,0.9,-0.016666668333333336
0.5348927308828518,1.4635156316264053e-17,6.231214953718014,87.95817573822194,12.67980818089345,0.7692307692307692,3,1,0.1,216666.68808260284,0.005,1,2,0.27,0.3,3000,3000,1,0.9591836734693877,0.8,0.005,0.005,1,False,False,False,True,1e-07,0.9,-0.016666668333333336
0.5504850165572605,2.958278896003186e-17,6.205934354373591,85.52831599816386,12.67980818089346,0.7692307692307692,3,1,0.1,216666.68808260284,0.005,1,2,0.27,0.3,3000,3000,1,0.9897959183673469,0.8,0.005,0.005,1,False,False,False,True,1e-07,0.9,-0.016666668333333336
0.5655085052479187,-1.796498855052496e-17,6.184868324040065,83.18586484999419,12.67980818089345,0.7692307692307692,3,1,0.1,216666.68808260284,0.005,1,2,0.27,0.3,3000,3000,1,1.0204081632653061,0.8,0.005,0.005,1,False,False,False,True,1e-07,0.9,-0.016666668333333336
0.579973977979686,-1.3973998510711667e-16,6.167960027056894,80.92920171331023,12.679808180893422,0.7692307692307692,3,1,0.1,216666.68808260284,0.005,1,2,0.27,0.3,3000,3000,1,1.0510204081632653,0.8,0.005,0.005,1,False,False,False,True,1e-07,0.9,-0.016666668333333336
0.5938940335743588,-6.440999967505555e-17,6.155144978613003,78.75642442986693,12.679808180893442,0.7692307692307692,3,1,0.1,216666.68808260284,0.005,1,2,0.27,0.3,3000,3000,1,1.0816326530612246,0.8,0.005,0.005,1,False,False,False,True,1e-07,0.9,-0.016666668333333336
0.6072826898109814,-1.9917118598657614e-17,6.146352946679736,76.66541064691145,12.67980818089346,0.7692307692307692,3,1,0.1,216666.68808260284,0.005,1,2,0.27,0.3,3000,3000,1,1.1122448979591837,0.8,0.005,0.005,1,False,False,False,True,1e-07,0.9,-0.016666668333333336
0.6201550387596902,-4.247545218734997e-17,6.14150957718473,74.65387087084247,12.679808180893453,0.7692307692307692,3,1,0.1,216666.68808260284,0.005,1,2,0.27,0.3,3000,3000,1,1.1428571428571428,0.8,0.005,0.005,1,False,False,False,True,1e-07,0.9,-0.016666668333333336
0.6325269511483532,-2.0997699080825876e-16,6.140537770007409,72.71939398162068,12.679808180893417,0.7692307692307692,3,1,0.1,216666.68808260284,0.005,1,2,0.27,0.3,3000,3000,1,1.1734693877551021,0.8,0.005,0.005,1,False,False,False,True,1e-07,0.9,-0.016666668333333336
0.6444148246880672,-1.3939855995390705e-16,6.143358832906815,70.85948598814115,12.679808180893437,0.7692307692307692,3,1,0.1,216666.68808260284,0.005,1,2,0.27,0.3,3000,3000,1,1.2040816326530612,0.8,0.005,0.005,1,False,False,False,True,1e-07,0.9,-0.016666668333333336
0.6558353714802775,-6.898334203776667e-17,6.149893439352881,69.07160277450896,12.67980818089344,0.7692307692307692,3,1,0.1,216666.68808260284,0.005,1,2,0.27,0.3,3000,3000,1,1.2346938775510203,0.8,0.005,0.005,1,False,False,False,True,1e-07,0.9,-0.016666668333333336
0.666805439911185,-7.300728737483613e-18,6.160062414647308,67.3531775436525,12.67980818089344,0.7692307692307692,3,1,0.1,216666.68808260284,0.005,1,2,0.27,0.3,3000,3000,1,1.2653061224489797,0.8,0.005,0.005,1,False,False,False,True,1e-07,0.9,-0.016666668333333336
0.6773418667741753,-4.8481601686341347e-17,6.1737873728666415,65.70164361317217,12.679808180893446,0.7692307692307692,3,1,0.1,216666.68808260284,0.005,1,2,0.27,0.3,3000,3000,1,1.2959183673469388,0.8,0.005,0.005,1,False,False,False,True,1e-07,0.9,-0.016666668333333336
0.6874613557226075,-7.098072551579028e-17,6.19099122517215,64.11445316269653,12.679808180893437,0.7692307692307692,3,1,0.1,216666.68808260284,0.005,1,2,0.27,0.3,3000,3000,1,1.3265306122448979,0.8,0.005,0.005,1,False,False,False,True,1e-07,0.9,-0.016666668333333336
0.6971803785245292,8.771123255181715e-18,6.211598578008419,62.58909247523673,12.679808180893453,0.7692307692307692,3,1,0.1,216666.68808260284,0.005,1,2,0.27,0.3,3000,3000,1,1.3571428571428572,0.8,0.005,0.005,1,False,False,False,True,1e-07,0.9,-0.016666668333333336
0.7065150959540395,1.6566171010856378e-16,6.235536037725692,61.123094159151115,12.679808180893481,0.7692307692307692,3,1,0.1,216666.68808260284,0.005,1,2,0.27,0.3,3000,3000,1,1.3877551020408163,0.8,0.005,0.005,1,False,False,False,True,1e-07,0.9,-0.016666668333333336
0.7154812955021798,2.176139420370992e-16,6.262732436261412,59.7140467838161,12.679808180893472,0.7692307692307692,3,1,0.1,216666.68808260284,0.005,1,2,0.27,0.3,3000,3000,1,1.4183673469387754,0.8,0.005,0.005,1,False,False,False,True,1e-07,0.9,-0.016666668333333336
0.7240943434169336,-1.826054590881186e-16,6.293118990733429,58.35960231181492,12.679808180893437,0.7692307692307692,3,1,0.1,216666.68808260284,0.005,1,2,0.27,0.3,3000,3000,1,1.4489795918367347,0.8,0.005,0.005,1,False,False,False,True,1e-07,0.9,-0.016666668333333336
0.73236914888429,2.2089958219074674e-17,6.326629408152782,57.05748166397896,12.679808180893447,0.7692307692307692,3,1,0.1,216666.68808260284,0.005,1,2,0.27,0.3,3000,3000,1,1.4795918367346939,0.8,0.005,0.005,1,False,False,False,True,1e-07,0.9,-0.016666668333333336
0.7403201384382438,-3.29522618024272e-17,6.363199944964236,55.80547871118968,12.67980818089345,0.7692307692307692,3,1,0.1,216666.68808260284,0.005,1,2,0.27,0.3,3000,3000,1,1.510204081632653,0.8,0.005,0.005,1,False,False,False,True,1e-07,0.9,-0.016666668333333336
0.7479612389368908,2.1511799527942264e-16,6.402769429771186,54.60146294849868,12.679808180893467,0.7692307692307692,3,1,0.1,216666.68808260284,0.005,1,2,0.27,0.3,3000,3000,1,1.5408163265306123,0.8,0.005,0.005,1,False,False,False,True,1e-07,0.9,-0.016666668333333336
0.7553058676654187,-1.7886638817912633e-16,6.445279256394994,53.44338107272865,12.679808180893428,0.7692307692307692,3,1,0.1,216666.68808260284,0.005,1,2,0.27,0.3,3000,3000,1,1.5714285714285714,0.8,0.005,0.005,1,False,False,False,True,1e-07,0.9,-0.016666668333333336
0.762366928325322,3.318509031007223e-17,6.490673353348845,52.329257654231654,12.679808180893456,0.7692307692307692,3,1,0.1,216666.68808260284,0.005,1,2,0.27,0.3,3000,3000,1,1.6020408163265305,0.8,0.005,0.005,1,False,False,False,True,1e-07,0.9,-0.016666668333333336
0.7691568118450137,9.825654189680609e-18,6.538898134866797,51.25719506641584,12.679808180893447,0.7692307692307692,3,1,0.1,216666.68808260284,0.005,1,2,0.27,0.3,3000,3000,1,1.6326530612244898,0.8,0.005,0.005,1,False,False,False,True,1e-07,0.9,-0.016666668333333336
0.7756874011012449,-1.75986989946994e-16,6.589902437806189,50.22537281294246,12.679808180893435,0.7692307692307692,3,1,0.1,216666.68808260284,0.005,1,2,0.27,0.3,3000,3000,1,1.663265306122449,0.8,0.005,0.005,1,False,False,False,True,1e-07,0.9,-0.016666668333333336
0.7819700787759079,1.8184632853117588e-16,6.643637448028801,49.23204637174051,12.679808180893465,0.7692307692307692,3,1,0.1,216666.68808260284,0.005,1,2,0.27,0.3,3000,3000,1,1.693877551020408,0.8,0.005,0.005,1,False,False,False,True,1e-07,0.9,-0.016666668333333336
0.7880157376904441,-1.78213246528132e-16,6.700056619250037,48.27554565687523,12.679808180893437,0.7692307692307692,3,1,0.1,216666.68808260284,0.005,1,2,0.27,0.3,3000,3000,1,1.7244897959183674,0.8,0.005,0.005,1,False,False,False,True,1e-07,0.9,-0.016666668333333336
0.7938347930619953,1.0662344588843305e-16,6.759115586815416,47.354273183680306,12.679808180893467,0.7692307692307692,3,1,0.1,216666.68808260284,0.005,1,2,0.27,0.3,3000,3000,1,1.7551020408163265,0.8,0.005,0.005,1,False,False,False,True,1e-07,0.9,-0.016666668333333336
0.7994371962138634,2.965327092166102e-17,6.82077207841282,46.46670200893953,12.679808180893456,0.7692307692307692,3,1,0.1,216666.68808260284,0.005,1,2,0.27,0.3,3000,3000,1,1.7857142857142856,0.8,0.005,0.005,1,False,False,False,True,1e-07,0.9,-0.016666668333333336
0.804832449348695,1.131362047063864e-16,6.884985823343143,45.611373506275676,12.67980818089346,0.7692307692307692,3,1,0.1,216666.68808260284,0.005,1,2,0.27,0.3,3000,3000,1,1.816326530612245,0.8,0.005,0.005,1,False,False,False,True,1e-07,0.9,-0.016666668333333336
0.8100296210581488,2.3074050571201164e-16,6.9517184616480066,44.78689502685109,12.67980818089347,0.7692307692307692,3,1,0.1,216666.68808260284,0.005,1,2,0.27,0.3,3000,3000,1,1.846938775510204,0.8,0.005,0.005,1,False,False,False,True,1e-07,0.9,-0.016666668333333336
0.8150373622987448,-1.8653638772504528e-16,7.020933454118982,43.99193748691178,12.679808180893428,0.7692307692307692,3,1,0.1,216666.68808260284,0.005,1,2,0.27,0.3,3000,3000,1,1.8775510204081631,0.8,0.005,0.005,1,False,False,False,True,1e-07,0.9,-0.016666668333333336
0.8198639226112601,1.861676894960868e-16,7.092595993983965,43.22523291635572,12.679808180893476,0.7692307692307692,3,1,0.1,216666.68808260284,0.005,1,2,0.27,0.3,3000,3000,1,1.9081632653061225,0.8,0.005,0.005,1,False,False,False,True,1e-07,0.9,-0.016666668333333336
0.8245171664017256,-2.3330679415161217e-16,7.1666729208760485,42.485571996293494,12.679808180893437,0.7692307692307692,3,1,0.1,216666.68808260284,0.005,1,2,0.27,0.3,3000,3000,1,1.9387755102040816,0.8,0.005,0.005,1,False,False,False,True,1e-07,0.9,-0.016666668333333336
0.8290045891365214,9.4250925620263e-17,7.2431326375321605,41.77180160824916,12.679808180893465,0.7692307692307692,3,1,0.1,216666.68808260284,0.005,1,2,0.27,0.3,3000,3000,1,1.9693877551020407,0.8,0.005,0.005,1,False,False,False,True,1e-07,0.9,-0.016666668333333336
0.8333333333333943,3.341648975385993e-18,7.321945029540022,41.082822413200105,12.679808180893446,0.7692307692307692,3,1,0.1,216666.68808260284,0.005,1,2,0.27,0.3,3000,3000,1,2.0,0.8,0.005,0.005,1,False,False,False,True,1e-07,0.9,-0.016666668333333336
0.21041770990339512,0.006861033301658651,7.232251604079192,6.251083989459792,0.5316744801752893,0.7692307692307693,3,1,0.1,4333333.751673754,0.1,1,2,0.27,0.3,3000,3000,1,0.5,0.8,0.1,0.1,1,False,False,False,True,1e-07,0.9,-0.33333336666666674
0.23026679216587068,0.007490192970997927,7.1701490397913625,6.117816499538867,0.5268456848188358,0.7692307692307693,3,1,0.1,4333333.751673754,0.1,1,2,0.27,0.3,3000,3000,1,0.5306122448979592,0.8,0.1,0.1,1,False,False,False,True,1e-07,0.9,-0.33333336666666674
0.2501049757942585,0.008115973258303764,7.109695413004512,5.984551093458762,0.5220406608731416,0.7692307692307693,3,1,0.1,4333333.751673754,0.1,1,2,0.27,0.3,3000,3000,1,0.5612244897959183,0.8,0.1,0.1,1,False,False,False,True,1e-07,0.9,-0.33333336666666674
0.26983878533800015,0.008735470522357175,7.051320444667803,5.8519133009467375,0.5172817088050083,0.7692307692307693,3,1,0.1,4333333.751673754,0.1,1,2,0.27,0.3,3000,3000,1,0.5918367346938775,0.8,0.1,0.1,1,False,False,False,True,1e-07,0.9,-0.33333336666666674
0.28938620492264633,0.009346194325889708,6.995403023288692,5.7204528059315525,0.5125879929934204,0.7692307692307693,3,1,0.1,4333333.751673754,0.1,1,2,0.27,0.3,3000,3000,1,0.6224489795918368,0.8,0.1,0.1,1,False,False,False,True,1e-07,0.9,-0.33333336666666674
0.3086762945661141,0.009946045275168116,6.9422726224600835,5.590645913102676,0.5079757056763795,0.7692307692307693,3,1,0.1,4333333.751673754,0.1,1,2,0.27,0.3,3000,3000,1,0.653061224489796,0.8,0.1,0.1,1,False,False,False,True,1e-07,0.9,-0.33333336666666674
0.32764863176811543,0.0105332877631314,6.892211551077683,5.462899179061925,0.5034582701673409,0.7692307692307693,3,1,0.1,4333333.751673754,0.1,1,2,0.27,0.3,3000,3000,1,0.6836734693877551,0.8,0.1,0.1,1,False,False,False,True,1e-07,0.9,-0.33333336666666674
0.34625262846791527,0.01110651951882316,6.845457815739807,5.3375538774829225,0.4990465689502276,0.7692307692307693,3,1,0.1,4333333.751673754,0.1,1,2,0.27,0.3,3000,3000,1,0.7142857142857143,0.8,0.1,0.1,1,False,False,False,True,1e-07,0.9,-0.33333336666666674
0.3644467671703895,0.011664639551006026,6.802208398710994,5.214891008780046,0.49474918460913825,0.7692307692307693,3,1,0.1,4333333.751673754,0.1,1,2,0.27,0.3,3000,3000,1,0.7448979591836735,0.8,0.1,0.1,1,False,False,False,True,1e-07,0.9,-0.33333336666666674
0.3821977932334783,0.012206815761259211,6.762622782079333,5.095136609364474,0.49057264388801664,0.7692307692307693,3,1,0.1,4333333.751673754,0.1,1,2,0.27,0.3,3000,3000,1,0.7755102040816326,0.8,0.1,0.1,1,False,False,False,True,1e-07,0.9,-0.33333336666666674
0.39947989351521823,0.012732453209781676,6.7268265769707485,4.978467160171115,0.4865216573690193,0.7692307692307693,3,1,0.1,4333333.751673754,0.1,1,2,0.27,0.3,3000,3000,1,0.8061224489795918,0.8,0.1,0.1,1,False,False,False,True,1e-07,0.9,-0.33333336666666674
0.41627388516467373,0.013241163756622779,6.694915144146051,4.8650149363300095,0.48259934922045056,0.7692307692307693,3,1,0.1,4333333.751673754,0.1,1,2,0.27,0.3,3000,3000,1,0.8367346938775511,0.8,0.1,0.1,1,False,False,False,True,1e-07,0.9,-0.33333336666666674
0.4325664325432536,0.013732737577636213,6.666957117784351,4.754873178062903,0.47880747315326294,0.7692307692307693,3,1,0.1,4333333.751673754,0.1,1,2,0.27,0.3,3000,3000,1,0.8673469387755102,0.8,0.1,0.1,1,False,False,False,True,1e-07,0.9,-0.33333336666666674
0.44834930520691985,0.014207116869381616,6.642997767013749,4.648100996263727,0.47514661212799514,0.7692307692307693,3,1,0.1,4333333.751673754,0.1,1,2,0.27,0.3,3000,3000,1,0.8979591836734694,0.8,0.1,0.1,1,False,False,False,True,1e-07,0.9,-0.33333336666666674
0.46361868560868286,0.014664371908874315,6.623062149424408,4.54472795446873,0.4716163604814822,0.7692307692307693,3,1,0.1,4333333.751673754,0.1,1,2,0.27,0.3,3000,3000,1,0.9285714285714286,0.8,0.1,0.1,1,False,False,False,True,1e-07,0.9,-0.33333336666666674
0.47837453167876653,0.015104679519227901,6.607158027308907,4.444758292130856,0.46821548801987817,0.7692307692307693,3,1,0.1,4333333.751673754,0.1,1,2,0.27,0.3,3000,3000,1,0.9591836734693877,0.8,0.1,0.1,1,False,False,False,True,1e-07,0.9,-0.33333336666666674
0.4926199966514826,0.015528303906513554,6.595278530832301,4.348174772623722,0.4649420862818837,0.7692307692307693,3,1,0.1,4333333.751673754,0.1,1,2,0.27,0.3,3000,3000,1,0.9897959183673469,0.8,0.1,0.1,1,False,False,False,True,1e-07,0.9,-0.33333336666666674
0.5063609063571288,0.015935579771998637,6.587404562991009,4.254942153721722,0.46179369764775935,0.7692307692307693,3,1,0.1,4333333.751673754,0.1,1,2,0.27,0.3,3000,3000,1,1.0204081632653061,0.8,0.1,0.1,1,False,False,False,True,1e-07,0.9,-0.33333336666666674
0.519605292596112,0.016326897562863624,6.583506949383493,4.165010288993193,0.458767428289454,0.7692307692307693,3,1,0.1,4333333.751673754,0.1,1,2,0.27,0.3,3000,3000,1,1.0510204081632653,0.8,0.1,0.1,1,False,False,False,True,1e-07,0.9,-0.33333336666666674
0.5323629800723557,0.01670269069936872,6.5835483418366225,4.078316876183987,0.45586004615551934,0.7692307692307693,3,1,0.1,4333333.751673754,0.1,1,2,0.27,0.3,3000,3000,1,1.0816326530612246,0.8,0.1,0.1,1,False,False,False,True,1e-07,0.9,-0.33333336666666674
0.5446452236008616,0.017063424603620567,6.587484889160536,3.9947898738179513,0.4530680652887831,0.7692307692307693,3,1,0.1,4333333.751673754,0.1,1,2,0.27,0.3,3000,3000,1,1.1122448979591837,0.8,0.1,0.1,1,False,False,False,True,1e-07,0.9,-0.33333336666666674
0.5564643918400324,0.017409587351477667,6.595267691051913,3.9143496103882214,0.45038781780865156,0.7692307692307693,3,1,0.1,4333333.751673754,0.1,1,2,0.27,0.3,3000,3000,1,1.1428571428571428,0.8,0.1,0.1,1,False,False,False,True,1e-07,0.9,-0.33333336666666674
0.567833693571742,0.017741681772163106,6.606844052759562,3.8369106121213647,0.44781551487225274,0.7692307692307693,3,1,0.1,4333333.751673754,0.1,1,2,0.27,0.3,3000,3000,1,1.1734693877551021,0.8,0.1,0.1,1,False,False,False,True,1e-07,0.9,-0.33333336666666674
0.5787669424969174,0.01806021882778767,6.622158558789486,3.762383175717865,0.44534729787569854,0.7692307692307693,3,1,0.1,4333333.751673754,0.1,1,2,0.27,0.3,3000,3000,1,1.2040816326530612,0.8,0.1,0.1,1,False,False,False,True,1e-07,0.9,-0.33333336666666674
0.5892783565903655,0.018365712115560935,6.641153983916217,3.6906747120428065,0.4429792810801518,0.7692307692307693,3,1,0.1,4333333.751673754,0.1,1,2,0.27,0.3,3000,3000,1,1.2346938775510203,0.8,0.1,0.1,1,False,False,False,True,1e-07,0.9,-0.33333336666666674
0.5993823882233628,0.018658673347786165,6.663772059244086,3.621690885699795,0.4407075867571447,0.7692307692307693,3,1,0.1,4333333.751673754,0.1,1,2,0.27,0.3,3000,3000,1,1.2653061224489797,0.8,0.1,0.1,1,False,False,False,True,1e-07,0.9,-0.33333336666666674
0.6090935814872988,0.018939608677864952,6.689954110198765,3.555336573979679,0.43852837385070026,0.7692307692307693,3,1,0.1,4333333.751673754,0.1,1,2,0.27,0.3,3000,3000,1,1.2959183673469388,0.8,0.1,0.1,1,False,False,False,True,1e-07,0.9,-0.33333336666666674
0.6184264534122245,0.01920901575375694,6.7196415822252895,3.491516666988242,0.4364378610551218,0.7692307692307693,3,1,0.1,4333333.751673754,0.1,1,2,0.27,0.3,3000,3000,1,1.3265306122448979,0.8,0.1,0.1,1,False,False,False,True,1e-07,0.9,-0.33333336666666674
0.6273953960521615,0.019467381393273205,6.75277646873908,3.4301367289443796,0.43443234511104156,0.7692307692307693,3,1,0.1,4333333.751673754,0.1,1,2,0.27,0.3,3000,3000,1,1.3571428571428572,0.8,0.1,0.1,1,False,False,False,True,1e-07,0.9,-0.33333336666666674
0.6360145966921453,0.019715179787812603,6.789301654583679,3.371103538793794,0.4325082150303271,0.7692307692307693,3,1,0.1,4333333.751673754,0.1,1,2,0.27,0.3,3000,3000,1,1.3877551020408163,0.8,0.1,0.1,1,False,False,False,True,1e-07,0.9,-0.33333336666666674
0.6442979737094012,0.019952871152567175,6.829161186945748,3.314325526463504,0.4306619628747183,0.7692307692307693,3,1,0.1,4333333.751673754,0.1,1,2,0.27,0.3,3000,3000,1,1.4183673469387754,0.8,0.1,0.1,1,False,False,False,True,1e-07,0.9,-0.33333336666666674
0.6522591258868318,0.020180900751694396,6.872300484409081,3.2597131193350775,0.42889019163419756,0.7692307692307693,3,1,0.1,4333333.751673754,0.1,1,2,0.27,0.3,3000,3000,1,1.4489795918367347,0.8,0.1,0.1,1,False,False,False,True,1e-07,0.9,-0.33333336666666674
0.6599112932274377,0.020399698236398065,6.918666493620064,3.2071790118723436,0.4271896206794576,0.7692307692307693,3,1,0.1,4333333.751673754,0.1,1,2,0.27,0.3,3000,3000,1,1.4795918367346939,0.8,0.1,0.1,1,False,False,False,True,1e-07,0.9,-0.33333336666666674
0.6672673275494436,0.02060967724239241,6.968207801901965,3.15663836981174,0.42555708919862756,0.7692307692307693,3,1,0.1,4333333.751673754,0.1,1,2,0.27,0.3,3000,3000,1,1.510204081632653,0.8,0.1,0.1,1,False,False,False,True,1e-07,0.9,-0.33333336666666674
0.674339671353983,0.020811235200740238,7.020874713108875,3.1080089789264327,0.4239895579710834,0.7692307692307693,3,1,0.1,4333333.751673754,0.1,1,2,0.27,0.3,3000,3000,1,1.5408163265306123,0.8,0.1,0.1,1,False,False,False,True,1e-07,0.9,-0.33333336666666674
0.6811403436505569,0.021004753322733005,7.0766192930596725,3.061211347112121,0.4224841097805516,0.7692307692307693,3,1,0.1,4333333.751673754,0.1,1,2,0.27,0.3,3000,3000,1,1.5714285714285714,0.8,0.1,0.1,1,False,False,False,True,1e-07,0.9,-0.33333336666666674
0.6876809315929457,0.021190596725325857,7.1353953900087985,3.016168767381445,0.42103794872531924,0.7692307692307693,3,1,0.1,4333333.751673754,0.1,1,2,0.27,0.3,3000,3000,1,1.6020408163265305,0.8,0.1,0.1,1,False,False,False,True,1e-07,0.9,-0.33333336666666674
0.6939725869428759,0.021369114668733147,7.1971586348821655,2.972807348375939,0.4196483986444602,0.7692307692307693,3,1,0.1,4333333.751673754,0.1,1,2,0.27,0.3,3000,3000,1,1.6326530612244898,0.8,0.1,0.1,1,False,False,False,True,1e-07,0.9,-0.33333336666666674
0.7000260265023777,0.021540640882191823,7.261866425264452,2.931056018048826,0.41831290084517014,0.7692307692307693,3,1,0.1,4333333.751673754,0.1,1,2,0.27,0.3,3000,3000,1,1.663265306122449,0.8,0.1,0.1,1,False,False,False,True,1e-07,0.9,-0.33333336666666674
0.7058515357863054,0.021705493957780493,7.329477896561695,2.8908465054119556,0.4170290112873153,0.7692307692307693,3,1,0.1,4333333.751673754,0.1,1,2,0.27,0.3,3000,3000,1,1.693877551020408,0.8,0.1,0.1,1,False,False,False,True,1e-07,0.9,-0.33333336666666674
0.7114589753080405,0.021863977795386534,7.399953883212897,2.8521133045213305,0.4157943973557364,0.7692307692307693,3,1,0.1,4333333.751673754,0.1,1,2,0.27,0.3,3000,3000,1,1.7244897959183674,0.8,0.1,0.1,1,False,False,False,True,1e-07,0.9,-0.33333336666666674
0.7168577889446975,0.022016382084824822,7.473256872365155,2.8147936242634235,0.41460683432961987,0.7692307692307693,3,1,0.1,4333333.751673754,0.1,1,2,0.27,0.3,3000,3000,1,1.7551020408163265,0.8,0.1,0.1,1,False,False,False,True,1e-07,0.9,-0.33333336666666674
0.7220570139291239,0.022162982813447037,7.549350952025848,2.7788273269708097,0.41346420163937564,0.7692307692307693,3,1,0.1,4333333.751673754,0.1,1,2,0.27,0.3,3000,3000,1,1.7857142857142856,0.8,0.1,0.1,1,False,False,False,True,1e-07,0.9,-0.33333336666666674
0.727065292085678,0.02230404278968977,7.628201755359097,2.744156858428239,0.41236447898592005,0.7692307692307693,3,1,0.1,4333333.751673754,0.1,1,2,0.27,0.3,3000,3000,1,1.816326530612245,0.8,0.1,0.1,1,False,False,False,True,1e-07,0.9,-0.33333336666666674
0.7318908819879726,0.02243981217471747,7.7097764024982265,2.7107271714301535,0.41130574238363676,0.7692307692307693,3,1,0.1,4333333.751673754,0.1,1,2,0.27,0.3,3000,3000,1,1.846938775510204,0.8,0.1,0.1,1,False,False,False,True,1e-07,0.9,-0.33333336666666674
0.7365416717679271,0.02257052901582679,7.794043440988285,2.678485644698256,0.41028616017707,0.7692307692307693,3,1,0.1,4333333.751673754,0.1,1,2,0.27,0.3,3000,3000,1,1.8775510204081631,0.8,0.1,0.1,1,False,False,False,True,1e-07,0.9,-0.33333336666666674
0.7410251923521074,0.022696419776476975,7.880972785764269,2.6473819986751943,0.4093039890715397,0.7692307692307693,3,1,0.1,4333333.751673754,0.1,1,2,0.27,0.3,3000,3000,1,1.9081632653061225,0.8,0.1,0.1,1,False,False,False,True,1e-07,0.9,-0.33333336666666674
0.7453486309397567,0.022817699858926434,7.97053565938556,2.617368209453168,0.40835757021005936,0.7692307692307693,3,1,0.1,4333333.751673754,0.1,1,2,0.27,0.3,3000,3000,1,1.9387755102040816,0.8,0.1,0.1,1,False,False,False,True,1e-07,0.9,-0.33333336666666674
0.7495188445606265,0.022934574116255532,8.06270453305578,2.588398421826822,0.4074453253217661,0.7692307692307693,3,1,0.1,4333333.751673754,0.1,1,2,0.27,0.3,3000,3000,1,1.9693877551020407,0.8,0.1,0.1,1,False,False,False,True,1e-07,0.9,-0.33333336666666674
0.7535423736111633,0.02304723735136262,8.15745306897964,2.5604288624553506,0.4065657529616879,0.7692307692307693,3,1,0.1,4333333.751673754,0.1,1,2,0.27,0.3,3000,3000,1,2.0,0.8,0.1,0.1,1,False,False,False,True,1e-07,0.9,-0.33333336666666674
0.17500510733541771,0.015165721533151624,7.980457247600549,2.8157401887904214,0.18597205598930697,0.7692307692307693,3,1,0.1,8666667.503347509,0.2,1,2,0.27,0.3,3000,3000,1,0.5,0.8,0.2,0.2,1,False,False,False,True,1e-07,0.9,-0.6666667333333335
0.19172680519527457,0.016517913119387953,7.94443778526028,2.772379332029006,0.18081803331359642,0.7692307692307693,3,1,0.1,8666667.503347509,0.2,1,2,0.27,0.3,3000,3000,1,0.5306122448979592,0.8,0.2,0.2,1,False,False,False,True,1e-07,0.9,-0.6666667333333335
0.20847816141453032,0.01785642549835043,7.91014023182954,2.728977181876313,0.17571267173775587,0.7692307692307693,3,1,0.1,8666667.503347509,0.2,1,2,0.27,0.3,3000,3000,1,0.5612244897959183,0.8,0.2,0.2,1,False,False,False,True,1e-07,0.9,-0.6666667333333335
0.2251803641481016,0.019175194608212504,7.877906268871098,2.685736695123718,0.17067914862609634,0.7692307692307693,3,1,0.1,8666667.503347509,0.2,1,2,0.27,0.3,3000,3000,1,0.5918367346938775,0.8,0.2,0.2,1,False,False,False,True,1e-07,0.9,-0.6666667333333335
0.24176356938547375,0.020469145576407183,7.848044170383362,2.6428369556729736,0.16573692791032846,0.7692307692307693,3,1,0.1,8666667.503347509,0.2,1,2,0.27,0.3,3000,3000,1,0.6224489795918368,0.8,0.2,0.2,1,False,False,False,True,1e-07,0.9,-0.6666667333333335
0.25816668101646095,0.0217341223236015,7.82082901909145,2.600433889624791,0.16090201710277793,0.7692307692307693,3,1,0.1,8666667.503347509,0.2,1,2,0.27,0.3,3000,3000,1,0.653061224489796,0.8,0.2,0.2,1,False,False,False,True,1e-07,0.9,-0.6666667333333335
0.2743369859665461,0.022966807786429826,7.7965035518387165,2.558661348368182,0.15618726056147975,0.7692307692307693,3,1,0.1,8666667.503347509,0.2,1,2,0.27,0.3,3000,3000,1,0.6836734693877551,0.8,0.2,0.2,1,False,False,False,True,1e-07,0.9,-0.6666667333333335
0.2902296819592731,0.024164639434372654,7.775279500452855,2.517632457846504,0.15160265154292404,0.7692307692307693,3,1,0.1,8666667.503347509,0.2,1,2,0.27,0.3,3000,3000,1,0.7142857142857143,0.8,0.2,0.2,1,False,False,False,True,1e-07,0.9,-0.6666667333333335
0.3058073312701308,0.025325723815345678,7.757339303891051,2.4774411447098417,0.14715564903404782,0.7692307692307693,3,1,0.1,8666667.503347509,0.2,1,2,0.27,0.3,3000,3000,1,0.7448979591836735,0.8,0.2,0.2,1,False,False,False,True,1e-07,0.9,-0.6666667333333335
0.3210392691535934,0.02644875298199106,7.7428380801089025,2.438163763621634,0.1428514886098232,0.7692307692307693,3,1,0.1,8666667.503347509,0.2,1,2,0.27,0.3,3000,3000,1,0.7755102040816326,0.8,0.2,0.2,1,False,False,False,True,1e-07,0.9,-0.6666667333333335
0.33590099083356156,0.027532924864897834,7.731905760520174,2.3998607635200004,0.13869347947113836,0.7692307692307693,3,1,0.1,8666667.503347509,0.2,1,2,0.27,0.3,3000,3000,1,0.8061224489795918,0.8,0.2,0.2,1,False,False,False,True,1e-07,0.9,-0.6666667333333335
0.3503735363334717,0.028577868988991936,7.7246493049536324,2.3625783434509544,0.134683282306593,0.7692307692307693,3,1,0.1,8666667.503347509,0.2,1,2,0.27,0.3,3000,3000,1,0.8367346938775511,0.8,0.2,0.2,1,False,False,False,True,1e-07,0.9,-0.6666667333333335
0.36444288816755327,0.029583578379664983,7.721154929791138,2.3263500601995246,0.13082116467219373,0.7692307692307693,3,1,0.1,8666667.503347509,0.2,1,2,0.27,0.3,3000,3000,1,0.8673469387755102,0.8,0.2,0.2,1,False,False,False,True,1e-07,0.9,-0.6666667333333335
0.37809939313348434,0.030550348070503545,7.721490295863463,2.2911983601210872,0.12710623221145706,0.7692307692307693,3,1,0.1,8666667.503347509,0.2,1,2,0.27,0.3,3000,3000,1,0.8979591836734694,0.8,0.2,0.2,1,False,False,False,True,1e-07,0.9,-0.6666667333333335
0.3913372161864479,0.03147872029356554,7.725706615275498,2.2571360162141136,0.12353663528516629,0.7692307692307693,3,1,0.1,8666667.503347509,0.2,1,2,0.27,0.3,3000,3000,1,0.9285714285714286,0.8,0.2,0.2,1,False,False,False,True,1e-07,0.9,-0.6666667333333335
0.40415383164300195,0.032369436191740736,7.73384064741772,2.224167458613195,0.12010975149554554,0.7692307692307693,3,1,0.1,8666667.503347509,0.2,1,2,0.27,0.3,3000,3000,1,0.9591836734693877,0.8,0.2,0.2,1,False,False,False,True,1e-07,0.9,-0.6666667333333335
0.4165495547342546,0.03322339372576779,7.745916563903028,2.19228999241135,0.11682234522897884,0.7692307692307693,3,1,0.1,8666667.503347509,0.2,1,2,0.27,0.3,3000,3000,1,0.9897959183673469,0.8,0.2,0.2,1,False,False,False,True,1e-07,0.9,-0.6666667333333335
0.42852711475907046,0.03404161134136634,7.761947670076014,2.16149490119284,0.11367070575750698,0.7692307692307693,3,1,0.1,8666667.503347509,0.2,1,2,0.27,0.3,3000,3000,1,1.0204081632653061,0.8,0.2,0.2,1,False,False,False,True,1e-07,0.9,-0.6666667333333335
0.4400912697250698,0.0348251969014383,7.781937977164417,2.1317684380356554,0.1106507656808002,0.7692307692307693,3,1,0.1,8666667.503347509,0.2,1,2,0.27,0.3,3000,3000,1,1.0510204081632653,0.8,0.2,0.2,1,False,False,False,True,1e-07,0.9,-0.6666667333333335
0.4512484613502022,0.03557532136296052,7.805883624212995,2.103092708195339,0.10775820159935467,0.7692307692307693,3,1,0.1,8666667.503347509,0.2,1,2,0.27,0.3,3000,3000,1,1.0816326530612246,0.8,0.2,0.2,1,False,False,False,True,1e-07,0.9,-0.6666667333333335
0.4620065085744515,0.03629319667838979,7.833774152824271,2.075446449374102,0.10498851892167153,0.7692307692307693,3,1,0.1,8666667.503347509,0.2,1,2,0.27,0.3,3000,3000,1,1.1122448979591837,0.8,0.2,0.2,1,False,False,False,True,1e-07,0.9,-0.6666667333333335
0.4723743372460757,0.036980057419387355,7.865593640591399,2.048805716558207,0.10233712265208611,0.7692307692307693,3,1,0.1,8666667.503347509,0.2,1,2,0.27,0.3,3000,3000,1,1.1428571428571428,0.8,0.2,0.2,1,False,False,False,True,1e-07,0.9,-0.6666667333333335
0.48236174335150533,0.0376371456503332,7.9013217011085075,2.0231444790022253,0.09979937590465589,0.7692307692307693,3,1,0.1,8666667.503347509,0.2,1,2,0.27,0.3,3000,3000,1,1.1734693877551021,0.8,0.2,0.2,1,False,False,False,True,1e-07,0.9,-0.6666667333333335
0.49197918701162463,0.03826569861568206,7.940934359743774,1.9984351371680786,0.09737064775946866,0.7692307692307693,3,1,0.1,8666667.503347509,0.2,1,2,0.27,0.3,3000,3000,1,1.2040816326530612,0.8,0.2,0.2,1,False,False,False,True,1e-07,0.9,-0.6666667333333335
0.5012376144333823,0.03886693884528265,7.984404815094563,1.9746489673799257,0.09504635193436706,0.7692307692307693,3,1,0.1,8666667.503347509,0.2,1,2,0.27,0.3,3000,3000,1,1.2346938775510203,0.8,0.2,0.2,1,False,False,False,True,1e-07,0.9,-0.6666667333333335
0.5101483050546821,0.03944206632278123,8.031704096332316,1.951756501711609,0.09282197759688154,0.7692307692307693,3,1,0.1,8666667.503347509,0.2,1,2,0.27,0.3,3000,3000,1,1.2653061224489797,0.8,0.2,0.2,1,False,False,False,True,1e-07,0.9,-0.6666667333333335
0.5187227412290503,0.03999225240237908,8.08280162660103,1.9297278502447381,0.09069311349478182,0.7692307692307693,3,1,0.1,8666667.503347509,0.2,1,2,0.27,0.3,3000,3000,1,1.2959183673469388,0.8,0.2,0.2,1,False,False,False,True,1e-07,0.9,-0.6666667333333335
0.5269724979445743,0.04051863519740733,8.137665702338985,1.9085329723716205,0.08865546644384356,0.7692307692307693,3,1,0.1,8666667.503347509,0.2,1,2,0.27,0.3,3000,3000,1,1.3265306122448979,0.8,0.2,0.2,1,False,False,False,True,1e-07,0.9,-0.6666667333333335
0.5349091502438584,0.04102231619965821,8.19626389792038,1.8881419033013986,0.08670487508076158,0.7692307692307693,3,1,0.1,8666667.503347509,0.2,1,2,0.27,0.3,3000,3000,1,1.3571428571428572,0.8,0.2,0.2,1,False,False,False,True,1e-07,0.9,-0.6666667333333335
0.5425441961975195,0.04150435792081238,8.25856340442907,1.868524941396279,0.08483731966933723,0.7692307692307693,3,1,0.1,8666667.503347509,0.2,1,2,0.27,0.3,3000,3000,1,1.3877551020408163,0.8,0.2,0.2,1,False,False,False,True,1e-07,0.9,-0.6666667333333335
0.5498889934730656,0.04196578237650177,8.324531310717536,1.8496528014300706,0.08304892863979504,0.7692307692307693,3,1,0.1,8666667.503347509,0.2,1,2,0.27,0.3,3000,3000,1,1.4183673469387754,0.8,0.2,0.2,1,False,False,False,True,1e-07,0.9,-0.6666667333333335
0.556954707728821,0.04240757025952206,8.39413483421341,1.831496738344547,0.08133598244423505,0.7692307692307693,3,1,0.1,8666667.503347509,0.2,1,2,0.27,0.3,3000,3000,1,1.4489795918367347,0.8,0.2,0.2,1,False,False,False,True,1e-07,0.9,-0.6666667333333335
0.563752271243122,0.04283066067165849,8.467341508238231,1.8140286455861472,0.07969491522562437,0.7692307692307693,3,1,0.1,8666667.503347509,0.2,1,2,0.27,0.3,3000,3000,1,1.4795918367346939,0.8,0.2,0.2,1,False,False,False,True,1e-07,0.9,-0.6666667333333335
0.5702923503606045,0.043235951303645305,8.544119331917912,1.7972211316450857,0.0781223147224871,0.7692307692307693,3,1,0.1,8666667.503347509,0.2,1,2,0.27,0.3,3000,3000,1,1.510204081632653,0.8,0.2,0.2,1,False,False,False,True,1e-07,0.9,-0.6666667333333335
0.5765853204967408,0.04362429897022422,8.62443688811045,1.7810475779937045,0.0766149207659323,0.7692307692307693,3,1,0.1,8666667.503347509,0.2,1,2,0.27,0.3,3000,3000,1,1.5408163265306123,0.8,0.2,0.2,1,False,False,False,True,1e-07,0.9,-0.6666667333333335
0.582641247589839,0.043996520422343324,8.70826343415459,1.7654821812313575,0.07516962266881493,0.7692307692307693,3,1,0.1,8666667.503347509,0.2,1,2,0.27,0.3,3000,3000,1,1.5714285714285714,0.8,0.2,0.2,1,False,False,False,True,1e-07,0.9,-0.6666667333333335
0.5884698750235436,0.0443533933714756,8.795568969673775,1.750499981892594,0.07378345575790082,0.7692307692307693,3,1,0.1,8666667.503347509,0.2,1,2,0.27,0.3,3000,3000,1,1.6020408163265305,0.8,0.2,0.2,1,False,False,False,True,1e-07,0.9,-0.6666667333333335
0.5940806151650698,0.04469565767213246,8.886324285126676,1.7360768820540082,0.07245359725790816,0.7692307692307693,3,1,0.1,8666667.503347509,0.2,1,2,0.27,0.3,3000,3000,1,1.6326530612244898,0.8,0.2,0.2,1,False,False,False,True,1e-07,0.9,-0.6666667333333335
0.5994825447741711,0.045024016618069186,8.980500994356953,1.7221896536051797,0.07117736170044787,0.7692307692307693,3,1,0.1,8666667.503347509,0.2,1,2,0.27,0.3,3000,3000,1,1.663265306122449,0.8,0.2,0.2,1,False,False,False,True,1e-07,0.9,-0.6666667333333335
0.6046844036350794,0.04533913831567743,9.07807155388252,1.7088159387737547,0.0699521960003527,0.7692307692307693,3,1,0.1,8666667.503347509,0.2,1,2,0.27,0.3,3000,3000,1,1.693877551020408,0.8,0.2,0.2,1,False,False,False,True,1e-07,0.9,-0.6666667333333335
0.6096945958517882,0.045641657104830216,9.179009271373817,1.695934244302173,0.06877567431607784,0.7692307692307693,3,1,0.1,8666667.503347509,0.2,1,2,0.27,0.3,3000,3000,1,1.7244897959183674,0.8,0.2,0.2,1,False,False,False,True,1e-07,0.9,-0.6666667333333335
0.6145211933231961,0.04593217500313216,9.283288305354029,1.6835239304548446,0.06764549278903383,0.7692307692307693,3,1,0.1,8666667.503347509,0.2,1,2,0.27,0.3,3000,3000,1,1.7551020408163265,0.8,0.2,0.2,1,False,False,False,True,1e-07,0.9,-0.6666667333333335
0.6191719409829362,0.04621126315428785,9.39088365786882,1.6715651958740763,0.0665594642383003,0.7692307692307693,3,1,0.1,8666667.503347509,0.2,1,2,0.27,0.3,3000,3000,1,1.7857142857142856,0.8,0.2,0.2,1,False,False,False,True,1e-07,0.9,-0.6666667333333335
0.6236542634486526,0.04647946326531883,9.501771161635999,1.6600390591514835,0.06551551287188896,0.7692307692307693,3,1,0.1,8666667.503347509,0.2,1,2,0.27,0.3,3000,3000,1,1.816326530612245,0.8,0.2,0.2,1,False,False,False,True,1e-07,0.9,-0.6666667333333335
0.6279752727770883,0.0467372890206431,9.615927462897295,1.6489273378495257,0.06451166906272562,0.7692307692307693,3,1,0.1,8666667.503347509,0.2,1,2,0.27,0.3,3000,3000,1,1.846938775510204,0.8,0.2,0.2,1,False,False,False,True,1e-07,0.9,-0.6666667333333335
0.632141777067482,0.04698522746382236,9.733330001044777,1.6382126255968334,0.06354606422697105,0.7692307692307693,3,1,0.1,8666667.503347509,0.2,1,2,0.27,0.3,3000,3000,1,1.8775510204081631,0.8,0.2,0.2,1,False,False,False,True,1e-07,0.9,-0.6666667333333335
0.6361602896950517,0.0472237403400252,9.853956985880208,1.6278782677813597,0.06261692583328654,0.7692307692307693,3,1,0.1,8666667.503347509,0.2,1,2,0.27,0.3,3000,3000,1,1.9081632653061225,0.8,0.2,0.2,1,False,False,False,True,1e-07,0.9,-0.6666667333333335
0.6400370389905562,0.047453265394144746,9.977787373238368,1.6179083362809488,0.061722572564455326,0.7692307692307693,3,1,0.1,8666667.503347509,0.2,1,2,0.27,0.3,3000,3000,1,1.9387755102040816,0.8,0.2,0.2,1,False,False,False,True,1e-07,0.9,-0.6666667333333335
0.6437779782123296,0.04767421762103718,10.10480083955738,1.6082876035994027,0.060861409646675343,0.7692307692307693,3,1,0.1,8666667.503347509,0.2,1,2,0.27,0.3,3000,3000,1,1.9693877551020407,0.8,0.2,0.2,1,False,False,False,True,1e-07,0.9,-0.6666667333333335
0.647388795681766,0.04788699046558303,10.23497775589909,1.599001516711027,0.060031924356954355,0.7692307692307693,3,1,0.1,8666667.503347509,0.2,1,2,0.27,0.3,3000,3000,1,2.0,0.8,0.2,0.2,1,False,False,False,True,1e-07,0.9,-0.6666667333333335
0.15822096139092398,0.018505966285697797,8.532453976812134,1.7674161188200899,0.09738643867969185,0.7692307692307692,3,1,0.1,13000001.281748857,0.3,1,2,0.27,0.3,3000,3000,1,0.5,0.8,0.3,0.3,1,False,False,False,True,1e-07,0.9,-1.0000001
0.1733973352583414,0.020128114645470038,8.510728748555502,1.745282206918191,0.09327083025661809,0.7692307692307692,3,1,0.1,13000001.281748857,0.3,1,2,0.27,0.3,3000,3000,1,0.5306122448979592,0.8,0.3,0.3,1,False,False,False,True,1e-07,0.9,-1.0000001
0.18861287185496162,0.021729302190688436,8.490931849911249,1.723156229909778,0.08920545220488203,0.7692307692307692,3,1,0.1,13000001.281748857,0.3,1,2,0.27,0.3,3000,3000,1,0.5612244897959183,0.8,0.3,0.3,1,False,False,False,True,1e-07,0.9,-1.0000001
0.20379641022109396,0.02330242871301271,8.473358788038576,1.7011409687184498,0.08520838365412052,0.7692307692307692,3,1,0.1,13000001.281748857,0.3,1,2,0.27,0.3,3000,3000,1,0.5918367346938775,0.8,0.3,0.3,1,False,False,False,True,1e-07,0.9,-1.0000001
0.2188846928614855,0.024841648337304918,8.4582788721596,1.6793265836741522,0.08129456921042685,0.7692307692307692,3,1,0.1,13000001.281748857,0.3,1,2,0.27,0.3,3000,3000,1,0.6224489795918368,0.8,0.3,0.3,1,False,False,False,True,1e-07,0.9,-1.0000001
0.23382218453110468,0.02634226741476327,8.445935178878145,1.657791084224647,0.07747606804228062,0.7692307692307692,3,1,0.1,13000001.281748857,0.3,1,2,0.27,0.3,3000,3000,1,0.653061224489796,0.8,0.3,0.3,1,False,False,False,True,1e-07,0.9,-1.0000001
0.24856076416929265,0.02780063285915818,8.436545026528197,1.6366009778234183,0.07376232773225735,0.7692307692307692,3,1,0.1,13000001.281748857,0.3,1,2,0.27,0.3,3000,3000,1,0.6836734693877551,0.8,0.3,0.3,1,False,False,False,True,1e-07,0.9,-1.0000001
0.26305932240012025,0.029214016873407217,8.430300857168724,1.6158120436047516,0.07016046810206197,0.7692307692307692,3,1,0.1,13000001.281748857,0.3,1,2,0.27,0.3,3000,3000,1,0.7142857142857143,0.8,0.3,0.3,1,False,False,False,True,1e-07,0.9,-1.0000001
0.27728329335581114,0.03058050268171845,8.427371431199704,1.595470184092778,0.06667556348309205,0.7692307692307692,3,1,0.1,13000001.281748857,0.3,1,2,0.27,0.3,3000,3000,1,0.7448979591836735,0.8,0.3,0.3,1,False,False,False,True,1e-07,0.9,-1.0000001
0.29120414554077756,0.03189887467074262,8.427903248460272,1.5756123160721585,0.06331091488411328,0.7692307692307692,3,1,0.1,13000001.281748857,0.3,1,2,0.27,0.3,3000,3000,1,0.7755102040816326,0.8,0.3,0.3,1,False,False,False,True,1e-07,0.9,-1.0000001
0.30479885235257964,0.0331685152937557,8.432022120010336,1.556267269357242,0.0600683060958139,0.7692307692307692,3,1,0.1,13000001.281748857,0.3,1,2,0.27,0.3,3000,3000,1,0.8061224489795918,0.8,0.3,0.3,1,False,False,False,True,1e-07,0.9,-1.0000001
0.318049358942601,0.03438931022075706,8.439834825769037,1.5374566692055227,0.056948239927622504,0.7692307692307692,3,1,0.1,13000001.281748857,0.3,1,2,0.27,0.3,3000,3000,1,0.8367346938775511,0.8,0.3,0.3,1,False,False,False,True,1e-07,0.9,-1.0000001
0.3309420584805675,0.035561562522064605,8.451430804084023,1.519195784320265,0.053950152499239075,0.7692307692307692,3,1,0.1,13000001.281748857,0.3,1,2,0.27,0.3,3000,3000,1,0.8673469387755102,0.8,0.3,0.3,1,False,False,False,True,1e-07,0.9,-1.0000001
0.34346728767235485,0.036685916139400344,8.466883829687763,1.5014943277066837,0.05107260484063232,0.7692307692307692,3,1,0.1,13000001.281748857,0.3,1,2,0.27,0.3,3000,3000,1,0.8979591836734694,0.8,0.3,0.3,1,False,False,False,True,1e-07,0.9,-1.0000001
0.3556188486062147,0.037763288506200456,8.486253646024723,1.4843572020697517,0.04831345203866198,0.7692307692307692,3,1,0.1,13000001.281748857,0.3,1,2,0.27,0.3,3000,3000,1,0.9285714285714286,0.8,0.3,0.3,1,False,False,False,True,1e-07,0.9,-1.0000001
0.3673935616716023,0.038794811905061885,8.509587526418214,1.4677851850222001,0.04566999086103393,0.7692307692307692,3,1,0.1,13000001.281748857,0.3,1,2,0.27,0.3,3000,3000,1,0.9591836734693877,0.8,0.3,0.3,1,False,False,False,True,1e-07,0.9,-1.0000001
0.3787908523854798,0.03978178297217573,8.536921745906483,1.4517755521865254,0.04313908724410769,0.7692307692307692,3,1,0.1,13000001.281748857,0.3,1,2,0.27,0.3,3000,3000,1,0.9897959183673469,0.8,0.3,0.3,1,False,False,False,True,1e-07,0.9,-1.0000001
0.3898123734365721,0.04072561965536563,8.568282951800601,1.436322638421351,0.04071728530106544,0.7692307692307692,3,1,0.1,13000001.281748857,0.3,1,2,0.27,0.3,3000,3000,1,1.0204081632653061,0.8,0.3,0.3,1,False,False,False,True,1e-07,0.9,-1.0000001
0.40046166207412215,0.04162782488562721,8.603689426160624,1.4214183389803523,0.038400899635924066,0.7692307692307692,3,1,0.1,13000001.281748857,0.3,1,2,0.27,0.3,3000,3000,1,1.0510204081632653,0.8,0.3,0.3,1,False,False,False,True,1e-07,0.9,-1.0000001
0.41074383207634235,0.04248995621649229,8.643152237516084,1.4070525535193419,0.036186092774601976,0.7692307692307692,3,1,0.1,13000001.281748857,0.3,1,2,0.27,0.3,3000,3000,1,1.0816326530612246,0.8,0.3,0.3,1,False,False,False,True,1e-07,0.9,-1.0000001
0.42066529888886195,0.04331360070857402,8.686676282402896,1.3932135765945506,0.03406893947748058,0.7692307692307692,3,1,0.1,13000001.281748857,0.3,1,2,0.27,0.3,3000,3000,1,1.1122448979591837,0.8,0.3,0.3,1,False,False,False,True,1e-07,0.9,-1.0000001
0.43023353608049847,0.044100354378484134,8.73426121974135,1.3798884387222596,0.03204547960303515,0.7692307692307692,3,1,0.1,13000001.281748857,0.3,1,2,0.27,0.3,3000,3000,1,1.1428571428571428,0.8,0.3,0.3,1,False,False,False,True,1e-07,0.9,-1.0000001
0.4394568609835797,0.0448518055843775,8.785902302870927,1.3670632022658582,0.03011176106786518,0.7692307692307692,3,1,0.1,13000001.281748857,0.3,1,2,0.27,0.3,3000,3000,1,1.1734693877551021,0.8,0.3,0.3,1,False,False,False,True,1e-07,0.9,-1.0000001
0.44834424723400346,0.04556952177909043,8.841591115287597,1.3547232164402945,0.028263874308818628,0.7692307692307692,3,1,0.1,13000001.281748857,0.3,1,2,0.27,0.3,3000,3000,1,1.2040816326530612,0.8,0.3,0.3,1,False,False,False,True,1e-07,0.9,-1.0000001
0.45690516187250174,0.04625503912216185,8.90131621691797,1.3428533356211736,0.026497979508003314,0.7692307692307692,3,1,0.1,13000001.281748857,0.3,1,2,0.27,0.3,3000,3000,1,1.2346938775510203,0.8,0.3,0.3,1,False,False,False,True,1e-07,0.9,-1.0000001
0.4651494246887046,0.04690985450116444,8.965063708157702,1.3314381049577577,0.02481032769834627,0.7692307692307692,3,1,0.1,13000001.281748857,0.3,1,2,0.27,0.3,3000,3000,1,1.2653061224489797,0.8,0.3,0.3,1,False,False,False,True,1e-07,0.9,-1.0000001
0.4730870875625219,0.04753541956895004,9.03281771906039,1.3204619170428469,0.023197276730788936,0.7692307692307692,3,1,0.1,13000001.281748857,0.3,1,2,0.27,0.3,3000,3000,1,1.2959183673469388,0.8,0.3,0.3,1,False,False,False,True,1e-07,0.9,-1.0000001
0.48072833166804085,0.04813313645545262,9.104560830958828,1.309909143114857,0.02165530295690112,0.7692307692307692,3,1,0.1,13000001.281748857,0.3,1,2,0.27,0.3,3000,3000,1,1.3265306122448979,0.8,0.3,0.3,1,False,False,False,True,1e-07,0.9,-1.0000001
0.4880833805381022,0.04870435486008891,9.180274437559637,1.2997642419715658,0.020181009364468688,0.7692307692307692,3,1,0.1,13000001.281748857,0.3,1,2,0.27,0.3,3000,3000,1,1.3571428571428572,0.8,0.3,0.3,1,False,False,False,True,1e-07,0.9,-1.0000001
0.4951624271362563,0.04925037027328134,9.259939052221375,1.2900118494798467,0.018771130798823914,0.7692307692307692,3,1,0.1,13000001.281748857,0.3,1,2,0.27,0.3,3000,3000,1,1.3877551020408163,0.8,0.3,0.3,1,False,False,False,True,1e-07,0.9,-1.0000001
0.5019755732359183,0.049772423113320134,9.343534567654032,1.2806368512741153,0.017422536809630938,0.7692307692307692,3,1,0.1,13000001.281748857,0.3,1,2,0.27,0.3,3000,3000,1,1.4183673469387754,0.8,0.3,0.3,1,False,False,False,True,1e-07,0.9,-1.0000001
0.5085327795603314,0.05027169859785057,9.431040473857987,1.2716244409589132,0.016132232580755697,0.7692307692307692,3,1,0.1,13000001.281748857,0.3,1,2,0.27,0.3,3000,3000,1,1.4489795918367347,0.8,0.3,0.3,1,False,False,False,True,1e-07,0.9,-1.0000001
0.5148438252882453,0.05074932719804524,9.522436039597677,1.2629601658722005,0.0148973583292476,0.7692307692307692,3,1,0.1,13000001.281748857,0.3,1,2,0.27,0.3,3000,3000,1,1.4795918367346939,0.8,0.3,0.3,1,False,False,False,True,1e-07,0.9,-1.0000001
0.5209182756718064,0.05120638554841806,9.61770046221632,1.2546299622221055,0.013715187497364433,0.7692307692307692,3,1,0.1,13000001.281748857,0.3,1,2,0.27,0.3,3000,3000,1,1.510204081632653,0.8,0.3,0.3,1,False,False,False,True,1e-07,0.9,-1.0000001
0.526765456650621,0.051643897706592584,9.716812990131057,1.2466201811931181,0.012583124008062666,0.7692307692307692,3,1,0.1,13000001.281748857,0.3,1,2,0.27,0.3,3000,3000,1,1.5408163265306123,0.8,0.3,0.3,1,False,False,False,True,1e-07,0.9,-1.0000001
0.5323944354698362,0.05206283667559646,9.81975302187057,1.2389176074144874,0.011498698808568695,0.7692307692307692,3,1,0.1,13000001.281748857,0.3,1,2,0.27,0.3,3000,3000,1,1.5714285714285714,0.8,0.3,0.3,1,False,False,False,True,1e-07,0.9,-1.0000001
0.5378140064258788,0.05246412611675612,9.926500185091355,1.2315094710056615,0.010459565887558076,0.7692307692307692,3,1,0.1,13000001.281748857,0.3,1,2,0.27,0.3,3000,3000,1,1.6020408163265305,0.8,0.3,0.3,1,False,False,False,True,1e-07,0.9,-1.0000001
0.5430326809697105,0.05284864219439129,10.03703439860646,1.2243834542536973,0.009463497918338974,0.7692307692307692,3,1,0.1,13000001.281748857,0.3,1,2,0.27,0.3,3000,3000,1,1.6326530612244898,0.8,0.3,0.3,1,False,False,False,True,1e-07,0.9,-1.0000001
0.5480586814899957,0.05321721550454801,10.151335920061099,1.21752769382918,0.00850838165239599,0.7692307692307692,3,1,0.1,13000001.281748857,0.3,1,2,0.27,0.3,3000,3000,1,1.663265306122449,0.8,0.3,0.3,1,False,False,False,True,1e-07,0.9,-1.0000001
0.5528999381895907,0.05357063304930402,10.269385381616225,1.210930779333892,0.007592213164129023,0.7692307692307692,3,1,0.1,13000001.281748857,0.3,1,2,0.27,0.3,3000,3000,1,1.693877551020408,0.8,0.3,0.3,1,False,False,False,True,1e-07,0.9,-1.0000001
0.5575640885383208,0.05390964022589411,10.391163815605598,1.2045817488454948,0.006713093027808864,0.7692307692307692,3,1,0.1,13000001.281748857,0.3,1,2,0.27,0.3,3000,3000,1,1.7244897959183674,0.8,0.3,0.3,1,False,False,False,True,1e-07,0.9,-1.0000001
0.5620584788592894,0.054234942806369556,10.516652671932267,1.1984700820416314,0.005869221491283524,0.7692307692307692,3,1,0.1,13000001.281748857,0.3,1,2,0.27,0.3,3000,3000,1,1.7551020408163265,0.8,0.3,0.3,1,False,False,False,True,1e-07,0.9,-1.0000001
0.5663901676631115,0.05454720888884066,10.645833828686454,1.1925856913933464,0.005058893697246503,0.7692307692307692,3,1,0.1,13000001.281748857,0.3,1,2,0.27,0.3,3000,3000,1,1.7857142857142856,0.8,0.3,0.3,1,False,False,False,True,1e-07,0.9,-1.0000001
0.5705659303988936,0.05484707080577085,10.778689597260978,1.1869189118461076,0.004280494991509134,0.7692307692307692,3,1,0.1,13000001.281748857,0.3,1,2,0.27,0.3,3000,3000,1,1.816326530612245,0.8,0.3,0.3,1,False,False,False,True,1e-07,0.9,-1.0000001
0.5745922653377753,0.055135126978393525,10.91520272305146,1.1814604893427847,0.0035324963482818795,0.7692307692307692,3,1,0.1,13000001.281748857,0.3,1,2,0.27,0.3,3000,3000,1,1.846938775510204,0.8,0.3,0.3,1,False,False,False,True,1e-07,0.9,-1.0000001
0.5784754003454219,0.05541194370931538,11.055356382651668,1.1762015684861988,0.0028134499348154113,0.7692307692307692,3,1,0.1,13000001.281748857,0.3,1,2,0.27,0.3,3000,3000,1,1.8775510204081631,0.8,0.3,0.3,1,False,False,False,True,1e-07,0.9,-1.0000001
0.5822213003370977,0.055678056907760114,11.19913417833271,1.1711336795931535,0.002121984831417083,0.7692307692307692,3,1,0.1,13000001.281748857,0.3,1,2,0.27,0.3,3000,3000,1,1.9081632653061225,0.8,0.3,0.3,1,False,False,False,True,1e-07,0.9,-1.0000001
0.5858356752382222,0.05593397374385072,11.346520130412323,1.1662487253472473,0.0014568029176888198,0.7692307692307692,3,1,0.1,13000001.281748857,0.3,1,2,0.27,0.3,3000,3000,1,1.9387755102040816,0.8,0.3,0.3,1,False,False,False,True,1e-07,0.9,-1.0000001
0.5893239883036032,0.056180174229932656,11.497498668109312,1.1615389672271477,0.0008166749318098398,0.7692307692307692,3,1,0.1,13000001.281748857,0.3,1,2,0.27,0.3,3000,3000,1,1.9693877551020407,0.8,0.3,0.3,1,False,False,False,True,1e-07,0.9,-1.0000001
0.5926914646691436,0.056417112728126814,11.652054619267265,1.1569970118517046,0.00020043670621237622,0.7692307692307692,3,1,0.1,13000001.281748857,0.3,1,2,0.27,0.3,3000,3000,1,2.0,0.8,0.3,0.3,1,False,False,False,True,1e-07,0.9,-1.0000001
0.14845912497910024,0.019880997506715507,8.681538991474113,1.2723277143746825,0.06161369247020787,0.7692307692307693,3,1,0.1,17333335.006695017,0.4,1,2,0.27,0.3,3000,3000,1,0.5,0.8,0.4,0.4,1,False,False,False,True,1e-07,0.9,-1.333333466666667
0.1626584279756741,0.021604184564239647,8.663526603491672,1.2580372818463605,0.05833272343689853,0.7692307692307693,3,1,0.1,17333335.006695017,0.4,1,2,0.27,0.3,3000,3000,1,0.5306122448979592,0.8,0.4,0.4,1,False,False,False,True,1e-07,0.9,-1.333333466666667
0.17688793289491017,0.023301992185615746,8.647520360142336,1.2437773073912732,0.05509777274329811,0.7692307692307693,3,1,0.1,17333335.006695017,0.4,1,2,0.27,0.3,3000,3000,1,0.5612244897959183,0.8,0.4,0.4,1,False,False,False,True,1e-07,0.9,-1.333333466666667
0.19108120785800492,0.024967024199706502,8.633804121566175,1.2296136697955737,0.0519229768741537,0.7692307692307693,3,1,0.1,17333335.006695017,0.4,1,2,0.27,0.3,3000,3000,1,0.5918367346938775,0.8,0.4,0.4,1,False,False,False,True,1e-07,0.9,-1.333333466666667
0.20517930346520066,0.02659326030190527,8.622637141104562,1.2156036990362948,0.048819889415522136,0.7692307692307693,3,1,0.1,17333335.006695017,0.4,1,2,0.27,0.3,3000,3000,1,0.6224489795918368,0.8,0.4,0.4,1,False,False,False,True,1e-07,0.9,-1.333333466666667
0.21913056161060715,0.02817593473721727,8.61425402715759,1.2017965615406463,0.04579770413925394,0.7692307692307693,3,1,0.1,17333335.006695017,0.4,1,2,0.27,0.3,3000,3000,1,0.653061224489796,0.8,0.4,0.4,1,False,False,False,True,1e-07,0.9,-1.333333466666667
0.23289030783701728,0.029711406344246512,8.60886517838635,1.1882337565708099,0.04286349500185792,0.7692307692307693,3,1,0.1,17333335.006695017,0.4,1,2,0.27,0.3,3000,3000,1,0.6836734693877551,0.8,0.4,0.4,1,False,False,False,True,1e-07,0.9,-1.333333466666667
0.24642045793109726,0.031197026453495962,8.606657597476769,1.1749496863274906,0.040022460916370475,0.7692307692307693,3,1,0.1,17333335.006695017,0.4,1,2,0.27,0.3,3000,3000,1,0.7142857142857143,0.8,0.4,0.4,1,False,False,False,True,1e-07,0.9,-1.333333466666667
0.25968906577844647,0.03263100957232169,8.607795994991557,1.1619722682216365,0.03727816603715421,0.7692307692307693,3,1,0.1,17333335.006695017,0.4,1,2,0.27,0.3,3000,3000,1,0.7448979591836735,0.8,0.4,0.4,1,False,False,False,True,1e-07,0.9,-1.333333466666667
0.2726698355351668,0.034012310397394614,8.612424103472438,1.149323563608292,0.034632768872595254,0.7692307692307693,3,1,0.1,17333335.006695017,0.4,1,2,0.27,0.3,3000,3000,1,0.7755102040816326,0.8,0.4,0.4,1,False,False,False,True,1e-07,0.9,-1.333333466666667
0.285341617210807,0.03534050951310647,8.620666131684898,1.1370204027670496,0.03208723573484224,0.7692307692307693,3,1,0.1,17333335.006695017,0.4,1,2,0.27,0.3,3000,3000,1,0.8061224489795918,0.8,0.4,0.4,1,False,False,False,True,1e-07,0.9,-1.333333466666667
0.29768790100477555,0.036615709171060745,8.632628299182919,1.1250749908545083,0.029641535828534852,0.7692307692307693,3,1,0.1,17333335.006695017,0.4,1,2,0.27,0.3,3000,3000,1,0.8367346938775511,0.8,0.4,0.4,1,False,False,False,True,1e-07,0.9,-1.333333466666667
0.3096963223198648,0.03783843979198424,8.648400401491772,1.1134954838359254,0.027294816688405322,0.7692307692307693,3,1,0.1,17333335.006695017,0.4,1,2,0.27,0.3,3000,3000,1,0.8673469387755102,0.8,0.4,0.4,1,False,False,False,True,1e-07,0.9,-1.333333466666667
0.3213581863639905,0.03900957726561259,8.668057365794496,1.102286526999138,0.025045559736981,0.7692307692307693,3,1,0.1,17333335.006695017,0.4,1,2,0.27,0.3,3000,3000,1,0.8979591836734694,0.8,0.4,0.4,1,False,False,False,True,1e-07,0.9,-1.333333466666667
0.3326680186704675,0.040130270719163835,8.691660765776804,1.091449751585476,0.022891716497621076,0.7692307692307693,3,1,0.1,17333335.006695017,0.4,1,2,0.27,0.3,3000,3000,1,0.9285714285714286,0.8,0.4,0.4,1,False,False,False,True,1e-07,0.9,-1.333333466666667
0.3436231457125645,0.04120188015226934,8.719260272072807,1.080984227392354,0.020830826517097036,0.7692307692307693,3,1,0.1,17333335.006695017,0.4,1,2,0.27,0.3,3000,3000,1,0.9591836734693877,0.8,0.4,0.4,1,False,False,False,True,1e-07,0.9,-1.333333466666667
0.35422330803412655,0.042225923168266025,8.750895021499293,1.0708868709838406,0.018860118375923315,0.7692307692307693,3,1,0.1,17333335.006695017,0.4,1,2,0.27,0.3,3000,3000,1,0.9897959183673469,0.8,0.4,0.4,1,False,False,False,True,1e-07,0.9,-1.333333466666667
0.364470306926092,0.04320402994402769,8.786594893969838,1.061152810465073,0.016976595338876087,0.7692307692307693,3,1,0.1,17333335.006695017,0.4,1,2,0.27,0.3,3000,3000,1,1.0204081632653061,0.8,0.4,0.4,1,False,False,False,True,1e-07,0.9,-1.333333466666667
0.37436768460383096,0.04413790555200642,8.826381690678199,1.0517757087119732,0.015177107261185437,0.7692307692307693,3,1,0.1,17333335.006695017,0.4,1,2,0.27,0.3,3000,3000,1,1.0510204081632653,0.8,0.4,0.4,1,False,False,False,True,1e-07,0.9,-1.333333466666667
0.3839204370376112,0.04502929876160217,8.87027021093704,1.0427480475733395,0.013458410349781262,0.7692307692307693,3,1,0.1,17333335.006695017,0.4,1,2,0.27,0.3,3000,3000,1,1.0816326530612246,0.8,0.4,0.4,1,False,False,False,True,1e-07,0.9,-1.333333466666667
0.39313475801147746,0.045879976488591066,8.918269228024524,1.0340613759402548,0.01181721630916115,0.7692307692307693,3,1,0.1,17333335.006695017,0.4,1,2,0.27,0.3,3000,3000,1,1.1122448979591837,0.8,0.4,0.4,1,False,False,False,True,1e-07,0.9,-1.333333466666667
0.40201781259567154,0.04669170312051108,8.970382366656521,1.0257065247683692,0.01025023229779144,0.7692307692307693,3,1,0.1,17333335.006695017,0.4,1,2,0.27,0.3,3000,3000,1,1.1428571428571428,0.8,0.4,0.4,1,False,False,False,True,1e-07,0.9,-1.333333466666667
0.4105775379739786,0.04746622401461838,9.02660888634329,1.0176737921824661,0.008754192998271746,0.7692307692307693,3,1,0.1,17333335.006695017,0.4,1,2,0.27,0.3,3000,3000,1,1.1734693877551021,0.8,0.4,0.4,1,False,False,False,True,1e-07,0.9,-1.333333466666667
0.41882246944254004,0.048205252537559265,9.086944376047038,1.0099531017392929,0.007325885973763022,0.7692307692307693,3,1,0.1,17333335.006695017,0.4,1,2,0.27,0.3,3000,3000,1,1.2040816326530612,0.8,0.4,0.4,1,False,False,False,True,1e-07,0.9,-1.333333466666667
0.4267615893582511,0.048910460088114185,9.15138136627687,1.0025341367932248,0.005962171351897957,0.7692307692307693,3,1,0.1,17333335.006695017,0.4,1,2,0.27,0.3,3000,3000,1,1.2346938775510203,0.8,0.4,0.4,1,False,False,False,True,1e-07,0.9,-1.333333466666667
0.4344041968445036,0.049583468613684005,9.21990986516184,0.9954064537349092,0.004659996750900655,0.7692307692307693,3,1,0.1,17333335.006695017,0.4,1,2,0.27,0.3,3000,3000,1,1.2653061224489797,0.8,0.4,0.4,1,False,False,False,True,1e-07,0.9,-1.333333466666667
0.44175979613815824,0.05022584519582287,9.292517825179923,0.9885595766683896,0.003416408244028104,0.7692307692307693,3,1,0.1,17333335.006695017,0.4,1,2,0.27,0.3,3000,3000,1,1.2959183673469388,0.8,0.4,0.4,1,False,False,False,True,1e-07,0.9,-1.333333466666667
0.44883800157063897,0.05083909833920448,9.36919154716221,0.9819830758741037,0.0022285580496098404,0.7692307692307693,3,1,0.1,17333335.006695017,0.4,1,2,0.27,0.3,3000,3000,1,1.3265306122448979,0.8,0.4,0.4,1,False,False,False,True,1e-07,0.9,-1.333333466666667
0.45564845730618264,0.05142467565155091,9.449916027987536,0.9756666321847395,0.0010937095358001803,0.7692307692307693,3,1,0.1,17333335.006695017,0.4,1,2,0.27,0.3,3000,3000,1,1.3571428571428572,0.8,0.4,0.4,1,False,False,False,True,1e-07,0.9,-1.333333466666667
0.4622007701013467,0.051983962649207086,9.534675258073854,0.9696000891836389,9.240041691681235e-06,0.7692307692307693,3,1,0.1,17333335.006695017,0.4,1,2,0.27,0.3,3000,3000,1,1.3877551020408163,0.8,0.4,0.4,1,False,False,False,True,1e-07,0.9,-1.333333466666667
0.4685044534962759,0.052518282464454155,9.623452474395993,0.9637734949283082,-0.0010273580605591475,0.7692307692307693,3,1,0.1,17333335.006695017,0.4,1,2,0.27,0.3,3000,3000,1,1.4183673469387754,0.8,0.4,0.4,1,False,False,False,True,1e-07,0.9,-1.333333466666667
0.4745688819938701,0.05302889626668972,9.716230374340865,0.9581771347073044,-0.0020184777051650907,0.7692307692307693,3,1,0.1,17333335.006695017,0.4,1,2,0.27,0.3,3000,3000,1,1.4489795918367347,0.8,0.4,0.4,1,False,False,False,True,1e-07,0.9,-1.333333466666667
0.4804032539245654,0.0535170042407141,9.81299129527167,0.9528015561583913,-0.0029663985744675363,0.7692307692307693,3,1,0.1,17333335.006695017,0.4,1,2,0.27,0.3,3000,3000,1,1.4795918367346939,0.8,0.4,0.4,1,False,False,False,True,1e-07,0.9,-1.333333466666667
0.4860165618297295,0.053983746992045875,9.913717364230529,0.9476375879122424,-0.00387328939385921,0.7692307692307693,3,1,0.1,17333335.006695017,0.4,1,2,0.27,0.3,3000,3000,1,1.510204081632653,0.8,0.4,0.4,1,False,False,False,True,1e-07,0.9,-1.333333466666667
0.49141756932305514,0.0544302072719364,10.018390621776529,0.9426763527765009,-0.004741210873511854,0.7692307692307693,3,1,0.1,17333335.006695017,0.4,1,2,0.27,0.3,3000,3000,1,1.5408163265306123,0.8,0.4,0.4,1,False,False,False,True,1e-07,0.9,-1.333333466666667
0.496614793507322,0.054857411934056,10.126993123534449,0.9379092763421548,-0.005572119126950808,0.7692307692307693,3,1,0.1,17333335.006695017,0.4,1,2,0.27,0.3,3000,3000,1,1.5714285714285714,0.8,0.4,0.4,1,False,False,False,True,1e-07,0.9,-1.333333466666667
0.5016164921317838,0.05526633405109127,10.23950702263992,0.933328091775124,-0.006367869427351841,0.7692307692307693,3,1,0.1,17333335.006695017,0.4,1,2,0.27,0.3,3000,3000,1,1.6020408163265305,0.8,0.4,0.4,1,False,False,False,True,1e-07,0.9,-1.333333466666667
0.5064306547735374,0.05565789513318855,10.355914635893624,0.9289248414502758,-0.007130220188373881,0.7692307692307693,3,1,0.1,17333335.006695017,0.4,1,2,0.27,0.3,3000,3000,1,1.6326530612244898,0.8,0.4,0.4,1,False,False,False,True,1e-07,0.9,-1.333333466666667
0.5110649974157058,0.05603296740159545,10.476198496103521,0.9246918759931454,-0.0078608370781723,0.7692307692307693,3,1,0.1,17333335.006695017,0.4,1,2,0.27,0.3,3000,3000,1,1.663265306122449,0.8,0.4,0.4,1,False,False,False,True,1e-07,0.9,-1.333333466666667
0.5155269598745791,0.05639237608041542,10.600341392778061,0.9206218512122326,-0.008561297193401658,0.7692307692307693,3,1,0.1,17333335.006695017,0.4,1,2,0.27,0.3,3000,3000,1,1.693877551020408,0.8,0.4,0.4,1,False,False,False,True,1e-07,0.9,-1.333333466666667
0.5198237055996812,0.056736901677267075,10.728326403057022,0.9167077233344048,-0.009233093235205412,0.7692307692307693,3,1,0.1,17333335.006695017,0.4,1,2,0.27,0.3,3000,3000,1,1.7244897959183674,0.8,0.4,0.4,1,False,False,False,True,1e-07,0.9,-1.333333466666667
0.5239621234341323,0.057067282230183716,10.860136914511664,0.9129427428937892,-0.009877637641751438,0.7692307692307693,3,1,0.1,17333335.006695017,0.4,1,2,0.27,0.3,3000,3000,1,1.7551020408163265,0.8,0.4,0.4,1,False,False,False,True,1e-07,0.9,-1.333333466666667
0.5279488309788809,0.0573842155034615,10.995756641221647,0.9093204475708138,-0.010496266642236683,0.7692307692307693,3,1,0.1,17333335.006695017,0.4,1,2,0.27,0.3,3000,3000,1,1.7857142857142856,0.8,0.4,0.4,1,False,False,False,True,1e-07,0.9,-1.333333466666667
0.5317901792541779,0.0576883611195583,11.135169634334623,0.9058346542318108,-0.011090244205820192,0.7692307692307693,3,1,0.1,17333335.006695017,0.4,1,2,0.27,0.3,3000,3000,1,1.816326530612245,0.8,0.4,0.4,1,False,False,False,True,1e-07,0.9,-1.333333466666667
0.5354922583951911,0.057980342617721815,11.278360288139123,0.9024794503795435,-0.011660765865929056,0.7692307692307693,3,1,0.1,17333335.006695017,0.4,1,2,0.27,0.3,3000,3000,1,1.846938775510204,0.8,0.4,0.4,1,False,False,False,True,1e-07,0.9,-1.333333466666667
0.5390609041569866,0.0582607494329412,11.425313342524726,0.899249185190452,-0.012208962406039331,0.7692307692307693,3,1,0.1,17333335.006695017,0.4,1,2,0.27,0.3,3000,3000,1,1.8775510204081631,0.8,0.4,0.4,1,False,False,False,True,1e-07,0.9,-1.333333466666667
0.5425017050375581,0.05853013879112597,11.576013882568375,0.8961384602851661,-0.012735903397666429,0.7692307692307693,3,1,0.1,17333335.006695017,0.4,1,2,0.27,0.3,3000,3000,1,1.9081632653061225,0.8,0.4,0.4,1,False,False,False,True,1e-07,0.9,-1.333333466666667
0.5458200098566466,0.05878903751831082,11.730447335867252,0.8931421203533889,-0.013242600584948428,0.7692307692307693,3,1,0.1,17333335.006695017,0.4,1,2,0.27,0.3,3000,3000,1,1.9387755102040816,0.8,0.4,0.4,1,False,False,False,True,1e-07,0.9,-1.333333466666667
0.5490209356536586,0.05903794376313157,11.888599468139056,0.8902552437329658,-0.013730011113198291,0.7692307692307693,3,1,0.1,17333335.006695017,0.4,1,2,0.27,0.3,3000,3000,1,1.9693877551020407,0.8,0.4,0.4,1,False,False,False,True,1e-07,0.9,-1.333333466666667
0.5521093757893921,0.05927732863299545,12.05045637751519,0.8874731330240353,-0.014199040601091405,0.7692307692307693,3,1,0.1,17333335.006695017,0.4,1,2,0.27,0.3,3000,3000,1,2.0,0.8,0.4,0.4,1,False,False,False,True,1e-07,0.9,-1.333333466666667
0.1414611105228738,0.020251114044994148,8.449448681872731,0.9837148361990752,0.043002398516787235,0.7692307692307692,3,1,0.1,21666668.794005565,0.5,1,2,0.27,0.3,3000,3000,1,0.5,0.8,0.5,0.5,1,False,False,False,True,1e-07,0.9,-1.6666668333333334
0.15486779944247867,0.021991587618273696,8.425930408331268,0.9729521717107005,0.04034558454408108,0.7692307692307692,3,1,0.1,21666668.794005565,0.5,1,2,0.27,0.3,3000,3000,1,0.5306122448979592,0.8,0.5,0.5,1,False,False,False,True,1e-07,0.9,-1.6666668333333334
0.1682808448247107,0.023704126549810727,8.404349326727061,0.9622289366807951,0.037729673319377835,0.7692307692307692,3,1,0.1,21666668.794005565,0.5,1,2,0.27,0.3,3000,3000,1,0.5612244897959183,0.8,0.5,0.5,1,False,False,False,True,1e-07,0.9,-1.6666668333333334
0.18163745576486717,0.025381387540783545,8.38500683539403,0.9515944213637834,0.03516591494181061,0.7692307692307692,3,1,0.1,21666668.794005565,0.5,1,2,0.27,0.3,3000,3000,1,0.5918367346938775,0.8,0.5,0.5,1,False,False,False,True,1e-07,0.9,-1.6666668333333334
0.194882266553224,0.027017446639058713,8.368176903063922,0.9410912095112788,0.032663419889116405,0.7692307692307692,3,1,0.1,21666668.794005565,0.5,1,2,0.27,0.3,3000,3000,1,0.6224489795918368,0.8,0.5,0.5,1,False,False,False,True,1e-07,0.9,-1.6666668333333334
0.2079671019917135,0.028607666683742525,8.354106173273552,0.9307555218569241,0.030229355396314352,0.7692307692307692,3,1,0.1,21666668.794005565,0.5,1,2,0.27,0.3,3000,3000,1,0.653061224489796,0.8,0.5,0.5,1,False,False,False,True,1e-07,0.9,-1.6666668333333334
0.2208506326634959,0.030148557409160844,8.343014578700913,0.9206176407108227,0.027869153433499785,0.7692307692307692,3,1,0.1,21666668.794005565,0.5,1,2,0.27,0.3,3000,3000,1,0.6836734693877551,0.8,0.5,0.5,1,False,False,False,True,1e-07,0.9,-1.6666668333333334
0.23349795122009714,0.0316376348506797,8.335096357984893,0.910702385935416,0.025586720300423412,0.7692307692307692,3,1,0.1,21666668.794005565,0.5,1,2,0.27,0.3,3000,3000,1,0.7142857142857143,0.8,0.5,0.5,1,False,False,False,True,1e-07,0.9,-1.6666668333333334
0.24588009670464048,0.0330732850059353,8.330521375849342,0.9010296175789514,0.023384640364825238,0.7692307692307692,3,1,0.1,21666668.794005565,0.5,1,2,0.27,0.3,3000,3000,1,0.7448979591836735,0.8,0.5,0.5,1,False,False,False,True,1e-07,0.9,-1.6666668333333334
0.257973549679559,0.03445463522397839,8.329436657844273,0.8916147453299641,0.02126436867707259,0.7692307692307692,3,1,0.1,21666668.794005565,0.5,1,2,0.27,0.3,3000,3000,1,0.7755102040816326,0.8,0.5,0.5,1,False,False,False,True,1e-07,0.9,-1.6666668333333334
0.2697597167604092,0.03578143555554717,8.331968062674454,0.882469229473852,0.019226409043669374,0.7692307692307692,3,1,0.1,21666668.794005565,0.5,1,2,0.27,0.3,3000,3000,1,0.8061224489795918,0.8,0.5,0.5,1,False,False,False,True,1e-07,0.9,-1.6666668333333334
0.2812244192687288,0.037053951303627944,8.338222027040809,0.8736010620328963,0.017270475630129227,0.7692307692307692,3,1,0.1,21666668.794005565,0.5,1,2,0.27,0.3,3000,3000,1,0.8367346938775511,0.8,0.5,0.5,1,False,False,False,True,1e-07,0.9,-1.6666668333333334
0.2923573972242143,0.038272867248448125,8.348287329545302,0.8650152201878876,0.015395637312584112,0.7692307692307692,3,1,0.1,21666668.794005565,0.5,1,2,0.27,0.3,3000,3000,1,0.8673469387755102,0.8,0.5,0.5,1,False,False,False,True,1e-07,0.9,-1.6666668333333334
0.30315183685879443,0.03943920345771909,8.362236831067154,0.8567140869065692,0.013600444846962684,0.7692307692307692,3,1,0.1,21666668.794005565,0.5,1,2,0.27,0.3,3000,3000,1,0.8979591836734694,0.8,0.5,0.5,1,False,False,False,True,1e-07,0.9,-1.6666668333333334
0.313603927266604,0.04055424219926998,8.38012915882798,0.8486978359724312,0.011883041521607154,0.7692307692307692,3,1,0.1,21666668.794005565,0.5,1,2,0.27,0.3,3000,3000,1,0.9285714285714286,0.8,0.5,0.5,1,False,False,False,True,1e-07,0.9,-1.6666668333333334
0.32371244968868984,0.04161946521673983,8.40201030997712,0.8409647803714123,0.010241258351548035,0.7692307692307692,3,1,0.1,21666668.794005565,0.5,1,2,0.27,0.3,3000,3000,1,0.9591836734693877,0.8,0.5,0.5,1,False,False,False,True,1e-07,0.9,-1.6666668333333334
0.3334784012346794,0.04263650047951469,8.427915157909478,0.83351168432145,0.008672695104841161,0.7692307692307692,3,1,0.1,21666668.794005565,0.5,1,2,0.27,0.3,3000,3000,1,0.9897959183673469,0.8,0.5,0.5,1,False,False,False,True,1e-07,0.9,-1.6666668333333334
0.3429046535193361,0.043607077449145035,8.45786885069105,0.8263340401877611,0.007174788562649295,0.7692307692307692,3,1,0.1,21666668.794005565,0.5,1,2,0.27,0.3,3000,3000,1,1.0204081632653061,0.8,0.5,0.5,1,False,False,False,True,1e-07,0.9,-1.6666668333333334
0.3519956456897494,0.04453298989379571,8.491888095997695,0.8194263121838088,0.0057448694380830174,0.7692307692307692,3,1,0.1,21666668.794005565,0.5,1,2,0.27,0.3,3000,3000,1,1.0510204081632653,0.8,0.5,0.5,1,False,False,False,True,1e-07,0.9,-1.6666668333333334
0.36075711058820525,0.04541606531187442,8.529982330968734,0.8127821491731253,0.004380209341032434,0.7692307692307692,3,1,0.1,21666668.794005565,0.5,1,2,0.27,0.3,3000,3000,1,1.0816326530612246,0.8,0.5,0.5,1,False,False,False,True,1e-07,0.9,-1.6666668333333334
0.36919583228932706,0.04625814008172072,8.5721547784728,0.8063945691174741,0.003078059098310454,0.7692307692307692,3,1,0.1,21666668.794005565,0.5,1,2,0.27,0.3,3000,3000,1,1.1122448979591837,0.8,0.5,0.5,1,False,False,False,True,1e-07,0.9,-1.6666668333333334
0.3773194329229504,0.04706103952544189,8.618403393581605,0.8002561178021859,0.0018356796365702433,0.7692307692307692,3,1,0.1,21666668.794005565,0.5,1,2,0.27,0.3,3000,3000,1,1.1428571428571428,0.8,0.5,0.5,1,False,False,False,True,1e-07,0.9,-1.6666668333333334
0.3851361865105158,0.047826562153691174,8.668721705703478,0.794359004454759,0.0006503665213611781,0.7692307692307692,3,1,0.1,21666668.794005565,0.5,1,2,0.27,0.3,3000,3000,1,1.1734693877551021,0.8,0.5,0.5,1,False,False,False,True,1e-07,0.9,-1.6666668333333334
0.3926548574672982,0.04855646743884171,8.723099562929264,0.7886952167823853,-0.0004805308720257917,0.7692307692307692,3,1,0.1,21666668.794005565,0.5,1,2,0.27,0.3,3000,3000,1,1.2040816326530612,0.8,0.5,0.5,1,False,False,False,True,1e-07,0.9,-1.6666668333333334
0.39988456143023854,0.04925246654277784,8.781523785810265,0.7832566178160185,-0.0015595946958377608,0.7692307692307692,3,1,0.1,21666668.794005565,0.5,1,2,0.27,0.3,3000,3000,1,1.2346938775510203,0.8,0.5,0.5,1,False,False,False,True,1e-07,0.9,-1.6666668333333334
0.40683464613730963,0.049916215499888394,8.843978738106829,0.778035026779988,-0.00258932772486437,0.7692307692307692,3,1,0.1,21666668.794005565,0.5,1,2,0.27,0.3,3000,3000,1,1.2653061224489797,0.8,0.5,0.5,1,False,False,False,True,1e-07,0.9,-1.6666668333333334
0.41351459019201003,0.050549310424464255,8.910446822097597,0.7730222860217382,-0.003572145560169474,0.7692307692307692,3,1,0.1,21666668.794005565,0.5,1,2,0.27,0.3,3000,3000,1,1.2959183673469388,0.8,0.5,0.5,1,False,False,False,True,1e-07,0.9,-1.6666668333333334
0.4199339176812543,0.05115328437373671,8.980908905891837,0.7682103158465933,-0.004510371384675873,0.7692307692307692,3,1,0.1,21666668.794005565,0.5,1,2,0.27,0.3,3000,3000,1,1.3265306122448979,0.8,0.5,0.5,1,False,False,False,True,1e-07,0.9,-1.6666668333333334
0.4261021267647688,0.05172960555313493,9.055344689892435,0.7635911589145123,-0.005406232796044917,0.7692307692307692,3,1,0.1,21666668.794005565,0.5,1,2,0.27,0.3,3000,3000,1,1.3571428571428572,0.8,0.5,0.5,1,False,False,False,True,1e-07,0.9,-1.6666668333333334
0.4320286305117685,0.052279676599070166,9.133733019166483,0.7591570156755524,-0.0062618603150423205,0.7692307692307692,3,1,0.1,21666668.794005565,0.5,1,2,0.27,0.3,3000,3000,1,1.3877551020408163,0.8,0.5,0.5,1,False,False,False,True,1e-07,0.9,-1.6666668333333334
0.43772270841841676,0.052804834717066915,9.21605214802182,0.7549002721504443,-0.007079287231155595,0.7692307692307692,3,1,0.1,21666668.794005565,0.5,1,2,0.27,0.3,3000,3000,1,1.4183673469387754,0.8,0.5,0.5,1,False,False,False,True,1e-07,0.9,-1.6666668333333334
0.4431934671945485,0.05330635248980483,9.302279962596183,0.7508135212054725,-0.007860450502379835,0.7692307692307692,3,1,0.1,21666668.794005565,0.5,1,2,0.27,0.3,3000,3000,1,1.4489795918367347,0.8,0.5,0.5,1,False,False,False,True,1e-07,0.9,-1.6666668333333334
0.448449809555845,0.0537854392011967,9.392394166767682,0.7468895783271506,-0.008607192473526037,0.7692307692307692,3,1,0.1,21666668.794005565,0.5,1,2,0.27,0.3,3000,3000,1,1.4795918367346939,0.8,0.5,0.5,1,False,False,False,True,1e-07,0.9,-1.6666668333333334
0.4535004098962936,0.05424324254953357,9.48637243618286,0.7431214927714157,-0.009321263217983582,0.7692307692307692,3,1,0.1,21666668.794005565,0.5,1,2,0.27,0.3,3000,3000,1,1.510204081632653,0.8,0.5,0.5,1,False,False,False,True,1e-07,0.9,-1.6666668333333334
0.4583536958454313,0.054680850645553475,9.584192544723662,0.7395025548460064,-0.01000432334237229,0.7692307692307692,3,1,0.1,21666668.794005565,0.5,1,2,0.27,0.3,3000,3000,1,1.5408163265306123,0.8,0.5,0.5,1,False,False,False,True,1e-07,0.9,-1.6666668333333334
0.463017834832386,0.05509929421055216,9.685832467261918,0.7360262999802242,-0.010657947122699817,0.7692307692307692,3,1,0.1,21666668.794005565,0.5,1,2,0.27,0.3,3000,3000,1,1.5714285714285714,0.8,0.5,0.5,1,False,False,False,True,1e-07,0.9,-1.6666668333333334
0.4675007248875941,0.055499548905821455,9.79127046212366,0.732686510145025,-0.011283625865220057,0.7692307692307692,3,1,0.1,21666668.794005565,0.5,1,2,0.27,0.3,3000,3000,1,1.6020408163265305,0.8,0.5,0.5,1,False,False,False,True,1e-07,0.9,-1.6666668333333334
0.47180998900937493,0.055882537738222486,9.900485136277407,0.7294772131051032,-0.011882771405782727,0.7692307692307692,3,1,0.1,21666668.794005565,0.5,1,2,0.27,0.3,3000,3000,1,1.6326530612244898,0.8,0.5,0.5,1,False,False,False,True,1e-07,0.9,-1.6666668333333334
0.47595297251033125,0.05624913349795213,10.013455495891748,0.7263926799142824,-0.012456719678667107,0.7692307692307692,3,1,0.1,21666668.794005565,0.5,1,2,0.27,0.3,3000,3000,1,1.663265306122449,0.8,0.5,0.5,1,False,False,False,True,1e-07,0.9,-1.6666668333333334
0.47993674283632626,0.056600161193894855,10.130160984577099,0.723427421003884,-0.013006734300178912,0.7692307692307692,3,1,0.1,21666668.794005565,0.5,1,2,0.27,0.3,3000,3000,1,1.693877551020408,0.8,0.5,0.5,1,False,False,False,True,1e-07,0.9,-1.6666668333333334
0.48376809141973587,0.05693640045963383,10.250581511316554,0.7205761811602962,-0.01353401012414203,0.7692307692307692,3,1,0.1,21666668.794005565,0.5,1,2,0.27,0.3,3000,3000,1,1.7244897959183674,0.8,0.5,0.5,1,False,False,False,True,1e-07,0.9,-1.6666668333333334
0.4874535371896709,0.05725858790953936,10.374697469823548,0.7178339336416433,-0.014039676736155214,0.7692307692307692,3,1,0.1,21666668.794005565,0.5,1,2,0.27,0.3,3000,3000,1,1.7551020408163265,0.8,0.5,0.5,1,False,False,False,True,1e-07,0.9,-1.6666668333333334
0.4909993314157285,0.05756741942950892,10.502489750822896,0.7151958736437866,-0.014524801861511462,0.7692307692307692,3,1,0.1,21666668.794005565,0.5,1,2,0.27,0.3,3000,3000,1,1.7857142857142856,0.8,0.5,0.5,1,False,False,False,True,1e-07,0.9,-1.6666668333333334
0.49441146360866733,0.05786355239115213,10.633939748536227,0.712657411291535,-0.014990394668209686,0.7692307692307692,3,1,0.1,21666668.794005565,0.5,1,2,0.27,0.3,3000,3000,1,1.816326530612245,0.8,0.5,0.5,1,False,False,False,True,1e-07,0.9,-1.6666668333333334
0.49769566824282585,0.05814760778160762,10.7690293624655,0.7102141643016106,-0.015437408951817272,0.7692307692307692,3,1,0.1,21666668.794005565,0.5,1,2,0.27,0.3,3000,3000,1,1.846938775510204,0.8,0.5,0.5,1,False,False,False,True,1e-07,0.9,-1.6666668333333334
0.5008574321003697,0.05842017224393663,10.907740995402953,0.7078619504387389,-0.0158667461932235,0.7692307692307692,3,1,0.1,21666668.794005565,0.5,1,2,0.27,0.3,3000,3000,1,1.8775510204081631,0.8,0.5,0.5,1,False,False,False,True,1e-07,0.9,-1.6666668333333334
0.5039020020692615,0.058681800025197496,11.050057548451484,0.7055967798649062,-0.01627925848379553,0.7692307692307692,3,1,0.1,21666668.794005565,0.5,1,2,0.27,0.3,3000,3000,1,1.9081632653061225,0.8,0.5,0.5,1,False,False,False,True,1e-07,0.9,-1.6666668333333334
0.5068343932531872,0.058933014831057305,11.195962413715984,0.7034148474637469,-0.016675751315171974,0.7692307692307692,3,1,0.1,21666668.794005565,0.5,1,2,0.27,0.3,3000,3000,1,1.9387755102040816,0.8,0.5,0.5,1,False,False,False,True,1e-07,0.9,-1.6666668333333334
0.5096593972751804,0.05917431158713592,11.345439465217327,0.7013125252062936,-0.01705698623311478,0.7692307692307692,3,1,0.1,21666668.794005565,0.5,1,2,0.27,0.3,3000,3000,1,1.9693877551020407,0.8,0.5,0.5,1,False,False,False,True,1e-07,0.9,-1.6666668333333334
0.5123815906768947,0.05940615810833173,11.498473048483023,0.6992863546115775,-0.017423683356519303,0.7692307692307692,3,1,0.1,21666668.794005565,0.5,1,2,0.27,0.3,3000,3000,1,2.0,0.8,0.5,0.5,1,False,False,False,True,1e-07,0.9,-1.6666668333333334
0.12209472325367861,0.01692749553158172,5.912818285687235,0.43547807217410583,0.012781456370077824,0.7692307692307692,3,1,0.1,43333337.58801113,1.0,1,2,0.27,0.3,3000,3000,1,0.5,0.8,1.0,1.0,1,False,False,False,True,1e-07,0.9,-3.333333666666667
0.1329073073202151,0.018342585371598087,5.850613659994057,0.4295768489098285,0.011680901453613673,0.7692307692307692,3,1,0.1,43333337.58801113,1.0,1,2,0.27,0.3,3000,3000,1,0.5306122448979592,0.8,1.0,1.0,1,False,False,False,True,1e-07,0.9,-3.333333666666667
0.14359831070083856,0.019729206241488082,5.790532039229137,0.42374205213706334,0.010602160771475858,0.7692307692307692,3,1,0.1,43333337.58801113,1.0,1,2,0.27,0.3,3000,3000,1,0.5612244897959183,0.8,1.0,1.0,1,False,False,False,True,1e-07,0.9,-3.333333666666667
0.15411944783053028,0.021081800052911607,5.7329742095551115,0.41799946495082707,0.009549552496983894,0.7692307692307692,3,1,0.1,43333337.58801113,1.0,1,2,0.27,0.3,3000,3000,1,0.5918367346938775,0.8,1.0,1.0,1,False,False,False,True,1e-07,0.9,-3.333333666666667
0.16443046020624574,0.0223960215895092,5.678281637465485,0.4123704816272892,0.008526454685591846,0.7692307692307692,3,1,0.1,43333337.58801113,1.0,1,2,0.27,0.3,3000,3000,1,0.6224489795918368,0.8,1.0,1.0,1,False,False,False,True,1e-07,0.9,-3.333333666666667
0.17449851619272072,0.02366860344778297,5.626740094157116,0.4068724541061363,0.0075354095084002575,0.7692307692307692,3,1,0.1,43333337.58801113,1.0,1,2,0.27,0.3,3000,3000,1,0.653061224489796,0.8,1.0,1.0,1,False,False,False,True,1e-07,0.9,-3.333333666666667
0.18429754234804488,0.024897219927502514,5.578583934104354,0.4015190722818862,0.006578228398891014,0.7692307692307692,3,1,0.1,43333337.58801113,1.0,1,2,0.27,0.3,3000,3000,1,0.6836734693877551,0.8,1.0,1.0,1,False,False,False,True,1e-07,0.9,-3.333333666666667
0.1938075235507925,0.026080355175938652,5.5340007529034025,0.3963207577421335,0.005656093999309105,0.7692307692307692,3,1,0.1,43333337.58801113,1.0,1,2,0.27,0.3,3000,3000,1,0.7142857142857143,0.8,1.0,1.0,1,False,False,False,True,1e-07,0.9,-3.333333666666667
0.2030138012722714,0.02721717923555937,5.493136199509988,0.39128505514357054,0.004769656070250419,0.7692307692307692,3,1,0.1,43333337.58801113,1.0,1,2,0.27,0.3,3000,3000,1,0.7448979591836735,0.8,1.0,1.0,1,False,False,False,True,1e-07,0.9,-3.333333666666667
0.21190639204305067,0.028307434277789596,5.456098766181843,0.386417009541738,0.003919119583290182,0.7692307692307692,3,1,0.1,43333337.58801113,1.0,1,2,0.27,0.3,3000,3000,1,0.7755102040816326,0.8,1.0,1.0,1,False,False,False,True,1e-07,0.9,-3.333333666666667
0.2204793417805847,0.029351332226782736,5.422964423358546,0.3817195215530473,0.0031043240509077454,0.7692307692307692,3,1,0.1,43333337.58801113,1.0,1,2,0.27,0.3,3000,3000,1,0.8061224489795918,0.8,1.0,1.0,1,False,False,False,True,1e-07,0.9,-3.333333666666667
0.228730126285976,0.030349464163683885,5.3937810050224115,0.37719367517983926,0.0023248137781204953,0.7692307692307692,3,1,0.1,43333337.58801113,1.0,1,2,0.27,0.3,3000,3000,1,0.8367346938775511,0.8,1.0,1.0,1,False,False,False,True,1e-07,0.9,-3.333333666666667
0.2366591038855383,0.03130272131775726,5.368572282300491,0.37283903548675246,0.001579899173529152,0.7692307692307692,3,1,0.1,43333337.58801113,1.0,1,2,0.27,0.3,3000,3000,1,0.8673469387755102,0.8,1.0,1.0,1,False,False,False,True,1e-07,0.9,-3.333333666666667
0.2442690228137031,0.03221222705567225,5.347341689181399,0.3686539151254563,0.0008687095648137379,0.7692307692307692,3,1,0.1,43333337.58801113,1.0,1,2,0.27,0.3,3000,3000,1,0.8979591836734694,0.8,1.0,1.0,1,False,False,False,True,1e-07,0.9,-3.333333666666667
0.25156458340094767,0.03307927903460485,5.330075684740521,0.3646356100410345,0.00019023815554636628,0.7692307692307692,3,1,0.1,43333337.58801113,1.0,1,2,0.27,0.3,3000,3000,1,0.9285714285714286,0.8,1.0,1.0,1,False,False,False,True,1e-07,0.9,-3.333333666666667
0.25855205331285713,0.03390530055282338,5.316746751768129,0.36078060562987924,-0.0004566201359397313,0.7692307692307692,3,1,0.1,43333337.58801113,1.0,1,2,0.27,0.3,3000,3000,1,0.9591836734693877,0.8,1.0,1.0,1,False,False,False,True,1e-07,0.9,-3.333333666666667
0.2652389328563052,0.03469180008249294,5.307316042948719,0.35708475523501065,-0.0010730371754086691,0.7692307692307692,3,1,0.1,43333337.58801113,1.0,1,2,0.27,0.3,3000,3000,1,0.9897959183673469,0.8,1.0,1.0,1,False,False,False,True,1e-07,0.9,-3.333333666666667
0.27163366660416477,0.03544033797855527,5.301735693473939,0.35354343322931486,-0.0016602256747205845,0.7692307692307692,3,1,0.1,43333337.58801113,1.0,1,2,0.27,0.3,3000,3000,1,1.0204081632653061,0.8,1.0,1.0,1,False,False,False,True,1e-07,0.9,-3.333333666666667
0.2777453971829365,0.03615249940505884,5.299950823887877,0.3501516651112072,-0.0022194180779122885,0.7692307692307692,3,1,0.1,43333337.58801113,1.0,1,2,0.27,0.3,3000,3000,1,1.0510204081632653,0.8,1.0,1.0,1,False,False,False,True,1e-07,0.9,-3.333333666666667
0.2835837569282699,0.03682987259124508,5.301901259691305,0.3469042370733472,-0.002751849586140066,0.7692307692307692,3,1,0.1,43333337.58801113,1.0,1,2,0.27,0.3,3000,3000,1,1.0816326530612246,0.8,1.0,1.0,1,False,False,False,True,1e-07,0.9,-3.333333666666667
0.2891586931616006,0.037474031612981865,5.3075229952922705,0.343795787440966,-0.00325874469992354,0.7692307692307692,3,1,0.1,43333337.58801113,1.0,1,2,0.27,0.3,3000,3000,1,1.1122448979591837,0.8,1.0,1.0,1,False,False,False,True,1e-07,0.9,-3.333333666666667
0.2944803230242543,0.038086522983032056,5.3167494297615105,0.3408208822516614,-0.00374130672443781,0.7692307692307692,3,1,0.1,43333337.58801113,1.0,1,2,0.27,0.3,3000,3000,1,1.1428571428571428,0.8,1.0,1.0,1,False,False,False,True,1e-07,0.9,-3.333333666666667
0.2995588140672182,0.038668855420715534,5.3295124008597465,0.33797407708012184,-0.004200709750514181,0.7692307692307692,3,1,0.1,43333337.58801113,1.0,1,2,0.27,0.3,3000,3000,1,1.1734693877551021,0.8,1.0,1.0,1,False,False,False,True,1e-07,0.9,-3.333333666666667
0.30440428710731504,0.0392224922544104,5.345743042266156,0.33524996702480053,-0.0046380926877746306,0.7692307692307692,3,1,0.1,43333337.58801113,1.0,1,2,0.27,0.3,3000,3000,1,1.2040816326530612,0.8,1.0,1.0,1,False,False,False,True,1e-07,0.9,-3.333333666666667
0.30902673819325643,0.03974884598695931,5.365372487059307,0.3326432265787118,-0.00505455498536285,0.7692307692307692,3,1,0.1,43333337.58801113,1.0,1,2,0.27,0.3,3000,3000,1,1.2346938775510203,0.8,1.0,1.0,1,False,False,False,True,1e-07,0.9,-3.333333666666667
0.3134359768606062,0.04024927462337693,5.388332438451533,0.3301486409139898,-0.005451153729218817,0.7692307692307692,3,1,0.1,43333337.58801113,1.0,1,2,0.27,0.3,3000,3000,1,1.2653061224489797,0.8,1.0,1.0,1,False,False,False,True,1e-07,0.9,-3.333333666666667
0.3176415781804655,0.04072507942193286,5.414555626681727,0.3277611299261701,-0.005828901852487686,0.7692307692307692,3,1,0.1,43333337.58801113,1.0,1,2,0.27,0.3,3000,3000,1,1.2959183673469388,0.8,1.0,1.0,1,False,False,False,True,1e-07,0.9,-3.333333666666667
0.3216528464135891,0.04117750378383562,5.443976168905488,0.3254757662121058,-0.006188767237515145,0.7692307692307692,3,1,0.1,43333337.58801113,1.0,1,2,0.27,0.3,3000,3000,1,1.3265306122448979,0.8,1.0,1.0,1,False,False,False,True,1e-07,0.9,-3.333333666666667
0.3254787883658421,0.04160773304375928,5.476529846956024,0.3232877879988765,-0.006531672524269483,0.7692307692307692,3,1,0.1,43333337.58801113,1.0,1,2,0.27,0.3,3000,3000,1,1.3571428571428572,0.8,1.0,1.0,1,False,False,False,True,1e-07,0.9,-3.333333666666667
0.32912809479891636,0.04201689496389747,5.5121543160059465,0.3211926078989488,-0.006858495471371551,0.7692307692307692,3,1,0.1,43333337.58801113,1.0,1,2,0.27,0.3,3000,3000,1,1.3877551020408163,0.8,1.0,1.0,1,False,False,False,True,1e-07,0.9,-3.333333666666667
0.33260912848199864,0.04240606076876062,5.55078925547075,0.319185818240704,-0.00717006974268042,0.7692307692307692,3,1,0.1,43333337.58801113,1.0,1,2,0.27,0.3,3000,3000,1,1.4183673469387754,0.8,1.0,1.0,1,False,False,False,True,1e-07,0.9,-3.333333666666667
0.33592991767602687,0.04277624658719671,5.5923764719625115,0.31726319361193134,-0.007467186015116509,0.7692307692307692,3,1,0.1,43333337.58801113,1.0,1,2,0.27,0.3,3000,3000,1,1.4489795918367347,0.8,1.0,1.0,1,False,False,False,True,1e-07,0.9,-3.333333666666667
0.33909815402327687,0.04312841519279781,5.636859962728794,0.3154206911562583,-0.00775059332255745,0.7692307692307692,3,1,0.1,43333337.58801113,1.0,1,2,0.27,0.3,3000,3000,1,1.4795918367346939,0.8,1.0,1.0,1,False,False,False,True,1e-07,0.9,-3.333333666666667
0.34212119397345864,0.043463477954511553,5.684185946791717,0.31365444907765216,-0.008021000566747375,0.7692307692307692,3,1,0.1,43333337.58801113,1.0,1,2,0.27,0.3,3000,3000,1,1.510204081632653,0.8,1.0,1.0,1,False,False,False,True,1e-07,0.9,-3.333333666666667
0.34500606301479564,0.04378229692654316,5.734302869928298,0.3119607837348069,-0.008279078139570215,0.7692307692307692,3,1,0.1,43333337.58801113,1.0,1,2,0.27,0.3,3000,3000,1,1.5408163265306123,0.8,1.0,1.0,1,False,False,False,True,1e-07,0.9,-3.333333666666667
0.3477594620972947,0.04408568702093686,5.787161388692675,0.31033618564424237,-0.0085254596122135,0.7692307692307692,3,1,0.1,43333337.58801113,1.0,1,2,0.27,0.3,3000,3000,1,1.5714285714285714,0.8,1.0,1.0,1,False,False,False,True,1e-07,0.9,-3.333333666666667
0.3503877757371195,0.04437441821806887,5.842714337863293,0.3087773146570127,-0.008760743455980293,0.7692307692307692,3,1,0.1,43333337.58801113,1.0,1,2,0.27,0.3,3000,3000,1,1.6020408163265305,0.8,1.0,1.0,1,False,False,False,True,1e-07,0.9,-3.333333666666667
0.35289708137810094,0.044649217780012906,5.900916684991423,0.30728099452806407,-0.008985494767117404,0.7692307692307692,3,1,0.1,43333337.58801113,1.0,1,2,0.27,0.3,3000,3000,1,1.6326530612244898,0.8,1.0,1.0,1,False,False,False,True,1e-07,0.9,-3.333333666666667
0.35529315966043573,0.04491077243972949,5.96172547511864,0.30584420705832116,-0.009200246974272915,0.7692307692307692,3,1,0.1,43333337.58801113,1.0,1,2,0.27,0.3,3000,3000,1,1.663265306122449,0.8,1.0,1.0,1,False,False,False,True,1e-07,0.9,-3.333333666666667
0.3575815053094481,0.04515973054552353,6.025099768209755,0.30446408595668667,-0.009405503512293252,0.7692307692307692,3,1,0.1,43333337.58801113,1.0,1,2,0.27,0.3,3000,3000,1,1.693877551020408,0.8,1.0,1.0,1,False,False,False,True,1e-07,0.9,-3.333333666666667
0.35976733841029657,0.045396704145511016,6.0910005714028,0.3031379105414116,-0.00960173945021262,0.7692307692307692,3,1,0.1,43333337.58801113,1.0,1,2,0.27,0.3,3000,3000,1,1.7244897959183674,0.8,1.0,1.0,1,False,False,False,True,1e-07,0.9,-3.333333666666667
0.36185561587914145,0.04562227100108099,6.1593907678005895,0.30186309937706723,-0.009789403064646145,0.7692307692307692,3,1,0.1,43333337.58801113,1.0,1,2,0.27,0.3,3000,3000,1,1.7551020408163265,0.8,1.0,1.0,1,False,False,False,True,1e-07,0.9,-3.333333666666667
0.3638510429787568,0.04583697652178438,6.230235043207691,0.30063720392385174,-0.009968917352482466,0.7692307692307692,3,1,0.1,43333337.58801113,1.0,1,2,0.27,0.3,3000,3000,1,1.7857142857142856,0.8,1.0,1.0,1,False,False,False,True,1e-07,0.9,-3.333333666666667
0.3657580847577916,0.046041335616789046,6.303499811947873,0.2994579022598088,-0.010140681478932547,0.7692307692307692,3,1,0.1,43333337.58801113,1.0,1,2,0.27,0.3,3000,3000,1,1.816326530612245,0.8,1.0,1.0,1,False,False,False,True,1e-07,0.9,-3.333333666666667
0.36758097731887185,0.04623583446021265,6.37915314267094,0.2983229929229826,-0.010305072158696011,0.7692307692307692,3,1,0.1,43333337.58801113,1.0,1,2,0.27,0.3,3000,3000,1,1.846938775510204,0.8,1.0,1.0,1,False,False,False,True,1e-07,0.9,-3.333333666666667
0.36932373884249226,0.0464209321693361,6.457164684867556,0.2972303889095052,-0.010462444969345269,0.7692307692307692,3,1,0.1,43333337.58801113,1.0,1,2,0.27,0.3,3000,3000,1,1.8775510204081631,0.8,1.0,1.0,1,False,False,False,True,1e-07,0.9,-3.333333666666667
0.3709901803112809,0.04659706239600607,6.537505596654539,0.296178111854336,-0.010613135597073105,0.7692307692307692,3,1,0.1,43333337.58801113,1.0,1,2,0.27,0.3,3000,3000,1,1.9081632653061225,0.8,1.0,1.0,1,False,False,False,True,1e-07,0.9,-3.333333666666667
0.37258391589404627,0.0467646348325471,6.6201484742602945,0.29516428641390624,-0.010757461015747425,0.7692307692307692,3,1,0.1,43333337.58801113,1.0,1,2,0.27,0.3,3000,3000,1,1.9387755102040816,0.8,1.0,1.0,1,False,False,False,True,1e-07,0.9,-3.333333666666667
0.37410837296090216,0.04692403663424513,6.705067283534206,0.29418713486375603,-0.010895720600817664,0.7692307692307692,3,1,0.1,43333337.58801113,1.0,1,2,0.27,0.3,3000,3000,1,1.9693877551020407,0.8,1.0,1.0,1,False,False,False,True,1e-07,0.9,-3.333333666666667
0.3755668017105745,0.04707563376102443,6.792237293713293,0.2932449719192701,-0.01102819718006097,0.7692307692307692,3,1,0.1,43333337.58801113,1.0,1,2,0.27,0.3,3000,3000,1,2.0,0.8,1.0,1.0,1,False,False,False,True,1e-07,0.9,-3.333333666666667
0.11127942044555078,0.010445800286633545,3.8135196102937288,0.19942266049370103,0.0032552447005357327,0.7692307692307692,3,1,0.1,86666675.17602226,2.0,1,2,0.27,0.3,3000,3000,1,0.5,0.8,2.0,2.0,1,False,False,False,True,1e-07,0.9,-6.666667333333334
0.12052492001426374,0.01129671116448308,3.749265484024425,0.19620108206012335,0.0029160481009498224,0.7692307692307692,3,1,0.1,86666675.17602226,2.0,1,2,0.27,0.3,3000,3000,1,0.5306122448979592,0.8,2.0,2.0,1,False,False,False,True,1e-07,0.9,-6.666667333333334
0.12957573654191448,0.012127384470032044,3.687742992878276,0.19304584356020024,0.0025849081622655087,0.7692307692307692,3,1,0.1,86666675.17602226,2.0,1,2,0.27,0.3,3000,3000,1,0.5612244897959183,0.8,2.0,2.0,1,False,False,False,True,1e-07,0.9,-6.666667333333334
0.1383960265062842,0.012934723109906475,3.6292759855610317,0.18996929103499965,0.0022630419388710143,0.7692307692307692,3,1,0.1,86666675.17602226,2.0,1,2,0.27,0.3,3000,3000,1,0.5918367346938775,0.8,2.0,2.0,1,False,False,False,True,1e-07,0.9,-6.666667333333334
0.1469579381628391,0.013716379115276749,3.574118154556491,0.18698099913523417,0.0019513666089989497,0.7692307692307692,3,1,0.1,86666675.17602226,2.0,1,2,0.27,0.3,3000,3000,1,0.6224489795918368,0.8,2.0,2.0,1,False,False,False,True,1e-07,0.9,-6.666667333333334
0.15524069615239733,0.014470657979653936,3.5224608404860858,0.18408809064599968,0.0016505380609395486,0.7692307692307692,3,1,0.1,86666675.17602226,2.0,1,2,0.27,0.3,3000,3000,1,0.653061224489796,0.8,2.0,2.0,1,False,False,False,True,1e-07,0.9,-6.666667333333334
0.16322968678888394,0.015196425725725762,3.474440871165738,0.18129555547263032,0.0013609883524829322,0.7692307692307692,3,1,0.1,86666675.17602226,2.0,1,2,0.27,0.3,3000,3000,1,0.6836734693877551,0.8,2.0,2.0,1,False,False,False,True,1e-07,0.9,-6.666667333333334
0.17091557799600499,0.015893021591804512,3.430148135801988,0.17860655729027436,0.001082960883370154,0.7692307692307692,3,1,0.1,86666675.17602226,2.0,1,2,0.27,0.3,3000,3000,1,0.7142857142857143,0.8,2.0,2.0,1,False,False,False,True,1e-07,0.9,-6.666667333333334
0.17829349677089268,0.016560178116171644,3.3896326905242478,0.17602271992645768,0.0008165425680166146,0.7692307692307692,3,1,0.1,86666675.17602226,2.0,1,2,0.27,0.3,3000,3000,1,0.7448979591836735,0.8,2.0,2.0,1,False,False,False,True,1e-07,0.9,-6.666667333333334
0.18536227801754857,0.017197949530878266,3.3529112699384602,0.17354438869387606,0.0005616926444393135,0.7692307692307692,3,1,0.1,86666675.17602226,2.0,1,2,0.27,0.3,3000,3000,1,0.7755102040816326,0.8,2.0,2.0,1,False,False,False,True,1e-07,0.9,-6.666667333333334
0.19212379156410858,0.017806648733654423,3.3199731408115984,0.17117086433767797,0.0003182680139431054,0.7692307692307692,3,1,0.1,86666675.17602226,2.0,1,2,0.27,0.3,3000,3000,1,0.8061224489795918,0.8,2.0,2.0,1,False,False,False,True,1e-07,0.9,-6.666667333333334
0.19858234895759175,0.0183867926546489,3.290785279897018,0.16890060907719254,8.604518786772299e-05,0.7692307692307692,3,1,0.1,86666675.17602226,2.0,1,2,0.27,0.3,3000,3000,1,0.8367346938775511,0.8,2.0,2.0,1,False,False,False,True,1e-07,0.9,-6.666667333333334
0.204744187947517,0.018939055537595114,3.2652968905033886,0.16673142550093392,-0.00013526096285708042,0.7692307692307692,3,1,0.1,86666675.17602226,2.0,1,2,0.27,0.3,3000,3000,1,0.8673469387755102,0.8,2.0,2.0,1,False,False,False,True,1e-07,0.9,-6.666667333333334
0.2106170301362129,0.01946422947785487,3.2434432941292433,0.16466060991752107,-0.00034598138846181174,0.7692307692307692,3,1,0.1,86666675.17602226,2.0,1,2,0.27,0.3,3000,3000,1,0.8979591836734694,0.8,2.0,2.0,1,False,False,False,True,1e-07,0.9,-6.666667333333334
0.21620970581264498,0.019963191471814575,3.2251492466781375,0.16268508226960798,-0.0005464796692753859,0.7692307692307692,3,1,0.1,86666675.17602226,2.0,1,2,0.27,0.3,3000,3000,1,0.9285714285714286,0.8,2.0,2.0,1,False,False,False,True,1e-07,0.9,-6.666667333333334
0.2215318392545727,0.020436876207561537,3.2103317355449748,0.16080149496912086,-0.0007371411410290324,0.7692307692307692,3,1,0.1,86666675.17602226,2.0,1,2,0.27,0.3,3000,3000,1,0.9591836734693877,0.8,2.0,2.0,1,False,False,False,True,1e-07,0.9,-6.666667333333334
0.2265935875754485,0.020886253845094602,3.1989023159959915,0.15900632308078647,-0.0009183640322748144,0.7692307692307692,3,1,0.1,86666675.17602226,2.0,1,2,0.27,0.3,3000,3000,1,0.9897959183673469,0.8,2.0,2.0,1,False,False,False,True,1e-07,0.9,-6.666667333333334
0.23140542634373087,0.02131231207975068,3.19076904420462,0.1572959382251058,-0.0010905523281408147,0.7692307692307692,3,1,0.1,86666675.17602226,2.0,1,2,0.27,0.3,3000,3000,1,1.0204081632653061,0.8,2.0,2.0,1,False,False,False,True,1e-07,0.9,-6.666667333333334
0.23597797558466133,0.021716041843385162,3.185838061172306,0.1556666684357586,-0.0012541100993327062,0.7692307692307692,3,1,0.1,86666675.17602226,2.0,1,2,0.27,0.3,3000,3000,1,1.0510204081632653,0.8,2.0,2.0,1,False,False,False,True,1e-07,0.9,-6.666667333333334
0.2403218602929169,0.022098426065800408,3.1840148774129355,0.15411484602353115,-0.001409437062823123,0.7692307692307692,3,1,0.1,86666675.17602226,2.0,1,2,0.27,0.3,3000,3000,1,1.0816326530612246,0.8,2.0,2.0,1,False,False,False,True,1e-07,0.9,-6.666667333333334
0.24444760016902078,0.02246043098826924,3.1852054033263437,0.15263684529321592,-0.0015569251687570698,0.7692307692307692,3,1,0.1,86666675.17602226,2.0,1,2,0.27,0.3,3000,3000,1,1.1122448979591837,0.8,2.0,2.0,1,False,False,False,True,1e-07,0.9,-6.666667333333334
0.24836552389484318,0.022802999588021972,3.189316765066297,0.1512291117485544,-0.0016969560352467963,0.7692307692307692,3,1,0.1,86666675.17602226,2.0,1,2,0.27,0.3,3000,3000,1,1.1428571428571428,0.8,2.0,2.0,1,False,False,False,True,1e-07,0.9,-6.666667333333334
0.2520857038512959,0.023127046735053898,3.196257940706868,0.14988818421417183,-0.0018298990780170055,0.7692307692307692,3,1,0.1,86666675.17602226,2.0,1,2,0.27,0.3,3000,3000,1,1.1734693877551021,0.8,2.0,2.0,1,False,False,False,True,1e-07,0.9,-6.666667333333334
0.25561790773455645,0.023433455759303275,3.2059402468125118,0.1486107111098388,-0.001956110204825839,0.7692307692307692,3,1,0.1,86666675.17602226,2.0,1,2,0.27,0.3,3000,3000,1,1.2040816326530612,0.8,2.0,2.0,1,False,False,False,True,1e-07,0.9,-6.666667333333334
0.2589715640340613,0.02372307615673453,3.2182777012197796,0.14739346193501104,-0.002075930965016312,0.7692307692307692,3,1,0.1,86666675.17602226,2.0,1,2,0.27,0.3,3000,3000,1,1.2346938775510203,0.8,2.0,2.0,1,False,False,False,True,1e-07,0.9,-6.666667333333334
0.2621557387909704,0.023996722207080913,3.233187283990356,0.146233334862384,-0.002189688062459722,0.7692307692307692,3,1,0.1,86666675.17602226,2.0,1,2,0.27,0.3,3000,3000,1,1.2653061224489797,0.8,2.0,2.0,1,False,False,False,True,1e-07,0.9,-6.666667333333334
0.2651791214587511,0.024255172314276104,3.2505891151022253,0.14512736119844794,-0.0022976931556475417,0.7692307692307692,3,1,0.1,86666675.17602226,2.0,1,2,0.27,0.3,3000,3000,1,1.2959183673469388,0.8,2.0,2.0,1,False,False,False,True,1e-07,0.9,-6.666667333333334
0.2680500180394413,0.02449916891339335,3.2704065644936566,0.144072707346113,-0.00240024288196407,0.7692307692307692,3,1,0.1,86666675.17602226,2.0,1,2,0.27,0.3,3000,3000,1,1.3265306122448979,0.8,2.0,2.0,1,False,False,False,True,1e-07,0.9,-6.666667333333334
0.27077634997353894,0.024729418815764757,3.292566307529945,0.14306667479825316,-0.0024976190544435083,0.7692307692307692,3,1,0.1,86666675.17602226,2.0,1,2,0.27,0.3,3000,3000,1,1.3571428571428572,0.8,2.0,2.0,1,False,False,False,True,1e-07,0.9,-6.666667333333334
0.2733656575223983,0.02494659388742603,3.316998336790148,0.14210669860005443,-0.002590088988825099,0.7692307692307692,3,1,0.1,86666675.17602226,2.0,1,2,0.27,0.3,3000,3000,1,1.3877551020408163,0.8,2.0,2.0,1,False,False,False,True,1e-07,0.9,-6.666667333333334
0.27582510660391873,0.02515133197572128,3.3436359392232635,0.14119034464053695,-0.002677905926679776,0.7692307692307692,3,1,0.1,86666675.17602226,2.0,1,2,0.27,0.3,3000,3000,1,1.4183673469387754,0.8,2.0,2.0,1,False,False,False,True,1e-07,0.9,-6.666667333333334
0.27816149823013936,0.025344238015287394,3.372415646167964,0.14031530606829049,-0.002761309527018828,0.7692307692307692,3,1,0.1,86666675.17602226,2.0,1,2,0.27,0.3,3000,3000,1,1.4489795918367347,0.8,2.0,2.0,1,False,False,False,True,1e-07,0.9,-6.666667333333334
0.2803812798533094,0.025525885258234578,3.4032771624179694,0.13947939907140555,-0.002840526404294254,0.7692307692307692,3,1,0.1,86666675.17602226,2.0,1,2,0.27,0.3,3000,3000,1,1.4795918367346939,0.8,2.0,2.0,1,False,False,False,True,1e-07,0.9,-6.666667333333334
0.282490558058636,0.025696816584562028,3.436163279418655,0.1386805582155844,-0.002915770695233709,0.7692307692307692,3,1,0.1,86666675.17602226,2.0,1,2,0.27,0.3,3000,3000,1,1.510204081632653,0.8,2.0,2.0,1,False,False,False,True,1e-07,0.9,-6.666667333333334
0.28449511215244355,0.02585754585805255,3.471019776764076,0.13791683149618905,-0.0029872446406826753,0.7692307692307692,3,1,0.1,86666675.17602226,2.0,1,2,0.27,0.3,3000,3000,1,1.5408163265306123,0.8,2.0,2.0,1,False,False,False,True,1e-07,0.9,-6.666667333333334
0.2864004082851074,0.026008559300443566,3.507795315399476,0.1371863752282088,-0.003055139171668884,0.7692307692307692,3,1,0.1,86666675.17602226,2.0,1,2,0.27,0.3,3000,3000,1,1.5714285714285714,0.8,2.0,2.0,1,False,False,False,True,1e-07,0.9,-6.666667333333334
0.28821161382366645,0.02615031686281219,3.5464413252988125,0.1364874488719885,-0.0031196344913846045,0.7692307692307692,3,1,0.1,86666675.17602226,2.0,1,2,0.27,0.3,3000,3000,1,1.6020408163265305,0.8,2.0,2.0,1,False,False,False,True,1e-07,0.9,-6.666667333333334
0.2899336117507641,0.02628325357809423,3.5869118898592594,0.13581840987104607,-0.003180900646794384,0.7692307692307692,3,1,0.1,86666675.17602226,2.0,1,2,0.27,0.3,3000,3000,1,1.6326530612244898,0.8,2.0,2.0,1,False,False,False,True,1e-07,0.9,-6.666667333333334
0.29157101491717846,0.026407780882685507,3.6291636288166043,0.13517770856070163,-0.003239098085194762,0.7692307692307692,3,1,0.1,86666675.17602226,2.0,1,2,0.27,0.3,3000,3000,1,1.663265306122449,0.8,2.0,2.0,1,False,False,False,True,1e-07,0.9,-6.666667333333334
0.29312818001656815,0.02652428789831824,3.673155581122684,0.13456388319192056,-0.0032943781923530507,0.7692307692307692,3,1,0.1,86666675.17602226,2.0,1,2,0.27,0.3,3000,3000,1,1.693877551020408,0.8,2.0,2.0,1,False,False,False,True,1e-07,0.9,-6.666667333333334
0.29460922118445604,0.026633142667981342,3.7188490889263486,0.13397555510314957,-0.0033468838098935413,0.7692307692307692,3,1,0.1,86666675.17602226,2.0,1,2,0.27,0.3,3000,3000,1,1.7244897959183674,0.8,2.0,2.0,1,False,False,False,True,1e-07,0.9,-6.666667333333334
0.2960180231505579,0.026734693341718158,3.766207683550782,0.13341142406355067,-0.0033967497304189798,0.7692307692307692,3,1,0.1,86666675.17602226,2.0,1,2,0.27,0.3,3000,3000,1,1.7551020408163265,0.8,2.0,2.0,1,False,False,False,True,1e-07,0.9,-6.666667333333334
0.29735825389523896,0.026829269309758666,3.815196974155921,0.13287026380353198,-0.003444103169505443,0.7692307692307692,3,1,0.1,86666675.17602226,2.0,1,2,0.27,0.3,3000,3000,1,1.7857142857142856,0.8,2.0,2.0,1,False,False,False,True,1e-07,0.9,-6.666667333333334
0.2986333767782409,0.026917182281713817,3.8657845396063073,0.1323509177424877,-0.003489064214210835,0.7692307692307692,3,1,0.1,86666675.17602226,2.0,1,2,0.27,0.3,3000,3000,1,1.816326530612245,0.8,2.0,2.0,1,False,False,False,True,1e-07,0.9,-6.666667333333334
0.29984666212147043,0.026998727311542847,3.917939823926048,0.13185229491893974,-0.003531746248129148,0.7692307692307692,3,1,0.1,86666675.17602226,2.0,1,2,0.27,0.3,3000,3000,1,1.846938775510204,0.8,2.0,2.0,1,False,False,False,True,1e-07,0.9,-6.666667333333334
0.3010011982384571,0.027074183768760626,3.9716340356096045,0.13137336612456502,-0.003572256353315888,0.7692307692307692,3,1,0.1,86666675.17602226,2.0,1,2,0.27,0.3,3000,3000,1,1.8775510204081631,0.8,2.0,2.0,1,False,False,False,True,1e-07,0.9,-6.666667333333334
0.3020999019114183,0.027143816256919834,4.026840050964673,0.13091316024074515,-0.0036106956896322737,0.7692307692307692,3,1,0.1,86666675.17602226,2.0,1,2,0.27,0.3,3000,3000,1,1.9081632653061225,0.8,2.0,2.0,1,False,False,False,True,1e-07,0.9,-6.666667333333334
0.30314552832327957,0.027207875480822652,4.08353232158807,0.13047076077408334,-0.0036471598522154706,0.7692307692307692,3,1,0.1,86666675.17602226,2.0,1,2,0.27,0.3,3000,3000,1,1.9387755102040816,0.8,2.0,2.0,1,False,False,False,True,1e-07,0.9,-6.666667333333334
0.3041406804568258,0.02726659906421222,4.141686786015586,0.13004530258572133,-0.0036817392078946597,0.7692307692307692,3,1,0.1,86666675.17602226,2.0,1,2,0.27,0.3,3000,3000,1,1.9693877551020407,0.8,2.0,2.0,1,False,False,False,True,1e-07,0.9,-6.666667333333334
0.305087817976702,0.027320212319902254,4.201280785537483,0.1296359688080889,-0.003714519211448839,0.7692307692307692,3,1,0.1,86666675.17602226,2.0,1,2,0.27,0.3,3000,3000,1,2.0,0.8,2.0,2.0,1,False,False,False,True,1e-07,0.9,-6.666667333333334
